file_number,commissioning_batch_no,file_indexing_id,matched_column,file_title,plot_no,location,status
CON-RES-2026-1322,BATCH-20260624-1782301760,144876,file_number,"ALHASSAN ABDULKADIR DANTATA","Piece Of Land","PIECE OF LAND , KUMBOTSO",found
CON-RES-2026-1323,BATCH-20260624-1782301760,144877,file_number,"ALHASSAN ABDULKADIR DANTATA",,,found
CON-RES-2026-1324,BATCH-20260624-1782301760,144878,file_number,"ALHASSAN ABDULKADIR DANTATA",,,found
CON-RES-2026-1325,BATCH-20260624-1782301760,144879,file_number,"ALHASSAN ABDULKADIR DANTATA",,,found
CON-RES-2026-1326,BATCH-20260624-1782301760,144880,file_number,"ALHASSAN ABDULKADIR DANTATA",,,found
CON-RES-2026-1327,BATCH-20260624-1782301760,144881,file_number,"ALHASSAN ABDULKADIR DANTATA",,,found
CON-RES-2026-1328,BATCH-20260624-1782301760,144882,file_number,"ALHASSAN ABDULKADIR DANTATA",,,found
CON-RES-2026-1329,BATCH-20260624-1782301760,144883,file_number,"ALHASSAN ABDULKADIR DANTATA",,,found
CON-RES-2026-1330,BATCH-20260624-1782301760,144884,file_number,"ALHASSAN ABDULKADIR DANTATA",,,found
CON-RES-2026-1331,BATCH-20260624-1782301760,144885,file_number,"ALHASSAN ABDULKADIR DANTATA",,,found
CON-RES-2026-1332,BATCH-20260624-1782301760,144886,file_number,"ALHASSAN ABDULKADIR DANTATA",,,found
CON-RES-2026-1333,BATCH-20260624-1782301760,144887,file_number,"ALHASSAN ABDULKADIR DANTATA",,,found
CON-RES-2026-1334,BATCH-20260624-1782301760,144888,file_number,"ALHASSAN ABDULKADIR DANTATA",,,found
CON-RES-2026-1335,BATCH-20260624-1782301760,144889,file_number,"ALHASSAN ABDULKADIR DANTATA",,,found
CON-RES-2026-1336,BATCH-20260624-1782301760,144890,file_number,"ALHASSAN ABDULKADIR DANTATA",,,found
CON-RES-2026-1337,BATCH-20260624-1782301760,144891,file_number,"ALHASSAN ABDULKADIR DANTATA",,,found
CON-RES-2026-1338,BATCH-20260624-1782301760,144892,file_number,"ALHASSAN ABDULKADIR DANTATA",,,found
CON-RES-2026-1339,BATCH-20260624-1782301760,144893,file_number,"ALHASSAN ABDULKADIR DANTATA",,,found
CON-RES-2026-1340,BATCH-20260624-1782301760,144894,file_number,"ALHASSAN ABDULKADIR DANTATA",,,found
CON-RES-2026-1341,BATCH-20260624-1782301760,144895,file_number,"ALHASSAN ABDULKADIR DANTATA",,,found
CON-RES-2026-1342,BATCH-20260624-1782301760,144896,file_number,"ALHASSAN ABDULKADIR DANTATA",,,found
CON-RES-2026-1343,BATCH-20260624-1782301760,144897,file_number,"ALHASSAN ABDULKADIR DANTATA",,,found
CON-RES-2026-1344,BATCH-20260624-1782301760,144898,file_number,"ALHASSAN ABDULKADIR DANTATA",,,found
CON-RES-2026-1345,BATCH-20260624-1782301760,144899,file_number,"ALHASSAN ABDULKADIR DANTATA",,,found
CON-RES-2026-1346,BATCH-20260624-1782301760,144900,file_number,"ALHASSAN ABDULKADIR DANTATA",,,found
CON-RES-2026-1347,BATCH-20260624-1782301760,144901,file_number,"ALHASSAN ABDULKADIR DANTATA",,,found
CON-RES-2026-1348,BATCH-20260624-1782301760,144902,file_number,"ALHASSAN ABDULKADIR DANTATA",,,found
CON-RES-2026-1349,BATCH-20260624-1782301760,144903,file_number,"ALHASSAN ABDULKADIR DANTATA",,,found
CON-RES-2026-1350,BATCH-20260624-1782301760,144904,file_number,"ALHASSAN ABDULKADIR DANTATA",,,found
CON-RES-2026-1351,BATCH-20260624-1782301760,144905,file_number,"ALHASSAN ABDULKADIR DANTATA",,,found
CON-RES-2026-1352,BATCH-20260624-1782301760,144906,file_number,"ALHASSAN ABDULKADIR DANTATA",,,found
CON-RES-2026-1353,BATCH-20260624-1782301760,144907,file_number,"ALHASSAN ABDULKADIR DANTATA",,,found
CON-RES-2026-1354,BATCH-20260624-1782301760,144908,file_number,"ALHASSAN ABDULKADIR DANTATA",,,found
CON-RES-2026-1355,BATCH-20260624-1782301760,144909,file_number,"ALHASSAN ABDULKADIR DANTATA",,,found
CON-RES-2026-1356,BATCH-20260624-1782301760,144910,file_number,"ALHASSAN ABDULKADIR DANTATA",,,found
CON-RES-2026-1357,BATCH-20260624-1782301760,144911,file_number,"ALHASSAN ABDULKADIR DANTATA",,,found
CON-RES-2026-1358,BATCH-20260624-1782301760,144912,file_number,"ALHASSAN ABDULKADIR DANTATA",,,found
CON-RES-2026-1359,BATCH-20260624-1782301760,144913,file_number,"ALHASSAN ABDULKADIR DANTATA",,,found
CON-RES-2026-1360,BATCH-20260624-1782301760,144914,file_number,"ALHASSAN ABDULKADIR DANTATA",,,found
CON-RES-2026-1361,BATCH-20260624-1782301760,144915,file_number,"ALHASSAN ABDULKADIR DANTATA",,,found
CON-RES-2026-1362,BATCH-20260624-1782301760,144916,file_number,"ALHASSAN ABDULKADIR DANTATA",,,found
CON-RES-2026-1363,BATCH-20260624-1782301760,144917,file_number,"ALHASSAN ABDULKADIR DANTATA",,,found
CON-RES-2026-1364,BATCH-20260624-1782301760,144918,file_number,"ALHASSAN ABDULKADIR DANTATA",,,found
CON-RES-2026-1365,BATCH-20260624-1782301760,144919,file_number,"ALHASSAN ABDULKADIR DANTATA",,,found
CON-RES-2026-1366,BATCH-20260624-1782301760,144920,file_number,"ALHASSAN ABDULKADIR DANTATA",,,found
CON-RES-2026-1367,BATCH-20260624-1782301760,144921,file_number,"ALHASSAN ABDULKADIR DANTATA",,,found
CON-RES-2026-1368,BATCH-20260624-1782301760,144922,file_number,"ALHASSAN ABDULKADIR DANTATA",,,found
CON-RES-2026-1369,BATCH-20260624-1782301760,144923,file_number,"ALHASSAN ABDULKADIR DANTATA",,,found
CON-RES-2026-1370,BATCH-20260624-1782301760,144924,file_number,"ALHASSAN ABDULKADIR DANTATA",,,found
CON-RES-2026-1371,BATCH-20260624-1782301760,144925,file_number,"ALHASSAN ABDULKADIR DANTATA",,,found
CON-RES-2026-1372,BATCH-20260624-1782301760,144926,file_number,"ALHASSAN ABDULKADIR DANTATA",,,found
CON-RES-2026-1373,BATCH-20260624-1782301760,144927,file_number,"ALHASSAN ABDULKADIR DANTATA",,,found
CON-RES-2026-1374,BATCH-20260624-1782301760,144928,file_number,"ALHASSAN ABDULKADIR DANTATA",,,found
CON-RES-2026-1375,BATCH-20260624-1782301760,144929,file_number,"ALHASSAN ABDULKADIR DANTATA",,,found
CON-RES-2026-1376,BATCH-20260624-1782301760,144930,file_number,"ALHASSAN ABDULKADIR DANTATA",,,found
CON-RES-2026-1377,BATCH-20260624-1782301760,144931,file_number,"ALHASSAN ABDULKADIR DANTATA",,,found
CON-RES-2026-1378,BATCH-20260624-1782301760,144932,file_number,"ALHASSAN ABDULKADIR DANTATA",,,found
CON-RES-2026-1380,BATCH-20260624-1782301760,144933,file_number,"ALHASSAN ABDULKADIR DANTATA",,,found
CON-RES-2026-1381,BATCH-20260624-1782301760,144934,file_number,"ALHASSAN ABDULKADIR DANTATA",,,found
CON-RES-2026-1382,BATCH-20260624-1782301760,144935,file_number,"ALHASSAN ABDULKADIR DANTATA",,,found
CON-RES-2026-1383,BATCH-20260624-1782301760,144936,file_number,"ALHASSAN ABDULKADIR DANTATA",,,found
CON-RES-2026-1384,BATCH-20260624-1782301760,144937,file_number,"ALHASSAN ABDULKADIR DANTATA",,,found
CON-RES-2026-1385,BATCH-20260624-1782301760,144938,file_number,"ALHASSAN ABDULKADIR DANTATA",,,found
CON-RES-2026-1386,BATCH-20260624-1782301760,144939,file_number,"ALHASSAN ABDULKADIR DANTATA",,,found
CON-RES-2026-1387,BATCH-20260624-1782301760,144940,file_number,"ALHASSAN ABDULKADIR DANTATA",,,found
CON-RES-2026-1388,BATCH-20260624-1782301760,144941,file_number,"ALHASSAN ABDULKADIR DANTATA",,,found
CON-RES-2026-1389,BATCH-20260624-1782301760,144942,file_number,"ALHASSAN ABDULKADIR DANTATA",,,found
CON-RES-2026-1390,BATCH-20260624-1782301760,144943,file_number,"ALHASSAN ABDULKADIR DANTATA",,,found
CON-RES-2026-1391,BATCH-20260624-1782301760,144944,file_number,"ALHASSAN ABDULKADIR DANTATA",,,found
CON-RES-2026-1392,BATCH-20260624-1782301760,144945,file_number,"ALHASSAN ABDULKADIR DANTATA",,,found
CON-RES-2026-1393,BATCH-20260624-1782301760,144946,file_number,"ALHASSAN ABDULKADIR DANTATA",,,found
CON-RES-2026-1394,BATCH-20260624-1782301760,144947,file_number,"ALHASSAN ABDULKADIR DANTATA",,,found
CON-RES-2026-1395,BATCH-20260624-1782301760,144948,file_number,"ALHASSAN ABDULKADIR DANTATA",,,found
CON-RES-2026-1396,BATCH-20260624-1782301760,144949,file_number,"ALHASSAN ABDULKADIR DANTATA",,,found
CON-RES-2026-1397,BATCH-20260624-1782301760,144950,file_number,"ALHASSAN ABDULKADIR DANTATA",,,found
CON-RES-2026-1398,BATCH-20260624-1782301760,144951,file_number,"ALHASSAN ABDULKADIR DANTATA",,,found
CON-RES-2026-1399,BATCH-20260624-1782301760,144952,file_number,"ALHASSAN ABDULKADIR DANTATA",,,found
CON-RES-2026-1400,BATCH-20260624-1782301760,144953,file_number,"ALHASSAN ABDULKADIR DANTATA",,,found
CON-RES-2026-1401,BATCH-20260624-1782301760,144954,file_number,"ALHASSAN ABDULKADIR DANTATA",,,found
CON-RES-2026-1402,BATCH-20260624-1782301760,144955,file_number,"ALHASSAN ABDULKADIR DANTATA",,,found
CON-RES-2026-1403,BATCH-20260624-1782301760,144956,file_number,"ALHASSAN ABDULKADIR DANTATA",,,found
CON-RES-2026-1404,BATCH-20260624-1782301760,144957,file_number,"ALHASSAN ABDULKADIR DANTATA",,,found
CON-RES-2026-1405,BATCH-20260624-1782301760,144958,file_number,"ALHASSAN ABDULKADIR DANTATA",,,found
CON-RES-2026-1406,BATCH-20260624-1782301760,144959,file_number,"ALHASSAN ABDULKADIR DANTATA",,,found
CON-RES-2026-1407,BATCH-20260624-1782301760,144960,file_number,"ALHASSAN ABDULKADIR DANTATA",,,found
CON-RES-2026-1408,BATCH-20260624-1782301760,144961,file_number,"ALHASSAN ABDULKADIR DANTATA",,,found
CON-RES-2026-1409,BATCH-20260624-1782301760,144962,file_number,"ALHASSAN ABDULKADIR DANTATA",,,found
CON-RES-2026-1410,BATCH-20260624-1782301760,144963,file_number,"ALHASSAN ABDULKADIR DANTATA",,,found
CON-RES-2026-1411,BATCH-20260624-1782301760,144964,file_number,"ALHASSAN ABDULKADIR DANTATA",,,found
CON-RES-2026-1412,BATCH-20260624-1782301760,144965,file_number,"ALHASSAN ABDULKADIR DANTATA",,,found
CON-RES-2026-1413,BATCH-20260624-1782301760,144966,file_number,"ALHASSAN ABDULKADIR DANTATA",,,found
CON-RES-2026-1414,BATCH-20260624-1782301760,144967,file_number,"ALHASSAN ABDULKADIR DANTATA",,,found
CON-RES-2026-1415,BATCH-20260624-1782301760,144968,file_number,"ALHASSAN ABDULKADIR DANTATA",,,found
CON-RES-2026-1416,BATCH-20260624-1782301760,144969,file_number,"ALHASSAN ABDULKADIR DANTATA",,,found
CON-RES-2026-1417,BATCH-20260624-1782301760,144970,file_number,"ALHASSAN ABDULKADIR DANTATA",,,found
CON-RES-2026-1418,BATCH-20260624-1782301760,144971,file_number,"ALHASSAN ABDULKADIR DANTATA",,,found
CON-RES-2026-1419,BATCH-20260624-1782301760,144972,file_number,"ALHASSAN ABDULKADIR DANTATA",,,found
CON-RES-2026-1420,BATCH-20260624-1782301760,144973,file_number,"ALHASSAN ABDULKADIR DANTATA",,,found
CON-RES-2026-1421,BATCH-20260624-1782301760,144974,file_number,"ALHASSAN ABDULKADIR DANTATA",,,found
CON-RES-2026-1422,BATCH-20260624-1782301760,144975,file_number,"ALHASSAN ABDULKADIR DANTATA",,,found
CON-RES-2026-1423,BATCH-20260624-1782302307,144995,file_number,"ALHASSAN ABDULKADIR DANTATA",,,found
CON-RES-2026-1424,BATCH-20260624-1782302307,144996,file_number,"ALHASSAN ABDULKADIR DANTATA",,,found
CON-RES-2026-1425,BATCH-20260624-1782302307,144997,file_number,"ALHASSAN ABDULKADIR DANTATA",,,found
CON-RES-2026-1426,BATCH-20260624-1782302307,144998,file_number,"ALHASSAN ABDULKADIR DANTATA",,,found
CON-RES-2026-1427,BATCH-20260624-1782302307,144999,file_number,"ALHASSAN ABDULKADIR DANTATA",,,found
CON-RES-2026-1428,BATCH-20260624-1782302307,145000,file_number,"ALHASSAN ABDULKADIR DANTATA",,,found
CON-RES-2026-1429,BATCH-20260624-1782302307,145001,file_number,"ALHASSAN ABDULKADIR DANTATA",,,found
CON-RES-2026-1430,BATCH-20260624-1782302307,145002,file_number,"ALHASSAN ABDULKADIR DANTATA",,,found
CON-RES-2026-1431,BATCH-20260624-1782302307,145003,file_number,"ALHASSAN ABDULKADIR DANTATA",,,found
CON-RES-2026-1432,BATCH-20260624-1782302307,145004,file_number,"ALHASSAN ABDULKADIR DANTATA",,,found
CON-RES-2026-1433,BATCH-20260624-1782302307,145005,file_number,"ALHASSAN ABDULKADIR DANTATA",,,found
CON-RES-2026-1434,BATCH-20260624-1782302307,145006,file_number,"ALHASSAN ABDULKADIR DANTATA",,,found
CON-RES-2026-1435,BATCH-20260624-1782302307,145007,file_number,"ALHASSAN ABDULKADIR DANTATA",,,found
CON-RES-2026-1436,BATCH-20260624-1782302307,145008,file_number,"ALHASSAN ABDULKADIR DANTATA",,,found
CON-RES-2026-1437,BATCH-20260624-1782302307,145009,file_number,"ALHASSAN ABDULKADIR DANTATA",,,found
CON-RES-2026-1438,BATCH-20260624-1782302307,145010,file_number,"ALHASSAN ABDULKADIR DANTATA",,,found
CON-RES-2026-1439,BATCH-20260624-1782302307,145011,file_number,"ALHASSAN ABDULKADIR DANTATA",,,found
CON-RES-2026-1440,BATCH-20260624-1782302307,145012,file_number,"ALHASSAN ABDULKADIR DANTATA",,,found
CON-RES-2026-1441,BATCH-20260624-1782302307,145013,file_number,"ALHASSAN ABDULKADIR DANTATA",,,found
CON-RES-2026-1442,BATCH-20260624-1782302307,145014,file_number,"ALHASSAN ABDULKADIR DANTATA",,,found
CON-RES-2026-1443,BATCH-20260624-1782302307,145015,file_number,"ALHASSAN ABDULKADIR DANTATA",,,found
CON-RES-2026-1444,BATCH-20260624-1782302307,145016,file_number,"ALHASSAN ABDULKADIR DANTATA",,,found
CON-RES-2026-1445,BATCH-20260624-1782302307,145017,file_number,"ALHASSAN ABDULKADIR DANTATA",,,found
CON-RES-2026-1446,BATCH-20260624-1782302307,145018,file_number,"ALHASSAN ABDULKADIR DANTATA",,,found
CON-RES-2026-1447,BATCH-20260624-1782302307,145019,file_number,"ALHASSAN ABDULKADIR DANTATA",,,found
CON-RES-2026-1448,BATCH-20260624-1782302307,145020,file_number,"ALHASSAN ABDULKADIR DANTATA",,,found
CON-RES-2026-1449,BATCH-20260624-1782302307,145021,file_number,"ALHASSAN ABDULKADIR DANTATA",,,found
CON-RES-2026-1450,BATCH-20260624-1782302307,145022,file_number,"ALHASSAN ABDULKADIR DANTATA",,,found
CON-RES-2026-1451,BATCH-20260624-1782302307,145023,file_number,"ALHASSAN ABDULKADIR DANTATA",,,found
CON-RES-2026-1452,BATCH-20260624-1782302307,145024,file_number,"ALHASSAN ABDULKADIR DANTATA",,,found
CON-RES-2026-1453,BATCH-20260624-1782302307,145025,file_number,"ALHASSAN ABDULKADIR DANTATA",,,found
CON-RES-2026-1454,BATCH-20260624-1782302307,145026,file_number,"ALHASSAN ABDULKADIR DANTATA",,,found
CON-RES-2026-1455,BATCH-20260624-1782302307,145027,file_number,"ALHASSAN ABDULKADIR DANTATA",,,found
CON-RES-2026-1456,BATCH-20260624-1782302307,145028,file_number,"ALHASSAN ABDULKADIR DANTATA",,,found
CON-RES-2026-1457,BATCH-20260624-1782302307,145029,file_number,"ALHASSAN ABDULKADIR DANTATA",,,found
CON-RES-2026-1458,BATCH-20260624-1782302307,145030,file_number,"ALHASSAN ABDULKADIR DANTATA",,,found
CON-RES-2026-1459,BATCH-20260624-1782302307,145031,file_number,"ALHASSAN ABDULKADIR DANTATA",,,found
CON-RES-2026-1460,BATCH-20260624-1782302307,145032,file_number,"ALHASSAN ABDULKADIR DANTATA",,,found
CON-RES-2026-1461,BATCH-20260624-1782302307,145033,file_number,"ALHASSAN ABDULKADIR DANTATA",,,found
CON-RES-2026-1462,BATCH-20260624-1782302307,145034,file_number,"ALHASSAN ABDULKADIR DANTATA",,,found
CON-RES-2026-1463,BATCH-20260624-1782302307,145035,file_number,"ALHASSAN ABDULKADIR DANTATA",,,found
CON-RES-2026-1464,BATCH-20260624-1782302307,145036,file_number,"ALHASSAN ABDULKADIR DANTATA",,,found
CON-RES-2026-1465,BATCH-20260624-1782302307,145037,file_number,"ALHASSAN ABDULKADIR DANTATA",,,found
CON-RES-2026-1466,BATCH-20260624-1782302307,145038,file_number,"ALHASSAN ABDULKADIR DANTATA",,,found
CON-RES-2026-1467,BATCH-20260624-1782302307,145039,file_number,"ALHASSAN ABDULKADIR DANTATA",,,found
CON-RES-2026-1468,BATCH-20260624-1782302307,145040,file_number,"ALHASSAN ABDULKADIR DANTATA",,,found
CON-RES-2026-1469,BATCH-20260624-1782302307,145041,file_number,"ALHASSAN ABDULKADIR DANTATA",,,found
CON-RES-2026-1470,BATCH-20260624-1782302307,145042,file_number,"ALHASSAN ABDULKADIR DANTATA",,,found
CON-RES-2026-1471,BATCH-20260624-1782302307,145043,file_number,"ALHASSAN ABDULKADIR DANTATA",,,found
CON-RES-2026-1472,BATCH-20260624-1782302307,145044,file_number,"ALHASSAN ABDULKADIR DANTATA",,,found
CON-RES-2026-1473,BATCH-20260624-1782302307,145045,file_number,"ALHASSAN ABDULKADIR DANTATA",,,found
CON-RES-2026-1474,BATCH-20260624-1782302307,145046,file_number,"ALHASSAN ABDULKADIR DANTATA",,,found
CON-RES-2026-1475,BATCH-20260624-1782302307,145047,file_number,"ALHASSAN ABDULKADIR DANTATA",,,found
CON-RES-2026-1476,BATCH-20260624-1782302307,145048,file_number,"ALHASSAN ABDULKADIR DANTATA",,,found
CON-RES-2026-1477,BATCH-20260624-1782302307,145049,file_number,"ALHASSAN ABDULKADIR DANTATA",,,found
CON-RES-2026-1478,BATCH-20260624-1782302307,145050,file_number,"ALHASSAN ABDULKADIR DANTATA",,,found
CON-RES-2026-1479,BATCH-20260624-1782302307,145051,file_number,"ALHASSAN ABDULKADIR DANTATA",,,found
CON-RES-2026-1480,BATCH-20260624-1782302307,145052,file_number,"ALHASSAN ABDULKADIR DANTATA",,,found
CON-RES-2026-1481,BATCH-20260624-1782302307,145053,file_number,"ALHASSAN ABDULKADIR DANTATA",,,found
CON-RES-2026-1482,BATCH-20260624-1782302307,145054,file_number,"ALHASSAN ABDULKADIR DANTATA",,,found
CON-RES-2026-1483,BATCH-20260624-1782302307,145055,file_number,"ALHASSAN ABDULKADIR DANTATA",,,found
CON-RES-2026-1484,BATCH-20260624-1782302307,145056,file_number,"ALHASSAN ABDULKADIR DANTATA",,,found
CON-RES-2026-1485,BATCH-20260624-1782302307,145057,file_number,"ALHASSAN ABDULKADIR DANTATA",,,found
CON-RES-2026-1486,BATCH-20260624-1782302307,145058,file_number,"ALHASSAN ABDULKADIR DANTATA",,,found
CON-RES-2026-1487,BATCH-20260624-1782302307,145059,file_number,"ALHASSAN ABDULKADIR DANTATA",,,found
CON-RES-2026-1488,BATCH-20260624-1782302307,145060,file_number,"ALHASSAN ABDULKADIR DANTATA",,,found
CON-RES-2026-1489,BATCH-20260624-1782302307,145061,file_number,"ALHASSAN ABDULKADIR DANTATA",,,found
CON-RES-2026-1490,BATCH-20260624-1782302307,145062,file_number,"ALHASSAN ABDULKADIR DANTATA",,,found
CON-RES-2026-1491,BATCH-20260624-1782302307,145063,file_number,"ALHASSAN ABDULKADIR DANTATA",,,found
CON-RES-2026-1492,BATCH-20260624-1782302307,145064,file_number,"ALHASSAN ABDULKADIR DANTATA",,,found
CON-RES-2026-1493,BATCH-20260624-1782302307,145065,file_number,"ALHASSAN ABDULKADIR DANTATA",,,found
CON-RES-2026-1494,BATCH-20260624-1782302307,145066,file_number,"ALHASSAN ABDULKADIR DANTATA",,,found
CON-RES-2026-1495,BATCH-20260624-1782302307,145067,file_number,"ALHASSAN ABDULKADIR DANTATA",,,found
CON-RES-2026-1496,BATCH-20260624-1782302307,145068,file_number,"ALHASSAN ABDULKADIR DANTATA",,,found
CON-RES-2026-1497,BATCH-20260624-1782302307,145069,file_number,"ALHASSAN ABDULKADIR DANTATA",,,found
CON-RES-2026-1498,BATCH-20260624-1782302307,145070,file_number,"ALHASSAN ABDULKADIR DANTATA",,,found
CON-RES-2026-1499,BATCH-20260624-1782302307,145071,file_number,"ALHASSAN ABDULKADIR DANTATA",,,found
CON-RES-2026-1500,BATCH-20260624-1782302307,145072,file_number,"ALHASSAN ABDULKADIR DANTATA",,,found
CON-RES-2026-1501,BATCH-20260624-1782302307,145073,file_number,"ALHASSAN ABDULKADIR DANTATA",,,found
CON-RES-2026-1502,BATCH-20260624-1782302307,145074,file_number,"ALHASSAN ABDULKADIR DANTATA",,,found
CON-RES-2026-1503,BATCH-20260624-1782302307,145075,file_number,"ALHASSAN ABDULKADIR DANTATA",,,found
CON-RES-2026-1504,BATCH-20260624-1782302307,145076,file_number,"ALHASSAN ABDULKADIR DANTATA",,,found
CON-RES-2026-1505,BATCH-20260624-1782302307,145077,file_number,"ALHASSAN ABDULKADIR DANTATA",,,found
CON-RES-2026-1506,BATCH-20260624-1782302307,145078,file_number,"ALHASSAN ABDULKADIR DANTATA",,,found
CON-RES-2026-1507,BATCH-20260624-1782302307,145079,file_number,"ALHASSAN ABDULKADIR DANTATA",,,found
CON-RES-2026-1508,BATCH-20260624-1782302307,145080,file_number,"ALHASSAN ABDULKADIR DANTATA",,,found
CON-RES-2026-1509,BATCH-20260624-1782302307,145081,file_number,"ALHASSAN ABDULKADIR DANTATA",,,found
CON-RES-2026-1510,BATCH-20260624-1782302307,145082,file_number,"ALHASSAN ABDULKADIR DANTATA",,,found
CON-RES-2026-1511,BATCH-20260624-1782302307,145083,file_number,"ALHASSAN ABDULKADIR DANTATA",,,found
CON-RES-2026-1512,BATCH-20260624-1782302307,145084,file_number,"ALHASSAN ABDULKADIR DANTATA",,,found
CON-RES-2026-1513,BATCH-20260624-1782302307,145085,file_number,"ALHASSAN ABDULKADIR DANTATA",,,found
CON-RES-2026-1514,BATCH-20260624-1782302307,145086,file_number,"ALHASSAN ABDULKADIR DANTATA",,,found
CON-RES-2026-1515,BATCH-20260624-1782302307,145087,file_number,"ALHASSAN ABDULKADIR DANTATA",,,found
CON-RES-2026-1516,BATCH-20260624-1782302307,145088,file_number,"ALHASSAN ABDULKADIR DANTATA",,,found
CON-RES-2026-1517,BATCH-20260624-1782302307,145089,file_number,"ALHASSAN ABDULKADIR DANTATA",,,found
CON-RES-2026-1518,BATCH-20260624-1782302307,145090,file_number,"ALHASSAN ABDULKADIR DANTATA",,,found
CON-RES-2026-1519,BATCH-20260624-1782302307,145091,file_number,"ALHASSAN ABDULKADIR DANTATA",,,found
CON-RES-2026-1520,BATCH-20260624-1782302307,145092,file_number,"ALHASSAN ABDULKADIR DANTATA",,,found
CON-RES-2026-1521,BATCH-20260624-1782302307,145093,file_number,"ALHASSAN ABDULKADIR DANTATA",,,found
CON-RES-2026-1522,BATCH-20260624-1782302307,145094,file_number,"ALHASSAN ABDULKADIR DANTATA",,,found
CON-RES-2026-1723,BATCH-20260624-1782307043,145356,file_number,"ALHASSAN ABDULKADIR DANTATA","PIECE OF LAND",KUMBOTSO,found
CON-RES-2026-1724,BATCH-20260624-1782307043,145357,file_number,"ALHASSAN ABDULKADIR DANTATA","PIECE OF LAND",KUMBOTSO,found
CON-RES-2026-1725,BATCH-20260624-1782307043,145358,file_number,"ALHASSAN ABDULKADIR DANTATA","PIECE OF LAND",KUMBOTSO,found
CON-RES-2026-1726,BATCH-20260624-1782307043,145359,file_number,"ALHASSAN ABDULKADIR DANTATA","PIECE OF LAND",KUMBOTSO,found
CON-RES-2026-1727,BATCH-20260624-1782307043,145360,file_number,"ALHASSAN ABDULKADIR DANTATA","PIECE OF LAND",KUMBOTSO,found
CON-RES-2026-1728,BATCH-20260624-1782307043,145361,file_number,"ALHASSAN ABDULKADIR DANTATA","PIECE OF LAND",KUMBOTSO,found
CON-RES-2026-1729,BATCH-20260624-1782307043,145362,file_number,"ALHASSAN ABDULKADIR DANTATA","PIECE OF LAND",KUMBOTSO,found
CON-RES-2026-1730,BATCH-20260624-1782307043,145363,file_number,"ALHASSAN ABDULKADIR DANTATA","PIECE OF LAND",KUMBOTSO,found
CON-RES-2026-1731,BATCH-20260624-1782307043,145364,file_number,"ALHASSAN ABDULKADIR DANTATA","PIECE OF LAND",KUMBOTSO,found
CON-RES-2026-1732,BATCH-20260624-1782307043,145365,file_number,"ALHASSAN ABDULKADIR DANTATA","PIECE OF LAND",KUMBOTSO,found
CON-RES-2026-1733,BATCH-20260624-1782307043,145366,file_number,"ALHASSAN ABDULKADIR DANTATA","PIECE OF LAND",KUMBOTSO,found
CON-RES-2026-1734,BATCH-20260624-1782307043,145367,file_number,"ALHASSAN ABDULKADIR DANTATA","PIECE OF LAND",KUMBOTSO,found
CON-RES-2026-1735,BATCH-20260624-1782307043,145368,file_number,"ALHASSAN ABDULKADIR DANTATA","PIECE OF LAND",KUMBOTSO,found
CON-RES-2026-1736,BATCH-20260624-1782307043,145369,file_number,"ALHASSAN ABDULKADIR DANTATA","PIECE OF LAND",KUMBOTSO,found
CON-RES-2026-1737,BATCH-20260624-1782307043,145370,file_number,"ALHASSAN ABDULKADIR DANTATA","PIECE OF LAND",KUMBOTSO,found
CON-RES-2026-1738,BATCH-20260624-1782307043,145371,file_number,"ALHASSAN ABDULKADIR DANTATA","PIECE OF LAND",KUMBOTSO,found
CON-RES-2026-1739,BATCH-20260624-1782307043,145372,file_number,"ALHASSAN ABDULKADIR DANTATA","PIECE OF LAND",KUMBOTSO,found
CON-RES-2026-1740,BATCH-20260624-1782307043,145373,file_number,"ALHASSAN ABDULKADIR DANTATA","PIECE OF LAND",KUMBOTSO,found
CON-RES-2026-1741,BATCH-20260624-1782307043,145374,file_number,"ALHASSAN ABDULKADIR DANTATA","PIECE OF LAND",KUMBOTSO,found
CON-RES-2026-1742,BATCH-20260624-1782307043,145375,file_number,"ALHASSAN ABDULKADIR DANTATA","PIECE OF LAND",KUMBOTSO,found
CON-RES-2026-1743,BATCH-20260624-1782307043,145376,file_number,"ALHASSAN ABDULKADIR DANTATA","PIECE OF LAND",KUMBOTSO,found
CON-RES-2026-1744,BATCH-20260624-1782307043,145377,file_number,"ALHASSAN ABDULKADIR DANTATA","PIECE OF LAND",KUMBOTSO,found
CON-RES-2026-1745,BATCH-20260624-1782307043,145378,file_number,"ALHASSAN ABDULKADIR DANTATA","PIECE OF LAND",KUMBOTSO,found
CON-RES-2026-1746,BATCH-20260624-1782307043,145379,file_number,"ALHASSAN ABDULKADIR DANTATA","PIECE OF LAND",KUMBOTSO,found
CON-RES-2026-1747,BATCH-20260624-1782307043,145380,file_number,"ALHASSAN ABDULKADIR DANTATA","PIECE OF LAND",KUMBOTSO,found
CON-RES-2026-1748,BATCH-20260624-1782307043,145381,file_number,"ALHASSAN ABDULKADIR DANTATA","PIECE OF LAND",KUMBOTSO,found
CON-RES-2026-1749,BATCH-20260624-1782307043,145382,file_number,"ALHASSAN ABDULKADIR DANTATA","PIECE OF LAND",KUMBOTSO,found
CON-RES-2026-1750,BATCH-20260624-1782307043,145383,file_number,"ALHASSAN ABDULKADIR DANTATA","PIECE OF LAND",KUMBOTSO,found
CON-RES-2026-1751,BATCH-20260624-1782307043,145384,file_number,"ALHASSAN ABDULKADIR DANTATA","PIECE OF LAND",KUMBOTSO,found
CON-RES-2026-1752,BATCH-20260624-1782307043,145385,file_number,"ALHASSAN ABDULKADIR DANTATA","PIECE OF LAND",KUMBOTSO,found
CON-RES-2026-1753,BATCH-20260624-1782307043,145386,file_number,"ALHASSAN ABDULKADIR DANTATA","PIECE OF LAND",KUMBOTSO,found
CON-RES-2026-1754,BATCH-20260624-1782307043,145387,file_number,"ALHASSAN ABDULKADIR DANTATA","PIECE OF LAND",KUMBOTSO,found
CON-RES-2026-1755,BATCH-20260624-1782307043,145388,file_number,"ALHASSAN ABDULKADIR DANTATA","PIECE OF LAND",KUMBOTSO,found
CON-RES-2026-1756,BATCH-20260624-1782307043,145389,file_number,"ALHASSAN ABDULKADIR DANTATA","PIECE OF LAND",KUMBOTSO,found
CON-RES-2026-1757,BATCH-20260624-1782307043,145390,file_number,"ALHASSAN ABDULKADIR DANTATA","PIECE OF LAND",KUMBOTSO,found
CON-RES-2026-1758,BATCH-20260624-1782307043,145391,file_number,"ALHASSAN ABDULKADIR DANTATA","PIECE OF LAND",KUMBOTSO,found
CON-RES-2026-1759,BATCH-20260624-1782307043,145392,file_number,"ALHASSAN ABDULKADIR DANTATA","PIECE OF LAND",KUMBOTSO,found
CON-RES-2026-1760,BATCH-20260624-1782307043,145393,file_number,"ALHASSAN ABDULKADIR DANTATA","PIECE OF LAND",KUMBOTSO,found
CON-RES-2026-1761,BATCH-20260624-1782307043,145394,file_number,"ALHASSAN ABDULKADIR DANTATA","PIECE OF LAND",KUMBOTSO,found
CON-RES-2026-1762,BATCH-20260624-1782307043,145395,file_number,"ALHASSAN ABDULKADIR DANTATA","PIECE OF LAND",KUMBOTSO,found
CON-RES-2026-1763,BATCH-20260624-1782307043,145396,file_number,"ALHASSAN ABDULKADIR DANTATA","PIECE OF LAND",KUMBOTSO,found
CON-RES-2026-1764,BATCH-20260624-1782307043,145397,file_number,"ALHASSAN ABDULKADIR DANTATA","PIECE OF LAND",KUMBOTSO,found
CON-RES-2026-1765,BATCH-20260624-1782307043,145398,file_number,"ALHASSAN ABDULKADIR DANTATA","PIECE OF LAND",KUMBOTSO,found
CON-RES-2026-1766,BATCH-20260624-1782307043,145399,file_number,"ALHASSAN ABDULKADIR DANTATA","PIECE OF LAND",KUMBOTSO,found
CON-RES-2026-1767,BATCH-20260624-1782307043,145400,file_number,"ALHASSAN ABDULKADIR DANTATA","PIECE OF LAND",KUMBOTSO,found
CON-RES-2026-1768,BATCH-20260624-1782307043,145401,file_number,"ALHASSAN ABDULKADIR DANTATA","PIECE OF LAND",KUMBOTSO,found
CON-RES-2026-1769,BATCH-20260624-1782307043,145402,file_number,"ALHASSAN ABDULKADIR DANTATA","PIECE OF LAND",KUMBOTSO,found
CON-RES-2026-1770,BATCH-20260624-1782307043,145403,file_number,"ALHASSAN ABDULKADIR DANTATA","PIECE OF LAND",KUMBOTSO,found
CON-RES-2026-1771,BATCH-20260624-1782307043,145404,file_number,"ALHASSAN ABDULKADIR DANTATA","PIECE OF LAND",KUMBOTSO,found
CON-RES-2026-1772,BATCH-20260624-1782307043,145405,file_number,"ALHASSAN ABDULKADIR DANTATA","PIECE OF LAND",KUMBOTSO,found
CON-RES-2026-1773,BATCH-20260624-1782307043,145406,file_number,"ALHASSAN ABDULKADIR DANTATA","PIECE OF LAND",KUMBOTSO,found
CON-RES-2026-1774,BATCH-20260624-1782307043,145407,file_number,"ALHASSAN ABDULKADIR DANTATA","PIECE OF LAND",KUMBOTSO,found
CON-RES-2026-1775,BATCH-20260624-1782307043,145408,file_number,"ALHASSAN ABDULKADIR DANTATA","PIECE OF LAND",KUMBOTSO,found
CON-RES-2026-1776,BATCH-20260624-1782307043,145409,file_number,"ALHASSAN ABDULKADIR DANTATA","PIECE OF LAND",KUMBOTSO,found
CON-RES-2026-1777,BATCH-20260624-1782307043,145410,file_number,"ALHASSAN ABDULKADIR DANTATA","PIECE OF LAND",KUMBOTSO,found
CON-RES-2026-1778,BATCH-20260624-1782307043,145411,file_number,"ALHASSAN ABDULKADIR DANTATA","PIECE OF LAND",KUMBOTSO,found
CON-RES-2026-1779,BATCH-20260624-1782307043,145412,file_number,"ALHASSAN ABDULKADIR DANTATA","PIECE OF LAND",KUMBOTSO,found
CON-RES-2026-1780,BATCH-20260624-1782307043,145413,file_number,"ALHASSAN ABDULKADIR DANTATA","PIECE OF LAND",KUMBOTSO,found
CON-RES-2026-1781,BATCH-20260624-1782307043,145414,file_number,"ALHASSAN ABDULKADIR DANTATA","PIECE OF LAND",KUMBOTSO,found
CON-RES-2026-1782,BATCH-20260624-1782307043,145415,file_number,"ALHASSAN ABDULKADIR DANTATA","PIECE OF LAND",KUMBOTSO,found
CON-RES-2026-1783,BATCH-20260624-1782307043,145416,file_number,"ALHASSAN ABDULKADIR DANTATA","PIECE OF LAND",KUMBOTSO,found
CON-RES-2026-1784,BATCH-20260624-1782307043,145417,file_number,"ALHASSAN ABDULKADIR DANTATA","PIECE OF LAND",KUMBOTSO,found
CON-RES-2026-1785,BATCH-20260624-1782307043,145418,file_number,"ALHASSAN ABDULKADIR DANTATA","PIECE OF LAND",KUMBOTSO,found
CON-RES-2026-1786,BATCH-20260624-1782307043,145419,file_number,"ALHASSAN ABDULKADIR DANTATA","PIECE OF LAND",KUMBOTSO,found
CON-RES-2026-1787,BATCH-20260624-1782307043,145420,file_number,"ALHASSAN ABDULKADIR DANTATA","PIECE OF LAND",KUMBOTSO,found
CON-RES-2026-1788,BATCH-20260624-1782307043,145421,file_number,"ALHASSAN ABDULKADIR DANTATA","PIECE OF LAND",KUMBOTSO,found
CON-RES-2026-1789,BATCH-20260624-1782307043,145422,file_number,"ALHASSAN ABDULKADIR DANTATA","PIECE OF LAND",KUMBOTSO,found
CON-RES-2026-1790,BATCH-20260624-1782307043,145423,file_number,"ALHASSAN ABDULKADIR DANTATA","PIECE OF LAND",KUMBOTSO,found
CON-RES-2026-1791,BATCH-20260624-1782307043,145424,file_number,"ALHASSAN ABDULKADIR DANTATA","PIECE OF LAND",KUMBOTSO,found
CON-RES-2026-1792,BATCH-20260624-1782307043,145425,file_number,"ALHASSAN ABDULKADIR DANTATA","PIECE OF LAND",KUMBOTSO,found
CON-RES-2026-1793,BATCH-20260624-1782307043,145426,file_number,"ALHASSAN ABDULKADIR DANTATA","PIECE OF LAND",KUMBOTSO,found
CON-RES-2026-1794,BATCH-20260624-1782307043,145427,file_number,"ALHASSAN ABDULKADIR DANTATA","PIECE OF LAND",KUMBOTSO,found
CON-RES-2026-1795,BATCH-20260624-1782307043,145428,file_number,"ALHASSAN ABDULKADIR DANTATA","PIECE OF LAND",KUMBOTSO,found
CON-RES-2026-1796,BATCH-20260624-1782307043,145429,file_number,"ALHASSAN ABDULKADIR DANTATA","PIECE OF LAND",KUMBOTSO,found
CON-RES-2026-1797,BATCH-20260624-1782307043,145430,file_number,"ALHASSAN ABDULKADIR DANTATA","PIECE OF LAND",KUMBOTSO,found
CON-RES-2026-1798,BATCH-20260624-1782307043,145431,file_number,"ALHASSAN ABDULKADIR DANTATA","PIECE OF LAND",KUMBOTSO,found
CON-RES-2026-1799,BATCH-20260624-1782307043,145432,file_number,"ALHASSAN ABDULKADIR DANTATA","PIECE OF LAND",KUMBOTSO,found
CON-RES-2026-1800,BATCH-20260624-1782307043,145433,file_number,"ALHASSAN ABDULKADIR DANTATA","PIECE OF LAND",KUMBOTSO,found
CON-RES-2026-1801,BATCH-20260624-1782307043,145434,file_number,"ALHASSAN ABDULKADIR DANTATA","PIECE OF LAND",KUMBOTSO,found
CON-RES-2026-1802,BATCH-20260624-1782307043,145435,file_number,"ALHASSAN ABDULKADIR DANTATA","PIECE OF LAND",KUMBOTSO,found
CON-RES-2026-1803,BATCH-20260624-1782307043,145436,file_number,"ALHASSAN ABDULKADIR DANTATA","PIECE OF LAND",KUMBOTSO,found
CON-RES-2026-1804,BATCH-20260624-1782307043,145437,file_number,"ALHASSAN ABDULKADIR DANTATA","PIECE OF LAND",KUMBOTSO,found
CON-RES-2026-1805,BATCH-20260624-1782307043,145438,file_number,"ALHASSAN ABDULKADIR DANTATA","PIECE OF LAND",KUMBOTSO,found
CON-RES-2026-1806,BATCH-20260624-1782307043,145439,file_number,"ALHASSAN ABDULKADIR DANTATA","PIECE OF LAND",KUMBOTSO,found
CON-RES-2026-1807,BATCH-20260624-1782307043,145440,file_number,"ALHASSAN ABDULKADIR DANTATA","PIECE OF LAND",KUMBOTSO,found
CON-RES-2026-1808,BATCH-20260624-1782307043,145441,file_number,"ALHASSAN ABDULKADIR DANTATA","PIECE OF LAND",KUMBOTSO,found
CON-RES-2026-1809,BATCH-20260624-1782307043,145442,file_number,"ALHASSAN ABDULKADIR DANTATA","PIECE OF LAND",KUMBOTSO,found
CON-RES-2026-1810,BATCH-20260624-1782307043,145443,file_number,"ALHASSAN ABDULKADIR DANTATA","PIECE OF LAND",KUMBOTSO,found
CON-RES-2026-1811,BATCH-20260624-1782307043,145444,file_number,"ALHASSAN ABDULKADIR DANTATA","PIECE OF LAND",KUMBOTSO,found
CON-RES-2026-1812,BATCH-20260624-1782307043,145445,file_number,"ALHASSAN ABDULKADIR DANTATA","PIECE OF LAND",KUMBOTSO,found
CON-RES-2026-1813,BATCH-20260624-1782307043,145446,file_number,"ALHASSAN ABDULKADIR DANTATA","PIECE OF LAND",KUMBOTSO,found
CON-RES-2026-1814,BATCH-20260624-1782307043,145447,file_number,"ALHASSAN ABDULKADIR DANTATA","PIECE OF LAND",KUMBOTSO,found
CON-RES-2026-1815,BATCH-20260624-1782307043,145448,file_number,"ALHASSAN ABDULKADIR DANTATA","PIECE OF LAND",KUMBOTSO,found
CON-RES-2026-1816,BATCH-20260624-1782307043,145449,file_number,"ALHASSAN ABDULKADIR DANTATA","PIECE OF LAND",KUMBOTSO,found
CON-RES-2026-1817,BATCH-20260624-1782307043,145450,file_number,"ALHASSAN ABDULKADIR DANTATA","PIECE OF LAND",KUMBOTSO,found
CON-RES-2026-1818,BATCH-20260624-1782307043,145451,file_number,"ALHASSAN ABDULKADIR DANTATA","PIECE OF LAND",KUMBOTSO,found
CON-RES-2026-1819,BATCH-20260624-1782307043,145452,file_number,"ALHASSAN ABDULKADIR DANTATA","PIECE OF LAND",KUMBOTSO,found
CON-RES-2026-1820,BATCH-20260624-1782307043,145453,file_number,"ALHASSAN ABDULKADIR DANTATA","PIECE OF LAND",KUMBOTSO,found
CON-RES-2026-1821,BATCH-20260624-1782307043,145454,file_number,"ALHASSAN ABDULKADIR DANTATA","PIECE OF LAND",KUMBOTSO,found
CON-RES-2026-1822,BATCH-20260624-1782307043,145455,file_number,"ALHASSAN ABDULKADIR DANTATA","PIECE OF LAND",KUMBOTSO,found
CON-RES-2026-1834,BATCH-20260628-1782635500,147396,file_number,"ALHASSAN ABDULKADIR DANTATA","Piece Of Land",KUMBOTSO,found
CON-RES-2026-1835,BATCH-20260628-1782635500,147397,file_number,"ALHASSAN ABDULKADIR DANTATA",,,found
CON-RES-2026-1836,BATCH-20260628-1782635500,147398,file_number,"ALHASSAN ABDULKADIR DANTATA",,,found
CON-RES-2026-1837,BATCH-20260628-1782635500,147399,file_number,"ALHASSAN ABDULKADIR DANTATA",,,found
CON-RES-2026-1838,BATCH-20260628-1782635500,147400,file_number,"ALHASSAN ABDULKADIR DANTATA",,,found
CON-RES-2026-1839,BATCH-20260628-1782635500,147401,file_number,"ALHASSAN ABDULKADIR DANTATA",,,found
CON-RES-2026-1840,BATCH-20260628-1782635500,147402,file_number,"ALHASSAN ABDULKADIR DANTATA",,,found
CON-RES-2026-1841,BATCH-20260628-1782635500,147403,file_number,"ALHASSAN ABDULKADIR DANTATA",,,found
CON-RES-2026-1842,BATCH-20260628-1782635500,147404,file_number,"ALHASSAN ABDULKADIR DANTATA",,,found
CON-RES-2026-1843,BATCH-20260628-1782635500,147405,file_number,"ALHASSAN ABDULKADIR DANTATA",,,found
CON-RES-2026-1844,BATCH-20260628-1782635500,147406,file_number,"ALHASSAN ABDULKADIR DANTATA",,,found
CON-RES-2026-1845,BATCH-20260628-1782635500,147407,file_number,"ALHASSAN ABDULKADIR DANTATA",,,found
CON-RES-2026-1846,BATCH-20260628-1782635500,147408,file_number,"ALHASSAN ABDULKADIR DANTATA",,,found
CON-RES-2026-1847,BATCH-20260628-1782635500,147409,file_number,"ALHASSAN ABDULKADIR DANTATA",,,found
CON-RES-2026-1848,BATCH-20260628-1782635500,147410,file_number,"ALHASSAN ABDULKADIR DANTATA",,,found
CON-RES-2026-1849,BATCH-20260628-1782635500,147411,file_number,"ALHASSAN ABDULKADIR DANTATA",,,found
CON-RES-2026-1850,BATCH-20260628-1782635500,147412,file_number,"ALHASSAN ABDULKADIR DANTATA",,,found
CON-RES-2026-1851,BATCH-20260628-1782635500,147413,file_number,"ALHASSAN ABDULKADIR DANTATA",,,found
CON-RES-2026-1852,BATCH-20260628-1782635500,147414,file_number,"ALHASSAN ABDULKADIR DANTATA",,,found
CON-RES-2026-1853,BATCH-20260628-1782635500,147415,file_number,"ALHASSAN ABDULKADIR DANTATA",,,found
CON-RES-2026-1854,BATCH-20260628-1782635500,147416,file_number,"ALHASSAN ABDULKADIR DANTATA",,,found
CON-RES-2026-1855,BATCH-20260628-1782635500,147417,file_number,"ALHASSAN ABDULKADIR DANTATA",,,found
CON-RES-2026-1856,BATCH-20260628-1782635500,147418,file_number,"ALHASSAN ABDULKADIR DANTATA",,,found
CON-RES-2026-1857,BATCH-20260628-1782635500,147419,file_number,"ALHASSAN ABDULKADIR DANTATA",,,found
CON-RES-2026-1858,BATCH-20260628-1782635500,147420,file_number,"ALHASSAN ABDULKADIR DANTATA",,,found
CON-RES-2026-1859,BATCH-20260628-1782635500,147421,file_number,"ALHASSAN ABDULKADIR DANTATA",,,found
CON-RES-2026-1860,BATCH-20260628-1782635500,147422,file_number,"ALHASSAN ABDULKADIR DANTATA",,,found
CON-RES-2026-1861,BATCH-20260628-1782635500,147423,file_number,"ALHASSAN ABDULKADIR DANTATA",,,found
CON-RES-2026-1862,BATCH-20260628-1782635500,147424,file_number,"ALHASSAN ABDULKADIR DANTATA",,,found
CON-RES-2026-1863,BATCH-20260628-1782635500,147425,file_number,"ALHASSAN ABDULKADIR DANTATA",,,found
CON-RES-2026-1864,BATCH-20260628-1782635500,147426,file_number,"ALHASSAN ABDULKADIR DANTATA",,,found
CON-RES-2026-1865,BATCH-20260628-1782635500,147427,file_number,"ALHASSAN ABDULKADIR DANTATA",,,found
CON-RES-2026-1866,BATCH-20260628-1782635500,147428,file_number,"ALHASSAN ABDULKADIR DANTATA",,,found
CON-RES-2026-1867,BATCH-20260628-1782635500,147429,file_number,"ALHASSAN ABDULKADIR DANTATA",,,found
CON-RES-2026-1868,BATCH-20260628-1782635500,147430,file_number,"ALHASSAN ABDULKADIR DANTATA",,,found
CON-RES-2026-1869,BATCH-20260628-1782635500,147431,file_number,"ALHASSAN ABDULKADIR DANTATA",,,found
CON-RES-2026-1870,BATCH-20260628-1782635500,147432,file_number,"ALHASSAN ABDULKADIR DANTATA",,,found
CON-RES-2026-1871,BATCH-20260628-1782635500,147433,file_number,"ALHASSAN ABDULKADIR DANTATA",,,found
CON-RES-2026-1872,BATCH-20260628-1782635500,147434,file_number,"ALHASSAN ABDULKADIR DANTATA",,,found
CON-RES-2026-1873,BATCH-20260628-1782635500,147435,file_number,"ALHASSAN ABDULKADIR DANTATA",,,found
CON-RES-2026-1874,BATCH-20260628-1782635500,147436,file_number,"ALHASSAN ABDULKADIR DANTATA",,,found
CON-RES-2026-1875,BATCH-20260628-1782635500,147437,file_number,"ALHASSAN ABDULKADIR DANTATA",,,found
CON-RES-2026-1876,BATCH-20260628-1782635500,147438,file_number,"ALHASSAN ABDULKADIR DANTATA",,,found
CON-RES-2026-1877,BATCH-20260628-1782635500,147439,file_number,"ALHASSAN ABDULKADIR DANTATA",,,found
CON-RES-2026-1878,BATCH-20260628-1782635500,147440,file_number,"ALHASSAN ABDULKADIR DANTATA",,,found
CON-RES-2026-1879,BATCH-20260628-1782635500,147441,file_number,"ALHASSAN ABDULKADIR DANTATA",,,found
CON-RES-2026-1880,BATCH-20260628-1782635500,147442,file_number,"ALHASSAN ABDULKADIR DANTATA",,,found
CON-RES-2026-1881,BATCH-20260628-1782635500,147443,file_number,"ALHASSAN ABDULKADIR DANTATA",,,found
CON-RES-2026-1882,BATCH-20260628-1782635500,147444,file_number,"ALHASSAN ABDULKADIR DANTATA",,,found
CON-RES-2026-1883,BATCH-20260628-1782635500,147445,file_number,"ALHASSAN ABDULKADIR DANTATA",,,found
CON-RES-2026-1884,BATCH-20260628-1782635500,147446,file_number,"ALHASSAN ABDULKADIR DANTATA",,,found
CON-RES-2026-1885,BATCH-20260628-1782635500,147447,file_number,"ALHASSAN ABDULKADIR DANTATA",,,found
CON-RES-2026-1886,BATCH-20260628-1782635500,147448,file_number,"ALHASSAN ABDULKADIR DANTATA",,,found
CON-RES-2026-1887,BATCH-20260628-1782635500,147449,file_number,"ALHASSAN ABDULKADIR DANTATA",,,found
CON-RES-2026-1888,BATCH-20260628-1782635500,147450,file_number,"ALHASSAN ABDULKADIR DANTATA",,,found
CON-RES-2026-1889,BATCH-20260628-1782635500,147451,file_number,"ALHASSAN ABDULKADIR DANTATA",,,found
CON-RES-2026-1890,BATCH-20260628-1782635500,147452,file_number,"ALHASSAN ABDULKADIR DANTATA",,,found
CON-RES-2026-1891,BATCH-20260628-1782635500,147453,file_number,"ALHASSAN ABDULKADIR DANTATA",,,found
CON-RES-2026-1892,BATCH-20260628-1782635500,147454,file_number,"ALHASSAN ABDULKADIR DANTATA",,,found
CON-RES-2026-1893,BATCH-20260628-1782635500,147455,file_number,"ALHASSAN ABDULKADIR DANTATA",,,found
CON-RES-2026-1894,BATCH-20260628-1782635500,147456,file_number,"ALHASSAN ABDULKADIR DANTATA",,,found
CON-RES-2026-1895,BATCH-20260628-1782635500,147457,file_number,"ALHASSAN ABDULKADIR DANTATA",,,found
CON-RES-2026-1896,BATCH-20260628-1782635500,147458,file_number,"ALHASSAN ABDULKADIR DANTATA",,,found
CON-RES-2026-1897,BATCH-20260628-1782635500,147459,file_number,"ALHASSAN ABDULKADIR DANTATA",,,found
CON-RES-2026-1898,BATCH-20260628-1782635500,147460,file_number,"ALHASSAN ABDULKADIR DANTATA",,,found
CON-RES-2026-1899,BATCH-20260628-1782635500,147461,file_number,"ALHASSAN ABDULKADIR DANTATA",,,found
CON-RES-2026-1900,BATCH-20260628-1782635500,147462,file_number,"ALHASSAN ABDULKADIR DANTATA",,,found
CON-RES-2026-1901,BATCH-20260628-1782635500,147463,file_number,"ALHASSAN ABDULKADIR DANTATA",,,found
CON-RES-2026-1902,BATCH-20260628-1782635500,147464,file_number,"ALHASSAN ABDULKADIR DANTATA",,,found
CON-RES-2026-1903,BATCH-20260628-1782635500,147465,file_number,"ALHASSAN ABDULKADIR DANTATA",,,found
CON-RES-2026-1904,BATCH-20260628-1782635500,147466,file_number,"ALHASSAN ABDULKADIR DANTATA",,,found
CON-RES-2026-1905,BATCH-20260628-1782635500,147467,file_number,"ALHASSAN ABDULKADIR DANTATA",,,found
CON-RES-2026-1906,BATCH-20260628-1782635500,147468,file_number,"ALHASSAN ABDULKADIR DANTATA",,,found
CON-RES-2026-1907,BATCH-20260628-1782635500,147469,file_number,"ALHASSAN ABDULKADIR DANTATA",,,found
CON-RES-2026-1908,BATCH-20260628-1782635500,147470,file_number,"ALHASSAN ABDULKADIR DANTATA",,,found
CON-RES-2026-1909,BATCH-20260628-1782635500,147471,file_number,"ALHASSAN ABDULKADIR DANTATA",,,found
CON-RES-2026-1910,BATCH-20260628-1782635500,147472,file_number,"ALHASSAN ABDULKADIR DANTATA",,,found
CON-RES-2026-1911,BATCH-20260628-1782635500,147473,file_number,"ALHASSAN ABDULKADIR DANTATA",,,found
CON-RES-2026-1912,BATCH-20260628-1782635500,147474,file_number,"ALHASSAN ABDULKADIR DANTATA",,,found
CON-RES-2026-1913,BATCH-20260628-1782635500,147475,file_number,"ALHASSAN ABDULKADIR DANTATA",,,found
CON-RES-2026-1914,BATCH-20260628-1782635500,147476,file_number,"ALHASSAN ABDULKADIR DANTATA",,,found
CON-RES-2026-1915,BATCH-20260628-1782635500,147477,file_number,"ALHASSAN ABDULKADIR DANTATA",,,found
CON-RES-2026-1916,BATCH-20260628-1782635500,147478,file_number,"ALHASSAN ABDULKADIR DANTATA",,,found
CON-RES-2026-1917,BATCH-20260628-1782635500,147479,file_number,"ALHASSAN ABDULKADIR DANTATA",,,found
CON-RES-2026-1918,BATCH-20260628-1782635500,147480,file_number,"ALHASSAN ABDULKADIR DANTATA",,,found
CON-RES-2026-1919,BATCH-20260628-1782635500,147481,file_number,"ALHASSAN ABDULKADIR DANTATA",,,found
CON-RES-2026-1920,BATCH-20260628-1782635500,147482,file_number,"ALHASSAN ABDULKADIR DANTATA",,,found
CON-RES-2026-1921,BATCH-20260628-1782635500,147483,file_number,"ALHASSAN ABDULKADIR DANTATA",,,found
CON-RES-2026-1922,BATCH-20260628-1782635500,147484,file_number,"ALHASSAN ABDULKADIR DANTATA",,,found
CON-RES-2026-1923,BATCH-20260628-1782635500,147485,file_number,"ALHASSAN ABDULKADIR DANTATA",,,found
CON-RES-2026-1924,BATCH-20260628-1782635500,147486,file_number,"ALHASSAN ABDULKADIR DANTATA",,,found
CON-RES-2026-1925,BATCH-20260628-1782635500,147487,file_number,"ALHASSAN ABDULKADIR DANTATA",,,found
CON-RES-2026-1926,BATCH-20260628-1782635500,147488,file_number,"ALHASSAN ABDULKADIR DANTATA",,,found
CON-RES-2026-1927,BATCH-20260628-1782635500,147489,file_number,"ALHASSAN ABDULKADIR DANTATA",,,found
CON-RES-2026-1928,BATCH-20260628-1782635500,147490,file_number,"ALHASSAN ABDULKADIR DANTATA",,,found
CON-RES-2026-1929,BATCH-20260628-1782635500,147491,file_number,"ALHASSAN ABDULKADIR DANTATA",,,found
CON-RES-2026-1930,BATCH-20260628-1782635500,147492,file_number,"ALHASSAN ABDULKADIR DANTATA",,,found
CON-RES-2026-1931,BATCH-20260628-1782635500,147493,file_number,"ALHASSAN ABDULKADIR DANTATA",,,found
CON-RES-2026-1932,BATCH-20260628-1782635500,147494,file_number,"ALHASSAN ABDULKADIR DANTATA",,,found
CON-RES-2026-1933,BATCH-20260628-1782635500,147495,file_number,"ALHASSAN ABDULKADIR DANTATA",,,found
CON-RES-2026-1934,BATCH-20260628-1782641518,147502,file_number,"ALHASSAN ABDULKADIR DANTATA","Piece Of Land",KUMBOTSO,found
CON-RES-2026-1935,BATCH-20260628-1782641518,147503,file_number,"ALHASSAN ABDULKADIR DANTATA",,,found
CON-RES-2026-1936,BATCH-20260628-1782641518,147504,file_number,"ALHASSAN ABDULKADIR DANTATA",,,found
CON-RES-2026-1937,BATCH-20260628-1782641518,147505,file_number,"ALHASSAN ABDULKADIR DANTATA",,,found
CON-RES-2026-1938,BATCH-20260628-1782641518,147506,file_number,"ALHASSAN ABDULKADIR DANTATA",,,found
CON-RES-2026-1939,BATCH-20260628-1782641518,147507,file_number,"ALHASSAN ABDULKADIR DANTATA",,,found
CON-RES-2026-1940,BATCH-20260628-1782641518,147508,file_number,"ALHASSAN ABDULKADIR DANTATA",,,found
CON-RES-2026-1941,BATCH-20260628-1782641518,147509,file_number,"ALHASSAN ABDULKADIR DANTATA",,,found
CON-RES-2026-1942,BATCH-20260628-1782641518,147510,file_number,"ALHASSAN ABDULKADIR DANTATA",,,found
CON-RES-2026-1943,BATCH-20260628-1782641518,147511,file_number,"ALHASSAN ABDULKADIR DANTATA",,,found
CON-RES-2026-1944,BATCH-20260628-1782641518,147512,file_number,"ALHASSAN ABDULKADIR DANTATA",,,found
CON-RES-2026-1945,BATCH-20260628-1782641518,147513,file_number,"ALHASSAN ABDULKADIR DANTATA",,,found
CON-RES-2026-1946,BATCH-20260628-1782641518,147514,file_number,"ALHASSAN ABDULKADIR DANTATA",,,found
CON-RES-2026-1947,BATCH-20260628-1782641518,147515,file_number,"ALHASSAN ABDULKADIR DANTATA",,,found
CON-RES-2026-1948,BATCH-20260628-1782641518,147516,file_number,"ALHASSAN ABDULKADIR DANTATA",,,found
CON-RES-2026-1949,BATCH-20260628-1782641518,147517,file_number,"ALHASSAN ABDULKADIR DANTATA",,,found
CON-RES-2026-1951,BATCH-20260628-1782641518,147518,file_number,"ALHASSAN ABDULKADIR DANTATA",,,found
CON-RES-2026-1952,BATCH-20260628-1782641518,147519,file_number,"ALHASSAN ABDULKADIR DANTATA",,,found
CON-RES-2026-1953,BATCH-20260628-1782641518,147520,file_number,"ALHASSAN ABDULKADIR DANTATA",,,found
CON-RES-2026-1954,BATCH-20260628-1782641518,147521,file_number,"ALHASSAN ABDULKADIR DANTATA",,,found
CON-RES-2026-1955,BATCH-20260628-1782641518,147522,file_number,"ALHASSAN ABDULKADIR DANTATA",,,found
CON-RES-2026-1956,BATCH-20260628-1782641518,147523,file_number,"ALHASSAN ABDULKADIR DANTATA",,,found
CON-RES-2026-1957,BATCH-20260628-1782641518,147524,file_number,"ALHASSAN ABDULKADIR DANTATA",,,found
CON-RES-2026-1958,BATCH-20260628-1782641518,147525,file_number,"ALHASSAN ABDULKADIR DANTATA",,,found
CON-RES-2026-1959,BATCH-20260628-1782641518,147526,file_number,"ALHASSAN ABDULKADIR DANTATA",,,found
CON-RES-2026-1960,BATCH-20260628-1782641518,147527,file_number,"ALHASSAN ABDULKADIR DANTATA",,,found
CON-RES-2026-1961,BATCH-20260628-1782641518,147528,file_number,"ALHASSAN ABDULKADIR DANTATA",,,found
CON-RES-2026-1962,BATCH-20260628-1782641518,147529,file_number,"ALHASSAN ABDULKADIR DANTATA",,,found
CON-RES-2026-1963,BATCH-20260628-1782641518,147530,file_number,"ALHASSAN ABDULKADIR DANTATA",,,found
CON-RES-2026-1964,BATCH-20260628-1782641518,147531,file_number,"ALHASSAN ABDULKADIR DANTATA",,,found
CON-RES-2026-1965,BATCH-20260628-1782641518,147532,file_number,"ALHASSAN ABDULKADIR DANTATA",,,found
CON-RES-2026-1966,BATCH-20260628-1782641518,147533,file_number,"ALHASSAN ABDULKADIR DANTATA",,,found
CON-RES-2026-1967,BATCH-20260628-1782641518,147534,file_number,"ALHASSAN ABDULKADIR DANTATA",,,found
CON-RES-2026-1968,BATCH-20260628-1782641518,147535,file_number,"ALHASSAN ABDULKADIR DANTATA",,,found
CON-RES-2026-1969,BATCH-20260628-1782641518,147536,file_number,"ALHASSAN ABDULKADIR DANTATA",,,found
CON-RES-2026-1970,BATCH-20260628-1782641518,147537,file_number,"ALHASSAN ABDULKADIR DANTATA",,,found
CON-RES-2026-1971,BATCH-20260628-1782641518,147538,file_number,"ALHASSAN ABDULKADIR DANTATA",,,found
CON-RES-2026-1972,BATCH-20260628-1782641518,147539,file_number,"ALHASSAN ABDULKADIR DANTATA",,,found
CON-RES-2026-1973,BATCH-20260628-1782641518,147540,file_number,"ALHASSAN ABDULKADIR DANTATA",,,found
CON-RES-2026-1974,BATCH-20260628-1782641518,147541,file_number,"ALHASSAN ABDULKADIR DANTATA",,,found
CON-RES-2026-1975,BATCH-20260628-1782641518,147542,file_number,"ALHASSAN ABDULKADIR DANTATA",,,found
CON-RES-2026-1976,BATCH-20260628-1782641518,147543,file_number,"ALHASSAN ABDULKADIR DANTATA",,,found
CON-RES-2026-1977,BATCH-20260628-1782641518,147544,file_number,"ALHASSAN ABDULKADIR DANTATA",,,found
CON-RES-2026-1978,BATCH-20260628-1782641518,147545,file_number,"ALHASSAN ABDULKADIR DANTATA",,,found
CON-RES-2026-1979,BATCH-20260628-1782641518,147546,file_number,"ALHASSAN ABDULKADIR DANTATA",,,found
CON-RES-2026-1980,BATCH-20260628-1782641518,147547,file_number,"ALHASSAN ABDULKADIR DANTATA",,,found
CON-RES-2026-1981,BATCH-20260628-1782641518,147548,file_number,"ALHASSAN ABDULKADIR DANTATA",,,found
CON-RES-2026-1982,BATCH-20260628-1782641518,147549,file_number,"ALHASSAN ABDULKADIR DANTATA",,,found
CON-RES-2026-1983,BATCH-20260628-1782641518,147550,file_number,"ALHASSAN ABDULKADIR DANTATA",,,found
CON-RES-2026-1984,BATCH-20260628-1782641518,147551,file_number,"ALHASSAN ABDULKADIR DANTATA",,,found
CON-RES-2026-1985,BATCH-20260628-1782641518,147552,file_number,"ALHASSAN ABDULKADIR DANTATA",,,found
CON-RES-2026-1986,BATCH-20260628-1782641518,147553,file_number,"ALHASSAN ABDULKADIR DANTATA",,,found
CON-RES-2026-1987,BATCH-20260628-1782641518,147554,file_number,"ALHASSAN ABDULKADIR DANTATA",,,found
CON-RES-2026-1988,BATCH-20260628-1782641518,147555,file_number,"ALHASSAN ABDULKADIR DANTATA",,,found
CON-RES-2026-1989,BATCH-20260628-1782641518,147556,file_number,"ALHASSAN ABDULKADIR DANTATA",,,found
CON-RES-2026-1990,BATCH-20260628-1782641518,147557,file_number,"ALHASSAN ABDULKADIR DANTATA",,,found
CON-RES-2026-1991,BATCH-20260628-1782641518,147558,file_number,"ALHASSAN ABDULKADIR DANTATA",,,found
CON-RES-2026-1992,BATCH-20260628-1782641518,147559,file_number,"ALHASSAN ABDULKADIR DANTATA",,,found
CON-RES-2026-1993,BATCH-20260628-1782641518,147560,file_number,"ALHASSAN ABDULKADIR DANTATA",,,found
CON-RES-2026-1994,BATCH-20260628-1782641518,147561,file_number,"ALHASSAN ABDULKADIR DANTATA",,,found
CON-RES-2026-1995,BATCH-20260628-1782641518,147562,file_number,"ALHASSAN ABDULKADIR DANTATA",,,found
CON-RES-2026-1996,BATCH-20260628-1782641518,147563,file_number,"ALHASSAN ABDULKADIR DANTATA",,,found
CON-RES-2026-1997,BATCH-20260628-1782641518,147564,file_number,"ALHASSAN ABDULKADIR DANTATA",,,found
CON-RES-2026-1998,BATCH-20260628-1782641518,147565,file_number,"ALHASSAN ABDULKADIR DANTATA",,,found
CON-RES-2026-1999,BATCH-20260628-1782641518,147566,file_number,"ALHASSAN ABDULKADIR DANTATA",,,found
CON-RES-2026-2000,BATCH-20260628-1782641518,147567,file_number,"ALHASSAN ABDULKADIR DANTATA",,,found
CON-RES-2026-2001,BATCH-20260628-1782641518,147568,file_number,"ALHASSAN ABDULKADIR DANTATA",,,found
CON-RES-2026-2002,BATCH-20260628-1782641518,147569,file_number,"ALHASSAN ABDULKADIR DANTATA",,,found
CON-RES-2026-2003,BATCH-20260628-1782641518,147570,file_number,"ALHASSAN ABDULKADIR DANTATA",,,found
CON-RES-2026-2004,BATCH-20260628-1782641518,147571,file_number,"ALHASSAN ABDULKADIR DANTATA",,,found
CON-RES-2026-2005,BATCH-20260628-1782641518,147572,file_number,"ALHASSAN ABDULKADIR DANTATA",,,found
CON-RES-2026-2006,BATCH-20260628-1782641518,147573,file_number,"ALHASSAN ABDULKADIR DANTATA",,,found
CON-RES-2026-2007,BATCH-20260628-1782641518,147574,file_number,"ALHASSAN ABDULKADIR DANTATA",,,found
CON-RES-2026-2008,BATCH-20260628-1782641518,147575,file_number,"ALHASSAN ABDULKADIR DANTATA",,,found
CON-RES-2026-2009,BATCH-20260628-1782641518,147576,file_number,"ALHASSAN ABDULKADIR DANTATA",,,found
CON-RES-2026-2010,BATCH-20260628-1782641518,147577,file_number,"ALHASSAN ABDULKADIR DANTATA",,,found
CON-RES-2026-2011,BATCH-20260628-1782641518,147578,file_number,"ALHASSAN ABDULKADIR DANTATA",,,found
CON-RES-2026-2012,BATCH-20260628-1782641518,147579,file_number,"ALHASSAN ABDULKADIR DANTATA",,,found
CON-RES-2026-2013,BATCH-20260628-1782641518,147580,file_number,"ALHASSAN ABDULKADIR DANTATA",,,found
CON-RES-2026-2014,BATCH-20260628-1782641518,147581,file_number,"ALHASSAN ABDULKADIR DANTATA",,,found
CON-RES-2026-2015,BATCH-20260628-1782641518,147582,file_number,"ALHASSAN ABDULKADIR DANTATA",,,found
CON-RES-2026-2016,BATCH-20260628-1782641518,147583,file_number,"ALHASSAN ABDULKADIR DANTATA",,,found
CON-RES-2026-2017,BATCH-20260628-1782641518,147584,file_number,"ALHASSAN ABDULKADIR DANTATA",,,found
CON-RES-2026-2018,BATCH-20260628-1782641518,147585,file_number,"ALHASSAN ABDULKADIR DANTATA",,,found
CON-RES-2026-2019,BATCH-20260628-1782641518,147586,file_number,"ALHASSAN ABDULKADIR DANTATA",,,found
CON-RES-2026-2020,BATCH-20260628-1782641518,147587,file_number,"ALHASSAN ABDULKADIR DANTATA",,,found
CON-RES-2026-2021,BATCH-20260628-1782641518,147588,file_number,"ALHASSAN ABDULKADIR DANTATA",,,found
CON-RES-2026-2022,BATCH-20260628-1782641518,147589,file_number,"ALHASSAN ABDULKADIR DANTATA",,,found
CON-RES-2026-2023,BATCH-20260628-1782641518,147590,file_number,"ALHASSAN ABDULKADIR DANTATA",,,found
CON-RES-2026-2024,BATCH-20260628-1782641518,147591,file_number,"ALHASSAN ABDULKADIR DANTATA",,,found
CON-RES-2026-2025,BATCH-20260628-1782641518,147592,file_number,"ALHASSAN ABDULKADIR DANTATA",,,found
CON-RES-2026-2026,BATCH-20260628-1782641518,147593,file_number,"ALHASSAN ABDULKADIR DANTATA",,,found
CON-RES-2026-2027,BATCH-20260628-1782641518,147594,file_number,"ALHASSAN ABDULKADIR DANTATA",,,found
CON-RES-2026-2028,BATCH-20260628-1782641518,147595,file_number,"ALHASSAN ABDULKADIR DANTATA",,,found
CON-RES-2026-2029,BATCH-20260628-1782641518,147596,file_number,"ALHASSAN ABDULKADIR DANTATA",,,found
CON-RES-2026-2030,BATCH-20260628-1782641518,147597,file_number,"ALHASSAN ABDULKADIR DANTATA",,,found
CON-RES-2026-2031,BATCH-20260628-1782641518,147598,file_number,"ALHASSAN ABDULKADIR DANTATA",,,found
CON-RES-2026-2032,BATCH-20260628-1782641518,147599,file_number,"ALHASSAN ABDULKADIR DANTATA",,,found
CON-RES-2026-2033,BATCH-20260628-1782641518,147600,file_number,"ALHASSAN ABDULKADIR DANTATA",,,found
CON-RES-2026-2034,BATCH-20260628-1782641518,147601,file_number,"ALHASSAN ABDULKADIR DANTATA",,,found
CON-RES-2026-2035,BATCH-20260628-1782641628,147603,file_number,"ALHASSAN ABDULKADIR DANTATA","Piece Of Land",KUMBOTSO,found
CON-RES-2026-2036,BATCH-20260628-1782641628,147604,file_number,"ALHASSAN ABDULKADIR DANTATA",,,found
CON-RES-2026-2037,BATCH-20260628-1782641628,147605,file_number,"ALHASSAN ABDULKADIR DANTATA",,,found
CON-RES-2026-2038,BATCH-20260628-1782641628,147606,file_number,"ALHASSAN ABDULKADIR DANTATA",,,found
CON-RES-2026-2039,BATCH-20260628-1782641628,147607,file_number,"ALHASSAN ABDULKADIR DANTATA",,,found
CON-RES-2026-2040,BATCH-20260628-1782641628,147608,file_number,"ALHASSAN ABDULKADIR DANTATA",,,found
CON-RES-2026-2041,BATCH-20260628-1782641628,147609,file_number,"ALHASSAN ABDULKADIR DANTATA",,,found
CON-RES-2026-2042,BATCH-20260628-1782641628,147610,file_number,"ALHASSAN ABDULKADIR DANTATA",,,found
CON-RES-2026-2043,BATCH-20260628-1782641628,147611,file_number,"ALHASSAN ABDULKADIR DANTATA",,,found
CON-RES-2026-2044,BATCH-20260628-1782641628,147612,file_number,"ALHASSAN ABDULKADIR DANTATA",,,found
CON-RES-2026-2045,BATCH-20260628-1782641628,147613,file_number,"ALHASSAN ABDULKADIR DANTATA",,,found
CON-RES-2026-2046,BATCH-20260628-1782641628,147614,file_number,"ALHASSAN ABDULKADIR DANTATA",,,found
CON-RES-2026-2047,BATCH-20260628-1782641628,147615,file_number,"ALHASSAN ABDULKADIR DANTATA",,,found
CON-RES-2026-2048,BATCH-20260628-1782641628,147616,file_number,"ALHASSAN ABDULKADIR DANTATA",,,found
CON-RES-2026-2049,BATCH-20260628-1782641628,147617,file_number,"ALHASSAN ABDULKADIR DANTATA",,,found
CON-RES-2026-2050,BATCH-20260628-1782641628,147618,file_number,"ALHASSAN ABDULKADIR DANTATA",,,found
CON-RES-2026-2051,BATCH-20260628-1782641628,147619,file_number,"ALHASSAN ABDULKADIR DANTATA",,,found
CON-RES-2026-2052,BATCH-20260628-1782641628,147620,file_number,"ALHASSAN ABDULKADIR DANTATA",,,found
CON-RES-2026-2053,BATCH-20260628-1782641628,147621,file_number,"ALHASSAN ABDULKADIR DANTATA",,,found
CON-RES-2026-2054,BATCH-20260628-1782641628,147622,file_number,"ALHASSAN ABDULKADIR DANTATA",,,found
CON-RES-2026-2055,BATCH-20260628-1782641628,147623,file_number,"ALHASSAN ABDULKADIR DANTATA",,,found
CON-RES-2026-2056,BATCH-20260628-1782641628,147624,file_number,"ALHASSAN ABDULKADIR DANTATA",,,found
CON-RES-2026-2057,BATCH-20260628-1782641628,147625,file_number,"ALHASSAN ABDULKADIR DANTATA",,,found
CON-RES-2026-2058,BATCH-20260628-1782641628,147626,file_number,"ALHASSAN ABDULKADIR DANTATA",,,found
CON-RES-2026-2059,BATCH-20260628-1782641628,147627,file_number,"ALHASSAN ABDULKADIR DANTATA",,,found
CON-RES-2026-2060,BATCH-20260628-1782641628,147628,file_number,"ALHASSAN ABDULKADIR DANTATA",,,found
CON-RES-2026-2061,BATCH-20260628-1782641628,147629,file_number,"ALHASSAN ABDULKADIR DANTATA",,,found
CON-RES-2026-2062,BATCH-20260628-1782641628,147630,file_number,"ALHASSAN ABDULKADIR DANTATA",,,found
CON-RES-2026-2063,BATCH-20260628-1782641628,147631,file_number,"ALHASSAN ABDULKADIR DANTATA",,,found
CON-RES-2026-2064,BATCH-20260628-1782641628,147632,file_number,"ALHASSAN ABDULKADIR DANTATA",,,found
CON-RES-2026-2065,BATCH-20260628-1782641628,147633,file_number,"ALHASSAN ABDULKADIR DANTATA",,,found
CON-RES-2026-2066,BATCH-20260628-1782641628,147634,file_number,"ALHASSAN ABDULKADIR DANTATA",,,found
CON-RES-2026-2067,BATCH-20260628-1782641628,147635,file_number,"ALHASSAN ABDULKADIR DANTATA",,,found
CON-RES-2026-2068,BATCH-20260628-1782641628,147636,file_number,"ALHASSAN ABDULKADIR DANTATA",,,found
CON-RES-2026-2069,BATCH-20260628-1782641628,147637,file_number,"ALHASSAN ABDULKADIR DANTATA",,,found
CON-RES-2026-2070,BATCH-20260628-1782641628,147638,file_number,"ALHASSAN ABDULKADIR DANTATA",,,found
CON-RES-2026-2071,BATCH-20260628-1782641628,147639,file_number,"ALHASSAN ABDULKADIR DANTATA",,,found
CON-RES-2026-2072,BATCH-20260628-1782641628,147640,file_number,"ALHASSAN ABDULKADIR DANTATA",,,found
CON-RES-2026-2073,BATCH-20260628-1782641628,147641,file_number,"ALHASSAN ABDULKADIR DANTATA",,,found
CON-RES-2026-2074,BATCH-20260628-1782641628,147642,file_number,"ALHASSAN ABDULKADIR DANTATA",,,found
CON-RES-2026-2075,BATCH-20260628-1782641628,147643,file_number,"ALHASSAN ABDULKADIR DANTATA",,,found
CON-RES-2026-2076,BATCH-20260628-1782641628,147644,file_number,"ALHASSAN ABDULKADIR DANTATA",,,found
CON-RES-2026-2077,BATCH-20260628-1782641628,147645,file_number,"ALHASSAN ABDULKADIR DANTATA",,,found
CON-RES-2026-2078,BATCH-20260628-1782641628,147646,file_number,"ALHASSAN ABDULKADIR DANTATA",,,found
CON-RES-2026-2079,BATCH-20260628-1782641628,147647,file_number,"ALHASSAN ABDULKADIR DANTATA",,,found
CON-RES-2026-2080,BATCH-20260628-1782641628,147648,file_number,"ALHASSAN ABDULKADIR DANTATA",,,found
CON-RES-2026-2081,BATCH-20260628-1782641628,147649,file_number,"ALHASSAN ABDULKADIR DANTATA",,,found
CON-RES-2026-2082,BATCH-20260628-1782641628,147650,file_number,"ALHASSAN ABDULKADIR DANTATA",,,found
CON-RES-2026-2083,BATCH-20260628-1782641628,147651,file_number,"ALHASSAN ABDULKADIR DANTATA",,,found
CON-RES-2026-2084,BATCH-20260628-1782641628,147652,file_number,"ALHASSAN ABDULKADIR DANTATA",,,found
CON-RES-2026-2085,BATCH-20260628-1782641628,147653,file_number,"ALHASSAN ABDULKADIR DANTATA",,,found
CON-RES-2026-2086,BATCH-20260628-1782641628,147654,file_number,"ALHASSAN ABDULKADIR DANTATA",,,found
CON-RES-2026-2087,BATCH-20260628-1782641628,147655,file_number,"ALHASSAN ABDULKADIR DANTATA",,,found
CON-RES-2026-2088,BATCH-20260628-1782641628,147656,file_number,"ALHASSAN ABDULKADIR DANTATA",,,found
CON-RES-2026-2089,BATCH-20260628-1782641628,147657,file_number,"ALHASSAN ABDULKADIR DANTATA",,,found
CON-RES-2026-2090,BATCH-20260628-1782641628,147658,file_number,"ALHASSAN ABDULKADIR DANTATA",,,found
CON-RES-2026-2091,BATCH-20260628-1782641628,147659,file_number,"ALHASSAN ABDULKADIR DANTATA",,,found
CON-RES-2026-2092,BATCH-20260628-1782641628,147660,file_number,"ALHASSAN ABDULKADIR DANTATA",,,found
CON-RES-2026-2093,BATCH-20260628-1782641628,147661,file_number,"ALHASSAN ABDULKADIR DANTATA",,,found
CON-RES-2026-2094,BATCH-20260628-1782641628,147662,file_number,"ALHASSAN ABDULKADIR DANTATA",,,found
CON-RES-2026-2095,BATCH-20260628-1782641628,147663,file_number,"ALHASSAN ABDULKADIR DANTATA",,,found
CON-RES-2026-2096,BATCH-20260628-1782641628,147664,file_number,"ALHASSAN ABDULKADIR DANTATA",,,found
CON-RES-2026-2097,BATCH-20260628-1782641628,147665,file_number,"ALHASSAN ABDULKADIR DANTATA",,,found
CON-RES-2026-2098,BATCH-20260628-1782641628,147666,file_number,"ALHASSAN ABDULKADIR DANTATA",,,found
CON-RES-2026-2099,BATCH-20260628-1782641628,147667,file_number,"ALHASSAN ABDULKADIR DANTATA",,,found
CON-RES-2026-2100,BATCH-20260628-1782641628,147668,file_number,"ALHASSAN ABDULKADIR DANTATA",,,found
CON-RES-2026-2101,BATCH-20260628-1782641628,147669,file_number,"ALHASSAN ABDULKADIR DANTATA",,,found
CON-RES-2026-2102,BATCH-20260628-1782641628,147670,file_number,"ALHASSAN ABDULKADIR DANTATA",,,found
CON-RES-2026-2103,BATCH-20260628-1782641628,147671,file_number,"ALHASSAN ABDULKADIR DANTATA",,,found
CON-RES-2026-2104,BATCH-20260628-1782641628,147672,file_number,"ALHASSAN ABDULKADIR DANTATA",,,found
CON-RES-2026-2105,BATCH-20260628-1782641628,147673,file_number,"ALHASSAN ABDULKADIR DANTATA",,,found
CON-RES-2026-2106,BATCH-20260628-1782641628,147674,file_number,"ALHASSAN ABDULKADIR DANTATA",,,found
CON-RES-2026-2107,BATCH-20260628-1782641628,147675,file_number,"ALHASSAN ABDULKADIR DANTATA",,,found
CON-RES-2026-2108,BATCH-20260628-1782641628,147676,file_number,"ALHASSAN ABDULKADIR DANTATA",,,found
CON-RES-2026-2109,BATCH-20260628-1782641628,147677,file_number,"ALHASSAN ABDULKADIR DANTATA",,,found
CON-RES-2026-2110,BATCH-20260628-1782641628,147678,file_number,"ALHASSAN ABDULKADIR DANTATA",,,found
CON-RES-2026-2111,BATCH-20260628-1782641628,147679,file_number,"ALHASSAN ABDULKADIR DANTATA",,,found
CON-RES-2026-2112,BATCH-20260628-1782641628,147680,file_number,"ALHASSAN ABDULKADIR DANTATA",,,found
CON-RES-2026-2113,BATCH-20260628-1782641628,147681,file_number,"ALHASSAN ABDULKADIR DANTATA",,,found
CON-RES-2026-2114,BATCH-20260628-1782641628,147682,file_number,"ALHASSAN ABDULKADIR DANTATA",,,found
CON-RES-2026-2115,BATCH-20260628-1782641628,147683,file_number,"ALHASSAN ABDULKADIR DANTATA",,,found
CON-RES-2026-2116,BATCH-20260628-1782641628,147684,file_number,"ALHASSAN ABDULKADIR DANTATA",,,found
CON-RES-2026-2117,BATCH-20260628-1782641628,147685,file_number,"ALHASSAN ABDULKADIR DANTATA",,,found
CON-RES-2026-2118,BATCH-20260628-1782641628,147686,file_number,"ALHASSAN ABDULKADIR DANTATA",,,found
CON-RES-2026-2119,BATCH-20260628-1782641628,147687,file_number,"ALHASSAN ABDULKADIR DANTATA",,,found
CON-RES-2026-2120,BATCH-20260628-1782641628,147688,file_number,"ALHASSAN ABDULKADIR DANTATA",,,found
CON-RES-2026-2121,BATCH-20260628-1782641628,147689,file_number,"ALHASSAN ABDULKADIR DANTATA",,,found
CON-RES-2026-2122,BATCH-20260628-1782641628,147690,file_number,"ALHASSAN ABDULKADIR DANTATA",,,found
CON-RES-2026-2123,BATCH-20260628-1782641628,147691,file_number,"ALHASSAN ABDULKADIR DANTATA",,,found
CON-RES-2026-2124,BATCH-20260628-1782641628,147692,file_number,"ALHASSAN ABDULKADIR DANTATA",,,found
CON-RES-2026-2125,BATCH-20260628-1782641628,147693,file_number,"ALHASSAN ABDULKADIR DANTATA",,,found
CON-RES-2026-2126,BATCH-20260628-1782641628,147694,file_number,"ALHASSAN ABDULKADIR DANTATA",,,found
CON-RES-2026-2127,BATCH-20260628-1782641628,147695,file_number,"ALHASSAN ABDULKADIR DANTATA",,,found
CON-RES-2026-2128,BATCH-20260628-1782641628,147696,file_number,"ALHASSAN ABDULKADIR DANTATA",,,found
CON-RES-2026-2129,BATCH-20260628-1782641628,147697,file_number,"ALHASSAN ABDULKADIR DANTATA",,,found
CON-RES-2026-2130,BATCH-20260628-1782641628,147698,file_number,"ALHASSAN ABDULKADIR DANTATA",,,found
CON-RES-2026-2131,BATCH-20260628-1782641628,147699,file_number,"ALHASSAN ABDULKADIR DANTATA",,,found
CON-RES-2026-2132,BATCH-20260628-1782641628,147700,file_number,"ALHASSAN ABDULKADIR DANTATA",,,found
CON-RES-2026-2133,BATCH-20260628-1782641628,147701,file_number,"ALHASSAN ABDULKADIR DANTATA",,,found
CON-RES-2026-2134,BATCH-20260628-1782641628,147702,file_number,"ALHASSAN ABDULKADIR DANTATA",,,found
CON-RES-2026-2135,BATCH-20260628-1782641713,147703,file_number,"ALHASSAN ABDULKADIR DANTATA","Piece Of Land",KUMBOTSO,found
CON-RES-2026-2136,BATCH-20260628-1782641713,147704,file_number,"ALHASSAN ABDULKADIR DANTATA",,,found
CON-RES-2026-2137,BATCH-20260628-1782641713,147705,file_number,"ALHASSAN ABDULKADIR DANTATA",,,found
CON-RES-2026-2138,BATCH-20260628-1782641713,147706,file_number,"ALHASSAN ABDULKADIR DANTATA",,,found
CON-RES-2026-2139,BATCH-20260628-1782641713,147707,file_number,"ALHASSAN ABDULKADIR DANTATA",,,found
CON-RES-2026-2140,BATCH-20260628-1782641713,147708,file_number,"ALHASSAN ABDULKADIR DANTATA",,,found
CON-RES-2026-2141,BATCH-20260628-1782641713,147709,file_number,"ALHASSAN ABDULKADIR DANTATA",,,found
CON-RES-2026-2142,BATCH-20260628-1782641713,147710,file_number,"ALHASSAN ABDULKADIR DANTATA",,,found
CON-RES-2026-2143,BATCH-20260628-1782641713,147711,file_number,"ALHASSAN ABDULKADIR DANTATA",,,found
CON-RES-2026-2144,BATCH-20260628-1782641713,147712,file_number,"ALHASSAN ABDULKADIR DANTATA",,,found
CON-RES-2026-2145,BATCH-20260628-1782641713,147713,file_number,"ALHASSAN ABDULKADIR DANTATA",,,found
CON-RES-2026-2146,BATCH-20260628-1782641713,147714,file_number,"ALHASSAN ABDULKADIR DANTATA",,,found
CON-RES-2026-2147,BATCH-20260628-1782641713,147715,file_number,"ALHASSAN ABDULKADIR DANTATA",,,found
CON-RES-2026-2148,BATCH-20260628-1782641713,147716,file_number,"ALHASSAN ABDULKADIR DANTATA",,,found
CON-RES-2026-2149,BATCH-20260628-1782641713,147717,file_number,"ALHASSAN ABDULKADIR DANTATA",,,found
CON-RES-2026-2150,BATCH-20260628-1782641713,147718,file_number,"ALHASSAN ABDULKADIR DANTATA",,,found
CON-RES-2026-2151,BATCH-20260628-1782641713,147719,file_number,"ALHASSAN ABDULKADIR DANTATA",,,found
CON-RES-2026-2152,BATCH-20260628-1782641713,147720,file_number,"ALHASSAN ABDULKADIR DANTATA",,,found
CON-RES-2026-2153,BATCH-20260628-1782641713,147721,file_number,"ALHASSAN ABDULKADIR DANTATA",,,found
CON-RES-2026-2154,BATCH-20260628-1782641713,147722,file_number,"ALHASSAN ABDULKADIR DANTATA",,,found
CON-RES-2026-2155,BATCH-20260628-1782641713,147723,file_number,"ALHASSAN ABDULKADIR DANTATA",,,found
CON-RES-2026-2156,BATCH-20260628-1782641713,147724,file_number,"ALHASSAN ABDULKADIR DANTATA",,,found
CON-RES-2026-2157,BATCH-20260628-1782641713,147725,file_number,"ALHASSAN ABDULKADIR DANTATA",,,found
CON-RES-2026-2158,BATCH-20260628-1782641713,147726,file_number,"ALHASSAN ABDULKADIR DANTATA",,,found
CON-RES-2026-2159,BATCH-20260628-1782641713,147727,file_number,"ALHASSAN ABDULKADIR DANTATA",,,found
CON-RES-2026-2160,BATCH-20260628-1782641713,147728,file_number,"ALHASSAN ABDULKADIR DANTATA",,,found
CON-RES-2026-2161,BATCH-20260628-1782641713,147729,file_number,"ALHASSAN ABDULKADIR DANTATA",,,found
CON-RES-2026-2162,BATCH-20260628-1782641713,147730,file_number,"ALHASSAN ABDULKADIR DANTATA",,,found
CON-RES-2026-2163,BATCH-20260628-1782641713,147731,file_number,"ALHASSAN ABDULKADIR DANTATA",,,found
CON-RES-2026-2164,BATCH-20260628-1782641713,147732,file_number,"ALHASSAN ABDULKADIR DANTATA",,,found
CON-RES-2026-2165,BATCH-20260628-1782641713,147733,file_number,"ALHASSAN ABDULKADIR DANTATA",,,found
CON-RES-2026-2166,BATCH-20260628-1782641713,147734,file_number,"ALHASSAN ABDULKADIR DANTATA",,,found
CON-RES-2026-2167,BATCH-20260628-1782641713,147735,file_number,"ALHASSAN ABDULKADIR DANTATA",,,found
CON-RES-2026-2168,BATCH-20260628-1782641713,147736,file_number,"ALHASSAN ABDULKADIR DANTATA",,,found
CON-RES-2026-2169,BATCH-20260628-1782641713,147737,file_number,"ALHASSAN ABDULKADIR DANTATA",,,found
CON-RES-2026-2170,BATCH-20260628-1782641713,147738,file_number,"ALHASSAN ABDULKADIR DANTATA",,,found
CON-RES-2026-2171,BATCH-20260628-1782641713,147739,file_number,"ALHASSAN ABDULKADIR DANTATA",,,found
CON-RES-2026-2172,BATCH-20260628-1782641713,147740,file_number,"ALHASSAN ABDULKADIR DANTATA",,,found
CON-RES-2026-2173,BATCH-20260628-1782641713,147741,file_number,"ALHASSAN ABDULKADIR DANTATA",,,found
CON-RES-2026-2174,BATCH-20260628-1782641713,147742,file_number,"ALHASSAN ABDULKADIR DANTATA",,,found
CON-RES-2026-2175,BATCH-20260628-1782641713,147743,file_number,"ALHASSAN ABDULKADIR DANTATA",,,found
CON-RES-2026-2176,BATCH-20260628-1782641713,147744,file_number,"ALHASSAN ABDULKADIR DANTATA",,,found
CON-RES-2026-2177,BATCH-20260628-1782641713,147745,file_number,"ALHASSAN ABDULKADIR DANTATA",,,found
CON-RES-2026-2178,BATCH-20260628-1782641713,147746,file_number,"ALHASSAN ABDULKADIR DANTATA",,,found
CON-RES-2026-2179,BATCH-20260628-1782641713,147747,file_number,"ALHASSAN ABDULKADIR DANTATA",,,found
CON-RES-2026-2180,BATCH-20260628-1782641713,147748,file_number,"ALHASSAN ABDULKADIR DANTATA",,,found
CON-RES-2026-2181,BATCH-20260628-1782641713,147749,file_number,"ALHASSAN ABDULKADIR DANTATA",,,found
CON-RES-2026-2182,BATCH-20260628-1782641713,147750,file_number,"ALHASSAN ABDULKADIR DANTATA",,,found
CON-RES-2026-2183,BATCH-20260628-1782641713,147751,file_number,"ALHASSAN ABDULKADIR DANTATA",,,found
CON-RES-2026-2184,BATCH-20260628-1782641713,147752,file_number,"ALHASSAN ABDULKADIR DANTATA",,,found
CON-RES-2026-2185,BATCH-20260628-1782641713,147753,file_number,"ALHASSAN ABDULKADIR DANTATA",,,found
CON-RES-2026-2186,BATCH-20260628-1782641713,147754,file_number,"ALHASSAN ABDULKADIR DANTATA",,,found
CON-RES-2026-2187,BATCH-20260628-1782641713,147755,file_number,"ALHASSAN ABDULKADIR DANTATA",,,found
CON-RES-2026-2188,BATCH-20260628-1782641713,147756,file_number,"ALHASSAN ABDULKADIR DANTATA",,,found
CON-RES-2026-2189,BATCH-20260628-1782641713,147757,file_number,"ALHASSAN ABDULKADIR DANTATA",,,found
CON-RES-2026-2190,BATCH-20260628-1782641713,147758,file_number,"ALHASSAN ABDULKADIR DANTATA",,,found
CON-RES-2026-2191,BATCH-20260628-1782641713,147759,file_number,"ALHASSAN ABDULKADIR DANTATA",,,found
CON-RES-2026-2192,BATCH-20260628-1782641713,147760,file_number,"ALHASSAN ABDULKADIR DANTATA",,,found
CON-RES-2026-2193,BATCH-20260628-1782641713,147761,file_number,"ALHASSAN ABDULKADIR DANTATA",,,found
CON-RES-2026-2194,BATCH-20260628-1782641713,147762,file_number,"ALHASSAN ABDULKADIR DANTATA",,,found
CON-RES-2026-2195,BATCH-20260628-1782641713,147763,file_number,"ALHASSAN ABDULKADIR DANTATA",,,found
CON-RES-2026-2196,BATCH-20260628-1782641713,147764,file_number,"ALHASSAN ABDULKADIR DANTATA",,,found
CON-RES-2026-2197,BATCH-20260628-1782641713,147765,file_number,"ALHASSAN ABDULKADIR DANTATA",,,found
CON-RES-2026-2198,BATCH-20260628-1782641713,147766,file_number,"ALHASSAN ABDULKADIR DANTATA",,,found
CON-RES-2026-2199,BATCH-20260628-1782641713,147767,file_number,"ALHASSAN ABDULKADIR DANTATA",,,found
CON-RES-2026-2200,BATCH-20260628-1782641713,147768,file_number,"ALHASSAN ABDULKADIR DANTATA",,,found
CON-RES-2026-2201,BATCH-20260628-1782641713,147769,file_number,"ALHASSAN ABDULKADIR DANTATA",,,found
CON-RES-2026-2202,BATCH-20260628-1782641713,147770,file_number,"ALHASSAN ABDULKADIR DANTATA",,,found
CON-RES-2026-2203,BATCH-20260628-1782641713,147771,file_number,"ALHASSAN ABDULKADIR DANTATA",,,found
CON-RES-2026-2204,BATCH-20260628-1782641713,147772,file_number,"ALHASSAN ABDULKADIR DANTATA",,,found
CON-RES-2026-2205,BATCH-20260628-1782641713,147773,file_number,"ALHASSAN ABDULKADIR DANTATA",,,found
CON-RES-2026-2206,BATCH-20260628-1782641713,147774,file_number,"ALHASSAN ABDULKADIR DANTATA",,,found
CON-RES-2026-2207,BATCH-20260628-1782641713,147775,file_number,"ALHASSAN ABDULKADIR DANTATA",,,found
CON-RES-2026-2208,BATCH-20260628-1782641713,147776,file_number,"ALHASSAN ABDULKADIR DANTATA",,,found
CON-RES-2026-2209,BATCH-20260628-1782641713,147777,file_number,"ALHASSAN ABDULKADIR DANTATA",,,found
CON-RES-2026-2210,BATCH-20260628-1782641713,147778,file_number,"ALHASSAN ABDULKADIR DANTATA",,,found
CON-RES-2026-2211,BATCH-20260628-1782641713,147779,file_number,"ALHASSAN ABDULKADIR DANTATA",,,found
CON-RES-2026-2212,BATCH-20260628-1782641713,147780,file_number,"ALHASSAN ABDULKADIR DANTATA",,,found
CON-RES-2026-2213,BATCH-20260628-1782641713,147781,file_number,"ALHASSAN ABDULKADIR DANTATA",,,found
CON-RES-2026-2214,BATCH-20260628-1782641713,147782,file_number,"ALHASSAN ABDULKADIR DANTATA",,,found
CON-RES-2026-2215,BATCH-20260628-1782641713,147783,file_number,"ALHASSAN ABDULKADIR DANTATA",,,found
CON-RES-2026-2216,BATCH-20260628-1782641713,147784,file_number,"ALHASSAN ABDULKADIR DANTATA",,,found
CON-RES-2026-2217,BATCH-20260628-1782641713,147785,file_number,"ALHASSAN ABDULKADIR DANTATA",,,found
CON-RES-2026-2218,BATCH-20260628-1782641713,147786,file_number,"ALHASSAN ABDULKADIR DANTATA",,,found
CON-RES-2026-2219,BATCH-20260628-1782641713,147787,file_number,"ALHASSAN ABDULKADIR DANTATA",,,found
CON-RES-2026-2220,BATCH-20260628-1782641713,147788,file_number,"ALHASSAN ABDULKADIR DANTATA",,,found
CON-RES-2026-2221,BATCH-20260628-1782641713,147789,file_number,"ALHASSAN ABDULKADIR DANTATA",,,found
CON-RES-2026-2222,BATCH-20260628-1782641713,147790,file_number,"ALHASSAN ABDULKADIR DANTATA",,,found
CON-RES-2026-2223,BATCH-20260628-1782641713,147791,file_number,"ALHASSAN ABDULKADIR DANTATA",,,found
CON-RES-2026-2224,BATCH-20260628-1782641713,147792,file_number,"ALHASSAN ABDULKADIR DANTATA",,,found
CON-RES-2026-2225,BATCH-20260628-1782641713,147793,file_number,"ALHASSAN ABDULKADIR DANTATA",,,found
CON-RES-2026-2226,BATCH-20260628-1782641713,147794,file_number,"ALHASSAN ABDULKADIR DANTATA",,,found
CON-RES-2026-2227,BATCH-20260628-1782641713,147795,file_number,"ALHASSAN ABDULKADIR DANTATA",,,found
CON-RES-2026-2228,BATCH-20260628-1782641713,147796,file_number,"ALHASSAN ABDULKADIR DANTATA",,,found
CON-RES-2026-2229,BATCH-20260628-1782641713,147797,file_number,"ALHASSAN ABDULKADIR DANTATA",,,found
CON-RES-2026-2230,BATCH-20260628-1782641713,147798,file_number,"ALHASSAN ABDULKADIR DANTATA",,,found
CON-RES-2026-2231,BATCH-20260628-1782641713,147799,file_number,"ALHASSAN ABDULKADIR DANTATA",,,found
CON-RES-2026-2232,BATCH-20260628-1782641713,147800,file_number,"ALHASSAN ABDULKADIR DANTATA",,,found
CON-RES-2026-2233,BATCH-20260628-1782641713,147801,file_number,"ALHASSAN ABDULKADIR DANTATA",,,found
CON-RES-2026-2234,BATCH-20260628-1782641713,147802,file_number,"ALHASSAN ABDULKADIR DANTATA",,,found
CON-RES-2026-2239,BATCH-20260628-1782664386,147877,file_number,"ALHASSAN ABDULKADIR DANTATA",,,found
CON-RES-2026-2240,BATCH-20260628-1782664386,147878,file_number,"ALHASSAN ABDULKADIR DANTATA",,,found
CON-RES-2026-2241,BATCH-20260628-1782664386,147879,file_number,"ALHASSAN ABDULKADIR DANTATA",,,found
CON-RES-2026-2242,BATCH-20260628-1782664386,147880,file_number,"ALHASSAN ABDULKADIR DANTATA",,,found
CON-RES-2026-2243,BATCH-20260628-1782664386,147881,file_number,"ALHASSAN ABDULKADIR DANTATA",,,found
CON-RES-2026-2244,BATCH-20260628-1782664386,147882,file_number,"ALHASSAN ABDULKADIR DANTATA",,,found
CON-RES-2026-2245,BATCH-20260628-1782664386,147883,file_number,"ALHASSAN ABDULKADIR DANTATA",,,found
CON-RES-2026-2246,BATCH-20260628-1782664386,147884,file_number,"ALHASSAN ABDULKADIR DANTATA",,,found
CON-RES-2026-2247,BATCH-20260628-1782664386,147885,file_number,"ALHASSAN ABDULKADIR DANTATA",,,found
CON-RES-2026-2248,BATCH-20260628-1782664386,147886,file_number,"ALHASSAN ABDULKADIR DANTATA",,,found
CON-RES-2026-2249,BATCH-20260628-1782664386,147887,file_number,"ALHASSAN ABDULKADIR DANTATA",,,found
CON-RES-2026-2250,BATCH-20260628-1782664386,147888,file_number,"ALHASSAN ABDULKADIR DANTATA",,,found
CON-RES-2026-2251,BATCH-20260628-1782664386,147889,file_number,"ALHASSAN ABDULKADIR DANTATA",,,found
CON-RES-2026-2252,BATCH-20260628-1782664386,147890,file_number,"ALHASSAN ABDULKADIR DANTATA",,,found
CON-RES-2026-2253,BATCH-20260628-1782664386,147891,file_number,"ALHASSAN ABDULKADIR DANTATA",,,found
CON-RES-2026-2254,BATCH-20260628-1782664386,147892,file_number,"ALHASSAN ABDULKADIR DANTATA",,,found
CON-RES-2026-2255,BATCH-20260628-1782664386,147893,file_number,"ALHASSAN ABDULKADIR DANTATA",,,found
CON-RES-2026-2256,BATCH-20260628-1782664386,147894,file_number,"ALHASSAN ABDULKADIR DANTATA",,,found
CON-RES-2026-2257,BATCH-20260628-1782664386,147895,file_number,"ALHASSAN ABDULKADIR DANTATA",,,found
CON-RES-2026-2258,BATCH-20260628-1782664386,147896,file_number,"ALHASSAN ABDULKADIR DANTATA",,,found
CON-RES-2026-2259,BATCH-20260628-1782664386,147897,file_number,"ALHASSAN ABDULKADIR DANTATA",,,found
CON-RES-2026-2260,BATCH-20260628-1782664386,147898,file_number,"ALHASSAN ABDULKADIR DANTATA",,,found
CON-RES-2026-2261,BATCH-20260628-1782664386,147899,file_number,"ALHASSAN ABDULKADIR DANTATA",,,found
CON-RES-2026-2262,BATCH-20260628-1782664386,147900,file_number,"ALHASSAN ABDULKADIR DANTATA",,,found
CON-RES-2026-2263,BATCH-20260628-1782664386,147901,file_number,"ALHASSAN ABDULKADIR DANTATA",,,found
CON-RES-2026-2264,BATCH-20260628-1782664386,147902,file_number,"ALHASSAN ABDULKADIR DANTATA",,,found
CON-RES-2026-2265,BATCH-20260628-1782664386,147903,file_number,"ALHASSAN ABDULKADIR DANTATA",,,found
CON-RES-2026-2266,BATCH-20260628-1782664386,147904,file_number,"ALHASSAN ABDULKADIR DANTATA",,,found
CON-RES-2026-2267,BATCH-20260628-1782664386,147905,file_number,"ALHASSAN ABDULKADIR DANTATA",,,found
CON-RES-2026-2268,BATCH-20260628-1782664386,147906,file_number,"ALHASSAN ABDULKADIR DANTATA",,,found
CON-RES-2026-2269,BATCH-20260628-1782664386,147907,file_number,"ALHASSAN ABDULKADIR DANTATA",,,found
CON-RES-2026-2270,BATCH-20260628-1782664386,147908,file_number,"ALHASSAN ABDULKADIR DANTATA",,,found
CON-RES-2026-2271,BATCH-20260628-1782664386,147909,file_number,"ALHASSAN ABDULKADIR DANTATA",,,found
CON-RES-2026-2272,BATCH-20260628-1782664386,147910,file_number,"ALHASSAN ABDULKADIR DANTATA",,,found
CON-RES-2026-2273,BATCH-20260628-1782664386,147911,file_number,"ALHASSAN ABDULKADIR DANTATA",,,found
CON-RES-2026-2274,BATCH-20260628-1782664386,147912,file_number,"ALHASSAN ABDULKADIR DANTATA",,,found
CON-RES-2026-2275,BATCH-20260628-1782664386,147913,file_number,"ALHASSAN ABDULKADIR DANTATA",,,found
CON-RES-2026-2276,BATCH-20260628-1782664386,147914,file_number,"ALHASSAN ABDULKADIR DANTATA",,,found
CON-RES-2026-2277,BATCH-20260628-1782664386,147915,file_number,"ALHASSAN ABDULKADIR DANTATA",,,found
CON-RES-2026-2278,BATCH-20260628-1782664386,147916,file_number,"ALHASSAN ABDULKADIR DANTATA",,,found
CON-RES-2026-2279,BATCH-20260628-1782664386,147917,file_number,"ALHASSAN ABDULKADIR DANTATA",,,found
CON-RES-2026-2280,BATCH-20260628-1782664386,147918,file_number,"ALHASSAN ABDULKADIR DANTATA",,,found
CON-RES-2026-2281,BATCH-20260628-1782664386,147919,file_number,"ALHASSAN ABDULKADIR DANTATA",,,found
CON-RES-2026-2282,BATCH-20260628-1782664386,147920,file_number,"ALHASSAN ABDULKADIR DANTATA",,,found
CON-RES-2026-2283,BATCH-20260628-1782664386,147921,file_number,"ALHASSAN ABDULKADIR DANTATA",,,found
CON-RES-2026-2284,BATCH-20260628-1782664386,147922,file_number,"ALHASSAN ABDULKADIR DANTATA",,,found
CON-RES-2026-2285,BATCH-20260628-1782664386,147923,file_number,"ALHASSAN ABDULKADIR DANTATA",,,found
CON-RES-2026-2286,BATCH-20260628-1782664386,147924,file_number,"ALHASSAN ABDULKADIR DANTATA",,,found
CON-RES-2026-2287,BATCH-20260628-1782664386,147925,file_number,"ALHASSAN ABDULKADIR DANTATA",,,found
CON-RES-2026-2288,BATCH-20260628-1782664386,147926,file_number,"ALHASSAN ABDULKADIR DANTATA",,,found
CON-RES-2026-2289,BATCH-20260628-1782664386,147927,file_number,"ALHASSAN ABDULKADIR DANTATA",,,found
CON-RES-2026-2290,BATCH-20260628-1782664386,147928,file_number,"ALHASSAN ABDULKADIR DANTATA",,,found
CON-RES-2026-2291,BATCH-20260628-1782664386,147929,file_number,"ALHASSAN ABDULKADIR DANTATA",,,found
CON-RES-2026-2292,BATCH-20260628-1782664386,147930,file_number,"ALHASSAN ABDULKADIR DANTATA",,,found
CON-RES-2026-2293,BATCH-20260628-1782664386,147931,file_number,"ALHASSAN ABDULKADIR DANTATA",,,found
CON-RES-2026-2294,BATCH-20260628-1782664386,147932,file_number,"ALHASSAN ABDULKADIR DANTATA",,,found
CON-RES-2026-2295,BATCH-20260628-1782664386,147933,file_number,"ALHASSAN ABDULKADIR DANTATA",,,found
CON-RES-2026-2296,BATCH-20260628-1782664386,147934,file_number,"ALHASSAN ABDULKADIR DANTATA",,,found
CON-RES-2026-2297,BATCH-20260628-1782664386,147935,file_number,"ALHASSAN ABDULKADIR DANTATA",,,found
CON-RES-2026-2298,BATCH-20260628-1782664386,147936,file_number,"ALHASSAN ABDULKADIR DANTATA",,,found
CON-RES-2026-2299,BATCH-20260628-1782664386,147937,file_number,"ALHASSAN ABDULKADIR DANTATA",,,found
CON-RES-2026-2300,BATCH-20260628-1782664386,147938,file_number,"ALHASSAN ABDULKADIR DANTATA",,,found
CON-RES-2026-2301,BATCH-20260628-1782664386,147939,file_number,"ALHASSAN ABDULKADIR DANTATA",,,found
CON-RES-2026-2302,BATCH-20260628-1782664386,147940,file_number,"ALHASSAN ABDULKADIR DANTATA",,,found
CON-RES-2026-2303,BATCH-20260628-1782664386,147941,file_number,"ALHASSAN ABDULKADIR DANTATA",,,found
CON-RES-2026-2304,BATCH-20260628-1782664386,147942,file_number,"ALHASSAN ABDULKADIR DANTATA",,,found
CON-RES-2026-2305,BATCH-20260628-1782664386,147943,file_number,"ALHASSAN ABDULKADIR DANTATA",,,found
CON-RES-2026-2306,BATCH-20260628-1782664386,147944,file_number,"ALHASSAN ABDULKADIR DANTATA",,,found
CON-RES-2026-2307,BATCH-20260628-1782664386,147945,file_number,"ALHASSAN ABDULKADIR DANTATA",,,found
CON-RES-2026-2308,BATCH-20260628-1782664386,147946,file_number,"ALHASSAN ABDULKADIR DANTATA",,,found
CON-RES-2026-2309,BATCH-20260628-1782664386,147947,file_number,"ALHASSAN ABDULKADIR DANTATA",,,found
CON-RES-2026-2310,BATCH-20260628-1782664386,147948,file_number,"ALHASSAN ABDULKADIR DANTATA",,,found
CON-RES-2026-2311,BATCH-20260628-1782664386,147949,file_number,"ALHASSAN ABDULKADIR DANTATA",,,found
CON-RES-2026-2312,BATCH-20260628-1782664386,147950,file_number,"ALHASSAN ABDULKADIR DANTATA",,,found
CON-RES-2026-2313,BATCH-20260628-1782664386,147951,file_number,"ALHASSAN ABDULKADIR DANTATA",,,found
CON-RES-2026-2315,BATCH-20260628-1782664386,147952,file_number,"ALHASSAN ABDULKADIR DANTATA",,,found
CON-RES-2026-2316,BATCH-20260628-1782664386,147953,file_number,"ALHASSAN ABDULKADIR DANTATA",,,found
CON-RES-2026-2317,BATCH-20260628-1782664386,147954,file_number,"ALHASSAN ABDULKADIR DANTATA",,,found
CON-RES-2026-2318,BATCH-20260628-1782664386,147955,file_number,"ALHASSAN ABDULKADIR DANTATA",,,found
CON-RES-2026-2319,BATCH-20260628-1782664386,147956,file_number,"ALHASSAN ABDULKADIR DANTATA",,,found
CON-RES-2026-2320,BATCH-20260628-1782664386,147957,file_number,"ALHASSAN ABDULKADIR DANTATA",,,found
CON-RES-2026-2321,BATCH-20260628-1782664386,147958,file_number,"ALHASSAN ABDULKADIR DANTATA",,,found
CON-RES-2026-2322,BATCH-20260628-1782664386,147959,file_number,"ALHASSAN ABDULKADIR DANTATA",,,found
CON-RES-2026-2323,BATCH-20260628-1782664386,147960,file_number,"ALHASSAN ABDULKADIR DANTATA",,,found
CON-RES-2026-2324,BATCH-20260628-1782664386,147961,file_number,"ALHASSAN ABDULKADIR DANTATA",,,found
CON-RES-2026-2325,BATCH-20260628-1782664386,147962,file_number,"ALHASSAN ABDULKADIR DANTATA",,,found
CON-RES-2026-2326,BATCH-20260628-1782664386,147963,file_number,"ALHASSAN ABDULKADIR DANTATA",,,found
CON-RES-2026-2327,BATCH-20260628-1782664386,147964,file_number,"ALHASSAN ABDULKADIR DANTATA",,,found
CON-RES-2026-2328,BATCH-20260628-1782664386,147965,file_number,"ALHASSAN ABDULKADIR DANTATA",,,found
CON-RES-2026-2329,BATCH-20260628-1782664386,147966,file_number,"ALHASSAN ABDULKADIR DANTATA",,,found
CON-RES-2026-2330,BATCH-20260628-1782664386,147967,file_number,"ALHASSAN ABDULKADIR DANTATA",,,found
CON-RES-2026-2331,BATCH-20260628-1782664386,147968,file_number,"ALHASSAN ABDULKADIR DANTATA",,,found
CON-RES-2026-2332,BATCH-20260628-1782664386,147969,file_number,"ALHASSAN ABDULKADIR DANTATA",,,found
CON-RES-2026-2333,BATCH-20260628-1782664386,147970,file_number,"ALHASSAN ABDULKADIR DANTATA",,,found
CON-RES-2026-2334,BATCH-20260628-1782664386,147971,file_number,"ALHASSAN ABDULKADIR DANTATA",,,found
CON-RES-2026-2335,BATCH-20260628-1782664386,147972,file_number,"ALHASSAN ABDULKADIR DANTATA",,,found
CON-RES-2026-2336,BATCH-20260628-1782664386,147973,file_number,"ALHASSAN ABDULKADIR DANTATA",,,found
CON-RES-2026-2337,BATCH-20260628-1782664386,147974,file_number,"ALHASSAN ABDULKADIR DANTATA",,,found
CON-RES-2026-2338,BATCH-20260628-1782664386,147975,file_number,"ALHASSAN ABDULKADIR DANTATA",,,found
CON-RES-2026-2339,BATCH-20260628-1782664386,147976,file_number,"ALHASSAN ABDULKADIR DANTATA",,,found
CON-RES-2026-2340,BATCH-20260628-1782664570,147977,file_number,"ALHASSAN ABDULKADIR DANTATA","Piece of Land","PIECE OF LAND, KUMBOTSO",found
CON-RES-2026-2341,BATCH-20260628-1782664570,147978,file_number,"ALHASSAN ABDULKADIR DANTATA",,,found
CON-RES-2026-2342,BATCH-20260628-1782664570,147979,file_number,"ALHASSAN ABDULKADIR DANTATA",,,found
CON-RES-2026-2343,BATCH-20260628-1782664570,147980,file_number,"ALHASSAN ABDULKADIR DANTATA",,,found
CON-RES-2026-2344,BATCH-20260628-1782664570,147981,file_number,"ALHASSAN ABDULKADIR DANTATA",,,found
CON-RES-2026-2345,BATCH-20260628-1782664570,147982,file_number,"ALHASSAN ABDULKADIR DANTATA",,,found
CON-RES-2026-2346,BATCH-20260628-1782664570,147983,file_number,"ALHASSAN ABDULKADIR DANTATA",,,found
CON-RES-2026-2347,BATCH-20260628-1782664570,147984,file_number,"ALHASSAN ABDULKADIR DANTATA",,,found
CON-RES-2026-2348,BATCH-20260628-1782664570,147985,file_number,"ALHASSAN ABDULKADIR DANTATA",,,found
CON-RES-2026-2349,BATCH-20260628-1782664570,147986,file_number,"ALHASSAN ABDULKADIR DANTATA",,,found
CON-RES-2026-2350,BATCH-20260628-1782664570,147987,file_number,"ALHASSAN ABDULKADIR DANTATA",,,found
CON-RES-2026-2351,BATCH-20260628-1782664570,147988,file_number,"ALHASSAN ABDULKADIR DANTATA",,,found
CON-RES-2026-2352,BATCH-20260628-1782664570,147989,file_number,"ALHASSAN ABDULKADIR DANTATA",,,found
CON-RES-2026-2353,BATCH-20260628-1782664570,147990,file_number,"ALHASSAN ABDULKADIR DANTATA",,,found
CON-RES-2026-2354,BATCH-20260628-1782664570,147991,file_number,"ALHASSAN ABDULKADIR DANTATA",,,found
CON-RES-2026-2355,BATCH-20260628-1782664570,147992,file_number,"ALHASSAN ABDULKADIR DANTATA",,,found
CON-RES-2026-2356,BATCH-20260628-1782664570,147993,file_number,"ALHASSAN ABDULKADIR DANTATA",,,found
CON-RES-2026-2357,BATCH-20260628-1782664570,147994,file_number,"ALHASSAN ABDULKADIR DANTATA",,,found
CON-RES-2026-2358,BATCH-20260628-1782664570,147995,file_number,"ALHASSAN ABDULKADIR DANTATA",,,found
CON-RES-2026-2359,BATCH-20260628-1782664570,147996,file_number,"ALHASSAN ABDULKADIR DANTATA",,,found
CON-RES-2026-2360,BATCH-20260628-1782664570,147997,file_number,"ALHASSAN ABDULKADIR DANTATA",,,found
CON-RES-2026-2361,BATCH-20260628-1782664570,147998,file_number,"ALHASSAN ABDULKADIR DANTATA",,,found
CON-RES-2026-2362,BATCH-20260628-1782664570,147999,file_number,"ALHASSAN ABDULKADIR DANTATA",,,found
CON-RES-2026-2363,BATCH-20260628-1782664570,148000,file_number,"ALHASSAN ABDULKADIR DANTATA",,,found
CON-RES-2026-2364,BATCH-20260628-1782664570,148001,file_number,"ALHASSAN ABDULKADIR DANTATA",,,found
CON-RES-2026-2365,BATCH-20260628-1782664570,148002,file_number,"ALHASSAN ABDULKADIR DANTATA",,,found
CON-RES-2026-2366,BATCH-20260628-1782664570,148003,file_number,"ALHASSAN ABDULKADIR DANTATA",,,found
CON-RES-2026-2367,BATCH-20260628-1782664570,148004,file_number,"ALHASSAN ABDULKADIR DANTATA",,,found
CON-RES-2026-2368,BATCH-20260628-1782664570,148005,file_number,"ALHASSAN ABDULKADIR DANTATA",,,found
CON-RES-2026-2369,BATCH-20260628-1782664570,148006,file_number,"ALHASSAN ABDULKADIR DANTATA",,,found
CON-RES-2026-2370,BATCH-20260628-1782664570,148007,file_number,"ALHASSAN ABDULKADIR DANTATA",,,found
CON-RES-2026-2371,BATCH-20260628-1782664570,148008,file_number,"ALHASSAN ABDULKADIR DANTATA",,,found
CON-RES-2026-2372,BATCH-20260628-1782664570,148009,file_number,"ALHASSAN ABDULKADIR DANTATA",,,found
CON-RES-2026-2373,BATCH-20260628-1782664570,148010,file_number,"ALHASSAN ABDULKADIR DANTATA",,,found
CON-RES-2026-2374,BATCH-20260628-1782664570,148011,file_number,"ALHASSAN ABDULKADIR DANTATA",,,found
CON-RES-2026-2375,BATCH-20260628-1782664570,148012,file_number,"ALHASSAN ABDULKADIR DANTATA",,,found
CON-RES-2026-2376,BATCH-20260628-1782664570,148013,file_number,"ALHASSAN ABDULKADIR DANTATA",,,found
CON-RES-2026-2377,BATCH-20260628-1782664570,148014,file_number,"ALHASSAN ABDULKADIR DANTATA",,,found
CON-RES-2026-2378,BATCH-20260628-1782664570,148015,file_number,"ALHASSAN ABDULKADIR DANTATA",,,found
CON-RES-2026-2379,BATCH-20260628-1782664570,148016,file_number,"ALHASSAN ABDULKADIR DANTATA",,,found
CON-RES-2026-2380,BATCH-20260628-1782664570,148017,file_number,"ALHASSAN ABDULKADIR DANTATA",,,found
CON-RES-2026-2381,BATCH-20260628-1782664570,148018,file_number,"ALHASSAN ABDULKADIR DANTATA",,,found
CON-RES-2026-2382,BATCH-20260628-1782664570,148019,file_number,"ALHASSAN ABDULKADIR DANTATA",,,found
CON-RES-2026-2383,BATCH-20260628-1782664570,148020,file_number,"ALHASSAN ABDULKADIR DANTATA",,,found
CON-RES-2026-2384,BATCH-20260628-1782664570,148021,file_number,"ALHASSAN ABDULKADIR DANTATA",,,found
CON-RES-2026-2385,BATCH-20260628-1782664570,148022,file_number,"ALHASSAN ABDULKADIR DANTATA",,,found
CON-RES-2026-2386,BATCH-20260628-1782664570,148023,file_number,"ALHASSAN ABDULKADIR DANTATA",,,found
CON-RES-2026-2387,BATCH-20260628-1782664570,148024,file_number,"ALHASSAN ABDULKADIR DANTATA",,,found
CON-RES-2026-2388,BATCH-20260628-1782664570,148025,file_number,"ALHASSAN ABDULKADIR DANTATA",,,found
CON-RES-2026-2389,BATCH-20260628-1782664570,148026,file_number,"ALHASSAN ABDULKADIR DANTATA",,,found
CON-RES-2026-2390,BATCH-20260628-1782664570,148027,file_number,"ALHASSAN ABDULKADIR DANTATA",,,found
CON-RES-2026-2391,BATCH-20260628-1782664570,148028,file_number,"ALHASSAN ABDULKADIR DANTATA",,,found
CON-RES-2026-2392,BATCH-20260628-1782664570,148029,file_number,"ALHASSAN ABDULKADIR DANTATA",,,found
CON-RES-2026-2393,BATCH-20260628-1782664570,148030,file_number,"ALHASSAN ABDULKADIR DANTATA",,,found
CON-RES-2026-2394,BATCH-20260628-1782664570,148031,file_number,"ALHASSAN ABDULKADIR DANTATA",,,found
CON-RES-2026-2395,BATCH-20260628-1782664570,148032,file_number,"ALHASSAN ABDULKADIR DANTATA",,,found
CON-RES-2026-2396,BATCH-20260628-1782664570,148033,file_number,"ALHASSAN ABDULKADIR DANTATA",,,found
CON-RES-2026-2397,BATCH-20260628-1782664570,148034,file_number,"ALHASSAN ABDULKADIR DANTATA",,,found
CON-RES-2026-2398,BATCH-20260628-1782664570,148035,file_number,"ALHASSAN ABDULKADIR DANTATA",,,found
CON-RES-2026-2399,BATCH-20260628-1782664570,148036,file_number,"ALHASSAN ABDULKADIR DANTATA",,,found
CON-RES-2026-2400,BATCH-20260628-1782664570,148037,file_number,"ALHASSAN ABDULKADIR DANTATA",,,found
CON-RES-2026-2401,BATCH-20260628-1782664570,148038,file_number,"ALHASSAN ABDULKADIR DANTATA",,,found
CON-RES-2026-2402,BATCH-20260628-1782664570,148039,file_number,"ALHASSAN ABDULKADIR DANTATA",,,found
CON-RES-2026-2403,BATCH-20260628-1782664570,148040,file_number,"ALHASSAN ABDULKADIR DANTATA",,,found
CON-RES-2026-2404,BATCH-20260628-1782664570,148041,file_number,"ALHASSAN ABDULKADIR DANTATA",,,found
CON-RES-2026-2405,BATCH-20260628-1782664570,148042,file_number,"ALHASSAN ABDULKADIR DANTATA",,,found
CON-RES-2026-2406,BATCH-20260628-1782664570,148043,file_number,"ALHASSAN ABDULKADIR DANTATA",,,found
CON-RES-2026-2407,BATCH-20260628-1782664570,148044,file_number,"ALHASSAN ABDULKADIR DANTATA",,,found
CON-RES-2026-2408,BATCH-20260628-1782664570,148045,file_number,"ALHASSAN ABDULKADIR DANTATA",,,found
CON-RES-2026-2409,BATCH-20260628-1782664570,148046,file_number,"ALHASSAN ABDULKADIR DANTATA",,,found
CON-RES-2026-2410,BATCH-20260628-1782664570,148047,file_number,"ALHASSAN ABDULKADIR DANTATA",,,found
CON-RES-2026-2411,BATCH-20260628-1782664570,148048,file_number,"ALHASSAN ABDULKADIR DANTATA",,,found
CON-RES-2026-2412,BATCH-20260628-1782664570,148049,file_number,"ALHASSAN ABDULKADIR DANTATA",,,found
CON-RES-2026-2413,BATCH-20260628-1782664570,148050,file_number,"ALHASSAN ABDULKADIR DANTATA",,,found
CON-RES-2026-2414,BATCH-20260628-1782664570,148051,file_number,"ALHASSAN ABDULKADIR DANTATA",,,found
CON-RES-2026-2415,BATCH-20260628-1782664570,148052,file_number,"ALHASSAN ABDULKADIR DANTATA",,,found
CON-RES-2026-2416,BATCH-20260628-1782664570,148053,file_number,"ALHASSAN ABDULKADIR DANTATA",,,found
CON-RES-2026-2417,BATCH-20260628-1782664570,148054,file_number,"ALHASSAN ABDULKADIR DANTATA",,,found
CON-RES-2026-2418,BATCH-20260628-1782664570,148055,file_number,"ALHASSAN ABDULKADIR DANTATA",,,found
CON-RES-2026-2419,BATCH-20260628-1782664570,148056,file_number,"ALHASSAN ABDULKADIR DANTATA",,,found
CON-RES-2026-2420,BATCH-20260628-1782664570,148057,file_number,"ALHASSAN ABDULKADIR DANTATA",,,found
CON-RES-2026-2421,BATCH-20260628-1782664570,148058,file_number,"ALHASSAN ABDULKADIR DANTATA",,,found
CON-RES-2026-2422,BATCH-20260628-1782664570,148059,file_number,"ALHASSAN ABDULKADIR DANTATA",,,found
CON-RES-2026-2423,BATCH-20260628-1782664570,148060,file_number,"ALHASSAN ABDULKADIR DANTATA",,,found
CON-RES-2026-2424,BATCH-20260628-1782664570,148061,file_number,"ALHASSAN ABDULKADIR DANTATA",,,found
CON-RES-2026-2425,BATCH-20260628-1782664570,148062,file_number,"ALHASSAN ABDULKADIR DANTATA",,,found
CON-RES-2026-2426,BATCH-20260628-1782664570,148063,file_number,"ALHASSAN ABDULKADIR DANTATA",,,found
CON-RES-2026-2427,BATCH-20260628-1782664570,148064,file_number,"ALHASSAN ABDULKADIR DANTATA",,,found
CON-RES-2026-2428,BATCH-20260628-1782664570,148065,file_number,"ALHASSAN ABDULKADIR DANTATA",,,found
CON-RES-2026-2429,BATCH-20260628-1782664570,148066,file_number,"ALHASSAN ABDULKADIR DANTATA",,,found
CON-RES-2026-2430,BATCH-20260628-1782664570,148067,file_number,"ALHASSAN ABDULKADIR DANTATA",,,found
CON-RES-2026-2431,BATCH-20260628-1782664570,148068,file_number,"ALHASSAN ABDULKADIR DANTATA",,,found
CON-RES-2026-2432,BATCH-20260628-1782664570,148069,file_number,"ALHASSAN ABDULKADIR DANTATA",,,found
CON-RES-2026-2433,BATCH-20260628-1782664570,148070,file_number,"ALHASSAN ABDULKADIR DANTATA",,,found
CON-RES-2026-2434,BATCH-20260628-1782664570,148071,file_number,"ALHASSAN ABDULKADIR DANTATA",,,found
CON-RES-2026-2435,BATCH-20260628-1782664570,148072,file_number,"ALHASSAN ABDULKADIR DANTATA",,,found
CON-RES-2026-2436,BATCH-20260628-1782664570,148073,file_number,"ALHASSAN ABDULKADIR DANTATA",,,found
CON-RES-2026-2437,BATCH-20260628-1782664570,148074,file_number,"ALHASSAN ABDULKADIR DANTATA",,,found
CON-RES-2026-2438,BATCH-20260628-1782664570,148075,file_number,"ALHASSAN ABDULKADIR DANTATA",,,found
CON-RES-2026-2439,BATCH-20260628-1782664570,148076,file_number,"ALHASSAN ABDULKADIR DANTATA",,,found
CON-RES-2026-2440,BATCH-20260628-1782664709,148077,file_number,"ALHASSAN ABDULKADIR DANTATA",,,found
CON-RES-2026-2441,BATCH-20260628-1782664709,148078,file_number,"ALHASSAN ABDULKADIR DANTATA",,,found
CON-RES-2026-2442,BATCH-20260628-1782664709,148079,file_number,"ALHASSAN ABDULKADIR DANTATA",,,found
CON-RES-2026-2443,BATCH-20260628-1782664709,148080,file_number,"ALHASSAN ABDULKADIR DANTATA",,,found
CON-RES-2026-2444,BATCH-20260628-1782664709,148081,file_number,"ALHASSAN ABDULKADIR DANTATA",,,found
CON-RES-2026-2445,BATCH-20260628-1782664709,148082,file_number,"ALHASSAN ABDULKADIR DANTATA",,,found
CON-RES-2026-2446,BATCH-20260628-1782664709,148083,file_number,"ALHASSAN ABDULKADIR DANTATA",,,found
CON-RES-2026-2447,BATCH-20260628-1782664709,148084,file_number,"ALHASSAN ABDULKADIR DANTATA",,,found
CON-RES-2026-2448,BATCH-20260628-1782664709,148085,file_number,"ALHASSAN ABDULKADIR DANTATA",,,found
CON-RES-2026-2449,BATCH-20260628-1782664709,148086,file_number,"ALHASSAN ABDULKADIR DANTATA",,,found
CON-RES-2026-2450,BATCH-20260628-1782664709,148087,file_number,"ALHASSAN ABDULKADIR DANTATA",,,found
CON-RES-2026-2451,BATCH-20260628-1782664709,148088,file_number,"ALHASSAN ABDULKADIR DANTATA",,,found
CON-RES-2026-2452,BATCH-20260628-1782664709,148089,file_number,"ALHASSAN ABDULKADIR DANTATA",,,found
CON-RES-2026-2453,BATCH-20260628-1782664709,148090,file_number,"ALHASSAN ABDULKADIR DANTATA",,,found
CON-RES-2026-2454,BATCH-20260628-1782664709,148091,file_number,"ALHASSAN ABDULKADIR DANTATA",,,found
CON-RES-2026-2455,BATCH-20260628-1782664709,148092,file_number,"ALHASSAN ABDULKADIR DANTATA",,,found
CON-RES-2026-2456,BATCH-20260628-1782664709,148093,file_number,"ALHASSAN ABDULKADIR DANTATA",,,found
CON-RES-2026-2457,BATCH-20260628-1782664709,148094,file_number,"ALHASSAN ABDULKADIR DANTATA",,,found
CON-RES-2026-2458,BATCH-20260628-1782664709,148095,file_number,"ALHASSAN ABDULKADIR DANTATA",,,found
CON-RES-2026-2459,BATCH-20260628-1782664709,148096,file_number,"ALHASSAN ABDULKADIR DANTATA",,,found
CON-RES-2026-2460,BATCH-20260628-1782664709,148097,file_number,"ALHASSAN ABDULKADIR DANTATA",,,found
CON-RES-2026-2461,BATCH-20260628-1782664709,148098,file_number,"ALHASSAN ABDULKADIR DANTATA",,,found
CON-RES-2026-2462,BATCH-20260628-1782664709,148099,file_number,"ALHASSAN ABDULKADIR DANTATA",,,found
CON-RES-2026-2463,BATCH-20260628-1782664709,148100,file_number,"ALHASSAN ABDULKADIR DANTATA",,,found
CON-RES-2026-2464,BATCH-20260628-1782664709,148101,file_number,"ALHASSAN ABDULKADIR DANTATA",,,found
CON-RES-2026-2465,BATCH-20260628-1782664709,148102,file_number,"ALHASSAN ABDULKADIR DANTATA",,,found
CON-RES-2026-2466,BATCH-20260628-1782664709,148103,file_number,"ALHASSAN ABDULKADIR DANTATA",,,found
CON-RES-2026-2467,BATCH-20260628-1782664709,148104,file_number,"ALHASSAN ABDULKADIR DANTATA",,,found
CON-RES-2026-2468,BATCH-20260628-1782664709,148105,file_number,"ALHASSAN ABDULKADIR DANTATA",,,found
CON-RES-2026-2469,BATCH-20260628-1782664709,148106,file_number,"ALHASSAN ABDULKADIR DANTATA",,,found
CON-RES-2026-2470,BATCH-20260628-1782664709,148107,file_number,"ALHASSAN ABDULKADIR DANTATA",,,found
CON-RES-2026-2471,BATCH-20260628-1782664709,148108,file_number,"ALHASSAN ABDULKADIR DANTATA",,,found
CON-RES-2026-2472,BATCH-20260628-1782664709,148109,file_number,"ALHASSAN ABDULKADIR DANTATA",,,found
CON-RES-2026-2473,BATCH-20260628-1782664709,148110,file_number,"ALHASSAN ABDULKADIR DANTATA",,,found
CON-RES-2026-2474,BATCH-20260628-1782664709,148111,file_number,"ALHASSAN ABDULKADIR DANTATA",,,found
CON-RES-2026-2475,BATCH-20260628-1782664709,148112,file_number,"ALHASSAN ABDULKADIR DANTATA",,,found
CON-RES-2026-2476,BATCH-20260628-1782664709,148113,file_number,"ALHASSAN ABDULKADIR DANTATA",,,found
CON-RES-2026-2477,BATCH-20260628-1782664709,148114,file_number,"ALHASSAN ABDULKADIR DANTATA",,,found
CON-RES-2026-2478,BATCH-20260628-1782664709,148115,file_number,"ALHASSAN ABDULKADIR DANTATA",,,found
CON-RES-2026-2479,BATCH-20260628-1782664709,148116,file_number,"ALHASSAN ABDULKADIR DANTATA",,,found
CON-RES-2026-2480,BATCH-20260628-1782664709,148117,file_number,"ALHASSAN ABDULKADIR DANTATA",,,found
CON-RES-2026-2481,BATCH-20260628-1782664709,148118,file_number,"ALHASSAN ABDULKADIR DANTATA",,,found
CON-RES-2026-2482,BATCH-20260628-1782664709,148119,file_number,"ALHASSAN ABDULKADIR DANTATA",,,found
CON-RES-2026-2483,BATCH-20260628-1782664709,148120,file_number,"ALHASSAN ABDULKADIR DANTATA",,,found
CON-RES-2026-2484,BATCH-20260628-1782664709,148121,file_number,"ALHASSAN ABDULKADIR DANTATA",,,found
CON-RES-2026-2485,BATCH-20260628-1782664709,148122,file_number,"ALHASSAN ABDULKADIR DANTATA",,,found
CON-RES-2026-2486,BATCH-20260628-1782664709,148123,file_number,"ALHASSAN ABDULKADIR DANTATA",,,found
CON-RES-2026-2487,BATCH-20260628-1782664709,148124,file_number,"ALHASSAN ABDULKADIR DANTATA",,,found
CON-RES-2026-2488,BATCH-20260628-1782664709,148125,file_number,"ALHASSAN ABDULKADIR DANTATA",,,found
CON-RES-2026-2489,BATCH-20260628-1782664709,148126,file_number,"ALHASSAN ABDULKADIR DANTATA",,,found
CON-RES-2026-2490,BATCH-20260628-1782664709,148127,file_number,"ALHASSAN ABDULKADIR DANTATA",,,found
CON-RES-2026-2491,BATCH-20260628-1782664709,148128,file_number,"ALHASSAN ABDULKADIR DANTATA",,,found
CON-RES-2026-2492,BATCH-20260628-1782664709,148129,file_number,"ALHASSAN ABDULKADIR DANTATA",,,found
CON-RES-2026-2493,BATCH-20260628-1782664709,148130,file_number,"ALHASSAN ABDULKADIR DANTATA",,,found
CON-RES-2026-2494,BATCH-20260628-1782664709,148131,file_number,"ALHASSAN ABDULKADIR DANTATA",,,found
CON-RES-2026-2495,BATCH-20260628-1782664709,148132,file_number,"ALHASSAN ABDULKADIR DANTATA",,,found
CON-RES-2026-2496,BATCH-20260628-1782664709,148133,file_number,"ALHASSAN ABDULKADIR DANTATA",,,found
CON-RES-2026-2497,BATCH-20260628-1782664709,148134,file_number,"ALHASSAN ABDULKADIR DANTATA",,,found
CON-RES-2026-2498,BATCH-20260628-1782664709,148135,file_number,"ALHASSAN ABDULKADIR DANTATA",,,found
CON-RES-2026-2499,BATCH-20260628-1782664709,148136,file_number,"ALHASSAN ABDULKADIR DANTATA",,,found
CON-RES-2026-2500,BATCH-20260628-1782664709,148137,file_number,"ALHASSAN ABDULKADIR DANTATA",,,found
CON-RES-2026-2501,BATCH-20260628-1782664709,148138,file_number,"ALHASSAN ABDULKADIR DANTATA",,,found
CON-RES-2026-2502,BATCH-20260628-1782664709,148139,file_number,"ALHASSAN ABDULKADIR DANTATA",,,found
CON-RES-2026-2503,BATCH-20260628-1782664709,148140,file_number,"ALHASSAN ABDULKADIR DANTATA",,,found
CON-RES-2026-2504,BATCH-20260628-1782664709,148141,file_number,"ALHASSAN ABDULKADIR DANTATA",,,found
CON-RES-2026-2505,BATCH-20260628-1782664709,148142,file_number,"ALHASSAN ABDULKADIR DANTATA",,,found
CON-RES-2026-2506,BATCH-20260628-1782664709,148143,file_number,"ALHASSAN ABDULKADIR DANTATA",,,found
CON-RES-2026-2507,BATCH-20260628-1782664709,148144,file_number,"ALHASSAN ABDULKADIR DANTATA",,,found
CON-RES-2026-2508,BATCH-20260628-1782664709,148145,file_number,"ALHASSAN ABDULKADIR DANTATA",,,found
CON-RES-2026-2509,BATCH-20260628-1782664709,148146,file_number,"ALHASSAN ABDULKADIR DANTATA",,,found
CON-RES-2026-2510,BATCH-20260628-1782664709,148147,file_number,"ALHASSAN ABDULKADIR DANTATA",,,found
CON-RES-2026-2511,BATCH-20260628-1782664709,148148,file_number,"ALHASSAN ABDULKADIR DANTATA",,,found
CON-RES-2026-2512,BATCH-20260628-1782664709,148149,file_number,"ALHASSAN ABDULKADIR DANTATA",,,found
CON-RES-2026-2513,BATCH-20260628-1782664709,148150,file_number,"ALHASSAN ABDULKADIR DANTATA",,,found
CON-RES-2026-2514,BATCH-20260628-1782664709,148151,file_number,"ALHASSAN ABDULKADIR DANTATA",,,found
CON-COM-2026-392,BATCH-20260629-1782729419,148358,file_number,"ALHASSAN ABDULKADIR DANTATA",,,found
CON-COM-2026-393,BATCH-20260629-1782729419,148359,file_number,"ALHASSAN ABDULKADIR DANTATA",,,found
CON-COM-2026-394,BATCH-20260629-1782729419,148360,file_number,"ALHASSAN ABDULKADIR DANTATA",,,found
CON-COM-2026-395,BATCH-20260629-1782729419,148361,file_number,"ALHASSAN ABDULKADIR DANTATA",,,found
CON-COM-2026-396,BATCH-20260629-1782729419,148362,file_number,"ALHASSAN ABDULKADIR DANTATA",,,found
CON-COM-2026-397,BATCH-20260629-1782729419,148363,file_number,"ALHASSAN ABDULKADIR DANTATA",,,found
CON-COM-2026-398,BATCH-20260629-1782729419,148364,file_number,"ALHASSAN ABDULKADIR DANTATA",,,found
CON-COM-2026-399,BATCH-20260629-1782729419,148365,file_number,"ALHASSAN ABDULKADIR DANTATA",,,found
CON-COM-2026-400,BATCH-20260629-1782729419,148366,file_number,"ALHASSAN ABDULKADIR DANTATA",,,found
CON-COM-2026-401,BATCH-20260629-1782729419,148367,file_number,"ALHASSAN ABDULKADIR DANTATA",,,found
CON-COM-2026-402,BATCH-20260629-1782729419,148368,file_number,"ALHASSAN ABDULKADIR DANTATA",,,found
CON-COM-2026-403,BATCH-20260629-1782729419,148369,file_number,"ALHASSAN ABDULKADIR DANTATA",,,found
CON-COM-2026-404,BATCH-20260629-1782729419,148370,file_number,"ALHASSAN ABDULKADIR DANTATA",,,found
CON-COM-2026-405,BATCH-20260629-1782729419,148371,file_number,"ALHASSAN ABDULKADIR DANTATA",,,found
CON-COM-2026-406,BATCH-20260629-1782729419,148372,file_number,"ALHASSAN ABDULKADIR DANTATA",,,found
CON-COM-2026-407,BATCH-20260629-1782729419,148373,file_number,"ALHASSAN ABDULKADIR DANTATA",,,found
CON-COM-2026-408,BATCH-20260629-1782729419,148374,file_number,"ALHASSAN ABDULKADIR DANTATA",,,found
CON-COM-2026-409,BATCH-20260629-1782729419,148375,file_number,"ALHASSAN ABDULKADIR DANTATA",,,found
CON-COM-2026-410,BATCH-20260629-1782729419,148376,file_number,"ALHASSAN ABDULKADIR DANTATA",,,found
CON-COM-2026-411,BATCH-20260629-1782729419,148377,file_number,"ALHASSAN ABDULKADIR DANTATA",,,found
CON-COM-2026-412,BATCH-20260629-1782729419,148378,file_number,"ALHASSAN ABDULKADIR DANTATA",,,found
CON-COM-2026-413,BATCH-20260629-1782729419,148379,file_number,"ALHASSAN ABDULKADIR DANTATA",,,found
CON-COM-2026-414,BATCH-20260629-1782729419,148380,file_number,"ALHASSAN ABDULKADIR DANTATA",,,found
CON-COM-2026-415,BATCH-20260629-1782729419,148381,file_number,"ALHASSAN ABDULKADIR DANTATA",,,found
CON-COM-2026-416,BATCH-20260629-1782729419,148382,file_number,"ALHASSAN ABDULKADIR DANTATA",,,found
