id,file_number,field,old_value,new_value
14163,CON-RES-1981-316,registry,,3
14163,CON-RES-1981-316,general_registry,"Land  Registry","Lands Registry"
14165,CON-RES-1981-327,registry,,3
14165,CON-RES-1981-327,general_registry,"Land  Registry","Lands Registry"
14180,CON-RES-1981-314,registry,,3
14180,CON-RES-1981-314,general_registry,"Land  Registry","Lands Registry"
14188,CON-RES-1981-336,registry,,3
14188,CON-RES-1981-336,general_registry,"Land  Registry","Lands Registry"
14192,CON-RES-1981-330,registry,,3
14192,CON-RES-1981-330,general_registry,"Land  Registry","Lands Registry"
14202,CON-RES-1981-335,registry,,3
14202,CON-RES-1981-335,general_registry,"Land  Registry","Lands Registry"
14203,CON-RES-1981-328,registry,,3
14203,CON-RES-1981-328,general_registry,"Land  Registry","Lands Registry"
14251,CON-RES-1981-344,registry,,3
14251,CON-RES-1981-344,general_registry,"Land  Registry","Lands Registry"
14499,CON-RES-1981-393,registry,,3
14499,CON-RES-1981-393,general_registry,"Land  Registry","Lands Registry"
14509,CON-RES-1981-392,registry,,3
14509,CON-RES-1981-392,general_registry,"Land  Registry","Lands Registry"
14961,CON-RES-1981-351,registry,,3
14961,CON-RES-1981-351,general_registry,"Land  Registry","Lands Registry"
15028,CON-RES-1981-415,registry,,3
15028,CON-RES-1981-415,general_registry,"Land  Registry","Lands Registry"
15244,CON-RES-1981-379,registry,,3
15244,CON-RES-1981-379,general_registry,"Land  Registry","Lands Registry"
15245,CON-RES-1981-448,registry,,3
15245,CON-RES-1981-448,general_registry,"Land  Registry","Lands Registry"
15246,CON-RES-1981-348,registry,,3
15246,CON-RES-1981-348,general_registry,"Land  Registry","Lands Registry"
15247,CON-RES-1981-307,registry,,3
15247,CON-RES-1981-307,general_registry,"Land  Registry","Lands Registry"
15248,CON-RES-1981-438,registry,,3
15248,CON-RES-1981-438,general_registry,"Land  Registry","Lands Registry"
15249,CON-RES-1981-305,registry,,3
15249,CON-RES-1981-305,general_registry,"Land  Registry","Lands Registry"
15536,CON-RES-1981-375,registry,,3
15536,CON-RES-1981-375,general_registry,"Land  Registry","Lands Registry"
15537,CON-RES-1981-358,registry,,3
15537,CON-RES-1981-358,general_registry,"Land  Registry","Lands Registry"
15853,CON-RES-1981-343,registry,,3
15853,CON-RES-1981-343,general_registry,"Land  Registry","Lands Registry"
15865,CON-RES-1981-334,registry,,3
15865,CON-RES-1981-334,general_registry,"Land  Registry","Lands Registry"
15901,CON-RES-1981-331,registry,,3
15901,CON-RES-1981-331,general_registry,"Land  Registry","Lands Registry"
15909,CON-RES-1981-325,registry,,3
15909,CON-RES-1981-325,general_registry,"Land  Registry","Lands Registry"
16795,CON-RES-1981-303,registry,,3
16795,CON-RES-1981-303,general_registry,"Land  Registry","Lands Registry"
19074,CON-RES-1981-366,registry,,3
19074,CON-RES-1981-366,general_registry,"Land  Registry","Lands Registry"
19077,CON-RES-1981-403,registry,,3
19077,CON-RES-1981-403,general_registry,"Land  Registry","Lands Registry"
19087,CON-RES-1981-308,registry,,3
19087,CON-RES-1981-308,general_registry,"Land  Registry","Lands Registry"
19093,CON-RES-1981-429,registry,,3
19093,CON-RES-1981-429,general_registry,"Land  Registry","Lands Registry"
19096,CON-RES-1981-432,registry,,3
19096,CON-RES-1981-432,general_registry,"Land  Registry","Lands Registry"
19107,CON-RES-1981-347,registry,,3
19107,CON-RES-1981-347,general_registry,"Land  Registry","Lands Registry"
19109,CON-RES-1981-367,registry,,3
19109,CON-RES-1981-367,general_registry,"Land  Registry","Lands Registry"
19110,CON-RES-1981-378,registry,,3
19110,CON-RES-1981-378,general_registry,"Land  Registry","Lands Registry"
19111,CON-RES-1981-402,registry,,3
19111,CON-RES-1981-402,general_registry,"Land  Registry","Lands Registry"
19113,CON-RES-1981-418,registry,,3
19113,CON-RES-1981-418,general_registry,"Land  Registry","Lands Registry"
19114,CON-RES-1981-449,registry,,3
19114,CON-RES-1981-449,general_registry,"Land  Registry","Lands Registry"
19115,CON-RES-1981-386,registry,,3
19115,CON-RES-1981-386,general_registry,"Land  Registry","Lands Registry"
19116,CON-RES-1981-381,registry,,3
19116,CON-RES-1981-381,general_registry,"Land  Registry","Lands Registry"
19117,CON-RES-1981-377,registry,,3
19117,CON-RES-1981-377,general_registry,"Land  Registry","Lands Registry"
19122,CON-RES-1981-422,registry,,3
19122,CON-RES-1981-422,general_registry,"Land  Registry","Lands Registry"
19127,CON-RES-1981-341,registry,,3
19127,CON-RES-1981-341,general_registry,"Land  Registry","Lands Registry"
19128,CON-RES-1981-368,registry,,3
19128,CON-RES-1981-368,general_registry,"Land  Registry","Lands Registry"
19131,CON-RES-1981-356,registry,,3
19131,CON-RES-1981-356,general_registry,"Land  Registry","Lands Registry"
19132,CON-RES-1981-323,registry,,3
19132,CON-RES-1981-323,general_registry,"Land  Registry","Lands Registry"
19133,CON-RES-1981-346,registry,,3
19133,CON-RES-1981-346,general_registry,"Land  Registry","Lands Registry"
19134,CON-RES-1981-412,registry,,3
19134,CON-RES-1981-412,general_registry,"Land  Registry","Lands Registry"
19136,CON-RES-1981-313,registry,,3
19136,CON-RES-1981-313,general_registry,"Land  Registry","Lands Registry"
19139,CON-RES-1981-413,registry,,3
19139,CON-RES-1981-413,general_registry,"Land  Registry","Lands Registry"
19140,CON-RES-1981-369,registry,,3
19140,CON-RES-1981-369,general_registry,"Land  Registry","Lands Registry"
19142,CON-RES-1981-337,registry,,3
19142,CON-RES-1981-337,general_registry,"Land  Registry","Lands Registry"
19143,CON-RES-1981-370,registry,,3
19143,CON-RES-1981-370,general_registry,"Land  Registry","Lands Registry"
19144,CON-RES-1981-333,registry,,3
19144,CON-RES-1981-333,general_registry,"Land  Registry","Lands Registry"
19145,CON-RES-1981-306,registry,,3
19145,CON-RES-1981-306,general_registry,"Land  Registry","Lands Registry"
19147,CON-RES-1981-311,registry,,3
19147,CON-RES-1981-311,general_registry,"Land  Registry","Lands Registry"
19148,CON-RES-1981-385,registry,,3
19148,CON-RES-1981-385,general_registry,"Land  Registry","Lands Registry"
19150,CON-RES-1981-362,registry,,3
19150,CON-RES-1981-362,general_registry,"Land  Registry","Lands Registry"
19152,CON-RES-1981-329,registry,,3
19152,CON-RES-1981-329,general_registry,"Land  Registry","Lands Registry"
19156,CON-RES-1981-350,registry,,3
19156,CON-RES-1981-350,general_registry,"Land  Registry","Lands Registry"
19157,CON-RES-1981-456,registry,,3
19157,CON-RES-1981-456,general_registry,"Land  Registry","Lands Registry"
19158,CON-RES-1981-382,registry,,3
19158,CON-RES-1981-382,general_registry,"Land  Registry","Lands Registry"
19159,CON-RES-1981-376,registry,,3
19159,CON-RES-1981-376,general_registry,"Land  Registry","Lands Registry"
19160,CON-RES-1981-384,registry,,3
19160,CON-RES-1981-384,general_registry,"Land  Registry","Lands Registry"
19162,CON-RES-1981-430,registry,,3
19162,CON-RES-1981-430,general_registry,"Land  Registry","Lands Registry"
19163,CON-RES-1981-301,registry,,3
19163,CON-RES-1981-301,general_registry,"Land  Registry","Lands Registry"
19164,CON-RES-1981-431,registry,,3
19164,CON-RES-1981-431,general_registry,"Land  Registry","Lands Registry"
19165,CON-RES-1981-442,registry,,3
19165,CON-RES-1981-442,general_registry,"Land  Registry","Lands Registry"
19170,CON-RES-1981-380,registry,,3
19170,CON-RES-1981-380,general_registry,"Land  Registry","Lands Registry"
19171,CON-RES-1981-441,registry,,3
19171,CON-RES-1981-441,general_registry,"Land  Registry","Lands Registry"
19172,CON-RES-1981-414,registry,,3
19172,CON-RES-1981-414,general_registry,"Land  Registry","Lands Registry"
21356,CON-RES-1981-359,registry,,3
21356,CON-RES-1981-359,general_registry,"Land  Registry","Lands Registry"
21695,CON-RES-1981-465,registry,,3
21695,CON-RES-1981-465,general_registry,"Land  Registry","Lands Registry"
23359,CON-RES-1981-498,registry,,3
23359,CON-RES-1981-498,general_registry,"Land  Registry","Lands Registry"
23361,CON-RES-1981-470,registry,,3
23361,CON-RES-1981-470,general_registry,"Land  Registry","Lands Registry"
23377,CON-RES-1981-469,registry,,3
23377,CON-RES-1981-469,general_registry,"Land  Registry","Lands Registry"
23458,CON-RES-1981-476,registry,,3
23458,CON-RES-1981-476,general_registry,"Land  Registry","Lands Registry"
23459,CON-RES-1981-477,registry,,3
23459,CON-RES-1981-477,general_registry,"Land  Registry","Lands Registry"
23572,CON-RES-1981-459,registry,,3
23572,CON-RES-1981-459,general_registry,"Land  Registry","Lands Registry"
23618,CON-RES-1981-458,registry,,3
23618,CON-RES-1981-458,general_registry,"Land  Registry","Lands Registry"
34373,CON-RES-1981-464,registry,,3
34373,CON-RES-1981-464,general_registry,"Land  Registry","Lands Registry"
34465,CON-RES-1981-471,registry,,3
34465,CON-RES-1981-471,general_registry,"Land  Registry","Lands Registry"
34510,CON-RES-1981-443,registry,,3
34510,CON-RES-1981-443,general_registry,"Land  Registry","Lands Registry"
34527,CON-RES-1981-485,registry,,3
34527,CON-RES-1981-485,general_registry,"Land  Registry","Lands Registry"
34539,CON-RES-1981-467,registry,,3
34539,CON-RES-1981-467,general_registry,"Land  Registry","Lands Registry"
34540,CON-RES-1981-475,registry,,3
34540,CON-RES-1981-475,general_registry,"Land  Registry","Lands Registry"
34560,CON-RES-1981-332,registry,,3
34560,CON-RES-1981-332,general_registry,"Land  Registry","Lands Registry"
34561,CON-RES-1981-428,registry,,3
34561,CON-RES-1981-428,general_registry,"Land  Registry","Lands Registry"
56668,RES-1989-1620,registry,,1
56668,RES-1989-1620,general_registry,"Land  Registry","Lands Registry"
60282,RES-1989-1713,registry,,1
60282,RES-1989-1713,general_registry,"Land  Registry","Lands Registry"
60294,RES-1989-1702,registry,,1
60294,RES-1989-1702,general_registry,"Land  Registry","Lands Registry"
60299,RES-1989-1706,registry,,1
60299,RES-1989-1706,general_registry,"Land  Registry","Lands Registry"
60312,RES-1989-1747,registry,,1
60312,RES-1989-1747,general_registry,"Land  Registry","Lands Registry"
60445,RES-1989-1739,registry,,1
60445,RES-1989-1739,general_registry,"Land  Registry","Lands Registry"
60452,RES-1989-1716,registry,,1
60452,RES-1989-1716,general_registry,"Land  Registry","Lands Registry"
60458,RES-1989-1751,registry,,1
60458,RES-1989-1751,general_registry,"Land  Registry","Lands Registry"
60464,RES-1989-1752,registry,,1
60464,RES-1989-1752,general_registry,"Land  Registry","Lands Registry"
60474,RES-1989-1754,registry,,1
60474,RES-1989-1754,general_registry,"Land  Registry","Lands Registry"
60479,RES-1989-1707,registry,,1
60479,RES-1989-1707,general_registry,"Land  Registry","Lands Registry"
60489,RES-1989-1721,registry,,1
60489,RES-1989-1721,general_registry,"Land  Registry","Lands Registry"
60496,RES-1989-1705,registry,,1
60496,RES-1989-1705,general_registry,"Land  Registry","Lands Registry"
60499,RES-1989-1731,registry,,1
60499,RES-1989-1731,general_registry,"Land  Registry","Lands Registry"
60503,RES-1989-1744,registry,,1
60503,RES-1989-1744,general_registry,"Land  Registry","Lands Registry"
60504,RES-1989-1701,registry,,1
60504,RES-1989-1701,general_registry,"Land  Registry","Lands Registry"
60505,RES-1989-1727,registry,,1
60505,RES-1989-1727,general_registry,"Land  Registry","Lands Registry"
60515,RES-1989-1725,registry,,1
60515,RES-1989-1725,general_registry,"Land  Registry","Lands Registry"
60533,RES-1989-1700,registry,,1
60533,RES-1989-1700,general_registry,"Land  Registry","Lands Registry"
60540,RES-1989-1722,registry,,1
60540,RES-1989-1722,general_registry,"Land  Registry","Lands Registry"
60545,RES-1989-1708,registry,,1
60545,RES-1989-1708,general_registry,"Land  Registry","Lands Registry"
60551,RES-1989-1757,registry,,1
60551,RES-1989-1757,general_registry,"Land  Registry","Lands Registry"
60554,RES-1989-1709,registry,,1
60554,RES-1989-1709,general_registry,"Land  Registry","Lands Registry"
60558,RES-1989-1715,registry,,1
60558,RES-1989-1715,general_registry,"Land  Registry","Lands Registry"
60563,RES-1989-1746,registry,,1
60563,RES-1989-1746,general_registry,"Land  Registry","Lands Registry"
60564,RES-1989-1693,registry,,1
60564,RES-1989-1693,general_registry,"Land  Registry","Lands Registry"
60580,RES-1989-1738,registry,,1
60580,RES-1989-1738,general_registry,"Land  Registry","Lands Registry"
60582,RES-1989-1703,registry,,1
60582,RES-1989-1703,general_registry,"Land  Registry","Lands Registry"
60599,RES-1989-1755,registry,,1
60599,RES-1989-1755,general_registry,"Land  Registry","Lands Registry"
60603,RES-1989-1719,registry,,1
60603,RES-1989-1719,general_registry,"Land  Registry","Lands Registry"
60623,RES-1989-1711,registry,,1
60623,RES-1989-1711,general_registry,"Land  Registry","Lands Registry"
60637,RES-1989-1669,registry,,1
60637,RES-1989-1669,general_registry,"Land  Registry","Lands Registry"
60647,RES-1989-1704,registry,,1
60647,RES-1989-1704,general_registry,"Land  Registry","Lands Registry"
60652,RES-1989-1714,registry,,1
60652,RES-1989-1714,general_registry,"Land  Registry","Lands Registry"
60673,RES-1989-1758,registry,,1
60673,RES-1989-1758,general_registry,"Land  Registry","Lands Registry"
60955,RES-1989-1723,registry,,1
60955,RES-1989-1723,general_registry,"Land  Registry","Lands Registry"
61032,RES-1989-1756,registry,,1
61032,RES-1989-1756,general_registry,"Land  Registry","Lands Registry"
61127,RES-1989-1605,registry,,1
61127,RES-1989-1605,general_registry,"Land  Registry","Lands Registry"
61415,RES-1989-1608,registry,,1
61415,RES-1989-1608,general_registry,"Land  Registry","Lands Registry"
61420,RES-1989-1615,registry,,1
61420,RES-1989-1615,general_registry,"Land  Registry","Lands Registry"
61426,RES-1989-1636,registry,,1
61426,RES-1989-1636,general_registry,"Land  Registry","Lands Registry"
61431,RES-1989-1645,registry,,1
61431,RES-1989-1645,general_registry,"Land  Registry","Lands Registry"
61434,RES-1989-1650,registry,,1
61434,RES-1989-1650,general_registry,"Land  Registry","Lands Registry"
61438,RES-1989-1647,registry,,1
61438,RES-1989-1647,general_registry,"Land  Registry","Lands Registry"
61450,RES-1989-1648,registry,,1
61450,RES-1989-1648,general_registry,"Land  Registry","Lands Registry"
61454,RES-1989-1633,registry,,1
61454,RES-1989-1633,general_registry,"Land  Registry","Lands Registry"
61456,RES-1989-1667,registry,,1
61456,RES-1989-1667,general_registry,"Land  Registry","Lands Registry"
61459,RES-1989-1687,registry,,1
61459,RES-1989-1687,general_registry,"Land  Registry","Lands Registry"
61462,RES-1989-1685,registry,,1
61462,RES-1989-1685,general_registry,"Land  Registry","Lands Registry"
61469,RES-1989-1644,registry,,1
61469,RES-1989-1644,general_registry,"Land  Registry","Lands Registry"
61475,RES-1989-1623,registry,,1
61475,RES-1989-1623,general_registry,"Land  Registry","Lands Registry"
61484,RES-1989-1736,registry,,1
61484,RES-1989-1736,general_registry,"Land  Registry","Lands Registry"
61503,RES-1989-1688,registry,,1
61503,RES-1989-1688,general_registry,"Land  Registry","Lands Registry"
61506,RES-1989-1690,registry,,1
61506,RES-1989-1690,general_registry,"Land  Registry","Lands Registry"
61508,RES-1989-1691,registry,,1
61508,RES-1989-1691,general_registry,"Land  Registry","Lands Registry"
61510,RES-1989-1696,registry,,1
61510,RES-1989-1696,general_registry,"Land  Registry","Lands Registry"
61512,RES-1989-1628,registry,,1
61512,RES-1989-1628,general_registry,"Land  Registry","Lands Registry"
61516,RES-1989-1632,registry,,1
61516,RES-1989-1632,general_registry,"Land  Registry","Lands Registry"
61518,RES-1989-1630,registry,,1
61518,RES-1989-1630,general_registry,"Land  Registry","Lands Registry"
61526,RES-1989-1612,registry,,1
61526,RES-1989-1612,general_registry,"Land  Registry","Lands Registry"
61531,RES-1989-1680,registry,,1
61531,RES-1989-1680,general_registry,"Land  Registry","Lands Registry"
61532,RES-1989-1639,registry,,1
61532,RES-1989-1639,general_registry,"Land  Registry","Lands Registry"
61534,RES-1989-1604,registry,,1
61534,RES-1989-1604,general_registry,"Land  Registry","Lands Registry"
61536,RES-1989-1625,registry,,1
61536,RES-1989-1625,general_registry,"Land  Registry","Lands Registry"
61554,RES-1989-1660,registry,,1
61554,RES-1989-1660,general_registry,"Land  Registry","Lands Registry"
61556,RES-1989-1686,registry,,1
61556,RES-1989-1686,general_registry,"Land  Registry","Lands Registry"
61571,RES-1989-1684,registry,,1
61571,RES-1989-1684,general_registry,"Land  Registry","Lands Registry"
61578,RES-1989-1718,registry,,1
61578,RES-1989-1718,general_registry,"Land  Registry","Lands Registry"
61580,RES-1989-1609,registry,,1
61580,RES-1989-1609,general_registry,"Land  Registry","Lands Registry"
61598,RES-1989-1614,registry,,1
61598,RES-1989-1614,general_registry,"Land  Registry","Lands Registry"
61616,RES-1989-1683,registry,,1
61616,RES-1989-1683,general_registry,"Land  Registry","Lands Registry"
61618,RES-1989-1698,registry,,1
61618,RES-1989-1698,general_registry,"Land  Registry","Lands Registry"
61620,RES-1989-1697,registry,,1
61620,RES-1989-1697,general_registry,"Land  Registry","Lands Registry"
61624,RES-1989-1671,registry,,1
61624,RES-1989-1671,general_registry,"Land  Registry","Lands Registry"
61636,RES-1989-1652,registry,,1
61636,RES-1989-1652,general_registry,"Land  Registry","Lands Registry"
61638,RES-1989-1749,registry,,1
61638,RES-1989-1749,general_registry,"Land  Registry","Lands Registry"
61644,RES-1989-1651,registry,,1
61644,RES-1989-1651,general_registry,"Land  Registry","Lands Registry"
61645,RES-1989-1673,registry,,1
61645,RES-1989-1673,general_registry,"Land  Registry","Lands Registry"
61650,RES-1989-1677,registry,,1
61650,RES-1989-1677,general_registry,"Land  Registry","Lands Registry"
61653,RES-1989-1653,registry,,1
61653,RES-1989-1653,general_registry,"Land  Registry","Lands Registry"
61658,RES-1989-1679,registry,,1
61658,RES-1989-1679,general_registry,"Land  Registry","Lands Registry"
61675,RES-1989-1658,registry,,1
61675,RES-1989-1658,general_registry,"Land  Registry","Lands Registry"
61711,RES-1989-1666,registry,,1
61711,RES-1989-1666,general_registry,"Land  Registry","Lands Registry"
61840,RES-1989-1662,registry,,1
61840,RES-1989-1662,general_registry,"Land  Registry","Lands Registry"
62083,RES-1989-1678,registry,,1
62083,RES-1989-1678,general_registry,"Land  Registry","Lands Registry"
62161,RES-1989-1665,registry,,1
62161,RES-1989-1665,general_registry,"Land  Registry","Lands Registry"
62164,RES-1989-1675,registry,,1
62164,RES-1989-1675,general_registry,"Land  Registry","Lands Registry"
62219,RES-1989-1641,registry,,1
62219,RES-1989-1641,general_registry,"Land  Registry","Lands Registry"
62225,RES-1989-1618,registry,,1
62225,RES-1989-1618,general_registry,"Land  Registry","Lands Registry"
62228,RES-1989-1629,registry,,1
62228,RES-1989-1629,general_registry,"Land  Registry","Lands Registry"
62234,RES-1989-1606,registry,,1
62234,RES-1989-1606,general_registry,"Land  Registry","Lands Registry"
62258,RES-1989-1676,registry,,1
62258,RES-1989-1676,general_registry,"Land  Registry","Lands Registry"
62277,RES-1989-1663,registry,,1
62277,RES-1989-1663,general_registry,"Land  Registry","Lands Registry"
62282,RES-1989-1622,registry,,1
62282,RES-1989-1622,general_registry,"Land  Registry","Lands Registry"
62303,RES-1989-1657,registry,,1
62303,RES-1989-1657,general_registry,"Land  Registry","Lands Registry"
62310,RES-1989-1602,registry,,1
62310,RES-1989-1602,general_registry,"Land  Registry","Lands Registry"
62311,RES-1989-1670,registry,,1
62311,RES-1989-1670,general_registry,"Land  Registry","Lands Registry"
62315,RES-1989-1638,registry,,1
62315,RES-1989-1638,general_registry,"Land  Registry","Lands Registry"
62319,RES-1989-1674,registry,,1
62319,RES-1989-1674,general_registry,"Land  Registry","Lands Registry"
62324,RES-1989-1603,registry,,1
62324,RES-1989-1603,general_registry,"Land  Registry","Lands Registry"
62326,RES-1989-1668,registry,,1
62326,RES-1989-1668,general_registry,"Land  Registry","Lands Registry"
62327,RES-1989-1710,registry,,1
62327,RES-1989-1710,general_registry,"Land  Registry","Lands Registry"
62377,RES-1989-1607,registry,,1
62377,RES-1989-1607,general_registry,"Land  Registry","Lands Registry"
64220,RES-1989-1733,registry,,1
64220,RES-1989-1733,general_registry,"Land  Registry","Lands Registry"
64226,RES-1989-1726,registry,,1
64226,RES-1989-1726,general_registry,"Land  Registry","Lands Registry"
66049,RES-1989-1734,registry,,1
66049,RES-1989-1734,general_registry,"Land  Registry","Lands Registry"
70028,RES-1989-1732,registry,,1
70028,RES-1989-1732,general_registry,"Land  Registry","Lands Registry"
75111,RES-1989-1745,registry,,1
75111,RES-1989-1745,general_registry,"Land  Registry","Lands Registry"
80184,RES-1989-1634,registry,,1
80184,RES-1989-1634,general_registry,"Land  Registry","Lands Registry"
87071,RES-1989-1737,registry,,1
87071,RES-1989-1737,general_registry,"Land  Registry","Lands Registry"
115790,RES-2024-4070,registry,,2
115790,RES-2024-4070,general_registry,"Land  Registry","Lands Registry"
116958,RES-2024-1636,registry,,2
116958,RES-2024-1636,general_registry,"Land  Registry","Lands Registry"
136469,CON-COM-2024-629,registry,,3
136469,CON-COM-2024-629,general_registry,"Land  Registry","Lands Registry"
145345,RES-1989-1750,registry,,1
145345,RES-1989-1750,general_registry,"Land  Registry","Lands Registry"
158955,RES-1989-1627,registry,,1
158955,RES-1989-1627,general_registry,"Land  Registry","Lands Registry"
186227,CON-IND-2016-4,registry,,3
186227,CON-IND-2016-4,general_registry,"Land  Registry","Lands Registry"
187448,RES-2008-2540,general_registry,"Land  Registry","Lands Registry"
187449,CON-RES-1999-223,general_registry,"Land  Registry","Lands Registry"
187450,RES-1992-4872,general_registry,"Land  Registry","Lands Registry"
187451,CON-RES-1999-222,general_registry,"Land  Registry","Lands Registry"
187452,CON-RES-2024-1145,general_registry,"Land  Registry","Lands Registry"
187453,CON-RES-2024-1144,general_registry,"Land  Registry","Lands Registry"
187454,CON-RES-2024-1146,general_registry,"Land  Registry","Lands Registry"
187455,CON-RES-2024-1149,general_registry,"Land  Registry","Lands Registry"
187456,CON-RES-2024-1147,general_registry,"Land  Registry","Lands Registry"
187457,CON-COM-2013-17,general_registry,"Land  Registry","Lands Registry"
187458,CON-RES-2024-1137,general_registry,"Land  Registry","Lands Registry"
187459,CON-RES-2024-1135,general_registry,"Land  Registry","Lands Registry"
187460,CON-RES-2024-1138,general_registry,"Land  Registry","Lands Registry"
187461,CON-RES-2024-1141,general_registry,"Land  Registry","Lands Registry"
187462,CON-RES-2024-1139,general_registry,"Land  Registry","Lands Registry"
187463,CON-RES-2024-1140,general_registry,"Land  Registry","Lands Registry"
187464,CON-RES-2024-1142,general_registry,"Land  Registry","Lands Registry"
187465,CON-RES-2024-1143,general_registry,"Land  Registry","Lands Registry"
187466,CON-RES-2024-1443,general_registry,"Land  Registry","Lands Registry"
187467,CON-RES-2024-1133,general_registry,"Land  Registry","Lands Registry"
187468,CON-RES-2024-1130,general_registry,"Land  Registry","Lands Registry"
187469,CON-RES-2024-1131,general_registry,"Land  Registry","Lands Registry"
187470,CON-RES-2024-1132,general_registry,"Land  Registry","Lands Registry"
187472,CON-RES-2024-1134,general_registry,"Land  Registry","Lands Registry"
187473,CON-RES-2024-1129,general_registry,"Land  Registry","Lands Registry"
187474,CON-RES-2024-1441,general_registry,"Land  Registry","Lands Registry"
187475,CON-RES-2024-1151,general_registry,"Land  Registry","Lands Registry"
187476,CON-RES-2024-1153,general_registry,"Land  Registry","Lands Registry"
187477,CON-RES-2024-1440,general_registry,"Land  Registry","Lands Registry"
187478,CON-RES-2024-1136,general_registry,"Land  Registry","Lands Registry"
187479,CON-RES-2024-1442,general_registry,"Land  Registry","Lands Registry"
187480,CON-RES-2024-1150,general_registry,"Land  Registry","Lands Registry"
187481,RES-1989-542,general_registry,"Land  Registry","Lands Registry"
187482,RES-2022-573,general_registry,"Land  Registry","Lands Registry"
187483,RES-2022-584,general_registry,"Land  Registry","Lands Registry"
187484,RES-2022-602,general_registry,"Land  Registry","Lands Registry"
187485,RES-2022-583,general_registry,"Land  Registry","Lands Registry"
187486,RES-2022-617,general_registry,"Land  Registry","Lands Registry"
187487,RES-2022-611,general_registry,"Land  Registry","Lands Registry"
187488,RES-2022-582,general_registry,"Land  Registry","Lands Registry"
187489,RES-2022-570,general_registry,"Land  Registry","Lands Registry"
187490,RES-2022-618,general_registry,"Land  Registry","Lands Registry"
187491,RES-2022-608,general_registry,"Land  Registry","Lands Registry"
187492,RES-2022-574,general_registry,"Land  Registry","Lands Registry"
187493,RES-2022-550,general_registry,"Land  Registry","Lands Registry"
187494,RES-2022-556,general_registry,"Land  Registry","Lands Registry"
187495,RES-2022-572,general_registry,"Land  Registry","Lands Registry"
187496,RES-2022-609,general_registry,"Land  Registry","Lands Registry"
187497,RES-2022-567,general_registry,"Land  Registry","Lands Registry"
187498,RES-2022-547,general_registry,"Land  Registry","Lands Registry"
187499,RES-2022-551,general_registry,"Land  Registry","Lands Registry"
187500,RES-2020-2851,general_registry,"Land  Registry","Lands Registry"
187501,RES-2022-553,general_registry,"Land  Registry","Lands Registry"
187502,RES-2020-2855,general_registry,"Land  Registry","Lands Registry"
187503,RES-2022-554,general_registry,"Land  Registry","Lands Registry"
187504,RES-2020-2891,general_registry,"Land  Registry","Lands Registry"
187505,RES-2020-2813,general_registry,"Land  Registry","Lands Registry"
187506,RES-2020-2896,general_registry,"Land  Registry","Lands Registry"
187507,RES-2022-546,general_registry,"Land  Registry","Lands Registry"
187508,RES-2022-587,general_registry,"Land  Registry","Lands Registry"
187509,RES-2020-2863,general_registry,"Land  Registry","Lands Registry"
187510,RES-2020-2825,general_registry,"Land  Registry","Lands Registry"
187511,RES-2022-566,general_registry,"Land  Registry","Lands Registry"
187512,RES-2022-571,general_registry,"Land  Registry","Lands Registry"
187513,RES-2022-558,general_registry,"Land  Registry","Lands Registry"
187514,RES-2022-555,general_registry,"Land  Registry","Lands Registry"
187515,RES-2022-557,general_registry,"Land  Registry","Lands Registry"
187516,RES-2022-589,general_registry,"Land  Registry","Lands Registry"
187517,RES-2022-545,general_registry,"Land  Registry","Lands Registry"
187518,RES-2020-2857,general_registry,"Land  Registry","Lands Registry"
187519,RES-2020-2864,general_registry,"Land  Registry","Lands Registry"
187520,RES-2020-2850,registry,,2
187520,RES-2020-2850,general_registry,"Land  Registry","Lands Registry"
187521,RES-2021-4337,registry,,2
187521,RES-2021-4337,general_registry,"Land  Registry","Lands Registry"
187522,RES-2020-2856,general_registry,"Land  Registry","Lands Registry"
187523,RES-2022-559,general_registry,"Land  Registry","Lands Registry"
187524,RES-2022-561,general_registry,"Land  Registry","Lands Registry"
187525,RES-2022-562,general_registry,"Land  Registry","Lands Registry"
187526,RES-2022-564,general_registry,"Land  Registry","Lands Registry"
187527,RES-2022-563,general_registry,"Land  Registry","Lands Registry"
187528,RES-2022-560,general_registry,"Land  Registry","Lands Registry"
187529,RES-2022-610,general_registry,"Land  Registry","Lands Registry"
187530,RES-2022-613,general_registry,"Land  Registry","Lands Registry"
187531,RES-2022-612,general_registry,"Land  Registry","Lands Registry"
187532,RES-2022-580,general_registry,"Land  Registry","Lands Registry"
187533,RES-2022-579,general_registry,"Land  Registry","Lands Registry"
187534,RES-2022-577,general_registry,"Land  Registry","Lands Registry"
187535,RES-2020-2591,general_registry,"Land  Registry","Lands Registry"
187536,RES-2020-2594,general_registry,"Land  Registry","Lands Registry"
187537,RES-2020-2597,general_registry,"Land  Registry","Lands Registry"
187538,RES-2020-2566,general_registry,"Land  Registry","Lands Registry"
187539,RES-2020-2575,general_registry,"Land  Registry","Lands Registry"
187540,RES-2020-2556,general_registry,"Land  Registry","Lands Registry"
187541,RES-1989-1238,general_registry,"Land  Registry","Lands Registry"
187542,CON-COM-1990-10,general_registry,"Land  Registry","Lands Registry"
187543,CON-AG-2021-15,general_registry,"Land  Registry","Lands Registry"
187544,RES-2020-2767,general_registry,"Land  Registry","Lands Registry"
187545,RES-2020-2780,general_registry,"Land  Registry","Lands Registry"
187546,RES-2020-2774,general_registry,"Land  Registry","Lands Registry"
187547,RES-2020-2743,general_registry,"Land  Registry","Lands Registry"
187548,RES-2020-2779,general_registry,"Land  Registry","Lands Registry"
187549,RES-2020-2845,general_registry,"Land  Registry","Lands Registry"
187550,RES-2020-2843,general_registry,"Land  Registry","Lands Registry"
187551,RES-2020-2741,general_registry,"Land  Registry","Lands Registry"
187552,RES-2020-2742,general_registry,"Land  Registry","Lands Registry"
187553,RES-2020-2790,general_registry,"Land  Registry","Lands Registry"
187554,RES-2020-2745,general_registry,"Land  Registry","Lands Registry"
187555,RES-2020-2744,general_registry,"Land  Registry","Lands Registry"
187556,RES-2020-2775,general_registry,"Land  Registry","Lands Registry"
187557,RES-2020-2776,general_registry,"Land  Registry","Lands Registry"
187558,RES-2020-2786,general_registry,"Land  Registry","Lands Registry"
187559,RES-2020-2756,general_registry,"Land  Registry","Lands Registry"
187560,RES-2020-2760,general_registry,"Land  Registry","Lands Registry"
187561,RES-2020-2761,general_registry,"Land  Registry","Lands Registry"
187562,RES-2020-2762,general_registry,"Land  Registry","Lands Registry"
187563,RES-2020-2763,general_registry,"Land  Registry","Lands Registry"
187564,RES-2020-2764,general_registry,"Land  Registry","Lands Registry"
187565,RES-2020-2755,general_registry,"Land  Registry","Lands Registry"
187566,RES-2020-2798,general_registry,"Land  Registry","Lands Registry"
187567,RES-2020-2754,general_registry,"Land  Registry","Lands Registry"
187568,RES-2020-2746,general_registry,"Land  Registry","Lands Registry"
187569,RES-2020-2778,general_registry,"Land  Registry","Lands Registry"
187570,RES-2020-2768,general_registry,"Land  Registry","Lands Registry"
187571,RES-2020-2757,general_registry,"Land  Registry","Lands Registry"
187572,RES-2020-2738,general_registry,"Land  Registry","Lands Registry"
187573,RES-2020-2765,general_registry,"Land  Registry","Lands Registry"
187574,RES-2008-4551,general_registry,"Land  Registry","Lands Registry"
187575,RES-2020-2646,general_registry,"Land  Registry","Lands Registry"
187576,RES-2020-1268,general_registry,"Land  Registry","Lands Registry"
187577,RES-2008-5484,general_registry,"Land  Registry","Lands Registry"
187578,RES-2020-2610,general_registry,"Land  Registry","Lands Registry"
187579,RES-2008-5483,general_registry,"Land  Registry","Lands Registry"
187580,RES-2008-5485,general_registry,"Land  Registry","Lands Registry"
187581,RES-2020-2971,general_registry,"Land  Registry","Lands Registry"
187582,RES-2020-2611,general_registry,"Land  Registry","Lands Registry"
187583,RES-2020-1258,general_registry,"Land  Registry","Lands Registry"
187584,RES-2020-2616,general_registry,"Land  Registry","Lands Registry"
187585,RES-2008-5487,general_registry,"Land  Registry","Lands Registry"
187586,RES-2020-2615,general_registry,"Land  Registry","Lands Registry"
187587,RES-2008-5486,general_registry,"Land  Registry","Lands Registry"
187588,RES-2020-1259,general_registry,"Land  Registry","Lands Registry"
187589,RES-2020-2641,general_registry,"Land  Registry","Lands Registry"
187590,RES-2008-5488,general_registry,"Land  Registry","Lands Registry"
187591,RES-2020-1247,general_registry,"Land  Registry","Lands Registry"
187592,RES-2008-5489,general_registry,"Land  Registry","Lands Registry"
187593,RES-2020-2965,general_registry,"Land  Registry","Lands Registry"
187594,RES-2008-5189,general_registry,"Land  Registry","Lands Registry"
187595,RES-2020-1250,general_registry,"Land  Registry","Lands Registry"
187596,RES-2008-5490,general_registry,"Land  Registry","Lands Registry"
187597,RES-2008-214,general_registry,"Land  Registry","Lands Registry"
187598,RES-2009-5491,general_registry,"Land  Registry","Lands Registry"
187599,RES-2020-2642,general_registry,"Land  Registry","Lands Registry"
187600,RES-2020-1284,general_registry,"Land  Registry","Lands Registry"
187601,RES-2008-235,general_registry,"Land  Registry","Lands Registry"
187602,RES-2026-3446,registry,,2
187602,RES-2026-3446,general_registry,,"Lands Registry"
187602,RES-2026-3446,physical_registry,,"Registry 2 - Land"
187603,RES-2008-4425,general_registry,"Land  Registry","Lands Registry"
187604,RES-2008-4700,general_registry,"Land  Registry","Lands Registry"
187605,RES-2008-242,general_registry,"Land  Registry","Lands Registry"
187606,RES-2007-1758,general_registry,"Land  Registry","Lands Registry"
187607,RES-2020-2614,general_registry,"Land  Registry","Lands Registry"
187608,RES-2008-241,general_registry,"Land  Registry","Lands Registry"
187609,RES-2008-2404,general_registry,"Land  Registry","Lands Registry"
187610,RES-2026-3447,registry,,2
187610,RES-2026-3447,general_registry,,"Lands Registry"
187610,RES-2026-3447,physical_registry,,"Registry 2 - Land"
187611,RES-2008-3390,general_registry,"Land  Registry","Lands Registry"
187612,RES-2008-240,general_registry,"Land  Registry","Lands Registry"
187613,RES-2008-2403,general_registry,"Land  Registry","Lands Registry"
187614,RES-2008-1001,general_registry,"Land  Registry","Lands Registry"
187615,RES-2020-2987,general_registry,"Land  Registry","Lands Registry"
187616,RES-2020-1282,general_registry,"Land  Registry","Lands Registry"
187617,RES-2020-2643,general_registry,"Land  Registry","Lands Registry"
187618,RES-2008-1060,general_registry,"Land  Registry","Lands Registry"
187619,RES-2008-1641,general_registry,"Land  Registry","Lands Registry"
187620,RES-2008-239,general_registry,"Land  Registry","Lands Registry"
187621,RES-2008-2402,general_registry,"Land  Registry","Lands Registry"
187622,RES-2008-2825,general_registry,"Land  Registry","Lands Registry"
187623,RES-2022-544,registry,,2
187623,RES-2022-544,general_registry,"Land  Registry","Lands Registry"
187624,RES-2008-5515,general_registry,"Land  Registry","Lands Registry"
187625,RES-2026-3448,registry,,2
187625,RES-2026-3448,general_registry,,"Lands Registry"
187625,RES-2026-3448,physical_registry,,"Registry 2 - Land"
187626,RES-2008-1656,general_registry,"Land  Registry","Lands Registry"
187627,RES-2020-2638,general_registry,"Land  Registry","Lands Registry"
187628,RES-2020-1281,general_registry,"Land  Registry","Lands Registry"
187629,RES-2008-2401,general_registry,"Land  Registry","Lands Registry"
187630,RES-2008-238,general_registry,"Land  Registry","Lands Registry"
187631,RES-2008-1657,general_registry,"Land  Registry","Lands Registry"
187632,RES-2008-5190,general_registry,"Land  Registry","Lands Registry"
187633,RES-2020-3042,general_registry,"Land  Registry","Lands Registry"
187634,CON-RES-2026-2862,registry,,3
187634,CON-RES-2026-2862,general_registry,,"Lands Registry"
187634,CON-RES-2026-2862,physical_registry,,"Registry 3 - Land"
187635,RES-2020-2966,general_registry,"Land  Registry","Lands Registry"
187636,RES-2008-3628,general_registry,"Land  Registry","Lands Registry"
187638,RES-2020-2637,general_registry,"Land  Registry","Lands Registry"
187639,RES-2008-1658,general_registry,"Land  Registry","Lands Registry"
187640,RES-2008-5516,general_registry,"Land  Registry","Lands Registry"
187641,RES-2008-4218,general_registry,"Land  Registry","Lands Registry"
187642,RES-2008-2668,general_registry,"Land  Registry","Lands Registry"
187643,RES-2008-236,general_registry,"Land  Registry","Lands Registry"
187644,RES-2008-1659,general_registry,"Land  Registry","Lands Registry"
187645,CON-RES-2026-2863,registry,,3
187645,CON-RES-2026-2863,general_registry,,"Lands Registry"
187645,CON-RES-2026-2863,physical_registry,,"Registry 3 - Land"
187646,RES-2008-3959,general_registry,"Land  Registry","Lands Registry"
187647,RES-2026-3449,registry,,2
187647,RES-2026-3449,general_registry,,"Lands Registry"
187647,RES-2026-3449,physical_registry,,"Registry 2 - Land"
187648,CON-RES-2026-2864,registry,,3
187648,CON-RES-2026-2864,general_registry,,"Lands Registry"
187648,CON-RES-2026-2864,physical_registry,,"Registry 3 - Land"
187649,RES-2020-3046,general_registry,"Land  Registry","Lands Registry"
187650,RES-2008-234,general_registry,"Land  Registry","Lands Registry"
187651,RES-2008-3955,general_registry,"Land  Registry","Lands Registry"
187652,RES-2020-2639,general_registry,"Land  Registry","Lands Registry"
187653,RES-2008-2824,general_registry,"Land  Registry","Lands Registry"
187654,RES-2008-1908,general_registry,"Land  Registry","Lands Registry"
187655,RES-2008-405,general_registry,"Land  Registry","Lands Registry"
187656,RES-2020-3062,general_registry,"Land  Registry","Lands Registry"
187657,CON-RES-2026-2865,registry,,3
187657,CON-RES-2026-2865,general_registry,,"Lands Registry"
187657,CON-RES-2026-2865,physical_registry,,"Registry 3 - Land"
187658,RES-2020-2640,general_registry,"Land  Registry","Lands Registry"
187659,RES-2008-3954,general_registry,"Land  Registry","Lands Registry"
187660,RES-2008-2823,general_registry,"Land  Registry","Lands Registry"
187661,RES-2020-2932,general_registry,"Land  Registry","Lands Registry"
187662,RES-2020-2603,general_registry,"Land  Registry","Lands Registry"
187663,RES-2008-3120,general_registry,"Land  Registry","Lands Registry"
187664,RES-2020-3039,general_registry,"Land  Registry","Lands Registry"
187665,RES-2008-3105,general_registry,"Land  Registry","Lands Registry"
187666,RES-2008-3156,general_registry,"Land  Registry","Lands Registry"
187667,RES-2020-3022,general_registry,"Land  Registry","Lands Registry"
187668,RES-2008-114,general_registry,"Land  Registry","Lands Registry"
187669,RES-2008-3157,general_registry,"Land  Registry","Lands Registry"
187670,RES-2007-1205,registry,,2
187670,RES-2007-1205,general_registry,"Land  Registry","Lands Registry"
187671,RES-2020-3084,general_registry,"Land  Registry","Lands Registry"
187672,RES-2008-3545,general_registry,"Land  Registry","Lands Registry"
187673,RES-2008-3135,general_registry,"Land  Registry","Lands Registry"
187675,RES-2008-122,general_registry,"Land  Registry","Lands Registry"
187676,RES-2008-5517,general_registry,"Land  Registry","Lands Registry"
187677,RES-2020-3000,general_registry,"Land  Registry","Lands Registry"
187678,RES-2008-5191,general_registry,"Land  Registry","Lands Registry"
187679,RES-2008-403,general_registry,"Land  Registry","Lands Registry"
187680,RES-2008-3546,general_registry,"Land  Registry","Lands Registry"
187681,RES-2008-1660,general_registry,"Land  Registry","Lands Registry"
187682,RES-2008-4283,general_registry,"Land  Registry","Lands Registry"
187683,RES-2020-2979,general_registry,"Land  Registry","Lands Registry"
187684,RES-2008-3199,general_registry,"Land  Registry","Lands Registry"
187685,RES-2008-1661,general_registry,"Land  Registry","Lands Registry"
187686,RES-2020-3056,general_registry,"Land  Registry","Lands Registry"
187687,RES-2008-5518,general_registry,"Land  Registry","Lands Registry"
187688,RES-2008-5192,general_registry,"Land  Registry","Lands Registry"
187689,RES-2008-3510,general_registry,"Land  Registry","Lands Registry"
187690,RES-2008-123,general_registry,"Land  Registry","Lands Registry"
187691,RES-2008-1662,general_registry,"Land  Registry","Lands Registry"
187692,RES-2020-3025,general_registry,"Land  Registry","Lands Registry"
187693,RES-2008-3511,general_registry,"Land  Registry","Lands Registry"
187694,RES-2008-5519,general_registry,"Land  Registry","Lands Registry"
187695,RES-2008-4414,general_registry,"Land  Registry","Lands Registry"
187696,RES-2008-1686,general_registry,"Land  Registry","Lands Registry"
187697,RES-2008-485,general_registry,"Land  Registry","Lands Registry"
187698,RES-2008-5193,general_registry,"Land  Registry","Lands Registry"
187699,RES-2020-3048,general_registry,"Land  Registry","Lands Registry"
187700,RES-2008-3512,general_registry,"Land  Registry","Lands Registry"
187701,RES-2020-2949,general_registry,"Land  Registry","Lands Registry"
187702,RES-2020-3041,general_registry,"Land  Registry","Lands Registry"
187703,RES-2008-137,general_registry,"Land  Registry","Lands Registry"
187704,RES-2008-3197,general_registry,"Land  Registry","Lands Registry"
187705,RES-2008-3183,registry,,2
187705,RES-2008-3183,general_registry,"Land  Registry","Lands Registry"
187706,RES-2008-3513,general_registry,"Land  Registry","Lands Registry"
187707,RES-2008-4225,general_registry,"Land  Registry","Lands Registry"
187708,RES-2008-5194,general_registry,"Land  Registry","Lands Registry"
187710,RES-2008-484,general_registry,"Land  Registry","Lands Registry"
187711,RES-2008-5520,general_registry,"Land  Registry","Lands Registry"
187712,RES-2008-1651,general_registry,"Land  Registry","Lands Registry"
187713,RES-2008-213,general_registry,"Land  Registry","Lands Registry"
187714,RES-2020-2937,general_registry,"Land  Registry","Lands Registry"
187715,RES-2008-3514,general_registry,"Land  Registry","Lands Registry"
187716,RES-2020-3050,general_registry,"Land  Registry","Lands Registry"
187717,RES-2008-101,general_registry,"Land  Registry","Lands Registry"
187718,RES-2008-482,general_registry,"Land  Registry","Lands Registry"
187719,RES-2008-4226,general_registry,"Land  Registry","Lands Registry"
187720,RES-2008-3515,general_registry,"Land  Registry","Lands Registry"
187721,RES-2008-5195,general_registry,"Land  Registry","Lands Registry"
187722,RES-2008-5521,general_registry,"Land  Registry","Lands Registry"
187723,RES-2008-212,general_registry,"Land  Registry","Lands Registry"
187724,RES-2020-2985,general_registry,"Land  Registry","Lands Registry"
187725,RES-2020-3085,general_registry,"Land  Registry","Lands Registry"
187726,RES-2020-3082,general_registry,"Land  Registry","Lands Registry"
187727,RES-2008-3989,general_registry,"Land  Registry","Lands Registry"
187728,RES-2008-127,general_registry,"Land  Registry","Lands Registry"
187729,RES-2008-5197,general_registry,"Land  Registry","Lands Registry"
187730,RES-2020-3064,general_registry,"Land  Registry","Lands Registry"
187731,CON-RES-2026-2866,registry,,3
187731,CON-RES-2026-2866,general_registry,,"Lands Registry"
187731,CON-RES-2026-2866,physical_registry,,"Registry 3 - Land"
187732,RES-2020-3087,general_registry,"Land  Registry","Lands Registry"
187733,RES-2008-2827,general_registry,"Land  Registry","Lands Registry"
187734,RES-2008-3906,registry,,2
187734,RES-2008-3906,general_registry,"Land  Registry","Lands Registry"
187735,RES-2008-487,general_registry,"Land  Registry","Lands Registry"
187736,RES-2008-2421,general_registry,"Land  Registry","Lands Registry"
187737,RES-2008-5522,general_registry,"Land  Registry","Lands Registry"
187738,RES-2008-3972,general_registry,"Land  Registry","Lands Registry"
187739,CON-COM-2026-575,registry,,3
187739,CON-COM-2026-575,general_registry,,"Lands Registry"
187739,CON-COM-2026-575,physical_registry,,"Registry 3 - Land"
187740,RES-2020-3005,general_registry,"Land  Registry","Lands Registry"
187741,RES-2020-3019,general_registry,"Land  Registry","Lands Registry"
187742,RES-2008-3975,general_registry,"Land  Registry","Lands Registry"
187743,RES-2008-2236,general_registry,"Land  Registry","Lands Registry"
187744,RES-2020-3009,general_registry,"Land  Registry","Lands Registry"
187746,RES-2020-3083,general_registry,"Land  Registry","Lands Registry"
187747,RES-2008-489,general_registry,"Land  Registry","Lands Registry"
187748,RES-2008-2420,general_registry,"Land  Registry","Lands Registry"
187749,RES-2008-3987,general_registry,"Land  Registry","Lands Registry"
187750,RES-2008-5198,general_registry,"Land  Registry","Lands Registry"
187751,RES-2008-3516,general_registry,"Land  Registry","Lands Registry"
187752,RES-2008-5523,general_registry,"Land  Registry","Lands Registry"
187753,RES-2020-3075,general_registry,"Land  Registry","Lands Registry"
187754,RES-2008-3977,general_registry,"Land  Registry","Lands Registry"
187755,RES-2008-3979,general_registry,"Land  Registry","Lands Registry"
187756,RES-2008-658,general_registry,"Land  Registry","Lands Registry"
187757,RES-2020-3010,general_registry,"Land  Registry","Lands Registry"
187758,RES-2020-3018,general_registry,"Land  Registry","Lands Registry"
187759,RES-2008-210,general_registry,"Land  Registry","Lands Registry"
187760,RES-2008-2419,general_registry,"Land  Registry","Lands Registry"
187761,RES-2008-5524,general_registry,"Land  Registry","Lands Registry"
187762,RES-2008-3974,general_registry,"Land  Registry","Lands Registry"
187763,RES-2020-3086,general_registry,"Land  Registry","Lands Registry"
187764,RES-2008-3518,general_registry,"Land  Registry","Lands Registry"
187765,RES-2020-2936,general_registry,"Land  Registry","Lands Registry"
187766,RES-2008-657,general_registry,"Land  Registry","Lands Registry"
187767,RES-2020-3001,general_registry,"Land  Registry","Lands Registry"
187768,RES-2008-209,general_registry,"Land  Registry","Lands Registry"
187769,RES-2008-3978,general_registry,"Land  Registry","Lands Registry"
187770,RES-2020-3080,general_registry,"Land  Registry","Lands Registry"
187771,RES-2020-3047,general_registry,"Land  Registry","Lands Registry"
187772,RES-2008-5525,general_registry,"Land  Registry","Lands Registry"
187773,RES-2008-3050,general_registry,"Land  Registry","Lands Registry"
187774,RES-2008-3976,general_registry,"Land  Registry","Lands Registry"
187775,RES-2008-1614,general_registry,"Land  Registry","Lands Registry"
187776,RES-2008-208,general_registry,"Land  Registry","Lands Registry"
187777,RES-2020-2938,general_registry,"Land  Registry","Lands Registry"
187778,RES-2008-3519,general_registry,"Land  Registry","Lands Registry"
187779,RES-2020-3071,general_registry,"Land  Registry","Lands Registry"
187780,RES-2008-3908,general_registry,"Land  Registry","Lands Registry"
187781,RES-1981-1469,general_registry,"Land  Registry","Lands Registry"
187782,RES-2008-5526,general_registry,"Land  Registry","Lands Registry"
187783,RES-2008-1615,general_registry,"Land  Registry","Lands Registry"
187784,RES-2008-3900,general_registry,"Land  Registry","Lands Registry"
187785,RES-2008-663,general_registry,"Land  Registry","Lands Registry"
187787,RES-2020-3051,general_registry,"Land  Registry","Lands Registry"
187788,CON-COM-2009-307,general_registry,"Land  Registry","Lands Registry"
187789,RES-2008-1009,general_registry,"Land  Registry","Lands Registry"
187790,RES-2020-2940,general_registry,"Land  Registry","Lands Registry"
187791,RES-2008-1606,general_registry,"Land  Registry","Lands Registry"
187792,RES-2008-5527,general_registry,"Land  Registry","Lands Registry"
187793,RES-2020-3076,general_registry,"Land  Registry","Lands Registry"
187794,RES-2008-3924,general_registry,"Land  Registry","Lands Registry"
187795,RES-2008-3521,general_registry,"Land  Registry","Lands Registry"
187796,RES-2023-5062,general_registry,"Land  Registry","Lands Registry"
187797,RES-2008-1616,general_registry,"Land  Registry","Lands Registry"
187798,RES-2020-2736,general_registry,"Land  Registry","Lands Registry"
187799,RES-2020-2927,general_registry,"Land  Registry","Lands Registry"
187800,RES-2008-207,general_registry,"Land  Registry","Lands Registry"
187801,RES-2008-3065,general_registry,"Land  Registry","Lands Registry"
187802,RES-2008-3919,general_registry,"Land  Registry","Lands Registry"
187803,CON-COM-2026-576,registry,,3
187803,CON-COM-2026-576,general_registry,,"Lands Registry"
187803,CON-COM-2026-576,physical_registry,,"Registry 3 - Land"
187804,RES-2008-439,general_registry,"Land  Registry","Lands Registry"
187805,RES-2008-1617,general_registry,"Land  Registry","Lands Registry"
187806,RES-2008-3523,general_registry,"Land  Registry","Lands Registry"
187807,RES-2008-3927,general_registry,"Land  Registry","Lands Registry"
187808,RES-2020-2735,registry,,2
187808,RES-2020-2735,general_registry,"Land  Registry","Lands Registry"
187809,RES-2008-206,general_registry,"Land  Registry","Lands Registry"
187812,RES-2008-440,general_registry,"Land  Registry","Lands Registry"
187813,RES-2017-560,general_registry,"Land  Registry","Lands Registry"
187814,RES-2008-3907,general_registry,"Land  Registry","Lands Registry"
187815,CON-AG-2026-164,registry,,3
187815,CON-AG-2026-164,general_registry,,"Lands Registry"
187815,CON-AG-2026-164,physical_registry,,"Registry 3 - Land"
187816,RES-2008-3064,general_registry,"Land  Registry","Lands Registry"
187817,RES-2008-3934,general_registry,"Land  Registry","Lands Registry"
187818,RES-2008-3525,general_registry,"Land  Registry","Lands Registry"
187819,RES-2022-1336,general_registry,"Land  Registry","Lands Registry"
187820,RES-2018-3599,general_registry,"Land  Registry","Lands Registry"
187821,CON-COM-2017-229,general_registry,"Land  Registry","Lands Registry"
187822,RES-2020-3011,general_registry,"Land  Registry","Lands Registry"
187823,CON-RES-RC-1981-320,general_registry,"Land  Registry","Lands Registry"
187824,RES-2020-2781,general_registry,"Land  Registry","Lands Registry"
187825,RES-2008-442,general_registry,"Land  Registry","Lands Registry"
187826,RES-2008-3935,general_registry,"Land  Registry","Lands Registry"
187827,RES-2020-3036,general_registry,"Land  Registry","Lands Registry"
187828,RES-2008-216,general_registry,"Land  Registry","Lands Registry"
187829,RES-2020-2733,general_registry,"Land  Registry","Lands Registry"
187830,RES-2015-3729,general_registry,"Land  Registry","Lands Registry"
187832,RES-2015-7092,general_registry,"Land  Registry","Lands Registry"
187833,RES-2008-454,general_registry,"Land  Registry","Lands Registry"
187834,RES-2020-3049,general_registry,"Land  Registry","Lands Registry"
187835,RES-2008-1069,general_registry,"Land  Registry","Lands Registry"
187836,RES-2008-3063,general_registry,"Land  Registry","Lands Registry"
187837,RES-2008-3936,general_registry,"Land  Registry","Lands Registry"
187838,RES-2002-6500,general_registry,"Land  Registry","Lands Registry"
187839,CON-RES-2008-403,general_registry,"Land  Registry","Lands Registry"
187840,RES-2020-2783,general_registry,"Land  Registry","Lands Registry"
187841,RES-2008-1602,general_registry,"Land  Registry","Lands Registry"
187842,RES-2020-3024,general_registry,"Land  Registry","Lands Registry"
187843,RES-2020-3030,general_registry,"Land  Registry","Lands Registry"
187844,RES-2008-3937,general_registry,"Land  Registry","Lands Registry"
187845,RES-2008-1603,general_registry,"Land  Registry","Lands Registry"
187847,RES-2020-2777,general_registry,"Land  Registry","Lands Registry"
187849,RES-2020-3203,general_registry,"Land  Registry","Lands Registry"
187850,RES-2015-7097,general_registry,"Land  Registry","Lands Registry"
187851,COM-2019-64,general_registry,"Land  Registry","Lands Registry"
187852,RES-2008-3420,general_registry,"Land  Registry","Lands Registry"
187854,RES-2008-1601,general_registry,"Land  Registry","Lands Registry"
187855,RES-2020-3026,general_registry,"Land  Registry","Lands Registry"
187856,RES-2020-2924,general_registry,"Land  Registry","Lands Registry"
187857,RES-2008-3062,general_registry,"Land  Registry","Lands Registry"
187858,RES-2020-3206,general_registry,"Land  Registry","Lands Registry"
187859,RES-2000-2111,general_registry,"Land  Registry","Lands Registry"
187860,RES-2008-3963,general_registry,"Land  Registry","Lands Registry"
187861,RES-2020-2788,general_registry,"Land  Registry","Lands Registry"
187862,RES-2020-3210,general_registry,"Land  Registry","Lands Registry"
187863,RES-2008-215,general_registry,"Land  Registry","Lands Registry"
187865,RES-2020-3027,registry,,2
187865,RES-2020-3027,general_registry,"Land  Registry","Lands Registry"
187866,RES-2015-7106,general_registry,"Land  Registry","Lands Registry"
187867,RES-2020-2926,general_registry,"Land  Registry","Lands Registry"
187868,RES-2008-4065,general_registry,"Land  Registry","Lands Registry"
187870,RES-2009-7254,general_registry,"Land  Registry","Lands Registry"
187871,RES-2020-3211,general_registry,"Land  Registry","Lands Registry"
187872,RES-2008-3061,general_registry,"Land  Registry","Lands Registry"
187873,RES-2001-2518,general_registry,"Land  Registry","Lands Registry"
187874,RES-2008-3447,general_registry,"Land  Registry","Lands Registry"
187875,RES-2000-536,general_registry,"Land  Registry","Lands Registry"
187876,RES-2008-1256,general_registry,"Land  Registry","Lands Registry"
187877,RES-2014-756,general_registry,"Land  Registry","Lands Registry"
187878,RES-2008-281,general_registry,"Land  Registry","Lands Registry"
187879,RES-2007-37,general_registry,"Land  Registry","Lands Registry"
187880,RES-2020-3204,general_registry,"Land  Registry","Lands Registry"
187881,RES-2020-3014,general_registry,"Land  Registry","Lands Registry"
187882,RES-2008-3930,general_registry,"Land  Registry","Lands Registry"
187884,RES-2020-2974,general_registry,"Land  Registry","Lands Registry"
187885,RES-2008-282,general_registry,"Land  Registry","Lands Registry"
187886,RES-2020-1289,general_registry,"Land  Registry","Lands Registry"
187887,RES-2008-3072,general_registry,"Land  Registry","Lands Registry"
187888,RES-2008-1609,general_registry,"Land  Registry","Lands Registry"
187889,RES-2008-5528,general_registry,"Land  Registry","Lands Registry"
187891,RES-1985-1481,general_registry,"Land  Registry","Lands Registry"
187892,RES-2020-3044,general_registry,"Land  Registry","Lands Registry"
187894,RES-2008-3931,general_registry,"Land  Registry","Lands Registry"
187896,RES-2020-1290,general_registry,"Land  Registry","Lands Registry"
187897,RES-2008-1605,general_registry,"Land  Registry","Lands Registry"
187898,RES-2008-3928,general_registry,"Land  Registry","Lands Registry"
187900,RES-2008-2425,general_registry,"Land  Registry","Lands Registry"
187901,RES-2008-5529,general_registry,"Land  Registry","Lands Registry"
187902,RES-2020-3006,general_registry,"Land  Registry","Lands Registry"
187903,RES-2008-3933,general_registry,"Land  Registry","Lands Registry"
187904,RES-2008-1607,general_registry,"Land  Registry","Lands Registry"
187905,RES-2020-1283,general_registry,"Land  Registry","Lands Registry"
187906,RES-2020-2751,general_registry,"Land  Registry","Lands Registry"
187907,RES-2008-255,general_registry,"Land  Registry","Lands Registry"
187908,RES-2008-3526,general_registry,"Land  Registry","Lands Registry"
187909,RES-2008-3929,general_registry,"Land  Registry","Lands Registry"
187910,RES-2008-465,general_registry,"Land  Registry","Lands Registry"
187911,RES-2008-3918,general_registry,"Land  Registry","Lands Registry"
187912,RES-2008-3071,general_registry,"Land  Registry","Lands Registry"
187913,RES-2020-3154,general_registry,"Land  Registry","Lands Registry"
187914,RES-2020-3021,general_registry,"Land  Registry","Lands Registry"
187915,RES-2008-5530,general_registry,"Land  Registry","Lands Registry"
187916,RES-2008-3910,general_registry,"Land  Registry","Lands Registry"
187919,RES-2008-4839,general_registry,"Land  Registry","Lands Registry"
187920,RES-2020-2785,general_registry,"Land  Registry","Lands Registry"
187921,RES-2020-1277,general_registry,"Land  Registry","Lands Registry"
187923,RES-2020-2948,general_registry,"Land  Registry","Lands Registry"
187925,RES-2008-472,general_registry,"Land  Registry","Lands Registry"
187926,RES-2008-1608,general_registry,"Land  Registry","Lands Registry"
187927,RES-2020-3318,general_registry,"Land  Registry","Lands Registry"
187928,RES-2020-2739,general_registry,"Land  Registry","Lands Registry"
187929,RES-1992-1333,general_registry,"Land  Registry","Lands Registry"
187931,RES-2008-5531,general_registry,"Land  Registry","Lands Registry"
187932,RES-2020-3155,general_registry,"Land  Registry","Lands Registry"
187933,RES-2008-254,general_registry,"Land  Registry","Lands Registry"
187934,RES-2008-3990,general_registry,"Land  Registry","Lands Registry"
187935,RES-2008-3973,general_registry,"Land  Registry","Lands Registry"
187936,RES-2008-3916,general_registry,"Land  Registry","Lands Registry"
187938,RES-2020-3316,general_registry,"Land  Registry","Lands Registry"
187939,RES-2020-2732,general_registry,"Land  Registry","Lands Registry"
187940,RES-2008-475,general_registry,"Land  Registry","Lands Registry"
187941,RES-2008-3501,general_registry,"Land  Registry","Lands Registry"
187942,RES-2008-5532,general_registry,"Land  Registry","Lands Registry"
187943,RES-2008-1610,general_registry,"Land  Registry","Lands Registry"
187944,RES-2008-3070,general_registry,"Land  Registry","Lands Registry"
187945,RES-2020-3145,general_registry,"Land  Registry","Lands Registry"
187946,RES-2020-2769,general_registry,"Land  Registry","Lands Registry"
187947,RES-2020-3319,general_registry,"Land  Registry","Lands Registry"
187948,RES-2008-474,general_registry,"Land  Registry","Lands Registry"
187949,RES-2020-1285,general_registry,"Land  Registry","Lands Registry"
187950,RES-2020-3151,general_registry,"Land  Registry","Lands Registry"
187951,RES-2020-2787,general_registry,"Land  Registry","Lands Registry"
187952,RES-2008-5199,general_registry,"Land  Registry","Lands Registry"
187953,RES-2020-3312,general_registry,"Land  Registry","Lands Registry"
187954,CON-RES-2006-17,general_registry,"Land  Registry","Lands Registry"
187957,RES-2020-3153,general_registry,"Land  Registry","Lands Registry"
187958,RES-2020-3309,general_registry,"Land  Registry","Lands Registry"
187959,RES-2020-2773,general_registry,"Land  Registry","Lands Registry"
187962,RES-2008-3504,general_registry,"Land  Registry","Lands Registry"
187963,RES-2020-3057,general_registry,"Land  Registry","Lands Registry"
187964,RES-2008-3089,general_registry,"Land  Registry","Lands Registry"
187965,RES-2020-2784,registry,,2
187965,RES-2020-2784,general_registry,"Land  Registry","Lands Registry"
187966,RES-2008-5200,general_registry,"Land  Registry","Lands Registry"
187967,RES-2020-1287,general_registry,"Land  Registry","Lands Registry"
187968,RES-2020-3186,general_registry,"Land  Registry","Lands Registry"
187969,RES-2020-3068,general_registry,"Land  Registry","Lands Registry"
187971,RES-2008-5541,general_registry,"Land  Registry","Lands Registry"
187972,RES-2008-3088,general_registry,"Land  Registry","Lands Registry"
187973,RES-2008-4840,general_registry,"Land  Registry","Lands Registry"
187974,RES-2008-3505,general_registry,"Land  Registry","Lands Registry"
187975,RES-2020-1206,general_registry,"Land  Registry","Lands Registry"
187976,RES-2008-3998,general_registry,"Land  Registry","Lands Registry"
187977,RES-1991-4520,general_registry,"Land  Registry","Lands Registry"
187978,RES-2008-3917,general_registry,"Land  Registry","Lands Registry"
187979,RES-2022-601,general_registry,"Land  Registry","Lands Registry"
187980,RES-2008-3970,general_registry,"Land  Registry","Lands Registry"
187984,RES-2008-3087,general_registry,"Land  Registry","Lands Registry"
187985,RES-2022-593,general_registry,"Land  Registry","Lands Registry"
187987,RES-2004-311,registry,,2
187987,RES-2004-311,general_registry,"Land  Registry","Lands Registry"
187988,RES-2020-1273,general_registry,"Land  Registry","Lands Registry"
187989,RES-2008-5394,general_registry,"Land  Registry","Lands Registry"
187992,RES-2008-3915,general_registry,"Land  Registry","Lands Registry"
187993,RES-2022-592,general_registry,"Land  Registry","Lands Registry"
187994,RES-2020-2963,general_registry,"Land  Registry","Lands Registry"
187995,RES-2008-3086,general_registry,"Land  Registry","Lands Registry"
187996,RES-2008-5393,general_registry,"Land  Registry","Lands Registry"
187997,RES-2020-1292,general_registry,"Land  Registry","Lands Registry"
187998,RES-2022-590,general_registry,"Land  Registry","Lands Registry"
188001,RES-2008-5371,general_registry,"Land  Registry","Lands Registry"
188003,CON-RES-2012-351,general_registry,"Land  Registry","Lands Registry"
188004,RES-2022-607,general_registry,"Land  Registry","Lands Registry"
188005,RES-2008-5345,general_registry,"Land  Registry","Lands Registry"
188006,RES-2008-3079,general_registry,"Land  Registry","Lands Registry"
188011,RES-2008-5478,general_registry,"Land  Registry","Lands Registry"
188012,RES-2020-1255,general_registry,"Land  Registry","Lands Registry"
188013,RES-2022-606,general_registry,"Land  Registry","Lands Registry"
188014,RES-2008-5501,general_registry,"Land  Registry","Lands Registry"
188016,RES-2008-5344,general_registry,"Land  Registry","Lands Registry"
188017,CON-COM-2026-577,registry,,3
188017,CON-COM-2026-577,general_registry,,"Lands Registry"
188017,CON-COM-2026-577,physical_registry,,"Registry 3 - Land"
188018,RES-2008-5181,general_registry,"Land  Registry","Lands Registry"
188020,RES-2008-5351,general_registry,"Land  Registry","Lands Registry"
188021,RES-2015-2867,general_registry,"Land  Registry","Lands Registry"
188023,RES-2022-605,general_registry,"Land  Registry","Lands Registry"
188024,RES-2008-5293,general_registry,"Land  Registry","Lands Registry"
188026,RES-2008-3085,general_registry,"Land  Registry","Lands Registry"
188027,RES-2008-5317,general_registry,"Land  Registry","Lands Registry"
188028,RES-2008-5343,general_registry,"Land  Registry","Lands Registry"
188030,RES-2022-604,general_registry,"Land  Registry","Lands Registry"
188032,RES-2008-5315,general_registry,"Land  Registry","Lands Registry"
188033,RES-2008-5479,general_registry,"Land  Registry","Lands Registry"
188034,RES-2020-1291,general_registry,"Land  Registry","Lands Registry"
188035,RES-2022-603,general_registry,"Land  Registry","Lands Registry"
188036,RES-2008-2014,general_registry,"Land  Registry","Lands Registry"
188037,RES-2008-5370,general_registry,"Land  Registry","Lands Registry"
188038,RES-2008-5182,general_registry,"Land  Registry","Lands Registry"
188039,CON-RES-1990-297,general_registry,"Land  Registry","Lands Registry"
188042,RES-2008-5321,general_registry,"Land  Registry","Lands Registry"
188043,RES-2008-5185,general_registry,"Land  Registry","Lands Registry"
188044,RES-2008-5498,general_registry,"Land  Registry","Lands Registry"
188045,RES-2008-5352,general_registry,"Land  Registry","Lands Registry"
188046,RES-2014-301,general_registry,"Land  Registry","Lands Registry"
188047,RES-2008-5316,general_registry,"Land  Registry","Lands Registry"
188048,RES-2020-1204,general_registry,"Land  Registry","Lands Registry"
188049,RES-2020-1298,general_registry,"Land  Registry","Lands Registry"
188050,RES-2008-3084,general_registry,"Land  Registry","Lands Registry"
188052,RES-2020-1296,general_registry,"Land  Registry","Lands Registry"
188053,RES-2012-3990,general_registry,"Land  Registry","Lands Registry"
188058,RES-2020-1201,general_registry,"Land  Registry","Lands Registry"
188059,RES-2020-1299,general_registry,"Land  Registry","Lands Registry"
188060,RES-2020-1212,general_registry,"Land  Registry","Lands Registry"
188061,RES-2020-1202,general_registry,"Land  Registry","Lands Registry"
188062,RES-2020-1203,general_registry,"Land  Registry","Lands Registry"
188063,RES-2001-1153,general_registry,"Land  Registry","Lands Registry"
188066,RES-2008-3083,general_registry,"Land  Registry","Lands Registry"
188067,RES-2008-3008,general_registry,"Land  Registry","Lands Registry"
188068,RES-2020-1274,general_registry,"Land  Registry","Lands Registry"
188069,RES-2008-253,general_registry,"Land  Registry","Lands Registry"
188070,RES-2008-3009,general_registry,"Land  Registry","Lands Registry"
188071,RES-2008-3081,general_registry,"Land  Registry","Lands Registry"
188072,RES-2008-263,general_registry,"Land  Registry","Lands Registry"
188073,RES-2020-1262,general_registry,"Land  Registry","Lands Registry"
188074,RES-2008-3010,general_registry,"Land  Registry","Lands Registry"
188075,RES-2008-5499,general_registry,"Land  Registry","Lands Registry"
188076,RES-2008-3031,general_registry,"Land  Registry","Lands Registry"
188077,RES-2008-3080,general_registry,"Land  Registry","Lands Registry"
188078,RES-2020-1217,general_registry,"Land  Registry","Lands Registry"
188079,RES-2008-5186,general_registry,"Land  Registry","Lands Registry"
188080,RES-2008-262,general_registry,"Land  Registry","Lands Registry"
188081,RES-2008-2649,general_registry,"Land  Registry","Lands Registry"
188082,RES-2008-3078,general_registry,"Land  Registry","Lands Registry"
188084,RES-2015-337,general_registry,"Land  Registry","Lands Registry"
188085,CON-RES-2014-476,general_registry,"Land  Registry","Lands Registry"
188087,RES-2008-1611,general_registry,"Land  Registry","Lands Registry"
188088,RES-2008-256,general_registry,"Land  Registry","Lands Registry"
188089,RES-2008-5187,general_registry,"Land  Registry","Lands Registry"
188090,RES-2008-431,general_registry,"Land  Registry","Lands Registry"
188091,RES-2008-1612,general_registry,"Land  Registry","Lands Registry"
188092,RES-2008-3966,general_registry,"Land  Registry","Lands Registry"
188093,RES-2008-5500,general_registry,"Land  Registry","Lands Registry"
188094,RES-2008-264,general_registry,"Land  Registry","Lands Registry"
188095,RES-2008-1613,general_registry,"Land  Registry","Lands Registry"
188096,RES-2008-2653,general_registry,"Land  Registry","Lands Registry"
188097,RES-2008-5289,general_registry,"Land  Registry","Lands Registry"
188098,RES-2008-1640,general_registry,"Land  Registry","Lands Registry"
188099,RES-2008-5463,general_registry,"Land  Registry","Lands Registry"
188100,RES-2008-2426,general_registry,"Land  Registry","Lands Registry"
188102,RES-2008-1897,general_registry,"Land  Registry","Lands Registry"
188103,RES-2008-2654,general_registry,"Land  Registry","Lands Registry"
188104,RES-2008-5460,general_registry,"Land  Registry","Lands Registry"
188106,RES-2008-607,general_registry,"Land  Registry","Lands Registry"
188107,RES-2008-3007,general_registry,"Land  Registry","Lands Registry"
188108,RES-2006-1293,general_registry,"Land  Registry","Lands Registry"
188109,RES-2008-5502,general_registry,"Land  Registry","Lands Registry"
188110,RES-2008-5459,general_registry,"Land  Registry","Lands Registry"
188111,RES-2008-2637,general_registry,"Land  Registry","Lands Registry"
188113,COM-2010-373,general_registry,"Land  Registry","Lands Registry"
188114,RES-2008-1899,general_registry,"Land  Registry","Lands Registry"
188116,RES-2008-4846,general_registry,"Land  Registry","Lands Registry"
188117,RES-2008-5458,general_registry,"Land  Registry","Lands Registry"
188118,RES-RC-1982-603,general_registry,"Land  Registry","Lands Registry"
188119,RES-2008-1895,general_registry,"Land  Registry","Lands Registry"
188120,RES-2008-3055,general_registry,"Land  Registry","Lands Registry"
188121,RES-2008-5356,general_registry,"Land  Registry","Lands Registry"
188122,RES-2008-469,general_registry,"Land  Registry","Lands Registry"
188123,RES-2008-1896,general_registry,"Land  Registry","Lands Registry"
188124,RES-2008-5480,general_registry,"Land  Registry","Lands Registry"
188126,RES-2008-5457,general_registry,"Land  Registry","Lands Registry"
188127,RES-2008-3054,general_registry,"Land  Registry","Lands Registry"
188128,RES-2008-1894,general_registry,"Land  Registry","Lands Registry"
188129,RES-2008-468,general_registry,"Land  Registry","Lands Registry"
188130,RES-2008-5503,general_registry,"Land  Registry","Lands Registry"
188131,RES-2008-4847,general_registry,"Land  Registry","Lands Registry"
188132,CON-COM-2026-578,registry,,3
188132,CON-COM-2026-578,general_registry,,"Lands Registry"
188132,CON-COM-2026-578,physical_registry,,"Registry 3 - Land"
188133,RES-2008-5456,general_registry,"Land  Registry","Lands Registry"
188134,RES-2008-1880,general_registry,"Land  Registry","Lands Registry"
188135,CON-RES-2014-20,general_registry,"Land  Registry","Lands Registry"
188136,RES-2026-3450,registry,,2
188136,RES-2026-3450,general_registry,,"Lands Registry"
188136,RES-2026-3450,physical_registry,,"Registry 2 - Land"
188137,RES-2008-3053,general_registry,"Land  Registry","Lands Registry"
188138,RES-2008-5368,general_registry,"Land  Registry","Lands Registry"
188139,RES-2008-5454,general_registry,"Land  Registry","Lands Registry"
188140,RES-2008-481,general_registry,"Land  Registry","Lands Registry"
188141,CON-AG-2016-8,general_registry,"Land  Registry","Lands Registry"
188142,RES-2008-5504,general_registry,"Land  Registry","Lands Registry"
188143,RES-2008-5453,general_registry,"Land  Registry","Lands Registry"
188144,RES-2008-1801,general_registry,"Land  Registry","Lands Registry"
188145,CON-COM-2026-579,registry,,3
188145,CON-COM-2026-579,general_registry,,"Lands Registry"
188145,CON-COM-2026-579,physical_registry,,"Registry 3 - Land"
188146,RES-2008-3051,general_registry,"Land  Registry","Lands Registry"
188147,RES-2008-1802,general_registry,"Land  Registry","Lands Registry"
188148,RES-2002-6812,general_registry,"Land  Registry","Lands Registry"
188149,RES-2008-483,general_registry,"Land  Registry","Lands Registry"
188150,RES-2008-1803,general_registry,"Land  Registry","Lands Registry"
188151,RES-2008-5452,general_registry,"Land  Registry","Lands Registry"
188153,RES-2008-5505,general_registry,"Land  Registry","Lands Registry"
188155,RES-2008-1804,general_registry,"Land  Registry","Lands Registry"
188156,RES-2008-4838,general_registry,"Land  Registry","Lands Registry"
188157,CON-RES-1982-1207,general_registry,"Land  Registry","Lands Registry"
188159,RES-2008-471,general_registry,"Land  Registry","Lands Registry"
188160,RES-2008-1805,general_registry,"Land  Registry","Lands Registry"
188161,RES-2008-5311,general_registry,"Land  Registry","Lands Registry"
188162,RES-2008-5451,general_registry,"Land  Registry","Lands Registry"
188164,RES-2021-150,general_registry,"Land  Registry","Lands Registry"
188165,CON-RES-2026-2867,registry,,3
188165,CON-RES-2026-2867,general_registry,,"Lands Registry"
188165,CON-RES-2026-2867,physical_registry,,"Registry 3 - Land"
188166,RES-2008-419,general_registry,"Land  Registry","Lands Registry"
188167,RES-2008-5506,general_registry,"Land  Registry","Lands Registry"
188168,RES-2008-5327,general_registry,"Land  Registry","Lands Registry"
188169,RES-2008-1806,general_registry,"Land  Registry","Lands Registry"
188170,RES-2008-5450,general_registry,"Land  Registry","Lands Registry"
188171,RES-2008-1807,general_registry,"Land  Registry","Lands Registry"
188173,RES-2022-597,general_registry,"Land  Registry","Lands Registry"
188174,RES-2008-1808,general_registry,"Land  Registry","Lands Registry"
188175,RES-2008-5507,general_registry,"Land  Registry","Lands Registry"
188176,CON-RES-2026-2868,registry,,3
188176,CON-RES-2026-2868,general_registry,,"Lands Registry"
188176,CON-RES-2026-2868,physical_registry,,"Registry 3 - Land"
188177,RES-2008-1881,general_registry,"Land  Registry","Lands Registry"
188178,RES-2008-418,general_registry,"Land  Registry","Lands Registry"
188179,RES-2004-426,general_registry,"Land  Registry","Lands Registry"
188180,RES-2022-596,general_registry,"Land  Registry","Lands Registry"
188181,RES-2008-5328,general_registry,"Land  Registry","Lands Registry"
188182,RES-2008-1882,general_registry,"Land  Registry","Lands Registry"
188184,COM-2014-50,general_registry,"Land  Registry","Lands Registry"
188186,RES-2008-5508,general_registry,"Land  Registry","Lands Registry"
188187,RES-2008-218,registry,,2
188187,RES-2008-218,general_registry,"Land  Registry","Lands Registry"
188188,RES-2020-3053,general_registry,"Land  Registry","Lands Registry"
188189,RES-2008-1828,general_registry,"Land  Registry","Lands Registry"
188190,RES-2008-402,general_registry,"Land  Registry","Lands Registry"
188191,RES-2022-595,general_registry,"Land  Registry","Lands Registry"
188192,RES-2008-299,general_registry,"Land  Registry","Lands Registry"
188194,RES-2008-3967,general_registry,"Land  Registry","Lands Registry"
188195,RES-2020-2957,general_registry,"Land  Registry","Lands Registry"
188196,RES-2008-217,registry,,2
188196,RES-2008-217,general_registry,"Land  Registry","Lands Registry"
188197,RES-2008-5481,general_registry,"Land  Registry","Lands Registry"
188198,RES-2008-421,general_registry,"Land  Registry","Lands Registry"
188199,RES-2008-5509,general_registry,"Land  Registry","Lands Registry"
188200,RES-2022-594,general_registry,"Land  Registry","Lands Registry"
188201,RES-2020-2998,general_registry,"Land  Registry","Lands Registry"
188202,RES-2008-5449,general_registry,"Land  Registry","Lands Registry"
188204,RES-1989-1646,general_registry,"Land  Registry","Lands Registry"
188205,RES-2008-219,registry,,2
188205,RES-2008-219,general_registry,"Land  Registry","Lands Registry"
188206,RES-2008-3911,general_registry,"Land  Registry","Lands Registry"
188207,RES-2022-565,general_registry,"Land  Registry","Lands Registry"
188208,CON-RES-2026-2869,registry,,3
188208,CON-RES-2026-2869,general_registry,,"Lands Registry"
188208,CON-RES-2026-2869,physical_registry,,"Registry 3 - Land"
188209,RES-2008-298,general_registry,"Land  Registry","Lands Registry"
188210,RES-2008-5510,general_registry,"Land  Registry","Lands Registry"
188211,RES-2008-420,general_registry,"Land  Registry","Lands Registry"
188212,RES-2020-2999,general_registry,"Land  Registry","Lands Registry"
188213,RES-2008-5418,general_registry,"Land  Registry","Lands Registry"
188214,RES-2008-1874,general_registry,"Land  Registry","Lands Registry"
188215,RES-2020-2956,general_registry,"Land  Registry","Lands Registry"
188216,RES-2008-297,general_registry,"Land  Registry","Lands Registry"
188217,RES-2008-5477,general_registry,"Land  Registry","Lands Registry"
188218,RES-2008-5511,general_registry,"Land  Registry","Lands Registry"
188219,RES-2008-3965,general_registry,"Land  Registry","Lands Registry"
188220,RES-2008-495,general_registry,"Land  Registry","Lands Registry"
188221,RES-2019-3835,general_registry,"Land  Registry","Lands Registry"
188222,RES-2008-422,general_registry,"Land  Registry","Lands Registry"
188223,RES-2008-1871,general_registry,"Land  Registry","Lands Registry"
188224,COM-RC-1982-415,general_registry,"Land  Registry","Lands Registry"
188225,RES-2022-569,general_registry,"Land  Registry","Lands Registry"
188227,RES-1981-1657,general_registry,"Land  Registry","Lands Registry"
188228,RES-2008-222,general_registry,"Land  Registry","Lands Registry"
188229,RES-2008-5512,general_registry,"Land  Registry","Lands Registry"
188230,RES-2008-5476,general_registry,"Land  Registry","Lands Registry"
188231,RES-2008-424,general_registry,"Land  Registry","Lands Registry"
188232,RES-2020-1400,general_registry,"Land  Registry","Lands Registry"
188233,RES-2008-1873,general_registry,"Land  Registry","Lands Registry"
188234,CON-COM-2026-580,registry,,3
188234,CON-COM-2026-580,general_registry,,"Lands Registry"
188234,CON-COM-2026-580,physical_registry,,"Registry 3 - Land"
188236,RES-2008-220,general_registry,"Land  Registry","Lands Registry"
188237,RES-2021-3464,general_registry,"Land  Registry","Lands Registry"
188238,RES-2008-5513,general_registry,"Land  Registry","Lands Registry"
188239,RES-2008-5475,general_registry,"Land  Registry","Lands Registry"
188240,RES-2022-568,general_registry,"Land  Registry","Lands Registry"
188241,RES-2008-294,general_registry,"Land  Registry","Lands Registry"
188242,RES-2008-1869,general_registry,"Land  Registry","Lands Registry"
188244,CON-RES-2026-2870,registry,,3
188244,CON-RES-2026-2870,general_registry,,"Lands Registry"
188244,CON-RES-2026-2870,physical_registry,,"Registry 3 - Land"
188245,RES-2020-1451,general_registry,"Land  Registry","Lands Registry"
188246,RES-2008-441,general_registry,"Land  Registry","Lands Registry"
188247,RES-2008-1868,general_registry,"Land  Registry","Lands Registry"
188248,RES-2008-423,general_registry,"Land  Registry","Lands Registry"
188249,RES-2008-5474,general_registry,"Land  Registry","Lands Registry"
188251,RES-2008-1812,general_registry,"Land  Registry","Lands Registry"
188252,RES-2020-1421,general_registry,"Land  Registry","Lands Registry"
188253,RES-2022-549,general_registry,"Land  Registry","Lands Registry"
188254,RES-2020-2901,general_registry,"Land  Registry","Lands Registry"
188256,RES-2008-5514,general_registry,"Land  Registry","Lands Registry"
188258,RES-2008-3098,general_registry,"Land  Registry","Lands Registry"
188259,RES-2020-2922,general_registry,"Land  Registry","Lands Registry"
188260,RES-2020-1452,general_registry,"Land  Registry","Lands Registry"
188261,RES-2022-552,general_registry,"Land  Registry","Lands Registry"
188262,RES-2020-3091,general_registry,"Land  Registry","Lands Registry"
188263,CON-RES-2026-2871,registry,,3
188263,CON-RES-2026-2871,general_registry,,"Lands Registry"
188263,CON-RES-2026-2871,physical_registry,,"Registry 3 - Land"
188264,RES-1985-1745,general_registry,"Land  Registry","Lands Registry"
188265,CON-COM-2026-581,registry,,3
188265,CON-COM-2026-581,general_registry,,"Lands Registry"
188265,CON-COM-2026-581,physical_registry,,"Registry 3 - Land"
188266,RES-2020-1431,general_registry,"Land  Registry","Lands Registry"
188267,RES-2008-227,general_registry,"Land  Registry","Lands Registry"
188268,RES-2008-5542,general_registry,"Land  Registry","Lands Registry"
188269,RES-2008-3964,general_registry,"Land  Registry","Lands Registry"
188270,RES-2020-3092,general_registry,"Land  Registry","Lands Registry"
188272,RES-2008-230,general_registry,"Land  Registry","Lands Registry"
188273,RES-2020-3072,general_registry,"Land  Registry","Lands Registry"
188274,RES-2008-4188,general_registry,"Land  Registry","Lands Registry"
188276,RES-2020-1428,general_registry,"Land  Registry","Lands Registry"
188277,RES-2020-2930,general_registry,"Land  Registry","Lands Registry"
188278,RES-2024-2360,general_registry,"Land  Registry","Lands Registry"
188279,RES-2008-5544,general_registry,"Land  Registry","Lands Registry"
188280,RES-2019-1973,general_registry,"Land  Registry","Lands Registry"
188281,RES-2020-1425,general_registry,"Land  Registry","Lands Registry"
188282,RES-2020-2958,general_registry,"Land  Registry","Lands Registry"
188284,RES-2008-3076,general_registry,"Land  Registry","Lands Registry"
188285,RES-2008-3077,general_registry,"Land  Registry","Lands Registry"
188286,RES-2020-2964,general_registry,"Land  Registry","Lands Registry"
188288,RES-2020-1424,general_registry,"Land  Registry","Lands Registry"
188289,RES-2020-2970,general_registry,"Land  Registry","Lands Registry"
188290,RES-2008-2767,general_registry,"Land  Registry","Lands Registry"
188291,RES-2008-3075,general_registry,"Land  Registry","Lands Registry"
188292,RES-2020-2983,general_registry,"Land  Registry","Lands Registry"
188293,RES-2008-226,general_registry,"Land  Registry","Lands Registry"
188294,RES-2020-1411,general_registry,"Land  Registry","Lands Registry"
188295,RES-2008-3074,general_registry,"Land  Registry","Lands Registry"
188296,RES-2020-3013,general_registry,"Land  Registry","Lands Registry"
188297,RES-2008-3073,general_registry,"Land  Registry","Lands Registry"
188298,CON-RES-2014-368,general_registry,"Land  Registry","Lands Registry"
188299,RES-2020-3073,general_registry,"Land  Registry","Lands Registry"
188301,RES-2020-3074,general_registry,"Land  Registry","Lands Registry"
188302,RES-2020-3077,general_registry,"Land  Registry","Lands Registry"
188303,RES-2020-1410,general_registry,"Land  Registry","Lands Registry"
188304,RES-2008-2409,registry,,2
188304,RES-2008-2409,general_registry,"Land  Registry","Lands Registry"
188305,RES-2008-3060,general_registry,"Land  Registry","Lands Registry"
188306,RES-2020-3078,general_registry,"Land  Registry","Lands Registry"
188307,RES-2008-2408,general_registry,"Land  Registry","Lands Registry"
188308,RES-2020-3090,general_registry,"Land  Registry","Lands Registry"
188309,RES-2020-1423,general_registry,"Land  Registry","Lands Registry"
188310,RES-2017-167,general_registry,"Land  Registry","Lands Registry"
188312,RES-2020-2935,general_registry,"Land  Registry","Lands Registry"
188313,RES-2008-2407,general_registry,"Land  Registry","Lands Registry"
188314,RES-2008-3421,general_registry,"Land  Registry","Lands Registry"
188315,RES-2020-2939,general_registry,"Land  Registry","Lands Registry"
188316,RES-2020-1422,general_registry,"Land  Registry","Lands Registry"
188317,RES-2008-2406,general_registry,"Land  Registry","Lands Registry"
188318,RES-2020-2962,general_registry,"Land  Registry","Lands Registry"
188319,RES-2020-1432,general_registry,"Land  Registry","Lands Registry"
188320,RES-2017-166,general_registry,"Land  Registry","Lands Registry"
188321,RES-2020-3088,general_registry,"Land  Registry","Lands Registry"
188323,RES-2020-2946,general_registry,"Land  Registry","Lands Registry"
188324,RES-2020-1434,general_registry,"Land  Registry","Lands Registry"
188325,RES-2020-2954,general_registry,"Land  Registry","Lands Registry"
188326,RES-2020-1446,general_registry,"Land  Registry","Lands Registry"
188329,CON-RES-RC-1982-40,general_registry,"Land  Registry","Lands Registry"
188330,RES-2020-2967,general_registry,"Land  Registry","Lands Registry"
188332,RES-2020-2968,general_registry,"Land  Registry","Lands Registry"
188333,RES-2020-1445,general_registry,"Land  Registry","Lands Registry"
188334,RES-2020-2969,general_registry,"Land  Registry","Lands Registry"
188335,RES-2008-502,general_registry,"Land  Registry","Lands Registry"
188336,RES-2020-1448,general_registry,"Land  Registry","Lands Registry"
188337,RES-2008-5471,general_registry,"Land  Registry","Lands Registry"
188338,RES-2008-407,general_registry,"Land  Registry","Lands Registry"
188339,RES-2020-1449,general_registry,"Land  Registry","Lands Registry"
188340,RES-2008-2405,general_registry,"Land  Registry","Lands Registry"
188341,RES-2020-1412,general_registry,"Land  Registry","Lands Registry"
188342,RES-2008-409,general_registry,"Land  Registry","Lands Registry"
188343,RES-2008-5305,general_registry,"Land  Registry","Lands Registry"
188344,RES-2020-1416,general_registry,"Land  Registry","Lands Registry"
188345,RES-2008-5545,general_registry,"Land  Registry","Lands Registry"
188346,RES-2008-5320,general_registry,"Land  Registry","Lands Registry"
188347,RES-2008-410,general_registry,"Land  Registry","Lands Registry"
188348,RES-2020-1413,general_registry,"Land  Registry","Lands Registry"
188349,RES-2000-4829(T),general_registry,"Land  Registry","Lands Registry"
188350,RES-2020-1450,general_registry,"Land  Registry","Lands Registry"
188351,RES-2008-1811,general_registry,"Land  Registry","Lands Registry"
188352,RES-2008-1810,general_registry,"Land  Registry","Lands Registry"
188353,RES-2008-334,general_registry,"Land  Registry","Lands Registry"
188354,RES-2008-1818,general_registry,"Land  Registry","Lands Registry"
188357,RES-2020-1414,general_registry,"Land  Registry","Lands Registry"
188358,RES-2008-5546,general_registry,"Land  Registry","Lands Registry"
188359,RES-2008-1817,general_registry,"Land  Registry","Lands Registry"
188360,RES-2008-1816,general_registry,"Land  Registry","Lands Registry"
188361,RES-2008-1860,general_registry,"Land  Registry","Lands Registry"
188362,RES-2020-1415,general_registry,"Land  Registry","Lands Registry"
188363,RES-2008-5547,general_registry,"Land  Registry","Lands Registry"
188364,RES-2008-5548,general_registry,"Land  Registry","Lands Registry"
188365,RES-2008-5549,general_registry,"Land  Registry","Lands Registry"
188366,RES-2008-5550,general_registry,"Land  Registry","Lands Registry"
188367,RES-2008-5551,general_registry,"Land  Registry","Lands Registry"
188368,RES-2008-5553,general_registry,"Land  Registry","Lands Registry"
188369,RES-2008-5558,general_registry,"Land  Registry","Lands Registry"
188370,RES-2008-5554,general_registry,"Land  Registry","Lands Registry"
188371,RES-2008-5555,general_registry,"Land  Registry","Lands Registry"
188372,RES-2008-5556,general_registry,"Land  Registry","Lands Registry"
188373,RES-2025-3376,general_registry,"Land  Registry","Lands Registry"
188374,RES-2020-1430,general_registry,"Land  Registry","Lands Registry"
188375,RES-2020-1444,general_registry,"Land  Registry","Lands Registry"
188376,RES-2020-1407,general_registry,"Land  Registry","Lands Registry"
188377,RES-2020-1401,general_registry,"Land  Registry","Lands Registry"
188378,RES-2020-1441,general_registry,"Land  Registry","Lands Registry"
188379,RES-2020-1417,general_registry,"Land  Registry","Lands Registry"
188380,RES-2020-2807,general_registry,"Land  Registry","Lands Registry"
188381,RES-2020-2802,general_registry,"Land  Registry","Lands Registry"
188382,RES-2020-2881,general_registry,"Land  Registry","Lands Registry"
188383,RES-2020-2931,general_registry,"Land  Registry","Lands Registry"
188384,RES-2020-2875,general_registry,"Land  Registry","Lands Registry"
188385,RES-2020-2812,general_registry,"Land  Registry","Lands Registry"
188386,RES-2020-3089,general_registry,"Land  Registry","Lands Registry"
188387,RES-2020-2977,general_registry,"Land  Registry","Lands Registry"
188388,RES-2020-3097,general_registry,"Land  Registry","Lands Registry"
188389,RES-2020-2918,general_registry,"Land  Registry","Lands Registry"
188390,RES-2020-2874,general_registry,"Land  Registry","Lands Registry"
188391,RES-2020-3093,general_registry,"Land  Registry","Lands Registry"
188392,RES-2020-2847,general_registry,"Land  Registry","Lands Registry"
188393,RES-2020-3095,general_registry,"Land  Registry","Lands Registry"
188394,RES-2020-2815,general_registry,"Land  Registry","Lands Registry"
188395,RES-2020-3045,general_registry,"Land  Registry","Lands Registry"
188396,RES-2020-2814,general_registry,"Land  Registry","Lands Registry"
188397,RES-2020-3100,general_registry,"Land  Registry","Lands Registry"
188398,RES-2020-2903,general_registry,"Land  Registry","Lands Registry"
188399,RES-2020-3199,general_registry,"Land  Registry","Lands Registry"
188400,RES-2020-3129,general_registry,"Land  Registry","Lands Registry"
188401,RES-2020-2912,general_registry,"Land  Registry","Lands Registry"
188402,RES-2020-3156,general_registry,"Land  Registry","Lands Registry"
188403,RES-2020-2947,general_registry,"Land  Registry","Lands Registry"
188404,RES-2020-3157,general_registry,"Land  Registry","Lands Registry"
188405,RES-2020-2996,general_registry,"Land  Registry","Lands Registry"
188406,RES-2021-4078,general_registry,"Land  Registry","Lands Registry"
188407,RES-2020-3131,general_registry,"Land  Registry","Lands Registry"
188408,RES-2020-2910,general_registry,"Land  Registry","Lands Registry"
188409,RES-2020-3133,general_registry,"Land  Registry","Lands Registry"
188410,RES-2020-3197,general_registry,"Land  Registry","Lands Registry"
188411,RES-2020-3108,general_registry,"Land  Registry","Lands Registry"
188412,RES-2020-3118,general_registry,"Land  Registry","Lands Registry"
188413,RES-2015-1837,general_registry,"Land  Registry","Lands Registry"
188414,RES-2020-3183,general_registry,"Land  Registry","Lands Registry"
188415,RES-2020-3148,general_registry,"Land  Registry","Lands Registry"
188416,RES-2020-3120,general_registry,"Land  Registry","Lands Registry"
188417,RES-2015-2475,general_registry,"Land  Registry","Lands Registry"
188418,RES-2020-3149,general_registry,"Land  Registry","Lands Registry"
188419,RES-2020-3125,general_registry,"Land  Registry","Lands Registry"
188420,RES-2019-268,general_registry,"Land  Registry","Lands Registry"
188421,RES-2020-3122,general_registry,"Land  Registry","Lands Registry"
188422,RES-2020-3098,general_registry,"Land  Registry","Lands Registry"
188423,RES-2020-3028,general_registry,"Land  Registry","Lands Registry"
188424,RES-2019-60,general_registry,"Land  Registry","Lands Registry"
188425,RES-2020-3052,general_registry,"Land  Registry","Lands Registry"
188426,RES-2015-2160,general_registry,"Land  Registry","Lands Registry"
188427,RES-2020-3061,general_registry,"Land  Registry","Lands Registry"
188428,RES-2020-3007,general_registry,"Land  Registry","Lands Registry"
188429,RES-2020-3094,general_registry,"Land  Registry","Lands Registry"
188430,RES-2020-3032,general_registry,"Land  Registry","Lands Registry"
188431,RES-2020-3055,general_registry,"Land  Registry","Lands Registry"
188432,RES-2020-3012,general_registry,"Land  Registry","Lands Registry"
188433,RES-RC-2020-2818,general_registry,"Land  Registry","Lands Registry"
188434,RES-2020-2908,general_registry,"Land  Registry","Lands Registry"
188435,RES-2020-2842,general_registry,"Land  Registry","Lands Registry"
188436,RES-2020-5043,general_registry,"Land  Registry","Lands Registry"
188437,RES-2009-5552,general_registry,"Land  Registry","Lands Registry"
188438,RES-2020-2862,general_registry,"Land  Registry","Lands Registry"
188439,RES-2020-3096,general_registry,"Land  Registry","Lands Registry"
188440,RES-2022-586,general_registry,"Land  Registry","Lands Registry"
188441,RES-2020-2860,general_registry,"Land  Registry","Lands Registry"
188442,RES-2020-2839,general_registry,"Land  Registry","Lands Registry"
188443,RES-2020-2883,general_registry,"Land  Registry","Lands Registry"
188444,RES-2020-2884,general_registry,"Land  Registry","Lands Registry"
188445,RES-2020-2848,general_registry,"Land  Registry","Lands Registry"
188446,RES-2020-2816,general_registry,"Land  Registry","Lands Registry"
188447,RES-2020-2827,general_registry,"Land  Registry","Lands Registry"
188448,RES-2020-2820,general_registry,"Land  Registry","Lands Registry"
188449,COM-2026-326,registry,,1
188449,COM-2026-326,general_registry,,"Lands Registry"
188449,COM-2026-326,physical_registry,,"Registry 1 - Land"
188450,COM-2026-327,registry,,1
188450,COM-2026-327,general_registry,,"Lands Registry"
188450,COM-2026-327,physical_registry,,"Registry 1 - Land"
188451,RES-2026-3451,registry,,2
188451,RES-2026-3451,general_registry,,"Lands Registry"
188451,RES-2026-3451,physical_registry,,"Registry 2 - Land"
188452,RES-2026-3452,registry,,2
188452,RES-2026-3452,general_registry,,"Lands Registry"
188452,RES-2026-3452,physical_registry,,"Registry 2 - Land"
188453,RES-2026-3453,registry,,2
188453,RES-2026-3453,general_registry,,"Lands Registry"
188453,RES-2026-3453,physical_registry,,"Registry 2 - Land"
188454,RES-2026-3454,registry,,2
188454,RES-2026-3454,general_registry,,"Lands Registry"
188454,RES-2026-3454,physical_registry,,"Registry 2 - Land"
188455,RES-2026-3455,registry,,2
188455,RES-2026-3455,general_registry,,"Lands Registry"
188455,RES-2026-3455,physical_registry,,"Registry 2 - Land"
188456,RES-2026-3456,registry,,2
188456,RES-2026-3456,general_registry,,"Lands Registry"
188456,RES-2026-3456,physical_registry,,"Registry 2 - Land"
188457,RES-2026-3457,registry,,2
188457,RES-2026-3457,general_registry,,"Lands Registry"
188457,RES-2026-3457,physical_registry,,"Registry 2 - Land"
188458,RES-2026-3458,registry,,2
188458,RES-2026-3458,general_registry,,"Lands Registry"
188458,RES-2026-3458,physical_registry,,"Registry 2 - Land"
188459,RES-2026-3459,registry,,2
188459,RES-2026-3459,general_registry,,"Lands Registry"
188459,RES-2026-3459,physical_registry,,"Registry 2 - Land"
188460,RES-2026-3460,registry,,2
188460,RES-2026-3460,general_registry,,"Lands Registry"
188460,RES-2026-3460,physical_registry,,"Registry 2 - Land"
188461,RES-2026-3461,registry,,2
188461,RES-2026-3461,general_registry,,"Lands Registry"
188461,RES-2026-3461,physical_registry,,"Registry 2 - Land"
188462,RES-2026-3462,registry,,2
188462,RES-2026-3462,general_registry,,"Lands Registry"
188462,RES-2026-3462,physical_registry,,"Registry 2 - Land"
188463,RES-2026-3463,registry,,2
188463,RES-2026-3463,general_registry,,"Lands Registry"
188463,RES-2026-3463,physical_registry,,"Registry 2 - Land"
188464,RES-2026-3464,registry,,2
188464,RES-2026-3464,general_registry,,"Lands Registry"
188464,RES-2026-3464,physical_registry,,"Registry 2 - Land"
188465,RES-2026-3465,registry,,2
188465,RES-2026-3465,general_registry,,"Lands Registry"
188465,RES-2026-3465,physical_registry,,"Registry 2 - Land"
188466,RES-2026-3466,registry,,2
188466,RES-2026-3466,general_registry,,"Lands Registry"
188466,RES-2026-3466,physical_registry,,"Registry 2 - Land"
188467,RES-2026-3467,registry,,2
188467,RES-2026-3467,general_registry,,"Lands Registry"
188467,RES-2026-3467,physical_registry,,"Registry 2 - Land"
188468,RES-2026-3468,registry,,2
188468,RES-2026-3468,general_registry,,"Lands Registry"
188468,RES-2026-3468,physical_registry,,"Registry 2 - Land"
188469,RES-2026-3469,registry,,2
188469,RES-2026-3469,general_registry,,"Lands Registry"
188469,RES-2026-3469,physical_registry,,"Registry 2 - Land"
188470,RES-2026-3470,registry,,2
188470,RES-2026-3470,general_registry,,"Lands Registry"
188470,RES-2026-3470,physical_registry,,"Registry 2 - Land"
188471,RES-2026-3471,registry,,2
188471,RES-2026-3471,general_registry,,"Lands Registry"
188471,RES-2026-3471,physical_registry,,"Registry 2 - Land"
188472,RES-2026-3472,registry,,2
188472,RES-2026-3472,general_registry,,"Lands Registry"
188472,RES-2026-3472,physical_registry,,"Registry 2 - Land"
188473,RES-2026-3473,registry,,2
188473,RES-2026-3473,general_registry,,"Lands Registry"
188473,RES-2026-3473,physical_registry,,"Registry 2 - Land"
188474,RES-2026-3474,registry,,2
188474,RES-2026-3474,general_registry,,"Lands Registry"
188474,RES-2026-3474,physical_registry,,"Registry 2 - Land"
188475,RES-2026-3475,registry,,2
188475,RES-2026-3475,general_registry,,"Lands Registry"
188475,RES-2026-3475,physical_registry,,"Registry 2 - Land"
188476,RES-2026-3476,registry,,2
188476,RES-2026-3476,general_registry,,"Lands Registry"
188476,RES-2026-3476,physical_registry,,"Registry 2 - Land"
188477,RES-2026-3477,registry,,2
188477,RES-2026-3477,general_registry,,"Lands Registry"
188477,RES-2026-3477,physical_registry,,"Registry 2 - Land"
188478,RES-2026-3478,registry,,2
188478,RES-2026-3478,general_registry,,"Lands Registry"
188478,RES-2026-3478,physical_registry,,"Registry 2 - Land"
188479,RES-2026-3479,registry,,2
188479,RES-2026-3479,general_registry,,"Lands Registry"
188479,RES-2026-3479,physical_registry,,"Registry 2 - Land"
188480,RES-2026-3480,registry,,2
188480,RES-2026-3480,general_registry,,"Lands Registry"
188480,RES-2026-3480,physical_registry,,"Registry 2 - Land"
188481,RES-2026-3481,registry,,2
188481,RES-2026-3481,general_registry,,"Lands Registry"
188481,RES-2026-3481,physical_registry,,"Registry 2 - Land"
188482,RES-2026-3482,registry,,2
188482,RES-2026-3482,general_registry,,"Lands Registry"
188482,RES-2026-3482,physical_registry,,"Registry 2 - Land"
188483,RES-2026-3483,registry,,2
188483,RES-2026-3483,general_registry,,"Lands Registry"
188483,RES-2026-3483,physical_registry,,"Registry 2 - Land"
188484,RES-2026-3484,registry,,2
188484,RES-2026-3484,general_registry,,"Lands Registry"
188484,RES-2026-3484,physical_registry,,"Registry 2 - Land"
188485,RES-2026-3485,registry,,2
188485,RES-2026-3485,general_registry,,"Lands Registry"
188485,RES-2026-3485,physical_registry,,"Registry 2 - Land"
188486,RES-2026-3486,registry,,2
188486,RES-2026-3486,general_registry,,"Lands Registry"
188486,RES-2026-3486,physical_registry,,"Registry 2 - Land"
188487,RES-2026-3487,registry,,2
188487,RES-2026-3487,general_registry,,"Lands Registry"
188487,RES-2026-3487,physical_registry,,"Registry 2 - Land"
188488,RES-2026-3488,registry,,2
188488,RES-2026-3488,general_registry,,"Lands Registry"
188488,RES-2026-3488,physical_registry,,"Registry 2 - Land"
188489,RES-2026-3489,registry,,2
188489,RES-2026-3489,general_registry,,"Lands Registry"
188489,RES-2026-3489,physical_registry,,"Registry 2 - Land"
188490,RES-2026-3490,registry,,2
188490,RES-2026-3490,general_registry,,"Lands Registry"
188490,RES-2026-3490,physical_registry,,"Registry 2 - Land"
188491,RES-2008-1815,general_registry,"Land  Registry","Lands Registry"
188492,RES-2008-1859,general_registry,"Land  Registry","Lands Registry"
188493,RES-2008-1858,general_registry,"Land  Registry","Lands Registry"
188494,RES-2008-1857,general_registry,"Land  Registry","Lands Registry"
188495,RES-2008-1476,general_registry,"Land  Registry","Lands Registry"
188496,RES-2020-189,general_registry,"Land  Registry","Lands Registry"
188497,RES-2008-1855,general_registry,"Land  Registry","Lands Registry"
188498,RES-2008-5314,general_registry,"Land  Registry","Lands Registry"
188499,RES-2008-2142,general_registry,"Land  Registry","Lands Registry"
188500,RES-2020-188,general_registry,"Land  Registry","Lands Registry"
188501,RES-2008-5310,general_registry,"Land  Registry","Lands Registry"
188502,RES-2008-2715,general_registry,"Land  Registry","Lands Registry"
188503,RES-2008-343,general_registry,"Land  Registry","Lands Registry"
188504,RES-2008-5395,general_registry,"Land  Registry","Lands Registry"
188505,RES-2020-2885,general_registry,"Land  Registry","Lands Registry"
188506,RES-2008-2105,general_registry,"Land  Registry","Lands Registry"
188507,RES-2008-2714,general_registry,"Land  Registry","Lands Registry"
188508,RES-2020-190,general_registry,"Land  Registry","Lands Registry"
188509,RES-2008-324,general_registry,"Land  Registry","Lands Registry"
188510,RES-2008-3145,general_registry,"Land  Registry","Lands Registry"
188511,RES-2008-2712,general_registry,"Land  Registry","Lands Registry"
188512,RES-2020-2882,registry,,2
188512,RES-2020-2882,general_registry,"Land  Registry","Lands Registry"
188513,RES-2020-1200,general_registry,"Land  Registry","Lands Registry"
188514,RES-2020-191,general_registry,"Land  Registry","Lands Registry"
188515,RES-2008-5396,general_registry,"Land  Registry","Lands Registry"
188516,RES-2008-2106,general_registry,"Land  Registry","Lands Registry"
188517,COM-2008-2711,general_registry,"Land  Registry","Lands Registry"
188518,RES-2008-325,general_registry,"Land  Registry","Lands Registry"
188519,RES-2008-1856,general_registry,"Land  Registry","Lands Registry"
188520,RES-2020-192,general_registry,"Land  Registry","Lands Registry"
188521,RES-2008-5392,general_registry,"Land  Registry","Lands Registry"
188522,RES-2008-2709,general_registry,"Land  Registry","Lands Registry"
188523,RES-2020-2819,general_registry,"Land  Registry","Lands Registry"
188524,RES-2008-4321,general_registry,"Land  Registry","Lands Registry"
188525,RES-2008-2107,general_registry,"Land  Registry","Lands Registry"
188526,RES-2008-3984,general_registry,"Land  Registry","Lands Registry"
188527,RES-2008-1851,general_registry,"Land  Registry","Lands Registry"
188528,RES-2008-316,general_registry,"Land  Registry","Lands Registry"
188529,RES-2020-1295,general_registry,"Land  Registry","Lands Registry"
188530,RES-2020-2858,general_registry,"Land  Registry","Lands Registry"
188531,RES-2008-3147,general_registry,"Land  Registry","Lands Registry"
188533,RES-2003-3629,general_registry,"Land  Registry","Lands Registry"
188534,RES-2008-4320,general_registry,"Land  Registry","Lands Registry"
188536,RES-2008-2104,general_registry,"Land  Registry","Lands Registry"
188537,RES-2008-3912,general_registry,"Land  Registry","Lands Registry"
188538,RES-2020-2822,general_registry,"Land  Registry","Lands Registry"
188539,RES-2020-1253,general_registry,"Land  Registry","Lands Registry"
188540,RES-2008-2145,general_registry,"Land  Registry","Lands Registry"
188541,RES-2008-1862,general_registry,"Land  Registry","Lands Registry"
188542,RES-2020-1216,general_registry,"Land  Registry","Lands Registry"
188543,RES-2008-3985,general_registry,"Land  Registry","Lands Registry"
188544,RES-2008-323,general_registry,"Land  Registry","Lands Registry"
188545,RES-2020-2880,general_registry,"Land  Registry","Lands Registry"
188546,RES-2008-1530,general_registry,"Land  Registry","Lands Registry"
188547,RES-2008-3195,general_registry,"Land  Registry","Lands Registry"
188548,RES-2008-3890,general_registry,"Land  Registry","Lands Registry"
188549,RES-2008-5429,general_registry,"Land  Registry","Lands Registry"
188550,RES-2008-320,general_registry,"Land  Registry","Lands Registry"
188551,RES-2008-3578,general_registry,"Land  Registry","Lands Registry"
188552,RES-2001-3712,general_registry,"Land  Registry","Lands Registry"
188553,RES-2008-1861,general_registry,"Land  Registry","Lands Registry"
188554,RES-2008-3547,general_registry,"Land  Registry","Lands Registry"
188555,RES-2020-2806,general_registry,"Land  Registry","Lands Registry"
188556,RES-2020-1248,general_registry,"Land  Registry","Lands Registry"
188557,RES-2008-1529,general_registry,"Land  Registry","Lands Registry"
188558,RES-2008-3548,general_registry,"Land  Registry","Lands Registry"
188559,RES-2008-3549,general_registry,"Land  Registry","Lands Registry"
188560,RES-2020-2824,general_registry,"Land  Registry","Lands Registry"
188561,RES-2008-3891,general_registry,"Land  Registry","Lands Registry"
188562,RES-2020-1245,general_registry,"Land  Registry","Lands Registry"
188563,RES-2008-322,general_registry,"Land  Registry","Lands Registry"
188564,RES-2008-319,general_registry,"Land  Registry","Lands Registry"
188565,RES-2008-3571,general_registry,"Land  Registry","Lands Registry"
188566,RES-2008-3459,general_registry,"Land  Registry","Lands Registry"
188567,RES-2008-1864,registry,,2
188567,RES-2008-1864,general_registry,"Land  Registry","Lands Registry"
188568,RES-2008-3572,general_registry,"Land  Registry","Lands Registry"
188569,RES-2008-1528,general_registry,"Land  Registry","Lands Registry"
188570,RES-2008-3607,general_registry,"Land  Registry","Lands Registry"
188571,RES-2020-1249,general_registry,"Land  Registry","Lands Registry"
188572,RES-2008-5439,general_registry,"Land  Registry","Lands Registry"
188573,RES-2001-5454,general_registry,"Land  Registry","Lands Registry"
188574,RES-2008-5402,general_registry,"Land  Registry","Lands Registry"
188575,RES-2008-3896,general_registry,"Land  Registry","Lands Registry"
188576,RES-2008-3458,general_registry,"Land  Registry","Lands Registry"
188577,RES-2008-3605,general_registry,"Land  Registry","Lands Registry"
188578,RES-2008-304,general_registry,"Land  Registry","Lands Registry"
188579,RES-2008-1527,general_registry,"Land  Registry","Lands Registry"
188580,RES-2020-1256,general_registry,"Land  Registry","Lands Registry"
188581,RES-2022-2640,general_registry,"Land  Registry","Lands Registry"
188582,COM-2021-309,general_registry,"Land  Registry","Lands Registry"
188583,RES-2008-1863,general_registry,"Land  Registry","Lands Registry"
188584,RES-2020-1267,general_registry,"Land  Registry","Lands Registry"
188585,RES-2008-4338,general_registry,"Land  Registry","Lands Registry"
188586,RES-2008-3372,general_registry,"Land  Registry","Lands Registry"
188587,RES-2020-1257,general_registry,"Land  Registry","Lands Registry"
188588,RES-2022-3640,general_registry,"Land  Registry","Lands Registry"
188589,RES-2020-2810,general_registry,"Land  Registry","Lands Registry"
188590,RES-2008-1866,general_registry,"Land  Registry","Lands Registry"
188591,RES-2008-3457,general_registry,"Land  Registry","Lands Registry"
188593,RES-2019-1110,general_registry,"Land  Registry","Lands Registry"
188594,RES-2008-3894,general_registry,"Land  Registry","Lands Registry"
188595,RES-2020-1254,general_registry,"Land  Registry","Lands Registry"
188596,RES-2008-5442,general_registry,"Land  Registry","Lands Registry"
188597,RES-2008-1865,general_registry,"Land  Registry","Lands Registry"
188598,RES-2008-5430,general_registry,"Land  Registry","Lands Registry"
188599,RES-2019-1111,general_registry,"Land  Registry","Lands Registry"
188600,RES-2008-313,general_registry,"Land  Registry","Lands Registry"
188601,RES-2008-311,general_registry,"Land  Registry","Lands Registry"
188602,RES-2022-2359,general_registry,"Land  Registry","Lands Registry"
188604,RES-2008-1870,general_registry,"Land  Registry","Lands Registry"
188605,RES-2008-3361,general_registry,"Land  Registry","Lands Registry"
188606,RES-2008-3471,general_registry,"Land  Registry","Lands Registry"
188607,RES-2008-5443,general_registry,"Land  Registry","Lands Registry"
188608,RES-2008-1526,general_registry,"Land  Registry","Lands Registry"
188609,RES-2008-5444,general_registry,"Land  Registry","Lands Registry"
188610,RES-2008-3470,general_registry,"Land  Registry","Lands Registry"
188611,RES-2008-310,general_registry,"Land  Registry","Lands Registry"
188612,RES-2008-3360,general_registry,"Land  Registry","Lands Registry"
188613,RES-2008-5437,general_registry,"Land  Registry","Lands Registry"
188614,RES-2008-1867,general_registry,"Land  Registry","Lands Registry"
188615,RES-2003-3664,general_registry,"Land  Registry","Lands Registry"
188616,RES-2008-1525,general_registry,"Land  Registry","Lands Registry"
188617,RES-2020-1293,general_registry,"Land  Registry","Lands Registry"
188618,RES-2008-3359,general_registry,"Land  Registry","Lands Registry"
188619,RES-2008-5438,general_registry,"Land  Registry","Lands Registry"
188620,RES-2008-4334,general_registry,"Land  Registry","Lands Registry"
188621,RES-2008-1872,general_registry,"Land  Registry","Lands Registry"
188623,RES-2008-3397,general_registry,"Land  Registry","Lands Registry"
188624,RES-2008-3369,registry,,2
188624,RES-2008-3369,general_registry,"Land  Registry","Lands Registry"
188625,RES-2008-1524,general_registry,"Land  Registry","Lands Registry"
188626,RES-2020-1294,general_registry,"Land  Registry","Lands Registry"
188627,RES-2008-3472,general_registry,"Physical Planning Registry","Lands Registry"
188628,RES-2008-4324,general_registry,"Land  Registry","Lands Registry"
188629,RES-2008-3396,general_registry,"Land  Registry","Lands Registry"
188630,RES-2020-1246,general_registry,"Land  Registry","Lands Registry"
188631,RES-2008-1814,general_registry,"Land  Registry","Lands Registry"
188632,RES-2008-4329,general_registry,"Land  Registry","Lands Registry"
188633,RES-2008-1523,general_registry,"Land  Registry","Lands Registry"
188634,RES-2008-3394,general_registry,"Land  Registry","Lands Registry"
188635,RES-2020-1297,general_registry,"Land  Registry","Lands Registry"
188636,RES-2008-3490,general_registry,"Land  Registry","Lands Registry"
188637,RES-2008-1813,general_registry,"Land  Registry","Lands Registry"
188638,RES-2008-4322,general_registry,"Land  Registry","Lands Registry"
188639,RES-2008-4328,general_registry,"Land  Registry","Lands Registry"
188640,RES-2002-649,general_registry,"Land  Registry","Lands Registry"
188641,RES-2008-4327,general_registry,"Land  Registry","Lands Registry"
188642,RES-2008-4323,general_registry,"Land  Registry","Lands Registry"
188644,RES-2008-277,general_registry,"Land  Registry","Lands Registry"
188645,RES-2008-4325,general_registry,"Land  Registry","Lands Registry"
188646,RES-2020-1205,general_registry,"Land  Registry","Lands Registry"
188647,RES-2008-3491,general_registry,"Land  Registry","Lands Registry"
188648,RES-2008-5416,general_registry,"Land  Registry","Lands Registry"
188649,RES-2008-425,general_registry,"Land  Registry","Lands Registry"
188650,RES-2008-5407,general_registry,"Land  Registry","Lands Registry"
188651,RES-2008-119,general_registry,"Land  Registry","Lands Registry"
188652,RES-2020-1169,general_registry,"Land  Registry","Lands Registry"
188653,RES-2008-3492,general_registry,"Land  Registry","Lands Registry"
188654,RES-2008-5427,general_registry,"Land  Registry","Lands Registry"
188655,RES-2008-428,general_registry,"Land  Registry","Lands Registry"
188656,RES-2008-404,general_registry,"Land  Registry","Lands Registry"
188658,RES-2008-1824,registry,,2
188658,RES-2008-1824,general_registry,"Land  Registry","Lands Registry"
188659,RES-2020-1164,general_registry,"Land  Registry","Lands Registry"
188661,RES-2008-5408,general_registry,"Land  Registry","Lands Registry"
188662,COM-2026-328,registry,,1
188662,COM-2026-328,general_registry,,"Lands Registry"
188662,COM-2026-328,physical_registry,,"Registry 1 - Land"
188663,RES-2008-5428,general_registry,"Land  Registry","Lands Registry"
188665,RES-2008-3493,general_registry,"Land  Registry","Lands Registry"
188666,RES-2008-436,general_registry,"Land  Registry","Lands Registry"
188667,RES-2008-435,general_registry,"Land  Registry","Lands Registry"
188668,RES-2020-1185,general_registry,"Land  Registry","Lands Registry"
188669,RES-2002-3513,general_registry,"Land  Registry","Lands Registry"
188670,RES-2008-3566,general_registry,"Land  Registry","Lands Registry"
188671,RES-2008-5409,general_registry,"Land  Registry","Lands Registry"
188672,RES-2008-107,general_registry,"Land  Registry","Lands Registry"
188673,RES-2020-1193,general_registry,"Land  Registry","Lands Registry"
188674,RES-2008-5425,general_registry,"Land  Registry","Lands Registry"
188675,RES-2008-3499,general_registry,"Land  Registry","Lands Registry"
188676,RES-2008-169,general_registry,"Land  Registry","Lands Registry"
188677,RES-2008-3986,general_registry,"Land  Registry","Lands Registry"
188679,RES-2008-5431,general_registry,"Land  Registry","Lands Registry"
188680,RES-2008-115,general_registry,"Land  Registry","Lands Registry"
188681,RES-2008-3999,general_registry,"Land  Registry","Lands Registry"
188682,RES-2020-1195,general_registry,"Land  Registry","Lands Registry"
188683,RES-2008-3487,general_registry,"Land  Registry","Lands Registry"
188684,RES-2008-3969,general_registry,"Land  Registry","Lands Registry"
188685,RES-1982-1729,general_registry,"Land  Registry","Lands Registry"
188686,RES-2020-1176,general_registry,"Land  Registry","Lands Registry"
188687,RES-2008-5426,general_registry,"Land  Registry","Lands Registry"
188688,RES-2008-168,general_registry,"Land  Registry","Lands Registry"
188689,RES-2008-3971,general_registry,"Land  Registry","Lands Registry"
188690,RES-2008-5423,general_registry,"Land  Registry","Lands Registry"
188691,RES-2002-648,general_registry,"Land  Registry","Lands Registry"
188692,RES-2008-3791,general_registry,"Land  Registry","Lands Registry"
188693,RES-2008-3424,general_registry,"Land  Registry","Lands Registry"
188694,RES-2008-3553,general_registry,"Land  Registry","Lands Registry"
188695,RES-2020-1175,general_registry,"Land  Registry","Lands Registry"
188696,RES-2008-2101,general_registry,"Land  Registry","Lands Registry"
188697,RES-2008-3552,general_registry,"Land  Registry","Lands Registry"
188698,COM-2025-67,general_registry,"Land  Registry","Lands Registry"
188699,RES-1987-776(T),general_registry,"Land  Registry","Lands Registry"
188700,RES-2008-2153,general_registry,"Land  Registry","Lands Registry"
188701,RES-2008-5405,general_registry,"Land  Registry","Lands Registry"
188702,RES-2020-1162,general_registry,"Land  Registry","Lands Registry"
188703,RES-2008-2986,general_registry,"Land  Registry","Lands Registry"
188705,CON-COM-2026-582,registry,,3
188705,CON-COM-2026-582,general_registry,,"Lands Registry"
188705,CON-COM-2026-582,physical_registry,,"Registry 3 - Land"
188707,RES-2008-2154,general_registry,"Land  Registry","Lands Registry"
188708,RES-2008-2987,general_registry,"Land  Registry","Lands Registry"
188709,CON-COM-2026-583,registry,,3
188709,CON-COM-2026-583,general_registry,,"Lands Registry"
188709,CON-COM-2026-583,physical_registry,,"Registry 3 - Land"
188710,RES-2002-645,general_registry,"Land  Registry","Lands Registry"
188711,RES-2008-5401,general_registry,"Land  Registry","Lands Registry"
188712,RES-2020-1181,general_registry,"Land  Registry","Lands Registry"
188716,RES-2020-1167,general_registry,"Land  Registry","Lands Registry"
188718,RES-2008-3767,general_registry,"Land  Registry","Lands Registry"
188719,RES-2022-585,general_registry,"Land  Registry","Lands Registry"
188720,RES-2020-1180,general_registry,"Land  Registry","Lands Registry"
188721,RES-2008-5412,general_registry,"Land  Registry","Lands Registry"
188722,RES-2008-3551,general_registry,"Land  Registry","Lands Registry"
188723,RES-2008-2155,general_registry,"Land  Registry","Lands Registry"
188724,RES-2008-5420,general_registry,"Land  Registry","Lands Registry"
188725,RES-2020-1179,general_registry,"Land  Registry","Lands Registry"
188726,RES-2008-2988,general_registry,"Land  Registry","Lands Registry"
188727,RES-2008-3604,general_registry,"Land  Registry","Lands Registry"
188728,RES-2008-3489,general_registry,"Land  Registry","Lands Registry"
188729,RES-2008-453,general_registry,"Land  Registry","Lands Registry"
188731,RES-2020-1189,general_registry,"Land  Registry","Lands Registry"
188732,RES-2008-3590,general_registry,"Land  Registry","Lands Registry"
188733,RES-2020-1163,general_registry,"Land  Registry","Lands Registry"
188734,RES-2002-647,general_registry,"Land  Registry","Lands Registry"
188735,RES-1999-751,general_registry,"Land  Registry","Lands Registry"
188736,RES-2008-5413,general_registry,"Land  Registry","Lands Registry"
188738,RES-2020-1199,general_registry,"Land  Registry","Lands Registry"
188739,RES-2008-3588,general_registry,"Land  Registry","Lands Registry"
188741,RES-2008-2148,general_registry,"Land  Registry","Lands Registry"
188742,CON-AG-2026-165,registry,,3
188742,CON-AG-2026-165,general_registry,,"Lands Registry"
188742,CON-AG-2026-165,physical_registry,,"Registry 3 - Land"
188743,RES-2008-5397,general_registry,"Land  Registry","Lands Registry"
188744,RES-2020-1669,general_registry,"Land  Registry","Lands Registry"
188745,RES-2008-3587,general_registry,"Land  Registry","Lands Registry"
188746,RES-2008-3666,general_registry,"Land  Registry","Lands Registry"
188747,RES-2020-3035,general_registry,"Land  Registry","Lands Registry"
188748,RES-2020-1161,general_registry,"Land  Registry","Lands Registry"
188749,RES-2008-5414,general_registry,"Land  Registry","Lands Registry"
188750,RES-2008-3398,general_registry,"Land  Registry","Lands Registry"
188751,CON-RES-2025-1324,general_registry,"Land  Registry","Lands Registry"
188752,RES-2008-1557,general_registry,"Land  Registry","Lands Registry"
188753,RES-2020-2997,general_registry,"Land  Registry","Lands Registry"
188754,RES-2008-3600,general_registry,"Land  Registry","Lands Registry"
188756,CON-RES-2006-269,general_registry,"Land  Registry","Lands Registry"
188757,RES-2020-1158,general_registry,"Land  Registry","Lands Registry"
188758,RES-2008-3506,general_registry,"Land  Registry","Lands Registry"
188759,CON-RES-2024-46,general_registry,"Land  Registry","Lands Registry"
188761,RES-2008-479,general_registry,"Land  Registry","Lands Registry"
188762,RES-2008-5415,general_registry,"Land  Registry","Lands Registry"
188763,RES-2020-1420,general_registry,"Land  Registry","Lands Registry"
188764,RES-2008-3843,general_registry,"Land  Registry","Lands Registry"
188765,RES-2008-3592,general_registry,"Land  Registry","Lands Registry"
188767,RES-2008-3178,general_registry,"Land  Registry","Lands Registry"
188768,RES-2008-3446,general_registry,"Land  Registry","Lands Registry"
188769,RES-2008-3341,general_registry,"Land  Registry","Lands Registry"
188770,RES-2008-5469,general_registry,"Land  Registry","Lands Registry"
188771,RES-2008-486,general_registry,"Land  Registry","Lands Registry"
188773,RES-2003-97,general_registry,"Land  Registry","Lands Registry"
188774,RES-2020-1437,general_registry,"Land  Registry","Lands Registry"
188775,RES-2012-1382,general_registry,"Land  Registry","Lands Registry"
188776,RES-2008-5417,general_registry,"Land  Registry","Lands Registry"
188777,RES-2008-458,general_registry,"Land  Registry","Lands Registry"
188778,RES-2008-3328,general_registry,"Land  Registry","Lands Registry"
188779,RES-2008-3450,general_registry,"Land  Registry","Lands Registry"
188780,RES-2008-3154,general_registry,"Land  Registry","Lands Registry"
188781,RES-2008-491,general_registry,"Land  Registry","Lands Registry"
188782,RES-2020-1436,general_registry,"Land  Registry","Lands Registry"
188783,RES-2008-5468,general_registry,"Land  Registry","Lands Registry"
188784,RES-2008-3179,general_registry,"Land  Registry","Lands Registry"
188786,RES-2020-1435,general_registry,"Land  Registry","Lands Registry"
188787,RES-2008-490,general_registry,"Land  Registry","Lands Registry"
188789,RES-2008-225,general_registry,"Land  Registry","Lands Registry"
188790,RES-2008-5466,general_registry,"Land  Registry","Lands Registry"
188791,RES-2008-3340,general_registry,"Land  Registry","Lands Registry"
188792,RES-2002-6505,general_registry,"Land  Registry","Lands Registry"
188793,RES-2001-5602,general_registry,"Land  Registry","Lands Registry"
188794,RES-2008-450,general_registry,"Land  Registry","Lands Registry"
188796,RES-2008-3451,general_registry,"Land  Registry","Lands Registry"
188797,RES-2008-5419,general_registry,"Land  Registry","Lands Registry"
188798,RES-2008-4829,general_registry,"Land  Registry","Lands Registry"
188799,RES-2008-3395,general_registry,"Land  Registry","Lands Registry"
188800,RES-2008-948,general_registry,"Land  Registry","Lands Registry"
188801,RES-2008-3180,general_registry,"Land  Registry","Lands Registry"
188802,CON-RES-2010-203,registry,,3
188802,CON-RES-2010-203,general_registry,"Land  Registry","Lands Registry"
188803,RES-2008-5440,general_registry,"Land  Registry","Lands Registry"
188804,RES-2010-1337,general_registry,"Land  Registry","Lands Registry"
188805,RES-2008-3439,general_registry,"Land  Registry","Lands Registry"
188806,RES-2003-95,general_registry,"Land  Registry","Lands Registry"
188807,RES-2008-470,registry,,2
188807,RES-2008-470,general_registry,"Land  Registry","Lands Registry"
188809,CON-RES-2014-241,general_registry,"Land  Registry","Lands Registry"
188810,RES-2008-3342,general_registry,"Land  Registry","Lands Registry"
188811,RES-2008-2262,general_registry,"Land  Registry","Lands Registry"
188812,RES-2020-1597,general_registry,"Land  Registry","Lands Registry"
188813,RES-2008-928,general_registry,"Land  Registry","Lands Registry"
188814,RES-2008-666,general_registry,"Land  Registry","Lands Registry"
188815,RES-2010-1336,general_registry,"Land  Registry","Lands Registry"
188816,RES-2008-4830,general_registry,"Land  Registry","Lands Registry"
188817,RES-2008-3185,general_registry,"Land  Registry","Lands Registry"
188818,RES-2008-499,general_registry,"Land  Registry","Lands Registry"
188819,RES-2008-5441,general_registry,"Land  Registry","Lands Registry"
188820,RES-2008-3436,general_registry,"Land  Registry","Lands Registry"
188822,CON-COM-2014-211,registry,,3
188822,CON-COM-2014-211,general_registry,"Land  Registry","Lands Registry"
188823,RES-2020-1600,general_registry,"Land  Registry","Lands Registry"
188824,RES-2008-5432,general_registry,"Land  Registry","Lands Registry"
188825,RES-2008-2263,general_registry,"Land  Registry","Lands Registry"
188826,RES-2010-1332,general_registry,"Land  Registry","Lands Registry"
188827,RES-2008-5410,general_registry,"Land  Registry","Lands Registry"
188828,RES-2008-3431,general_registry,"Land  Registry","Lands Registry"
188830,RES-2008-5433,general_registry,"Land  Registry","Lands Registry"
188831,RES-2020-1601,general_registry,"Land  Registry","Lands Registry"
188832,RES-2008-5411,general_registry,"Land  Registry","Lands Registry"
188833,CON-RES-2026-2872,registry,,3
188833,CON-RES-2026-2872,general_registry,,"Lands Registry"
188833,CON-RES-2026-2872,physical_registry,,"Registry 3 - Land"
188835,RES-2008-3184,general_registry,"Land  Registry","Lands Registry"
188836,RES-2008-5434,general_registry,"Land  Registry","Lands Registry"
188837,RES-2008-4676,general_registry,"Land  Registry","Lands Registry"
188838,RES-2008-3399,general_registry,"Land  Registry","Lands Registry"
188840,RES-2020-1602,general_registry,"Land  Registry","Lands Registry"
188841,RES-2008-5403,general_registry,"Land  Registry","Lands Registry"
188842,RES-2008-5435,general_registry,"Land  Registry","Lands Registry"
188845,RES-2008-5404,general_registry,"Land  Registry","Lands Registry"
188846,RES-2008-5436,general_registry,"Land  Registry","Lands Registry"
188848,RES-2020-1607,general_registry,"Land  Registry","Lands Registry"
188849,RES-2008-3992,general_registry,"Land  Registry","Lands Registry"
188851,RES-2014-1755,general_registry,"Land  Registry","Lands Registry"
188853,RES-2020-1608,general_registry,"Land  Registry","Lands Registry"
188854,RES-2008-3993,general_registry,"Land  Registry","Lands Registry"
188855,RES-2008-3994,general_registry,"Land  Registry","Lands Registry"
188856,RES-2008-3995,general_registry,"Land  Registry","Lands Registry"
188857,RES-2008-3996,general_registry,"Land  Registry","Lands Registry"
188858,RES-2008-3997,general_registry,"Land  Registry","Lands Registry"
188860,RES-2008-3555,general_registry,"Land  Registry","Lands Registry"
188863,CON-RES-2017-414,general_registry,"Land  Registry","Lands Registry"
188865,RES-2008-5448,general_registry,"Land  Registry","Lands Registry"
188866,RES-2008-5447,general_registry,"Land  Registry","Lands Registry"
188868,RES-2008-5446,general_registry,"Land  Registry","Lands Registry"
188869,RES-2008-5445,general_registry,"Land  Registry","Lands Registry"
188871,RES-2008-4831,general_registry,"Land  Registry","Lands Registry"
188872,RES-2008-5465,general_registry,"Land  Registry","Lands Registry"
188873,RES-2008-5472,general_registry,"Land  Registry","Lands Registry"
188874,RES-2008-5424,general_registry,"Land  Registry","Lands Registry"
188875,RES-2008-3444,general_registry,"Land  Registry","Lands Registry"
188876,RES-2008-4832,general_registry,"Land  Registry","Lands Registry"
188877,RES-2008-5470,general_registry,"Land  Registry","Lands Registry"
188879,RES-2008-5422,general_registry,"Land  Registry","Lands Registry"
188880,RES-2008-4833,general_registry,"Land  Registry","Lands Registry"
188881,RES-2008-287,general_registry,"Land  Registry","Lands Registry"
188882,RES-2008-5421,general_registry,"Land  Registry","Lands Registry"
188883,RES-2008-3425,general_registry,"Land  Registry","Lands Registry"
188884,RES-2020-1610,general_registry,"Land  Registry","Lands Registry"
188885,RES-2008-3608,general_registry,"Land  Registry","Lands Registry"
188886,RES-2020-3126,general_registry,"Land  Registry","Lands Registry"
188887,RES-2020-3130,general_registry,"Land  Registry","Lands Registry"
188888,RES-2020-2900,general_registry,"Land  Registry","Lands Registry"
188889,RES-2008-224,general_registry,"Land  Registry","Lands Registry"
188890,RES-2008-3427,general_registry,"Land  Registry","Lands Registry"
188891,RES-2008-3695,general_registry,"Land  Registry","Lands Registry"
188892,RES-2020-1611,general_registry,"Land  Registry","Lands Registry"
188893,RES-2008-3453,general_registry,"Land  Registry","Lands Registry"
188894,RES-2020-3127,general_registry,"Land  Registry","Lands Registry"
188895,RES-2008-1480,general_registry,"Land  Registry","Lands Registry"
188896,RES-2008-4677,general_registry,"Land  Registry","Lands Registry"
188897,RES-2008-3696,general_registry,"Land  Registry","Lands Registry"
188898,RES-2020-2921,general_registry,"Land  Registry","Lands Registry"
188899,RES-2020-3142,general_registry,"Land  Registry","Lands Registry"
188900,RES-2020-3144,general_registry,"Land  Registry","Lands Registry"
188901,RES-2020-1613,general_registry,"Land  Registry","Lands Registry"
188902,RES-2020-2907,general_registry,"Land  Registry","Lands Registry"
188903,RES-2008-3698,general_registry,"Land  Registry","Lands Registry"
188904,CON-RES-2009-1067,registry,,3
188904,CON-RES-2009-1067,general_registry,"Land  Registry","Lands Registry"
188905,RES-2008-3401,general_registry,"Land  Registry","Lands Registry"
188906,RES-2020-3146,general_registry,"Land  Registry","Lands Registry"
188907,RES-2008-1482,general_registry,"Land  Registry","Lands Registry"
188908,RES-2008-293,general_registry,"Land  Registry","Lands Registry"
188910,RES-2008-3699,general_registry,"Land  Registry","Lands Registry"
188911,RES-2020-3831,general_registry,"Land  Registry","Lands Registry"
188912,RES-2020-2914,general_registry,"Land  Registry","Lands Registry"
188913,RES-2020-3139,general_registry,"Land  Registry","Lands Registry"
188914,RES-2020-3137,general_registry,"Land  Registry","Lands Registry"
188915,RES-2020-2955,general_registry,"Land  Registry","Lands Registry"
188916,RES-2008-4695,general_registry,"Land  Registry","Lands Registry"
188917,RES-2008-3700,general_registry,"Land  Registry","Lands Registry"
188918,RES-2008-295,general_registry,"Land  Registry","Lands Registry"
188919,RES-2008-1481,general_registry,"Land  Registry","Lands Registry"
188920,RES-2020-1614,general_registry,"Land  Registry","Lands Registry"
188921,RES-2026-3491,registry,,2
188921,RES-2026-3491,general_registry,,"Lands Registry"
188921,RES-2026-3491,physical_registry,,"Registry 2 - Land"
188922,RES-2020-2933,general_registry,"Land  Registry","Lands Registry"
188923,RES-2008-4525,general_registry,"Land  Registry","Lands Registry"
188924,RES-2008-3610,general_registry,"Land  Registry","Lands Registry"
188925,RES-2020-3117,general_registry,"Land  Registry","Lands Registry"
188926,RES-2010-1335,general_registry,"Land  Registry","Lands Registry"
188927,RES-2008-1470,general_registry,"Land  Registry","Lands Registry"
188928,RES-2026-3492,registry,,2
188928,RES-2026-3492,general_registry,,"Lands Registry"
188928,RES-2026-3492,physical_registry,,"Registry 2 - Land"
188929,RES-2008-275,general_registry,"Land  Registry","Lands Registry"
188930,RES-2020-2934,general_registry,"Land  Registry","Lands Registry"
188931,RES-2020-3138,general_registry,"Land  Registry","Lands Registry"
188932,RES-2008-3611,general_registry,"Land  Registry","Lands Registry"
188933,RES-2008-493,general_registry,"Land  Registry","Lands Registry"
188934,RES-2020-1615,general_registry,"Land  Registry","Lands Registry"
188935,RES-2010-1339,general_registry,"Land  Registry","Lands Registry"
188936,RES-2008-3656,general_registry,"Land  Registry","Lands Registry"
188937,RES-2008-4834,general_registry,"Land  Registry","Lands Registry"
188938,RES-2020-2945,general_registry,"Land  Registry","Lands Registry"
188939,RES-2008-1472,general_registry,"Land  Registry","Lands Registry"
188940,RES-2026-3493,registry,,2
188940,RES-2026-3493,general_registry,,"Lands Registry"
188940,RES-2026-3493,physical_registry,,"Registry 2 - Land"
188941,RES-2008-3631,general_registry,"Land  Registry","Lands Registry"
188942,RES-2008-3402,general_registry,"Land  Registry","Lands Registry"
188943,RES-2020-2944,general_registry,"Land  Registry","Lands Registry"
188944,RES-2026-3494,registry,,2
188944,RES-2026-3494,general_registry,,"Lands Registry"
188944,RES-2026-3494,physical_registry,,"Registry 2 - Land"
188945,RES-2008-1473,general_registry,"Land  Registry","Lands Registry"
188946,RES-2008-3633,general_registry,"Land  Registry","Lands Registry"
188947,RES-2008-272,general_registry,"Land  Registry","Lands Registry"
188948,RES-2020-2943,general_registry,"Land  Registry","Lands Registry"
188949,RES-2026-3495,registry,,2
188949,RES-2026-3495,general_registry,,"Lands Registry"
188949,RES-2026-3495,physical_registry,,"Registry 2 - Land"
188950,RES-2008-3634,general_registry,"Land  Registry","Lands Registry"
188951,RES-2020-2982,general_registry,"Land  Registry","Lands Registry"
188952,CON-RES-1987-348,general_registry,"Land  Registry","Lands Registry"
188953,RES-2008-3469,general_registry,"Land  Registry","Lands Registry"
188954,RES-2008-1474,general_registry,"Land  Registry","Lands Registry"
188955,RES-2008-3218,general_registry,"Land  Registry","Lands Registry"
188956,RES-2026-3496,registry,,2
188956,RES-2026-3496,general_registry,,"Lands Registry"
188956,RES-2026-3496,physical_registry,,"Registry 2 - Land"
188957,RES-2010-1334,general_registry,"Land  Registry","Lands Registry"
188958,RES-2008-3556,general_registry,"Land  Registry","Lands Registry"
188959,RES-2020-2923,general_registry,"Land  Registry","Lands Registry"
188960,RES-2008-2769,general_registry,"Land  Registry","Lands Registry"
188961,RES-2020-3175,general_registry,"Land  Registry","Lands Registry"
188962,RES-2008-3560,general_registry,"Land  Registry","Lands Registry"
188963,CON-COM-2026-584,registry,,3
188963,CON-COM-2026-584,general_registry,,"Lands Registry"
188963,CON-COM-2026-584,physical_registry,,"Registry 3 - Land"
188964,RES-2010-1333,general_registry,"Land  Registry","Lands Registry"
188965,RES-2020-3185,general_registry,"Land  Registry","Lands Registry"
188967,RES-2008-3561,general_registry,"Land  Registry","Lands Registry"
188968,RES-2008-1585,general_registry,"Land  Registry","Lands Registry"
188969,RES-2008-2396,general_registry,"Land  Registry","Lands Registry"
188970,RES-2020-3161,general_registry,"Land  Registry","Lands Registry"
188971,RES-2008-205,general_registry,"Land  Registry","Lands Registry"
188972,RES-2020-3114,general_registry,"Land  Registry","Lands Registry"
188973,RES-2010-1338,general_registry,"Land  Registry","Lands Registry"
188974,RES-2008-3835,general_registry,"Land  Registry","Lands Registry"
188975,RES-2008-3223,general_registry,"Land  Registry","Lands Registry"
188976,RES-2008-3403,general_registry,"Land  Registry","Lands Registry"
188977,RES-2020-2920,general_registry,"Land  Registry","Lands Registry"
188978,RES-2008-3187,general_registry,"Land  Registry","Lands Registry"
188979,RES-2020-3181,general_registry,"Land  Registry","Lands Registry"
188980,RES-2008-1584,general_registry,"Land  Registry","Lands Registry"
188981,RES-2008-1902,general_registry,"Land  Registry","Lands Registry"
188982,RES-2008-1904,general_registry,"Land  Registry","Lands Registry"
188983,RES-2008-233,general_registry,"Land  Registry","Lands Registry"
188984,RES-2020-3103,general_registry,"Land  Registry","Lands Registry"
188985,RES-2020-2928,general_registry,"Land  Registry","Lands Registry"
188986,RES-2020-3160,general_registry,"Land  Registry","Lands Registry"
188987,RES-2008-1583,general_registry,"Land  Registry","Lands Registry"
188988,RES-2020-3143,general_registry,"Land  Registry","Lands Registry"
188989,RES-2020-3177,general_registry,"Land  Registry","Lands Registry"
188990,RES-2020-2906,general_registry,"Land  Registry","Lands Registry"
188991,RES-2008-3186,general_registry,"Land  Registry","Lands Registry"
188992,RES-2008-204,general_registry,"Land  Registry","Lands Registry"
188993,RES-2020-3134,general_registry,"Land  Registry","Lands Registry"
188996,RES-2020-2952,general_registry,"Land  Registry","Lands Registry"
188997,RES-2020-3141,general_registry,"Land  Registry","Lands Registry"
188998,RES-2008-3404,general_registry,"Land  Registry","Lands Registry"
188999,RES-2020-3008,general_registry,"Land  Registry","Lands Registry"
189000,RES-2020-3132,general_registry,"Land  Registry","Lands Registry"
189001,RES-2008-1582,general_registry,"Land  Registry","Lands Registry"
189003,RES-2008-274,general_registry,"Land  Registry","Lands Registry"
189004,CON-RES-2026-2873,registry,,3
189004,CON-RES-2026-2873,general_registry,,"Lands Registry"
189004,CON-RES-2026-2873,physical_registry,,"Registry 3 - Land"
189005,RES-2020-3112,general_registry,"Land  Registry","Lands Registry"
189007,CON-COM-2026-585,registry,,3
189007,CON-COM-2026-585,general_registry,,"Lands Registry"
189007,CON-COM-2026-585,physical_registry,,"Registry 3 - Land"
189008,RES-2020-3173,general_registry,"Land  Registry","Lands Registry"
189009,RES-2020-3179,general_registry,"Land  Registry","Lands Registry"
189010,CON-COM-2026-586,registry,,3
189010,CON-COM-2026-586,general_registry,,"Lands Registry"
189010,CON-COM-2026-586,physical_registry,,"Registry 3 - Land"
189011,RES-2020-3166,general_registry,"Land  Registry","Lands Registry"
189012,RES-2008-270,general_registry,"Land  Registry","Lands Registry"
189013,RES-2020-3107,general_registry,"Land  Registry","Lands Registry"
189014,CON-RES-2026-2874,registry,,3
189014,CON-RES-2026-2874,general_registry,,"Lands Registry"
189014,CON-RES-2026-2874,physical_registry,,"Registry 3 - Land"
189015,RES-2020-3123,general_registry,"Land  Registry","Lands Registry"
189016,CON-COM-2026-587,registry,,3
189016,CON-COM-2026-587,general_registry,,"Lands Registry"
189016,CON-COM-2026-587,physical_registry,,"Registry 3 - Land"
189017,RES-2008-3411,general_registry,"Land  Registry","Lands Registry"
189018,RES-2020-3198,general_registry,"Land  Registry","Lands Registry"
189019,RES-2020-3184,general_registry,"Land  Registry","Lands Registry"
189020,RES-2020-3158,general_registry,"Land  Registry","Lands Registry"
189021,RES-2020-1618,general_registry,"Land  Registry","Lands Registry"
189022,CON-AG-2026-166,registry,,3
189022,CON-AG-2026-166,general_registry,,"Lands Registry"
189022,CON-AG-2026-166,physical_registry,,"Registry 3 - Land"
189023,RES-2020-3165,general_registry,"Land  Registry","Lands Registry"
189024,RES-2008-3254,general_registry,"Land  Registry","Lands Registry"
189025,RES-2026-3497,registry,,2
189025,RES-2026-3497,general_registry,,"Lands Registry"
189025,RES-2026-3497,physical_registry,,"Registry 2 - Land"
189026,RES-2020-1623,general_registry,"Land  Registry","Lands Registry"
189027,RES-2020-3180,general_registry,"Land  Registry","Lands Registry"
189028,RES-2026-3498,registry,,2
189028,RES-2026-3498,general_registry,,"Lands Registry"
189028,RES-2026-3498,physical_registry,,"Registry 2 - Land"
189029,RES-2008-3241,general_registry,"Land  Registry","Lands Registry"
189030,RES-2008-3233,general_registry,"Land  Registry","Lands Registry"
189031,RES-2020-3111,general_registry,"Land  Registry","Lands Registry"
189032,RES-2020-1624,general_registry,"Land  Registry","Lands Registry"
189033,RES-2026-3499,registry,,2
189033,RES-2026-3499,general_registry,,"Lands Registry"
189033,RES-2026-3499,physical_registry,,"Registry 2 - Land"
189034,RES-2020-3178,general_registry,"Land  Registry","Lands Registry"
189035,RES-2020-1627,general_registry,"Land  Registry","Lands Registry"
189036,CON-RES-2026-2875,registry,,3
189036,CON-RES-2026-2875,general_registry,,"Lands Registry"
189036,CON-RES-2026-2875,physical_registry,,"Registry 3 - Land"
189037,RES-2020-3110,general_registry,"Land  Registry","Lands Registry"
189038,RES-2008-3201,general_registry,"Land  Registry","Lands Registry"
189039,RES-2020-1655,general_registry,"Land  Registry","Lands Registry"
189040,RES-2020-3135,general_registry,"Land  Registry","Lands Registry"
189041,RES-2026-3500,registry,,2
189041,RES-2026-3500,general_registry,,"Lands Registry"
189041,RES-2026-3500,physical_registry,,"Registry 2 - Land"
189043,RES-2026-3501,registry,,2
189043,RES-2026-3501,general_registry,,"Lands Registry"
189043,RES-2026-3501,physical_registry,,"Registry 2 - Land"
189044,RES-2020-1661,general_registry,"Land  Registry","Lands Registry"
189045,RES-2008-3232,general_registry,"Land  Registry","Lands Registry"
189046,RES-2020-1662,general_registry,"Land  Registry","Lands Registry"
189047,RES-2012-1177,general_registry,"Land  Registry","Lands Registry"
189048,RES-2019-65,general_registry,"Land  Registry","Lands Registry"
189050,RES-2008-3642,general_registry,"Land  Registry","Lands Registry"
189051,RES-2020-1663,general_registry,"Land  Registry","Lands Registry"
189052,RES-2008-3643,general_registry,"Land  Registry","Lands Registry"
189053,RES-2008-3645,general_registry,"Land  Registry","Lands Registry"
189054,RES-2020-1664,general_registry,"Land  Registry","Lands Registry"
189055,RES-2008-3646,general_registry,"Land  Registry","Lands Registry"
189056,RES-2008-1903,general_registry,"Land  Registry","Lands Registry"
189057,RES-2008-1906,general_registry,"Land  Registry","Lands Registry"
189058,RES-2008-3638,general_registry,"Land  Registry","Lands Registry"
189060,RES-2008-1907,general_registry,"Land  Registry","Lands Registry"
189061,RES-2020-1612,general_registry,"Land  Registry","Lands Registry"
189062,RES-2008-3226,general_registry,"Land  Registry","Lands Registry"
189063,RES-2008-3637,general_registry,"Land  Registry","Lands Registry"
189064,RES-1989-1743,general_registry,"Land  Registry","Lands Registry"
189065,RES-2008-1909,general_registry,"Land  Registry","Lands Registry"
189066,RES-2008-3217,general_registry,"Land  Registry","Lands Registry"
189067,RES-2008-3619,general_registry,"Land  Registry","Lands Registry"
189068,RES-2020-3136,general_registry,"Land  Registry","Lands Registry"
189069,RES-2020-1622,general_registry,"Land  Registry","Lands Registry"
189070,RES-2025-4854,registry,,2
189070,RES-2025-4854,general_registry,"Land  Registry","Lands Registry"
189071,RES-2008-1939,general_registry,"Land  Registry","Lands Registry"
189072,RES-2020-1636,general_registry,"Land  Registry","Lands Registry"
189073,RES-2020-3150,general_registry,"Land  Registry","Lands Registry"
189075,RES-2008-3216,general_registry,"Land  Registry","Lands Registry"
189076,RES-2020-3174,general_registry,"Land  Registry","Lands Registry"
189077,RES-2008-3650,general_registry,"Land  Registry","Lands Registry"
189078,RES-2008-3283,general_registry,"Land  Registry","Lands Registry"
189079,RES-2020-1650,general_registry,"Land  Registry","Lands Registry"
189080,RES-2008-2749,general_registry,"Land  Registry","Lands Registry"
189081,RES-2020-1651,general_registry,"Land  Registry","Lands Registry"
189082,RES-2020-3194,general_registry,"Land  Registry","Lands Registry"
189083,RES-2008-3234,general_registry,"Land  Registry","Lands Registry"
189084,RES-2020-1654,general_registry,"Land  Registry","Lands Registry"
189086,RES-2008-2754,general_registry,"Land  Registry","Lands Registry"
189087,RES-2008-328,general_registry,"Land  Registry","Lands Registry"
189088,RES-2020-3172,general_registry,"Land  Registry","Lands Registry"
189089,RES-2008-3231,general_registry,"Land  Registry","Lands Registry"
189090,RES-2020-1657,general_registry,"Land  Registry","Lands Registry"
189091,RES-2008-2760,general_registry,"Land  Registry","Lands Registry"
189092,RES-2008-345,general_registry,"Land  Registry","Lands Registry"
189093,RES-2020-1668,general_registry,"Land  Registry","Lands Registry"
189094,RES-2008-327,general_registry,"Land  Registry","Lands Registry"
189095,RES-2020-1682,general_registry,"Land  Registry","Lands Registry"
189096,RES-2020-1684,general_registry,"Land  Registry","Lands Registry"
189098,RES-2020-2420,general_registry,"Land  Registry","Lands Registry"
