id,file_number,field,old_value,new_value
13684,RES-1981-37,registry,"Cadastral Registry",1
13690,RES-1981-44,registry,"Cadastral Registry",1
15292,CON-COM-1981-106,registry,,3
15292,CON-COM-1981-106,general_registry,"Land  Registry","Lands Registry"
49274,RES-1989-161,registry,,1
49274,RES-1989-161,general_registry,"Land  Registry","Lands Registry"
54104,IND-2008-1,general_registry,"Land  Registry","Lands Registry"
59783,RES-1989-571,registry,,1
59783,RES-1989-571,general_registry,"Land  Registry","Lands Registry"
60116,RES-1989-249,registry,,1
60116,RES-1989-249,general_registry,"Land  Registry","Lands Registry"
60157,RES-1989-242,registry,,1
60157,RES-1989-242,general_registry,"Land  Registry","Lands Registry"
60179,RES-1989-662,registry,,1
60179,RES-1989-662,general_registry,"Land  Registry","Lands Registry"
60234,RES-1989-206,registry,,1
60234,RES-1989-206,general_registry,"Land  Registry","Lands Registry"
60257,RES-1989-175,registry,,1
60257,RES-1989-175,general_registry,"Land  Registry","Lands Registry"
60265,RES-1989-152,registry,,1
60265,RES-1989-152,general_registry,"Land  Registry","Lands Registry"
60273,RES-1989-159,registry,,1
60273,RES-1989-159,general_registry,"Land  Registry","Lands Registry"
60297,RES-1989-157,registry,,1
60297,RES-1989-157,general_registry,"Land  Registry","Lands Registry"
60308,RES-1989-153,registry,,1
60308,RES-1989-153,general_registry,"Land  Registry","Lands Registry"
60315,RES-1989-143,registry,,1
60315,RES-1989-143,general_registry,"Land  Registry","Lands Registry"
60326,RES-1989-148,registry,,1
60326,RES-1989-148,general_registry,"Land  Registry","Lands Registry"
60335,RES-1989-678,registry,,1
60335,RES-1989-678,general_registry,"Land  Registry","Lands Registry"
60336,RES-1989-137,registry,,1
60336,RES-1989-137,general_registry,"Land  Registry","Lands Registry"
60349,RES-1989-697,registry,,1
60349,RES-1989-697,general_registry,"Land  Registry","Lands Registry"
60353,RES-1989-188,registry,,1
60353,RES-1989-188,general_registry,"Land  Registry","Lands Registry"
60363,RES-1989-660,registry,,1
60363,RES-1989-660,general_registry,"Land  Registry","Lands Registry"
60366,RES-1989-112,registry,,1
60366,RES-1989-112,general_registry,"Land  Registry","Lands Registry"
60379,RES-1989-682,registry,,1
60379,RES-1989-682,general_registry,"Land  Registry","Lands Registry"
60382,RES-1989-128,registry,,1
60382,RES-1989-128,general_registry,"Land  Registry","Lands Registry"
60392,RES-1989-644,registry,,1
60392,RES-1989-644,general_registry,"Land  Registry","Lands Registry"
60396,RES-1989-651,registry,,1
60396,RES-1989-651,general_registry,"Land  Registry","Lands Registry"
60404,RES-1989-656,registry,,1
60404,RES-1989-656,general_registry,"Land  Registry","Lands Registry"
60406,RES-1989-135,registry,,1
60406,RES-1989-135,general_registry,"Land  Registry","Lands Registry"
60409,RES-1989-219,registry,,1
60409,RES-1989-219,general_registry,"Land  Registry","Lands Registry"
60413,RES-1989-667,registry,,1
60413,RES-1989-667,general_registry,"Land  Registry","Lands Registry"
60417,RES-1989-208,registry,,1
60417,RES-1989-208,general_registry,"Land  Registry","Lands Registry"
60423,RES-1989-158,registry,,1
60423,RES-1989-158,general_registry,"Land  Registry","Lands Registry"
60430,RES-1989-223,registry,,1
60430,RES-1989-223,general_registry,"Land  Registry","Lands Registry"
60431,RES-1989-189,registry,,1
60431,RES-1989-189,general_registry,"Land  Registry","Lands Registry"
60436,RES-1989-495,registry,,1
60436,RES-1989-495,general_registry,"Land  Registry","Lands Registry"
60453,RES-1989-194,registry,,1
60453,RES-1989-194,general_registry,"Land  Registry","Lands Registry"
60507,RES-1989-400,registry,,1
60507,RES-1989-400,general_registry,"Land  Registry","Lands Registry"
60820,RES-1989-547,registry,,1
60820,RES-1989-547,general_registry,"Land  Registry","Lands Registry"
60834,RES-1989-536,registry,,1
60834,RES-1989-536,general_registry,"Land  Registry","Lands Registry"
60845,RES-1989-568,registry,,1
60845,RES-1989-568,general_registry,"Land  Registry","Lands Registry"
60862,RES-1989-597,registry,,1
60862,RES-1989-597,general_registry,"Land  Registry","Lands Registry"
60875,RES-1989-595,registry,,1
60875,RES-1989-595,general_registry,"Land  Registry","Lands Registry"
60885,RES-1989-566,registry,,1
60885,RES-1989-566,general_registry,"Land  Registry","Lands Registry"
60913,RES-1989-577,registry,,1
60913,RES-1989-577,general_registry,"Land  Registry","Lands Registry"
60917,RES-1989-643,registry,,1
60917,RES-1989-643,general_registry,"Land  Registry","Lands Registry"
60920,RES-1989-582,registry,,1
60920,RES-1989-582,general_registry,"Land  Registry","Lands Registry"
60923,RES-1989-600,registry,,1
60923,RES-1989-600,general_registry,"Land  Registry","Lands Registry"
60925,RES-1989-599,registry,,1
60925,RES-1989-599,general_registry,"Land  Registry","Lands Registry"
60928,RES-1989-562,registry,,1
60928,RES-1989-562,general_registry,"Land  Registry","Lands Registry"
60936,RES-1989-731,registry,,1
60936,RES-1989-731,general_registry,"Land  Registry","Lands Registry"
60939,RES-1989-725,registry,,1
60939,RES-1989-725,general_registry,"Land  Registry","Lands Registry"
60942,RES-1989-727,registry,,1
60942,RES-1989-727,general_registry,"Land  Registry","Lands Registry"
60947,RES-1989-751,registry,,1
60947,RES-1989-751,general_registry,"Land  Registry","Lands Registry"
60951,RES-1989-729,registry,,1
60951,RES-1989-729,general_registry,"Land  Registry","Lands Registry"
60960,RES-1989-766,registry,,1
60960,RES-1989-766,general_registry,"Land  Registry","Lands Registry"
60966,RES-1989-771,registry,,1
60966,RES-1989-771,general_registry,"Land  Registry","Lands Registry"
60976,RES-1989-718,registry,,1
60976,RES-1989-718,general_registry,"Land  Registry","Lands Registry"
60980,RES-1989-713,registry,,1
60980,RES-1989-713,general_registry,"Land  Registry","Lands Registry"
60991,RES-1989-715,registry,,1
60991,RES-1989-715,general_registry,"Land  Registry","Lands Registry"
60994,RES-1989-500,registry,,1
60994,RES-1989-500,general_registry,"Land  Registry","Lands Registry"
61015,RES-1989-752,registry,,1
61015,RES-1989-752,general_registry,"Land  Registry","Lands Registry"
61025,RES-1989-592,registry,,1
61025,RES-1989-592,general_registry,"Land  Registry","Lands Registry"
61034,RES-1989-768,registry,,1
61034,RES-1989-768,general_registry,"Land  Registry","Lands Registry"
61040,RES-1989-767,registry,,1
61040,RES-1989-767,general_registry,"Land  Registry","Lands Registry"
61045,RES-1989-762,registry,,1
61045,RES-1989-762,general_registry,"Land  Registry","Lands Registry"
61046,RES-1989-596,registry,,1
61046,RES-1989-596,general_registry,"Land  Registry","Lands Registry"
61051,RES-1989-761,registry,,1
61051,RES-1989-761,general_registry,"Land  Registry","Lands Registry"
61056,RES-1989-776,registry,,1
61056,RES-1989-776,general_registry,"Land  Registry","Lands Registry"
61063,RES-1989-545,registry,,1
61063,RES-1989-545,general_registry,"Land  Registry","Lands Registry"
61070,RES-1989-783,registry,,1
61070,RES-1989-783,general_registry,"Land  Registry","Lands Registry"
61077,RES-1989-565,registry,,1
61077,RES-1989-565,general_registry,"Land  Registry","Lands Registry"
61080,RES-1989-789,registry,,1
61080,RES-1989-789,general_registry,"Land  Registry","Lands Registry"
61089,RES-1989-503,registry,,1
61089,RES-1989-503,general_registry,"Land  Registry","Lands Registry"
61114,RES-1989-572,registry,,1
61114,RES-1989-572,general_registry,"Land  Registry","Lands Registry"
61168,RES-1989-214,registry,,1
61168,RES-1989-214,general_registry,"Land  Registry","Lands Registry"
61195,RES-1989-222,registry,,1
61195,RES-1989-222,general_registry,"Land  Registry","Lands Registry"
61217,RES-1989-544,registry,,1
61217,RES-1989-544,general_registry,"Land  Registry","Lands Registry"
61221,RES-1989-738,registry,,1
61221,RES-1989-738,general_registry,"Land  Registry","Lands Registry"
61225,RES-1989-548,registry,,1
61225,RES-1989-548,general_registry,"Land  Registry","Lands Registry"
61238,RES-1989-780,registry,,1
61238,RES-1989-780,general_registry,"Land  Registry","Lands Registry"
61259,RES-1989-288,registry,,1
61259,RES-1989-288,general_registry,"Land  Registry","Lands Registry"
61266,RES-1989-286,registry,,1
61266,RES-1989-286,general_registry,"Land  Registry","Lands Registry"
61284,RES-1989-781,registry,,1
61284,RES-1989-781,general_registry,"Land  Registry","Lands Registry"
61291,RES-1989-281,registry,,1
61291,RES-1989-281,general_registry,"Land  Registry","Lands Registry"
61293,RES-1989-782,registry,,1
61293,RES-1989-782,general_registry,"Land  Registry","Lands Registry"
61294,RES-1989-561,registry,,1
61294,RES-1989-561,general_registry,"Land  Registry","Lands Registry"
61351,RES-1989-608,registry,,1
61351,RES-1989-608,general_registry,"Land  Registry","Lands Registry"
61364,RES-1989-609,registry,,1
61364,RES-1989-609,general_registry,"Land  Registry","Lands Registry"
61372,RES-1989-611,registry,,1
61372,RES-1989-611,general_registry,"Land  Registry","Lands Registry"
61385,RES-1989-602,registry,,1
61385,RES-1989-602,general_registry,"Land  Registry","Lands Registry"
61395,RES-1989-634,registry,,1
61395,RES-1989-634,general_registry,"Land  Registry","Lands Registry"
61402,RES-1989-794,registry,,1
61402,RES-1989-794,general_registry,"Land  Registry","Lands Registry"
61407,RES-1989-647,registry,,1
61407,RES-1989-647,general_registry,"Land  Registry","Lands Registry"
61412,RES-1989-523,registry,,1
61412,RES-1989-523,general_registry,"Land  Registry","Lands Registry"
61418,RES-1989-619,registry,,1
61418,RES-1989-619,general_registry,"Land  Registry","Lands Registry"
61421,RES-1989-617,registry,,1
61421,RES-1989-617,general_registry,"Land  Registry","Lands Registry"
61435,RES-1989-792,registry,,1
61435,RES-1989-792,general_registry,"Land  Registry","Lands Registry"
61439,RES-1989-758,registry,,1
61439,RES-1989-758,general_registry,"Land  Registry","Lands Registry"
61444,RES-1989-621,registry,,1
61444,RES-1989-621,general_registry,"Land  Registry","Lands Registry"
61445,RES-1989-422,registry,,1
61445,RES-1989-422,general_registry,"Land  Registry","Lands Registry"
61447,RES-1989-788,registry,,1
61447,RES-1989-788,general_registry,"Land  Registry","Lands Registry"
61449,RES-1989-594,registry,,1
61449,RES-1989-594,general_registry,"Land  Registry","Lands Registry"
61465,RES-1989-524,registry,,1
61465,RES-1989-524,general_registry,"Land  Registry","Lands Registry"
61470,RES-1989-773,registry,,1
61470,RES-1989-773,general_registry,"Land  Registry","Lands Registry"
61471,RES-1989-535,registry,,1
61471,RES-1989-535,general_registry,"Land  Registry","Lands Registry"
61472,RES-1989-777,registry,,1
61472,RES-1989-777,general_registry,"Land  Registry","Lands Registry"
61477,RES-1989-520,registry,,1
61477,RES-1989-520,general_registry,"Land  Registry","Lands Registry"
61478,RES-1989-560,registry,,1
61478,RES-1989-560,general_registry,"Land  Registry","Lands Registry"
61479,RES-1989-759,registry,,1
61479,RES-1989-759,general_registry,"Land  Registry","Lands Registry"
61480,RES-1989-691,registry,,1
61480,RES-1989-691,general_registry,"Land  Registry","Lands Registry"
61481,RES-1989-618,registry,,1
61481,RES-1989-618,general_registry,"Land  Registry","Lands Registry"
61483,RES-1989-696,registry,,1
61483,RES-1989-696,general_registry,"Land  Registry","Lands Registry"
61485,RES-1989-692,registry,,1
61485,RES-1989-692,general_registry,"Land  Registry","Lands Registry"
61486,RES-1989-171,registry,,1
61486,RES-1989-171,general_registry,"Land  Registry","Lands Registry"
61487,RES-1989-587,registry,,1
61487,RES-1989-587,general_registry,"Land  Registry","Lands Registry"
61490,RES-1989-736,registry,,1
61490,RES-1989-736,general_registry,"Land  Registry","Lands Registry"
61491,RES-1989-688,registry,,1
61491,RES-1989-688,general_registry,"Land  Registry","Lands Registry"
61495,RES-1989-633,registry,,1
61495,RES-1989-633,general_registry,"Land  Registry","Lands Registry"
61497,RES-1989-755,registry,,1
61497,RES-1989-755,general_registry,"Land  Registry","Lands Registry"
61499,RES-1989-775,registry,,1
61499,RES-1989-775,general_registry,"Land  Registry","Lands Registry"
61501,RES-1989-756,registry,,1
61501,RES-1989-756,general_registry,"Land  Registry","Lands Registry"
61502,RES-1989-795,registry,,1
61502,RES-1989-795,general_registry,"Land  Registry","Lands Registry"
61504,RES-1989-637,registry,,1
61504,RES-1989-637,general_registry,"Land  Registry","Lands Registry"
61509,RES-1989-632,registry,,1
61509,RES-1989-632,general_registry,"Land  Registry","Lands Registry"
61583,RES-1989-277,registry,,1
61583,RES-1989-277,general_registry,"Land  Registry","Lands Registry"
61588,RES-1989-271,registry,,1
61588,RES-1989-271,general_registry,"Land  Registry","Lands Registry"
61596,RES-1989-742,registry,,1
61596,RES-1989-742,general_registry,"Land  Registry","Lands Registry"
61599,RES-1989-261,registry,,1
61599,RES-1989-261,general_registry,"Land  Registry","Lands Registry"
61601,RES-1989-735,registry,,1
61601,RES-1989-735,general_registry,"Land  Registry","Lands Registry"
61607,RES-1989-796,registry,,1
61607,RES-1989-796,general_registry,"Land  Registry","Lands Registry"
61611,RES-1989-272,registry,,1
61611,RES-1989-272,general_registry,"Land  Registry","Lands Registry"
61614,RES-1989-340,registry,,1
61614,RES-1989-340,general_registry,"Land  Registry","Lands Registry"
61621,RES-1989-293,registry,,1
61621,RES-1989-293,general_registry,"Land  Registry","Lands Registry"
61623,RES-1989-380,registry,,1
61623,RES-1989-380,general_registry,"Land  Registry","Lands Registry"
61629,RES-1989-375,registry,,1
61629,RES-1989-375,general_registry,"Land  Registry","Lands Registry"
61635,RES-1989-317,registry,,1
61635,RES-1989-317,general_registry,"Land  Registry","Lands Registry"
61639,RES-1989-639,registry,,1
61639,RES-1989-639,general_registry,"Land  Registry","Lands Registry"
61641,RES-1989-631,registry,,1
61641,RES-1989-631,general_registry,"Land  Registry","Lands Registry"
61648,RES-1989-541,registry,,1
61648,RES-1989-541,general_registry,"Land  Registry","Lands Registry"
61651,RES-1989-622,registry,,1
61651,RES-1989-622,general_registry,"Land  Registry","Lands Registry"
61657,RES-1989-563,registry,,1
61657,RES-1989-563,general_registry,"Land  Registry","Lands Registry"
61664,RES-1989-294,registry,,1
61664,RES-1989-294,general_registry,"Land  Registry","Lands Registry"
61668,RES-1989-549,registry,,1
61668,RES-1989-549,general_registry,"Land  Registry","Lands Registry"
61678,RES-1989-685,registry,,1
61678,RES-1989-685,general_registry,"Land  Registry","Lands Registry"
61684,RES-1989-681,registry,,1
61684,RES-1989-681,general_registry,"Land  Registry","Lands Registry"
61691,RES-1989-591,registry,,1
61691,RES-1989-591,general_registry,"Land  Registry","Lands Registry"
61700,RES-1989-527,registry,,1
61700,RES-1989-527,general_registry,"Land  Registry","Lands Registry"
61705,RES-1989-390,registry,,1
61705,RES-1989-390,general_registry,"Land  Registry","Lands Registry"
61707,RES-1989-584,registry,,1
61707,RES-1989-584,general_registry,"Land  Registry","Lands Registry"
61744,RES-1989-519,registry,,1
61744,RES-1989-519,general_registry,"Land  Registry","Lands Registry"
61866,RES-1989-444,registry,,1
61866,RES-1989-444,general_registry,"Land  Registry","Lands Registry"
61894,RES-1989-486,registry,,1
61894,RES-1989-486,general_registry,"Land  Registry","Lands Registry"
61899,RES-1989-487,registry,,1
61899,RES-1989-487,general_registry,"Land  Registry","Lands Registry"
62124,RES-1989-424,registry,,1
62124,RES-1989-424,general_registry,"Land  Registry","Lands Registry"
62127,RES-1989-421,registry,,1
62127,RES-1989-421,general_registry,"Land  Registry","Lands Registry"
62129,RES-1989-448,registry,,1
62129,RES-1989-448,general_registry,"Land  Registry","Lands Registry"
62131,RES-1989-429,registry,,1
62131,RES-1989-429,general_registry,"Land  Registry","Lands Registry"
62133,RES-1989-428,registry,,1
62133,RES-1989-428,general_registry,"Land  Registry","Lands Registry"
62134,RES-1989-427,registry,,1
62134,RES-1989-427,general_registry,"Land  Registry","Lands Registry"
62135,RES-1989-323,registry,,1
62135,RES-1989-323,general_registry,"Land  Registry","Lands Registry"
62136,RES-1989-325,registry,,1
62136,RES-1989-325,general_registry,"Land  Registry","Lands Registry"
62137,RES-1989-324,registry,,1
62137,RES-1989-324,general_registry,"Land  Registry","Lands Registry"
62138,RES-1989-327,registry,,1
62138,RES-1989-327,general_registry,"Land  Registry","Lands Registry"
62139,RES-1989-309,registry,,1
62139,RES-1989-309,general_registry,"Land  Registry","Lands Registry"
62163,RES-1989-401,registry,,1
62163,RES-1989-401,general_registry,"Land  Registry","Lands Registry"
62171,RES-1989-425,registry,,1
62171,RES-1989-425,general_registry,"Land  Registry","Lands Registry"
62179,RES-1989-418,registry,,1
62179,RES-1989-418,general_registry,"Land  Registry","Lands Registry"
62187,RES-1989-419,registry,,1
62187,RES-1989-419,general_registry,"Land  Registry","Lands Registry"
62189,RES-1989-477,registry,,1
62189,RES-1989-477,general_registry,"Land  Registry","Lands Registry"
62194,RES-1989-414,registry,,1
62194,RES-1989-414,general_registry,"Land  Registry","Lands Registry"
62198,RES-1989-420,registry,,1
62198,RES-1989-420,general_registry,"Land  Registry","Lands Registry"
62199,RES-1989-459,registry,,1
62199,RES-1989-459,general_registry,"Land  Registry","Lands Registry"
62205,RES-1989-471,registry,,1
62205,RES-1989-471,general_registry,"Land  Registry","Lands Registry"
62208,RES-1989-612,registry,,1
62208,RES-1989-612,general_registry,"Land  Registry","Lands Registry"
62224,RES-1989-494,registry,,1
62224,RES-1989-494,general_registry,"Land  Registry","Lands Registry"
62232,RES-1989-436,registry,,1
62232,RES-1989-436,general_registry,"Land  Registry","Lands Registry"
62237,RES-1989-497,registry,,1
62237,RES-1989-497,general_registry,"Land  Registry","Lands Registry"
62248,RES-1989-453,registry,,1
62248,RES-1989-453,general_registry,"Land  Registry","Lands Registry"
62251,RES-1989-469,registry,,1
62251,RES-1989-469,general_registry,"Land  Registry","Lands Registry"
62255,RES-1989-461,registry,,1
62255,RES-1989-461,general_registry,"Land  Registry","Lands Registry"
62261,RES-1989-677,registry,,1
62261,RES-1989-677,general_registry,"Land  Registry","Lands Registry"
62268,RES-1989-481,registry,,1
62268,RES-1989-481,general_registry,"Land  Registry","Lands Registry"
62270,RES-1989-462,registry,,1
62270,RES-1989-462,general_registry,"Land  Registry","Lands Registry"
62272,RES-1989-493,registry,,1
62272,RES-1989-493,general_registry,"Land  Registry","Lands Registry"
62275,RES-1989-605,registry,,1
62275,RES-1989-605,general_registry,"Land  Registry","Lands Registry"
62276,RES-1989-337,registry,,1
62276,RES-1989-337,general_registry,"Land  Registry","Lands Registry"
62280,RES-1989-488,registry,,1
62280,RES-1989-488,general_registry,"Land  Registry","Lands Registry"
62281,RES-1989-601,registry,,1
62281,RES-1989-601,general_registry,"Land  Registry","Lands Registry"
62284,RES-1989-342,registry,,1
62284,RES-1989-342,general_registry,"Land  Registry","Lands Registry"
62289,RES-1989-352,registry,,1
62289,RES-1989-352,general_registry,"Land  Registry","Lands Registry"
62297,RES-1989-355,registry,,1
62297,RES-1989-355,general_registry,"Land  Registry","Lands Registry"
62299,RES-1989-581,general_registry,"Land  Registry","Lands Registry"
62313,RES-1989-458,registry,,1
62313,RES-1989-458,general_registry,"Land  Registry","Lands Registry"
62316,RES-1989-484,registry,,1
62316,RES-1989-484,general_registry,"Land  Registry","Lands Registry"
62318,RES-1989-483,registry,,1
62318,RES-1989-483,general_registry,"Land  Registry","Lands Registry"
62322,RES-1989-333,registry,,1
62322,RES-1989-333,general_registry,"Land  Registry","Lands Registry"
62325,RES-1989-700,registry,,1
62325,RES-1989-700,general_registry,"Land  Registry","Lands Registry"
62329,RES-1989-320,registry,,1
62329,RES-1989-320,general_registry,"Land  Registry","Lands Registry"
62336,RES-1989-482,registry,,1
62336,RES-1989-482,general_registry,"Land  Registry","Lands Registry"
62339,RES-1989-331,registry,,1
62339,RES-1989-331,general_registry,"Land  Registry","Lands Registry"
62340,RES-1989-518,registry,,1
62340,RES-1989-518,general_registry,"Land  Registry","Lands Registry"
62342,RES-1989-466,registry,,1
62342,RES-1989-466,general_registry,"Land  Registry","Lands Registry"
62352,RES-1989-308,registry,,1
62352,RES-1989-308,general_registry,"Land  Registry","Lands Registry"
62356,RES-1989-360,registry,,1
62356,RES-1989-360,general_registry,"Land  Registry","Lands Registry"
62359,RES-1989-445,registry,,1
62359,RES-1989-445,general_registry,"Land  Registry","Lands Registry"
62368,RES-1989-356,registry,,1
62368,RES-1989-356,general_registry,"Land  Registry","Lands Registry"
62369,RES-1989-426,registry,,1
62369,RES-1989-426,general_registry,"Land  Registry","Lands Registry"
62375,RES-1989-447,registry,,1
62375,RES-1989-447,general_registry,"Land  Registry","Lands Registry"
62381,RES-1989-433,registry,,1
62381,RES-1989-433,general_registry,"Land  Registry","Lands Registry"
62383,RES-1989-322,registry,,1
62383,RES-1989-322,general_registry,"Land  Registry","Lands Registry"
62387,RES-1989-370,registry,,1
62387,RES-1989-370,general_registry,"Land  Registry","Lands Registry"
62390,RES-1989-575,registry,,1
62390,RES-1989-575,general_registry,"Land  Registry","Lands Registry"
62393,RES-1989-365,registry,,1
62393,RES-1989-365,general_registry,"Land  Registry","Lands Registry"
62405,RES-1989-313,registry,,1
62405,RES-1989-313,general_registry,"Land  Registry","Lands Registry"
62412,RES-1989-343,registry,,1
62412,RES-1989-343,general_registry,"Land  Registry","Lands Registry"
62415,RES-1989-372,registry,,1
62415,RES-1989-372,general_registry,"Land  Registry","Lands Registry"
62429,RES-1989-346,registry,,1
62429,RES-1989-346,general_registry,"Land  Registry","Lands Registry"
62438,RES-1989-326,registry,,1
62438,RES-1989-326,general_registry,"Land  Registry","Lands Registry"
62445,RES-1989-310,registry,,1
62445,RES-1989-310,general_registry,"Land  Registry","Lands Registry"
63643,RES-1989-473,registry,,1
63643,RES-1989-473,general_registry,"Land  Registry","Lands Registry"
63650,RES-1989-490,registry,,1
63650,RES-1989-490,general_registry,"Land  Registry","Lands Registry"
63678,RES-1989-104,registry,,1
63678,RES-1989-104,general_registry,"Land  Registry","Lands Registry"
63695,RES-1989-629,registry,,1
63695,RES-1989-629,general_registry,"Land  Registry","Lands Registry"
63705,RES-1989-630,registry,,1
63705,RES-1989-630,general_registry,"Land  Registry","Lands Registry"
63714,RES-1989-640,registry,,1
63714,RES-1989-640,general_registry,"Land  Registry","Lands Registry"
63724,RES-1989-103,registry,,1
63724,RES-1989-103,general_registry,"Land  Registry","Lands Registry"
63735,RES-1989-123,registry,,1
63735,RES-1989-123,general_registry,"Land  Registry","Lands Registry"
63741,RES-1989-569,registry,,1
63741,RES-1989-569,general_registry,"Land  Registry","Lands Registry"
63840,RES-1989-416,registry,,1
63840,RES-1989-416,general_registry,"Land  Registry","Lands Registry"
63853,RES-1989-476,registry,,1
63853,RES-1989-476,general_registry,"Land  Registry","Lands Registry"
63869,RES-1989-485,registry,,1
63869,RES-1989-485,general_registry,"Land  Registry","Lands Registry"
64265,RES-1989-211,registry,,1
64265,RES-1989-211,general_registry,"Land  Registry","Lands Registry"
64280,RES-1989-455,registry,,1
64280,RES-1989-455,general_registry,"Land  Registry","Lands Registry"
68300,RES-1989-334,registry,,1
68300,RES-1989-334,general_registry,"Land  Registry","Lands Registry"
71813,RES-1989-417,registry,,1
71813,RES-1989-417,general_registry,"Land  Registry","Lands Registry"
72496,RES-1989-475,registry,,1
72496,RES-1989-475,general_registry,"Land  Registry","Lands Registry"
73043,RES-1989-586,registry,,1
73043,RES-1989-586,general_registry,"Land  Registry","Lands Registry"
75077,RES-1988-443,registry,,1
75077,RES-1988-443,general_registry,"Land  Registry","Lands Registry"
80227,RES-1989-382,registry,,1
80227,RES-1989-382,general_registry,"Land  Registry","Lands Registry"
81748,IND-1988-22,general_registry,"Land  Registry","Lands Registry"
102407,COM-2018-215,registry,,1
102407,COM-2018-215,general_registry,"Land  Registry","Lands Registry"
107315,CON-RES-2023-7167,registry,,3
107315,CON-RES-2023-7167,general_registry,"Land  Registry","Lands Registry"
117985,RES-1982-1231,registry,,1
117985,RES-1982-1231,general_registry,"Land  Registry","Lands Registry"
124196,RES-2026-2230,registry,,2
124196,RES-2026-2230,general_registry,"Land  Registry","Lands Registry"
141518,COM-2026-243,registry,,1
141518,COM-2026-243,general_registry,"Land  Registry","Lands Registry"
148968,RES-1989-730,registry,,1
148968,RES-1989-730,general_registry,"Land  Registry","Lands Registry"
158185,RES-2026-2952,registry,1,2
158186,RES-2026-2953,registry,1,2
160365,COM-2026-289,registry,,1
160365,COM-2026-289,general_registry,"Land  Registry","Lands Registry"
160506,AG-RC-1982-58,registry,,1
160506,AG-RC-1982-58,general_registry,"Land  Registry","Lands Registry"
162783,CON-COM-2025-563,registry,,3
162783,CON-COM-2025-563,general_registry,"Land  Registry","Lands Registry"
178275,CON-RES-2023-7382,registry,,3
178275,CON-RES-2023-7382,general_registry,"Land  Registry","Lands Registry"
178681,RES-2007-1148,registry,,2
178681,RES-2007-1148,general_registry,"Land  Registry","Lands Registry"
179239,CON-COM-2020-456,general_registry,"Land  Registry","Lands Registry"
179694,RES-2009-7731,general_registry,"Land  Registry","Lands Registry"
179756,RES-2026-3372,registry,,2
179756,RES-2026-3372,general_registry,"Land  Registry","Lands Registry"
179964,CON-RES-2025-500,general_registry,"Land  Registry","Lands Registry"
180119,RES-2007-785,general_registry,"Land  Registry","Lands Registry"
180179,CON-RES-2025-369,general_registry,"Land  Registry","Lands Registry"
180180,RES-2007-322,general_registry,"Land  Registry","Lands Registry"
180181,RES-2007-317,general_registry,"Land  Registry","Lands Registry"
180183,RES-2006-1307,general_registry,"Land  Registry","Lands Registry"
180184,RES-2007-1272,general_registry,"Land  Registry","Lands Registry"
180185,RES-2007-319,general_registry,"Land  Registry","Lands Registry"
180186,RES-2006-1254,general_registry,"Land  Registry","Lands Registry"
180188,CON-RES-2025-510,general_registry,"Land  Registry","Lands Registry"
180189,COM-2024-708,general_registry,"Land  Registry","Lands Registry"
180190,RES-2014-2546,general_registry,"Land  Registry","Lands Registry"
180191,RES-2007-1268,general_registry,"Land  Registry","Lands Registry"
180192,RES-2007-1269,general_registry,"Land  Registry","Lands Registry"
180193,COM-2024-709,general_registry,"Land  Registry","Lands Registry"
180194,RES-2007-323,general_registry,"Land  Registry","Lands Registry"
180195,CON-RES-2025-468,general_registry,"Land  Registry","Lands Registry"
180196,COM-2024-710,general_registry,"Land  Registry","Lands Registry"
180197,RES-2007-506,general_registry,"Land  Registry","Lands Registry"
180198,RES-2000-1224,general_registry,"Land  Registry","Lands Registry"
180199,RES-2006-1191,general_registry,"Land  Registry","Lands Registry"
180201,CON-RES-2025-470,general_registry,"Land  Registry","Lands Registry"
180202,RES-2007-320,general_registry,"Land  Registry","Lands Registry"
180203,RES-2007-507,general_registry,"Land  Registry","Lands Registry"
180204,RES-2006-1101,general_registry,"Land  Registry","Lands Registry"
180205,RES-2000-3959,general_registry,"Land  Registry","Lands Registry"
180206,CON-RES-2025-352,general_registry,"Land  Registry","Lands Registry"
180208,RES-2007-428,general_registry,"Land  Registry","Lands Registry"
180209,RES-2006-888,general_registry,"Land  Registry","Lands Registry"
180210,RES-2007-1782,general_registry,"Land  Registry","Lands Registry"
180211,COM-2024-711,general_registry,"Land  Registry","Lands Registry"
180214,RES-2006-614,general_registry,"Land  Registry","Lands Registry"
180215,RES-2007-324,general_registry,"Land  Registry","Lands Registry"
180216,RES-2006-1195,general_registry,"Land  Registry","Lands Registry"
180218,RES-2000-4566,general_registry,"Land  Registry","Lands Registry"
180220,RES-2006-811,general_registry,"Land  Registry","Lands Registry"
180222,COM-2024-712,general_registry,"Land  Registry","Lands Registry"
180223,RES-2007-135,general_registry,"Land  Registry","Lands Registry"
180224,RES-2002-2608,general_registry,"Land  Registry","Lands Registry"
180225,RES-2006-812,general_registry,"Land  Registry","Lands Registry"
180226,RES-2007-325,general_registry,"Land  Registry","Lands Registry"
180229,CON-RES-2025-492,general_registry,"Land  Registry","Lands Registry"
180230,RES-2010-2059,general_registry,"Land  Registry","Lands Registry"
180231,RES-2006-114,general_registry,"Land  Registry","Lands Registry"
180234,RES-2010-2261,general_registry,"Land  Registry","Lands Registry"
180235,RES-2010-2287,general_registry,"Land  Registry","Lands Registry"
180236,CON-RES-2025-493,general_registry,"Land  Registry","Lands Registry"
180238,CON-RES-2025-368,general_registry,"Land  Registry","Lands Registry"
180239,RES-2007-344,general_registry,"Land  Registry","Lands Registry"
180240,CON-RES-2025-272,general_registry,"Land  Registry","Lands Registry"
180241,RES-2002-2607,general_registry,"Land  Registry","Lands Registry"
180242,RES-2007-351,general_registry,"Land  Registry","Lands Registry"
180243,RES-2007-440,general_registry,"Land  Registry","Lands Registry"
180244,COM-2004-24,general_registry,"Land  Registry","Lands Registry"
180245,RES-2010-2288,general_registry,"Land  Registry","Lands Registry"
180247,CON-RES-2025-367,general_registry,"Land  Registry","Lands Registry"
180248,RES-2007-352,general_registry,"Land  Registry","Lands Registry"
180249,RES-2007-361,general_registry,"Land  Registry","Lands Registry"
180250,CON-RES-2025-360,general_registry,"Land  Registry","Lands Registry"
180251,RES-2010-2289,general_registry,"Land  Registry","Lands Registry"
180252,RES-2006-768,general_registry,"Land  Registry","Lands Registry"
180253,RES-2006-164,general_registry,"Land  Registry","Lands Registry"
180255,RES-2007-441,general_registry,"Land  Registry","Lands Registry"
180256,CON-RES-2025-291,general_registry,"Land  Registry","Lands Registry"
180257,CON-RES-2026-2825,registry,,3
180257,CON-RES-2026-2825,general_registry,,"Lands Registry"
180257,CON-RES-2026-2825,physical_registry,,"Registry 3 - Land"
180259,RES-2007-482,general_registry,"Land  Registry","Lands Registry"
180260,RES-2007-617,general_registry,"Land  Registry","Lands Registry"
180261,CON-RES-2025-359,general_registry,"Land  Registry","Lands Registry"
180263,RES-2024-3912,general_registry,"Land  Registry","Lands Registry"
180264,RES-2007-362,general_registry,"Land  Registry","Lands Registry"
180265,RES-2007-1247,general_registry,"Land  Registry","Lands Registry"
180266,CON-RES-2025-290,general_registry,"Land  Registry","Lands Registry"
180268,RES-2007-341,general_registry,"Land  Registry","Lands Registry"
180269,RES-2010-2290,registry,,2
180269,RES-2010-2290,general_registry,"Land  Registry","Lands Registry"
180272,RES-2007-958,general_registry,"Land  Registry","Lands Registry"
180273,RES-2006-212,general_registry,"Land  Registry","Lands Registry"
180278,RES-2007-480,general_registry,"Land  Registry","Lands Registry"
180279,CON-RES-2026-2826,registry,,3
180279,CON-RES-2026-2826,general_registry,,"Lands Registry"
180279,CON-RES-2026-2826,physical_registry,,"Registry 3 - Land"
180280,RES-2007-1182,general_registry,"Land  Registry","Lands Registry"
180281,RES-2006-220,general_registry,"Land  Registry","Lands Registry"
180282,RES-2024-3911,general_registry,"Land  Registry","Lands Registry"
180283,CON-RES-2025-358,general_registry,"Land  Registry","Lands Registry"
180284,RES-2009-4131,general_registry,"Land  Registry","Lands Registry"
180285,CON-RES-2025-346,general_registry,"Land  Registry","Lands Registry"
180287,CON-AG-2026-147,registry,,3
180287,CON-AG-2026-147,general_registry,,"Lands Registry"
180287,CON-AG-2026-147,physical_registry,,"Registry 3 - Land"
180288,RES-2007-1110,general_registry,"Land  Registry","Lands Registry"
180289,CON-COM-2014-20,general_registry,"Land  Registry","Lands Registry"
180290,RES-2007-476,general_registry,"Land  Registry","Lands Registry"
180292,RES-2007-328,general_registry,"Land  Registry","Lands Registry"
180295,RES-2007-363,general_registry,"Land  Registry","Lands Registry"
180296,RES-2007-1932,general_registry,"Land  Registry","Lands Registry"
180297,RES-2010-2291,general_registry,"Land  Registry","Lands Registry"
180298,RES-2006-791,general_registry,"Land  Registry","Lands Registry"
180299,CON-RES-2025-366,general_registry,"Land  Registry","Lands Registry"
180300,CON-RES-2025-238,general_registry,"Land  Registry","Lands Registry"
180303,RES-2000-3428,general_registry,"Land  Registry","Lands Registry"
180304,RES-2007-1933,general_registry,"Land  Registry","Lands Registry"
180305,CON-RES-2025-385,general_registry,"Land  Registry","Lands Registry"
180306,CON-RES-2026-2827,registry,,3
180306,CON-RES-2026-2827,general_registry,,"Lands Registry"
180306,CON-RES-2026-2827,physical_registry,,"Registry 3 - Land"
180307,RES-2007-329,general_registry,"Land  Registry","Lands Registry"
180308,RES-1999-696,general_registry,"Land  Registry","Lands Registry"
180309,RES-2007-1934,general_registry,"Land  Registry","Lands Registry"
180310,RES-2007-489,general_registry,"Land  Registry","Lands Registry"
180311,CON-RES-2025-384,general_registry,"Land  Registry","Lands Registry"
180315,RES-2007-364,general_registry,"Land  Registry","Lands Registry"
180320,CON-AG-2026-148,registry,,3
180320,CON-AG-2026-148,general_registry,,"Lands Registry"
180320,CON-AG-2026-148,physical_registry,,"Registry 3 - Land"
180321,RES-2007-1910,general_registry,"Land  Registry","Lands Registry"
180322,CON-RES-2025-508,general_registry,"Land  Registry","Lands Registry"
180323,RES-2001-5712,general_registry,"Land  Registry","Lands Registry"
180324,RES-2010-2294,general_registry,"Land  Registry","Lands Registry"
180325,RES-2006-219,general_registry,"Land  Registry","Lands Registry"
180326,RES-2025-168,general_registry,"Land  Registry","Lands Registry"
180329,RES-2010-1464,general_registry,"Land  Registry","Lands Registry"
180330,CON-RES-2025-357,general_registry,"Land  Registry","Lands Registry"
180331,RES-2010-4097,general_registry,"Land  Registry","Lands Registry"
180332,RES-2007-1909,general_registry,"Land  Registry","Lands Registry"
180333,CON-RES-2025-518,general_registry,"Land  Registry","Lands Registry"
180337,RES-2006-266,general_registry,"Land  Registry","Lands Registry"
180340,RES-2007-1908,general_registry,"Land  Registry","Lands Registry"
180341,RES-2010-2279,general_registry,"Land  Registry","Lands Registry"
180342,CON-RES-2025-509,general_registry,"Land  Registry","Lands Registry"
180343,RES-2026-3373,registry,,2
180343,RES-2026-3373,general_registry,,"Lands Registry"
180343,RES-2026-3373,physical_registry,,"Registry 2 - Land"
180344,CON-RES-2026-2828,registry,,3
180344,CON-RES-2026-2828,general_registry,,"Lands Registry"
180344,CON-RES-2026-2828,physical_registry,,"Registry 3 - Land"
180345,RES-2010-2296,general_registry,"Land  Registry","Lands Registry"
180346,CON-RES-2026-2829,registry,,3
180346,CON-RES-2026-2829,general_registry,,"Lands Registry"
180346,CON-RES-2026-2829,physical_registry,,"Registry 3 - Land"
180348,RES-2010-2280,general_registry,"Land  Registry","Lands Registry"
180350,RES-2010-2278,general_registry,"Land  Registry","Lands Registry"
180351,RES-2010-2297,general_registry,"Land  Registry","Lands Registry"
180352,RES-2006-706,general_registry,"Land  Registry","Lands Registry"
180356,RES-2010-2299,general_registry,"Land  Registry","Lands Registry"
180358,RES-2010-2300,general_registry,"Land  Registry","Lands Registry"
180362,RES-2010-2281,general_registry,"Land  Registry","Lands Registry"
180364,RES-2010-2282,general_registry,"Land  Registry","Lands Registry"
180366,RES-1995-3081,general_registry,"Land  Registry","Lands Registry"
180367,RES-2010-2284,general_registry,"Land  Registry","Lands Registry"
180369,RES-RC-1987-38,general_registry,"Land  Registry","Lands Registry"
180370,RES-2007-1907,general_registry,"Land  Registry","Lands Registry"
180371,RES-2010-2283,general_registry,"Land  Registry","Lands Registry"
180373,CON-RES-2025-517,general_registry,"Land  Registry","Lands Registry"
180374,RES-2010-2285,general_registry,"Land  Registry","Lands Registry"
180375,RES-2007-1906,general_registry,"Land  Registry","Lands Registry"
180378,RES-2006-801,general_registry,"Land  Registry","Lands Registry"
180380,RES-2010-2286,general_registry,"Land  Registry","Lands Registry"
180381,RES-2007-1905,general_registry,"Land  Registry","Lands Registry"
180382,CON-IND-2025-246,general_registry,"Land  Registry","Lands Registry"
180383,CON-RES-2025-970,general_registry,"Land  Registry","Lands Registry"
180384,RES-2002-2372,general_registry,"Land  Registry","Lands Registry"
180386,RES-2007-356,general_registry,"Land  Registry","Lands Registry"
180387,RES-2007-1925,general_registry,"Land  Registry","Lands Registry"
180389,CON-RES-2025-467,general_registry,"Land  Registry","Lands Registry"
180390,RES-1983-1136,general_registry,"Land  Registry","Lands Registry"
180391,RES-2007-1926,general_registry,"Land  Registry","Lands Registry"
180392,CON-AG-2026-149,registry,,3
180392,CON-AG-2026-149,general_registry,,"Lands Registry"
180392,CON-AG-2026-149,physical_registry,,"Registry 3 - Land"
180393,CON-RES-2025-466,general_registry,"Land  Registry","Lands Registry"
180394,RES-2007-1927,general_registry,"Land  Registry","Lands Registry"
180395,RES-2010-2064,general_registry,"Land  Registry","Lands Registry"
180396,RES-2010-2091,general_registry,"Land  Registry","Lands Registry"
180397,RES-2007-1928,general_registry,"Land  Registry","Lands Registry"
180399,CON-RES-2025-414,general_registry,"Land  Registry","Lands Registry"
180401,RES-2022-6621,general_registry,"Land  Registry","Lands Registry"
180403,RES-2007-1929,general_registry,"Land  Registry","Lands Registry"
180404,RES-2023-5777,general_registry,"Land  Registry","Lands Registry"
180406,RES-1992-1909,general_registry,"Land  Registry","Lands Registry"
180411,CON-RES-1992-279,general_registry,"Land  Registry","Lands Registry"
180412,CON-RES-2025-237,general_registry,"Land  Registry","Lands Registry"
180413,CON-RES-2025-236,general_registry,"Land  Registry","Lands Registry"
180414,CON-RES-2025-235,general_registry,"Land  Registry","Lands Registry"
180415,CON-RES-2025-329,general_registry,"Land  Registry","Lands Registry"
180416,CON-RES-2025-330,general_registry,"Land  Registry","Lands Registry"
180417,CON-RES-2025-331,general_registry,"Land  Registry","Lands Registry"
180418,CON-RES-2025-219,general_registry,"Land  Registry","Lands Registry"
180419,CON-RES-2025-348,general_registry,"Land  Registry","Lands Registry"
180420,CON-RES-2025-345,general_registry,"Land  Registry","Lands Registry"
180421,CON-RES-2025-344,general_registry,"Land  Registry","Lands Registry"
180422,CON-RES-2025-343,general_registry,"Land  Registry","Lands Registry"
180423,CON-RES-2025-342,general_registry,"Land  Registry","Lands Registry"
180424,CON-RES-2025-341,general_registry,"Land  Registry","Lands Registry"
180425,CON-RES-2025-340,general_registry,"Land  Registry","Lands Registry"
180426,CON-RES-2025-339,general_registry,"Land  Registry","Lands Registry"
180427,CON-RES-2025-338,general_registry,"Land  Registry","Lands Registry"
180428,CON-RES-2025-950,general_registry,"Land  Registry","Lands Registry"
180429,CON-RES-2025-998,general_registry,"Land  Registry","Lands Registry"
180430,CON-RES-2025-997,general_registry,"Land  Registry","Lands Registry"
180431,CON-RES-2025-996,general_registry,"Land  Registry","Lands Registry"
180432,CON-RES-2025-995,general_registry,"Land  Registry","Lands Registry"
180433,CON-RES-2025-994,general_registry,"Land  Registry","Lands Registry"
180434,CON-RES-2025-993,general_registry,"Land  Registry","Lands Registry"
180435,CON-RES-2025-992,general_registry,"Land  Registry","Lands Registry"
180436,CON-RES-2025-240,general_registry,"Land  Registry","Lands Registry"
180437,CON-RES-2025-241,general_registry,"Land  Registry","Lands Registry"
180438,CON-RES-2025-242,general_registry,"Land  Registry","Lands Registry"
180439,CON-RES-2025-283,general_registry,"Land  Registry","Lands Registry"
180440,CON-RES-2025-316,general_registry,"Land  Registry","Lands Registry"
180441,CON-RES-2025-990,general_registry,"Land  Registry","Lands Registry"
180442,CON-RES-2025-991,general_registry,"Land  Registry","Lands Registry"
180443,CON-RES-2025-234,general_registry,"Land  Registry","Lands Registry"
180444,CON-RES-2025-284,general_registry,"Land  Registry","Lands Registry"
180445,CON-RES-2025-292,general_registry,"Land  Registry","Lands Registry"
180446,CON-RES-2025-287,general_registry,"Land  Registry","Lands Registry"
180447,CON-RES-2025-286,general_registry,"Land  Registry","Lands Registry"
180448,CON-RES-2025-289,general_registry,"Land  Registry","Lands Registry"
180449,CON-RES-2025-299,general_registry,"Land  Registry","Lands Registry"
180450,CON-RES-2025-282,general_registry,"Land  Registry","Lands Registry"
180451,CON-RES-2025-270,general_registry,"Land  Registry","Lands Registry"
180452,CON-RES-2025-318,general_registry,"Land  Registry","Lands Registry"
180453,CON-RES-2025-308,general_registry,"Land  Registry","Lands Registry"
180454,CON-RES-2025-306,general_registry,"Land  Registry","Lands Registry"
180455,CON-RES-2025-307,general_registry,"Land  Registry","Lands Registry"
180456,CON-RES-2025-309,general_registry,"Land  Registry","Lands Registry"
180457,CON-RES-2025-293,general_registry,"Land  Registry","Lands Registry"
180458,CON-RES-2025-303,general_registry,"Land  Registry","Lands Registry"
180459,CON-RES-2025-304,general_registry,"Land  Registry","Lands Registry"
180460,CON-RES-2025-315,general_registry,"Land  Registry","Lands Registry"
180461,CON-RES-2025-305,general_registry,"Land  Registry","Lands Registry"
180462,CON-RES-2025-275,general_registry,"Land  Registry","Lands Registry"
180463,CON-RES-2025-288,general_registry,"Land  Registry","Lands Registry"
180464,CON-RES-2025-285,general_registry,"Land  Registry","Lands Registry"
180465,RES-RC-1982-1470,general_registry,"Land  Registry","Lands Registry"
180467,RES-2014-89,general_registry,"Land  Registry","Lands Registry"
180469,CON-IND-2022-67,general_registry,"Land  Registry","Lands Registry"
180471,CON-IND-2014-16,general_registry,"Land  Registry","Lands Registry"
180473,CON-RES-1985-11,general_registry,"Land  Registry","Lands Registry"
180475,RES-2002-6991,general_registry,"Land  Registry","Lands Registry"
180476,IND-1981-3(T),general_registry,"Land  Registry","Lands Registry"
180478,COM-2001-568,general_registry,"Land  Registry","Lands Registry"
180480,RES-2025-6098,general_registry,"Land  Registry","Lands Registry"
180481,RES-2025-6099,general_registry,"Land  Registry","Lands Registry"
180482,RES-2025-6093,general_registry,"Land  Registry","Lands Registry"
180483,RES-2025-6096,general_registry,"Land  Registry","Lands Registry"
180484,RES-2025-6092,general_registry,"Land  Registry","Lands Registry"
180485,RES-2025-6091,general_registry,"Land  Registry","Lands Registry"
180486,RES-1991-3771,general_registry,"Land  Registry","Lands Registry"
180487,RES-2025-6101,general_registry,"Land  Registry","Lands Registry"
180489,RES-2025-6102,general_registry,"Land  Registry","Lands Registry"
180490,CON-IND-2015-6,general_registry,"Land  Registry","Lands Registry"
180491,RES-2025-6100,general_registry,"Land  Registry","Lands Registry"
180492,RES-2025-6097,general_registry,"Land  Registry","Lands Registry"
180493,RES-2025-6095,general_registry,"Land  Registry","Lands Registry"
180495,RES-2025-6104,general_registry,"Land  Registry","Lands Registry"
180496,RES-2025-6105,general_registry,"Land  Registry","Lands Registry"
180497,RES-2025-6090,general_registry,"Land  Registry","Lands Registry"
180498,RES-2025-6103,general_registry,"Land  Registry","Lands Registry"
180499,RES-2025-6094,general_registry,"Land  Registry","Lands Registry"
180500,CON-RES-2025-1358,general_registry,"Land  Registry","Lands Registry"
180501,CON-COM-2025-545,general_registry,"Land  Registry","Lands Registry"
180502,RES-2009-8189,general_registry,"Land  Registry","Lands Registry"
180503,RES-2018-249,general_registry,"Land  Registry","Lands Registry"
180505,CON-RES-2000-158,general_registry,,"Lands Registry"
180505,CON-RES-2000-158,physical_registry,,"Registry 3 - Land"
180506,RES-RC-1982-731,registry,"Lands Registry",1
180506,RES-RC-1982-731,physical_registry,,"Registry 1 - Land"
180507,RES-RC-1982-448,physical_registry,,"Registry 1 - Land"
180508,CON-RES-1988-466,physical_registry,,"Registry 3 - Land"
180509,RES-2024-5534,physical_registry,,"Registry 2 - Land"
180510,RES-2021-2874,physical_registry,,"Registry 2 - Land"
180511,RES-2021-2872,physical_registry,,"Registry 2 - Land"
180512,CON-RES-2022-604,physical_registry,,"Registry 3 - Land"
180513,CON-RES-2022-605,physical_registry,,"Registry 3 - Land"
180514,CON-RES-2022-606,physical_registry,,"Registry 3 - Land"
180515,CON-RES-2022-607,physical_registry,,"Registry 3 - Land"
180516,CON-RES-2022-608,physical_registry,,"Registry 3 - Land"
180517,CON-RES-2022-609,physical_registry,,"Registry 3 - Land"
180518,CON-RES-2022-610,physical_registry,,"Registry 3 - Land"
180519,CON-RES-2022-611,physical_registry,,"Registry 3 - Land"
180520,CON-RES-2022-612,physical_registry,,"Registry 3 - Land"
180521,CON-RES-2022-613,physical_registry,,"Registry 3 - Land"
180522,CON-RES-2022-614,physical_registry,,"Registry 3 - Land"
180523,CON-RES-2022-615,physical_registry,,"Registry 3 - Land"
180524,CON-RES-2022-616,physical_registry,,"Registry 3 - Land"
180525,CON-RES-2022-617,physical_registry,,"Registry 3 - Land"
180526,CON-RES-2022-618,physical_registry,,"Registry 3 - Land"
180527,CON-RES-2022-619,physical_registry,,"Registry 3 - Land"
180528,CON-RES-2022-620,physical_registry,,"Registry 3 - Land"
180529,CON-RES-2022-621,physical_registry,,"Registry 3 - Land"
180530,CON-RES-2022-645,physical_registry,,"Registry 3 - Land"
180531,CON-RES-2022-646,physical_registry,,"Registry 3 - Land"
180532,CON-RES-2022-647,physical_registry,,"Registry 3 - Land"
180533,CON-RES-2022-648,physical_registry,,"Registry 3 - Land"
180534,CON-RES-2022-649,physical_registry,,"Registry 3 - Land"
180535,CON-RES-2022-650,physical_registry,,"Registry 3 - Land"
180536,CON-RES-2022-651,physical_registry,,"Registry 3 - Land"
180537,CON-RES-2022-652,physical_registry,,"Registry 3 - Land"
180538,CON-RES-2022-653,physical_registry,,"Registry 3 - Land"
180539,CON-RES-2022-654,physical_registry,,"Registry 3 - Land"
180540,CON-RES-2022-655,physical_registry,,"Registry 3 - Land"
180541,CON-RES-2022-656,physical_registry,,"Registry 3 - Land"
180542,CON-AG-2025-83,physical_registry,,"Registry 3 - Land"
180543,RES-1999-469,physical_registry,,"Registry 2 - Land"
180544,CON-RES-2005-148,physical_registry,,"Registry 3 - Land"
180545,CON-RES-2019-810,physical_registry,,"Registry 3 - Land"
180546,CON-RES-2019-809,physical_registry,,"Registry 3 - Land"
180547,RES-RC-1986-57,physical_registry,,"Registry 1 - Land"
180548,CON-AG-2026-108,registry,,3
180548,CON-AG-2026-108,general_registry,,"Lands Registry"
180548,CON-AG-2026-108,physical_registry,,"Registry 3 - Land"
180549,CON-AG-2026-109,registry,,3
180549,CON-AG-2026-109,general_registry,,"Lands Registry"
180549,CON-AG-2026-109,physical_registry,,"Registry 3 - Land"
180551,CON-AG-2014-35,registry,,3
180551,CON-AG-2014-35,physical_registry,,"Registry 3 - Land"
180552,CON-RES-RC-1982-86,registry,,3
180552,CON-RES-RC-1982-86,general_registry,"Land  Registry","Lands Registry"
180552,CON-RES-RC-1982-86,physical_registry,,"Registry 3 - Land"
180553,CON-RES-2010-595,physical_registry,,"Registry 3 - Land"
180554,RES-1991-772,physical_registry,,"Registry 1 - Land"
180555,RES-RC-1984-165,physical_registry,,"Registry 1 - Land"
180556,CON-AG-2022-49,physical_registry,,"Registry 3 - Land"
180557,CON-RES-2024-308,physical_registry,,"Registry 3 - Land"
180558,RES-RC-1982-1348,physical_registry,,"Registry 1 - Land"
180559,COM-1998-32,physical_registry,,"Registry 1 - Land"
180560,RES-1990-1170,physical_registry,,"Registry 1 - Land"
180561,CON-IND-2025-8,physical_registry,,"Registry 3 - Land"
180562,RES-2007-242,general_registry,"Land  Registry","Lands Registry"
180563,RES-2007-247,general_registry,"Land  Registry","Lands Registry"
180564,RES-2007-1930,general_registry,"Land  Registry","Lands Registry"
180565,RES-2007-250,general_registry,"Land  Registry","Lands Registry"
180566,RES-2007-251,general_registry,"Land  Registry","Lands Registry"
180567,RES-2007-253,general_registry,"Land  Registry","Lands Registry"
180568,COM-RC-1982-525,general_registry,"Land  Registry","Lands Registry"
180569,RES-2007-973,general_registry,"Land  Registry","Lands Registry"
180570,RES-2007-283,general_registry,"Land  Registry","Lands Registry"
180571,CON-AG-2019-78,general_registry,"Land  Registry","Lands Registry"
180572,RES-2007-979,general_registry,"Land  Registry","Lands Registry"
180573,RES-2007-1931,general_registry,"Land  Registry","Lands Registry"
180574,CON-RES-2019-782,general_registry,"Land  Registry","Lands Registry"
180575,RES-2006-74,general_registry,"Land  Registry","Lands Registry"
180576,RES-2007-956,general_registry,"Land  Registry","Lands Registry"
180577,RES-2007-768,general_registry,"Land  Registry","Lands Registry"
180578,RES-2007-300,general_registry,"Land  Registry","Lands Registry"
180579,CON-RES-2019-783,general_registry,"Land  Registry","Lands Registry"
180580,RES-2022-6322,general_registry,"Land  Registry","Lands Registry"
180581,RES-2007-240,general_registry,"Land  Registry","Lands Registry"
180582,RES-2007-299,general_registry,"Land  Registry","Lands Registry"
180583,RES-2007-1911,general_registry,"Land  Registry","Lands Registry"
180584,RES-2007-793,general_registry,"Land  Registry","Lands Registry"
180585,RES-2007-276,general_registry,"Land  Registry","Lands Registry"
180586,CON-COM-2018-76,general_registry,"Land  Registry","Lands Registry"
180587,RES-2007-1897,general_registry,"Land  Registry","Lands Registry"
180588,RES-2007-280,general_registry,"Land  Registry","Lands Registry"
180589,RES-2007-1840,general_registry,"Land  Registry","Lands Registry"
180590,RES-2007-279,general_registry,"Land  Registry","Lands Registry"
180591,RES-2007-747,general_registry,"Land  Registry","Lands Registry"
180592,COM-2022-710,general_registry,"Land  Registry","Lands Registry"
180593,RES-2022-6314,general_registry,"Land  Registry","Lands Registry"
180594,RES-2007-972,registry,,2
180594,RES-2007-972,general_registry,"Land  Registry","Lands Registry"
180595,RES-2007-1737,general_registry,"Land  Registry","Lands Registry"
180596,RES-2007-1896,general_registry,"Land  Registry","Lands Registry"
180597,RES-2007-293,general_registry,"Land  Registry","Lands Registry"
180598,RES-2007-730,general_registry,"Land  Registry","Lands Registry"
180599,RES-2010-593,general_registry,"Land  Registry","Lands Registry"
180600,CON-IND-2025-20,general_registry,"Land  Registry","Lands Registry"
180601,RES-2007-1841,registry,,2
180601,RES-2007-1841,general_registry,"Land  Registry","Lands Registry"
180602,RES-2007-1717,general_registry,"Land  Registry","Lands Registry"
180604,RES-2007-269,general_registry,"Land  Registry","Lands Registry"
180605,RES-2022-6313,general_registry,"Land  Registry","Lands Registry"
180606,RES-2007-1772,general_registry,"Land  Registry","Lands Registry"
180607,RES-2022-6312,general_registry,"Land  Registry","Lands Registry"
180608,RES-2007-1845,general_registry,"Land  Registry","Lands Registry"
180609,CON-COM-2025-425,general_registry,"Land  Registry","Lands Registry"
180610,RES-2007-372,general_registry,"Land  Registry","Lands Registry"
180611,RES-2007-1774,general_registry,"Land  Registry","Lands Registry"
180612,RES-2007-1778,general_registry,"Land  Registry","Lands Registry"
180614,CON-RES-1988-224,general_registry,"Land  Registry","Lands Registry"
180615,RES-2007-1847,general_registry,"Land  Registry","Lands Registry"
180616,CON-COM-2023-409,general_registry,"Land  Registry","Lands Registry"
180617,RES-2007-172,general_registry,"Land  Registry","Lands Registry"
180618,RES-2007-943,general_registry,"Land  Registry","Lands Registry"
180619,RES-2007-746,general_registry,"Land  Registry","Lands Registry"
180621,RES-2007-1776,general_registry,"Land  Registry","Lands Registry"
180622,RES-2022-6311,general_registry,"Land  Registry","Lands Registry"
180625,RES-2004-773,general_registry,"Land  Registry","Lands Registry"
180626,RES-2007-1777,general_registry,"Land  Registry","Lands Registry"
180627,RES-2007-387,general_registry,"Land  Registry","Lands Registry"
180628,RES-2007-939,general_registry,"Land  Registry","Lands Registry"
180629,RES-2007-1259,general_registry,"Land  Registry","Lands Registry"
180630,RES-2007-1914,general_registry,"Land  Registry","Lands Registry"
180631,RES-2007-665,general_registry,"Land  Registry","Lands Registry"
180632,RES-2022-6309,general_registry,"Land  Registry","Lands Registry"
180633,CON-RES-2011-740,general_registry,"Land  Registry","Lands Registry"
180634,RES-2007-954,general_registry,"Land  Registry","Lands Registry"
180637,RES-2007-926,general_registry,"Land  Registry","Lands Registry"
180640,RES-2007-1827,general_registry,"Land  Registry","Lands Registry"
180641,RES-2021-608,general_registry,"Land  Registry","Lands Registry"
180642,RES-2007-96,general_registry,"Land  Registry","Lands Registry"
180643,RES-2007-1794,general_registry,"Land  Registry","Lands Registry"
180644,RES-2007-1915,general_registry,"Land  Registry","Lands Registry"
180645,RES-2022-6310,general_registry,"Land  Registry","Lands Registry"
180646,RES-2007-946,general_registry,"Land  Registry","Lands Registry"
180648,RES-2007-929,general_registry,"Land  Registry","Lands Registry"
180649,RES-2007-1796,general_registry,"Land  Registry","Lands Registry"
180650,RES-2007-1891,general_registry,"Land  Registry","Lands Registry"
180651,RES-2007-1916,general_registry,"Land  Registry","Lands Registry"
180652,RES-2007-948,general_registry,"Land  Registry","Lands Registry"
180653,RES-2007-921,general_registry,"Land  Registry","Lands Registry"
180654,RES-2023-5297,general_registry,"Land  Registry","Lands Registry"
180655,RES-2007-1793,general_registry,"Land  Registry","Lands Registry"
180656,RES-2007-917,general_registry,"Land  Registry","Lands Registry"
180657,RES-2007-1378,general_registry,"Land  Registry","Lands Registry"
180659,CON-RES-2009-173,general_registry,"Land  Registry","Lands Registry"
180661,CON-AG-2016-59,general_registry,"Land  Registry","Lands Registry"
180662,RES-2007-1917,general_registry,"Land  Registry","Lands Registry"
180663,RES-2007-919,general_registry,"Land  Registry","Lands Registry"
180664,RES-2007-1716,general_registry,"Land  Registry","Lands Registry"
180667,RES-2007-1795,general_registry,"Land  Registry","Lands Registry"
180668,RES-2007-1888,general_registry,"Land  Registry","Lands Registry"
180669,RES-2007-907,general_registry,"Land  Registry","Lands Registry"
180671,RES-2007-201,general_registry,"Land  Registry","Lands Registry"
180672,RES-2007-751,general_registry,"Land  Registry","Lands Registry"
180673,RES-2007-910,general_registry,"Land  Registry","Lands Registry"
180674,RES-2002-5032,general_registry,"Land  Registry","Lands Registry"
180676,RES-2007-1920,general_registry,"Land  Registry","Lands Registry"
180677,RES-2007-1799,general_registry,"Land  Registry","Lands Registry"
180678,RES-2007-1142,general_registry,"Land  Registry","Lands Registry"
180679,RES-2007-904,general_registry,"Land  Registry","Lands Registry"
180680,RES-2007-1720,general_registry,"Land  Registry","Lands Registry"
180681,RES-2007-908,general_registry,"Land  Registry","Lands Registry"
180682,RES-2007-295,general_registry,"Land  Registry","Lands Registry"
180684,RES-2007-646,general_registry,"Land  Registry","Lands Registry"
180685,RES-2022-6323,general_registry,"Land  Registry","Lands Registry"
180686,RES-2007-1345,general_registry,"Land  Registry","Lands Registry"
180687,RES-2007-296,general_registry,"Land  Registry","Lands Registry"
180688,RES-2007-750,general_registry,"Land  Registry","Lands Registry"
180689,RES-2006-1406,general_registry,"Land  Registry","Lands Registry"
180690,RES-2007-1922,general_registry,"Land  Registry","Lands Registry"
180691,RES-2007-1887,general_registry,"Land  Registry","Lands Registry"
180694,RES-2007-297,general_registry,"Land  Registry","Lands Registry"
180696,RES-2007-1798,general_registry,"Land  Registry","Lands Registry"
180698,RES-2007-455,general_registry,"Land  Registry","Lands Registry"
180700,RES-2007-1346,general_registry,"Land  Registry","Lands Registry"
180701,RES-2007-499,general_registry,"Land  Registry","Lands Registry"
180702,RES-2007-1104,general_registry,"Land  Registry","Lands Registry"
180703,RES-2007-901,general_registry,"Land  Registry","Lands Registry"
180704,RES-2007-257,general_registry,"Land  Registry","Lands Registry"
180705,RES-2006-1266,general_registry,"Land  Registry","Lands Registry"
180706,RES-2007-1923,general_registry,"Land  Registry","Lands Registry"
180707,RES-2007-1886,general_registry,"Land  Registry","Lands Registry"
180708,RES-2007-1614,general_registry,"Land  Registry","Lands Registry"
180709,RES-2007-902,general_registry,"Land  Registry","Lands Registry"
180710,RES-2022-7274,general_registry,"Land  Registry","Lands Registry"
180712,RES-2007-981,general_registry,"Land  Registry","Lands Registry"
180713,RES-2007-15,general_registry,"Land  Registry","Lands Registry"
180714,RES-2007-1255,general_registry,"Land  Registry","Lands Registry"
180716,RES-2007-1719,general_registry,"Land  Registry","Lands Registry"
180717,RES-2007-1365,general_registry,"Land  Registry","Lands Registry"
180719,RES-2007-258,general_registry,"Land  Registry","Lands Registry"
180720,RES-2007-501,general_registry,"Land  Registry","Lands Registry"
180722,RES-2007-980,general_registry,"Land  Registry","Lands Registry"
180723,RES-2006-1259,general_registry,"Land  Registry","Lands Registry"
180724,RES-2007-1254,general_registry,"Land  Registry","Lands Registry"
180725,RES-2007-454,general_registry,"Land  Registry","Lands Registry"
180726,RES-2007-259,general_registry,"Land  Registry","Lands Registry"
180727,RES-2007-267,general_registry,"Land  Registry","Lands Registry"
180729,COM-2016-29,general_registry,"Land  Registry","Lands Registry"
180730,RES-RC-1982-1075,general_registry,"Land  Registry","Lands Registry"
180731,RES-2007-239,general_registry,"Land  Registry","Lands Registry"
180732,RES-2007-456,general_registry,"Land  Registry","Lands Registry"
180733,RES-2007-194,general_registry,"Land  Registry","Lands Registry"
180734,RES-2022-7276,general_registry,"Land  Registry","Lands Registry"
180735,RES-2007-1721,general_registry,"Land  Registry","Lands Registry"
180736,RES-2007-1253,general_registry,"Land  Registry","Lands Registry"
180738,RES-2007-263,general_registry,"Land  Registry","Lands Registry"
180739,CON-RES-2023-7290,general_registry,"Land  Registry","Lands Registry"
180741,RES-2006-1205,general_registry,"Land  Registry","Lands Registry"
180742,RES-2007-494,general_registry,"Land  Registry","Lands Registry"
180745,RES-2007-1802,general_registry,"Land  Registry","Lands Registry"
180746,RES-2007-265,general_registry,"Land  Registry","Lands Registry"
180747,RES-2007-1317,general_registry,"Land  Registry","Lands Registry"
180749,RES-2007-434,general_registry,"Land  Registry","Lands Registry"
180750,RES-2007-1347,general_registry,"Land  Registry","Lands Registry"
180751,RES-2007-287,general_registry,"Land  Registry","Lands Registry"
180752,RES-2007-993,general_registry,"Land  Registry","Lands Registry"
180753,RES-2007-1634,general_registry,"Land  Registry","Lands Registry"
180754,RES-2007-1924,general_registry,"Land  Registry","Lands Registry"
180755,RES-2007-1943,general_registry,"Land  Registry","Lands Registry"
180757,RES-2007-633,general_registry,"Land  Registry","Lands Registry"
180759,RES-2016-4424,general_registry,"Land  Registry","Lands Registry"
180761,RES-2007-437,general_registry,"Land  Registry","Lands Registry"
180762,RES-2007-1741,general_registry,"Land  Registry","Lands Registry"
180763,RES-2007-715,general_registry,"Land  Registry","Lands Registry"
180764,RES-RC-1981-114,general_registry,"Land  Registry","Lands Registry"
180768,RES-2006-1209,general_registry,"Land  Registry","Lands Registry"
180770,RES-2007-1636,general_registry,"Land  Registry","Lands Registry"
180771,RES-2007-634,general_registry,"Land  Registry","Lands Registry"
180772,RES-2007-438,general_registry,"Land  Registry","Lands Registry"
180773,RES-2007-1856,general_registry,"Land  Registry","Lands Registry"
180774,RES-2007-1742,general_registry,"Land  Registry","Lands Registry"
180776,RES-2006-1210,general_registry,"Land  Registry","Lands Registry"
180778,RES-2022-7275,general_registry,"Land  Registry","Lands Registry"
180779,RES-2007-1855,general_registry,"Land  Registry","Lands Registry"
180780,RES-2007-433,general_registry,"Land  Registry","Lands Registry"
180781,CON-COM-1996-40,general_registry,"Land  Registry","Lands Registry"
180783,RES-2007-635,general_registry,"Land  Registry","Lands Registry"
180784,CON-RES-1988-457,general_registry,"Land  Registry","Lands Registry"
180786,RES-2007-1729,general_registry,"Land  Registry","Lands Registry"
180787,RES-2007-488,general_registry,"Land  Registry","Lands Registry"
180789,RES-1999-879,general_registry,"Land  Registry","Lands Registry"
180790,RES-2007-1727,general_registry,"Land  Registry","Lands Registry"
180793,COM-2002-2374(T),general_registry,"Land  Registry","Lands Registry"
180795,RES-2007-1859,general_registry,"Land  Registry","Lands Registry"
180796,RES-2007-666,general_registry,"Land  Registry","Lands Registry"
180798,RES-2006-1321,general_registry,"Land  Registry","Lands Registry"
180799,RES-2007-636,general_registry,"Land  Registry","Lands Registry"
180800,RES-2007-420,general_registry,"Land  Registry","Lands Registry"
180802,RES-2007-266,general_registry,"Land  Registry","Lands Registry"
180803,RES-2022-7267,general_registry,"Land  Registry","Lands Registry"
180805,RES-2007-1858,general_registry,"Land  Registry","Lands Registry"
180806,RES-2007-796,general_registry,"Land  Registry","Lands Registry"
180808,RES-2007-727,general_registry,"Land  Registry","Lands Registry"
180810,RES-2007-270,general_registry,"Land  Registry","Lands Registry"
180812,RES-2007-668,general_registry,"Land  Registry","Lands Registry"
180813,RES-2007-1031,general_registry,"Land  Registry","Lands Registry"
180815,RES-2006-774,general_registry,"Land  Registry","Lands Registry"
180817,RES-2007-667,general_registry,"Land  Registry","Lands Registry"
180819,RES-2022-7266,general_registry,"Land  Registry","Lands Registry"
180822,RES-2007-1042,general_registry,"Land  Registry","Lands Registry"
180823,RES-2007-1025,general_registry,"Land  Registry","Lands Registry"
180825,RES-2007-1034,general_registry,"Land  Registry","Lands Registry"
180826,RES-2022-7265,general_registry,"Land  Registry","Lands Registry"
180827,RES-2007-32,general_registry,"Land  Registry","Lands Registry"
180828,RES-2007-1443,general_registry,"Land  Registry","Lands Registry"
180829,RES-2007-452,general_registry,"Land  Registry","Lands Registry"
180830,RES-2007-1036,general_registry,"Land  Registry","Lands Registry"
180831,RES-2010-4288,general_registry,"Land  Registry","Lands Registry"
180833,RES-2007-1613,general_registry,"Land  Registry","Lands Registry"
180834,RES-2007-171,general_registry,"Land  Registry","Lands Registry"
180835,RES-2007-640,general_registry,"Land  Registry","Lands Registry"
180839,RES-2007-17,general_registry,"Land  Registry","Lands Registry"
180841,RES-2007-1079,general_registry,"Land  Registry","Lands Registry"
180842,RES-2021-203,general_registry,"Land  Registry","Lands Registry"
180844,RES-2023-1448,general_registry,"Land  Registry","Lands Registry"
180847,RES-2007-467,general_registry,"Land  Registry","Lands Registry"
180848,RES-2007-1442,general_registry,"Land  Registry","Lands Registry"
180849,RES-2007-1020,general_registry,"Land  Registry","Lands Registry"
180850,RES-2007-393,general_registry,"Land  Registry","Lands Registry"
180851,RES-2007-639,general_registry,"Land  Registry","Lands Registry"
180852,RES-2007-999,general_registry,"Land  Registry","Lands Registry"
180854,RES-2006-778,general_registry,"Land  Registry","Lands Registry"
180855,CON-RES-2018-400,general_registry,"Land  Registry","Lands Registry"
180856,RES-2007-199,general_registry,"Land  Registry","Lands Registry"
180859,RES-2007-1756,general_registry,"Land  Registry","Lands Registry"
180862,CON-RES-2023-7326,general_registry,"Land  Registry","Lands Registry"
180864,RES-1992-4802,general_registry,"Land  Registry","Lands Registry"
180865,RES-2007-718,general_registry,"Land  Registry","Lands Registry"
180866,RES-2007-350,general_registry,"Land  Registry","Lands Registry"
180867,CON-COM-2019-860,general_registry,"Land  Registry","Lands Registry"
180869,RES-2007-1679,general_registry,"Land  Registry","Lands Registry"
180870,RES-2007-1662,general_registry,"Land  Registry","Lands Registry"
180871,RES-2007-484,general_registry,"Land  Registry","Lands Registry"
180874,RES-2007-1022,general_registry,"Land  Registry","Lands Registry"
180876,RES-2007-778,general_registry,"Land  Registry","Lands Registry"
180878,RES-2007-1315,general_registry,"Land  Registry","Lands Registry"
180880,RES-2007-157,general_registry,"Land  Registry","Lands Registry"
180882,RES-2007-1641,general_registry,"Land  Registry","Lands Registry"
180883,RES-1991-5083,general_registry,"Land  Registry","Lands Registry"
180885,RES-2007-1740,general_registry,"Land  Registry","Lands Registry"
180887,RES-2007-200,general_registry,"Land  Registry","Lands Registry"
180888,RES-2007-465,general_registry,"Land  Registry","Lands Registry"
180889,RES-2007-275,general_registry,"Land  Registry","Lands Registry"
180890,RES-1992-2403,general_registry,"Land  Registry","Lands Registry"
180892,CON-COM-1984-6,general_registry,"Land  Registry","Lands Registry"
180894,RES-2007-1301,general_registry,"Land  Registry","Lands Registry"
180895,RES-2007-1753,general_registry,"Land  Registry","Lands Registry"
180897,RES-RC-1983-37,registry,,1
180897,RES-RC-1983-37,general_registry,"Land  Registry","Lands Registry"
180899,RES-2007-1607,general_registry,"Land  Registry","Lands Registry"
180900,RES-2007-1558,general_registry,"Land  Registry","Lands Registry"
180903,RES-2007-1739,general_registry,"Land  Registry","Lands Registry"
180905,RES-2007-1681,general_registry,"Land  Registry","Lands Registry"
180910,CON-RES-1987-153,general_registry,"Land  Registry","Lands Registry"
180913,RES-2007-712,general_registry,"Land  Registry","Lands Registry"
180915,RES-2007-1738,general_registry,"Land  Registry","Lands Registry"
180916,RES-2007-1202,general_registry,"Land  Registry","Lands Registry"
180917,RES-2007-1726,general_registry,"Land  Registry","Lands Registry"
180919,RES-2007-1663,general_registry,"Land  Registry","Lands Registry"
180920,RES-2007-1669,general_registry,"Land  Registry","Lands Registry"
180921,RES-2007-1400,general_registry,"Land  Registry","Lands Registry"
180922,RES-2007-679,general_registry,"Land  Registry","Lands Registry"
180924,RES-2007-1604,general_registry,"Land  Registry","Lands Registry"
180926,RES-2007-923,general_registry,"Land  Registry","Lands Registry"
180928,RES-2007-790,general_registry,"Land  Registry","Lands Registry"
180930,RES-2022-7270,general_registry,"Land  Registry","Lands Registry"
180931,RES-2007-938,general_registry,"Land  Registry","Lands Registry"
180932,RES-2021-1203,general_registry,"Land  Registry","Lands Registry"
180933,RES-2007-1797,general_registry,"Land  Registry","Lands Registry"
180935,RES-2007-1396,general_registry,"Land  Registry","Lands Registry"
180937,RES-2007-1671,general_registry,"Land  Registry","Lands Registry"
180938,RES-2007-1867,general_registry,"Land  Registry","Lands Registry"
180939,RES-2022-7248,general_registry,"Land  Registry","Lands Registry"
180940,RES-2007-1751,general_registry,"Land  Registry","Lands Registry"
180942,RES-2007-937,general_registry,"Land  Registry","Lands Registry"
180946,RES-2007-1277,general_registry,"Land  Registry","Lands Registry"
180947,RES-1993-3233(T),general_registry,"Land  Registry","Lands Registry"
180948,RES-2007-1680,general_registry,"Land  Registry","Lands Registry"
180949,CON-COM-2015-107,registry,,3
180949,CON-COM-2015-107,general_registry,"Land  Registry","Lands Registry"
180950,RES-2022-7246,general_registry,"Land  Registry","Lands Registry"
180952,RES-2007-46,general_registry,"Land  Registry","Lands Registry"
180953,RES-2007-677,general_registry,"Land  Registry","Lands Registry"
180954,RES-2007-498,general_registry,"Land  Registry","Lands Registry"
180956,RES-2007-1749,general_registry,"Land  Registry","Lands Registry"
180958,RES-2022-7247,general_registry,"Land  Registry","Lands Registry"
180959,RES-2007-662,general_registry,"Land  Registry","Lands Registry"
180961,RES-2007-739,general_registry,"Land  Registry","Lands Registry"
180963,RES-2007-638,general_registry,"Land  Registry","Lands Registry"
180964,RES-2007-1646,general_registry,"Land  Registry","Lands Registry"
180966,RES-2022-7245,general_registry,"Land  Registry","Lands Registry"
180968,RES-2007-1747,general_registry,"Land  Registry","Lands Registry"
180970,RES-2007-1391,general_registry,"Land  Registry","Lands Registry"
180971,RES-2007-707,general_registry,"Land  Registry","Lands Registry"
180974,RES-2010-4126,general_registry,"Land  Registry","Lands Registry"
180975,RES-2007-548,general_registry,"Land  Registry","Lands Registry"
180977,RES-2007-156,general_registry,"Land  Registry","Lands Registry"
180978,RES-2007-334,general_registry,"Land  Registry","Lands Registry"
180979,RES-2007-1027,general_registry,"Land  Registry","Lands Registry"
180980,RES-2022-7249,general_registry,"Land  Registry","Lands Registry"
180981,RES-2007-1683,general_registry,"Land  Registry","Lands Registry"
180983,RES-2007-1748,general_registry,"Land  Registry","Lands Registry"
180984,COM-2013-104,general_registry,"Land  Registry","Lands Registry"
180986,RES-2007-166,general_registry,"Land  Registry","Lands Registry"
180987,RES-2007-1039,general_registry,"Land  Registry","Lands Registry"
180988,RES-2007-1322,general_registry,"Land  Registry","Lands Registry"
180989,RES-2007-145,general_registry,"Land  Registry","Lands Registry"
180990,RES-2009-4430,general_registry,"Land  Registry","Lands Registry"
180992,RES-2007-1040,general_registry,"Land  Registry","Lands Registry"
180997,RES-2007-669,general_registry,"Land  Registry","Lands Registry"
180998,RES-2007-1755,general_registry,"Land  Registry","Lands Registry"
180999,RES-2007-163,general_registry,"Land  Registry","Lands Registry"
181000,RES-1982-1399,general_registry,"Land  Registry","Lands Registry"
181002,RES-2007-62,general_registry,"Land  Registry","Lands Registry"
181003,RES-2007-1321,general_registry,"Land  Registry","Lands Registry"
181006,RES-2007-1682,general_registry,"Land  Registry","Lands Registry"
181007,RES-2007-1087,general_registry,"Land  Registry","Lands Registry"
181009,RES-2007-742,general_registry,"Land  Registry","Lands Registry"
181010,CON-RES-2023-6892,general_registry,"Land  Registry","Lands Registry"
181011,RES-2007-1062,general_registry,"Land  Registry","Lands Registry"
181012,RES-2007-1760,general_registry,"Land  Registry","Lands Registry"
181013,RES-2007-1752,general_registry,"Land  Registry","Lands Registry"
181015,RES-1995-2044,general_registry,"Land  Registry","Lands Registry"
181017,RES-2007-1699,general_registry,"Land  Registry","Lands Registry"
181018,RES-2007-562,general_registry,"Land  Registry","Lands Registry"
181019,RES-2024-3791,general_registry,"Land  Registry","Lands Registry"
181021,RES-2007-1066,general_registry,"Land  Registry","Lands Registry"
181022,RES-2014-1537,general_registry,"Land  Registry","Lands Registry"
181023,RES-2007-1779,general_registry,"Land  Registry","Lands Registry"
181025,RES-2007-760,general_registry,"Land  Registry","Lands Registry"
181026,IND-2007-1067,general_registry,"Land  Registry","Lands Registry"
181027,RES-2007-1323,general_registry,"Land  Registry","Lands Registry"
181031,RES-2007-1192,general_registry,"Land  Registry","Lands Registry"
181033,RES-2007-1892,general_registry,"Land  Registry","Lands Registry"
181034,COM-2022-643,general_registry,"Land  Registry","Lands Registry"
181039,RES-2007-1786,general_registry,"Land  Registry","Lands Registry"
181040,RES-2007-33,general_registry,"Land  Registry","Lands Registry"
181041,RES-2007-221,general_registry,"Land  Registry","Lands Registry"
181042,RES-2007-1319,general_registry,"Land  Registry","Lands Registry"
181043,RES-2007-1687,general_registry,"Land  Registry","Lands Registry"
181044,COM-2022-644,general_registry,"Land  Registry","Lands Registry"
181045,RES-2007-1021,general_registry,"Land  Registry","Lands Registry"
181046,RES-2000-5340,general_registry,"Land  Registry","Lands Registry"
181047,RES-2007-120,general_registry,"Land  Registry","Lands Registry"
181048,CON-RES-1996-327,general_registry,"Land  Registry","Lands Registry"
181050,RES-2007-1536,general_registry,"Land  Registry","Lands Registry"
181052,RES-2007-1063,general_registry,"Land  Registry","Lands Registry"
181053,RES-2007-1369,general_registry,"Land  Registry","Lands Registry"
181054,RES-1988-277,general_registry,"Land  Registry","Lands Registry"
181056,CON-RES-1981-9,general_registry,"Land  Registry","Lands Registry"
181059,CON-RES-2023-7109,general_registry,"Land  Registry","Lands Registry"
181060,RES-2007-1373,general_registry,"Land  Registry","Lands Registry"
181061,RES-2007-1060,general_registry,"Land  Registry","Lands Registry"
181062,RES-2007-271,general_registry,"Land  Registry","Lands Registry"
181063,RES-2015-5214,general_registry,"Land  Registry","Lands Registry"
181064,RES-2007-1047,general_registry,"Land  Registry","Lands Registry"
181065,RES-2007-1226,general_registry,"Land  Registry","Lands Registry"
181068,COM-2022-645,general_registry,"Land  Registry","Lands Registry"
181070,RES-2007-1048,general_registry,"Land  Registry","Lands Registry"
181071,RES-2022-7297,general_registry,"Land  Registry","Lands Registry"
181074,RES-2022-7241,general_registry,"Land  Registry","Lands Registry"
181076,RES-2007-1114,general_registry,"Land  Registry","Lands Registry"
181078,RES-2007-1385,general_registry,"Land  Registry","Lands Registry"
181079,RES-2007-743,general_registry,"Land  Registry","Lands Registry"
181080,RES-2022-7303,general_registry,"Land  Registry","Lands Registry"
181084,RES-2007-1166,general_registry,"Land  Registry","Lands Registry"
181085,RES-2007-1240,general_registry,"Land  Registry","Lands Registry"
181087,RES-2022-7242,general_registry,"Land  Registry","Lands Registry"
181088,RES-2022-7262,general_registry,"Land  Registry","Lands Registry"
181091,RES-2007-1099,general_registry,"Land  Registry","Lands Registry"
181092,RES-2022-7308,general_registry,"Land  Registry","Lands Registry"
181095,RES-2022-7264,general_registry,"Land  Registry","Lands Registry"
181096,RES-2022-7309,general_registry,"Land  Registry","Lands Registry"
181099,RES-2000-3307,general_registry,"Land  Registry","Lands Registry"
181100,RES-2022-7243,general_registry,"Land  Registry","Lands Registry"
181101,RES-2007-1474,general_registry,"Land  Registry","Lands Registry"
181103,RES-1987-1506,general_registry,"Land  Registry","Lands Registry"
181104,RES-2016-3658,general_registry,"Land  Registry","Lands Registry"
181105,RES-2007-802,general_registry,"Land  Registry","Lands Registry"
181106,RES-2007-694,general_registry,"Land  Registry","Lands Registry"
181107,RES-1989-474,registry,,1
181107,RES-1989-474,general_registry,"Land  Registry","Lands Registry"
181108,CON-RES-2002-73,general_registry,"Land  Registry","Lands Registry"
181109,RES-2022-7263,general_registry,"Land  Registry","Lands Registry"
181111,RES-2022-4875,general_registry,"Land  Registry","Lands Registry"
181112,RES-2007-1050,general_registry,"Land  Registry","Lands Registry"
181113,RES-2022-7302,general_registry,"Land  Registry","Lands Registry"
181117,RES-2022-7301,general_registry,"Land  Registry","Lands Registry"
181118,RES-2022-7285,general_registry,"Land  Registry","Lands Registry"
181119,RES-2007-1894,general_registry,"Land  Registry","Lands Registry"
181121,CON-IND-2012-16,general_registry,"Land  Registry","Lands Registry"
181122,RES-2022-7284,general_registry,"Land  Registry","Lands Registry"
181123,RES-2007-741,general_registry,"Land  Registry","Lands Registry"
181124,RES-2007-932,general_registry,"Land  Registry","Lands Registry"
181125,RES-2022-7283,general_registry,"Land  Registry","Lands Registry"
181127,RES-2007-931,general_registry,"Land  Registry","Lands Registry"
181128,RES-2007-1084,general_registry,"Land  Registry","Lands Registry"
181129,RES-2022-7279,general_registry,"Land  Registry","Lands Registry"
181130,RES-2007-1077,general_registry,"Land  Registry","Lands Registry"
181131,RES-2022-7282,general_registry,"Land  Registry","Lands Registry"
181132,RES-2000-5018,general_registry,"Land  Registry","Lands Registry"
181138,RES-2007-671,general_registry,"Land  Registry","Lands Registry"
181140,RES-2026-3374,registry,,2
181140,RES-2026-3374,general_registry,,"Lands Registry"
181140,RES-2026-3374,physical_registry,,"Registry 2 - Land"
181143,RES-2007-60,general_registry,"Land  Registry","Lands Registry"
181144,RES-2026-3375,registry,,2
181144,RES-2026-3375,general_registry,,"Lands Registry"
181144,RES-2026-3375,physical_registry,,"Registry 2 - Land"
181145,RES-2007-998,general_registry,"Land  Registry","Lands Registry"
181146,RES-2022-7281,general_registry,"Land  Registry","Lands Registry"
181147,RES-2007-1348,general_registry,"Land  Registry","Lands Registry"
181148,RES-2022-7296,general_registry,"Land  Registry","Lands Registry"
181149,RES-2007-781,general_registry,"Land  Registry","Lands Registry"
181150,RES-2007-1318,general_registry,"Land  Registry","Lands Registry"
181151,RES-2007-740,general_registry,"Land  Registry","Lands Registry"
181152,RES-2022-7995,general_registry,"Land  Registry","Lands Registry"
181153,RES-2022-7295,general_registry,"Land  Registry","Lands Registry"
181154,RES-2006-152,general_registry,"Land  Registry","Lands Registry"
181156,RES-2007-1349,general_registry,"Land  Registry","Lands Registry"
181157,RES-2006-1083,general_registry,"Land  Registry","Lands Registry"
181158,RES-2007-702,general_registry,"Land  Registry","Lands Registry"
181159,RES-2007-1090,general_registry,"Land  Registry","Lands Registry"
181160,RES-2022-7294,general_registry,"Land  Registry","Lands Registry"
181161,RES-2007-1397,general_registry,"Land  Registry","Lands Registry"
181162,RES-2022-7299,general_registry,"Land  Registry","Lands Registry"
181163,RES-2006-1050,general_registry,"Land  Registry","Lands Registry"
181164,RES-2007-1316,general_registry,"Land  Registry","Lands Registry"
181165,CON-IND-2024-6,general_registry,"Land  Registry","Lands Registry"
181166,RES-2006-153,general_registry,"Land  Registry","Lands Registry"
181167,RES-2022-7298,general_registry,"Land  Registry","Lands Registry"
181168,RES-2022-7293,general_registry,"Land  Registry","Lands Registry"
181170,RES-2007-725,general_registry,"Land  Registry","Lands Registry"
181171,RES-2007-934,general_registry,"Land  Registry","Lands Registry"
181172,RES-2007-1338,general_registry,"Land  Registry","Lands Registry"
181174,RES-2022-7300,general_registry,"Land  Registry","Lands Registry"
181175,RES-2006-640,general_registry,"Land  Registry","Lands Registry"
181176,RES-2007-1339,general_registry,"Land  Registry","Lands Registry"
181177,RES-2022-7291,general_registry,"Land  Registry","Lands Registry"
181178,RES-2006-120,general_registry,"Land  Registry","Lands Registry"
181179,RES-2007-1213,general_registry,"Land  Registry","Lands Registry"
181180,RES-2007-496,general_registry,"Land  Registry","Lands Registry"
181181,RES-2007-1730,general_registry,"Land  Registry","Lands Registry"
181182,RES-2007-933,general_registry,"Land  Registry","Lands Registry"
181183,RES-2006-1031,general_registry,"Land  Registry","Lands Registry"
181184,RES-2022-7290,general_registry,"Land  Registry","Lands Registry"
181186,RES-2007-1035,general_registry,"Land  Registry","Lands Registry"
181187,RES-2007-449,general_registry,"Land  Registry","Lands Registry"
181188,RES-2006-133,general_registry,"Land  Registry","Lands Registry"
181189,RES-2007-1076,general_registry,"Land  Registry","Lands Registry"
181190,RES-2002-4677,general_registry,"Land  Registry","Lands Registry"
181191,RES-2026-3376,registry,,2
181191,RES-2026-3376,general_registry,,"Lands Registry"
181191,RES-2026-3376,physical_registry,,"Registry 2 - Land"
181192,RES-2022-7289,registry,,2
181192,RES-2022-7289,general_registry,"Land  Registry","Lands Registry"
181193,RES-2007-724,general_registry,"Land  Registry","Lands Registry"
181194,RES-2007-72,general_registry,"Land  Registry","Lands Registry"
181196,RES-2007-1146,general_registry,"Land  Registry","Lands Registry"
181197,RES-2007-1342,general_registry,"Land  Registry","Lands Registry"
181198,RES-RC-1982-712,general_registry,"Land  Registry","Lands Registry"
181199,RES-2022-7287,general_registry,"Land  Registry","Lands Registry"
181201,RES-2014-1538,general_registry,"Land  Registry","Lands Registry"
181203,RES-2007-1384,general_registry,"Land  Registry","Lands Registry"
181204,RES-2022-7288,general_registry,"Land  Registry","Lands Registry"
181206,RES-2007-1258,general_registry,"Land  Registry","Lands Registry"
181208,RES-2006-107,general_registry,"Land  Registry","Lands Registry"
181209,RES-2008-5617,general_registry,"Land  Registry","Lands Registry"
181210,RES-2022-7292,general_registry,"Land  Registry","Lands Registry"
181211,RES-2002-4676,general_registry,"Land  Registry","Lands Registry"
181212,RES-2007-722,general_registry,"Land  Registry","Lands Registry"
181213,CON-RES-2023-7196,general_registry,"Land  Registry","Lands Registry"
181214,RES-2022-7286,general_registry,"Land  Registry","Lands Registry"
181215,RES-2007-459,general_registry,"Land  Registry","Lands Registry"
181216,RES-2011-2311,general_registry,"Land  Registry","Lands Registry"
181217,RES-2006-185,general_registry,"Land  Registry","Lands Registry"
181220,RES-2006-1053,general_registry,"Land  Registry","Lands Registry"
181222,RES-2007-721,general_registry,"Land  Registry","Lands Registry"
181223,RES-2007-1260,general_registry,"Land  Registry","Lands Registry"
181227,CON-RES-1997-99,general_registry,"Land  Registry","Lands Registry"
181228,IND-1982-22,general_registry,"Land  Registry","Lands Registry"
181229,RES-2026-3377,registry,,2
181229,RES-2026-3377,general_registry,,"Lands Registry"
181229,RES-2026-3377,physical_registry,,"Registry 2 - Land"
181231,RES-2007-1881,general_registry,"Land  Registry","Lands Registry"
181235,RES-2007-850,general_registry,"Land  Registry","Lands Registry"
181237,RES-2007-1379,general_registry,"Land  Registry","Lands Registry"
181238,CON-RES-1981-189,general_registry,"Land  Registry","Lands Registry"
181239,RES-2006-1472,general_registry,"Land  Registry","Lands Registry"
181240,RES-2014-88,general_registry,"Land  Registry","Lands Registry"
181242,RES-RC-1982-299,general_registry,"Land  Registry","Lands Registry"
181243,RES-2006-142,general_registry,"Land  Registry","Lands Registry"
181244,RES-2007-1500,general_registry,"Land  Registry","Lands Registry"
181245,RES-2007-783,general_registry,"Land  Registry","Lands Registry"
181249,RES-2007-1351,registry,,2
181249,RES-2007-1351,general_registry,"Land  Registry","Lands Registry"
181250,RES-2007-458,general_registry,"Land  Registry","Lands Registry"
181256,RES-2007-1353,general_registry,"Land  Registry","Lands Registry"
181257,RES-RC-1982-1383,general_registry,"Land  Registry","Lands Registry"
181258,RES-2007-461,general_registry,"Land  Registry","Lands Registry"
181259,RES-2006-140,general_registry,"Land  Registry","Lands Registry"
181260,CON-RES-2023-7327,general_registry,"Land  Registry","Lands Registry"
181261,RES-2018-4695,general_registry,"Land  Registry","Lands Registry"
181262,RES-2007-1103,general_registry,"Land  Registry","Lands Registry"
181263,RES-RC-1982-1152,general_registry,"Land  Registry","Lands Registry"
181264,RES-2007-1102,general_registry,"Land  Registry","Lands Registry"
181265,RES-2002-1375,general_registry,"Land  Registry","Lands Registry"
181267,RES-2007-1377,general_registry,"Land  Registry","Lands Registry"
181268,RES-2007-1462,general_registry,"Land  Registry","Lands Registry"
181272,COM-1982-20,general_registry,"Land  Registry","Lands Registry"
181275,RES-2007-1354,general_registry,"Land  Registry","Lands Registry"
181276,RES-1997-504,general_registry,"Land  Registry","Lands Registry"
181277,RES-2007-1331,general_registry,"Land  Registry","Lands Registry"
181278,RES-2007-1381,general_registry,"Land  Registry","Lands Registry"
181279,RES-2007-382,general_registry,"Land  Registry","Lands Registry"
181282,RES-2006-298,general_registry,"Land  Registry","Lands Registry"
181285,RES-2007-1889,general_registry,"Land  Registry","Lands Registry"
181289,RES-2007-1355,general_registry,"Land  Registry","Lands Registry"
181290,RES-RC-1983-170,general_registry,"Land  Registry","Lands Registry"
181291,RES-2007-1113,general_registry,"Land  Registry","Lands Registry"
181294,RES-2007-1629,general_registry,"Land  Registry","Lands Registry"
181295,RES-2006-804,general_registry,"Land  Registry","Lands Registry"
181296,RES-2007-870,general_registry,"Land  Registry","Lands Registry"
181298,RES-1995-1809,general_registry,"Land  Registry","Lands Registry"
181299,RES-2007-1657,general_registry,"Land  Registry","Lands Registry"
181302,RES-2007-706,general_registry,"Land  Registry","Lands Registry"
181303,RES-2007-737,general_registry,"Land  Registry","Lands Registry"
181304,CON-RES-2023-7325,general_registry,"Land  Registry","Lands Registry"
181306,RES-2001-2569,general_registry,"Land  Registry","Lands Registry"
181307,RES-2007-705,general_registry,"Land  Registry","Lands Registry"
181308,RES-2007-255,general_registry,"Land  Registry","Lands Registry"
181310,RES-1990-1082,general_registry,"Land  Registry","Lands Registry"
181311,RES-2007-1356,general_registry,"Land  Registry","Lands Registry"
181313,RES-2007-709,general_registry,"Land  Registry","Lands Registry"
181314,RES-RC-1982-1360,general_registry,"Land  Registry","Lands Registry"
181315,CON-COM-2016-128,general_registry,"Land  Registry","Lands Registry"
181316,RES-2007-587,general_registry,"Land  Registry","Lands Registry"
181317,RES-2007-664,general_registry,"Land  Registry","Lands Registry"
181318,RES-1986-146,general_registry,"Land  Registry","Lands Registry"
181320,RES-2007-710,general_registry,"Land  Registry","Lands Registry"
181321,RES-2007-799,general_registry,"Land  Registry","Lands Registry"
181322,RES-1995-2288,general_registry,"Land  Registry","Lands Registry"
181323,RES-2006-941,general_registry,"Land  Registry","Lands Registry"
181324,RES-2007-1303,general_registry,"Land  Registry","Lands Registry"
181325,RES-2007-1363,general_registry,"Land  Registry","Lands Registry"
181326,RES-1985-1013,general_registry,"Land  Registry","Lands Registry"
181329,RES-2000-3979,general_registry,"Land  Registry","Lands Registry"
181330,CON-IND-2020-46,general_registry,"Land  Registry","Lands Registry"
181331,RES-2007-140,general_registry,"Land  Registry","Lands Registry"
181332,RES-1996-570,general_registry,"Land  Registry","Lands Registry"
181334,RES-2007-649,general_registry,"Land  Registry","Lands Registry"
181335,RES-2007-734,general_registry,"Land  Registry","Lands Registry"
181336,RES-2007-647,general_registry,"Land  Registry","Lands Registry"
181337,RES-2007-282,general_registry,"Land  Registry","Lands Registry"
181338,RES-2006-789,general_registry,"Land  Registry","Lands Registry"
181339,RES-2025-3483,general_registry,"Land  Registry","Lands Registry"
181340,RES-2007-154,general_registry,"Land  Registry","Lands Registry"
181341,IND-1991-10,general_registry,"Land  Registry","Lands Registry"
181344,RES-2007-733,general_registry,"Land  Registry","Lands Registry"
181346,RES-2007-620,general_registry,"Land  Registry","Lands Registry"
181347,RES-2007-153,registry,,2
181347,RES-2007-153,general_registry,"Land  Registry","Lands Registry"
181348,RES-2025-3487,general_registry,"Land  Registry","Lands Registry"
181349,RES-2007-226,general_registry,"Land  Registry","Lands Registry"
181350,RES-2007-1344,general_registry,"Land  Registry","Lands Registry"
181351,RES-2007-1335,general_registry,"Land  Registry","Lands Registry"
181352,RES-2007-227,registry,,2
181352,RES-2007-227,general_registry,"Land  Registry","Lands Registry"
181353,RES-2007-1193,general_registry,"Land  Registry","Lands Registry"
181354,RES-2025-5430,general_registry,"Land  Registry","Lands Registry"
181356,RES-2010-2820,general_registry,"Land  Registry","Lands Registry"
181357,RES-2007-732,general_registry,"Land  Registry","Lands Registry"
181358,CON-COM-2010-133,general_registry,"Land  Registry","Lands Registry"
181359,RES-1992-1422,general_registry,"Land  Registry","Lands Registry"
181360,RES-2007-1092,general_registry,"Land  Registry","Lands Registry"
181362,RES-2025-4271,general_registry,"Land  Registry","Lands Registry"
181363,RES-2007-1310,general_registry,"Land  Registry","Lands Registry"
181364,RES-2007-1164,general_registry,"Land  Registry","Lands Registry"
181365,RES-2007-1105,general_registry,"Land  Registry","Lands Registry"
181366,RES-2025-3130,general_registry,"Land  Registry","Lands Registry"
181367,RES-2007-731,general_registry,"Land  Registry","Lands Registry"
181368,IND-2023-351,general_registry,"Land  Registry","Lands Registry"
181369,RES-2007-1305,general_registry,"Land  Registry","Lands Registry"
181370,RES-2007-1990,general_registry,"Land  Registry","Lands Registry"
181372,CON-RES-2025-423,general_registry,"Land  Registry","Lands Registry"
181373,RES-2007-1650,general_registry,"Land  Registry","Lands Registry"
181375,RES-2025-5360,general_registry,"Land  Registry","Lands Registry"
181379,RES-2010-2819,general_registry,"Land  Registry","Lands Registry"
181381,RES-2007-1940,general_registry,"Land  Registry","Lands Registry"
181382,RES-2007-419,general_registry,"Land  Registry","Lands Registry"
181383,RES-2007-348,general_registry,"Land  Registry","Lands Registry"
181384,RES-2007-1288,general_registry,"Land  Registry","Lands Registry"
181385,RES-2007-1289,general_registry,"Land  Registry","Lands Registry"
181386,RES-2007-475,general_registry,"Land  Registry","Lands Registry"
181387,RES-2007-1830,general_registry,"Land  Registry","Lands Registry"
181388,RES-2007-1292,general_registry,"Land  Registry","Lands Registry"
181389,RES-2006-199,general_registry,"Land  Registry","Lands Registry"
181390,RES-2007-1839,general_registry,"Land  Registry","Lands Registry"
181391,CON-RES-2025-422,general_registry,"Land  Registry","Lands Registry"
181392,RES-2025-5934,general_registry,"Land  Registry","Lands Registry"
181393,CON-RES-2025-421,general_registry,"Land  Registry","Lands Registry"
181394,RES-2006-1055,general_registry,"Land  Registry","Lands Registry"
181395,RES-2007-1393,general_registry,"Land  Registry","Lands Registry"
181396,RES-2007-1279,general_registry,"Land  Registry","Lands Registry"
181397,RES-2006-790,general_registry,"Land  Registry","Lands Registry"
181398,RES-2007-1484,general_registry,"Land  Registry","Lands Registry"
181399,RES-2025-3309,general_registry,"Land  Registry","Lands Registry"
181400,RES-2007-1382,general_registry,"Land  Registry","Lands Registry"
181401,CON-RES-2025-420,general_registry,"Land  Registry","Lands Registry"
181402,RES-2007-1383,general_registry,"Land  Registry","Lands Registry"
181403,CON-RES-2025-702,general_registry,"Land  Registry","Lands Registry"
181406,RES-1991-8168,general_registry,"Land  Registry","Lands Registry"
181407,CON-RES-2023-7600,registry,,3
181407,CON-RES-2023-7600,general_registry,"Land  Registry","Lands Registry"
181408,RES-2007-1493,general_registry,"Land  Registry","Lands Registry"
181409,RES-2023-746,general_registry,"Land  Registry","Lands Registry"
181410,RES-2025-5404,general_registry,"Land  Registry","Lands Registry"
181411,RES-2007-1293,general_registry,"Land  Registry","Lands Registry"
181413,CON-RES-2025-633,general_registry,"Land  Registry","Lands Registry"
181414,CON-RES-2025-859,general_registry,"Land  Registry","Lands Registry"
181415,RES-2007-842,general_registry,"Land  Registry","Lands Registry"
181416,CON-RES-2025-617,general_registry,"Land  Registry","Lands Registry"
181417,RES-2007-1295,general_registry,"Land  Registry","Lands Registry"
181418,RES-2025-3385,general_registry,"Land  Registry","Lands Registry"
181419,RES-2007-1300,general_registry,"Land  Registry","Lands Registry"
181420,CON-RES-2025-216,general_registry,"Land  Registry","Lands Registry"
181421,CON-RES-2025-643,general_registry,"Land  Registry","Lands Registry"
181422,RES-2007-1186,general_registry,"Land  Registry","Lands Registry"
181423,RES-2007-829,general_registry,"Land  Registry","Lands Registry"
181424,RES-2007-1257,general_registry,"Land  Registry","Lands Registry"
181425,CON-RES-2025-644,general_registry,"Land  Registry","Lands Registry"
181426,CON-RES-2025-912,general_registry,"Land  Registry","Lands Registry"
181427,CON-RES-2025-645,general_registry,"Land  Registry","Lands Registry"
181428,CON-RES-2025-646,general_registry,"Land  Registry","Lands Registry"
181429,CON-RES-2023-7604,registry,,3
181429,CON-RES-2023-7604,general_registry,"Land  Registry","Lands Registry"
181430,RES-2025-4280,general_registry,"Land  Registry","Lands Registry"
181431,CON-RES-2025-647,general_registry,"Land  Registry","Lands Registry"
181432,RES-2026-3378,registry,,2
181432,RES-2026-3378,general_registry,,"Lands Registry"
181432,RES-2026-3378,physical_registry,,"Registry 2 - Land"
181433,RES-2007-1091,general_registry,"Land  Registry","Lands Registry"
181434,CON-RES-2025-648,general_registry,"Land  Registry","Lands Registry"
181435,CON-COM-2025-255,general_registry,"Land  Registry","Lands Registry"
181436,RES-2013-318,general_registry,"Land  Registry","Lands Registry"
181438,CON-RES-2025-649,general_registry,"Land  Registry","Lands Registry"
181439,CON-RES-2025-650,general_registry,"Land  Registry","Lands Registry"
181441,CON-RES-2023-7594,registry,,3
181441,CON-RES-2023-7594,general_registry,"Land  Registry","Lands Registry"
181442,RES-2021-659,general_registry,"Land  Registry","Lands Registry"
181443,CON-RES-2023-7601,general_registry,"Land  Registry","Lands Registry"
181444,CON-RES-2023-7599,general_registry,"Land  Registry","Lands Registry"
181445,CON-RES-2023-7603,registry,,3
181445,CON-RES-2023-7603,general_registry,"Land  Registry","Lands Registry"
181446,CON-COM-2023-15,general_registry,"Land  Registry","Lands Registry"
181447,CON-RES-2023-7597,registry,,3
181447,CON-RES-2023-7597,general_registry,"Land  Registry","Lands Registry"
181448,RES-2007-1078,general_registry,"Land  Registry","Lands Registry"
181449,RES-RC-1982-1690,general_registry,"Land  Registry","Lands Registry"
181450,CON-RES-2023-7595,general_registry,"Land  Registry","Lands Registry"
181451,CON-RES-2023-7602,general_registry,"Land  Registry","Lands Registry"
181452,CON-RES-2023-5487,general_registry,"Land  Registry","Lands Registry"
181453,CON-IND-2025-276,general_registry,"Land  Registry","Lands Registry"
181454,CON-AG-2026-11,general_registry,"Land  Registry","Lands Registry"
181455,COM-2023-355,general_registry,"Land  Registry","Lands Registry"
181456,RES-2023-7002,general_registry,"Land  Registry","Lands Registry"
181457,RES-2023-6432,general_registry,"Land  Registry","Lands Registry"
181458,RES-2007-1435,general_registry,"Land  Registry","Lands Registry"
181459,RES-2007-833,general_registry,"Land  Registry","Lands Registry"
181460,RES-2007-1412,general_registry,"Land  Registry","Lands Registry"
181461,RES-2007-23,general_registry,"Land  Registry","Lands Registry"
181462,RES-2007-1413,general_registry,"Land  Registry","Lands Registry"
181463,RES-2007-473,general_registry,"Land  Registry","Lands Registry"
181464,RES-2007-84,general_registry,"Land  Registry","Lands Registry"
181465,RES-2007-1000,general_registry,"Land  Registry","Lands Registry"
181466,RES-2007-1496,general_registry,"Land  Registry","Lands Registry"
181467,RES-2007-1414,general_registry,"Land  Registry","Lands Registry"
181468,RES-2007-1557,general_registry,"Land  Registry","Lands Registry"
181469,RES-2007-464,general_registry,"Land  Registry","Lands Registry"
181471,RES-2007-515,general_registry,"Land  Registry","Lands Registry"
181472,RES-2007-435,general_registry,"Land  Registry","Lands Registry"
181473,RES-2007-1497,general_registry,"Land  Registry","Lands Registry"
181475,RES-2021-2472,general_registry,"Land  Registry","Lands Registry"
181476,RES-2020-1673,general_registry,"Land  Registry","Lands Registry"
181477,RES-2007-1312,general_registry,"Land  Registry","Lands Registry"
181478,RES-1991-894,general_registry,"Land  Registry","Lands Registry"
181479,RES-2007-155,general_registry,"Land  Registry","Lands Registry"
181480,RES-2007-1415,general_registry,"Land  Registry","Lands Registry"
181481,RES-2007-971,general_registry,"Land  Registry","Lands Registry"
181482,RES-2007-474,general_registry,"Land  Registry","Lands Registry"
181485,CON-COM-2025-266,general_registry,"Land  Registry","Lands Registry"
181486,RES-2007-1313,general_registry,"Land  Registry","Lands Registry"
181487,RES-2007-516,general_registry,"Land  Registry","Lands Registry"
181488,RES-2007-1069,general_registry,"Land  Registry","Lands Registry"
181489,RES-2010-4123,general_registry,"Land  Registry","Lands Registry"
181490,RES-2007-1416,general_registry,"Land  Registry","Lands Registry"
181492,RES-2007-397,general_registry,"Land  Registry","Lands Registry"
181493,RES-2007-1028,general_registry,"Land  Registry","Lands Registry"
181494,RES-2007-24,general_registry,"Land  Registry","Lands Registry"
181496,CON-COM-2025-363,general_registry,"Land  Registry","Lands Registry"
181498,RES-2007-1635,general_registry,"Land  Registry","Lands Registry"
181501,RES-2007-1436,general_registry,"Land  Registry","Lands Registry"
181502,RES-2007-508,general_registry,"Land  Registry","Lands Registry"
181503,RES-2007-355,general_registry,"Land  Registry","Lands Registry"
181504,CON-COM-2024-743,general_registry,"Land  Registry","Lands Registry"
181505,RES-2007-1418,general_registry,"Land  Registry","Lands Registry"
181506,RES-2007-390,general_registry,"Land  Registry","Lands Registry"
181507,RES-2007-1437,general_registry,"Land  Registry","Lands Registry"
181509,RES-2007-183,general_registry,"Land  Registry","Lands Registry"
181510,RES-2007-683,general_registry,"Land  Registry","Lands Registry"
181512,RES-2007-1420,general_registry,"Land  Registry","Lands Registry"
181515,RES-2007-1438,general_registry,"Land  Registry","Lands Registry"
181516,RES-2006-366,general_registry,"Land  Registry","Lands Registry"
181518,RES-2007-600,general_registry,"Land  Registry","Lands Registry"
181519,RES-2007-1423,general_registry,"Land  Registry","Lands Registry"
181520,RES-2007-1439,general_registry,"Land  Registry","Lands Registry"
181522,RES-2007-1074,general_registry,"Land  Registry","Lands Registry"
181523,RES-2007-983,general_registry,"Land  Registry","Lands Registry"
181524,CON-COM-2025-362,general_registry,"Land  Registry","Lands Registry"
181525,RES-2007-451,general_registry,"Land  Registry","Lands Registry"
181526,RES-2007-184,general_registry,"Land  Registry","Lands Registry"
181527,RES-1992-2226,general_registry,"Land  Registry","Lands Registry"
181528,RES-2007-599,general_registry,"Land  Registry","Lands Registry"
181531,RES-2007-193,general_registry,"Land  Registry","Lands Registry"
181532,RES-2015-2637,registry,,2
181532,RES-2015-2637,general_registry,"Land  Registry","Lands Registry"
181533,RES-2007-189,general_registry,"Land  Registry","Lands Registry"
181535,RES-2007-122,general_registry,"Land  Registry","Lands Registry"
181536,RES-2007-1424,general_registry,"Land  Registry","Lands Registry"
181538,RES-2007-987,general_registry,"Land  Registry","Lands Registry"
181539,RES-2007-1563,general_registry,"Land  Registry","Lands Registry"
181540,RES-2007-1451,general_registry,"Land  Registry","Lands Registry"
181541,RES-2007-598,general_registry,"Land  Registry","Lands Registry"
181542,RES-2007-192,general_registry,"Land  Registry","Lands Registry"
181545,RES-2007-151,general_registry,"Land  Registry","Lands Registry"
181546,RES-2007-448,general_registry,"Land  Registry","Lands Registry"
181548,RES-2007-1208,general_registry,"Land  Registry","Lands Registry"
181549,RES-2007-1440,general_registry,"Land  Registry","Lands Registry"
181550,RES-2007-1061,general_registry,"Land  Registry","Lands Registry"
181551,RES-2007-1425,general_registry,"Land  Registry","Lands Registry"
181554,RES-2007-1523,general_registry,"Land  Registry","Lands Registry"
181555,RES-2021-622,general_registry,"Land  Registry","Lands Registry"
181556,RES-2007-1503,general_registry,"Land  Registry","Lands Registry"
181558,RES-2007-439,general_registry,"Land  Registry","Lands Registry"
181560,RES-2007-1444,general_registry,"Land  Registry","Lands Registry"
181561,RES-2007-1064,general_registry,"Land  Registry","Lands Registry"
181562,RES-2007-1842,general_registry,"Land  Registry","Lands Registry"
181563,RES-2007-191,general_registry,"Land  Registry","Lands Registry"
181564,RES-2007-1340,general_registry,"Land  Registry","Lands Registry"
181568,RES-2007-298,general_registry,"Land  Registry","Lands Registry"
181569,RES-2007-121,general_registry,"Land  Registry","Lands Registry"
181570,RES-2007-1447,general_registry,"Land  Registry","Lands Registry"
181571,RES-2007-1071,general_registry,"Land  Registry","Lands Registry"
181572,RES-2000-3767,general_registry,"Land  Registry","Lands Registry"
181573,RES-2007-1426,general_registry,"Land  Registry","Lands Registry"
181574,RES-2007-118,general_registry,"Land  Registry","Lands Registry"
181575,RES-2007-1341,general_registry,"Land  Registry","Lands Registry"
181577,RES-2007-180,general_registry,"Land  Registry","Lands Registry"
181579,RES-2007-256,general_registry,"Land  Registry","Lands Registry"
181580,RES-2007-1448,general_registry,"Land  Registry","Lands Registry"
181581,RES-2007-1065,general_registry,"Land  Registry","Lands Registry"
181582,RES-2007-1427,general_registry,"Land  Registry","Lands Registry"
181583,RES-2021-489,general_registry,"Land  Registry","Lands Registry"
181584,RES-2007-116,general_registry,"Land  Registry","Lands Registry"
181585,RES-2000-3401,general_registry,"Land  Registry","Lands Registry"
181586,RES-2007-1452,general_registry,"Land  Registry","Lands Registry"
181587,RES-2008-4620,general_registry,"Land  Registry","Lands Registry"
181590,RES-2007-1828,general_registry,"Land  Registry","Lands Registry"
181591,RES-2007-986,general_registry,"Land  Registry","Lands Registry"
181592,RES-2007-596,general_registry,"Land  Registry","Lands Registry"
181593,RES-2007-1521,general_registry,"Land  Registry","Lands Registry"
181594,RES-2007-82,general_registry,"Land  Registry","Lands Registry"
181595,RES-2007-1918,general_registry,"Land  Registry","Lands Registry"
181599,RES-2007-202,general_registry,"Land  Registry","Lands Registry"
181600,RES-2007-1626,general_registry,"Land  Registry","Lands Registry"
181601,RES-2007-169,general_registry,"Land  Registry","Lands Registry"
181602,RES-2007-1431,general_registry,"Land  Registry","Lands Registry"
181603,RES-2007-1097,general_registry,"Land  Registry","Lands Registry"
181604,RES-2007-597,general_registry,"Land  Registry","Lands Registry"
181606,RES-2007-1486,general_registry,"Land  Registry","Lands Registry"
181608,RES-2007-1432,general_registry,"Land  Registry","Lands Registry"
181611,RES-2007-210,general_registry,"Land  Registry","Lands Registry"
181612,CON-COM-2022-602,general_registry,"Land  Registry","Lands Registry"
181613,RES-2007-1433,general_registry,"Land  Registry","Lands Registry"
181614,RES-2007-955,general_registry,"Land  Registry","Lands Registry"
181615,RES-2007-1487,general_registry,"Land  Registry","Lands Registry"
181616,RES-2007-594,general_registry,"Land  Registry","Lands Registry"
181617,RES-2007-80,general_registry,"Land  Registry","Lands Registry"
181618,RES-2020-617,general_registry,"Land  Registry","Lands Registry"
181619,RES-2007-1788,general_registry,"Land  Registry","Lands Registry"
181620,RES-2007-1488,general_registry,"Land  Registry","Lands Registry"
181621,RES-2007-1434,general_registry,"Land  Registry","Lands Registry"
181622,RES-2007-73,general_registry,"Land  Registry","Lands Registry"
181623,RES-2007-224,general_registry,"Land  Registry","Lands Registry"
181624,RES-2007-1562,general_registry,"Land  Registry","Lands Registry"
181627,RES-2007-1017,general_registry,"Land  Registry","Lands Registry"
181629,RES-2007-1870,general_registry,"Land  Registry","Lands Registry"
181630,RES-2007-1386,general_registry,"Land  Registry","Lands Registry"
181631,RES-2007-595,general_registry,"Land  Registry","Lands Registry"
181633,RES-2007-52,general_registry,"Land  Registry","Lands Registry"
181634,RES-2007-1482,general_registry,"Land  Registry","Lands Registry"
181635,RES-2007-1019,general_registry,"Land  Registry","Lands Registry"
181636,RES-2007-1401,general_registry,"Land  Registry","Lands Registry"
181637,RES-2007-738,general_registry,"Land  Registry","Lands Registry"
181639,RES-2007-1473,general_registry,"Land  Registry","Lands Registry"
181640,RES-2007-234,general_registry,"Land  Registry","Lands Registry"
181641,RES-2007-684,general_registry,"Land  Registry","Lands Registry"
181642,CON-COM-2022-599,general_registry,"Land  Registry","Lands Registry"
181643,RES-2007-1403,general_registry,"Land  Registry","Lands Registry"
181644,RES-2007-1502,general_registry,"Land  Registry","Lands Registry"
181645,RES-2007-593,general_registry,"Land  Registry","Lands Registry"
181646,RES-2000-3766,general_registry,"Land  Registry","Lands Registry"
181647,RES-2007-43,general_registry,"Land  Registry","Lands Registry"
181648,RES-2007-1329,general_registry,"Land  Registry","Lands Registry"
181649,RES-2013-317,general_registry,"Land  Registry","Lands Registry"
181650,RES-2007-1285,general_registry,"Land  Registry","Lands Registry"
181652,RES-2007-214,general_registry,"Land  Registry","Lands Registry"
181653,RES-2007-1406,general_registry,"Land  Registry","Lands Registry"
181654,RES-2007-1872,general_registry,"Land  Registry","Lands Registry"
181655,RES-2007-592,general_registry,"Land  Registry","Lands Registry"
181656,RES-2007-8,general_registry,"Land  Registry","Lands Registry"
181659,RES-2007-230,general_registry,"Land  Registry","Lands Registry"
181661,RES-2007-1624,general_registry,"Land  Registry","Lands Registry"
181663,RES-2007-168,general_registry,"Land  Registry","Lands Registry"
181664,RES-2007-549,general_registry,"Land  Registry","Lands Registry"
181665,RES-2007-117,general_registry,"Land  Registry","Lands Registry"
181666,RES-2007-1466,general_registry,"Land  Registry","Lands Registry"
181669,RES-2007-1223,general_registry,"Land  Registry","Lands Registry"
181670,RES-2007-590,general_registry,"Land  Registry","Lands Registry"
181671,RES-2007-99,general_registry,"Land  Registry","Lands Registry"
181672,RES-2007-14,general_registry,"Land  Registry","Lands Registry"
181675,RES-2008-1604,general_registry,"Land  Registry","Lands Registry"
181676,RES-2007-114,general_registry,"Land  Registry","Lands Registry"
181678,RES-2007-71,general_registry,"Land  Registry","Lands Registry"
181679,RES-2023-1918,general_registry,"Land  Registry","Lands Registry"
181681,RES-2007-229,general_registry,"Land  Registry","Lands Registry"
181682,RES-2007-1467,general_registry,"Land  Registry","Lands Registry"
181684,RES-2016-2329,general_registry,"Land  Registry","Lands Registry"
181685,RES-1981-1493,general_registry,"Land  Registry","Lands Registry"
181686,RES-2023-1912,general_registry,"Land  Registry","Lands Registry"
181687,CON-RES-2023-7598,general_registry,"Land  Registry","Lands Registry"
181688,RES-2007-20,general_registry,"Land  Registry","Lands Registry"
181689,RES-2007-510,general_registry,"Land  Registry","Lands Registry"
181691,RES-RC-1982-1202,general_registry,"Land  Registry","Lands Registry"
181694,RES-2023-1914,general_registry,"Land  Registry","Lands Registry"
181695,RES-2007-69,general_registry,"Land  Registry","Lands Registry"
181698,RES-2023-1920,general_registry,"Land  Registry","Lands Registry"
181699,RES-2007-13,general_registry,"Land  Registry","Lands Registry"
181700,RES-2007-1181,general_registry,"Land  Registry","Lands Registry"
181701,RES-2006-521,general_registry,"Land  Registry","Lands Registry"
181702,RES-2015-4911,general_registry,"Land  Registry","Lands Registry"
181703,COM-1997-208,general_registry,"Land  Registry","Lands Registry"
181704,RES-2019-1416,general_registry,"Land  Registry","Lands Registry"
181705,RES-2019-4341,general_registry,"Land  Registry","Lands Registry"
181706,RES-2023-1915,general_registry,"Land  Registry","Lands Registry"
181707,RES-2007-536,general_registry,"Land  Registry","Lands Registry"
181708,RES-2007-22,general_registry,"Land  Registry","Lands Registry"
181709,RES-2007-112,general_registry,"Land  Registry","Lands Registry"
181711,RES-2023-1919,general_registry,"Land  Registry","Lands Registry"
181714,RES-2007-945,general_registry,"Land  Registry","Lands Registry"
181715,CON-RES-2022-5572,general_registry,"Land  Registry","Lands Registry"
181719,RES-2016-166,general_registry,"Land  Registry","Lands Registry"
181721,RES-2023-1921,general_registry,"Land  Registry","Lands Registry"
181722,RES-2023-1913,general_registry,"Land  Registry","Lands Registry"
181724,RES-2007-21,general_registry,"Land  Registry","Lands Registry"
181725,RES-2023-1916,general_registry,"Land  Registry","Lands Registry"
181727,RES-2007-1882,general_registry,"Land  Registry","Lands Registry"
181730,CON-COM-2024-131,general_registry,"Land  Registry","Lands Registry"
181731,RES-2007-79,general_registry,"Land  Registry","Lands Registry"
181732,RES-2022-3436,general_registry,"Land  Registry","Lands Registry"
181734,RES-2011-3304,general_registry,"Land  Registry","Lands Registry"
181738,RES-2007-1883,general_registry,"Land  Registry","Lands Registry"
181739,RES-2023-1917,general_registry,"Land  Registry","Lands Registry"
181740,RES-1994-2564,general_registry,"Land  Registry","Lands Registry"
181741,RES-2007-31,general_registry,"Land  Registry","Lands Registry"
181742,RES-2007-1695,general_registry,"Land  Registry","Lands Registry"
181743,RES-2014-1627,general_registry,"Land  Registry","Lands Registry"
181746,RES-2007-1884,general_registry,"Land  Registry","Lands Registry"
181747,RES-2007-591,general_registry,"Land  Registry","Lands Registry"
181748,RES-2007-67,general_registry,"Land  Registry","Lands Registry"
181749,CON-RES-2023-7125,general_registry,"Land  Registry","Lands Registry"
181750,RES-2014-2694,general_registry,"Land  Registry","Lands Registry"
181752,RES-2007-165,general_registry,"Land  Registry","Lands Registry"
181753,RES-2023-428,general_registry,"Land  Registry","Lands Registry"
181754,RES-2007-1184,general_registry,"Land  Registry","Lands Registry"
181755,RES-2014-2386,general_registry,"Land  Registry","Lands Registry"
181758,RES-2007-745,general_registry,"Land  Registry","Lands Registry"
181760,RES-2007-644,general_registry,"Land  Registry","Lands Registry"
181761,RES-2007-65,general_registry,"Land  Registry","Lands Registry"
181762,RES-RC-1985-63,general_registry,"Land  Registry","Lands Registry"
181763,RES-2007-111,general_registry,"Land  Registry","Lands Registry"
181764,RES-2007-1475,general_registry,"Land  Registry","Lands Registry"
181765,RES-2007-29,general_registry,"Land  Registry","Lands Registry"
181767,CON-COM-2026-27,general_registry,"Land  Registry","Lands Registry"
181768,RES-2007-1005,general_registry,"Land  Registry","Lands Registry"
181771,RES-2007-1893,general_registry,"Land  Registry","Lands Registry"
181772,RES-2007-753,general_registry,"Land  Registry","Lands Registry"
181773,RES-2014-1626,general_registry,"Land  Registry","Lands Registry"
181775,RES-2007-589,general_registry,"Land  Registry","Lands Registry"
181776,RES-2007-1147,general_registry,"Land  Registry","Lands Registry"
181778,RES-2007-1476,general_registry,"Land  Registry","Lands Registry"
181779,RES-RC-1982-1843,general_registry,"Land  Registry","Lands Registry"
181780,RES-2007-1014,general_registry,"Land  Registry","Lands Registry"
181781,RES-2007-752,general_registry,"Land  Registry","Lands Registry"
181782,RES-2007-68,general_registry,"Land  Registry","Lands Registry"
181783,RES-2007-1857,general_registry,"Land  Registry","Lands Registry"
181784,RES-1986-2235,general_registry,"Land  Registry","Lands Registry"
181787,RES-2007-1481,general_registry,"Land  Registry","Lands Registry"
181788,RES-2007-1407,general_registry,"Land  Registry","Lands Registry"
181791,RES-2007-42,general_registry,"Land  Registry","Lands Registry"
181792,RES-2007-1023,general_registry,"Land  Registry","Lands Registry"
181795,RES-2007-86,general_registry,"Land  Registry","Lands Registry"
181796,RES-2007-629,general_registry,"Land  Registry","Lands Registry"
181799,RES-2007-762,general_registry,"Land  Registry","Lands Registry"
181802,RES-2022-3123,general_registry,"Land  Registry","Lands Registry"
181803,RES-2007-6,general_registry,"Land  Registry","Lands Registry"
181805,RES-1993-4212,general_registry,"Land  Registry","Lands Registry"
181806,RES-2007-1049,general_registry,"Land  Registry","Lands Registry"
181807,RES-2015-7874,general_registry,"Land  Registry","Lands Registry"
181808,RES-2007-1460,general_registry,"Land  Registry","Lands Registry"
181809,RES-2009-5007,general_registry,"Land  Registry","Lands Registry"
181812,RES-2007-273,general_registry,"Land  Registry","Lands Registry"
181814,RES-2007-538,general_registry,"Land  Registry","Lands Registry"
181815,RES-2007-35,general_registry,"Land  Registry","Lands Registry"
181816,RES-2007-9,general_registry,"Land  Registry","Lands Registry"
181817,RES-2007-1314,general_registry,"Land  Registry","Lands Registry"
181819,RES-2000-1741(T),general_registry,"Land  Registry","Lands Registry"
181822,RES-2007-110,general_registry,"Land  Registry","Lands Registry"
181823,RES-1998-321,general_registry,"Land  Registry","Lands Registry"
181824,CON-AG-2020-72,general_registry,"Land  Registry","Lands Registry"
181825,RES-2007-539,general_registry,"Land  Registry","Lands Registry"
181826,RES-2007-1051,general_registry,"Land  Registry","Lands Registry"
181829,RES-2007-274,general_registry,"Land  Registry","Lands Registry"
181831,RES-2007-5,general_registry,"Land  Registry","Lands Registry"
181833,RES-2010-4246,general_registry,"Land  Registry","Lands Registry"
181834,CON-COM-2025-361,general_registry,"Land  Registry","Lands Registry"
181835,CON-RES-RC-1982-409,general_registry,"Land  Registry","Lands Registry"
181836,RES-2007-1464,general_registry,"Land  Registry","Lands Registry"
181837,RES-2007-1100,general_registry,"Land  Registry","Lands Registry"
181839,RES-2007-277,general_registry,"Land  Registry","Lands Registry"
181840,RES-2014-1601,general_registry,"Land  Registry","Lands Registry"
181842,RES-2007-1465,general_registry,"Land  Registry","Lands Registry"
181843,RES-2007-108,general_registry,"Land  Registry","Lands Registry"
181846,RES-2007-1603,general_registry,"Land  Registry","Lands Registry"
181849,RES-RC-1982-1401,general_registry,"Land  Registry","Lands Registry"
181850,RES-2007-281,general_registry,"Land  Registry","Lands Registry"
181851,RES-2007-1803,general_registry,"Land  Registry","Lands Registry"
181853,COM-1997-207,registry,,1
181853,COM-1997-207,general_registry,"Land  Registry","Lands Registry"
181854,RES-2007-107,general_registry,"Land  Registry","Lands Registry"
181856,RES-1995-1294,general_registry,"Land  Registry","Lands Registry"
181857,RES-2014-1628,general_registry,"Land  Registry","Lands Registry"
181858,RES-2007-285,general_registry,"Land  Registry","Lands Registry"
181860,RES-1985-131,general_registry,"Land  Registry","Lands Registry"
181864,RES-2007-678,general_registry,"Land  Registry","Lands Registry"
181866,RES-2007-1601,general_registry,"Land  Registry","Lands Registry"
181867,CON-RES-2013-494,general_registry,"Land  Registry","Lands Registry"
181870,RES-2007-1325,general_registry,"Land  Registry","Lands Registry"
181872,RES-2007-1862,general_registry,"Land  Registry","Lands Registry"
181873,RES-2007-1602,general_registry,"Land  Registry","Lands Registry"
181874,RES-1991-891,general_registry,"Land  Registry","Lands Registry"
181876,RES-2007-1324,general_registry,"Land  Registry","Lands Registry"
181882,RES-2007-1864,general_registry,"Land  Registry","Lands Registry"
181885,CON-RES-2014-511,general_registry,"Land  Registry","Lands Registry"
181887,RES-2024-1687,general_registry,"Land  Registry","Lands Registry"
181890,RES-2007-1276,general_registry,"Land  Registry","Lands Registry"
181891,CON-RES-1995-216,general_registry,"Land  Registry","Lands Registry"
181893,RES-2007-1865,general_registry,"Land  Registry","Lands Registry"
181901,RES-2007-1082,general_registry,"Land  Registry","Lands Registry"
181903,RES-1982-388,general_registry,"Land  Registry","Lands Registry"
181904,RES-2007-1878,general_registry,"Land  Registry","Lands Registry"
181906,RES-2007-543,general_registry,"Land  Registry","Lands Registry"
181908,RES-2007-1618,general_registry,"Land  Registry","Lands Registry"
181910,RES-2007-1913,registry,,2
181910,RES-2007-1913,general_registry,"Land  Registry","Lands Registry"
181911,RES-2007-1879,general_registry,"Land  Registry","Lands Registry"
181912,RES-1991-7862,general_registry,"Land  Registry","Lands Registry"
181914,RES-2007-1806,general_registry,"Land  Registry","Lands Registry"
181915,RES-2007-661,general_registry,"Land  Registry","Lands Registry"
181916,RES-2007-30,general_registry,"Land  Registry","Lands Registry"
181917,COM-1992-281,general_registry,"Land  Registry","Lands Registry"
181918,CON-COM-2020-452,general_registry,"Land  Registry","Lands Registry"
181919,RES-2007-1807,general_registry,"Land  Registry","Lands Registry"
181920,COM-RC-1982-538,general_registry,"Land  Registry","Lands Registry"
181921,RES-2009-2145,general_registry,"Land  Registry","Lands Registry"
181924,RES-2007-1921,general_registry,"Land  Registry","Lands Registry"
181925,CON-AG-1983-224,general_registry,"Land  Registry","Lands Registry"
181926,RES-1997-471,general_registry,"Land  Registry","Lands Registry"
181927,RES-2007-1808,general_registry,"Land  Registry","Lands Registry"
181928,RES-2007-547,general_registry,"Land  Registry","Lands Registry"
181929,RES-2007-786,general_registry,"Land  Registry","Lands Registry"
181930,RES-2007-1370,general_registry,"Land  Registry","Lands Registry"
181931,COM-RC-1982-128,general_registry,"Land  Registry","Lands Registry"
181932,RES-2007-764,general_registry,"Land  Registry","Lands Registry"
181933,RES-2007-763,general_registry,"Land  Registry","Lands Registry"
181934,RES-2007-1850,general_registry,"Land  Registry","Lands Registry"
181935,RES-2007-1408,general_registry,"Land  Registry","Lands Registry"
181936,RES-RC-1998-22,general_registry,"Land  Registry","Lands Registry"
181937,RES-2007-529,general_registry,"Land  Registry","Lands Registry"
181938,RES-2007-1852,general_registry,"Land  Registry","Lands Registry"
181940,RES-2007-798,general_registry,"Land  Registry","Lands Registry"
181941,RES-2007-787,general_registry,"Land  Registry","Lands Registry"
181942,RES-2007-1860,general_registry,"Land  Registry","Lands Registry"
181944,RES-2007-765,general_registry,"Land  Registry","Lands Registry"
181945,RES-2007-1861,general_registry,"Land  Registry","Lands Registry"
181947,RES-2007-1453,general_registry,"Land  Registry","Lands Registry"
181948,RES-2007-1477,general_registry,"Land  Registry","Lands Registry"
181949,RES-2007-528,general_registry,"Land  Registry","Lands Registry"
181951,RES-2007-1372,general_registry,"Land  Registry","Lands Registry"
181952,RES-2007-1328,general_registry,"Land  Registry","Lands Registry"
181953,RES-2007-791,general_registry,"Land  Registry","Lands Registry"
181954,RES-2007-354,general_registry,"Land  Registry","Lands Registry"
181956,CON-COM-2010-95,general_registry,"Land  Registry","Lands Registry"
181957,RES-2007-628,general_registry,"Land  Registry","Lands Registry"
181958,RES-2007-1327,general_registry,"Land  Registry","Lands Registry"
181960,COM-1989-102,general_registry,"Land  Registry","Lands Registry"
181961,RES-2007-1409,general_registry,"Land  Registry","Lands Registry"
181962,RES-2007-1468,general_registry,"Land  Registry","Lands Registry"
181963,RES-2007-1809,general_registry,"Land  Registry","Lands Registry"
181965,RES-2007-136,general_registry,"Land  Registry","Lands Registry"
181966,RES-2007-345,general_registry,"Land  Registry","Lands Registry"
181967,RES-2007-1469,general_registry,"Land  Registry","Lands Registry"
181968,RES-2007-1043,general_registry,"Land  Registry","Lands Registry"
181969,RES-2007-106,general_registry,"Land  Registry","Lands Registry"
181972,RES-2015-5407,general_registry,"Land  Registry","Lands Registry"
181973,RES-2007-1410,general_registry,"Land  Registry","Lands Registry"
181974,RES-2007-1470,general_registry,"Land  Registry","Lands Registry"
181975,RES-2014-1614,general_registry,"Land  Registry","Lands Registry"
181976,RES-2007-196,general_registry,"Land  Registry","Lands Registry"
181977,RES-2007-105,general_registry,"Land  Registry","Lands Registry"
181978,RES-2007-673,general_registry,"Land  Registry","Lands Registry"
181979,RES-2007-1471,general_registry,"Land  Registry","Lands Registry"
181980,RES-2009-2142,general_registry,"Land  Registry","Lands Registry"
181984,RES-2007-359,general_registry,"Land  Registry","Lands Registry"
181986,RES-2007-195,general_registry,"Land  Registry","Lands Registry"
181987,RES-2007-39,general_registry,"Land  Registry","Lands Registry"
181988,RES-2006-1128,general_registry,"Land  Registry","Lands Registry"
181989,RES-2007-41,general_registry,"Land  Registry","Lands Registry"
181990,RES-2007-182,general_registry,"Land  Registry","Lands Registry"
181992,RES-2007-1252,general_registry,"Land  Registry","Lands Registry"
181993,RES-2007-104,general_registry,"Land  Registry","Lands Registry"
181994,RES-2006-1127,general_registry,"Land  Registry","Lands Registry"
181996,RES-2007-689,general_registry,"Land  Registry","Lands Registry"
181997,RES-2007-260,general_registry,"Land  Registry","Lands Registry"
181999,RES-2007-1033,general_registry,"Land  Registry","Lands Registry"
182001,RES-2006-1125,general_registry,"Land  Registry","Lands Registry"
182002,RES-2007-223,general_registry,"Land  Registry","Lands Registry"
182004,RES-2007-1229,general_registry,"Land  Registry","Lands Registry"
182005,RES-2007-103,general_registry,"Land  Registry","Lands Registry"
182007,RES-2009-2144,general_registry,"Land  Registry","Lands Registry"
182010,RES-2007-203,general_registry,"Land  Registry","Lands Registry"
182011,RES-2010-4432,general_registry,"Land  Registry","Lands Registry"
182012,RES-2007-53,general_registry,"Land  Registry","Lands Registry"
182013,RES-2007-1615,general_registry,"Land  Registry","Lands Registry"
182014,RES-2007-87,general_registry,"Land  Registry","Lands Registry"
182015,RES-2007-77,general_registry,"Land  Registry","Lands Registry"
182016,RES-2007-102,general_registry,"Land  Registry","Lands Registry"
182017,RES-2007-164,general_registry,"Land  Registry","Lands Registry"
182018,AG-RC-1982-130,general_registry,"Land  Registry","Lands Registry"
182020,RES-2007-1454,general_registry,"Land  Registry","Lands Registry"
182021,RES-1986-123,general_registry,"Land  Registry","Lands Registry"
182022,RES-2007-1785,general_registry,"Land  Registry","Lands Registry"
182023,RES-1991-3586,general_registry,"Land  Registry","Lands Registry"
182024,RES-2007-162,general_registry,"Land  Registry","Lands Registry"
182025,RES-2007-1135,general_registry,"Land  Registry","Lands Registry"
182026,RES-2007-101,general_registry,"Land  Registry","Lands Registry"
182027,COM-2006-52,general_registry,"Land  Registry","Lands Registry"
182028,RES-2007-1458,general_registry,"Land  Registry","Lands Registry"
182029,CON-COM-2011-108,general_registry,"Land  Registry","Lands Registry"
182030,RES-2007-161,general_registry,"Land  Registry","Lands Registry"
182031,RES-2007-85,general_registry,"Land  Registry","Lands Registry"
182032,RES-2007-58,general_registry,"Land  Registry","Lands Registry"
182035,RES-2007-160,general_registry,"Land  Registry","Lands Registry"
182036,RES-2007-204,general_registry,"Land  Registry","Lands Registry"
182040,RES-2007-176,general_registry,"Land  Registry","Lands Registry"
182041,RES-2016-2215,general_registry,"Land  Registry","Lands Registry"
182042,RES-2007-1787,general_registry,"Land  Registry","Lands Registry"
182043,RES-2007-1125,general_registry,"Land  Registry","Lands Registry"
182044,CON-IND-2025-252,general_registry,"Land  Registry","Lands Registry"
182048,RES-2007-526,general_registry,"Land  Registry","Lands Registry"
182049,COM-2022-174(T),general_registry,"Land  Registry","Lands Registry"
182050,CON-COM-1981-55(T),general_registry,"Land  Registry","Lands Registry"
182051,RES-2007-1265,general_registry,"Land  Registry","Lands Registry"
182053,RES-2007-127,general_registry,"Land  Registry","Lands Registry"
182054,RES-RC-1981-317,general_registry,"Land  Registry","Lands Registry"
182055,RES-2000-584,general_registry,"Land  Registry","Lands Registry"
182056,RES-2007-1723,general_registry,"Land  Registry","Lands Registry"
182057,RES-2007-1565,general_registry,"Land  Registry","Lands Registry"
182058,RES-2007-1140,general_registry,"Land  Registry","Lands Registry"
182059,RES-2007-1264,general_registry,"Land  Registry","Lands Registry"
182061,RES-2019-333,general_registry,"Land  Registry","Lands Registry"
182063,RES-2007-1392,general_registry,"Land  Registry","Lands Registry"
182066,RES-2007-688,general_registry,"Land  Registry","Lands Registry"
182067,RES-2007-1263,general_registry,"Land  Registry","Lands Registry"
182068,RES-2007-1139,general_registry,"Land  Registry","Lands Registry"
182070,RES-2008-4856,general_registry,"Land  Registry","Lands Registry"
182071,RES-2007-1722,general_registry,"Land  Registry","Lands Registry"
182072,RES-2025-1965,general_registry,"Land  Registry","Lands Registry"
182074,RES-2015-5408,general_registry,"Land  Registry","Lands Registry"
182075,RES-2015-5795,general_registry,"Land  Registry","Lands Registry"
182077,RES-2007-1284,general_registry,"Land  Registry","Lands Registry"
182078,RES-2007-126,general_registry,"Land  Registry","Lands Registry"
182080,RES-2007-339,general_registry,"Land  Registry","Lands Registry"
182081,RES-2007-643,general_registry,"Land  Registry","Lands Registry"
182082,RES-2009-2072,general_registry,"Land  Registry","Lands Registry"
182084,COM-2025-583,general_registry,"Land  Registry","Lands Registry"
182085,RES-2022-7244,general_registry,"Land  Registry","Lands Registry"
182086,RES-2015-4122,general_registry,"Land  Registry","Lands Registry"
182087,RES-2007-1267,general_registry,"Land  Registry","Lands Registry"
182088,COM-1991-107,general_registry,"Land  Registry","Lands Registry"
182089,RES-2007-618,general_registry,"Land  Registry","Lands Registry"
182090,RES-2007-608,general_registry,"Land  Registry","Lands Registry"
182091,RES-2007-1245,general_registry,"Land  Registry","Lands Registry"
182092,RES-2000-994,general_registry,"Land  Registry","Lands Registry"
182093,RES-2007-670,general_registry,"Land  Registry","Lands Registry"
182094,RES-1985-429,general_registry,"Land  Registry","Lands Registry"
182097,RES-2007-607,registry,,2
182097,RES-2007-607,general_registry,"Land  Registry","Lands Registry"
182098,RES-2007-288,general_registry,"Land  Registry","Lands Registry"
182099,RES-2009-2073,general_registry,"Land  Registry","Lands Registry"
182100,RES-2007-518,general_registry,"Land  Registry","Lands Registry"
182101,IND-1981-2,general_registry,"Land  Registry","Lands Registry"
182102,RES-2007-1244,general_registry,"Land  Registry","Lands Registry"
182103,RES-2007-719,general_registry,"Land  Registry","Lands Registry"
182104,RES-2026-3379,registry,,2
182104,RES-2026-3379,general_registry,,"Lands Registry"
182104,RES-2026-3379,physical_registry,,"Registry 2 - Land"
182105,RES-2026-3380,registry,,2
182105,RES-2026-3380,general_registry,,"Lands Registry"
182105,RES-2026-3380,physical_registry,,"Registry 2 - Land"
182106,RES-2026-3381,registry,,2
182106,RES-2026-3381,general_registry,,"Lands Registry"
182106,RES-2026-3381,physical_registry,,"Registry 2 - Land"
182108,RES-2007-911,general_registry,"Land  Registry","Lands Registry"
182109,RES-2007-642,general_registry,"Land  Registry","Lands Registry"
182110,RES-2007-604,general_registry,"Land  Registry","Lands Registry"
182111,RES-2007-1246,general_registry,"Land  Registry","Lands Registry"
182113,RES-2007-903,general_registry,"Land  Registry","Lands Registry"
182115,RES-2007-905,general_registry,"Land  Registry","Lands Registry"
182116,RES-2007-583,general_registry,"Land  Registry","Lands Registry"
182117,RES-2007-1249,general_registry,"Land  Registry","Lands Registry"
182118,RES-2007-909,general_registry,"Land  Registry","Lands Registry"
182120,CON-COM-2001-47,general_registry,"Land  Registry","Lands Registry"
182122,CON-COM-2026-551,registry,,3
182122,CON-COM-2026-551,general_registry,,"Lands Registry"
182122,CON-COM-2026-551,physical_registry,,"Registry 3 - Land"
182123,RES-2007-582,general_registry,"Land  Registry","Lands Registry"
182125,RES-2007-605,general_registry,"Land  Registry","Lands Registry"
182126,RES-RC-1982-702,general_registry,"Land  Registry","Lands Registry"
182127,RES-2007-906,general_registry,"Land  Registry","Lands Registry"
182128,RES-2007-571,general_registry,"Land  Registry","Lands Registry"
182130,RES-2007-570,general_registry,"Land  Registry","Lands Registry"
182132,RES-2007-716,general_registry,"Land  Registry","Lands Registry"
182133,RES-2007-206,general_registry,"Land  Registry","Lands Registry"
182134,RES-2007-610,general_registry,"Land  Registry","Lands Registry"
182135,CON-COM-2026-552,registry,,3
182135,CON-COM-2026-552,general_registry,,"Lands Registry"
182135,CON-COM-2026-552,physical_registry,,"Registry 3 - Land"
182137,RES-2007-572,general_registry,"Land  Registry","Lands Registry"
182138,RES-2007-125,general_registry,"Land  Registry","Lands Registry"
182141,RES-2007-575,general_registry,"Land  Registry","Lands Registry"
182142,RES-2007-158,general_registry,"Land  Registry","Lands Registry"
182143,RES-2007-573,general_registry,"Land  Registry","Lands Registry"
182144,RES-2007-1376,general_registry,"Land  Registry","Lands Registry"
182146,RES-2007-574,general_registry,"Land  Registry","Lands Registry"
182147,RES-2007-576,general_registry,"Land  Registry","Lands Registry"
182149,RES-2007-577,general_registry,"Land  Registry","Lands Registry"
182150,RES-2020-618,general_registry,"Land  Registry","Lands Registry"
182151,RES-2007-578,general_registry,"Land  Registry","Lands Registry"
182152,CON-RES-1981-508,general_registry,"Land  Registry","Lands Registry"
182153,RES-2007-579,general_registry,"Land  Registry","Lands Registry"
182160,RES-2007-514,general_registry,"Land  Registry","Lands Registry"
182161,RES-2007-511,general_registry,"Land  Registry","Lands Registry"
182163,RES-2007-953,general_registry,"Land  Registry","Lands Registry"
182164,RES-2003-2294,general_registry,"Land  Registry","Lands Registry"
182165,RES-2007-512,general_registry,"Land  Registry","Lands Registry"
182166,RES-2007-951,general_registry,"Land  Registry","Lands Registry"
182168,RES-2007-513,general_registry,"Land  Registry","Lands Registry"
182169,RES-2007-997,general_registry,"Land  Registry","Lands Registry"
182170,RES-2007-1419,general_registry,"Land  Registry","Lands Registry"
182171,RES-2007-580,general_registry,"Land  Registry","Lands Registry"
182172,RES-2007-977,general_registry,"Land  Registry","Lands Registry"
182173,RES-2007-568,general_registry,"Land  Registry","Lands Registry"
182174,RES-2007-1227,general_registry,"Land  Registry","Lands Registry"
182175,RES-2007-978,general_registry,"Land  Registry","Lands Registry"
182176,RES-2007-581,general_registry,"Land  Registry","Lands Registry"
182178,CON-AG-2026-150,registry,,3
182178,CON-AG-2026-150,general_registry,,"Lands Registry"
182178,CON-AG-2026-150,physical_registry,,"Registry 3 - Land"
182179,RES-2007-976,general_registry,"Land  Registry","Lands Registry"
182180,CON-RES-2025-655,general_registry,"Land  Registry","Lands Registry"
182181,CON-RES-2025-656,general_registry,"Land  Registry","Lands Registry"
182183,CON-RES-2025-651,general_registry,"Land  Registry","Lands Registry"
182184,RES-2007-569,general_registry,"Land  Registry","Lands Registry"
182185,CON-RES-2025-652,general_registry,"Land  Registry","Lands Registry"
182186,CON-RES-2025-657,general_registry,"Land  Registry","Lands Registry"
182188,RES-2007-1195,general_registry,"Land  Registry","Lands Registry"
182189,RES-RC-1982-443,general_registry,"Land  Registry","Lands Registry"
182190,RES-2007-1395,general_registry,"Land  Registry","Lands Registry"
182191,CON-RES-2025-653,general_registry,"Land  Registry","Lands Registry"
182192,RES-2026-3382,registry,,2
182192,RES-2026-3382,general_registry,,"Lands Registry"
182192,RES-2026-3382,physical_registry,,"Registry 2 - Land"
182194,CON-RES-2025-654,general_registry,"Land  Registry","Lands Registry"
182195,CON-RES-2025-661,general_registry,"Land  Registry","Lands Registry"
182196,CON-AG-2026-151,registry,,3
182196,CON-AG-2026-151,general_registry,,"Lands Registry"
182196,CON-AG-2026-151,physical_registry,,"Registry 3 - Land"
182197,RES-2007-1243,general_registry,"Land  Registry","Lands Registry"
182198,CON-RES-2025-662,general_registry,"Land  Registry","Lands Registry"
182199,COM-2023-474,general_registry,"Land  Registry","Lands Registry"
182201,CON-RES-2025-663,general_registry,"Land  Registry","Lands Registry"
182203,RES-2007-1350,general_registry,"Land  Registry","Lands Registry"
182205,CON-RES-2025-664,general_registry,"Land  Registry","Lands Registry"
182206,RES-2007-1024,general_registry,"Land  Registry","Lands Registry"
182208,CON-RES-2025-614,general_registry,"Land  Registry","Lands Registry"
182210,CON-RES-2025-615,general_registry,"Land  Registry","Lands Registry"
182212,RES-2007-284,general_registry,"Land  Registry","Lands Registry"
182213,RES-2023-352,general_registry,"Land  Registry","Lands Registry"
182214,CON-RES-2025-616,general_registry,"Land  Registry","Lands Registry"
182215,RES-2007-447,general_registry,"Land  Registry","Lands Registry"
182216,RES-2007-1877,general_registry,"Land  Registry","Lands Registry"
182217,CON-RES-2025-618,general_registry,"Land  Registry","Lands Registry"
182218,RES-2007-469,general_registry,"Land  Registry","Lands Registry"
182219,RES-2017-299,general_registry,"Land  Registry","Lands Registry"
182220,RES-2000-842,general_registry,"Land  Registry","Lands Registry"
182221,RES-2007-1561,general_registry,"Land  Registry","Lands Registry"
182223,CON-AG-2026-152,registry,,3
182223,CON-AG-2026-152,general_registry,,"Lands Registry"
182223,CON-AG-2026-152,physical_registry,,"Registry 3 - Land"
182224,CON-RES-2026-2830,registry,,3
182224,CON-RES-2026-2830,general_registry,,"Lands Registry"
182224,CON-RES-2026-2830,physical_registry,,"Registry 3 - Land"
182225,CON-COM-2026-553,registry,,3
182225,CON-COM-2026-553,general_registry,,"Lands Registry"
182225,CON-COM-2026-553,physical_registry,,"Registry 3 - Land"
182226,RES-2023-156,general_registry,"Land  Registry","Lands Registry"
182227,RES-2023-154,general_registry,"Land  Registry","Lands Registry"
182228,RES-2023-155,general_registry,"Land  Registry","Lands Registry"
182229,RES-2023-7003,general_registry,"Land  Registry","Lands Registry"
182230,RES-2023-6997,general_registry,"Land  Registry","Lands Registry"
182231,RES-2023-6428,general_registry,"Land  Registry","Lands Registry"
182232,RES-2022-7720,general_registry,"Land  Registry","Lands Registry"
182233,RES-2022-17,general_registry,"Land  Registry","Lands Registry"
182234,RES-2025-40,general_registry,"Land  Registry","Lands Registry"
182235,CON-RES-2025-1355,general_registry,"Land  Registry","Lands Registry"
182236,RES-2022-1462,general_registry,"Land  Registry","Lands Registry"
182238,RES-2009-7573,general_registry,"Land  Registry","Lands Registry"
182239,RES-2009-6689,general_registry,"Land  Registry","Lands Registry"
182240,RES-2009-6690,general_registry,"Land  Registry","Lands Registry"
182241,RES-2007-1578,general_registry,"Land  Registry","Lands Registry"
182242,RES-2007-1577,general_registry,"Land  Registry","Lands Registry"
182243,RES-2007-922,general_registry,"Land  Registry","Lands Registry"
182244,RES-2007-918,general_registry,"Land  Registry","Lands Registry"
182246,RES-2007-1291,general_registry,"Land  Registry","Lands Registry"
182247,RES-2016-1314,general_registry,"Land  Registry","Lands Registry"
182248,RES-2007-1592,general_registry,"Land  Registry","Lands Registry"
182249,RES-2006-1021,general_registry,"Land  Registry","Lands Registry"
182250,RES-2007-676,general_registry,"Land  Registry","Lands Registry"
182251,RES-2007-1290,general_registry,"Land  Registry","Lands Registry"
182252,RES-2007-959,general_registry,"Land  Registry","Lands Registry"
182253,RES-2007-541,general_registry,"Land  Registry","Lands Registry"
182254,RES-2009-6664,general_registry,"Land  Registry","Lands Registry"
182255,RES-2007-1494,general_registry,"Land  Registry","Lands Registry"
182256,CON-COM-2025-466,general_registry,"Land  Registry","Lands Registry"
182257,RES-2007-974,general_registry,"Land  Registry","Lands Registry"
182258,CON-IND-2025-310,general_registry,"Land  Registry","Lands Registry"
182259,RES-2007-1225,general_registry,"Land  Registry","Lands Registry"
182260,RES-2007-1282,general_registry,"Land  Registry","Lands Registry"
182261,RES-2007-965,general_registry,"Land  Registry","Lands Registry"
182262,RES-RC-1982-1261,registry,,1
182262,RES-RC-1982-1261,general_registry,"Land  Registry","Lands Registry"
182263,RES-2007-1573,general_registry,"Land  Registry","Lands Registry"
182264,RES-2007-462,general_registry,"Land  Registry","Lands Registry"
182265,RES-2007-453,general_registry,"Land  Registry","Lands Registry"
182266,RES-2006-46,general_registry,"Land  Registry","Lands Registry"
182267,RES-2007-1222,general_registry,"Land  Registry","Lands Registry"
182268,RES-2007-920,general_registry,"Land  Registry","Lands Registry"
182269,RES-2007-1559,general_registry,"Land  Registry","Lands Registry"
182270,RES-2007-1572,general_registry,"Land  Registry","Lands Registry"
182271,RES-2007-1610,registry,,2
182271,RES-2007-1610,general_registry,"Land  Registry","Lands Registry"
182272,RES-2007-928,general_registry,"Land  Registry","Lands Registry"
182273,RES-2007-1274,general_registry,"Land  Registry","Lands Registry"
182274,CON-IND-2024-72,general_registry,"Land  Registry","Lands Registry"
182275,COM-2021-5,general_registry,"Land  Registry","Lands Registry"
182276,RES-2007-1368,general_registry,"Land  Registry","Lands Registry"
182277,CON-COM-2024-497,general_registry,"Land  Registry","Lands Registry"
182278,RES-2007-1571,general_registry,"Land  Registry","Lands Registry"
182279,CON-IND-2024-74,general_registry,"Land  Registry","Lands Registry"
182280,RES-2006-48,general_registry,"Land  Registry","Lands Registry"
182281,RES-2007-927,general_registry,"Land  Registry","Lands Registry"
182282,RES-2007-586,general_registry,"Land  Registry","Lands Registry"
182283,RES-2007-463,general_registry,"Land  Registry","Lands Registry"
182284,RES-2007-1570,general_registry,"Land  Registry","Lands Registry"
182285,RES-2007-1694,general_registry,"Land  Registry","Lands Registry"
182286,COM-2002-2378(T),general_registry,"Land  Registry","Lands Registry"
182287,RES-2007-1262,general_registry,"Land  Registry","Lands Registry"
182288,CON-COM-2026-15,general_registry,"Land  Registry","Lands Registry"
182289,RES-2007-935,general_registry,"Land  Registry","Lands Registry"
182290,RES-2007-1692,general_registry,"Land  Registry","Lands Registry"
182291,RES-2007-1569,general_registry,"Land  Registry","Lands Registry"
182293,RES-2007-925,general_registry,"Land  Registry","Lands Registry"
182294,CON-IND-2024-75,general_registry,"Land  Registry","Lands Registry"
182295,CON-COM-2021-340,general_registry,"Land  Registry","Lands Registry"
182296,RES-2006-47,general_registry,"Land  Registry","Lands Registry"
182297,RES-2007-588,general_registry,"Land  Registry","Lands Registry"
182298,RES-2007-1566,general_registry,"Land  Registry","Lands Registry"
182299,RES-2007-924,general_registry,"Land  Registry","Lands Registry"
182300,CON-IND-2024-76,general_registry,"Land  Registry","Lands Registry"
182301,RES-2007-1691,general_registry,"Land  Registry","Lands Registry"
182302,RES-2007-1367,general_registry,"Land  Registry","Lands Registry"
182303,RES-2011-638,general_registry,"Land  Registry","Lands Registry"
182304,RES-2006-49,general_registry,"Land  Registry","Lands Registry"
182305,RES-2007-631,general_registry,"Land  Registry","Lands Registry"
182306,CON-COM-2021-268,registry,,3
182306,CON-COM-2021-268,general_registry,"Land  Registry","Lands Registry"
182307,RES-2007-1450,general_registry,"Land  Registry","Lands Registry"
182308,RES-2006-940,general_registry,"Land  Registry","Lands Registry"
182309,RES-2007-1560,general_registry,"Land  Registry","Lands Registry"
182310,CON-IND-2024-77,general_registry,"Land  Registry","Lands Registry"
182311,RES-2007-1548,general_registry,"Land  Registry","Lands Registry"
182312,RES-2007-1361,general_registry,"Land  Registry","Lands Registry"
182313,RES-2007-1231,general_registry,"Land  Registry","Lands Registry"
182314,RES-2007-584,general_registry,"Land  Registry","Lands Registry"
182315,CON-IND-2024-78,general_registry,"Land  Registry","Lands Registry"
182316,RES-2007-690,general_registry,"Land  Registry","Lands Registry"
182317,RES-2007-1287,general_registry,"Land  Registry","Lands Registry"
182318,RES-2006-51,general_registry,"Land  Registry","Lands Registry"
182319,CON-IND-2024-79,general_registry,"Land  Registry","Lands Registry"
182320,RES-2007-1358,general_registry,"Land  Registry","Lands Registry"
182321,RES-2007-1261,general_registry,"Land  Registry","Lands Registry"
182322,CON-RES-2023-112,general_registry,"Land  Registry","Lands Registry"
182324,CON-IND-2024-14,general_registry,"Land  Registry","Lands Registry"
182325,RES-2007-1544,general_registry,"Land  Registry","Lands Registry"
182326,RES-2007-1554,general_registry,"Land  Registry","Lands Registry"
182327,RES-2007-585,general_registry,"Land  Registry","Lands Registry"
182328,CON-RES-2025-2379,general_registry,"Land  Registry","Lands Registry"
182329,RES-2007-1233,registry,,2
182329,RES-2007-1233,general_registry,"Land  Registry","Lands Registry"
182330,CON-IND-2024-81,general_registry,"Land  Registry","Lands Registry"
182331,RES-2006-52,general_registry,"Land  Registry","Lands Registry"
182332,RES-2007-1711,general_registry,"Land  Registry","Lands Registry"
182333,RES-2018-2216,general_registry,"Land  Registry","Lands Registry"
182334,RES-2007-1320,general_registry,"Land  Registry","Lands Registry"
182335,RES-2007-1873,general_registry,"Land  Registry","Lands Registry"
182336,CON-IND-2024-82,general_registry,"Land  Registry","Lands Registry"
182337,CON-COM-2026-16,registry,,3
182337,CON-COM-2026-16,general_registry,"Land  Registry","Lands Registry"
182338,RES-2007-1542,general_registry,"Land  Registry","Lands Registry"
182339,CON-IND-2024-83,general_registry,"Land  Registry","Lands Registry"
182340,RES-2007-1713,general_registry,"Land  Registry","Lands Registry"
182341,CON-IND-2024-84,general_registry,"Land  Registry","Lands Registry"
182342,RES-2007-627,general_registry,"Land  Registry","Lands Registry"
182343,CON-IND-2024-85,general_registry,"Land  Registry","Lands Registry"
182344,RES-2007-1714,general_registry,"Land  Registry","Lands Registry"
182345,RES-2025-5676,general_registry,"Land  Registry","Lands Registry"
182346,RES-2007-1304,general_registry,"Land  Registry","Lands Registry"
182347,RES-2006-54,general_registry,"Land  Registry","Lands Registry"
182348,RES-2007-408,general_registry,"Land  Registry","Lands Registry"
182349,RES-2007-698,general_registry,"Land  Registry","Lands Registry"
182350,CON-IND-2024-87,general_registry,"Land  Registry","Lands Registry"
182351,RES-2007-695,general_registry,"Land  Registry","Lands Registry"
182352,CON-IND-2024-88,general_registry,"Land  Registry","Lands Registry"
182353,RES-2007-1307,general_registry,"Land  Registry","Lands Registry"
182354,RES-2007-1527,general_registry,"Land  Registry","Lands Registry"
182355,RES-2007-697,general_registry,"Land  Registry","Lands Registry"
182356,RES-2025-2563,general_registry,"Land  Registry","Lands Registry"
182358,CON-RES-2025-2377,general_registry,"Land  Registry","Lands Registry"
182359,RES-2007-990,general_registry,"Land  Registry","Lands Registry"
182360,CON-IND-2024-89,general_registry,"Land  Registry","Lands Registry"
182361,CON-IND-2024-90,general_registry,"Land  Registry","Lands Registry"
182363,RES-2007-648,general_registry,"Land  Registry","Lands Registry"
182365,CON-IND-2024-91,general_registry,"Land  Registry","Lands Registry"
182366,CON-IND-2024-92,general_registry,"Land  Registry","Lands Registry"
182367,RES-2007-402,general_registry,"Land  Registry","Lands Registry"
182368,RES-2007-1765,general_registry,"Land  Registry","Lands Registry"
182370,CON-IND-2024-94,general_registry,"Land  Registry","Lands Registry"
182371,RES-2015-1626,general_registry,"Land  Registry","Lands Registry"
182373,CON-RES-2025-2376,general_registry,"Land  Registry","Lands Registry"
182374,CON-IND-2024-96,general_registry,"Land  Registry","Lands Registry"
182375,CON-RES-2023-7248,general_registry,"Land  Registry","Lands Registry"
182376,RES-2007-1834,general_registry,"Land  Registry","Lands Registry"
182377,RES-2007-1770,general_registry,"Land  Registry","Lands Registry"
182378,CON-IND-2024-139,general_registry,"Land  Registry","Lands Registry"
182380,RES-2007-1759,general_registry,"Land  Registry","Lands Registry"
182382,RES-2007-654,general_registry,"Land  Registry","Lands Registry"
182384,RES-2007-1015,general_registry,"Land  Registry","Lands Registry"
182385,CON-AG-2025-195,general_registry,"Land  Registry","Lands Registry"
182386,CON-IND-2024-138,general_registry,"Land  Registry","Lands Registry"
182387,RES-2007-1518,general_registry,"Land  Registry","Lands Registry"
182388,RES-2007-1009,general_registry,"Land  Registry","Lands Registry"
182389,CON-IND-2024-70,general_registry,"Land  Registry","Lands Registry"
182390,CON-IND-2024-69,general_registry,"Land  Registry","Lands Registry"
182391,RES-2007-1008,general_registry,"Land  Registry","Lands Registry"
182392,CON-IND-2024-68,general_registry,"Land  Registry","Lands Registry"
182395,RES-2007-1007,general_registry,"Land  Registry","Lands Registry"
182396,RES-2007-804,general_registry,"Land  Registry","Lands Registry"
182397,CON-IND-2024-67,general_registry,"Land  Registry","Lands Registry"
182398,RES-2007-413,general_registry,"Land  Registry","Lands Registry"
182399,RES-2007-1764,general_registry,"Land  Registry","Lands Registry"
182400,RES-2007-1535,general_registry,"Land  Registry","Lands Registry"
182401,RES-2007-1835,general_registry,"Land  Registry","Lands Registry"
182403,CON-AG-2026-9,general_registry,"Land  Registry","Lands Registry"
182404,CON-IND-2024-71,general_registry,"Land  Registry","Lands Registry"
182406,CON-IND-2024-140,general_registry,"Land  Registry","Lands Registry"
182408,RES-2007-1515,general_registry,"Land  Registry","Lands Registry"
182410,RES-2007-1519,general_registry,"Land  Registry","Lands Registry"
182411,RES-RC-1982-52,general_registry,"Land  Registry","Lands Registry"
182412,RES-2007-1591,general_registry,"Land  Registry","Lands Registry"
182413,RES-2007-1590,general_registry,"Land  Registry","Lands Registry"
182414,RES-2007-1715,general_registry,"Land  Registry","Lands Registry"
182415,RES-RC-1982-1024,registry,,1
182415,RES-RC-1982-1024,general_registry,"Land  Registry","Lands Registry"
182418,RES-2007-1589,general_registry,"Land  Registry","Lands Registry"
182419,RES-2024-4530,general_registry,"Land  Registry","Lands Registry"
182420,RES-2007-1402,general_registry,"Land  Registry","Lands Registry"
182421,RES-2007-1405,general_registry,"Land  Registry","Lands Registry"
182422,RES-2007-1584,general_registry,"Land  Registry","Lands Registry"
182423,RES-2007-1232,general_registry,"Land  Registry","Lands Registry"
182424,RES-2007-1230,general_registry,"Land  Registry","Lands Registry"
182425,RES-2007-1701,general_registry,"Land  Registry","Lands Registry"
182426,RES-2021-618,general_registry,"Land  Registry","Lands Registry"
182428,RES-2007-1688,general_registry,"Land  Registry","Lands Registry"
182429,RES-2007-1583,general_registry,"Land  Registry","Lands Registry"
182430,RES-2007-97,general_registry,"Land  Registry","Lands Registry"
182431,RES-2025-2562,general_registry,"Land  Registry","Lands Registry"
182434,RES-2007-1670,general_registry,"Land  Registry","Lands Registry"
182435,RES-2007-1885,general_registry,"Land  Registry","Lands Registry"
182436,RES-2007-1593,general_registry,"Land  Registry","Lands Registry"
182437,RES-2007-1514,general_registry,"Land  Registry","Lands Registry"
182438,RES-2007-1214,general_registry,"Land  Registry","Lands Registry"
182439,RES-2007-1702,general_registry,"Land  Registry","Lands Registry"
182441,RES-2022-1960,general_registry,"Land  Registry","Lands Registry"
182442,RES-2007-1513,general_registry,"Land  Registry","Lands Registry"
182444,RES-2007-1512,general_registry,"Land  Registry","Lands Registry"
182446,CON-COM-2021-267,registry,,3
182446,CON-COM-2021-267,general_registry,"Land  Registry","Lands Registry"
182447,RES-2007-1674,general_registry,"Land  Registry","Lands Registry"
182448,RES-2007-1703,general_registry,"Land  Registry","Lands Registry"
182449,RES-2007-1511,general_registry,"Land  Registry","Lands Registry"
182451,RES-2012-2744,general_registry,"Land  Registry","Lands Registry"
182452,RES-2007-1522,general_registry,"Land  Registry","Lands Registry"
182454,RES-2007-1510,general_registry,"Land  Registry","Lands Registry"
182455,RES-2007-1201,general_registry,"Land  Registry","Lands Registry"
182458,RES-2007-1531,general_registry,"Land  Registry","Lands Registry"
182459,CON-RES-2025-472,general_registry,"Land  Registry","Lands Registry"
182461,RES-2002-2932,general_registry,"Land  Registry","Lands Registry"
182462,RES-2007-1704,general_registry,"Land  Registry","Lands Registry"
182463,RES-2007-1220,general_registry,"Land  Registry","Lands Registry"
182464,RES-2007-1588,general_registry,"Land  Registry","Lands Registry"
182465,RES-2017-2621,general_registry,"Land  Registry","Lands Registry"
182466,RES-2007-1880,general_registry,"Land  Registry","Lands Registry"
182468,RES-2007-1675,general_registry,"Land  Registry","Lands Registry"
182469,CON-RES-2025-230,general_registry,"Land  Registry","Lands Registry"
182470,RES-2007-1587,general_registry,"Land  Registry","Lands Registry"
182471,RES-2007-1705,general_registry,"Land  Registry","Lands Registry"
182472,RES-2007-1236,general_registry,"Land  Registry","Lands Registry"
182473,RES-2007-1676,general_registry,"Land  Registry","Lands Registry"
182474,CON-RES-1991-101,general_registry,"Land  Registry","Lands Registry"
182475,CON-RES-2012-107,general_registry,"Land  Registry","Lands Registry"
182477,RES-2024-1508,general_registry,"Land  Registry","Lands Registry"
182478,CON-RES-2023-7557,general_registry,"Land  Registry","Lands Registry"
182482,RES-2007-1586,general_registry,"Land  Registry","Lands Registry"
182483,RES-2007-1241,general_registry,"Land  Registry","Lands Registry"
182484,RES-2007-1509,general_registry,"Land  Registry","Lands Registry"
182485,CON-RES-2025-229,general_registry,"Land  Registry","Lands Registry"
182486,RES-2007-225,registry,,2
182486,RES-2007-225,general_registry,"Land  Registry","Lands Registry"
182487,RES-2007-1237,general_registry,"Land  Registry","Lands Registry"
182488,RES-2007-1580,general_registry,"Land  Registry","Lands Registry"
182489,RES-2007-1585,general_registry,"Land  Registry","Lands Registry"
182490,CON-COM-2026-17,registry,,3
182490,CON-COM-2026-17,general_registry,"Land  Registry","Lands Registry"
182495,CON-RES-2025-379,general_registry,"Land  Registry","Lands Registry"
182497,RES-2007-1388,general_registry,"Land  Registry","Lands Registry"
182498,RES-2007-1581,general_registry,"Land  Registry","Lands Registry"
182499,RES-2007-1766,general_registry,"Land  Registry","Lands Registry"
182500,CON-RES-2025-363,general_registry,"Land  Registry","Lands Registry"
182501,RES-2007-1389,general_registry,"Land  Registry","Lands Registry"
182502,RES-2026-3383,registry,,2
182502,RES-2026-3383,general_registry,,"Lands Registry"
182502,RES-2026-3383,physical_registry,,"Registry 2 - Land"
182503,RES-2007-1579,general_registry,"Land  Registry","Lands Registry"
182504,RES-2007-1767,general_registry,"Land  Registry","Lands Registry"
182505,RES-2007-205,general_registry,"Land  Registry","Lands Registry"
182506,RES-2007-1685,general_registry,"Land  Registry","Lands Registry"
182507,RES-2007-1677,registry,,2
182507,RES-2007-1677,general_registry,"Land  Registry","Lands Registry"
182508,RES-2015-1284,general_registry,"Land  Registry","Lands Registry"
182509,CON-RES-2025-364,general_registry,"Land  Registry","Lands Registry"
182510,RES-2013-78,general_registry,"Land  Registry","Lands Registry"
182512,RES-2007-1768,general_registry,"Land  Registry","Lands Registry"
182516,RES-2007-1156,general_registry,"Land  Registry","Lands Registry"
182517,RES-2007-1686,general_registry,"Land  Registry","Lands Registry"
182518,RES-2007-1769,general_registry,"Land  Registry","Lands Registry"
182520,RES-2003-3200,general_registry,"Land  Registry","Lands Registry"
182521,RES-2007-729,general_registry,"Land  Registry","Lands Registry"
182522,CON-COM-2026-554,registry,,3
182522,CON-COM-2026-554,general_registry,,"Lands Registry"
182522,CON-COM-2026-554,physical_registry,,"Registry 3 - Land"
182523,RES-2007-1668,general_registry,"Land  Registry","Lands Registry"
182524,RES-2007-1242,general_registry,"Land  Registry","Lands Registry"
182525,RES-2007-1690,general_registry,"Land  Registry","Lands Registry"
182526,RES-1994-2322,general_registry,"Land  Registry","Lands Registry"
182528,RES-2007-349,general_registry,"Land  Registry","Lands Registry"
182530,RES-1985-1969,general_registry,"Land  Registry","Lands Registry"
182531,CON-RES-2025-365,general_registry,"Land  Registry","Lands Registry"
182532,RES-2006-988,general_registry,"Land  Registry","Lands Registry"
182533,RES-2007-616,general_registry,"Land  Registry","Lands Registry"
182535,CON-RES-2025-372,general_registry,"Land  Registry","Lands Registry"
182536,RES-2007-1154,general_registry,"Land  Registry","Lands Registry"
182537,RES-2015-3330,general_registry,"Land  Registry","Lands Registry"
182538,RES-2007-177,general_registry,"Land  Registry","Lands Registry"
182539,RES-2007-1643,general_registry,"Land  Registry","Lands Registry"
182540,RES-2007-611,general_registry,"Land  Registry","Lands Registry"
182541,CON-RES-2025-383,general_registry,"Land  Registry","Lands Registry"
182542,RES-2007-1700,general_registry,"Land  Registry","Lands Registry"
182543,RES-2025-80,general_registry,"Land  Registry","Lands Registry"
182544,RES-2007-1145,general_registry,"Land  Registry","Lands Registry"
182545,RES-2007-1136,general_registry,"Land  Registry","Lands Registry"
182546,CON-RES-2025-349,general_registry,"Land  Registry","Lands Registry"
182547,RES-2007-1706,general_registry,"Land  Registry","Lands Registry"
182548,RES-2007-613,general_registry,"Land  Registry","Lands Registry"
182549,RES-2007-1155,general_registry,"Land  Registry","Lands Registry"
182550,RES-2009-2051,general_registry,"Land  Registry","Lands Registry"
182552,RES-2007-621,general_registry,"Land  Registry","Lands Registry"
182554,RES-1983-80,general_registry,"Land  Registry","Lands Registry"
182555,CON-RES-2025-376,general_registry,"Land  Registry","Lands Registry"
182556,RES-2009-2050,general_registry,"Land  Registry","Lands Registry"
182557,RES-2007-1153,general_registry,"Land  Registry","Lands Registry"
182558,RES-2007-1326,general_registry,"Land  Registry","Lands Registry"
182559,RES-2007-1708,general_registry,"Land  Registry","Lands Registry"
182561,RES-2009-2047,general_registry,"Land  Registry","Lands Registry"
182562,RES-2003-1509,general_registry,"Land  Registry","Lands Registry"
182563,RES-2007-1698,registry,,2
182563,RES-2007-1698,general_registry,"Land  Registry","Lands Registry"
182564,CON-RES-2025-373,general_registry,"Land  Registry","Lands Registry"
182565,RES-2007-1189,general_registry,"Land  Registry","Lands Registry"
182566,RES-2009-2048,general_registry,"Land  Registry","Lands Registry"
182568,COM-2022-616,general_registry,"Land  Registry","Lands Registry"
182569,RES-2007-1375,general_registry,"Land  Registry","Lands Registry"
182570,RES-2007-1211,general_registry,"Land  Registry","Lands Registry"
182571,RES-2009-2049,general_registry,"Land  Registry","Lands Registry"
182572,CON-RES-2025-374,general_registry,"Land  Registry","Lands Registry"
182573,RES-2007-624,general_registry,"Land  Registry","Lands Registry"
182574,RES-2007-1172,general_registry,"Land  Registry","Lands Registry"
182575,CON-RES-1991-103,general_registry,"Land  Registry","Lands Registry"
182576,CON-RES-2025-375,general_registry,"Land  Registry","Lands Registry"
182577,RES-2007-1709,general_registry,"Land  Registry","Lands Registry"
182578,RES-2006-1220,general_registry,"Land  Registry","Lands Registry"
182579,RES-2006-786,general_registry,"Land  Registry","Lands Registry"
182583,RES-2007-1003,general_registry,"Land  Registry","Lands Registry"
182585,RES-2007-1006,general_registry,"Land  Registry","Lands Registry"
182586,RES-2007-1185,general_registry,"Land  Registry","Lands Registry"
182587,RES-2007-1332,general_registry,"Land  Registry","Lands Registry"
182588,CON-RES-2025-353,general_registry,"Land  Registry","Lands Registry"
182589,RES-2007-1013,general_registry,"Land  Registry","Lands Registry"
182590,COM-RC-1982-362,general_registry,"Land  Registry","Lands Registry"
182591,CON-RES-2001-101,general_registry,"Land  Registry","Lands Registry"
182593,RES-2007-674,general_registry,"Land  Registry","Lands Registry"
182594,RES-2007-1010,general_registry,"Land  Registry","Lands Registry"
182595,RES-2019-778,general_registry,"Land  Registry","Lands Registry"
182596,CON-RES-1991-102,general_registry,"Land  Registry","Lands Registry"
182597,CON-RES-2025-480,general_registry,"Land  Registry","Lands Registry"
182599,RES-2007-497,general_registry,"Land  Registry","Lands Registry"
182600,RES-2007-930,general_registry,"Land  Registry","Lands Registry"
182601,CON-RES-2025-453,general_registry,"Land  Registry","Lands Registry"
182602,RES-2007-1281,general_registry,"Land  Registry","Lands Registry"
182604,RES-2007-1045,general_registry,"Land  Registry","Lands Registry"
182605,RES-2025-827,general_registry,"Land  Registry","Lands Registry"
182606,CON-RES-2025-452,general_registry,"Land  Registry","Lands Registry"
182607,RES-2007-1187,general_registry,"Land  Registry","Lands Registry"
182608,RES-2007-1206,general_registry,"Land  Registry","Lands Registry"
182609,RES-2007-1012,general_registry,"Land  Registry","Lands Registry"
182610,CON-RES-2025-461,general_registry,"Land  Registry","Lands Registry"
182611,RES-1992-6928,general_registry,"Land  Registry","Lands Registry"
182612,CON-RES-2025-462,general_registry,"Land  Registry","Lands Registry"
182613,RES-2007-1199,general_registry,"Land  Registry","Lands Registry"
182614,RES-2007-1298,general_registry,"Land  Registry","Lands Registry"
182615,CON-RES-2025-463,general_registry,"Land  Registry","Lands Registry"
182616,RES-1989-165,general_registry,"Land  Registry","Lands Registry"
182617,CON-RES-2025-464,general_registry,"Land  Registry","Lands Registry"
182618,RES-2007-1118,general_registry,"Land  Registry","Lands Registry"
182620,CON-RES-2025-454,general_registry,"Land  Registry","Lands Registry"
182621,CON-RES-2025-458,general_registry,"Land  Registry","Lands Registry"
182622,CON-RES-2025-378,general_registry,"Land  Registry","Lands Registry"
182623,RES-RC-1982-250,general_registry,"Land  Registry","Lands Registry"
182625,CON-RES-2025-377,general_registry,"Land  Registry","Lands Registry"
182626,CON-RES-2025-475,general_registry,"Land  Registry","Lands Registry"
182627,CON-RES-2025-497,general_registry,"Land  Registry","Lands Registry"
182628,RES-2026-3384,registry,,2
182628,RES-2026-3384,general_registry,,"Lands Registry"
182628,RES-2026-3384,physical_registry,,"Registry 2 - Land"
182629,RES-2007-1507,general_registry,"Land  Registry","Lands Registry"
182630,RES-2007-1506,general_registry,"Land  Registry","Lands Registry"
182633,RES-2010-794,general_registry,"Land  Registry","Lands Registry"
182634,RES-2010-798,general_registry,"Land  Registry","Lands Registry"
182637,RES-2006-177,general_registry,"Land  Registry","Lands Registry"
182638,CON-COM-2022-675,general_registry,"Land  Registry","Lands Registry"
182639,RES-2006-1304,general_registry,"Land  Registry","Lands Registry"
182640,RES-2007-179,general_registry,"Land  Registry","Lands Registry"
182641,CON-RES-2026-2831,registry,,3
182641,CON-RES-2026-2831,general_registry,,"Lands Registry"
182641,CON-RES-2026-2831,physical_registry,,"Registry 3 - Land"
182642,RES-2007-1710,general_registry,"Land  Registry","Lands Registry"
182643,RES-2007-178,general_registry,"Land  Registry","Lands Registry"
182644,RES-1989-282,general_registry,"Land  Registry","Lands Registry"
182645,CON-COM-2023-434,general_registry,"Land  Registry","Lands Registry"
182646,RES-2007-197,general_registry,"Land  Registry","Lands Registry"
182647,CON-COM-2025-232,general_registry,"Land  Registry","Lands Registry"
182648,RES-2007-1239,general_registry,"Land  Registry","Lands Registry"
182650,CON-RES-2013-57,general_registry,"Land  Registry","Lands Registry"
182653,CON-COM-2026-555,registry,,3
182653,CON-COM-2026-555,general_registry,,"Lands Registry"
182653,CON-COM-2026-555,physical_registry,,"Registry 3 - Land"
182657,RES-2005-1504,general_registry,"Land  Registry","Lands Registry"
182658,RES-1993-755(T),general_registry,"Land  Registry","Lands Registry"
182661,RES-2026-3385,registry,,2
182661,RES-2026-3385,general_registry,,"Lands Registry"
182661,RES-2026-3385,physical_registry,,"Registry 2 - Land"
182663,RES-2026-3386,registry,,2
182663,RES-2026-3386,general_registry,,"Lands Registry"
182663,RES-2026-3386,physical_registry,,"Registry 2 - Land"
182664,CON-COM-2022-674,general_registry,"Land  Registry","Lands Registry"
182665,RES-2007-1639,general_registry,"Land  Registry","Lands Registry"
182666,RES-2026-3387,registry,,2
182666,RES-2026-3387,general_registry,,"Lands Registry"
182666,RES-2026-3387,physical_registry,,"Registry 2 - Land"
182667,CON-AG-2022-54,general_registry,"Land  Registry","Lands Registry"
182668,RES-2025-2222,general_registry,"Land  Registry","Lands Registry"
182669,RES-2007-1215,general_registry,"Land  Registry","Lands Registry"
182672,RES-2026-3388,registry,,2
182672,RES-2026-3388,general_registry,,"Lands Registry"
182672,RES-2026-3388,physical_registry,,"Registry 2 - Land"
182674,RES-2007-947,general_registry,"Land  Registry","Lands Registry"
182675,CON-COM-2024-661,general_registry,"Land  Registry","Lands Registry"
182677,RES-2026-3389,registry,,2
182677,RES-2026-3389,general_registry,,"Lands Registry"
182677,RES-2026-3389,physical_registry,,"Registry 2 - Land"
182679,RES-2007-944,general_registry,"Land  Registry","Lands Registry"
182680,RES-1992-1790,general_registry,"Land  Registry","Lands Registry"
182683,RES-2007-1490,general_registry,"Land  Registry","Lands Registry"
182684,CON-RES-2025-118,general_registry,"Land  Registry","Lands Registry"
182685,RES-2009-1038,general_registry,"Land  Registry","Lands Registry"
182687,RES-2000-4284(T),general_registry,"Land  Registry","Lands Registry"
182688,RES-2007-1472,general_registry,"Land  Registry","Lands Registry"
182689,RES-2000-1197,general_registry,"Land  Registry","Lands Registry"
182691,CON-COM-2024-40,general_registry,"Land  Registry","Lands Registry"
182695,RES-2007-1455,general_registry,"Land  Registry","Lands Registry"
182700,RES-2007-1283,general_registry,"Land  Registry","Lands Registry"
182701,RES-1982-269,general_registry,"Land  Registry","Lands Registry"
182702,RES-2007-1217,general_registry,"Land  Registry","Lands Registry"
182703,RES-2000-970,general_registry,"Land  Registry","Lands Registry"
182705,CON-COM-2014-234,general_registry,"Land  Registry","Lands Registry"
182708,RES-2007-615,general_registry,"Land  Registry","Lands Registry"
182710,RES-1987-2104,general_registry,"Land  Registry","Lands Registry"
182712,CON-RES-2026-2832,registry,,3
182712,CON-RES-2026-2832,general_registry,,"Lands Registry"
182712,CON-RES-2026-2832,physical_registry,,"Registry 3 - Land"
182715,CON-RES-2026-2833,registry,,3
182715,CON-RES-2026-2833,general_registry,,"Lands Registry"
182715,CON-RES-2026-2833,physical_registry,,"Registry 3 - Land"
182716,RES-2007-389,general_registry,"Land  Registry","Lands Registry"
182721,RES-2002-828,general_registry,"Land  Registry","Lands Registry"
182723,RES-2007-353,general_registry,"Land  Registry","Lands Registry"
182724,RES-1995-2823,general_registry,"Land  Registry","Lands Registry"
182732,COM-2026-315,registry,,1
182732,COM-2026-315,general_registry,,"Lands Registry"
182732,COM-2026-315,physical_registry,,"Registry 1 - Land"
182733,CON-COM-2026-556,registry,,3
182733,CON-COM-2026-556,general_registry,,"Lands Registry"
182733,CON-COM-2026-556,physical_registry,,"Registry 3 - Land"
182736,RES-2007-384,general_registry,"Land  Registry","Lands Registry"
182737,RES-2016-3232,general_registry,"Land  Registry","Lands Registry"
182738,RES-2021-2574,general_registry,"Land  Registry","Lands Registry"
182742,CON-COM-2025-629,registry,,3
182742,CON-COM-2025-629,general_registry,"Land  Registry","Lands Registry"
182743,CON-COM-2025-583,general_registry,"Land  Registry","Lands Registry"
182744,CON-COM-2025-736,general_registry,"Land  Registry","Lands Registry"
182745,RES-2007-1633,registry,,2
182745,RES-2007-1633,general_registry,"Land  Registry","Lands Registry"
182747,RES-2007-1126,general_registry,"Land  Registry","Lands Registry"
182748,RES-2007-1596,general_registry,"Land  Registry","Lands Registry"
182749,RES-2007-1532,general_registry,"Land  Registry","Lands Registry"
182750,RES-2007-1141,general_registry,"Land  Registry","Lands Registry"
182751,RES-2007-1123,general_registry,"Land  Registry","Lands Registry"
182752,RES-2007-1582,general_registry,"Land  Registry","Lands Registry"
182754,RES-2007-1016,general_registry,"Land  Registry","Lands Registry"
182755,RES-2007-1595,registry,,2
182755,RES-2007-1595,general_registry,"Land  Registry","Lands Registry"
182756,RES-2007-1127,general_registry,"Land  Registry","Lands Registry"
182757,RES-2000-2941,general_registry,"Land  Registry","Lands Registry"
182759,RES-2007-660,general_registry,"Land  Registry","Lands Registry"
182760,RES-2007-663,general_registry,"Land  Registry","Lands Registry"
182761,RES-2007-1041,general_registry,"Land  Registry","Lands Registry"
182762,CON-RES-2025-670,general_registry,"Land  Registry","Lands Registry"
182763,RES-2007-1574,general_registry,"Land  Registry","Lands Registry"
182764,RES-2007-1594,general_registry,"Land  Registry","Lands Registry"
182765,CON-RES-2025-669,general_registry,"Land  Registry","Lands Registry"
182766,RES-2008-3476,general_registry,"Land  Registry","Lands Registry"
182767,RES-2000-2693,general_registry,"Land  Registry","Lands Registry"
182768,RES-2007-609,general_registry,"Land  Registry","Lands Registry"
182770,RES-2007-1546,general_registry,"Land  Registry","Lands Registry"
182771,RES-2008-3473,general_registry,"Land  Registry","Lands Registry"
182772,CON-RES-2025-667,general_registry,"Land  Registry","Lands Registry"
182773,RES-2008-2563,general_registry,"Land  Registry","Lands Registry"
182774,RES-2007-950,general_registry,"Land  Registry","Lands Registry"
182775,RES-2007-1537,registry,,2
182775,RES-2007-1537,general_registry,"Land  Registry","Lands Registry"
182776,RES-2015-3984,general_registry,"Land  Registry","Lands Registry"
182777,CON-RES-2025-666,general_registry,"Land  Registry","Lands Registry"
182778,RES-2008-2565,general_registry,"Land  Registry","Lands Registry"
182779,RES-2008-765,general_registry,"Land  Registry","Lands Registry"
182780,RES-2000-2495,general_registry,"Land  Registry","Lands Registry"
182781,RES-2007-603,general_registry,"Land  Registry","Lands Registry"
182782,RES-2008-2635,general_registry,"Land  Registry","Lands Registry"
182783,CON-RES-2025-668,general_registry,"Land  Registry","Lands Registry"
182784,RES-2008-769,general_registry,"Land  Registry","Lands Registry"
182785,RES-2008-2566,general_registry,"Land  Registry","Lands Registry"
182787,RES-2007-1597,general_registry,"Land  Registry","Lands Registry"
182788,RES-2015-1118,general_registry,"Land  Registry","Lands Registry"
182789,CON-RES-2025-695,general_registry,"Land  Registry","Lands Registry"
182790,RES-2007-1218,general_registry,"Land  Registry","Lands Registry"
182791,RES-2008-2695,general_registry,"Land  Registry","Lands Registry"
182792,RES-2008-2567,general_registry,"Land  Registry","Lands Registry"
182793,RES-2008-4981,general_registry,"Land  Registry","Lands Registry"
182794,RES-2000-2316,general_registry,"Land  Registry","Lands Registry"
182796,RES-2008-2568,general_registry,"Land  Registry","Lands Registry"
182797,CON-RES-2025-665,general_registry,"Land  Registry","Lands Registry"
182798,RES-2015-991,general_registry,"Land  Registry","Lands Registry"
182799,RES-2007-601,general_registry,"Land  Registry","Lands Registry"
182800,RES-2008-4983,general_registry,"Land  Registry","Lands Registry"
182801,RES-2008-5226,general_registry,"Land  Registry","Lands Registry"
182802,CON-RES-2025-612,general_registry,"Land  Registry","Lands Registry"
182803,RES-2008-2662,general_registry,"Land  Registry","Lands Registry"
182804,RES-2008-5131,general_registry,"Land  Registry","Lands Registry"
182805,COM-1997-206,general_registry,"Land  Registry","Lands Registry"
182807,CON-RES-2025-658,general_registry,"Land  Registry","Lands Registry"
182808,RES-2008-4978,general_registry,"Land  Registry","Lands Registry"
182809,RES-2015-1157,general_registry,"Land  Registry","Lands Registry"
182811,RES-2008-2569,general_registry,"Land  Registry","Lands Registry"
182812,RES-2007-797,general_registry,"Land  Registry","Lands Registry"
182813,RES-2008-5132,general_registry,"Land  Registry","Lands Registry"
182814,RES-2008-2672,general_registry,"Land  Registry","Lands Registry"
182815,RES-2008-2570,general_registry,"Land  Registry","Lands Registry"
182816,CON-RES-2025-659,general_registry,"Land  Registry","Lands Registry"
182817,RES-2008-5227,general_registry,"Land  Registry","Lands Registry"
182818,RES-2008-4985,general_registry,"Land  Registry","Lands Registry"
182820,RES-2008-5228,general_registry,"Land  Registry","Lands Registry"
182821,CON-RES-2025-632,general_registry,"Land  Registry","Lands Registry"
182822,RES-2007-626,general_registry,"Land  Registry","Lands Registry"
182823,RES-2008-4986,general_registry,"Land  Registry","Lands Registry"
182824,RES-2008-5133,general_registry,"Land  Registry","Lands Registry"
182825,RES-2008-2644,general_registry,"Land  Registry","Lands Registry"
182827,RES-2007-1552,general_registry,"Land  Registry","Lands Registry"
182828,RES-2007-681,general_registry,"Land  Registry","Lands Registry"
182829,CON-RES-2025-673,general_registry,"Land  Registry","Lands Registry"
182830,RES-2008-4987,general_registry,"Land  Registry","Lands Registry"
182832,CON-RES-2025-705,general_registry,"Land  Registry","Lands Registry"
182833,RES-2008-2580,general_registry,"Land  Registry","Lands Registry"
182834,RES-2008-2579,general_registry,"Land  Registry","Lands Registry"
182835,RES-2008-5134,general_registry,"Land  Registry","Lands Registry"
182836,CON-RES-2025-546,general_registry,"Land  Registry","Lands Registry"
182837,RES-2008-2578,general_registry,"Land  Registry","Lands Registry"
182838,CON-RES-2025-703,general_registry,"Land  Registry","Lands Registry"
182839,RES-2007-1129,general_registry,"Land  Registry","Lands Registry"
182840,COM-2002-2330,general_registry,"Land  Registry","Lands Registry"
182841,RES-2008-4988,general_registry,"Land  Registry","Lands Registry"
182842,CON-RES-2025-701,general_registry,"Land  Registry","Lands Registry"
182843,RES-2007-412,general_registry,"Land  Registry","Lands Registry"
182846,RES-2008-4653,general_registry,"Land  Registry","Lands Registry"
182847,RES-2008-1130,general_registry,"Land  Registry","Lands Registry"
182848,RES-2007-1130,general_registry,"Land  Registry","Lands Registry"
182849,CON-RES-2025-631,general_registry,"Land  Registry","Lands Registry"
182850,RES-2007-1333,general_registry,"Land  Registry","Lands Registry"
182851,RES-2007-1131,general_registry,"Land  Registry","Lands Registry"
182852,RES-2008-3599,general_registry,"Land  Registry","Lands Registry"
182853,RES-2007-691,general_registry,"Land  Registry","Lands Registry"
182854,RES-2008-1129,general_registry,"Land  Registry","Lands Registry"
182855,RES-2008-4850,general_registry,"Land  Registry","Lands Registry"
182856,RES-2008-4989,general_registry,"Land  Registry","Lands Registry"
182857,RES-2008-4651,general_registry,"Land  Registry","Lands Registry"
182858,RES-2007-1504,general_registry,"Land  Registry","Lands Registry"
182859,RES-2008-781,general_registry,"Land  Registry","Lands Registry"
182860,RES-2008-4990,general_registry,"Land  Registry","Lands Registry"
182861,RES-2007-680,general_registry,"Land  Registry","Lands Registry"
182862,RES-2007-686,general_registry,"Land  Registry","Lands Registry"
182863,RES-2008-4684,general_registry,"Land  Registry","Lands Registry"
182864,RES-2000-6927,general_registry,"Land  Registry","Lands Registry"
182865,RES-2008-1137,general_registry,"Land  Registry","Lands Registry"
182866,RES-2008-4877,general_registry,"Land  Registry","Lands Registry"
182867,RES-2007-1132,general_registry,"Land  Registry","Lands Registry"
182869,RES-2008-4991,general_registry,"Land  Registry","Lands Registry"
182870,RES-2017-1714,general_registry,"Land  Registry","Lands Registry"
182871,RES-2007-1374,general_registry,"Land  Registry","Lands Registry"
182872,RES-2008-877,general_registry,"Land  Registry","Lands Registry"
182873,RES-2008-4992,general_registry,"Land  Registry","Lands Registry"
182874,RES-2015-1659,general_registry,"Land  Registry","Lands Registry"
182875,RES-2007-1119,general_registry,"Land  Registry","Lands Registry"
182876,RES-2008-4654,general_registry,"Land  Registry","Lands Registry"
182877,RES-2008-3612,general_registry,"Land  Registry","Lands Registry"
182878,RES-1987-905(T),general_registry,"Land  Registry","Lands Registry"
182879,RES-2008-3524,general_registry,"Land  Registry","Lands Registry"
182880,RES-2008-4993,general_registry,"Land  Registry","Lands Registry"
182881,RES-2007-1343,general_registry,"Land  Registry","Lands Registry"
182882,RES-2008-3573,general_registry,"Land  Registry","Lands Registry"
182883,CON-RES-2025-629,general_registry,"Land  Registry","Lands Registry"
182884,RES-2017-743,general_registry,"Land  Registry","Lands Registry"
182885,RES-2008-4655,general_registry,"Land  Registry","Lands Registry"
182886,RES-2007-4,general_registry,"Land  Registry","Lands Registry"
182887,RES-2008-4994,general_registry,"Land  Registry","Lands Registry"
182888,RES-2008-875,general_registry,"Land  Registry","Lands Registry"
182890,RES-2007-675,general_registry,"Land  Registry","Lands Registry"
182891,RES-2008-3570,general_registry,"Land  Registry","Lands Registry"
182892,RES-2001-1095,general_registry,"Land  Registry","Lands Registry"
182893,RES-2007-44,general_registry,"Land  Registry","Lands Registry"
182894,RES-2008-4995,general_registry,"Land  Registry","Lands Registry"
182895,CON-RES-2025-628,general_registry,"Land  Registry","Lands Registry"
182896,RES-2008-4635,general_registry,"Land  Registry","Lands Registry"
182897,RES-2007-1134,general_registry,"Land  Registry","Lands Registry"
182898,CON-RES-2025-627,general_registry,"Land  Registry","Lands Registry"
182899,RES-2008-4996,general_registry,"Land  Registry","Lands Registry"
182901,CON-RES-2025-626,general_registry,"Land  Registry","Lands Registry"
182902,RES-2007-1107,general_registry,"Land  Registry","Lands Registry"
182903,RES-2008-4632,general_registry,"Land  Registry","Lands Registry"
182904,CON-RES-2025-625,general_registry,"Land  Registry","Lands Registry"
182905,RES-2007-78,general_registry,"Land  Registry","Lands Registry"
182906,RES-2008-4997,general_registry,"Land  Registry","Lands Registry"
182907,CON-RES-2025-624,general_registry,"Land  Registry","Lands Registry"
182908,RES-2008-4686,general_registry,"Land  Registry","Lands Registry"
182910,RES-2008-1272,general_registry,"Land  Registry","Lands Registry"
182911,CON-RES-2025-623,general_registry,"Land  Registry","Lands Registry"
182912,RES-2008-4998,general_registry,"Land  Registry","Lands Registry"
182913,RES-2007-1101,general_registry,"Land  Registry","Lands Registry"
182914,CON-RES-2025-622,general_registry,"Land  Registry","Lands Registry"
182915,RES-1995-2818,general_registry,"Land  Registry","Lands Registry"
182917,CON-RES-2025-621,general_registry,"Land  Registry","Lands Registry"
182918,RES-2006-1077,general_registry,"Land  Registry","Lands Registry"
182919,RES-2008-4999,general_registry,"Land  Registry","Lands Registry"
182920,RES-2007-1121,general_registry,"Land  Registry","Lands Registry"
182921,RES-2014-1483,general_registry,"Land  Registry","Lands Registry"
182923,RES-2008-879,general_registry,"Land  Registry","Lands Registry"
182924,RES-2019-777,general_registry,"Land  Registry","Lands Registry"
182925,RES-2008-3429,general_registry,"Land  Registry","Lands Registry"
182926,RES-2020-1767,general_registry,"Land  Registry","Lands Registry"
182927,CON-RES-2025-620,general_registry,"Land  Registry","Lands Registry"
182928,RES-2008-4691,general_registry,"Land  Registry","Lands Registry"
182929,CON-AG-2016-79,general_registry,"Land  Registry","Lands Registry"
182930,RES-2007-1106,general_registry,"Land  Registry","Lands Registry"
182931,RES-2008-5108,general_registry,"Land  Registry","Lands Registry"
182932,RES-2008-791,general_registry,"Land  Registry","Lands Registry"
182933,CON-RES-2025-619,general_registry,"Land  Registry","Lands Registry"
182934,COM-RC-1982-533,registry,,1
182934,COM-RC-1982-533,general_registry,"Land  Registry","Lands Registry"
182935,RES-2008-793,general_registry,"Land  Registry","Lands Registry"
182936,CON-RES-2025-671,general_registry,"Land  Registry","Lands Registry"
182937,RES-2008-1982,general_registry,"Land  Registry","Lands Registry"
182938,RES-2008-4230,general_registry,"Land  Registry","Lands Registry"
182939,RES-2008-795,general_registry,"Land  Registry","Lands Registry"
182940,RES-2008-802,general_registry,"Land  Registry","Lands Registry"
182941,RES-1998-550,general_registry,"Land  Registry","Lands Registry"
182943,RES-2008-643,general_registry,"Land  Registry","Lands Registry"
182945,RES-2008-880,general_registry,"Land  Registry","Lands Registry"
182946,CON-RES-2025-415,general_registry,"Land  Registry","Lands Registry"
182949,RES-2008-4207,general_registry,"Land  Registry","Lands Registry"
182950,RES-2008-644,general_registry,"Land  Registry","Lands Registry"
182951,RES-2007-1912,general_registry,"Land  Registry","Lands Registry"
182952,RES-2007-7,general_registry,"Land  Registry","Lands Registry"
182953,RES-2007-91,general_registry,"Land  Registry","Lands Registry"
182954,RES-2009-4052,general_registry,"Land  Registry","Lands Registry"
182957,RES-RC-1982-970,registry,,1
182957,RES-RC-1982-970,general_registry,"Land  Registry","Lands Registry"
182958,CON-RES-2025-396,general_registry,"Land  Registry","Lands Registry"
182959,RES-2007-1200,general_registry,"Land  Registry","Lands Registry"
182960,CON-COM-2022-329,general_registry,"Land  Registry","Lands Registry"
182961,RES-2008-839,general_registry,"Land  Registry","Lands Registry"
182962,RES-2008-4516,general_registry,"Land  Registry","Lands Registry"
182963,RES-2008-796,general_registry,"Land  Registry","Lands Registry"
182965,RES-2007-1196,general_registry,"Land  Registry","Lands Registry"
182966,RES-2008-4208,general_registry,"Land  Registry","Lands Registry"
182967,RES-2007-632,general_registry,"Land  Registry","Lands Registry"
182968,CON-RES-2025-397,general_registry,"Land  Registry","Lands Registry"
182969,RES-2008-874,general_registry,"Land  Registry","Lands Registry"
182971,RES-2008-1914,general_registry,"Land  Registry","Lands Registry"
182972,RES-2008-881,general_registry,"Land  Registry","Lands Registry"
182973,CON-RES-2025-577,general_registry,"Land  Registry","Lands Registry"
182975,RES-2008-3174,general_registry,"Land  Registry","Lands Registry"
182976,RES-2008-869,general_registry,"Land  Registry","Lands Registry"
182977,RES-2008-883,general_registry,"Land  Registry","Lands Registry"
182978,RES-2007-1188,general_registry,"Land  Registry","Lands Registry"
182979,COM-2023-307,general_registry,"Land  Registry","Lands Registry"
182980,RES-1995-1504,general_registry,"Land  Registry","Lands Registry"
182982,CON-RES-2025-578,general_registry,"Land  Registry","Lands Registry"
182983,RES-2008-878,general_registry,"Land  Registry","Lands Registry"
182985,RES-1987-956,general_registry,"Land  Registry","Lands Registry"
182986,RES-2008-3204,general_registry,"Land  Registry","Lands Registry"
182987,RES-2007-1115,general_registry,"Land  Registry","Lands Registry"
182988,RES-2008-710,general_registry,"Land  Registry","Lands Registry"
182990,RES-2008-5178,general_registry,"Land  Registry","Lands Registry"
182991,CON-RES-2025-563,general_registry,"Land  Registry","Lands Registry"
182992,RES-2007-1505,general_registry,"Land  Registry","Lands Registry"
182993,RES-2007-659,general_registry,"Land  Registry","Lands Registry"
182994,RES-2008-827,general_registry,"Land  Registry","Lands Registry"
182995,RES-2008-3175,general_registry,"Land  Registry","Lands Registry"
182996,RES-2008-716,general_registry,"Land  Registry","Lands Registry"
182997,RES-2007-1600,general_registry,"Land  Registry","Lands Registry"
182998,RES-2016-106,general_registry,"Land  Registry","Lands Registry"
182999,CON-RES-2025-579,general_registry,"Land  Registry","Lands Registry"
183000,RES-2008-2374,general_registry,"Land  Registry","Lands Registry"
183001,RES-2008-5179,general_registry,"Land  Registry","Lands Registry"
183002,RES-2008-725,general_registry,"Land  Registry","Lands Registry"
183004,RES-2008-2384,general_registry,"Land  Registry","Lands Registry"
183005,CON-RES-2025-580,general_registry,"Land  Registry","Lands Registry"
183006,RES-2008-4979,general_registry,"Land  Registry","Lands Registry"
183007,RES-2007-1108,general_registry,"Land  Registry","Lands Registry"
183008,RES-2008-3176,general_registry,"Land  Registry","Lands Registry"
183009,RES-2012-5322,general_registry,"Land  Registry","Lands Registry"
183011,RES-2008-4232,general_registry,"Land  Registry","Lands Registry"
183012,RES-2008-4980,general_registry,"Land  Registry","Lands Registry"
183013,RES-1989-522,general_registry,"Land  Registry","Lands Registry"
183014,RES-2007-942,general_registry,"Land  Registry","Lands Registry"
183015,CON-RES-2025-581,general_registry,"Land  Registry","Lands Registry"
183016,RES-2007-1541,general_registry,"Land  Registry","Lands Registry"
183017,RES-2008-4234,general_registry,"Land  Registry","Lands Registry"
183018,RES-2008-743,general_registry,"Land  Registry","Lands Registry"
183020,RES-2007-1853,general_registry,"Land  Registry","Lands Registry"
183021,CON-RES-2025-582,general_registry,"Land  Registry","Lands Registry"
183022,RES-1989-1829,general_registry,"Land  Registry","Lands Registry"
183023,COM-2019-111,registry,,1
183023,COM-2019-111,general_registry,"Land  Registry","Lands Registry"
183025,RES-2008-727,general_registry,"Land  Registry","Lands Registry"
183027,CON-RES-2025-583,general_registry,"Land  Registry","Lands Registry"
183028,RES-2008-824,general_registry,"Land  Registry","Lands Registry"
183031,RES-2008-729,general_registry,"Land  Registry","Lands Registry"
183033,CON-RES-1982-318,general_registry,"Land  Registry","Lands Registry"
183035,RES-2008-731,general_registry,"Land  Registry","Lands Registry"
183036,RES-2019-3365,registry,,2
183036,RES-2019-3365,general_registry,"Land  Registry","Lands Registry"
183037,CON-RES-2025-584,general_registry,"Land  Registry","Lands Registry"
183038,RES-2008-864,general_registry,"Land  Registry","Lands Registry"
183039,COM-2019-110,general_registry,"Land  Registry","Lands Registry"
183040,RES-2026-3390,registry,,2
183040,RES-2026-3390,general_registry,"Land  Registry","Lands Registry"
183041,RES-2026-3391,registry,,2
183041,RES-2026-3391,general_registry,,"Lands Registry"
183041,RES-2026-3391,physical_registry,,"Registry 2 - Land"
183042,RES-2026-3392,registry,,2
183042,RES-2026-3392,general_registry,,"Lands Registry"
183042,RES-2026-3392,physical_registry,,"Registry 2 - Land"
183043,RES-2026-3393,registry,,2
183043,RES-2026-3393,general_registry,,"Lands Registry"
183043,RES-2026-3393,physical_registry,,"Registry 2 - Land"
183044,RES-2026-3394,registry,,2
183044,RES-2026-3394,general_registry,,"Lands Registry"
183044,RES-2026-3394,physical_registry,,"Registry 2 - Land"
183045,RES-2026-3395,registry,,2
183045,RES-2026-3395,general_registry,,"Lands Registry"
183045,RES-2026-3395,physical_registry,,"Registry 2 - Land"
183046,RES-2026-3396,registry,,2
183046,RES-2026-3396,general_registry,,"Lands Registry"
183046,RES-2026-3396,physical_registry,,"Registry 2 - Land"
183047,RES-2026-3397,registry,,2
183047,RES-2026-3397,general_registry,,"Lands Registry"
183047,RES-2026-3397,physical_registry,,"Registry 2 - Land"
183048,RES-2026-3398,registry,,2
183048,RES-2026-3398,general_registry,,"Lands Registry"
183048,RES-2026-3398,physical_registry,,"Registry 2 - Land"
183049,RES-2026-3399,registry,,2
183049,RES-2026-3399,general_registry,,"Lands Registry"
183049,RES-2026-3399,physical_registry,,"Registry 2 - Land"
183050,RES-2026-3400,registry,,2
183050,RES-2026-3400,general_registry,,"Lands Registry"
183050,RES-2026-3400,physical_registry,,"Registry 2 - Land"
183051,RES-2019-3364,registry,,2
183051,RES-2019-3364,general_registry,"Land  Registry","Lands Registry"
183052,RES-2008-733,general_registry,"Land  Registry","Lands Registry"
183053,RES-2007-1480,general_registry,"Land  Registry","Lands Registry"
183054,IND-RC-1982-41,general_registry,"Land  Registry","Lands Registry"
183055,RES-2008-735,general_registry,"Land  Registry","Lands Registry"
183056,RES-1985-1415,general_registry,"Land  Registry","Lands Registry"
183057,RES-2008-737,general_registry,"Land  Registry","Lands Registry"
183059,RES-2022-3434,general_registry,"Land  Registry","Lands Registry"
183060,RES-2019-779,general_registry,"Land  Registry","Lands Registry"
183061,RES-1991-5210,general_registry,"Land  Registry","Lands Registry"
183062,RES-2026-3401,registry,,2
183062,RES-2026-3401,general_registry,,"Lands Registry"
183062,RES-2026-3401,physical_registry,,"Registry 2 - Land"
183063,RES-2026-3402,registry,,2
183063,RES-2026-3402,general_registry,,"Lands Registry"
183063,RES-2026-3402,physical_registry,,"Registry 2 - Land"
183064,RES-2008-799,general_registry,"Land  Registry","Lands Registry"
183066,RES-2008-701,general_registry,"Land  Registry","Lands Registry"
183067,RES-2019-776,general_registry,"Land  Registry","Lands Registry"
183068,CON-RES-2025-585,general_registry,"Land  Registry","Lands Registry"
183069,RES-2008-4660,general_registry,"Land  Registry","Lands Registry"
183070,RES-2008-704,general_registry,"Land  Registry","Lands Registry"
183071,RES-2007-1763,general_registry,"Land  Registry","Lands Registry"
183072,RES-2019-774,general_registry,"Land  Registry","Lands Registry"
183073,CON-RES-2025-398,general_registry,"Land  Registry","Lands Registry"
183076,RES-2008-751,general_registry,"Land  Registry","Lands Registry"
183077,RES-2007-74,general_registry,"Land  Registry","Lands Registry"
183078,COM-2019-112,registry,2,1
183078,COM-2019-112,general_registry,"Land  Registry","Lands Registry"
183080,COM-2019-109,general_registry,"Land  Registry","Lands Registry"
183081,RES-2008-749,general_registry,"Land  Registry","Lands Registry"
183082,RES-2019-773,general_registry,"Land  Registry","Lands Registry"
183083,CON-RES-2025-381,general_registry,"Land  Registry","Lands Registry"
183085,RES-RC-1982-965,general_registry,"Land  Registry","Lands Registry"
183086,RES-2008-747,general_registry,"Land  Registry","Lands Registry"
183087,CON-RES-2025-380,general_registry,"Land  Registry","Lands Registry"
183088,RES-2007-1651,general_registry,"Land  Registry","Lands Registry"
183090,CON-RES-2022-113,general_registry,"Land  Registry","Lands Registry"
183091,RES-2019-772,general_registry,"Land  Registry","Lands Registry"
183092,RES-2008-746,general_registry,"Land  Registry","Lands Registry"
183093,RES-2007-1533,general_registry,"Land  Registry","Lands Registry"
183094,RES-2008-809,registry,,2
183094,RES-2008-809,general_registry,"Land  Registry","Lands Registry"
183095,CON-COM-2019-58,general_registry,"Land  Registry","Lands Registry"
183097,RES-2007-1696,general_registry,"Land  Registry","Lands Registry"
183098,CON-RES-2025-433,general_registry,"Land  Registry","Lands Registry"
183099,CON-COM-2022-205,general_registry,"Land  Registry","Lands Registry"
183100,RES-2007-1697,general_registry,"Land  Registry","Lands Registry"
183102,CON-RES-2025-122,general_registry,"Land  Registry","Lands Registry"
183103,CON-RES-2025-564,general_registry,"Land  Registry","Lands Registry"
183104,RES-2008-744,general_registry,"Land  Registry","Lands Registry"
183105,CON-COM-2022-203,general_registry,"Land  Registry","Lands Registry"
183106,RES-2019-771,general_registry,"Land  Registry","Lands Registry"
183107,CON-RES-2025-565,general_registry,"Land  Registry","Lands Registry"
183108,CON-RES-2022-114,general_registry,"Land  Registry","Lands Registry"
183109,RES-2007-1652,general_registry,"Land  Registry","Lands Registry"
183110,RES-2002-5769,general_registry,"Land  Registry","Lands Registry"
183111,RES-2008-803,general_registry,"Land  Registry","Lands Registry"
183112,RES-2019-775,general_registry,"Land  Registry","Lands Registry"
183113,RES-2008-740,general_registry,"Land  Registry","Lands Registry"
183115,CON-COM-2022-202,general_registry,"Land  Registry","Lands Registry"
183116,RES-2008-738,general_registry,"Land  Registry","Lands Registry"
183117,CON-RES-2025-567,general_registry,"Land  Registry","Lands Registry"
183119,RES-2008-736,general_registry,"Land  Registry","Lands Registry"
183120,CON-COM-2022-208,general_registry,"Land  Registry","Lands Registry"
183121,RES-2018-2346,general_registry,"Land  Registry","Lands Registry"
183122,RES-2008-861,general_registry,"Land  Registry","Lands Registry"
183123,CON-RES-2025-568,general_registry,"Land  Registry","Lands Registry"
183124,RES-2008-804,general_registry,"Land  Registry","Lands Registry"
183125,RES-2008-734,general_registry,"Land  Registry","Lands Registry"
183126,CON-COM-2022-209,general_registry,"Land  Registry","Lands Registry"
183127,CON-RES-2025-569,general_registry,"Land  Registry","Lands Registry"
183128,RES-2008-4693,general_registry,"Land  Registry","Lands Registry"
183130,RES-2008-792,general_registry,"Land  Registry","Lands Registry"
183132,RES-2006-21,general_registry,"Land  Registry","Lands Registry"
183134,RES-1983-903,general_registry,"Land  Registry","Lands Registry"
183135,RES-2008-783,general_registry,"Land  Registry","Lands Registry"
183137,RES-2008-1396,general_registry,"Land  Registry","Lands Registry"
183138,RES-2008-739,general_registry,"Land  Registry","Lands Registry"
183140,CON-RES-2025-571,general_registry,"Land  Registry","Lands Registry"
183141,RES-2025-828,general_registry,"Land  Registry","Lands Registry"
183143,RES-2007-1534,general_registry,"Land  Registry","Lands Registry"
183144,RES-2008-3465,general_registry,"Land  Registry","Lands Registry"
183145,CON-RES-2025-572,general_registry,"Land  Registry","Lands Registry"
183146,RES-2018-2215,general_registry,"Land  Registry","Lands Registry"
183147,RES-2008-860,general_registry,"Land  Registry","Lands Registry"
183150,CON-RES-2025-574,registry,,3
183150,CON-RES-2025-574,general_registry,"Land  Registry","Lands Registry"
183151,RES-2008-741,general_registry,"Land  Registry","Lands Registry"
183152,RES-2007-1517,general_registry,"Land  Registry","Lands Registry"
183154,RES-2008-805,general_registry,"Land  Registry","Lands Registry"
183155,RES-2008-750,general_registry,"Land  Registry","Lands Registry"
183156,RES-2008-856,general_registry,"Land  Registry","Lands Registry"
183157,RES-2007-1169,general_registry,"Land  Registry","Lands Registry"
183158,CON-RES-2025-575,general_registry,"Land  Registry","Lands Registry"
183159,CON-RES-1999-189,general_registry,"Land  Registry","Lands Registry"
183161,CON-RES-2025-576,general_registry,"Land  Registry","Lands Registry"
183162,RES-2007-81,general_registry,"Land  Registry","Lands Registry"
183163,RES-2014-1485,general_registry,"Land  Registry","Lands Registry"
183165,RES-2008-855,general_registry,"Land  Registry","Lands Registry"
183166,RES-2008-1377,general_registry,"Land  Registry","Lands Registry"
183167,RES-1989-588,general_registry,"Land  Registry","Lands Registry"
183168,CON-RES-2026-2834,registry,,3
183168,CON-RES-2026-2834,general_registry,,"Lands Registry"
183168,CON-RES-2026-2834,physical_registry,,"Registry 3 - Land"
183169,RES-2008-430,general_registry,"Land  Registry","Lands Registry"
183171,RES-2007-1133,general_registry,"Land  Registry","Lands Registry"
183172,CON-RES-2026-2835,registry,,3
183172,CON-RES-2026-2835,general_registry,,"Lands Registry"
183172,CON-RES-2026-2835,physical_registry,,"Registry 3 - Land"
183173,RES-2007-1655,general_registry,"Land  Registry","Lands Registry"
183174,CON-RES-2026-2836,registry,,3
183174,CON-RES-2026-2836,general_registry,,"Lands Registry"
183174,CON-RES-2026-2836,physical_registry,,"Registry 3 - Land"
183175,RES-2008-429,general_registry,"Land  Registry","Lands Registry"
183176,RES-2007-1658,general_registry,"Land  Registry","Lands Registry"
183177,CON-RES-1992-214,general_registry,"Land  Registry","Lands Registry"
183178,RES-2007-1661,registry,,2
183178,RES-2007-1661,general_registry,"Land  Registry","Lands Registry"
183179,CON-RES-2026-2837,registry,,3
183179,CON-RES-2026-2837,general_registry,,"Lands Registry"
183179,CON-RES-2026-2837,physical_registry,,"Registry 3 - Land"
183180,RES-2008-916,general_registry,"Land  Registry","Lands Registry"
183181,CON-IND-2025-7,general_registry,"Land  Registry","Lands Registry"
183182,CON-RES-2026-2838,registry,,3
183182,CON-RES-2026-2838,general_registry,,"Lands Registry"
183182,CON-RES-2026-2838,physical_registry,,"Registry 3 - Land"
183183,RES-2008-915,general_registry,"Land  Registry","Lands Registry"
183184,RES-2021-1526,general_registry,"Land  Registry","Lands Registry"
183185,RES-2007-1638,general_registry,"Land  Registry","Lands Registry"
183186,RES-1989-369,general_registry,"Land  Registry","Lands Registry"
183188,RES-2007-1665,general_registry,"Land  Registry","Lands Registry"
183189,RES-2008-4228,general_registry,"Land  Registry","Lands Registry"
183190,CON-IND-2025-74,general_registry,"Land  Registry","Lands Registry"
183191,RES-2008-4933,general_registry,"Land  Registry","Lands Registry"
183192,RES-2007-1666,general_registry,"Land  Registry","Lands Registry"
183193,RES-2007-416,general_registry,"Land  Registry","Lands Registry"
183194,RES-2007-1116,general_registry,"Land  Registry","Lands Registry"
183195,RES-2008-1393,general_registry,"Land  Registry","Lands Registry"
183196,RES-2008-4229,general_registry,"Land  Registry","Lands Registry"
183197,RES-2007-1672,general_registry,"Land  Registry","Lands Registry"
183199,RES-2008-3594,general_registry,"Land  Registry","Lands Registry"
183200,RES-2007-1623,general_registry,"Land  Registry","Lands Registry"
183201,RES-2008-5245,general_registry,"Land  Registry","Lands Registry"
183203,RES-2008-920,general_registry,"Land  Registry","Lands Registry"
183204,RES-2008-4692,general_registry,"Land  Registry","Lands Registry"
183205,RES-2007-1622,general_registry,"Land  Registry","Lands Registry"
183206,RES-2008-870,general_registry,"Land  Registry","Lands Registry"
183207,RES-2008-981,general_registry,"Land  Registry","Lands Registry"
183208,RES-2007-1627,general_registry,"Land  Registry","Lands Registry"
183209,RES-2008-5247,general_registry,"Land  Registry","Lands Registry"
183210,RES-2007-1761,general_registry,"Land  Registry","Lands Registry"
183211,RES-2008-801,general_registry,"Land  Registry","Lands Registry"
183212,RES-2003-2279,general_registry,"Land  Registry","Lands Registry"
183213,RES-2007-1630,general_registry,"Land  Registry","Lands Registry"
183215,RES-2008-919,general_registry,"Land  Registry","Lands Registry"
183216,RES-2008-4679,general_registry,"Land  Registry","Lands Registry"
183217,RES-2008-918,general_registry,"Land  Registry","Lands Registry"
183218,RES-2008-1124,general_registry,"Land  Registry","Lands Registry"
183219,RES-2007-1411,general_registry,"Land  Registry","Lands Registry"
183220,RES-2008-3593,general_registry,"Land  Registry","Lands Registry"
183221,RES-2008-5248,general_registry,"Land  Registry","Lands Registry"
183222,CON-RES-2026-2839,registry,,3
183222,CON-RES-2026-2839,general_registry,,"Lands Registry"
183222,CON-RES-2026-2839,physical_registry,,"Registry 3 - Land"
183223,RES-2002-4445,general_registry,"Land  Registry","Lands Registry"
183225,RES-2007-1640,general_registry,"Land  Registry","Lands Registry"
183226,RES-2003-2277,general_registry,"Land  Registry","Lands Registry"
183227,RES-2008-1395,general_registry,"Land  Registry","Lands Registry"
183228,RES-2008-4697,general_registry,"Land  Registry","Lands Registry"
183229,RES-2008-1146,general_registry,"Land  Registry","Lands Registry"
183230,RES-2008-4920,general_registry,"Land  Registry","Lands Registry"
183231,CON-RES-1993-150,general_registry,"Land  Registry","Lands Registry"
183233,RES-2008-5249,general_registry,"Land  Registry","Lands Registry"
183234,RES-2008-748,general_registry,"Land  Registry","Lands Registry"
183236,CON-RES-2026-2840,registry,,3
183236,CON-RES-2026-2840,general_registry,,"Lands Registry"
183236,CON-RES-2026-2840,physical_registry,,"Registry 3 - Land"
183237,RES-2008-1125,general_registry,"Land  Registry","Lands Registry"
183238,RES-2008-4921,general_registry,"Land  Registry","Lands Registry"
183240,RES-2008-940,general_registry,"Land  Registry","Lands Registry"
183241,RES-2008-2373,general_registry,"Land  Registry","Lands Registry"
183243,RES-2008-1127,general_registry,"Land  Registry","Lands Registry"
183244,RES-2007-1642,general_registry,"Land  Registry","Lands Registry"
183246,RES-2008-4922,general_registry,"Land  Registry","Lands Registry"
183248,RES-2008-854,general_registry,"Land  Registry","Lands Registry"
183249,RES-2008-2395,general_registry,"Land  Registry","Lands Registry"
183252,RES-2008-4613,general_registry,"Land  Registry","Lands Registry"
183253,CON-RES-2026-2841,registry,,3
183253,CON-RES-2026-2841,general_registry,,"Lands Registry"
183253,CON-RES-2026-2841,physical_registry,,"Registry 3 - Land"
183254,RES-2008-2303,general_registry,"Land  Registry","Lands Registry"
183255,CON-RES-2026-2842,registry,,3
183255,CON-RES-2026-2842,general_registry,,"Lands Registry"
183255,CON-RES-2026-2842,physical_registry,,"Registry 3 - Land"
183256,RES-2008-847,general_registry,"Land  Registry","Lands Registry"
183259,RES-2008-3559,general_registry,"Land  Registry","Lands Registry"
183260,RES-2008-5250,general_registry,"Land  Registry","Lands Registry"
183261,RES-2008-1398,general_registry,"Land  Registry","Lands Registry"
183262,RES-2008-2301,general_registry,"Land  Registry","Lands Registry"
183263,RES-2008-904,registry,,2
183263,RES-2008-904,general_registry,"Land  Registry","Lands Registry"
183265,RES-2008-3583,general_registry,"Land  Registry","Lands Registry"
183266,RES-2008-917,general_registry,"Land  Registry","Lands Registry"
183267,RES-2008-4669,general_registry,"Land  Registry","Lands Registry"
183268,RES-2008-5252,general_registry,"Land  Registry","Lands Registry"
183269,CON-RES-1995-190,general_registry,"Land  Registry","Lands Registry"
183270,RES-2007-1197,general_registry,"Land  Registry","Lands Registry"
183272,RES-2008-1397,general_registry,"Land  Registry","Lands Registry"
183273,RES-RC-1985-13,general_registry,"Land  Registry","Lands Registry"
183274,RES-2008-902,general_registry,"Land  Registry","Lands Registry"
183275,RES-2017-2339,general_registry,"Land  Registry","Lands Registry"
183276,RES-2008-3550,general_registry,"Land  Registry","Lands Registry"
183277,RES-2008-5255,general_registry,"Land  Registry","Lands Registry"
183278,COM-2026-316,registry,,1
183278,COM-2026-316,general_registry,,"Lands Registry"
183278,COM-2026-316,physical_registry,,"Registry 1 - Land"
183279,COM-2026-317,registry,,1
183279,COM-2026-317,general_registry,,"Lands Registry"
183279,COM-2026-317,physical_registry,,"Registry 1 - Land"
183280,RES-2008-789,general_registry,"Land  Registry","Lands Registry"
183282,RES-2008-903,general_registry,"Land  Registry","Lands Registry"
183284,RES-2008-4689,general_registry,"Land  Registry","Lands Registry"
183286,RES-2008-2309,general_registry,"Land  Registry","Lands Registry"
183287,SIT-2026-67,registry,,2
183287,SIT-2026-67,general_registry,,"SIT Registry"
183287,SIT-2026-67,physical_registry,,"SIT Registry"
183288,RES-2008-5258,general_registry,"Land  Registry","Lands Registry"
183291,RES-2008-1394,general_registry,"Land  Registry","Lands Registry"
183293,RES-2008-4927,general_registry,"Land  Registry","Lands Registry"
183294,RES-2008-4183,general_registry,"Land  Registry","Lands Registry"
183295,RES-2008-2390,general_registry,"Land  Registry","Lands Registry"
183296,RES-2008-5269,general_registry,"Land  Registry","Lands Registry"
183297,RES-2008-4690,general_registry,"Land  Registry","Lands Registry"
183298,RES-2008-3589,general_registry,"Land  Registry","Lands Registry"
183300,COM-RC-1982-515,general_registry,"Land  Registry","Lands Registry"
183301,RES-2008-5256,general_registry,"Land  Registry","Lands Registry"
183302,RES-2008-3580,general_registry,"Land  Registry","Lands Registry"
183304,RES-2007-1273,general_registry,"Land  Registry","Lands Registry"
183306,RES-2008-5257,general_registry,"Land  Registry","Lands Registry"
183307,RES-2008-3581,general_registry,"Land  Registry","Lands Registry"
183308,RES-2008-4934,general_registry,"Land  Registry","Lands Registry"
183309,RES-2008-4668,general_registry,"Land  Registry","Lands Registry"
183310,RES-2008-1392,general_registry,"Land  Registry","Lands Registry"
183311,RES-2017-2366,general_registry,"Land  Registry","Lands Registry"
183312,RES-2008-3554,general_registry,"Land  Registry","Lands Registry"
183314,RES-2008-3481,general_registry,"Land  Registry","Lands Registry"
183315,RES-2008-3544,general_registry,"Land  Registry","Lands Registry"
183316,RES-2008-4937,general_registry,"Land  Registry","Lands Registry"
183317,RES-2006-861,general_registry,"Land  Registry","Lands Registry"
183318,COM-2026-318,registry,,1
183318,COM-2026-318,general_registry,,"Lands Registry"
183318,COM-2026-318,physical_registry,,"Registry 1 - Land"
183320,RES-1995-1743,general_registry,"Land  Registry","Lands Registry"
183321,RES-2017-2367,general_registry,"Land  Registry","Lands Registry"
183323,CON-COM-2026-557,registry,,3
183323,CON-COM-2026-557,general_registry,,"Lands Registry"
183323,CON-COM-2026-557,physical_registry,,"Registry 3 - Land"
183324,CON-COM-2026-558,registry,,3
183324,CON-COM-2026-558,general_registry,,"Lands Registry"
183324,CON-COM-2026-558,physical_registry,,"Registry 3 - Land"
183325,CON-COM-2026-559,registry,,3
183325,CON-COM-2026-559,general_registry,,"Lands Registry"
183325,CON-COM-2026-559,physical_registry,,"Registry 3 - Land"
183327,RES-2008-4926,general_registry,"Land  Registry","Lands Registry"
183329,CON-COM-2025-249,general_registry,"Land  Registry","Lands Registry"
183332,RES-2008-4928,general_registry,"Land  Registry","Lands Registry"
183335,RES-2008-5277,general_registry,"Land  Registry","Lands Registry"
183336,RES-2008-5259,general_registry,"Land  Registry","Lands Registry"
183337,RES-2008-4191,general_registry,"Land  Registry","Lands Registry"
183338,CON-AG-2010-44,general_registry,"Land  Registry","Lands Registry"
183339,RES-2008-4925,general_registry,"Land  Registry","Lands Registry"
183340,RES-2008-5278,general_registry,"Land  Registry","Lands Registry"
183341,RES-2008-5260,general_registry,"Land  Registry","Lands Registry"
183342,RES-2008-2397,general_registry,"Land  Registry","Lands Registry"
183347,RES-2007-83,general_registry,"Land  Registry","Lands Registry"
183348,CON-IND-2026-256,registry,,3
183348,CON-IND-2026-256,general_registry,,"Lands Registry"
183348,CON-IND-2026-256,physical_registry,,"Registry 3 - Land"
183352,COM-2026-319,registry,,1
183352,COM-2026-319,general_registry,,"Lands Registry"
183352,COM-2026-319,physical_registry,,"Registry 1 - Land"
183353,RES-2008-811,general_registry,"Land  Registry","Lands Registry"
183354,RES-2007-1637,general_registry,"Land  Registry","Lands Registry"
183357,RES-2008-1128,general_registry,"Land  Registry","Lands Registry"
183358,RES-2007-1649,general_registry,"Land  Registry","Lands Registry"
183360,RES-2008-1119,general_registry,"Land  Registry","Lands Registry"
183362,RES-2008-1148,general_registry,"Land  Registry","Lands Registry"
183364,CON-COM-2025-721,general_registry,"Land  Registry","Lands Registry"
183366,RES-2008-4665,general_registry,"Land  Registry","Lands Registry"
183367,RES-2008-1149,general_registry,"Land  Registry","Lands Registry"
183368,RES-2008-4629,general_registry,"Land  Registry","Lands Registry"
183369,RES-2008-3543,general_registry,"Land  Registry","Lands Registry"
183373,RES-2008-3542,general_registry,"Land  Registry","Lands Registry"
183374,RES-2008-4667,general_registry,"Land  Registry","Lands Registry"
183375,CON-AG-2026-153,registry,,3
183375,CON-AG-2026-153,general_registry,,"Lands Registry"
183375,CON-AG-2026-153,physical_registry,,"Registry 3 - Land"
183376,RES-2008-3541,general_registry,"Land  Registry","Lands Registry"
183379,RES-2008-3540,general_registry,"Land  Registry","Lands Registry"
183380,RES-2008-3539,general_registry,"Land  Registry","Lands Registry"
183381,RES-2008-4659,general_registry,"Land  Registry","Lands Registry"
183382,RES-2008-4658,general_registry,"Land  Registry","Lands Registry"
183389,CON-AG-2026-154,registry,,3
183389,CON-AG-2026-154,general_registry,,"Lands Registry"
183389,CON-AG-2026-154,physical_registry,,"Registry 3 - Land"
183395,CON-AG-2026-155,registry,,3
183395,CON-AG-2026-155,general_registry,,"Lands Registry"
183395,CON-AG-2026-155,physical_registry,,"Registry 3 - Land"
183396,CON-AG-2026-156,registry,,3
183396,CON-AG-2026-156,general_registry,,"Lands Registry"
183396,CON-AG-2026-156,physical_registry,,"Registry 3 - Land"
183397,CON-RES-2026-2843,registry,,3
183397,CON-RES-2026-2843,general_registry,,"Lands Registry"
183397,CON-RES-2026-2843,physical_registry,,"Registry 3 - Land"
183398,SIT-2026-68,registry,,2
183398,SIT-2026-68,general_registry,,"SIT Registry"
183398,SIT-2026-68,physical_registry,,"SIT Registry"
183399,SIT-2026-69,registry,,2
183399,SIT-2026-69,general_registry,,"SIT Registry"
183399,SIT-2026-69,physical_registry,,"SIT Registry"
183400,SIT-2026-70,registry,,2
183400,SIT-2026-70,general_registry,,"SIT Registry"
183400,SIT-2026-70,physical_registry,,"SIT Registry"
183402,SIT-2026-71,registry,,2
183402,SIT-2026-71,general_registry,,"SIT Registry"
183402,SIT-2026-71,physical_registry,,"SIT Registry"
183403,CON-COM-2025-691,general_registry,"Land  Registry","Lands Registry"
183404,CON-COM-2024-758,general_registry,"Land  Registry","Lands Registry"
183405,CON-RES-2024-222,general_registry,"Land  Registry","Lands Registry"
183406,CON-IND-2025-251,general_registry,"Land  Registry","Lands Registry"
183407,CON-IND-2026-257,registry,,3
183407,CON-IND-2026-257,general_registry,,"Lands Registry"
183407,CON-IND-2026-257,physical_registry,,"Registry 3 - Land"
183408,CON-IND-2026-258,registry,,3
183408,CON-IND-2026-258,general_registry,,"Lands Registry"
183408,CON-IND-2026-258,physical_registry,,"Registry 3 - Land"
183409,CON-IND-2026-259,registry,,3
183409,CON-IND-2026-259,general_registry,,"Lands Registry"
183409,CON-IND-2026-259,physical_registry,,"Registry 3 - Land"
183410,CON-IND-2026-260,registry,,3
183410,CON-IND-2026-260,general_registry,,"Lands Registry"
183410,CON-IND-2026-260,physical_registry,,"Registry 3 - Land"
183411,CON-IND-2026-261,registry,,3
183411,CON-IND-2026-261,general_registry,,"Lands Registry"
183411,CON-IND-2026-261,physical_registry,,"Registry 3 - Land"
183412,CON-IND-2026-262,registry,,3
183412,CON-IND-2026-262,general_registry,,"Lands Registry"
183412,CON-IND-2026-262,physical_registry,,"Registry 3 - Land"
183413,CON-IND-2026-263,registry,,3
183413,CON-IND-2026-263,general_registry,,"Lands Registry"
183413,CON-IND-2026-263,physical_registry,,"Registry 3 - Land"
183414,CON-IND-2026-264,registry,,3
183414,CON-IND-2026-264,general_registry,,"Lands Registry"
183414,CON-IND-2026-264,physical_registry,,"Registry 3 - Land"
183415,CON-IND-2026-265,registry,,3
183415,CON-IND-2026-265,general_registry,,"Lands Registry"
183415,CON-IND-2026-265,physical_registry,,"Registry 3 - Land"
183416,CON-IND-2026-266,registry,,3
183416,CON-IND-2026-266,general_registry,,"Lands Registry"
183416,CON-IND-2026-266,physical_registry,,"Registry 3 - Land"
183417,CON-IND-2026-267,registry,,3
183417,CON-IND-2026-267,general_registry,,"Lands Registry"
183417,CON-IND-2026-267,physical_registry,,"Registry 3 - Land"
183418,CON-IND-2026-268,registry,,3
183418,CON-IND-2026-268,general_registry,,"Lands Registry"
183418,CON-IND-2026-268,physical_registry,,"Registry 3 - Land"
183419,CON-IND-2026-269,registry,,3
183419,CON-IND-2026-269,general_registry,,"Lands Registry"
183419,CON-IND-2026-269,physical_registry,,"Registry 3 - Land"
183420,CON-IND-2026-270,registry,,3
183420,CON-IND-2026-270,general_registry,,"Lands Registry"
183420,CON-IND-2026-270,physical_registry,,"Registry 3 - Land"
183421,CON-IND-2026-271,registry,,3
183421,CON-IND-2026-271,general_registry,,"Lands Registry"
183421,CON-IND-2026-271,physical_registry,,"Registry 3 - Land"
183422,CON-IND-2026-272,registry,,3
183422,CON-IND-2026-272,general_registry,,"Lands Registry"
183422,CON-IND-2026-272,physical_registry,,"Registry 3 - Land"
183423,CON-IND-2026-273,registry,,3
183423,CON-IND-2026-273,general_registry,,"Lands Registry"
183423,CON-IND-2026-273,physical_registry,,"Registry 3 - Land"
183424,CON-IND-2026-274,registry,,3
183424,CON-IND-2026-274,general_registry,,"Lands Registry"
183424,CON-IND-2026-274,physical_registry,,"Registry 3 - Land"
183425,CON-IND-2026-275,registry,,3
183425,CON-IND-2026-275,general_registry,,"Lands Registry"
183425,CON-IND-2026-275,physical_registry,,"Registry 3 - Land"
183426,CON-IND-2026-276,registry,,3
183426,CON-IND-2026-276,general_registry,,"Lands Registry"
183426,CON-IND-2026-276,physical_registry,,"Registry 3 - Land"
183427,CON-IND-2026-277,registry,,3
183427,CON-IND-2026-277,general_registry,,"Lands Registry"
183427,CON-IND-2026-277,physical_registry,,"Registry 3 - Land"
183428,CON-IND-2026-278,registry,,3
183428,CON-IND-2026-278,general_registry,,"Lands Registry"
183428,CON-IND-2026-278,physical_registry,,"Registry 3 - Land"
183429,CON-IND-2026-279,registry,,3
183429,CON-IND-2026-279,general_registry,,"Lands Registry"
183429,CON-IND-2026-279,physical_registry,,"Registry 3 - Land"
183430,CON-IND-2026-280,registry,,3
183430,CON-IND-2026-280,general_registry,,"Lands Registry"
183430,CON-IND-2026-280,physical_registry,,"Registry 3 - Land"
183431,CON-IND-2026-281,registry,,3
183431,CON-IND-2026-281,general_registry,,"Lands Registry"
183431,CON-IND-2026-281,physical_registry,,"Registry 3 - Land"
183432,CON-IND-2026-282,registry,,3
183432,CON-IND-2026-282,general_registry,,"Lands Registry"
183432,CON-IND-2026-282,physical_registry,,"Registry 3 - Land"
183433,CON-IND-2026-283,registry,,3
183433,CON-IND-2026-283,general_registry,,"Lands Registry"
183433,CON-IND-2026-283,physical_registry,,"Registry 3 - Land"
183434,CON-IND-2026-284,registry,,3
183434,CON-IND-2026-284,general_registry,,"Lands Registry"
183434,CON-IND-2026-284,physical_registry,,"Registry 3 - Land"
183435,CON-IND-2026-285,registry,,3
183435,CON-IND-2026-285,general_registry,,"Lands Registry"
183435,CON-IND-2026-285,physical_registry,,"Registry 3 - Land"
183436,CON-IND-2026-286,registry,,3
183436,CON-IND-2026-286,general_registry,,"Lands Registry"
183436,CON-IND-2026-286,physical_registry,,"Registry 3 - Land"
183437,CON-IND-2026-287,registry,,3
183437,CON-IND-2026-287,general_registry,,"Lands Registry"
183437,CON-IND-2026-287,physical_registry,,"Registry 3 - Land"
183438,CON-IND-2026-289,registry,,3
183438,CON-IND-2026-289,general_registry,,"Lands Registry"
183438,CON-IND-2026-289,physical_registry,,"Registry 3 - Land"
183439,CON-IND-2026-290,registry,,3
183439,CON-IND-2026-290,general_registry,,"Lands Registry"
183439,CON-IND-2026-290,physical_registry,,"Registry 3 - Land"
183440,CON-IND-2026-291,registry,,3
183440,CON-IND-2026-291,general_registry,,"Lands Registry"
183440,CON-IND-2026-291,physical_registry,,"Registry 3 - Land"
183441,CON-IND-2026-292,registry,,3
183441,CON-IND-2026-292,general_registry,,"Lands Registry"
183441,CON-IND-2026-292,physical_registry,,"Registry 3 - Land"
183442,CON-IND-2026-293,registry,,3
183442,CON-IND-2026-293,general_registry,,"Lands Registry"
183442,CON-IND-2026-293,physical_registry,,"Registry 3 - Land"
183443,CON-IND-2026-294,registry,,3
183443,CON-IND-2026-294,general_registry,,"Lands Registry"
183443,CON-IND-2026-294,physical_registry,,"Registry 3 - Land"
183444,CON-IND-2026-295,registry,,3
183444,CON-IND-2026-295,general_registry,,"Lands Registry"
183444,CON-IND-2026-295,physical_registry,,"Registry 3 - Land"
183445,CON-IND-2026-296,registry,,3
183445,CON-IND-2026-296,general_registry,,"Lands Registry"
183445,CON-IND-2026-296,physical_registry,,"Registry 3 - Land"
183446,CON-IND-2026-297,registry,,3
183446,CON-IND-2026-297,general_registry,,"Lands Registry"
183446,CON-IND-2026-297,physical_registry,,"Registry 3 - Land"
183447,CON-IND-2026-298,registry,,3
183447,CON-IND-2026-298,general_registry,,"Lands Registry"
183447,CON-IND-2026-298,physical_registry,,"Registry 3 - Land"
183448,CON-IND-2026-299,registry,,3
183448,CON-IND-2026-299,general_registry,,"Lands Registry"
183448,CON-IND-2026-299,physical_registry,,"Registry 3 - Land"
183449,CON-IND-2026-300,registry,,3
183449,CON-IND-2026-300,general_registry,,"Lands Registry"
183449,CON-IND-2026-300,physical_registry,,"Registry 3 - Land"
183450,CON-IND-2026-301,registry,,3
183450,CON-IND-2026-301,general_registry,,"Lands Registry"
183450,CON-IND-2026-301,physical_registry,,"Registry 3 - Land"
183451,CON-IND-2026-302,registry,,3
183451,CON-IND-2026-302,general_registry,,"Lands Registry"
183451,CON-IND-2026-302,physical_registry,,"Registry 3 - Land"
183452,CON-IND-2026-303,registry,,3
183452,CON-IND-2026-303,general_registry,,"Lands Registry"
183452,CON-IND-2026-303,physical_registry,,"Registry 3 - Land"
183453,CON-IND-2026-304,registry,,3
183453,CON-IND-2026-304,general_registry,,"Lands Registry"
183453,CON-IND-2026-304,physical_registry,,"Registry 3 - Land"
183454,CON-IND-2026-305,registry,,3
183454,CON-IND-2026-305,general_registry,,"Lands Registry"
183454,CON-IND-2026-305,physical_registry,,"Registry 3 - Land"
183455,CON-IND-2026-306,registry,,3
183455,CON-IND-2026-306,general_registry,,"Lands Registry"
183455,CON-IND-2026-306,physical_registry,,"Registry 3 - Land"
183456,CON-IND-2026-307,registry,,3
183456,CON-IND-2026-307,general_registry,,"Lands Registry"
183456,CON-IND-2026-307,physical_registry,,"Registry 3 - Land"
183457,CON-IND-2026-308,registry,,3
183457,CON-IND-2026-308,general_registry,,"Lands Registry"
183457,CON-IND-2026-308,physical_registry,,"Registry 3 - Land"
183458,CON-IND-2026-309,registry,,3
183458,CON-IND-2026-309,general_registry,,"Lands Registry"
183458,CON-IND-2026-309,physical_registry,,"Registry 3 - Land"
183459,CON-IND-2026-310,registry,,3
183459,CON-IND-2026-310,general_registry,,"Lands Registry"
183459,CON-IND-2026-310,physical_registry,,"Registry 3 - Land"
183460,CON-IND-2026-311,registry,,3
183460,CON-IND-2026-311,general_registry,,"Lands Registry"
183460,CON-IND-2026-311,physical_registry,,"Registry 3 - Land"
183461,CON-IND-2026-312,registry,,3
183461,CON-IND-2026-312,general_registry,,"Lands Registry"
183461,CON-IND-2026-312,physical_registry,,"Registry 3 - Land"
183462,CON-IND-2026-313,registry,,3
183462,CON-IND-2026-313,general_registry,,"Lands Registry"
183462,CON-IND-2026-313,physical_registry,,"Registry 3 - Land"
183463,CON-IND-2026-314,registry,,3
183463,CON-IND-2026-314,general_registry,,"Lands Registry"
183463,CON-IND-2026-314,physical_registry,,"Registry 3 - Land"
183464,CON-IND-2026-315,registry,,3
183464,CON-IND-2026-315,general_registry,,"Lands Registry"
183464,CON-IND-2026-315,physical_registry,,"Registry 3 - Land"
183465,CON-IND-2026-316,registry,,3
183465,CON-IND-2026-316,general_registry,,"Lands Registry"
183465,CON-IND-2026-316,physical_registry,,"Registry 3 - Land"
183466,CON-IND-2026-317,registry,,3
183466,CON-IND-2026-317,general_registry,,"Lands Registry"
183466,CON-IND-2026-317,physical_registry,,"Registry 3 - Land"
183467,CON-IND-2026-318,registry,,3
183467,CON-IND-2026-318,general_registry,,"Lands Registry"
183467,CON-IND-2026-318,physical_registry,,"Registry 3 - Land"
183468,CON-IND-2026-319,registry,,3
183468,CON-IND-2026-319,general_registry,,"Lands Registry"
183468,CON-IND-2026-319,physical_registry,,"Registry 3 - Land"
183469,CON-IND-2026-320,registry,,3
183469,CON-IND-2026-320,general_registry,,"Lands Registry"
183469,CON-IND-2026-320,physical_registry,,"Registry 3 - Land"
183470,CON-IND-2026-321,registry,,3
183470,CON-IND-2026-321,general_registry,,"Lands Registry"
183470,CON-IND-2026-321,physical_registry,,"Registry 3 - Land"
183471,CON-IND-2026-322,registry,,3
183471,CON-IND-2026-322,general_registry,,"Lands Registry"
183471,CON-IND-2026-322,physical_registry,,"Registry 3 - Land"
183472,CON-IND-2026-323,registry,,3
183472,CON-IND-2026-323,general_registry,,"Lands Registry"
183472,CON-IND-2026-323,physical_registry,,"Registry 3 - Land"
183473,CON-IND-2026-324,registry,,3
183473,CON-IND-2026-324,general_registry,,"Lands Registry"
183473,CON-IND-2026-324,physical_registry,,"Registry 3 - Land"
183474,CON-IND-2026-325,registry,,3
183474,CON-IND-2026-325,general_registry,,"Lands Registry"
183474,CON-IND-2026-325,physical_registry,,"Registry 3 - Land"
183475,CON-IND-2026-326,registry,,3
183475,CON-IND-2026-326,general_registry,,"Lands Registry"
183475,CON-IND-2026-326,physical_registry,,"Registry 3 - Land"
183476,CON-IND-2026-327,registry,,3
183476,CON-IND-2026-327,general_registry,,"Lands Registry"
183476,CON-IND-2026-327,physical_registry,,"Registry 3 - Land"
183477,CON-IND-2026-328,registry,,3
183477,CON-IND-2026-328,general_registry,,"Lands Registry"
183477,CON-IND-2026-328,physical_registry,,"Registry 3 - Land"
183478,CON-IND-2026-329,registry,,3
183478,CON-IND-2026-329,general_registry,,"Lands Registry"
183478,CON-IND-2026-329,physical_registry,,"Registry 3 - Land"
183479,CON-IND-2026-330,registry,,3
183479,CON-IND-2026-330,general_registry,,"Lands Registry"
183479,CON-IND-2026-330,physical_registry,,"Registry 3 - Land"
183480,CON-IND-2026-331,registry,,3
183480,CON-IND-2026-331,general_registry,,"Lands Registry"
183480,CON-IND-2026-331,physical_registry,,"Registry 3 - Land"
183481,CON-IND-2026-332,registry,,3
183481,CON-IND-2026-332,general_registry,,"Lands Registry"
183481,CON-IND-2026-332,physical_registry,,"Registry 3 - Land"
183482,CON-IND-2026-333,registry,,3
183482,CON-IND-2026-333,general_registry,,"Lands Registry"
183482,CON-IND-2026-333,physical_registry,,"Registry 3 - Land"
183483,CON-IND-2026-334,registry,,3
183483,CON-IND-2026-334,general_registry,,"Lands Registry"
183483,CON-IND-2026-334,physical_registry,,"Registry 3 - Land"
183484,CON-IND-2026-335,registry,,3
183484,CON-IND-2026-335,general_registry,,"Lands Registry"
183484,CON-IND-2026-335,physical_registry,,"Registry 3 - Land"
183485,CON-IND-2026-336,registry,,3
183485,CON-IND-2026-336,general_registry,,"Lands Registry"
183485,CON-IND-2026-336,physical_registry,,"Registry 3 - Land"
183486,CON-IND-2026-337,registry,,3
183486,CON-IND-2026-337,general_registry,,"Lands Registry"
183486,CON-IND-2026-337,physical_registry,,"Registry 3 - Land"
183487,CON-IND-2026-338,registry,,3
183487,CON-IND-2026-338,general_registry,,"Lands Registry"
183487,CON-IND-2026-338,physical_registry,,"Registry 3 - Land"
183488,CON-IND-2026-339,registry,,3
183488,CON-IND-2026-339,general_registry,,"Lands Registry"
183488,CON-IND-2026-339,physical_registry,,"Registry 3 - Land"
183489,CON-IND-2026-340,registry,,3
183489,CON-IND-2026-340,general_registry,,"Lands Registry"
183489,CON-IND-2026-340,physical_registry,,"Registry 3 - Land"
183490,CON-IND-2026-341,registry,,3
183490,CON-IND-2026-341,general_registry,,"Lands Registry"
183490,CON-IND-2026-341,physical_registry,,"Registry 3 - Land"
183491,CON-IND-2026-342,registry,,3
183491,CON-IND-2026-342,general_registry,,"Lands Registry"
183491,CON-IND-2026-342,physical_registry,,"Registry 3 - Land"
183492,CON-IND-2026-343,registry,,3
183492,CON-IND-2026-343,general_registry,,"Lands Registry"
183492,CON-IND-2026-343,physical_registry,,"Registry 3 - Land"
183493,CON-IND-2026-344,registry,,3
183493,CON-IND-2026-344,general_registry,,"Lands Registry"
183493,CON-IND-2026-344,physical_registry,,"Registry 3 - Land"
183494,CON-IND-2026-345,registry,,3
183494,CON-IND-2026-345,general_registry,,"Lands Registry"
183494,CON-IND-2026-345,physical_registry,,"Registry 3 - Land"
183495,CON-IND-2026-346,registry,,3
183495,CON-IND-2026-346,general_registry,,"Lands Registry"
183495,CON-IND-2026-346,physical_registry,,"Registry 3 - Land"
183496,CON-IND-2026-347,registry,,3
183496,CON-IND-2026-347,general_registry,,"Lands Registry"
183496,CON-IND-2026-347,physical_registry,,"Registry 3 - Land"
183497,CON-IND-2026-348,registry,,3
183497,CON-IND-2026-348,general_registry,,"Lands Registry"
183497,CON-IND-2026-348,physical_registry,,"Registry 3 - Land"
183498,CON-IND-2026-349,registry,,3
183498,CON-IND-2026-349,general_registry,,"Lands Registry"
183498,CON-IND-2026-349,physical_registry,,"Registry 3 - Land"
183499,CON-IND-2026-350,registry,,3
183499,CON-IND-2026-350,general_registry,,"Lands Registry"
183499,CON-IND-2026-350,physical_registry,,"Registry 3 - Land"
183500,CON-IND-2026-351,registry,,3
183500,CON-IND-2026-351,general_registry,,"Lands Registry"
183500,CON-IND-2026-351,physical_registry,,"Registry 3 - Land"
183501,CON-IND-2026-352,registry,,3
183501,CON-IND-2026-352,general_registry,,"Lands Registry"
183501,CON-IND-2026-352,physical_registry,,"Registry 3 - Land"
183502,CON-IND-2026-353,registry,,3
183502,CON-IND-2026-353,general_registry,,"Lands Registry"
183502,CON-IND-2026-353,physical_registry,,"Registry 3 - Land"
183503,CON-IND-2026-354,registry,,3
183503,CON-IND-2026-354,general_registry,,"Lands Registry"
183503,CON-IND-2026-354,physical_registry,,"Registry 3 - Land"
183504,CON-IND-2026-355,registry,,3
183504,CON-IND-2026-355,general_registry,,"Lands Registry"
183504,CON-IND-2026-355,physical_registry,,"Registry 3 - Land"
183505,CON-IND-2026-356,registry,,3
183505,CON-IND-2026-356,general_registry,,"Lands Registry"
183505,CON-IND-2026-356,physical_registry,,"Registry 3 - Land"
183506,CON-IND-2026-357,registry,,3
183506,CON-IND-2026-357,general_registry,,"Lands Registry"
183506,CON-IND-2026-357,physical_registry,,"Registry 3 - Land"
183507,CON-IND-2026-358,registry,,3
183507,CON-IND-2026-358,general_registry,,"Lands Registry"
183507,CON-IND-2026-358,physical_registry,,"Registry 3 - Land"
183508,CON-IND-2026-359,registry,,3
183508,CON-IND-2026-359,general_registry,,"Lands Registry"
183508,CON-IND-2026-359,physical_registry,,"Registry 3 - Land"
183509,CON-IND-2026-360,registry,,3
183509,CON-IND-2026-360,general_registry,,"Lands Registry"
183509,CON-IND-2026-360,physical_registry,,"Registry 3 - Land"
183510,CON-IND-2026-361,registry,,3
183510,CON-IND-2026-361,general_registry,,"Lands Registry"
183510,CON-IND-2026-361,physical_registry,,"Registry 3 - Land"
183511,CON-IND-2026-362,registry,,3
183511,CON-IND-2026-362,general_registry,,"Lands Registry"
183511,CON-IND-2026-362,physical_registry,,"Registry 3 - Land"
183512,CON-IND-2026-363,registry,,3
183512,CON-IND-2026-363,general_registry,,"Lands Registry"
183512,CON-IND-2026-363,physical_registry,,"Registry 3 - Land"
183513,CON-IND-2026-364,registry,,3
183513,CON-IND-2026-364,general_registry,,"Lands Registry"
183513,CON-IND-2026-364,physical_registry,,"Registry 3 - Land"
183514,CON-IND-2026-365,registry,,3
183514,CON-IND-2026-365,general_registry,,"Lands Registry"
183514,CON-IND-2026-365,physical_registry,,"Registry 3 - Land"
183515,CON-IND-2026-366,registry,,3
183515,CON-IND-2026-366,general_registry,,"Lands Registry"
183515,CON-IND-2026-366,physical_registry,,"Registry 3 - Land"
183516,CON-IND-2026-367,registry,,3
183516,CON-IND-2026-367,general_registry,,"Lands Registry"
183516,CON-IND-2026-367,physical_registry,,"Registry 3 - Land"
183517,CON-IND-2026-368,registry,,3
183517,CON-IND-2026-368,general_registry,,"Lands Registry"
183517,CON-IND-2026-368,physical_registry,,"Registry 3 - Land"
183518,CON-IND-2026-369,registry,,3
183518,CON-IND-2026-369,general_registry,,"Lands Registry"
183518,CON-IND-2026-369,physical_registry,,"Registry 3 - Land"
183519,CON-IND-2026-370,registry,,3
183519,CON-IND-2026-370,general_registry,,"Lands Registry"
183519,CON-IND-2026-370,physical_registry,,"Registry 3 - Land"
183520,CON-IND-2026-371,registry,,3
183520,CON-IND-2026-371,general_registry,,"Lands Registry"
183520,CON-IND-2026-371,physical_registry,,"Registry 3 - Land"
183521,CON-IND-2026-372,registry,,3
183521,CON-IND-2026-372,general_registry,,"Lands Registry"
183521,CON-IND-2026-372,physical_registry,,"Registry 3 - Land"
183522,CON-IND-2026-373,registry,,3
183522,CON-IND-2026-373,general_registry,,"Lands Registry"
183522,CON-IND-2026-373,physical_registry,,"Registry 3 - Land"
183523,CON-IND-2026-374,registry,,3
183523,CON-IND-2026-374,general_registry,,"Lands Registry"
183523,CON-IND-2026-374,physical_registry,,"Registry 3 - Land"
183524,CON-IND-2026-375,registry,,3
183524,CON-IND-2026-375,general_registry,,"Lands Registry"
183524,CON-IND-2026-375,physical_registry,,"Registry 3 - Land"
183525,CON-IND-2026-376,registry,,3
183525,CON-IND-2026-376,general_registry,,"Lands Registry"
183525,CON-IND-2026-376,physical_registry,,"Registry 3 - Land"
183526,CON-IND-2026-377,registry,,3
183526,CON-IND-2026-377,general_registry,,"Lands Registry"
183526,CON-IND-2026-377,physical_registry,,"Registry 3 - Land"
183527,CON-IND-2026-378,registry,,3
183527,CON-IND-2026-378,general_registry,,"Lands Registry"
183527,CON-IND-2026-378,physical_registry,,"Registry 3 - Land"
183528,CON-IND-2026-379,registry,,3
183528,CON-IND-2026-379,general_registry,,"Lands Registry"
183528,CON-IND-2026-379,physical_registry,,"Registry 3 - Land"
183529,CON-IND-2026-380,registry,,3
183529,CON-IND-2026-380,general_registry,,"Lands Registry"
183529,CON-IND-2026-380,physical_registry,,"Registry 3 - Land"
183530,CON-IND-2026-381,registry,,3
183530,CON-IND-2026-381,general_registry,,"Lands Registry"
183530,CON-IND-2026-381,physical_registry,,"Registry 3 - Land"
183531,CON-IND-2026-382,registry,,3
183531,CON-IND-2026-382,general_registry,,"Lands Registry"
183531,CON-IND-2026-382,physical_registry,,"Registry 3 - Land"
183532,CON-IND-2026-383,registry,,3
183532,CON-IND-2026-383,general_registry,,"Lands Registry"
183532,CON-IND-2026-383,physical_registry,,"Registry 3 - Land"
183533,CON-IND-2026-384,registry,,3
183533,CON-IND-2026-384,general_registry,,"Lands Registry"
183533,CON-IND-2026-384,physical_registry,,"Registry 3 - Land"
183534,CON-IND-2026-385,registry,,3
183534,CON-IND-2026-385,general_registry,,"Lands Registry"
183534,CON-IND-2026-385,physical_registry,,"Registry 3 - Land"
183535,CON-IND-2026-386,registry,,3
183535,CON-IND-2026-386,general_registry,,"Lands Registry"
183535,CON-IND-2026-386,physical_registry,,"Registry 3 - Land"
183536,CON-IND-2026-387,registry,,3
183536,CON-IND-2026-387,general_registry,,"Lands Registry"
183536,CON-IND-2026-387,physical_registry,,"Registry 3 - Land"
183537,CON-IND-2026-388,registry,,3
183537,CON-IND-2026-388,general_registry,,"Lands Registry"
183537,CON-IND-2026-388,physical_registry,,"Registry 3 - Land"
183538,CON-IND-2026-389,registry,,3
183538,CON-IND-2026-389,general_registry,,"Lands Registry"
183538,CON-IND-2026-389,physical_registry,,"Registry 3 - Land"
183539,CON-IND-2026-390,registry,,3
183539,CON-IND-2026-390,general_registry,,"Lands Registry"
183539,CON-IND-2026-390,physical_registry,,"Registry 3 - Land"
183540,CON-IND-2026-391,registry,,3
183540,CON-IND-2026-391,general_registry,,"Lands Registry"
183540,CON-IND-2026-391,physical_registry,,"Registry 3 - Land"
183541,CON-IND-2026-392,registry,,3
183541,CON-IND-2026-392,general_registry,,"Lands Registry"
183541,CON-IND-2026-392,physical_registry,,"Registry 3 - Land"
183542,CON-IND-2026-393,registry,,3
183542,CON-IND-2026-393,general_registry,,"Lands Registry"
183542,CON-IND-2026-393,physical_registry,,"Registry 3 - Land"
183543,CON-IND-2026-394,registry,,3
183543,CON-IND-2026-394,general_registry,,"Lands Registry"
183543,CON-IND-2026-394,physical_registry,,"Registry 3 - Land"
183544,CON-IND-2026-395,registry,,3
183544,CON-IND-2026-395,general_registry,,"Lands Registry"
183544,CON-IND-2026-395,physical_registry,,"Registry 3 - Land"
183545,CON-IND-2026-396,registry,,3
183545,CON-IND-2026-396,general_registry,,"Lands Registry"
183545,CON-IND-2026-396,physical_registry,,"Registry 3 - Land"
183546,CON-IND-2026-397,registry,,3
183546,CON-IND-2026-397,general_registry,,"Lands Registry"
183546,CON-IND-2026-397,physical_registry,,"Registry 3 - Land"
183547,CON-IND-2026-398,registry,,3
183547,CON-IND-2026-398,general_registry,,"Lands Registry"
183547,CON-IND-2026-398,physical_registry,,"Registry 3 - Land"
183548,CON-IND-2026-399,registry,,3
183548,CON-IND-2026-399,general_registry,,"Lands Registry"
183548,CON-IND-2026-399,physical_registry,,"Registry 3 - Land"
183549,CON-IND-2026-400,registry,,3
183549,CON-IND-2026-400,general_registry,,"Lands Registry"
183549,CON-IND-2026-400,physical_registry,,"Registry 3 - Land"
183550,CON-IND-2026-401,registry,,3
183550,CON-IND-2026-401,general_registry,,"Lands Registry"
183550,CON-IND-2026-401,physical_registry,,"Registry 3 - Land"
183551,CON-IND-2026-402,registry,,3
183551,CON-IND-2026-402,general_registry,,"Lands Registry"
183551,CON-IND-2026-402,physical_registry,,"Registry 3 - Land"
183552,CON-IND-2026-403,registry,,3
183552,CON-IND-2026-403,general_registry,,"Lands Registry"
183552,CON-IND-2026-403,physical_registry,,"Registry 3 - Land"
183553,CON-IND-2026-404,registry,,3
183553,CON-IND-2026-404,general_registry,,"Lands Registry"
183553,CON-IND-2026-404,physical_registry,,"Registry 3 - Land"
183554,CON-IND-2026-405,registry,,3
183554,CON-IND-2026-405,general_registry,,"Lands Registry"
183554,CON-IND-2026-405,physical_registry,,"Registry 3 - Land"
183555,CON-IND-2026-406,registry,,3
183555,CON-IND-2026-406,general_registry,,"Lands Registry"
183555,CON-IND-2026-406,physical_registry,,"Registry 3 - Land"
183556,CON-IND-2026-407,registry,,3
183556,CON-IND-2026-407,general_registry,,"Lands Registry"
183556,CON-IND-2026-407,physical_registry,,"Registry 3 - Land"
183557,CON-IND-2026-408,registry,,3
183557,CON-IND-2026-408,general_registry,,"Lands Registry"
183557,CON-IND-2026-408,physical_registry,,"Registry 3 - Land"
183558,CON-IND-2026-409,registry,,3
183558,CON-IND-2026-409,general_registry,,"Lands Registry"
183558,CON-IND-2026-409,physical_registry,,"Registry 3 - Land"
183559,CON-IND-2026-410,registry,,3
183559,CON-IND-2026-410,general_registry,,"Lands Registry"
183559,CON-IND-2026-410,physical_registry,,"Registry 3 - Land"
183560,CON-IND-2026-411,registry,,3
183560,CON-IND-2026-411,general_registry,,"Lands Registry"
183560,CON-IND-2026-411,physical_registry,,"Registry 3 - Land"
183561,CON-IND-2026-412,registry,,3
183561,CON-IND-2026-412,general_registry,,"Lands Registry"
183561,CON-IND-2026-412,physical_registry,,"Registry 3 - Land"
183562,CON-IND-2026-413,registry,,3
183562,CON-IND-2026-413,general_registry,,"Lands Registry"
183562,CON-IND-2026-413,physical_registry,,"Registry 3 - Land"
183563,CON-IND-2026-414,registry,,3
183563,CON-IND-2026-414,general_registry,,"Lands Registry"
183563,CON-IND-2026-414,physical_registry,,"Registry 3 - Land"
183564,CON-IND-2026-415,registry,,3
183564,CON-IND-2026-415,general_registry,,"Lands Registry"
183564,CON-IND-2026-415,physical_registry,,"Registry 3 - Land"
183565,CON-IND-2026-416,registry,,3
183565,CON-IND-2026-416,general_registry,,"Lands Registry"
183565,CON-IND-2026-416,physical_registry,,"Registry 3 - Land"
183566,CON-IND-2026-417,registry,,3
183566,CON-IND-2026-417,general_registry,,"Lands Registry"
183566,CON-IND-2026-417,physical_registry,,"Registry 3 - Land"
183567,CON-IND-2026-418,registry,,3
183567,CON-IND-2026-418,general_registry,,"Lands Registry"
183567,CON-IND-2026-418,physical_registry,,"Registry 3 - Land"
183568,CON-IND-2026-419,registry,,3
183568,CON-IND-2026-419,general_registry,,"Lands Registry"
183568,CON-IND-2026-419,physical_registry,,"Registry 3 - Land"
183569,CON-IND-2026-420,registry,,3
183569,CON-IND-2026-420,general_registry,,"Lands Registry"
183569,CON-IND-2026-420,physical_registry,,"Registry 3 - Land"
183570,CON-IND-2026-421,registry,,3
183570,CON-IND-2026-421,general_registry,,"Lands Registry"
183570,CON-IND-2026-421,physical_registry,,"Registry 3 - Land"
183571,CON-IND-2026-422,registry,,3
183571,CON-IND-2026-422,general_registry,,"Lands Registry"
183571,CON-IND-2026-422,physical_registry,,"Registry 3 - Land"
183572,CON-IND-2026-423,registry,,3
183572,CON-IND-2026-423,general_registry,,"Lands Registry"
183572,CON-IND-2026-423,physical_registry,,"Registry 3 - Land"
183573,CON-IND-2026-424,registry,,3
183573,CON-IND-2026-424,general_registry,,"Lands Registry"
183573,CON-IND-2026-424,physical_registry,,"Registry 3 - Land"
183574,CON-IND-2026-425,registry,,3
183574,CON-IND-2026-425,general_registry,,"Lands Registry"
183574,CON-IND-2026-425,physical_registry,,"Registry 3 - Land"
183575,CON-IND-2026-426,registry,,3
183575,CON-IND-2026-426,general_registry,,"Lands Registry"
183575,CON-IND-2026-426,physical_registry,,"Registry 3 - Land"
183576,CON-IND-2026-427,registry,,3
183576,CON-IND-2026-427,general_registry,,"Lands Registry"
183576,CON-IND-2026-427,physical_registry,,"Registry 3 - Land"
183577,CON-IND-2026-428,registry,,3
183577,CON-IND-2026-428,general_registry,,"Lands Registry"
183577,CON-IND-2026-428,physical_registry,,"Registry 3 - Land"
183578,CON-IND-2026-429,registry,,3
183578,CON-IND-2026-429,general_registry,,"Lands Registry"
183578,CON-IND-2026-429,physical_registry,,"Registry 3 - Land"
183579,CON-IND-2026-430,registry,,3
183579,CON-IND-2026-430,general_registry,,"Lands Registry"
183579,CON-IND-2026-430,physical_registry,,"Registry 3 - Land"
183580,CON-IND-2026-431,registry,,3
183580,CON-IND-2026-431,general_registry,,"Lands Registry"
183580,CON-IND-2026-431,physical_registry,,"Registry 3 - Land"
183581,CON-IND-2026-432,registry,,3
183581,CON-IND-2026-432,general_registry,,"Lands Registry"
183581,CON-IND-2026-432,physical_registry,,"Registry 3 - Land"
183582,CON-IND-2026-433,registry,,3
183582,CON-IND-2026-433,general_registry,,"Lands Registry"
183582,CON-IND-2026-433,physical_registry,,"Registry 3 - Land"
183583,CON-IND-2026-434,registry,,3
183583,CON-IND-2026-434,general_registry,,"Lands Registry"
183583,CON-IND-2026-434,physical_registry,,"Registry 3 - Land"
183584,CON-IND-2026-435,registry,,3
183584,CON-IND-2026-435,general_registry,,"Lands Registry"
183584,CON-IND-2026-435,physical_registry,,"Registry 3 - Land"
183585,CON-IND-2026-436,registry,,3
183585,CON-IND-2026-436,general_registry,,"Lands Registry"
183585,CON-IND-2026-436,physical_registry,,"Registry 3 - Land"
183586,CON-IND-2026-437,registry,,3
183586,CON-IND-2026-437,general_registry,,"Lands Registry"
183586,CON-IND-2026-437,physical_registry,,"Registry 3 - Land"
183587,CON-IND-2026-438,registry,,3
183587,CON-IND-2026-438,general_registry,,"Lands Registry"
183587,CON-IND-2026-438,physical_registry,,"Registry 3 - Land"
183588,CON-IND-2026-439,registry,,3
183588,CON-IND-2026-439,general_registry,,"Lands Registry"
183588,CON-IND-2026-439,physical_registry,,"Registry 3 - Land"
183589,CON-IND-2026-440,registry,,3
183589,CON-IND-2026-440,general_registry,,"Lands Registry"
183589,CON-IND-2026-440,physical_registry,,"Registry 3 - Land"
183590,CON-IND-2026-441,registry,,3
183590,CON-IND-2026-441,general_registry,,"Lands Registry"
183590,CON-IND-2026-441,physical_registry,,"Registry 3 - Land"
183591,CON-IND-2026-442,registry,,3
183591,CON-IND-2026-442,general_registry,,"Lands Registry"
183591,CON-IND-2026-442,physical_registry,,"Registry 3 - Land"
183592,CON-IND-2026-443,registry,,3
183592,CON-IND-2026-443,general_registry,,"Lands Registry"
183592,CON-IND-2026-443,physical_registry,,"Registry 3 - Land"
183593,CON-IND-2026-444,registry,,3
183593,CON-IND-2026-444,general_registry,,"Lands Registry"
183593,CON-IND-2026-444,physical_registry,,"Registry 3 - Land"
183594,CON-IND-2026-445,registry,,3
183594,CON-IND-2026-445,general_registry,,"Lands Registry"
183594,CON-IND-2026-445,physical_registry,,"Registry 3 - Land"
183595,CON-IND-2026-446,registry,,3
183595,CON-IND-2026-446,general_registry,,"Lands Registry"
183595,CON-IND-2026-446,physical_registry,,"Registry 3 - Land"
183596,CON-IND-2026-447,registry,,3
183596,CON-IND-2026-447,general_registry,,"Lands Registry"
183596,CON-IND-2026-447,physical_registry,,"Registry 3 - Land"
183597,CON-IND-2026-448,registry,,3
183597,CON-IND-2026-448,general_registry,,"Lands Registry"
183597,CON-IND-2026-448,physical_registry,,"Registry 3 - Land"
183598,CON-IND-2026-449,registry,,3
183598,CON-IND-2026-449,general_registry,,"Lands Registry"
183598,CON-IND-2026-449,physical_registry,,"Registry 3 - Land"
183599,CON-IND-2026-450,registry,,3
183599,CON-IND-2026-450,general_registry,,"Lands Registry"
183599,CON-IND-2026-450,physical_registry,,"Registry 3 - Land"
183600,CON-IND-2026-451,registry,,3
183600,CON-IND-2026-451,general_registry,,"Lands Registry"
183600,CON-IND-2026-451,physical_registry,,"Registry 3 - Land"
183601,CON-IND-2026-452,registry,,3
183601,CON-IND-2026-452,general_registry,,"Lands Registry"
183601,CON-IND-2026-452,physical_registry,,"Registry 3 - Land"
183602,CON-IND-2026-453,registry,,3
183602,CON-IND-2026-453,general_registry,,"Lands Registry"
183602,CON-IND-2026-453,physical_registry,,"Registry 3 - Land"
183603,CON-IND-2026-454,registry,,3
183603,CON-IND-2026-454,general_registry,,"Lands Registry"
183603,CON-IND-2026-454,physical_registry,,"Registry 3 - Land"
183604,CON-IND-2026-455,registry,,3
183604,CON-IND-2026-455,general_registry,,"Lands Registry"
183604,CON-IND-2026-455,physical_registry,,"Registry 3 - Land"
183605,CON-IND-2026-456,registry,,3
183605,CON-IND-2026-456,general_registry,,"Lands Registry"
183605,CON-IND-2026-456,physical_registry,,"Registry 3 - Land"
183606,CON-IND-2026-457,registry,,3
183606,CON-IND-2026-457,general_registry,,"Lands Registry"
183606,CON-IND-2026-457,physical_registry,,"Registry 3 - Land"
183607,CON-IND-2026-458,registry,,3
183607,CON-IND-2026-458,general_registry,,"Lands Registry"
183607,CON-IND-2026-458,physical_registry,,"Registry 3 - Land"
183608,CON-IND-2026-459,registry,,3
183608,CON-IND-2026-459,general_registry,,"Lands Registry"
183608,CON-IND-2026-459,physical_registry,,"Registry 3 - Land"
183609,CON-IND-2026-460,registry,,3
183609,CON-IND-2026-460,general_registry,,"Lands Registry"
183609,CON-IND-2026-460,physical_registry,,"Registry 3 - Land"
183610,CON-IND-2026-461,registry,,3
183610,CON-IND-2026-461,general_registry,,"Lands Registry"
183610,CON-IND-2026-461,physical_registry,,"Registry 3 - Land"
183611,CON-IND-2026-462,registry,,3
183611,CON-IND-2026-462,general_registry,,"Lands Registry"
183611,CON-IND-2026-462,physical_registry,,"Registry 3 - Land"
183612,CON-IND-2026-463,registry,,3
183612,CON-IND-2026-463,general_registry,,"Lands Registry"
183612,CON-IND-2026-463,physical_registry,,"Registry 3 - Land"
183613,CON-IND-2026-464,registry,,3
183613,CON-IND-2026-464,general_registry,,"Lands Registry"
183613,CON-IND-2026-464,physical_registry,,"Registry 3 - Land"
183614,CON-IND-2026-465,registry,,3
183614,CON-IND-2026-465,general_registry,,"Lands Registry"
183614,CON-IND-2026-465,physical_registry,,"Registry 3 - Land"
183615,CON-IND-2026-466,registry,,3
183615,CON-IND-2026-466,general_registry,,"Lands Registry"
183615,CON-IND-2026-466,physical_registry,,"Registry 3 - Land"
183616,CON-IND-2026-467,registry,,3
183616,CON-IND-2026-467,general_registry,,"Lands Registry"
183616,CON-IND-2026-467,physical_registry,,"Registry 3 - Land"
183617,CON-IND-2026-468,registry,,3
183617,CON-IND-2026-468,general_registry,,"Lands Registry"
183617,CON-IND-2026-468,physical_registry,,"Registry 3 - Land"
183618,CON-IND-2026-469,registry,,3
183618,CON-IND-2026-469,general_registry,,"Lands Registry"
183618,CON-IND-2026-469,physical_registry,,"Registry 3 - Land"
183619,CON-IND-2026-470,registry,,3
183619,CON-IND-2026-470,general_registry,,"Lands Registry"
183619,CON-IND-2026-470,physical_registry,,"Registry 3 - Land"
183620,CON-IND-2026-471,registry,,3
183620,CON-IND-2026-471,general_registry,,"Lands Registry"
183620,CON-IND-2026-471,physical_registry,,"Registry 3 - Land"
183621,CON-IND-2026-472,registry,,3
183621,CON-IND-2026-472,general_registry,,"Lands Registry"
183621,CON-IND-2026-472,physical_registry,,"Registry 3 - Land"
183622,CON-IND-2026-473,registry,,3
183622,CON-IND-2026-473,general_registry,,"Lands Registry"
183622,CON-IND-2026-473,physical_registry,,"Registry 3 - Land"
183623,CON-IND-2026-474,registry,,3
183623,CON-IND-2026-474,general_registry,,"Lands Registry"
183623,CON-IND-2026-474,physical_registry,,"Registry 3 - Land"
183624,CON-IND-2026-475,registry,,3
183624,CON-IND-2026-475,general_registry,,"Lands Registry"
183624,CON-IND-2026-475,physical_registry,,"Registry 3 - Land"
183625,CON-IND-2026-476,registry,,3
183625,CON-IND-2026-476,general_registry,,"Lands Registry"
183625,CON-IND-2026-476,physical_registry,,"Registry 3 - Land"
183626,CON-IND-2026-477,registry,,3
183626,CON-IND-2026-477,general_registry,,"Lands Registry"
183626,CON-IND-2026-477,physical_registry,,"Registry 3 - Land"
183627,CON-IND-2026-478,registry,,3
183627,CON-IND-2026-478,general_registry,,"Lands Registry"
183627,CON-IND-2026-478,physical_registry,,"Registry 3 - Land"
183628,CON-IND-2026-479,registry,,3
183628,CON-IND-2026-479,general_registry,,"Lands Registry"
183628,CON-IND-2026-479,physical_registry,,"Registry 3 - Land"
183629,CON-IND-2026-480,registry,,3
183629,CON-IND-2026-480,general_registry,,"Lands Registry"
183629,CON-IND-2026-480,physical_registry,,"Registry 3 - Land"
183630,CON-IND-2026-481,registry,,3
183630,CON-IND-2026-481,general_registry,,"Lands Registry"
183630,CON-IND-2026-481,physical_registry,,"Registry 3 - Land"
183631,CON-IND-2026-482,registry,,3
183631,CON-IND-2026-482,general_registry,,"Lands Registry"
183631,CON-IND-2026-482,physical_registry,,"Registry 3 - Land"
183632,CON-IND-2026-483,registry,,3
183632,CON-IND-2026-483,general_registry,,"Lands Registry"
183632,CON-IND-2026-483,physical_registry,,"Registry 3 - Land"
183633,CON-IND-2026-484,registry,,3
183633,CON-IND-2026-484,general_registry,,"Lands Registry"
183633,CON-IND-2026-484,physical_registry,,"Registry 3 - Land"
183634,CON-IND-2026-485,registry,,3
183634,CON-IND-2026-485,general_registry,,"Lands Registry"
183634,CON-IND-2026-485,physical_registry,,"Registry 3 - Land"
183635,CON-IND-2026-486,registry,,3
183635,CON-IND-2026-486,general_registry,,"Lands Registry"
183635,CON-IND-2026-486,physical_registry,,"Registry 3 - Land"
183636,CON-IND-2026-487,registry,,3
183636,CON-IND-2026-487,general_registry,,"Lands Registry"
183636,CON-IND-2026-487,physical_registry,,"Registry 3 - Land"
183637,CON-IND-2026-488,registry,,3
183637,CON-IND-2026-488,general_registry,,"Lands Registry"
183637,CON-IND-2026-488,physical_registry,,"Registry 3 - Land"
183638,CON-IND-2026-489,registry,,3
183638,CON-IND-2026-489,general_registry,,"Lands Registry"
183638,CON-IND-2026-489,physical_registry,,"Registry 3 - Land"
183639,CON-IND-2026-490,registry,,3
183639,CON-IND-2026-490,general_registry,,"Lands Registry"
183639,CON-IND-2026-490,physical_registry,,"Registry 3 - Land"
183640,CON-IND-2026-491,registry,,3
183640,CON-IND-2026-491,general_registry,,"Lands Registry"
183640,CON-IND-2026-491,physical_registry,,"Registry 3 - Land"
183641,CON-IND-2026-492,registry,,3
183641,CON-IND-2026-492,general_registry,,"Lands Registry"
183641,CON-IND-2026-492,physical_registry,,"Registry 3 - Land"
183642,CON-IND-2026-493,registry,,3
183642,CON-IND-2026-493,general_registry,,"Lands Registry"
183642,CON-IND-2026-493,physical_registry,,"Registry 3 - Land"
183643,CON-IND-2026-494,registry,,3
183643,CON-IND-2026-494,general_registry,,"Lands Registry"
183643,CON-IND-2026-494,physical_registry,,"Registry 3 - Land"
183644,CON-IND-2026-495,registry,,3
183644,CON-IND-2026-495,general_registry,,"Lands Registry"
183644,CON-IND-2026-495,physical_registry,,"Registry 3 - Land"
183645,CON-IND-2026-496,registry,,3
183645,CON-IND-2026-496,general_registry,,"Lands Registry"
183645,CON-IND-2026-496,physical_registry,,"Registry 3 - Land"
183646,CON-IND-2026-497,registry,,3
183646,CON-IND-2026-497,general_registry,,"Lands Registry"
183646,CON-IND-2026-497,physical_registry,,"Registry 3 - Land"
183647,CON-IND-2026-498,registry,,3
183647,CON-IND-2026-498,general_registry,,"Lands Registry"
183647,CON-IND-2026-498,physical_registry,,"Registry 3 - Land"
183648,CON-IND-2026-499,registry,,3
183648,CON-IND-2026-499,general_registry,,"Lands Registry"
183648,CON-IND-2026-499,physical_registry,,"Registry 3 - Land"
183649,CON-IND-2026-500,registry,,3
183649,CON-IND-2026-500,general_registry,,"Lands Registry"
183649,CON-IND-2026-500,physical_registry,,"Registry 3 - Land"
183650,CON-IND-2026-501,registry,,3
183650,CON-IND-2026-501,general_registry,,"Lands Registry"
183650,CON-IND-2026-501,physical_registry,,"Registry 3 - Land"
183651,CON-IND-2026-502,registry,,3
183651,CON-IND-2026-502,general_registry,,"Lands Registry"
183651,CON-IND-2026-502,physical_registry,,"Registry 3 - Land"
183652,CON-IND-2026-503,registry,,3
183652,CON-IND-2026-503,general_registry,,"Lands Registry"
183652,CON-IND-2026-503,physical_registry,,"Registry 3 - Land"
183653,CON-IND-2026-504,registry,,3
183653,CON-IND-2026-504,general_registry,,"Lands Registry"
183653,CON-IND-2026-504,physical_registry,,"Registry 3 - Land"
183654,CON-IND-2026-505,registry,,3
183654,CON-IND-2026-505,general_registry,,"Lands Registry"
183654,CON-IND-2026-505,physical_registry,,"Registry 3 - Land"
183655,CON-IND-2026-506,registry,,3
183655,CON-IND-2026-506,general_registry,,"Lands Registry"
183655,CON-IND-2026-506,physical_registry,,"Registry 3 - Land"
183656,CON-IND-2026-507,registry,,3
183656,CON-IND-2026-507,general_registry,,"Lands Registry"
183656,CON-IND-2026-507,physical_registry,,"Registry 3 - Land"
183657,CON-IND-2026-508,registry,,3
183657,CON-IND-2026-508,general_registry,,"Lands Registry"
183657,CON-IND-2026-508,physical_registry,,"Registry 3 - Land"
183658,CON-IND-2026-509,registry,,3
183658,CON-IND-2026-509,general_registry,,"Lands Registry"
183658,CON-IND-2026-509,physical_registry,,"Registry 3 - Land"
183659,CON-IND-2026-510,registry,,3
183659,CON-IND-2026-510,general_registry,,"Lands Registry"
183659,CON-IND-2026-510,physical_registry,,"Registry 3 - Land"
183660,CON-IND-2026-511,registry,,3
183660,CON-IND-2026-511,general_registry,,"Lands Registry"
183660,CON-IND-2026-511,physical_registry,,"Registry 3 - Land"
183661,CON-IND-2026-512,registry,,3
183661,CON-IND-2026-512,general_registry,,"Lands Registry"
183661,CON-IND-2026-512,physical_registry,,"Registry 3 - Land"
183662,CON-IND-2026-513,registry,,3
183662,CON-IND-2026-513,general_registry,,"Lands Registry"
183662,CON-IND-2026-513,physical_registry,,"Registry 3 - Land"
183663,CON-IND-2026-514,registry,,3
183663,CON-IND-2026-514,general_registry,,"Lands Registry"
183663,CON-IND-2026-514,physical_registry,,"Registry 3 - Land"
183664,CON-IND-2026-515,registry,,3
183664,CON-IND-2026-515,general_registry,,"Lands Registry"
183664,CON-IND-2026-515,physical_registry,,"Registry 3 - Land"
183665,CON-IND-2026-516,registry,,3
183665,CON-IND-2026-516,general_registry,,"Lands Registry"
183665,CON-IND-2026-516,physical_registry,,"Registry 3 - Land"
183666,CON-IND-2026-517,registry,,3
183666,CON-IND-2026-517,general_registry,,"Lands Registry"
183666,CON-IND-2026-517,physical_registry,,"Registry 3 - Land"
183667,CON-IND-2026-518,registry,,3
183667,CON-IND-2026-518,general_registry,,"Lands Registry"
183667,CON-IND-2026-518,physical_registry,,"Registry 3 - Land"
183668,CON-IND-2026-519,registry,,3
183668,CON-IND-2026-519,general_registry,,"Lands Registry"
183668,CON-IND-2026-519,physical_registry,,"Registry 3 - Land"
183669,CON-IND-2026-520,registry,,3
183669,CON-IND-2026-520,general_registry,,"Lands Registry"
183669,CON-IND-2026-520,physical_registry,,"Registry 3 - Land"
183670,CON-IND-2026-521,registry,,3
183670,CON-IND-2026-521,general_registry,,"Lands Registry"
183670,CON-IND-2026-521,physical_registry,,"Registry 3 - Land"
183671,CON-IND-2026-522,registry,,3
183671,CON-IND-2026-522,general_registry,,"Lands Registry"
183671,CON-IND-2026-522,physical_registry,,"Registry 3 - Land"
183672,CON-IND-2026-523,registry,,3
183672,CON-IND-2026-523,general_registry,,"Lands Registry"
183672,CON-IND-2026-523,physical_registry,,"Registry 3 - Land"
183673,CON-IND-2026-524,registry,,3
183673,CON-IND-2026-524,general_registry,,"Lands Registry"
183673,CON-IND-2026-524,physical_registry,,"Registry 3 - Land"
183674,CON-IND-2026-525,registry,,3
183674,CON-IND-2026-525,general_registry,,"Lands Registry"
183674,CON-IND-2026-525,physical_registry,,"Registry 3 - Land"
183675,CON-IND-2026-526,registry,,3
183675,CON-IND-2026-526,general_registry,,"Lands Registry"
183675,CON-IND-2026-526,physical_registry,,"Registry 3 - Land"
183676,CON-IND-2026-527,registry,,3
183676,CON-IND-2026-527,general_registry,,"Lands Registry"
183676,CON-IND-2026-527,physical_registry,,"Registry 3 - Land"
183677,CON-IND-2026-528,registry,,3
183677,CON-IND-2026-528,general_registry,,"Lands Registry"
183677,CON-IND-2026-528,physical_registry,,"Registry 3 - Land"
183678,CON-IND-2026-529,registry,,3
183678,CON-IND-2026-529,general_registry,,"Lands Registry"
183678,CON-IND-2026-529,physical_registry,,"Registry 3 - Land"
183679,CON-IND-2026-530,registry,,3
183679,CON-IND-2026-530,general_registry,,"Lands Registry"
183679,CON-IND-2026-530,physical_registry,,"Registry 3 - Land"
183680,CON-IND-2026-531,registry,,3
183680,CON-IND-2026-531,general_registry,,"Lands Registry"
183680,CON-IND-2026-531,physical_registry,,"Registry 3 - Land"
183681,CON-IND-2026-532,registry,,3
183681,CON-IND-2026-532,general_registry,,"Lands Registry"
183681,CON-IND-2026-532,physical_registry,,"Registry 3 - Land"
183682,CON-IND-2026-533,registry,,3
183682,CON-IND-2026-533,general_registry,,"Lands Registry"
183682,CON-IND-2026-533,physical_registry,,"Registry 3 - Land"
183683,CON-IND-2026-534,registry,,3
183683,CON-IND-2026-534,general_registry,,"Lands Registry"
183683,CON-IND-2026-534,physical_registry,,"Registry 3 - Land"
183684,CON-IND-2026-535,registry,,3
183684,CON-IND-2026-535,general_registry,,"Lands Registry"
183684,CON-IND-2026-535,physical_registry,,"Registry 3 - Land"
183685,CON-IND-2026-536,registry,,3
183685,CON-IND-2026-536,general_registry,,"Lands Registry"
183685,CON-IND-2026-536,physical_registry,,"Registry 3 - Land"
183686,CON-IND-2026-537,registry,,3
183686,CON-IND-2026-537,general_registry,,"Lands Registry"
183686,CON-IND-2026-537,physical_registry,,"Registry 3 - Land"
183687,CON-IND-2026-538,registry,,3
183687,CON-IND-2026-538,general_registry,,"Lands Registry"
183687,CON-IND-2026-538,physical_registry,,"Registry 3 - Land"
183688,CON-IND-2026-539,registry,,3
183688,CON-IND-2026-539,general_registry,,"Lands Registry"
183688,CON-IND-2026-539,physical_registry,,"Registry 3 - Land"
183689,CON-IND-2026-540,registry,,3
183689,CON-IND-2026-540,general_registry,,"Lands Registry"
183689,CON-IND-2026-540,physical_registry,,"Registry 3 - Land"
183690,CON-IND-2026-541,registry,,3
183690,CON-IND-2026-541,general_registry,,"Lands Registry"
183690,CON-IND-2026-541,physical_registry,,"Registry 3 - Land"
183691,CON-IND-2026-542,registry,,3
183691,CON-IND-2026-542,general_registry,,"Lands Registry"
183691,CON-IND-2026-542,physical_registry,,"Registry 3 - Land"
183692,CON-IND-2026-543,registry,,3
183692,CON-IND-2026-543,general_registry,,"Lands Registry"
183692,CON-IND-2026-543,physical_registry,,"Registry 3 - Land"
183693,CON-IND-2026-544,registry,,3
183693,CON-IND-2026-544,general_registry,,"Lands Registry"
183693,CON-IND-2026-544,physical_registry,,"Registry 3 - Land"
183694,CON-IND-2026-545,registry,,3
183694,CON-IND-2026-545,general_registry,,"Lands Registry"
183694,CON-IND-2026-545,physical_registry,,"Registry 3 - Land"
183695,CON-IND-2026-546,registry,,3
183695,CON-IND-2026-546,general_registry,,"Lands Registry"
183695,CON-IND-2026-546,physical_registry,,"Registry 3 - Land"
183696,CON-IND-2026-547,registry,,3
183696,CON-IND-2026-547,general_registry,,"Lands Registry"
183696,CON-IND-2026-547,physical_registry,,"Registry 3 - Land"
183697,CON-IND-2026-548,registry,,3
183697,CON-IND-2026-548,general_registry,,"Lands Registry"
183697,CON-IND-2026-548,physical_registry,,"Registry 3 - Land"
183698,CON-IND-2026-549,registry,,3
183698,CON-IND-2026-549,general_registry,,"Lands Registry"
183698,CON-IND-2026-549,physical_registry,,"Registry 3 - Land"
183699,CON-IND-2026-550,registry,,3
183699,CON-IND-2026-550,general_registry,,"Lands Registry"
183699,CON-IND-2026-550,physical_registry,,"Registry 3 - Land"
183700,CON-IND-2026-551,registry,,3
183700,CON-IND-2026-551,general_registry,,"Lands Registry"
183700,CON-IND-2026-551,physical_registry,,"Registry 3 - Land"
183701,CON-IND-2026-552,registry,,3
183701,CON-IND-2026-552,general_registry,,"Lands Registry"
183701,CON-IND-2026-552,physical_registry,,"Registry 3 - Land"
183702,CON-IND-2026-553,registry,,3
183702,CON-IND-2026-553,general_registry,,"Lands Registry"
183702,CON-IND-2026-553,physical_registry,,"Registry 3 - Land"
183703,CON-IND-2026-554,registry,,3
183703,CON-IND-2026-554,general_registry,,"Lands Registry"
183703,CON-IND-2026-554,physical_registry,,"Registry 3 - Land"
183704,CON-IND-2026-555,registry,,3
183704,CON-IND-2026-555,general_registry,,"Lands Registry"
183704,CON-IND-2026-555,physical_registry,,"Registry 3 - Land"
183705,CON-IND-2026-556,registry,,3
183705,CON-IND-2026-556,general_registry,,"Lands Registry"
183705,CON-IND-2026-556,physical_registry,,"Registry 3 - Land"
183706,CON-IND-2026-557,registry,,3
183706,CON-IND-2026-557,general_registry,,"Lands Registry"
183706,CON-IND-2026-557,physical_registry,,"Registry 3 - Land"
183707,CON-IND-2026-558,registry,,3
183707,CON-IND-2026-558,general_registry,,"Lands Registry"
183707,CON-IND-2026-558,physical_registry,,"Registry 3 - Land"
183708,CON-IND-2026-559,registry,,3
183708,CON-IND-2026-559,general_registry,,"Lands Registry"
183708,CON-IND-2026-559,physical_registry,,"Registry 3 - Land"
183709,CON-IND-2026-560,registry,,3
183709,CON-IND-2026-560,general_registry,,"Lands Registry"
183709,CON-IND-2026-560,physical_registry,,"Registry 3 - Land"
183710,CON-IND-2026-561,registry,,3
183710,CON-IND-2026-561,general_registry,,"Lands Registry"
183710,CON-IND-2026-561,physical_registry,,"Registry 3 - Land"
183711,CON-IND-2026-562,registry,,3
183711,CON-IND-2026-562,general_registry,,"Lands Registry"
183711,CON-IND-2026-562,physical_registry,,"Registry 3 - Land"
183712,CON-IND-2026-563,registry,,3
183712,CON-IND-2026-563,general_registry,,"Lands Registry"
183712,CON-IND-2026-563,physical_registry,,"Registry 3 - Land"
183713,CON-IND-2026-564,registry,,3
183713,CON-IND-2026-564,general_registry,,"Lands Registry"
183713,CON-IND-2026-564,physical_registry,,"Registry 3 - Land"
183714,CON-IND-2026-565,registry,,3
183714,CON-IND-2026-565,general_registry,,"Lands Registry"
183714,CON-IND-2026-565,physical_registry,,"Registry 3 - Land"
183715,CON-IND-2026-566,registry,,3
183715,CON-IND-2026-566,general_registry,,"Lands Registry"
183715,CON-IND-2026-566,physical_registry,,"Registry 3 - Land"
183716,CON-IND-2026-567,registry,,3
183716,CON-IND-2026-567,general_registry,,"Lands Registry"
183716,CON-IND-2026-567,physical_registry,,"Registry 3 - Land"
183717,CON-IND-2026-568,registry,,3
183717,CON-IND-2026-568,general_registry,,"Lands Registry"
183717,CON-IND-2026-568,physical_registry,,"Registry 3 - Land"
183718,CON-IND-2026-569,registry,,3
183718,CON-IND-2026-569,general_registry,,"Lands Registry"
183718,CON-IND-2026-569,physical_registry,,"Registry 3 - Land"
183719,CON-IND-2026-570,registry,,3
183719,CON-IND-2026-570,general_registry,,"Lands Registry"
183719,CON-IND-2026-570,physical_registry,,"Registry 3 - Land"
183720,CON-IND-2026-571,registry,,3
183720,CON-IND-2026-571,general_registry,,"Lands Registry"
183720,CON-IND-2026-571,physical_registry,,"Registry 3 - Land"
183721,CON-IND-2026-572,registry,,3
183721,CON-IND-2026-572,general_registry,,"Lands Registry"
183721,CON-IND-2026-572,physical_registry,,"Registry 3 - Land"
183722,CON-IND-2026-573,registry,,3
183722,CON-IND-2026-573,general_registry,,"Lands Registry"
183722,CON-IND-2026-573,physical_registry,,"Registry 3 - Land"
183723,CON-IND-2026-574,registry,,3
183723,CON-IND-2026-574,general_registry,,"Lands Registry"
183723,CON-IND-2026-574,physical_registry,,"Registry 3 - Land"
183724,CON-IND-2026-575,registry,,3
183724,CON-IND-2026-575,general_registry,,"Lands Registry"
183724,CON-IND-2026-575,physical_registry,,"Registry 3 - Land"
183725,CON-IND-2026-576,registry,,3
183725,CON-IND-2026-576,general_registry,,"Lands Registry"
183725,CON-IND-2026-576,physical_registry,,"Registry 3 - Land"
183726,CON-IND-2026-577,registry,,3
183726,CON-IND-2026-577,general_registry,,"Lands Registry"
183726,CON-IND-2026-577,physical_registry,,"Registry 3 - Land"
183727,CON-IND-2026-578,registry,,3
183727,CON-IND-2026-578,general_registry,,"Lands Registry"
183727,CON-IND-2026-578,physical_registry,,"Registry 3 - Land"
183728,CON-IND-2026-579,registry,,3
183728,CON-IND-2026-579,general_registry,,"Lands Registry"
183728,CON-IND-2026-579,physical_registry,,"Registry 3 - Land"
183729,CON-IND-2026-580,registry,,3
183729,CON-IND-2026-580,general_registry,,"Lands Registry"
183729,CON-IND-2026-580,physical_registry,,"Registry 3 - Land"
183730,CON-IND-2026-581,registry,,3
183730,CON-IND-2026-581,general_registry,,"Lands Registry"
183730,CON-IND-2026-581,physical_registry,,"Registry 3 - Land"
183731,CON-IND-2026-582,registry,,3
183731,CON-IND-2026-582,general_registry,,"Lands Registry"
183731,CON-IND-2026-582,physical_registry,,"Registry 3 - Land"
183732,CON-IND-2026-583,registry,,3
183732,CON-IND-2026-583,general_registry,,"Lands Registry"
183732,CON-IND-2026-583,physical_registry,,"Registry 3 - Land"
183733,CON-IND-2026-584,registry,,3
183733,CON-IND-2026-584,general_registry,,"Lands Registry"
183733,CON-IND-2026-584,physical_registry,,"Registry 3 - Land"
183734,CON-IND-2026-585,registry,,3
183734,CON-IND-2026-585,general_registry,,"Lands Registry"
183734,CON-IND-2026-585,physical_registry,,"Registry 3 - Land"
183735,CON-IND-2026-586,registry,,3
183735,CON-IND-2026-586,general_registry,,"Lands Registry"
183735,CON-IND-2026-586,physical_registry,,"Registry 3 - Land"
183736,CON-IND-2026-587,registry,,3
183736,CON-IND-2026-587,general_registry,,"Lands Registry"
183736,CON-IND-2026-587,physical_registry,,"Registry 3 - Land"
183737,CON-IND-2026-588,registry,,3
183737,CON-IND-2026-588,general_registry,,"Lands Registry"
183737,CON-IND-2026-588,physical_registry,,"Registry 3 - Land"
183738,CON-IND-2026-589,registry,,3
183738,CON-IND-2026-589,general_registry,,"Lands Registry"
183738,CON-IND-2026-589,physical_registry,,"Registry 3 - Land"
183739,CON-IND-2026-590,registry,,3
183739,CON-IND-2026-590,general_registry,,"Lands Registry"
183739,CON-IND-2026-590,physical_registry,,"Registry 3 - Land"
183740,CON-IND-2026-591,registry,,3
183740,CON-IND-2026-591,general_registry,,"Lands Registry"
183740,CON-IND-2026-591,physical_registry,,"Registry 3 - Land"
183741,CON-IND-2026-592,registry,,3
183741,CON-IND-2026-592,general_registry,,"Lands Registry"
183741,CON-IND-2026-592,physical_registry,,"Registry 3 - Land"
183742,CON-IND-2026-593,registry,,3
183742,CON-IND-2026-593,general_registry,,"Lands Registry"
183742,CON-IND-2026-593,physical_registry,,"Registry 3 - Land"
183743,CON-IND-2026-594,registry,,3
183743,CON-IND-2026-594,general_registry,,"Lands Registry"
183743,CON-IND-2026-594,physical_registry,,"Registry 3 - Land"
183744,CON-IND-2026-595,registry,,3
183744,CON-IND-2026-595,general_registry,,"Lands Registry"
183744,CON-IND-2026-595,physical_registry,,"Registry 3 - Land"
183745,CON-IND-2026-596,registry,,3
183745,CON-IND-2026-596,general_registry,,"Lands Registry"
183745,CON-IND-2026-596,physical_registry,,"Registry 3 - Land"
183746,CON-IND-2026-597,registry,,3
183746,CON-IND-2026-597,general_registry,,"Lands Registry"
183746,CON-IND-2026-597,physical_registry,,"Registry 3 - Land"
183747,CON-IND-2026-598,registry,,3
183747,CON-IND-2026-598,general_registry,,"Lands Registry"
183747,CON-IND-2026-598,physical_registry,,"Registry 3 - Land"
183748,CON-IND-2026-599,registry,,3
183748,CON-IND-2026-599,general_registry,,"Lands Registry"
183748,CON-IND-2026-599,physical_registry,,"Registry 3 - Land"
183749,CON-IND-2026-600,registry,,3
183749,CON-IND-2026-600,general_registry,,"Lands Registry"
183749,CON-IND-2026-600,physical_registry,,"Registry 3 - Land"
183750,CON-IND-2026-601,registry,,3
183750,CON-IND-2026-601,general_registry,,"Lands Registry"
183750,CON-IND-2026-601,physical_registry,,"Registry 3 - Land"
183751,CON-IND-2026-602,registry,,3
183751,CON-IND-2026-602,general_registry,,"Lands Registry"
183751,CON-IND-2026-602,physical_registry,,"Registry 3 - Land"
183752,CON-IND-2026-603,registry,,3
183752,CON-IND-2026-603,general_registry,,"Lands Registry"
183752,CON-IND-2026-603,physical_registry,,"Registry 3 - Land"
183753,CON-IND-2026-604,registry,,3
183753,CON-IND-2026-604,general_registry,,"Lands Registry"
183753,CON-IND-2026-604,physical_registry,,"Registry 3 - Land"
183754,CON-IND-2026-605,registry,,3
183754,CON-IND-2026-605,general_registry,,"Lands Registry"
183754,CON-IND-2026-605,physical_registry,,"Registry 3 - Land"
183755,CON-IND-2026-606,registry,,3
183755,CON-IND-2026-606,general_registry,,"Lands Registry"
183755,CON-IND-2026-606,physical_registry,,"Registry 3 - Land"
183756,CON-IND-2026-607,registry,,3
183756,CON-IND-2026-607,general_registry,,"Lands Registry"
183756,CON-IND-2026-607,physical_registry,,"Registry 3 - Land"
183757,CON-IND-2026-608,registry,,3
183757,CON-IND-2026-608,general_registry,,"Lands Registry"
183757,CON-IND-2026-608,physical_registry,,"Registry 3 - Land"
183758,CON-IND-2026-609,registry,,3
183758,CON-IND-2026-609,general_registry,,"Lands Registry"
183758,CON-IND-2026-609,physical_registry,,"Registry 3 - Land"
183759,CON-IND-2026-610,registry,,3
183759,CON-IND-2026-610,general_registry,,"Lands Registry"
183759,CON-IND-2026-610,physical_registry,,"Registry 3 - Land"
183760,CON-IND-2026-611,registry,,3
183760,CON-IND-2026-611,general_registry,,"Lands Registry"
183760,CON-IND-2026-611,physical_registry,,"Registry 3 - Land"
183761,CON-IND-2026-612,registry,,3
183761,CON-IND-2026-612,general_registry,,"Lands Registry"
183761,CON-IND-2026-612,physical_registry,,"Registry 3 - Land"
183762,CON-IND-2026-613,registry,,3
183762,CON-IND-2026-613,general_registry,,"Lands Registry"
183762,CON-IND-2026-613,physical_registry,,"Registry 3 - Land"
183763,CON-IND-2026-614,registry,,3
183763,CON-IND-2026-614,general_registry,,"Lands Registry"
183763,CON-IND-2026-614,physical_registry,,"Registry 3 - Land"
183764,CON-IND-2026-615,registry,,3
183764,CON-IND-2026-615,general_registry,,"Lands Registry"
183764,CON-IND-2026-615,physical_registry,,"Registry 3 - Land"
183765,CON-IND-2026-616,registry,,3
183765,CON-IND-2026-616,general_registry,,"Lands Registry"
183765,CON-IND-2026-616,physical_registry,,"Registry 3 - Land"
183766,CON-IND-2026-617,registry,,3
183766,CON-IND-2026-617,general_registry,,"Lands Registry"
183766,CON-IND-2026-617,physical_registry,,"Registry 3 - Land"
183767,CON-IND-2026-618,registry,,3
183767,CON-IND-2026-618,general_registry,,"Lands Registry"
183767,CON-IND-2026-618,physical_registry,,"Registry 3 - Land"
183768,CON-IND-2026-619,registry,,3
183768,CON-IND-2026-619,general_registry,,"Lands Registry"
183768,CON-IND-2026-619,physical_registry,,"Registry 3 - Land"
183769,CON-IND-2026-620,registry,,3
183769,CON-IND-2026-620,general_registry,,"Lands Registry"
183769,CON-IND-2026-620,physical_registry,,"Registry 3 - Land"
183770,CON-IND-2026-621,registry,,3
183770,CON-IND-2026-621,general_registry,,"Lands Registry"
183770,CON-IND-2026-621,physical_registry,,"Registry 3 - Land"
183771,CON-IND-2026-622,registry,,3
183771,CON-IND-2026-622,general_registry,,"Lands Registry"
183771,CON-IND-2026-622,physical_registry,,"Registry 3 - Land"
183772,CON-IND-2026-623,registry,,3
183772,CON-IND-2026-623,general_registry,,"Lands Registry"
183772,CON-IND-2026-623,physical_registry,,"Registry 3 - Land"
183773,CON-IND-2026-624,registry,,3
183773,CON-IND-2026-624,general_registry,,"Lands Registry"
183773,CON-IND-2026-624,physical_registry,,"Registry 3 - Land"
183774,CON-IND-2026-625,registry,,3
183774,CON-IND-2026-625,general_registry,,"Lands Registry"
183774,CON-IND-2026-625,physical_registry,,"Registry 3 - Land"
183775,CON-IND-2026-626,registry,,3
183775,CON-IND-2026-626,general_registry,,"Lands Registry"
183775,CON-IND-2026-626,physical_registry,,"Registry 3 - Land"
183776,CON-IND-2026-627,registry,,3
183776,CON-IND-2026-627,general_registry,,"Lands Registry"
183776,CON-IND-2026-627,physical_registry,,"Registry 3 - Land"
183777,CON-IND-2026-628,registry,,3
183777,CON-IND-2026-628,general_registry,,"Lands Registry"
183777,CON-IND-2026-628,physical_registry,,"Registry 3 - Land"
183778,CON-IND-2026-629,registry,,3
183778,CON-IND-2026-629,general_registry,,"Lands Registry"
183778,CON-IND-2026-629,physical_registry,,"Registry 3 - Land"
183779,CON-IND-2026-630,registry,,3
183779,CON-IND-2026-630,general_registry,,"Lands Registry"
183779,CON-IND-2026-630,physical_registry,,"Registry 3 - Land"
183780,CON-IND-2026-631,registry,,3
183780,CON-IND-2026-631,general_registry,,"Lands Registry"
183780,CON-IND-2026-631,physical_registry,,"Registry 3 - Land"
183781,CON-IND-2026-632,registry,,3
183781,CON-IND-2026-632,general_registry,,"Lands Registry"
183781,CON-IND-2026-632,physical_registry,,"Registry 3 - Land"
183782,CON-IND-2026-633,registry,,3
183782,CON-IND-2026-633,general_registry,,"Lands Registry"
183782,CON-IND-2026-633,physical_registry,,"Registry 3 - Land"
183783,CON-IND-2026-634,registry,,3
183783,CON-IND-2026-634,general_registry,,"Lands Registry"
183783,CON-IND-2026-634,physical_registry,,"Registry 3 - Land"
183784,CON-IND-2026-635,registry,,3
183784,CON-IND-2026-635,general_registry,,"Lands Registry"
183784,CON-IND-2026-635,physical_registry,,"Registry 3 - Land"
183785,CON-IND-2026-636,registry,,3
183785,CON-IND-2026-636,general_registry,,"Lands Registry"
183785,CON-IND-2026-636,physical_registry,,"Registry 3 - Land"
183786,CON-IND-2026-637,registry,,3
183786,CON-IND-2026-637,general_registry,,"Lands Registry"
183786,CON-IND-2026-637,physical_registry,,"Registry 3 - Land"
183787,CON-IND-2026-638,registry,,3
183787,CON-IND-2026-638,general_registry,,"Lands Registry"
183787,CON-IND-2026-638,physical_registry,,"Registry 3 - Land"
183788,CON-IND-2026-639,registry,,3
183788,CON-IND-2026-639,general_registry,,"Lands Registry"
183788,CON-IND-2026-639,physical_registry,,"Registry 3 - Land"
183789,CON-IND-2026-640,registry,,3
183789,CON-IND-2026-640,general_registry,,"Lands Registry"
183789,CON-IND-2026-640,physical_registry,,"Registry 3 - Land"
183790,CON-IND-2026-641,registry,,3
183790,CON-IND-2026-641,general_registry,,"Lands Registry"
183790,CON-IND-2026-641,physical_registry,,"Registry 3 - Land"
183791,CON-IND-2026-642,registry,,3
183791,CON-IND-2026-642,general_registry,,"Lands Registry"
183791,CON-IND-2026-642,physical_registry,,"Registry 3 - Land"
183792,CON-IND-2026-643,registry,,3
183792,CON-IND-2026-643,general_registry,,"Lands Registry"
183792,CON-IND-2026-643,physical_registry,,"Registry 3 - Land"
183793,CON-IND-2026-644,registry,,3
183793,CON-IND-2026-644,general_registry,,"Lands Registry"
183793,CON-IND-2026-644,physical_registry,,"Registry 3 - Land"
183794,CON-IND-2026-645,registry,,3
183794,CON-IND-2026-645,general_registry,,"Lands Registry"
183794,CON-IND-2026-645,physical_registry,,"Registry 3 - Land"
183795,CON-IND-2026-646,registry,,3
183795,CON-IND-2026-646,general_registry,,"Lands Registry"
183795,CON-IND-2026-646,physical_registry,,"Registry 3 - Land"
183796,CON-IND-2026-647,registry,,3
183796,CON-IND-2026-647,general_registry,,"Lands Registry"
183796,CON-IND-2026-647,physical_registry,,"Registry 3 - Land"
183797,CON-IND-2026-648,registry,,3
183797,CON-IND-2026-648,general_registry,,"Lands Registry"
183797,CON-IND-2026-648,physical_registry,,"Registry 3 - Land"
183798,CON-IND-2026-649,registry,,3
183798,CON-IND-2026-649,general_registry,,"Lands Registry"
183798,CON-IND-2026-649,physical_registry,,"Registry 3 - Land"
183799,CON-IND-2026-650,registry,,3
183799,CON-IND-2026-650,general_registry,,"Lands Registry"
183799,CON-IND-2026-650,physical_registry,,"Registry 3 - Land"
183800,CON-IND-2026-651,registry,,3
183800,CON-IND-2026-651,general_registry,,"Lands Registry"
183800,CON-IND-2026-651,physical_registry,,"Registry 3 - Land"
183801,CON-IND-2026-652,registry,,3
183801,CON-IND-2026-652,general_registry,,"Lands Registry"
183801,CON-IND-2026-652,physical_registry,,"Registry 3 - Land"
183802,CON-IND-2026-653,registry,,3
183802,CON-IND-2026-653,general_registry,,"Lands Registry"
183802,CON-IND-2026-653,physical_registry,,"Registry 3 - Land"
183803,CON-IND-2026-654,registry,,3
183803,CON-IND-2026-654,general_registry,,"Lands Registry"
183803,CON-IND-2026-654,physical_registry,,"Registry 3 - Land"
183804,CON-IND-2026-655,registry,,3
183804,CON-IND-2026-655,general_registry,,"Lands Registry"
183804,CON-IND-2026-655,physical_registry,,"Registry 3 - Land"
183805,CON-IND-2026-656,registry,,3
183805,CON-IND-2026-656,general_registry,,"Lands Registry"
183805,CON-IND-2026-656,physical_registry,,"Registry 3 - Land"
183806,CON-IND-2026-657,registry,,3
183806,CON-IND-2026-657,general_registry,,"Lands Registry"
183806,CON-IND-2026-657,physical_registry,,"Registry 3 - Land"
183807,CON-IND-2026-658,registry,,3
183807,CON-IND-2026-658,general_registry,,"Lands Registry"
183807,CON-IND-2026-658,physical_registry,,"Registry 3 - Land"
183808,CON-IND-2026-659,registry,,3
183808,CON-IND-2026-659,general_registry,,"Lands Registry"
183808,CON-IND-2026-659,physical_registry,,"Registry 3 - Land"
183809,CON-IND-2026-660,registry,,3
183809,CON-IND-2026-660,general_registry,,"Lands Registry"
183809,CON-IND-2026-660,physical_registry,,"Registry 3 - Land"
183810,CON-IND-2026-661,registry,,3
183810,CON-IND-2026-661,general_registry,,"Lands Registry"
183810,CON-IND-2026-661,physical_registry,,"Registry 3 - Land"
183811,CON-IND-2026-662,registry,,3
183811,CON-IND-2026-662,general_registry,,"Lands Registry"
183811,CON-IND-2026-662,physical_registry,,"Registry 3 - Land"
183812,CON-IND-2026-663,registry,,3
183812,CON-IND-2026-663,general_registry,,"Lands Registry"
183812,CON-IND-2026-663,physical_registry,,"Registry 3 - Land"
183813,CON-IND-2026-664,registry,,3
183813,CON-IND-2026-664,general_registry,,"Lands Registry"
183813,CON-IND-2026-664,physical_registry,,"Registry 3 - Land"
183814,CON-IND-2026-665,registry,,3
183814,CON-IND-2026-665,general_registry,,"Lands Registry"
183814,CON-IND-2026-665,physical_registry,,"Registry 3 - Land"
183815,CON-IND-2026-666,registry,,3
183815,CON-IND-2026-666,general_registry,,"Lands Registry"
183815,CON-IND-2026-666,physical_registry,,"Registry 3 - Land"
183816,CON-IND-2026-667,registry,,3
183816,CON-IND-2026-667,general_registry,,"Lands Registry"
183816,CON-IND-2026-667,physical_registry,,"Registry 3 - Land"
183817,CON-IND-2026-668,registry,,3
183817,CON-IND-2026-668,general_registry,,"Lands Registry"
183817,CON-IND-2026-668,physical_registry,,"Registry 3 - Land"
183818,CON-IND-2026-669,registry,,3
183818,CON-IND-2026-669,general_registry,,"Lands Registry"
183818,CON-IND-2026-669,physical_registry,,"Registry 3 - Land"
183819,CON-IND-2026-670,registry,,3
183819,CON-IND-2026-670,general_registry,,"Lands Registry"
183819,CON-IND-2026-670,physical_registry,,"Registry 3 - Land"
183820,CON-IND-2026-671,registry,,3
183820,CON-IND-2026-671,general_registry,,"Lands Registry"
183820,CON-IND-2026-671,physical_registry,,"Registry 3 - Land"
183821,CON-IND-2026-672,registry,,3
183821,CON-IND-2026-672,general_registry,,"Lands Registry"
183821,CON-IND-2026-672,physical_registry,,"Registry 3 - Land"
183822,CON-IND-2026-673,registry,,3
183822,CON-IND-2026-673,general_registry,,"Lands Registry"
183822,CON-IND-2026-673,physical_registry,,"Registry 3 - Land"
183823,CON-IND-2026-674,registry,,3
183823,CON-IND-2026-674,general_registry,,"Lands Registry"
183823,CON-IND-2026-674,physical_registry,,"Registry 3 - Land"
183824,CON-IND-2026-675,registry,,3
183824,CON-IND-2026-675,general_registry,,"Lands Registry"
183824,CON-IND-2026-675,physical_registry,,"Registry 3 - Land"
183825,CON-IND-2026-676,registry,,3
183825,CON-IND-2026-676,general_registry,,"Lands Registry"
183825,CON-IND-2026-676,physical_registry,,"Registry 3 - Land"
183826,CON-IND-2026-677,registry,,3
183826,CON-IND-2026-677,general_registry,,"Lands Registry"
183826,CON-IND-2026-677,physical_registry,,"Registry 3 - Land"
183827,CON-IND-2026-678,registry,,3
183827,CON-IND-2026-678,general_registry,,"Lands Registry"
183827,CON-IND-2026-678,physical_registry,,"Registry 3 - Land"
183828,CON-IND-2026-679,registry,,3
183828,CON-IND-2026-679,general_registry,,"Lands Registry"
183828,CON-IND-2026-679,physical_registry,,"Registry 3 - Land"
183829,CON-IND-2026-680,registry,,3
183829,CON-IND-2026-680,general_registry,,"Lands Registry"
183829,CON-IND-2026-680,physical_registry,,"Registry 3 - Land"
183830,CON-IND-2026-681,registry,,3
183830,CON-IND-2026-681,general_registry,,"Lands Registry"
183830,CON-IND-2026-681,physical_registry,,"Registry 3 - Land"
183831,CON-IND-2026-682,registry,,3
183831,CON-IND-2026-682,general_registry,,"Lands Registry"
183831,CON-IND-2026-682,physical_registry,,"Registry 3 - Land"
183832,CON-IND-2026-683,registry,,3
183832,CON-IND-2026-683,general_registry,,"Lands Registry"
183832,CON-IND-2026-683,physical_registry,,"Registry 3 - Land"
183833,CON-IND-2026-684,registry,,3
183833,CON-IND-2026-684,general_registry,,"Lands Registry"
183833,CON-IND-2026-684,physical_registry,,"Registry 3 - Land"
183834,CON-IND-2026-685,registry,,3
183834,CON-IND-2026-685,general_registry,,"Lands Registry"
183834,CON-IND-2026-685,physical_registry,,"Registry 3 - Land"
183835,CON-IND-2026-686,registry,,3
183835,CON-IND-2026-686,general_registry,,"Lands Registry"
183835,CON-IND-2026-686,physical_registry,,"Registry 3 - Land"
183836,CON-IND-2026-687,registry,,3
183836,CON-IND-2026-687,general_registry,,"Lands Registry"
183836,CON-IND-2026-687,physical_registry,,"Registry 3 - Land"
183837,CON-IND-2026-688,registry,,3
183837,CON-IND-2026-688,general_registry,,"Lands Registry"
183837,CON-IND-2026-688,physical_registry,,"Registry 3 - Land"
183838,CON-IND-2026-689,registry,,3
183838,CON-IND-2026-689,general_registry,,"Lands Registry"
183838,CON-IND-2026-689,physical_registry,,"Registry 3 - Land"
183839,CON-IND-2026-690,registry,,3
183839,CON-IND-2026-690,general_registry,,"Lands Registry"
183839,CON-IND-2026-690,physical_registry,,"Registry 3 - Land"
183840,CON-IND-2026-691,registry,,3
183840,CON-IND-2026-691,general_registry,,"Lands Registry"
183840,CON-IND-2026-691,physical_registry,,"Registry 3 - Land"
183841,CON-IND-2026-692,registry,,3
183841,CON-IND-2026-692,general_registry,,"Lands Registry"
183841,CON-IND-2026-692,physical_registry,,"Registry 3 - Land"
183842,CON-IND-2026-693,registry,,3
183842,CON-IND-2026-693,general_registry,,"Lands Registry"
183842,CON-IND-2026-693,physical_registry,,"Registry 3 - Land"
183843,CON-IND-2026-694,registry,,3
183843,CON-IND-2026-694,general_registry,,"Lands Registry"
183843,CON-IND-2026-694,physical_registry,,"Registry 3 - Land"
183844,CON-IND-2026-695,registry,,3
183844,CON-IND-2026-695,general_registry,,"Lands Registry"
183844,CON-IND-2026-695,physical_registry,,"Registry 3 - Land"
183845,CON-IND-2026-696,registry,,3
183845,CON-IND-2026-696,general_registry,,"Lands Registry"
183845,CON-IND-2026-696,physical_registry,,"Registry 3 - Land"
183846,CON-IND-2026-697,registry,,3
183846,CON-IND-2026-697,general_registry,,"Lands Registry"
183846,CON-IND-2026-697,physical_registry,,"Registry 3 - Land"
183847,CON-IND-2026-698,registry,,3
183847,CON-IND-2026-698,general_registry,,"Lands Registry"
183847,CON-IND-2026-698,physical_registry,,"Registry 3 - Land"
183848,CON-IND-2026-699,registry,,3
183848,CON-IND-2026-699,general_registry,,"Lands Registry"
183848,CON-IND-2026-699,physical_registry,,"Registry 3 - Land"
183849,CON-IND-2026-700,registry,,3
183849,CON-IND-2026-700,general_registry,,"Lands Registry"
183849,CON-IND-2026-700,physical_registry,,"Registry 3 - Land"
183850,CON-IND-2026-701,registry,,3
183850,CON-IND-2026-701,general_registry,,"Lands Registry"
183850,CON-IND-2026-701,physical_registry,,"Registry 3 - Land"
183851,CON-IND-2026-702,registry,,3
183851,CON-IND-2026-702,general_registry,,"Lands Registry"
183851,CON-IND-2026-702,physical_registry,,"Registry 3 - Land"
183852,CON-IND-2026-703,registry,,3
183852,CON-IND-2026-703,general_registry,,"Lands Registry"
183852,CON-IND-2026-703,physical_registry,,"Registry 3 - Land"
183853,CON-IND-2026-704,registry,,3
183853,CON-IND-2026-704,general_registry,,"Lands Registry"
183853,CON-IND-2026-704,physical_registry,,"Registry 3 - Land"
183854,CON-IND-2026-705,registry,,3
183854,CON-IND-2026-705,general_registry,,"Lands Registry"
183854,CON-IND-2026-705,physical_registry,,"Registry 3 - Land"
183855,CON-IND-2026-706,registry,,3
183855,CON-IND-2026-706,general_registry,,"Lands Registry"
183855,CON-IND-2026-706,physical_registry,,"Registry 3 - Land"
183856,CON-IND-2026-707,registry,,3
183856,CON-IND-2026-707,general_registry,,"Lands Registry"
183856,CON-IND-2026-707,physical_registry,,"Registry 3 - Land"
183857,CON-IND-2026-708,registry,,3
183857,CON-IND-2026-708,general_registry,,"Lands Registry"
183857,CON-IND-2026-708,physical_registry,,"Registry 3 - Land"
183858,CON-IND-2026-709,registry,,3
183858,CON-IND-2026-709,general_registry,,"Lands Registry"
183858,CON-IND-2026-709,physical_registry,,"Registry 3 - Land"
183859,CON-IND-2026-710,registry,,3
183859,CON-IND-2026-710,general_registry,,"Lands Registry"
183859,CON-IND-2026-710,physical_registry,,"Registry 3 - Land"
183860,CON-IND-2026-711,registry,,3
183860,CON-IND-2026-711,general_registry,,"Lands Registry"
183860,CON-IND-2026-711,physical_registry,,"Registry 3 - Land"
183861,CON-IND-2026-712,registry,,3
183861,CON-IND-2026-712,general_registry,,"Lands Registry"
183861,CON-IND-2026-712,physical_registry,,"Registry 3 - Land"
183862,CON-IND-2026-713,registry,,3
183862,CON-IND-2026-713,general_registry,,"Lands Registry"
183862,CON-IND-2026-713,physical_registry,,"Registry 3 - Land"
183863,CON-IND-2026-714,registry,,3
183863,CON-IND-2026-714,general_registry,,"Lands Registry"
183863,CON-IND-2026-714,physical_registry,,"Registry 3 - Land"
183864,CON-IND-2026-715,registry,,3
183864,CON-IND-2026-715,general_registry,,"Lands Registry"
183864,CON-IND-2026-715,physical_registry,,"Registry 3 - Land"
183865,CON-IND-2026-716,registry,,3
183865,CON-IND-2026-716,general_registry,,"Lands Registry"
183865,CON-IND-2026-716,physical_registry,,"Registry 3 - Land"
183866,CON-IND-2026-717,registry,,3
183866,CON-IND-2026-717,general_registry,,"Lands Registry"
183866,CON-IND-2026-717,physical_registry,,"Registry 3 - Land"
183867,CON-IND-2026-718,registry,,3
183867,CON-IND-2026-718,general_registry,,"Lands Registry"
183867,CON-IND-2026-718,physical_registry,,"Registry 3 - Land"
183868,CON-IND-2026-719,registry,,3
183868,CON-IND-2026-719,general_registry,,"Lands Registry"
183868,CON-IND-2026-719,physical_registry,,"Registry 3 - Land"
183869,CON-IND-2026-720,registry,,3
183869,CON-IND-2026-720,general_registry,,"Lands Registry"
183869,CON-IND-2026-720,physical_registry,,"Registry 3 - Land"
183870,CON-IND-2026-721,registry,,3
183870,CON-IND-2026-721,general_registry,,"Lands Registry"
183870,CON-IND-2026-721,physical_registry,,"Registry 3 - Land"
183871,CON-IND-2026-722,registry,,3
183871,CON-IND-2026-722,general_registry,,"Lands Registry"
183871,CON-IND-2026-722,physical_registry,,"Registry 3 - Land"
183872,CON-IND-2026-723,registry,,3
183872,CON-IND-2026-723,general_registry,,"Lands Registry"
183872,CON-IND-2026-723,physical_registry,,"Registry 3 - Land"
183873,CON-IND-2026-724,registry,,3
183873,CON-IND-2026-724,general_registry,,"Lands Registry"
183873,CON-IND-2026-724,physical_registry,,"Registry 3 - Land"
183874,CON-IND-2026-725,registry,,3
183874,CON-IND-2026-725,general_registry,,"Lands Registry"
183874,CON-IND-2026-725,physical_registry,,"Registry 3 - Land"
183875,CON-IND-2026-726,registry,,3
183875,CON-IND-2026-726,general_registry,,"Lands Registry"
183875,CON-IND-2026-726,physical_registry,,"Registry 3 - Land"
183876,CON-IND-2026-727,registry,,3
183876,CON-IND-2026-727,general_registry,,"Lands Registry"
183876,CON-IND-2026-727,physical_registry,,"Registry 3 - Land"
183877,CON-IND-2026-728,registry,,3
183877,CON-IND-2026-728,general_registry,,"Lands Registry"
183877,CON-IND-2026-728,physical_registry,,"Registry 3 - Land"
183878,CON-IND-2026-729,registry,,3
183878,CON-IND-2026-729,general_registry,,"Lands Registry"
183878,CON-IND-2026-729,physical_registry,,"Registry 3 - Land"
183879,CON-IND-2026-730,registry,,3
183879,CON-IND-2026-730,general_registry,,"Lands Registry"
183879,CON-IND-2026-730,physical_registry,,"Registry 3 - Land"
183880,CON-IND-2026-731,registry,,3
183880,CON-IND-2026-731,general_registry,,"Lands Registry"
183880,CON-IND-2026-731,physical_registry,,"Registry 3 - Land"
183881,CON-IND-2026-732,registry,,3
183881,CON-IND-2026-732,general_registry,,"Lands Registry"
183881,CON-IND-2026-732,physical_registry,,"Registry 3 - Land"
183882,CON-IND-2026-733,registry,,3
183882,CON-IND-2026-733,general_registry,,"Lands Registry"
183882,CON-IND-2026-733,physical_registry,,"Registry 3 - Land"
183883,CON-IND-2026-734,registry,,3
183883,CON-IND-2026-734,general_registry,,"Lands Registry"
183883,CON-IND-2026-734,physical_registry,,"Registry 3 - Land"
183884,CON-IND-2026-735,registry,,3
183884,CON-IND-2026-735,general_registry,,"Lands Registry"
183884,CON-IND-2026-735,physical_registry,,"Registry 3 - Land"
183885,CON-IND-2026-736,registry,,3
183885,CON-IND-2026-736,general_registry,,"Lands Registry"
183885,CON-IND-2026-736,physical_registry,,"Registry 3 - Land"
183886,CON-IND-2026-737,registry,,3
183886,CON-IND-2026-737,general_registry,,"Lands Registry"
183886,CON-IND-2026-737,physical_registry,,"Registry 3 - Land"
183887,CON-IND-2026-738,registry,,3
183887,CON-IND-2026-738,general_registry,,"Lands Registry"
183887,CON-IND-2026-738,physical_registry,,"Registry 3 - Land"
183888,CON-IND-2026-739,registry,,3
183888,CON-IND-2026-739,general_registry,,"Lands Registry"
183888,CON-IND-2026-739,physical_registry,,"Registry 3 - Land"
183889,CON-IND-2026-740,registry,,3
183889,CON-IND-2026-740,general_registry,,"Lands Registry"
183889,CON-IND-2026-740,physical_registry,,"Registry 3 - Land"
183890,CON-IND-2026-741,registry,,3
183890,CON-IND-2026-741,general_registry,,"Lands Registry"
183890,CON-IND-2026-741,physical_registry,,"Registry 3 - Land"
183891,CON-IND-2026-742,registry,,3
183891,CON-IND-2026-742,general_registry,,"Lands Registry"
183891,CON-IND-2026-742,physical_registry,,"Registry 3 - Land"
183892,CON-IND-2026-743,registry,,3
183892,CON-IND-2026-743,general_registry,,"Lands Registry"
183892,CON-IND-2026-743,physical_registry,,"Registry 3 - Land"
183893,CON-IND-2026-744,registry,,3
183893,CON-IND-2026-744,general_registry,,"Lands Registry"
183893,CON-IND-2026-744,physical_registry,,"Registry 3 - Land"
183894,CON-IND-2026-745,registry,,3
183894,CON-IND-2026-745,general_registry,,"Lands Registry"
183894,CON-IND-2026-745,physical_registry,,"Registry 3 - Land"
183895,CON-IND-2026-746,registry,,3
183895,CON-IND-2026-746,general_registry,,"Lands Registry"
183895,CON-IND-2026-746,physical_registry,,"Registry 3 - Land"
183896,CON-IND-2026-747,registry,,3
183896,CON-IND-2026-747,general_registry,,"Lands Registry"
183896,CON-IND-2026-747,physical_registry,,"Registry 3 - Land"
183897,CON-IND-2026-748,registry,,3
183897,CON-IND-2026-748,general_registry,,"Lands Registry"
183897,CON-IND-2026-748,physical_registry,,"Registry 3 - Land"
183898,CON-IND-2026-749,registry,,3
183898,CON-IND-2026-749,general_registry,,"Lands Registry"
183898,CON-IND-2026-749,physical_registry,,"Registry 3 - Land"
183899,CON-IND-2026-750,registry,,3
183899,CON-IND-2026-750,general_registry,,"Lands Registry"
183899,CON-IND-2026-750,physical_registry,,"Registry 3 - Land"
183900,CON-IND-2026-751,registry,,3
183900,CON-IND-2026-751,general_registry,,"Lands Registry"
183900,CON-IND-2026-751,physical_registry,,"Registry 3 - Land"
183901,CON-IND-2026-752,registry,,3
183901,CON-IND-2026-752,general_registry,,"Lands Registry"
183901,CON-IND-2026-752,physical_registry,,"Registry 3 - Land"
183902,CON-IND-2026-753,registry,,3
183902,CON-IND-2026-753,general_registry,,"Lands Registry"
183902,CON-IND-2026-753,physical_registry,,"Registry 3 - Land"
183903,CON-IND-2026-754,registry,,3
183903,CON-IND-2026-754,general_registry,,"Lands Registry"
183903,CON-IND-2026-754,physical_registry,,"Registry 3 - Land"
183904,CON-IND-2026-755,registry,,3
183904,CON-IND-2026-755,general_registry,,"Lands Registry"
183904,CON-IND-2026-755,physical_registry,,"Registry 3 - Land"
183905,CON-IND-2026-756,registry,,3
183905,CON-IND-2026-756,general_registry,,"Lands Registry"
183905,CON-IND-2026-756,physical_registry,,"Registry 3 - Land"
183906,CON-IND-2026-757,registry,,3
183906,CON-IND-2026-757,general_registry,,"Lands Registry"
183906,CON-IND-2026-757,physical_registry,,"Registry 3 - Land"
183907,CON-IND-2026-758,registry,,3
183907,CON-IND-2026-758,general_registry,,"Lands Registry"
183907,CON-IND-2026-758,physical_registry,,"Registry 3 - Land"
183908,CON-IND-2026-759,registry,,3
183908,CON-IND-2026-759,general_registry,,"Lands Registry"
183908,CON-IND-2026-759,physical_registry,,"Registry 3 - Land"
183909,CON-IND-2026-760,registry,,3
183909,CON-IND-2026-760,general_registry,,"Lands Registry"
183909,CON-IND-2026-760,physical_registry,,"Registry 3 - Land"
183910,CON-IND-2026-761,registry,,3
183910,CON-IND-2026-761,general_registry,,"Lands Registry"
183910,CON-IND-2026-761,physical_registry,,"Registry 3 - Land"
183911,CON-IND-2026-762,registry,,3
183911,CON-IND-2026-762,general_registry,,"Lands Registry"
183911,CON-IND-2026-762,physical_registry,,"Registry 3 - Land"
183912,CON-IND-2026-763,registry,,3
183912,CON-IND-2026-763,general_registry,,"Lands Registry"
183912,CON-IND-2026-763,physical_registry,,"Registry 3 - Land"
183913,CON-IND-2026-764,registry,,3
183913,CON-IND-2026-764,general_registry,,"Lands Registry"
183913,CON-IND-2026-764,physical_registry,,"Registry 3 - Land"
183914,CON-IND-2026-765,registry,,3
183914,CON-IND-2026-765,general_registry,,"Lands Registry"
183914,CON-IND-2026-765,physical_registry,,"Registry 3 - Land"
183915,CON-IND-2026-766,registry,,3
183915,CON-IND-2026-766,general_registry,,"Lands Registry"
183915,CON-IND-2026-766,physical_registry,,"Registry 3 - Land"
183916,CON-IND-2026-767,registry,,3
183916,CON-IND-2026-767,general_registry,,"Lands Registry"
183916,CON-IND-2026-767,physical_registry,,"Registry 3 - Land"
183917,CON-IND-2026-768,registry,,3
183917,CON-IND-2026-768,general_registry,,"Lands Registry"
183917,CON-IND-2026-768,physical_registry,,"Registry 3 - Land"
183918,CON-IND-2026-769,registry,,3
183918,CON-IND-2026-769,general_registry,,"Lands Registry"
183918,CON-IND-2026-769,physical_registry,,"Registry 3 - Land"
183919,CON-IND-2026-770,registry,,3
183919,CON-IND-2026-770,general_registry,,"Lands Registry"
183919,CON-IND-2026-770,physical_registry,,"Registry 3 - Land"
183920,CON-IND-2026-771,registry,,3
183920,CON-IND-2026-771,general_registry,,"Lands Registry"
183920,CON-IND-2026-771,physical_registry,,"Registry 3 - Land"
183921,CON-IND-2026-772,registry,,3
183921,CON-IND-2026-772,general_registry,,"Lands Registry"
183921,CON-IND-2026-772,physical_registry,,"Registry 3 - Land"
183922,CON-IND-2026-773,registry,,3
183922,CON-IND-2026-773,general_registry,,"Lands Registry"
183922,CON-IND-2026-773,physical_registry,,"Registry 3 - Land"
183923,CON-IND-2026-774,registry,,3
183923,CON-IND-2026-774,general_registry,,"Lands Registry"
183923,CON-IND-2026-774,physical_registry,,"Registry 3 - Land"
183924,CON-IND-2026-775,registry,,3
183924,CON-IND-2026-775,general_registry,,"Lands Registry"
183924,CON-IND-2026-775,physical_registry,,"Registry 3 - Land"
183925,CON-IND-2026-776,registry,,3
183925,CON-IND-2026-776,general_registry,,"Lands Registry"
183925,CON-IND-2026-776,physical_registry,,"Registry 3 - Land"
183926,CON-IND-2026-777,registry,,3
183926,CON-IND-2026-777,general_registry,,"Lands Registry"
183926,CON-IND-2026-777,physical_registry,,"Registry 3 - Land"
183927,CON-IND-2026-778,registry,,3
183927,CON-IND-2026-778,general_registry,,"Lands Registry"
183927,CON-IND-2026-778,physical_registry,,"Registry 3 - Land"
183928,CON-IND-2026-779,registry,,3
183928,CON-IND-2026-779,general_registry,,"Lands Registry"
183928,CON-IND-2026-779,physical_registry,,"Registry 3 - Land"
183929,CON-IND-2026-780,registry,,3
183929,CON-IND-2026-780,general_registry,,"Lands Registry"
183929,CON-IND-2026-780,physical_registry,,"Registry 3 - Land"
183930,CON-IND-2026-781,registry,,3
183930,CON-IND-2026-781,general_registry,,"Lands Registry"
183930,CON-IND-2026-781,physical_registry,,"Registry 3 - Land"
183931,CON-IND-2026-782,registry,,3
183931,CON-IND-2026-782,general_registry,,"Lands Registry"
183931,CON-IND-2026-782,physical_registry,,"Registry 3 - Land"
183932,CON-IND-2026-783,registry,,3
183932,CON-IND-2026-783,general_registry,,"Lands Registry"
183932,CON-IND-2026-783,physical_registry,,"Registry 3 - Land"
183933,CON-IND-2026-784,registry,,3
183933,CON-IND-2026-784,general_registry,,"Lands Registry"
183933,CON-IND-2026-784,physical_registry,,"Registry 3 - Land"
183934,CON-IND-2026-785,registry,,3
183934,CON-IND-2026-785,general_registry,,"Lands Registry"
183934,CON-IND-2026-785,physical_registry,,"Registry 3 - Land"
183935,CON-IND-2026-786,registry,,3
183935,CON-IND-2026-786,general_registry,,"Lands Registry"
183935,CON-IND-2026-786,physical_registry,,"Registry 3 - Land"
183936,CON-IND-2026-787,registry,,3
183936,CON-IND-2026-787,general_registry,,"Lands Registry"
183936,CON-IND-2026-787,physical_registry,,"Registry 3 - Land"
183937,CON-RES-2018-131,general_registry,"Land  Registry","Lands Registry"
183938,RES-2000-764,general_registry,"Land  Registry","Lands Registry"
183939,CON-RES-2021-1581,general_registry,"Land  Registry","Lands Registry"
183940,RES-2011-475,general_registry,"Land  Registry","Lands Registry"
183941,CON-RES-2023-6028,general_registry,"Land  Registry","Lands Registry"
183942,CON-RES-2023-6031,general_registry,"Land  Registry","Lands Registry"
183943,CON-RES-2023-6030,general_registry,"Land  Registry","Lands Registry"
183945,RES-2008-1133,general_registry,"Land  Registry","Lands Registry"
183946,RES-2008-3584,general_registry,"Land  Registry","Lands Registry"
183947,RES-2008-5282,general_registry,"Land  Registry","Lands Registry"
183948,RES-2008-5201,general_registry,"Land  Registry","Lands Registry"
183949,RES-2008-5283,general_registry,"Land  Registry","Lands Registry"
183951,CON-RES-2025-436,general_registry,"Land  Registry","Lands Registry"
183952,RES-2008-1134,general_registry,"Land  Registry","Lands Registry"
183953,RES-2008-5284,general_registry,"Land  Registry","Lands Registry"
183954,RES-2008-942,general_registry,"Land  Registry","Lands Registry"
183955,RES-2008-943,general_registry,"Land  Registry","Lands Registry"
183956,RES-2008-5285,general_registry,"Land  Registry","Lands Registry"
183958,RES-2008-1136,general_registry,"Land  Registry","Lands Registry"
183959,CON-RES-2025-435,general_registry,"Land  Registry","Lands Registry"
183960,RES-2008-5286,general_registry,"Land  Registry","Lands Registry"
183961,CON-IND-2024-118,general_registry,"Land  Registry","Lands Registry"
183962,RES-2008-3538,general_registry,"Land  Registry","Lands Registry"
183963,RES-2008-931,general_registry,"Land  Registry","Lands Registry"
183964,RES-2008-3595,general_registry,"Land  Registry","Lands Registry"
183966,RES-2008-4657,registry,,2
183966,RES-2008-4657,general_registry,"Land  Registry","Lands Registry"
183967,RES-2008-4680,general_registry,"Land  Registry","Lands Registry"
183968,CON-RES-2025-434,general_registry,"Land  Registry","Lands Registry"
183969,CON-IND-2024-117,general_registry,"Land  Registry","Lands Registry"
183970,RES-2008-934,general_registry,"Land  Registry","Lands Registry"
183971,RES-2008-5287,general_registry,"Land  Registry","Lands Registry"
183972,CON-IND-2024-116,general_registry,"Land  Registry","Lands Registry"
183973,RES-2008-3537,general_registry,"Land  Registry","Lands Registry"
183974,RES-2008-941,general_registry,"Land  Registry","Lands Registry"
183975,CON-IND-2024-97,general_registry,"Land  Registry","Lands Registry"
183976,RES-2008-4630,general_registry,"Land  Registry","Lands Registry"
183977,RES-2008-4647,general_registry,"Land  Registry","Lands Registry"
183978,RES-2008-3585,general_registry,"Land  Registry","Lands Registry"
183980,RES-2008-3477,general_registry,"Land  Registry","Lands Registry"
183981,RES-2008-5288,general_registry,"Land  Registry","Lands Registry"
183982,CON-IND-2024-98,general_registry,"Land  Registry","Lands Registry"
183983,RES-2008-3536,general_registry,"Land  Registry","Lands Registry"
183984,RES-2008-939,general_registry,"Land  Registry","Lands Registry"
183985,CON-IND-2024-173,general_registry,"Land  Registry","Lands Registry"
183986,RES-2008-5290,general_registry,"Land  Registry","Lands Registry"
183987,RES-2008-3535,general_registry,"Land  Registry","Lands Registry"
183988,RES-2008-4694,general_registry,"Land  Registry","Lands Registry"
183989,CON-RES-2025-294,general_registry,"Land  Registry","Lands Registry"
183990,CON-IND-2024-99,general_registry,"Land  Registry","Lands Registry"
183991,RES-2008-4687,general_registry,"Land  Registry","Lands Registry"
183992,RES-2008-935,general_registry,"Land  Registry","Lands Registry"
183993,RES-2008-5291,general_registry,"Land  Registry","Lands Registry"
183994,RES-2008-3534,general_registry,"Land  Registry","Lands Registry"
183995,CON-IND-2024-100,general_registry,"Land  Registry","Lands Registry"
183996,RES-2008-732,general_registry,"Land  Registry","Lands Registry"
183997,RES-2008-4699,general_registry,"Land  Registry","Lands Registry"
183998,CON-RES-2025-281,general_registry,"Land  Registry","Lands Registry"
183999,RES-2008-4688,general_registry,"Land  Registry","Lands Registry"
184000,RES-2008-5296,general_registry,"Land  Registry","Lands Registry"
184001,RES-2008-730,general_registry,"Land  Registry","Lands Registry"
184002,RES-2008-728,general_registry,"Land  Registry","Lands Registry"
184003,RES-2008-3533,general_registry,"Land  Registry","Lands Registry"
184004,CON-RES-2025-337,general_registry,"Land  Registry","Lands Registry"
184005,RES-2008-726,general_registry,"Land  Registry","Lands Registry"
184006,CON-IND-2024-102,general_registry,"Land  Registry","Lands Registry"
184007,COM-2002-1278,general_registry,"Land  Registry","Lands Registry"
184008,RES-2008-4698,general_registry,"Land  Registry","Lands Registry"
184009,RES-2008-3532,general_registry,"Land  Registry","Lands Registry"
184010,RES-2008-703,general_registry,"Land  Registry","Lands Registry"
184011,CON-IND-2024-103,general_registry,"Land  Registry","Lands Registry"
184012,RES-2008-5292,general_registry,"Land  Registry","Lands Registry"
184013,CON-IND-2024-174,general_registry,"Land  Registry","Lands Registry"
184014,CON-RES-2025-335,general_registry,"Land  Registry","Lands Registry"
184015,RES-2008-717,general_registry,"Land  Registry","Lands Registry"
184016,RES-2008-4656,general_registry,"Land  Registry","Lands Registry"
184017,RES-2008-4199,general_registry,"Land  Registry","Lands Registry"
184018,RES-2008-1040,registry,,2
184018,RES-2008-1040,general_registry,"Land  Registry","Lands Registry"
184019,RES-2008-1083,general_registry,"Land  Registry","Lands Registry"
184020,RES-2008-3531,general_registry,"Land  Registry","Lands Registry"
184021,RES-2008-4681,registry,,2
184021,RES-2008-4681,general_registry,"Land  Registry","Lands Registry"
184022,RES-2008-642,general_registry,"Land  Registry","Lands Registry"
184023,CON-IND-2024-104,general_registry,"Land  Registry","Lands Registry"
184024,CON-RES-2025-336,general_registry,"Land  Registry","Lands Registry"
184025,RES-2008-947,general_registry,"Land  Registry","Lands Registry"
184026,RES-2008-3530,general_registry,"Land  Registry","Lands Registry"
184027,RES-2008-4631,general_registry,"Land  Registry","Lands Registry"
184028,RES-2008-949,general_registry,"Land  Registry","Lands Registry"
184029,CON-IND-2024-105,general_registry,"Land  Registry","Lands Registry"
184030,COM-2002-1280,general_registry,"Land  Registry","Lands Registry"
184031,RES-2008-1007,registry,,2
184031,RES-2008-1007,general_registry,"Land  Registry","Lands Registry"
184032,RES-2008-945,general_registry,"Land  Registry","Lands Registry"
184033,CON-IND-2024-177,general_registry,"Land  Registry","Lands Registry"
184034,RES-2008-699,general_registry,"Land  Registry","Lands Registry"
184035,RES-2008-1082,general_registry,"Land  Registry","Lands Registry"
184036,RES-2008-944,general_registry,"Land  Registry","Lands Registry"
184037,RES-2008-3529,general_registry,"Land  Registry","Lands Registry"
184038,RES-2008-4641,general_registry,"Land  Registry","Lands Registry"
184039,RES-2008-785,general_registry,"Land  Registry","Lands Registry"
184040,CON-IND-2024-107,general_registry,"Land  Registry","Lands Registry"
184041,RES-2008-5202,general_registry,"Land  Registry","Lands Registry"
184042,CON-IND-2024-167,general_registry,"Land  Registry","Lands Registry"
184043,RES-2008-4642,general_registry,"Land  Registry","Lands Registry"
184044,RES-2008-780,general_registry,"Land  Registry","Lands Registry"
184045,CON-IND-2024-108,general_registry,"Land  Registry","Lands Registry"
184046,COM-RC-1995-3,general_registry,"Land  Registry","Lands Registry"
184047,RES-2008-4182,general_registry,"Land  Registry","Lands Registry"
184048,RES-2008-4196,general_registry,"Land  Registry","Lands Registry"
184049,RES-2008-1075,general_registry,"Land  Registry","Lands Registry"
184050,RES-2008-1017,general_registry,"Land  Registry","Lands Registry"
184051,RES-1998-851,general_registry,"Land  Registry","Lands Registry"
184052,RES-2008-5203,general_registry,"Land  Registry","Lands Registry"
184053,RES-2008-708,general_registry,"Land  Registry","Lands Registry"
184054,RES-2008-679,general_registry,"Land  Registry","Lands Registry"
184055,CON-IND-2024-109,general_registry,"Land  Registry","Lands Registry"
184056,RES-2008-4173,general_registry,"Land  Registry","Lands Registry"
184057,RES-2008-1057,general_registry,"Land  Registry","Lands Registry"
184058,CON-IND-2024-101,general_registry,"Land  Registry","Lands Registry"
184059,CON-RES-2025-334,general_registry,"Land  Registry","Lands Registry"
184060,RES-2008-1012,general_registry,"Land  Registry","Lands Registry"
184061,CON-RES-2025-355,general_registry,"Land  Registry","Lands Registry"
184062,RES-2008-1073,general_registry,"Land  Registry","Lands Registry"
184063,RES-2008-787,general_registry,"Land  Registry","Lands Registry"
184064,CON-IND-2024-110,general_registry,"Land  Registry","Lands Registry"
184065,RES-2008-5204,general_registry,"Land  Registry","Lands Registry"
184066,RES-2008-4185,general_registry,"Land  Registry","Lands Registry"
184067,CON-RES-2025-333,general_registry,"Land  Registry","Lands Registry"
184068,RES-2008-924,general_registry,"Land  Registry","Lands Registry"
184069,RES-2008-641,general_registry,"Land  Registry","Lands Registry"
184070,RES-2008-4174,general_registry,"Land  Registry","Lands Registry"
184071,CON-IND-2024-111,general_registry,"Land  Registry","Lands Registry"
184073,CON-IND-2024-176,general_registry,"Land  Registry","Lands Registry"
184074,RES-2026-3403,registry,,2
184074,RES-2026-3403,general_registry,,"Lands Registry"
184074,RES-2026-3403,physical_registry,,"Registry 2 - Land"
184075,RES-2008-1074,general_registry,"Land  Registry","Lands Registry"
184076,COM-2002-1286(T),general_registry,"Land  Registry","Lands Registry"
184077,CON-RES-2025-332,general_registry,"Land  Registry","Lands Registry"
184078,RES-2008-4178,general_registry,"Land  Registry","Lands Registry"
184079,CON-IND-2024-112,general_registry,"Land  Registry","Lands Registry"
184080,RES-2008-5205,general_registry,"Land  Registry","Lands Registry"
184081,RES-2008-1011,general_registry,"Land  Registry","Lands Registry"
184082,RES-2008-4190,general_registry,"Land  Registry","Lands Registry"
184083,RES-2008-1096,general_registry,"Land  Registry","Lands Registry"
184084,RES-2008-4187,general_registry,"Land  Registry","Lands Registry"
184085,RES-2008-4170,general_registry,"Land  Registry","Lands Registry"
184086,CON-IND-2024-113,general_registry,"Land  Registry","Lands Registry"
184087,RES-2008-1010,general_registry,"Land  Registry","Lands Registry"
184088,RES-2008-5206,general_registry,"Land  Registry","Lands Registry"
184089,RES-2008-1072,general_registry,"Land  Registry","Lands Registry"
184090,RES-2008-3478,general_registry,"Land  Registry","Lands Registry"
184091,CON-IND-2024-114,general_registry,"Land  Registry","Lands Registry"
184092,RES-2008-4171,general_registry,"Land  Registry","Lands Registry"
184093,RES-2008-5207,general_registry,"Land  Registry","Lands Registry"
184094,RES-2008-4198,general_registry,"Land  Registry","Lands Registry"
184095,RES-2008-1013,general_registry,"Land  Registry","Lands Registry"
184096,RES-2026-3404,registry,,2
184096,RES-2026-3404,general_registry,,"Lands Registry"
184096,RES-2026-3404,physical_registry,,"Registry 2 - Land"
184097,CON-IND-2024-93,general_registry,"Land  Registry","Lands Registry"
184099,RES-2008-1071,general_registry,"Land  Registry","Lands Registry"
184100,RES-2008-1039,general_registry,"Land  Registry","Lands Registry"
184101,RES-2008-5208,general_registry,"Land  Registry","Lands Registry"
184102,CON-IND-2024-115,general_registry,"Land  Registry","Lands Registry"
184104,RES-2008-617,general_registry,"Land  Registry","Lands Registry"
184105,COM-RC-1983-11,general_registry,"Land  Registry","Lands Registry"
184106,RES-2008-4646,general_registry,"Land  Registry","Lands Registry"
184108,RES-2008-2300,general_registry,"Land  Registry","Lands Registry"
184109,CON-RES-2025-328,general_registry,"Land  Registry","Lands Registry"
184111,RES-2008-1068,general_registry,"Land  Registry","Lands Registry"
184112,RES-2008-4195,general_registry,"Land  Registry","Lands Registry"
184114,RES-2008-4194,general_registry,"Land  Registry","Lands Registry"
184115,CON-IND-2024-86,general_registry,"Land  Registry","Lands Registry"
184116,RES-2008-1696,general_registry,"Land  Registry","Lands Registry"
184117,RES-2008-4172,general_registry,"Land  Registry","Lands Registry"
184118,RES-2008-1065,general_registry,"Land  Registry","Lands Registry"
184119,RES-2026-3405,registry,,2
184119,RES-2026-3405,general_registry,,"Lands Registry"
184119,RES-2026-3405,physical_registry,,"Registry 2 - Land"
184120,CON-IND-2024-95,general_registry,"Land  Registry","Lands Registry"
184121,RES-2008-1697,general_registry,"Land  Registry","Lands Registry"
184122,RES-2008-1067,general_registry,"Land  Registry","Lands Registry"
184123,RES-2008-1622,general_registry,"Land  Registry","Lands Registry"
184124,CON-COM-2025-349,general_registry,"Land  Registry","Lands Registry"
184125,CON-RES-2025-327,general_registry,"Land  Registry","Lands Registry"
184126,RES-2008-4169,general_registry,"Land  Registry","Lands Registry"
184129,RES-2025-4274,general_registry,"Land  Registry","Lands Registry"
184130,CON-IND-2024-166,general_registry,"Land  Registry","Lands Registry"
184131,RES-2008-4130,general_registry,"Land  Registry","Lands Registry"
184132,RES-2008-3795,general_registry,"Land  Registry","Lands Registry"
184134,CON-IND-2024-191,general_registry,"Land  Registry","Lands Registry"
184135,RES-2008-4168,general_registry,"Land  Registry","Lands Registry"
184136,CON-RES-2025-354,general_registry,"Land  Registry","Lands Registry"
184138,RES-2008-1685,general_registry,"Land  Registry","Lands Registry"
184139,CON-RES-2025-296,general_registry,"Land  Registry","Lands Registry"
184140,RES-2008-1052,general_registry,"Land  Registry","Lands Registry"
184141,CON-IND-2024-190,general_registry,"Land  Registry","Lands Registry"
184142,CON-RES-2025-399,general_registry,"Land  Registry","Lands Registry"
184144,RES-2008-3701,general_registry,"Land  Registry","Lands Registry"
184145,RES-2008-1684,general_registry,"Land  Registry","Lands Registry"
184146,RES-2008-1066,general_registry,"Land  Registry","Lands Registry"
184147,RES-2008-4131,general_registry,"Land  Registry","Lands Registry"
184148,CON-IND-2024-189,general_registry,"Land  Registry","Lands Registry"
184149,RES-2026-3406,registry,,2
184149,RES-2026-3406,general_registry,,"Lands Registry"
184149,RES-2026-3406,physical_registry,,"Registry 2 - Land"
184150,CON-RES-2025-400,general_registry,"Land  Registry","Lands Registry"
184151,CON-RES-1995-191,general_registry,"Land  Registry","Lands Registry"
184152,RES-2025-5336,general_registry,"Land  Registry","Lands Registry"
184154,RES-2008-1097,general_registry,"Land  Registry","Lands Registry"
184155,RES-2008-1693,general_registry,"Land  Registry","Lands Registry"
184156,CON-IND-2024-137,general_registry,"Land  Registry","Lands Registry"
184157,CON-IND-2024-188,general_registry,"Land  Registry","Lands Registry"
184158,CON-RES-2025-401,general_registry,"Land  Registry","Lands Registry"
184159,RES-2008-1667,general_registry,"Land  Registry","Lands Registry"
184160,RES-2026-3407,registry,,2
184160,RES-2026-3407,general_registry,,"Lands Registry"
184160,RES-2026-3407,physical_registry,,"Registry 2 - Land"
184161,RES-2008-4132,general_registry,"Land  Registry","Lands Registry"
184162,RES-2008-1098,general_registry,"Land  Registry","Lands Registry"
184164,RES-2026-3408,registry,,2
184164,RES-2026-3408,general_registry,,"Lands Registry"
184164,RES-2026-3408,physical_registry,,"Registry 2 - Land"
184165,RES-2008-1650,general_registry,"Land  Registry","Lands Registry"
184167,RES-2008-3705,general_registry,"Land  Registry","Lands Registry"
184168,CON-RES-2009-193,general_registry,"Land  Registry","Lands Registry"
184169,CON-COM-2025-347,general_registry,"Land  Registry","Lands Registry"
184170,RES-2008-1023,general_registry,"Land  Registry","Lands Registry"
184171,RES-2008-4133,general_registry,"Land  Registry","Lands Registry"
184172,RES-2026-3409,registry,,2
184172,RES-2026-3409,general_registry,,"Lands Registry"
184172,RES-2026-3409,physical_registry,,"Registry 2 - Land"
184174,CON-RES-2026-2844,registry,,3
184174,CON-RES-2026-2844,general_registry,,"Lands Registry"
184174,CON-RES-2026-2844,physical_registry,,"Registry 3 - Land"
184175,RES-2008-3673,general_registry,"Land  Registry","Lands Registry"
184176,RES-2025-3308,general_registry,"Land  Registry","Lands Registry"
184177,RES-2008-4145,general_registry,"Land  Registry","Lands Registry"
184178,CON-RES-2025-300,general_registry,"Land  Registry","Lands Registry"
184179,RES-2026-3410,registry,,2
184179,RES-2026-3410,general_registry,,"Lands Registry"
184179,RES-2026-3410,physical_registry,,"Registry 2 - Land"
184180,RES-2008-4165,general_registry,"Land  Registry","Lands Registry"
184181,CON-COM-2025-346,general_registry,"Land  Registry","Lands Registry"
184183,CON-RES-2026-2845,registry,,3
184183,CON-RES-2026-2845,general_registry,,"Lands Registry"
184183,CON-RES-2026-2845,physical_registry,,"Registry 3 - Land"
184184,RES-2008-3647,general_registry,"Land  Registry","Lands Registry"
184185,RES-2026-3411,registry,,2
184185,RES-2026-3411,general_registry,,"Lands Registry"
184185,RES-2026-3411,physical_registry,,"Registry 2 - Land"
184186,RES-2008-3703,general_registry,"Land  Registry","Lands Registry"
184188,CON-RES-2025-402,general_registry,"Land  Registry","Lands Registry"
184189,RES-2008-5209,general_registry,"Land  Registry","Lands Registry"
184190,CON-RES-2025-312,general_registry,"Land  Registry","Lands Registry"
184191,RES-2008-4146,general_registry,"Land  Registry","Lands Registry"
184192,RES-2008-4129,general_registry,"Land  Registry","Lands Registry"
184193,CON-IND-2024-178,general_registry,"Land  Registry","Lands Registry"
184194,RES-2008-794,general_registry,"Land  Registry","Lands Registry"
184195,RES-2001-943,general_registry,"Land  Registry","Lands Registry"
184196,RES-2008-3735,general_registry,"Land  Registry","Lands Registry"
184198,RES-2008-1041,general_registry,"Land  Registry","Lands Registry"
184199,RES-2008-4147,general_registry,"Land  Registry","Lands Registry"
184200,RES-2008-4148,general_registry,"Land  Registry","Lands Registry"
184201,RES-2025-1330,general_registry,"Land  Registry","Lands Registry"
184202,CON-IND-2024-179,general_registry,"Land  Registry","Lands Registry"
184203,CON-RES-2025-382,general_registry,"Land  Registry","Lands Registry"
184204,RES-2008-922,general_registry,"Land  Registry","Lands Registry"
184205,CON-IND-2025-281,general_registry,"Land  Registry","Lands Registry"
184206,RES-2008-4150,general_registry,"Land  Registry","Lands Registry"
184207,CON-IND-2024-136,general_registry,"Land  Registry","Lands Registry"
184208,RES-2008-3736,general_registry,"Land  Registry","Lands Registry"
184209,RES-2008-3775,general_registry,"Land  Registry","Lands Registry"
184210,CON-RES-2025-969,general_registry,"Land  Registry","Lands Registry"
184211,CON-IND-2024-180,general_registry,"Land  Registry","Lands Registry"
184212,RES-2026-3412,registry,,2
184212,RES-2026-3412,general_registry,,"Lands Registry"
184212,RES-2026-3412,physical_registry,,"Registry 2 - Land"
184213,RES-2008-4153,general_registry,"Land  Registry","Lands Registry"
184214,RES-2008-4151,general_registry,"Land  Registry","Lands Registry"
184218,RES-2008-921,general_registry,"Land  Registry","Lands Registry"
184220,CON-RES-2025-975,general_registry,"Land  Registry","Lands Registry"
184221,RES-2025-3384,general_registry,"Land  Registry","Lands Registry"
184222,RES-2008-3737,general_registry,"Land  Registry","Lands Registry"
184224,CON-IND-2024-181,general_registry,"Land  Registry","Lands Registry"
184227,CON-RES-2025-971,general_registry,"Land  Registry","Lands Registry"
184228,RES-2008-923,general_registry,"Land  Registry","Lands Registry"
184229,RES-2008-4645,general_registry,"Land  Registry","Lands Registry"
184231,RES-2008-4154,general_registry,"Land  Registry","Lands Registry"
184232,RES-2026-3413,registry,,2
184232,RES-2026-3413,general_registry,,"Lands Registry"
184232,RES-2026-3413,physical_registry,,"Registry 2 - Land"
184233,RES-2008-4152,general_registry,"Land  Registry","Lands Registry"
184234,RES-2008-3739,general_registry,"Land  Registry","Lands Registry"
184236,RES-2008-925,general_registry,"Land  Registry","Lands Registry"
184237,CON-RES-2025-967,general_registry,"Land  Registry","Lands Registry"
184239,CON-IND-2024-183,general_registry,"Land  Registry","Lands Registry"
184240,CON-RES-2026-2846,registry,,3
184240,CON-RES-2026-2846,general_registry,,"Lands Registry"
184240,CON-RES-2026-2846,physical_registry,,"Registry 3 - Land"
184241,RES-2008-926,general_registry,"Land  Registry","Lands Registry"
184242,CON-RES-2009-190,general_registry,"Land  Registry","Lands Registry"
184243,RES-2008-3740,general_registry,"Land  Registry","Lands Registry"
184244,RES-2008-3780,general_registry,"Land  Registry","Lands Registry"
184245,CON-RES-2025-313,registry,,3
184245,CON-RES-2025-313,general_registry,"Land  Registry","Lands Registry"
184246,RES-2008-4924,general_registry,"Land  Registry","Lands Registry"
184247,CON-COM-2026-560,registry,,3
184247,CON-COM-2026-560,general_registry,,"Lands Registry"
184247,CON-COM-2026-560,physical_registry,,"Registry 3 - Land"
184248,CON-RES-2025-430,general_registry,"Land  Registry","Lands Registry"
184249,CON-IND-2024-182,general_registry,"Land  Registry","Lands Registry"
184251,RES-2008-4644,general_registry,"Land  Registry","Lands Registry"
184252,RES-2008-3059,general_registry,"Land  Registry","Lands Registry"
184253,CON-IND-2024-134,general_registry,"Land  Registry","Lands Registry"
184255,RES-2008-5210,general_registry,"Land  Registry","Lands Registry"
184257,RES-2008-927,general_registry,"Land  Registry","Lands Registry"
184258,CON-RES-2025-427,general_registry,"Land  Registry","Lands Registry"
184259,CON-IND-2024-184,general_registry,"Land  Registry","Lands Registry"
184261,RES-2008-5364,general_registry,"Land  Registry","Lands Registry"
184263,RES-2008-5261,general_registry,"Land  Registry","Lands Registry"
184265,RES-2008-4638,general_registry,"Land  Registry","Lands Registry"
184266,CON-RES-2025-428,general_registry,"Land  Registry","Lands Registry"
184267,RES-2008-4361,general_registry,"Land  Registry","Lands Registry"
184269,CON-IND-2024-185,general_registry,"Land  Registry","Lands Registry"
184270,RES-2008-5262,general_registry,"Land  Registry","Lands Registry"
184271,RES-2025-3287,general_registry,"Land  Registry","Lands Registry"
184272,RES-2008-678,general_registry,"Land  Registry","Lands Registry"
184273,CON-RES-2025-350,general_registry,"Land  Registry","Lands Registry"
184274,RES-2008-4362,general_registry,"Land  Registry","Lands Registry"
184275,RES-2008-707,general_registry,"Land  Registry","Lands Registry"
184276,RES-2008-3211,general_registry,"Land  Registry","Lands Registry"
184278,CON-RES-2025-314,registry,,3
184278,CON-RES-2025-314,general_registry,"Land  Registry","Lands Registry"
184279,RES-2008-4649,general_registry,"Land  Registry","Lands Registry"
184281,RES-2008-4423,general_registry,"Land  Registry","Lands Registry"
184282,CON-IND-2024-186,general_registry,"Land  Registry","Lands Registry"
184283,CON-RES-2025-362,general_registry,"Land  Registry","Lands Registry"
184285,RES-2008-709,general_registry,"Land  Registry","Lands Registry"
184286,RES-2008-3741,general_registry,"Land  Registry","Lands Registry"
184287,IND-2008-5377,general_registry,"Land  Registry","Lands Registry"
184289,CON-IND-2024-187,general_registry,"Land  Registry","Lands Registry"
184290,CON-RES-2025-351,general_registry,"Land  Registry","Lands Registry"
184291,RES-2008-4648,general_registry,"Land  Registry","Lands Registry"
184292,RES-2008-3203,general_registry,"Land  Registry","Lands Registry"
184294,RES-2008-742,general_registry,"Land  Registry","Lands Registry"
184295,CON-RES-2025-471,general_registry,"Land  Registry","Lands Registry"
184297,RES-2008-5375,registry,,2
184297,RES-2008-5375,general_registry,"Land  Registry","Lands Registry"
184298,RES-1983-1174,general_registry,"Land  Registry","Lands Registry"
184299,RES-2008-3750,general_registry,"Land  Registry","Lands Registry"
184301,RES-2008-2841,general_registry,"Land  Registry","Lands Registry"
184302,CON-COM-2025-350,general_registry,"Land  Registry","Lands Registry"
184303,CON-RES-2025-361,general_registry,"Land  Registry","Lands Registry"
184304,RES-2026-3414,registry,,2
184304,RES-2026-3414,general_registry,,"Lands Registry"
184304,RES-2026-3414,physical_registry,,"Registry 2 - Land"
184305,RES-2008-800,general_registry,"Land  Registry","Lands Registry"
184307,RES-2008-3202,general_registry,"Land  Registry","Lands Registry"
184308,CON-COM-2025-343,general_registry,"Land  Registry","Lands Registry"
184309,RES-2008-3629,registry,,2
184309,RES-2008-3629,general_registry,"Land  Registry","Lands Registry"
184310,CON-RES-2025-395,general_registry,"Land  Registry","Lands Registry"
184311,RES-2008-2832,general_registry,"Land  Registry","Lands Registry"
184312,RES-2008-777,general_registry,"Land  Registry","Lands Registry"
184313,COM-1987-49,general_registry,"Land  Registry","Lands Registry"
184314,CON-COM-2025-345,general_registry,"Land  Registry","Lands Registry"
184315,CON-RES-2025-356,general_registry,"Land  Registry","Lands Registry"
184317,RES-2008-3752,general_registry,"Land  Registry","Lands Registry"
184318,RES-2026-515,general_registry,"Land  Registry","Lands Registry"
184319,RES-2008-775,general_registry,"Land  Registry","Lands Registry"
184320,RES-2010-3807,general_registry,"Land  Registry","Lands Registry"
184323,CON-IND-2024-133,general_registry,"Land  Registry","Lands Registry"
184325,RES-2008-406,general_registry,"Land  Registry","Lands Registry"
184326,AG-2008-2807,general_registry,"Land  Registry","Lands Registry"
184327,RES-2008-3206,general_registry,"Land  Registry","Lands Registry"
184328,RES-2008-788,general_registry,"Land  Registry","Lands Registry"
184329,RES-2008-3779,general_registry,"Land  Registry","Lands Registry"
184330,CON-RES-2026-2847,registry,,3
184330,CON-RES-2026-2847,general_registry,,"Lands Registry"
184330,CON-RES-2026-2847,physical_registry,,"Registry 3 - Land"
184331,RES-2008-5264,general_registry,"Land  Registry","Lands Registry"
184334,RES-RC-1982-834,general_registry,"Land  Registry","Lands Registry"
184335,RES-2007-1337,general_registry,"Land  Registry","Lands Registry"
184336,RES-2008-3755,general_registry,"Land  Registry","Lands Registry"
184337,CON-IND-2024-132,general_registry,"Land  Registry","Lands Registry"
184338,RES-2025-5683,general_registry,"Land  Registry","Lands Registry"
184339,RES-2008-3205,general_registry,"Land  Registry","Lands Registry"
184340,RES-2004-187,general_registry,"Land  Registry","Lands Registry"
184343,RES-2008-3758,general_registry,"Land  Registry","Lands Registry"
184344,CON-RES-2026-2848,registry,,3
184344,CON-RES-2026-2848,general_registry,,"Lands Registry"
184344,CON-RES-2026-2848,physical_registry,,"Registry 3 - Land"
184345,CON-RES-1999-71,general_registry,"Land  Registry","Lands Registry"
184346,RES-2008-5376,general_registry,"Land  Registry","Lands Registry"
184347,RES-2008-2691,general_registry,"Land  Registry","Lands Registry"
184348,RES-2008-2808,general_registry,"Land  Registry","Lands Registry"
184349,CON-RES-2026-2849,registry,,3
184349,CON-RES-2026-2849,general_registry,,"Lands Registry"
184349,CON-RES-2026-2849,physical_registry,,"Registry 3 - Land"
184351,CON-RES-2025-672,general_registry,"Land  Registry","Lands Registry"
184352,RES-2008-3207,general_registry,"Land  Registry","Lands Registry"
184354,RES-2008-3480,general_registry,"Land  Registry","Lands Registry"
184355,RES-2025-6233,general_registry,"Land  Registry","Lands Registry"
184356,RES-2008-2692,registry,,2
184356,RES-2008-2692,general_registry,"Land  Registry","Lands Registry"
184358,RES-2008-3759,general_registry,"Land  Registry","Lands Registry"
184359,CON-RES-2025-710,general_registry,"Land  Registry","Lands Registry"
184360,CON-COM-2026-561,registry,,3
184360,CON-COM-2026-561,general_registry,,"Lands Registry"
184360,CON-COM-2026-561,physical_registry,,"Registry 3 - Land"
184361,RES-2008-2812,general_registry,"Land  Registry","Lands Registry"
184362,RES-2008-5265,general_registry,"Land  Registry","Lands Registry"
184363,RES-2008-912,general_registry,"Land  Registry","Lands Registry"
184364,CON-IND-2024-131,general_registry,"Land  Registry","Lands Registry"
184365,RES-2008-913,general_registry,"Land  Registry","Lands Registry"
184367,RES-2008-905,general_registry,"Land  Registry","Lands Registry"
184368,CON-RES-2025-709,general_registry,"Land  Registry","Lands Registry"
184369,RES-2008-3300,general_registry,"Land  Registry","Lands Registry"
184370,RES-2025-4598,general_registry,"Land  Registry","Lands Registry"
184371,RES-2008-3760,general_registry,"Land  Registry","Lands Registry"
184372,CON-AG-2026-157,registry,,3
184372,CON-AG-2026-157,general_registry,,"Lands Registry"
184372,CON-AG-2026-157,physical_registry,,"Registry 3 - Land"
184373,RES-2008-5266,general_registry,"Land  Registry","Lands Registry"
184374,RES-2008-2694,general_registry,"Land  Registry","Lands Registry"
184375,RES-2008-911,general_registry,"Land  Registry","Lands Registry"
184376,RES-2008-2813,general_registry,"Land  Registry","Lands Registry"
184379,RES-2008-5360,general_registry,"Land  Registry","Lands Registry"
184381,CON-RES-2025-708,general_registry,"Land  Registry","Lands Registry"
184382,RES-2008-4335,general_registry,"Land  Registry","Lands Registry"
184383,RES-2008-2693,general_registry,"Land  Registry","Lands Registry"
184384,CON-RES-2026-2850,registry,,3
184384,CON-RES-2026-2850,general_registry,,"Lands Registry"
184384,CON-RES-2026-2850,physical_registry,,"Registry 3 - Land"
184385,RES-2008-3790,general_registry,"Land  Registry","Lands Registry"
184386,RES-2008-2636,general_registry,"Land  Registry","Lands Registry"
184387,RES-2008-2814,general_registry,"Land  Registry","Lands Registry"
184388,RES-2008-497,general_registry,"Land  Registry","Lands Registry"
184389,RES-2008-3761,general_registry,"Land  Registry","Lands Registry"
184390,RES-2026-3415,registry,,2
184390,RES-2026-3415,general_registry,,"Lands Registry"
184390,RES-2026-3415,physical_registry,,"Registry 2 - Land"
184391,RES-2025-3845,general_registry,"Land  Registry","Lands Registry"
184392,CON-RES-2025-700,general_registry,"Land  Registry","Lands Registry"
184394,RES-2008-5268,general_registry,"Land  Registry","Lands Registry"
184396,CON-IND-2024-130,general_registry,"Land  Registry","Lands Registry"
184397,RES-2008-2815,general_registry,"Land  Registry","Lands Registry"
184400,CON-RES-2025-707,general_registry,"Land  Registry","Lands Registry"
184401,RES-2008-5361,general_registry,"Land  Registry","Lands Registry"
184402,RES-2008-2682,general_registry,"Land  Registry","Lands Registry"
184403,CON-AG-2022-31,registry,,3
184403,CON-AG-2022-31,general_registry,"Land  Registry","Lands Registry"
184404,RES-2008-3793,general_registry,"Land  Registry","Lands Registry"
184406,CON-RES-2012-143,general_registry,"Land  Registry","Lands Registry"
184407,RES-2008-1653,general_registry,"Land  Registry","Lands Registry"
184411,RES-2008-5270,general_registry,"Land  Registry","Lands Registry"
184412,RES-2008-3763,general_registry,"Land  Registry","Lands Registry"
184413,CON-COM-2026-562,registry,,3
184413,CON-COM-2026-562,general_registry,,"Lands Registry"
184413,CON-COM-2026-562,physical_registry,,"Registry 3 - Land"
184414,RES-2008-1652,general_registry,"Land  Registry","Lands Registry"
184415,CON-RES-2025-706,general_registry,"Land  Registry","Lands Registry"
184418,RES-2025-5431,general_registry,"Land  Registry","Lands Registry"
184419,RES-2008-2816,general_registry,"Land  Registry","Lands Registry"
184420,RES-2008-2690,general_registry,"Land  Registry","Lands Registry"
184421,RES-2008-1649,general_registry,"Land  Registry","Lands Registry"
184422,RES-2008-3800,general_registry,"Land  Registry","Lands Registry"
184424,RES-2026-3416,registry,,2
184424,RES-2026-3416,general_registry,,"Lands Registry"
184424,RES-2026-3416,physical_registry,,"Registry 2 - Land"
184425,CON-RES-2025-698,general_registry,"Land  Registry","Lands Registry"
184426,RES-2008-5271,general_registry,"Land  Registry","Lands Registry"
184427,RES-2008-5363,general_registry,"Land  Registry","Lands Registry"
184428,RES-2008-2621,general_registry,"Land  Registry","Lands Registry"
184429,CON-RES-2026-2851,registry,,3
184429,CON-RES-2026-2851,general_registry,,"Lands Registry"
184429,CON-RES-2026-2851,physical_registry,,"Registry 3 - Land"
184431,RES-2008-3210,general_registry,"Land  Registry","Lands Registry"
184434,RES-2008-2817,general_registry,"Land  Registry","Lands Registry"
184435,RES-1989-717,general_registry,"Land  Registry","Lands Registry"
184436,CON-RES-2025-697,general_registry,"Land  Registry","Lands Registry"
184437,RES-2008-5058,general_registry,"Land  Registry","Lands Registry"
184438,RES-2008-1647,general_registry,"Land  Registry","Lands Registry"
184439,RES-2023-7464,registry,,2
184439,RES-2023-7464,general_registry,"Land  Registry","Lands Registry"
184440,RES-2008-2641,general_registry,"Land  Registry","Lands Registry"
184441,CON-RES-1983-443,general_registry,"Land  Registry","Lands Registry"
184442,RES-2008-2818,general_registry,"Land  Registry","Lands Registry"
184444,RES-2008-2640,general_registry,"Land  Registry","Lands Registry"
184446,RES-2008-1694,general_registry,"Land  Registry","Lands Registry"
184447,RES-2026-45,general_registry,"Land  Registry","Lands Registry"
184448,CON-RES-2025-696,general_registry,"Land  Registry","Lands Registry"
184451,RES-2026-3417,registry,,2
184451,RES-2026-3417,general_registry,,"Lands Registry"
184451,RES-2026-3417,physical_registry,,"Registry 2 - Land"
184452,RES-2008-908,general_registry,"Land  Registry","Lands Registry"
184453,RES-2008-914,general_registry,"Land  Registry","Lands Registry"
184454,RES-1991-10009,general_registry,"Land  Registry","Lands Registry"
184456,RES-2008-2622,general_registry,"Land  Registry","Lands Registry"
184457,RES-2008-2806,general_registry,"Land  Registry","Lands Registry"
184459,RES-2008-910,general_registry,"Land  Registry","Lands Registry"
184460,RES-2008-5059,general_registry,"Land  Registry","Lands Registry"
184461,RES-2008-5358,general_registry,"Land  Registry","Lands Registry"
184463,RES-2008-907,general_registry,"Land  Registry","Lands Registry"
184464,RES-2008-1695,general_registry,"Land  Registry","Lands Registry"
184465,CON-RES-2025-687,general_registry,"Land  Registry","Lands Registry"
184468,RES-2008-909,general_registry,"Land  Registry","Lands Registry"
184469,RES-2008-2802,general_registry,"Land  Registry","Lands Registry"
184470,RES-2008-906,general_registry,"Land  Registry","Lands Registry"
184471,RES-2008-5369,registry,,2
184471,RES-2008-5369,general_registry,"Land  Registry","Lands Registry"
184473,CON-RES-2025-694,general_registry,"Land  Registry","Lands Registry"
184475,RES-2008-1627,general_registry,"Land  Registry","Lands Registry"
184476,RES-2008-2852,general_registry,"Land  Registry","Lands Registry"
184478,RES-2008-2803,general_registry,"Land  Registry","Lands Registry"
184479,RES-2008-1643,general_registry,"Land  Registry","Lands Registry"
184482,RES-2008-5349,general_registry,"Land  Registry","Lands Registry"
184483,RES-2008-1628,general_registry,"Land  Registry","Lands Registry"
184484,RES-2008-2849,general_registry,"Land  Registry","Lands Registry"
184485,RES-2008-5324,general_registry,"Land  Registry","Lands Registry"
184486,RES-2008-1629,general_registry,"Land  Registry","Lands Registry"
184487,RES-2008-5302,general_registry,"Land  Registry","Lands Registry"
184488,RES-2008-2805,general_registry,"Land  Registry","Lands Registry"
184490,RES-2008-5322,general_registry,"Land  Registry","Lands Registry"
184491,CON-RES-2009-191,general_registry,"Land  Registry","Lands Registry"
184492,CON-RES-2005-301,general_registry,"Land  Registry","Lands Registry"
184495,RES-2026-3418,registry,,2
184495,RES-2026-3418,general_registry,,"Lands Registry"
184495,RES-2026-3418,physical_registry,,"Registry 2 - Land"
184497,RES-RC-1982-447,general_registry,"Land  Registry","Lands Registry"
184498,RES-2026-3419,registry,,2
184498,RES-2026-3419,general_registry,,"Lands Registry"
184498,RES-2026-3419,physical_registry,,"Registry 2 - Land"
184500,RES-2026-3420,registry,,2
184500,RES-2026-3420,general_registry,,"Lands Registry"
184500,RES-2026-3420,physical_registry,,"Registry 2 - Land"
184501,RES-2008-3799,general_registry,"Land  Registry","Lands Registry"
184502,RES-2026-3421,registry,,2
184502,RES-2026-3421,general_registry,,"Lands Registry"
184502,RES-2026-3421,physical_registry,,"Registry 2 - Land"
184503,CON-AG-2026-158,registry,,3
184503,CON-AG-2026-158,general_registry,,"Lands Registry"
184503,CON-AG-2026-158,physical_registry,,"Registry 3 - Land"
184504,RES-2008-3797,general_registry,"Land  Registry","Lands Registry"
184506,COM-2026-320,registry,,1
184506,COM-2026-320,general_registry,,"Lands Registry"
184506,COM-2026-320,physical_registry,,"Registry 1 - Land"
184509,RES-2008-3796,general_registry,"Land  Registry","Lands Registry"
184510,RES-2008-2645,general_registry,"Land  Registry","Lands Registry"
184511,RES-2008-2648,general_registry,"Land  Registry","Lands Registry"
184512,RES-2008-3227,general_registry,"Land  Registry","Lands Registry"
184513,RES-2008-5350,general_registry,"Land  Registry","Lands Registry"
184514,RES-2008-1038,general_registry,"Land  Registry","Lands Registry"
184515,RES-2008-5272,general_registry,"Land  Registry","Lands Registry"
184518,RES-2008-5273,general_registry,"Land  Registry","Lands Registry"
184519,RES-2008-5353,general_registry,"Land  Registry","Lands Registry"
184520,RES-2026-3422,registry,,2
184520,RES-2026-3422,general_registry,,"Lands Registry"
184520,RES-2026-3422,physical_registry,,"Registry 2 - Land"
184521,RES-2008-5325,general_registry,"Land  Registry","Lands Registry"
184522,RES-2008-2633,general_registry,"Land  Registry","Lands Registry"
184523,RES-2008-1037,general_registry,"Land  Registry","Lands Registry"
184524,CON-RES-2005-300,general_registry,"Land  Registry","Lands Registry"
184525,RES-2008-5060,general_registry,"Land  Registry","Lands Registry"
184526,CON-RES-1982-947,general_registry,"Land  Registry","Lands Registry"
184527,CON-IND-2024-129,general_registry,"Land  Registry","Lands Registry"
184529,RES-2008-5329,general_registry,"Land  Registry","Lands Registry"
184530,RES-2008-1016,general_registry,"Land  Registry","Lands Registry"
184533,RES-2008-5354,general_registry,"Land  Registry","Lands Registry"
184534,CON-RES-2025-693,general_registry,"Land  Registry","Lands Registry"
184535,RES-2008-5061,general_registry,"Land  Registry","Lands Registry"
184536,CON-RES-2025-692,general_registry,"Land  Registry","Lands Registry"
184537,RES-2008-3213,general_registry,"Land  Registry","Lands Registry"
184538,RES-2008-5326,general_registry,"Land  Registry","Lands Registry"
184540,CON-IND-2024-128,general_registry,"Land  Registry","Lands Registry"
184542,RES-2008-5355,general_registry,"Land  Registry","Lands Registry"
184543,RES-2008-5608,general_registry,"Land  Registry","Lands Registry"
184544,RES-2008-2610,general_registry,"Land  Registry","Lands Registry"
184547,CON-RES-2025-691,general_registry,"Land  Registry","Lands Registry"
184548,RES-2008-5062,general_registry,"Land  Registry","Lands Registry"
184549,RES-2008-2609,general_registry,"Land  Registry","Lands Registry"
184550,RES-2008-1639,general_registry,"Land  Registry","Lands Registry"
184551,RES-2008-5357,general_registry,"Land  Registry","Lands Registry"
184552,CON-RES-2025-690,general_registry,"Land  Registry","Lands Registry"
184553,RES-2008-2608,general_registry,"Land  Registry","Lands Registry"
184554,RES-2008-5611,general_registry,"Land  Registry","Lands Registry"
184555,RES-2008-1028,general_registry,"Land  Registry","Lands Registry"
184556,RES-2008-5331,general_registry,"Land  Registry","Lands Registry"
184557,RES-2008-3209,general_registry,"Land  Registry","Lands Registry"
184558,CON-RES-2025-689,general_registry,"Land  Registry","Lands Registry"
184559,CON-IND-2024-127,general_registry,"Land  Registry","Lands Registry"
184560,RES-2008-5063,general_registry,"Land  Registry","Lands Registry"
184562,RES-2008-2607,general_registry,"Land  Registry","Lands Registry"
184564,RES-2008-5040,general_registry,"Land  Registry","Lands Registry"
184565,RES-2008-5330,general_registry,"Land  Registry","Lands Registry"
184566,RES-2025-2564,general_registry,"Land  Registry","Lands Registry"
184567,CON-RES-2025-688,general_registry,"Land  Registry","Lands Registry"
184568,RES-2008-1036,general_registry,"Land  Registry","Lands Registry"
184569,RES-2008-5602,registry,,2
184569,RES-2008-5602,general_registry,"Land  Registry","Lands Registry"
184570,CON-RES-RC-1982-472,general_registry,"Land  Registry","Lands Registry"
184571,RES-2008-2606,general_registry,"Land  Registry","Lands Registry"
184572,CON-RES-2025-686,registry,,3
184572,CON-RES-2025-686,general_registry,"Land  Registry","Lands Registry"
184573,RES-2008-1635,general_registry,"Land  Registry","Lands Registry"
184574,RES-2008-5037,general_registry,"Land  Registry","Lands Registry"
184575,RES-2008-5043,general_registry,"Land  Registry","Lands Registry"
184577,RES-2008-1631,general_registry,"Land  Registry","Lands Registry"
184578,RES-2005-181,general_registry,"Land  Registry","Lands Registry"
184579,RES-2008-5610,general_registry,"Land  Registry","Lands Registry"
184580,RES-2008-1035,general_registry,"Land  Registry","Lands Registry"
184581,CON-IND-2024-126,general_registry,"Land  Registry","Lands Registry"
184582,RES-2008-5064,general_registry,"Land  Registry","Lands Registry"
184585,RES-2008-2639,general_registry,"Land  Registry","Lands Registry"
184586,RES-2008-5038,general_registry,"Land  Registry","Lands Registry"
184588,RES-2008-5601,registry,,2
184588,RES-2008-5601,general_registry,"Land  Registry","Lands Registry"
184590,RES-2008-5046,general_registry,"Land  Registry","Lands Registry"
184591,RES-2008-5065,general_registry,"Land  Registry","Lands Registry"
184593,RES-2008-1034,general_registry,"Land  Registry","Lands Registry"
184594,RES-2008-3208,general_registry,"Land  Registry","Lands Registry"
184595,RES-2008-1630,general_registry,"Land  Registry","Lands Registry"
184596,RES-2008-2604,general_registry,"Land  Registry","Lands Registry"
184597,RES-2008-5039,general_registry,"Land  Registry","Lands Registry"
184599,RES-2008-5656,general_registry,"Land  Registry","Lands Registry"
184601,RES-2008-5603,general_registry,"Land  Registry","Lands Registry"
184602,CON-IND-2024-125,general_registry,"Land  Registry","Lands Registry"
184603,CON-RES-2026-2852,registry,,3
184603,CON-RES-2026-2852,general_registry,,"Lands Registry"
184603,CON-RES-2026-2852,physical_registry,,"Registry 3 - Land"
184605,RES-2008-5047,general_registry,"Land  Registry","Lands Registry"
184606,RES-2008-1033,general_registry,"Land  Registry","Lands Registry"
184609,RES-2008-5049,general_registry,"Land  Registry","Lands Registry"
184610,CON-RES-2025-317,general_registry,"Land  Registry","Lands Registry"
184611,CON-RES-2025-685,general_registry,"Land  Registry","Lands Registry"
184612,RES-2008-5605,general_registry,"Land  Registry","Lands Registry"
184613,RES-2008-1646,general_registry,"Land  Registry","Lands Registry"
184614,RES-2008-5055,general_registry,"Land  Registry","Lands Registry"
184616,RES-2008-1032,general_registry,"Land  Registry","Lands Registry"
184617,RES-2008-5066,general_registry,"Land  Registry","Lands Registry"
184618,RES-1987-250,general_registry,"Land  Registry","Lands Registry"
184621,CON-AG-1982-291,general_registry,"Land  Registry","Lands Registry"
184622,RES-2008-2605,general_registry,"Land  Registry","Lands Registry"
184623,CON-RES-2025-297,general_registry,"Land  Registry","Lands Registry"
184624,CON-RES-2025-684,general_registry,"Land  Registry","Lands Registry"
184625,RES-2008-5032,general_registry,"Land  Registry","Lands Registry"
184626,CON-RES-2025-273,general_registry,"Land  Registry","Lands Registry"
184627,CON-IND-2024-124,general_registry,"Land  Registry","Lands Registry"
184628,RES-2008-5657,general_registry,"Land  Registry","Lands Registry"
184630,RES-2008-1029,general_registry,"Land  Registry","Lands Registry"
184631,RES-2008-5056,general_registry,"Land  Registry","Lands Registry"
184632,CON-RES-2025-298,general_registry,"Land  Registry","Lands Registry"
184633,RES-2008-1645,general_registry,"Land  Registry","Lands Registry"
184635,RES-2008-1644,general_registry,"Land  Registry","Lands Registry"
184637,RES-2008-5052,general_registry,"Land  Registry","Lands Registry"
184638,RES-2025-4273,general_registry,"Land  Registry","Lands Registry"
184639,CON-RES-2025-269,general_registry,"Land  Registry","Lands Registry"
184641,RES-2008-1031,general_registry,"Land  Registry","Lands Registry"
184642,CON-COM-2021-134,general_registry,"Land  Registry","Lands Registry"
184644,RES-2008-5067,general_registry,"Land  Registry","Lands Registry"
184645,CON-RES-2025-271,general_registry,"Land  Registry","Lands Registry"
184646,RES-2008-1361,general_registry,"Land  Registry","Lands Registry"
184648,RES-1987-964,general_registry,"Land  Registry","Lands Registry"
184651,CON-RES-2025-279,general_registry,"Land  Registry","Lands Registry"
184652,RES-2008-5053,general_registry,"Land  Registry","Lands Registry"
184654,CON-IND-2024-123,general_registry,"Land  Registry","Lands Registry"
184656,CON-RES-2025-274,general_registry,"Land  Registry","Lands Registry"
184659,RES-2008-5068,general_registry,"Land  Registry","Lands Registry"
184660,RES-2008-5655,general_registry,"Land  Registry","Lands Registry"
184662,RES-2008-5606,general_registry,"Land  Registry","Lands Registry"
184663,CON-RES-2025-311,general_registry,"Land  Registry","Lands Registry"
184664,CON-IND-2024-122,general_registry,"Land  Registry","Lands Registry"
184665,RES-2008-1092,general_registry,"Land  Registry","Lands Registry"
184666,CON-RES-2025-310,general_registry,"Land  Registry","Lands Registry"
184667,RES-2008-5098,general_registry,"Land  Registry","Lands Registry"
184669,RES-RC-1982-908,general_registry,"Land  Registry","Lands Registry"
184670,RES-2008-5069,general_registry,"Land  Registry","Lands Registry"
184671,RES-2008-1373,general_registry,"Land  Registry","Lands Registry"
184672,RES-2025-5682,general_registry,"Land  Registry","Lands Registry"
184673,CON-RES-2025-277,general_registry,"Land  Registry","Lands Registry"
184675,RES-2008-5099,general_registry,"Land  Registry","Lands Registry"
184676,CON-IND-2024-121,general_registry,"Land  Registry","Lands Registry"
184677,CON-RES-2025-262,general_registry,"Land  Registry","Lands Registry"
184679,RES-2008-1008,general_registry,"Land  Registry","Lands Registry"
184681,RES-2008-5609,general_registry,"Land  Registry","Lands Registry"
184682,CON-RES-2025-263,general_registry,"Land  Registry","Lands Registry"
184683,RES-2008-5070,general_registry,"Land  Registry","Lands Registry"
184684,RES-2008-91,general_registry,"Land  Registry","Lands Registry"
184685,RES-2008-5077,general_registry,"Land  Registry","Lands Registry"
184686,CON-IND-2024-120,general_registry,"Land  Registry","Lands Registry"
184687,CON-RES-2025-264,general_registry,"Land  Registry","Lands Registry"
184690,CON-AG-2018-5,general_registry,"Land  Registry","Lands Registry"
184692,CON-RES-2025-295,general_registry,"Land  Registry","Lands Registry"
184693,RES-2008-8638,general_registry,"Land  Registry","Lands Registry"
184694,CON-IND-2024-119,general_registry,"Land  Registry","Lands Registry"
184695,RES-2008-2388,general_registry,"Land  Registry","Lands Registry"
184697,RES-2008-5078,general_registry,"Land  Registry","Lands Registry"
184698,RES-2008-5036,general_registry,"Land  Registry","Lands Registry"
184699,RES-2009-7559,general_registry,"Land  Registry","Lands Registry"
184700,CON-AG-2017-44,general_registry,"Land  Registry","Lands Registry"
184701,RES-2008-5081,general_registry,"Land  Registry","Lands Registry"
184703,RES-2008-5079,general_registry,"Land  Registry","Lands Registry"
184704,CON-RES-2025-683,general_registry,"Land  Registry","Lands Registry"
184706,RES-1988-2922,general_registry,"Land  Registry","Lands Registry"
184709,RES-2008-2385,general_registry,"Land  Registry","Lands Registry"
184710,CON-RES-2025-682,general_registry,"Land  Registry","Lands Registry"
184712,RES-2008-2624,general_registry,"Land  Registry","Lands Registry"
184715,CON-RES-2025-681,general_registry,"Land  Registry","Lands Registry"
184716,RES-2008-2625,general_registry,"Land  Registry","Lands Registry"
184720,RES-2008-5607,general_registry,"Land  Registry","Lands Registry"
184721,RES-2008-2628,general_registry,"Land  Registry","Lands Registry"
184722,RES-2008-1044,general_registry,"Land  Registry","Lands Registry"
184723,CON-RES-2025-699,general_registry,"Land  Registry","Lands Registry"
184724,RES-2008-5082,general_registry,"Land  Registry","Lands Registry"
184725,RES-2008-5071,general_registry,"Land  Registry","Lands Registry"
184726,CON-RES-2025-680,general_registry,"Land  Registry","Lands Registry"
184727,RES-2008-2389,general_registry,"Land  Registry","Lands Registry"
184728,RES-2008-5083,general_registry,"Land  Registry","Lands Registry"
184729,RES-2005-1786,general_registry,"Land  Registry","Lands Registry"
184730,RES-2008-5035,general_registry,"Land  Registry","Lands Registry"
184732,CON-RES-2025-678,general_registry,"Land  Registry","Lands Registry"
184734,RES-2025-3944,general_registry,"Land  Registry","Lands Registry"
184735,CON-RES-2025-677,general_registry,"Land  Registry","Lands Registry"
184736,RES-2023-860,general_registry,"Land  Registry","Lands Registry"
184737,RES-2008-5034,general_registry,"Land  Registry","Lands Registry"
184738,CON-RES-2025-676,general_registry,"Land  Registry","Lands Registry"
184740,CON-RES-2025-675,general_registry,"Land  Registry","Lands Registry"
