id,file_number,field,old_value,new_value
16737,CON-RES-1982-516,registry,,3
16737,CON-RES-1982-516,general_registry,"Land  Registry","Lands Registry"
19238,CON-RES-1982-1049,registry,,3
19238,CON-RES-1982-1049,general_registry,"Land  Registry","Lands Registry"
21663,CON-RES-1982-892,registry,,3
21663,CON-RES-1982-892,general_registry,"Land  Registry","Lands Registry"
21665,CON-RES-1982-894,registry,,3
21665,CON-RES-1982-894,general_registry,"Land  Registry","Lands Registry"
21677,CON-RES-1982-895,registry,,3
21677,CON-RES-1982-895,general_registry,"Land  Registry","Lands Registry"
21679,CON-RES-1982-877,registry,,3
21679,CON-RES-1982-877,general_registry,"Land  Registry","Lands Registry"
21681,CON-RES-1982-891,registry,,3
21681,CON-RES-1982-891,general_registry,"Land  Registry","Lands Registry"
21696,CON-RES-1982-875,registry,,3
21696,CON-RES-1982-875,general_registry,"Land  Registry","Lands Registry"
21716,CON-RES-1982-617,registry,,3
21716,CON-RES-1982-617,general_registry,"Land  Registry","Lands Registry"
21717,CON-RES-1982-619,general_registry,"Land  Registry","Lands Registry"
22286,CON-RES-1982-500,registry,,3
22286,CON-RES-1982-500,general_registry,"Land  Registry","Lands Registry"
22288,CON-RES-1982-499,registry,,3
22288,CON-RES-1982-499,general_registry,"Land  Registry","Lands Registry"
22291,CON-RES-1982-493,registry,,3
22291,CON-RES-1982-493,general_registry,"Land  Registry","Lands Registry"
22295,CON-RES-1982-483,registry,,3
22295,CON-RES-1982-483,general_registry,"Land  Registry","Lands Registry"
22299,CON-RES-1982-477,registry,,3
22299,CON-RES-1982-477,general_registry,"Land  Registry","Lands Registry"
22300,CON-RES-1982-475,registry,,3
22300,CON-RES-1982-475,general_registry,"Land  Registry","Lands Registry"
22305,CON-RES-1982-465,registry,,3
22305,CON-RES-1982-465,general_registry,"Land  Registry","Lands Registry"
22307,CON-RES-1982-454,registry,,3
22307,CON-RES-1982-454,general_registry,"Land  Registry","Lands Registry"
22312,CON-RES-1982-460,registry,,3
22312,CON-RES-1982-460,general_registry,"Land  Registry","Lands Registry"
22314,CON-RES-1982-464,registry,,3
22314,CON-RES-1982-464,general_registry,"Land  Registry","Lands Registry"
22323,CON-RES-1982-781,registry,,3
22323,CON-RES-1982-781,general_registry,"Land  Registry","Lands Registry"
22325,CON-RES-1982-1325,registry,,3
22325,CON-RES-1982-1325,general_registry,"Land  Registry","Lands Registry"
22330,CON-RES-1982-1286,registry,,3
22330,CON-RES-1982-1286,general_registry,"Land  Registry","Lands Registry"
22331,CON-RES-1982-1269,registry,,3
22331,CON-RES-1982-1269,general_registry,"Land  Registry","Lands Registry"
22332,CON-RES-1982-1012,registry,,3
22332,CON-RES-1982-1012,general_registry,"Land  Registry","Lands Registry"
22337,CON-RES-1982-1217,registry,,3
22337,CON-RES-1982-1217,general_registry,"Land  Registry","Lands Registry"
22338,CON-RES-1982-1315,registry,,3
22338,CON-RES-1982-1315,general_registry,"Land  Registry","Lands Registry"
22882,CON-RES-1982-846,registry,,3
22882,CON-RES-1982-846,general_registry,"Land  Registry","Lands Registry"
22883,CON-RES-1982-917,registry,,3
22883,CON-RES-1982-917,general_registry,"Land  Registry","Lands Registry"
22884,CON-RES-1982-1277,registry,,3
22884,CON-RES-1982-1277,general_registry,"Land  Registry","Lands Registry"
22885,CON-RES-1982-1280,registry,,3
22885,CON-RES-1982-1280,general_registry,"Land  Registry","Lands Registry"
22886,CON-RES-1982-1330,registry,,3
22886,CON-RES-1982-1330,general_registry,"Land  Registry","Lands Registry"
22887,CON-RES-1982-1344,registry,,3
22887,CON-RES-1982-1344,general_registry,"Land  Registry","Lands Registry"
22892,CON-RES-1982-1381,registry,,3
22892,CON-RES-1982-1381,general_registry,"Land  Registry","Lands Registry"
22894,CON-RES-1982-1385,registry,,3
22894,CON-RES-1982-1385,general_registry,"Land  Registry","Lands Registry"
22898,CON-RES-1982-1392,registry,,3
22898,CON-RES-1982-1392,general_registry,"Land  Registry","Lands Registry"
22901,CON-RES-1982-1397,registry,,3
22901,CON-RES-1982-1397,general_registry,"Land  Registry","Lands Registry"
23009,CON-RES-1982-1120,registry,,3
23009,CON-RES-1982-1120,general_registry,"Land  Registry","Lands Registry"
23345,CON-RES-1982-443,registry,,3
23345,CON-RES-1982-443,general_registry,"Land  Registry","Lands Registry"
23347,CON-RES-1982-604,registry,,3
23347,CON-RES-1982-604,general_registry,"Land  Registry","Lands Registry"
23348,CON-RES-1982-601,registry,,3
23348,CON-RES-1982-601,general_registry,"Land  Registry","Lands Registry"
23354,CON-RES-1982-435,registry,,3
23354,CON-RES-1982-435,general_registry,"Land  Registry","Lands Registry"
23368,CON-RES-1982-415,registry,,3
23368,CON-RES-1982-415,general_registry,"Land  Registry","Lands Registry"
23373,CON-RES-1982-402,registry,,3
23373,CON-RES-1982-402,general_registry,"Land  Registry","Lands Registry"
23379,CON-RES-1982-1164,registry,,3
23379,CON-RES-1982-1164,general_registry,"Land  Registry","Lands Registry"
23380,CON-RES-1982-1195,registry,,3
23380,CON-RES-1982-1195,general_registry,"Land  Registry","Lands Registry"
23386,CON-RES-1982-1134,registry,,3
23386,CON-RES-1982-1134,general_registry,"Land  Registry","Lands Registry"
23390,CON-RES-1982-1154,registry,,3
23390,CON-RES-1982-1154,general_registry,"Land  Registry","Lands Registry"
23404,CON-RES-1982-1111,registry,,3
23404,CON-RES-1982-1111,general_registry,"Land  Registry","Lands Registry"
23409,CON-RES-1982-1153,registry,,3
23409,CON-RES-1982-1153,general_registry,"Land  Registry","Lands Registry"
23411,CON-RES-1982-1114,registry,,3
23411,CON-RES-1982-1114,general_registry,"Land  Registry","Lands Registry"
23454,CON-RES-1982-636,registry,,3
23454,CON-RES-1982-636,general_registry,"Land  Registry","Lands Registry"
23457,CON-RES-1982-414,registry,,3
23457,CON-RES-1982-414,general_registry,"Land  Registry","Lands Registry"
23465,CON-RES-1982-411,registry,,3
23465,CON-RES-1982-411,general_registry,"Land  Registry","Lands Registry"
23466,CON-RES-1982-412,registry,,3
23466,CON-RES-1982-412,general_registry,"Land  Registry","Lands Registry"
23474,CON-RES-1982-426,registry,,3
23474,CON-RES-1982-426,general_registry,"Land  Registry","Lands Registry"
23475,CON-RES-1982-421,registry,,3
23475,CON-RES-1982-421,general_registry,"Land  Registry","Lands Registry"
23477,CON-RES-1982-627,registry,,3
23477,CON-RES-1982-627,general_registry,"Land  Registry","Lands Registry"
23478,CON-RES-1982-689,registry,,3
23478,CON-RES-1982-689,general_registry,"Land  Registry","Lands Registry"
23479,CON-RES-1982-692,registry,,3
23479,CON-RES-1982-692,general_registry,"Land  Registry","Lands Registry"
23485,CON-RES-1982-690,registry,,3
23485,CON-RES-1982-690,general_registry,"Land  Registry","Lands Registry"
23493,CON-RES-1982-331,registry,,3
23493,CON-RES-1982-331,general_registry,"Land  Registry","Lands Registry"
23510,CON-RES-1982-870,registry,,3
23510,CON-RES-1982-870,general_registry,"Land  Registry","Lands Registry"
23529,CON-RES-1982-874,registry,,3
23529,CON-RES-1982-874,general_registry,"Land  Registry","Lands Registry"
23540,CON-RES-1982-880,registry,,3
23540,CON-RES-1982-880,general_registry,"Land  Registry","Lands Registry"
23555,CON-RES-1982-332,registry,,3
23555,CON-RES-1982-332,general_registry,"Land  Registry","Lands Registry"
23556,CON-RES-1982-319,registry,,3
23556,CON-RES-1982-319,general_registry,"Land  Registry","Lands Registry"
23562,CON-RES-1982-867,registry,,3
23562,CON-RES-1982-867,general_registry,"Land  Registry","Lands Registry"
23566,CON-RES-1982-890,registry,,3
23566,CON-RES-1982-890,general_registry,"Land  Registry","Lands Registry"
23579,CON-RES-1982-866,registry,,3
23579,CON-RES-1982-866,general_registry,"Land  Registry","Lands Registry"
23581,CON-RES-1982-1145,registry,,3
23581,CON-RES-1982-1145,general_registry,"Land  Registry","Lands Registry"
23582,CON-RES-1982-1146,registry,,3
23582,CON-RES-1982-1146,general_registry,"Land  Registry","Lands Registry"
23583,CON-RES-1982-620,registry,,3
23583,CON-RES-1982-620,general_registry,"Land  Registry","Lands Registry"
23584,CON-RES-1982-766,registry,,3
23584,CON-RES-1982-766,general_registry,"Land  Registry","Lands Registry"
23586,CON-RES-1982-1138,registry,,3
23586,CON-RES-1982-1138,general_registry,"Land  Registry","Lands Registry"
23591,CON-RES-1982-1139,registry,,3
23591,CON-RES-1982-1139,general_registry,"Land  Registry","Lands Registry"
23597,CON-RES-1982-731,registry,,3
23597,CON-RES-1982-731,general_registry,"Land  Registry","Lands Registry"
23598,CON-RES-1982-733,registry,,3
23598,CON-RES-1982-733,general_registry,"Land  Registry","Lands Registry"
23600,CON-RES-1982-1056,registry,,3
23600,CON-RES-1982-1056,general_registry,"Land  Registry","Lands Registry"
23606,CON-RES-1982-444,registry,,3
23606,CON-RES-1982-444,general_registry,"Land  Registry","Lands Registry"
23607,CON-RES-1982-445,registry,,3
23607,CON-RES-1982-445,general_registry,"Land  Registry","Lands Registry"
23610,CON-RES-1982-448,registry,,3
23610,CON-RES-1982-448,general_registry,"Land  Registry","Lands Registry"
23611,CON-RES-1982-449,registry,,3
23611,CON-RES-1982-449,general_registry,"Land  Registry","Lands Registry"
23616,CON-RES-1982-1180,registry,,3
23616,CON-RES-1982-1180,general_registry,"Land  Registry","Lands Registry"
23617,CON-RES-1982-742,registry,,3
23617,CON-RES-1982-742,general_registry,"Land  Registry","Lands Registry"
23623,CON-RES-1982-1194,registry,,3
23623,CON-RES-1982-1194,general_registry,"Land  Registry","Lands Registry"
23630,CON-RES-1982-1053,registry,,3
23630,CON-RES-1982-1053,general_registry,"Land  Registry","Lands Registry"
23633,CON-RES-1982-759,registry,,3
23633,CON-RES-1982-759,general_registry,"Land  Registry","Lands Registry"
23915,CON-RES-1982-422,registry,,3
23915,CON-RES-1982-422,general_registry,"Land  Registry","Lands Registry"
23919,CON-RES-1982-1187,registry,,3
23919,CON-RES-1982-1187,general_registry,"Land  Registry","Lands Registry"
23921,CON-RES-1982-1155,registry,,3
23921,CON-RES-1982-1155,general_registry,"Land  Registry","Lands Registry"
23927,CON-RES-1982-1172,registry,,3
23927,CON-RES-1982-1172,general_registry,"Land  Registry","Lands Registry"
23931,CON-RES-1982-727,registry,,3
23931,CON-RES-1982-727,general_registry,"Land  Registry","Lands Registry"
24571,CON-RES-1982-567,registry,,3
24571,CON-RES-1982-567,general_registry,"Land  Registry","Lands Registry"
24938,CON-RES-1982-479,registry,,3
24938,CON-RES-1982-479,general_registry,"Land  Registry","Lands Registry"
24939,CON-RES-1982-497,registry,,3
24939,CON-RES-1982-497,general_registry,"Land  Registry","Lands Registry"
24940,CON-RES-1982-498,registry,,3
24940,CON-RES-1982-498,general_registry,"Land  Registry","Lands Registry"
24942,CON-RES-1982-532,registry,,3
24942,CON-RES-1982-532,general_registry,"Land  Registry","Lands Registry"
24943,CON-RES-1982-534,registry,,3
24943,CON-RES-1982-534,general_registry,"Land  Registry","Lands Registry"
24944,CON-RES-1982-542,registry,,3
24944,CON-RES-1982-542,general_registry,"Land  Registry","Lands Registry"
24945,CON-RES-1982-565,registry,,3
24945,CON-RES-1982-565,general_registry,"Land  Registry","Lands Registry"
24946,CON-RES-1982-566,registry,,3
24946,CON-RES-1982-566,general_registry,"Land  Registry","Lands Registry"
24947,CON-RES-1982-577,registry,,3
24947,CON-RES-1982-577,general_registry,"Land  Registry","Lands Registry"
24948,CON-RES-1982-582,registry,,3
24948,CON-RES-1982-582,general_registry,"Land  Registry","Lands Registry"
24951,CON-RES-1982-729,registry,,3
24951,CON-RES-1982-729,general_registry,"Land  Registry","Lands Registry"
24953,CON-RES-1982-796,registry,,3
24953,CON-RES-1982-796,general_registry,"Land  Registry","Lands Registry"
24954,CON-RES-1982-842,registry,,3
24954,CON-RES-1982-842,general_registry,"Land  Registry","Lands Registry"
24955,CON-RES-1982-847,registry,,3
24955,CON-RES-1982-847,general_registry,"Land  Registry","Lands Registry"
24956,CON-RES-1982-848,registry,,3
24956,CON-RES-1982-848,general_registry,"Land  Registry","Lands Registry"
24957,CON-RES-1982-851,registry,,3
24957,CON-RES-1982-851,general_registry,"Land  Registry","Lands Registry"
24958,CON-RES-1982-907,registry,,3
24958,CON-RES-1982-907,general_registry,"Land  Registry","Lands Registry"
24959,CON-RES-1982-916,registry,,3
24959,CON-RES-1982-916,general_registry,"Land  Registry","Lands Registry"
24960,CON-RES-1982-924,registry,,3
24960,CON-RES-1982-924,general_registry,"Land  Registry","Lands Registry"
24961,CON-RES-1982-925,registry,,3
24961,CON-RES-1982-925,general_registry,"Land  Registry","Lands Registry"
24962,CON-RES-1982-934,registry,,3
24962,CON-RES-1982-934,general_registry,"Land  Registry","Lands Registry"
24963,CON-RES-1982-944,registry,,3
24963,CON-RES-1982-944,general_registry,"Land  Registry","Lands Registry"
24965,CON-RES-1982-954,registry,,3
24965,CON-RES-1982-954,general_registry,"Land  Registry","Lands Registry"
24967,CON-RES-1982-956,registry,,3
24967,CON-RES-1982-956,general_registry,"Land  Registry","Lands Registry"
24970,CON-RES-1982-977,registry,,3
24970,CON-RES-1982-977,general_registry,"Land  Registry","Lands Registry"
24972,CON-RES-1982-1002,registry,,3
24972,CON-RES-1982-1002,general_registry,"Land  Registry","Lands Registry"
24973,CON-RES-1982-1003,registry,,3
24973,CON-RES-1982-1003,general_registry,"Land  Registry","Lands Registry"
24974,CON-RES-1982-1004,registry,,3
24974,CON-RES-1982-1004,general_registry,"Land  Registry","Lands Registry"
24975,CON-RES-1982-1006,registry,,3
24975,CON-RES-1982-1006,general_registry,"Land  Registry","Lands Registry"
24977,CON-RES-1982-1009,registry,,3
24977,CON-RES-1982-1009,general_registry,"Land  Registry","Lands Registry"
24978,CON-RES-1982-1024,registry,,3
24978,CON-RES-1982-1024,general_registry,"Land  Registry","Lands Registry"
24979,CON-RES-1982-1028,registry,,3
24979,CON-RES-1982-1028,general_registry,"Land  Registry","Lands Registry"
24980,CON-RES-1982-1035,registry,,3
24980,CON-RES-1982-1035,general_registry,"Land  Registry","Lands Registry"
24985,CON-RES-1982-1125,registry,,3
24985,CON-RES-1982-1125,general_registry,"Land  Registry","Lands Registry"
24986,CON-RES-1982-1212,registry,,3
24986,CON-RES-1982-1212,general_registry,"Land  Registry","Lands Registry"
24987,CON-RES-1982-1218,registry,,3
24987,CON-RES-1982-1218,general_registry,"Land  Registry","Lands Registry"
24989,CON-RES-1982-1246,registry,,3
24989,CON-RES-1982-1246,general_registry,"Land  Registry","Lands Registry"
24990,CON-RES-1982-1251,registry,,3
24990,CON-RES-1982-1251,general_registry,"Land  Registry","Lands Registry"
24991,CON-RES-1982-1265,registry,,3
24991,CON-RES-1982-1265,general_registry,"Land  Registry","Lands Registry"
24994,CON-RES-1982-1377,registry,,3
24994,CON-RES-1982-1377,general_registry,"Land  Registry","Lands Registry"
24995,CON-RES-1982-1376,registry,,3
24995,CON-RES-1982-1376,general_registry,"Land  Registry","Lands Registry"
25036,CON-RES-1982-405,registry,,3
25036,CON-RES-1982-405,general_registry,"Land  Registry","Lands Registry"
25106,CON-RES-1982-762,registry,,3
25106,CON-RES-1982-762,general_registry,"Land  Registry","Lands Registry"
25107,CON-RES-1982-724,registry,,3
25107,CON-RES-1982-724,general_registry,"Land  Registry","Lands Registry"
25108,CON-RES-1982-1058,registry,,3
25108,CON-RES-1982-1058,general_registry,"Land  Registry","Lands Registry"
25116,CON-RES-1982-702,registry,,3
25116,CON-RES-1982-702,general_registry,"Land  Registry","Lands Registry"
25138,CON-RES-1982-707,registry,,3
25138,CON-RES-1982-707,general_registry,"Land  Registry","Lands Registry"
25139,CON-RES-1982-1107,registry,,3
25139,CON-RES-1982-1107,general_registry,"Land  Registry","Lands Registry"
25140,CON-RES-1982-1110,registry,,3
25140,CON-RES-1982-1110,general_registry,"Land  Registry","Lands Registry"
25142,CON-RES-1982-1132,registry,,3
25142,CON-RES-1982-1132,general_registry,"Land  Registry","Lands Registry"
25148,CON-RES-1982-726,registry,,3
25148,CON-RES-1982-726,general_registry,"Land  Registry","Lands Registry"
25164,CON-RES-1982-1057,registry,,3
25164,CON-RES-1982-1057,general_registry,"Land  Registry","Lands Registry"
25166,CON-RES-1982-748,registry,,3
25166,CON-RES-1982-748,general_registry,"Land  Registry","Lands Registry"
25167,CON-RES-1982-743,registry,,3
25167,CON-RES-1982-743,general_registry,"Land  Registry","Lands Registry"
25168,CON-RES-1982-735,registry,,3
25168,CON-RES-1982-735,general_registry,"Land  Registry","Lands Registry"
25169,CON-RES-1982-715,registry,,3
25169,CON-RES-1982-715,general_registry,"Land  Registry","Lands Registry"
25175,CON-RES-1982-758,registry,,3
25175,CON-RES-1982-758,general_registry,"Land  Registry","Lands Registry"
25176,CON-RES-1982-756,registry,,3
25176,CON-RES-1982-756,general_registry,"Land  Registry","Lands Registry"
25177,CON-RES-1982-1075,registry,,3
25177,CON-RES-1982-1075,general_registry,"Land  Registry","Lands Registry"
25190,CON-RES-1982-1106,registry,,3
25190,CON-RES-1982-1106,general_registry,"Land  Registry","Lands Registry"
25643,CON-RES-1982-991,registry,,3
25643,CON-RES-1982-991,general_registry,"Land  Registry","Lands Registry"
25648,CON-RES-1982-990,registry,,3
25648,CON-RES-1982-990,general_registry,"Land  Registry","Lands Registry"
25650,CON-RES-1982-989,registry,,3
25650,CON-RES-1982-989,general_registry,"Land  Registry","Lands Registry"
25924,CON-RES-1982-679,registry,,3
25924,CON-RES-1982-679,general_registry,"Land  Registry","Lands Registry"
25926,CON-RES-1982-1163,registry,,3
25926,CON-RES-1982-1163,general_registry,"Land  Registry","Lands Registry"
25928,CON-RES-1982-1175,registry,,3
25928,CON-RES-1982-1175,general_registry,"Land  Registry","Lands Registry"
25931,CON-RES-1982-1186,registry,,3
25931,CON-RES-1982-1186,general_registry,"Land  Registry","Lands Registry"
25932,CON-RES-1982-1196,registry,,3
25932,CON-RES-1982-1196,general_registry,"Land  Registry","Lands Registry"
25933,CON-RES-1982-1197,registry,,3
25933,CON-RES-1982-1197,general_registry,"Land  Registry","Lands Registry"
25934,CON-RES-1982-1198,registry,,3
25934,CON-RES-1982-1198,general_registry,"Land  Registry","Lands Registry"
25938,CON-RES-1982-1072,registry,,3
25938,CON-RES-1982-1072,general_registry,"Land  Registry","Lands Registry"
25939,CON-RES-1982-1165,registry,,3
25939,CON-RES-1982-1165,general_registry,"Land  Registry","Lands Registry"
25940,CON-RES-1982-708,registry,,3
25940,CON-RES-1982-708,general_registry,"Land  Registry","Lands Registry"
25963,CON-RES-1982-621,registry,,3
25963,CON-RES-1982-621,general_registry,"Land  Registry","Lands Registry"
25968,CON-RES-1982-419,registry,,3
25968,CON-RES-1982-419,general_registry,"Land  Registry","Lands Registry"
25969,CON-RES-1982-420,registry,,3
25969,CON-RES-1982-420,general_registry,"Land  Registry","Lands Registry"
25970,CON-RES-1982-861,registry,,3
25970,CON-RES-1982-861,general_registry,"Land  Registry","Lands Registry"
25971,CON-RES-1982-1182,registry,,3
25971,CON-RES-1982-1182,general_registry,"Land  Registry","Lands Registry"
25974,CON-RES-1982-1060,registry,,3
25974,CON-RES-1982-1060,general_registry,"Land  Registry","Lands Registry"
26005,CON-RES-1982-1051,registry,,3
26005,CON-RES-1982-1051,general_registry,"Land  Registry","Lands Registry"
26006,CON-RES-1982-1052,registry,,3
26006,CON-RES-1982-1052,general_registry,"Land  Registry","Lands Registry"
26011,CON-RES-1982-1073,registry,,3
26011,CON-RES-1982-1073,general_registry,"Land  Registry","Lands Registry"
26014,CON-RES-1982-1061,registry,,3
26014,CON-RES-1982-1061,general_registry,"Land  Registry","Lands Registry"
26015,CON-RES-1982-1113,registry,,3
26015,CON-RES-1982-1113,general_registry,"Land  Registry","Lands Registry"
26016,CON-RES-1982-1112,registry,,3
26016,CON-RES-1982-1112,general_registry,"Land  Registry","Lands Registry"
26018,CON-RES-1982-1129,registry,,3
26018,CON-RES-1982-1129,general_registry,"Land  Registry","Lands Registry"
26041,CON-RES-1982-681,registry,,3
26041,CON-RES-1982-681,general_registry,"Land  Registry","Lands Registry"
26042,CON-RES-1982-628,registry,,3
26042,CON-RES-1982-628,general_registry,"Land  Registry","Lands Registry"
26043,CON-RES-1982-629,registry,,3
26043,CON-RES-1982-629,general_registry,"Land  Registry","Lands Registry"
26045,CON-RES-1982-531,registry,,3
26045,CON-RES-1982-531,general_registry,"Land  Registry","Lands Registry"
26070,CON-RES-1982-626,registry,,3
26070,CON-RES-1982-626,general_registry,"Land  Registry","Lands Registry"
26370,CON-RES-1982-533,registry,,3
26370,CON-RES-1982-533,general_registry,"Land  Registry","Lands Registry"
26371,CON-RES-1982-1015,registry,,3
26371,CON-RES-1982-1015,general_registry,"Land  Registry","Lands Registry"
26372,CON-RES-1982-1322,registry,,3
26372,CON-RES-1982-1322,general_registry,"Land  Registry","Lands Registry"
26969,CON-RES-1982-1393,registry,,3
26969,CON-RES-1982-1393,general_registry,"Land  Registry","Lands Registry"
26973,CON-RES-1982-1211,registry,,3
26973,CON-RES-1982-1211,general_registry,"Land  Registry","Lands Registry"
26974,CON-RES-1982-1261,registry,,3
26974,CON-RES-1982-1261,general_registry,"Land  Registry","Lands Registry"
26976,CON-RES-1982-1339,registry,,3
26976,CON-RES-1982-1339,general_registry,"Land  Registry","Lands Registry"
26985,CON-RES-1982-1276,registry,,3
26985,CON-RES-1982-1276,general_registry,"Land  Registry","Lands Registry"
26986,CON-RES-1982-782,registry,,3
26986,CON-RES-1982-782,general_registry,"Land  Registry","Lands Registry"
26991,CON-RES-1982-933,registry,,3
26991,CON-RES-1982-933,general_registry,"Land  Registry","Lands Registry"
26993,CON-RES-1982-1244,registry,,3
26993,CON-RES-1982-1244,general_registry,"Land  Registry","Lands Registry"
29460,CON-RES-1982-789,registry,,3
29460,CON-RES-1982-789,general_registry,"Land  Registry","Lands Registry"
29461,CON-RES-1982-1260,registry,,3
29461,CON-RES-1982-1260,general_registry,"Land  Registry","Lands Registry"
29463,CON-RES-1982-840,registry,,3
29463,CON-RES-1982-840,general_registry,"Land  Registry","Lands Registry"
29464,CON-RES-1982-788,registry,,3
29464,CON-RES-1982-788,general_registry,"Land  Registry","Lands Registry"
29623,CON-RES-1982-501,registry,,3
29623,CON-RES-1982-501,general_registry,"Land  Registry","Lands Registry"
29624,CON-RES-1982-502,registry,,3
29624,CON-RES-1982-502,general_registry,"Land  Registry","Lands Registry"
29626,CON-RES-1982-505,registry,,3
29626,CON-RES-1982-505,general_registry,"Land  Registry","Lands Registry"
29628,CON-RES-1982-510,registry,,3
29628,CON-RES-1982-510,general_registry,"Land  Registry","Lands Registry"
29631,CON-RES-1982-523,registry,,3
29631,CON-RES-1982-523,general_registry,"Land  Registry","Lands Registry"
29634,CON-RES-1982-554,registry,,3
29634,CON-RES-1982-554,general_registry,"Land  Registry","Lands Registry"
29636,CON-RES-1982-587,registry,,3
29636,CON-RES-1982-587,general_registry,"Land  Registry","Lands Registry"
29637,CON-RES-1982-770,registry,,3
29637,CON-RES-1982-770,general_registry,"Land  Registry","Lands Registry"
29638,CON-RES-1982-771,registry,,3
29638,CON-RES-1982-771,general_registry,"Land  Registry","Lands Registry"
29640,CON-RES-1982-774,registry,,3
29640,CON-RES-1982-774,general_registry,"Land  Registry","Lands Registry"
29641,CON-RES-1982-784,registry,,3
29641,CON-RES-1982-784,general_registry,"Land  Registry","Lands Registry"
29643,CON-RES-1982-804,registry,,3
29643,CON-RES-1982-804,general_registry,"Land  Registry","Lands Registry"
29649,CON-RES-1982-915,registry,,3
29649,CON-RES-1982-915,general_registry,"Land  Registry","Lands Registry"
29650,CON-RES-1982-928,registry,,3
29650,CON-RES-1982-928,general_registry,"Land  Registry","Lands Registry"
29651,CON-RES-1982-940,registry,,3
29651,CON-RES-1982-940,general_registry,"Land  Registry","Lands Registry"
29653,CON-RES-1982-968,registry,,3
29653,CON-RES-1982-968,general_registry,"Land  Registry","Lands Registry"
29654,CON-RES-1982-971,registry,,3
29654,CON-RES-1982-971,general_registry,"Land  Registry","Lands Registry"
29656,CON-RES-1982-987,registry,,3
29656,CON-RES-1982-987,general_registry,"Land  Registry","Lands Registry"
29657,CON-RES-1982-1020,registry,,3
29657,CON-RES-1982-1020,general_registry,"Land  Registry","Lands Registry"
29658,CON-RES-1982-1025,registry,,3
29658,CON-RES-1982-1025,general_registry,"Land  Registry","Lands Registry"
29659,CON-RES-1982-1026,registry,,3
29659,CON-RES-1982-1026,general_registry,"Land  Registry","Lands Registry"
29662,CON-RES-1982-1040,registry,,3
29662,CON-RES-1982-1040,general_registry,"Land  Registry","Lands Registry"
29663,CON-RES-1982-1089,registry,,3
29663,CON-RES-1982-1089,general_registry,"Land  Registry","Lands Registry"
29664,CON-RES-1982-1099,registry,,3
29664,CON-RES-1982-1099,general_registry,"Land  Registry","Lands Registry"
29665,CON-RES-1982-1181,registry,,3
29665,CON-RES-1982-1181,general_registry,"Land  Registry","Lands Registry"
29666,CON-RES-1982-1201,registry,,3
29666,CON-RES-1982-1201,general_registry,"Land  Registry","Lands Registry"
29667,CON-RES-1982-1205,registry,,3
29667,CON-RES-1982-1205,general_registry,"Land  Registry","Lands Registry"
29668,CON-RES-1982-1206,registry,,3
29668,CON-RES-1982-1206,general_registry,"Land  Registry","Lands Registry"
29670,CON-RES-1982-1210,registry,,3
29670,CON-RES-1982-1210,general_registry,"Land  Registry","Lands Registry"
29672,CON-RES-1982-1235,registry,,3
29672,CON-RES-1982-1235,general_registry,"Land  Registry","Lands Registry"
29673,CON-RES-1982-1249,registry,,3
29673,CON-RES-1982-1249,general_registry,"Land  Registry","Lands Registry"
29674,CON-RES-1982-1250,registry,,3
29674,CON-RES-1982-1250,general_registry,"Land  Registry","Lands Registry"
29675,CON-RES-1982-1252,registry,,3
29675,CON-RES-1982-1252,general_registry,"Land  Registry","Lands Registry"
29676,CON-RES-1982-1253,registry,,3
29676,CON-RES-1982-1253,general_registry,"Land  Registry","Lands Registry"
29677,CON-RES-1982-1254,registry,,3
29677,CON-RES-1982-1254,general_registry,"Land  Registry","Lands Registry"
29678,CON-RES-1982-1256,registry,,3
29678,CON-RES-1982-1256,general_registry,"Land  Registry","Lands Registry"
29679,CON-RES-1982-1262,registry,,3
29679,CON-RES-1982-1262,general_registry,"Land  Registry","Lands Registry"
29681,CON-RES-1982-1292,registry,,3
29681,CON-RES-1982-1292,general_registry,"Land  Registry","Lands Registry"
29682,CON-RES-1982-1323,registry,,3
29682,CON-RES-1982-1323,general_registry,"Land  Registry","Lands Registry"
29683,CON-RES-1982-1360,registry,,3
29683,CON-RES-1982-1360,general_registry,"Land  Registry","Lands Registry"
30701,CON-RES-1982-680,registry,,3
30701,CON-RES-1982-680,general_registry,"Land  Registry","Lands Registry"
30979,CON-RES-1982-1011,registry,,3
30979,CON-RES-1982-1011,general_registry,"Land  Registry","Lands Registry"
31001,CON-RES-1982-997,registry,,3
31001,CON-RES-1982-997,general_registry,"Land  Registry","Lands Registry"
31010,CON-RES-1982-1274,registry,,3
31010,CON-RES-1982-1274,general_registry,"Land  Registry","Lands Registry"
31013,CON-RES-1982-553,registry,,3
31013,CON-RES-1982-553,general_registry,"Land  Registry","Lands Registry"
31015,CON-RES-1982-1351,registry,,3
31015,CON-RES-1982-1351,general_registry,"Land  Registry","Lands Registry"
31016,CON-RES-1982-1321,registry,,3
31016,CON-RES-1982-1321,general_registry,"Land  Registry","Lands Registry"
31019,CON-RES-1982-1096,registry,,3
31019,CON-RES-1982-1096,general_registry,"Land  Registry","Lands Registry"
31025,CON-RES-1982-1213,registry,,3
31025,CON-RES-1982-1213,general_registry,"Land  Registry","Lands Registry"
31031,CON-RES-1982-1309,registry,,3
31031,CON-RES-1982-1309,general_registry,"Land  Registry","Lands Registry"
31070,CON-RES-1982-913,registry,,3
31070,CON-RES-1982-913,general_registry,"Land  Registry","Lands Registry"
31071,CON-RES-1982-936,registry,,3
31071,CON-RES-1982-936,general_registry,"Land  Registry","Lands Registry"
31072,CON-RES-1982-575,registry,,3
31072,CON-RES-1982-575,general_registry,"Land  Registry","Lands Registry"
31077,CON-RES-1982-562,registry,,3
31077,CON-RES-1982-562,general_registry,"Land  Registry","Lands Registry"
31082,CON-RES-1982-574,registry,,3
31082,CON-RES-1982-574,general_registry,"Land  Registry","Lands Registry"
31083,CON-RES-1982-1346,registry,,3
31083,CON-RES-1982-1346,general_registry,"Land  Registry","Lands Registry"
31090,CON-RES-1982-852,registry,,3
31090,CON-RES-1982-852,general_registry,"Land  Registry","Lands Registry"
31092,CON-RES-1982-1380,registry,,3
31092,CON-RES-1982-1380,general_registry,"Land  Registry","Lands Registry"
31093,CON-RES-1982-853,registry,,3
31093,CON-RES-1982-853,general_registry,"Land  Registry","Lands Registry"
31094,CON-RES-1982-953,registry,,3
31094,CON-RES-1982-953,general_registry,"Land  Registry","Lands Registry"
31105,CON-RES-1982-1095,registry,,3
31105,CON-RES-1982-1095,general_registry,"Land  Registry","Lands Registry"
31115,CON-RES-1982-630,registry,,3
31115,CON-RES-1982-630,general_registry,"Land  Registry","Lands Registry"
31608,CON-RES-1982-923,registry,,3
31608,CON-RES-1982-923,general_registry,"Land  Registry","Lands Registry"
31627,CON-RES-1982-1031,registry,,3
31627,CON-RES-1982-1031,general_registry,"Land  Registry","Lands Registry"
31630,CON-RES-1982-982,registry,,3
31630,CON-RES-1982-982,general_registry,"Land  Registry","Lands Registry"
31631,CON-RES-1982-829,registry,,3
31631,CON-RES-1982-829,general_registry,"Land  Registry","Lands Registry"
31635,CON-RES-1982-1245,registry,,3
31635,CON-RES-1982-1245,general_registry,"Land  Registry","Lands Registry"
31637,CON-RES-1982-1243,registry,,3
31637,CON-RES-1982-1243,general_registry,"Land  Registry","Lands Registry"
31641,CON-RES-1982-790,registry,,3
31641,CON-RES-1982-790,general_registry,"Land  Registry","Lands Registry"
31644,CON-RES-1982-975,registry,,3
31644,CON-RES-1982-975,general_registry,"Land  Registry","Lands Registry"
31649,CON-RES-1982-1306,registry,,3
31649,CON-RES-1982-1306,general_registry,"Land  Registry","Lands Registry"
31651,CON-RES-1982-1227,registry,,3
31651,CON-RES-1982-1227,general_registry,"Land  Registry","Lands Registry"
31658,CON-RES-1982-1313,registry,,3
31658,CON-RES-1982-1313,general_registry,"Land  Registry","Lands Registry"
31664,CON-RES-1982-1316,registry,,3
31664,CON-RES-1982-1316,general_registry,"Land  Registry","Lands Registry"
31933,CON-RES-1982-556,registry,,3
31933,CON-RES-1982-556,general_registry,"Land  Registry","Lands Registry"
31940,CON-RES-1982-973,registry,,3
31940,CON-RES-1982-973,general_registry,"Land  Registry","Lands Registry"
31942,CON-RES-1982-838,registry,,3
31942,CON-RES-1982-838,general_registry,"Land  Registry","Lands Registry"
31957,CON-RES-1982-588,registry,,3
31957,CON-RES-1982-588,general_registry,"Land  Registry","Lands Registry"
31959,CON-RES-1982-803,registry,,3
31959,CON-RES-1982-803,general_registry,"Land  Registry","Lands Registry"
31964,CON-RES-1982-824,registry,,3
31964,CON-RES-1982-824,general_registry,"Land  Registry","Lands Registry"
31965,CON-RES-1982-998,registry,,3
31965,CON-RES-1982-998,general_registry,"Land  Registry","Lands Registry"
31967,CON-RES-1982-1203,registry,,3
31967,CON-RES-1982-1203,general_registry,"Land  Registry","Lands Registry"
31971,CON-RES-1982-819,registry,,3
31971,CON-RES-1982-819,general_registry,"Land  Registry","Lands Registry"
31975,CON-RES-1982-1204,registry,,3
31975,CON-RES-1982-1204,general_registry,"Land  Registry","Lands Registry"
31977,CON-RES-1982-580,registry,,3
31977,CON-RES-1982-580,general_registry,"Land  Registry","Lands Registry"
31978,CON-RES-1982-1373,registry,,3
31978,CON-RES-1982-1373,general_registry,"Land  Registry","Lands Registry"
31979,CON-RES-1982-509,registry,,3
31979,CON-RES-1982-509,general_registry,"Land  Registry","Lands Registry"
31980,CON-RES-1982-547,registry,,3
31980,CON-RES-1982-547,general_registry,"Land  Registry","Lands Registry"
31982,CON-RES-1982-536,registry,,3
31982,CON-RES-1982-536,general_registry,"Land  Registry","Lands Registry"
31984,CON-RES-1982-557,registry,,3
31984,CON-RES-1982-557,general_registry,"Land  Registry","Lands Registry"
31986,CON-RES-1982-598,registry,,3
31986,CON-RES-1982-598,general_registry,"Land  Registry","Lands Registry"
31990,CON-RES-1982-910,registry,,3
31990,CON-RES-1982-910,general_registry,"Land  Registry","Lands Registry"
32039,CON-RES-1982-832,registry,,3
32039,CON-RES-1982-832,general_registry,"Land  Registry","Lands Registry"
32044,CON-RES-1982-800,registry,,3
32044,CON-RES-1982-800,general_registry,"Land  Registry","Lands Registry"
32045,CON-RES-1982-794,registry,,3
32045,CON-RES-1982-794,general_registry,"Land  Registry","Lands Registry"
32056,CON-RES-1982-818,registry,,3
32056,CON-RES-1982-818,general_registry,"Land  Registry","Lands Registry"
32210,CON-RES-1982-856,registry,,3
32210,CON-RES-1982-856,general_registry,"Land  Registry","Lands Registry"
32211,CON-RES-1982-631,registry,,3
32211,CON-RES-1982-631,general_registry,"Land  Registry","Lands Registry"
33445,CON-RES-1982-1086,registry,,3
33445,CON-RES-1982-1086,general_registry,"Land  Registry","Lands Registry"
33446,CON-RES-1982-961,registry,,3
33446,CON-RES-1982-961,general_registry,"Land  Registry","Lands Registry"
33447,CON-RES-1982-1216,registry,,3
33447,CON-RES-1982-1216,general_registry,"Land  Registry","Lands Registry"
33448,CON-RES-1982-1342,registry,,3
33448,CON-RES-1982-1342,general_registry,"Land  Registry","Lands Registry"
33458,CON-RES-1982-478,registry,,3
33458,CON-RES-1982-478,general_registry,"Land  Registry","Lands Registry"
33466,CON-RES-1982-495,registry,,3
33466,CON-RES-1982-495,general_registry,"Land  Registry","Lands Registry"
33467,CON-RES-1982-943,registry,,3
33467,CON-RES-1982-943,general_registry,"Land  Registry","Lands Registry"
33484,CON-RES-1982-1352,registry,,3
33484,CON-RES-1982-1352,general_registry,"Land  Registry","Lands Registry"
34224,CON-RES-1982-1142,registry,,3
34224,CON-RES-1982-1142,general_registry,"Land  Registry","Lands Registry"
34229,CON-RES-1982-706,registry,,3
34229,CON-RES-1982-706,general_registry,"Land  Registry","Lands Registry"
34233,CON-RES-1982-1390,registry,,3
34233,CON-RES-1982-1390,general_registry,"Land  Registry","Lands Registry"
34234,CON-RES-1982-431,registry,,3
34234,CON-RES-1982-431,general_registry,"Land  Registry","Lands Registry"
34235,CON-RES-1982-1168,registry,,3
34235,CON-RES-1982-1168,general_registry,"Land  Registry","Lands Registry"
34237,CON-RES-1982-888,registry,,3
34237,CON-RES-1982-888,general_registry,"Land  Registry","Lands Registry"
34304,CON-RES-1982-876,registry,,3
34304,CON-RES-1982-876,general_registry,"Land  Registry","Lands Registry"
34388,CON-RES-1982-1136,registry,,3
34388,CON-RES-1982-1136,general_registry,"Land  Registry","Lands Registry"
34463,CON-RES-1982-430,registry,,3
34463,CON-RES-1982-430,general_registry,"Land  Registry","Lands Registry"
34467,CON-RES-1982-1151,registry,,3
34467,CON-RES-1982-1151,general_registry,"Land  Registry","Lands Registry"
34509,CON-RES-1982-1127,registry,,3
34509,CON-RES-1982-1127,general_registry,"Land  Registry","Lands Registry"
34514,CON-RES-1982-957,registry,,3
34514,CON-RES-1982-957,general_registry,"Land  Registry","Lands Registry"
34524,CON-RES-1982-1077,registry,,3
34524,CON-RES-1982-1077,general_registry,"Land  Registry","Lands Registry"
35260,CON-RES-1982-1336,registry,,3
35260,CON-RES-1982-1336,general_registry,"Land  Registry","Lands Registry"
35261,CON-RES-1982-1335,registry,,3
35261,CON-RES-1982-1335,general_registry,"Land  Registry","Lands Registry"
35278,CON-RES-1982-597,registry,,3
35278,CON-RES-1982-597,general_registry,"Land  Registry","Lands Registry"
35280,CON-RES-1982-461,registry,,3
35280,CON-RES-1982-461,general_registry,"Land  Registry","Lands Registry"
35281,CON-RES-1982-1094,registry,,3
35281,CON-RES-1982-1094,general_registry,"Land  Registry","Lands Registry"
35282,CON-RES-1982-512,registry,,3
35282,CON-RES-1982-512,general_registry,"Land  Registry","Lands Registry"
35283,CON-RES-1982-779,registry,,3
35283,CON-RES-1982-779,general_registry,"Land  Registry","Lands Registry"
35285,CON-RES-1982-785,registry,,3
35285,CON-RES-1982-785,general_registry,"Land  Registry","Lands Registry"
35286,CON-RES-1982-927,registry,,3
35286,CON-RES-1982-927,general_registry,"Land  Registry","Lands Registry"
35288,CON-RES-1982-825,registry,,3
35288,CON-RES-1982-825,general_registry,"Land  Registry","Lands Registry"
35289,CON-RES-1982-826,registry,,3
35289,CON-RES-1982-826,general_registry,"Land  Registry","Lands Registry"
35291,CON-RES-1982-831,registry,,3
35291,CON-RES-1982-831,general_registry,"Land  Registry","Lands Registry"
35292,CON-RES-1982-836,registry,,3
35292,CON-RES-1982-836,general_registry,"Land  Registry","Lands Registry"
35296,CON-RES-1982-922,registry,,3
35296,CON-RES-1982-922,general_registry,"Land  Registry","Lands Registry"
35298,CON-RES-1982-935,registry,,3
35298,CON-RES-1982-935,general_registry,"Land  Registry","Lands Registry"
35301,CON-RES-1982-967,registry,,3
35301,CON-RES-1982-967,general_registry,"Land  Registry","Lands Registry"
35307,CON-RES-1982-1327,registry,,3
35307,CON-RES-1982-1327,general_registry,"Land  Registry","Lands Registry"
35308,CON-RES-1982-1341,registry,,3
35308,CON-RES-1982-1341,general_registry,"Land  Registry","Lands Registry"
35312,CON-RES-1982-1365,registry,,3
35312,CON-RES-1982-1365,general_registry,"Land  Registry","Lands Registry"
35314,CON-RES-1982-1366,registry,,3
35314,CON-RES-1982-1366,general_registry,"Land  Registry","Lands Registry"
35321,CON-RES-1982-596,registry,,3
35321,CON-RES-1982-596,general_registry,"Land  Registry","Lands Registry"
53549,RES-1989-2805,registry,,1
53549,RES-1989-2805,general_registry,"Land  Registry","Lands Registry"
57274,RES-1989-2943,registry,,1
57274,RES-1989-2943,general_registry,"Land  Registry","Lands Registry"
60091,RES-1989-2823,registry,,1
60091,RES-1989-2823,general_registry,"Land  Registry","Lands Registry"
60092,RES-1989-2849,registry,,1
60092,RES-1989-2849,general_registry,"Land  Registry","Lands Registry"
60094,RES-1989-2847,registry,,1
60094,RES-1989-2847,general_registry,"Land  Registry","Lands Registry"
60100,RES-1989-2846,registry,,1
60100,RES-1989-2846,general_registry,"Land  Registry","Lands Registry"
60102,RES-1989-2845,registry,,1
60102,RES-1989-2845,general_registry,"Land  Registry","Lands Registry"
60111,RES-1989-2066,registry,,1
60111,RES-1989-2066,general_registry,"Land  Registry","Lands Registry"
60115,RES-1989-2844,registry,,1
60115,RES-1989-2844,general_registry,"Land  Registry","Lands Registry"
60164,RES-1989-2827,registry,,1
60164,RES-1989-2827,general_registry,"Land  Registry","Lands Registry"
60168,RES-1989-2825,registry,,1
60168,RES-1989-2825,general_registry,"Land  Registry","Lands Registry"
60169,RES-1989-2837,registry,,1
60169,RES-1989-2837,general_registry,"Land  Registry","Lands Registry"
60173,RES-1989-2833,registry,,1
60173,RES-1989-2833,general_registry,"Land  Registry","Lands Registry"
60181,RES-1989-2839,registry,,1
60181,RES-1989-2839,general_registry,"Land  Registry","Lands Registry"
60182,RES-1989-2838,registry,,1
60182,RES-1989-2838,general_registry,"Land  Registry","Lands Registry"
60184,RES-1989-2836,registry,,1
60184,RES-1989-2836,general_registry,"Land  Registry","Lands Registry"
60187,RES-1989-2834,registry,,1
60187,RES-1989-2834,general_registry,"Land  Registry","Lands Registry"
60202,RES-1989-2888,registry,,1
60202,RES-1989-2888,general_registry,"Land  Registry","Lands Registry"
60203,RES-1989-2867,registry,,1
60203,RES-1989-2867,general_registry,"Land  Registry","Lands Registry"
60204,RES-1989-2865,registry,,1
60204,RES-1989-2865,general_registry,"Land  Registry","Lands Registry"
60205,RES-1989-2864,registry,,1
60205,RES-1989-2864,general_registry,"Land  Registry","Lands Registry"
60206,RES-1989-2863,registry,,1
60206,RES-1989-2863,general_registry,"Land  Registry","Lands Registry"
60207,RES-1989-2862,registry,,1
60207,RES-1989-2862,general_registry,"Land  Registry","Lands Registry"
60209,RES-1989-2861,registry,,1
60209,RES-1989-2861,general_registry,"Land  Registry","Lands Registry"
60210,RES-1989-2875,registry,,1
60210,RES-1989-2875,general_registry,"Land  Registry","Lands Registry"
60214,RES-1989-2876,registry,,1
60214,RES-1989-2876,general_registry,"Land  Registry","Lands Registry"
60216,RES-1989-2874,registry,,1
60216,RES-1989-2874,general_registry,"Land  Registry","Lands Registry"
60222,RES-1989-2877,registry,,1
60222,RES-1989-2877,general_registry,"Land  Registry","Lands Registry"
60226,RES-1989-2873,registry,,1
60226,RES-1989-2873,general_registry,"Land  Registry","Lands Registry"
60228,RES-1989-2872,registry,,1
60228,RES-1989-2872,general_registry,"Land  Registry","Lands Registry"
60229,RES-1989-3014,registry,,1
60229,RES-1989-3014,general_registry,"Land  Registry","Lands Registry"
60232,RES-1989-2871,registry,,1
60232,RES-1989-2871,general_registry,"Land  Registry","Lands Registry"
60236,RES-1989-2870,registry,,1
60236,RES-1989-2870,general_registry,"Land  Registry","Lands Registry"
60239,RES-1989-2879,registry,,1
60239,RES-1989-2879,general_registry,"Land  Registry","Lands Registry"
60245,RES-1989-2857,registry,,1
60245,RES-1989-2857,general_registry,"Land  Registry","Lands Registry"
60247,RES-1989-2880,registry,,1
60247,RES-1989-2880,general_registry,"Land  Registry","Lands Registry"
60250,RES-1989-2881,registry,,1
60250,RES-1989-2881,general_registry,"Land  Registry","Lands Registry"
60253,RES-1989-2856,registry,,1
60253,RES-1989-2856,general_registry,"Land  Registry","Lands Registry"
60259,RES-1989-2792,registry,,1
60259,RES-1989-2792,general_registry,"Land  Registry","Lands Registry"
60262,RES-1989-2895,registry,,1
60262,RES-1989-2895,general_registry,"Land  Registry","Lands Registry"
60263,RES-1989-2882,registry,,1
60263,RES-1989-2882,general_registry,"Land  Registry","Lands Registry"
60267,RES-1989-2914,registry,,1
60267,RES-1989-2914,general_registry,"Land  Registry","Lands Registry"
60270,RES-1989-2883,registry,,1
60270,RES-1989-2883,general_registry,"Land  Registry","Lands Registry"
60272,RES-1989-2802,registry,,1
60272,RES-1989-2802,general_registry,"Land  Registry","Lands Registry"
60274,RES-1989-2935,registry,,1
60274,RES-1989-2935,general_registry,"Land  Registry","Lands Registry"
60276,RES-1989-2800,registry,,1
60276,RES-1989-2800,general_registry,"Land  Registry","Lands Registry"
60279,RES-1989-2928,registry,,1
60279,RES-1989-2928,general_registry,"Land  Registry","Lands Registry"
60285,RES-1989-2933,registry,,1
60285,RES-1989-2933,general_registry,"Land  Registry","Lands Registry"
60287,RES-1989-2835,registry,,1
60287,RES-1989-2835,general_registry,"Land  Registry","Lands Registry"
60290,RES-1989-2917,registry,,1
60290,RES-1989-2917,general_registry,"Land  Registry","Lands Registry"
60293,RES-1989-2916,registry,,1
60293,RES-1989-2916,general_registry,"Land  Registry","Lands Registry"
60296,RES-1989-2860,registry,,1
60296,RES-1989-2860,general_registry,"Land  Registry","Lands Registry"
60300,RES-1989-2915,registry,,1
60300,RES-1989-2915,general_registry,"Land  Registry","Lands Registry"
60304,RES-1989-2855,registry,,1
60304,RES-1989-2855,general_registry,"Land  Registry","Lands Registry"
60307,RES-1989-2934,registry,,1
60307,RES-1989-2934,general_registry,"Land  Registry","Lands Registry"
60310,RES-1989-2852,registry,,1
60310,RES-1989-2852,general_registry,"Land  Registry","Lands Registry"
60311,RES-1989-2951,registry,,1
60311,RES-1989-2951,general_registry,"Land  Registry","Lands Registry"
60314,RES-1989-2851,registry,,1
60314,RES-1989-2851,general_registry,"Land  Registry","Lands Registry"
60316,RES-1989-2853,registry,,1
60316,RES-1989-2853,general_registry,"Land  Registry","Lands Registry"
60321,RES-1989-2821,registry,,1
60321,RES-1989-2821,general_registry,"Land  Registry","Lands Registry"
60325,RES-1989-2896,registry,,1
60325,RES-1989-2896,general_registry,"Land  Registry","Lands Registry"
60328,RES-1989-2930,registry,,1
60328,RES-1989-2930,general_registry,"Land  Registry","Lands Registry"
60331,RES-1989-2859,registry,,1
60331,RES-1989-2859,general_registry,"Land  Registry","Lands Registry"
60333,RES-1989-2818,registry,,1
60333,RES-1989-2818,general_registry,"Land  Registry","Lands Registry"
60338,RES-1989-2901,registry,,1
60338,RES-1989-2901,general_registry,"Land  Registry","Lands Registry"
60340,RES-1989-2813,registry,,1
60340,RES-1989-2813,general_registry,"Land  Registry","Lands Registry"
60341,RES-1989-2832,registry,,1
60341,RES-1989-2832,general_registry,"Land  Registry","Lands Registry"
60342,RES-1989-2889,registry,,1
60342,RES-1989-2889,general_registry,"Land  Registry","Lands Registry"
60343,RES-1989-2868,registry,,1
60343,RES-1989-2868,general_registry,"Land  Registry","Lands Registry"
60344,RES-1989-2811,registry,,1
60344,RES-1989-2811,general_registry,"Land  Registry","Lands Registry"
60346,RES-1989-2869,registry,,1
60346,RES-1989-2869,general_registry,"Land  Registry","Lands Registry"
60347,RES-1989-2908,registry,,1
60347,RES-1989-2908,general_registry,"Land  Registry","Lands Registry"
60350,RES-1989-2890,registry,,1
60350,RES-1989-2890,general_registry,"Land  Registry","Lands Registry"
60354,RES-1989-2810,registry,,1
60354,RES-1989-2810,general_registry,"Land  Registry","Lands Registry"
60356,RES-1989-2903,registry,,1
60356,RES-1989-2903,general_registry,"Land  Registry","Lands Registry"
60359,RES-1989-2809,registry,,1
60359,RES-1989-2809,general_registry,"Land  Registry","Lands Registry"
60361,RES-1989-2858,registry,,1
60361,RES-1989-2858,general_registry,"Land  Registry","Lands Registry"
60364,RES-1989-2884,registry,,1
60364,RES-1989-2884,general_registry,"Land  Registry","Lands Registry"
60365,RES-1989-2807,registry,,1
60365,RES-1989-2807,general_registry,"Land  Registry","Lands Registry"
60369,RES-1989-2885,registry,,1
60369,RES-1989-2885,general_registry,"Land  Registry","Lands Registry"
60370,RES-1989-2906,registry,,1
60370,RES-1989-2906,general_registry,"Land  Registry","Lands Registry"
60371,RES-1989-2831,registry,,1
60371,RES-1989-2831,general_registry,"Land  Registry","Lands Registry"
60373,RES-1989-2829,registry,,1
60373,RES-1989-2829,general_registry,"Land  Registry","Lands Registry"
60375,RES-1989-2886,registry,,1
60375,RES-1989-2886,general_registry,"Land  Registry","Lands Registry"
60376,RES-1989-2904,registry,,1
60376,RES-1989-2904,general_registry,"Land  Registry","Lands Registry"
60380,RES-1989-2828,registry,,1
60380,RES-1989-2828,general_registry,"Land  Registry","Lands Registry"
60385,RES-1989-2817,registry,,1
60385,RES-1989-2817,general_registry,"Land  Registry","Lands Registry"
60386,RES-1989-2907,registry,,1
60386,RES-1989-2907,general_registry,"Land  Registry","Lands Registry"
60390,RES-1989-2850,registry,,1
60390,RES-1989-2850,general_registry,"Land  Registry","Lands Registry"
60391,RES-1989-2815,registry,,1
60391,RES-1989-2815,general_registry,"Land  Registry","Lands Registry"
60393,RES-1989-2955,registry,,1
60393,RES-1989-2955,general_registry,"Land  Registry","Lands Registry"
60395,RES-1989-2624,registry,,1
60395,RES-1989-2624,general_registry,"Land  Registry","Lands Registry"
60397,RES-1989-2985,registry,,1
60397,RES-1989-2985,general_registry,"Land  Registry","Lands Registry"
60401,RES-1989-2842,registry,,1
60401,RES-1989-2842,general_registry,"Land  Registry","Lands Registry"
60403,RES-1989-2816,registry,,1
60403,RES-1989-2816,general_registry,"Land  Registry","Lands Registry"
60405,RES-1989-2893,registry,,1
60405,RES-1989-2893,general_registry,"Land  Registry","Lands Registry"
60407,RES-1989-2814,registry,,1
60407,RES-1989-2814,general_registry,"Land  Registry","Lands Registry"
60410,RES-1989-2854,registry,,1
60410,RES-1989-2854,general_registry,"Land  Registry","Lands Registry"
60418,RES-1989-2887,registry,,1
60418,RES-1989-2887,general_registry,"Land  Registry","Lands Registry"
60419,RES-1989-2822,registry,,1
60419,RES-1989-2822,general_registry,"Land  Registry","Lands Registry"
60420,RES-1989-3002,registry,,1
60420,RES-1989-3002,general_registry,"Land  Registry","Lands Registry"
60424,RES-1989-2806,registry,,1
60424,RES-1989-2806,general_registry,"Land  Registry","Lands Registry"
60427,RES-1989-2391,registry,,1
60427,RES-1989-2391,general_registry,"Land  Registry","Lands Registry"
60432,RES-1989-2808,registry,,1
60432,RES-1989-2808,general_registry,"Land  Registry","Lands Registry"
60435,RES-1989-2373,registry,,1
60435,RES-1989-2373,general_registry,"Land  Registry","Lands Registry"
60440,RES-1989-2830,registry,,1
60440,RES-1989-2830,general_registry,"Land  Registry","Lands Registry"
60441,RES-1989-2905,registry,,1
60441,RES-1989-2905,general_registry,"Land  Registry","Lands Registry"
60442,RES-1989-2394,registry,,1
60442,RES-1989-2394,general_registry,"Land  Registry","Lands Registry"
60447,RES-1989-2988,registry,,1
60447,RES-1989-2988,general_registry,"Land  Registry","Lands Registry"
60448,RES-1989-2843,registry,,1
60448,RES-1989-2843,general_registry,"Land  Registry","Lands Registry"
60449,RES-1989-2374,registry,,1
60449,RES-1989-2374,general_registry,"Land  Registry","Lands Registry"
60451,RES-1989-2987,registry,,1
60451,RES-1989-2987,general_registry,"Land  Registry","Lands Registry"
60454,RES-1989-2841,registry,,1
60454,RES-1989-2841,general_registry,"Land  Registry","Lands Registry"
60457,RES-1989-2361,registry,,1
60457,RES-1989-2361,general_registry,"Land  Registry","Lands Registry"
60461,RES-1989-2363,registry,,1
60461,RES-1989-2363,general_registry,"Land  Registry","Lands Registry"
60462,RES-1989-2983,registry,,1
60462,RES-1989-2983,general_registry,"Land  Registry","Lands Registry"
60463,RES-1989-2840,registry,,1
60463,RES-1989-2840,general_registry,"Land  Registry","Lands Registry"
60467,RES-1989-2364,registry,,1
60467,RES-1989-2364,general_registry,"Land  Registry","Lands Registry"
60469,RES-1989-2982,registry,,1
60469,RES-1989-2982,general_registry,"Land  Registry","Lands Registry"
60475,RES-1989-2967,registry,,1
60475,RES-1989-2967,general_registry,"Land  Registry","Lands Registry"
60476,RES-1989-2343,registry,,1
60476,RES-1989-2343,general_registry,"Land  Registry","Lands Registry"
60477,RES-1989-2969,registry,,1
60477,RES-1989-2969,general_registry,"Land  Registry","Lands Registry"
60478,RES-1989-2984,registry,,1
60478,RES-1989-2984,general_registry,"Land  Registry","Lands Registry"
60484,RES-1989-2301,registry,,1
60484,RES-1989-2301,general_registry,"Land  Registry","Lands Registry"
60485,RES-1989-2990,registry,,1
60485,RES-1989-2990,general_registry,"Land  Registry","Lands Registry"
60487,RES-1989-2989,registry,,1
60487,RES-1989-2989,general_registry,"Land  Registry","Lands Registry"
60488,RES-1989-2342,registry,,1
60488,RES-1989-2342,general_registry,"Land  Registry","Lands Registry"
60492,RES-1989-2340,registry,,1
60492,RES-1989-2340,general_registry,"Land  Registry","Lands Registry"
60498,RES-1989-2339,registry,,1
60498,RES-1989-2339,general_registry,"Land  Registry","Lands Registry"
60500,RES-1989-2973,registry,,1
60500,RES-1989-2973,general_registry,"Land  Registry","Lands Registry"
60501,RES-1989-2349,registry,,1
60501,RES-1989-2349,general_registry,"Land  Registry","Lands Registry"
60506,RES-1989-2350,registry,,1
60506,RES-1989-2350,general_registry,"Land  Registry","Lands Registry"
60510,RES-1989-2317,registry,,1
60510,RES-1989-2317,general_registry,"Land  Registry","Lands Registry"
60511,RES-1989-2976,registry,,1
60511,RES-1989-2976,general_registry,"Land  Registry","Lands Registry"
60514,RES-1989-2319,registry,,1
60514,RES-1989-2319,general_registry,"Land  Registry","Lands Registry"
60516,RES-1989-2956,registry,,1
60516,RES-1989-2956,general_registry,"Land  Registry","Lands Registry"
60518,RES-1989-2328,registry,,1
60518,RES-1989-2328,general_registry,"Land  Registry","Lands Registry"
60519,RES-1989-2952,registry,,1
60519,RES-1989-2952,general_registry,"Land  Registry","Lands Registry"
60520,RES-1989-2953,registry,,1
60520,RES-1989-2953,general_registry,"Land  Registry","Lands Registry"
60523,RES-1989-2323,registry,,1
60523,RES-1989-2323,general_registry,"Land  Registry","Lands Registry"
60524,RES-1989-2954,registry,,1
60524,RES-1989-2954,general_registry,"Land  Registry","Lands Registry"
60526,RES-1989-2979,registry,,1
60526,RES-1989-2979,general_registry,"Land  Registry","Lands Registry"
60527,RES-1989-2333,registry,,1
60527,RES-1989-2333,general_registry,"Land  Registry","Lands Registry"
60529,RES-1989-2980,registry,,1
60529,RES-1989-2980,general_registry,"Land  Registry","Lands Registry"
60530,RES-1989-2978,registry,,1
60530,RES-1989-2978,general_registry,"Land  Registry","Lands Registry"
60534,RES-1989-2937,registry,,1
60534,RES-1989-2937,general_registry,"Land  Registry","Lands Registry"
60535,RES-1989-2972,registry,,1
60535,RES-1989-2972,general_registry,"Land  Registry","Lands Registry"
60536,RES-1989-2949,registry,,1
60536,RES-1989-2949,general_registry,"Land  Registry","Lands Registry"
60537,RES-1989-2334,registry,,1
60537,RES-1989-2334,general_registry,"Land  Registry","Lands Registry"
60541,RES-1989-2974,registry,,1
60541,RES-1989-2974,general_registry,"Land  Registry","Lands Registry"
60543,RES-1989-2332,registry,,1
60543,RES-1989-2332,general_registry,"Land  Registry","Lands Registry"
60546,RES-1989-2940,registry,,1
60546,RES-1989-2940,general_registry,"Land  Registry","Lands Registry"
60548,RES-1989-2303,registry,,1
60548,RES-1989-2303,general_registry,"Land  Registry","Lands Registry"
60549,RES-1989-2975,registry,,1
60549,RES-1989-2975,general_registry,"Land  Registry","Lands Registry"
60557,RES-1989-2936,registry,,1
60557,RES-1989-2936,general_registry,"Land  Registry","Lands Registry"
60559,RES-1989-2345,registry,,1
60559,RES-1989-2345,general_registry,"Land  Registry","Lands Registry"
60560,RES-1989-2931,registry,,1
60560,RES-1989-2931,general_registry,"Land  Registry","Lands Registry"
60565,RES-1989-2337,registry,,1
60565,RES-1989-2337,general_registry,"Land  Registry","Lands Registry"
60566,RES-1989-2900,registry,,1
60566,RES-1989-2900,general_registry,"Land  Registry","Lands Registry"
60570,RES-1989-2338,registry,,1
60570,RES-1989-2338,general_registry,"Land  Registry","Lands Registry"
60573,RES-1989-2947,registry,,1
60573,RES-1989-2947,general_registry,"Land  Registry","Lands Registry"
60574,RES-1989-2314,registry,,1
60574,RES-1989-2314,general_registry,"Land  Registry","Lands Registry"
60576,RES-1989-2946,registry,,1
60576,RES-1989-2946,general_registry,"Land  Registry","Lands Registry"
60578,RES-1989-2911,registry,,1
60578,RES-1989-2911,general_registry,"Land  Registry","Lands Registry"
60579,RES-1989-2945,registry,,1
60579,RES-1989-2945,general_registry,"Land  Registry","Lands Registry"
60584,RES-1989-2313,registry,,1
60584,RES-1989-2313,general_registry,"Land  Registry","Lands Registry"
60585,RES-1989-2944,registry,,1
60585,RES-1989-2944,general_registry,"Land  Registry","Lands Registry"
60587,RES-1989-2950,registry,,1
60587,RES-1989-2950,general_registry,"Land  Registry","Lands Registry"
60588,RES-1989-2312,registry,,1
60588,RES-1989-2312,general_registry,"Land  Registry","Lands Registry"
60589,RES-1989-2939,registry,,1
60589,RES-1989-2939,general_registry,"Land  Registry","Lands Registry"
60591,RES-1989-2311,registry,,1
60591,RES-1989-2311,general_registry,"Land  Registry","Lands Registry"
60592,RES-1989-2938,registry,,1
60592,RES-1989-2938,general_registry,"Land  Registry","Lands Registry"
60594,RES-1989-2397,registry,,1
60594,RES-1989-2397,general_registry,"Land  Registry","Lands Registry"
60595,RES-1989-2310,registry,,1
60595,RES-1989-2310,general_registry,"Land  Registry","Lands Registry"
60597,RES-1989-2942,registry,,1
60597,RES-1989-2942,general_registry,"Land  Registry","Lands Registry"
60600,RES-1989-2392,registry,,1
60600,RES-1989-2392,general_registry,"Land  Registry","Lands Registry"
60601,RES-1989-2308,registry,,1
60601,RES-1989-2308,general_registry,"Land  Registry","Lands Registry"
60604,RES-1989-2902,registry,,1
60604,RES-1989-2902,general_registry,"Land  Registry","Lands Registry"
60606,RES-1989-2375,registry,,1
60606,RES-1989-2375,general_registry,"Land  Registry","Lands Registry"
60607,RES-1989-2307,registry,,1
60607,RES-1989-2307,general_registry,"Land  Registry","Lands Registry"
60611,RES-1989-2971,registry,,1
60611,RES-1989-2971,general_registry,"Land  Registry","Lands Registry"
60613,RES-1989-2305,registry,,1
60613,RES-1989-2305,general_registry,"Land  Registry","Lands Registry"
60616,RES-1989-2377,registry,,1
60616,RES-1989-2377,general_registry,"Land  Registry","Lands Registry"
60617,RES-1989-2981,registry,,1
60617,RES-1989-2981,general_registry,"Land  Registry","Lands Registry"
60618,RES-1989-2929,registry,,1
60618,RES-1989-2929,general_registry,"Land  Registry","Lands Registry"
60620,RES-1989-2378,registry,,1
60620,RES-1989-2378,general_registry,"Land  Registry","Lands Registry"
60622,RES-1989-2309,registry,,1
60622,RES-1989-2309,general_registry,"Land  Registry","Lands Registry"
60625,RES-1989-2381,registry,,1
60625,RES-1989-2381,general_registry,"Land  Registry","Lands Registry"
60626,RES-1989-2913,registry,,1
60626,RES-1989-2913,general_registry,"Land  Registry","Lands Registry"
60627,RES-1989-2997,registry,,1
60627,RES-1989-2997,general_registry,"Land  Registry","Lands Registry"
60629,RES-1989-2385,registry,,1
60629,RES-1989-2385,general_registry,"Land  Registry","Lands Registry"
60631,RES-1989-2998,registry,,1
60631,RES-1989-2998,general_registry,"Land  Registry","Lands Registry"
60632,RES-1989-2912,registry,,1
60632,RES-1989-2912,general_registry,"Land  Registry","Lands Registry"
60634,RES-1989-2356,registry,,1
60634,RES-1989-2356,general_registry,"Land  Registry","Lands Registry"
60635,RES-1989-2386,registry,,1
60635,RES-1989-2386,general_registry,"Land  Registry","Lands Registry"
60638,RES-1989-2999,registry,,1
60638,RES-1989-2999,general_registry,"Land  Registry","Lands Registry"
60639,RES-1989-2388,registry,,1
60639,RES-1989-2388,general_registry,"Land  Registry","Lands Registry"
60640,RES-1989-2996,registry,,1
60640,RES-1989-2996,general_registry,"Land  Registry","Lands Registry"
60645,RES-1989-2959,registry,,1
60645,RES-1989-2959,general_registry,"Land  Registry","Lands Registry"
60650,RES-1989-2961,registry,,1
60650,RES-1989-2961,general_registry,"Land  Registry","Lands Registry"
60653,RES-1989-2927,registry,,1
60653,RES-1989-2927,general_registry,"Land  Registry","Lands Registry"
60654,RES-1989-2958,registry,,1
60654,RES-1989-2958,general_registry,"Land  Registry","Lands Registry"
60658,RES-1989-2921,registry,,1
60658,RES-1989-2921,general_registry,"Land  Registry","Lands Registry"
60659,RES-1989-2957,registry,,1
60659,RES-1989-2957,general_registry,"Land  Registry","Lands Registry"
60660,RES-1989-2922,registry,,1
60660,RES-1989-2922,general_registry,"Land  Registry","Lands Registry"
60662,RES-1989-2923,registry,,1
60662,RES-1989-2923,general_registry,"Land  Registry","Lands Registry"
60666,RES-1989-2924,registry,,1
60666,RES-1989-2924,general_registry,"Land  Registry","Lands Registry"
60667,RES-1989-2925,registry,,1
60667,RES-1989-2925,general_registry,"Land  Registry","Lands Registry"
60668,RES-1989-2920,registry,,1
60668,RES-1989-2920,general_registry,"Land  Registry","Lands Registry"
60676,RES-1989-2474,registry,,1
60676,RES-1989-2474,general_registry,"Land  Registry","Lands Registry"
60677,RES-1989-2466,registry,,1
60677,RES-1989-2466,general_registry,"Land  Registry","Lands Registry"
60679,RES-1989-2789,registry,,1
60679,RES-1989-2789,general_registry,"Land  Registry","Lands Registry"
60681,RES-1989-2467,registry,,1
60681,RES-1989-2467,general_registry,"Land  Registry","Lands Registry"
60684,RES-1989-2468,registry,,1
60684,RES-1989-2468,general_registry,"Land  Registry","Lands Registry"
60687,RES-1989-2469,registry,,1
60687,RES-1989-2469,general_registry,"Land  Registry","Lands Registry"
60688,RES-1989-2460,registry,,1
60688,RES-1989-2460,general_registry,"Land  Registry","Lands Registry"
60690,RES-1989-2470,registry,,1
60690,RES-1989-2470,general_registry,"Land  Registry","Lands Registry"
60691,RES-1989-2459,registry,,1
60691,RES-1989-2459,general_registry,"Land  Registry","Lands Registry"
60694,RES-1989-2458,registry,,1
60694,RES-1989-2458,general_registry,"Land  Registry","Lands Registry"
60695,RES-1989-2457,registry,,1
60695,RES-1989-2457,general_registry,"Land  Registry","Lands Registry"
60697,RES-1989-2442,registry,,1
60697,RES-1989-2442,general_registry,"Land  Registry","Lands Registry"
60700,RES-1989-2456,registry,,1
60700,RES-1989-2456,general_registry,"Land  Registry","Lands Registry"
60702,RES-1989-2403,registry,,1
60702,RES-1989-2403,general_registry,"Land  Registry","Lands Registry"
60704,RES-1989-2455,registry,,1
60704,RES-1989-2455,general_registry,"Land  Registry","Lands Registry"
60707,RES-1989-2422,registry,,1
60707,RES-1989-2422,general_registry,"Land  Registry","Lands Registry"
60711,RES-1989-2454,registry,,1
60711,RES-1989-2454,general_registry,"Land  Registry","Lands Registry"
60713,RES-1989-2367,registry,,1
60713,RES-1989-2367,general_registry,"Land  Registry","Lands Registry"
60714,RES-1989-2430,registry,,1
60714,RES-1989-2430,general_registry,"Land  Registry","Lands Registry"
60717,RES-1989-2453,registry,,1
60717,RES-1989-2453,general_registry,"Land  Registry","Lands Registry"
60718,RES-1989-2368,registry,,1
60718,RES-1989-2368,general_registry,"Land  Registry","Lands Registry"
60719,RES-1989-2404,registry,,1
60719,RES-1989-2404,general_registry,"Land  Registry","Lands Registry"
60720,RES-1989-2412,registry,,1
60720,RES-1989-2412,general_registry,"Land  Registry","Lands Registry"
60721,RES-1989-2369,registry,,1
60721,RES-1989-2369,general_registry,"Land  Registry","Lands Registry"
60724,RES-1989-2449,registry,,1
60724,RES-1989-2449,general_registry,"Land  Registry","Lands Registry"
60725,RES-1989-2407,registry,,1
60725,RES-1989-2407,general_registry,"Land  Registry","Lands Registry"
60730,RES-1989-2439,registry,,1
60730,RES-1989-2439,general_registry,"Land  Registry","Lands Registry"
60733,RES-1989-2447,registry,,1
60733,RES-1989-2447,general_registry,"Land  Registry","Lands Registry"
60734,RES-1989-2438,registry,,1
60734,RES-1989-2438,general_registry,"Land  Registry","Lands Registry"
60739,RES-1989-2446,registry,,1
60739,RES-1989-2446,general_registry,"Land  Registry","Lands Registry"
60740,RES-1989-2420,registry,,1
60740,RES-1989-2420,general_registry,"Land  Registry","Lands Registry"
60744,RES-1989-2419,registry,,1
60744,RES-1989-2419,general_registry,"Land  Registry","Lands Registry"
60745,RES-1989-2448,registry,,1
60745,RES-1989-2448,general_registry,"Land  Registry","Lands Registry"
60747,RES-1989-2429,registry,,1
60747,RES-1989-2429,general_registry,"Land  Registry","Lands Registry"
60748,RES-1989-2437,registry,,1
60748,RES-1989-2437,general_registry,"Land  Registry","Lands Registry"
60751,RES-1989-2427,registry,,1
60751,RES-1989-2427,general_registry,"Land  Registry","Lands Registry"
60752,RES-1989-2416,registry,,1
60752,RES-1989-2416,general_registry,"Land  Registry","Lands Registry"
60755,RES-1989-2426,registry,,1
60755,RES-1989-2426,general_registry,"Land  Registry","Lands Registry"
60756,RES-1989-2415,registry,,1
60756,RES-1989-2415,general_registry,"Land  Registry","Lands Registry"
60759,RES-1989-2425,registry,,1
60759,RES-1989-2425,general_registry,"Land  Registry","Lands Registry"
60760,RES-1989-2414,registry,,1
60760,RES-1989-2414,general_registry,"Land  Registry","Lands Registry"
60763,RES-1989-2413,registry,,1
60763,RES-1989-2413,general_registry,"Land  Registry","Lands Registry"
60765,RES-1989-2441,registry,,1
60765,RES-1989-2441,general_registry,"Land  Registry","Lands Registry"
60767,RES-1989-2431,registry,,1
60767,RES-1989-2431,general_registry,"Land  Registry","Lands Registry"
60769,RES-1989-2440,registry,,1
60769,RES-1989-2440,general_registry,"Land  Registry","Lands Registry"
60772,RES-1989-2436,registry,,1
60772,RES-1989-2436,general_registry,"Land  Registry","Lands Registry"
60776,RES-1989-2445,registry,,1
60776,RES-1989-2445,general_registry,"Land  Registry","Lands Registry"
60779,RES-1989-2444,registry,,1
60779,RES-1989-2444,general_registry,"Land  Registry","Lands Registry"
60783,RES-1989-2443,registry,,1
60783,RES-1989-2443,general_registry,"Land  Registry","Lands Registry"
60784,RES-1989-1990,registry,,1
60784,RES-1989-1990,general_registry,"Land  Registry","Lands Registry"
60789,RES-1989-2450,registry,,1
60789,RES-1989-2450,general_registry,"Land  Registry","Lands Registry"
60793,RES-1989-2465,registry,,1
60793,RES-1989-2465,general_registry,"Land  Registry","Lands Registry"
60794,RES-1989-2423,registry,,1
60794,RES-1989-2423,general_registry,"Land  Registry","Lands Registry"
60797,RES-1989-2463,registry,,1
60797,RES-1989-2463,general_registry,"Land  Registry","Lands Registry"
60801,RES-1989-2421,registry,,1
60801,RES-1989-2421,general_registry,"Land  Registry","Lands Registry"
60808,RES-1989-2479,registry,,1
60808,RES-1989-2479,general_registry,"Land  Registry","Lands Registry"
60810,RES-1989-2402,registry,,1
60810,RES-1989-2402,general_registry,"Land  Registry","Lands Registry"
60812,RES-1989-2488,registry,,1
60812,RES-1989-2488,general_registry,"Land  Registry","Lands Registry"
60815,RES-1989-2480,registry,,1
60815,RES-1989-2480,general_registry,"Land  Registry","Lands Registry"
60817,RES-1989-2418,registry,,1
60817,RES-1989-2418,general_registry,"Land  Registry","Lands Registry"
60822,RES-1989-2489,registry,,1
60822,RES-1989-2489,general_registry,"Land  Registry","Lands Registry"
60823,RES-1989-2481,registry,,1
60823,RES-1989-2481,general_registry,"Land  Registry","Lands Registry"
60825,RES-1989-2482,registry,,1
60825,RES-1989-2482,general_registry,"Land  Registry","Lands Registry"
60826,RES-1989-2490,registry,,1
60826,RES-1989-2490,general_registry,"Land  Registry","Lands Registry"
60828,RES-1989-2417,registry,,1
60828,RES-1989-2417,general_registry,"Land  Registry","Lands Registry"
60829,RES-1989-2475,registry,,1
60829,RES-1989-2475,general_registry,"Land  Registry","Lands Registry"
60832,RES-1989-2411,registry,,1
60832,RES-1989-2411,general_registry,"Land  Registry","Lands Registry"
60835,RES-1989-2491,registry,,1
60835,RES-1989-2491,general_registry,"Land  Registry","Lands Registry"
60836,RES-1989-2476,registry,,1
60836,RES-1989-2476,general_registry,"Land  Registry","Lands Registry"
60838,RES-1989-2452,registry,,1
60838,RES-1989-2452,general_registry,"Land  Registry","Lands Registry"
60839,RES-1989-2492,registry,,1
60839,RES-1989-2492,general_registry,"Land  Registry","Lands Registry"
60842,RES-1989-2483,registry,,1
60842,RES-1989-2483,general_registry,"Land  Registry","Lands Registry"
60843,RES-1989-2409,registry,,1
60843,RES-1989-2409,general_registry,"Land  Registry","Lands Registry"
60846,RES-1989-2484,registry,,1
60846,RES-1989-2484,general_registry,"Land  Registry","Lands Registry"
60847,RES-1989-2477,registry,,1
60847,RES-1989-2477,general_registry,"Land  Registry","Lands Registry"
60851,RES-1989-2471,registry,,1
60851,RES-1989-2471,general_registry,"Land  Registry","Lands Registry"
60852,RES-1989-2486,registry,,1
60852,RES-1989-2486,general_registry,"Land  Registry","Lands Registry"
60853,RES-1989-2493,registry,,1
60853,RES-1989-2493,general_registry,"Land  Registry","Lands Registry"
60854,RES-1989-2408,registry,,1
60854,RES-1989-2408,general_registry,"Land  Registry","Lands Registry"
60858,RES-1989-2472,registry,,1
60858,RES-1989-2472,general_registry,"Land  Registry","Lands Registry"
60860,RES-1989-2487,registry,,1
60860,RES-1989-2487,general_registry,"Land  Registry","Lands Registry"
60863,RES-1989-2494,registry,,1
60863,RES-1989-2494,general_registry,"Land  Registry","Lands Registry"
60865,RES-1989-2473,registry,,1
60865,RES-1989-2473,general_registry,"Land  Registry","Lands Registry"
60867,RES-1989-2495,registry,,1
60867,RES-1989-2495,general_registry,"Land  Registry","Lands Registry"
60871,RES-1989-2496,registry,,1
60871,RES-1989-2496,general_registry,"Land  Registry","Lands Registry"
60876,RES-1989-2497,registry,,1
60876,RES-1989-2497,general_registry,"Land  Registry","Lands Registry"
60881,RES-1989-2498,registry,,1
60881,RES-1989-2498,general_registry,"Land  Registry","Lands Registry"
60886,RES-1989-2428,registry,,1
60886,RES-1989-2428,general_registry,"Land  Registry","Lands Registry"
60891,RES-1989-2918,registry,,1
60891,RES-1989-2918,general_registry,"Land  Registry","Lands Registry"
60901,RES-1989-2304,registry,,1
60901,RES-1989-2304,general_registry,"Land  Registry","Lands Registry"
60902,RES-1989-2302,registry,,1
60902,RES-1989-2302,general_registry,"Land  Registry","Lands Registry"
60903,RES-1989-2389,registry,,1
60903,RES-1989-2389,general_registry,"Land  Registry","Lands Registry"
60904,RES-1989-2390,registry,,1
60904,RES-1989-2390,general_registry,"Land  Registry","Lands Registry"
60905,RES-1989-2399,registry,,1
60905,RES-1989-2399,general_registry,"Land  Registry","Lands Registry"
60909,RES-1989-2401,registry,,1
60909,RES-1989-2401,general_registry,"Land  Registry","Lands Registry"
60911,RES-1989-2406,registry,,1
60911,RES-1989-2406,general_registry,"Land  Registry","Lands Registry"
60914,RES-1989-2405,registry,,1
60914,RES-1989-2405,general_registry,"Land  Registry","Lands Registry"
60915,RES-1989-2380,registry,,1
60915,RES-1989-2380,general_registry,"Land  Registry","Lands Registry"
60916,RES-1989-2478,registry,,1
60916,RES-1989-2478,general_registry,"Land  Registry","Lands Registry"
60919,RES-1989-2379,registry,,1
60919,RES-1989-2379,general_registry,"Land  Registry","Lands Registry"
60922,RES-1989-2398,registry,,1
60922,RES-1989-2398,general_registry,"Land  Registry","Lands Registry"
60924,RES-1989-2387,registry,,1
60924,RES-1989-2387,general_registry,"Land  Registry","Lands Registry"
60961,RES-1989-2288,registry,,1
60961,RES-1989-2288,general_registry,"Land  Registry","Lands Registry"
60964,RES-1989-2287,registry,,1
60964,RES-1989-2287,general_registry,"Land  Registry","Lands Registry"
60969,RES-1989-2244,registry,,1
60969,RES-1989-2244,general_registry,"Land  Registry","Lands Registry"
60971,RES-1989-2261,registry,,1
60971,RES-1989-2261,general_registry,"Land  Registry","Lands Registry"
60973,RES-1989-2263,registry,,1
60973,RES-1989-2263,general_registry,"Land  Registry","Lands Registry"
60982,RES-1989-2254,registry,,1
60982,RES-1989-2254,general_registry,"Land  Registry","Lands Registry"
60989,RES-1989-2262,registry,,1
60989,RES-1989-2262,general_registry,"Land  Registry","Lands Registry"
61000,RES-1989-2260,registry,,1
61000,RES-1989-2260,general_registry,"Land  Registry","Lands Registry"
61004,RES-1989-4198,registry,,1
61004,RES-1989-4198,general_registry,"Land  Registry","Lands Registry"
61005,RES-1989-2256,registry,,1
61005,RES-1989-2256,general_registry,"Land  Registry","Lands Registry"
61009,RES-1989-4197,registry,,1
61009,RES-1989-4197,general_registry,"Land  Registry","Lands Registry"
61012,RES-1989-2255,registry,,1
61012,RES-1989-2255,general_registry,"Land  Registry","Lands Registry"
61014,RES-1989-4199,registry,,1
61014,RES-1989-4199,general_registry,"Land  Registry","Lands Registry"
61017,RES-1989-2259,registry,,1
61017,RES-1989-2259,general_registry,"Land  Registry","Lands Registry"
61019,RES-1989-4191,registry,,1
61019,RES-1989-4191,general_registry,"Land  Registry","Lands Registry"
61022,RES-1989-4189,registry,,1
61022,RES-1989-4189,general_registry,"Land  Registry","Lands Registry"
61024,RES-1989-4187,registry,,1
61024,RES-1989-4187,general_registry,"Land  Registry","Lands Registry"
61030,RES-1989-4186,registry,,1
61030,RES-1989-4186,general_registry,"Land  Registry","Lands Registry"
61031,RES-1989-2354,registry,,1
61031,RES-1989-2354,general_registry,"Land  Registry","Lands Registry"
61035,RES-1989-4152,registry,,1
61035,RES-1989-4152,general_registry,"Land  Registry","Lands Registry"
61048,RES-1989-2285,registry,,1
61048,RES-1989-2285,general_registry,"Land  Registry","Lands Registry"
61053,RES-1989-4159,registry,,1
61053,RES-1989-4159,general_registry,"Land  Registry","Lands Registry"
61066,RES-1989-4100,registry,,1
61066,RES-1989-4100,general_registry,"Land  Registry","Lands Registry"
61072,RES-1989-4185,registry,,1
61072,RES-1989-4185,general_registry,"Land  Registry","Lands Registry"
61082,RES-1989-4196,registry,,1
61082,RES-1989-4196,general_registry,"Land  Registry","Lands Registry"
61091,RES-1989-2295,registry,,1
61091,RES-1989-2295,general_registry,"Land  Registry","Lands Registry"
61093,RES-1989-4195,registry,,1
61093,RES-1989-4195,general_registry,"Land  Registry","Lands Registry"
61096,RES-1989-2225,registry,,1
61096,RES-1989-2225,general_registry,"Land  Registry","Lands Registry"
61102,RES-1989-4194,registry,,1
61102,RES-1989-4194,general_registry,"Land  Registry","Lands Registry"
61108,RES-1989-4190,registry,,1
61108,RES-1989-4190,general_registry,"Land  Registry","Lands Registry"
61111,RES-1989-2773,registry,,1
61111,RES-1989-2773,general_registry,"Land  Registry","Lands Registry"
61115,RES-1989-2771,registry,,1
61115,RES-1989-2771,general_registry,"Land  Registry","Lands Registry"
61116,RES-1989-2776,registry,,1
61116,RES-1989-2776,general_registry,"Land  Registry","Lands Registry"
61117,RES-1989-2770,registry,,1
61117,RES-1989-2770,general_registry,"Land  Registry","Lands Registry"
61121,RES-1989-2797,registry,,1
61121,RES-1989-2797,general_registry,"Land  Registry","Lands Registry"
61126,RES-1989-2768,registry,,1
61126,RES-1989-2768,general_registry,"Land  Registry","Lands Registry"
61129,RES-1989-2796,registry,,1
61129,RES-1989-2796,general_registry,"Land  Registry","Lands Registry"
61130,RES-1989-4151,registry,,1
61130,RES-1989-4151,general_registry,"Land  Registry","Lands Registry"
61131,RES-1989-2775,registry,,1
61131,RES-1989-2775,general_registry,"Land  Registry","Lands Registry"
61133,RES-1989-2711,registry,,1
61133,RES-1989-2711,general_registry,"Land  Registry","Lands Registry"
61136,RES-1989-4180,registry,,1
61136,RES-1989-4180,general_registry,"Land  Registry","Lands Registry"
61137,RES-1989-2774,general_registry,"Land  Registry","Lands Registry"
61142,RES-1989-4179,registry,,1
61142,RES-1989-4179,general_registry,"Land  Registry","Lands Registry"
61144,RES-1989-2451,registry,,1
61144,RES-1989-2451,general_registry,"Land  Registry","Lands Registry"
61146,RES-1989-2702,registry,,1
61146,RES-1989-2702,general_registry,"Land  Registry","Lands Registry"
61147,RES-1989-2348,registry,,1
61147,RES-1989-2348,general_registry,"Land  Registry","Lands Registry"
61148,RES-1989-2251,registry,,1
61148,RES-1989-2251,general_registry,"Land  Registry","Lands Registry"
61150,RES-1989-4181,registry,,1
61150,RES-1989-4181,general_registry,"Land  Registry","Lands Registry"
61154,RES-1989-2703,registry,,1
61154,RES-1989-2703,general_registry,"Land  Registry","Lands Registry"
61155,RES-1989-4178,registry,,1
61155,RES-1989-4178,general_registry,"Land  Registry","Lands Registry"
61159,RES-1989-2756,registry,,1
61159,RES-1989-2756,general_registry,"Land  Registry","Lands Registry"
61161,RES-1989-4177,registry,,1
61161,RES-1989-4177,general_registry,"Land  Registry","Lands Registry"
61170,RES-1989-2249,registry,,1
61170,RES-1989-2249,general_registry,"Land  Registry","Lands Registry"
61172,RES-1989-2320,registry,,1
61172,RES-1989-2320,general_registry,"Land  Registry","Lands Registry"
61176,RES-1989-4136,registry,,1
61176,RES-1989-4136,general_registry,"Land  Registry","Lands Registry"
61178,RES-1989-2209,registry,,1
61178,RES-1989-2209,general_registry,"Land  Registry","Lands Registry"
61181,RES-1989-4149,registry,,1
61181,RES-1989-4149,general_registry,"Land  Registry","Lands Registry"
61182,RES-1989-2291,registry,,1
61182,RES-1989-2291,general_registry,"Land  Registry","Lands Registry"
61186,RES-1989-4150,registry,,1
61186,RES-1989-4150,general_registry,"Land  Registry","Lands Registry"
61190,RES-1989-2245,registry,,1
61190,RES-1989-2245,general_registry,"Land  Registry","Lands Registry"
61198,RES-1989-4134,registry,,1
61198,RES-1989-4134,general_registry,"Land  Registry","Lands Registry"
61202,RES-1989-4157,registry,,1
61202,RES-1989-4157,general_registry,"Land  Registry","Lands Registry"
61215,RES-1989-4158,registry,,1
61215,RES-1989-4158,general_registry,"Land  Registry","Lands Registry"
61219,RES-1989-2280,registry,,1
61219,RES-1989-2280,general_registry,"Land  Registry","Lands Registry"
61223,RES-1989-2294,registry,,1
61223,RES-1989-2294,general_registry,"Land  Registry","Lands Registry"
61231,RES-1989-2710,registry,,1
61231,RES-1989-2710,general_registry,"Land  Registry","Lands Registry"
61233,RES-1989-2794,registry,,1
61233,RES-1989-2794,general_registry,"Land  Registry","Lands Registry"
61234,RES-1989-2293,registry,,1
61234,RES-1989-2293,general_registry,"Land  Registry","Lands Registry"
61236,RES-1989-2791,registry,,1
61236,RES-1989-2791,general_registry,"Land  Registry","Lands Registry"
61239,RES-1989-2292,registry,,1
61239,RES-1989-2292,general_registry,"Land  Registry","Lands Registry"
61242,RES-1989-2712,registry,,1
61242,RES-1989-2712,general_registry,"Land  Registry","Lands Registry"
61248,RES-1989-2358,registry,,1
61248,RES-1989-2358,general_registry,"Land  Registry","Lands Registry"
61249,RES-1989-2290,registry,,1
61249,RES-1989-2290,general_registry,"Land  Registry","Lands Registry"
61258,RES-1989-2273,registry,,1
61258,RES-1989-2273,general_registry,"Land  Registry","Lands Registry"
61262,RES-1989-2341,registry,,1
61262,RES-1989-2341,general_registry,"Land  Registry","Lands Registry"
61263,RES-1989-2271,registry,,1
61263,RES-1989-2271,general_registry,"Land  Registry","Lands Registry"
61265,RES-1989-2278,registry,,1
61265,RES-1989-2278,general_registry,"Land  Registry","Lands Registry"
61274,RES-1989-2279,registry,,1
61274,RES-1989-2279,general_registry,"Land  Registry","Lands Registry"
61275,RES-1989-2274,registry,,1
61275,RES-1989-2274,general_registry,"Land  Registry","Lands Registry"
61277,RES-1989-2269,registry,,1
61277,RES-1989-2269,general_registry,"Land  Registry","Lands Registry"
61278,RES-1989-2272,registry,,1
61278,RES-1989-2272,general_registry,"Land  Registry","Lands Registry"
61279,RES-1989-2276,registry,,1
61279,RES-1989-2276,general_registry,"Land  Registry","Lands Registry"
61280,RES-1989-2264,registry,,1
61280,RES-1989-2264,general_registry,"Land  Registry","Lands Registry"
61281,RES-1989-2299,registry,,1
61281,RES-1989-2299,general_registry,"Land  Registry","Lands Registry"
61282,RES-1989-2275,registry,,1
61282,RES-1989-2275,general_registry,"Land  Registry","Lands Registry"
61283,RES-1989-2267,registry,,1
61283,RES-1989-2267,general_registry,"Land  Registry","Lands Registry"
61285,RES-1989-2544,registry,,1
61285,RES-1989-2544,general_registry,"Land  Registry","Lands Registry"
61286,RES-1989-2286,registry,,1
61286,RES-1989-2286,general_registry,"Land  Registry","Lands Registry"
61288,RES-1989-2283,registry,,1
61288,RES-1989-2283,general_registry,"Land  Registry","Lands Registry"
61290,RES-1989-2282,registry,,1
61290,RES-1989-2282,general_registry,"Land  Registry","Lands Registry"
61292,RES-1989-2281,registry,,1
61292,RES-1989-2281,general_registry,"Land  Registry","Lands Registry"
61296,RES-1989-2573,registry,,1
61296,RES-1989-2573,general_registry,"Land  Registry","Lands Registry"
61297,RES-1989-2546,registry,,1
61297,RES-1989-2546,general_registry,"Land  Registry","Lands Registry"
61299,RES-1989-2346,registry,,1
61299,RES-1989-2346,general_registry,"Land  Registry","Lands Registry"
61301,RES-1989-2503,registry,,1
61301,RES-1989-2503,general_registry,"Land  Registry","Lands Registry"
61304,RES-1989-2549,registry,,1
61304,RES-1989-2549,general_registry,"Land  Registry","Lands Registry"
61306,RES-1989-2504,registry,,1
61306,RES-1989-2504,general_registry,"Land  Registry","Lands Registry"
61307,RES-1989-2357,registry,,1
61307,RES-1989-2357,general_registry,"Land  Registry","Lands Registry"
61309,RES-1989-2589,registry,,1
61309,RES-1989-2589,general_registry,"Land  Registry","Lands Registry"
61310,RES-1989-2505,registry,,1
61310,RES-1989-2505,general_registry,"Land  Registry","Lands Registry"
61312,RES-1989-2587,registry,,1
61312,RES-1989-2587,general_registry,"Land  Registry","Lands Registry"
61314,RES-1989-2597,registry,,1
61314,RES-1989-2597,general_registry,"Land  Registry","Lands Registry"
61315,RES-1989-2591,registry,,1
61315,RES-1989-2591,general_registry,"Land  Registry","Lands Registry"
61316,RES-1989-2266,registry,,1
61316,RES-1989-2266,general_registry,"Land  Registry","Lands Registry"
61320,RES-1989-2577,registry,,1
61320,RES-1989-2577,general_registry,"Land  Registry","Lands Registry"
61324,RES-1989-2585,registry,,1
61324,RES-1989-2585,general_registry,"Land  Registry","Lands Registry"
61327,RES-1989-2576,registry,,1
61327,RES-1989-2576,general_registry,"Land  Registry","Lands Registry"
61329,RES-1989-2208,registry,,1
61329,RES-1989-2208,general_registry,"Land  Registry","Lands Registry"
61331,RES-1989-2584,registry,,1
61331,RES-1989-2584,general_registry,"Land  Registry","Lands Registry"
61332,RES-1989-2575,registry,,1
61332,RES-1989-2575,general_registry,"Land  Registry","Lands Registry"
61335,RES-1989-2207,registry,,1
61335,RES-1989-2207,general_registry,"Land  Registry","Lands Registry"
61337,RES-1989-2583,registry,,1
61337,RES-1989-2583,general_registry,"Land  Registry","Lands Registry"
61341,RES-1989-2574,registry,,1
61341,RES-1989-2574,general_registry,"Land  Registry","Lands Registry"
61343,RES-1989-2520,registry,,1
61343,RES-1989-2520,general_registry,"Land  Registry","Lands Registry"
61344,RES-1989-2700,registry,,1
61344,RES-1989-2700,general_registry,"Land  Registry","Lands Registry"
61345,RES-1989-2360,registry,,1
61345,RES-1989-2360,general_registry,"Land  Registry","Lands Registry"
61348,RES-1989-2579,registry,,1
61348,RES-1989-2579,general_registry,"Land  Registry","Lands Registry"
61354,RES-1989-2506,registry,,1
61354,RES-1989-2506,general_registry,"Land  Registry","Lands Registry"
61355,RES-1989-2705,registry,,1
61355,RES-1989-2705,general_registry,"Land  Registry","Lands Registry"
61356,RES-1989-2326,registry,,1
61356,RES-1989-2326,general_registry,"Land  Registry","Lands Registry"
61358,RES-1989-2707,registry,,1
61358,RES-1989-2707,general_registry,"Land  Registry","Lands Registry"
61359,RES-1989-2507,registry,,1
61359,RES-1989-2507,general_registry,"Land  Registry","Lands Registry"
61361,RES-1989-2708,registry,,1
61361,RES-1989-2708,general_registry,"Land  Registry","Lands Registry"
61368,RES-1989-2540,registry,,1
61368,RES-1989-2540,general_registry,"Land  Registry","Lands Registry"
61371,RES-1989-2547,registry,,1
61371,RES-1989-2547,general_registry,"Land  Registry","Lands Registry"
61375,RES-1989-2370,registry,,1
61375,RES-1989-2370,general_registry,"Land  Registry","Lands Registry"
61377,RES-1989-2548,registry,,1
61377,RES-1989-2548,general_registry,"Land  Registry","Lands Registry"
61383,RES-1989-2541,registry,,1
61383,RES-1989-2541,general_registry,"Land  Registry","Lands Registry"
61387,RES-1989-2300,registry,,1
61387,RES-1989-2300,general_registry,"Land  Registry","Lands Registry"
61391,RES-1989-2511,registry,,1
61391,RES-1989-2511,general_registry,"Land  Registry","Lands Registry"
61393,RES-1989-2512,registry,,1
61393,RES-1989-2512,general_registry,"Land  Registry","Lands Registry"
61394,RES-1989-2298,registry,,1
61394,RES-1989-2298,general_registry,"Land  Registry","Lands Registry"
61398,RES-1989-2709,registry,,1
61398,RES-1989-2709,general_registry,"Land  Registry","Lands Registry"
61399,RES-1989-2580,registry,,1
61399,RES-1989-2580,general_registry,"Land  Registry","Lands Registry"
61401,RES-1989-2701,registry,,1
61401,RES-1989-2701,general_registry,"Land  Registry","Lands Registry"
61403,RES-1989-2248,registry,,1
61403,RES-1989-2248,general_registry,"Land  Registry","Lands Registry"
61405,RES-1989-2552,registry,,1
61405,RES-1989-2552,general_registry,"Land  Registry","Lands Registry"
61408,RES-1989-2247,registry,,1
61408,RES-1989-2247,general_registry,"Land  Registry","Lands Registry"
61410,RES-1989-2246,registry,,1
61410,RES-1989-2246,general_registry,"Land  Registry","Lands Registry"
61414,RES-1989-2704,registry,,1
61414,RES-1989-2704,general_registry,"Land  Registry","Lands Registry"
61419,RES-1989-2725,registry,,1
61419,RES-1989-2725,general_registry,"Land  Registry","Lands Registry"
61423,RES-1989-2318,registry,,1
61423,RES-1989-2318,general_registry,"Land  Registry","Lands Registry"
61427,RES-1989-2316,registry,,1
61427,RES-1989-2316,general_registry,"Land  Registry","Lands Registry"
61428,RES-1989-2706,registry,,1
61428,RES-1989-2706,general_registry,"Land  Registry","Lands Registry"
61437,RES-1989-2315,registry,,1
61437,RES-1989-2315,general_registry,"Land  Registry","Lands Registry"
61440,RES-1989-2335,registry,,1
61440,RES-1989-2335,general_registry,"Land  Registry","Lands Registry"
61448,RES-1989-2365,registry,,1
61448,RES-1989-2365,general_registry,"Land  Registry","Lands Registry"
61453,RES-1989-2366,registry,,1
61453,RES-1989-2366,general_registry,"Land  Registry","Lands Registry"
61466,RES-1989-2600,registry,,1
61466,RES-1989-2600,general_registry,"Land  Registry","Lands Registry"
61468,RES-1989-2522,registry,,1
61468,RES-1989-2522,general_registry,"Land  Registry","Lands Registry"
61474,RES-1989-2554,registry,,1
61474,RES-1989-2554,general_registry,"Land  Registry","Lands Registry"
61488,RES-1989-2277,registry,,1
61488,RES-1989-2277,general_registry,"Land  Registry","Lands Registry"
61492,RES-1989-2898,registry,,1
61492,RES-1989-2898,general_registry,"Land  Registry","Lands Registry"
61493,RES-1989-2563,registry,,1
61493,RES-1989-2563,general_registry,"Land  Registry","Lands Registry"
61496,RES-1989-2566,registry,,1
61496,RES-1989-2566,general_registry,"Land  Registry","Lands Registry"
61514,RES-1989-3017,registry,,1
61514,RES-1989-3017,general_registry,"Land  Registry","Lands Registry"
61517,RES-1989-2564,registry,,1
61517,RES-1989-2564,general_registry,"Land  Registry","Lands Registry"
61523,RES-1989-2891,registry,,1
61523,RES-1989-2891,general_registry,"Land  Registry","Lands Registry"
61560,RES-1989-2500,registry,,1
61560,RES-1989-2500,general_registry,"Land  Registry","Lands Registry"
61573,RES-1989-2538,registry,,1
61573,RES-1989-2538,general_registry,"Land  Registry","Lands Registry"
61589,RES-1989-2750,registry,,1
61589,RES-1989-2750,general_registry,"Land  Registry","Lands Registry"
61608,RES-1989-2321,registry,,1
61608,RES-1989-2321,general_registry,"Land  Registry","Lands Registry"
61617,RES-1989-2324,registry,,1
61617,RES-1989-2324,general_registry,"Land  Registry","Lands Registry"
61647,RES-1989-3076,registry,,1
61647,RES-1989-3076,general_registry,"Land  Registry","Lands Registry"
61652,RES-1989-3074,registry,,1
61652,RES-1989-3074,general_registry,"Land  Registry","Lands Registry"
61656,RES-1989-3073,registry,,1
61656,RES-1989-3073,general_registry,"Land  Registry","Lands Registry"
61660,RES-1989-3063,registry,,1
61660,RES-1989-3063,general_registry,"Land  Registry","Lands Registry"
61662,RES-1989-3088,registry,,1
61662,RES-1989-3088,general_registry,"Land  Registry","Lands Registry"
61665,RES-1989-3085,registry,,1
61665,RES-1989-3085,general_registry,"Land  Registry","Lands Registry"
61667,RES-1989-3083,registry,,1
61667,RES-1989-3083,general_registry,"Land  Registry","Lands Registry"
61673,RES-1989-3096,registry,,1
61673,RES-1989-3096,general_registry,"Land  Registry","Lands Registry"
61682,RES-1989-3095,registry,,1
61682,RES-1989-3095,general_registry,"Land  Registry","Lands Registry"
61686,RES-1989-3094,registry,,1
61686,RES-1989-3094,general_registry,"Land  Registry","Lands Registry"
61692,RES-1989-3093,registry,,1
61692,RES-1989-3093,general_registry,"Land  Registry","Lands Registry"
61697,RES-1989-3092,registry,,1
61697,RES-1989-3092,general_registry,"Land  Registry","Lands Registry"
61709,RES-1989-3056,registry,,1
61709,RES-1989-3056,general_registry,"Land  Registry","Lands Registry"
61713,RES-1989-3057,registry,,1
61713,RES-1989-3057,general_registry,"Land  Registry","Lands Registry"
61715,RES-1989-2759,registry,,1
61715,RES-1989-2759,general_registry,"Land  Registry","Lands Registry"
61720,RES-1989-3070,registry,,1
61720,RES-1989-3070,general_registry,"Land  Registry","Lands Registry"
61723,RES-1989-3071,registry,,1
61723,RES-1989-3071,general_registry,"Land  Registry","Lands Registry"
61730,RES-1989-2757,registry,,1
61730,RES-1989-2757,general_registry,"Land  Registry","Lands Registry"
61735,RES-1989-3097,registry,,1
61735,RES-1989-3097,general_registry,"Land  Registry","Lands Registry"
61737,RES-1989-2758,registry,,1
61737,RES-1989-2758,general_registry,"Land  Registry","Lands Registry"
61741,RES-1989-3006,registry,,1
61741,RES-1989-3006,general_registry,"Land  Registry","Lands Registry"
61745,RES-1989-2760,registry,,1
61745,RES-1989-2760,general_registry,"Land  Registry","Lands Registry"
61749,RES-1989-3003,registry,,1
61749,RES-1989-3003,general_registry,"Land  Registry","Lands Registry"
61751,RES-1989-2761,registry,,1
61751,RES-1989-2761,general_registry,"Land  Registry","Lands Registry"
61753,RES-1989-3004,registry,,1
61753,RES-1989-3004,general_registry,"Land  Registry","Lands Registry"
61755,RES-1989-2762,registry,,1
61755,RES-1989-2762,general_registry,"Land  Registry","Lands Registry"
61758,RES-1989-3005,registry,,1
61758,RES-1989-3005,general_registry,"Land  Registry","Lands Registry"
61760,RES-1989-2763,registry,,1
61760,RES-1989-2763,general_registry,"Land  Registry","Lands Registry"
61764,RES-1989-2741,registry,,1
61764,RES-1989-2741,general_registry,"Land  Registry","Lands Registry"
61765,RES-1989-2764,registry,,1
61765,RES-1989-2764,general_registry,"Land  Registry","Lands Registry"
61768,RES-1989-3090,registry,,1
61768,RES-1989-3090,general_registry,"Land  Registry","Lands Registry"
61770,RES-1989-2765,registry,,1
61770,RES-1989-2765,general_registry,"Land  Registry","Lands Registry"
61772,RES-1989-2766,registry,,1
61772,RES-1989-2766,general_registry,"Land  Registry","Lands Registry"
61774,RES-1989-3089,registry,,1
61774,RES-1989-3089,general_registry,"Land  Registry","Lands Registry"
61778,RES-1989-2729,registry,,1
61778,RES-1989-2729,general_registry,"Land  Registry","Lands Registry"
61779,RES-1989-3021,registry,,1
61779,RES-1989-3021,general_registry,"Land  Registry","Lands Registry"
61787,RES-1989-2738,registry,,1
61787,RES-1989-2738,general_registry,"Land  Registry","Lands Registry"
61790,RES-1989-2799,registry,,1
61790,RES-1989-2799,general_registry,"Land  Registry","Lands Registry"
61793,RES-1989-2767,registry,,1
61793,RES-1989-2767,general_registry,"Land  Registry","Lands Registry"
61794,RES-1989-2787,registry,,1
61794,RES-1989-2787,general_registry,"Land  Registry","Lands Registry"
61795,RES-1989-2778,registry,,1
61795,RES-1989-2778,general_registry,"Land  Registry","Lands Registry"
61796,RES-1989-2755,registry,,1
61796,RES-1989-2755,general_registry,"Land  Registry","Lands Registry"
61797,RES-1989-2781,registry,,1
61797,RES-1989-2781,general_registry,"Land  Registry","Lands Registry"
61801,RES-1989-2253,registry,,1
61801,RES-1989-2253,general_registry,"Land  Registry","Lands Registry"
61803,RES-1989-2754,registry,,1
61803,RES-1989-2754,general_registry,"Land  Registry","Lands Registry"
61804,RES-1989-2252,registry,,1
61804,RES-1989-2252,general_registry,"Land  Registry","Lands Registry"
61805,RES-1989-2752,registry,,1
61805,RES-1989-2752,general_registry,"Land  Registry","Lands Registry"
61806,RES-1989-2751,registry,,1
61806,RES-1989-2751,general_registry,"Land  Registry","Lands Registry"
61807,RES-1989-2719,registry,,1
61807,RES-1989-2719,general_registry,"Land  Registry","Lands Registry"
61809,RES-1989-2539,registry,,1
61809,RES-1989-2539,general_registry,"Land  Registry","Lands Registry"
61811,RES-1989-2534,registry,,1
61811,RES-1989-2534,general_registry,"Land  Registry","Lands Registry"
61812,RES-1989-3064,registry,,1
61812,RES-1989-3064,general_registry,"Land  Registry","Lands Registry"
61813,RES-1989-2578,registry,,1
61813,RES-1989-2578,general_registry,"Land  Registry","Lands Registry"
61815,RES-1989-3079,registry,,1
61815,RES-1989-3079,general_registry,"Land  Registry","Lands Registry"
61817,RES-1989-3049,registry,,1
61817,RES-1989-3049,general_registry,"Land  Registry","Lands Registry"
61818,RES-1989-3047,registry,,1
61818,RES-1989-3047,general_registry,"Land  Registry","Lands Registry"
61819,RES-1989-2535,registry,,1
61819,RES-1989-2535,general_registry,"Land  Registry","Lands Registry"
61820,RES-1989-3010,registry,,1
61820,RES-1989-3010,general_registry,"Land  Registry","Lands Registry"
61822,RES-1989-2537,registry,,1
61822,RES-1989-2537,general_registry,"Land  Registry","Lands Registry"
61824,RES-1989-2521,registry,,1
61824,RES-1989-2521,general_registry,"Land  Registry","Lands Registry"
61826,RES-1989-2581,registry,,1
61826,RES-1989-2581,general_registry,"Land  Registry","Lands Registry"
61831,RES-1989-2588,registry,,1
61831,RES-1989-2588,general_registry,"Land  Registry","Lands Registry"
61832,RES-1989-3067,registry,,1
61832,RES-1989-3067,general_registry,"Land  Registry","Lands Registry"
61833,RES-1989-2590,registry,,1
61833,RES-1989-2590,general_registry,"Land  Registry","Lands Registry"
61834,RES-1989-2721,registry,,1
61834,RES-1989-2721,general_registry,"Land  Registry","Lands Registry"
61835,RES-1989-3066,registry,,1
61835,RES-1989-3066,general_registry,"Land  Registry","Lands Registry"
61841,RES-1989-2562,registry,,1
61841,RES-1989-2562,general_registry,"Land  Registry","Lands Registry"
61843,RES-1989-2536,registry,,1
61843,RES-1989-2536,general_registry,"Land  Registry","Lands Registry"
61850,RES-1989-2572,registry,,1
61850,RES-1989-2572,general_registry,"Land  Registry","Lands Registry"
61851,RES-1989-3007,registry,,1
61851,RES-1989-3007,general_registry,"Land  Registry","Lands Registry"
61852,RES-1989-2785,registry,,1
61852,RES-1989-2785,general_registry,"Land  Registry","Lands Registry"
61853,RES-1989-3026,registry,,1
61853,RES-1989-3026,general_registry,"Land  Registry","Lands Registry"
61855,RES-1989-3099,registry,,1
61855,RES-1989-3099,general_registry,"Land  Registry","Lands Registry"
61856,RES-1989-2553,registry,,1
61856,RES-1989-2553,general_registry,"Land  Registry","Lands Registry"
61858,RES-1989-3016,registry,,1
61858,RES-1989-3016,general_registry,"Land  Registry","Lands Registry"
61859,RES-1989-2595,registry,,1
61859,RES-1989-2595,general_registry,"Land  Registry","Lands Registry"
61861,RES-1989-2594,registry,,1
61861,RES-1989-2594,general_registry,"Land  Registry","Lands Registry"
61863,RES-1989-2593,registry,,1
61863,RES-1989-2593,general_registry,"Land  Registry","Lands Registry"
61864,RES-1989-2596,registry,,1
61864,RES-1989-2596,general_registry,"Land  Registry","Lands Registry"
61865,RES-1989-3012,registry,,1
61865,RES-1989-3012,general_registry,"Land  Registry","Lands Registry"
61871,RES-1989-3008,registry,,1
61871,RES-1989-3008,general_registry,"Land  Registry","Lands Registry"
61872,RES-1989-3009,registry,,1
61872,RES-1989-3009,general_registry,"Land  Registry","Lands Registry"
61875,RES-1989-3011,registry,,1
61875,RES-1989-3011,general_registry,"Land  Registry","Lands Registry"
61877,RES-1989-3027,registry,,1
61877,RES-1989-3027,general_registry,"Land  Registry","Lands Registry"
61881,RES-1989-2782,registry,,1
61881,RES-1989-2782,general_registry,"Land  Registry","Lands Registry"
61882,RES-1989-2780,registry,,1
61882,RES-1989-2780,general_registry,"Land  Registry","Lands Registry"
61887,RES-1989-2779,registry,,1
61887,RES-1989-2779,general_registry,"Land  Registry","Lands Registry"
61895,RES-1989-4016,registry,,1
61895,RES-1989-4016,general_registry,"Land  Registry","Lands Registry"
61897,RES-1989-2533,registry,,1
61897,RES-1989-2533,general_registry,"Land  Registry","Lands Registry"
61901,RES-1989-2518,registry,,1
61901,RES-1989-2518,general_registry,"Land  Registry","Lands Registry"
61902,RES-1989-4094,registry,,1
61902,RES-1989-4094,general_registry,"Land  Registry","Lands Registry"
61904,RES-1989-2561,registry,,1
61904,RES-1989-2561,general_registry,"Land  Registry","Lands Registry"
61905,RES-1989-4096,registry,,1
61905,RES-1989-4096,general_registry,"Land  Registry","Lands Registry"
61908,RES-1989-4075,registry,,1
61908,RES-1989-4075,general_registry,"Land  Registry","Lands Registry"
61910,RES-1989-4074,registry,,1
61910,RES-1989-4074,general_registry,"Land  Registry","Lands Registry"
61911,RES-1989-2571,registry,,1
61911,RES-1989-2571,general_registry,"Land  Registry","Lands Registry"
61912,RES-1989-4084,registry,,1
61912,RES-1989-4084,general_registry,"Land  Registry","Lands Registry"
61915,RES-1989-4083,registry,,1
61915,RES-1989-4083,general_registry,"Land  Registry","Lands Registry"
61917,RES-1989-4082,registry,,1
61917,RES-1989-4082,general_registry,"Land  Registry","Lands Registry"
61918,RES-1989-3044,registry,,1
61918,RES-1989-3044,general_registry,"Land  Registry","Lands Registry"
61919,RES-1989-4061,registry,,1
61919,RES-1989-4061,general_registry,"Land  Registry","Lands Registry"
61920,RES-1989-4081,registry,,1
61920,RES-1989-4081,general_registry,"Land  Registry","Lands Registry"
61921,RES-1989-3048,registry,,1
61921,RES-1989-3048,general_registry,"Land  Registry","Lands Registry"
61922,RES-1989-4080,registry,,1
61922,RES-1989-4080,general_registry,"Land  Registry","Lands Registry"
61923,RES-1989-3051,registry,,1
61923,RES-1989-3051,general_registry,"Land  Registry","Lands Registry"
61924,RES-1989-4078,registry,,1
61924,RES-1989-4078,general_registry,"Land  Registry","Lands Registry"
61925,RES-1989-4086,registry,,1
61925,RES-1989-4086,general_registry,"Land  Registry","Lands Registry"
61926,RES-1989-3072,registry,,1
61926,RES-1989-3072,general_registry,"Land  Registry","Lands Registry"
61927,RES-1989-4077,registry,,1
61927,RES-1989-4077,general_registry,"Land  Registry","Lands Registry"
61928,RES-1989-4085,registry,,1
61928,RES-1989-4085,general_registry,"Land  Registry","Lands Registry"
61930,RES-1989-4093,registry,,1
61930,RES-1989-4093,general_registry,"Land  Registry","Lands Registry"
61931,RES-1989-3000,registry,,1
61931,RES-1989-3000,general_registry,"Land  Registry","Lands Registry"
61932,RES-1989-4091,registry,,1
61932,RES-1989-4091,general_registry,"Land  Registry","Lands Registry"
61933,RES-1989-3018,registry,,1
61933,RES-1989-3018,general_registry,"Land  Registry","Lands Registry"
61934,RES-1989-3029,registry,,1
61934,RES-1989-3029,general_registry,"Land  Registry","Lands Registry"
61935,RES-1989-4019,registry,,1
61935,RES-1989-4019,general_registry,"Land  Registry","Lands Registry"
61936,RES-1989-3031,registry,,1
61936,RES-1989-3031,general_registry,"Land  Registry","Lands Registry"
61937,RES-1989-4017,registry,,1
61937,RES-1989-4017,general_registry,"Land  Registry","Lands Registry"
61938,RES-1989-3065,registry,,1
61938,RES-1989-3065,general_registry,"Land  Registry","Lands Registry"
61939,RES-1989-4060,registry,,1
61939,RES-1989-4060,general_registry,"Land  Registry","Lands Registry"
61940,RES-1989-4059,registry,,1
61940,RES-1989-4059,general_registry,"Land  Registry","Lands Registry"
61941,RES-1989-3062,registry,,1
61941,RES-1989-3062,general_registry,"Land  Registry","Lands Registry"
61943,RES-1989-3055,registry,,1
61943,RES-1989-3055,general_registry,"Land  Registry","Lands Registry"
61944,RES-1989-4024,registry,,1
61944,RES-1989-4024,general_registry,"Land  Registry","Lands Registry"
61945,RES-1989-4009,registry,,1
61945,RES-1989-4009,general_registry,"Land  Registry","Lands Registry"
61946,RES-1989-3059,registry,,1
61946,RES-1989-3059,general_registry,"Land  Registry","Lands Registry"
61947,RES-1989-4012,registry,,1
61947,RES-1989-4012,general_registry,"Land  Registry","Lands Registry"
61948,RES-1989-4015,registry,,1
61948,RES-1989-4015,general_registry,"Land  Registry","Lands Registry"
61949,RES-1989-4058,registry,,1
61949,RES-1989-4058,general_registry,"Land  Registry","Lands Registry"
61950,RES-1989-3035,registry,,1
61950,RES-1989-3035,general_registry,"Land  Registry","Lands Registry"
61951,RES-1989-4072,registry,,1
61951,RES-1989-4072,general_registry,"Land  Registry","Lands Registry"
61952,RES-1989-4062,registry,,1
61952,RES-1989-4062,general_registry,"Land  Registry","Lands Registry"
61953,RES-1989-4071,registry,,1
61953,RES-1989-4071,general_registry,"Land  Registry","Lands Registry"
61954,RES-1989-4023,registry,,1
61954,RES-1989-4023,general_registry,"Land  Registry","Lands Registry"
61955,RES-1989-3019,registry,,1
61955,RES-1989-3019,general_registry,"Land  Registry","Lands Registry"
61956,RES-1989-3022,registry,,1
61956,RES-1989-3022,general_registry,"Land  Registry","Lands Registry"
61957,RES-1989-4013,registry,,1
61957,RES-1989-4013,general_registry,"Land  Registry","Lands Registry"
61958,RES-1989-4057,registry,,1
61958,RES-1989-4057,general_registry,"Land  Registry","Lands Registry"
61959,RES-1989-3023,registry,,1
61959,RES-1989-3023,general_registry,"Land  Registry","Lands Registry"
61960,RES-1989-3024,registry,,1
61960,RES-1989-3024,general_registry,"Land  Registry","Lands Registry"
61961,RES-1989-4063,registry,,1
61961,RES-1989-4063,general_registry,"Land  Registry","Lands Registry"
61962,RES-1989-3025,registry,,1
61962,RES-1989-3025,general_registry,"Land  Registry","Lands Registry"
61963,RES-1989-4065,registry,,1
61963,RES-1989-4065,general_registry,"Land  Registry","Lands Registry"
61964,RES-1989-3028,registry,,1
61964,RES-1989-3028,general_registry,"Land  Registry","Lands Registry"
61965,RES-1989-4066,registry,,1
61965,RES-1989-4066,general_registry,"Land  Registry","Lands Registry"
61966,RES-1989-4067,registry,,1
61966,RES-1989-4067,general_registry,"Land  Registry","Lands Registry"
61968,RES-1989-4068,registry,,1
61968,RES-1989-4068,general_registry,"Land  Registry","Lands Registry"
61969,RES-1989-3043,registry,,1
61969,RES-1989-3043,general_registry,"Land  Registry","Lands Registry"
61971,RES-1989-4069,registry,,1
61971,RES-1989-4069,general_registry,"Land  Registry","Lands Registry"
61973,RES-1989-2669,registry,,1
61973,RES-1989-2669,general_registry,"Land  Registry","Lands Registry"
61974,RES-1989-2671,registry,,1
61974,RES-1989-2671,general_registry,"Land  Registry","Lands Registry"
61975,RES-1989-2672,registry,,1
61975,RES-1989-2672,general_registry,"Land  Registry","Lands Registry"
61976,RES-1989-2677,registry,,1
61976,RES-1989-2677,general_registry,"Land  Registry","Lands Registry"
61977,RES-1989-2676,registry,,1
61977,RES-1989-2676,general_registry,"Land  Registry","Lands Registry"
61985,RES-1989-2690,registry,,1
61985,RES-1989-2690,general_registry,"Land  Registry","Lands Registry"
61986,RES-1989-2685,registry,,1
61986,RES-1989-2685,general_registry,"Land  Registry","Lands Registry"
61987,RES-1989-2684,registry,,1
61987,RES-1989-2684,general_registry,"Land  Registry","Lands Registry"
61988,RES-1989-2682,registry,,1
61988,RES-1989-2682,general_registry,"Land  Registry","Lands Registry"
61989,RES-1989-2692,registry,,1
61989,RES-1989-2692,general_registry,"Land  Registry","Lands Registry"
61990,RES-1989-2693,registry,,1
61990,RES-1989-2693,general_registry,"Land  Registry","Lands Registry"
61991,RES-1989-2686,registry,,1
61991,RES-1989-2686,general_registry,"Land  Registry","Lands Registry"
61992,RES-1989-2697,registry,,1
61992,RES-1989-2697,general_registry,"Land  Registry","Lands Registry"
61993,RES-1989-2683,registry,,1
61993,RES-1989-2683,general_registry,"Land  Registry","Lands Registry"
61994,RES-1989-2695,registry,,1
61994,RES-1989-2695,general_registry,"Land  Registry","Lands Registry"
61995,RES-1989-2694,registry,,1
61995,RES-1989-2694,general_registry,"Land  Registry","Lands Registry"
61996,RES-1989-2611,registry,,1
61996,RES-1989-2611,general_registry,"Land  Registry","Lands Registry"
61997,RES-1989-2689,registry,,1
61997,RES-1989-2689,general_registry,"Land  Registry","Lands Registry"
61998,RES-1989-2688,registry,,1
61998,RES-1989-2688,general_registry,"Land  Registry","Lands Registry"
61999,RES-1989-2696,registry,,1
61999,RES-1989-2696,general_registry,"Land  Registry","Lands Registry"
62000,RES-1989-2691,registry,,1
62000,RES-1989-2691,general_registry,"Land  Registry","Lands Registry"
62001,RES-1989-2681,registry,,1
62001,RES-1989-2681,general_registry,"Land  Registry","Lands Registry"
62003,RES-1989-2670,registry,,1
62003,RES-1989-2670,general_registry,"Land  Registry","Lands Registry"
62004,RES-1989-2666,registry,,1
62004,RES-1989-2666,general_registry,"Land  Registry","Lands Registry"
62006,RES-1989-2665,registry,,1
62006,RES-1989-2665,general_registry,"Land  Registry","Lands Registry"
62008,RES-1989-2667,registry,,1
62008,RES-1989-2667,general_registry,"Land  Registry","Lands Registry"
62009,RES-1989-2668,registry,,1
62009,RES-1989-2668,general_registry,"Land  Registry","Lands Registry"
62010,RES-1989-2625,registry,,1
62010,RES-1989-2625,general_registry,"Land  Registry","Lands Registry"
62011,RES-1989-2626,registry,,1
62011,RES-1989-2626,general_registry,"Land  Registry","Lands Registry"
62012,RES-1989-2627,registry,,1
62012,RES-1989-2627,general_registry,"Land  Registry","Lands Registry"
62013,RES-1989-2631,registry,,1
62013,RES-1989-2631,general_registry,"Land  Registry","Lands Registry"
62014,RES-1989-2632,registry,,1
62014,RES-1989-2632,general_registry,"Land  Registry","Lands Registry"
62015,RES-1989-2633,registry,,1
62015,RES-1989-2633,general_registry,"Land  Registry","Lands Registry"
62017,RES-1989-2634,registry,,1
62017,RES-1989-2634,general_registry,"Land  Registry","Lands Registry"
62018,RES-1989-2635,registry,,1
62018,RES-1989-2635,general_registry,"Land  Registry","Lands Registry"
62019,RES-1989-2603,registry,,1
62019,RES-1989-2603,general_registry,"Land  Registry","Lands Registry"
62021,RES-1989-2637,registry,,1
62021,RES-1989-2637,general_registry,"Land  Registry","Lands Registry"
62022,RES-1989-2675,registry,,1
62022,RES-1989-2675,general_registry,"Land  Registry","Lands Registry"
62023,RES-1989-2639,registry,,1
62023,RES-1989-2639,general_registry,"Land  Registry","Lands Registry"
62024,RES-1989-2640,registry,,1
62024,RES-1989-2640,general_registry,"Land  Registry","Lands Registry"
62025,RES-1989-2641,registry,,1
62025,RES-1989-2641,general_registry,"Land  Registry","Lands Registry"
62026,RES-1989-2643,registry,,1
62026,RES-1989-2643,general_registry,"Land  Registry","Lands Registry"
62027,RES-1989-2644,registry,,1
62027,RES-1989-2644,general_registry,"Land  Registry","Lands Registry"
62028,RES-1989-2645,registry,,1
62028,RES-1989-2645,general_registry,"Land  Registry","Lands Registry"
62029,RES-1989-2646,registry,,1
62029,RES-1989-2646,general_registry,"Land  Registry","Lands Registry"
62031,RES-1989-2647,registry,,1
62031,RES-1989-2647,general_registry,"Land  Registry","Lands Registry"
62033,RES-1989-2648,registry,,1
62033,RES-1989-2648,general_registry,"Land  Registry","Lands Registry"
62034,RES-1989-2649,registry,,1
62034,RES-1989-2649,general_registry,"Land  Registry","Lands Registry"
62037,RES-1989-2659,registry,,1
62037,RES-1989-2659,general_registry,"Land  Registry","Lands Registry"
62040,RES-1989-2604,registry,,1
62040,RES-1989-2604,general_registry,"Land  Registry","Lands Registry"
62041,RES-1989-2606,registry,,1
62041,RES-1989-2606,general_registry,"Land  Registry","Lands Registry"
62043,RES-1989-2607,registry,,1
62043,RES-1989-2607,general_registry,"Land  Registry","Lands Registry"
62044,RES-1989-2608,registry,,1
62044,RES-1989-2608,general_registry,"Land  Registry","Lands Registry"
62045,RES-1989-2612,registry,,1
62045,RES-1989-2612,general_registry,"Land  Registry","Lands Registry"
62046,RES-1989-2615,registry,,1
62046,RES-1989-2615,general_registry,"Land  Registry","Lands Registry"
62048,RES-1989-2619,registry,,1
62048,RES-1989-2619,general_registry,"Land  Registry","Lands Registry"
62073,RES-1989-4070,registry,,1
62073,RES-1989-4070,general_registry,"Land  Registry","Lands Registry"
62074,RES-1989-4076,registry,,1
62074,RES-1989-4076,general_registry,"Land  Registry","Lands Registry"
62076,RES-1989-4053,registry,,1
62076,RES-1989-4053,general_registry,"Land  Registry","Lands Registry"
62077,RES-1989-4051,registry,,1
62077,RES-1989-4051,general_registry,"Land  Registry","Lands Registry"
62078,RES-1989-4098,registry,,1
62078,RES-1989-4098,general_registry,"Land  Registry","Lands Registry"
62079,RES-1989-4022,registry,,1
62079,RES-1989-4022,general_registry,"Land  Registry","Lands Registry"
62081,RES-1989-3078,registry,,1
62081,RES-1989-3078,general_registry,"Land  Registry","Lands Registry"
62082,RES-1989-3077,registry,,1
62082,RES-1989-3077,general_registry,"Land  Registry","Lands Registry"
62086,RES-1989-2530,registry,,1
62086,RES-1989-2530,general_registry,"Land  Registry","Lands Registry"
62087,RES-1989-2977,registry,,1
62087,RES-1989-2977,general_registry,"Land  Registry","Lands Registry"
62088,RES-1989-2628,registry,,1
62088,RES-1989-2628,general_registry,"Land  Registry","Lands Registry"
62089,RES-1989-2531,registry,,1
62089,RES-1989-2531,general_registry,"Land  Registry","Lands Registry"
62090,RES-1989-2610,registry,,1
62090,RES-1989-2610,general_registry,"Land  Registry","Lands Registry"
62091,RES-1989-2532,registry,,1
62091,RES-1989-2532,general_registry,"Land  Registry","Lands Registry"
62092,RES-1989-2517,registry,,1
62092,RES-1989-2517,general_registry,"Land  Registry","Lands Registry"
62093,RES-1989-2516,registry,,1
62093,RES-1989-2516,general_registry,"Land  Registry","Lands Registry"
62094,RES-1989-2601,registry,,1
62094,RES-1989-2601,general_registry,"Land  Registry","Lands Registry"
62095,RES-1989-2519,registry,,1
62095,RES-1989-2519,general_registry,"Land  Registry","Lands Registry"
62096,RES-1989-2605,registry,,1
62096,RES-1989-2605,general_registry,"Land  Registry","Lands Registry"
62097,RES-1989-2524,registry,,1
62097,RES-1989-2524,general_registry,"Land  Registry","Lands Registry"
62098,RES-1989-2613,registry,,1
62098,RES-1989-2613,general_registry,"Land  Registry","Lands Registry"
62099,RES-1989-2523,registry,,1
62099,RES-1989-2523,general_registry,"Land  Registry","Lands Registry"
62100,RES-1989-2629,registry,,1
62100,RES-1989-2629,general_registry,"Land  Registry","Lands Registry"
62101,RES-1989-2526,registry,,1
62101,RES-1989-2526,general_registry,"Land  Registry","Lands Registry"
62102,RES-1989-2650,registry,,1
62102,RES-1989-2650,general_registry,"Land  Registry","Lands Registry"
62103,RES-1989-2515,registry,,1
62103,RES-1989-2515,general_registry,"Land  Registry","Lands Registry"
62104,RES-1989-2527,registry,,1
62104,RES-1989-2527,general_registry,"Land  Registry","Lands Registry"
62105,RES-1989-2525,registry,,1
62105,RES-1989-2525,general_registry,"Land  Registry","Lands Registry"
62106,RES-1989-2638,registry,,1
62106,RES-1989-2638,general_registry,"Land  Registry","Lands Registry"
62107,RES-1989-2543,registry,,1
62107,RES-1989-2543,general_registry,"Land  Registry","Lands Registry"
62108,RES-1989-2674,registry,,1
62108,RES-1989-2674,general_registry,"Land  Registry","Lands Registry"
62109,RES-1989-2542,registry,,1
62109,RES-1989-2542,general_registry,"Land  Registry","Lands Registry"
62110,RES-1989-2550,registry,,1
62110,RES-1989-2550,general_registry,"Land  Registry","Lands Registry"
62111,RES-1989-2502,registry,,1
62111,RES-1989-2502,general_registry,"Land  Registry","Lands Registry"
62150,RES-1989-4021,registry,,1
62150,RES-1989-4021,general_registry,"Land  Registry","Lands Registry"
62151,RES-1989-4018,registry,,1
62151,RES-1989-4018,general_registry,"Land  Registry","Lands Registry"
62152,RES-1989-4020,registry,,1
62152,RES-1989-4020,general_registry,"Land  Registry","Lands Registry"
62153,RES-1989-4034,registry,,1
62153,RES-1989-4034,general_registry,"Land  Registry","Lands Registry"
62154,RES-1989-4033,general_registry,"Land  Registry","Lands Registry"
62155,RES-1989-4003,registry,,1
62155,RES-1989-4003,general_registry,"Land  Registry","Lands Registry"
62156,RES-1989-4014,registry,,1
62156,RES-1989-4014,general_registry,"Land  Registry","Lands Registry"
62157,RES-1989-4043,registry,,1
62157,RES-1989-4043,general_registry,"Land  Registry","Lands Registry"
62165,RES-1989-2620,registry,,1
62165,RES-1989-2620,general_registry,"Land  Registry","Lands Registry"
62167,RES-1989-2621,registry,,1
62167,RES-1989-2621,general_registry,"Land  Registry","Lands Registry"
62172,RES-1989-4048,registry,,1
62172,RES-1989-4048,general_registry,"Land  Registry","Lands Registry"
62173,RES-1989-3013,registry,,1
62173,RES-1989-3013,general_registry,"Land  Registry","Lands Registry"
62176,RES-1989-4040,registry,,1
62176,RES-1989-4040,general_registry,"Land  Registry","Lands Registry"
62177,RES-1989-4090,registry,,1
62177,RES-1989-4090,general_registry,"Land  Registry","Lands Registry"
62178,RES-1989-4095,registry,,1
62178,RES-1989-4095,general_registry,"Land  Registry","Lands Registry"
62180,RES-1989-4026,registry,,1
62180,RES-1989-4026,general_registry,"Land  Registry","Lands Registry"
62181,RES-1989-4055,registry,,1
62181,RES-1989-4055,general_registry,"Land  Registry","Lands Registry"
62183,RES-1989-4088,registry,,1
62183,RES-1989-4088,general_registry,"Land  Registry","Lands Registry"
62184,RES-1989-2678,registry,,1
62184,RES-1989-2678,general_registry,"Land  Registry","Lands Registry"
62185,RES-1989-4089,registry,,1
62185,RES-1989-4089,general_registry,"Land  Registry","Lands Registry"
62186,RES-1989-2679,registry,,1
62186,RES-1989-2679,general_registry,"Land  Registry","Lands Registry"
62188,RES-1989-4035,registry,,1
62188,RES-1989-4035,general_registry,"Land  Registry","Lands Registry"
62190,RES-1989-4087,registry,,1
62190,RES-1989-4087,general_registry,"Land  Registry","Lands Registry"
62191,RES-1989-2642,registry,,1
62191,RES-1989-2642,general_registry,"Land  Registry","Lands Registry"
62192,RES-1989-4011,registry,,1
62192,RES-1989-4011,general_registry,"Land  Registry","Lands Registry"
62193,RES-1989-2680,registry,,1
62193,RES-1989-2680,general_registry,"Land  Registry","Lands Registry"
62195,RES-1989-3184,registry,,1
62195,RES-1989-3184,general_registry,"Land  Registry","Lands Registry"
62196,RES-1989-4039,registry,,1
62196,RES-1989-4039,general_registry,"Land  Registry","Lands Registry"
62197,RES-1989-4029,registry,,1
62197,RES-1989-4029,general_registry,"Land  Registry","Lands Registry"
62200,RES-1989-4027,registry,,1
62200,RES-1989-4027,general_registry,"Land  Registry","Lands Registry"
62201,RES-1989-2654,registry,,1
62201,RES-1989-2654,general_registry,"Land  Registry","Lands Registry"
62202,RES-1989-2284,registry,,1
62202,RES-1989-2284,general_registry,"Land  Registry","Lands Registry"
62204,RES-1989-3185,registry,,1
62204,RES-1989-3185,general_registry,"Land  Registry","Lands Registry"
62207,RES-1989-4025,registry,,1
62207,RES-1989-4025,general_registry,"Land  Registry","Lands Registry"
62209,RES-1989-2636,registry,,1
62209,RES-1989-2636,general_registry,"Land  Registry","Lands Registry"
62210,RES-1989-2673,registry,,1
62210,RES-1989-2673,general_registry,"Land  Registry","Lands Registry"
62213,RES-1989-4005,registry,,1
62213,RES-1989-4005,general_registry,"Land  Registry","Lands Registry"
62214,RES-1989-2651,registry,,1
62214,RES-1989-2651,general_registry,"Land  Registry","Lands Registry"
62220,RES-1989-2662,registry,,1
62220,RES-1989-2662,general_registry,"Land  Registry","Lands Registry"
62221,RES-1989-2528,registry,,1
62221,RES-1989-2528,general_registry,"Land  Registry","Lands Registry"
62226,RES-1989-2592,registry,,1
62226,RES-1989-2592,general_registry,"Land  Registry","Lands Registry"
62230,RES-1989-2664,registry,,1
62230,RES-1989-2664,general_registry,"Land  Registry","Lands Registry"
62235,RES-1989-2663,registry,,1
62235,RES-1989-2663,general_registry,"Land  Registry","Lands Registry"
62243,RES-1989-2661,registry,,1
62243,RES-1989-2661,general_registry,"Land  Registry","Lands Registry"
62246,RES-1989-2657,registry,,1
62246,RES-1989-2657,general_registry,"Land  Registry","Lands Registry"
62253,RES-1989-2655,registry,,1
62253,RES-1989-2655,general_registry,"Land  Registry","Lands Registry"
62263,RES-1989-2622,registry,,1
62263,RES-1989-2622,general_registry,"Land  Registry","Lands Registry"
62267,RES-1989-2559,registry,,1
62267,RES-1989-2559,general_registry,"Land  Registry","Lands Registry"
62294,RES-1989-2557,registry,,1
62294,RES-1989-2557,general_registry,"Land  Registry","Lands Registry"
62301,RES-1989-2598,registry,,1
62301,RES-1989-2598,general_registry,"Land  Registry","Lands Registry"
62305,RES-1989-2555,registry,,1
62305,RES-1989-2555,general_registry,"Land  Registry","Lands Registry"
62307,RES-1989-2529,registry,,1
62307,RES-1989-2529,general_registry,"Land  Registry","Lands Registry"
62308,RES-1989-4182,registry,,1
62308,RES-1989-4182,general_registry,"Land  Registry","Lands Registry"
62321,RES-1989-2718,registry,,1
62321,RES-1989-2718,general_registry,"Land  Registry","Lands Registry"
62330,RES-1989-2556,registry,,1
62330,RES-1989-2556,general_registry,"Land  Registry","Lands Registry"
62343,RES-1989-3098,registry,,1
62343,RES-1989-3098,general_registry,"Land  Registry","Lands Registry"
62351,RES-1989-3053,registry,,1
62351,RES-1989-3053,general_registry,"Land  Registry","Lands Registry"
62371,RES-1989-3069,registry,,1
62371,RES-1989-3069,general_registry,"Land  Registry","Lands Registry"
62373,RES-1989-3068,registry,,1
62373,RES-1989-3068,general_registry,"Land  Registry","Lands Registry"
62394,RES-1989-3040,registry,,1
62394,RES-1989-3040,general_registry,"Land  Registry","Lands Registry"
62396,RES-1989-4037,registry,,1
62396,RES-1989-4037,general_registry,"Land  Registry","Lands Registry"
62404,RES-1989-4042,registry,,1
62404,RES-1989-4042,general_registry,"Land  Registry","Lands Registry"
62413,RES-1989-4050,registry,,1
62413,RES-1989-4050,general_registry,"Land  Registry","Lands Registry"
62417,RES-1989-4049,registry,,1
62417,RES-1989-4049,general_registry,"Land  Registry","Lands Registry"
62418,RES-1989-4031,registry,,1
62418,RES-1989-4031,general_registry,"Land  Registry","Lands Registry"
62426,RES-1989-4032,registry,,1
62426,RES-1989-4032,general_registry,"Land  Registry","Lands Registry"
62430,RES-1989-4038,registry,,1
62430,RES-1989-4038,general_registry,"Land  Registry","Lands Registry"
62433,RES-1989-4028,registry,,1
62433,RES-1989-4028,general_registry,"Land  Registry","Lands Registry"
62436,RES-1989-4041,registry,,1
62436,RES-1989-4041,general_registry,"Land  Registry","Lands Registry"
62441,RES-1989-4097,registry,,1
62441,RES-1989-4097,general_registry,"Land  Registry","Lands Registry"
62444,RES-1989-4006,registry,,1
62444,RES-1989-4006,general_registry,"Land  Registry","Lands Registry"
62460,RES-1989-3186,registry,,1
62460,RES-1989-3186,general_registry,"Land  Registry","Lands Registry"
62472,RES-1989-3187,registry,,1
62472,RES-1989-3187,general_registry,"Land  Registry","Lands Registry"
62479,RES-1989-3188,registry,,1
62479,RES-1989-3188,general_registry,"Land  Registry","Lands Registry"
62581,RES-1989-2297,registry,,1
62581,RES-1989-2297,general_registry,"Land  Registry","Lands Registry"
62844,RES-1989-2687,registry,,1
62844,RES-1989-2687,general_registry,"Land  Registry","Lands Registry"
62885,RES-1989-2991,registry,,1
62885,RES-1989-2991,general_registry,"Land  Registry","Lands Registry"
62896,RES-1989-2993,registry,,1
62896,RES-1989-2993,general_registry,"Land  Registry","Lands Registry"
63140,RES-1989-2992,registry,,1
63140,RES-1989-2992,general_registry,"Land  Registry","Lands Registry"
63155,RES-1989-2609,registry,,1
63155,RES-1989-2609,general_registry,"Land  Registry","Lands Registry"
63494,RES-1989-4008,registry,,1
63494,RES-1989-4008,general_registry,"Land  Registry","Lands Registry"
63506,RES-1989-4001,registry,,1
63506,RES-1989-4001,general_registry,"Land  Registry","Lands Registry"
63514,RES-1989-4148,registry,,1
63514,RES-1989-4148,general_registry,"Land  Registry","Lands Registry"
63521,RES-1989-4147,registry,,1
63521,RES-1989-4147,general_registry,"Land  Registry","Lands Registry"
63527,RES-1989-4146,registry,,1
63527,RES-1989-4146,general_registry,"Land  Registry","Lands Registry"
63532,RES-1989-4145,registry,,1
63532,RES-1989-4145,general_registry,"Land  Registry","Lands Registry"
63538,RES-1989-4144,registry,,1
63538,RES-1989-4144,general_registry,"Land  Registry","Lands Registry"
63548,RES-1989-4142,registry,,1
63548,RES-1989-4142,general_registry,"Land  Registry","Lands Registry"
63558,RES-1989-4141,registry,,1
63558,RES-1989-4141,general_registry,"Land  Registry","Lands Registry"
63566,RES-1989-4140,registry,,1
63566,RES-1989-4140,general_registry,"Land  Registry","Lands Registry"
63582,RES-1989-4139,registry,,1
63582,RES-1989-4139,general_registry,"Land  Registry","Lands Registry"
63591,RES-1989-4138,registry,,1
63591,RES-1989-4138,general_registry,"Land  Registry","Lands Registry"
63599,RES-1989-2514,registry,,1
63599,RES-1989-2514,general_registry,"Land  Registry","Lands Registry"
63609,RES-1989-4200,registry,,1
63609,RES-1989-4200,general_registry,"Land  Registry","Lands Registry"
63653,RES-1989-3046,registry,,1
63653,RES-1989-3046,general_registry,"Land  Registry","Lands Registry"
63661,RES-1989-3039,registry,,1
63661,RES-1989-3039,general_registry,"Land  Registry","Lands Registry"
63664,RES-1989-4192,registry,,1
63664,RES-1989-4192,general_registry,"Land  Registry","Lands Registry"
63665,RES-1989-3032,general_registry,"Land  Registry","Lands Registry"
63668,RES-1989-2962,registry,,1
63668,RES-1989-2962,general_registry,"Land  Registry","Lands Registry"
63669,RES-1989-3033,registry,,1
63669,RES-1989-3033,general_registry,"Land  Registry","Lands Registry"
63672,RES-1989-4137,registry,,1
63672,RES-1989-4137,general_registry,"Land  Registry","Lands Registry"
63673,RES-1989-4193,registry,,1
63673,RES-1989-4193,general_registry,"Land  Registry","Lands Registry"
63677,RES-1989-2960,registry,,1
63677,RES-1989-2960,general_registry,"Land  Registry","Lands Registry"
63679,RES-1989-4135,registry,,1
63679,RES-1989-4135,general_registry,"Land  Registry","Lands Registry"
63680,RES-1989-4153,registry,,1
63680,RES-1989-4153,general_registry,"Land  Registry","Lands Registry"
63683,RES-1989-4154,registry,,1
63683,RES-1989-4154,general_registry,"Land  Registry","Lands Registry"
63684,RES-1989-4133,registry,,1
63684,RES-1989-4133,general_registry,"Land  Registry","Lands Registry"
63687,RES-1989-4156,registry,,1
63687,RES-1989-4156,general_registry,"Land  Registry","Lands Registry"
63692,RES-1989-4131,registry,,1
63692,RES-1989-4131,general_registry,"Land  Registry","Lands Registry"
63693,RES-1989-2995,registry,,1
63693,RES-1989-2995,general_registry,"Land  Registry","Lands Registry"
63701,RES-1989-4130,registry,,1
63701,RES-1989-4130,general_registry,"Land  Registry","Lands Registry"
63715,RES-1989-4120,registry,,1
63715,RES-1989-4120,general_registry,"Land  Registry","Lands Registry"
63719,RES-1989-4127,registry,,1
63719,RES-1989-4127,general_registry,"Land  Registry","Lands Registry"
63727,RES-1989-4129,registry,,1
63727,RES-1989-4129,general_registry,"Land  Registry","Lands Registry"
63734,RES-1989-4126,registry,,1
63734,RES-1989-4126,general_registry,"Land  Registry","Lands Registry"
63738,RES-1989-4125,registry,,1
63738,RES-1989-4125,general_registry,"Land  Registry","Lands Registry"
63743,RES-1989-4124,registry,,1
63743,RES-1989-4124,general_registry,"Land  Registry","Lands Registry"
63751,RES-1989-4122,registry,,1
63751,RES-1989-4122,general_registry,"Land  Registry","Lands Registry"
63754,RES-1989-4121,registry,,1
63754,RES-1989-4121,general_registry,"Land  Registry","Lands Registry"
63760,RES-1989-4111,registry,,1
63760,RES-1989-4111,general_registry,"Land  Registry","Lands Registry"
63764,RES-1989-4109,registry,,1
63764,RES-1989-4109,general_registry,"Land  Registry","Lands Registry"
63768,RES-1989-4119,registry,,1
63768,RES-1989-4119,general_registry,"Land  Registry","Lands Registry"
63773,RES-1989-2803,registry,,1
63773,RES-1989-2803,general_registry,"Land  Registry","Lands Registry"
63786,RES-1989-4118,registry,,1
63786,RES-1989-4118,general_registry,"Land  Registry","Lands Registry"
63787,RES-1989-4116,registry,,1
63787,RES-1989-4116,general_registry,"Land  Registry","Lands Registry"
63789,RES-1989-4115,registry,,1
63789,RES-1989-4115,general_registry,"Land  Registry","Lands Registry"
63793,RES-1989-4114,registry,,1
63793,RES-1989-4114,general_registry,"Land  Registry","Lands Registry"
63795,RES-1989-4113,registry,,1
63795,RES-1989-4113,general_registry,"Land  Registry","Lands Registry"
63796,RES-1989-4112,registry,,1
63796,RES-1989-4112,general_registry,"Land  Registry","Lands Registry"
63799,RES-1989-4110,registry,,1
63799,RES-1989-4110,general_registry,"Land  Registry","Lands Registry"
63802,RES-1989-4108,registry,,1
63802,RES-1989-4108,general_registry,"Land  Registry","Lands Registry"
63807,RES-1989-4106,registry,,1
63807,RES-1989-4106,general_registry,"Land  Registry","Lands Registry"
63808,RES-1989-4105,registry,,1
63808,RES-1989-4105,general_registry,"Land  Registry","Lands Registry"
63852,RES-1989-2737,registry,,1
63852,RES-1989-2737,general_registry,"Land  Registry","Lands Registry"
63900,RES-1989-4102,registry,,1
63900,RES-1989-4102,general_registry,"Land  Registry","Lands Registry"
63906,RES-1989-4101,registry,,1
63906,RES-1989-4101,general_registry,"Land  Registry","Lands Registry"
64017,RES-1989-4188,registry,,1
64017,RES-1989-4188,general_registry,"Land  Registry","Lands Registry"
64091,RES-1989-2716,registry,,1
64091,RES-1989-2716,general_registry,"Land  Registry","Lands Registry"
64100,RES-1989-2715,registry,,1
64100,RES-1989-2715,general_registry,"Land  Registry","Lands Registry"
64105,RES-1989-2714,registry,,1
64105,RES-1989-2714,general_registry,"Land  Registry","Lands Registry"
64117,RES-1989-2713,registry,,1
64117,RES-1989-2713,general_registry,"Land  Registry","Lands Registry"
64139,RES-1989-2726,registry,,1
64139,RES-1989-2726,general_registry,"Land  Registry","Lands Registry"
64143,RES-1989-2723,registry,,1
64143,RES-1989-2723,general_registry,"Land  Registry","Lands Registry"
64153,RES-1989-2720,registry,,1
64153,RES-1989-2720,general_registry,"Land  Registry","Lands Registry"
64154,RES-1989-2722,registry,,1
64154,RES-1989-2722,general_registry,"Land  Registry","Lands Registry"
64158,RES-1989-2736,registry,,1
64158,RES-1989-2736,general_registry,"Land  Registry","Lands Registry"
64160,RES-1989-2735,registry,,1
64160,RES-1989-2735,general_registry,"Land  Registry","Lands Registry"
64161,RES-1989-2733,registry,,1
64161,RES-1989-2733,general_registry,"Land  Registry","Lands Registry"
64164,RES-1989-2732,registry,,1
64164,RES-1989-2732,general_registry,"Land  Registry","Lands Registry"
64167,RES-1989-2730,registry,,1
64167,RES-1989-2730,general_registry,"Land  Registry","Lands Registry"
64170,RES-1989-2749,registry,,1
64170,RES-1989-2749,general_registry,"Land  Registry","Lands Registry"
64175,RES-1989-2748,registry,,1
64175,RES-1989-2748,general_registry,"Land  Registry","Lands Registry"
64182,RES-1989-2747,registry,,1
64182,RES-1989-2747,general_registry,"Land  Registry","Lands Registry"
64189,RES-1989-2746,registry,,1
64189,RES-1989-2746,general_registry,"Land  Registry","Lands Registry"
64199,RES-1989-2745,registry,,1
64199,RES-1989-2745,general_registry,"Land  Registry","Lands Registry"
64205,RES-1989-2744,registry,,1
64205,RES-1989-2744,general_registry,"Land  Registry","Lands Registry"
64208,RES-1989-2743,registry,,1
64208,RES-1989-2743,general_registry,"Land  Registry","Lands Registry"
64214,RES-1989-2742,registry,,1
64214,RES-1989-2742,general_registry,"Land  Registry","Lands Registry"
64218,RES-1989-2739,registry,,1
64218,RES-1989-2739,general_registry,"Land  Registry","Lands Registry"
64236,RES-1989-4155,registry,,1
64236,RES-1989-4155,general_registry,"Land  Registry","Lands Registry"
64240,RES-1989-2728,registry,,1
64240,RES-1989-2728,general_registry,"Land  Registry","Lands Registry"
64255,RES-1989-2656,registry,,1
64255,RES-1989-2656,general_registry,"Land  Registry","Lands Registry"
64273,RES-1989-2653,registry,,1
64273,RES-1989-2653,general_registry,"Land  Registry","Lands Registry"
66021,RES-1989-2740,registry,,1
66021,RES-1989-2740,general_registry,"Land  Registry","Lands Registry"
66043,RES-1989-2731,registry,,1
66043,RES-1989-2731,general_registry,"Land  Registry","Lands Registry"
68301,RES-1989-2623,registry,,1
68301,RES-1989-2623,general_registry,"Land  Registry","Lands Registry"
68915,RES-1989-2602,registry,,1
68915,RES-1989-2602,general_registry,"Land  Registry","Lands Registry"
68935,RES-1989-2616,registry,,1
68935,RES-1989-2616,general_registry,"Land  Registry","Lands Registry"
68967,RES-1989-2617,registry,,1
68967,RES-1989-2617,general_registry,"Land  Registry","Lands Registry"
71474,RES-1989-2599,registry,,1
71474,RES-1989-2599,general_registry,"Land  Registry","Lands Registry"
71764,RES-1989-2878,registry,,1
71764,RES-1989-2878,general_registry,"Land  Registry","Lands Registry"
71770,RES-1989-2899,registry,,1
71770,RES-1989-2899,general_registry,"Land  Registry","Lands Registry"
71793,RES-1989-2336,registry,,1
71793,RES-1989-2336,general_registry,"Land  Registry","Lands Registry"
71798,RES-1989-2347,registry,,1
71798,RES-1989-2347,general_registry,"Land  Registry","Lands Registry"
75986,RES-1989-2362,registry,,1
75986,RES-1989-2362,general_registry,"Land  Registry","Lands Registry"
79635,RES-1989-3036,registry,,1
79635,RES-1989-3036,general_registry,"Land  Registry","Lands Registry"
83772,RES-1989-4002,registry,,1
83772,RES-1989-4002,general_registry,"Land  Registry","Lands Registry"
83775,RES-1989-4099,registry,,1
83775,RES-1989-4099,general_registry,"Land  Registry","Lands Registry"
83778,RES-1989-4052,registry,,1
83778,RES-1989-4052,general_registry,"Land  Registry","Lands Registry"
88299,CON-RES-2026-2924,registry,,3
88299,CON-RES-2026-2924,general_registry,"Land  Registry","Lands Registry"
88299,CON-RES-2026-2924,physical_registry,,"Registry 3 - Land"
99899,CON-RES-1982-590,registry,,3
99899,CON-RES-1982-590,general_registry,"Land  Registry","Lands Registry"
102171,COM-2019-101,registry,,1
102171,COM-2019-101,general_registry,"Land  Registry","Lands Registry"
112948,RES-2026-1967,registry,,2
112948,RES-2026-1967,general_registry,"Land  Registry","Lands Registry"
121856,CON-AG-2024-143,registry,,3
121856,CON-AG-2024-143,general_registry,"Land  Registry","Lands Registry"
122928,RES-1989-4047,registry,,1
122928,RES-1989-4047,general_registry,"Land  Registry","Lands Registry"
123888,RES-2024-3523,registry,,2
123888,RES-2024-3523,general_registry,"Land  Registry","Lands Registry"
123945,RES-2024-3519,registry,,2
123945,RES-2024-3519,general_registry,"Land  Registry","Lands Registry"
125962,CON-IND-2019-22,registry,,3
125962,CON-IND-2019-22,general_registry,"Land  Registry","Lands Registry"
127553,CON-COM-2025-567,registry,,3
127553,CON-COM-2025-567,general_registry,"Land  Registry","Lands Registry"
129157,CON-RES-1982-869,registry,,3
129157,CON-RES-1982-869,general_registry,"Land  Registry","Lands Registry"
129200,RES-1991-3124,registry,,1
129200,RES-1991-3124,general_registry,"Land  Registry","Lands Registry"
129502,RES-1989-2393,registry,,1
129502,RES-1989-2393,general_registry,"Land  Registry","Lands Registry"
130397,RES-2000-5090,registry,,2
130397,RES-2000-5090,general_registry,"Land  Registry","Lands Registry"
133081,CON-RES-2024-1379,registry,,3
133081,CON-RES-2024-1379,general_registry,"Land  Registry","Lands Registry"
136136,CON-COM-2023-612,registry,,3
136136,CON-COM-2023-612,general_registry,"Land  Registry","Lands Registry"
150445,SIT-2026-3,registry,,2
152213,CON-COM-2025-479,registry,,3
152213,CON-COM-2025-479,general_registry,"Land  Registry","Lands Registry"
157217,CON-RES-2026-2555,registry,,3
157217,CON-RES-2026-2555,general_registry,"Land  Registry","Lands Registry"
157634,CON-RES-1982-777,registry,,3
157634,CON-RES-1982-777,general_registry,"Land  Registry","Lands Registry"
157887,RES-2001-3013,registry,,2
157887,RES-2001-3013,general_registry,"Land  Registry","Lands Registry"
161089,CON-COM-2026-492,registry,,3
161089,CON-COM-2026-492,general_registry,"Land  Registry","Lands Registry"
163422,RES-2020-106,registry,,2
163422,RES-2020-106,general_registry,"Land  Registry","Lands Registry"
164440,RES-2009-1054,registry,,2
164440,RES-2009-1054,general_registry,"Land  Registry","Lands Registry"
165460,CON-COM-2025-239,registry,,3
165460,CON-COM-2025-239,general_registry,"Land  Registry","Lands Registry"
173245,CON-IND-2022-3,registry,,3
173245,CON-IND-2022-3,general_registry,"Land  Registry","Lands Registry"
174841,COM-RC-1982-200,registry,,1
174841,COM-RC-1982-200,general_registry,"Land  Registry","Lands Registry"
183181,CON-IND-2025-7,registry,,3
183181,CON-IND-2025-7,general_registry,"Land  Registry","Lands Registry"
184943,RES-2026-471,registry,,2
184943,RES-2026-471,general_registry,"Land  Registry","Lands Registry"
186727,RES-2026-3431,registry,,2
186727,RES-2026-3431,general_registry,"Land  Registry","Lands Registry"
186728,RES-2026-3432,registry,,2
186728,RES-2026-3432,general_registry,"Land  Registry","Lands Registry"
187327,RES-2026-3437,registry,,2
187327,RES-2026-3437,general_registry,"Land  Registry","Lands Registry"
187335,RES-2026-3438,registry,,2
187335,RES-2026-3438,general_registry,"Land  Registry","Lands Registry"
187342,RES-2026-3439,registry,,2
187342,RES-2026-3439,general_registry,"Land  Registry","Lands Registry"
187352,RES-2026-3441,registry,,2
187352,RES-2026-3441,general_registry,"Land  Registry","Lands Registry"
187953,RES-2020-3312,registry,,2
187953,RES-2020-3312,general_registry,"Land  Registry","Lands Registry"
188278,RES-2024-2360,registry,,2
188278,RES-2024-2360,general_registry,"Land  Registry","Lands Registry"
188449,COM-2026-326,registry,,1
188449,COM-2026-326,general_registry,"Land  Registry","Lands Registry"
188450,COM-2026-327,registry,,1
188450,COM-2026-327,general_registry,"Land  Registry","Lands Registry"
188720,RES-2020-1180,registry,,2
188720,RES-2020-1180,general_registry,"Land  Registry","Lands Registry"
188759,CON-RES-2024-46,registry,,3
188759,CON-RES-2024-46,general_registry,"Land  Registry","Lands Registry"
189757,CON-RES-2023-3301,registry,,3
189757,CON-RES-2023-3301,general_registry,"Land  Registry","Lands Registry"
191757,CON-RES-2023-7279,registry,,3
191757,CON-RES-2023-7279,general_registry,"Land  Registry","Lands Registry"
191944,RES-2008-2282,registry,,2
191944,RES-2008-2282,general_registry,"Land  Registry","Lands Registry"
192089,RES-2015-753,registry,,2
192089,RES-2015-753,general_registry,"Land  Registry","Lands Registry"
192210,CON-COM-2026-611,registry,,3
192210,CON-COM-2026-611,general_registry,"Land  Registry","Lands Registry"
192338,CON-RES-2026-2907,registry,,3
192338,CON-RES-2026-2907,general_registry,,"Lands Registry"
192338,CON-RES-2026-2907,physical_registry,,"Registry 3 - Land"
192341,CON-RES-2026-2908,registry,,3
192341,CON-RES-2026-2908,general_registry,,"Lands Registry"
192341,CON-RES-2026-2908,physical_registry,,"Registry 3 - Land"
192352,RES-2009-5337,general_registry,"Land  Registry","Lands Registry"
192353,RES-2009-5338,general_registry,"Land  Registry","Lands Registry"
192354,RES-RC-1989-34,general_registry,"Land  Registry","Lands Registry"
192355,RES-2009-5340,general_registry,"Land  Registry","Lands Registry"
192356,RES-2009-2740,general_registry,"Land  Registry","Lands Registry"
192359,RES-2009-5342,general_registry,"Land  Registry","Lands Registry"
192360,RES-2026-3519,registry,,2
192360,RES-2026-3519,general_registry,,"Lands Registry"
192360,RES-2026-3519,physical_registry,,"Registry 2 - Land"
192361,RES-2026-3520,registry,,2
192361,RES-2026-3520,general_registry,,"Lands Registry"
192361,RES-2026-3520,physical_registry,,"Registry 2 - Land"
192362,RES-2009-4361,general_registry,"Land  Registry","Lands Registry"
192364,RES-2009-1381,general_registry,"Land  Registry","Lands Registry"
192365,RES-2009-2742,general_registry,"Land  Registry","Lands Registry"
192366,RES-2009-5343,general_registry,"Land  Registry","Lands Registry"
192367,RES-2009-4362,general_registry,"Land  Registry","Lands Registry"
192368,RES-2024-73,general_registry,"Land  Registry","Lands Registry"
192369,RES-2009-7316,general_registry,"Land  Registry","Lands Registry"
192370,RES-2009-1345,general_registry,"Land  Registry","Lands Registry"
192372,RES-2009-5353,general_registry,"Land  Registry","Lands Registry"
192374,RES-2009-1382,general_registry,"Land  Registry","Lands Registry"
192375,RES-2009-7419,general_registry,"Land  Registry","Lands Registry"
192376,RES-2009-5328,general_registry,"Land  Registry","Lands Registry"
192377,RES-2009-7423,general_registry,"Land  Registry","Lands Registry"
192379,RES-2009-7321,general_registry,"Land  Registry","Lands Registry"
192380,RES-2009-6201,general_registry,"Land  Registry","Lands Registry"
192381,CON-COM-2019-38,general_registry,"Land  Registry","Lands Registry"
192382,RES-2009-7422,general_registry,"Land  Registry","Lands Registry"
192383,RES-2009-1383,general_registry,"Land  Registry","Lands Registry"
192384,RES-2009-5359,general_registry,"Land  Registry","Lands Registry"
192385,RES-2012-2125,general_registry,"Land  Registry","Lands Registry"
192387,RES-2009-1385,general_registry,"Land  Registry","Lands Registry"
192388,RES-2009-1956,general_registry,"Land  Registry","Lands Registry"
192390,RES-2009-2744,general_registry,"Land  Registry","Lands Registry"
192391,RES-2009-5650,general_registry,"Land  Registry","Lands Registry"
192392,RES-2009-1957,general_registry,"Land  Registry","Lands Registry"
192393,RES-2009-5277,general_registry,"Land  Registry","Lands Registry"
192394,RES-1983-1144(T),general_registry,"Land  Registry","Lands Registry"
192395,RES-2009-4565,general_registry,"Land  Registry","Lands Registry"
192396,RES-2009-1384,general_registry,"Land  Registry","Lands Registry"
192399,RES-2009-1388,registry,,2
192399,RES-2009-1388,general_registry,"Land  Registry","Lands Registry"
192400,CON-RES-2023-7220,general_registry,"Land  Registry","Lands Registry"
192401,RES-2009-5322,general_registry,"Land  Registry","Lands Registry"
192402,RES-2009-5889,general_registry,"Land  Registry","Lands Registry"
192403,RES-2009-1386,general_registry,"Land  Registry","Lands Registry"
192404,RES-2009-2743,general_registry,"Land  Registry","Lands Registry"
192406,RES-2009-5323,general_registry,"Land  Registry","Lands Registry"
192409,RES-2009-5893,general_registry,"Land  Registry","Lands Registry"
192411,RES-2009-7038,general_registry,"Land  Registry","Lands Registry"
192412,RES-RC-1982-821,general_registry,"Land  Registry","Lands Registry"
192413,RES-2009-5326,general_registry,"Land  Registry","Lands Registry"
192415,CON-COM-2026-637,general_registry,"Land  Registry","Lands Registry"
192416,RES-2009-7036,general_registry,"Land  Registry","Lands Registry"
192417,RES-2009-2745,general_registry,"Land  Registry","Lands Registry"
192419,RES-2009-5894,general_registry,"Land  Registry","Lands Registry"
192420,RES-2009-4343,general_registry,"Land  Registry","Lands Registry"
192421,CON-COM-2011-235,general_registry,"Land  Registry","Lands Registry"
192422,RES-2009-1389,general_registry,"Land  Registry","Lands Registry"
192424,RES-2009-7034,general_registry,"Land  Registry","Lands Registry"
192425,RES-2009-5327,general_registry,"Land  Registry","Lands Registry"
192426,RES-2024-4109,general_registry,"Land  Registry","Lands Registry"
192428,RES-2009-7035,general_registry,"Land  Registry","Lands Registry"
192430,RES-2020-2580,general_registry,"Land  Registry","Lands Registry"
192431,RES-2009-5330,general_registry,"Land  Registry","Lands Registry"
192432,RES-2009-5651,general_registry,"Land  Registry","Lands Registry"
192434,RES-2009-1394,general_registry,"Land  Registry","Lands Registry"
192435,RES-2009-4342,general_registry,"Land  Registry","Lands Registry"
192436,RES-2009-7294,general_registry,"Land  Registry","Lands Registry"
192437,RES-2009-2746,general_registry,"Land  Registry","Lands Registry"
192438,RES-2009-1400,general_registry,"Land  Registry","Lands Registry"
192439,RES-2009-5890,general_registry,"Land  Registry","Lands Registry"
192441,RES-2009-7023,general_registry,"Land  Registry","Lands Registry"
192442,RES-RC-1995-37,general_registry,"Land  Registry","Lands Registry"
192443,RES-2009-5321,general_registry,"Land  Registry","Lands Registry"
192444,RES-2009-7024,general_registry,"Land  Registry","Lands Registry"
192445,RES-2009-4304,general_registry,"Land  Registry","Lands Registry"
192446,RES-2009-7025,general_registry,"Land  Registry","Lands Registry"
192447,RES-2009-1360,general_registry,"Land  Registry","Lands Registry"
192451,RES-2009-5653,general_registry,"Land  Registry","Lands Registry"
192452,RES-2009-7475,general_registry,"Land  Registry","Lands Registry"
192453,RES-2009-5320,general_registry,"Land  Registry","Lands Registry"
192454,RES-2009-1368,registry,,2
192454,RES-2009-1368,general_registry,"Land  Registry","Lands Registry"
192455,RES-2009-7320,general_registry,"Land  Registry","Lands Registry"
192456,RES-2009-2747,general_registry,"Land  Registry","Lands Registry"
192457,RES-2015-807,general_registry,"Land  Registry","Lands Registry"
192459,RES-2009-4358,general_registry,"Land  Registry","Lands Registry"
192461,RES-2009-5319,general_registry,"Land  Registry","Lands Registry"
192462,RES-2009-1358,general_registry,"Land  Registry","Lands Registry"
192463,RES-2009-7476,general_registry,"Land  Registry","Lands Registry"
192464,RES-2009-5655,general_registry,"Land  Registry","Lands Registry"
192465,RES-2009-5318,general_registry,"Land  Registry","Lands Registry"
192467,RES-2009-7313,general_registry,"Land  Registry","Lands Registry"
192468,RES-2009-1348,general_registry,"Land  Registry","Lands Registry"
192470,RES-2009-2738,general_registry,"Land  Registry","Lands Registry"
192472,RES-2009-1354,general_registry,"Land  Registry","Lands Registry"
192473,RES-2009-4346,general_registry,"Land  Registry","Lands Registry"
192474,CON-RES-2023-7381,general_registry,"Land  Registry","Lands Registry"
192475,RES-2009-5317,general_registry,"Land  Registry","Lands Registry"
192476,RES-2009-7312,general_registry,"Land  Registry","Lands Registry"
192477,RES-2009-1351,general_registry,"Land  Registry","Lands Registry"
192478,RES-2000-3826,general_registry,"Land  Registry","Lands Registry"
192479,CON-RES-1985-87,registry,,3
192479,CON-RES-1985-87,general_registry,"Land  Registry","Lands Registry"
192480,RES-2009-5688,general_registry,"Land  Registry","Lands Registry"
192481,RES-2009-1355,general_registry,"Land  Registry","Lands Registry"
192482,RES-2009-5315,general_registry,"Land  Registry","Lands Registry"
192487,CON-COM-2024-800,general_registry,"Land  Registry","Lands Registry"
192488,RES-2009-5314,general_registry,"Land  Registry","Lands Registry"
192490,RES-2009-1320,general_registry,"Land  Registry","Lands Registry"
192493,RES-2009-1353,general_registry,"Land  Registry","Lands Registry"
192494,RES-2009-7314,general_registry,"Land  Registry","Lands Registry"
192495,RES-2009-4745,general_registry,"Land  Registry","Lands Registry"
192496,RES-2009-5313,general_registry,"Land  Registry","Lands Registry"
192498,RES-2009-5673,general_registry,"Land  Registry","Lands Registry"
192499,RES-2009-1301,general_registry,"Land  Registry","Lands Registry"
192501,RES-2009-5312,general_registry,"Land  Registry","Lands Registry"
192504,RES-2009-6563,general_registry,"Land  Registry","Lands Registry"
192505,RES-2009-7385,registry,,2
192505,RES-2009-7385,general_registry,"Land  Registry","Lands Registry"
192506,CON-RES-1999-297,general_registry,"Land  Registry","Lands Registry"
192507,RES-2009-1365,general_registry,"Land  Registry","Lands Registry"
192509,RES-2009-3930,general_registry,"Land  Registry","Lands Registry"
192510,RES-2009-1323,general_registry,"Land  Registry","Lands Registry"
192511,RES-2009-5665,registry,,2
192511,RES-2009-5665,general_registry,"Land  Registry","Lands Registry"
192512,CON-RES-2023-3872,general_registry,"Land  Registry","Lands Registry"
192513,RES-2009-1321,general_registry,"Land  Registry","Lands Registry"
192514,CON-COM-2026-615,registry,,3
192514,CON-COM-2026-615,general_registry,,"Lands Registry"
192514,CON-COM-2026-615,physical_registry,,"Registry 3 - Land"
192515,RES-2009-1310,general_registry,"Land  Registry","Lands Registry"
192517,RES-2009-1325,general_registry,"Land  Registry","Lands Registry"
192518,RES-2009-1306,general_registry,"Land  Registry","Lands Registry"
192519,RES-2009-7274,general_registry,"Land  Registry","Lands Registry"
192520,CON-COM-2024-169,general_registry,"Land  Registry","Lands Registry"
192521,RES-2009-1305,general_registry,"Land  Registry","Lands Registry"
192523,RES-2009-7390,general_registry,"Land  Registry","Lands Registry"
192524,RES-2009-1318,general_registry,"Land  Registry","Lands Registry"
192525,RES-2009-1317,general_registry,"Land  Registry","Lands Registry"
192526,CON-AG-2025-231,general_registry,"Land  Registry","Lands Registry"
192527,RES-2009-1315,general_registry,"Land  Registry","Lands Registry"
192528,RES-2009-5672,general_registry,"Land  Registry","Lands Registry"
192529,RES-2009-7311,general_registry,"Land  Registry","Lands Registry"
192530,IND-2026-187,registry,,1
192530,IND-2026-187,general_registry,,"Lands Registry"
192530,IND-2026-187,physical_registry,,"Registry 1 - Land"
192532,RES-2009-1316,general_registry,"Land  Registry","Lands Registry"
192534,RES-2009-1319,general_registry,"Land  Registry","Lands Registry"
192535,RES-2009-7047,general_registry,"Land  Registry","Lands Registry"
192536,CON-RES-2026-2909,registry,,3
192536,CON-RES-2026-2909,general_registry,,"Lands Registry"
192536,CON-RES-2026-2909,physical_registry,,"Registry 3 - Land"
192537,RES-2009-7265,general_registry,"Land  Registry","Lands Registry"
192538,IND-2026-188,registry,,1
192538,IND-2026-188,general_registry,,"Lands Registry"
192538,IND-2026-188,physical_registry,,"Registry 1 - Land"
192539,RES-2009-7042,general_registry,"Land  Registry","Lands Registry"
192540,RES-2009-1322,general_registry,"Land  Registry","Lands Registry"
192541,RES-2009-5674,general_registry,"Land  Registry","Lands Registry"
192542,COM-2010-304,general_registry,"Land  Registry","Lands Registry"
192544,CON-RES-2026-2910,registry,,3
192544,CON-RES-2026-2910,general_registry,,"Lands Registry"
192544,CON-RES-2026-2910,physical_registry,,"Registry 3 - Land"
192545,RES-2009-7041,general_registry,"Land  Registry","Lands Registry"
192546,RES-2009-1312,general_registry,"Land  Registry","Lands Registry"
192547,RES-2009-7010,general_registry,"Land  Registry","Lands Registry"
192549,RES-2009-7442,general_registry,"Land  Registry","Lands Registry"
192550,RES-2009-1311,general_registry,"Land  Registry","Lands Registry"
192552,RES-2009-1313,general_registry,"Land  Registry","Lands Registry"
192553,CON-RES-2026-2911,registry,,3
192553,CON-RES-2026-2911,general_registry,,"Lands Registry"
192553,CON-RES-2026-2911,physical_registry,,"Registry 3 - Land"
192554,RES-2009-1392,general_registry,"Land  Registry","Lands Registry"
192555,RES-2009-1390,general_registry,"Land  Registry","Lands Registry"
192556,RES-2009-4300,general_registry,"Land  Registry","Lands Registry"
192557,CON-AG-1982-560,general_registry,"Land  Registry","Lands Registry"
192558,RES-2009-7470,general_registry,"Land  Registry","Lands Registry"
192559,RES-2009-7471,general_registry,"Land  Registry","Lands Registry"
192560,RES-2009-7269,general_registry,"Land  Registry","Lands Registry"
192561,RES-2009-7401,general_registry,"Land  Registry","Lands Registry"
192562,RES-2009-7472,general_registry,"Land  Registry","Lands Registry"
192563,RES-2009-7402,general_registry,"Land  Registry","Lands Registry"
192564,CON-RES-2026-2912,registry,,3
192564,CON-RES-2026-2912,general_registry,,"Lands Registry"
192564,CON-RES-2026-2912,physical_registry,,"Registry 3 - Land"
192565,IND-2026-189,registry,,1
192565,IND-2026-189,general_registry,,"Lands Registry"
192565,IND-2026-189,physical_registry,,"Registry 1 - Land"
192566,RES-2009-7403,general_registry,"Land  Registry","Lands Registry"
192567,RES-2009-2739,general_registry,"Land  Registry","Lands Registry"
192568,RES-2009-7167,general_registry,"Land  Registry","Lands Registry"
192569,RES-2000-3547,general_registry,"Land  Registry","Lands Registry"
192570,RES-2009-7166,general_registry,"Land  Registry","Lands Registry"
192571,RES-2009-7404,general_registry,"Land  Registry","Lands Registry"
192572,RES-2009-2519,general_registry,"Land  Registry","Lands Registry"
192573,RES-2009-7405,general_registry,"Land  Registry","Lands Registry"
192574,RES-2009-7428,general_registry,"Land  Registry","Lands Registry"
192575,CON-COM-2025-637,registry,,3
192575,CON-COM-2025-637,general_registry,"Land  Registry","Lands Registry"
192576,RES-2009-7406,general_registry,"Land  Registry","Lands Registry"
192577,RES-2009-7165,general_registry,"Land  Registry","Lands Registry"
192578,RES-2009-7407,general_registry,"Land  Registry","Lands Registry"
192579,RES-1989-2250,general_registry,"Land  Registry","Lands Registry"
192580,RES-2009-6566,general_registry,"Land  Registry","Lands Registry"
192581,RES-2009-5311,general_registry,"Land  Registry","Lands Registry"
192582,RES-2009-7408,general_registry,"Land  Registry","Lands Registry"
192583,CON-COM-2026-616,registry,,3
192583,CON-COM-2026-616,general_registry,,"Lands Registry"
192583,CON-COM-2026-616,physical_registry,,"Registry 3 - Land"
192584,RES-2009-6565,general_registry,"Land  Registry","Lands Registry"
192585,RES-2009-7409,general_registry,"Land  Registry","Lands Registry"
192586,RES-2009-7412,registry,,2
192586,RES-2009-7412,general_registry,"Land  Registry","Lands Registry"
192587,RES-2009-7410,general_registry,"Land  Registry","Lands Registry"
192588,RES-2009-5310,general_registry,"Land  Registry","Lands Registry"
192589,RES-2009-5581,general_registry,"Land  Registry","Lands Registry"
192590,RES-2009-5594,general_registry,"Land  Registry","Lands Registry"
192591,RES-2009-5577,general_registry,"Land  Registry","Lands Registry"
192592,RES-2009-5568,general_registry,"Land  Registry","Lands Registry"
192593,RES-2009-5585,general_registry,"Land  Registry","Lands Registry"
192595,RES-2009-2444,general_registry,"Land  Registry","Lands Registry"
192596,RES-2009-2445,general_registry,"Land  Registry","Lands Registry"
192597,RES-RC-1982-49,registry,,1
192597,RES-RC-1982-49,general_registry,"Land  Registry","Lands Registry"
192598,RES-2009-2446,general_registry,"Land  Registry","Lands Registry"
192599,RES-2009-1391,general_registry,"Land  Registry","Lands Registry"
192601,RES-2009-7417,general_registry,"Land  Registry","Lands Registry"
192602,RES-2009-5587,general_registry,"Land  Registry","Lands Registry"
192603,CON-COM-2024-625,general_registry,"Land  Registry","Lands Registry"
192604,RES-2009-2447,general_registry,"Land  Registry","Lands Registry"
192605,RES-2009-4378,registry,,2
192605,RES-2009-4378,general_registry,"Land  Registry","Lands Registry"
192606,RES-2009-7418,general_registry,"Land  Registry","Lands Registry"
192607,RES-2009-2448,general_registry,"Land  Registry","Lands Registry"
192608,RES-2009-5586,general_registry,"Land  Registry","Lands Registry"
192611,RES-2009-7432,general_registry,"Land  Registry","Lands Registry"
192612,RES-2009-1338,registry,,2
192612,RES-2009-1338,general_registry,"Land  Registry","Lands Registry"
192613,RES-2009-7436,general_registry,"Land  Registry","Lands Registry"
192614,RES-2009-2449,general_registry,"Land  Registry","Lands Registry"
192615,RES-2009-5588,general_registry,"Land  Registry","Lands Registry"
192616,RES-2009-7438,general_registry,"Land  Registry","Lands Registry"
192618,RES-2009-5394,general_registry,"Land  Registry","Lands Registry"
192619,RES-2009-5392,general_registry,"Land  Registry","Lands Registry"
192620,RES-2009-7439,general_registry,"Land  Registry","Lands Registry"
192621,RES-2009-5593,general_registry,"Land  Registry","Lands Registry"
192622,RES-1996-706,general_registry,"Land  Registry","Lands Registry"
192623,RES-2009-3931,general_registry,"Land  Registry","Lands Registry"
192624,RES-2009-4775,general_registry,"Land  Registry","Lands Registry"
192626,RES-2009-4709,general_registry,"Land  Registry","Lands Registry"
192627,RES-2009-2450,general_registry,"Land  Registry","Lands Registry"
192628,RES-2009-5528,general_registry,"Land  Registry","Lands Registry"
192629,RES-2009-4594,general_registry,"Land  Registry","Lands Registry"
192631,RES-2009-4710,general_registry,"Land  Registry","Lands Registry"
192632,RES-2009-5383,general_registry,"Land  Registry","Lands Registry"
192633,RES-2009-7011,general_registry,"Land  Registry","Lands Registry"
192634,RES-2009-5570,general_registry,"Land  Registry","Lands Registry"
192636,RES-2009-2451,general_registry,"Land  Registry","Lands Registry"
192637,RES-2009-5366,general_registry,"Land  Registry","Lands Registry"
192639,COM-2001-227,general_registry,"Land  Registry","Lands Registry"
192640,RES-2009-4711,general_registry,"Land  Registry","Lands Registry"
192641,RES-2009-7033,general_registry,"Land  Registry","Lands Registry"
192642,RES-2009-5569,general_registry,"Land  Registry","Lands Registry"
192643,RES-2009-4712,general_registry,"Land  Registry","Lands Registry"
192644,RES-2009-5526,general_registry,"Land  Registry","Lands Registry"
192645,RES-2009-1387,general_registry,"Land  Registry","Lands Registry"
192648,RES-2009-2452,general_registry,"Land  Registry","Lands Registry"
192649,RES-2009-2113,general_registry,"Land  Registry","Lands Registry"
192650,RES-2009-5370,general_registry,"Land  Registry","Lands Registry"
192651,RES-2009-2454,general_registry,"Land  Registry","Lands Registry"
192652,RES-2009-4366,general_registry,"Land  Registry","Lands Registry"
192653,RES-1989-2268,general_registry,"Land  Registry","Lands Registry"
192654,RES-2009-5374,general_registry,"Land  Registry","Lands Registry"
192656,RES-1998-860(T),general_registry,"Land  Registry","Lands Registry"
192657,RES-2009-1344,general_registry,"Land  Registry","Lands Registry"
192658,RES-2009-2432,general_registry,"Land  Registry","Lands Registry"
192659,RES-2009-5339,general_registry,"Land  Registry","Lands Registry"
192662,RES-2009-5527,general_registry,"Land  Registry","Lands Registry"
192664,RES-2009-5501,general_registry,"Land  Registry","Lands Registry"
192665,RES-2009-1350,general_registry,"Land  Registry","Lands Registry"
192666,RES-2009-5502,general_registry,"Land  Registry","Lands Registry"
192667,RES-2009-5503,general_registry,"Land  Registry","Lands Registry"
192668,RES-2009-2116,general_registry,"Land  Registry","Lands Registry"
192670,RES-2009-2433,general_registry,"Land  Registry","Lands Registry"
192671,RES-2009-5368,general_registry,"Land  Registry","Lands Registry"
192672,RES-2009-4367,general_registry,"Land  Registry","Lands Registry"
192673,RES-2009-5504,general_registry,"Land  Registry","Lands Registry"
192674,RES-1996-560,general_registry,"Land  Registry","Lands Registry"
192675,RES-2009-1349,general_registry,"Land  Registry","Lands Registry"
192676,RES-2009-5505,general_registry,"Land  Registry","Lands Registry"
192677,CON-COM-2021-695,general_registry,"Land  Registry","Lands Registry"
192679,RES-2009-5506,general_registry,"Land  Registry","Lands Registry"
192680,RES-2009-2434,general_registry,"Land  Registry","Lands Registry"
192681,RES-2009-5376,general_registry,"Land  Registry","Lands Registry"
192683,RES-2009-5675,registry,,2
192683,RES-2009-5675,general_registry,"Land  Registry","Lands Registry"
192684,RES-2009-5133,general_registry,"Land  Registry","Lands Registry"
192685,RES-2009-5516,general_registry,"Land  Registry","Lands Registry"
192686,RES-2009-1361,general_registry,"Land  Registry","Lands Registry"
192687,RES-2009-1357,general_registry,"Land  Registry","Lands Registry"
192688,CON-RES-2016-418,general_registry,"Land  Registry","Lands Registry"
192689,RES-2009-5375,general_registry,"Land  Registry","Lands Registry"
192690,CON-COM-2021-344,general_registry,"Land  Registry","Lands Registry"
192691,RES-2009-239,general_registry,"Land  Registry","Lands Registry"
192694,RES-2009-5656,general_registry,"Land  Registry","Lands Registry"
192696,RES-2009-5609,general_registry,"Land  Registry","Lands Registry"
192697,RES-2009-1332,general_registry,"Land  Registry","Lands Registry"
192698,RES-2009-242,general_registry,"Land  Registry","Lands Registry"
192700,RES-2009-2623,general_registry,"Land  Registry","Lands Registry"
192702,RES-2016-2741,registry,,2
192702,RES-2016-2741,general_registry,"Land  Registry","Lands Registry"
192703,CON-COM-2024-212,general_registry,"Land  Registry","Lands Registry"
192704,RES-2009-5624,general_registry,"Land  Registry","Lands Registry"
192705,RES-2009-1359,general_registry,"Land  Registry","Lands Registry"
192706,RES-2009-4727,general_registry,"Land  Registry","Lands Registry"
192707,RES-2009-5625,general_registry,"Land  Registry","Lands Registry"
192708,RES-2000-2953,general_registry,"Land  Registry","Lands Registry"
192709,RES-2009-3912,general_registry,"Land  Registry","Lands Registry"
192710,RES-2009-2137,general_registry,"Land  Registry","Lands Registry"
192711,RES-2009-1363,general_registry,"Land  Registry","Lands Registry"
192712,RES-2009-5612,general_registry,"Land  Registry","Lands Registry"
192713,RES-1995-1546,registry,,2
192713,RES-1995-1546,general_registry,"Land  Registry","Lands Registry"
192714,CON-IND-2025-122,general_registry,"Land  Registry","Lands Registry"
192716,RES-2001-3728,general_registry,"Land  Registry","Lands Registry"
192717,RES-2009-5610,general_registry,"Land  Registry","Lands Registry"
192718,RES-1996-561,general_registry,"Land  Registry","Lands Registry"
192719,RES-2009-5365,general_registry,"Land  Registry","Lands Registry"
192720,RES-2009-5611,general_registry,"Land  Registry","Lands Registry"
192721,RES-2009-1356,general_registry,"Land  Registry","Lands Registry"
192722,RES-2009-5622,general_registry,"Land  Registry","Lands Registry"
192724,RES-2009-7393,general_registry,"Land  Registry","Lands Registry"
192725,RES-2009-6224,general_registry,"Land  Registry","Lands Registry"
192726,RES-2009-5362,general_registry,"Land  Registry","Lands Registry"
192728,RES-1996-562,general_registry,"Land  Registry","Lands Registry"
192729,RES-2009-7397,general_registry,"Land  Registry","Lands Registry"
192730,CON-AG-2017-39,general_registry,"Land  Registry","Lands Registry"
192731,RES-2009-4765,general_registry,"Land  Registry","Lands Registry"
192732,COM-2022-501,general_registry,"Land  Registry","Lands Registry"
192733,RES-2009-3910,general_registry,"Land  Registry","Lands Registry"
192734,RES-2009-7394,general_registry,"Land  Registry","Lands Registry"
192737,RES-2009-5329,general_registry,"Land  Registry","Lands Registry"
192738,RES-2009-7473,general_registry,"Land  Registry","Lands Registry"
192739,RES-2009-5517,general_registry,"Land  Registry","Lands Registry"
192740,RES-2009-7164,general_registry,"Land  Registry","Lands Registry"
192741,RES-2009-7163,general_registry,"Land  Registry","Lands Registry"
192742,RES-2009-7474,general_registry,"Land  Registry","Lands Registry"
192743,RES-2009-5523,general_registry,"Land  Registry","Lands Registry"
192744,RES-2009-5134,general_registry,"Land  Registry","Lands Registry"
192745,RES-2004-72,general_registry,"Land  Registry","Lands Registry"
192746,RES-2009-5348,general_registry,"Land  Registry","Lands Registry"
192747,RES-2009-3911,general_registry,"Land  Registry","Lands Registry"
192748,RES-2009-5524,general_registry,"Land  Registry","Lands Registry"
192750,RES-2009-5617,general_registry,"Land  Registry","Lands Registry"
192754,RES-2009-5525,general_registry,"Land  Registry","Lands Registry"
192755,RES-2009-4716,general_registry,"Land  Registry","Lands Registry"
192756,RES-2009-5621,general_registry,"Land  Registry","Lands Registry"
192757,RES-2009-4121,general_registry,"Land  Registry","Lands Registry"
192758,RES-2009-4717,general_registry,"Land  Registry","Lands Registry"
192759,RES-2009-5507,general_registry,"Land  Registry","Lands Registry"
192761,RES-2009-5620,registry,,2
192761,RES-2009-5620,general_registry,"Land  Registry","Lands Registry"
192762,RES-2009-7429,registry,,2
192762,RES-2009-7429,general_registry,"Land  Registry","Lands Registry"
192763,RES-1997-592,general_registry,"Land  Registry","Lands Registry"
192764,RES-2009-5508,general_registry,"Land  Registry","Lands Registry"
192765,RES-2000-1061,general_registry,"Land  Registry","Lands Registry"
192767,RES-2009-5509,general_registry,"Land  Registry","Lands Registry"
192768,RES-2009-5619,registry,,2
192768,RES-2009-5619,general_registry,"Land  Registry","Lands Registry"
192769,RES-2009-3835,general_registry,"Land  Registry","Lands Registry"
192770,RES-2014-1272,registry,,2
192770,RES-2014-1272,general_registry,"Land  Registry","Lands Registry"
192771,RES-2021-1419,general_registry,"Land  Registry","Lands Registry"
192772,RES-2009-5510,general_registry,"Land  Registry","Lands Registry"
192773,CON-AG-2024-157,general_registry,"Land  Registry","Lands Registry"
192774,RES-2009-4145,general_registry,"Land  Registry","Lands Registry"
192775,RES-2009-5618,general_registry,"Land  Registry","Lands Registry"
192776,RES-2009-7162,general_registry,"Land  Registry","Lands Registry"
192777,RES-2009-5645,general_registry,"Land  Registry","Lands Registry"
192778,RES-2009-5901,general_registry,"Land  Registry","Lands Registry"
192779,CON-AG-2019-46,general_registry,"Land  Registry","Lands Registry"
192780,RES-2009-238,general_registry,"Land  Registry","Lands Registry"
192781,RES-2009-5627,general_registry,"Land  Registry","Lands Registry"
192782,RES-2009-4146,general_registry,"Land  Registry","Lands Registry"
192783,RES-2009-5511,general_registry,"Land  Registry","Lands Registry"
192785,RES-2008-2912,general_registry,"Land  Registry","Lands Registry"
192787,RES-2009-5512,general_registry,"Land  Registry","Lands Registry"
192788,RES-2009-5903,general_registry,"Land  Registry","Lands Registry"
192789,RES-2009-7204,general_registry,"Land  Registry","Lands Registry"
192790,RES-2015-1778,general_registry,"Land  Registry","Lands Registry"
192791,RES-2009-5364,general_registry,"Land  Registry","Lands Registry"
192793,RES-2009-7203,general_registry,"Land  Registry","Lands Registry"
192794,RES-2009-7161,general_registry,"Land  Registry","Lands Registry"
192795,RES-2009-5902,general_registry,"Land  Registry","Lands Registry"
192796,RES-2023-1051,general_registry,"Land  Registry","Lands Registry"
192797,RES-2009-7202,general_registry,"Land  Registry","Lands Registry"
192798,RES-2008-2661,general_registry,"Land  Registry","Lands Registry"
192799,RES-2023-1053,general_registry,"Land  Registry","Lands Registry"
192800,RES-2001-5044,general_registry,"Land  Registry","Lands Registry"
192801,RES-2009-5906,general_registry,"Land  Registry","Lands Registry"
192802,RES-2009-7201,general_registry,"Land  Registry","Lands Registry"
192803,RES-2023-1052,general_registry,"Land  Registry","Lands Registry"
192804,RES-2009-5494,general_registry,"Land  Registry","Lands Registry"
192805,RES-2009-3884,general_registry,"Land  Registry","Lands Registry"
192807,RES-2009-7430,general_registry,"Land  Registry","Lands Registry"
192808,RES-2000-119,general_registry,"Land  Registry","Lands Registry"
192809,RES-2009-5559,general_registry,"Land  Registry","Lands Registry"
192810,RES-2009-7431,general_registry,"Land  Registry","Lands Registry"
192811,RES-2009-2435,general_registry,"Land  Registry","Lands Registry"
192812,CON-RES-2008-1184,general_registry,"Land  Registry","Lands Registry"
192813,RES-2009-5132,general_registry,"Land  Registry","Lands Registry"
192814,RES-2009-5905,general_registry,"Land  Registry","Lands Registry"
192815,RES-2009-5560,general_registry,"Land  Registry","Lands Registry"
192816,RES-2009-5363,general_registry,"Land  Registry","Lands Registry"
192818,RES-2018-555,general_registry,"Land  Registry","Lands Registry"
192819,RES-2009-3836,general_registry,"Land  Registry","Lands Registry"
192820,RES-2009-2436,general_registry,"Land  Registry","Lands Registry"
192822,RES-2009-5913,general_registry,"Land  Registry","Lands Registry"
192823,RES-2009-5127,general_registry,"Land  Registry","Lands Registry"
192824,RES-2009-4122,general_registry,"Land  Registry","Lands Registry"
192825,RES-2016-2641,general_registry,"Land  Registry","Lands Registry"
192826,RES-2009-5915,general_registry,"Land  Registry","Lands Registry"
192827,RES-2009-5561,general_registry,"Land  Registry","Lands Registry"
192828,RES-2009-7379,general_registry,"Land  Registry","Lands Registry"
192829,RES-2009-5490,general_registry,"Land  Registry","Lands Registry"
192830,RES-2009-5564,general_registry,"Land  Registry","Lands Registry"
192831,RES-2009-7387,general_registry,"Land  Registry","Lands Registry"
192832,RES-2009-5914,general_registry,"Land  Registry","Lands Registry"
192833,RES-2009-5553,general_registry,"Land  Registry","Lands Registry"
192834,RES-2009-3891,general_registry,"Land  Registry","Lands Registry"
192835,RES-2009-2437,general_registry,"Land  Registry","Lands Registry"
192837,RES-2009-7391,general_registry,"Land  Registry","Lands Registry"
192838,RES-2009-7388,general_registry,"Land  Registry","Lands Registry"
192839,RES-2009-5565,general_registry,"Land  Registry","Lands Registry"
192840,RES-2009-4718,general_registry,"Land  Registry","Lands Registry"
192841,RES-2009-7389,general_registry,"Land  Registry","Lands Registry"
192842,RES-2009-5566,general_registry,"Land  Registry","Lands Registry"
192843,RES-2009-7380,general_registry,"Land  Registry","Lands Registry"
192844,RES-2009-5567,general_registry,"Land  Registry","Lands Registry"
192845,RES-2009-4719,general_registry,"Land  Registry","Lands Registry"
192846,RES-2009-5582,general_registry,"Land  Registry","Lands Registry"
192847,RES-2009-7384,general_registry,"Land  Registry","Lands Registry"
192848,RES-2009-7386,general_registry,"Land  Registry","Lands Registry"
192849,RES-2009-7018,general_registry,"Land  Registry","Lands Registry"
192850,RES-2009-5545,general_registry,"Land  Registry","Lands Registry"
192851,RES-2009-7396,general_registry,"Land  Registry","Lands Registry"
192852,RES-2009-7398,general_registry,"Land  Registry","Lands Registry"
192853,CON-RES-2003-282,general_registry,"Land  Registry","Lands Registry"
192856,RES-2026-3521,registry,,2
192856,RES-2026-3521,general_registry,,"Lands Registry"
192856,RES-2026-3521,physical_registry,,"Registry 2 - Land"
192857,RES-2026-3522,registry,,2
192857,RES-2026-3522,general_registry,,"Lands Registry"
192857,RES-2026-3522,physical_registry,,"Registry 2 - Land"
192858,RES-2026-3523,registry,,2
192858,RES-2026-3523,general_registry,,"Lands Registry"
192858,RES-2026-3523,physical_registry,,"Registry 2 - Land"
192859,RES-2009-5918,general_registry,"Land  Registry","Lands Registry"
192860,RES-2009-6579,general_registry,"Land  Registry","Lands Registry"
192861,RES-2009-5916,general_registry,"Land  Registry","Lands Registry"
192862,RES-2009-5921,general_registry,"Land  Registry","Lands Registry"
192863,RES-2009-204,general_registry,"Land  Registry","Lands Registry"
192864,RES-2009-6577,general_registry,"Land  Registry","Lands Registry"
192865,RES-2026-3524,registry,,2
192865,RES-2026-3524,general_registry,,"Lands Registry"
192865,RES-2026-3524,physical_registry,,"Registry 2 - Land"
192866,RES-2009-232,general_registry,"Land  Registry","Lands Registry"
192867,RES-2009-233,registry,,2
192867,RES-2009-233,general_registry,"Land  Registry","Lands Registry"
192868,RES-2009-6323,general_registry,"Land  Registry","Lands Registry"
192869,RES-2009-6215,general_registry,"Land  Registry","Lands Registry"
192870,RES-2009-201,general_registry,"Land  Registry","Lands Registry"
192871,RES-2009-202,general_registry,"Land  Registry","Lands Registry"
192873,RES-2009-6582,general_registry,"Land  Registry","Lands Registry"
192874,RES-2009-6212,general_registry,"Land  Registry","Lands Registry"
192875,RES-2009-203,general_registry,"Land  Registry","Lands Registry"
192876,RES-2009-6581,general_registry,"Land  Registry","Lands Registry"
192877,RES-2009-5554,general_registry,"Land  Registry","Lands Registry"
192878,RES-2009-5555,general_registry,"Land  Registry","Lands Registry"
192879,RES-2009-6580,general_registry,"Land  Registry","Lands Registry"
192880,RES-2009-6218,general_registry,"Land  Registry","Lands Registry"
192881,RES-2009-5556,general_registry,"Land  Registry","Lands Registry"
192882,RES-2009-5557,general_registry,"Land  Registry","Lands Registry"
192883,RES-2009-6219,general_registry,"Land  Registry","Lands Registry"
192884,COM-RC-1982-463,general_registry,"Land  Registry","Lands Registry"
192885,RES-2026-3525,registry,,2
192885,RES-2026-3525,general_registry,,"Lands Registry"
192885,RES-2026-3525,physical_registry,,"Registry 2 - Land"
192886,RES-2009-2438,general_registry,"Land  Registry","Lands Registry"
192887,RES-2009-6221,general_registry,"Land  Registry","Lands Registry"
192888,RES-2009-5626,registry,,2
192888,RES-2009-5626,general_registry,"Land  Registry","Lands Registry"
192889,RES-2009-5513,general_registry,"Land  Registry","Lands Registry"
192890,RES-2009-5401,general_registry,"Land  Registry","Lands Registry"
192892,RES-2009-2439,general_registry,"Land  Registry","Lands Registry"
192893,RES-2009-6237,general_registry,"Land  Registry","Lands Registry"
192894,RES-2009-5495,general_registry,"Land  Registry","Lands Registry"
192895,RES-2018-1880,general_registry,"Land  Registry","Lands Registry"
192896,RES-2009-5498,general_registry,"Land  Registry","Lands Registry"
192897,RES-2009-5515,general_registry,"Land  Registry","Lands Registry"
192898,RES-2009-5514,general_registry,"Land  Registry","Lands Registry"
192899,CON-RES-1984-704,general_registry,"Land  Registry","Lands Registry"
192900,RES-2009-4150,general_registry,"Land  Registry","Lands Registry"
192901,RES-2009-5572,general_registry,"Land  Registry","Lands Registry"
192902,RES-2009-7017,general_registry,"Land  Registry","Lands Registry"
192903,RES-2009-2440,general_registry,"Land  Registry","Lands Registry"
192904,RES-2009-5549,general_registry,"Land  Registry","Lands Registry"
192905,RES-2009-47,general_registry,"Land  Registry","Lands Registry"
192906,RES-2009-4720,general_registry,"Land  Registry","Lands Registry"
192907,CON-RES-1982-413,general_registry,"Land  Registry","Lands Registry"
192908,RES-2009-5573,general_registry,"Land  Registry","Lands Registry"
192909,RES-2009-5571,general_registry,"Land  Registry","Lands Registry"
192910,RES-2009-7016,general_registry,"Land  Registry","Lands Registry"
192911,RES-2009-2441,general_registry,"Land  Registry","Lands Registry"
192913,RES-2009-4732,general_registry,"Land  Registry","Lands Registry"
192914,RES-2009-4151,general_registry,"Land  Registry","Lands Registry"
192915,RES-2009-5574,general_registry,"Land  Registry","Lands Registry"
192916,RES-2009-3915,general_registry,"Land  Registry","Lands Registry"
192917,RES-2009-4729,general_registry,"Land  Registry","Lands Registry"
192918,RES-2009-4570,general_registry,"Land  Registry","Lands Registry"
192919,RES-2009-5579,general_registry,"Land  Registry","Lands Registry"
192920,RES-2009-2442,general_registry,"Land  Registry","Lands Registry"
192921,RES-2009-4523,general_registry,"Land  Registry","Lands Registry"
192922,RES-2009-4733,general_registry,"Land  Registry","Lands Registry"
192923,RES-2009-4571,general_registry,"Land  Registry","Lands Registry"
192924,RES-2009-5575,general_registry,"Land  Registry","Lands Registry"
192925,RES-2009-4572,general_registry,"Land  Registry","Lands Registry"
192926,RES-2009-3913,general_registry,"Land  Registry","Lands Registry"
192927,RES-2009-4730,general_registry,"Land  Registry","Lands Registry"
192928,RES-2009-4737,general_registry,"Land  Registry","Lands Registry"
192929,RES-2009-3916,general_registry,"Land  Registry","Lands Registry"
192930,RES-2009-4573,general_registry,"Land  Registry","Lands Registry"
192931,RES-2026-3526,registry,,2
192931,RES-2026-3526,general_registry,,"Lands Registry"
192931,RES-2026-3526,physical_registry,,"Registry 2 - Land"
192932,RES-2009-2424,general_registry,"Land  Registry","Lands Registry"
192933,RES-2009-5649,general_registry,"Land  Registry","Lands Registry"
192934,RES-2009-4590,general_registry,"Land  Registry","Lands Registry"
192935,RES-2009-5578,general_registry,"Land  Registry","Lands Registry"
192936,RES-2009-4738,general_registry,"Land  Registry","Lands Registry"
192937,RES-2009-4574,general_registry,"Land  Registry","Lands Registry"
192938,CON-RES-2002-52,general_registry,"Land  Registry","Lands Registry"
192939,RES-2009-6698,general_registry,"Land  Registry","Lands Registry"
192941,CON-AG-2008-19,registry,,3
192941,CON-AG-2008-19,general_registry,"Land  Registry","Lands Registry"
192943,RES-2009-4998,general_registry,"Land  Registry","Lands Registry"
192944,RES-2009-3917,general_registry,"Land  Registry","Lands Registry"
192945,RES-2007-6697,general_registry,"Land  Registry","Lands Registry"
192946,RES-2026-3527,registry,,2
192946,RES-2026-3527,general_registry,,"Lands Registry"
192946,RES-2026-3527,physical_registry,,"Registry 2 - Land"
192947,CON-COM-2022-586,registry,,3
192947,CON-COM-2022-586,general_registry,"Land  Registry","Lands Registry"
192948,RES-2009-6696,general_registry,"Land  Registry","Lands Registry"
192949,RES-2009-3918,general_registry,"Land  Registry","Lands Registry"
192950,RES-2009-4557,general_registry,"Land  Registry","Lands Registry"
192951,RES-2009-4736,general_registry,"Land  Registry","Lands Registry"
192952,RES-2009-3919,general_registry,"Land  Registry","Lands Registry"
192953,RES-2009-6695,general_registry,"Land  Registry","Lands Registry"
192954,RES-2009-2244,general_registry,"Land  Registry","Lands Registry"
192955,RES-2009-6072,general_registry,"Land  Registry","Lands Registry"
192956,RES-2009-7541,general_registry,"Land  Registry","Lands Registry"
192957,RES-2009-2426,general_registry,"Land  Registry","Lands Registry"
192958,RES-2009-3920,general_registry,"Land  Registry","Lands Registry"
192959,RES-2009-6694,general_registry,"Land  Registry","Lands Registry"
192960,RES-2026-3528,registry,,2
192960,RES-2026-3528,general_registry,,"Lands Registry"
192960,RES-2026-3528,physical_registry,,"Registry 2 - Land"
192961,RES-2009-3914,general_registry,"Land  Registry","Lands Registry"
192962,RES-2009-2238,general_registry,"Land  Registry","Lands Registry"
192963,RES-2009-2233,general_registry,"Land  Registry","Lands Registry"
192964,RES-2009-4551,general_registry,"Land  Registry","Lands Registry"
192965,RES-2009-3921,general_registry,"Land  Registry","Lands Registry"
192966,RES-2009-4552,general_registry,"Land  Registry","Lands Registry"
192967,RES-2009-2245,general_registry,"Land  Registry","Lands Registry"
192968,RES-2009-2231,general_registry,"Land  Registry","Lands Registry"
192969,RES-2009-2429,general_registry,"Land  Registry","Lands Registry"
192970,CON-RES-2012-344,general_registry,"Land  Registry","Lands Registry"
192971,RES-2009-6073,general_registry,"Land  Registry","Lands Registry"
192973,RES-2026-3529,registry,,2
192973,RES-2026-3529,general_registry,,"Lands Registry"
192973,RES-2026-3529,physical_registry,,"Registry 2 - Land"
192974,RES-2009-3949,general_registry,"Land  Registry","Lands Registry"
192975,RES-2009-4567,general_registry,"Land  Registry","Lands Registry"
192976,RES-2009-5646,general_registry,"Land  Registry","Lands Registry"
192977,RES-2009-6074,general_registry,"Land  Registry","Lands Registry"
192978,RES-2009-5644,general_registry,"Land  Registry","Lands Registry"
192979,RES-2009-4568,general_registry,"Land  Registry","Lands Registry"
192980,RES-2009-2427,general_registry,"Land  Registry","Lands Registry"
192981,RES-2009-6075,general_registry,"Land  Registry","Lands Registry"
192982,RES-2009-4569,general_registry,"Land  Registry","Lands Registry"
192983,RES-2009-4596,general_registry,"Land  Registry","Lands Registry"
192984,RES-2009-4595,general_registry,"Land  Registry","Lands Registry"
192985,RES-2009-3947,general_registry,"Land  Registry","Lands Registry"
192987,CON-RES-2025-1248,general_registry,"Land  Registry","Lands Registry"
192988,RES-2009-4584,general_registry,"Land  Registry","Lands Registry"
192989,RES-2009-4583,general_registry,"Land  Registry","Lands Registry"
192990,RES-2026-3530,registry,,2
192990,RES-2026-3530,general_registry,,"Lands Registry"
192990,RES-2026-3530,physical_registry,,"Registry 2 - Land"
192991,RES-2009-5629,general_registry,"Land  Registry","Lands Registry"
192992,RES-2009-2250,general_registry,"Land  Registry","Lands Registry"
192993,RES-2009-6076,general_registry,"Land  Registry","Lands Registry"
192994,RES-2009-2251,general_registry,"Land  Registry","Lands Registry"
192995,CON-RES-2009-849,registry,,3
192995,CON-RES-2009-849,general_registry,"Land  Registry","Lands Registry"
192996,RES-2009-5628,general_registry,"Land  Registry","Lands Registry"
192997,RES-2009-4563,general_registry,"Land  Registry","Lands Registry"
192998,RES-2009-2241,general_registry,"Land  Registry","Lands Registry"
192999,CON-RES-2012-276,general_registry,"Land  Registry","Lands Registry"
193002,RES-2026-3531,registry,,2
193002,RES-2026-3531,general_registry,,"Lands Registry"
193002,RES-2026-3531,physical_registry,,"Registry 2 - Land"
193003,RES-1998-837,general_registry,"Land  Registry","Lands Registry"
193004,RES-2009-2252,general_registry,"Land  Registry","Lands Registry"
193005,RES-2009-2243,general_registry,"Land  Registry","Lands Registry"
193007,RES-2009-2298,general_registry,"Land  Registry","Lands Registry"
193008,RES-2009-2282,general_registry,"Land  Registry","Lands Registry"
193009,RES-2009-2291,general_registry,"Land  Registry","Lands Registry"
193010,RES-2009-2292,general_registry,"Land  Registry","Lands Registry"
193011,RES-2026-3532,registry,,2
193011,RES-2026-3532,general_registry,,"Lands Registry"
193011,RES-2026-3532,physical_registry,,"Registry 2 - Land"
193012,RES-2009-2172,general_registry,"Land  Registry","Lands Registry"
193013,RES-2009-2170,general_registry,"Land  Registry","Lands Registry"
193014,RES-2026-3533,registry,,2
193014,RES-2026-3533,general_registry,,"Lands Registry"
193014,RES-2026-3533,physical_registry,,"Registry 2 - Land"
193015,RES-2009-2171,general_registry,"Land  Registry","Lands Registry"
193016,CON-RES-2026-2913,registry,,3
193016,CON-RES-2026-2913,general_registry,,"Lands Registry"
193016,CON-RES-2026-2913,physical_registry,,"Registry 3 - Land"
193018,RES-2009-2173,general_registry,"Land  Registry","Lands Registry"
193019,RES-2009-5631,general_registry,"Land  Registry","Lands Registry"
193020,RES-2009-3944,general_registry,"Land  Registry","Lands Registry"
193021,RES-2009-2174,general_registry,"Land  Registry","Lands Registry"
193022,CON-COM-2022-607,general_registry,"Land  Registry","Lands Registry"
193023,RES-2009-2430,general_registry,"Land  Registry","Lands Registry"
193024,RES-2009-3900,general_registry,"Land  Registry","Lands Registry"
193025,RES-2009-2406,general_registry,"Land  Registry","Lands Registry"
193027,CON-RES-1992-504,general_registry,"Land  Registry","Lands Registry"
193028,RES-2009-6079,general_registry,"Land  Registry","Lands Registry"
193029,RES-2009-2431,general_registry,"Land  Registry","Lands Registry"
193030,RES-2016-2644,general_registry,"Land  Registry","Lands Registry"
193032,RES-2009-2407,general_registry,"Land  Registry","Lands Registry"
193033,RES-2009-2401,general_registry,"Land  Registry","Lands Registry"
193034,RES-2009-2408,general_registry,"Land  Registry","Lands Registry"
193035,CON-COM-2026-617,registry,,3
193035,CON-COM-2026-617,general_registry,,"Lands Registry"
193035,CON-COM-2026-617,physical_registry,,"Registry 3 - Land"
193036,RES-2016-2646,general_registry,"Land  Registry","Lands Registry"
193037,CON-COM-2026-618,registry,,3
193037,CON-COM-2026-618,general_registry,,"Lands Registry"
193037,CON-COM-2026-618,physical_registry,,"Registry 3 - Land"
193038,RES-2009-2409,general_registry,"Land  Registry","Lands Registry"
193039,RES-2009-2481,general_registry,"Land  Registry","Lands Registry"
193041,RES-2009-6057,general_registry,"Land  Registry","Lands Registry"
193042,RES-2009-2410,general_registry,"Land  Registry","Lands Registry"
193043,RES-2009-2416,general_registry,"Land  Registry","Lands Registry"
193044,CON-RES-2004-357,general_registry,"Land  Registry","Lands Registry"
193046,CON-RES-2026-2914,registry,,3
193046,CON-RES-2026-2914,general_registry,,"Lands Registry"
193046,CON-RES-2026-2914,physical_registry,,"Registry 3 - Land"
193047,RES-2009-2417,general_registry,"Land  Registry","Lands Registry"
193048,RES-2009-2482,general_registry,"Land  Registry","Lands Registry"
193049,RES-2009-2414,general_registry,"Land  Registry","Lands Registry"
193050,RES-2009-2418,general_registry,"Land  Registry","Lands Registry"
193052,RES-2009-2420,general_registry,"Land  Registry","Lands Registry"
193053,RES-2009-2421,general_registry,"Land  Registry","Lands Registry"
193054,RES-2009-2422,general_registry,"Land  Registry","Lands Registry"
193055,RES-2009-2423,general_registry,"Land  Registry","Lands Registry"
193057,RES-2009-2415,general_registry,"Land  Registry","Lands Registry"
193058,CON-COM-2026-619,registry,,3
193058,CON-COM-2026-619,general_registry,,"Lands Registry"
193058,CON-COM-2026-619,physical_registry,,"Registry 3 - Land"
193059,RES-2009-7054,general_registry,"Land  Registry","Lands Registry"
193060,CON-COM-2026-620,registry,,3
193060,CON-COM-2026-620,general_registry,,"Lands Registry"
193060,CON-COM-2026-620,physical_registry,,"Registry 3 - Land"
193061,RES-2009-7015,general_registry,"Land  Registry","Lands Registry"
193062,RES-2009-7053,general_registry,"Land  Registry","Lands Registry"
193063,RES-2009-7052,general_registry,"Land  Registry","Lands Registry"
193064,RES-2009-7051,general_registry,"Land  Registry","Lands Registry"
193065,RES-2009-7050,general_registry,"Land  Registry","Lands Registry"
193066,CON-AG-2026-170,registry,,3
193066,CON-AG-2026-170,general_registry,,"Lands Registry"
193066,CON-AG-2026-170,physical_registry,,"Registry 3 - Land"
193067,RES-2009-7049,general_registry,"Land  Registry","Lands Registry"
193068,CON-AG-2026-171,registry,,3
193068,CON-AG-2026-171,general_registry,,"Lands Registry"
193068,CON-AG-2026-171,physical_registry,,"Registry 3 - Land"
193069,RES-2015-7292,general_registry,"Land  Registry","Lands Registry"
193070,RES-2009-7048,general_registry,"Land  Registry","Lands Registry"
193071,RES-2009-7045,general_registry,"Land  Registry","Lands Registry"
193072,RES-2009-7076,general_registry,"Land  Registry","Lands Registry"
193073,CON-AG-2026-172,registry,,3
193073,CON-AG-2026-172,general_registry,,"Lands Registry"
193073,CON-AG-2026-172,physical_registry,,"Registry 3 - Land"
193074,RES-2009-4564,general_registry,"Land  Registry","Lands Registry"
193075,RES-2009-4566,general_registry,"Land  Registry","Lands Registry"
193076,RES-2009-7014,general_registry,"Land  Registry","Lands Registry"
193077,RES-2009-7013,general_registry,"Land  Registry","Lands Registry"
193078,RES-2024-1950,general_registry,"Land  Registry","Lands Registry"
193079,RES-2009-7074,general_registry,"Land  Registry","Lands Registry"
193080,RES-2009-7055,general_registry,"Land  Registry","Lands Registry"
193081,RES-2009-7065,general_registry,"Land  Registry","Lands Registry"
193082,RES-2009-7067,general_registry,"Land  Registry","Lands Registry"
193083,RES-2009-4157,general_registry,"Land  Registry","Lands Registry"
193084,RES-2009-7070,general_registry,"Land  Registry","Lands Registry"
193085,RES-2009-6202,general_registry,"Land  Registry","Lands Registry"
193086,RES-2009-6203,general_registry,"Land  Registry","Lands Registry"
193087,RES-2009-7003,general_registry,"Land  Registry","Lands Registry"
193088,RES-2009-4152,general_registry,"Land  Registry","Lands Registry"
193089,RES-2009-6133,general_registry,"Land  Registry","Lands Registry"
193090,RES-2009-4154,general_registry,"Land  Registry","Lands Registry"
193091,RES-2021-1152,general_registry,"Land  Registry","Lands Registry"
193092,RES-2009-4153,general_registry,"Land  Registry","Lands Registry"
193093,RES-2019-4179,general_registry,"Land  Registry","Lands Registry"
193094,RES-2009-6131,general_registry,"Land  Registry","Lands Registry"
193095,RES-2018-673,general_registry,"Land  Registry","Lands Registry"
193096,RES-2009-7002,general_registry,"Land  Registry","Lands Registry"
193097,RES-2009-6127,general_registry,"Land  Registry","Lands Registry"
193098,RES-2001-7001,general_registry,"Land  Registry","Lands Registry"
193099,RES-2009-6152,general_registry,"Land  Registry","Lands Registry"
193101,RES-2009-6158,general_registry,"Land  Registry","Lands Registry"
193102,RES-2009-6160,general_registry,"Land  Registry","Lands Registry"
193103,RES-2009-6150,general_registry,"Land  Registry","Lands Registry"
193104,RES-2009-6149,general_registry,"Land  Registry","Lands Registry"
193105,RES-2009-6148,general_registry,"Land  Registry","Lands Registry"
193106,RES-2009-6146,general_registry,"Land  Registry","Lands Registry"
193107,RES-2009-6145,general_registry,"Land  Registry","Lands Registry"
193108,RES-1989-1231,general_registry,"Land  Registry","Lands Registry"
193109,RES-2010-3177,general_registry,"Land  Registry","Lands Registry"
193111,RES-2009-4702(T),general_registry,"Land  Registry","Lands Registry"
193112,RES-2019-1964,general_registry,"Land  Registry","Lands Registry"
193113,CON-RES-2025-1422,registry,,3
193113,CON-RES-2025-1422,general_registry,"Land  Registry","Lands Registry"
193114,RES-2025-54,general_registry,"Land  Registry","Lands Registry"
193115,CON-COM-2025-695,general_registry,"Land  Registry","Lands Registry"
193116,RES-2022-6446,general_registry,"Land  Registry","Lands Registry"
193117,CON-COM-2025-672,general_registry,"Land  Registry","Lands Registry"
193118,RES-1993-122,general_registry,"Land  Registry","Lands Registry"
193120,CON-COM-2020-223,general_registry,"Land  Registry","Lands Registry"
193121,CON-RES-2025-1265,general_registry,"Land  Registry","Lands Registry"
193122,CON-COM-2026-621,registry,,3
193122,CON-COM-2026-621,general_registry,,"Lands Registry"
193122,CON-COM-2026-621,physical_registry,,"Registry 3 - Land"
193123,RES-2015-3708,general_registry,"Land  Registry","Lands Registry"
193126,CON-RES-2022-658,general_registry,"Land  Registry","Lands Registry"
193127,CON-IND-2011-68,general_registry,"Land  Registry","Lands Registry"
193129,CON-COM-2022-410,general_registry,"Land  Registry","Lands Registry"
193131,CON-RES-2023-7596,registry,,3
193131,CON-RES-2023-7596,general_registry,"Land  Registry","Lands Registry"
193133,CON-COM-2023-3277,general_registry,"Land  Registry","Lands Registry"
193134,CON-RES-2024-1282,general_registry,"Land  Registry","Lands Registry"
193136,RES-2021-1697,general_registry,"Land  Registry","Lands Registry"
193137,CON-RES-2024-1316,general_registry,"Land  Registry","Lands Registry"
193140,RES-2008-2783,general_registry,"Land  Registry","Lands Registry"
193141,CON-RES-2023-3278,general_registry,"Land  Registry","Lands Registry"
193142,CON-RES-2024-1314,general_registry,"Land  Registry","Lands Registry"
193143,RES-2022-3332,general_registry,"Land  Registry","Lands Registry"
193144,CON-RES-2024-1312,general_registry,"Land  Registry","Lands Registry"
193146,CON-RES-2022-702,general_registry,"Land  Registry","Lands Registry"
193147,RES-2005-878,general_registry,"Land  Registry","Lands Registry"
193148,RES-RC-1998-5,general_registry,"Land  Registry","Lands Registry"
193150,CON-RES-2024-1425,general_registry,"Land  Registry","Lands Registry"
193151,CON-AG-2018-17,general_registry,"Land  Registry","Lands Registry"
193152,COM-2018-157,general_registry,"Land  Registry","Lands Registry"
193153,CON-RES-2022-683,general_registry,"Land  Registry","Lands Registry"
193154,CON-RES-2021-1519,general_registry,"Land  Registry","Lands Registry"
193155,CON-RES-2024-1313,general_registry,"Land  Registry","Lands Registry"
193156,RES-2015-3449,general_registry,"Land  Registry","Lands Registry"
193158,CON-RES-2022-670,general_registry,"Land  Registry","Lands Registry"
193159,CON-RES-2022-697,general_registry,"Land  Registry","Lands Registry"
193160,RES-2020-4080,general_registry,"Land  Registry","Lands Registry"
193161,RES-2019-3992,general_registry,"Land  Registry","Lands Registry"
193162,CON-RES-2023-3320,registry,,3
193162,CON-RES-2023-3320,general_registry,"Land  Registry","Lands Registry"
193164,CON-COM-2024-139,general_registry,"Land  Registry","Lands Registry"
193165,CON-COM-2024-138,general_registry,"Land  Registry","Lands Registry"
193167,CON-RES-2022-669,general_registry,"Land  Registry","Lands Registry"
193168,CON-RES-2023-3321,registry,,3
193168,CON-RES-2023-3321,general_registry,"Land  Registry","Lands Registry"
193169,RES-2019-1429,general_registry,"Land  Registry","Lands Registry"
193171,CON-RES-2022-667,registry,,3
193171,CON-RES-2022-667,general_registry,"Land  Registry","Lands Registry"
193173,RES-2000-4712,general_registry,"Land  Registry","Lands Registry"
193174,CON-RES-2023-3322,registry,,3
193174,CON-RES-2023-3322,general_registry,"Land  Registry","Lands Registry"
193175,RES-2019-3993,general_registry,"Land  Registry","Lands Registry"
193176,RES-2009-7689,general_registry,"Land  Registry","Lands Registry"
193177,CON-RES-2022-666,general_registry,"Land  Registry","Lands Registry"
193179,CON-RES-2000-105,general_registry,"Land  Registry","Lands Registry"
193181,CON-RES-2023-3323,registry,,3
193181,CON-RES-2023-3323,general_registry,"Land  Registry","Lands Registry"
193182,CON-RES-2022-665,general_registry,"Land  Registry","Lands Registry"
193183,RES-2025-2066,general_registry,"Land  Registry","Lands Registry"
193185,RES-1992-845,general_registry,"Land  Registry","Lands Registry"
193186,CON-COM-2025-301,general_registry,"Land  Registry","Lands Registry"
193187,CON-RES-2023-3324,registry,,3
193187,CON-RES-2023-3324,general_registry,"Land  Registry","Lands Registry"
193188,CON-RES-2022-664,general_registry,"Land  Registry","Lands Registry"
193189,CON-RES-2021-554,general_registry,"Land  Registry","Lands Registry"
193191,CON-IND-2023-34,general_registry,"Land  Registry","Lands Registry"
193192,CON-RES-2022-663,general_registry,"Land  Registry","Lands Registry"
193193,RES-1992-1334,general_registry,"Land  Registry","Lands Registry"
193195,CON-RES-2023-3325,registry,,3
193195,CON-RES-2023-3325,general_registry,"Land  Registry","Lands Registry"
193196,RES-2009-2148,general_registry,"Land  Registry","Lands Registry"
193199,CON-RES-2023-3326,registry,,3
193199,CON-RES-2023-3326,general_registry,"Land  Registry","Lands Registry"
193200,CON-RES-2021-1520,general_registry,"Land  Registry","Lands Registry"
193202,CON-COM-2024-344,general_registry,"Land  Registry","Lands Registry"
193204,CON-RES-2021-1518,general_registry,"Land  Registry","Lands Registry"
193205,RES-2023-3327,general_registry,"Land  Registry","Lands Registry"
193207,CON-COM-2025-160,general_registry,"Land  Registry","Lands Registry"
193209,RES-2021-1224,general_registry,"Land  Registry","Lands Registry"
193210,COM-2001-25,general_registry,"Land  Registry","Lands Registry"
193211,CON-RES-2023-3328,registry,,3
193211,CON-RES-2023-3328,general_registry,"Land  Registry","Lands Registry"
193212,CON-COM-2015-291,general_registry,"Land  Registry","Lands Registry"
193215,CON-RES-2023-3329,registry,,3
193215,CON-RES-2023-3329,general_registry,"Land  Registry","Lands Registry"
193219,RES-1991-3482,general_registry,"Land  Registry","Lands Registry"
193220,CON-RES-2025-1339,general_registry,"Land  Registry","Lands Registry"
193221,CON-RES-2023-3330,registry,,3
193221,CON-RES-2023-3330,general_registry,"Land  Registry","Lands Registry"
193222,CON-COM-2017-182,general_registry,"Land  Registry","Lands Registry"
193223,CON-IND-2025-278,general_registry,"Land  Registry","Lands Registry"
193224,CON-RES-2023-3331,registry,,3
193224,CON-RES-2023-3331,general_registry,"Land  Registry","Lands Registry"
193225,CON-RES-1982-517,general_registry,"Land  Registry","Lands Registry"
193226,RES-1994-2053,general_registry,"Land  Registry","Lands Registry"
193228,RES-2000-3062,general_registry,"Land  Registry","Lands Registry"
193229,RES-2026-3534,registry,,2
193229,RES-2026-3534,general_registry,,"Lands Registry"
193229,RES-2026-3534,physical_registry,,"Registry 2 - Land"
193231,COM-1982-187,general_registry,"Land  Registry","Lands Registry"
193232,CON-RES-1996-237,general_registry,"Land  Registry","Lands Registry"
193235,CON-RES-2023-3333,registry,,3
193235,CON-RES-2023-3333,general_registry,"Land  Registry","Lands Registry"
193236,CON-COM-2025-300,general_registry,"Land  Registry","Lands Registry"
193237,CON-RES-2024-1279,general_registry,"Land  Registry","Lands Registry"
193238,CON-RES-2023-3335,registry,,3
193238,CON-RES-2023-3335,general_registry,"Land  Registry","Lands Registry"
193239,CON-RES-2023-3334,general_registry,"Land  Registry","Lands Registry"
193240,RES-2026-3535,registry,,2
193240,RES-2026-3535,general_registry,,"Lands Registry"
193240,RES-2026-3535,physical_registry,,"Registry 2 - Land"
193241,CON-RES-2022-696,general_registry,"Land  Registry","Lands Registry"
193243,RES-2023-1009,general_registry,"Land  Registry","Lands Registry"
193244,CON-RES-2024-1284,general_registry,"Land  Registry","Lands Registry"
193246,CON-RES-2025-1332,general_registry,"Land  Registry","Lands Registry"
193247,CON-RES-2023-3336,general_registry,"Land  Registry","Lands Registry"
193248,CON-RES-2022-695,general_registry,"Land  Registry","Lands Registry"
193249,CON-RES-2023-3337,general_registry,"Land  Registry","Lands Registry"
193250,CON-RES-2022-682,general_registry,"Land  Registry","Lands Registry"
193252,CON-RES-2024-1285,general_registry,"Land  Registry","Lands Registry"
193253,CON-RES-2023-3339,general_registry,"Land  Registry","Lands Registry"
193254,CON-RES-2023-3338,general_registry,"Land  Registry","Lands Registry"
193255,CON-COM-1987-65,general_registry,"Land  Registry","Lands Registry"
193257,RES-2022-661,general_registry,"Land  Registry","Lands Registry"
193258,CON-COM-2024-330,general_registry,"Land  Registry","Lands Registry"
193259,CON-RES-2022-694,general_registry,"Land  Registry","Lands Registry"
193261,CON-RES-2023-3340,general_registry,"Land  Registry","Lands Registry"
193262,RES-2003-3602,general_registry,"Land  Registry","Lands Registry"
193263,RES-2002-5984,general_registry,"Land  Registry","Lands Registry"
193264,RES-2001-4199,general_registry,"Land  Registry","Lands Registry"
193265,CON-RES-2022-660,general_registry,"Land  Registry","Lands Registry"
193266,CON-RES-2024-1288,general_registry,"Land  Registry","Lands Registry"
193269,CON-RES-1991-176,general_registry,"Land  Registry","Lands Registry"
193271,RES-2023-6033,general_registry,"Land  Registry","Lands Registry"
193272,CON-RES-2022-668,general_registry,"Land  Registry","Lands Registry"
193273,CON-RES-2022-659,general_registry,"Land  Registry","Lands Registry"
193274,CON-RES-2024-1286,general_registry,"Land  Registry","Lands Registry"
193275,CON-RES-2023-3271,general_registry,"Land  Registry","Lands Registry"
193276,CON-RES-2023-3303,general_registry,"Land  Registry","Lands Registry"
193278,RES-2026-3536,registry,,2
193278,RES-2026-3536,general_registry,,"Lands Registry"
193278,RES-2026-3536,physical_registry,,"Registry 2 - Land"
193282,CON-RES-2024-1392,general_registry,"Land  Registry","Lands Registry"
193284,CON-RES-2023-3304,general_registry,"Land  Registry","Lands Registry"
193285,CON-RES-2023-3289,general_registry,"Land  Registry","Lands Registry"
193287,CON-RES-2023-3305,general_registry,"Land  Registry","Lands Registry"
193288,RES-2026-3537,registry,,2
193288,RES-2026-3537,general_registry,,"Lands Registry"
193288,RES-2026-3537,physical_registry,,"Registry 2 - Land"
193289,RES-1995-2733,general_registry,"Land  Registry","Lands Registry"
193290,CON-RES-2023-3306,general_registry,"Land  Registry","Lands Registry"
193292,CON-RES-2023-3290,general_registry,"Land  Registry","Lands Registry"
193293,COM-2011-243,general_registry,"Land  Registry","Lands Registry"
193294,CON-RES-2024-1391,general_registry,"Land  Registry","Lands Registry"
193295,RES-1989-1050,general_registry,"Land  Registry","Lands Registry"
193296,CON-RES-2023-3307,general_registry,"Land  Registry","Lands Registry"
193297,CON-RES-2023-3274,general_registry,"Land  Registry","Lands Registry"
193298,RES-2016-2648,general_registry,"Land  Registry","Lands Registry"
193299,RES-2026-3538,registry,,2
193299,RES-2026-3538,general_registry,,"Lands Registry"
193299,RES-2026-3538,physical_registry,,"Registry 2 - Land"
193302,CON-RES-2023-3308,general_registry,"Land  Registry","Lands Registry"
193303,CON-RES-2024-1388,general_registry,"Land  Registry","Lands Registry"
193304,CON-RES-2025-5934,general_registry,"Land  Registry","Lands Registry"
193306,CON-RES-2023-3309,general_registry,"Land  Registry","Lands Registry"
193307,RES-1996-1085,general_registry,"Land  Registry","Lands Registry"
193310,CON-RES-2024-1291,general_registry,"Land  Registry","Lands Registry"
193311,CON-RES-1982-583,general_registry,"Land  Registry","Lands Registry"
193312,CON-COM-2024-755,general_registry,"Land  Registry","Lands Registry"
193313,RES-RC-1982-166,general_registry,"Land  Registry","Lands Registry"
193315,CON-RES-2024-1393,general_registry,"Land  Registry","Lands Registry"
193316,RES-2023-6034,general_registry,"Land  Registry","Lands Registry"
193318,CON-RES-2023-3275,general_registry,"Land  Registry","Lands Registry"
193321,RES-1993-4971,general_registry,"Land  Registry","Lands Registry"
193322,CON-RES-2024-1268,general_registry,"Land  Registry","Lands Registry"
193323,CON-RES-2023-3332,general_registry,"Land  Registry","Lands Registry"
193324,CON-RES-2022-698,general_registry,"Land  Registry","Lands Registry"
193337,CON-COM-2020-60,general_registry,"Land  Registry","Lands Registry"
193338,CON-RES-2024-1266,general_registry,"Land  Registry","Lands Registry"
193339,RES-2008-74,general_registry,"Land  Registry","Lands Registry"
193340,RES-2026-3539,registry,,2
193340,RES-2026-3539,general_registry,,"Lands Registry"
193340,RES-2026-3539,physical_registry,,"Registry 2 - Land"
193341,RES-2022-1061,general_registry,"Land  Registry","Lands Registry"
193343,RES-2026-3540,registry,,2
193343,RES-2026-3540,general_registry,,"Lands Registry"
193343,RES-2026-3540,physical_registry,,"Registry 2 - Land"
193344,RES-1993-8213,general_registry,"Land  Registry","Lands Registry"
193345,CON-RES-2024-1426,general_registry,"Land  Registry","Lands Registry"
193346,CON-RES-2022-693,general_registry,"Land  Registry","Lands Registry"
193347,CON-AG-2026-173,registry,,3
193347,CON-AG-2026-173,general_registry,,"Lands Registry"
193347,CON-AG-2026-173,physical_registry,,"Registry 3 - Land"
193348,CON-RES-2024-1427,general_registry,"Land  Registry","Lands Registry"
193349,RES-2026-3541,registry,,2
193349,RES-2026-3541,general_registry,,"Lands Registry"
193349,RES-2026-3541,physical_registry,,"Registry 2 - Land"
193350,CON-RES-2023-3327,general_registry,"Land  Registry","Lands Registry"
193352,CON-COM-1981-96,general_registry,"Land  Registry","Lands Registry"
193353,CON-RES-2024-1428,general_registry,"Land  Registry","Lands Registry"
193354,RES-2026-3542,registry,,2
193354,RES-2026-3542,general_registry,,"Lands Registry"
193354,RES-2026-3542,physical_registry,,"Registry 2 - Land"
193355,CON-COM-2024-329,general_registry,"Land  Registry","Lands Registry"
193356,CON-COM-2026-622,registry,,3
193356,CON-COM-2026-622,general_registry,,"Lands Registry"
193356,CON-COM-2026-622,physical_registry,,"Registry 3 - Land"
193357,CON-COM-2024-495,general_registry,"Land  Registry","Lands Registry"
193358,CON-RES-2024-1423,general_registry,"Land  Registry","Lands Registry"
193359,RES-2002-7561,general_registry,"Land  Registry","Lands Registry"
193364,RES-2016-2647,general_registry,"Land  Registry","Lands Registry"
193365,RES-2009-6281,general_registry,"Land  Registry","Lands Registry"
193366,RES-2009-6282,general_registry,"Land  Registry","Lands Registry"
193367,RES-2022-3820,registry,,2
193367,RES-2022-3820,general_registry,"Land  Registry","Lands Registry"
193368,RES-2009-7907,general_registry,"Land  Registry","Lands Registry"
193369,RES-2009-7948,general_registry,"Land  Registry","Lands Registry"
193370,RES-2009-7773,general_registry,"Land  Registry","Lands Registry"
193371,RES-2009-7761,general_registry,"Land  Registry","Lands Registry"
193372,RES-2022-3819,general_registry,"Land  Registry","Lands Registry"
193373,RES-2009-7947,general_registry,"Land  Registry","Lands Registry"
193374,RES-2019-1073,general_registry,"Land  Registry","Lands Registry"
193375,RES-2008-7946,general_registry,"Land  Registry","Lands Registry"
193377,RES-2009-6297,general_registry,"Land  Registry","Lands Registry"
193378,RES-RC-2002-4468,general_registry,"Land  Registry","Lands Registry"
193379,RES-2022-737,general_registry,"Land  Registry","Lands Registry"
193380,RES-2009-5736,general_registry,"Land  Registry","Lands Registry"
193381,CON-RES-2021-354,general_registry,"Land  Registry","Lands Registry"
193382,RES-2022-3823,general_registry,"Land  Registry","Lands Registry"
193383,RES-2009-6295,general_registry,"Land  Registry","Lands Registry"
193385,RES-2009-6290,general_registry,"Land  Registry","Lands Registry"
193386,RES-2003-2386,general_registry,"Land  Registry","Lands Registry"
193388,CON-COM-2009-366,general_registry,"Land  Registry","Lands Registry"
193389,RES-2000-495,general_registry,"Land  Registry","Lands Registry"
193390,RES-2000-1036,general_registry,"Land  Registry","Lands Registry"
193391,CON-COM-2021-263,general_registry,"Land  Registry","Lands Registry"
193392,COM-2020-111,general_registry,"Land  Registry","Lands Registry"
193393,RES-2009-5470,general_registry,"Land  Registry","Lands Registry"
193394,CON-RES-2022-692,general_registry,"Land  Registry","Lands Registry"
193395,CON-COM-2021-266,general_registry,"Land  Registry","Lands Registry"
193396,CON-COM-2023-507,general_registry,"Land  Registry","Lands Registry"
193397,RES-2008-4028,general_registry,"Land  Registry","Lands Registry"
193398,RES-2006-992,general_registry,"Land  Registry","Lands Registry"
193400,RES-2000-5138(T),general_registry,"Land  Registry","Lands Registry"
193401,RES-2008-2465,general_registry,"Land  Registry","Lands Registry"
193402,CON-COM-2021-264,general_registry,"Land  Registry","Lands Registry"
193403,RES-2023-6810,registry,,2
193403,RES-2023-6810,general_registry,"Land  Registry","Lands Registry"
193405,RES-2008-75,general_registry,"Land  Registry","Lands Registry"
193406,CON-COM-2024-756,general_registry,"Land  Registry","Lands Registry"
193407,RES-2000-1400(T),general_registry,"Land  Registry","Lands Registry"
193408,RES-2021-1698,general_registry,"Land  Registry","Lands Registry"
193409,CON-COM-2023-91,general_registry,"Land  Registry","Lands Registry"
193410,RES-2008-3264,general_registry,"Land  Registry","Lands Registry"
193411,RES-2009-1469,general_registry,"Land  Registry","Lands Registry"
193412,RES-2007-373,general_registry,"Land  Registry","Lands Registry"
193413,CON-COM-2019-159,general_registry,"Land  Registry","Lands Registry"
193414,CON-COM-2024-757,general_registry,"Land  Registry","Lands Registry"
193415,COM-2011-242,registry,,1
193415,COM-2011-242,general_registry,"Land  Registry","Lands Registry"
193416,COM-2025-3268,general_registry,"Land  Registry","Lands Registry"
193417,RES-2016-3567,general_registry,"Land  Registry","Lands Registry"
193418,COM-2023-20,general_registry,"Land  Registry","Lands Registry"
193419,RES-2008-2370,general_registry,"Land  Registry","Lands Registry"
193420,RES-2002-5946,general_registry,"Land  Registry","Lands Registry"
193422,RES-2007-244,general_registry,"Land  Registry","Lands Registry"
193423,CON-IND-2025-12,general_registry,"Land  Registry","Lands Registry"
193424,RES-2008-5943,general_registry,"Land  Registry","Lands Registry"
193425,CON-AG-2022-87,general_registry,"Land  Registry","Lands Registry"
193426,RES-2004-553,general_registry,"Land  Registry","Lands Registry"
193427,RES-1992-3817,general_registry,"Land  Registry","Lands Registry"
193428,CON-COM-2024-566,general_registry,"Land  Registry","Lands Registry"
193429,RES-2002-5958,general_registry,"Land  Registry","Lands Registry"
193431,RES-2006-796,general_registry,"Land  Registry","Lands Registry"
193432,COM-2023-306,general_registry,"Land  Registry","Lands Registry"
193433,CON-RES-2024-18,general_registry,"Land  Registry","Lands Registry"
193434,RES-2002-1814,general_registry,"Land  Registry","Lands Registry"
193435,COM-2011-244,general_registry,"Land  Registry","Lands Registry"
193436,RES-2001-3021,registry,,2
193436,RES-2001-3021,general_registry,"Land  Registry","Lands Registry"
193437,RES-1993-4428,general_registry,"Land  Registry","Lands Registry"
193439,RES-2023-6811,general_registry,"Land  Registry","Lands Registry"
193440,RES-1997-1250,general_registry,"Land  Registry","Lands Registry"
193441,RES-2006-795,general_registry,"Land  Registry","Lands Registry"
193444,RES-2005-338,general_registry,"Land  Registry","Lands Registry"
193446,RES-1992-2804,general_registry,"Land  Registry","Lands Registry"
193447,RES-1993-6311,general_registry,"Land  Registry","Lands Registry"
193449,COM-2011-241,general_registry,"Land  Registry","Lands Registry"
193450,RES-2005-478,registry,,2
193450,RES-2005-478,general_registry,"Land  Registry","Lands Registry"
193451,CON-RES-2021-555,general_registry,"Land  Registry","Lands Registry"
193452,RES-1990-2044(T),general_registry,"Land  Registry","Lands Registry"
193453,RES-1995-2857,general_registry,"Land  Registry","Lands Registry"
193455,CON-COM-2023-522,general_registry,"Land  Registry","Lands Registry"
193458,RES-2008-2386,registry,,2
193458,RES-2008-2386,general_registry,"Land  Registry","Lands Registry"
193459,RES-1995-1327,general_registry,"Land  Registry","Lands Registry"
193462,COM-2023-408,general_registry,"Land  Registry","Lands Registry"
193463,COM-2023-548,general_registry,"Land  Registry","Lands Registry"
193464,COM-2023-549,general_registry,"Land  Registry","Lands Registry"
193465,COM-2023-550,general_registry,"Land  Registry","Lands Registry"
193466,RES-2009-744,general_registry,"Land  Registry","Lands Registry"
193467,RES-2009-2625,general_registry,"Land  Registry","Lands Registry"
193468,COM-2023-541,general_registry,"Land  Registry","Lands Registry"
193469,COM-2023-547,general_registry,"Land  Registry","Lands Registry"
193470,RES-2009-1631,general_registry,"Land  Registry","Lands Registry"
193471,COM-2023-536,general_registry,"Land  Registry","Lands Registry"
193472,COM-2023-542,general_registry,"Land  Registry","Lands Registry"
193473,RES-2010-4397,general_registry,"Land  Registry","Lands Registry"
193474,COM-2023-543,general_registry,"Land  Registry","Lands Registry"
193475,COM-2023-539,general_registry,"Land  Registry","Lands Registry"
193476,COM-2023-544,general_registry,"Land  Registry","Lands Registry"
193477,COM-2023-540,general_registry,"Land  Registry","Lands Registry"
193478,RES-2010-4396,general_registry,"Land  Registry","Lands Registry"
193479,COM-2023-545,general_registry,"Land  Registry","Lands Registry"
193480,RES-2009-4013,general_registry,"Land  Registry","Lands Registry"
193481,COM-2023-535,general_registry,"Land  Registry","Lands Registry"
193482,RES-2008-2997,general_registry,"Land  Registry","Lands Registry"
193483,COM-2023-546,general_registry,"Land  Registry","Lands Registry"
193484,RES-2009-4015,general_registry,"Land  Registry","Lands Registry"
193486,COM-2022-461,general_registry,"Land  Registry","Lands Registry"
193487,RES-2016-1273,general_registry,"Land  Registry","Lands Registry"
193488,COM-2022-460,general_registry,"Land  Registry","Lands Registry"
193489,COM-2023-538,general_registry,"Land  Registry","Lands Registry"
193490,COM-2022-456,general_registry,"Land  Registry","Lands Registry"
193491,COM-2023-537,general_registry,"Land  Registry","Lands Registry"
193492,RES-2003-1329,general_registry,"Land  Registry","Lands Registry"
193494,RES-2026-3543,registry,,2
193494,RES-2026-3543,general_registry,,"Lands Registry"
193494,RES-2026-3543,physical_registry,,"Registry 2 - Land"
193495,RES-2009-258,general_registry,"Land  Registry","Lands Registry"
193497,RES-2009-2483,general_registry,"Land  Registry","Lands Registry"
193498,RES-2009-260,general_registry,"Land  Registry","Lands Registry"
193499,CON-RES-2025-5921,general_registry,"Land  Registry","Lands Registry"
193500,RES-2009-1287,general_registry,"Land  Registry","Lands Registry"
193501,COM-RC-1982-349,general_registry,"Land  Registry","Lands Registry"
193502,RES-2009-259,general_registry,"Land  Registry","Lands Registry"
193503,CON-AG-2025-173,general_registry,"Land  Registry","Lands Registry"
193504,RES-2009-261,registry,,2
193504,RES-2009-261,general_registry,"Land  Registry","Lands Registry"
193505,COM-1998-7(T),registry,,1
193505,COM-1998-7(T),general_registry,"Land  Registry","Lands Registry"
193506,CON-RES-1982-622,general_registry,"Land  Registry","Lands Registry"
193507,RES-2009-2484,general_registry,"Land  Registry","Lands Registry"
193508,CON-AG-2025-174,general_registry,"Land  Registry","Lands Registry"
193509,RES-2009-1288,general_registry,"Land  Registry","Lands Registry"
193511,CON-COM-2009-390,general_registry,"Land  Registry","Lands Registry"
193512,RES-2025-4265,registry,,2
193512,RES-2025-4265,general_registry,"Land  Registry","Lands Registry"
193513,RES-2009-2485,general_registry,"Land  Registry","Lands Registry"
193515,RES-2009-1291,general_registry,"Land  Registry","Lands Registry"
193516,RES-2009-266,general_registry,"Land  Registry","Lands Registry"
193517,CON-RES-2025-48,general_registry,"Land  Registry","Lands Registry"
193518,RES-2025-4266,general_registry,"Land  Registry","Lands Registry"
193519,CON-COM-2009-389,general_registry,"Land  Registry","Lands Registry"
193520,RES-2009-267,general_registry,"Land  Registry","Lands Registry"
193521,RES-2009-1286,general_registry,"Land  Registry","Lands Registry"
193522,RES-2009-268,general_registry,"Land  Registry","Lands Registry"
193523,RES-2009-262,general_registry,"Land  Registry","Lands Registry"
193524,COM-2002-228,general_registry,"Land  Registry","Lands Registry"
193526,RES-2009-2486,general_registry,"Land  Registry","Lands Registry"
193527,RES-2009-1276,general_registry,"Land  Registry","Lands Registry"
193528,RES-2025-3362,general_registry,"Land  Registry","Lands Registry"
193529,CON-COM-2025-265,general_registry,"Land  Registry","Lands Registry"
193530,RES-2009-263,general_registry,"Land  Registry","Lands Registry"
193532,CON-COM-2006-64,general_registry,"Land  Registry","Lands Registry"
193533,RES-1993-2166,general_registry,"Land  Registry","Lands Registry"
193534,RES-2009-291,general_registry,"Land  Registry","Lands Registry"
193535,RES-2009-1282,general_registry,"Land  Registry","Lands Registry"
193537,RES-2009-2487,general_registry,"Land  Registry","Lands Registry"
193538,CON-RES-1982-618,general_registry,"Land  Registry","Lands Registry"
193539,RES-2009-227,general_registry,"Land  Registry","Lands Registry"
193540,COM-1995-178,general_registry,"Land  Registry","Lands Registry"
193542,RES-2009-1256,general_registry,"Land  Registry","Lands Registry"
193543,CON-COM-2020-393,general_registry,"Land  Registry","Lands Registry"
193544,CON-COM-2025-325,general_registry,"Land  Registry","Lands Registry"
193545,RES-2009-228,general_registry,"Land  Registry","Lands Registry"
193548,RES-2009-229,general_registry,"Land  Registry","Lands Registry"
193549,RES-2009-1260,general_registry,"Land  Registry","Lands Registry"
193550,RES-2009-264,general_registry,"Land  Registry","Lands Registry"
193551,RES-2009-2002,general_registry,"Land  Registry","Lands Registry"
193553,RES-2009-2461,general_registry,"Land  Registry","Lands Registry"
193554,RES-2009-2516,general_registry,"Land  Registry","Lands Registry"
193555,RES-2009-2003,general_registry,"Land  Registry","Lands Registry"
193556,RES-2009-1261,general_registry,"Land  Registry","Lands Registry"
193557,RES-2009-2004,registry,,2
193557,RES-2009-2004,general_registry,"Land  Registry","Lands Registry"
193559,RES-2009-5412,general_registry,"Land  Registry","Lands Registry"
193560,RES-2009-2006,registry,,2
193560,RES-2009-2006,general_registry,"Land  Registry","Lands Registry"
193561,RES-2009-5413,general_registry,"Land  Registry","Lands Registry"
193562,CON-COM-2022-355,general_registry,"Land  Registry","Lands Registry"
193563,RES-2009-2462,general_registry,"Land  Registry","Lands Registry"
193564,RES-2009-1267,general_registry,"Land  Registry","Lands Registry"
193565,RES-2001-519,general_registry,"Land  Registry","Lands Registry"
193566,RES-2009-5414,general_registry,"Land  Registry","Lands Registry"
193567,RES-2009-2108,general_registry,"Land  Registry","Lands Registry"
193568,RES-2009-5415,general_registry,"Land  Registry","Lands Registry"
193569,RES-2011-1596,general_registry,"Land  Registry","Lands Registry"
193570,CON-COM-2020-174,general_registry,"Land  Registry","Lands Registry"
193572,RES-2009-1269,general_registry,"Land  Registry","Lands Registry"
193573,RES-2009-5416,general_registry,"Land  Registry","Lands Registry"
193574,RES-2009-2463,general_registry,"Land  Registry","Lands Registry"
193575,RES-2009-2005,general_registry,"Land  Registry","Lands Registry"
193576,CON-COM-2020-392,general_registry,"Land  Registry","Lands Registry"
193578,RES-2009-2007,general_registry,"Land  Registry","Lands Registry"
193579,RES-2009-2107,general_registry,"Land  Registry","Lands Registry"
193580,RES-2009-5417,general_registry,"Land  Registry","Lands Registry"
193583,RES-2009-1272,general_registry,"Land  Registry","Lands Registry"
193584,RES-2009-2008,general_registry,"Land  Registry","Lands Registry"
193585,RES-2012-3297,general_registry,"Land  Registry","Lands Registry"
193586,RES-2009-5418,general_registry,"Land  Registry","Lands Registry"
193587,RES-2009-2465,general_registry,"Land  Registry","Lands Registry"
193588,RES-2009-5421,general_registry,"Land  Registry","Lands Registry"
193589,RES-2009-2009,general_registry,"Land  Registry","Lands Registry"
193590,RES-2009-1273,general_registry,"Land  Registry","Lands Registry"
193591,RES-2009-2010,general_registry,"Land  Registry","Lands Registry"
193592,RES-2009-5419,general_registry,"Land  Registry","Lands Registry"
193593,RES-2009-5422,general_registry,"Land  Registry","Lands Registry"
193594,RES-2009-2011,general_registry,"Land  Registry","Lands Registry"
193595,RES-2009-5420,general_registry,"Land  Registry","Lands Registry"
193596,RES-2009-5423,general_registry,"Land  Registry","Lands Registry"
193598,RES-2009-1274,general_registry,"Land  Registry","Lands Registry"
193599,CON-RES-2024-1122,general_registry,"Land  Registry","Lands Registry"
193600,RES-2009-2466,general_registry,"Land  Registry","Lands Registry"
193603,RES-2009-5424,general_registry,"Land  Registry","Lands Registry"
193605,RES-1993-8490,registry,,2
193605,RES-1993-8490,general_registry,"Land  Registry","Lands Registry"
193606,RES-2009-2467,general_registry,"Land  Registry","Lands Registry"
193607,RES-2009-1277,general_registry,"Land  Registry","Lands Registry"
193608,RES-2001-4277,general_registry,"Land  Registry","Lands Registry"
193609,RES-2009-5425,general_registry,"Land  Registry","Lands Registry"
193611,RES-2016-2645,general_registry,"Land  Registry","Lands Registry"
193612,RES-2009-5426,general_registry,"Land  Registry","Lands Registry"
193613,RES-2009-5430,general_registry,"Land  Registry","Lands Registry"
193614,RES-2000-571,general_registry,"Land  Registry","Lands Registry"
193615,RES-2009-2468,general_registry,"Land  Registry","Lands Registry"
193616,CON-IND-2024-73,registry,,3
193616,CON-IND-2024-73,general_registry,"Land  Registry","Lands Registry"
193617,CON-RES-2012-22,general_registry,"Land  Registry","Lands Registry"
193618,RES-2009-5427,general_registry,"Land  Registry","Lands Registry"
193619,RES-2009-1232,general_registry,"Land  Registry","Lands Registry"
193620,CON-RES-2012-488,general_registry,"Land  Registry","Lands Registry"
193621,RES-1990-116,general_registry,"Land  Registry","Lands Registry"
193622,RES-2009-5428,general_registry,"Land  Registry","Lands Registry"
193623,RES-2009-1236,general_registry,"Land  Registry","Lands Registry"
193624,RES-2009-5431,general_registry,"Land  Registry","Lands Registry"
193626,RES-2009-2469,general_registry,"Land  Registry","Lands Registry"
193627,CON-IND-2024-80,general_registry,"Land  Registry","Lands Registry"
193628,RES-2001-4282,general_registry,"Land  Registry","Lands Registry"
193630,RES-2016-2643,general_registry,"Land  Registry","Lands Registry"
193633,RES-2009-1224,general_registry,"Land  Registry","Lands Registry"
193636,RES-2009-1225,general_registry,"Land  Registry","Lands Registry"
193637,RES-2009-1233,general_registry,"Land  Registry","Lands Registry"
193638,RES-2009-5429,general_registry,"Land  Registry","Lands Registry"
193640,RES-1993-2734,general_registry,"Land  Registry","Lands Registry"
193642,RES-1991-8402,general_registry,"Land  Registry","Lands Registry"
193643,RES-2009-5433,general_registry,"Land  Registry","Lands Registry"
193644,RES-2009-1297,general_registry,"Land  Registry","Lands Registry"
193645,RES-2009-1227,general_registry,"Land  Registry","Lands Registry"
193646,RES-2016-2642,general_registry,"Land  Registry","Lands Registry"
193647,RES-2009-1228,registry,,2
193647,RES-2009-1228,general_registry,"Land  Registry","Lands Registry"
193649,CON-RES-2013-165,registry,,3
193649,CON-RES-2013-165,general_registry,"Land  Registry","Lands Registry"
193650,RES-2009-241,general_registry,"Land  Registry","Lands Registry"
193651,RES-2009-5434,general_registry,"Land  Registry","Lands Registry"
193652,RES-2009-5432,general_registry,"Land  Registry","Lands Registry"
193653,RES-2017-3424,general_registry,"Land  Registry","Lands Registry"
193654,RES-2009-1214,general_registry,"Land  Registry","Lands Registry"
193655,RES-2009-1229,general_registry,"Land  Registry","Lands Registry"
193656,RES-2009-5435,general_registry,"Land  Registry","Lands Registry"
193658,RES-2009-5439,general_registry,"Land  Registry","Lands Registry"
193659,RES-2009-5436,general_registry,"Land  Registry","Lands Registry"
193660,RES-2009-1296,general_registry,"Land  Registry","Lands Registry"
193661,RES-2009-2069,general_registry,"Land  Registry","Lands Registry"
193662,RES-2009-5441,general_registry,"Land  Registry","Lands Registry"
193663,RES-2009-5437,general_registry,"Land  Registry","Lands Registry"
193665,RES-2009-5438,general_registry,"Land  Registry","Lands Registry"
193666,RES-2009-1249,general_registry,"Land  Registry","Lands Registry"
193667,RES-2009-5440,general_registry,"Land  Registry","Lands Registry"
193669,RES-1991-8374,general_registry,"Land  Registry","Lands Registry"
193670,RES-2005-1315,general_registry,"Land  Registry","Lands Registry"
193671,RES-2009-5443,general_registry,"Land  Registry","Lands Registry"
193672,RES-2009-2071,general_registry,"Land  Registry","Lands Registry"
193673,RES-2009-1292,general_registry,"Land  Registry","Lands Registry"
193676,RES-2009-1757,general_registry,"Land  Registry","Lands Registry"
193677,RES-2009-2012,general_registry,"Land  Registry","Lands Registry"
193679,RES-2009-2013,general_registry,"Land  Registry","Lands Registry"
193680,RES-2009-1293,general_registry,"Land  Registry","Lands Registry"
193681,RES-2009-1235,general_registry,"Land  Registry","Lands Registry"
193682,RES-2009-1215,general_registry,"Land  Registry","Lands Registry"
193683,RES-2009-2014,general_registry,"Land  Registry","Lands Registry"
193684,RES-2009-2042,general_registry,"Land  Registry","Lands Registry"
193685,RES-2000-2401,general_registry,"Land  Registry","Lands Registry"
193686,RES-2009-2016,general_registry,"Land  Registry","Lands Registry"
193687,RES-1985-2005,general_registry,"Land  Registry","Lands Registry"
193688,RES-2009-1217,general_registry,"Land  Registry","Lands Registry"
193689,RES-2009-2017,general_registry,"Land  Registry","Lands Registry"
193690,RES-2009-1280,general_registry,"Land  Registry","Lands Registry"
193694,RES-2009-2018,general_registry,"Land  Registry","Lands Registry"
193695,RES-2009-2053,general_registry,"Land  Registry","Lands Registry"
193696,RES-2009-1218,general_registry,"Land  Registry","Lands Registry"
193697,RES-2009-1283,general_registry,"Land  Registry","Lands Registry"
193698,RES-2009-2057,registry,,2
193698,RES-2009-2057,general_registry,"Land  Registry","Lands Registry"
193699,RES-2009-213,general_registry,"Land  Registry","Lands Registry"
193700,RES-1981-1039,general_registry,"Land  Registry","Lands Registry"
193701,RES-2009-1268,general_registry,"Land  Registry","Lands Registry"
193702,RES-2009-2052,general_registry,"Land  Registry","Lands Registry"
193706,RES-2009-1758,general_registry,"Land  Registry","Lands Registry"
193707,RES-2009-2054,general_registry,"Land  Registry","Lands Registry"
193708,RES-2009-1219,general_registry,"Land  Registry","Lands Registry"
193709,RES-2009-1759,general_registry,"Land  Registry","Lands Registry"
193710,RES-RC-1985-86,general_registry,"Land  Registry","Lands Registry"
193711,RES-2009-2055,general_registry,"Land  Registry","Lands Registry"
193712,RES-2009-770,general_registry,"Land  Registry","Lands Registry"
193713,RES-2009-1250,general_registry,"Land  Registry","Lands Registry"
193714,RES-2009-2001,general_registry,"Land  Registry","Lands Registry"
193715,RES-2009-1748,general_registry,"Land  Registry","Lands Registry"
193716,RES-2009-1753,general_registry,"Land  Registry","Lands Registry"
193717,RES-2009-1255,general_registry,"Land  Registry","Lands Registry"
193718,RES-2009-2058,general_registry,"Land  Registry","Lands Registry"
193719,RES-2009-1257,general_registry,"Land  Registry","Lands Registry"
193720,RES-2009-1754,general_registry,"Land  Registry","Lands Registry"
193721,RES-2009-1749,general_registry,"Land  Registry","Lands Registry"
193722,RES-2009-1204,general_registry,"Land  Registry","Lands Registry"
193723,RES-2009-1774,general_registry,"Land  Registry","Lands Registry"
193724,RES-2009-1750,general_registry,"Land  Registry","Lands Registry"
193725,RES-2009-2062,general_registry,"Land  Registry","Lands Registry"
193727,RES-2009-1264,general_registry,"Land  Registry","Lands Registry"
193729,RES-1995-2728,general_registry,"Land  Registry","Lands Registry"
193730,RES-2026-3544,registry,,2
193730,RES-2026-3544,general_registry,,"Lands Registry"
193730,RES-2026-3544,physical_registry,,"Registry 2 - Land"
193731,RES-2009-1751,general_registry,"Land  Registry","Lands Registry"
193732,RES-2009-1205,general_registry,"Land  Registry","Lands Registry"
193733,RES-2009-1760,general_registry,"Land  Registry","Lands Registry"
193734,RES-2009-2061,general_registry,"Land  Registry","Lands Registry"
193735,RES-2009-1761,general_registry,"Land  Registry","Lands Registry"
193737,CON-COM-2026-623,registry,,3
193737,CON-COM-2026-623,general_registry,,"Lands Registry"
193737,CON-COM-2026-623,physical_registry,,"Registry 3 - Land"
193738,CON-RES-2012-151,general_registry,"Land  Registry","Lands Registry"
193740,RES-2009-1747,general_registry,"Land  Registry","Lands Registry"
193741,RES-2009-1762,general_registry,"Land  Registry","Lands Registry"
193742,RES-2009-2063,general_registry,"Land  Registry","Lands Registry"
193743,RES-2009-1251,general_registry,"Land  Registry","Lands Registry"
193744,RES-2009-2470,general_registry,"Land  Registry","Lands Registry"
193745,RES-2009-1206,general_registry,"Land  Registry","Lands Registry"
193747,RES-2009-1769,general_registry,"Land  Registry","Lands Registry"
193748,RES-2009-1752,general_registry,"Land  Registry","Lands Registry"
193749,RES-2009-1254,general_registry,"Land  Registry","Lands Registry"
193751,RES-2024-5734,general_registry,"Land  Registry","Lands Registry"
193752,RES-2009-2065,general_registry,"Land  Registry","Lands Registry"
193753,RES-2009-1770,general_registry,"Land  Registry","Lands Registry"
193754,RES-2009-2067,general_registry,"Land  Registry","Lands Registry"
193755,RES-2009-1771,general_registry,"Land  Registry","Lands Registry"
193756,RES-2009-2471,general_registry,"Land  Registry","Lands Registry"
193757,RES-2009-1775,general_registry,"Land  Registry","Lands Registry"
193758,RES-2009-1207,general_registry,"Land  Registry","Lands Registry"
193759,CON-RES-2024-233,general_registry,"Land  Registry","Lands Registry"
193761,RES-2009-2066,general_registry,"Land  Registry","Lands Registry"
193762,RES-2026-3545,registry,,2
193762,RES-2026-3545,general_registry,,"Lands Registry"
193762,RES-2026-3545,physical_registry,,"Registry 2 - Land"
193764,RES-2015-1129,general_registry,"Land  Registry","Lands Registry"
193765,RES-2015-6029,general_registry,"Land  Registry","Lands Registry"
193766,RES-2015-1162,general_registry,"Land  Registry","Lands Registry"
193768,RES-2025-6236,general_registry,"Land  Registry","Lands Registry"
193770,RES-2015-1350,general_registry,"Land  Registry","Lands Registry"
193782,RES-2009-2068,general_registry,"Land  Registry","Lands Registry"
193783,RES-2009-1776,general_registry,"Land  Registry","Lands Registry"
193785,RES-2009-1777,general_registry,"Land  Registry","Lands Registry"
193786,CON-RES-2025-966,general_registry,"Land  Registry","Lands Registry"
193787,RES-2009-6559,general_registry,"Land  Registry","Lands Registry"
193788,RES-1981-1669(T),general_registry,"Land  Registry","Lands Registry"
193789,RES-2009-6545,general_registry,"Land  Registry","Lands Registry"
193790,RES-2009-2472,general_registry,"Land  Registry","Lands Registry"
193791,RES-2009-6546,general_registry,"Land  Registry","Lands Registry"
193793,RES-2009-6544,general_registry,"Land  Registry","Lands Registry"
193795,RES-2009-6543,general_registry,"Land  Registry","Lands Registry"
193796,RES-2009-2074,general_registry,"Land  Registry","Lands Registry"
193797,RES-2009-6541,general_registry,"Land  Registry","Lands Registry"
193798,RES-2009-2473,general_registry,"Land  Registry","Lands Registry"
193799,RES-2009-6540,general_registry,"Land  Registry","Lands Registry"
193800,CON-RES-2026-2915,registry,,3
193800,CON-RES-2026-2915,general_registry,,"Lands Registry"
193800,CON-RES-2026-2915,physical_registry,,"Registry 3 - Land"
193801,RES-2009-6542,general_registry,"Land  Registry","Lands Registry"
193802,RES-2009-2075,general_registry,"Land  Registry","Lands Registry"
193803,RES-1989-2551,general_registry,"Land  Registry","Lands Registry"
193804,RES-2009-1216,general_registry,"Land  Registry","Lands Registry"
193805,RES-2009-6558,general_registry,"Land  Registry","Lands Registry"
193806,CON-IND-2026-802,registry,,3
193806,CON-IND-2026-802,general_registry,,"Lands Registry"
193806,CON-IND-2026-802,physical_registry,,"Registry 3 - Land"
193807,RES-2009-6551,general_registry,"Land  Registry","Lands Registry"
193808,RES-2009-3876,general_registry,"Land  Registry","Lands Registry"
193809,RES-2009-6572,general_registry,"Land  Registry","Lands Registry"
193810,RES-2009-2078,registry,,2
193810,RES-2009-2078,general_registry,"Land  Registry","Lands Registry"
193812,RES-2009-3859,general_registry,"Land  Registry","Lands Registry"
193813,RES-2009-2474,general_registry,"Land  Registry","Lands Registry"
193814,RES-2009-6573,general_registry,"Land  Registry","Lands Registry"
193815,RES-2009-2077,general_registry,"Land  Registry","Lands Registry"
193817,CON-COM-2011-312,general_registry,"Land  Registry","Lands Registry"
193818,RES-2009-3861,general_registry,"Land  Registry","Lands Registry"
193819,RES-2009-1209,general_registry,"Land  Registry","Lands Registry"
193820,RES-2009-3862,general_registry,"Land  Registry","Lands Registry"
193821,RES-2009-2475,general_registry,"Land  Registry","Lands Registry"
193822,RES-2009-2081,general_registry,"Land  Registry","Lands Registry"
193823,CON-COM-2026-624,registry,,3
193823,CON-COM-2026-624,general_registry,,"Lands Registry"
193823,CON-COM-2026-624,physical_registry,,"Registry 3 - Land"
193824,RES-2009-3860,general_registry,"Land  Registry","Lands Registry"
193827,RES-2009-3863,general_registry,"Land  Registry","Lands Registry"
193828,CON-COM-2011-347,general_registry,"Land  Registry","Lands Registry"
193829,RES-2009-2082,general_registry,"Land  Registry","Lands Registry"
193831,RES-2009-1210,general_registry,"Land  Registry","Lands Registry"
193832,RES-2009-3864,general_registry,"Land  Registry","Lands Registry"
193833,RES-2016-2649,general_registry,"Land  Registry","Lands Registry"
193834,CON-COM-2026-625,registry,,3
193834,CON-COM-2026-625,general_registry,,"Lands Registry"
193834,CON-COM-2026-625,physical_registry,,"Registry 3 - Land"
193835,RES-2008-2663,registry,,2
193835,RES-2008-2663,general_registry,"Land  Registry","Lands Registry"
193837,RES-2009-2083,general_registry,"Land  Registry","Lands Registry"
193839,RES-2009-2242,general_registry,"Land  Registry","Lands Registry"
193840,RES-2009-2476,general_registry,"Land  Registry","Lands Registry"
193841,RES-2016-3303,general_registry,"Land  Registry","Lands Registry"
193842,RES-2023-211,general_registry,"Land  Registry","Lands Registry"
193843,RES-2009-2019,general_registry,"Land  Registry","Lands Registry"
193845,RES-2009-1211,general_registry,"Land  Registry","Lands Registry"
193846,CON-COM-2026-626,registry,,3
193846,CON-COM-2026-626,general_registry,,"Lands Registry"
193846,CON-COM-2026-626,physical_registry,,"Registry 3 - Land"
193847,RES-2009-7346,general_registry,"Land  Registry","Lands Registry"
193849,RES-2009-2020,general_registry,"Land  Registry","Lands Registry"
193850,RES-RC-1981-93,general_registry,"Land  Registry","Lands Registry"
193851,RES-2009-2084,general_registry,"Land  Registry","Lands Registry"
193852,RES-2009-2464,general_registry,"Land  Registry","Lands Registry"
193853,RES-RC-1982-167,general_registry,"Land  Registry","Lands Registry"
193854,RES-2009-2024,general_registry,"Land  Registry","Lands Registry"
193855,CON-RES-2011-2179,general_registry,"Land  Registry","Lands Registry"
193857,RES-2009-5219,general_registry,"Land  Registry","Lands Registry"
193858,RES-2009-2085,general_registry,"Land  Registry","Lands Registry"
193859,RES-2009-2025,general_registry,"Land  Registry","Lands Registry"
193860,RES-2015-2865,general_registry,"Land  Registry","Lands Registry"
193861,RES-2015-4040,general_registry,"Land  Registry","Lands Registry"
193862,COM-2023-521,general_registry,"Land  Registry","Lands Registry"
193864,RES-2009-2026,general_registry,"Land  Registry","Lands Registry"
193866,RES-2009-2086,general_registry,"Land  Registry","Lands Registry"
193868,RES-2009-2413,general_registry,"Land  Registry","Lands Registry"
193870,RES-2009-2027,general_registry,"Land  Registry","Lands Registry"
193872,CON-RES-2014-356,general_registry,"Land  Registry","Lands Registry"
193874,CON-RES-2022-311,general_registry,"Land  Registry","Lands Registry"
193875,RES-2009-2087,general_registry,"Land  Registry","Lands Registry"
193876,RES-2009-2028,general_registry,"Land  Registry","Lands Registry"
193878,RES-2009-1201,general_registry,"Land  Registry","Lands Registry"
193879,RES-RC-1990-16,general_registry,"Land  Registry","Lands Registry"
193880,RES-2009-2032,general_registry,"Land  Registry","Lands Registry"
193881,RES-2009-2088,general_registry,"Land  Registry","Lands Registry"
193882,RES-2007-2443,general_registry,"Land  Registry","Lands Registry"
193883,RES-2000-1386,general_registry,"Land  Registry","Lands Registry"
193884,RES-2009-5220,general_registry,"Land  Registry","Lands Registry"
193885,RES-2015-3183,general_registry,"Land  Registry","Lands Registry"
193886,RES-2009-2033,general_registry,"Land  Registry","Lands Registry"
193888,RES-2009-5222,general_registry,"Land  Registry","Lands Registry"
193889,CON-RES-2022-269,general_registry,"Land  Registry","Lands Registry"
193890,RES-2009-5221,general_registry,"Land  Registry","Lands Registry"
193891,RES-2009-2400,general_registry,"Land  Registry","Lands Registry"
193892,RES-2009-2090,general_registry,"Land  Registry","Lands Registry"
193895,RES-2006-50,general_registry,"Land  Registry","Lands Registry"
193896,RES-2009-8162,general_registry,"Land  Registry","Lands Registry"
193899,RES-2009-1294,general_registry,"Land  Registry","Lands Registry"
193900,RES-1991-805,general_registry,"Land  Registry","Lands Registry"
193901,RES-2009-2034,general_registry,"Land  Registry","Lands Registry"
193903,RES-2009-1295,general_registry,"Land  Registry","Lands Registry"
193904,RES-2009-1202,registry,,2
193904,RES-2009-1202,general_registry,"Land  Registry","Lands Registry"
193905,RES-2009-2036,general_registry,"Land  Registry","Lands Registry"
193907,RES-2009-8185,general_registry,"Land  Registry","Lands Registry"
193908,RES-2009-2488,general_registry,"Land  Registry","Lands Registry"
193910,RES-2009-2037,general_registry,"Land  Registry","Lands Registry"
193911,RES-2022-947,registry,,2
193911,RES-2022-947,general_registry,"Land  Registry","Lands Registry"
193912,RES-2009-1299,general_registry,"Land  Registry","Lands Registry"
193913,RES-2009-2038,general_registry,"Land  Registry","Lands Registry"
193914,RES-2009-2039,general_registry,"Land  Registry","Lands Registry"
193915,RES-2009-2091,general_registry,"Land  Registry","Lands Registry"
193916,RES-2000-2698,general_registry,"Land  Registry","Lands Registry"
193918,RES-2009-2040,general_registry,"Land  Registry","Lands Registry"
193919,RES-2016-3644,general_registry,"Land  Registry","Lands Registry"
193920,RES-2023-6040,general_registry,"Land  Registry","Lands Registry"
193922,RES-2009-2021,general_registry,"Land  Registry","Lands Registry"
193923,RES-2009-1284,general_registry,"Land  Registry","Lands Registry"
193924,RES-2009-2022,general_registry,"Land  Registry","Lands Registry"
193925,RES-2022-949,registry,,2
193925,RES-2022-949,general_registry,"Land  Registry","Lands Registry"
193926,RES-2022-948,general_registry,"Land  Registry","Lands Registry"
193928,RES-2009-2023,general_registry,"Land  Registry","Lands Registry"
193929,RES-2009-1285,general_registry,"Land  Registry","Lands Registry"
193936,RES-2009-5223,general_registry,"Land  Registry","Lands Registry"
193938,RES-2009-1238,general_registry,"Land  Registry","Lands Registry"
193939,RES-RC-1985-105,general_registry,"Land  Registry","Lands Registry"
193940,RES-2009-719,general_registry,"Land  Registry","Lands Registry"
193941,RES-2009-1240,general_registry,"Land  Registry","Lands Registry"
193942,RES-2016-3245,general_registry,"Land  Registry","Lands Registry"
193943,RES-2009-718,general_registry,"Land  Registry","Lands Registry"
193944,RES-2009-1243,general_registry,"Land  Registry","Lands Registry"
193947,RES-2009-747,general_registry,"Land  Registry","Lands Registry"
193948,RES-2009-1244,general_registry,"Land  Registry","Lands Registry"
193949,RES-2009-754,general_registry,"Land  Registry","Lands Registry"
193952,RES-2009-1245,general_registry,"Land  Registry","Lands Registry"
193953,RES-2009-753,general_registry,"Land  Registry","Lands Registry"
193955,RES-2009-752,general_registry,"Land  Registry","Lands Registry"
193957,RES-2009-2092,general_registry,"Land  Registry","Lands Registry"
193959,RES-2009-795,general_registry,"Land  Registry","Lands Registry"
193960,RES-2026-3546,registry,,2
193960,RES-2026-3546,general_registry,,"Lands Registry"
193960,RES-2026-3546,physical_registry,,"Registry 2 - Land"
193961,RES-2009-2093,general_registry,"Land  Registry","Lands Registry"
193962,RES-2009-799,general_registry,"Land  Registry","Lands Registry"
193963,RES-2026-3547,registry,,2
193963,RES-2026-3547,general_registry,,"Lands Registry"
193963,RES-2026-3547,physical_registry,,"Registry 2 - Land"
193964,RES-2009-2490,general_registry,"Land  Registry","Lands Registry"
193965,RES-2009-767,general_registry,"Land  Registry","Lands Registry"
193966,RES-2009-2094,general_registry,"Land  Registry","Lands Registry"
193967,CON-COM-2026-627,registry,,3
193967,CON-COM-2026-627,general_registry,,"Lands Registry"
193967,CON-COM-2026-627,physical_registry,,"Registry 3 - Land"
193968,RES-2009-4576,general_registry,"Land  Registry","Lands Registry"
193969,RES-2009-5108,general_registry,"Land  Registry","Lands Registry"
193970,RES-2009-5109,general_registry,"Land  Registry","Lands Registry"
193971,RES-2009-2096,general_registry,"Land  Registry","Lands Registry"
193972,RES-2009-2097,general_registry,"Land  Registry","Lands Registry"
193973,RES-2026-3548,registry,,2
193973,RES-2026-3548,general_registry,,"Lands Registry"
193973,RES-2026-3548,physical_registry,,"Registry 2 - Land"
193974,RES-2016-2235,general_registry,"Land  Registry","Lands Registry"
193975,RES-2016-4661,general_registry,"Land  Registry","Lands Registry"
193976,RES-2026-3550,registry,,2
193976,RES-2026-3550,general_registry,,"Lands Registry"
193976,RES-2026-3550,physical_registry,,"Registry 2 - Land"
193977,RES-2026-3551,registry,,2
193977,RES-2026-3551,general_registry,,"Lands Registry"
193977,RES-2026-3551,physical_registry,,"Registry 2 - Land"
193978,RES-2026-3552,registry,,2
193978,RES-2026-3552,general_registry,,"Lands Registry"
193978,RES-2026-3552,physical_registry,,"Registry 2 - Land"
193980,RES-2001-2605,general_registry,"Land  Registry","Lands Registry"
193981,RES-2007-1117,general_registry,"Land  Registry","Lands Registry"
193982,RES-2009-2098,general_registry,"Land  Registry","Lands Registry"
193983,RES-2009-2099,general_registry,"Land  Registry","Lands Registry"
193984,RES-2009-2100,general_registry,"Land  Registry","Lands Registry"
193985,RES-2009-1709,general_registry,"Land  Registry","Lands Registry"
193986,RES-2009-7800,general_registry,"Land  Registry","Lands Registry"
193989,RES-2009-7749,general_registry,"Land  Registry","Lands Registry"
193990,RES-2021-1965,general_registry,"Land  Registry","Lands Registry"
193992,RES-2009-4580,general_registry,"Land  Registry","Lands Registry"
193994,RES-2009-7751,general_registry,"Land  Registry","Lands Registry"
193995,RES-2009-4578,general_registry,"Land  Registry","Lands Registry"
193996,RES-2009-7754,general_registry,"Land  Registry","Lands Registry"
193998,RES-2009-4505,general_registry,"Land  Registry","Lands Registry"
194000,RES-2009-4628,general_registry,"Land  Registry","Lands Registry"
194001,RES-1999-115,general_registry,"Land  Registry","Lands Registry"
194002,RES-2009-7755,general_registry,"Land  Registry","Lands Registry"
194003,RES-2009-7756,general_registry,"Land  Registry","Lands Registry"
194004,RES-2009-4504,general_registry,"Land  Registry","Lands Registry"
194005,RES-2009-1710,general_registry,"Land  Registry","Lands Registry"
194006,RES-2009-7758,general_registry,"Land  Registry","Lands Registry"
194007,RES-2009-4503,general_registry,"Land  Registry","Lands Registry"
194008,RES-2009-4626,general_registry,"Land  Registry","Lands Registry"
194009,RES-2009-7757,general_registry,"Land  Registry","Lands Registry"
194011,RES-2009-7799,general_registry,"Land  Registry","Lands Registry"
194012,RES-2009-5862,general_registry,"Land  Registry","Lands Registry"
194013,RES-2009-1711,general_registry,"Land  Registry","Lands Registry"
194014,RES-2009-4660,general_registry,"Land  Registry","Lands Registry"
194015,RES-2009-5861,general_registry,"Land  Registry","Lands Registry"
194016,RES-2009-7795,general_registry,"Land  Registry","Lands Registry"
194017,RES-2015-5581,general_registry,"Land  Registry","Lands Registry"
194018,RES-2009-7759,general_registry,"Land  Registry","Lands Registry"
194019,RES-2009-4516,general_registry,"Land  Registry","Lands Registry"
194020,RES-2009-5860,general_registry,"Land  Registry","Lands Registry"
194021,RES-2009-4659,general_registry,"Land  Registry","Lands Registry"
194022,RES-2009-1716,general_registry,"Land  Registry","Lands Registry"
194023,RES-2009-7798,general_registry,"Land  Registry","Lands Registry"
194026,RES-2015-5580,general_registry,"Land  Registry","Lands Registry"
194027,RES-2009-5857,general_registry,"Land  Registry","Lands Registry"
194028,RES-2009-7794,general_registry,"Land  Registry","Lands Registry"
194029,RES-2009-4515,general_registry,"Land  Registry","Lands Registry"
194030,RES-2009-2192,general_registry,"Land  Registry","Lands Registry"
194031,RES-2009-4625,general_registry,"Land  Registry","Lands Registry"
194032,RES-2009-7792,general_registry,"Land  Registry","Lands Registry"
194033,CON-COM-2000-10,general_registry,"Land  Registry","Lands Registry"
194034,RES-2009-5854,general_registry,"Land  Registry","Lands Registry"
194035,RES-2009-4514,general_registry,"Land  Registry","Lands Registry"
194037,RES-2009-7789,general_registry,"Land  Registry","Lands Registry"
194038,RES-2009-5835,general_registry,"Land  Registry","Lands Registry"
194039,RES-2009-4624,general_registry,"Land  Registry","Lands Registry"
194040,CON-COM-2016-302,general_registry,"Land  Registry","Lands Registry"
194042,RES-2009-2199,general_registry,"Land  Registry","Lands Registry"
194043,RES-2009-7730,registry,,2
194043,RES-2009-7730,general_registry,"Land  Registry","Lands Registry"
194044,RES-2009-4579,general_registry,"Land  Registry","Lands Registry"
194045,RES-2015-4008,general_registry,"Land  Registry","Lands Registry"
194046,RES-2009-5853,general_registry,"Land  Registry","Lands Registry"
194048,RES-2009-7836,general_registry,"Land  Registry","Lands Registry"
194050,RES-2009-5852,general_registry,"Land  Registry","Lands Registry"
194051,RES-2009-7729,general_registry,"Land  Registry","Lands Registry"
194052,RES-2009-2198,general_registry,"Land  Registry","Lands Registry"
194053,RES-2009-5151,general_registry,"Land  Registry","Lands Registry"
194054,RES-2009-4657,general_registry,"Land  Registry","Lands Registry"
194055,RES-2000-3416,registry,,2
194055,RES-2000-3416,general_registry,"Land  Registry","Lands Registry"
194056,COM-2010-355,general_registry,"Land  Registry","Lands Registry"
194057,RES-2009-5850,general_registry,"Land  Registry","Lands Registry"
194058,RES-2000-6771,general_registry,"Land  Registry","Lands Registry"
194059,RES-2009-7846,general_registry,"Land  Registry","Lands Registry"
194060,RES-2009-4550,general_registry,"Land  Registry","Lands Registry"
194061,RES-2022-6819,general_registry,"Land  Registry","Lands Registry"
194062,RES-2023-6039,general_registry,"Land  Registry","Lands Registry"
194063,RES-2009-4662,general_registry,"Land  Registry","Lands Registry"
194064,RES-2009-7745,general_registry,"Land  Registry","Lands Registry"
194065,RES-2009-5849,general_registry,"Land  Registry","Lands Registry"
194066,RES-2009-2197,general_registry,"Land  Registry","Lands Registry"
194067,RES-2009-5848,general_registry,"Land  Registry","Lands Registry"
194068,RES-2016-2477,general_registry,"Land  Registry","Lands Registry"
194069,RES-2009-7746,general_registry,"Land  Registry","Lands Registry"
194070,RES-2009-4661,general_registry,"Land  Registry","Lands Registry"
194071,RES-2009-4517,general_registry,"Land  Registry","Lands Registry"
194072,RES-2009-7747,general_registry,"Land  Registry","Lands Registry"
194073,RES-2015-7503,general_registry,"Land  Registry","Lands Registry"
194075,RES-2009-2971,general_registry,"Land  Registry","Lands Registry"
194076,RES-2016-2478,general_registry,"Land  Registry","Lands Registry"
194077,RES-2009-4658,general_registry,"Land  Registry","Lands Registry"
194079,RES-2009-7748,general_registry,"Land  Registry","Lands Registry"
194080,RES-2009-7853,general_registry,"Land  Registry","Lands Registry"
194081,RES-2009-4513,general_registry,"Land  Registry","Lands Registry"
194082,RES-2009-5847,general_registry,"Land  Registry","Lands Registry"
194083,RES-2009-5755,general_registry,"Land  Registry","Lands Registry"
194084,RES-2009-4609,general_registry,"Land  Registry","Lands Registry"
194085,RES-2022-1622,general_registry,"Land  Registry","Lands Registry"
194086,RES-2009-5129,general_registry,"Land  Registry","Lands Registry"
194087,RES-2009-4608,general_registry,"Land  Registry","Lands Registry"
194089,RES-2004-487,general_registry,"Land  Registry","Lands Registry"
194092,RES-2009-5834,general_registry,"Land  Registry","Lands Registry"
194093,RES-2009-2194,general_registry,"Land  Registry","Lands Registry"
194094,RES-2009-4606,general_registry,"Land  Registry","Lands Registry"
194095,RES-2009-5837,general_registry,"Land  Registry","Lands Registry"
194096,RES-2022-1623,general_registry,"Land  Registry","Lands Registry"
194097,RES-2009-4607,general_registry,"Land  Registry","Lands Registry"
194098,RES-2009-7817,general_registry,"Land  Registry","Lands Registry"
194100,RES-2009-5128,general_registry,"Land  Registry","Lands Registry"
194101,RES-2009-5836,general_registry,"Land  Registry","Lands Registry"
194102,RES-2024-798,general_registry,"Land  Registry","Lands Registry"
194103,RES-2005-1149,general_registry,"Land  Registry","Lands Registry"
194105,RES-2022-736,general_registry,"Land  Registry","Lands Registry"
194106,RES-2009-4699,general_registry,"Land  Registry","Lands Registry"
194107,RES-2009-2196,general_registry,"Land  Registry","Lands Registry"
194108,RES-2009-5892,general_registry,"Land  Registry","Lands Registry"
194109,RES-2009-7821,general_registry,"Land  Registry","Lands Registry"
194110,RES-2009-5146,general_registry,"Land  Registry","Lands Registry"
194111,RES-2009-5897,general_registry,"Land  Registry","Lands Registry"
194112,RES-2009-2195,general_registry,"Land  Registry","Lands Registry"
194113,RES-2009-4698,registry,,2
194113,RES-2009-4698,general_registry,"Land  Registry","Lands Registry"
194114,RES-2009-7822,registry,,2
194114,RES-2009-7822,general_registry,"Land  Registry","Lands Registry"
194115,RES-2015-4038,general_registry,"Land  Registry","Lands Registry"
194116,RES-2009-5117,general_registry,"Land  Registry","Lands Registry"
194117,RES-2009-5896,general_registry,"Land  Registry","Lands Registry"
194118,RES-2009-7823,general_registry,"Land  Registry","Lands Registry"
194119,RES-2009-5891,general_registry,"Land  Registry","Lands Registry"
194120,RES-1985-115,registry,,1
194120,RES-1985-115,general_registry,"Land  Registry","Lands Registry"
194121,RES-2023-6036,general_registry,"Land  Registry","Lands Registry"
194123,RES-2026-3553,registry,,2
194123,RES-2026-3553,general_registry,,"Lands Registry"
194123,RES-2026-3553,physical_registry,,"Registry 2 - Land"
194124,RES-2009-5116,general_registry,"Land  Registry","Lands Registry"
194125,RES-2009-4512,general_registry,"Land  Registry","Lands Registry"
194126,RES-2009-7710,general_registry,"Land  Registry","Lands Registry"
194127,RES-2009-4697,general_registry,"Land  Registry","Lands Registry"
194129,RES-2015-4037,general_registry,"Land  Registry","Lands Registry"
194130,RES-2009-7711,general_registry,"Land  Registry","Lands Registry"
194131,RES-2009-4525,general_registry,"Land  Registry","Lands Registry"
194132,RES-2009-5115,general_registry,"Land  Registry","Lands Registry"
194133,RES-2009-2164,general_registry,"Land  Registry","Lands Registry"
194134,CON-RES-1982-772,general_registry,"Land  Registry","Lands Registry"
194135,RES-2009-4612,general_registry,"Land  Registry","Lands Registry"
194136,RES-2009-7712,general_registry,"Land  Registry","Lands Registry"
194137,RES-2018-3029,general_registry,"Land  Registry","Lands Registry"
194138,RES-2009-4524,general_registry,"Land  Registry","Lands Registry"
194140,RES-2009-7715,general_registry,"Land  Registry","Lands Registry"
194141,RES-2009-2119,general_registry,"Land  Registry","Lands Registry"
194142,RES-2009-4610,general_registry,"Land  Registry","Lands Registry"
194143,RES-2009-4522,general_registry,"Land  Registry","Lands Registry"
194144,CON-COM-2015-108,registry,,3
194144,CON-COM-2015-108,general_registry,"Land  Registry","Lands Registry"
194145,RES-2009-7714,general_registry,"Land  Registry","Lands Registry"
194146,RES-2026-3554,registry,,2
194146,RES-2026-3554,general_registry,,"Lands Registry"
194146,RES-2026-3554,physical_registry,,"Registry 2 - Land"
194148,RES-2009-4521,general_registry,"Land  Registry","Lands Registry"
194150,RES-2009-4605,general_registry,"Land  Registry","Lands Registry"
194152,RES-2009-7774,general_registry,"Land  Registry","Lands Registry"
194153,RES-2009-2118,general_registry,"Land  Registry","Lands Registry"
194154,RES-2019-1088,general_registry,"Land  Registry","Lands Registry"
194155,RES-2009-7767,general_registry,"Land  Registry","Lands Registry"
194156,RES-2009-5114,general_registry,"Land  Registry","Lands Registry"
194157,RES-2009-4520,general_registry,"Land  Registry","Lands Registry"
194158,RES-1982-564,general_registry,"Land  Registry","Lands Registry"
194159,RES-2009-4640,general_registry,"Land  Registry","Lands Registry"
194161,RES-2009-2132,general_registry,"Land  Registry","Lands Registry"
194162,RES-2002-1751,general_registry,"Land  Registry","Lands Registry"
194163,RES-2009-7707,general_registry,"Land  Registry","Lands Registry"
194165,CON-AG-1988-103,general_registry,"Land  Registry","Lands Registry"
194166,RES-2009-4518,general_registry,"Land  Registry","Lands Registry"
194167,CON-COM-2001-35,general_registry,"Land  Registry","Lands Registry"
194169,RES-2026-3555,registry,,2
194169,RES-2026-3555,general_registry,,"Lands Registry"
194169,RES-2026-3555,physical_registry,,"Registry 2 - Land"
194170,RES-2009-7708,general_registry,"Land  Registry","Lands Registry"
194171,RES-2009-5161,general_registry,"Land  Registry","Lands Registry"
194172,RES-2009-4629,general_registry,"Land  Registry","Lands Registry"
194173,RES-2009-7709,general_registry,"Land  Registry","Lands Registry"
194174,RES-2009-2180,general_registry,"Land  Registry","Lands Registry"
194175,RES-2009-5162,general_registry,"Land  Registry","Lands Registry"
194177,RES-2009-2147,general_registry,"Land  Registry","Lands Registry"
194178,RES-2009-4638,general_registry,"Land  Registry","Lands Registry"
194179,CON-RES-2009-458,general_registry,"Land  Registry","Lands Registry"
194181,RES-2009-5192,general_registry,"Land  Registry","Lands Registry"
194182,RES-2009-2181,general_registry,"Land  Registry","Lands Registry"
194185,RES-2019-1086,general_registry,"Land  Registry","Lands Registry"
194187,RES-2009-4575,general_registry,"Land  Registry","Lands Registry"
194191,IND-2026-190,registry,,1
194191,IND-2026-190,general_registry,,"Lands Registry"
194191,IND-2026-190,physical_registry,,"Registry 1 - Land"
194194,RES-2009-3792,general_registry,"Land  Registry","Lands Registry"
194197,CON-RES-2001-300,general_registry,"Land  Registry","Lands Registry"
194198,COM-1983-344,general_registry,"Land  Registry","Lands Registry"
194200,RES-2009-5179,general_registry,"Land  Registry","Lands Registry"
194201,RES-2009-4639,general_registry,"Land  Registry","Lands Registry"
194202,RES-2009-3797,general_registry,"Land  Registry","Lands Registry"
194203,RES-2019-2197,general_registry,"Land  Registry","Lands Registry"
194204,CON-RES-2012-42,general_registry,"Land  Registry","Lands Registry"
194206,CON-RES-2001-303,general_registry,"Land  Registry","Lands Registry"
194208,RES-2009-3795,general_registry,"Land  Registry","Lands Registry"
194209,RES-2009-2185,general_registry,"Land  Registry","Lands Registry"
194210,RES-2009-5136,general_registry,"Land  Registry","Lands Registry"
194211,IND-2026-191,registry,,1
194211,IND-2026-191,general_registry,,"Lands Registry"
194211,IND-2026-191,physical_registry,,"Registry 1 - Land"
194214,RES-2012-2468,general_registry,"Land  Registry","Lands Registry"
194215,RES-2009-2579,general_registry,"Land  Registry","Lands Registry"
194218,RES-2009-4635,general_registry,"Land  Registry","Lands Registry"
194220,RES-2009-2226,general_registry,"Land  Registry","Lands Registry"
194222,CON-RES-2001-302,general_registry,"Land  Registry","Lands Registry"
194223,RES-2009-5158,general_registry,"Land  Registry","Lands Registry"
194224,RES-1982-995,general_registry,"Land  Registry","Lands Registry"
194225,RES-2009-4636,general_registry,"Land  Registry","Lands Registry"
194226,CON-RES-2001-304,general_registry,"Land  Registry","Lands Registry"
194228,RES-2009-3794,general_registry,"Land  Registry","Lands Registry"
194229,RES-2009-5186,general_registry,"Land  Registry","Lands Registry"
194230,RES-2025-43,general_registry,"Land  Registry","Lands Registry"
194231,RES-2012-1498,general_registry,"Land  Registry","Lands Registry"
194235,RES-2009-2167,general_registry,"Land  Registry","Lands Registry"
194236,RES-2009-3793,general_registry,"Land  Registry","Lands Registry"
194238,RES-2025-44,general_registry,"Land  Registry","Lands Registry"
194239,RES-2009-6169,general_registry,"Land  Registry","Lands Registry"
194241,RES-2003-2756,general_registry,"Land  Registry","Lands Registry"
194242,RES-2009-2168,general_registry,"Land  Registry","Lands Registry"
194244,RES-2009-6129,general_registry,"Land  Registry","Lands Registry"
194246,RES-2013-454,general_registry,"Land  Registry","Lands Registry"
194247,RES-2009-6128,general_registry,"Land  Registry","Lands Registry"
194248,RES-2009-2178,general_registry,"Land  Registry","Lands Registry"
194250,RES-2009-5400,general_registry,"Land  Registry","Lands Registry"
194251,RES-2009-6198,general_registry,"Land  Registry","Lands Registry"
194253,RES-1985-1325,general_registry,"Land  Registry","Lands Registry"
194254,RES-2009-6196,general_registry,"Land  Registry","Lands Registry"
194255,RES-2026-3556,registry,,2
194255,RES-2026-3556,general_registry,,"Lands Registry"
194255,RES-2026-3556,physical_registry,,"Registry 2 - Land"
194257,RES-2009-3791,general_registry,"Land  Registry","Lands Registry"
194258,RES-2009-2175,general_registry,"Land  Registry","Lands Registry"
194259,RES-2009-6195,general_registry,"Land  Registry","Lands Registry"
194260,RES-2009-4582,general_registry,"Land  Registry","Lands Registry"
194262,RES-2009-6140,general_registry,"Land  Registry","Lands Registry"
194263,RES-2026-3557,registry,,2
194263,RES-2026-3557,general_registry,,"Lands Registry"
194263,RES-2026-3557,physical_registry,,"Registry 2 - Land"
194264,RES-2009-6661,general_registry,"Land  Registry","Lands Registry"
194265,RES-2009-2279,general_registry,"Land  Registry","Lands Registry"
194266,RES-2009-6139,general_registry,"Land  Registry","Lands Registry"
194267,RES-2009-7865,general_registry,"Land  Registry","Lands Registry"
194268,RES-2009-5496,general_registry,"Land  Registry","Lands Registry"
194269,RES-2009-7885,general_registry,"Land  Registry","Lands Registry"
194273,RES-2009-5497,general_registry,"Land  Registry","Lands Registry"
194275,RES-2009-7886,general_registry,"Land  Registry","Lands Registry"
194276,RES-2009-6122,general_registry,"Land  Registry","Lands Registry"
194277,RES-2009-7888,general_registry,"Land  Registry","Lands Registry"
194278,RES-2008-2857,general_registry,"Land  Registry","Lands Registry"
194279,RES-2009-7893,general_registry,"Land  Registry","Lands Registry"
194280,RES-2009-7894,general_registry,"Land  Registry","Lands Registry"
194281,RES-2009-2577,general_registry,"Land  Registry","Lands Registry"
194282,RES-2009-4560,general_registry,"Land  Registry","Lands Registry"
194283,RES-2009-5187,general_registry,"Land  Registry","Lands Registry"
194285,RES-2009-7895,general_registry,"Land  Registry","Lands Registry"
194286,RES-2009-2575,general_registry,"Land  Registry","Lands Registry"
194287,RES-2009-2589,general_registry,"Land  Registry","Lands Registry"
194288,RES-2009-6659,general_registry,"Land  Registry","Lands Registry"
194289,RES-2009-6113,general_registry,"Land  Registry","Lands Registry"
194290,RES-2009-2523,general_registry,"Land  Registry","Lands Registry"
194291,RES-2009-5403,general_registry,"Land  Registry","Lands Registry"
194292,RES-2009-2130,general_registry,"Land  Registry","Lands Registry"
194293,CON-RES-2026-2916,registry,,3
194293,CON-RES-2026-2916,general_registry,,"Lands Registry"
194293,CON-RES-2026-2916,physical_registry,,"Registry 3 - Land"
194294,RES-2008-1698,registry,,2
194294,RES-2008-1698,general_registry,"Land  Registry","Lands Registry"
194295,RES-2009-6193,general_registry,"Land  Registry","Lands Registry"
194296,RES-2009-7796,general_registry,"Land  Registry","Lands Registry"
194297,RES-2009-2125,general_registry,"Land  Registry","Lands Registry"
194298,RES-2009-2588,general_registry,"Land  Registry","Lands Registry"
194299,RES-2009-6157,general_registry,"Land  Registry","Lands Registry"
194300,RES-2009-2522,general_registry,"Land  Registry","Lands Registry"
194301,RES-2009-704,general_registry,"Land  Registry","Lands Registry"
194302,RES-2009-7900,general_registry,"Land  Registry","Lands Registry"
194303,RES-2009-2123,general_registry,"Land  Registry","Lands Registry"
194304,RES-2009-6156,general_registry,"Land  Registry","Lands Registry"
194305,RES-2009-2562,general_registry,"Land  Registry","Lands Registry"
194306,RES-2009-5152,general_registry,"Land  Registry","Lands Registry"
194307,RES-2009-2586,general_registry,"Land  Registry","Lands Registry"
194308,RES-2009-7957,general_registry,"Land  Registry","Lands Registry"
194309,RES-2009-705,general_registry,"Land  Registry","Lands Registry"
194310,RES-2009-6200,general_registry,"Land  Registry","Lands Registry"
194311,RES-2009-2122,general_registry,"Land  Registry","Lands Registry"
194312,RES-2009-7728,general_registry,"Land  Registry","Lands Registry"
194313,RES-2009-6699,general_registry,"Land  Registry","Lands Registry"
194314,RES-2009-6638,general_registry,"Land  Registry","Lands Registry"
194315,RES-2009-3700,general_registry,"Land  Registry","Lands Registry"
194316,RES-2009-2561,general_registry,"Land  Registry","Lands Registry"
194317,RES-2009-2190,general_registry,"Land  Registry","Lands Registry"
194318,RES-2009-706,general_registry,"Land  Registry","Lands Registry"
194319,RES-2009-7717,general_registry,"Land  Registry","Lands Registry"
194320,RES-2009-7724,general_registry,"Land  Registry","Lands Registry"
194321,RES-2009-2534,general_registry,"Land  Registry","Lands Registry"
194322,RES-2009-2191,general_registry,"Land  Registry","Lands Registry"
194323,RES-2009-6667,general_registry,"Land  Registry","Lands Registry"
194324,RES-2009-2179,general_registry,"Land  Registry","Lands Registry"
194326,RES-2009-7723,general_registry,"Land  Registry","Lands Registry"
194327,RES-2009-6684,general_registry,"Land  Registry","Lands Registry"
194328,RES-2009-707,general_registry,"Land  Registry","Lands Registry"
194329,RES-2009-2533,general_registry,"Land  Registry","Lands Registry"
194330,RES-2009-2584,general_registry,"Land  Registry","Lands Registry"
194331,RES-2009-2189,general_registry,"Land  Registry","Lands Registry"
194332,RES-2009-7722,general_registry,"Land  Registry","Lands Registry"
194333,RES-2009-7721,general_registry,"Land  Registry","Lands Registry"
194334,RES-2009-7777,general_registry,"Land  Registry","Lands Registry"
194335,RES-2009-2530,general_registry,"Land  Registry","Lands Registry"
194336,CON-IND-2025-6,general_registry,"Land  Registry","Lands Registry"
194337,RES-2009-710,general_registry,"Land  Registry","Lands Registry"
194338,RES-2009-7704,general_registry,"Land  Registry","Lands Registry"
194339,RES-2009-7719,general_registry,"Land  Registry","Lands Registry"
194340,RES-2009-2580,general_registry,"Land  Registry","Lands Registry"
194341,RES-2009-2188,general_registry,"Land  Registry","Lands Registry"
194343,RES-2009-2527,general_registry,"Land  Registry","Lands Registry"
194344,RES-2009-7776,registry,,2
194344,RES-2009-7776,general_registry,"Land  Registry","Lands Registry"
194345,RES-2009-7718,general_registry,"Land  Registry","Lands Registry"
194346,RES-2009-2187,general_registry,"Land  Registry","Lands Registry"
194347,RES-2026-3558,registry,,2
194347,RES-2026-3558,general_registry,,"Lands Registry"
194347,RES-2026-3558,physical_registry,,"Registry 2 - Land"
194349,RES-2009-2525,general_registry,"Land  Registry","Lands Registry"
194351,RES-2009-2581,general_registry,"Land  Registry","Lands Registry"
194353,RES-2009-4192,general_registry,"Land  Registry","Lands Registry"
194354,RES-2009-7716,general_registry,"Land  Registry","Lands Registry"
194355,RES-2009-7775,general_registry,"Land  Registry","Lands Registry"
194356,COM-2016-194,general_registry,"Land  Registry","Lands Registry"
194357,RES-2009-7713,general_registry,"Land  Registry","Lands Registry"
194358,RES-2009-2524,registry,,2
194358,RES-2009-2524,general_registry,"Land  Registry","Lands Registry"
194359,RES-2009-7738,general_registry,"Land  Registry","Lands Registry"
194360,RES-2009-2186,general_registry,"Land  Registry","Lands Registry"
194362,RES-2009-7700,general_registry,"Land  Registry","Lands Registry"
194363,RES-2009-4191,general_registry,"Land  Registry","Lands Registry"
194367,RES-2009-2135,general_registry,"Land  Registry","Lands Registry"
194368,RES-2009-7607,general_registry,"Land  Registry","Lands Registry"
194369,RES-2009-7740,general_registry,"Land  Registry","Lands Registry"
194371,RES-2009-4193,general_registry,"Land  Registry","Lands Registry"
194372,RES-2009-7769,general_registry,"Land  Registry","Lands Registry"
194374,RES-2009-2560,registry,,2
194374,RES-2009-2560,general_registry,"Land  Registry","Lands Registry"
194375,RES-2009-7699,general_registry,"Land  Registry","Lands Registry"
194377,RES-2009-4535,general_registry,"Land  Registry","Lands Registry"
194378,RES-2009-2134,general_registry,"Land  Registry","Lands Registry"
194379,CON-RES-2026-2917,registry,,3
194379,CON-RES-2026-2917,general_registry,,"Lands Registry"
194379,CON-RES-2026-2917,physical_registry,,"Registry 3 - Land"
194380,RES-2009-7705,general_registry,"Land  Registry","Lands Registry"
194381,RES-2009-2117,general_registry,"Land  Registry","Lands Registry"
194382,RES-2009-2559,general_registry,"Land  Registry","Lands Registry"
194383,RES-2009-7706,general_registry,"Land  Registry","Lands Registry"
194384,RES-RC-1982-1259,general_registry,"Land  Registry","Lands Registry"
194385,RES-2009-4158,general_registry,"Land  Registry","Lands Registry"
194387,CON-COM-2026-628,registry,,3
194387,CON-COM-2026-628,general_registry,,"Lands Registry"
194387,CON-COM-2026-628,physical_registry,,"Registry 3 - Land"
194388,RES-2009-7726,general_registry,"Land  Registry","Lands Registry"
194389,RES-2009-3789,general_registry,"Land  Registry","Lands Registry"
194390,RES-2009-2105,general_registry,"Land  Registry","Lands Registry"
194392,RES-2009-7739,general_registry,"Land  Registry","Lands Registry"
194393,RES-2009-4159,general_registry,"Land  Registry","Lands Registry"
194394,RES-2009-4194,general_registry,"Land  Registry","Lands Registry"
194396,RES-2009-7727,general_registry,"Land  Registry","Lands Registry"
194397,RES-2009-6106,general_registry,"Land  Registry","Lands Registry"
194398,RES-2019-1090,general_registry,"Land  Registry","Lands Registry"
194399,CON-COM-2026-629,registry,,3
194399,CON-COM-2026-629,general_registry,,"Lands Registry"
194399,CON-COM-2026-629,physical_registry,,"Registry 3 - Land"
194400,RES-2009-4195,general_registry,"Land  Registry","Lands Registry"
194401,RES-2009-4168,general_registry,"Land  Registry","Lands Registry"
194402,RES-2009-4163,general_registry,"Land  Registry","Lands Registry"
194403,RES-2009-2558,general_registry,"Land  Registry","Lands Registry"
194404,COM-2009-69,general_registry,"Land  Registry","Lands Registry"
194406,CON-RES-2026-2918,registry,,3
194406,CON-RES-2026-2918,general_registry,,"Lands Registry"
194406,CON-RES-2026-2918,physical_registry,,"Registry 3 - Land"
194407,RES-2009-4169,general_registry,"Land  Registry","Lands Registry"
194408,CON-COM-2026-630,registry,,3
194408,CON-COM-2026-630,general_registry,,"Lands Registry"
194408,CON-COM-2026-630,physical_registry,,"Registry 3 - Land"
194410,RES-2009-4165,general_registry,"Land  Registry","Lands Registry"
194411,RES-2009-4101,general_registry,"Land  Registry","Lands Registry"
194412,RES-2009-2182,general_registry,"Land  Registry","Lands Registry"
194414,RES-2009-1755,general_registry,"Land  Registry","Lands Registry"
194415,RES-2009-2574,general_registry,"Land  Registry","Lands Registry"
194416,RES-2009-4117,general_registry,"Land  Registry","Lands Registry"
194417,RES-2009-4102,general_registry,"Land  Registry","Lands Registry"
194418,RES-1989-2614,general_registry,"Land  Registry","Lands Registry"
194419,RES-2009-4054,general_registry,"Land  Registry","Lands Registry"
194420,RES-2009-2158,general_registry,"Land  Registry","Lands Registry"
194421,RES-2009-4199,general_registry,"Land  Registry","Lands Registry"
194422,RES-2009-4196,general_registry,"Land  Registry","Lands Registry"
194423,RES-2009-3790,general_registry,"Land  Registry","Lands Registry"
194424,RES-2009-4179,general_registry,"Land  Registry","Lands Registry"
194426,RES-2009-1571,general_registry,"Land  Registry","Lands Registry"
194427,RES-2009-4197,general_registry,"Land  Registry","Lands Registry"
194428,RES-2009-826,general_registry,"Land  Registry","Lands Registry"
194429,CON-COM-2026-631,registry,,3
194429,CON-COM-2026-631,general_registry,,"Lands Registry"
194429,CON-COM-2026-631,physical_registry,,"Registry 3 - Land"
194430,RES-2009-4183,general_registry,"Land  Registry","Lands Registry"
194431,RES-2009-1430,general_registry,"Land  Registry","Lands Registry"
194432,RES-2009-4198,general_registry,"Land  Registry","Lands Registry"
194433,RES-2009-4180,general_registry,"Land  Registry","Lands Registry"
194434,RES-2009-739,general_registry,"Land  Registry","Lands Registry"
194435,RES-2009-5150,general_registry,"Land  Registry","Lands Registry"
194436,RES-2009-4174,general_registry,"Land  Registry","Lands Registry"
194437,RES-2009-3788,general_registry,"Land  Registry","Lands Registry"
194438,RES-2009-6683,general_registry,"Land  Registry","Lands Registry"
194439,RES-2009-6682,general_registry,"Land  Registry","Lands Registry"
194441,RES-2009-6681,general_registry,"Land  Registry","Lands Registry"
194442,RES-2009-2183,general_registry,"Land  Registry","Lands Registry"
194444,RES-2009-3785,general_registry,"Land  Registry","Lands Registry"
194446,RES-2009-6680,general_registry,"Land  Registry","Lands Registry"
194447,RES-2009-6679,general_registry,"Land  Registry","Lands Registry"
194448,RES-2009-6678,general_registry,"Land  Registry","Lands Registry"
194449,RES-2009-3784,general_registry,"Land  Registry","Lands Registry"
194450,RES-2026-3559,registry,,2
194450,RES-2026-3559,general_registry,,"Lands Registry"
194450,RES-2026-3559,physical_registry,,"Registry 2 - Land"
194451,RES-2009-4559,general_registry,"Land  Registry","Lands Registry"
194452,RES-2000-2807,general_registry,"Land  Registry","Lands Registry"
194455,RES-2009-6677,general_registry,"Land  Registry","Lands Registry"
194456,RES-2009-6666,general_registry,"Land  Registry","Lands Registry"
194457,RES-2009-6662,general_registry,"Land  Registry","Lands Registry"
194458,RES-2009-6178,general_registry,"Land  Registry","Lands Registry"
194459,RES-2009-4562,general_registry,"Land  Registry","Lands Registry"
194460,RES-2009-6170,general_registry,"Land  Registry","Lands Registry"
194461,CON-RES-2026-2919,registry,,3
194461,CON-RES-2026-2919,general_registry,,"Lands Registry"
194461,CON-RES-2026-2919,physical_registry,,"Registry 3 - Land"
194462,RES-2009-3796,registry,,2
194462,RES-2009-3796,general_registry,"Land  Registry","Lands Registry"
194463,RES-2009-5118,general_registry,"Land  Registry","Lands Registry"
194464,RES-2009-6674,general_registry,"Land  Registry","Lands Registry"
194465,RES-2009-5156,general_registry,"Land  Registry","Lands Registry"
194466,RES-2009-1736,general_registry,"Land  Registry","Lands Registry"
194467,RES-2009-6671,general_registry,"Land  Registry","Lands Registry"
194468,CON-RES-2026-2920,registry,,3
194468,CON-RES-2026-2920,general_registry,,"Lands Registry"
194468,CON-RES-2026-2920,physical_registry,,"Registry 3 - Land"
194469,RES-2009-6670,general_registry,"Land  Registry","Lands Registry"
194470,RES-2009-5160,general_registry,"Land  Registry","Lands Registry"
194472,RES-2009-6668,general_registry,"Land  Registry","Lands Registry"
194473,RES-2009-2735,general_registry,"Land  Registry","Lands Registry"
194474,RES-2009-2645,general_registry,"Land  Registry","Lands Registry"
194476,RES-2009-5266,general_registry,"Land  Registry","Lands Registry"
194477,RES-2009-2730,general_registry,"Land  Registry","Lands Registry"
194480,IND-2010-15,general_registry,"Land  Registry","Lands Registry"
194481,COM-2011-189,general_registry,"Land  Registry","Lands Registry"
194482,COM-2011-187,general_registry,"Land  Registry","Lands Registry"
194483,COM-2011-190,general_registry,"Land  Registry","Lands Registry"
194484,COM-2011-186,general_registry,"Land  Registry","Lands Registry"
194485,COM-2020-206,general_registry,"Land  Registry","Lands Registry"
194486,COM-2022-597,general_registry,"Land  Registry","Lands Registry"
194487,CON-COM-2025-494,general_registry,"Land  Registry","Lands Registry"
194488,RES-2011-5694,general_registry,"Land  Registry","Lands Registry"
194489,CON-COM-2026-9,general_registry,"Land  Registry","Lands Registry"
194490,RES-2002-8798(T),general_registry,"Land  Registry","Lands Registry"
194491,CON-COM-2026-632,registry,,3
194491,CON-COM-2026-632,general_registry,,"Lands Registry"
194491,CON-COM-2026-632,physical_registry,,"Registry 3 - Land"
194492,RES-2009-4687,general_registry,"Land  Registry","Lands Registry"
194493,RES-2009-1253,general_registry,"Land  Registry","Lands Registry"
194494,RES-2009-1562,general_registry,"Land  Registry","Lands Registry"
194495,RES-2009-4619,general_registry,"Land  Registry","Lands Registry"
194496,RES-2009-7869,general_registry,"Land  Registry","Lands Registry"
194497,RES-2009-1557,general_registry,"Land  Registry","Lands Registry"
194498,RES-2009-6574,general_registry,"Land  Registry","Lands Registry"
194499,RES-2009-5758,general_registry,"Land  Registry","Lands Registry"
194501,RES-2009-7158,general_registry,"Land  Registry","Lands Registry"
194502,RES-2009-4620,general_registry,"Land  Registry","Lands Registry"
194503,RES-2009-2169,general_registry,"Land  Registry","Lands Registry"
194504,RES-2009-1554,general_registry,"Land  Registry","Lands Registry"
194505,RES-2009-8166,general_registry,"Land  Registry","Lands Registry"
194506,RES-2009-6575,general_registry,"Land  Registry","Lands Registry"
194507,RES-2009-5489,general_registry,"Land  Registry","Lands Registry"
194508,RES-2009-1552,general_registry,"Land  Registry","Lands Registry"
194509,RES-2009-7157,general_registry,"Land  Registry","Lands Registry"
194510,RES-2009-3837,general_registry,"Land  Registry","Lands Registry"
194511,RES-2009-2289,general_registry,"Land  Registry","Lands Registry"
194513,RES-2009-2500,general_registry,"Land  Registry","Lands Registry"
194514,RES-2009-2294,general_registry,"Land  Registry","Lands Registry"
194515,RES-2009-1545,general_registry,"Land  Registry","Lands Registry"
194516,RES-2013-432,general_registry,"Land  Registry","Lands Registry"
194517,RES-2009-6505,general_registry,"Land  Registry","Lands Registry"
194518,RES-2009-3834,general_registry,"Land  Registry","Lands Registry"
194519,RES-2009-4618,general_registry,"Land  Registry","Lands Registry"
194520,RES-2009-8156,general_registry,"Land  Registry","Lands Registry"
194521,RES-2009-2290,general_registry,"Land  Registry","Lands Registry"
194522,COM-2022-594,registry,,1
194522,COM-2022-594,general_registry,"Land  Registry","Lands Registry"
194523,RES-2009-1556,general_registry,"Land  Registry","Lands Registry"
194524,RES-2009-2564,general_registry,"Land  Registry","Lands Registry"
194525,RES-2009-7156,general_registry,"Land  Registry","Lands Registry"
194526,RES-2009-3833,general_registry,"Land  Registry","Lands Registry"
194528,RES-2009-2296,general_registry,"Land  Registry","Lands Registry"
194529,RES-2009-4649,general_registry,"Land  Registry","Lands Registry"
194530,RES-2009-1555,general_registry,"Land  Registry","Lands Registry"
194531,RES-2009-3832,general_registry,"Land  Registry","Lands Registry"
194532,RES-2009-8157,general_registry,"Land  Registry","Lands Registry"
194533,RES-2009-2299,general_registry,"Land  Registry","Lands Registry"
194534,RES-2009-1544,general_registry,"Land  Registry","Lands Registry"
194535,COM-2022-596,general_registry,"Land  Registry","Lands Registry"
194536,RES-2009-2565,general_registry,"Land  Registry","Lands Registry"
194537,RES-2009-4648,general_registry,"Land  Registry","Lands Registry"
194538,RES-2009-7155,general_registry,"Land  Registry","Lands Registry"
194540,RES-2009-1539,general_registry,"Land  Registry","Lands Registry"
194541,RES-2009-2281,general_registry,"Land  Registry","Lands Registry"
194542,RES-2009-6596,general_registry,"Land  Registry","Lands Registry"
194543,RES-2009-1536,general_registry,"Land  Registry","Lands Registry"
194544,RES-2009-4647,general_registry,"Land  Registry","Lands Registry"
194546,RES-2009-2566,general_registry,"Land  Registry","Lands Registry"
194547,RES-2009-2287,general_registry,"Land  Registry","Lands Registry"
194548,RES-2009-8158,general_registry,"Land  Registry","Lands Registry"
194549,RES-2009-7154,general_registry,"Land  Registry","Lands Registry"
194550,RES-2009-4646,general_registry,"Land  Registry","Lands Registry"
194551,RES-2009-1563,general_registry,"Land  Registry","Lands Registry"
194552,RES-2009-2572,general_registry,"Land  Registry","Lands Registry"
194553,RES-2009-1737,general_registry,"Land  Registry","Lands Registry"
194554,RES-2009-8159,general_registry,"Land  Registry","Lands Registry"
194555,CON-COM-2008-32,general_registry,"Land  Registry","Lands Registry"
194556,RES-2009-3830,general_registry,"Land  Registry","Lands Registry"
194557,RES-2009-1738,general_registry,"Land  Registry","Lands Registry"
194559,RES-2009-2568,registry,,2
194559,RES-2009-2568,general_registry,"Land  Registry","Lands Registry"
194560,RES-2009-1542,general_registry,"Land  Registry","Lands Registry"
194561,RES-2009-1576,general_registry,"Land  Registry","Lands Registry"
194562,RES-2009-1739,general_registry,"Land  Registry","Lands Registry"
194563,CON-RES-2016-870,general_registry,"Land  Registry","Lands Registry"
194564,RES-2009-4643,general_registry,"Land  Registry","Lands Registry"
194565,RES-2009-1598,general_registry,"Land  Registry","Lands Registry"
194566,RES-2009-6595,general_registry,"Land  Registry","Lands Registry"
194567,RES-2009-1756,general_registry,"Land  Registry","Lands Registry"
194568,RES-2009-7130,general_registry,"Land  Registry","Lands Registry"
194569,RES-2009-7808,general_registry,"Land  Registry","Lands Registry"
194570,RES-2009-3842,general_registry,"Land  Registry","Lands Registry"
194571,RES-2006-300,general_registry,"Land  Registry","Lands Registry"
194572,RES-2009-1597,general_registry,"Land  Registry","Lands Registry"
194574,RES-2009-2569,general_registry,"Land  Registry","Lands Registry"
194575,RES-2009-3841,general_registry,"Land  Registry","Lands Registry"
194576,RES-2009-1553,general_registry,"Land  Registry","Lands Registry"
194578,RES-2009-1596,general_registry,"Land  Registry","Lands Registry"
194579,CON-RES-2023-7176,general_registry,"Land  Registry","Lands Registry"
194580,RES-2009-6594,general_registry,"Land  Registry","Lands Registry"
194581,CON-COM-2021-439,general_registry,"Land  Registry","Lands Registry"
194582,RES-2009-269,general_registry,"Land  Registry","Lands Registry"
194583,RES-2009-2571,general_registry,"Land  Registry","Lands Registry"
194584,RES-2009-1537,general_registry,"Land  Registry","Lands Registry"
194585,RES-2009-3840,general_registry,"Land  Registry","Lands Registry"
194586,RES-2009-7129,general_registry,"Land  Registry","Lands Registry"
194588,RES-2009-1570,general_registry,"Land  Registry","Lands Registry"
194591,RES-2009-1789,general_registry,"Land  Registry","Lands Registry"
194592,RES-2009-2419,general_registry,"Land  Registry","Lands Registry"
194593,RES-2009-2570,general_registry,"Land  Registry","Lands Registry"
194594,RES-2009-1560,general_registry,"Land  Registry","Lands Registry"
194595,RES-2009-3845,general_registry,"Land  Registry","Lands Registry"
194597,RES-2009-1569,general_registry,"Land  Registry","Lands Registry"
194598,RES-2009-2184,general_registry,"Land  Registry","Lands Registry"
194599,RES-2009-6585,general_registry,"Land  Registry","Lands Registry"
194600,RES-2009-2563,general_registry,"Land  Registry","Lands Registry"
194601,RES-2009-1577,general_registry,"Land  Registry","Lands Registry"
194602,RES-2009-8155,general_registry,"Land  Registry","Lands Registry"
194604,RES-2021-857,general_registry,"Land  Registry","Lands Registry"
194605,RES-2009-2567,general_registry,"Land  Registry","Lands Registry"
194606,RES-2009-8184,general_registry,"Land  Registry","Lands Registry"
194607,RES-2009-6593,general_registry,"Land  Registry","Lands Registry"
194608,RES-2009-1575,general_registry,"Land  Registry","Lands Registry"
194609,RES-2009-7128,general_registry,"Land  Registry","Lands Registry"
194612,RES-2025-1680,general_registry,"Land  Registry","Lands Registry"
194613,RES-2009-1574,general_registry,"Land  Registry","Lands Registry"
194614,RES-2009-2573,general_registry,"Land  Registry","Lands Registry"
194615,RES-2009-8186,general_registry,"Land  Registry","Lands Registry"
194616,RES-2009-1573,general_registry,"Land  Registry","Lands Registry"
194618,RES-2009-4317,general_registry,"Land  Registry","Lands Registry"
194619,RES-2009-1580,general_registry,"Land  Registry","Lands Registry"
194620,RES-2009-6598,general_registry,"Land  Registry","Lands Registry"
194621,RES-2009-6584,general_registry,"Land  Registry","Lands Registry"
194622,RES-2009-4714,general_registry,"Land  Registry","Lands Registry"
194623,RES-2009-4652,general_registry,"Land  Registry","Lands Registry"
194626,RES-2009-6600,general_registry,"Land  Registry","Lands Registry"
194627,RES-2009-4651,general_registry,"Land  Registry","Lands Registry"
194628,RES-2009-1565,general_registry,"Land  Registry","Lands Registry"
194629,RES-2009-1778,general_registry,"Land  Registry","Lands Registry"
194630,RES-2009-1578,general_registry,"Land  Registry","Lands Registry"
194631,RES-2009-4650,general_registry,"Land  Registry","Lands Registry"
194632,RES-2009-6599,general_registry,"Land  Registry","Lands Registry"
194633,RES-2009-1779,general_registry,"Land  Registry","Lands Registry"
194634,RES-2009-1579,general_registry,"Land  Registry","Lands Registry"
194635,RES-2009-1510,general_registry,"Land  Registry","Lands Registry"
194636,RES-2009-7127,general_registry,"Land  Registry","Lands Registry"
194637,RES-2009-6597,general_registry,"Land  Registry","Lands Registry"
194638,RES-2009-7381,general_registry,"Land  Registry","Lands Registry"
194639,RES-2009-1780,general_registry,"Land  Registry","Lands Registry"
194641,RES-2009-1529,general_registry,"Land  Registry","Lands Registry"
194642,RES-2009-8176,registry,,2
194642,RES-2009-8176,general_registry,"Land  Registry","Lands Registry"
194643,RES-2009-6500,general_registry,"Land  Registry","Lands Registry"
194644,RES-2009-4692,general_registry,"Land  Registry","Lands Registry"
194645,CON-COM-2020-465,general_registry,"Land  Registry","Lands Registry"
194646,CON-COM-2009-329,general_registry,"Land  Registry","Lands Registry"
194647,RES-2009-1509,general_registry,"Land  Registry","Lands Registry"
194648,RES-2009-7126,general_registry,"Land  Registry","Lands Registry"
194649,RES-2009-2159,general_registry,"Land  Registry","Lands Registry"
194650,COM-1998-180,general_registry,"Land  Registry","Lands Registry"
194651,RES-2009-1528,general_registry,"Land  Registry","Lands Registry"
194652,RES-2009-6534,general_registry,"Land  Registry","Lands Registry"
194654,RES-2009-1508,general_registry,"Land  Registry","Lands Registry"
194655,RES-2009-8177,general_registry,"Land  Registry","Lands Registry"
194656,RES-2009-4693,general_registry,"Land  Registry","Lands Registry"
194657,RES-2009-1527,general_registry,"Land  Registry","Lands Registry"
194658,RES-2009-7125,general_registry,"Land  Registry","Lands Registry"
194659,RES-2009-1526,general_registry,"Land  Registry","Lands Registry"
194660,RES-2009-7382,general_registry,"Land  Registry","Lands Registry"
194661,RES-2009-4694,general_registry,"Land  Registry","Lands Registry"
194662,RES-2001-2877,general_registry,"Land  Registry","Lands Registry"
194663,RES-2009-1505,general_registry,"Land  Registry","Lands Registry"
194664,RES-2009-1523,general_registry,"Land  Registry","Lands Registry"
194666,RES-2009-7124,general_registry,"Land  Registry","Lands Registry"
194667,RES-2009-1521,general_registry,"Land  Registry","Lands Registry"
194668,RES-2009-6547,general_registry,"Land  Registry","Lands Registry"
194669,RES-2009-4695,general_registry,"Land  Registry","Lands Registry"
194670,RES-2009-1512,general_registry,"Land  Registry","Lands Registry"
194671,RES-2009-8178,general_registry,"Land  Registry","Lands Registry"
194672,RES-2009-1520,general_registry,"Land  Registry","Lands Registry"
194673,RES-2009-2520,general_registry,"Land  Registry","Lands Registry"
194674,RES-2009-1519,general_registry,"Land  Registry","Lands Registry"
194675,RES-2001-2802,general_registry,"Land  Registry","Lands Registry"
194676,RES-2009-7123,general_registry,"Land  Registry","Lands Registry"
194677,COM-2022-489,general_registry,"Land  Registry","Lands Registry"
194678,CON-COM-2025-538,general_registry,"Land  Registry","Lands Registry"
194680,RES-2009-1518,general_registry,"Land  Registry","Lands Registry"
194682,RES-2009-4696,general_registry,"Land  Registry","Lands Registry"
194683,RES-2009-1530,general_registry,"Land  Registry","Lands Registry"
194684,RES-2009-1535,general_registry,"Land  Registry","Lands Registry"
194685,RES-2009-8161,general_registry,"Land  Registry","Lands Registry"
194687,RES-2009-4320,general_registry,"Land  Registry","Lands Registry"
194688,RES-2009-4691,general_registry,"Land  Registry","Lands Registry"
194690,RES-2009-1590,general_registry,"Land  Registry","Lands Registry"
194691,RES-2009-1534,general_registry,"Land  Registry","Lands Registry"
194692,RES-2009-7927,general_registry,"Land  Registry","Lands Registry"
194693,RES-2009-1248,general_registry,"Land  Registry","Lands Registry"
194694,RES-2009-7122,general_registry,"Land  Registry","Lands Registry"
194695,RES-2009-4369,general_registry,"Land  Registry","Lands Registry"
194697,RES-2009-7928,general_registry,"Land  Registry","Lands Registry"
194698,RES-2009-1541,general_registry,"Land  Registry","Lands Registry"
194699,RES-2009-7929,general_registry,"Land  Registry","Lands Registry"
194700,RES-2009-1548,general_registry,"Land  Registry","Lands Registry"
194701,RES-2009-7828,general_registry,"Land  Registry","Lands Registry"
194703,RES-2009-4347,general_registry,"Land  Registry","Lands Registry"
194704,RES-2009-7930,general_registry,"Land  Registry","Lands Registry"
194705,RES-2009-1262,general_registry,"Land  Registry","Lands Registry"
194706,RES-2009-1585,general_registry,"Land  Registry","Lands Registry"
194707,RES-1999-1239,general_registry,"Land  Registry","Lands Registry"
194708,RES-2009-7111,general_registry,"Land  Registry","Lands Registry"
194710,RES-2009-1515,general_registry,"Land  Registry","Lands Registry"
194711,RES-2009-4371,general_registry,"Land  Registry","Lands Registry"
194712,RES-2009-7889,general_registry,"Land  Registry","Lands Registry"
194714,RES-1989-1845,general_registry,"Land  Registry","Lands Registry"
194715,RES-2009-7932,general_registry,"Land  Registry","Lands Registry"
194716,RES-2009-6571,general_registry,"Land  Registry","Lands Registry"
194717,RES-2009-6604,general_registry,"Land  Registry","Lands Registry"
194718,RES-2009-1586,general_registry,"Land  Registry","Lands Registry"
194720,RES-2020-2041,general_registry,"Land  Registry","Lands Registry"
194733,SIT-2026-75,registry,,2
194733,SIT-2026-75,general_registry,,"SIT Registry"
194733,SIT-2026-75,physical_registry,,"SIT Registry"
194735,RES-2008-4514,general_registry,"Land  Registry","Lands Registry"
194738,RES-2025-42,general_registry,"Land  Registry","Lands Registry"
194740,RES-2009-7109,general_registry,"Land  Registry","Lands Registry"
194742,RES-2009-5021,registry,,2
194742,RES-2009-5021,general_registry,"Land  Registry","Lands Registry"
194743,RES-2009-2210,general_registry,"Land  Registry","Lands Registry"
194744,RES-2009-2211,general_registry,"Land  Registry","Lands Registry"
194745,RES-2009-2212,general_registry,"Land  Registry","Lands Registry"
194746,RES-2009-7132,general_registry,"Land  Registry","Lands Registry"
194747,RES-2009-2213,general_registry,"Land  Registry","Lands Registry"
194748,RES-2009-7933,general_registry,"Land  Registry","Lands Registry"
194751,RES-2009-4173,general_registry,"Land  Registry","Lands Registry"
194752,RES-2009-2256,general_registry,"Land  Registry","Lands Registry"
194754,RES-2009-7934,general_registry,"Land  Registry","Lands Registry"
194755,RES-2009-4678,general_registry,"Land  Registry","Lands Registry"
194756,RES-2009-7131,general_registry,"Land  Registry","Lands Registry"
194758,RES-2009-2258,general_registry,"Land  Registry","Lands Registry"
194759,RES-2014-2326,general_registry,"Land  Registry","Lands Registry"
194760,RES-2000-692,general_registry,"Land  Registry","Lands Registry"
194761,RES-2009-4679,general_registry,"Land  Registry","Lands Registry"
194762,RES-1982-1373,general_registry,"Land  Registry","Lands Registry"
194763,RES-2009-7982,general_registry,"Land  Registry","Lands Registry"
194764,RES-2009-7592,general_registry,"Land  Registry","Lands Registry"
194765,RES-2009-2201,general_registry,"Land  Registry","Lands Registry"
194766,RES-2009-7117,general_registry,"Land  Registry","Lands Registry"
194767,RES-2009-7981,general_registry,"Land  Registry","Lands Registry"
194768,RES-2009-2202,general_registry,"Land  Registry","Lands Registry"
194769,RES-2009-4683,general_registry,"Land  Registry","Lands Registry"
194770,RES-2009-4176,registry,,2
194770,RES-2009-4176,general_registry,"Land  Registry","Lands Registry"
194771,RES-2009-1532,general_registry,"Land  Registry","Lands Registry"
194772,RES-2009-2203,general_registry,"Land  Registry","Lands Registry"
194773,RES-2009-4783,general_registry,"Land  Registry","Lands Registry"
194774,RES-2009-7935,general_registry,"Land  Registry","Lands Registry"
194776,RES-2009-4680,general_registry,"Land  Registry","Lands Registry"
194778,RES-2009-7936,general_registry,"Land  Registry","Lands Registry"
194779,RES-2009-2152,general_registry,"Land  Registry","Lands Registry"
194780,RES-2009-7116,general_registry,"Land  Registry","Lands Registry"
194781,CON-COM-2024-208,general_registry,"Land  Registry","Lands Registry"
194782,RES-2009-4685,general_registry,"Land  Registry","Lands Registry"
194783,RES-2016-3944,general_registry,"Land  Registry","Lands Registry"
194784,RES-2009-7426,general_registry,"Land  Registry","Lands Registry"
194785,RES-2009-7937,general_registry,"Land  Registry","Lands Registry"
194790,RES-2009-7115,general_registry,"Land  Registry","Lands Registry"
194791,RES-2009-4172,general_registry,"Land  Registry","Lands Registry"
194792,RES-2009-4688,general_registry,"Land  Registry","Lands Registry"
194793,RES-2009-7938,general_registry,"Land  Registry","Lands Registry"
194794,RES-2009-1525,general_registry,"Land  Registry","Lands Registry"
194799,CON-AG-1982-79,general_registry,"Land  Registry","Lands Registry"
194800,RES-2009-7271,general_registry,"Land  Registry","Lands Registry"
194801,RES-2009-4689,general_registry,"Land  Registry","Lands Registry"
194802,RES-2009-4188,general_registry,"Land  Registry","Lands Registry"
194803,RES-2009-7939,general_registry,"Land  Registry","Lands Registry"
194804,RES-2009-1234,general_registry,"Land  Registry","Lands Registry"
194807,RES-2009-3879,general_registry,"Land  Registry","Lands Registry"
194808,RES-2009-1581,general_registry,"Land  Registry","Lands Registry"
194809,RES-2009-6450,general_registry,"Land  Registry","Lands Registry"
194810,RES-2009-4187,general_registry,"Land  Registry","Lands Registry"
194811,RES-2009-4677,general_registry,"Land  Registry","Lands Registry"
194813,RES-2009-7466,general_registry,"Land  Registry","Lands Registry"
194814,RES-2009-738,general_registry,"Land  Registry","Lands Registry"
194815,RES-2009-1524,general_registry,"Land  Registry","Lands Registry"
194816,RES-2009-7940,general_registry,"Land  Registry","Lands Registry"
194817,RES-2009-4185,general_registry,"Land  Registry","Lands Registry"
194818,RES-2009-6451,general_registry,"Land  Registry","Lands Registry"
194819,RES-2009-4669,general_registry,"Land  Registry","Lands Registry"
194820,RES-2009-7941,general_registry,"Land  Registry","Lands Registry"
194821,RES-2009-6556,general_registry,"Land  Registry","Lands Registry"
194822,RES-2009-4670,general_registry,"Land  Registry","Lands Registry"
194823,RES-2009-3853,general_registry,"Land  Registry","Lands Registry"
194824,RES-2009-7631,general_registry,"Land  Registry","Lands Registry"
194825,RES-2007-7114,general_registry,"Land  Registry","Lands Registry"
194826,RES-2009-4184,general_registry,"Land  Registry","Lands Registry"
194827,RES-2009-2293,general_registry,"Land  Registry","Lands Registry"
194828,RES-2009-6447,general_registry,"Land  Registry","Lands Registry"
194829,RES-2009-1584,general_registry,"Land  Registry","Lands Registry"
194830,RES-2009-7942,general_registry,"Land  Registry","Lands Registry"
194832,COM-RC-1985-25,general_registry,"Land  Registry","Lands Registry"
194833,RES-2001-3726,general_registry,"Land  Registry","Lands Registry"
194834,RES-2009-1502,general_registry,"Land  Registry","Lands Registry"
194835,CON-COM-2025-436,general_registry,"Land  Registry","Lands Registry"
194836,RES-2009-4667,general_registry,"Land  Registry","Lands Registry"
194837,RES-2009-4189,general_registry,"Land  Registry","Lands Registry"
194838,RES-2009-1962,general_registry,"Land  Registry","Lands Registry"
194839,RES-2009-6613,general_registry,"Land  Registry","Lands Registry"
194840,RES-2009-7943,general_registry,"Land  Registry","Lands Registry"
194842,RES-2009-4668,general_registry,"Land  Registry","Lands Registry"
194844,RES-2009-1300,general_registry,"Land  Registry","Lands Registry"
194845,RES-2009-4453,general_registry,"Land  Registry","Lands Registry"
194846,RES-2009-6618,general_registry,"Land  Registry","Lands Registry"
194847,RES-2009-7944,general_registry,"Land  Registry","Lands Registry"
194848,RES-2009-1963,general_registry,"Land  Registry","Lands Registry"
194849,RES-2009-1511,general_registry,"Land  Registry","Lands Registry"
194850,RES-2009-6619,general_registry,"Land  Registry","Lands Registry"
194851,RES-2009-4408,general_registry,"Land  Registry","Lands Registry"
194852,RES-2009-3844,general_registry,"Land  Registry","Lands Registry"
194855,RES-2009-6621,general_registry,"Land  Registry","Lands Registry"
194856,RES-2009-7949,general_registry,"Land  Registry","Lands Registry"
194857,RES-2009-6622,general_registry,"Land  Registry","Lands Registry"
194858,RES-2009-7950,general_registry,"Land  Registry","Lands Registry"
194859,RES-2009-6623,general_registry,"Land  Registry","Lands Registry"
194860,RES-2009-4132,general_registry,"Land  Registry","Lands Registry"
194861,RES-2009-1290,general_registry,"Land  Registry","Lands Registry"
194864,RES-2009-4364,general_registry,"Land  Registry","Lands Registry"
194865,RES-2009-1517,general_registry,"Land  Registry","Lands Registry"
194866,RES-2009-3843,general_registry,"Land  Registry","Lands Registry"
194868,RES-2009-7501,general_registry,"Land  Registry","Lands Registry"
194870,RES-2009-1468,general_registry,"Land  Registry","Lands Registry"
194871,RES-2009-2204,general_registry,"Land  Registry","Lands Registry"
194872,RES-2009-7112,general_registry,"Land  Registry","Lands Registry"
194873,RES-2009-5754,general_registry,"Land  Registry","Lands Registry"
194874,RES-2009-2205,general_registry,"Land  Registry","Lands Registry"
194875,CON-RES-2010-300,general_registry,"Land  Registry","Lands Registry"
194877,RES-2000-1788,general_registry,"Land  Registry","Lands Registry"
194878,RES-2009-2295,general_registry,"Land  Registry","Lands Registry"
194879,RES-2009-2206,general_registry,"Land  Registry","Lands Registry"
194880,RES-2009-1513,general_registry,"Land  Registry","Lands Registry"
194881,RES-2009-1964,general_registry,"Land  Registry","Lands Registry"
194882,RES-1991-7336,general_registry,"Land  Registry","Lands Registry"
194883,RES-2009-1467,general_registry,"Land  Registry","Lands Registry"
194884,RES-2009-2207,general_registry,"Land  Registry","Lands Registry"
194886,RES-2009-3856,general_registry,"Land  Registry","Lands Registry"
194887,RES-2009-2208,general_registry,"Land  Registry","Lands Registry"
194888,RES-1985-2197,general_registry,"Land  Registry","Lands Registry"
194889,RES-2009-7121,general_registry,"Land  Registry","Lands Registry"
194891,RES-2009-1533,general_registry,"Land  Registry","Lands Registry"
194893,RES-2009-2209,general_registry,"Land  Registry","Lands Registry"
194895,RES-2009-1966,general_registry,"Land  Registry","Lands Registry"
194896,RES-2009-2297,general_registry,"Land  Registry","Lands Registry"
194898,RES-2009-2284,general_registry,"Land  Registry","Lands Registry"
194899,RES-2009-1416,general_registry,"Land  Registry","Lands Registry"
194901,RES-2009-256,general_registry,"Land  Registry","Lands Registry"
194903,RES-2009-2288,general_registry,"Land  Registry","Lands Registry"
194904,RES-2009-1703,general_registry,"Land  Registry","Lands Registry"
194905,CON-RES-2025-704,general_registry,"Land  Registry","Lands Registry"
194906,RES-2009-2286,general_registry,"Land  Registry","Lands Registry"
194907,RES-2009-2285,general_registry,"Land  Registry","Lands Registry"
194908,RES-2009-3855,general_registry,"Land  Registry","Lands Registry"
194911,RES-2009-1428,general_registry,"Land  Registry","Lands Registry"
194912,RES-2009-7951,general_registry,"Land  Registry","Lands Registry"
194913,RES-2009-8183,general_registry,"Land  Registry","Lands Registry"
194915,RES-2009-1503,general_registry,"Land  Registry","Lands Registry"
194916,RES-2009-1704,general_registry,"Land  Registry","Lands Registry"
194917,RES-2009-7955,general_registry,"Land  Registry","Lands Registry"
194918,RES-2009-1847,general_registry,"Land  Registry","Lands Registry"
194919,RES-2009-3850,general_registry,"Land  Registry","Lands Registry"
194921,RES-2009-1705,general_registry,"Land  Registry","Lands Registry"
194922,RES-2026-3560,registry,,2
194922,RES-2026-3560,general_registry,,"Lands Registry"
194922,RES-2026-3560,physical_registry,,"Registry 2 - Land"
194926,CON-RES-2018-590,general_registry,"Land  Registry","Lands Registry"
194932,RES-2009-1599,registry,,2
194932,RES-2009-1599,general_registry,"Land  Registry","Lands Registry"
194933,RES-2009-3849,general_registry,"Land  Registry","Lands Registry"
194934,RES-2009-1543,general_registry,"Land  Registry","Lands Registry"
194936,RES-2009-1451,general_registry,"Land  Registry","Lands Registry"
194937,RES-2009-3847,general_registry,"Land  Registry","Lands Registry"
194938,RES-2009-1706,general_registry,"Land  Registry","Lands Registry"
194939,RES-2009-1501,general_registry,"Land  Registry","Lands Registry"
194940,RES-2009-1707,general_registry,"Land  Registry","Lands Registry"
194941,RES-2001-1154,general_registry,"Land  Registry","Lands Registry"
194943,RES-2009-5130,general_registry,"Land  Registry","Lands Registry"
194944,RES-2009-3810,general_registry,"Land  Registry","Lands Registry"
194946,RES-2009-226,general_registry,"Land  Registry","Lands Registry"
194947,RES-2009-6592,general_registry,"Land  Registry","Lands Registry"
194948,RES-2009-4100,general_registry,"Land  Registry","Lands Registry"
194949,RES-2002-2983,general_registry,"Land  Registry","Lands Registry"
194951,RES-2009-6588,general_registry,"Land  Registry","Lands Registry"
194952,RES-2009-3854,general_registry,"Land  Registry","Lands Registry"
194953,RES-2009-588,general_registry,"Land  Registry","Lands Registry"
194954,RES-2009-3809,general_registry,"Land  Registry","Lands Registry"
194956,RES-2026-3561,registry,,2
194956,RES-2026-3561,general_registry,,"Lands Registry"
194956,RES-2026-3561,physical_registry,,"Registry 2 - Land"
194957,RES-2009-3893,general_registry,"Land  Registry","Lands Registry"
194958,RES-2009-6587,general_registry,"Land  Registry","Lands Registry"
194960,RES-2009-1592,general_registry,"Land  Registry","Lands Registry"
194961,RES-2009-5759,general_registry,"Land  Registry","Lands Registry"
194963,RES-2009-1587,general_registry,"Land  Registry","Lands Registry"
194964,RES-2009-3897,general_registry,"Land  Registry","Lands Registry"
194966,RES-2009-1600,registry,,2
194966,RES-2009-1600,general_registry,"Land  Registry","Lands Registry"
194967,RES-2009-7120,general_registry,"Land  Registry","Lands Registry"
194968,RES-2009-1594,general_registry,"Land  Registry","Lands Registry"
194969,RES-2009-6586,general_registry,"Land  Registry","Lands Registry"
194970,RES-2009-5760,general_registry,"Land  Registry","Lands Registry"
194971,RES-2009-1593,general_registry,"Land  Registry","Lands Registry"
194972,RES-2009-1226,general_registry,"Land  Registry","Lands Registry"
194974,RES-2009-3827,general_registry,"Land  Registry","Lands Registry"
194976,RES-2009-1720,general_registry,"Land  Registry","Lands Registry"
194977,RES-2009-5756,general_registry,"Land  Registry","Lands Registry"
194978,RES-2009-1708,general_registry,"Land  Registry","Lands Registry"
194981,RES-2009-5757,general_registry,"Land  Registry","Lands Registry"
194982,RES-2009-6206,general_registry,"Land  Registry","Lands Registry"
194984,RES-2009-5761,general_registry,"Land  Registry","Lands Registry"
194989,RES-2009-7963,general_registry,"Land  Registry","Lands Registry"
194991,RES-2009-7964,general_registry,"Land  Registry","Lands Registry"
194994,RES-2009-7965,general_registry,"Land  Registry","Lands Registry"
194995,RES-2009-7967,general_registry,"Land  Registry","Lands Registry"
194996,RES-2009-4175,general_registry,"Land  Registry","Lands Registry"
194997,RES-1986-579,general_registry,"Land  Registry","Lands Registry"
194999,COM-2015-3019(T),general_registry,"Land  Registry","Lands Registry"
195000,CON-RES-1982-911,general_registry,"Land  Registry","Lands Registry"
195001,RES-2009-7969,general_registry,"Land  Registry","Lands Registry"
195002,RES-2009-5051,general_registry,"Land  Registry","Lands Registry"
195004,RES-2009-7985,general_registry,"Land  Registry","Lands Registry"
195005,RES-2009-1588,general_registry,"Land  Registry","Lands Registry"
195007,RES-2009-6123,general_registry,"Land  Registry","Lands Registry"
195008,RES-2009-7983,general_registry,"Land  Registry","Lands Registry"
195009,RES-2009-1696,general_registry,"Land  Registry","Lands Registry"
195010,COM-2024-49,general_registry,"Land  Registry","Lands Registry"
195011,RES-2009-7960,registry,,2
195011,RES-2009-7960,general_registry,"Land  Registry","Lands Registry"
195012,RES-2009-7356,general_registry,"Land  Registry","Lands Registry"
195014,RES-2009-7961,general_registry,"Land  Registry","Lands Registry"
195016,RES-2009-5107,general_registry,"Land  Registry","Lands Registry"
195017,IND-1991-52,general_registry,"Land  Registry","Lands Registry"
195018,RES-2009-8287,general_registry,"Land  Registry","Lands Registry"
195019,RES-2009-7351,general_registry,"Land  Registry","Lands Registry"
195023,RES-2009-7962,general_registry,"Land  Registry","Lands Registry"
195024,RES-2009-5922,general_registry,"Land  Registry","Lands Registry"
195026,RES-1989-2788,general_registry,"Land  Registry","Lands Registry"
195027,RES-2009-7975,general_registry,"Land  Registry","Lands Registry"
195028,RES-2009-7353,general_registry,"Land  Registry","Lands Registry"
195029,RES-2015-5933,general_registry,"Land  Registry","Lands Registry"
195031,RES-2009-5936,general_registry,"Land  Registry","Lands Registry"
195032,RES-2009-4182,general_registry,"Land  Registry","Lands Registry"
195033,RES-2009-1695,general_registry,"Land  Registry","Lands Registry"
195034,RES-2009-7979,general_registry,"Land  Registry","Lands Registry"
195035,RES-2014-2340,general_registry,"Land  Registry","Lands Registry"
195036,RES-2009-5255,general_registry,"Land  Registry","Lands Registry"
195038,RES-2009-7959,general_registry,"Land  Registry","Lands Registry"
195039,RES-2009-7357,general_registry,"Land  Registry","Lands Registry"
195040,RES-2015-7876,general_registry,"Land  Registry","Lands Registry"
195041,RES-2009-5945,general_registry,"Land  Registry","Lands Registry"
195043,RES-2001-2051,general_registry,"Land  Registry","Lands Registry"
195044,RES-1995-2726,general_registry,"Land  Registry","Lands Registry"
195045,RES-2009-5944,general_registry,"Land  Registry","Lands Registry"
195047,RES-2009-7363,general_registry,"Land  Registry","Lands Registry"
195049,RES-2001-2567,general_registry,"Land  Registry","Lands Registry"
195050,RES-2009-1667,general_registry,"Land  Registry","Lands Registry"
195051,RES-2023-667,general_registry,"Land  Registry","Lands Registry"
195052,RES-2009-6103,general_registry,"Land  Registry","Lands Registry"
195054,RES-2009-5943,general_registry,"Land  Registry","Lands Registry"
195058,RES-2009-6105,general_registry,"Land  Registry","Lands Registry"
195059,RES-2009-5942,general_registry,"Land  Registry","Lands Registry"
195061,RES-2023-674,general_registry,"Land  Registry","Lands Registry"
195062,RES-2023-662,general_registry,"Land  Registry","Lands Registry"
195063,RES-2009-1158,registry,,2
195063,RES-2009-1158,general_registry,"Land  Registry","Lands Registry"
195064,RES-2009-7368,general_registry,"Land  Registry","Lands Registry"
195065,RES-2023-665,registry,,2
195065,RES-2023-665,general_registry,"Land  Registry","Lands Registry"
195066,RES-2009-4130,general_registry,"Land  Registry","Lands Registry"
195067,RES-2009-5075,general_registry,"Land  Registry","Lands Registry"
195069,RES-2009-1640,general_registry,"Land  Registry","Lands Registry"
195070,RES-2023-664,general_registry,"Land  Registry","Lands Registry"
195072,RES-2009-7735,general_registry,"Land  Registry","Lands Registry"
195073,RES-2025-171,general_registry,"Land  Registry","Lands Registry"
195077,RES-2023-669,general_registry,"Land  Registry","Lands Registry"
195078,CON-IND-2024-37,general_registry,"Land  Registry","Lands Registry"
195079,RES-2009-5929,general_registry,"Land  Registry","Lands Registry"
195080,RES-2023-668,registry,,2
195080,RES-2023-668,general_registry,"Land  Registry","Lands Registry"
195082,RES-2023-666,registry,,2
195082,RES-2023-666,general_registry,"Land  Registry","Lands Registry"
195083,RES-2009-4686,general_registry,"Land  Registry","Lands Registry"
195084,RES-2023-670,registry,,2
195084,RES-2023-670,general_registry,"Land  Registry","Lands Registry"
195086,RES-2009-3733,general_registry,"Land  Registry","Lands Registry"
195088,RES-2023-663,registry,,2
195088,RES-2023-663,general_registry,"Land  Registry","Lands Registry"
195091,RES-2009-639,general_registry,"Land  Registry","Lands Registry"
195092,RES-2023-673,registry,,2
195092,RES-2023-673,general_registry,"Land  Registry","Lands Registry"
195093,RES-2009-4817,general_registry,"Land  Registry","Lands Registry"
195095,RES-2008-4197,general_registry,"Land  Registry","Lands Registry"
195096,RES-2023-671,general_registry,"Land  Registry","Lands Registry"
195100,RES-2009-5928,general_registry,"Land  Registry","Lands Registry"
195103,RES-2009-16,general_registry,"Land  Registry","Lands Registry"
195104,RES-2009-5927,general_registry,"Land  Registry","Lands Registry"
195105,RES-2023-672,general_registry,"Land  Registry","Lands Registry"
195106,RES-2009-1630,general_registry,"Land  Registry","Lands Registry"
195107,RES-2009-5926,general_registry,"Land  Registry","Lands Registry"
195108,RES-2009-1699,general_registry,"Land  Registry","Lands Registry"
195109,RES-2023-661,general_registry,"Land  Registry","Lands Registry"
195111,RES-2019-4325,general_registry,"Land  Registry","Lands Registry"
195112,RES-2009-922,general_registry,"Land  Registry","Lands Registry"
195114,RES-1990-1000,general_registry,"Land  Registry","Lands Registry"
195115,RES-2009-929,general_registry,"Land  Registry","Lands Registry"
195116,RES-2009-926,general_registry,"Land  Registry","Lands Registry"
195118,RES-1991-739,general_registry,"Land  Registry","Lands Registry"
195119,RES-2009-1698,general_registry,"Land  Registry","Lands Registry"
195120,RES-2009-931,general_registry,"Land  Registry","Lands Registry"
195121,RES-2009-933,general_registry,"Land  Registry","Lands Registry"
195122,IND-RC-2023-1,general_registry,"Land  Registry","Lands Registry"
195123,RES-2019-237,general_registry,"Land  Registry","Lands Registry"
195126,RES-2009-928,general_registry,"Land  Registry","Lands Registry"
195128,RES-2009-1697,general_registry,"Land  Registry","Lands Registry"
195129,RES-2009-7980,general_registry,"Land  Registry","Lands Registry"
195130,RES-2014-2007,general_registry,"Land  Registry","Lands Registry"
195131,RES-2009-934,general_registry,"Land  Registry","Lands Registry"
195132,COM-2019-125,general_registry,"Land  Registry","Lands Registry"
195133,RES-2026-3562,registry,,2
195133,RES-2026-3562,general_registry,"Land  Registry","Lands Registry"
195135,RES-2009-4472,general_registry,"Land  Registry","Lands Registry"
195136,RES-2009-1648,general_registry,"Land  Registry","Lands Registry"
195138,RES-2009-7986,general_registry,"Land  Registry","Lands Registry"
195140,RES-2009-5925,general_registry,"Land  Registry","Lands Registry"
195143,RES-2009-1643,general_registry,"Land  Registry","Lands Registry"
195144,RES-2009-927,general_registry,"Land  Registry","Lands Registry"
195145,COM-2010-215,general_registry,"Land  Registry","Lands Registry"
195146,RES-2009-5961,general_registry,"Land  Registry","Lands Registry"
195147,RES-2021-143,general_registry,"Land  Registry","Lands Registry"
195148,RES-1993-6626,general_registry,"Land  Registry","Lands Registry"
195149,RES-2009-7742,general_registry,"Land  Registry","Lands Registry"
195152,RES-2009-5941,general_registry,"Land  Registry","Lands Registry"
195154,RES-2009-1152,general_registry,"Land  Registry","Lands Registry"
195156,RES-2015-1023,general_registry,"Land  Registry","Lands Registry"
195158,CON-RES-1982-996,general_registry,"Land  Registry","Lands Registry"
195161,IND-2020-15,general_registry,"Land  Registry","Lands Registry"
195162,RES-2009-7992,general_registry,"Land  Registry","Lands Registry"
195164,COM-2025-1,general_registry,"Land  Registry","Lands Registry"
195165,RES-2009-5940,general_registry,"Land  Registry","Lands Registry"
195168,RES-2009-5316,general_registry,"Land  Registry","Lands Registry"
195173,RES-2009-1645,general_registry,"Land  Registry","Lands Registry"
195175,RES-2009-5939,general_registry,"Land  Registry","Lands Registry"
195176,RES-2009-7741,general_registry,"Land  Registry","Lands Registry"
195177,RES-2009-1147,general_registry,"Land  Registry","Lands Registry"
195178,RES-2026-3563,registry,,2
195178,RES-2026-3563,general_registry,,"Lands Registry"
195178,RES-2026-3563,physical_registry,,"Registry 2 - Land"
195179,RES-2009-5938,general_registry,"Land  Registry","Lands Registry"
195180,RES-2000-6166,general_registry,"Land  Registry","Lands Registry"
195183,RES-2009-5937,general_registry,"Land  Registry","Lands Registry"
195185,RES-2009-7991,general_registry,"Land  Registry","Lands Registry"
195186,RES-2009-1087,general_registry,"Land  Registry","Lands Registry"
195189,RES-2009-1644,general_registry,"Land  Registry","Lands Registry"
195192,RES-2009-5962,general_registry,"Land  Registry","Lands Registry"
195193,RES-2009-1162,general_registry,"Land  Registry","Lands Registry"
195194,RES-2009-1628,general_registry,"Land  Registry","Lands Registry"
195195,RES-2009-7734,general_registry,"Land  Registry","Lands Registry"
195196,RES-2009-5958,general_registry,"Land  Registry","Lands Registry"
195198,RES-2009-1629,general_registry,"Land  Registry","Lands Registry"
195200,RES-2009-5946,general_registry,"Land  Registry","Lands Registry"
195201,RES-2009-1198,general_registry,"Land  Registry","Lands Registry"
195202,RES-2009-7990,general_registry,"Land  Registry","Lands Registry"
195203,RES-2009-1626,general_registry,"Land  Registry","Lands Registry"
195204,CON-COM-2009-139,general_registry,"Land  Registry","Lands Registry"
195205,RES-2009-5947,general_registry,"Land  Registry","Lands Registry"
195206,RES-2009-1173,general_registry,"Land  Registry","Lands Registry"
195207,RES-2009-1621,general_registry,"Land  Registry","Lands Registry"
195208,RES-2009-5948,general_registry,"Land  Registry","Lands Registry"
195209,RES-2009-7989,general_registry,"Land  Registry","Lands Registry"
195214,RES-2009-1622,general_registry,"Land  Registry","Lands Registry"
195215,RES-2009-5949,general_registry,"Land  Registry","Lands Registry"
195216,RES-2009-7988,general_registry,"Land  Registry","Lands Registry"
195217,CON-RES-2026-2921,registry,,3
195217,CON-RES-2026-2921,general_registry,,"Lands Registry"
195217,CON-RES-2026-2921,physical_registry,,"Registry 3 - Land"
195218,RES-2026-3564,registry,,2
195218,RES-2026-3564,general_registry,,"Lands Registry"
195218,RES-2026-3564,physical_registry,,"Registry 2 - Land"
195219,RES-2009-1623,general_registry,"Land  Registry","Lands Registry"
195220,RES-2014-2607,general_registry,"Land  Registry","Lands Registry"
195222,RES-2009-5950,general_registry,"Land  Registry","Lands Registry"
195224,RES-2009-7987,general_registry,"Land  Registry","Lands Registry"
195226,RES-1987-978,general_registry,"Land  Registry","Lands Registry"
195227,RES-2026-3565,registry,,2
195227,RES-2026-3565,general_registry,,"Lands Registry"
195227,RES-2026-3565,physical_registry,,"Registry 2 - Land"
195228,RES-2009-7978,general_registry,"Land  Registry","Lands Registry"
195230,RES-2009-7953,general_registry,"Land  Registry","Lands Registry"
195231,RES-2000-3556,general_registry,"Land  Registry","Lands Registry"
195235,RES-2026-3566,registry,,2
195235,RES-2026-3566,general_registry,,"Lands Registry"
195235,RES-2026-3566,physical_registry,,"Registry 2 - Land"
195236,RES-2009-7901,general_registry,"Land  Registry","Lands Registry"
195238,RES-2009-1624,general_registry,"Land  Registry","Lands Registry"
195239,RES-2009-7902,general_registry,"Land  Registry","Lands Registry"
195240,RES-2009-1156,registry,,2
195240,RES-2009-1156,general_registry,"Land  Registry","Lands Registry"
195242,RES-2009-7903,general_registry,"Land  Registry","Lands Registry"
195243,COM-1990-151,general_registry,"Land  Registry","Lands Registry"
195244,RES-2009-1625,general_registry,"Land  Registry","Lands Registry"
195248,RES-2009-7904,general_registry,"Land  Registry","Lands Registry"
195249,CON-IND-2022-53,general_registry,"Land  Registry","Lands Registry"
195250,RES-2009-1619,general_registry,"Land  Registry","Lands Registry"
195251,RES-2026-3567,registry,,2
195251,RES-2026-3567,general_registry,,"Lands Registry"
195251,RES-2026-3567,physical_registry,,"Registry 2 - Land"
195253,CON-IND-2025-279,general_registry,"Land  Registry","Lands Registry"
195254,RES-2009-7905,general_registry,"Land  Registry","Lands Registry"
195257,RES-2009-1620,general_registry,"Land  Registry","Lands Registry"
195259,RES-2009-8153,general_registry,"Land  Registry","Lands Registry"
195260,RES-2009-7909,general_registry,"Land  Registry","Lands Registry"
195263,CON-IND-2026-803,registry,,3
195263,CON-IND-2026-803,general_registry,,"Lands Registry"
195263,CON-IND-2026-803,physical_registry,,"Registry 3 - Land"
195264,RES-2009-1618,general_registry,"Land  Registry","Lands Registry"
195265,CON-COM-2024-424,general_registry,"Land  Registry","Lands Registry"
195266,RES-2009-1252,general_registry,"Land  Registry","Lands Registry"
195267,RES-2009-7915,general_registry,"Land  Registry","Lands Registry"
195270,CON-IND-2026-804,registry,,3
195270,CON-IND-2026-804,general_registry,,"Lands Registry"
195270,CON-IND-2026-804,physical_registry,,"Registry 3 - Land"
195274,RES-2009-7919,general_registry,"Land  Registry","Lands Registry"
195276,RES-2009-7920,general_registry,"Land  Registry","Lands Registry"
195277,RES-2009-8180,general_registry,"Land  Registry","Lands Registry"
195282,RES-2026-3568,registry,,2
195282,RES-2026-3568,general_registry,,"Lands Registry"
195282,RES-2026-3568,physical_registry,,"Registry 2 - Land"
195284,RES-2009-7921,general_registry,"Land  Registry","Lands Registry"
195285,CON-IND-2026-805,registry,,3
195285,CON-IND-2026-805,general_registry,,"Lands Registry"
195285,CON-IND-2026-805,physical_registry,,"Registry 3 - Land"
195287,RES-2009-7922,general_registry,"Land  Registry","Lands Registry"
195290,RES-2009-7924,general_registry,"Land  Registry","Lands Registry"
195291,RES-2009-7925,general_registry,"Land  Registry","Lands Registry"
195292,RES-2009-7926,general_registry,"Land  Registry","Lands Registry"
195294,CON-RES-2026-2922,registry,,3
195294,CON-RES-2026-2922,general_registry,,"Lands Registry"
195294,CON-RES-2026-2922,physical_registry,,"Registry 3 - Land"
195301,RES-2009-883,general_registry,"Land  Registry","Lands Registry"
195302,RES-2009-1148,general_registry,"Land  Registry","Lands Registry"
195304,RES-2009-880,general_registry,"Land  Registry","Lands Registry"
195305,RES-1988-331,general_registry,"Land  Registry","Lands Registry"
195306,RES-2009-876,general_registry,"Land  Registry","Lands Registry"
195307,RES-2009-881,general_registry,"Land  Registry","Lands Registry"
195308,RES-2009-1692,general_registry,"Land  Registry","Lands Registry"
195310,RES-2009-1677,general_registry,"Land  Registry","Lands Registry"
195311,RES-2009-884,general_registry,"Land  Registry","Lands Registry"
195312,RES-2009-813,general_registry,"Land  Registry","Lands Registry"
195313,RES-2009-890,general_registry,"Land  Registry","Lands Registry"
195314,RES-2009-2121,general_registry,"Land  Registry","Lands Registry"
195316,RES-2009-5951,general_registry,"Land  Registry","Lands Registry"
195317,RES-2009-855,general_registry,"Land  Registry","Lands Registry"
195318,RES-2015-2611,general_registry,"Land  Registry","Lands Registry"
195319,RES-2009-1610,general_registry,"Land  Registry","Lands Registry"
195320,RES-2009-5952,general_registry,"Land  Registry","Lands Registry"
195321,RES-2009-240,general_registry,"Land  Registry","Lands Registry"
195322,RES-2009-1649,general_registry,"Land  Registry","Lands Registry"
195323,RES-2009-1601,general_registry,"Land  Registry","Lands Registry"
195324,RES-2009-894,general_registry,"Land  Registry","Lands Registry"
195325,RES-2009-5953,general_registry,"Land  Registry","Lands Registry"
195326,RES-2012-2657,general_registry,"Land  Registry","Lands Registry"
195327,CON-RES-2021-582,registry,,3
195327,CON-RES-2021-582,general_registry,"Land  Registry","Lands Registry"
195328,RES-2009-1149,general_registry,"Land  Registry","Lands Registry"
195329,RES-2009-1642,general_registry,"Land  Registry","Lands Registry"
195330,RES-2009-1151,general_registry,"Land  Registry","Lands Registry"
195331,RES-2009-5960,general_registry,"Land  Registry","Lands Registry"
195332,RES-2009-1609,general_registry,"Land  Registry","Lands Registry"
195333,RES-2009-1153,general_registry,"Land  Registry","Lands Registry"
195335,RES-2009-1613,general_registry,"Land  Registry","Lands Registry"
195337,RES-2009-5959,general_registry,"Land  Registry","Lands Registry"
195338,RES-2009-860,general_registry,"Land  Registry","Lands Registry"
195339,RES-2009-1676,general_registry,"Land  Registry","Lands Registry"
195340,RES-2009-1641,general_registry,"Land  Registry","Lands Registry"
195341,RES-2009-1670,general_registry,"Land  Registry","Lands Registry"
195342,RES-2009-1161,registry,,2
195342,RES-2009-1161,general_registry,"Land  Registry","Lands Registry"
195344,RES-1989-2970,general_registry,"Land  Registry","Lands Registry"
195345,RES-2009-5935,general_registry,"Land  Registry","Lands Registry"
195346,RES-2009-1653,general_registry,"Land  Registry","Lands Registry"
195347,RES-2022-1076,registry,,2
195347,RES-2022-1076,general_registry,"Land  Registry","Lands Registry"
195348,RES-2009-1664,general_registry,"Land  Registry","Lands Registry"
195349,RES-2009-1627,general_registry,"Land  Registry","Lands Registry"
195350,RES-2017-2673,general_registry,"Land  Registry","Lands Registry"
195351,RES-2009-1665,general_registry,"Land  Registry","Lands Registry"
195352,RES-1985-568,general_registry,"Land  Registry","Lands Registry"
195353,RES-2009-5934,general_registry,"Land  Registry","Lands Registry"
195355,RES-2009-1160,general_registry,"Land  Registry","Lands Registry"
195356,CON-AG-2022-126,general_registry,"Land  Registry","Lands Registry"
195357,RES-2009-1655,general_registry,"Land  Registry","Lands Registry"
195358,RES-2009-1674,general_registry,"Land  Registry","Lands Registry"
195359,RES-2009-5933,general_registry,"Land  Registry","Lands Registry"
195360,RES-2015-1972,general_registry,"Land  Registry","Lands Registry"
195361,RES-2009-1656,general_registry,"Land  Registry","Lands Registry"
195363,CON-RES-1982-970,general_registry,"Land  Registry","Lands Registry"
195364,RES-2009-1650,general_registry,"Land  Registry","Lands Registry"
195367,RES-2018-83,general_registry,"Land  Registry","Lands Registry"
195368,RES-1989-2801,general_registry,"Land  Registry","Lands Registry"
195369,RES-RC-1982-1788,general_registry,"Land  Registry","Lands Registry"
195370,RES-2009-1675,general_registry,"Land  Registry","Lands Registry"
195371,RES-2009-5932,general_registry,"Land  Registry","Lands Registry"
195372,CON-RES-2008-810,general_registry,"Land  Registry","Lands Registry"
195374,RES-RC-1989-9,general_registry,"Land  Registry","Lands Registry"
195377,RES-2007-404,general_registry,"Land  Registry","Lands Registry"
195378,RES-1989-2804,general_registry,"Land  Registry","Lands Registry"
195380,RES-2009-1700,general_registry,"Land  Registry","Lands Registry"
195381,RES-2009-5931,general_registry,"Land  Registry","Lands Registry"
195383,COM-2021-457,general_registry,"Land  Registry","Lands Registry"
195384,RES-2009-5930,general_registry,"Land  Registry","Lands Registry"
195385,RES-2009-1647,general_registry,"Land  Registry","Lands Registry"
195386,RES-2021-4434,general_registry,"Land  Registry","Lands Registry"
195387,RES-2006-1216,general_registry,"Land  Registry","Lands Registry"
195390,RES-2009-1639,general_registry,"Land  Registry","Lands Registry"
195391,RES-1983-810,general_registry,"Land  Registry","Lands Registry"
195392,RES-2000-1770,general_registry,"Land  Registry","Lands Registry"
195393,RES-2020-4292,general_registry,"Land  Registry","Lands Registry"
195397,RES-1998-2812,general_registry,"Land  Registry","Lands Registry"
195398,RES-2009-1638,general_registry,"Land  Registry","Lands Registry"
195400,RES-2009-1636,general_registry,"Land  Registry","Lands Registry"
195401,RES-2009-2131,general_registry,"Land  Registry","Lands Registry"
195405,RES-2009-1637,general_registry,"Land  Registry","Lands Registry"
195406,RES-2009-1177,general_registry,"Land  Registry","Lands Registry"
195407,CON-IND-RC-1982-18,general_registry,"Land  Registry","Lands Registry"
195408,RES-2009-1633,general_registry,"Land  Registry","Lands Registry"
195409,RES-2009-8163,general_registry,"Land  Registry","Lands Registry"
195412,RES-2009-1174,general_registry,"Land  Registry","Lands Registry"
195413,RES-2016-2451,general_registry,"Land  Registry","Lands Registry"
195416,RES-2009-1662,general_registry,"Land  Registry","Lands Registry"
195417,RES-2009-801,registry,,2
195417,RES-2009-801,general_registry,"Land  Registry","Lands Registry"
195418,RES-2015-7505,general_registry,"Land  Registry","Lands Registry"
195420,RES-2009-1604,general_registry,"Land  Registry","Lands Registry"
195421,RES-2009-882,general_registry,"Land  Registry","Lands Registry"
195422,RES-2016-2552,general_registry,"Land  Registry","Lands Registry"
195423,RES-2009-1488,general_registry,"Land  Registry","Lands Registry"
195424,CON-COM-2024-667,general_registry,"Land  Registry","Lands Registry"
195427,RES-2026-3569,registry,,2
195427,RES-2026-3569,general_registry,,"Lands Registry"
195427,RES-2026-3569,physical_registry,,"Registry 2 - Land"
195429,RES-2026-3570,registry,,2
195429,RES-2026-3570,general_registry,,"Lands Registry"
195429,RES-2026-3570,physical_registry,,"Registry 2 - Land"
195430,RES-2009-845,general_registry,"Land  Registry","Lands Registry"
195431,RES-2026-3571,registry,,2
195431,RES-2026-3571,general_registry,,"Lands Registry"
195431,RES-2026-3571,physical_registry,,"Registry 2 - Land"
195432,RES-2026-3572,registry,,2
195432,RES-2026-3572,general_registry,,"Lands Registry"
195432,RES-2026-3572,physical_registry,,"Registry 2 - Land"
195433,RES-2005-1197,general_registry,"Land  Registry","Lands Registry"
195434,RES-2026-3573,registry,,2
195434,RES-2026-3573,general_registry,,"Lands Registry"
195434,RES-2026-3573,physical_registry,,"Registry 2 - Land"
195435,RES-2009-1657,general_registry,"Land  Registry","Lands Registry"
195436,RES-2009-802,general_registry,"Land  Registry","Lands Registry"
195437,RES-2026-3574,registry,,2
195437,RES-2026-3574,general_registry,,"Lands Registry"
195437,RES-2026-3574,physical_registry,,"Registry 2 - Land"
195438,RES-2009-5917,general_registry,"Land  Registry","Lands Registry"
195439,RES-2026-3575,registry,,2
195439,RES-2026-3575,general_registry,,"Lands Registry"
195439,RES-2026-3575,physical_registry,,"Registry 2 - Land"
195440,RES-2009-1663,general_registry,"Land  Registry","Lands Registry"
195441,RES-2009-8118,general_registry,"Land  Registry","Lands Registry"
195442,RES-2026-3576,registry,,2
195442,RES-2026-3576,general_registry,,"Lands Registry"
195442,RES-2026-3576,physical_registry,,"Registry 2 - Land"
195445,RES-2026-3577,registry,,2
195445,RES-2026-3577,general_registry,,"Lands Registry"
195445,RES-2026-3577,physical_registry,,"Registry 2 - Land"
195446,RES-2026-3578,registry,,2
195446,RES-2026-3578,general_registry,,"Lands Registry"
195446,RES-2026-3578,physical_registry,,"Registry 2 - Land"
195447,RES-2009-1646,general_registry,"Land  Registry","Lands Registry"
195448,RES-2026-3579,registry,,2
195448,RES-2026-3579,general_registry,,"Lands Registry"
195448,RES-2026-3579,physical_registry,,"Registry 2 - Land"
195449,RES-2009-877,general_registry,"Land  Registry","Lands Registry"
195450,RES-2026-3580,registry,,2
195450,RES-2026-3580,general_registry,,"Lands Registry"
195450,RES-2026-3580,physical_registry,,"Registry 2 - Land"
195451,RES-2026-3581,registry,,2
195451,RES-2026-3581,general_registry,,"Lands Registry"
195451,RES-2026-3581,physical_registry,,"Registry 2 - Land"
195452,RES-2009-1617,general_registry,"Land  Registry","Lands Registry"
195453,RES-2026-3582,registry,,2
195453,RES-2026-3582,general_registry,,"Lands Registry"
195453,RES-2026-3582,physical_registry,,"Registry 2 - Land"
195454,RES-2018-287,general_registry,"Land  Registry","Lands Registry"
195455,RES-2009-1635,general_registry,"Land  Registry","Lands Registry"
195456,RES-2009-1690,general_registry,"Land  Registry","Lands Registry"
195457,RES-2009-7993,general_registry,"Land  Registry","Lands Registry"
195458,RES-2015-7875,general_registry,"Land  Registry","Lands Registry"
195460,RES-2009-1634,general_registry,"Land  Registry","Lands Registry"
195461,RES-2009-1694,general_registry,"Land  Registry","Lands Registry"
195464,RES-2009-1693,general_registry,"Land  Registry","Lands Registry"
195465,RES-2015-4893,general_registry,"Land  Registry","Lands Registry"
195466,RES-2009-1154,general_registry,"Land  Registry","Lands Registry"
195467,RES-2004-721,general_registry,"Land  Registry","Lands Registry"
195468,RES-2009-1685,general_registry,"Land  Registry","Lands Registry"
195471,CON-AG-2026-174,registry,,3
195471,CON-AG-2026-174,general_registry,,"Lands Registry"
195471,CON-AG-2026-174,physical_registry,,"Registry 3 - Land"
195472,CON-COM-2026-633,registry,,3
195472,CON-COM-2026-633,general_registry,,"Lands Registry"
195472,CON-COM-2026-633,physical_registry,,"Registry 3 - Land"
195473,CON-COM-2026-634,registry,,3
195473,CON-COM-2026-634,general_registry,,"Lands Registry"
195473,CON-COM-2026-634,physical_registry,,"Registry 3 - Land"
195474,CON-RES-2026-2923,registry,,3
195474,CON-RES-2026-2923,general_registry,,"Lands Registry"
195474,CON-RES-2026-2923,physical_registry,,"Registry 3 - Land"
195475,RES-2026-3583,registry,,2
195475,RES-2026-3583,general_registry,,"Lands Registry"
195475,RES-2026-3583,physical_registry,,"Registry 2 - Land"
195476,RES-2026-3584,registry,,2
195476,RES-2026-3584,general_registry,,"Lands Registry"
195476,RES-2026-3584,physical_registry,,"Registry 2 - Land"
195477,RES-2026-3585,registry,,2
195477,RES-2026-3585,general_registry,,"Lands Registry"
195477,RES-2026-3585,physical_registry,,"Registry 2 - Land"
195478,RES-2026-3586,registry,,2
195478,RES-2026-3586,general_registry,,"Lands Registry"
195478,RES-2026-3586,physical_registry,,"Registry 2 - Land"
195479,RES-2026-3587,registry,,2
195479,RES-2026-3587,general_registry,,"Lands Registry"
195479,RES-2026-3587,physical_registry,,"Registry 2 - Land"
195480,RES-2026-3588,registry,,2
195480,RES-2026-3588,general_registry,,"Lands Registry"
195480,RES-2026-3588,physical_registry,,"Registry 2 - Land"
195481,RES-2026-3589,registry,,2
195481,RES-2026-3589,general_registry,,"Lands Registry"
195481,RES-2026-3589,physical_registry,,"Registry 2 - Land"
195482,RES-2026-3590,registry,,2
195482,RES-2026-3590,general_registry,,"Lands Registry"
195482,RES-2026-3590,physical_registry,,"Registry 2 - Land"
195483,RES-2026-3591,registry,,2
195483,RES-2026-3591,general_registry,,"Lands Registry"
195483,RES-2026-3591,physical_registry,,"Registry 2 - Land"
195484,RES-2026-3592,registry,,2
195484,RES-2026-3592,general_registry,,"Lands Registry"
195484,RES-2026-3592,physical_registry,,"Registry 2 - Land"
195485,RES-2026-3593,registry,,2
195485,RES-2026-3593,general_registry,,"Lands Registry"
195485,RES-2026-3593,physical_registry,,"Registry 2 - Land"
195486,RES-2026-3594,registry,,2
195486,RES-2026-3594,general_registry,,"Lands Registry"
195486,RES-2026-3594,physical_registry,,"Registry 2 - Land"
195487,RES-2026-3595,registry,,2
195487,RES-2026-3595,general_registry,,"Lands Registry"
195487,RES-2026-3595,physical_registry,,"Registry 2 - Land"
195488,RES-2026-3596,registry,,2
195488,RES-2026-3596,general_registry,,"Lands Registry"
195488,RES-2026-3596,physical_registry,,"Registry 2 - Land"
195489,RES-2026-3597,registry,,2
195489,RES-2026-3597,general_registry,,"Lands Registry"
195489,RES-2026-3597,physical_registry,,"Registry 2 - Land"
195490,RES-2026-3598,registry,,2
195490,RES-2026-3598,general_registry,,"Lands Registry"
195490,RES-2026-3598,physical_registry,,"Registry 2 - Land"
195491,RES-2026-3599,registry,,2
195491,RES-2026-3599,general_registry,,"Lands Registry"
195491,RES-2026-3599,physical_registry,,"Registry 2 - Land"
195492,RES-2026-3600,registry,,2
195492,RES-2026-3600,general_registry,,"Lands Registry"
195492,RES-2026-3600,physical_registry,,"Registry 2 - Land"
195493,RES-2026-3601,registry,,2
195493,RES-2026-3601,general_registry,,"Lands Registry"
195493,RES-2026-3601,physical_registry,,"Registry 2 - Land"
195494,RES-2026-3602,registry,,2
195494,RES-2026-3602,general_registry,,"Lands Registry"
195494,RES-2026-3602,physical_registry,,"Registry 2 - Land"
195495,RES-2026-3603,registry,,2
195495,RES-2026-3603,general_registry,,"Lands Registry"
195495,RES-2026-3603,physical_registry,,"Registry 2 - Land"
195496,RES-2026-3604,registry,,2
195496,RES-2026-3604,general_registry,,"Lands Registry"
195496,RES-2026-3604,physical_registry,,"Registry 2 - Land"
195497,RES-2026-3605,registry,,2
195497,RES-2026-3605,general_registry,,"Lands Registry"
195497,RES-2026-3605,physical_registry,,"Registry 2 - Land"
195498,RES-2026-3606,registry,,2
195498,RES-2026-3606,general_registry,,"Lands Registry"
195498,RES-2026-3606,physical_registry,,"Registry 2 - Land"
195499,RES-2026-3607,registry,,2
195499,RES-2026-3607,general_registry,,"Lands Registry"
195499,RES-2026-3607,physical_registry,,"Registry 2 - Land"
195500,RES-2026-3608,registry,,2
195500,RES-2026-3608,general_registry,,"Lands Registry"
195500,RES-2026-3608,physical_registry,,"Registry 2 - Land"
195501,RES-2026-3609,registry,,2
195501,RES-2026-3609,general_registry,,"Lands Registry"
195501,RES-2026-3609,physical_registry,,"Registry 2 - Land"
195502,RES-2026-3610,registry,,2
195502,RES-2026-3610,general_registry,,"Lands Registry"
195502,RES-2026-3610,physical_registry,,"Registry 2 - Land"
195503,RES-2026-3611,registry,,2
195503,RES-2026-3611,general_registry,,"Lands Registry"
195503,RES-2026-3611,physical_registry,,"Registry 2 - Land"
195504,RES-2026-3612,registry,,2
195504,RES-2026-3612,general_registry,,"Lands Registry"
195504,RES-2026-3612,physical_registry,,"Registry 2 - Land"
195505,RES-1982-1505,general_registry,"Land  Registry","Lands Registry"
195506,RES-1982-1506,general_registry,"Land  Registry","Lands Registry"
195507,IND-2026-192,registry,,1
195507,IND-2026-192,general_registry,,"Lands Registry"
195507,IND-2026-192,physical_registry,,"Registry 1 - Land"
195508,CON-COM-2023-584,general_registry,"Land  Registry","Lands Registry"
195510,CON-COM-2024-437,general_registry,"Land  Registry","Lands Registry"
195511,CON-AG-2024-227,general_registry,"Land  Registry","Lands Registry"
195512,CON-COM-2024-863,general_registry,"Land  Registry","Lands Registry"
195513,CON-COM-2024-479,general_registry,"Land  Registry","Lands Registry"
195514,CON-COM-2025-510,general_registry,"Land  Registry","Lands Registry"
195515,RES-2020-1644,general_registry,"Land  Registry","Lands Registry"
195516,RES-2020-1685,general_registry,"Land  Registry","Lands Registry"
195517,RES-2020-1943,general_registry,"Land  Registry","Lands Registry"
195518,RES-2020-1671,general_registry,"Land  Registry","Lands Registry"
195519,RES-2001-5694,general_registry,"Land  Registry","Lands Registry"
195520,RES-2020-1640,general_registry,"Land  Registry","Lands Registry"
195521,RES-2020-1660,general_registry,"Land  Registry","Lands Registry"
195522,RES-2020-1590,general_registry,"Land  Registry","Lands Registry"
195523,RES-2020-1632,general_registry,"Land  Registry","Lands Registry"
195524,RES-2020-1649,general_registry,"Land  Registry","Lands Registry"
195525,RES-2020-1646,general_registry,"Land  Registry","Lands Registry"
195526,RES-2020-1672,general_registry,"Land  Registry","Lands Registry"
195527,RES-2020-1593,general_registry,"Land  Registry","Lands Registry"
195528,RES-2020-1599,general_registry,"Land  Registry","Lands Registry"
195529,RES-2020-1638,general_registry,"Land  Registry","Lands Registry"
195530,RES-2020-1674,general_registry,"Land  Registry","Lands Registry"
195531,RES-2020-1675,general_registry,"Land  Registry","Lands Registry"
195532,RES-2020-1944,general_registry,"Land  Registry","Lands Registry"
195533,RES-2020-1677,general_registry,"Land  Registry","Lands Registry"
195534,RES-2020-1788,general_registry,"Land  Registry","Lands Registry"
195535,RES-2020-1598,general_registry,"Land  Registry","Lands Registry"
195536,RES-2020-1594,general_registry,"Land  Registry","Lands Registry"
195537,RES-2020-1609,general_registry,"Land  Registry","Lands Registry"
195538,RES-2020-1596,general_registry,"Land  Registry","Lands Registry"
195539,RES-2020-1787,general_registry,"Land  Registry","Lands Registry"
195540,RES-2020-1687,general_registry,"Land  Registry","Lands Registry"
195541,RES-2007-650,general_registry,"Land  Registry","Lands Registry"
195542,RES-2015-3019(T),general_registry,"Land  Registry","Lands Registry"
195543,CON-COM-2020-466,general_registry,"Land  Registry","Lands Registry"
195544,CON-RES-2010-789,general_registry,"Land  Registry","Lands Registry"
195545,CON-RES-2010-790,general_registry,"Land  Registry","Lands Registry"
195546,RES-2026-3613,registry,,2
195546,RES-2026-3613,general_registry,,"Lands Registry"
195546,RES-2026-3613,physical_registry,,"Registry 2 - Land"
195547,IND-2026-193,registry,,1
195547,IND-2026-193,general_registry,,"Lands Registry"
195547,IND-2026-193,physical_registry,,"Registry 1 - Land"
195548,IND-2026-194,registry,,1
195548,IND-2026-194,general_registry,,"Lands Registry"
195548,IND-2026-194,physical_registry,,"Registry 1 - Land"
195549,IND-2026-195,registry,,1
195549,IND-2026-195,general_registry,,"Lands Registry"
195549,IND-2026-195,physical_registry,,"Registry 1 - Land"
195550,IND-2026-196,registry,,1
195550,IND-2026-196,general_registry,,"Lands Registry"
195550,IND-2026-196,physical_registry,,"Registry 1 - Land"
195551,IND-2026-197,registry,,1
195551,IND-2026-197,general_registry,,"Lands Registry"
195551,IND-2026-197,physical_registry,,"Registry 1 - Land"
195552,IND-2026-198,registry,,1
195552,IND-2026-198,general_registry,,"Lands Registry"
195552,IND-2026-198,physical_registry,,"Registry 1 - Land"
195553,COM-2026-343,registry,,1
195553,COM-2026-343,general_registry,,"Lands Registry"
195553,COM-2026-343,physical_registry,,"Registry 1 - Land"
195554,COM-2026-344,registry,,1
195554,COM-2026-344,general_registry,,"Lands Registry"
195554,COM-2026-344,physical_registry,,"Registry 1 - Land"
195555,CON-RES-2012-262,general_registry,"Land  Registry","Lands Registry"
195557,CON-COM-1982-167,general_registry,"Land  Registry","Lands Registry"
195559,CON-COM-2015-160,general_registry,"Land  Registry","Lands Registry"
195561,CON-COM-2016-93,general_registry,"Land  Registry","Lands Registry"
195563,CON-COM-2019-295,general_registry,"Land  Registry","Lands Registry"
195565,CON-RES-2014-333,general_registry,"Land  Registry","Lands Registry"
195567,CON-COM-2004-65,general_registry,"Land  Registry","Lands Registry"
195569,CON-RES-1983-120,general_registry,"Land  Registry","Lands Registry"
195570,COM-2008-189,general_registry,"Land  Registry","Lands Registry"
195571,COM-2004-123,general_registry,"Land  Registry","Lands Registry"
195572,CON-COM-1997-12,registry,,3
195572,CON-COM-1997-12,general_registry,"Land  Registry","Lands Registry"
195575,RES-2009-6190,general_registry,"Land  Registry","Lands Registry"
195576,RES-1982-333,general_registry,"Land  Registry","Lands Registry"
195577,COM-2016-292,general_registry,"Land  Registry","Lands Registry"
195579,RES-2009-6207,general_registry,"Land  Registry","Lands Registry"
195580,RES-2009-6208,general_registry,"Land  Registry","Lands Registry"
195581,RES-2009-6210,general_registry,"Land  Registry","Lands Registry"
195582,RES-2009-5762,general_registry,"Land  Registry","Lands Registry"
195583,RES-2009-4178,general_registry,"Land  Registry","Lands Registry"
195585,RES-2020-2817,general_registry,"Land  Registry","Lands Registry"
195587,RES-2009-1965,registry,,2
195587,RES-2009-1965,general_registry,"Land  Registry","Lands Registry"
195589,RES-2020-2852,general_registry,"Land  Registry","Lands Registry"
195590,RES-2009-4305,general_registry,"Land  Registry","Lands Registry"
195591,RES-2009-6132,general_registry,"Land  Registry","Lands Registry"
195592,RES-2020-2840,general_registry,"Land  Registry","Lands Registry"
195593,RES-2009-742,general_registry,"Land  Registry","Lands Registry"
195594,RES-2020-2844,general_registry,"Land  Registry","Lands Registry"
195595,RES-2009-5763,general_registry,"Land  Registry","Lands Registry"
195596,RES-2009-4129,general_registry,"Land  Registry","Lands Registry"
195597,RES-2020-2797,general_registry,"Land  Registry","Lands Registry"
195598,RES-2009-1197,general_registry,"Land  Registry","Lands Registry"
195600,RES-2009-7400,general_registry,"Land  Registry","Lands Registry"
195603,RES-2020-2849,general_registry,"Land  Registry","Lands Registry"
195604,RES-2009-5764,general_registry,"Land  Registry","Lands Registry"
195605,RES-2009-717,general_registry,"Land  Registry","Lands Registry"
195606,RES-2020-2772,general_registry,"Land  Registry","Lands Registry"
195608,CON-COM-1987-94,general_registry,"Land  Registry","Lands Registry"
195609,RES-2009-7331,general_registry,"Land  Registry","Lands Registry"
195610,RES-2009-4644,general_registry,"Land  Registry","Lands Registry"
195611,RES-2009-4126,general_registry,"Land  Registry","Lands Registry"
195612,RES-2009-7347,general_registry,"Land  Registry","Lands Registry"
195613,RES-2020-2821,general_registry,"Land  Registry","Lands Registry"
195615,COM-1982-73,general_registry,"Land  Registry","Lands Registry"
195616,RES-2009-4664,general_registry,"Land  Registry","Lands Registry"
195617,RES-2009-1538,general_registry,"Land  Registry","Lands Registry"
195618,RES-2020-2897,general_registry,"Land  Registry","Lands Registry"
195619,RES-2009-2166,general_registry,"Land  Registry","Lands Registry"
195620,RES-2009-2151,general_registry,"Land  Registry","Lands Registry"
195621,RES-2009-4665,general_registry,"Land  Registry","Lands Registry"
195622,RES-2009-4674,general_registry,"Land  Registry","Lands Registry"
195623,RES-2020-2872,general_registry,"Land  Registry","Lands Registry"
195625,RES-2009-4128,general_registry,"Land  Registry","Lands Registry"
195630,RES-2020-2809,general_registry,"Land  Registry","Lands Registry"
195631,RES-2009-714,general_registry,"Land  Registry","Lands Registry"
195632,RES-2009-4666,general_registry,"Land  Registry","Lands Registry"
195633,COM-2012-26(T),general_registry,"Land  Registry","Lands Registry"
195634,RES-2009-7119,general_registry,"Land  Registry","Lands Registry"
195635,RES-2009-4360,general_registry,"Land  Registry","Lands Registry"
195636,CON-RES-2017-54,general_registry,"Land  Registry","Lands Registry"
195637,RES-2009-111,general_registry,"Land  Registry","Lands Registry"
195638,RES-2015-4310,general_registry,"Land  Registry","Lands Registry"
195639,RES-2020-2879,general_registry,"Land  Registry","Lands Registry"
195640,RES-2025-3394,general_registry,"Land  Registry","Lands Registry"
195643,RES-2009-7330,general_registry,"Land  Registry","Lands Registry"
195644,RES-2009-4127,general_registry,"Land  Registry","Lands Registry"
195645,RES-2009-4359,general_registry,"Land  Registry","Lands Registry"
195646,RES-2009-4630,general_registry,"Land  Registry","Lands Registry"
195647,RES-2009-7118,general_registry,"Land  Registry","Lands Registry"
195648,RES-2025-3395,general_registry,"Land  Registry","Lands Registry"
195649,RES-RC-1982-301,general_registry,"Land  Registry","Lands Registry"
195650,CON-COM-2009-72,general_registry,"Land  Registry","Lands Registry"
195654,RES-2020-2878,general_registry,"Land  Registry","Lands Registry"
195655,RES-2009-2104,general_registry,"Land  Registry","Lands Registry"
195656,CON-RES-1982-1032,general_registry,"Land  Registry","Lands Registry"
195657,RES-2009-6118,general_registry,"Land  Registry","Lands Registry"
195658,RES-2020-2771,general_registry,"Land  Registry","Lands Registry"
195662,RES-2009-5240,general_registry,"Land  Registry","Lands Registry"
195663,RES-2009-4116,general_registry,"Land  Registry","Lands Registry"
195664,RES-2009-7149,general_registry,"Land  Registry","Lands Registry"
195665,RES-2020-2846,general_registry,"Land  Registry","Lands Registry"
195668,RES-2009-6188,general_registry,"Land  Registry","Lands Registry"
195670,CON-COM-2016-247,general_registry,"Land  Registry","Lands Registry"
195671,RES-2020-2854,general_registry,"Land  Registry","Lands Registry"
195672,RES-2009-4627,general_registry,"Land  Registry","Lands Registry"
195673,RES-2009-3989,general_registry,"Land  Registry","Lands Registry"
195674,RES-2009-7148,general_registry,"Land  Registry","Lands Registry"
195675,RES-2009-2136,general_registry,"Land  Registry","Lands Registry"
195676,RES-2026-3614,registry,,2
195676,RES-2026-3614,general_registry,,"Lands Registry"
195676,RES-2026-3614,physical_registry,,"Registry 2 - Land"
195678,RES-2022-4080,general_registry,"Land  Registry","Lands Registry"
195679,RES-2026-3615,registry,,2
195679,RES-2026-3615,general_registry,,"Lands Registry"
195679,RES-2026-3615,physical_registry,,"Registry 2 - Land"
195680,RES-2009-4690,general_registry,"Land  Registry","Lands Registry"
195681,RES-2020-2853,general_registry,"Land  Registry","Lands Registry"
195682,RES-2009-6143,general_registry,"Land  Registry","Lands Registry"
195683,RES-2026-3616,registry,,2
195683,RES-2026-3616,general_registry,,"Lands Registry"
195683,RES-2026-3616,physical_registry,,"Registry 2 - Land"
195684,RES-RC-2024-8,general_registry,"Land  Registry","Lands Registry"
195685,CON-AG-2020-82,general_registry,"Land  Registry","Lands Registry"
195686,RES-2026-3617,registry,,2
195686,RES-2026-3617,general_registry,,"Lands Registry"
195686,RES-2026-3617,physical_registry,,"Registry 2 - Land"
195688,RES-2026-3618,registry,,2
195688,RES-2026-3618,general_registry,,"Lands Registry"
195688,RES-2026-3618,physical_registry,,"Registry 2 - Land"
195691,RES-2020-2866,general_registry,"Land  Registry","Lands Registry"
195692,RES-2009-7150,general_registry,"Land  Registry","Lands Registry"
195693,RES-2026-3619,registry,,2
195693,RES-2026-3619,general_registry,,"Lands Registry"
195693,RES-2026-3619,physical_registry,,"Registry 2 - Land"
195694,RES-2022-4830,general_registry,"Land  Registry","Lands Registry"
195695,RES-2026-3620,registry,,2
195695,RES-2026-3620,general_registry,,"Lands Registry"
195695,RES-2026-3620,physical_registry,,"Registry 2 - Land"
195699,RES-2009-7071,general_registry,"Land  Registry","Lands Registry"
195701,RES-2026-3621,registry,,2
195701,RES-2026-3621,general_registry,,"Lands Registry"
195701,RES-2026-3621,physical_registry,,"Registry 2 - Land"
195702,RES-2009-5499,general_registry,"Land  Registry","Lands Registry"
195703,RES-2009-4671,general_registry,"Land  Registry","Lands Registry"
195704,RES-2009-6117,general_registry,"Land  Registry","Lands Registry"
195705,RES-2026-3622,registry,,2
195705,RES-2026-3622,general_registry,,"Lands Registry"
195705,RES-2026-3622,physical_registry,,"Registry 2 - Land"
195706,RES-2020-2890,general_registry,"Land  Registry","Lands Registry"
195707,RES-2009-3952,general_registry,"Land  Registry","Lands Registry"
195709,RES-2022-6070,general_registry,"Land  Registry","Lands Registry"
195710,RES-2026-3623,registry,,2
195710,RES-2026-3623,general_registry,,"Lands Registry"
195710,RES-2026-3623,physical_registry,,"Registry 2 - Land"
195711,RES-2009-4368,general_registry,"Land  Registry","Lands Registry"
195712,RES-2009-3925,general_registry,"Land  Registry","Lands Registry"
195713,RES-2026-3624,registry,,2
195713,RES-2026-3624,general_registry,,"Lands Registry"
195713,RES-2026-3624,physical_registry,,"Registry 2 - Land"
195714,RES-2026-3625,registry,,2
195714,RES-2026-3625,general_registry,,"Lands Registry"
195714,RES-2026-3625,physical_registry,,"Registry 2 - Land"
195715,RES-2026-3626,registry,,2
195715,RES-2026-3626,general_registry,,"Lands Registry"
195715,RES-2026-3626,physical_registry,,"Registry 2 - Land"
195716,RES-2009-3926,general_registry,"Land  Registry","Lands Registry"
195717,RES-2026-3627,registry,,2
195717,RES-2026-3627,general_registry,,"Lands Registry"
195717,RES-2026-3627,physical_registry,,"Registry 2 - Land"
195719,RES-2009-4613,general_registry,"Land  Registry","Lands Registry"
195720,RES-2026-3628,registry,,2
195720,RES-2026-3628,general_registry,,"Lands Registry"
195720,RES-2026-3628,physical_registry,,"Registry 2 - Land"
195721,RES-2009-7135,general_registry,"Land  Registry","Lands Registry"
195723,RES-2009-6116,general_registry,"Land  Registry","Lands Registry"
195724,RES-2009-3927,general_registry,"Land  Registry","Lands Registry"
195725,RES-2009-4621,registry,,2
195725,RES-2009-4621,general_registry,"Land  Registry","Lands Registry"
195726,COM-2015-399,general_registry,"Land  Registry","Lands Registry"
195727,RES-2009-3928,general_registry,"Land  Registry","Lands Registry"
195729,IND-2026-199,registry,,1
195729,IND-2026-199,general_registry,,"Lands Registry"
195729,IND-2026-199,physical_registry,,"Registry 1 - Land"
195730,RES-2022-1608,general_registry,"Land  Registry","Lands Registry"
195731,RES-2009-4138,general_registry,"Land  Registry","Lands Registry"
195732,RES-2024-647,general_registry,"Land  Registry","Lands Registry"
195733,RES-2009-4137,general_registry,"Land  Registry","Lands Registry"
195734,IND-2026-200,registry,,1
195734,IND-2026-200,general_registry,,"Lands Registry"
195734,IND-2026-200,physical_registry,,"Registry 1 - Land"
195735,IND-2026-201,registry,,1
195735,IND-2026-201,general_registry,,"Lands Registry"
195735,IND-2026-201,physical_registry,,"Registry 1 - Land"
195736,RES-2009-7134,general_registry,"Land  Registry","Lands Registry"
195739,RES-1992-7161,general_registry,"Land  Registry","Lands Registry"
195740,RES-2014-2700,registry,,2
195740,RES-2014-2700,general_registry,"Land  Registry","Lands Registry"
195741,RES-2026-3629,registry,,2
195741,RES-2026-3629,general_registry,,"Lands Registry"
195741,RES-2026-3629,physical_registry,,"Registry 2 - Land"
195742,IND-2026-202,registry,,1
195742,IND-2026-202,general_registry,,"Lands Registry"
195742,IND-2026-202,physical_registry,,"Registry 1 - Land"
195743,IND-2026-203,registry,,1
195743,IND-2026-203,general_registry,,"Lands Registry"
195743,IND-2026-203,physical_registry,,"Registry 1 - Land"
195744,IND-2026-204,registry,,1
195744,IND-2026-204,general_registry,,"Lands Registry"
195744,IND-2026-204,physical_registry,,"Registry 1 - Land"
195745,IND-2026-205,registry,,1
195745,IND-2026-205,general_registry,,"Lands Registry"
195745,IND-2026-205,physical_registry,,"Registry 1 - Land"
195746,IND-2026-206,registry,,1
195746,IND-2026-206,general_registry,,"Lands Registry"
195746,IND-2026-206,physical_registry,,"Registry 1 - Land"
195747,IND-2026-207,registry,,1
195747,IND-2026-207,general_registry,,"Lands Registry"
195747,IND-2026-207,physical_registry,,"Registry 1 - Land"
195749,RES-2009-8165,general_registry,"Land  Registry","Lands Registry"
195752,RES-2009-4601,general_registry,"Land  Registry","Lands Registry"
195753,RES-2009-4118,general_registry,"Land  Registry","Lands Registry"
195754,RES-2024-648,general_registry,"Land  Registry","Lands Registry"
195755,RES-2009-8000,registry,,2
195755,RES-2009-8000,general_registry,"Land  Registry","Lands Registry"
195756,RES-2009-7133,general_registry,"Land  Registry","Lands Registry"
195757,RES-2009-4676,general_registry,"Land  Registry","Lands Registry"
195760,RES-2024-649,general_registry,"Land  Registry","Lands Registry"
195761,CON-COM-2022-47,general_registry,"Land  Registry","Lands Registry"
195762,RES-1990-4360,general_registry,"Land  Registry","Lands Registry"
195763,RES-2009-4672,general_registry,"Land  Registry","Lands Registry"
195766,RES-2026-3631,registry,,2
195766,RES-2026-3631,general_registry,,"Lands Registry"
195766,RES-2026-3631,physical_registry,,"Registry 2 - Land"
195767,RES-2009-4880,general_registry,"Land  Registry","Lands Registry"
195768,RES-2009-8181,general_registry,"Land  Registry","Lands Registry"
195771,RES-2009-1551,general_registry,"Land  Registry","Lands Registry"
195772,RES-2009-4631,general_registry,"Land  Registry","Lands Registry"
195773,RES-2024-650,general_registry,"Land  Registry","Lands Registry"
195774,CON-RES-1982-1074,general_registry,"Land  Registry","Lands Registry"
195776,RES-2009-4611,general_registry,"Land  Registry","Lands Registry"
195777,RES-2026-3632,registry,,2
195777,RES-2026-3632,general_registry,,"Lands Registry"
195777,RES-2026-3632,physical_registry,,"Registry 2 - Land"
195779,RES-2024-651,general_registry,"Land  Registry","Lands Registry"
195780,CON-RES-1983-803,registry,,3
195780,CON-RES-1983-803,general_registry,"Land  Registry","Lands Registry"
195781,RES-2009-4641,general_registry,"Land  Registry","Lands Registry"
195783,RES-2020-2750,general_registry,"Land  Registry","Lands Registry"
195785,RES-2024-652,general_registry,"Land  Registry","Lands Registry"
195786,RES-2009-8175,general_registry,"Land  Registry","Lands Registry"
195787,RES-2020-2752,general_registry,"Land  Registry","Lands Registry"
195788,RES-2026-3633,registry,,2
195788,RES-2026-3633,general_registry,,"Lands Registry"
195788,RES-2026-3633,physical_registry,,"Registry 2 - Land"
195789,RES-2009-4675,general_registry,"Land  Registry","Lands Registry"
195790,RES-2009-8182,general_registry,"Land  Registry","Lands Registry"
195791,RES-1989-247,general_registry,"Land  Registry","Lands Registry"
195792,RES-2020-2789,general_registry,"Land  Registry","Lands Registry"
195793,RES-2009-4634,general_registry,"Land  Registry","Lands Registry"
195794,RES-2009-6564,general_registry,"Land  Registry","Lands Registry"
195795,RES-2024-5640,general_registry,"Land  Registry","Lands Registry"
195796,RES-2026-3634,registry,,2
195796,RES-2026-3634,general_registry,,"Lands Registry"
195796,RES-2026-3634,physical_registry,,"Registry 2 - Land"
195797,RES-2020-2792,general_registry,"Land  Registry","Lands Registry"
195798,RES-2009-4602,general_registry,"Land  Registry","Lands Registry"
195801,RES-2009-1566,general_registry,"Land  Registry","Lands Registry"
195802,RES-2009-4177,general_registry,"Land  Registry","Lands Registry"
195803,RES-2020-2766,general_registry,"Land  Registry","Lands Registry"
195804,RES-2009-4642,general_registry,"Land  Registry","Lands Registry"
195805,RES-2025-777,general_registry,"Land  Registry","Lands Registry"
195806,RES-2026-3635,registry,,2
195806,RES-2026-3635,general_registry,,"Lands Registry"
195806,RES-2026-3635,physical_registry,,"Registry 2 - Land"
195807,RES-2020-2770,general_registry,"Land  Registry","Lands Registry"
195808,RES-2009-4653,registry,,2
195808,RES-2009-4653,general_registry,"Land  Registry","Lands Registry"
195809,CON-RES-2018-356,general_registry,"Land  Registry","Lands Registry"
195812,RES-2025-778,general_registry,"Land  Registry","Lands Registry"
195813,RES-2020-2867,general_registry,"Land  Registry","Lands Registry"
195814,RES-2009-5242,registry,,2
195814,RES-2009-5242,general_registry,"Land  Registry","Lands Registry"
195816,RES-2026-3636,registry,,2
195816,RES-2026-3636,general_registry,,"Lands Registry"
195816,RES-2026-3636,physical_registry,,"Registry 2 - Land"
195817,RES-2020-2898,general_registry,"Land  Registry","Lands Registry"
195818,RES-2025-779,general_registry,"Land  Registry","Lands Registry"
195820,RES-2020-2865,general_registry,"Land  Registry","Lands Registry"
195821,RES-2026-3637,registry,,2
195821,RES-2026-3637,general_registry,,"Lands Registry"
195821,RES-2026-3637,physical_registry,,"Registry 2 - Land"
195822,RES-2017-1109,general_registry,"Land  Registry","Lands Registry"
195823,RES-2009-1687,general_registry,"Land  Registry","Lands Registry"
195824,RES-2026-3638,registry,,2
195824,RES-2026-3638,general_registry,,"Lands Registry"
195824,RES-2026-3638,physical_registry,,"Registry 2 - Land"
195825,RES-2020-2749,general_registry,"Land  Registry","Lands Registry"
195826,RES-2009-1568,general_registry,"Land  Registry","Lands Registry"
195827,RES-2010-4061,general_registry,"Land  Registry","Lands Registry"
195828,RES-2025-780,general_registry,"Land  Registry","Lands Registry"
195829,RES-2009-5878,general_registry,"Land  Registry","Lands Registry"
195830,RES-2020-2877,general_registry,"Land  Registry","Lands Registry"
195831,RES-2009-786,general_registry,"Land  Registry","Lands Registry"
195832,RES-2009-5880,general_registry,"Land  Registry","Lands Registry"
195833,RES-2015-563,general_registry,"Land  Registry","Lands Registry"
195834,RES-2009-108,general_registry,"Land  Registry","Lands Registry"
195837,RES-1997-375,general_registry,"Land  Registry","Lands Registry"
195838,RES-2009-5877,general_registry,"Land  Registry","Lands Registry"
195841,RES-2009-5879,general_registry,"Land  Registry","Lands Registry"
195842,RES-2009-5246,general_registry,"Land  Registry","Lands Registry"
195843,RES-2009-787,general_registry,"Land  Registry","Lands Registry"
195844,RES-2009-792,general_registry,"Land  Registry","Lands Registry"
195845,RES-2009-5876,general_registry,"Land  Registry","Lands Registry"
195846,RES-2025-781,general_registry,"Land  Registry","Lands Registry"
195847,RES-1993-3601,general_registry,"Land  Registry","Lands Registry"
195848,RES-2020-1191,general_registry,"Land  Registry","Lands Registry"
195849,RES-2009-5247,general_registry,"Land  Registry","Lands Registry"
195850,CON-RES-1987-564,general_registry,"Land  Registry","Lands Registry"
195852,RES-2009-5871,general_registry,"Land  Registry","Lands Registry"
195853,RES-2009-3896,general_registry,"Land  Registry","Lands Registry"
195854,RES-2009-5875,general_registry,"Land  Registry","Lands Registry"
195856,RES-2009-5248,general_registry,"Land  Registry","Lands Registry"
195857,RES-2009-103,general_registry,"Land  Registry","Lands Registry"
195858,RES-2009-790,general_registry,"Land  Registry","Lands Registry"
195860,RES-2009-749,general_registry,"Land  Registry","Lands Registry"
195861,RES-2025-782,general_registry,"Land  Registry","Lands Registry"
195864,RES-2009-5239,general_registry,"Land  Registry","Lands Registry"
195865,RES-2020-1171,general_registry,"Land  Registry","Lands Registry"
195866,RES-2009-5874,general_registry,"Land  Registry","Lands Registry"
195867,RES-2009-5870,general_registry,"Land  Registry","Lands Registry"
195869,RES-2009-797,general_registry,"Land  Registry","Lands Registry"
195870,RES-2009-789,general_registry,"Land  Registry","Lands Registry"
195871,RES-2009-1678,general_registry,"Land  Registry","Lands Registry"
195872,RES-2020-1197,general_registry,"Land  Registry","Lands Registry"
195874,RES-2009-5873,general_registry,"Land  Registry","Lands Registry"
195875,RES-2009-105,general_registry,"Land  Registry","Lands Registry"
195876,RES-2009-5869,general_registry,"Land  Registry","Lands Registry"
195877,RES-2020-1208,general_registry,"Land  Registry","Lands Registry"
195878,RES-2009-3933,general_registry,"Land  Registry","Lands Registry"
195879,RES-2009-1564,registry,,2
195879,RES-2009-1564,general_registry,"Land  Registry","Lands Registry"
195880,RES-2025-784,general_registry,"Land  Registry","Lands Registry"
195881,RES-2009-1679,general_registry,"Land  Registry","Lands Registry"
195882,RES-2009-106,general_registry,"Land  Registry","Lands Registry"
195883,RES-2009-778,general_registry,"Land  Registry","Lands Registry"
195884,RES-2025-785,general_registry,"Land  Registry","Lands Registry"
195885,RES-2020-1190,general_registry,"Land  Registry","Lands Registry"
195886,RES-2020-1188,general_registry,"Land  Registry","Lands Registry"
195887,RES-2009-709,registry,,2
195887,RES-2009-709,general_registry,"Land  Registry","Lands Registry"
195889,RES-2009-1654,general_registry,"Land  Registry","Lands Registry"
195890,RES-2009-107,general_registry,"Land  Registry","Lands Registry"
195891,RES-2020-1187,general_registry,"Land  Registry","Lands Registry"
195892,RES-2009-775,general_registry,"Land  Registry","Lands Registry"
195893,RES-2009-715,general_registry,"Land  Registry","Lands Registry"
195895,RES-2009-1688,general_registry,"Land  Registry","Lands Registry"
195897,RES-2024-3451,general_registry,"Land  Registry","Lands Registry"
195898,RES-2020-1196,general_registry,"Land  Registry","Lands Registry"
195899,RES-2009-104,general_registry,"Land  Registry","Lands Registry"
195901,RES-2014-2680,general_registry,"Land  Registry","Lands Registry"
195902,RES-2009-6141,general_registry,"Land  Registry","Lands Registry"
195903,RES-1986-2113,general_registry,"Land  Registry","Lands Registry"
195904,RES-2009-5867,registry,,2
195904,RES-2009-5867,general_registry,"Land  Registry","Lands Registry"
195905,RES-2009-6147,general_registry,"Land  Registry","Lands Registry"
195907,RES-2021-3248,general_registry,"Land  Registry","Lands Registry"
195909,CON-RES-2013-124,general_registry,"Land  Registry","Lands Registry"
195913,RES-2009-140,general_registry,"Land  Registry","Lands Registry"
195914,RES-2018-3086,general_registry,"Land  Registry","Lands Registry"
195915,RES-2009-6142,general_registry,"Land  Registry","Lands Registry"
195916,RES-2021-3510,general_registry,"Land  Registry","Lands Registry"
195918,RES-2009-5865,general_registry,"Land  Registry","Lands Registry"
195919,RES-2009-1689,general_registry,"Land  Registry","Lands Registry"
195920,RES-2009-716,general_registry,"Land  Registry","Lands Registry"
195921,RES-2023-1462,registry,,2
195921,RES-2023-1462,general_registry,"Land  Registry","Lands Registry"
195922,RES-2009-3858,general_registry,"Land  Registry","Lands Registry"
195923,RES-2009-135,general_registry,"Land  Registry","Lands Registry"
195924,RES-2018-3259,general_registry,"Land  Registry","Lands Registry"
195925,RES-2010-3743,general_registry,"Land  Registry","Lands Registry"
195931,RES-2009-794,general_registry,"Land  Registry","Lands Registry"
195934,RES-2009-729,general_registry,"Land  Registry","Lands Registry"
195935,RES-2009-136,general_registry,"Land  Registry","Lands Registry"
195936,RES-2009-4591,general_registry,"Land  Registry","Lands Registry"
195937,RES-2009-137,general_registry,"Land  Registry","Lands Registry"
195938,RES-2018-3260,general_registry,"Land  Registry","Lands Registry"
195939,RES-2009-5864,general_registry,"Land  Registry","Lands Registry"
195941,RES-2009-726,general_registry,"Land  Registry","Lands Registry"
195943,RES-2009-708,general_registry,"Land  Registry","Lands Registry"
195944,RES-2009-138,general_registry,"Land  Registry","Lands Registry"
195945,RES-2009-5863,general_registry,"Land  Registry","Lands Registry"
195949,RES-2009-1531,registry,,2
195949,RES-2009-1531,general_registry,"Land  Registry","Lands Registry"
195950,COM-2015-362,general_registry,"Land  Registry","Lands Registry"
195951,RES-2009-4588,general_registry,"Land  Registry","Lands Registry"
195952,RES-2009-772,general_registry,"Land  Registry","Lands Registry"
195953,COM-2024-51,general_registry,"Land  Registry","Lands Registry"
195954,RES-2009-727,general_registry,"Land  Registry","Lands Registry"
195957,RES-2009-4587,general_registry,"Land  Registry","Lands Registry"
195958,RES-2009-732,general_registry,"Land  Registry","Lands Registry"
195960,RES-2009-785,general_registry,"Land  Registry","Lands Registry"
195961,RES-2009-4526,general_registry,"Land  Registry","Lands Registry"
195962,RES-2009-774,general_registry,"Land  Registry","Lands Registry"
195967,CON-COM-2024-255,general_registry,"Land  Registry","Lands Registry"
195968,CON-COM-2024-266,general_registry,"Land  Registry","Lands Registry"
195969,RES-2009-768,general_registry,"Land  Registry","Lands Registry"
195970,RES-2009-776,general_registry,"Land  Registry","Lands Registry"
195971,RES-2009-4501,general_registry,"Land  Registry","Lands Registry"
195972,RES-2009-723,registry,,2
195972,RES-2009-723,general_registry,"Land  Registry","Lands Registry"
195973,RES-2009-4533,general_registry,"Land  Registry","Lands Registry"
195974,RES-2009-722,general_registry,"Land  Registry","Lands Registry"
195975,RES-2009-4511,general_registry,"Land  Registry","Lands Registry"
195976,RES-2009-4532,general_registry,"Land  Registry","Lands Registry"
195977,RES-2009-771,general_registry,"Land  Registry","Lands Registry"
195978,RES-2009-755,general_registry,"Land  Registry","Lands Registry"
195979,RES-2009-4429,general_registry,"Land  Registry","Lands Registry"
195980,RES-2009-793,general_registry,"Land  Registry","Lands Registry"
195981,RES-2009-1691,general_registry,"Land  Registry","Lands Registry"
195982,RES-2009-800,general_registry,"Land  Registry","Lands Registry"
195983,RES-2009-720,general_registry,"Land  Registry","Lands Registry"
195984,RES-2009-741,general_registry,"Land  Registry","Lands Registry"
195985,RES-2009-7448,general_registry,"Land  Registry","Lands Registry"
195986,RES-2009-1546,general_registry,"Land  Registry","Lands Registry"
195987,RES-2009-779,general_registry,"Land  Registry","Lands Registry"
195988,RES-2009-1602,general_registry,"Land  Registry","Lands Registry"
195989,RES-2009-1605,general_registry,"Land  Registry","Lands Registry"
195990,RES-2009-748,general_registry,"Land  Registry","Lands Registry"
195991,RES-2009-784,general_registry,"Land  Registry","Lands Registry"
195992,RES-2009-737,general_registry,"Land  Registry","Lands Registry"
195993,RES-2009-7497,general_registry,"Land  Registry","Lands Registry"
195994,RES-2009-743,general_registry,"Land  Registry","Lands Registry"
195995,RES-2009-780,general_registry,"Land  Registry","Lands Registry"
195996,RES-2009-1683,general_registry,"Land  Registry","Lands Registry"
195997,RES-2009-4507,general_registry,"Land  Registry","Lands Registry"
195998,RES-2009-1682,general_registry,"Land  Registry","Lands Registry"
195999,RES-2009-798,general_registry,"Land  Registry","Lands Registry"
196000,RES-2020-1211,general_registry,"Land  Registry","Lands Registry"
196001,RES-2009-721,general_registry,"Land  Registry","Lands Registry"
196002,RES-2009-791,general_registry,"Land  Registry","Lands Registry"
196003,RES-2009-1608,general_registry,"Land  Registry","Lands Registry"
196004,RES-2020-1279,general_registry,"Land  Registry","Lands Registry"
196005,RES-2009-1522,general_registry,"Land  Registry","Lands Registry"
196006,RES-2009-725,general_registry,"Land  Registry","Lands Registry"
196007,RES-2020-1270,general_registry,"Land  Registry","Lands Registry"
196008,RES-2009-4528,general_registry,"Land  Registry","Lands Registry"
196009,RES-2009-731,general_registry,"Land  Registry","Lands Registry"
196010,RES-2009-4548,general_registry,"Land  Registry","Lands Registry"
196011,RES-2020-1155,general_registry,"Land  Registry","Lands Registry"
196012,RES-2009-724,general_registry,"Land  Registry","Lands Registry"
196013,RES-2020-1194,general_registry,"Land  Registry","Lands Registry"
196014,RES-2009-1681,general_registry,"Land  Registry","Lands Registry"
196015,RES-2009-1607,general_registry,"Land  Registry","Lands Registry"
196019,RES-2009-4549,general_registry,"Land  Registry","Lands Registry"
196021,RES-2009-733,general_registry,"Land  Registry","Lands Registry"
196022,RES-2009-734,general_registry,"Land  Registry","Lands Registry"
196023,RES-2020-1156,general_registry,"Land  Registry","Lands Registry"
196028,RES-2009-4547,general_registry,"Land  Registry","Lands Registry"
196030,RES-2009-728,general_registry,"Land  Registry","Lands Registry"
196035,RES-2009-1680,general_registry,"Land  Registry","Lands Registry"
196036,RES-2020-1183,general_registry,"Land  Registry","Lands Registry"
196038,RES-2009-4540,general_registry,"Land  Registry","Lands Registry"
196039,RES-2009-751,general_registry,"Land  Registry","Lands Registry"
196040,RES-2020-1160,general_registry,"Land  Registry","Lands Registry"
196041,RES-2009-4546,general_registry,"Land  Registry","Lands Registry"
196042,RES-2020-1192,general_registry,"Land  Registry","Lands Registry"
196043,RES-2009-2552,general_registry,"Land  Registry","Lands Registry"
196044,RES-2009-4539,general_registry,"Land  Registry","Lands Registry"
196045,RES-2009-750,general_registry,"Land  Registry","Lands Registry"
196046,RES-2020-1172,general_registry,"Land  Registry","Lands Registry"
196047,RES-2009-1591,registry,,2
196047,RES-2009-1591,general_registry,"Land  Registry","Lands Registry"
196048,RES-2009-4538,general_registry,"Land  Registry","Lands Registry"
196049,RES-2009-5899,general_registry,"Land  Registry","Lands Registry"
196050,RES-2020-1224,general_registry,"Land  Registry","Lands Registry"
196051,COM-2024-665,general_registry,"Land  Registry","Lands Registry"
196052,RES-2009-1744,general_registry,"Land  Registry","Lands Registry"
196054,RES-2009-4543,general_registry,"Land  Registry","Lands Registry"
196055,RES-2020-1226,general_registry,"Land  Registry","Lands Registry"
196056,RES-2009-5451,general_registry,"Land  Registry","Lands Registry"
196057,RES-2009-1732,general_registry,"Land  Registry","Lands Registry"
196059,RES-2009-1611,general_registry,"Land  Registry","Lands Registry"
196060,RES-2009-124,general_registry,"Land  Registry","Lands Registry"
196061,RES-2020-1265,general_registry,"Land  Registry","Lands Registry"
196063,RES-2009-5450,general_registry,"Land  Registry","Lands Registry"
196064,RES-2009-4542,general_registry,"Land  Registry","Lands Registry"
196065,RES-2020-1263,general_registry,"Land  Registry","Lands Registry"
196066,RES-2009-1733,general_registry,"Land  Registry","Lands Registry"
196067,RES-2009-4760,general_registry,"Land  Registry","Lands Registry"
196069,CON-RES-2024-1435,general_registry,"Land  Registry","Lands Registry"
196070,RES-2009-127,general_registry,"Land  Registry","Lands Registry"
196071,RES-2009-5452,general_registry,"Land  Registry","Lands Registry"
196072,RES-2009-4541,general_registry,"Land  Registry","Lands Registry"
196073,RES-2009-6119,general_registry,"Land  Registry","Lands Registry"
196074,RES-2020-1154,general_registry,"Land  Registry","Lands Registry"
196075,RES-2009-1734,general_registry,"Land  Registry","Lands Registry"
196077,RES-2009-1606,general_registry,"Land  Registry","Lands Registry"
196078,RES-2010-1087,general_registry,"Land  Registry","Lands Registry"
196079,RES-2020-1170,general_registry,"Land  Registry","Lands Registry"
196081,RES-2009-5453,general_registry,"Land  Registry","Lands Registry"
196082,RES-2009-7443,general_registry,"Land  Registry","Lands Registry"
196083,CON-COM-2024-760,general_registry,"Land  Registry","Lands Registry"
196085,RES-2020-1166,general_registry,"Land  Registry","Lands Registry"
196086,RES-2009-5444,general_registry,"Land  Registry","Lands Registry"
196087,RES-2009-120,general_registry,"Land  Registry","Lands Registry"
196088,RES-2009-1200,registry,,2
196088,RES-2009-1200,general_registry,"Land  Registry","Lands Registry"
196091,RES-2020-1278,general_registry,"Land  Registry","Lands Registry"
196092,RES-2009-121,general_registry,"Land  Registry","Lands Registry"
196093,RES-2009-4776,registry,,2
196093,RES-2009-4776,general_registry,"Land  Registry","Lands Registry"
196094,RES-2009-1029,general_registry,"Land  Registry","Lands Registry"
196095,RES-2009-5454,general_registry,"Land  Registry","Lands Registry"
196096,RES-2009-1740,general_registry,"Land  Registry","Lands Registry"
196097,RES-2009-125,general_registry,"Land  Registry","Lands Registry"
196098,RES-2020-1222,general_registry,"Land  Registry","Lands Registry"
196099,RES-2009-7677,general_registry,"Land  Registry","Lands Registry"
196100,RES-2009-5445,general_registry,"Land  Registry","Lands Registry"
196101,RES-2009-122,general_registry,"Land  Registry","Lands Registry"
196104,RES-2009-1741,general_registry,"Land  Registry","Lands Registry"
196105,RES-2020-1272,general_registry,"Land  Registry","Lands Registry"
196106,RES-2009-126,general_registry,"Land  Registry","Lands Registry"
196107,RES-2009-123,general_registry,"Land  Registry","Lands Registry"
196108,RES-2020-1223,general_registry,"Land  Registry","Lands Registry"
196109,RES-2009-1742,general_registry,"Land  Registry","Lands Registry"
196110,RES-2009-1159,general_registry,"Land  Registry","Lands Registry"
196111,RES-2009-5455,general_registry,"Land  Registry","Lands Registry"
196112,RES-2009-7450,general_registry,"Land  Registry","Lands Registry"
196113,RES-2023-1050,general_registry,"Land  Registry","Lands Registry"
196114,RES-2009-128,general_registry,"Land  Registry","Lands Registry"
196115,RES-2009-7449,general_registry,"Land  Registry","Lands Registry"
196116,RES-2009-139,general_registry,"Land  Registry","Lands Registry"
196117,RES-2020-1213,general_registry,"Land  Registry","Lands Registry"
196118,RES-2009-1743,general_registry,"Land  Registry","Lands Registry"
196119,RES-2009-5446,general_registry,"Land  Registry","Lands Registry"
196120,RES-2009-7451,registry,,2
196120,RES-2009-7451,general_registry,"Land  Registry","Lands Registry"
196121,RES-2009-5411,general_registry,"Land  Registry","Lands Registry"
196122,RES-2009-130,general_registry,"Land  Registry","Lands Registry"
196123,RES-2009-112,general_registry,"Land  Registry","Lands Registry"
196127,RES-2009-1582,general_registry,"Land  Registry","Lands Registry"
196128,RES-2009-131,general_registry,"Land  Registry","Lands Registry"
196129,RES-2009-1959,general_registry,"Land  Registry","Lands Registry"
196130,RES-2009-1921,general_registry,"Land  Registry","Lands Registry"
196131,RES-2009-109,general_registry,"Land  Registry","Lands Registry"
196132,RES-2009-1929,general_registry,"Land  Registry","Lands Registry"
196134,RES-2009-119,general_registry,"Land  Registry","Lands Registry"
196135,RES-2009-1933,general_registry,"Land  Registry","Lands Registry"
196137,RES-2026-5447,general_registry,"Land  Registry","Lands Registry"
196138,RES-2009-134,general_registry,"Land  Registry","Lands Registry"
196139,RES-2009-1798,general_registry,"Land  Registry","Lands Registry"
196140,RES-2009-6570,general_registry,"Land  Registry","Lands Registry"
196141,RES-2009-115,general_registry,"Land  Registry","Lands Registry"
196143,RES-2009-1981,general_registry,"Land  Registry","Lands Registry"
196144,RES-2009-116,general_registry,"Land  Registry","Lands Registry"
196145,RES-2009-117,general_registry,"Land  Registry","Lands Registry"
196146,RES-2009-1982,general_registry,"Land  Registry","Lands Registry"
196147,RES-2009-118,general_registry,"Land  Registry","Lands Registry"
196150,RES-2025-320,general_registry,"Land  Registry","Lands Registry"
196152,RES-2009-7452,general_registry,"Land  Registry","Lands Registry"
196153,RES-2009-2538,general_registry,"Land  Registry","Lands Registry"
196154,RES-2025-319,general_registry,"Land  Registry","Lands Registry"
196155,RES-2009-7453,general_registry,"Land  Registry","Lands Registry"
196158,RES-2009-7454,registry,,2
196158,RES-2009-7454,general_registry,"Land  Registry","Lands Registry"
196159,RES-2009-7455,general_registry,"Land  Registry","Lands Registry"
196160,RES-2026-3639,registry,,2
196160,RES-2026-3639,general_registry,,"Lands Registry"
196160,RES-2026-3639,physical_registry,,"Registry 2 - Land"
196162,IND-2008-18,general_registry,"Land  Registry","Lands Registry"
196166,RES-2026-3640,registry,,2
196166,RES-2026-3640,general_registry,,"Lands Registry"
196166,RES-2026-3640,physical_registry,,"Registry 2 - Land"
196168,RES-2009-7456,general_registry,"Land  Registry","Lands Registry"
196171,RES-2009-5410,general_registry,"Land  Registry","Lands Registry"
196172,RES-2009-7480,general_registry,"Land  Registry","Lands Registry"
196173,RES-2009-5409,general_registry,"Land  Registry","Lands Registry"
196174,RES-2009-6686,general_registry,"Land  Registry","Lands Registry"
196175,CON-IND-2023-38,general_registry,"Land  Registry","Lands Registry"
196176,RES-2009-5408,general_registry,"Land  Registry","Lands Registry"
196177,RES-2009-6685,general_registry,"Land  Registry","Lands Registry"
196178,RES-2009-4994,general_registry,"Land  Registry","Lands Registry"
196179,RES-2009-5407,general_registry,"Land  Registry","Lands Registry"
196180,RES-2009-5448,general_registry,"Land  Registry","Lands Registry"
196181,RES-2026-3641,registry,,2
196181,RES-2026-3641,general_registry,,"Lands Registry"
196181,RES-2026-3641,physical_registry,,"Registry 2 - Land"
196183,RES-2009-7440,general_registry,"Land  Registry","Lands Registry"
196184,RES-2009-5608,general_registry,"Land  Registry","Lands Registry"
196185,RES-2009-5887,general_registry,"Land  Registry","Lands Registry"
196186,RES-2009-5634,general_registry,"Land  Registry","Lands Registry"
196187,RES-2009-1425,general_registry,"Land  Registry","Lands Registry"
196188,RES-2009-5888,general_registry,"Land  Registry","Lands Registry"
196190,RES-2026-3642,registry,,2
196190,RES-2026-3642,general_registry,,"Lands Registry"
196190,RES-2026-3642,physical_registry,,"Registry 2 - Land"
196191,RES-2009-5604,general_registry,"Land  Registry","Lands Registry"
196192,RES-2009-5885,general_registry,"Land  Registry","Lands Registry"
196195,COM-RC-1982-110,physical_registry,,"Registry 1 - Land"
196196,COM-RC-1988-9,physical_registry,,"Registry 1 - Land"
196197,COM-RC-1986-20,physical_registry,,"Registry 1 - Land"
196198,COM-RC-1983-58,physical_registry,,"Registry 1 - Land"
196199,COM-RC-1991-1,physical_registry,,"Registry 1 - Land"
196200,COM-RC-1982-232,physical_registry,,"Registry 1 - Land"
196201,COM-1988-15,physical_registry,,"Registry 1 - Land"
196202,COM-RC-2004-2,physical_registry,,"Registry 1 - Land"
196203,COM-RC-1982-413,physical_registry,,"Registry 1 - Land"
196204,COM-RC-1982-192,physical_registry,,"Registry 1 - Land"
196205,RES-2009-1980,general_registry,"Secret Registry","Lands Registry"
196206,COM-RC-1982-301,physical_registry,,"Registry 1 - Land"
196207,COM-RC-1982-302,physical_registry,,"Registry 1 - Land"
196208,COM-RC-1983-42,physical_registry,,"Registry 1 - Land"
196209,RES-2009-5639,general_registry,"Land  Registry","Lands Registry"
196210,COM-2008-134,physical_registry,,"Registry 1 - Land"
196211,AG-RC-1982-68,physical_registry,,"Registry 1 - Land"
196213,CON-COM-1990-78,general_registry,"Land  Registry","Lands Registry"
196213,CON-COM-1990-78,physical_registry,,"Registry 3 - Land"
196215,IND-1982-143,physical_registry,,"Registry 1 - Land"
196216,IND-RC-1982-52,physical_registry,,"Registry 1 - Land"
196217,IND-2013-8,physical_registry,,"Registry 1 - Land"
196218,IND-2010-24,physical_registry,,"Registry 1 - Land"
196219,IND-2010-22,physical_registry,,"Registry 1 - Land"
196220,IND-1982-34,general_registry,"Land  Registry","Lands Registry"
196220,IND-1982-34,physical_registry,,"Registry 1 - Land"
196221,IND-1982-22,physical_registry,,"Registry 1 - Land"
196222,IND-2009-6,physical_registry,,"Registry 1 - Land"
196223,RES-RC-1982-1017,physical_registry,,"Registry 1 - Land"
196224,RES-RC-1984-22,physical_registry,,"Registry 1 - Land"
196225,RES-RC-1987-34,physical_registry,,"Registry 1 - Land"
196226,RES-2009-5882,general_registry,"Land  Registry","Lands Registry"
196227,RES-2026-3643,registry,,2
196227,RES-2026-3643,general_registry,,"Lands Registry"
196227,RES-2026-3643,physical_registry,,"Registry 2 - Land"
196228,RES-2009-5884,general_registry,"Land  Registry","Lands Registry"
196229,RES-2026-3644,registry,,2
196229,RES-2026-3644,general_registry,,"Lands Registry"
196229,RES-2026-3644,physical_registry,,"Registry 2 - Land"
196230,RES-2009-5881,general_registry,"Land  Registry","Lands Registry"
196231,RES-2009-6033,general_registry,"Land  Registry","Lands Registry"
196232,RES-2009-1746,general_registry,"Land  Registry","Lands Registry"
196233,RES-2009-1772,general_registry,"Land  Registry","Lands Registry"
196234,CON-RES-2020-14,general_registry,"Land  Registry","Lands Registry"
196235,RES-2009-1259,general_registry,"Land  Registry","Lands Registry"
196237,RES-2023-6373,general_registry,"Land  Registry","Lands Registry"
196238,RES-2023-6371,general_registry,"Land  Registry","Lands Registry"
196239,COM-2023-625,general_registry,"Land  Registry","Lands Registry"
196240,RES-2009-7106,general_registry,"Land  Registry","Lands Registry"
196241,RES-2026-3645,registry,,2
196241,RES-2026-3645,general_registry,,"Lands Registry"
196241,RES-2026-3645,physical_registry,,"Registry 2 - Land"
196246,RES-2009-2223,general_registry,"Land  Registry","Lands Registry"
196247,RES-2009-4433,general_registry,"Land  Registry","Lands Registry"
196249,RES-2009-1106,general_registry,"Land  Registry","Lands Registry"
196250,CON-RES-2025-1796,general_registry,"Land  Registry","Lands Registry"
196252,RES-2009-1107,general_registry,"Land  Registry","Lands Registry"
196253,RES-2009-1110,general_registry,"Land  Registry","Lands Registry"
196254,RES-2009-1108,general_registry,"Land  Registry","Lands Registry"
196255,RES-2009-5406,general_registry,"Land  Registry","Lands Registry"
196256,RES-2009-1109,general_registry,"Land  Registry","Lands Registry"
196257,RES-2009-2222,general_registry,"Land  Registry","Lands Registry"
196258,RES-2009-4441,general_registry,"Land  Registry","Lands Registry"
196259,RES-2009-1111,general_registry,"Land  Registry","Lands Registry"
196260,RES-2009-5405,general_registry,"Land  Registry","Lands Registry"
196261,CON-COM-2021-265,general_registry,"Land  Registry","Lands Registry"
196262,RES-2009-2221,general_registry,"Land  Registry","Lands Registry"
196263,RES-2009-1112,general_registry,"Land  Registry","Lands Registry"
196264,RES-2009-4442,general_registry,"Land  Registry","Lands Registry"
196265,RES-2009-905,general_registry,"Land  Registry","Lands Registry"
196266,RES-2009-5404,general_registry,"Land  Registry","Lands Registry"
196267,RES-2009-235,general_registry,"Land  Registry","Lands Registry"
196269,RES-2009-2220,general_registry,"Land  Registry","Lands Registry"
196271,RES-2009-234,general_registry,"Land  Registry","Lands Registry"
196272,RES-2009-4424,general_registry,"Land  Registry","Lands Registry"
196273,RES-2009-237,general_registry,"Land  Registry","Lands Registry"
196274,RES-1982-1493,general_registry,"Land  Registry","Lands Registry"
196275,RES-2009-5457,general_registry,"Land  Registry","Lands Registry"
196276,RES-2009-1104,general_registry,"Land  Registry","Lands Registry"
196277,RES-2009-1137,general_registry,"Land  Registry","Lands Registry"
196279,RES-2009-4420,general_registry,"Land  Registry","Lands Registry"
196280,RES-2009-5456,general_registry,"Land  Registry","Lands Registry"
196281,RES-2009-2518,general_registry,"Land  Registry","Lands Registry"
196282,RES-2009-2219,general_registry,"Land  Registry","Lands Registry"
196283,RES-2008-2758,general_registry,"Land  Registry","Lands Registry"
196285,RES-2009-4422,general_registry,"Land  Registry","Lands Registry"
196287,RES-2009-4421,general_registry,"Land  Registry","Lands Registry"
196288,RES-2009-2218,general_registry,"Land  Registry","Lands Registry"
196289,RES-2009-6562,general_registry,"Land  Registry","Lands Registry"
196290,RES-2009-5458,general_registry,"Land  Registry","Lands Registry"
196291,RES-2009-4423,general_registry,"Land  Registry","Lands Registry"
196293,RES-2009-1105,general_registry,"Land  Registry","Lands Registry"
196294,RES-2009-4419,general_registry,"Land  Registry","Lands Registry"
196295,RES-RC-1981-189,general_registry,"Land  Registry","Lands Registry"
196296,RES-2009-4435,general_registry,"Land  Registry","Lands Registry"
196297,RES-2009-2517,general_registry,"Land  Registry","Lands Registry"
196298,RES-2009-4436,general_registry,"Land  Registry","Lands Registry"
196299,RES-2023-475,general_registry,"Land  Registry","Lands Registry"
196300,RES-2009-1998,general_registry,"Land  Registry","Lands Registry"
196301,RES-2008-5188,general_registry,"Land  Registry","Lands Registry"
196302,RES-2009-6561,general_registry,"Land  Registry","Lands Registry"
196303,RES-2009-4463,general_registry,"Land  Registry","Lands Registry"
196304,RES-2009-221,general_registry,"Land  Registry","Lands Registry"
196305,RES-2009-6560,general_registry,"Land  Registry","Lands Registry"
196307,RES-2009-4434,general_registry,"Land  Registry","Lands Registry"
196308,RES-2009-913,general_registry,"Land  Registry","Lands Registry"
196309,RES-2009-1999,general_registry,"Land  Registry","Lands Registry"
196310,RES-2009-2643,general_registry,"Land  Registry","Lands Registry"
196311,RES-2009-6692,general_registry,"Land  Registry","Lands Registry"
196312,RES-2009-6693,general_registry,"Land  Registry","Lands Registry"
196313,RES-2009-4400,general_registry,"Land  Registry","Lands Registry"
196314,RES-2023-890,general_registry,"Land  Registry","Lands Registry"
196315,RES-2009-2000,general_registry,"Land  Registry","Lands Registry"
196316,RES-2026-3646,registry,,2
196316,RES-2026-3646,general_registry,,"Lands Registry"
196316,RES-2026-3646,physical_registry,,"Registry 2 - Land"
196317,RES-2009-912,general_registry,"Land  Registry","Lands Registry"
196318,RES-1991-7687,general_registry,"Land  Registry","Lands Registry"
196319,RES-2021-1522,registry,,2
196319,RES-2021-1522,general_registry,"Land  Registry","Lands Registry"
196320,RES-2009-5170,general_registry,"Land  Registry","Lands Registry"
196321,RES-2009-4464,general_registry,"Land  Registry","Lands Registry"
196322,RES-2016-2452,general_registry,"Land  Registry","Lands Registry"
196323,RES-2009-2644,general_registry,"Land  Registry","Lands Registry"
196324,RES-2009-4402,general_registry,"Land  Registry","Lands Registry"
196325,RES-2009-3826,general_registry,"Land  Registry","Lands Registry"
196326,COM-1993-317,general_registry,"Land  Registry","Lands Registry"
196327,RES-2009-4403,general_registry,"Land  Registry","Lands Registry"
196328,RES-2009-4465,general_registry,"Land  Registry","Lands Registry"
196329,CON-COM-2023-161,general_registry,"Land  Registry","Lands Registry"
196330,RES-2009-5173,general_registry,"Land  Registry","Lands Registry"
196331,RES-2009-3825,general_registry,"Land  Registry","Lands Registry"
196332,RES-2009-2647,general_registry,"Land  Registry","Lands Registry"
196333,RES-2009-2748,general_registry,"Land  Registry","Lands Registry"
196335,RES-1982-718,general_registry,"Land  Registry","Lands Registry"
196340,RES-2009-4404,general_registry,"Land  Registry","Lands Registry"
196341,RES-2009-2631,general_registry,"Land  Registry","Lands Registry"
196342,RES-2009-3839,general_registry,"Land  Registry","Lands Registry"
196343,RES-2009-986,general_registry,"Land  Registry","Lands Registry"
196344,RES-2009-5174,general_registry,"Land  Registry","Lands Registry"
196345,RES-2009-4443,general_registry,"Land  Registry","Lands Registry"
196346,RES-2023-474,general_registry,"Land  Registry","Lands Registry"
196347,RES-2009-6602,general_registry,"Land  Registry","Lands Registry"
196348,RES-2009-4432,general_registry,"Land  Registry","Lands Registry"
196349,RES-2009-3838,general_registry,"Land  Registry","Lands Registry"
196350,RES-RC-1984-50,general_registry,"Land  Registry","Lands Registry"
196351,RES-2026-3647,registry,,2
196351,RES-2026-3647,general_registry,,"Lands Registry"
196351,RES-2026-3647,physical_registry,,"Registry 2 - Land"
196354,RES-2009-2632,general_registry,"Land  Registry","Lands Registry"
196356,RES-2009-7226,general_registry,"Land  Registry","Lands Registry"
196357,RES-2009-1923,general_registry,"Land  Registry","Lands Registry"
196358,RES-2009-4444,general_registry,"Land  Registry","Lands Registry"
196359,RES-2009-4409,general_registry,"Land  Registry","Lands Registry"
196360,RES-2009-985,general_registry,"Land  Registry","Lands Registry"
196361,RES-2009-6601,general_registry,"Land  Registry","Lands Registry"
196362,RES-1987-374,general_registry,"Land  Registry","Lands Registry"
196363,RES-2009-2633,general_registry,"Land  Registry","Lands Registry"
196364,RES-2008-2664,general_registry,"Land  Registry","Lands Registry"
196367,RES-2024-6302,registry,,2
196367,RES-2024-6302,general_registry,"Land  Registry","Lands Registry"
196368,RES-2009-1924,general_registry,"Land  Registry","Lands Registry"
196370,RES-2009-1925,general_registry,"Land  Registry","Lands Registry"
196371,RES-2009-4458,general_registry,"Land  Registry","Lands Registry"
196373,RES-2009-4425,general_registry,"Land  Registry","Lands Registry"
196374,RES-2009-2634,general_registry,"Land  Registry","Lands Registry"
196375,RES-2009-1926,general_registry,"Land  Registry","Lands Registry"
196377,RES-2009-4457,general_registry,"Land  Registry","Lands Registry"
196379,RES-2009-2635,general_registry,"Land  Registry","Lands Registry"
196380,RES-2009-6617,general_registry,"Land  Registry","Lands Registry"
196381,RES-2009-6166,general_registry,"Land  Registry","Lands Registry"
196383,RES-2009-4480,general_registry,"Land  Registry","Lands Registry"
196384,RES-2009-4456,general_registry,"Land  Registry","Lands Registry"
196385,RES-2009-2636,general_registry,"Land  Registry","Lands Registry"
196387,RES-2009-1927,general_registry,"Land  Registry","Lands Registry"
196388,RES-2022-1073,general_registry,"Land  Registry","Lands Registry"
196389,RES-2024-6303,general_registry,"Land  Registry","Lands Registry"
196390,RES-2009-4479,general_registry,"Land  Registry","Lands Registry"
196391,RES-2009-4455,general_registry,"Land  Registry","Lands Registry"
196392,RES-2009-2637,general_registry,"Land  Registry","Lands Registry"
196393,RES-2009-4663,general_registry,"Land  Registry","Lands Registry"
196396,RES-2009-5177,general_registry,"Land  Registry","Lands Registry"
196397,RES-2009-1928,general_registry,"Land  Registry","Lands Registry"
196398,RES-2026-3648,registry,,2
196398,RES-2026-3648,general_registry,,"Lands Registry"
196398,RES-2026-3648,physical_registry,,"Registry 2 - Land"
196399,RES-2009-4478,general_registry,"Land  Registry","Lands Registry"
196400,RES-2009-4454,general_registry,"Land  Registry","Lands Registry"
196401,RES-2024-6304,general_registry,"Land  Registry","Lands Registry"
196405,RES-2009-4476,general_registry,"Land  Registry","Lands Registry"
196406,CON-RES-2015-510,general_registry,"Land  Registry","Lands Registry"
196407,RES-2009-4461,general_registry,"Land  Registry","Lands Registry"
196408,RES-2009-5172,general_registry,"Land  Registry","Lands Registry"
196410,RES-2009-4475,general_registry,"Land  Registry","Lands Registry"
196411,RES-2009-2624,general_registry,"Land  Registry","Lands Registry"
196413,RES-2009-4459,general_registry,"Land  Registry","Lands Registry"
196414,RES-2009-4474,general_registry,"Land  Registry","Lands Registry"
196415,RES-2023-6805,general_registry,"Land  Registry","Lands Registry"
196416,RES-2022-7393,general_registry,"Land  Registry","Lands Registry"
196417,RES-2009-2626,general_registry,"Land  Registry","Lands Registry"
196418,RES-2009-4471,registry,,2
196418,RES-2009-4471,general_registry,"Land  Registry","Lands Registry"
196421,RES-2009-4473,general_registry,"Land  Registry","Lands Registry"
196423,RES-2000-1510,general_registry,"Land  Registry","Lands Registry"
196426,RES-2009-2627,general_registry,"Land  Registry","Lands Registry"
196427,RES-2009-4470,general_registry,"Land  Registry","Lands Registry"
196428,RES-2009-4617,general_registry,"Land  Registry","Lands Registry"
196429,RES-2009-4468,general_registry,"Land  Registry","Lands Registry"
196430,RES-2009-4622,general_registry,"Land  Registry","Lands Registry"
196434,RES-2009-2628,general_registry,"Land  Registry","Lands Registry"
196435,RES-2019-2217,general_registry,"Land  Registry","Lands Registry"
196437,RES-2009-4469,general_registry,"Land  Registry","Lands Registry"
196438,RES-2008-4602,general_registry,"Land  Registry","Lands Registry"
196439,RES-2009-4467,general_registry,"Land  Registry","Lands Registry"
196441,RES-2009-2273,general_registry,"Land  Registry","Lands Registry"
196442,RES-2009-4615,general_registry,"Land  Registry","Lands Registry"
196443,RES-2009-2622,general_registry,"Land  Registry","Lands Registry"
196445,RES-2009-216,general_registry,"Land  Registry","Lands Registry"
196446,RES-2009-2629,general_registry,"Land  Registry","Lands Registry"
196447,RES-2008-2757,general_registry,"Land  Registry","Lands Registry"
196448,RES-2009-2269,general_registry,"Land  Registry","Lands Registry"
196449,RES-2009-2606,general_registry,"Land  Registry","Lands Registry"
196450,RES-2009-4488,general_registry,"Land  Registry","Lands Registry"
196451,RES-2009-4412,general_registry,"Land  Registry","Lands Registry"
196452,RES-2009-2607,general_registry,"Land  Registry","Lands Registry"
196453,RES-2009-222,general_registry,"Land  Registry","Lands Registry"
196454,RES-2009-2630,general_registry,"Land  Registry","Lands Registry"
196455,RES-2000-2199,general_registry,"Land  Registry","Lands Registry"
196456,RES-2009-2263,general_registry,"Land  Registry","Lands Registry"
196458,RES-2009-4614,general_registry,"Land  Registry","Lands Registry"
196459,RES-2026-3649,registry,,2
196459,RES-2026-3649,general_registry,,"Lands Registry"
196459,RES-2026-3649,physical_registry,,"Registry 2 - Land"
196460,RES-2022-1606,general_registry,"Land  Registry","Lands Registry"
196461,RES-2009-4616,general_registry,"Land  Registry","Lands Registry"
196462,RES-2009-2610,general_registry,"Land  Registry","Lands Registry"
196464,RES-2009-4410,general_registry,"Land  Registry","Lands Registry"
196465,RES-2009-4487,general_registry,"Land  Registry","Lands Registry"
196467,RES-2009-2617,general_registry,"Land  Registry","Lands Registry"
196468,RES-2009-2611,general_registry,"Land  Registry","Lands Registry"
196469,RES-2009-2267,general_registry,"Land  Registry","Lands Registry"
196470,RES-2009-4414,general_registry,"Land  Registry","Lands Registry"
196471,RES-2009-2612,general_registry,"Land  Registry","Lands Registry"
196472,RES-2020-3842,general_registry,"Land  Registry","Lands Registry"
196473,RES-2009-4449,general_registry,"Land  Registry","Lands Registry"
196474,RES-2009-4486,general_registry,"Land  Registry","Lands Registry"
196475,RES-2009-2266,general_registry,"Land  Registry","Lands Registry"
196476,RES-2009-4656,general_registry,"Land  Registry","Lands Registry"
196478,RES-2009-2613,general_registry,"Land  Registry","Lands Registry"
196481,RES-2009-4431,general_registry,"Land  Registry","Lands Registry"
196484,RES-2009-2614,general_registry,"Land  Registry","Lands Registry"
196487,CON-AG-1983-278,general_registry,"Land  Registry","Lands Registry"
196488,RES-2009-2270,general_registry,"Land  Registry","Lands Registry"
196489,RES-2009-2615,general_registry,"Land  Registry","Lands Registry"
196490,RES-2009-2618,general_registry,"Land  Registry","Lands Registry"
196491,RES-2009-4452,general_registry,"Land  Registry","Lands Registry"
196493,RES-2009-4655,general_registry,"Land  Registry","Lands Registry"
196494,RES-2009-4477,general_registry,"Land  Registry","Lands Registry"
196495,RES-2009-2616,general_registry,"Land  Registry","Lands Registry"
196499,RES-2009-4448,general_registry,"Land  Registry","Lands Registry"
196501,RES-2026-3650,registry,,2
196501,RES-2026-3650,general_registry,,"Lands Registry"
196501,RES-2026-3650,physical_registry,,"Registry 2 - Land"
196503,RES-2009-2663,general_registry,"Land  Registry","Lands Registry"
196504,RES-2009-4489,general_registry,"Land  Registry","Lands Registry"
196505,RES-2009-4654,general_registry,"Land  Registry","Lands Registry"
196506,RES-2009-2664,general_registry,"Land  Registry","Lands Registry"
196507,RES-2023-2574,general_registry,"Land  Registry","Lands Registry"
196509,RES-2008-2795,general_registry,"Land  Registry","Lands Registry"
196511,RES-2009-2271,general_registry,"Land  Registry","Lands Registry"
196512,RES-2009-4500,general_registry,"Land  Registry","Lands Registry"
196513,RES-2009-2665,general_registry,"Land  Registry","Lands Registry"
196514,RES-2009-4440,general_registry,"Land  Registry","Lands Registry"
196515,RES-2009-2666,general_registry,"Land  Registry","Lands Registry"
196516,RES-2009-4451,general_registry,"Land  Registry","Lands Registry"
196517,CON-RES-1982-1176,general_registry,"Land  Registry","Lands Registry"
196518,RES-2009-4499,general_registry,"Land  Registry","Lands Registry"
196519,CON-COM-2021-238,general_registry,"Land  Registry","Lands Registry"
196520,RES-2022-446,registry,,2
196520,RES-2022-446,general_registry,"Land  Registry","Lands Registry"
196521,RES-2022-1065,general_registry,"Land  Registry","Lands Registry"
196522,RES-2023-2571,general_registry,"Land  Registry","Lands Registry"
196523,RES-2009-4450,general_registry,"Land  Registry","Lands Registry"
196524,RES-2009-4498,general_registry,"Land  Registry","Lands Registry"
196525,RES-2009-4497,general_registry,"Land  Registry","Lands Registry"
196526,RES-2009-2668,general_registry,"Land  Registry","Lands Registry"
196527,RES-2009-2669,general_registry,"Land  Registry","Lands Registry"
196528,RES-2008-2792,general_registry,"Land  Registry","Lands Registry"
196529,RES-2009-2670,general_registry,"Land  Registry","Lands Registry"
196530,RES-2009-2671,general_registry,"Land  Registry","Lands Registry"
196531,RES-2008-2529,general_registry,"Land  Registry","Lands Registry"
196534,RES-2023-2570,general_registry,"Land  Registry","Lands Registry"
196535,CON-RES-2017-70,general_registry,"Land  Registry","Lands Registry"
196536,RES-2009-2656,general_registry,"Land  Registry","Lands Registry"
196537,RES-2009-1079,general_registry,"Land  Registry","Lands Registry"
196538,RES-2008-2527,general_registry,"Land  Registry","Lands Registry"
196539,RES-2009-2278,general_registry,"Land  Registry","Lands Registry"
196541,RES-2009-2657,general_registry,"Land  Registry","Lands Registry"
196542,RES-2022-2319,general_registry,"Land  Registry","Lands Registry"
196543,RES-2009-1096,general_registry,"Land  Registry","Lands Registry"
196544,RES-2009-2658,general_registry,"Land  Registry","Lands Registry"
196545,RES-2023-2569,general_registry,"Land  Registry","Lands Registry"
196547,RES-2009-2274,general_registry,"Land  Registry","Lands Registry"
196548,RES-2009-1018,general_registry,"Land  Registry","Lands Registry"
196549,RES-2009-2659,general_registry,"Land  Registry","Lands Registry"
196550,RES-2008-2526,general_registry,"Land  Registry","Lands Registry"
196551,RES-2009-1059,general_registry,"Land  Registry","Lands Registry"
196552,RES-2009-1070,general_registry,"Land  Registry","Lands Registry"
196553,RES-2009-2660,general_registry,"Land  Registry","Lands Registry"
196556,RES-2009-2661,general_registry,"Land  Registry","Lands Registry"
196558,RES-2009-1017,general_registry,"Land  Registry","Lands Registry"
196559,RES-2009-1081,general_registry,"Land  Registry","Lands Registry"
196560,RES-2009-2662,general_registry,"Land  Registry","Lands Registry"
196562,RES-2008-2528,general_registry,"Land  Registry","Lands Registry"
196563,RES-2009-1080,general_registry,"Land  Registry","Lands Registry"
196565,RES-2009-2648,general_registry,"Land  Registry","Lands Registry"
196566,RES-2022-4617,general_registry,"Land  Registry","Lands Registry"
196567,CON-AG-2020-44,general_registry,"Land  Registry","Lands Registry"
196569,RES-2009-4495,general_registry,"Land  Registry","Lands Registry"
196570,RES-2009-2650,general_registry,"Land  Registry","Lands Registry"
196571,RES-2009-1042,general_registry,"Land  Registry","Lands Registry"
196572,RES-2009-1082,general_registry,"Land  Registry","Lands Registry"
196573,RES-2009-2651,general_registry,"Land  Registry","Lands Registry"
196575,RES-2009-2652,general_registry,"Land  Registry","Lands Registry"
196576,RES-2009-1016,general_registry,"Land  Registry","Lands Registry"
196577,RES-2009-1086,general_registry,"Land  Registry","Lands Registry"
196578,RES-2009-4496,general_registry,"Land  Registry","Lands Registry"
196580,RES-RC-1982-227,general_registry,"Land  Registry","Lands Registry"
196581,RES-2009-2653,general_registry,"Land  Registry","Lands Registry"
196582,COM-2022-592,general_registry,"Land  Registry","Lands Registry"
196583,RES-2009-2272,general_registry,"Land  Registry","Lands Registry"
196585,RES-2009-1089,general_registry,"Land  Registry","Lands Registry"
196586,RES-2009-2654,general_registry,"Land  Registry","Lands Registry"
196590,RES-2009-2638,general_registry,"Land  Registry","Lands Registry"
196591,RES-2023-2572,general_registry,"Land  Registry","Lands Registry"
196592,RES-1982-1173,general_registry,"Land  Registry","Lands Registry"
196593,RES-2009-1044,general_registry,"Land  Registry","Lands Registry"
196596,RES-2009-1099,general_registry,"Land  Registry","Lands Registry"
196597,RES-2009-4494,general_registry,"Land  Registry","Lands Registry"
196598,RES-2009-4493,general_registry,"Land  Registry","Lands Registry"
196599,RES-2009-2641,general_registry,"Land  Registry","Lands Registry"
196601,RES-2009-1091,general_registry,"Land  Registry","Lands Registry"
196602,RES-2009-2642,general_registry,"Land  Registry","Lands Registry"
196603,RES-2026-3651,registry,,2
196603,RES-2026-3651,general_registry,,"Lands Registry"
196603,RES-2026-3651,physical_registry,,"Registry 2 - Land"
196604,RES-2009-2277,general_registry,"Land  Registry","Lands Registry"
196605,RES-2009-4491,general_registry,"Land  Registry","Lands Registry"
196606,RES-2008-2475,general_registry,"Land  Registry","Lands Registry"
196607,RES-2009-2685,general_registry,"Land  Registry","Lands Registry"
196610,RES-2002-7578,registry,,2
196610,RES-2002-7578,general_registry,"Land  Registry","Lands Registry"
196611,RES-2009-1066,general_registry,"Land  Registry","Lands Registry"
196614,RES-2009-4490,general_registry,"Land  Registry","Lands Registry"
196615,RES-2009-2686,general_registry,"Land  Registry","Lands Registry"
196616,COM-1992-291,general_registry,"Land  Registry","Lands Registry"
196618,RES-2009-2687,general_registry,"Land  Registry","Lands Registry"
196619,CON-IND-1998-13,general_registry,"Land  Registry","Lands Registry"
196620,RES-2009-1014,general_registry,"Land  Registry","Lands Registry"
196621,RES-2009-2225,general_registry,"Land  Registry","Lands Registry"
196623,RES-2023-2573,general_registry,"Land  Registry","Lands Registry"
196624,RES-2009-2690,general_registry,"Land  Registry","Lands Registry"
196625,RES-2008-5559,general_registry,"Land  Registry","Lands Registry"
196626,RES-2009-4485,general_registry,"Land  Registry","Lands Registry"
196627,RES-2009-2691,general_registry,"Land  Registry","Lands Registry"
196630,RES-2009-2692,general_registry,"Land  Registry","Lands Registry"
196631,RES-2009-2224,general_registry,"Land  Registry","Lands Registry"
196632,RES-2009-1009,general_registry,"Land  Registry","Lands Registry"
196633,RES-2009-2619,general_registry,"Land  Registry","Lands Registry"
196635,RES-2009-2693,general_registry,"Land  Registry","Lands Registry"
196637,RES-2009-4484,general_registry,"Land  Registry","Lands Registry"
196638,RES-2009-2696,general_registry,"Land  Registry","Lands Registry"
196639,RES-2009-2697,general_registry,"Land  Registry","Lands Registry"
196640,RES-2009-2698,general_registry,"Land  Registry","Lands Registry"
196644,RES-2026-3652,registry,,2
196644,RES-2026-3652,general_registry,,"Lands Registry"
196644,RES-2026-3652,physical_registry,,"Registry 2 - Land"
196650,CON-RES-1982-1150,general_registry,"Land  Registry","Lands Registry"
196651,RES-1989-3045,general_registry,"Land  Registry","Lands Registry"
196652,RES-2009-1090,general_registry,"Land  Registry","Lands Registry"
196653,RES-2009-1088,general_registry,"Land  Registry","Lands Registry"
196654,RES-2009-4483,general_registry,"Land  Registry","Lands Registry"
196655,RES-2009-1085,general_registry,"Land  Registry","Lands Registry"
196656,RES-2009-1084,general_registry,"Land  Registry","Lands Registry"
196657,RES-2009-4482,general_registry,"Land  Registry","Lands Registry"
196658,RES-2009-214,general_registry,"Land  Registry","Lands Registry"
196659,RES-2009-1083,general_registry,"Land  Registry","Lands Registry"
196661,RES-2009-1100,general_registry,"Land  Registry","Lands Registry"
196662,RES-2009-4481,general_registry,"Land  Registry","Lands Registry"
196663,RES-2008-2794,general_registry,"Land  Registry","Lands Registry"
196666,RES-2009-1097,general_registry,"Land  Registry","Lands Registry"
196668,RES-2009-1077,general_registry,"Land  Registry","Lands Registry"
196669,RES-2009-1010,general_registry,"Land  Registry","Lands Registry"
196670,RES-2009-4417,general_registry,"Land  Registry","Lands Registry"
196671,RES-2009-1078,general_registry,"Land  Registry","Lands Registry"
196672,RES-2009-1015,general_registry,"Land  Registry","Lands Registry"
196676,RES-2008-5537,general_registry,"Land  Registry","Lands Registry"
196677,RES-2008-2793,general_registry,"Land  Registry","Lands Registry"
196679,RES-2009-1076,general_registry,"Land  Registry","Lands Registry"
196680,RES-2009-1011,general_registry,"Land  Registry","Lands Registry"
196684,RES-2009-1075,general_registry,"Land  Registry","Lands Registry"
196685,COM-2022-126,general_registry,"Land  Registry","Lands Registry"
196686,RES-2008-5533,general_registry,"Land  Registry","Lands Registry"
196687,RES-2009-1008,general_registry,"Land  Registry","Lands Registry"
196689,RES-2009-1007,general_registry,"Land  Registry","Lands Registry"
196690,RES-2009-1074,general_registry,"Land  Registry","Lands Registry"
196692,RES-1985-410,general_registry,"Land  Registry","Lands Registry"
196693,RES-2008-5534,general_registry,"Land  Registry","Lands Registry"
196694,RES-2009-4445,general_registry,"Land  Registry","Lands Registry"
196695,RES-2009-1069,general_registry,"Land  Registry","Lands Registry"
196696,RES-2008-2577,general_registry,"Land  Registry","Lands Registry"
196698,RES-2014-2029,general_registry,"Land  Registry","Lands Registry"
196699,RES-2009-1019,general_registry,"Land  Registry","Lands Registry"
196703,RES-1992-1191,general_registry,"Land  Registry","Lands Registry"
196705,RES-2008-5538,general_registry,"Land  Registry","Lands Registry"
196706,RES-2009-1006,general_registry,"Land  Registry","Lands Registry"
196708,RES-2008-2786,general_registry,"Land  Registry","Lands Registry"
196709,CON-COM-2024-654,general_registry,"Land  Registry","Lands Registry"
196710,RES-2009-2620,general_registry,"Land  Registry","Lands Registry"
196711,RES-2009-1065,general_registry,"Land  Registry","Lands Registry"
196712,CON-RES-2005-155,registry,,3
196712,CON-RES-2005-155,general_registry,"Land  Registry","Lands Registry"
196714,RES-2009-4447,general_registry,"Land  Registry","Lands Registry"
196720,RES-2009-2621,registry,,2
196720,RES-2009-2621,general_registry,"Land  Registry","Lands Registry"
196721,RES-2026-3653,registry,,2
196721,RES-2026-3653,general_registry,,"Lands Registry"
196721,RES-2026-3653,physical_registry,,"Registry 2 - Land"
196723,RES-2026-3654,registry,,2
196723,RES-2026-3654,general_registry,,"Lands Registry"
196723,RES-2026-3654,physical_registry,,"Registry 2 - Land"
196724,RES-2009-1061,general_registry,"Land  Registry","Lands Registry"
196726,RES-2008-5535,general_registry,"Land  Registry","Lands Registry"
196728,RES-2008-2785,general_registry,"Land  Registry","Lands Registry"
196729,RES-2009-1056,general_registry,"Land  Registry","Lands Registry"
196733,RES-2009-2699,general_registry,"Land  Registry","Lands Registry"
196734,CON-RES-2025-1269,general_registry,"Land  Registry","Lands Registry"
196735,RES-2026-3655,registry,,2
196735,RES-2026-3655,general_registry,,"Lands Registry"
196735,RES-2026-3655,physical_registry,,"Registry 2 - Land"
196737,RES-2009-2700,general_registry,"Land  Registry","Lands Registry"
196738,CON-COM-1982-60,general_registry,"Land  Registry","Lands Registry"
196739,COM-2026-345,registry,,1
196739,COM-2026-345,general_registry,,"Lands Registry"
196739,COM-2026-345,physical_registry,,"Registry 1 - Land"
196740,IND-2026-208,registry,,1
196740,IND-2026-208,general_registry,,"Lands Registry"
196740,IND-2026-208,physical_registry,,"Registry 1 - Land"
196741,RES-2009-1057,general_registry,"Land  Registry","Lands Registry"
196742,RES-2026-3656,registry,,2
196742,RES-2026-3656,general_registry,,"Lands Registry"
196742,RES-2026-3656,physical_registry,,"Registry 2 - Land"
196743,RES-2009-2673,general_registry,"Land  Registry","Lands Registry"
196746,RES-2026-3657,registry,,2
196746,RES-2026-3657,general_registry,,"Lands Registry"
196746,RES-2026-3657,physical_registry,,"Registry 2 - Land"
196747,RES-2008-2564,general_registry,"Land  Registry","Lands Registry"
196749,CON-RES-2024-1148,general_registry,"Land  Registry","Lands Registry"
196750,RES-2009-1004,general_registry,"Land  Registry","Lands Registry"
196751,RES-2009-2674,general_registry,"Land  Registry","Lands Registry"
196753,RES-2009-1093,general_registry,"Land  Registry","Lands Registry"
196754,CON-COM-2026-635,registry,,3
196754,CON-COM-2026-635,general_registry,,"Lands Registry"
196754,CON-COM-2026-635,physical_registry,,"Registry 3 - Land"
196755,RES-2009-4407,general_registry,"Land  Registry","Lands Registry"
196758,RES-2009-2675,general_registry,"Land  Registry","Lands Registry"
196759,RES-2009-4426,general_registry,"Land  Registry","Lands Registry"
196761,CON-RES-2024-347,general_registry,"Land  Registry","Lands Registry"
196762,RES-2009-2676,general_registry,"Land  Registry","Lands Registry"
196763,RES-2009-1041,general_registry,"Land  Registry","Lands Registry"
196765,RES-2009-1001,general_registry,"Land  Registry","Lands Registry"
196766,RES-2009-219,general_registry,"Land  Registry","Lands Registry"
196767,RES-2008-2774,general_registry,"Land  Registry","Lands Registry"
196768,RES-2009-2678,general_registry,"Land  Registry","Lands Registry"
196770,RES-1987-1185,general_registry,"Land  Registry","Lands Registry"
196772,CON-RES-2024-346,general_registry,"Land  Registry","Lands Registry"
196773,RES-2009-2679,general_registry,"Land  Registry","Lands Registry"
196774,RES-2009-1032,general_registry,"Land  Registry","Lands Registry"
196775,RES-2009-217,general_registry,"Land  Registry","Lands Registry"
196776,RES-2026-3658,registry,,2
196776,RES-2026-3658,general_registry,,"Lands Registry"
196776,RES-2026-3658,physical_registry,,"Registry 2 - Land"
196777,RES-2009-1047,general_registry,"Land  Registry","Lands Registry"
196778,RES-2026-3659,registry,,2
196778,RES-2026-3659,general_registry,,"Lands Registry"
196778,RES-2026-3659,physical_registry,,"Registry 2 - Land"
196779,RES-2009-2680,general_registry,"Land  Registry","Lands Registry"
196783,CON-RES-2023-7505,general_registry,"Land  Registry","Lands Registry"
196785,RES-2009-1022,general_registry,"Land  Registry","Lands Registry"
196786,RES-2026-3660,registry,,2
196786,RES-2026-3660,general_registry,,"Lands Registry"
196786,RES-2026-3660,physical_registry,,"Registry 2 - Land"
196787,RES-2026-3661,registry,,2
196787,RES-2026-3661,general_registry,,"Lands Registry"
196787,RES-2026-3661,physical_registry,,"Registry 2 - Land"
196788,RES-2026-3662,registry,,2
196788,RES-2026-3662,general_registry,,"Lands Registry"
196788,RES-2026-3662,physical_registry,,"Registry 2 - Land"
196789,RES-2026-3663,registry,,2
196789,RES-2026-3663,general_registry,,"Lands Registry"
196789,RES-2026-3663,physical_registry,,"Registry 2 - Land"
196790,RES-2026-3664,registry,,2
196790,RES-2026-3664,general_registry,,"Lands Registry"
196790,RES-2026-3664,physical_registry,,"Registry 2 - Land"
196791,RES-2026-3665,registry,,2
196791,RES-2026-3665,general_registry,,"Lands Registry"
196791,RES-2026-3665,physical_registry,,"Registry 2 - Land"
196792,RES-2026-3666,registry,,2
196792,RES-2026-3666,general_registry,,"Lands Registry"
196792,RES-2026-3666,physical_registry,,"Registry 2 - Land"
196793,RES-2026-3667,registry,,2
196793,RES-2026-3667,general_registry,,"Lands Registry"
196793,RES-2026-3667,physical_registry,,"Registry 2 - Land"
196794,RES-2026-3668,registry,,2
196794,RES-2026-3668,general_registry,,"Lands Registry"
196794,RES-2026-3668,physical_registry,,"Registry 2 - Land"
196795,RES-2026-3669,registry,,2
196795,RES-2026-3669,general_registry,,"Lands Registry"
196795,RES-2026-3669,physical_registry,,"Registry 2 - Land"
196796,RES-2026-3670,registry,,2
196796,RES-2026-3670,general_registry,,"Lands Registry"
196796,RES-2026-3670,physical_registry,,"Registry 2 - Land"
196797,RES-2009-2682,general_registry,"Land  Registry","Lands Registry"
196798,RES-2009-1049,general_registry,"Land  Registry","Lands Registry"
196799,RES-2009-1021,general_registry,"Land  Registry","Lands Registry"
196801,CON-COM-2025-87,general_registry,"Land  Registry","Lands Registry"
196805,RES-2009-1020,general_registry,"Land  Registry","Lands Registry"
196806,RES-2026-3671,registry,,2
196806,RES-2026-3671,general_registry,,"Lands Registry"
196806,RES-2026-3671,physical_registry,,"Registry 2 - Land"
196809,RES-2009-1064,general_registry,"Land  Registry","Lands Registry"
196810,RES-2022-6434,general_registry,"Land  Registry","Lands Registry"
196812,RES-2026-3672,registry,,2
196812,RES-2026-3672,general_registry,,"Lands Registry"
196812,RES-2026-3672,physical_registry,,"Registry 2 - Land"
196815,RES-2009-1040,general_registry,"Land  Registry","Lands Registry"
196817,RES-2026-3673,registry,,2
196817,RES-2026-3673,general_registry,,"Lands Registry"
196817,RES-2026-3673,physical_registry,,"Registry 2 - Land"
196820,RES-1992-6496,general_registry,"Land  Registry","Lands Registry"
196821,RES-2025-601,general_registry,"Land  Registry","Lands Registry"
196824,RES-2009-1034,general_registry,"Land  Registry","Lands Registry"
196825,RES-2009-205,general_registry,"Land  Registry","Lands Registry"
196826,RES-2009-2683,registry,,2
196826,RES-2009-2683,general_registry,"Land  Registry","Lands Registry"
196827,RES-2009-1027,general_registry,"Land  Registry","Lands Registry"
196828,RES-2009-207,general_registry,"Land  Registry","Lands Registry"
196829,RES-1999-65,general_registry,"Land  Registry","Lands Registry"
196833,RES-2009-1026,general_registry,"Land  Registry","Lands Registry"
196834,RES-2009-215,general_registry,"Land  Registry","Lands Registry"
196835,RES-2009-1024,general_registry,"Land  Registry","Lands Registry"
196836,RES-2009-1053,general_registry,"Land  Registry","Lands Registry"
196838,RES-2009-1023,general_registry,"Land  Registry","Lands Registry"
196840,RES-2009-2672,general_registry,"Land  Registry","Lands Registry"
196841,RES-2009-210,general_registry,"Land  Registry","Lands Registry"
196842,RES-2009-1052,general_registry,"Land  Registry","Lands Registry"
196843,COM-2002-267,registry,,1
196843,COM-2002-267,general_registry,"Land  Registry","Lands Registry"
196844,RES-2009-1050,general_registry,"Land  Registry","Lands Registry"
196846,RES-2009-209,general_registry,"Land  Registry","Lands Registry"
196847,RES-2009-1005,general_registry,"Land  Registry","Lands Registry"
196848,CON-RES-2013-311,general_registry,"Land  Registry","Lands Registry"
196850,CON-COM-1986-79,general_registry,"Land  Registry","Lands Registry"
196852,RES-2009-6616,general_registry,"Land  Registry","Lands Registry"
196853,RES-2009-6191,general_registry,"Land  Registry","Lands Registry"
196854,RES-2009-6615,general_registry,"Land  Registry","Lands Registry"
196855,RES-2009-4379,general_registry,"Land  Registry","Lands Registry"
196856,RES-2009-6620,general_registry,"Land  Registry","Lands Registry"
196857,RES-2009-6614,registry,,2
196857,RES-2009-6614,general_registry,"Land  Registry","Lands Registry"
196858,RES-2016-4093,general_registry,"Land  Registry","Lands Registry"
196860,RES-2009-676,general_registry,"Land  Registry","Lands Registry"
196861,RES-RC-1982-336,general_registry,"Land  Registry","Lands Registry"
196862,RES-2009-6610,general_registry,"Land  Registry","Lands Registry"
196864,RES-2009-7012,general_registry,"Land  Registry","Lands Registry"
196865,RES-2009-677,general_registry,"Land  Registry","Lands Registry"
196867,RES-2021-1064,general_registry,"Land  Registry","Lands Registry"
196868,RES-2013-463,registry,,2
196868,RES-2013-463,general_registry,"Land  Registry","Lands Registry"
196869,RES-2009-1795,general_registry,"Land  Registry","Lands Registry"
196870,RES-2009-5479,general_registry,"Land  Registry","Lands Registry"
196871,RES-2009-678,general_registry,"Land  Registry","Lands Registry"
196872,RES-2009-6611,general_registry,"Land  Registry","Lands Registry"
196873,RES-2009-5478,general_registry,"Land  Registry","Lands Registry"
196874,RES-2016-2348,general_registry,"Land  Registry","Lands Registry"
196875,RES-2002-8570,general_registry,"Land  Registry","Lands Registry"
196876,RES-2009-5188,general_registry,"Land  Registry","Lands Registry"
196878,RES-2009-1796,general_registry,"Land  Registry","Lands Registry"
196879,RES-2009-5178,general_registry,"Land  Registry","Lands Registry"
196882,COM-1992-280,general_registry,"Land  Registry","Lands Registry"
196883,RES-2009-5476,general_registry,"Land  Registry","Lands Registry"
196884,RES-2009-5163,general_registry,"Land  Registry","Lands Registry"
196885,RES-2009-1799,general_registry,"Land  Registry","Lands Registry"
196888,RES-2009-7044,general_registry,"Land  Registry","Lands Registry"
196890,RES-2009-1766,general_registry,"Land  Registry","Lands Registry"
196891,RES-2009-5475,general_registry,"Land  Registry","Lands Registry"
196892,RES-2009-693,general_registry,"Land  Registry","Lands Registry"
196893,RES-2009-4073,general_registry,"Land  Registry","Lands Registry"
196894,RES-2009-5474,general_registry,"Land  Registry","Lands Registry"
196896,RES-2009-6320,general_registry,"Land  Registry","Lands Registry"
196897,RES-2009-1765,general_registry,"Land  Registry","Lands Registry"
196898,RES-2009-694,general_registry,"Land  Registry","Lands Registry"
196899,RES-2009-5472,general_registry,"Land  Registry","Lands Registry"
196900,RES-2009-5164,general_registry,"Land  Registry","Lands Registry"
196901,RES-2009-6318,general_registry,"Land  Registry","Lands Registry"
196902,RES-2009-5471,general_registry,"Land  Registry","Lands Registry"
196903,RES-2009-1989,general_registry,"Land  Registry","Lands Registry"
196904,RES-2009-1763,general_registry,"Land  Registry","Lands Registry"
196905,RES-2009-695,general_registry,"Land  Registry","Lands Registry"
196906,RES-2009-5168,registry,,2
196906,RES-2009-5168,general_registry,"Land  Registry","Lands Registry"
196907,RES-2009-6317,general_registry,"Land  Registry","Lands Registry"
196909,RES-2009-4071,general_registry,"Land  Registry","Lands Registry"
196910,RES-2009-5469,general_registry,"Land  Registry","Lands Registry"
196911,RES-2009-5167,general_registry,"Land  Registry","Lands Registry"
196912,RES-2009-6316,general_registry,"Land  Registry","Lands Registry"
196913,RES-2009-696,general_registry,"Land  Registry","Lands Registry"
196914,RES-2009-5468,general_registry,"Land  Registry","Lands Registry"
196915,RES-2009-5166,general_registry,"Land  Registry","Lands Registry"
196916,RES-2009-6315,general_registry,"Land  Registry","Lands Registry"
196917,CON-RES-1987-471,general_registry,"Land  Registry","Lands Registry"
196918,RES-2009-5467,general_registry,"Land  Registry","Lands Registry"
196920,RES-2009-5788,general_registry,"Land  Registry","Lands Registry"
196921,RES-2009-6168,general_registry,"Land  Registry","Lands Registry"
196922,RES-2009-6314,registry,,2
196922,RES-2009-6314,general_registry,"Land  Registry","Lands Registry"
196923,RES-2009-5180,general_registry,"Land  Registry","Lands Registry"
196926,RES-2009-5751,general_registry,"Land  Registry","Lands Registry"
196927,RES-2009-5466,general_registry,"Land  Registry","Lands Registry"
196929,RES-2009-5181,general_registry,"Land  Registry","Lands Registry"
196930,RES-2009-1990,general_registry,"Land  Registry","Lands Registry"
196931,RES-2009-5147,general_registry,"Land  Registry","Lands Registry"
196932,RES-2009-5750,general_registry,"Land  Registry","Lands Registry"
196933,RES-2009-5464,general_registry,"Land  Registry","Lands Registry"
196934,RES-2009-5749,general_registry,"Land  Registry","Lands Registry"
196935,RES-2009-5182,general_registry,"Land  Registry","Lands Registry"
196936,RES-2009-7061,general_registry,"Land  Registry","Lands Registry"
196937,RES-2009-6313,general_registry,"Land  Registry","Lands Registry"
196938,RES-2009-5748,general_registry,"Land  Registry","Lands Registry"
196939,RES-2009-5183,general_registry,"Land  Registry","Lands Registry"
196940,RES-2009-5463,general_registry,"Land  Registry","Lands Registry"
196941,RES-2009-697,general_registry,"Land  Registry","Lands Registry"
196942,COM-2023-82,general_registry,"Land  Registry","Lands Registry"
196943,RES-2009-5747,general_registry,"Land  Registry","Lands Registry"
196944,RES-2009-7062,general_registry,"Land  Registry","Lands Registry"
196945,RES-2009-6312,general_registry,"Land  Registry","Lands Registry"
196946,RES-2009-5459,general_registry,"Land  Registry","Lands Registry"
196947,RES-2009-5746,general_registry,"Land  Registry","Lands Registry"
196948,COM-2001-648,general_registry,"Land  Registry","Lands Registry"
196949,RES-2009-6311,general_registry,"Land  Registry","Lands Registry"
196951,RES-2009-698,general_registry,"Land  Registry","Lands Registry"
196952,RES-2009-5745,general_registry,"Land  Registry","Lands Registry"
196953,RES-2018-3107,general_registry,"Land  Registry","Lands Registry"
196954,RES-2009-5460,general_registry,"Land  Registry","Lands Registry"
196956,RES-2009-5184,general_registry,"Land  Registry","Lands Registry"
196958,RES-2009-6310,general_registry,"Land  Registry","Lands Registry"
196959,RES-2009-687,general_registry,"Land  Registry","Lands Registry"
196960,RES-2009-5461,general_registry,"Land  Registry","Lands Registry"
196961,RES-2009-1991,general_registry,"Land  Registry","Lands Registry"
196962,RES-2017-819,general_registry,"Land  Registry","Lands Registry"
196963,RES-2009-7460,general_registry,"Land  Registry","Lands Registry"
196964,RES-2009-5796,general_registry,"Land  Registry","Lands Registry"
196965,RES-2009-6309,general_registry,"Land  Registry","Lands Registry"
196966,RES-1982-648,general_registry,"Land  Registry","Lands Registry"
196968,RES-2009-5462,general_registry,"Land  Registry","Lands Registry"
196969,RES-2009-5795,general_registry,"Land  Registry","Lands Registry"
196970,RES-2009-5138,general_registry,"Land  Registry","Lands Registry"
196971,RES-2009-6329,general_registry,"Land  Registry","Lands Registry"
196972,RES-2009-6663,general_registry,"Land  Registry","Lands Registry"
196973,RES-2009-5232,general_registry,"Land  Registry","Lands Registry"
196974,RES-2009-1992,general_registry,"Land  Registry","Lands Registry"
196975,COM-2022-539,general_registry,"Land  Registry","Lands Registry"
196976,RES-2009-5480,general_registry,"Land  Registry","Lands Registry"
196977,RES-2009-5794,general_registry,"Land  Registry","Lands Registry"
196978,RES-2009-5793,general_registry,"Land  Registry","Lands Registry"
196979,RES-2009-5350,general_registry,"Land  Registry","Lands Registry"
196981,RES-2009-7462,general_registry,"Land  Registry","Lands Registry"
196982,RES-2009-6328,general_registry,"Land  Registry","Lands Registry"
196985,RES-RC-1984-204,registry,,1
196985,RES-RC-1984-204,general_registry,"Land  Registry","Lands Registry"
196986,RES-RC-2014-2,general_registry,"Land  Registry","Lands Registry"
196987,RES-2009-5792,general_registry,"Land  Registry","Lands Registry"
196989,RES-2009-1993,registry,,2
196989,RES-2009-1993,general_registry,"Land  Registry","Lands Registry"
196990,CON-COM-2021-706,general_registry,"Land  Registry","Lands Registry"
196992,RES-2009-6327,general_registry,"Land  Registry","Lands Registry"
196993,RES-2009-5791,general_registry,"Land  Registry","Lands Registry"
196994,RES-2009-5351,general_registry,"Land  Registry","Lands Registry"
196995,RES-2009-5790,general_registry,"Land  Registry","Lands Registry"
196996,RES-2009-5237,general_registry,"Land  Registry","Lands Registry"
197000,RES-2009-5137,general_registry,"Land  Registry","Lands Registry"
197002,RES-2009-6319,general_registry,"Land  Registry","Lands Registry"
197003,RES-2009-5786,general_registry,"Land  Registry","Lands Registry"
197004,RES-2009-1994,registry,,2
197004,RES-2009-1994,general_registry,"Land  Registry","Lands Registry"
197005,RES-2009-688,general_registry,"Land  Registry","Lands Registry"
197006,RES-2009-5352,general_registry,"Land  Registry","Lands Registry"
197009,RES-2009-5785,general_registry,"Land  Registry","Lands Registry"
197012,RES-2009-6324,general_registry,"Land  Registry","Lands Registry"
197013,RES-2009-689,general_registry,"Land  Registry","Lands Registry"
197014,RES-2009-5360,general_registry,"Land  Registry","Lands Registry"
197016,RES-2009-1995,general_registry,"Land  Registry","Lands Registry"
197017,RES-2009-5149,general_registry,"Land  Registry","Lands Registry"
197018,RES-2009-6322,general_registry,"Land  Registry","Lands Registry"
197019,RES-2009-2701,general_registry,"Land  Registry","Lands Registry"
197020,RES-2009-3822,general_registry,"Land  Registry","Lands Registry"
197021,RES-2009-7172,general_registry,"Land  Registry","Lands Registry"
197022,RES-2009-1955,general_registry,"Land  Registry","Lands Registry"
197023,RES-2009-5738,general_registry,"Land  Registry","Lands Registry"
197024,RES-2009-6321,general_registry,"Land  Registry","Lands Registry"
197025,RES-2009-674,general_registry,"Land  Registry","Lands Registry"
197026,CON-RES-2009-178,general_registry,"Land  Registry","Lands Registry"
197027,RES-2009-5737,general_registry,"Land  Registry","Lands Registry"
197028,RES-2009-7171,general_registry,"Land  Registry","Lands Registry"
197029,RES-2009-5112,general_registry,"Land  Registry","Lands Registry"
197030,RES-2009-6339,general_registry,"Land  Registry","Lands Registry"
197031,RES-2009-675,general_registry,"Land  Registry","Lands Registry"
197035,CON-RES-1982-1226,general_registry,"Land  Registry","Lands Registry"
197036,RES-2009-7170,general_registry,"Land  Registry","Lands Registry"
197037,RES-2009-6340,general_registry,"Land  Registry","Lands Registry"
197038,CON-RES-2011-203,general_registry,"Land  Registry","Lands Registry"
197039,RES-2009-1937,general_registry,"Land  Registry","Lands Registry"
197040,RES-2009-5113,general_registry,"Land  Registry","Lands Registry"
197041,RES-2009-673,general_registry,"Land  Registry","Lands Registry"
197044,RES-2009-3821,general_registry,"Land  Registry","Lands Registry"
197045,RES-2009-6338,general_registry,"Land  Registry","Lands Registry"
197046,RES-1981-189,general_registry,"Land  Registry","Lands Registry"
197047,RES-2009-7168,general_registry,"Land  Registry","Lands Registry"
197049,RES-2009-5131,general_registry,"Land  Registry","Lands Registry"
197051,RES-2009-2702,general_registry,"Land  Registry","Lands Registry"
197052,RES-2009-7198,general_registry,"Land  Registry","Lands Registry"
197053,RES-2009-5742,general_registry,"Land  Registry","Lands Registry"
197055,RES-2021-2402,general_registry,"Land  Registry","Lands Registry"
197058,RES-2009-5744,general_registry,"Land  Registry","Lands Registry"
197061,COM-2020-96,general_registry,"Land  Registry","Lands Registry"
197062,RES-2009-7197,general_registry,"Land  Registry","Lands Registry"
197064,RES-2009-6325,general_registry,"Land  Registry","Lands Registry"
197065,RES-2009-1996,general_registry,"Land  Registry","Lands Registry"
197067,RES-2009-5743,general_registry,"Land  Registry","Lands Registry"
197068,RES-2009-5124,general_registry,"Land  Registry","Lands Registry"
197069,RES-2009-5361,general_registry,"Land  Registry","Lands Registry"
197072,RES-2009-3820,general_registry,"Land  Registry","Lands Registry"
197073,RES-2009-6352,general_registry,"Land  Registry","Lands Registry"
197074,RES-2009-5739,general_registry,"Land  Registry","Lands Registry"
197075,RES-2009-1944,general_registry,"Land  Registry","Lands Registry"
197076,RES-2009-5125,general_registry,"Land  Registry","Lands Registry"
197077,RES-2009-7199,general_registry,"Land  Registry","Lands Registry"
197078,RES-2009-5720,general_registry,"Land  Registry","Lands Registry"
197079,RES-2009-6350,general_registry,"Land  Registry","Lands Registry"
197080,RES-2009-5721,general_registry,"Land  Registry","Lands Registry"
197081,RES-2009-3819,general_registry,"Land  Registry","Lands Registry"
197083,RES-2009-7188,general_registry,"Land  Registry","Lands Registry"
197084,RES-2009-3812,general_registry,"Land  Registry","Lands Registry"
197085,RES-2009-5126,general_registry,"Land  Registry","Lands Registry"
197088,RES-2009-6349,general_registry,"Land  Registry","Lands Registry"
197089,RES-2009-5722,general_registry,"Land  Registry","Lands Registry"
197091,RES-2010-1199,general_registry,"Land  Registry","Lands Registry"
197095,RES-2009-5724,general_registry,"Land  Registry","Lands Registry"
197096,RES-2009-5103,general_registry,"Land  Registry","Lands Registry"
197097,RES-2009-2703,general_registry,"Land  Registry","Lands Registry"
197098,RES-2009-7187,general_registry,"Land  Registry","Lands Registry"
197099,RES-2009-3877,general_registry,"Land  Registry","Lands Registry"
197100,RES-2009-6345,general_registry,"Land  Registry","Lands Registry"
197101,RES-2009-5723,general_registry,"Land  Registry","Lands Registry"
197102,RES-2023-1436,registry,,2
197102,RES-2023-1436,general_registry,"Land  Registry","Lands Registry"
197105,CON-COM-2023-623,general_registry,"Land  Registry","Lands Registry"
197106,RES-2009-7186,general_registry,"Land  Registry","Lands Registry"
197108,RES-2019-2519,general_registry,"Land  Registry","Lands Registry"
197109,RES-2009-5727,general_registry,"Land  Registry","Lands Registry"
197110,RES-2009-2704,general_registry,"Land  Registry","Lands Registry"
197112,RES-2009-7185,general_registry,"Land  Registry","Lands Registry"
197113,COM-2001-741(T),general_registry,"Land  Registry","Lands Registry"
197114,RES-2009-5728,general_registry,"Land  Registry","Lands Registry"
197115,RES-2009-5121,general_registry,"Land  Registry","Lands Registry"
197117,RES-2009-5730,general_registry,"Land  Registry","Lands Registry"
197118,RES-2009-7184,general_registry,"Land  Registry","Lands Registry"
197119,RES-2009-2705,general_registry,"Land  Registry","Lands Registry"
197120,RES-2009-3816,general_registry,"Land  Registry","Lands Registry"
197121,RES-2009-5729,general_registry,"Land  Registry","Lands Registry"
197124,RES-2009-6377,general_registry,"Land  Registry","Lands Registry"
197125,RES-2009-1947,general_registry,"Land  Registry","Lands Registry"
197126,RES-1992-4343,general_registry,"Land  Registry","Lands Registry"
197127,RES-1981-80,general_registry,"Land  Registry","Lands Registry"
197128,RES-2009-2706,general_registry,"Land  Registry","Lands Registry"
197129,RES-2009-5732,registry,,2
197129,RES-2009-5732,general_registry,"Land  Registry","Lands Registry"
197130,RES-2009-5013,general_registry,"Land  Registry","Lands Registry"
197131,RES-2015-5194,general_registry,"Land  Registry","Lands Registry"
197132,RES-2009-5731,general_registry,"Land  Registry","Lands Registry"
197133,RES-2009-2707,general_registry,"Land  Registry","Lands Registry"
197134,RES-2009-6372,general_registry,"Land  Registry","Lands Registry"
197135,RES-2009-1948,general_registry,"Land  Registry","Lands Registry"
197136,RES-2009-6373,general_registry,"Land  Registry","Lands Registry"
197138,RES-2009-2708,general_registry,"Land  Registry","Lands Registry"
197139,RES-2009-5119,general_registry,"Land  Registry","Lands Registry"
197141,RES-2009-5741,general_registry,"Land  Registry","Lands Registry"
197143,CON-COM-2022-168,general_registry,"Land  Registry","Lands Registry"
197144,RES-2009-7277,general_registry,"Land  Registry","Lands Registry"
197145,RES-2009-1951,general_registry,"Land  Registry","Lands Registry"
197146,RES-2009-2709,general_registry,"Land  Registry","Lands Registry"
197147,RES-2009-6374,general_registry,"Land  Registry","Lands Registry"
197148,RES-2009-5740,general_registry,"Land  Registry","Lands Registry"
197149,RES-2009-5120,general_registry,"Land  Registry","Lands Registry"
197150,RES-2009-2710,general_registry,"Land  Registry","Lands Registry"
197151,RES-2009-1952,general_registry,"Land  Registry","Lands Registry"
197152,RES-2009-7278,general_registry,"Land  Registry","Lands Registry"
197153,RES-2009-6388,general_registry,"Land  Registry","Lands Registry"
197154,RES-2007-7533,general_registry,"Land  Registry","Lands Registry"
197155,RES-2009-2711,general_registry,"Land  Registry","Lands Registry"
197158,RES-2009-6376,general_registry,"Land  Registry","Lands Registry"
197159,RES-2009-5106,general_registry,"Land  Registry","Lands Registry"
197160,RES-2009-1953,general_registry,"Land  Registry","Lands Registry"
197161,CON-RES-2010-220,general_registry,"Land  Registry","Lands Registry"
197162,RES-2009-5766,general_registry,"Land  Registry","Lands Registry"
197163,RES-2009-2713,general_registry,"Land  Registry","Lands Registry"
197164,RES-2010-3877,general_registry,"Land  Registry","Lands Registry"
197165,CON-RES-2011-200,general_registry,"Land  Registry","Lands Registry"
197166,RES-2009-5779,general_registry,"Land  Registry","Lands Registry"
197169,RES-2009-5110,general_registry,"Land  Registry","Lands Registry"
197170,RES-2009-1954,general_registry,"Land  Registry","Lands Registry"
197171,RES-2009-2714,general_registry,"Land  Registry","Lands Registry"
197172,RES-2009-5768,general_registry,"Land  Registry","Lands Registry"
197173,RES-2009-3813,general_registry,"Land  Registry","Lands Registry"
197174,RES-2015-3098,general_registry,"Land  Registry","Lands Registry"
197175,RES-2009-5769,general_registry,"Land  Registry","Lands Registry"
197177,RES-2009-5765,general_registry,"Land  Registry","Lands Registry"
197179,RES-2009-7280,general_registry,"Land  Registry","Lands Registry"
197180,CON-RES-1981-46,general_registry,"Land  Registry","Lands Registry"
197183,RES-2009-6380,general_registry,"Land  Registry","Lands Registry"
197185,RES-2009-5783,general_registry,"Land  Registry","Lands Registry"
197187,RES-2009-6167,general_registry,"Land  Registry","Lands Registry"
197193,RES-2009-1922,general_registry,"Land  Registry","Lands Registry"
197194,RES-2009-2715,general_registry,"Land  Registry","Lands Registry"
197195,CON-RES-2020-1090,general_registry,"Land  Registry","Lands Registry"
197196,RES-2009-6383,registry,,2
197196,RES-2009-6383,general_registry,"Land  Registry","Lands Registry"
197197,RES-2014-1377,general_registry,"Land  Registry","Lands Registry"
197199,RES-2010-1515,general_registry,"Land  Registry","Lands Registry"
197202,RES-2009-2716,general_registry,"Land  Registry","Lands Registry"
197203,RES-2009-5782,general_registry,"Land  Registry","Lands Registry"
197204,RES-2009-3814,general_registry,"Land  Registry","Lands Registry"
197207,CON-RES-2010-221,general_registry,"Land  Registry","Lands Registry"
197208,RES-2009-3807,general_registry,"Land  Registry","Lands Registry"
197209,RES-2009-6165,registry,,2
197209,RES-2009-6165,general_registry,"Land  Registry","Lands Registry"
197212,RES-2009-5767,general_registry,"Land  Registry","Lands Registry"
197216,RES-2009-5776,general_registry,"Land  Registry","Lands Registry"
197217,RES-2009-3805,general_registry,"Land  Registry","Lands Registry"
197218,RES-2009-7196,general_registry,"Land  Registry","Lands Registry"
197220,RES-2009-5778,general_registry,"Land  Registry","Lands Registry"
197221,RES-1991-5670,general_registry,"Land  Registry","Lands Registry"
197222,CON-IND-2019-11,general_registry,"Land  Registry","Lands Registry"
197223,RES-2009-7194,general_registry,"Land  Registry","Lands Registry"
197224,CON-RES-1985-460,general_registry,"Land  Registry","Lands Registry"
197225,CON-RES-2011-206,general_registry,"Land  Registry","Lands Registry"
197226,RES-2009-6162,general_registry,"Land  Registry","Lands Registry"
197227,RES-2009-5234,general_registry,"Land  Registry","Lands Registry"
197229,RES-2009-7193,general_registry,"Land  Registry","Lands Registry"
197233,RES-2009-7192,general_registry,"Land  Registry","Lands Registry"
197237,CON-RES-2020-35,general_registry,"Land  Registry","Lands Registry"
197238,CON-RES-1982-1273,general_registry,"Land  Registry","Lands Registry"
197245,RES-2026-3674,registry,,2
197245,RES-2026-3674,general_registry,,"Lands Registry"
197245,RES-2026-3674,physical_registry,,"Registry 2 - Land"
197260,CON-RES-1982-1268,general_registry,"Land  Registry","Lands Registry"
197261,CON-RES-1982-1259,general_registry,"Land  Registry","Lands Registry"
197262,RES-2009-5484,general_registry,"Land  Registry","Lands Registry"
197263,RES-2009-5301,general_registry,"Land  Registry","Lands Registry"
197264,RES-2009-5302,general_registry,"Land  Registry","Lands Registry"
197265,RES-2009-5303,general_registry,"Land  Registry","Lands Registry"
197266,RES-1989-4054,general_registry,"Land  Registry","Lands Registry"
197268,RES-2009-7183,general_registry,"Land  Registry","Lands Registry"
197269,RES-2016-976,general_registry,"Land  Registry","Lands Registry"
197270,RES-2009-7190,general_registry,"Land  Registry","Lands Registry"
197271,RES-2009-7182,general_registry,"Land  Registry","Lands Registry"
197272,RES-2009-7181,general_registry,"Land  Registry","Lands Registry"
197273,RES-2009-7191,general_registry,"Land  Registry","Lands Registry"
197276,CON-COM-2021-468,registry,,3
197276,CON-COM-2021-468,general_registry,"Land  Registry","Lands Registry"
197277,COM-2015-73,general_registry,"Land  Registry","Lands Registry"
197278,RES-2009-5235,general_registry,"Land  Registry","Lands Registry"
197279,RES-2009-7189,general_registry,"Land  Registry","Lands Registry"
197280,RES-2007-1935,general_registry,"Land  Registry","Lands Registry"
197281,RES-2009-671,general_registry,"Land  Registry","Lands Registry"
197282,RES-2009-7179,general_registry,"Land  Registry","Lands Registry"
197287,RES-2009-3865,general_registry,"Land  Registry","Lands Registry"
197289,RES-2009-7178,general_registry,"Land  Registry","Lands Registry"
197290,CON-IND-2023-1,general_registry,"Land  Registry","Lands Registry"
197291,RES-2009-5233,general_registry,"Land  Registry","Lands Registry"
197293,RES-2009-7177,general_registry,"Land  Registry","Lands Registry"
197294,RES-2009-7176,general_registry,"Land  Registry","Lands Registry"
197295,RES-2009-699,general_registry,"Land  Registry","Lands Registry"
197299,RES-2009-7174,general_registry,"Land  Registry","Lands Registry"
197300,RES-2009-2717,general_registry,"Land  Registry","Lands Registry"
197301,RES-2009-2557,general_registry,"Land  Registry","Lands Registry"
197302,RES-2009-6396,general_registry,"Land  Registry","Lands Registry"
197303,RES-2009-2718,general_registry,"Land  Registry","Lands Registry"
197304,RES-2015-7705,general_registry,"Land  Registry","Lands Registry"
197305,CON-RES-2013-532,general_registry,"Land  Registry","Lands Registry"
197306,CON-RES-2010-223,general_registry,"Land  Registry","Lands Registry"
197307,IND-1997-9,general_registry,"Land  Registry","Lands Registry"
197308,RES-2009-6397,general_registry,"Land  Registry","Lands Registry"
197310,RES-2009-7173,general_registry,"Land  Registry","Lands Registry"
197311,CON-COM-2022-417,general_registry,"Land  Registry","Lands Registry"
197312,RES-2015-7704,general_registry,"Land  Registry","Lands Registry"
197313,RES-2009-2719,general_registry,"Land  Registry","Lands Registry"
197314,CON-AG-2016-50,general_registry,"Land  Registry","Lands Registry"
197317,RES-2009-6395,general_registry,"Land  Registry","Lands Registry"
197318,RES-2009-7285,general_registry,"Land  Registry","Lands Registry"
197319,RES-2009-5483,general_registry,"Land  Registry","Lands Registry"
197321,RES-2009-2720,general_registry,"Land  Registry","Lands Registry"
197322,RES-2009-4592,general_registry,"Land  Registry","Lands Registry"
197323,RES-2009-5482,registry,,2
197323,RES-2009-5482,general_registry,"Land  Registry","Lands Registry"
197324,RES-2026-3675,registry,,2
197324,RES-2026-3675,general_registry,,"Lands Registry"
197324,RES-2026-3675,physical_registry,,"Registry 2 - Land"
197325,RES-2009-2153,general_registry,"Land  Registry","Lands Registry"
197326,RES-2009-6358,general_registry,"Land  Registry","Lands Registry"
197329,RES-2009-2721,general_registry,"Land  Registry","Lands Registry"
197330,RES-2009-2165,general_registry,"Land  Registry","Lands Registry"
197331,RES-2009-2556,general_registry,"Land  Registry","Lands Registry"
197332,CON-RES-2015-65,general_registry,"Land  Registry","Lands Registry"
197334,RES-2009-6353,general_registry,"Land  Registry","Lands Registry"
197335,RES-2000-1981,general_registry,"Land  Registry","Lands Registry"
197336,RES-2009-5481,general_registry,"Land  Registry","Lands Registry"
197337,RES-2009-6359,general_registry,"Land  Registry","Lands Registry"
197338,RES-2009-2163,general_registry,"Land  Registry","Lands Registry"
197339,RES-2009-2722,general_registry,"Land  Registry","Lands Registry"
197340,RES-2009-7284,general_registry,"Land  Registry","Lands Registry"
197341,RES-2009-2162,general_registry,"Land  Registry","Lands Registry"
197342,RES-2009-2555,general_registry,"Land  Registry","Lands Registry"
197343,RES-2009-691,general_registry,"Land  Registry","Lands Registry"
197344,RES-2009-2723,general_registry,"Land  Registry","Lands Registry"
197345,RES-2009-6360,general_registry,"Land  Registry","Lands Registry"
197346,CON-RES-2014-180,registry,,3
197346,CON-RES-2014-180,general_registry,"Land  Registry","Lands Registry"
197348,RES-2009-692,general_registry,"Land  Registry","Lands Registry"
197351,RES-2009-6330,general_registry,"Land  Registry","Lands Registry"
197355,RES-RC-1988-73(T),general_registry,"Land  Registry","Lands Registry"
197356,RES-2009-2724,general_registry,"Land  Registry","Lands Registry"
197357,RES-2009-2554,general_registry,"Land  Registry","Lands Registry"
197358,RES-2009-683,general_registry,"Land  Registry","Lands Registry"
197359,RES-2009-6335,general_registry,"Land  Registry","Lands Registry"
197361,IND-1997-11,general_registry,"Land  Registry","Lands Registry"
197363,RES-2009-247,general_registry,"Land  Registry","Lands Registry"
197364,RES-2009-6336,general_registry,"Land  Registry","Lands Registry"
197366,RES-2009-6337,general_registry,"Land  Registry","Lands Registry"
197367,CON-RES-2012-95,general_registry,"Land  Registry","Lands Registry"
197368,RES-2001-2450,general_registry,"Land  Registry","Lands Registry"
197369,RES-2009-2553,general_registry,"Land  Registry","Lands Registry"
197370,RES-2009-6363,general_registry,"Land  Registry","Lands Registry"
197372,RES-2009-2725,general_registry,"Land  Registry","Lands Registry"
197373,CON-COM-2022-719,general_registry,"Land  Registry","Lands Registry"
197377,RES-2009-2726,general_registry,"Land  Registry","Lands Registry"
197379,CON-COM-2014-123,general_registry,"Land  Registry","Lands Registry"
197380,"CON-AG-2006-66 AND EXTENSION",registry,,3
197380,"CON-AG-2006-66 AND EXTENSION",general_registry,,"Lands Registry"
197380,"CON-AG-2006-66 AND EXTENSION",physical_registry,,"Registry 3 - Land"
197381,CON-RES-2009-1082,general_registry,"Land  Registry","Lands Registry"
197382,RES-2009-2728,general_registry,"Land  Registry","Lands Registry"
197385,RES-2009-2729,general_registry,"Land  Registry","Lands Registry"
197392,RES-2009-2731,general_registry,"Land  Registry","Lands Registry"
197393,CON-COM-2021-310,general_registry,"Land  Registry","Lands Registry"
197394,COM-1999-39,general_registry,"Land  Registry","Lands Registry"
197400,RES-2009-2733,general_registry,"Land  Registry","Lands Registry"
197401,RES-2009-2734,general_registry,"Land  Registry","Lands Registry"
197402,RES-2001-4381,general_registry,"Land  Registry","Lands Registry"
197404,RES-2009-249,general_registry,"Land  Registry","Lands Registry"
197405,RES-2009-250,general_registry,"Land  Registry","Lands Registry"
197407,RES-2009-2537,general_registry,"Land  Registry","Lands Registry"
197408,RES-2009-686,general_registry,"Land  Registry","Lands Registry"
197409,RES-2009-690,general_registry,"Land  Registry","Lands Registry"
197410,RES-2009-681,general_registry,"Land  Registry","Lands Registry"
197411,RES-2009-7283,general_registry,"Land  Registry","Lands Registry"
197412,RES-2009-684,general_registry,"Land  Registry","Lands Registry"
197416,COM-2026-346,registry,,1
197416,COM-2026-346,general_registry,,"Lands Registry"
197416,COM-2026-346,physical_registry,,"Registry 1 - Land"
197417,RES-2009-6333,general_registry,"Land  Registry","Lands Registry"
197418,RES-2009-679,general_registry,"Land  Registry","Lands Registry"
197419,CON-RES-2023-7506,general_registry,"Land  Registry","Lands Registry"
197420,RES-2009-230,general_registry,"Land  Registry","Lands Registry"
197421,RES-2009-680,general_registry,"Land  Registry","Lands Registry"
197422,RES-2009-231,registry,,2
197422,RES-2009-231,general_registry,"Land  Registry","Lands Registry"
197424,RES-2009-6365,general_registry,"Land  Registry","Lands Registry"
197425,RES-2009-6244,general_registry,"Land  Registry","Lands Registry"
197426,RES-2009-6364,general_registry,"Land  Registry","Lands Registry"
197427,RES-2009-6366,general_registry,"Land  Registry","Lands Registry"
197428,RES-2009-700,general_registry,"Land  Registry","Lands Registry"
197430,RES-2009-5307,general_registry,"Land  Registry","Lands Registry"
197432,RES-2009-5306,general_registry,"Land  Registry","Lands Registry"
197433,RES-2009-5305,general_registry,"Land  Registry","Lands Registry"
197434,COM-2026-347,registry,,1
197434,COM-2026-347,general_registry,,"Lands Registry"
197434,COM-2026-347,physical_registry,,"Registry 1 - Land"
197436,RES-2009-5304,general_registry,"Land  Registry","Lands Registry"
197439,RES-2018-197,general_registry,"Land  Registry","Lands Registry"
197440,CON-RES-2026-2925,registry,,3
197440,CON-RES-2026-2925,general_registry,,"Lands Registry"
197440,CON-RES-2026-2925,physical_registry,,"Registry 3 - Land"
197441,CON-RES-2026-2926,registry,,3
197441,CON-RES-2026-2926,general_registry,,"Lands Registry"
197441,CON-RES-2026-2926,physical_registry,,"Registry 3 - Land"
197442,CON-RES-2026-2927,registry,,3
197442,CON-RES-2026-2927,general_registry,,"Lands Registry"
197442,CON-RES-2026-2927,physical_registry,,"Registry 3 - Land"
197443,CON-RES-2026-2928,registry,,3
197443,CON-RES-2026-2928,general_registry,,"Lands Registry"
197443,CON-RES-2026-2928,physical_registry,,"Registry 3 - Land"
197444,CON-RES-2026-2929,registry,,3
197444,CON-RES-2026-2929,general_registry,,"Lands Registry"
197444,CON-RES-2026-2929,physical_registry,,"Registry 3 - Land"
197445,CON-RES-2026-2930,registry,,3
197445,CON-RES-2026-2930,general_registry,,"Lands Registry"
197445,CON-RES-2026-2930,physical_registry,,"Registry 3 - Land"
197446,CON-RES-2026-2931,registry,,3
197446,CON-RES-2026-2931,general_registry,,"Lands Registry"
197446,CON-RES-2026-2931,physical_registry,,"Registry 3 - Land"
197447,CON-RES-2026-2932,registry,,3
197447,CON-RES-2026-2932,general_registry,,"Lands Registry"
197447,CON-RES-2026-2932,physical_registry,,"Registry 3 - Land"
197448,CON-RES-2026-2933,registry,,3
197448,CON-RES-2026-2933,general_registry,,"Lands Registry"
197448,CON-RES-2026-2933,physical_registry,,"Registry 3 - Land"
197449,CON-RES-2026-2934,registry,,3
197449,CON-RES-2026-2934,general_registry,,"Lands Registry"
197449,CON-RES-2026-2934,physical_registry,,"Registry 3 - Land"
197450,CON-RES-2026-2935,registry,,3
197450,CON-RES-2026-2935,general_registry,,"Lands Registry"
197450,CON-RES-2026-2935,physical_registry,,"Registry 3 - Land"
197451,CON-RES-2026-2936,registry,,3
197451,CON-RES-2026-2936,general_registry,,"Lands Registry"
197451,CON-RES-2026-2936,physical_registry,,"Registry 3 - Land"
197452,CON-RES-2026-2937,registry,,3
197452,CON-RES-2026-2937,general_registry,,"Lands Registry"
197452,CON-RES-2026-2937,physical_registry,,"Registry 3 - Land"
197453,CON-RES-2026-2938,registry,,3
197453,CON-RES-2026-2938,general_registry,,"Lands Registry"
197453,CON-RES-2026-2938,physical_registry,,"Registry 3 - Land"
197454,CON-RES-2026-2939,registry,,3
197454,CON-RES-2026-2939,general_registry,,"Lands Registry"
197454,CON-RES-2026-2939,physical_registry,,"Registry 3 - Land"
197455,CON-RES-2026-2940,registry,,3
197455,CON-RES-2026-2940,general_registry,,"Lands Registry"
197455,CON-RES-2026-2940,physical_registry,,"Registry 3 - Land"
197456,CON-RES-2026-2941,registry,,3
197456,CON-RES-2026-2941,general_registry,,"Lands Registry"
197456,CON-RES-2026-2941,physical_registry,,"Registry 3 - Land"
197457,CON-RES-2026-2942,registry,,3
197457,CON-RES-2026-2942,general_registry,,"Lands Registry"
197457,CON-RES-2026-2942,physical_registry,,"Registry 3 - Land"
197458,CON-RES-2026-2943,registry,,3
197458,CON-RES-2026-2943,general_registry,,"Lands Registry"
197458,CON-RES-2026-2943,physical_registry,,"Registry 3 - Land"
197459,CON-RES-2026-2944,registry,,3
197459,CON-RES-2026-2944,general_registry,,"Lands Registry"
197459,CON-RES-2026-2944,physical_registry,,"Registry 3 - Land"
197460,CON-RES-2026-2945,registry,,3
197460,CON-RES-2026-2945,general_registry,,"Lands Registry"
197460,CON-RES-2026-2945,physical_registry,,"Registry 3 - Land"
197461,CON-RES-2026-2946,registry,,3
197461,CON-RES-2026-2946,general_registry,,"Lands Registry"
197461,CON-RES-2026-2946,physical_registry,,"Registry 3 - Land"
197462,CON-RES-2026-2947,registry,,3
197462,CON-RES-2026-2947,general_registry,,"Lands Registry"
197462,CON-RES-2026-2947,physical_registry,,"Registry 3 - Land"
197463,CON-RES-2026-2948,registry,,3
197463,CON-RES-2026-2948,general_registry,,"Lands Registry"
197463,CON-RES-2026-2948,physical_registry,,"Registry 3 - Land"
197464,CON-RES-2026-2949,registry,,3
197464,CON-RES-2026-2949,general_registry,,"Lands Registry"
197464,CON-RES-2026-2949,physical_registry,,"Registry 3 - Land"
197465,CON-RES-2026-2950,registry,,3
197465,CON-RES-2026-2950,general_registry,,"Lands Registry"
197465,CON-RES-2026-2950,physical_registry,,"Registry 3 - Land"
197466,CON-RES-2026-2951,registry,,3
197466,CON-RES-2026-2951,general_registry,,"Lands Registry"
197466,CON-RES-2026-2951,physical_registry,,"Registry 3 - Land"
197467,CON-RES-2026-2952,registry,,3
197467,CON-RES-2026-2952,general_registry,,"Lands Registry"
197467,CON-RES-2026-2952,physical_registry,,"Registry 3 - Land"
197468,CON-RES-2026-2953,registry,,3
197468,CON-RES-2026-2953,general_registry,,"Lands Registry"
197468,CON-RES-2026-2953,physical_registry,,"Registry 3 - Land"
197469,CON-RES-2026-2954,registry,,3
197469,CON-RES-2026-2954,general_registry,,"Lands Registry"
197469,CON-RES-2026-2954,physical_registry,,"Registry 3 - Land"
197470,CON-RES-2026-2955,registry,,3
197470,CON-RES-2026-2955,general_registry,,"Lands Registry"
197470,CON-RES-2026-2955,physical_registry,,"Registry 3 - Land"
197471,CON-RES-2026-2956,registry,,3
197471,CON-RES-2026-2956,general_registry,,"Lands Registry"
197471,CON-RES-2026-2956,physical_registry,,"Registry 3 - Land"
197472,CON-RES-2026-2957,registry,,3
197472,CON-RES-2026-2957,general_registry,,"Lands Registry"
197472,CON-RES-2026-2957,physical_registry,,"Registry 3 - Land"
197473,CON-RES-2026-2958,registry,,3
197473,CON-RES-2026-2958,general_registry,,"Lands Registry"
197473,CON-RES-2026-2958,physical_registry,,"Registry 3 - Land"
197474,CON-RES-2026-2959,registry,,3
197474,CON-RES-2026-2959,general_registry,,"Lands Registry"
197474,CON-RES-2026-2959,physical_registry,,"Registry 3 - Land"
197475,CON-RES-2026-2960,registry,,3
197475,CON-RES-2026-2960,general_registry,,"Lands Registry"
197475,CON-RES-2026-2960,physical_registry,,"Registry 3 - Land"
197476,CON-RES-2026-2961,registry,,3
197476,CON-RES-2026-2961,general_registry,,"Lands Registry"
197476,CON-RES-2026-2961,physical_registry,,"Registry 3 - Land"
197477,CON-RES-2026-2962,registry,,3
197477,CON-RES-2026-2962,general_registry,,"Lands Registry"
197477,CON-RES-2026-2962,physical_registry,,"Registry 3 - Land"
197478,CON-RES-2026-2963,registry,,3
197478,CON-RES-2026-2963,general_registry,,"Lands Registry"
197478,CON-RES-2026-2963,physical_registry,,"Registry 3 - Land"
197479,CON-RES-2026-2964,registry,,3
197479,CON-RES-2026-2964,general_registry,,"Lands Registry"
197479,CON-RES-2026-2964,physical_registry,,"Registry 3 - Land"
197480,CON-RES-2026-2965,registry,,3
197480,CON-RES-2026-2965,general_registry,,"Lands Registry"
197480,CON-RES-2026-2965,physical_registry,,"Registry 3 - Land"
197481,CON-RES-2026-2966,registry,,3
197481,CON-RES-2026-2966,general_registry,,"Lands Registry"
197481,CON-RES-2026-2966,physical_registry,,"Registry 3 - Land"
197482,CON-RES-2026-2967,registry,,3
197482,CON-RES-2026-2967,general_registry,,"Lands Registry"
197482,CON-RES-2026-2967,physical_registry,,"Registry 3 - Land"
197483,CON-RES-2026-2968,registry,,3
197483,CON-RES-2026-2968,general_registry,,"Lands Registry"
197483,CON-RES-2026-2968,physical_registry,,"Registry 3 - Land"
197484,CON-RES-2026-2969,registry,,3
197484,CON-RES-2026-2969,general_registry,,"Lands Registry"
197484,CON-RES-2026-2969,physical_registry,,"Registry 3 - Land"
197485,CON-RES-2026-2970,registry,,3
197485,CON-RES-2026-2970,general_registry,,"Lands Registry"
197485,CON-RES-2026-2970,physical_registry,,"Registry 3 - Land"
197486,CON-RES-2026-2971,registry,,3
197486,CON-RES-2026-2971,general_registry,,"Lands Registry"
197486,CON-RES-2026-2971,physical_registry,,"Registry 3 - Land"
197487,CON-RES-2026-2972,registry,,3
197487,CON-RES-2026-2972,general_registry,,"Lands Registry"
197487,CON-RES-2026-2972,physical_registry,,"Registry 3 - Land"
197488,CON-RES-2026-2973,registry,,3
197488,CON-RES-2026-2973,general_registry,,"Lands Registry"
197488,CON-RES-2026-2973,physical_registry,,"Registry 3 - Land"
197489,CON-RES-2026-2974,registry,,3
197489,CON-RES-2026-2974,general_registry,,"Lands Registry"
197489,CON-RES-2026-2974,physical_registry,,"Registry 3 - Land"
197490,CON-RES-2026-2975,registry,,3
197490,CON-RES-2026-2975,general_registry,,"Lands Registry"
197490,CON-RES-2026-2975,physical_registry,,"Registry 3 - Land"
197491,CON-RES-2026-2976,registry,,3
197491,CON-RES-2026-2976,general_registry,,"Lands Registry"
197491,CON-RES-2026-2976,physical_registry,,"Registry 3 - Land"
197492,CON-RES-2026-2977,registry,,3
197492,CON-RES-2026-2977,general_registry,,"Lands Registry"
197492,CON-RES-2026-2977,physical_registry,,"Registry 3 - Land"
197493,CON-RES-2026-2978,registry,,3
197493,CON-RES-2026-2978,general_registry,,"Lands Registry"
197493,CON-RES-2026-2978,physical_registry,,"Registry 3 - Land"
197494,CON-RES-2026-2979,registry,,3
197494,CON-RES-2026-2979,general_registry,,"Lands Registry"
197494,CON-RES-2026-2979,physical_registry,,"Registry 3 - Land"
197495,CON-RES-2026-2980,registry,,3
197495,CON-RES-2026-2980,general_registry,,"Lands Registry"
197495,CON-RES-2026-2980,physical_registry,,"Registry 3 - Land"
197496,CON-RES-2026-2981,registry,,3
197496,CON-RES-2026-2981,general_registry,,"Lands Registry"
197496,CON-RES-2026-2981,physical_registry,,"Registry 3 - Land"
197497,CON-RES-2026-2982,registry,,3
197497,CON-RES-2026-2982,general_registry,,"Lands Registry"
197497,CON-RES-2026-2982,physical_registry,,"Registry 3 - Land"
197498,CON-RES-2026-2983,registry,,3
197498,CON-RES-2026-2983,general_registry,,"Lands Registry"
197498,CON-RES-2026-2983,physical_registry,,"Registry 3 - Land"
197499,CON-RES-2026-2984,registry,,3
197499,CON-RES-2026-2984,general_registry,,"Lands Registry"
197499,CON-RES-2026-2984,physical_registry,,"Registry 3 - Land"
197500,CON-RES-2026-2985,registry,,3
197500,CON-RES-2026-2985,general_registry,,"Lands Registry"
197500,CON-RES-2026-2985,physical_registry,,"Registry 3 - Land"
197501,CON-RES-2026-2986,registry,,3
197501,CON-RES-2026-2986,general_registry,,"Lands Registry"
197501,CON-RES-2026-2986,physical_registry,,"Registry 3 - Land"
197502,CON-RES-2026-2987,registry,,3
197502,CON-RES-2026-2987,general_registry,,"Lands Registry"
197502,CON-RES-2026-2987,physical_registry,,"Registry 3 - Land"
197503,CON-RES-2026-2988,registry,,3
197503,CON-RES-2026-2988,general_registry,,"Lands Registry"
197503,CON-RES-2026-2988,physical_registry,,"Registry 3 - Land"
197504,CON-RES-2026-2989,registry,,3
197504,CON-RES-2026-2989,general_registry,,"Lands Registry"
197504,CON-RES-2026-2989,physical_registry,,"Registry 3 - Land"
197505,CON-RES-2026-2990,registry,,3
197505,CON-RES-2026-2990,general_registry,,"Lands Registry"
197505,CON-RES-2026-2990,physical_registry,,"Registry 3 - Land"
197506,CON-RES-2026-2991,registry,,3
197506,CON-RES-2026-2991,general_registry,,"Lands Registry"
197506,CON-RES-2026-2991,physical_registry,,"Registry 3 - Land"
197507,CON-RES-2026-2992,registry,,3
197507,CON-RES-2026-2992,general_registry,,"Lands Registry"
197507,CON-RES-2026-2992,physical_registry,,"Registry 3 - Land"
197508,CON-RES-2026-2993,registry,,3
197508,CON-RES-2026-2993,general_registry,,"Lands Registry"
197508,CON-RES-2026-2993,physical_registry,,"Registry 3 - Land"
197509,CON-RES-2026-2994,registry,,3
197509,CON-RES-2026-2994,general_registry,,"Lands Registry"
197509,CON-RES-2026-2994,physical_registry,,"Registry 3 - Land"
197510,CON-RES-2026-2995,registry,,3
197510,CON-RES-2026-2995,general_registry,,"Lands Registry"
197510,CON-RES-2026-2995,physical_registry,,"Registry 3 - Land"
197511,CON-RES-2026-2996,registry,,3
197511,CON-RES-2026-2996,general_registry,,"Lands Registry"
197511,CON-RES-2026-2996,physical_registry,,"Registry 3 - Land"
197512,CON-RES-2026-2997,registry,,3
197512,CON-RES-2026-2997,general_registry,,"Lands Registry"
197512,CON-RES-2026-2997,physical_registry,,"Registry 3 - Land"
197513,CON-RES-2026-2998,registry,,3
197513,CON-RES-2026-2998,general_registry,,"Lands Registry"
197513,CON-RES-2026-2998,physical_registry,,"Registry 3 - Land"
197514,CON-RES-2026-2999,registry,,3
197514,CON-RES-2026-2999,general_registry,,"Lands Registry"
197514,CON-RES-2026-2999,physical_registry,,"Registry 3 - Land"
197515,CON-RES-2026-3000,registry,,3
197515,CON-RES-2026-3000,general_registry,,"Lands Registry"
197515,CON-RES-2026-3000,physical_registry,,"Registry 3 - Land"
197516,CON-RES-2026-3001,registry,,3
197516,CON-RES-2026-3001,general_registry,,"Lands Registry"
197516,CON-RES-2026-3001,physical_registry,,"Registry 3 - Land"
197517,CON-RES-2026-3002,registry,,3
197517,CON-RES-2026-3002,general_registry,,"Lands Registry"
197517,CON-RES-2026-3002,physical_registry,,"Registry 3 - Land"
197518,CON-RES-2026-3003,registry,,3
197518,CON-RES-2026-3003,general_registry,,"Lands Registry"
197518,CON-RES-2026-3003,physical_registry,,"Registry 3 - Land"
197519,CON-COM-2026-636,registry,,3
197519,CON-COM-2026-636,general_registry,,"Lands Registry"
197519,CON-COM-2026-636,physical_registry,,"Registry 3 - Land"
197520,CON-COM-2026-638,registry,,3
197520,CON-COM-2026-638,general_registry,,"Lands Registry"
197520,CON-COM-2026-638,physical_registry,,"Registry 3 - Land"
197521,CON-COM-2026-639,registry,,3
197521,CON-COM-2026-639,general_registry,,"Lands Registry"
197521,CON-COM-2026-639,physical_registry,,"Registry 3 - Land"
197522,RES-2016-451,general_registry,"Land  Registry","Lands Registry"
197523,RES-2016-450,general_registry,"Land  Registry","Lands Registry"
197524,COM-2008-372,general_registry,"Land  Registry","Lands Registry"
197525,CON-COM-2003-118,registry,,3
197525,CON-COM-2003-118,general_registry,,"Lands Registry"
197525,CON-COM-2003-118,physical_registry,,"Registry 3 - Land"
197526,CON-RES-2026-3004,registry,,3
197526,CON-RES-2026-3004,general_registry,,"Lands Registry"
197526,CON-RES-2026-3004,physical_registry,,"Registry 3 - Land"
197527,RES-2015-1,general_registry,"Land  Registry","Lands Registry"
197528,RES-2011-1585,general_registry,"Land  Registry","Lands Registry"
197529,COM-2015-591,general_registry,"Land  Registry","Lands Registry"
197530,RES-2015-2113,general_registry,"Land  Registry","Lands Registry"
197531,RES-2019-3044,general_registry,"Land  Registry","Lands Registry"
197532,RES-2023-4046,general_registry,"Land  Registry","Lands Registry"
197533,CON-RES-2026-3005,registry,,3
197533,CON-RES-2026-3005,general_registry,,"Lands Registry"
197533,CON-RES-2026-3005,physical_registry,,"Registry 3 - Land"
197534,CON-RES-2026-3006,registry,,3
197534,CON-RES-2026-3006,general_registry,,"Lands Registry"
197534,CON-RES-2026-3006,physical_registry,,"Registry 3 - Land"
197535,RES-2009-5590,general_registry,"Land  Registry","Lands Registry"
197536,RES-2009-5599,general_registry,"Land  Registry","Lands Registry"
197537,RES-2009-6331,general_registry,"Land  Registry","Lands Registry"
197538,RES-2009-5600,general_registry,"Land  Registry","Lands Registry"
197539,RES-2009-218,general_registry,"Land  Registry","Lands Registry"
197540,RES-2009-4106,general_registry,"Land  Registry","Lands Registry"
197541,RES-2009-6332,general_registry,"Land  Registry","Lands Registry"
197542,RES-2009-206,general_registry,"Land  Registry","Lands Registry"
197543,RES-2009-6398,general_registry,"Land  Registry","Lands Registry"
197544,RES-2009-4105,general_registry,"Land  Registry","Lands Registry"
197545,RES-2009-2303,general_registry,"Land  Registry","Lands Registry"
197546,RES-2009-223,general_registry,"Land  Registry","Lands Registry"
197547,RES-2009-5598,registry,,2
197547,RES-2009-5598,general_registry,"Land  Registry","Lands Registry"
197548,RES-2009-7227,general_registry,"Land  Registry","Lands Registry"
197549,RES-2009-6399,general_registry,"Land  Registry","Lands Registry"
197550,RES-2009-4398,general_registry,"Land  Registry","Lands Registry"
197551,RES-2009-208,general_registry,"Land  Registry","Lands Registry"
197552,RES-2009-6361,general_registry,"Land  Registry","Lands Registry"
197553,RES-2009-2300,general_registry,"Land  Registry","Lands Registry"
197554,RES-2009-7305,general_registry,"Land  Registry","Lands Registry"
197555,RES-2009-220,general_registry,"Land  Registry","Lands Registry"
197556,CON-RES-2021-908,general_registry,"Land  Registry","Lands Registry"
197557,RES-2009-925,general_registry,"Land  Registry","Lands Registry"
197558,RES-2009-4399,general_registry,"Land  Registry","Lands Registry"
197559,RES-2009-7304,general_registry,"Land  Registry","Lands Registry"
197560,RES-2009-8138,general_registry,"Land  Registry","Lands Registry"
197561,RES-2009-2331,general_registry,"Land  Registry","Lands Registry"
197563,RES-2009-5592,general_registry,"Land  Registry","Lands Registry"
197564,RES-2009-211,general_registry,"Land  Registry","Lands Registry"
197565,RES-2009-1270,general_registry,"Land  Registry","Lands Registry"
197566,RES-2009-5258,general_registry,"Land  Registry","Lands Registry"
197567,RES-2009-7303,general_registry,"Land  Registry","Lands Registry"
197568,RES-2009-4394,general_registry,"Land  Registry","Lands Registry"
197569,RES-2008-2510,general_registry,"Land  Registry","Lands Registry"
197570,RES-2009-7302,general_registry,"Land  Registry","Lands Registry"
197571,RES-2009-5251,general_registry,"Land  Registry","Lands Registry"
197572,RES-2009-4395,general_registry,"Land  Registry","Lands Registry"
197573,RES-2009-2332,general_registry,"Land  Registry","Lands Registry"
197574,RES-2009-6371,general_registry,"Land  Registry","Lands Registry"
197575,RES-2009-7301,general_registry,"Land  Registry","Lands Registry"
197576,RES-2009-5249,general_registry,"Land  Registry","Lands Registry"
197577,RES-2008-2512,general_registry,"Land  Registry","Lands Registry"
197578,RES-2009-2333,general_registry,"Land  Registry","Lands Registry"
197579,RES-2009-5595,general_registry,"Land  Registry","Lands Registry"
197580,RES-2009-7306,general_registry,"Land  Registry","Lands Registry"
197581,RES-2009-1134,general_registry,"Land  Registry","Lands Registry"
197582,RES-2009-4396,general_registry,"Land  Registry","Lands Registry"
197583,RES-2009-2335,general_registry,"Land  Registry","Lands Registry"
197584,RES-2009-6342,general_registry,"Land  Registry","Lands Registry"
197585,RES-2009-5217,general_registry,"Land  Registry","Lands Registry"
197586,RES-2008-4982,registry,,2
197586,RES-2008-4982,general_registry,"Land  Registry","Lands Registry"
197587,RES-2009-7307,general_registry,"Land  Registry","Lands Registry"
197589,RES-2009-2334,general_registry,"Land  Registry","Lands Registry"
197590,RES-2009-5596,general_registry,"Land  Registry","Lands Registry"
197591,RES-2009-2336,general_registry,"Land  Registry","Lands Registry"
197592,RES-2009-5015,general_registry,"Land  Registry","Lands Registry"
197593,RES-2008-3697,general_registry,"Land  Registry","Lands Registry"
197594,RES-2009-1092,general_registry,"Land  Registry","Lands Registry"
197595,RES-2009-2360,general_registry,"Land  Registry","Lands Registry"
197596,RES-2003-3756,general_registry,"Land  Registry","Lands Registry"
197597,RES-2009-2337,general_registry,"Land  Registry","Lands Registry"
197598,RES-2009-7595,general_registry,"Land  Registry","Lands Registry"
197599,RES-2025-783,registry,,2
197599,RES-2025-783,general_registry,"Land  Registry","Lands Registry"
197600,RES-2009-7392,general_registry,"Land  Registry","Lands Registry"
197601,RES-2009-1095,general_registry,"Land  Registry","Lands Registry"
197602,RES-2009-2338,general_registry,"Land  Registry","Lands Registry"
197603,RES-2009-2361,general_registry,"Land  Registry","Lands Registry"
197604,RES-2009-5265,general_registry,"Land  Registry","Lands Registry"
197605,RES-2009-7598,general_registry,"Land  Registry","Lands Registry"
197606,RES-2009-1094,general_registry,"Land  Registry","Lands Registry"
197607,RES-2020-2818,general_registry,"Land  Registry","Lands Registry"
197608,RES-2009-1012,general_registry,"Land  Registry","Lands Registry"
197609,RES-2009-7309,general_registry,"Land  Registry","Lands Registry"
197610,RES-2009-4219,general_registry,"Land  Registry","Lands Registry"
197611,RES-2009-2340,general_registry,"Land  Registry","Lands Registry"
197612,RES-2009-1122,general_registry,"Land  Registry","Lands Registry"
197613,RES-2009-5264,general_registry,"Land  Registry","Lands Registry"
197614,RES-2009-2362,general_registry,"Land  Registry","Lands Registry"
197615,RES-2009-6516,general_registry,"Land  Registry","Lands Registry"
197616,RES-2009-6341,general_registry,"Land  Registry","Lands Registry"
197617,RES-2009-2342,general_registry,"Land  Registry","Lands Registry"
197618,CON-RES-1982-1370,general_registry,"Land  Registry","Lands Registry"
197619,RES-2009-7308,general_registry,"Land  Registry","Lands Registry"
197620,RES-2008-4984,general_registry,"Land  Registry","Lands Registry"
197621,RES-2009-984,general_registry,"Land  Registry","Lands Registry"
197622,RES-2009-7597,general_registry,"Land  Registry","Lands Registry"
197623,RES-2009-4218,general_registry,"Land  Registry","Lands Registry"
197624,RES-2009-5263,general_registry,"Land  Registry","Lands Registry"
197625,RES-2009-6517,general_registry,"Land  Registry","Lands Registry"
197626,RES-2009-6370,general_registry,"Land  Registry","Lands Registry"
197627,RES-2009-1133,general_registry,"Land  Registry","Lands Registry"
197628,RES-2009-2363,general_registry,"Land  Registry","Lands Registry"
197629,RES-2008-2861,general_registry,"Land  Registry","Lands Registry"
197631,RES-2009-4217,general_registry,"Land  Registry","Lands Registry"
197632,RES-2009-7310,general_registry,"Land  Registry","Lands Registry"
197633,RES-2008-2854,general_registry,"Land  Registry","Lands Registry"
197634,RES-2009-2343,general_registry,"Land  Registry","Lands Registry"
197635,RES-2009-5262,general_registry,"Land  Registry","Lands Registry"
197636,RES-2009-4397,general_registry,"Land  Registry","Lands Registry"
197637,CON-COM-2026-640,registry,,3
197637,CON-COM-2026-640,general_registry,,"Lands Registry"
197637,CON-COM-2026-640,physical_registry,,"Registry 3 - Land"
197639,RES-2009-4216,general_registry,"Land  Registry","Lands Registry"
197640,RES-2009-7229,general_registry,"Land  Registry","Lands Registry"
197641,RES-2009-2366,general_registry,"Land  Registry","Lands Registry"
197642,RES-2009-5261,general_registry,"Land  Registry","Lands Registry"
197643,RES-2008-2853,general_registry,"Land  Registry","Lands Registry"
197644,RES-2009-6518,general_registry,"Land  Registry","Lands Registry"
197645,RES-2009-4214,general_registry,"Land  Registry","Lands Registry"
197646,RES-2014-1129,general_registry,"Land  Registry","Lands Registry"
197647,RES-2009-4392,general_registry,"Land  Registry","Lands Registry"
197648,RES-2009-2344,general_registry,"Land  Registry","Lands Registry"
197649,RES-2009-4215,general_registry,"Land  Registry","Lands Registry"
197650,RES-2009-7228,general_registry,"Land  Registry","Lands Registry"
197651,RES-2009-5260,general_registry,"Land  Registry","Lands Registry"
197652,RES-2009-2367,general_registry,"Land  Registry","Lands Registry"
197653,CON-RES-1982-1364,general_registry,"Land  Registry","Lands Registry"
197654,RES-2009-1997,general_registry,"Land  Registry","Lands Registry"
197655,RES-2009-4213,general_registry,"Land  Registry","Lands Registry"
197656,CON-COM-2026-641,registry,,3
197656,CON-COM-2026-641,general_registry,,"Lands Registry"
197656,CON-COM-2026-641,physical_registry,,"Registry 3 - Land"
197657,RES-2009-2365,general_registry,"Land  Registry","Lands Registry"
197658,RES-2008-2952,general_registry,"Land  Registry","Lands Registry"
197659,RES-2009-5259,general_registry,"Land  Registry","Lands Registry"
197660,RES-2009-6519,general_registry,"Land  Registry","Lands Registry"
197661,RES-2009-2330,general_registry,"Land  Registry","Lands Registry"
197662,RES-2009-6369,general_registry,"Land  Registry","Lands Registry"
197663,RES-2009-7596,general_registry,"Land  Registry","Lands Registry"
197665,RES-2009-5280,general_registry,"Land  Registry","Lands Registry"
197666,RES-2009-6530,general_registry,"Land  Registry","Lands Registry"
197667,RES-2009-7240,general_registry,"Land  Registry","Lands Registry"
197668,RES-2009-2375,general_registry,"Land  Registry","Lands Registry"
197669,RES-2008-2954,general_registry,"Land  Registry","Lands Registry"
197670,RES-2009-2358,general_registry,"Land  Registry","Lands Registry"
197671,RES-2009-1935,general_registry,"Land  Registry","Lands Registry"
197672,RES-2009-6527,general_registry,"Land  Registry","Lands Registry"
197673,RES-2009-6514,general_registry,"Land  Registry","Lands Registry"
197674,RES-2009-4212,general_registry,"Land  Registry","Lands Registry"
197675,RES-2009-7219,general_registry,"Land  Registry","Lands Registry"
197676,RES-2009-5279,general_registry,"Land  Registry","Lands Registry"
197677,RES-2009-7525,general_registry,"Land  Registry","Lands Registry"
197678,RES-2009-6368,general_registry,"Land  Registry","Lands Registry"
197679,RES-2009-6513,general_registry,"Land  Registry","Lands Registry"
197680,RES-2009-6526,general_registry,"Land  Registry","Lands Registry"
197681,RES-2009-2372,general_registry,"Land  Registry","Lands Registry"
197682,RES-2009-2374,general_registry,"Land  Registry","Lands Registry"
197683,RES-2009-1942,general_registry,"Land  Registry","Lands Registry"
197684,RES-2009-7220,general_registry,"Land  Registry","Lands Registry"
197685,RES-2009-4211,general_registry,"Land  Registry","Lands Registry"
197686,RES-2009-5278,general_registry,"Land  Registry","Lands Registry"
197687,RES-2008-2953,registry,,2
197687,RES-2008-2953,general_registry,"Land  Registry","Lands Registry"
197688,RES-2009-2370,general_registry,"Land  Registry","Lands Registry"
197689,RES-2009-7221,general_registry,"Land  Registry","Lands Registry"
197690,RES-2009-6512,general_registry,"Land  Registry","Lands Registry"
197691,RES-2009-2373,general_registry,"Land  Registry","Lands Registry"
197692,RES-2009-5276,general_registry,"Land  Registry","Lands Registry"
197693,RES-2009-2369,general_registry,"Land  Registry","Lands Registry"
197694,RES-2009-4210,general_registry,"Land  Registry","Lands Registry"
197695,RES-2009-7222,general_registry,"Land  Registry","Lands Registry"
197696,RES-2009-6510,general_registry,"Land  Registry","Lands Registry"
197697,RES-2009-1920,general_registry,"Land  Registry","Lands Registry"
197698,RES-2009-2368,general_registry,"Land  Registry","Lands Registry"
197699,RES-2009-7223,general_registry,"Land  Registry","Lands Registry"
197700,RES-2009-2354,general_registry,"Land  Registry","Lands Registry"
197701,RES-2008-3160,registry,,2
197701,RES-2008-3160,general_registry,"Land  Registry","Lands Registry"
197702,RES-2009-6537,general_registry,"Land  Registry","Lands Registry"
197703,RES-2009-2356,general_registry,"Land  Registry","Lands Registry"
197704,RES-2009-8111,general_registry,"Land  Registry","Lands Registry"
197705,RES-2009-4209,general_registry,"Land  Registry","Lands Registry"
197706,RES-2009-6525,general_registry,"Land  Registry","Lands Registry"
197707,RES-2009-2355,general_registry,"Land  Registry","Lands Registry"
197709,RES-2009-6524,general_registry,"Land  Registry","Lands Registry"
197710,RES-2009-2387,general_registry,"Land  Registry","Lands Registry"
197711,RES-2009-6538,general_registry,"Land  Registry","Lands Registry"
197712,RES-2008-2939,general_registry,"Land  Registry","Lands Registry"
197714,RES-2009-4207,general_registry,"Land  Registry","Lands Registry"
197715,RES-2009-8112,general_registry,"Land  Registry","Lands Registry"
197716,RES-2009-2350,general_registry,"Land  Registry","Lands Registry"
197717,RES-2009-6523,general_registry,"Land  Registry","Lands Registry"
197718,RES-2009-1945,general_registry,"Land  Registry","Lands Registry"
197720,RES-2009-2386,general_registry,"Land  Registry","Lands Registry"
197721,RES-2009-7508,general_registry,"Land  Registry","Lands Registry"
197722,RES-2009-6522,general_registry,"Land  Registry","Lands Registry"
197723,RES-2009-2364,general_registry,"Land  Registry","Lands Registry"
197724,RES-2009-4205,general_registry,"Land  Registry","Lands Registry"
197725,RES-2009-7224,general_registry,"Land  Registry","Lands Registry"
197726,RES-2009-1900,general_registry,"Land  Registry","Lands Registry"
197727,RES-2009-6521,general_registry,"Land  Registry","Lands Registry"
197728,RES-2009-2349,general_registry,"Land  Registry","Lands Registry"
197729,RES-2009-1498,general_registry,"Land  Registry","Lands Registry"
197730,RES-2009-7593,general_registry,"Land  Registry","Lands Registry"
197731,RES-2009-7263,general_registry,"Land  Registry","Lands Registry"
197732,RES-2009-2348,general_registry,"Land  Registry","Lands Registry"
197733,RES-2009-2352,general_registry,"Land  Registry","Lands Registry"
197734,RES-2009-8113,general_registry,"Land  Registry","Lands Registry"
197735,RES-2008-5536,general_registry,"Land  Registry","Lands Registry"
197736,RES-2009-6520,general_registry,"Land  Registry","Lands Registry"
197737,RES-2009-1499,general_registry,"Land  Registry","Lands Registry"
197738,RES-2009-7264,general_registry,"Land  Registry","Lands Registry"
197739,RES-2009-7594,general_registry,"Land  Registry","Lands Registry"
197740,RES-2009-2347,general_registry,"Land  Registry","Lands Registry"
197741,RES-2009-1901,general_registry,"Land  Registry","Lands Registry"
197742,RES-2009-2351,general_registry,"Land  Registry","Lands Registry"
197743,RES-2009-4204,general_registry,"Land  Registry","Lands Registry"
197744,RES-2009-7266,general_registry,"Land  Registry","Lands Registry"
197745,RES-2009-7540,general_registry,"Land  Registry","Lands Registry"
197746,RES-2009-2345,general_registry,"Land  Registry","Lands Registry"
197747,RES-2009-6532,general_registry,"Land  Registry","Lands Registry"
197748,RES-2009-8104,general_registry,"Land  Registry","Lands Registry"
197749,RES-2009-1492,general_registry,"Land  Registry","Lands Registry"
197750,RES-2009-1486,general_registry,"Land  Registry","Lands Registry"
197751,RES-2009-1487,general_registry,"Land  Registry","Lands Registry"
197752,RES-2003-2334,general_registry,"Land  Registry","Lands Registry"
197753,RES-2009-1474,general_registry,"Land  Registry","Lands Registry"
197754,RES-2009-1466,general_registry,"Land  Registry","Lands Registry"
197755,RES-2009-1401,general_registry,"Land  Registry","Lands Registry"
197756,RES-2009-2380,general_registry,"Land  Registry","Lands Registry"
197757,RES-2009-1902,general_registry,"Land  Registry","Lands Registry"
197759,RES-2009-7267,general_registry,"Land  Registry","Lands Registry"
197761,RES-2009-7526,general_registry,"Land  Registry","Lands Registry"
197763,RES-2009-4203,general_registry,"Land  Registry","Lands Registry"
197764,RES-2009-6531,general_registry,"Land  Registry","Lands Registry"
197765,RES-2009-2346,general_registry,"Land  Registry","Lands Registry"
197766,RES-2009-1494,general_registry,"Land  Registry","Lands Registry"
197767,RES-2009-2376,general_registry,"Land  Registry","Lands Registry"
197768,RES-2009-2385,general_registry,"Land  Registry","Lands Registry"
197769,RES-2009-7527,general_registry,"Land  Registry","Lands Registry"
197771,RES-2009-8114,registry,,2
197771,RES-2009-8114,general_registry,"Land  Registry","Lands Registry"
197772,RES-2009-7241,general_registry,"Land  Registry","Lands Registry"
197773,RES-2009-2384,general_registry,"Land  Registry","Lands Registry"
197776,RES-2009-1903,general_registry,"Land  Registry","Lands Registry"
197777,RES-2009-2377,general_registry,"Land  Registry","Lands Registry"
197778,RES-2009-4202,general_registry,"Land  Registry","Lands Registry"
197779,RES-2009-7524,general_registry,"Land  Registry","Lands Registry"
197780,RES-2009-4256,general_registry,"Land  Registry","Lands Registry"
197781,RES-2009-1454,general_registry,"Land  Registry","Lands Registry"
197783,RES-2009-2381,general_registry,"Land  Registry","Lands Registry"
197784,RES-2009-7574,general_registry,"Land  Registry","Lands Registry"
197785,RES-2009-7239,general_registry,"Land  Registry","Lands Registry"
197786,RES-2009-2378,general_registry,"Land  Registry","Lands Registry"
197787,RES-2009-4201,general_registry,"Land  Registry","Lands Registry"
197788,RES-2009-2301,general_registry,"Land  Registry","Lands Registry"
197790,RES-2009-1905,general_registry,"Land  Registry","Lands Registry"
197791,RES-2009-7579,general_registry,"Land  Registry","Lands Registry"
197792,RES-2009-1489,general_registry,"Land  Registry","Lands Registry"
197793,RES-2009-8106,general_registry,"Land  Registry","Lands Registry"
197794,RES-2009-1490,general_registry,"Land  Registry","Lands Registry"
197795,RES-2009-1483,general_registry,"Land  Registry","Lands Registry"
197797,RES-2009-1485,general_registry,"Land  Registry","Lands Registry"
197798,RES-2009-1484,general_registry,"Land  Registry","Lands Registry"
197799,CON-RES-1982-1303,general_registry,"Land  Registry","Lands Registry"
197800,RES-2009-7230,general_registry,"Land  Registry","Lands Registry"
197801,RES-2009-2304,general_registry,"Land  Registry","Lands Registry"
197802,RES-2009-2302,general_registry,"Land  Registry","Lands Registry"
197803,RES-2009-1434,general_registry,"Land  Registry","Lands Registry"
197804,RES-2009-7539,general_registry,"Land  Registry","Lands Registry"
197805,RES-RC-1982-295,general_registry,"Land  Registry","Lands Registry"
197807,RES-2009-2341,general_registry,"Land  Registry","Lands Registry"
197809,CON-RES-1982-1305,general_registry,"Land  Registry","Lands Registry"
197810,RES-2009-4255,general_registry,"Land  Registry","Lands Registry"
197811,RES-2009-7507,general_registry,"Land  Registry","Lands Registry"
197812,RES-2009-2309,general_registry,"Land  Registry","Lands Registry"
197813,RES-2009-2371,general_registry,"Land  Registry","Lands Registry"
197814,RES-2009-2307,general_registry,"Land  Registry","Lands Registry"
197815,RES-2009-4250,general_registry,"Land  Registry","Lands Registry"
197816,RES-2009-2310,general_registry,"Land  Registry","Lands Registry"
197817,RES-2009-1435,general_registry,"Land  Registry","Lands Registry"
197818,CON-RES-1982-1307,general_registry,"Land  Registry","Lands Registry"
197820,RES-2009-2313,general_registry,"Land  Registry","Lands Registry"
197821,RES-2009-8148,general_registry,"Land  Registry","Lands Registry"
197822,RES-2009-1495,general_registry,"Land  Registry","Lands Registry"
197823,RES-2009-1496,general_registry,"Land  Registry","Lands Registry"
197824,RES-2009-1473,general_registry,"Land  Registry","Lands Registry"
197825,RES-2009-1472,general_registry,"Land  Registry","Lands Registry"
197826,RES-2009-1465,general_registry,"Land  Registry","Lands Registry"
197827,CON-RES-1982-1308,general_registry,"Land  Registry","Lands Registry"
197828,RES-2008-3027,registry,,2
197828,RES-2008-3027,general_registry,"Land  Registry","Lands Registry"
197829,CON-IND-2023-18,general_registry,"Land  Registry","Lands Registry"
197831,RES-2021-2948,general_registry,"Land  Registry","Lands Registry"
197832,RES-2009-7537,general_registry,"Land  Registry","Lands Registry"
197833,RES-2009-1432,general_registry,"Land  Registry","Lands Registry"
197834,RES-2008-3866,general_registry,"Land  Registry","Lands Registry"
197835,RES-2009-2315,general_registry,"Land  Registry","Lands Registry"
197836,RES-2009-1906,general_registry,"Land  Registry","Lands Registry"
197837,RES-2009-4254,general_registry,"Land  Registry","Lands Registry"
197838,RES-1989-4143,general_registry,"Land  Registry","Lands Registry"
197839,RES-2009-7268,general_registry,"Land  Registry","Lands Registry"
197842,RES-2009-1453,general_registry,"Land  Registry","Lands Registry"
197844,RES-2009-4241,general_registry,"Land  Registry","Lands Registry"
197846,RES-2009-5308,general_registry,"Land  Registry","Lands Registry"
197849,RES-2009-2762,general_registry,"Land  Registry","Lands Registry"
197850,RES-2008-3871,registry,,2
197850,RES-2008-3871,general_registry,"Land  Registry","Lands Registry"
197851,RES-2026-3676,registry,,2
197851,RES-2026-3676,general_registry,,"Lands Registry"
197851,RES-2026-3676,physical_registry,,"Registry 2 - Land"
197852,RES-2008-3140,registry,,2
197852,RES-2008-3140,general_registry,"Land  Registry","Lands Registry"
197853,RES-2009-4251,general_registry,"Land  Registry","Lands Registry"
197854,RES-2009-2316,general_registry,"Land  Registry","Lands Registry"
197855,RES-2009-2757,general_registry,"Land  Registry","Lands Registry"
197856,RES-2009-1482,general_registry,"Land  Registry","Lands Registry"
197857,RES-2009-7538,general_registry,"Land  Registry","Lands Registry"
197858,RES-2008-2856,registry,,2
197858,RES-2008-2856,general_registry,"Land  Registry","Lands Registry"
197859,RES-2009-1062,general_registry,"Land  Registry","Lands Registry"
197860,RES-2026-3677,registry,,2
197860,RES-2026-3677,general_registry,,"Lands Registry"
197860,RES-2026-3677,physical_registry,,"Registry 2 - Land"
197862,RES-2009-2200,general_registry,"Land  Registry","Lands Registry"
197863,RES-2009-7535,general_registry,"Land  Registry","Lands Registry"
197864,RES-2009-2319,general_registry,"Land  Registry","Lands Registry"
197865,RES-2009-4240,general_registry,"Land  Registry","Lands Registry"
197866,RES-2009-2317,general_registry,"Land  Registry","Lands Registry"
197867,RES-2009-1406,general_registry,"Land  Registry","Lands Registry"
197868,RES-2009-1067,general_registry,"Land  Registry","Lands Registry"
197869,RES-1992-4893,general_registry,"Land  Registry","Lands Registry"
197870,RES-2009-4252,general_registry,"Land  Registry","Lands Registry"
197871,RES-2009-2767,general_registry,"Land  Registry","Lands Registry"
197872,RES-2009-1447,general_registry,"Land  Registry","Lands Registry"
197873,RES-2009-7536,general_registry,"Land  Registry","Lands Registry"
197874,RES-2009-2320,general_registry,"Land  Registry","Lands Registry"
197877,COM-2011-151,general_registry,"Land  Registry","Lands Registry"
197879,RES-2009-7581,general_registry,"Land  Registry","Lands Registry"
197881,RES-2009-2321,general_registry,"Land  Registry","Lands Registry"
197882,RES-2009-2318,general_registry,"Land  Registry","Lands Registry"
197883,RES-2009-7582,general_registry,"Land  Registry","Lands Registry"
197885,RES-2009-1448,general_registry,"Land  Registry","Lands Registry"
197886,RES-2009-2322,general_registry,"Land  Registry","Lands Registry"
197887,RES-2009-2770,general_registry,"Land  Registry","Lands Registry"
197888,RES-2009-1437,general_registry,"Land  Registry","Lands Registry"
197889,RES-2009-1455,general_registry,"Land  Registry","Lands Registry"
197890,RES-2026-3678,registry,,2
197890,RES-2026-3678,general_registry,,"Lands Registry"
197890,RES-2026-3678,physical_registry,,"Registry 2 - Land"
197891,RES-2009-1433,general_registry,"Land  Registry","Lands Registry"
197892,RES-2009-1436,general_registry,"Land  Registry","Lands Registry"
197893,RES-2009-6539,general_registry,"Land  Registry","Lands Registry"
197894,RES-2009-2323,general_registry,"Land  Registry","Lands Registry"
197896,RES-2009-1450,general_registry,"Land  Registry","Lands Registry"
197897,RES-2009-2324,general_registry,"Land  Registry","Lands Registry"
197898,RES-2009-4239,general_registry,"Land  Registry","Lands Registry"
197899,COM-1986-133,general_registry,"Land  Registry","Lands Registry"
197900,RES-2009-4253,general_registry,"Land  Registry","Lands Registry"
197903,RES-2026-3679,registry,,2
197903,RES-2026-3679,general_registry,,"Lands Registry"
197903,RES-2026-3679,physical_registry,,"Registry 2 - Land"
197904,RES-2008-2906,general_registry,"Land  Registry","Lands Registry"
197906,RES-2009-1452,general_registry,"Land  Registry","Lands Registry"
197907,RES-2009-1048,general_registry,"Land  Registry","Lands Registry"
197908,CON-AG-2007-40,general_registry,"Land  Registry","Lands Registry"
197909,RES-2009-4290,general_registry,"Land  Registry","Lands Registry"
197910,RES-2008-2576,general_registry,"Land  Registry","Lands Registry"
197911,COM-2011-150,general_registry,"Land  Registry","Lands Registry"
197912,RES-2009-2325,general_registry,"Land  Registry","Lands Registry"
197913,RES-2009-6552,general_registry,"Land  Registry","Lands Registry"
197914,RES-2009-1457,general_registry,"Land  Registry","Lands Registry"
197916,RES-2008-5557,general_registry,"Land  Registry","Lands Registry"
197917,RES-2009-4296,registry,,2
197917,RES-2009-4296,general_registry,"Land  Registry","Lands Registry"
197918,RES-2009-8116,general_registry,"Land  Registry","Lands Registry"
197920,RES-2026-3680,registry,,2
197920,RES-2026-3680,general_registry,,"Lands Registry"
197920,RES-2026-3680,physical_registry,,"Registry 2 - Land"
197921,RES-2009-6553,general_registry,"Land  Registry","Lands Registry"
197922,RES-2008-2571,general_registry,"Land  Registry","Lands Registry"
197923,RES-2009-4293,registry,,2
197923,RES-2009-4293,general_registry,"Land  Registry","Lands Registry"
197925,RES-2009-4265,general_registry,"Land  Registry","Lands Registry"
197926,RES-2009-8144,general_registry,"Land  Registry","Lands Registry"
197927,RES-2009-1460,general_registry,"Land  Registry","Lands Registry"
197931,RES-2009-6554,general_registry,"Land  Registry","Lands Registry"
197932,RES-2026-3681,registry,,2
197932,RES-2026-3681,general_registry,,"Lands Registry"
197932,RES-2026-3681,physical_registry,,"Registry 2 - Land"
197933,RES-2009-4267,general_registry,"Land  Registry","Lands Registry"
197935,RES-2009-1461,general_registry,"Land  Registry","Lands Registry"
197937,RES-2009-6555,general_registry,"Land  Registry","Lands Registry"
197938,RES-2008-2784,general_registry,"Land  Registry","Lands Registry"
197939,RES-2009-8150,general_registry,"Land  Registry","Lands Registry"
197941,RES-2009-4271,general_registry,"Land  Registry","Lands Registry"
197942,RES-2009-2771,general_registry,"Land  Registry","Lands Registry"
197943,RES-2009-919,general_registry,"Land  Registry","Lands Registry"
197944,RES-2009-6557,general_registry,"Land  Registry","Lands Registry"
197946,RES-2010-1775,general_registry,"Land  Registry","Lands Registry"
197947,CON-RES-2013-536,general_registry,"Land  Registry","Lands Registry"
197948,RES-2009-4200,general_registry,"Land  Registry","Lands Registry"
197949,RES-2009-1462,general_registry,"Land  Registry","Lands Registry"
197950,RES-2009-2772,general_registry,"Land  Registry","Lands Registry"
197951,RES-2009-8143,general_registry,"Land  Registry","Lands Registry"
198036,RES-2009-6535,general_registry,"Land  Registry","Lands Registry"
198037,RES-2008-4601,general_registry,"Land  Registry","Lands Registry"
198038,RES-2009-2773,general_registry,"Land  Registry","Lands Registry"
198040,RES-2009-8142,general_registry,"Land  Registry","Lands Registry"
198043,RES-RC-1982-1522,general_registry,"Land  Registry","Lands Registry"
198045,RES-2006-440,general_registry,"Land  Registry","Lands Registry"
198046,RES-2009-6536,general_registry,"Land  Registry","Lands Registry"
198047,RES-2009-7210,general_registry,"Land  Registry","Lands Registry"
198050,RES-1984-122,registry,,1
198050,RES-1984-122,general_registry,"Physical Planning Registry","Lands Registry"
198051,RES-2009-4258,general_registry,"Land  Registry","Lands Registry"
198052,RES-2009-8141,general_registry,"Land  Registry","Lands Registry"
198053,RES-2009-6511,general_registry,"Land  Registry","Lands Registry"
198054,RES-2009-7211,general_registry,"Land  Registry","Lands Registry"
198055,RES-2008-2740,registry,,2
198055,RES-2008-2740,general_registry,"Land  Registry","Lands Registry"
198057,RES-2009-1907,general_registry,"Land  Registry","Lands Registry"
198058,RES-2009-2763,general_registry,"Land  Registry","Lands Registry"
198060,RES-2009-6506,general_registry,"Land  Registry","Lands Registry"
198061,RES-2009-7212,general_registry,"Land  Registry","Lands Registry"
198062,RES-2009-4257,general_registry,"Land  Registry","Lands Registry"
198063,RES-2008-5048,general_registry,"Land  Registry","Lands Registry"
198064,RES-2009-1913,general_registry,"Land  Registry","Lands Registry"
198065,RES-2009-1445,general_registry,"Land  Registry","Lands Registry"
198066,RES-2009-1444,general_registry,"Land  Registry","Lands Registry"
198067,RES-2009-1443,general_registry,"Land  Registry","Lands Registry"
198068,RES-2009-1442,general_registry,"Land  Registry","Lands Registry"
198069,RES-2009-7213,general_registry,"Land  Registry","Lands Registry"
198070,RES-2009-1438,general_registry,"Land  Registry","Lands Registry"
198071,RES-2009-6502,general_registry,"Land  Registry","Lands Registry"
198074,RES-2009-8160,general_registry,"Land  Registry","Lands Registry"
198077,RES-2009-7214,general_registry,"Land  Registry","Lands Registry"
198078,RES-2009-6503,general_registry,"Land  Registry","Lands Registry"
198081,RES-2009-1463,general_registry,"Land  Registry","Lands Registry"
198082,RES-2009-7215,general_registry,"Land  Registry","Lands Registry"
198083,RES-2008-2494,general_registry,"Land  Registry","Lands Registry"
198085,RES-2009-1464,general_registry,"Land  Registry","Lands Registry"
198086,RES-1994-2047,general_registry,"Land  Registry","Lands Registry"
198089,RES-2009-8169,general_registry,"Land  Registry","Lands Registry"
198090,RES-2009-7205,general_registry,"Land  Registry","Lands Registry"
198091,RES-2009-1414,general_registry,"Land  Registry","Lands Registry"
198092,RES-2009-7206,general_registry,"Land  Registry","Lands Registry"
198094,RES-1981-1133,general_registry,"Land  Registry","Lands Registry"
198095,RES-2009-1446,general_registry,"Land  Registry","Lands Registry"
198097,RES-2009-7207,general_registry,"Land  Registry","Lands Registry"
198099,RES-2009-7208,general_registry,"Land  Registry","Lands Registry"
198100,RES-2009-7209,general_registry,"Land  Registry","Lands Registry"
198101,RES-2009-7216,general_registry,"Land  Registry","Lands Registry"
198106,CON-RES-1982-1337,general_registry,"Land  Registry","Lands Registry"
198108,RES-2009-1915,general_registry,"Land  Registry","Lands Registry"
198109,COM-2026-348,registry,,1
198109,COM-2026-348,general_registry,,"Lands Registry"
198109,COM-2026-348,physical_registry,,"Registry 1 - Land"
198110,RES-2009-2327,general_registry,"Land  Registry","Lands Registry"
198111,RES-2009-1916,general_registry,"Land  Registry","Lands Registry"
198112,RES-2009-2326,general_registry,"Land  Registry","Lands Registry"
198113,RES-2009-1415,general_registry,"Land  Registry","Lands Registry"
198114,RES-2009-1058,general_registry,"Land  Registry","Lands Registry"
198115,RES-2022-1838,general_registry,"Land  Registry","Lands Registry"
198116,RES-2009-2328,general_registry,"Land  Registry","Lands Registry"
198119,RES-2009-4237,general_registry,"Land  Registry","Lands Registry"
198120,COM-2026-349,registry,,1
198120,COM-2026-349,general_registry,,"Lands Registry"
198120,COM-2026-349,physical_registry,,"Registry 1 - Land"
198121,RES-2009-1480,general_registry,"Land  Registry","Lands Registry"
198122,RES-2009-1917,general_registry,"Land  Registry","Lands Registry"
198123,RES-2009-2394,general_registry,"Land  Registry","Lands Registry"
198124,RES-2009-1060,general_registry,"Land  Registry","Lands Registry"
198125,RES-2009-5295,general_registry,"Land  Registry","Lands Registry"
198127,RES-2009-1918,general_registry,"Land  Registry","Lands Registry"
198128,RES-2009-1068,general_registry,"Land  Registry","Lands Registry"
198129,RES-2009-5294,general_registry,"Land  Registry","Lands Registry"
198130,RES-2009-2357,general_registry,"Land  Registry","Lands Registry"
198132,RES-2009-4236,general_registry,"Land  Registry","Lands Registry"
198133,CON-COM-2014-163,general_registry,"Land  Registry","Lands Registry"
198134,RES-2009-1046,general_registry,"Land  Registry","Lands Registry"
198136,RES-2009-1919,general_registry,"Land  Registry","Lands Registry"
198137,RES-2009-5293,general_registry,"Land  Registry","Lands Registry"
198138,RES-2009-4234,general_registry,"Land  Registry","Lands Registry"
198139,RES-2009-1931,general_registry,"Land  Registry","Lands Registry"
198140,RES-2009-1764,general_registry,"Land  Registry","Lands Registry"
198141,RES-2009-2398,general_registry,"Land  Registry","Lands Registry"
198144,RES-2009-5292,general_registry,"Land  Registry","Lands Registry"
198146,RES-2009-2396,general_registry,"Land  Registry","Lands Registry"
198147,RES-2009-5291,general_registry,"Land  Registry","Lands Registry"
198148,RES-2009-4233,general_registry,"Land  Registry","Lands Registry"
198149,RES-2009-1932,general_registry,"Land  Registry","Lands Registry"
198150,RES-2009-5216,general_registry,"Land  Registry","Lands Registry"
198151,RES-2009-1421,general_registry,"Land  Registry","Lands Registry"
198152,RES-2009-1419,general_registry,"Land  Registry","Lands Registry"
198153,RES-2009-1476,general_registry,"Land  Registry","Lands Registry"
198154,RES-2009-1479,general_registry,"Land  Registry","Lands Registry"
198155,RES-2009-2761,general_registry,"Land  Registry","Lands Registry"
198156,RES-2009-1723,general_registry,"Land  Registry","Lands Registry"
198157,RES-2009-5290,general_registry,"Land  Registry","Lands Registry"
198158,RES-2009-1420,general_registry,"Land  Registry","Lands Registry"
198159,RES-2009-1402,general_registry,"Land  Registry","Lands Registry"
198160,RES-2009-5283,general_registry,"Land  Registry","Lands Registry"
198161,RES-2009-2758,general_registry,"Land  Registry","Lands Registry"
198162,CON-RES-2024-476,general_registry,"Land  Registry","Lands Registry"
198163,RES-2009-8174,general_registry,"Land  Registry","Lands Registry"
198164,RES-2009-5289,general_registry,"Land  Registry","Lands Registry"
198165,RES-2009-4232,general_registry,"Land  Registry","Lands Registry"
198167,RES-2009-2756,general_registry,"Land  Registry","Lands Registry"
198168,RES-2009-1701,general_registry,"Land  Registry","Lands Registry"
198169,RES-2009-1403,general_registry,"Land  Registry","Lands Registry"
198170,RES-2009-5065,general_registry,"Land  Registry","Lands Registry"
198171,RES-2009-5299,general_registry,"Land  Registry","Lands Registry"
198172,CON-RES-2007-57,general_registry,"Land  Registry","Lands Registry"
198173,RES-2009-1934,general_registry,"Land  Registry","Lands Registry"
198174,RES-2009-2754,general_registry,"Land  Registry","Lands Registry"
198175,RES-2009-5066,general_registry,"Land  Registry","Lands Registry"
198177,RES-2009-5281,general_registry,"Land  Registry","Lands Registry"
198178,RES-2009-4231,general_registry,"Land  Registry","Lands Registry"
198179,CON-RES-1992-492,general_registry,"Land  Registry","Lands Registry"
198180,RES-2009-1745,general_registry,"Land  Registry","Lands Registry"
198181,RES-2009-5257,general_registry,"Land  Registry","Lands Registry"
198182,RES-2009-5067,general_registry,"Land  Registry","Lands Registry"
198183,RES-2009-1930,general_registry,"Land  Registry","Lands Registry"
198184,RES-2009-1767,general_registry,"Land  Registry","Lands Registry"
198185,RES-2009-2753,general_registry,"Land  Registry","Lands Registry"
198186,RES-2009-5068,general_registry,"Land  Registry","Lands Registry"
198187,RES-2009-1412,general_registry,"Land  Registry","Lands Registry"
198188,RES-2009-4230,general_registry,"Land  Registry","Lands Registry"
198189,CON-IND-2022-63,general_registry,"Land  Registry","Lands Registry"
198190,RES-2009-5256,general_registry,"Land  Registry","Lands Registry"
198192,CON-COM-2017-170,general_registry,"Land  Registry","Lands Registry"
198193,RES-2009-6504,general_registry,"Land  Registry","Lands Registry"
198194,RES-2009-2752,general_registry,"Land  Registry","Lands Registry"
198195,RES-2009-5298,general_registry,"Land  Registry","Lands Registry"
198196,RES-2009-5064,general_registry,"Land  Registry","Lands Registry"
198197,RES-2009-1422,general_registry,"Land  Registry","Lands Registry"
198198,RES-2009-1427,general_registry,"Land  Registry","Lands Registry"
198199,RES-2009-1426,general_registry,"Land  Registry","Lands Registry"
198200,RES-2009-1404,general_registry,"Land  Registry","Lands Registry"
198201,RES-2009-1405,general_registry,"Land  Registry","Lands Registry"
198202,RES-2009-5253,general_registry,"Land  Registry","Lands Registry"
198203,RES-2009-2755,general_registry,"Land  Registry","Lands Registry"
198204,RES-2009-7282,general_registry,"Land  Registry","Lands Registry"
198205,RES-2002-8638(T),general_registry,"Land  Registry","Lands Registry"
198206,RES-2009-5084,general_registry,"Land  Registry","Lands Registry"
198207,RES-2009-5297,general_registry,"Land  Registry","Lands Registry"
198208,RES-2009-4238,general_registry,"Land  Registry","Lands Registry"
198209,RES-2009-1940,general_registry,"Land  Registry","Lands Registry"
198210,RES-2009-2751,general_registry,"Land  Registry","Lands Registry"
198211,RES-2009-5254,general_registry,"Land  Registry","Lands Registry"
198212,RES-2009-6501,general_registry,"Land  Registry","Lands Registry"
198213,RES-2009-5296,general_registry,"Land  Registry","Lands Registry"
198214,CON-IND-2026-806,registry,,3
198214,CON-IND-2026-806,general_registry,,"Lands Registry"
198214,CON-IND-2026-806,physical_registry,,"Registry 3 - Land"
198215,RES-2009-5097,general_registry,"Land  Registry","Lands Registry"
198217,CON-IND-2026-807,registry,,3
198217,CON-IND-2026-807,general_registry,,"Lands Registry"
198217,CON-IND-2026-807,physical_registry,,"Registry 3 - Land"
198218,RES-2009-5275,general_registry,"Land  Registry","Lands Registry"
198219,RES-2009-5096,general_registry,"Land  Registry","Lands Registry"
198220,RES-2009-7281,general_registry,"Land  Registry","Lands Registry"
198221,RES-2009-6459,general_registry,"Land  Registry","Lands Registry"
198222,CON-IND-2026-808,registry,,3
198222,CON-IND-2026-808,general_registry,,"Lands Registry"
198222,CON-IND-2026-808,physical_registry,,"Registry 3 - Land"
198223,CON-IND-2024-207(T),general_registry,"Land  Registry","Lands Registry"
198228,RES-RC-2009-4229,general_registry,"Land  Registry","Lands Registry"
198229,CON-IND-2026-809,registry,,3
198229,CON-IND-2026-809,general_registry,,"Lands Registry"
198229,CON-IND-2026-809,physical_registry,,"Registry 3 - Land"
198230,RES-2009-5274,general_registry,"Land  Registry","Lands Registry"
198231,RES-2009-2774,general_registry,"Land  Registry","Lands Registry"
198232,RES-2009-6460,general_registry,"Land  Registry","Lands Registry"
198233,RES-2009-5093,general_registry,"Land  Registry","Lands Registry"
198234,CON-IND-2026-810,registry,,3
198234,CON-IND-2026-810,general_registry,,"Lands Registry"
198234,CON-IND-2026-810,physical_registry,,"Registry 3 - Land"
198235,RES-2009-6461,general_registry,"Land  Registry","Lands Registry"
198237,RES-2009-3808,general_registry,"Land  Registry","Lands Registry"
198238,RES-2009-4144,general_registry,"Land  Registry","Lands Registry"
198239,RES-2009-8145,general_registry,"Land  Registry","Lands Registry"
198240,RES-2009-2749,general_registry,"Land  Registry","Lands Registry"
198241,RES-2009-6462,general_registry,"Land  Registry","Lands Registry"
198242,RES-2009-5095,general_registry,"Land  Registry","Lands Registry"
198243,RES-2009-4228,general_registry,"Land  Registry","Lands Registry"
198244,RES-2009-6455,general_registry,"Land  Registry","Lands Registry"
198245,RES-2009-6463,general_registry,"Land  Registry","Lands Registry"
198246,RES-2009-5062,general_registry,"Land  Registry","Lands Registry"
198247,RES-2009-2750,general_registry,"Land  Registry","Lands Registry"
198249,RES-1982-597,registry,,1
198249,RES-1982-597,general_registry,"Land  Registry","Lands Registry"
198250,RES-2009-6452,general_registry,"Land  Registry","Lands Registry"
198251,RES-2009-6400,general_registry,"Land  Registry","Lands Registry"
198254,RES-2009-5094,general_registry,"Land  Registry","Lands Registry"
198255,RES-2009-6456,general_registry,"Land  Registry","Lands Registry"
198256,RES-2009-5218,general_registry,"Land  Registry","Lands Registry"
198257,CON-COM-2021-27,general_registry,"Land  Registry","Lands Registry"
198258,RES-2009-4227,general_registry,"Land  Registry","Lands Registry"
198259,RES-2009-5072,general_registry,"Land  Registry","Lands Registry"
198260,RES-1992-812,general_registry,"Land  Registry","Lands Registry"
198261,RES-2009-6475,general_registry,"Land  Registry","Lands Registry"
198262,RES-2009-6457,general_registry,"Land  Registry","Lands Registry"
198263,RES-2009-5212,general_registry,"Land  Registry","Lands Registry"
198264,RES-2009-5050,general_registry,"Land  Registry","Lands Registry"
198265,RES-2009-6422,general_registry,"Land  Registry","Lands Registry"
198267,RES-2009-4143,general_registry,"Land  Registry","Lands Registry"
198268,RES-2022-801,general_registry,"Land  Registry","Lands Registry"
198269,CON-RES-2026-3007,registry,,3
198269,CON-RES-2026-3007,general_registry,,"Lands Registry"
198269,CON-RES-2026-3007,physical_registry,,"Registry 3 - Land"
198270,RES-2009-6476,general_registry,"Land  Registry","Lands Registry"
198271,RES-2009-4226,general_registry,"Land  Registry","Lands Registry"
198272,RES-2009-6421,general_registry,"Land  Registry","Lands Registry"
198275,RES-2009-5052,general_registry,"Land  Registry","Lands Registry"
198276,RES-2009-5088,general_registry,"Land  Registry","Lands Registry"
198278,RES-2009-6429,general_registry,"Land  Registry","Lands Registry"
198279,RES-2009-2776,general_registry,"Land  Registry","Lands Registry"
198281,RES-2009-6481,general_registry,"Land  Registry","Lands Registry"
198282,RES-2009-4225,general_registry,"Land  Registry","Lands Registry"
198283,RES-2009-5053,general_registry,"Land  Registry","Lands Registry"
198284,RES-2009-1413,general_registry,"Land  Registry","Lands Registry"
198285,RES-2009-6492,general_registry,"Land  Registry","Lands Registry"
198287,RES-2009-4142,general_registry,"Land  Registry","Lands Registry"
198290,RES-2009-5089,general_registry,"Land  Registry","Lands Registry"
198291,RES-2009-6494,general_registry,"Land  Registry","Lands Registry"
198292,RES-2009-2781,general_registry,"Land  Registry","Lands Registry"
198293,RES-2009-4133,general_registry,"Land  Registry","Lands Registry"
198294,RES-2009-6418,general_registry,"Land  Registry","Lands Registry"
198295,CON-RES-2011-202,general_registry,"Land  Registry","Lands Registry"
198296,CON-IND-2026-811,registry,,3
198296,CON-IND-2026-811,general_registry,,"Lands Registry"
198296,CON-IND-2026-811,physical_registry,,"Registry 3 - Land"
198297,RES-2009-1475,general_registry,"Land  Registry","Lands Registry"
198298,RES-2009-6497,general_registry,"Land  Registry","Lands Registry"
198299,RES-2009-8108,general_registry,"Land  Registry","Lands Registry"
198300,RES-2009-6479,general_registry,"Land  Registry","Lands Registry"
198302,RES-2009-20,general_registry,"Land  Registry","Lands Registry"
198303,RES-2009-6480,general_registry,"Land  Registry","Lands Registry"
198304,RES-2009-6495,general_registry,"Land  Registry","Lands Registry"
198305,RES-2009-4135,general_registry,"Land  Registry","Lands Registry"
198306,RES-2009-8115,general_registry,"Land  Registry","Lands Registry"
198307,RES-2023-1446,general_registry,"Land  Registry","Lands Registry"
198308,RES-2009-6482,general_registry,"Land  Registry","Lands Registry"
198309,RES-2009-6499,general_registry,"Land  Registry","Lands Registry"
198310,RES-2009-2777,general_registry,"Land  Registry","Lands Registry"
198311,RES-2009-6486,general_registry,"Land  Registry","Lands Registry"
198313,RES-2009-6498,general_registry,"Land  Registry","Lands Registry"
198314,RES-2009-1429,general_registry,"Land  Registry","Lands Registry"
198315,RES-2009-6487,general_registry,"Land  Registry","Lands Registry"
198317,RES-2009-6496,general_registry,"Land  Registry","Lands Registry"
198319,RES-2009-8101,general_registry,"Land  Registry","Lands Registry"
198320,CON-COM-2022-419,general_registry,"Land  Registry","Lands Registry"
198321,RES-2009-6488,general_registry,"Land  Registry","Lands Registry"
198322,RES-2009-6449,general_registry,"Land  Registry","Lands Registry"
198324,RES-2009-6489,general_registry,"Land  Registry","Lands Registry"
198325,RES-2002-670,general_registry,"Land  Registry","Lands Registry"
198326,RES-2009-6415,general_registry,"Land  Registry","Lands Registry"
198327,RES-2009-8133,general_registry,"Land  Registry","Lands Registry"
198328,RES-2009-6490,general_registry,"Land  Registry","Lands Registry"
198330,RES-2009-6491,general_registry,"Land  Registry","Lands Registry"
198331,RES-2009-1431,general_registry,"Land  Registry","Lands Registry"
198332,RES-2009-1410,general_registry,"Land  Registry","Lands Registry"
198333,RES-2009-1409,general_registry,"Land  Registry","Lands Registry"
198334,RES-2009-1408,general_registry,"Land  Registry","Lands Registry"
198335,RES-2009-1407,general_registry,"Land  Registry","Lands Registry"
198336,RES-2009-8135,general_registry,"Land  Registry","Lands Registry"
198337,RES-2009-2769,general_registry,"Land  Registry","Lands Registry"
198338,RES-2009-6468,general_registry,"Land  Registry","Lands Registry"
198339,RES-2009-4134,general_registry,"Land  Registry","Lands Registry"
198341,RES-2009-5288,general_registry,"Land  Registry","Lands Registry"
198342,RES-2009-2736,general_registry,"Land  Registry","Lands Registry"
198344,RES-2009-2778,general_registry,"Land  Registry","Lands Registry"
