file_number,name
AG-2026-4,"CAROLINA KOELPIN"
AG-2026-5,"test 12 3"
AG-RC-2026-50,"ALHAJI ADO ABDULLAHI"
AG-RC-2026-500,"hello world"
COM-2026-10,"H.G SHARIFAI NIGERIA LIMITED"
COM-2026-100,"AKHIM PLUS NIGERIA LIMITED"
COM-2026-101,"MULCO GENERAL SERVICE"
COM-2026-102,"MAHDI MUHAMMAD"
COM-2026-103,"ALH. YAU SULEIMAN NIGERIA LTD"
COM-2026-104,"TRIPOLI MOTORS LIMITED"
COM-2026-105,"TRIPOLI MOTORS LIMITED"
COM-2026-106,"HAMZA UMAR AHMAD"
COM-2026-107,"ALH JAMILU SALISU SARKI"
COM-2026-108,"GUARANTY TRUST BANK  LIMITED"
COM-2026-109,"INUWA ABDULLAHI MUHAMMAD"
COM-2026-11,"H.G SHARIFAI NIGERIA LIMITED"
COM-2026-110,"I.D.M BATURE NIGERIA LIMITED"
COM-2026-111,"ABDURRAHMAN M. ABUBAKAR"
COM-2026-112,"IMAN SUNUSI"
COM-2026-113,"IMAN SUNUSI"
COM-2026-114,"SAFIYA MUHD 2, HAFSAT MAYA, NASIRU ADAMU, AMINU ABDULLAHI"
COM-2026-115,"KAFIN FULANI GLOBAL INVESTMENT"
COM-2026-116,"KAFIN FULANI GLOBAL INVESTMENT"
COM-2026-117,"KAFIN FULANI GLOBAL INVESTMENT"
COM-2026-118,"KAFIN FULANI GLOBAL INVESTMENT"
COM-2026-119,"SHEHU KABARA"
COM-2026-12,"H.G SHARIFAI NIGERIA LIMITED"
COM-2026-120,"NURA IBRAHIM KABARA"
COM-2026-121,"ALHAJI YAHAYA DANBALA ILIYASU"
COM-2026-122,"GREAT UNITED ELITES SPORTING CLUB"
COM-2026-123,"GREAT UNITED ELITES SPORTING CLUB"
COM-2026-124,"SAADATU HARUNA ALIYU"
COM-2026-125,"HAMISU RABIU JINGAU"
COM-2026-126,"HAMISU RABIU JINGAU"
COM-2026-127,"BILKISU ADO ABDULLAHI"
COM-2026-128,"DARUL ERKAM FUNDATION"
COM-2026-129,"AL-HUDA ISLAMIC CENTRE"
COM-2026-13,"H.G SHARIFAI NIGERIA LIMITED"
COM-2026-130,"YAHAYA DAN BALA ILIYASU"
COM-2026-131,"UMAR NAMADI INUWA"
COM-2026-132,"UMAR NAMADI INUWA"
COM-2026-133,"IBRAHIM KHALIL SANI"
COM-2026-134,"AHMAD ALIYU"
COM-2026-135,"ADO DANLITI"
COM-2026-136,"SURAJO HAMZA"
COM-2026-137,"ALI MAHMOUD ABUBAKAR"
COM-2026-138,"DANLITI A DANLADI"
COM-2026-139,"DANLITI A DANLADI"
COM-2026-14,"H.G SHARIFAI NIGERIA LIMITED"
COM-2026-140,"DANLITI A DANLADI"
COM-2026-141,"DANLITI A DANLADI"
COM-2026-142,"DANLITI A DANLADI"
COM-2026-143,"DANLITI A DANLADI"
COM-2026-144,"DANLITI A DANLADI"
COM-2026-145,"DANLITI A DANLADI"
COM-2026-146,"DANLITI A DANLADI"
COM-2026-147,"DANLITI A DANLADI"
COM-2026-148,"DANLITI A DANLADI"
COM-2026-149,"ZULYADAINI MUHAMUD ISHA"
COM-2026-15,"H.G SHARIFAI NIGERIA LIMITED"
COM-2026-150,"DANLITI A DANLADI"
COM-2026-151,"DANLITI A DANLADI"
COM-2026-152,"DANLITI A DANLADI"
COM-2026-153,"DANLITI A DANLADI"
COM-2026-154,"DANLITI A DANLADI"
COM-2026-155,"DANLITI A DANLADI"
COM-2026-156,"DANLITI A DANLADI"
COM-2026-157,"DANLITI A DANLADI"
COM-2026-158,"DANLITI A DANLADI"
COM-2026-159,"DANLITI A DANLADI"
COM-2026-16,"H.G SHARIFAI NIGERIA LIMITED"
COM-2026-160,"DANLITI A DANLADI"
COM-2026-161,"DANLITI A DANLADI"
COM-2026-162,"DANLITI A DANLADI"
COM-2026-163,"DANLITI A DANLADI"
COM-2026-164,"DANLITI A DANLADI"
COM-2026-165,"DANLITI A DANLADI"
COM-2026-166,"DANLITI A DANLADI"
COM-2026-1665,"AMINU SUNUSI UWAISU"
COM-2026-1669,"ALH BASHIR ABUBAKAR TSANYAWA"
COM-2026-167,"DANLITI A DANLADI"
COM-2026-1676,"AMINU DANLAMI"
COM-2026-168,"DANLITI A DANLADI"
COM-2026-169,"DANLITI A DANLADI"
COM-2026-17,"H.G SHARIFAI NIGERIA LIMITED"
COM-2026-170,"DANLITI A DANLADI"
COM-2026-171,"DANLITI A DANLADI"
COM-2026-172,"DANLITI A DANLADI"
COM-2026-173,"DANLITI A DANLADI"
COM-2026-174,"DANLITI A DANLADI"
COM-2026-175,"DANLITI A DANLADI"
COM-2026-176,"DANLITI A DANLADI"
COM-2026-177,"DANLITI A DANLADI"
COM-2026-178,"DANLITI A DANLADI"
COM-2026-179,"DANLITI A DANLADI"
COM-2026-18,"H.G SHARIFAI NIGERIA LIMITED"
COM-2026-181,"DANLITI A DANLADI"
COM-2026-182,"DANLITI A DANLADI"
COM-2026-183,"DANLITI A DANLADI"
COM-2026-184,"DANLITI A DANLADI"
COM-2026-185,"DANLITI A DANLADI"
COM-2026-186,"DANLITI A DANLADI"
COM-2026-187,"DANLITI A DANLADI"
COM-2026-188,"DANLITI A DANLADI"
COM-2026-189,"DANLITI A DANLADI"
COM-2026-19,"H.G SHARIFAI NIGERIA LIMITED"
COM-2026-190,"DANLITI A DANLADI"
COM-2026-191,"ALH NUHU GARBA MAITAYA"
COM-2026-192,"Absent Inusa Mohammad"
COM-2026-193,"SD PASALI OIL AND GAS NIG LTD"
COM-2026-194,"MUSTAPHA SALISU AKARAMI"
COM-2026-195,"BIN DAWUD INVESTMENT LIMITED"
COM-2026-196,"Hinter Land Villar limited"
COM-2026-197,"Hinter Land Villar limited"
COM-2026-1978,"MUJBUR RAHMAN"
COM-2026-198,"Hinter Land Villar limited"
COM-2026-199,"KARIM CRSSE"
COM-2026-20,"H.G SHARIFAI NIGERIA LIMITED"
COM-2026-200,"BASHIR USMAN SANI"
COM-2026-201,"Nasiru Muhammad D."
COM-2026-202,"Sufaye Investment Limited"
COM-2026-203,"IBRAHIM AMINU AHMAD"
COM-2026-2038,"UMAR BALA"
COM-2026-204,"HADI GAMBO"
COM-2026-205,"MUSTAPHA IBRAHIM DASUKI"
COM-2026-206,"Farida Wada Aliyu"
COM-2026-207,"BASHIR UMAR SANI"
COM-2026-208,"HADIZATUL NAJATU MUHAMMAD"
COM-2026-209,"HADIZATUL NAJATU MUHAMMAD"
COM-2026-21,"H.G. SHARIFAI NIGERIA LIMITED"
COM-2026-210,"FAROUK IBRAHIM"
COM-2026-211,"MAL ISMAIL BAKO"
COM-2026-212,"MAL ALIN BALARABA"
COM-2026-213,"umaru wakili yakuba"
COM-2026-214,"umaru wakili yakuba"
COM-2026-215,"UMARU WAKILI YAKUBA"
COM-2026-216,"MUSA ABDULLAHI DANGONGOLA"
COM-2026-217,"MUSA ABDULLAHI DANGONGOLA"
COM-2026-218,"MUSA ABDULLAHI DANGONGOLA"
COM-2026-219,"Muhammad Zauwal"
COM-2026-22,"H.G SHARIFAI NIGERIA LIMITED"
COM-2026-220,"ALh. Yususf Ismail Mukhtar"
COM-2026-221,"AZAF GLOBAL CONCEPT LTD"
COM-2026-222,"ABAZARA YAHAYA"
COM-2026-223,"Abazara yahaya"
COM-2026-224,"ABAZARA YAHAYA"
COM-2026-225,"Abazara yahaya"
COM-2026-226,"ABDULMALIK I RABIU"
COM-2026-227,"ABAZARA YAHAYA"
COM-2026-228,"ISUMARK PROPERTIES LIMITED"
COM-2026-229,"BELLO IBRAHIM GWANGWAZO"
COM-2026-23,"H.G SHARIFAI NIGERIA LIMITED"
COM-2026-230,"BAFFA MAHMUD ABDULLAHI"
COM-2026-231,"BAFFA MAHMUD ABDULLAHI"
COM-2026-232,"Karim cisse"
COM-2026-233,"Karim cisse"
COM-2026-234,"Karim cisse"
COM-2026-235,"Karim cisse"
COM-2026-236,"Karim cisse"
COM-2026-237,"Karim cisse"
COM-2026-238,"Karim cisse"
COM-2026-239,"AMINU NAMADI INUWA"
COM-2026-24,"H.G SHARIFAI NIGERIA LIMITED"
COM-2026-240,"ALHAJI NAMADI INUWA"
COM-2026-241,"ALHAJI NAMADI INUWA"
COM-2026-242,"GAYA POLYTECHNIC"
COM-2026-243,"ALH. TIJJANI NASIDI YAHAYA"
COM-2026-244,"SALISU INUWA"
COM-2026-245,"aminu muhammad"
COM-2026-246,"SAMMANI MUHAMMAD ABDULMUMINI"
COM-2026-247,"ARICENT INTEGRATED SOLUTION LTD"
COM-2026-248,"BASHIR DADA UMAR"
COM-2026-249,"mustapha ibrahim dasuki"
COM-2026-25,"H.G SHARIFAI NIGERIA LIMITED"
COM-2026-250,"ABBA AMINU DANTSOHO"
COM-2026-251,"MUSTAPHA SALISU AKARAMI"
COM-2026-252,"HADIZA MAGAJI ABDULLAHI"
COM-2026-253,"abdulmalik sani hussain"
COM-2026-254,"IKECHUKU AKUBUE"
COM-2026-255,"IKECHUKU AKUBUE"
COM-2026-256,"IKECHUKU AKUBUE"
COM-2026-257,"ABUBAKAR SADIQ LAWAN"
COM-2026-258,"ALH DAHIRU BALA ABDULLAHI"
COM-2026-259,"ALH. DAHIRU BALA ABDULLAHI"
COM-2026-26,"H.G SHARIFAI NIGERIA LIMITED"
COM-2026-260,"ALH DAHIRU BALA ABDULLAHI"
COM-2026-261,"ALH DAHIRU BALA ABDULLAHI"
COM-2026-262,"ALH DAHIRU BALA ABDULLAHI"
COM-2026-263,"ALH DAHIRU BALA ABDULLAHI"
COM-2026-264,"ALH DAHIRU BALA ABDULLAHI"
COM-2026-265,"ALH DAHIRU BALA ABDULLAHI"
COM-2026-266,"ALH DAHIRU BALA ABDULLAHI"
COM-2026-267,"ALH DAHIRU BALA ABDULLAHI"
COM-2026-268,"ALH DAHIRU BALA ABDULLAHI"
COM-2026-269,"ALH DAHIRU BALA ABDULLAHI"
COM-2026-270,"ALH DAHIRU BALA ABDULLAHI"
COM-2026-271,"ALH DAHIRU BALA ABDULLAHI"
COM-2026-272,"ALH DAHIRU BALA ABDULLAHI"
COM-2026-273,"ALH DAHIRU BALA ABDULLAHI"
COM-2026-274,"ALH DAHIRU BALA ABDULLAHI"
COM-2026-275,"ALH DAHIRU BALA ABDULLAHI"
COM-2026-276,"ALH DAHIRU BALA ABDULLAHI"
COM-2026-277,"ALH DAHIRU BALA ABDULLAHI"
COM-2026-278,"ALH DAHIRU BALA ABDULLAHI"
COM-2026-279,"ALH DAHIRU BALA ABDULLAHI"
COM-2026-280,"ALH DAHIRU BALA ABDULLAHI"
COM-2026-281,"ALH DAHIRU BALA ABDULLAHI"
COM-2026-282,"EMMANUEL NNAJI"
COM-2026-283,"ABDULRAHMAN USMAN KHALID"
COM-2026-284,"ABDULRAHMAN USMAN KHALID"
COM-2026-285,"Almas almataf"
COM-2026-286,"Almas almataf"
COM-2026-287,"fatai raji olawale"
COM-2026-288,"SALMANU MUHAMMAD RILWANU"
COM-2026-289,"ALH YAHAYA ADO HARUNA"
COM-2026-29,"PROF MUSA DAHIRU"
COM-2026-290,"umar namadi inuwa"
COM-2026-291,"YISUF ALIYU"
COM-2026-292,"AUWALU HARUNA"
COM-2026-293,"ABDULMALIK SANI HUSSAIN"
COM-2026-294,"ABDULLAHI IBRAHIM ABDULLAHI"
COM-2026-295,"UMAR AHMAD"
COM-2026-296,"REGISTERED TRUSTEES OF KANO CLUB"
COM-2026-297,"REGISTERED TRUSTEES OF KANO CLUB"
COM-2026-298,"KAMALU MUHAMMAD"
COM-2026-299,"KAMALU MUHAMMAD"
COM-2026-30,"VLAAR HOMES LIMITED"
COM-2026-300,"KAMALU MUHAMMAD"
COM-2026-301,"HABIB ENGINEERING NIGERIA LIMITED"
COM-2026-302,"RIALICO ENTERPRISES LIMITED"
COM-2026-303,"UNIVERSAL BASIC EDUCATION COMMISSION"
COM-2026-304,"NATIONAL AGENCY FOR SCIENCE AND ENGINEERING INFRASTRUCTURE (NASENI)"
COM-2026-305,"AHMAD IDRIS SULAIMAN"
COM-2026-306,"BANK OF INDUSTRY (BOA)"
COM-2026-307,"BANK OF INDUSTRY (BOA)"
COM-2026-308,"kabiru abdullahi salisu"
COM-2026-309,"EAGLE CLASS TOWER GENERAL CONSTRUCTION LTD"
COM-2026-31,"VLAAR HOMES LIMITED"
COM-2026-310,"REALTY MARK LIMITED"
COM-2026-311,"FIRST PAGE ADVISORY LIMITED"
COM-2026-312,"UNIVERSAL BASIC EDUCATION COMMISSION"
COM-2026-313,"kabiru abdullahi salisu"
COM-2026-314,"MUSTAPHA SALISU AKARAMI"
COM-2026-315,"MUHAMMAD NABABA"
COM-2026-316,"ibn ashir global business ltd"
COM-2026-317,"ibn ashir global business ltd"
COM-2026-318,"INFRANEXUS LIMITED"
COM-2026-319,"ALH SULE GALADIMA GARO"
COM-2026-32,"VLAAR HOMES LIMITED"
COM-2026-320,"ahmad aliyu mukhtar"
COM-2026-321,"yahuza rabilu & tasiu mahmud"
COM-2026-322,"HON MUHAMMAD DANBABA"
COM-2026-323,"umar zakari"
COM-2026-324,"I. D.M BATURE NIGERIA LIMITED"
COM-2026-325,"mustapha salisu akarami"
COM-2026-326,"GARBA SULE"
COM-2026-327,"GARBA SULE"
COM-2026-328,"ECONOMIC AND FINANCIAL CRIME COMMISSION ( EFCC)"
COM-2026-329,"GALADISA INVESTMENT LTD"
COM-2026-33,"VLAAR HOMES LIMITED"
COM-2026-330,"A .A RANO NIIGERIA LIMITED"
COM-2026-331,"DR AHMAD MOHD ISHAQ"
COM-2026-332,"AHMED MOHAMMED"
COM-2026-333,"A.A DANTATA"
COM-2026-334,"A.A. DANTATA"
COM-2026-335,"A.A. DANTATA"
COM-2026-336,"A.A DANTATA"
COM-2026-337,"A.A DANTATA"
COM-2026-338,"A.A DANTATA"
COM-2026-339,"A.A DANTATA"
COM-2026-340,"A.A DANTATA"
COM-2026-341,"A.A DANTATA"
COM-2026-342,A.A.DANTATA
COM-2026-343,"IBRAHIM AMINU AHMAD"
COM-2026-344,"IBRAHIM AMINU AHMAD"
COM-2026-345,"BASHIR NASIDI"
COM-2026-346,"HILTON PALACE LIMITED"
COM-2026-347,"AHMED MOHAMMED"
COM-2026-348,"AHMED MOHAMMED"
COM-2026-349,"MUKHTAR SA'AD SA'ID"
COM-2026-35,"VLAAR HOMES LIMITED"
COM-2026-350,"ALH NASIDI MUHAMMAD"
COM-2026-36,"VLAAR HOMES LIMITED"
COM-2026-37,"VLAAR HOMES LIMITED"
COM-2026-38,"VLAAR HOMES LIMITED"
COM-2026-39,"VLAAR HOMES LIMITED"
COM-2026-40,"VLAAR HOMES LIMITED"
COM-2026-4003,"Principal Branding Officer"
COM-2026-4004,"Global Mobility Executive"
COM-2026-405,"DANTATA PROPERTY DEVELOPMENT AND MANAGEMENT COMPANY LIMITED"
COM-2026-41,"VLAAR HOMES LIMITED"
COM-2026-42,"VLAAR HOMES LIMITED"
COM-2026-43,"VLAAR HOMES LIMITED"
COM-2026-44,"VLAAR HOMES LIMITED"
COM-2026-45,"VLAAR HOMES LIMITED"
COM-2026-46,"VLAAR HOMES LIMITED"
COM-2026-465,"SHAANXI AUTO LOGISTICS AND SOLUTION LTD"
COM-2026-47,"VLAAR HOMES LIMITED"
COM-2026-48,"VLAAR HOMES LIMITED"
COM-2026-49,"HON ABUBAKAR ZARARI MUHD"
COM-2026-50,"VLAAR HOMES LIMITED"
COM-2026-506,"MOHAMMED HUSAINI"
COM-2026-507,"ZIMTAS CONSULTANT NIG LTD"
COM-2026-51,"VLAAR HOMES LIMITED"
COM-2026-52,"VLAAR HOMES LIMITED"
COM-2026-523,"HON (DR) YERIMA LAWAN NGAMA"
COM-2026-53,"VLAAR HOMES LIMITED"
COM-2026-54,"VLAAR HOMES LIMITED"
COM-2026-55,"VLAAR HOMES LIMITED"
COM-2026-56,"VLAAR HOMES LTD"
COM-2026-57,"VLAAR HOMES LTD"
COM-2026-58,"AKIBU NAGAMBO INUWA"
COM-2026-61,"M.H GANO RICE MILLS NIGERIA LTD"
COM-2026-62,"M.H GANO RICE MILLS NIGERIA LTD"
COM-2026-63,"M.H GANO RICE MILLS NIGERIA LTD"
COM-2026-64,"M.H GANO RICE MILLS NIGERIA LTD"
COM-2026-65,"M.H GANO RICE MILLS NIGERIA LTD"
COM-2026-66,"M.H GANO RICE MILLS NIGERIA LTD"
COM-2026-67,"M.H GANO RICE MILLS NIGERIA LTD"
COM-2026-68,"M.H GANO RICE MILLS NIGERIA LTD"
COM-2026-69,"M.H GANO RICE MILLS NIGERIA LTD"
COM-2026-70,"M.H GANO RICE MILLS NIGERIA LTD"
COM-2026-71,"M.H GANO RICE MILLS NIGERIA LTD"
COM-2026-72,"M.H GANO RICE MILLS NIGERIA LTD"
COM-2026-73,"M.H GANO RICE MILLS NIGERIA LIMITED"
COM-2026-74,"M.H GANO RICE MILLS NIG. LTD"
COM-2026-75,"M.H GANO RICE MILLS NIG. LTD"
COM-2026-76,"M.H GANO RICE MILLS NIG. LTD"
COM-2026-77,"MUKTAR MUHAMMED ZARIA"
COM-2026-78,"MASLAHA HOMES AND DEVELOPMENT LTD"
COM-2026-79,"MASLAHA HOMES AND DEVELOPMENT LTD"
COM-2026-8,"H.G SHARIFAI NIGERIA LIMITED"
COM-2026-80,"MASLAHA HOMES AND DEVELOPMENT LTD"
COM-2026-81,"MASLAHA HOMES AND DEVELOPMENT LTD"
COM-2026-82,"MASLAHA HOMES AND DEVELOPMENT LTD"
COM-2026-83,"MASLAHA HOMES AND DEVELOPMENT LTD"
COM-2026-84,"MASLAHA HOMES AND DEVELOPMENT LTD"
COM-2026-85,"RABIU HASSAN IBRAHIM"
COM-2026-86,"RABIU HASSAN IBRAHIM"
COM-2026-87,"BALA MUHAMMAD"
COM-2026-88,"BUHARI M."
COM-2026-89,"MURTALA GEZAWA"
COM-2026-9,"H.G SHARIFAI NIGERIA LIMITED"
COM-2026-90,"MURTALA GEZAWA"
COM-2026-91,"BUHARI M."
COM-2026-92,"BALA MUHAMMAD"
COM-2026-93,"MUSTAPHA R. ISHAK"
COM-2026-94,"MARHABA CLINIC & MATERNITY"
COM-2026-95,"FATIMA MUHIBBA ABUBAKAR"
COM-2026-96,"MUHAMMAD SURAJ"
COM-2026-97,"ABDULHAKEEM ABUBAKAR"
COM-2026-98,"A MUNZALI AND ONE OTHER"
COM-2026-99,"BULAMA LAMINU"
COM-RC-2026-1,"HILTON PALACE LTD"
COM-RC-2026-249,"DE-FRIENDSHIP LATERING SERVICE LTD"
CON-AG-2026-1,"ALH. NASIRU IBRAHIM"
CON-AG-2026-10,"ABDULLAHI RABI'U MUSA"
CON-AG-2026-100,"PROF MUHAMMAD  AUWAL HUSSAINI"
CON-AG-2026-101,"GARBA MUHAMMAD"
CON-AG-2026-102,"PEACE MEAL AGRO ALLIED INDUSTRIAL LTD"
CON-AG-2026-103,"PEACE MEAL AGRO ALLIED INDUSTRIAL LTD"
CON-AG-2026-104,"SHAMSUDDEN MOHAMMAD"
CON-AG-2026-105,"SHAMSUDDEN MOHAMMED"
CON-AG-2026-106,"ALHAJI ALI WADA MUHAMMAD"
CON-AG-2026-107,"AMINU ABUBAKAR"
CON-AG-2026-108,"UMMULKHAIRI USMAN DANTATA"
CON-AG-2026-109,"UMMULKHAIRI USMAN DANTATA"
CON-AG-2026-11,"ABDULLAHI TANKO HASSAN"
CON-AG-2026-110,"UMMULKHAIRI USMAN DANTATA"
CON-AG-2026-111,"CORE SUCCESS LIMITED"
CON-AG-2026-112,"ILIYASU RABIU"
CON-AG-2026-113,"BADAMASI ADAMU K/NAISA"
CON-AG-2026-114,"HARUNA AHMAD WALI"
CON-AG-2026-115,"AISHA BALARABE ADAM"
CON-AG-2026-116,"NUHU JAFARU AND ABDULKARIM JAFAR"
CON-AG-2026-117,"JAE GUDA AND ABDULKARIM JAFAR"
CON-AG-2026-118,"IBRAHIM SABO DAN SARAI"
CON-AG-2026-119,"FIDELIS EBAREKPEN"
CON-AG-2026-120,"ALH AHMED SHEHU NAFALKE"
CON-AG-2026-121,"MUHAMMAD NURADDEEN YARO"
CON-AG-2026-122,"ALH MANSUR SAFIYANU"
CON-AG-2026-123,"ANAS KAWU SULAIMAN"
CON-AG-2026-124,"ALH MIKO GARBA"
CON-AG-2026-125,"ADANAN MUHAMMAD ADAM"
CON-AG-2026-126,"ALH HARUNA USMAN"
CON-AG-2026-127,"ILIYASU ABUBAKAR"
CON-AG-2026-128,"R&M AGRICULTURAL COMMUNITIES LTD"
CON-AG-2026-129,"YAHAYA DAN IDI SULE"
CON-AG-2026-130,"AHMAD IDRIS SULEIMAN"
CON-AG-2026-131,"ABUBAKAR MUSTAPHA BELLO"
CON-AG-2026-132,"ALHAJI YAHAYA ABDULKADIR"
CON-AG-2026-133,"ALIYU MUSA HAIDAR"
CON-AG-2026-134,"BSK FARM AGRO ALLIED GENERAL ENTERPRISES"
CON-AG-2026-135,"YUSUF IBRAHIM ABUBAKAR"
CON-AG-2026-136,"JUNAIDU SHUAIBU"
CON-AG-2026-137,"ADO ABDULLAHI BICHI"
CON-AG-2026-138,"AMINU YUSUF"
CON-AG-2026-139,"TASIU IDRIS GORA"
CON-AG-2026-14,"ALH. AMINU SULAIMAN DAN ZOGARI SARKIN ZOGARAWA"
CON-AG-2026-140,"SALISU ALI ABDULHAMID"
CON-AG-2026-141,"SALISU ALIABDULHAMID"
CON-AG-2026-142,"SALISU ALI ABDULHAMID"
CON-AG-2026-143,"SALISU ALI ABDULHAMID"
CON-AG-2026-144,"SALISU ALI ABDULHAMID"
CON-AG-2026-145,"FLANARAH INTEGRATED FARM & TECHNOLOGIES LTD"
CON-AG-2026-146,"ALHAJI ABDULLAHI YAHUZA"
CON-AG-2026-147,"ALH ABDULLAHI BAKO"
CON-AG-2026-148,"GARBA IDRIS GADA"
CON-AG-2026-149,"ALH DAN ASABE DANLAMI"
CON-AG-2026-150,"ZAHARADDEEN IBRAHIM"
CON-AG-2026-151,"ALHAJI IBRAHIM SABO"
CON-AG-2026-152,"ABUBAKAR IBRAHIM SABO"
CON-AG-2026-153,"MUHAMMED ALHAJI AHMAD"
CON-AG-2026-154,"GHALI SALISU ABUBAKAR"
CON-AG-2026-155,"GHALI SALISU ABUBAKAR"
CON-AG-2026-156,"GHALI SALISU ABUBAKAR"
CON-AG-2026-157,"ALH HUDU ABUBAKAR"
CON-AG-2026-158,"JAMILU USMAN ILIYAS"
CON-AG-2026-159,"ABDULKARIM ABDULHAMID"
CON-AG-2026-160,"JAMILU MAISHANU"
CON-AG-2026-161,"UMAR TASIU BAKO"
CON-AG-2026-162,"AMINU USMAN ABDULLAHI"
CON-AG-2026-163,"ISA MUSA POULTRY FARM & GEN ENT"
CON-AG-2026-164,"AUWALU AHMED MAIDABINO"
CON-AG-2026-165,"ADO LAWAN"
CON-AG-2026-166,"KABIR IMAM"
CON-AG-2026-167,"A. D. B FISH FARM AND AGRO ALLIED"
CON-AG-2026-168,"UMAR ABDULLAHI"
CON-AG-2026-169,"NASIRU HAMISU GARKO"
CON-AG-2026-170,"ALHAJI MALAM AUWALU MUHAMMAD"
CON-AG-2026-171,"ALHAJI MALAM AUWALU MUHAMMAD"
CON-AG-2026-172,"ALHAJI MALAM AUWALU MUHAMMAD"
CON-AG-2026-173,"SAADU MUHAMMAD IDRIS"
CON-AG-2026-174,"UMAR IBRAHIM DALIBI"
CON-AG-2026-18,"ABDU MUSA GARKO"
CON-AG-2026-19,"ABDU MUSA GARKO"
CON-AG-2026-2,"ABDULLAHI MUHAMMAD FAGGE"
CON-AG-2026-20,"ABDU MUSA GARKO"
CON-AG-2026-21,"ABDU MUSA GARKO"
CON-AG-2026-22,"LIMAN HOLDING"
CON-AG-2026-23,"LIMAN HOLDING"
CON-AG-2026-24,"LIMAN HOLDING"
CON-AG-2026-25,"RABIU MUHAMMAD WUDIL"
CON-AG-2026-26,"IBRAHIM YUSIF LALOJI"
CON-AG-2026-27,"AMINU ISA"
CON-AG-2026-28,"SAID MOHAMMAD AL-RAICHOUNI"
CON-AG-2026-29,"HASSAN MUHAMMAD HUSSAINI"
CON-AG-2026-30,"MOHAMMED INUWA WAYA"
CON-AG-2026-31,"KANO EMIRATE COUNCIL"
CON-AG-2026-32,"LAWAN  HABIBU BAGWANJE"
CON-AG-2026-33,"BELLORI NIGERIA LIMITED"
CON-AG-2026-34,"SHUAIBU YAHAYA"
CON-AG-2026-35,"SAIDU ILIYASU"
CON-AG-2026-36,"ALH. DAUDA YUNUSA HOTORO"
CON-AG-2026-37,"ANAS KAWU SULEIMAN"
CON-AG-2026-38,"YAU MAMMAN KIDA"
CON-AG-2026-39,"ALH TASIU GEZAWA"
CON-AG-2026-40,"MILAD MAURICE ELHELOU"
CON-AG-2026-41,"SULE BAHAWA"
CON-AG-2026-42,"ALHAJI MOHAMMED ISAH UMAR"
CON-AG-2026-43,"SULE AL-HASSAN BAHAWA"
CON-AG-2026-44,"SHUAIBU ADAMU ABDULLAHI"
CON-AG-2026-45,"SHUAIBU ADAMU ABDULLAHI"
CON-AG-2026-46,"SHUAIBU ADAMU ABDULLAHI"
CON-AG-2026-47,"ALH GHAZALI YUSUF IBRAHIM"
CON-AG-2026-48,"G. SIDE GLOBAL LINK LTD"
CON-AG-2026-49,"UMMA BALA ABUBAKAR"
CON-AG-2026-50,"ALHAJI SULAIMAN BELLO"
CON-AG-2026-51,"ALHAJIHAMISU GAMBAGA"
CON-AG-2026-52,"ALHAJI HAMISU GAMBAGA"
CON-AG-2026-53,"ALHAJI HAMISU GAMBAGA"
CON-AG-2026-54,"ALHAJI HAMISU GAMBAGA"
CON-AG-2026-55,"SHEHU UMAR DAN ALMAJIRI & IBRAHIM UMAR"
CON-AG-2026-56,"SHEHU UMAR DAN ALMAJIRI & IBRAHIM UMAR"
CON-AG-2026-57,"SAADATU MAMUDA"
CON-AG-2026-58,"ENGR USMAN DAUDA"
CON-AG-2026-59,"SADIQ ADAM SULEMAN"
CON-AG-2026-60,"SULE ALI JOGANA"
CON-AG-2026-61,"ABDUL -AZIZ IBRAHIM"
CON-AG-2026-62,"Yusuf Ibrahim muktar"
CON-AG-2026-63,"Maj Gen Abdul Malik Jibrin (RTD)"
CON-AG-2026-64,"ABDULJABAR MUHAMMAD UMAR"
CON-AG-2026-65,"Fidelis Ebarekpen"
CON-AG-2026-66,"NASIRU SHEHU SIDI"
CON-AG-2026-67,"Abdullahi Bello Hassan"
CON-AG-2026-68,"Zaharddeen Kabir Sani"
CON-AG-2026-69,"MAZOJI FARM LTD"
CON-AG-2026-70,"Alh. shuaibu  Muhammad Dankwano"
CON-AG-2026-71,"Sani Ali Hassan"
CON-AG-2026-72,"Abubakar Sadiq Mohammed"
CON-AG-2026-73,"IBRAHIM HAMISU MUSA"
CON-AG-2026-74,"Auwalu Uba Musa"
CON-AG-2026-75,"Attaiseer Farm"
CON-AG-2026-76,"Attaiseer farm"
CON-AG-2026-77,"Yahaya Abdullahi"
CON-AG-2026-78,"Na Abba Pets Global Venture"
CON-AG-2026-79,"BADAMASI IBRAHIM ZUBAIRU"
CON-AG-2026-8,"MONKOLE ABDULLAHI NIGERIA LIMITED"
CON-AG-2026-80,"Urwah Nigeria Limited"
CON-AG-2026-81,"Ecogreen Integrate Agro Farm"
CON-AG-2026-82,"LAWAN HABIB IBRAHIM"
CON-AG-2026-83,"Lawan Habib Ibrahim"
CON-AG-2026-84,"ALMAWASH FARM LTD"
CON-AG-2026-85,"ALMAWASH FARM LTD"
CON-AG-2026-86,"Bashir Sunusi"
CON-AG-2026-87,"Habibu yakubu Aliyu yakubu Muazu Yakubu"
CON-AG-2026-88,"ADAMU MUHAMMAD INUWA"
CON-AG-2026-89,"ADAMU MUHAMMAD INUWA"
CON-AG-2026-9,"SALISU BELLO"
CON-AG-2026-90,"BASHIR LUKMAN"
CON-AG-2026-91,"NURA ABDULLAHI DANGONGOLA"
CON-AG-2026-92,"MALAM HUDU YAKUBU"
CON-AG-2026-93,"SALIHU MUHAMMAD SAGIR"
CON-AG-2026-94,"AHMAD MUHAMMAD"
CON-AG-2026-95,"AHMAD MUHAMMAD"
CON-AG-2026-96,"IBRAHIM AMINU"
CON-AG-2026-97,"Usaini Abubakak Ibrahim"
CON-AG-2026-98,"ABBAS HASSAN"
CON-AG-2026-99,"USMAN  MAI KANO"
CON-COM-2026-1,"MONKOLE ABDULLAHI NIGERIA LIMITED"
CON-COM-2026-100,"YAHAYA ABDULKADIR"
CON-COM-2026-101,"LAWAN  HABIBU BAGWANJE"
CON-COM-2026-102,"YAHAYA ABDULKADIR"
CON-COM-2026-103,"TIJJANI GARBA SHEHU"
CON-COM-2026-104,"BUKAR ABUBAKAR MUHAMMAD"
CON-COM-2026-105,"ALHAJI MUBARAK SALIHU MAIKUDI"
CON-COM-2026-106,"ALH DAUDA YUNUSA HOTORO"
CON-COM-2026-107,"YAHAYA ABDULKADIR"
CON-COM-2026-108,"DR SADDIQ ADULLAHI  UBA"
CON-COM-2026-109,"ALHAJI BABALLE YUSUF"
CON-COM-2026-110,"SANI ABDULRASHID ROGO"
CON-COM-2026-111,"AMINU HUDU"
CON-COM-2026-112,"HARSUS AGRO"
CON-COM-2026-113,"HARSUS AGRO"
CON-COM-2026-114,"GREEN LEGACY LIMITED"
CON-COM-2026-115,"MUSTAPHA IDI ADAM"
CON-COM-2026-116,"MAL. ABDURAHMAN MUHAMMAD"
CON-COM-2026-1167,"SHEHU UMAR GARKO"
CON-COM-2026-117,"ANAS KAWU SULEIMAN"
CON-COM-2026-118,"JAMILU ZAKARI SALISU"
CON-COM-2026-119,"ALH. ABUBAKAR SHEHU BABATI"
CON-COM-2026-120,"YAHAYA SAIDU ADAMU"
CON-COM-2026-121,"ALIYU UMAR"
CON-COM-2026-122,"MDR NIGERIA LIMITED"
CON-COM-2026-123,"BASHIR TIJJANI USMAN"
CON-COM-2026-124,"ALH. IBRAHIM SALISU"
CON-COM-2026-125,"AA CURRENCY"
CON-COM-2026-126,"ALHAJI RABIU MUHAMMAD"
CON-COM-2026-127,"SALEH YUSUF"
CON-COM-2026-128,"SALE YUSUF"
CON-COM-2026-129,"SALE YUSUF"
CON-COM-2026-13,"MR. INNOCENT UDEMEZUE"
CON-COM-2026-130,"SALE YUSUF"
CON-COM-2026-131,"SALE YUSUF"
CON-COM-2026-132,"SALE YUSUF"
CON-COM-2026-133,"YUSUF AHAMAD"
CON-COM-2026-134,"SALEH YUSUF"
CON-COM-2026-135,"SALE YUSUF"
CON-COM-2026-136,"SALE YUSUF"
CON-COM-2026-137,"ALH. GAMBO SALISU"
CON-COM-2026-138,"DEEJO GLOBAL CONCEPT LTD"
CON-COM-2026-139,"TASIU IDRIS GORA"
CON-COM-2026-14,"SULAIMAN ABDULHAMID BAKO"
CON-COM-2026-140,"TASIU IDRIS GORA"
CON-COM-2026-141,"BASHIR BALA  DANZAKI"
CON-COM-2026-142,"ALHAJI ALI YUSUF"
CON-COM-2026-143,"GREEN LEGACY LIMITED"
CON-COM-2026-144,"A A SHARIFF NIGERIA LIMITED"
CON-COM-2026-145,"KAKAKIN DALA ASSOCIATION"
CON-COM-2026-146,HAUWANSALEH
CON-COM-2026-147,"SHAMSU UMAR BAKO"
CON-COM-2026-148,"MUHAMMAD BASHIR SULEIMAN"
CON-COM-2026-149,"IBRAHIM ISMAIL JALALAINI"
CON-COM-2026-15,"OSUNAGRI COMMODITIES AND EXPORT LTD"
CON-COM-2026-150,"IBRAHIM SAIDU AHMED"
CON-COM-2026-151,"IBRAHIM ABDUL MATO"
CON-COM-2026-152,"ALHAJI ISAH USMAN"
CON-COM-2026-153,"DAN NENE CONSTRUCTION TRANSPORTATION"
CON-COM-2026-154,"ALHAJI IDRIS INUSA"
CON-COM-2026-155,"LAWAL ABUBAKAR"
CON-COM-2026-156,"ALH. ABUBAKAR SHEHU BABATI"
CON-COM-2026-157,"SHEHU WAKILI"
CON-COM-2026-158,"A-1 TABLE WATER LIMITED"
CON-COM-2026-159,"MUHAMMAD SALISU SHUAIBU"
CON-COM-2026-16,"OSUNAGRI COMMODITIES AND EXPORT LTD"
CON-COM-2026-160,"MZN OIL AND GAS NIGERIA LTD"
CON-COM-2026-161,"MILAD MAURICE ELHELOU"
CON-COM-2026-162,"MILAD MAURICE ELHELOU"
CON-COM-2026-163,"OLIVER IZUCHUKWU OLEH"
CON-COM-2026-164,"SHUAIBU ADAMU ABDULLAHI"
CON-COM-2026-165,"OLIVER IZUCHUKWU OLEH"
CON-COM-2026-166,"SHUAIBU ADAMU ABDULLAHI"
CON-COM-2026-167,"SHUAIBU ADAMU ABDULLAHI"
CON-COM-2026-168,"SHUAIBU ADAMU ABDULLAHI"
CON-COM-2026-169,"SHUAIBU ADAMU ABDULLAHI"
CON-COM-2026-17,"OSUNAGRI COMMODITIES AND EXPORT LTD"
CON-COM-2026-170,"SAAD MAHMUD ABDUSSALAM"
CON-COM-2026-171,"MAI KARATU OIL & GAS LIMITED"
CON-COM-2026-172,"ISA USMAN"
CON-COM-2026-173,"HAMZA DAUDA"
CON-COM-2026-174,"G. SIDE GLOBAL LINK LTD"
CON-COM-2026-175,"ALH TIJJANI RABIU USMAN"
CON-COM-2026-176,"ABUBAKAR ALHASSAN"
CON-COM-2026-177,"ABDULMUMIN TIJJANI"
CON-COM-2026-178,"YAU ABDULKADIR YANSHANA"
CON-COM-2026-179,"YAU ABDULKADIR YANSHANA"
CON-COM-2026-180,"YAU ABDULKADIR YANSHANA"
CON-COM-2026-181,"YAU ABDULKADIR YANSHANA"
CON-COM-2026-182,"MUSA IBRAHIM KOKI"
CON-COM-2026-183,"YUSUF AHAMAD"
CON-COM-2026-184,"MUSTAPHA  GAMBO BALA"
CON-COM-2026-185,"ALMUSTAPHA SHARIF"
CON-COM-2026-186,"ABDULKADIR HASSAN"
CON-COM-2026-187,"ABDULMAJID IDRIS SAFIYO"
CON-COM-2026-188,"AHMED SLE"
CON-COM-2026-189,"ALH. DAN AZUMI MUHAMMAD"
CON-COM-2026-190,"STICK BEE PROPERTIES LTD"
CON-COM-2026-191,"MUHAMMAD INUWA SANKA"
CON-COM-2026-192,"ALH. DAHIRU BALA ABDULLAHI"
CON-COM-2026-193,"SAIDU ILIYASU"
CON-COM-2026-194,"NAFIU UMAR MAJE"
CON-COM-2026-195,"AHMED BABA ALIKO"
CON-COM-2026-196,"HAMISU JIBRIN MUSA"
CON-COM-2026-197,"KHADIJA AMINU ABDULLAHI"
CON-COM-2026-198,"YAHAYA ABDULKADIR"
CON-COM-2026-199,"YUSUF YAKUBU"
CON-COM-2026-200,"ZIMAR INTERGRATED"
CON-COM-2026-201,"ZARAU ABUBAKAR MUHAMMED"
CON-COM-2026-202,"ALHAJI IBRAHIM IDRIS GALADIMA"
CON-COM-2026-203,"ZAKARIYYA ABDUL ABUBAKAR"
CON-COM-2026-204,"ZAKARIYYA ABDUL ABUBAKAR"
CON-COM-2026-205,"IBRAHIM AMINU AHMAD"
CON-COM-2026-206,"IBRAHIM AMINU AHMAD"
CON-COM-2026-207,"IBRAHIM AMINU AHMAD"
CON-COM-2026-208,"IBRAHIM AMINU AHMAD"
CON-COM-2026-209,"IBRAHIM AMINU AHMAD"
CON-COM-2026-21,"RANO GLOBAL RESOURCES LTD"
CON-COM-2026-210,"ABDULLAHI ABDUL-KARIM YUSUF"
CON-COM-2026-211,"IBRAHIM AMINU AHMAD"
CON-COM-2026-212,"IBRAHIM AMINU AHMAD"
CON-COM-2026-213,"YUSUF USMAN MUSA"
CON-COM-2026-214,"YUSUF USMAN MUSA"
CON-COM-2026-215,"YUSUF USMAN MUSA"
CON-COM-2026-216,"INUWA LAWAN"
CON-COM-2026-217,"AL-QUA COMMODITIES NIGERIA LIMITED"
CON-COM-2026-218,"INUWA LAWAN"
CON-COM-2026-219,"KAMAL ABUBAKAR"
CON-COM-2026-220,"ALH AMINU AYUBA"
CON-COM-2026-221,"IBRAHIM KHALIL SANI"
CON-COM-2026-222,"MARWANA ALI ISHAK"
CON-COM-2026-223,"SHEIKH LAWAN ABUBAKAR"
CON-COM-2026-224,"HARISU SALE"
CON-COM-2026-225,"PLATINUM SYNERGY LIMITED"
CON-COM-2026-226,"ALHAJI MUSA ALI"
CON-COM-2026-227,"AMINU ALI GARBA"
CON-COM-2026-228,"SULAEIMAN ABDULLAHI"
CON-COM-2026-229,"ALHAJI SHUAIBU MUSA"
CON-COM-2026-230,"ALHAJI GAMBO MUHAMMAD"
CON-COM-2026-231,"WALA RICE PROJECT ENTERPRISE"
CON-COM-2026-232,"WALA RICE PROJECT ENTERPRISE"
CON-COM-2026-233,"MUHAMMAD YUSHAU"
CON-COM-2026-234,"ALHAJI ALIYU A.K.R AND BABA"
CON-COM-2026-235,"LABAN INTERGRATED LINK NIG LTD"
CON-COM-2026-236,"HASHIMCO GLOBAL SERVICE"
CON-COM-2026-238,"MUSA ABDULRAZAK GORA"
CON-COM-2026-239,"Mustapha Abubakar"
CON-COM-2026-24,"LIMAN HOLDING"
CON-COM-2026-240,"The Estate Of Late Aminu Cantata"
CON-COM-2026-241,"The Estate Of Late Aminu Cantata"
CON-COM-2026-242,"Sabiu Mohammad Mohammad"
CON-COM-2026-243,"Ahmad Usman  Muhammad"
CON-COM-2026-244,"Alh. Auwalu Dayyabu Ibrahim"
CON-COM-2026-245,"Mr Charles Okere"
CON-COM-2026-246,"Mr Emmanuel Ozoadinde"
CON-COM-2026-247,"ALH BARAU SULE ADAKWAKI"
CON-COM-2026-248,"NASIRU AMINU AHMAD"
CON-COM-2026-249,"NASIRU AMINU AHMAD"
CON-COM-2026-250,"ALH AUWALU SANKARA"
CON-COM-2026-251,"Sufaye Investment Limited"
CON-COM-2026-252,"Nafiu Umar Maje"
CON-COM-2026-253,"JIKANTITI NIGERIAN LTD"
CON-COM-2026-254,"Horses Ventures Ltd"
CON-COM-2026-255,"Alh. Muhammad Dan Almajiri"
CON-COM-2026-256,"The Family  Of Late Hamza Alin Bashir"
CON-COM-2026-257,"Sammuel Amachi Odilinye"
CON-COM-2026-258,"Sagir Maitama Yusuf"
CON-COM-2026-259,"NNAJI EMMANUEL"
CON-COM-2026-260,"Aminu Baba"
CON-COM-2026-261,"Dan tasidi Group Of Companies Nigeria  Ltd"
CON-COM-2026-262,"Dan tasidi Group Of Companies Nigeria  Ltd"
CON-COM-2026-263,"Dan tasidi Group Of Companies Nigeria  Ltd"
CON-COM-2026-264,"Dan Malam And Brothers Investment Nig Ltd"
CON-COM-2026-265,"Nafiu Bawa"
CON-COM-2026-266,"Dan Malam And Brothers Investment Nig Ltd"
CON-COM-2026-267,"ALH. ABDULLAHI GARBA MAIRAGO"
CON-COM-2026-268,"HAMZA UMAR IDRIS"
CON-COM-2026-269,"EBUKA ILO"
CON-COM-2026-27,"AREEF OIL AND GAS"
CON-COM-2026-270,"Nura Nuhu Idris"
CON-COM-2026-271,"MAZOJI GARAGE"
CON-COM-2026-272,"MAZOJI FARM LTD"
CON-COM-2026-273,"MAZOJI FARM LTD"
CON-COM-2026-274,"MASS LAKES INLAND CONTAINER TERMINAL"
CON-COM-2026-275,"ALHAJI SABO GAYA"
CON-COM-2026-276,"Tasiu Yahaya Zuga"
CON-COM-2026-277,"Nasiru Abubakar Salisu"
CON-COM-2026-278,"Nasiru Abubakar Salisu"
CON-COM-2026-279,"Ibrahim Khalil Haruna"
CON-COM-2026-28,"ALHAJI MURTALA ABDULLAHI"
CON-COM-2026-280,"Saleh yusuf"
CON-COM-2026-281,"Saleh yusuf"
CON-COM-2026-282,"Ahamad Muhammad Sani"
CON-COM-2026-283,"Yusuf Abubakar Yusuf"
CON-COM-2026-284,"LAWAN SULEIMAN DAURA"
CON-COM-2026-285,"HALIFA KABIRU  ABDULLAHI"
CON-COM-2026-286,"Ismai'l Saminu"
CON-COM-2026-287,"Alhaji Aminu Ayuba"
CON-COM-2026-288,"RUMBU INDUSTRIES LIMITED"
CON-COM-2026-289,"RUMBU INDUSTRIES LIMITED"
CON-COM-2026-290,"Alh. Idris Sarki Abdul Hamid"
CON-COM-2026-291,"Bashir Musa Muhammad"
CON-COM-2026-292,"Dahiru Umar"
CON-COM-2026-293,"Maikaratu oil And Gas Ltd"
CON-COM-2026-294,"Maikaratu oil And Gas Ltd"
CON-COM-2026-295,"Shitu Idris Oil And Gas Nig Ltd"
CON-COM-2026-296,"Yakubu Tanimu"
CON-COM-2026-297,"Adamu Muhammad"
CON-COM-2026-298,"Adamu Muhammad"
CON-COM-2026-299,"Adamu Muhammad"
CON-COM-2026-300,"Adamu Muhammad"
CON-COM-2026-301,"Adamu Muhammad"
CON-COM-2026-302,"Alhaji Garba Wandawa"
CON-COM-2026-303,"Yawale Yahaya Maikifi"
CON-COM-2026-304,"Aminu Muhammad Idris"
CON-COM-2026-305,"Yahaya Zakariyya Idris"
CON-COM-2026-306,"Musa Yarima"
CON-COM-2026-307,"Musa Aliyu Yarima"
CON-COM-2026-308,"Abdullahi Garba Yargaya"
CON-COM-2026-309,"Naziru Ahmad Gwadabe & Abdullahi"
CON-COM-2026-31,"NASIR SANI BUJI"
CON-COM-2026-310,"CAREEMORE FARMS MANUFACTURIE LIMITED"
CON-COM-2026-311,"Alhaji Yakubu"
CON-COM-2026-312,"Shuaibu Adamu Abdullahi"
CON-COM-2026-313,"Shuaibu Adamu Abdullahi"
CON-COM-2026-314,"Shuaibu Adamu Abdullahi"
CON-COM-2026-315,"Shuaibu Adamu Abdullahi"
CON-COM-2026-316,"Nasiru Datti"
CON-COM-2026-317,"Ecogreen Integrate Agro Farm"
CON-COM-2026-318,"Hafizu Poutry Drugs"
CON-COM-2026-319,"Hafizu Poutry Drugs"
CON-COM-2026-320,"Ahmad shehu masu"
CON-COM-2026-321,"SANBAAU  WORLD WIDE LTD"
CON-COM-2026-322,"Jamilu Aminu Audu"
CON-COM-2026-323,"KABIRU KERO AND GAS"
CON-COM-2026-324,"Yau Musa Daminawa"
CON-COM-2026-325,"Abdulaziz Abubakar Gora"
CON-COM-2026-326,"ABUBAKAR AHMAD"
CON-COM-2026-327,"Nafisa Ali Abba"
CON-COM-2026-328,"Sani Abba"
CON-COM-2026-329,"Rim Ihssan Alkhatib"
CON-COM-2026-33,"MUHAMMAD NASIRU ABUBAKAR"
CON-COM-2026-330,"Alh Ya'u Usman"
CON-COM-2026-331,"Alh. Ya'u Usman"
CON-COM-2026-332,"Rim Ihssan Alkhatib"
CON-COM-2026-333,"Zubairu Yahaya Adam"
CON-COM-2026-334,"BELLMARI PROPERTIES LIMITED"
CON-COM-2026-335,"BELLMARI PROPERTIES LIMITED"
CON-COM-2026-336,"MUHAMMAD ISSAM ABOU DARWICH"
CON-COM-2026-337,"MUHAMMAD ISSAM ABOU DARWICH"
CON-COM-2026-338,"Ahmad Tijjani Isah"
CON-COM-2026-339,"YAKUBU MAS'UD ADAM"
CON-COM-2026-340,"A.Y WARAKA ENTERPRISES LTD"
CON-COM-2026-341,"SALISU ABDU ABUBAKAR"
CON-COM-2026-342,"MUSBAHU IDRIS & ENGINEER ADAMU BAKOJI"
CON-COM-2026-343,"MUSBAHU IDRIS UNGUWAR RIMI"
CON-COM-2026-344,"YAHAYA ABDULKADIR"
CON-COM-2026-345,"NAZIR SHEHU BELLO"
CON-COM-2026-346,"ABDULLAHI ABDULRAZAK MAITSIDAU"
CON-COM-2026-347,"ABDULLAHI ABDULRAZAK MAITSIDAU"
CON-COM-2026-348,"M.H GANO PETROLUEM NIG LTD"
CON-COM-2026-349,"AHMAD BASHIR"
CON-COM-2026-350,"KARAYAT BIMBO BANKOLE"
CON-COM-2026-351,"ALHAJI MANSUR SHEHU"
CON-COM-2026-352,"ALI SALISU"
CON-COM-2026-353,"SALISU HARUNA"
CON-COM-2026-354,"ZUBAIRU YAHAYA ADAM"
CON-COM-2026-355,"HALPH-RAMS NIGERIA LIMITED"
CON-COM-2026-356,"ALH. AMADU ABDULLAHI"
CON-COM-2026-357,"ALHAJI IDRIS ADAMU TAMBURAWA"
CON-COM-2026-358,"MADRASATU SANI KWANO ISLAMIYYA"
CON-COM-2026-359,"DAN GONGOLA PETROLEUM COMPANY LIMITED"
CON-COM-2026-360,"I.M.A GLOBAL SERVICES LIMITED"
CON-COM-2026-361,"I.M.A GLOBAL SERVICES LIMITED"
CON-COM-2026-362,"I.M.A GLOBAL SERVICES LIMITED"
CON-COM-2026-363,"YAKUBU ABUBAKAR USAINI"
CON-COM-2026-364,"IBRAHIM USAINI"
CON-COM-2026-365,"CHANGTAI  GENERAL ENTERPRISES LTD"
CON-COM-2026-366,"ALMASFA GLOBAL ENT. NIG. LTD"
CON-COM-2026-367,"HARUNA MUSA MAI AGWAGWA"
CON-COM-2026-368,"SURAJO ABDULLAHI ZANGO"
CON-COM-2026-369,"ABDULRAHMAN MUKHTAR GORA"
CON-COM-2026-370,"AUGUSTINE OGONNA UDEMUO"
CON-COM-2026-371,"GREG JANE INTERNATIONAL LTD"
CON-COM-2026-372,"ALH. ABUBAKAR DAN ZARIA"
CON-COM-2026-373,"ADAMU ABDULLAHI"
CON-COM-2026-374,"AISAHA ABUBAKAR SALISU"
CON-COM-2026-375,"AISHA ABUBAKAR SALISU"
CON-COM-2026-376,"AISAHA ABUBAKAR SALISU"
CON-COM-2026-377,"IBRAHIM TIJJANI ATA"
CON-COM-2026-378,"ALHAJI YAHAYA ABUBAKAR"
CON-COM-2026-379,"USMAN IBRAHIM AUWAL"
CON-COM-2026-380,"COMPASIONATE MULTI INVESTMENT LIMITED"
CON-COM-2026-381,"MUNTARI ALHASSAN MUSA"
CON-COM-2026-382,"MUNTARI ALHASSAN MUSA"
CON-COM-2026-383,"AMINU ALIYU DAUDA"
CON-COM-2026-384,"SAGIRU BALA ABUBAKAR"
CON-COM-2026-385,"ARMA MUHAMMAD DAN ZAKI"
CON-COM-2026-386,"ISYAKU BUBA"
CON-COM-2026-387,"AHMAD TAHER FADALLAH"
CON-COM-2026-388,"MUSTAPHA MOHAMAD AKAR"
CON-COM-2026-389,"USMAN GARBA ALI"
CON-COM-2026-390,"ALIYU WADA MUHAMMAD"
CON-COM-2026-391,"IBRAHIM MUSA"
CON-COM-2026-392,"ALHASSAN ABDULKADIR DANTATA"
CON-COM-2026-393,"ALHASSAN ABDULKADIR DANTATA"
CON-COM-2026-394,"ALHASSAN ABDULKADIR DANTATA"
CON-COM-2026-395,"ALHASSAN ABDULKADIR DANTATA"
CON-COM-2026-396,"ALHASSAN ABDULKADIR DANTATA"
CON-COM-2026-397,"ALHASSAN ABDULKADIR DANTATA"
CON-COM-2026-398,"ALHASSAN ABDULKADIR DANTATA"
CON-COM-2026-399,"ALHASSAN ABDULKADIR DANTATA"
CON-COM-2026-400,"ALHASSAN ABDULKADIR DANTATA"
CON-COM-2026-401,"ALHASSAN ABDULKADIR DANTATA"
CON-COM-2026-402,"ALHASSAN ABDULKADIR DANTATA"
CON-COM-2026-403,"ALHASSAN ABDULKADIR DANTATA"
CON-COM-2026-404,"ALHASSAN ABDULKADIR DANTATA"
CON-COM-2026-405,"ALHASSAN ABDULKADIR DANTATA"
CON-COM-2026-406,"ALHASSAN ABDULKADIR DANTATA"
CON-COM-2026-407,"ALHASSAN ABDULKADIR DANTATA"
CON-COM-2026-408,"ALHASSAN ABDULKADIR DANTATA"
CON-COM-2026-409,"ALHASSAN ABDULKADIR DANTATA"
CON-COM-2026-410,"ALHASSAN ABDULKADIR DANTATA"
CON-COM-2026-411,"ALHASSAN ABDULKADIR DANTATA"
CON-COM-2026-412,"ALHASSAN ABDULKADIR DANTATA"
CON-COM-2026-413,"ALHASSAN ABDULKADIR DANTATA"
CON-COM-2026-414,"ALHASSAN ABDULKADIR DANTATA"
CON-COM-2026-415,"ALHASSAN ABDULKADIR DANTATA"
CON-COM-2026-416,"ALHASSAN ABDULKADIR DANTATA"
CON-COM-2026-417,"MURTALA A A ABU BAKAR"
CON-COM-2026-418,"ALH SAIDU ALHASSAN MIKAILU"
CON-COM-2026-419,"ALH SAIDU ALHASSAN MIKAILU"
CON-COM-2026-420,"ALHAJI ADAMU BAZUWA"
CON-COM-2026-421,"SULAIMAN DALHA GARBA"
CON-COM-2026-422,"ABDULRAHAMAN SULAIMAN"
CON-COM-2026-423,"ABUBAKAR MIKO ABDURAHMAN"
CON-COM-2026-424,"MAL USMAN MUHAMMAD"
CON-COM-2026-425,"IBRAHIM BAKO MAIBULO"
CON-COM-2026-426,"IBRAHIM BAKA MAI BULO"
CON-COM-2026-427,"MUSBAHU ABDULSAMAD SHAFIU MUKTAR MAI LAFIYA"
CON-COM-2026-428,"ABDULLAHI IBRAHIM ABDULLAHI"
CON-COM-2026-429,"L.A.H GLOBAL CHEMICALS LTD"
CON-COM-2026-430,"UMMULKHAIRI USMAN DANTATA"
CON-COM-2026-431,"UMMULKHAIRI USMAN DANTATA"
CON-COM-2026-432,"YUSUF ABUBAKAR"
CON-COM-2026-433,"MAHMUD IBRAHIM MUKHTAR"
CON-COM-2026-434,"PROF MANSUR IBRAHIM MUKHTAR"
CON-COM-2026-435,"ALH USMAN YUNUSA KACHAKO"
CON-COM-2026-436,"ABUBAKAR MUHAMMAD"
CON-COM-2026-437,"NURA TANIMU"
CON-COM-2026-438,"ALHAJI AMINU AHMAD USMAN"
CON-COM-2026-439,"A.A MAMATA GEN ENTERPRISE LTD"
CON-COM-2026-440,"FAROUK ABDULSALAM"
CON-COM-2026-441,"MADINA CLINIC AND MATERNITY"
CON-COM-2026-442,"ABUBAKAR ABDULMUMIN"
CON-COM-2026-443,"MURTALA MUHAMMAD INUWA"
CON-COM-2026-444,"I Y A & ASSOCIATED NIG LTD"
CON-COM-2026-445,"SUNRISE FARM NIGERIA LIMITED"
CON-COM-2026-446,"SALEH YUSUF"
CON-COM-2026-447,"BALA LAWAN BADAWA"
CON-COM-2026-448,"MUHAMMAD HARUNA MOHAMMED"
CON-COM-2026-449,"MUHAMMAD HARUNA MOHAMMED"
CON-COM-2026-450,"USMAN GARBA"
CON-COM-2026-451,"ALH SABIU MUSA USMAN"
CON-COM-2026-452,"NIGERIA ELECTRICITY LIABILITY MANAGEMENT"
CON-COM-2026-453,"MUHAMMAD AUWAL BALARABE"
CON-COM-2026-454,"MUHAMMAD SUNUSI ZUBAIRU"
CON-COM-2026-455,"ALH ISYAKU ALHASSAN"
CON-COM-2026-456,"ALH SADIKU SHUAIBU"
CON-COM-2026-457,"BALA IBRAHIM MUHAMMAD"
CON-COM-2026-458,"ABDULMUMEEN MUSA ALIYU"
CON-COM-2026-459,"JAMILU SANI"
CON-COM-2026-460,"MUHD ZAKIRU A. TAHIR"
CON-COM-2026-461,"MAIRIGA AVERAGE WORLD COMPANY LTD"
CON-COM-2026-462,"ADAMU HARUNA IBRAHIM"
CON-COM-2026-463,"BEHA PETROLEUM COMPANY NIGERIA LTD"
CON-COM-2026-464,"BEHA PETROLEUM COMPANY NIGERIA LTD"
CON-COM-2026-465,"ALH ABDULRAHMAN  MALUMTA"
CON-COM-2026-466,"ALH SULE ABDULLAHI"
CON-COM-2026-467,"AMANI TRAVELS AND TOURS"
CON-COM-2026-468,"GALADIMAWA INTEGRATED ENERGY LTD"
CON-COM-2026-469,"SHEHU WAKILI"
CON-COM-2026-470,"MURTALA UBA SANI"
CON-COM-2026-471,"SULEIMAN MUSA"
CON-COM-2026-472,"HAISSAM EL KHOURY"
CON-COM-2026-473,"ISMAIL MIKO IBRAHIM"
CON-COM-2026-474,"MUNIR HABIB BELLO"
CON-COM-2026-475,"ALHAJI BALA ALO GAINAWA"
CON-COM-2026-476,"M D G VENTURE LTD"
CON-COM-2026-477,"M D G VENTURE LTD"
CON-COM-2026-478,"M D G VENTURE LTD"
CON-COM-2026-479,"M D G VENTURE LTD"
CON-COM-2026-48,"SADISU SAIDU ABUBAKAR"
CON-COM-2026-480,"NASIRU MOHAMMED GIWA"
CON-COM-2026-481,"YAHAYA IBRAHIM YAKUBU YOLA"
CON-COM-2026-482,"BALA GAMBO"
CON-COM-2026-483,"JOSEPH IGBOKE NWOGO"
CON-COM-2026-484,"ISHAQ MUHAMMAD YARO"
CON-COM-2026-485,"AMMAR R. JARGHON"
CON-COM-2026-486,"THE ESTATE OF LATE AMINU ALHASSAN DANTATA"
CON-COM-2026-487,"ALH IBRAHIM MUSTAPHA ADO"
CON-COM-2026-488,"ABDULKADIR HARUNA ABDULLAHI"
CON-COM-2026-489,"BASHIR SAIDU"
CON-COM-2026-49,"MULCO GENERAL SERVICE"
CON-COM-2026-490,"ALH ADO YAHAYA"
CON-COM-2026-491,"DAHIRU ADAMU KUMBOTSO"
CON-COM-2026-492,"MIDDILE PARK PROPERTIES LIMITED"
CON-COM-2026-493,"BAYERO UMAR ABDULLAHI"
CON-COM-2026-494,"ALIYU SALLAU"
CON-COM-2026-495,"ABDUSSAMADU UMAR NAABBA"
CON-COM-2026-496,"ALIYU YAKUBU ALI"
CON-COM-2026-497,"ABBA ISA"
CON-COM-2026-498,"SUNHIVE LTD"
CON-COM-2026-499,"ABDULLAHI BIN MASUD ISLAMIYYA"
CON-COM-2026-50,"ABDULLAHI UMAR"
CON-COM-2026-500,"ALH MUHAMMAD SANI JIBRIN"
CON-COM-2026-501,"ALH BALOGUN SAHEED ADEBAYO"
CON-COM-2026-502,"MUHAMMAD MAIKUDI"
CON-COM-2026-503,"ALH JIBRIN AHMED"
CON-COM-2026-504,"BASHIR AHMAD DAN MALAM"
CON-COM-2026-505,"BASHIR AHMAD DAN MALAM"
CON-COM-2026-506,"BASHIR AHMAD DAN MALAM"
CON-COM-2026-507,"ABUBAKAR ZUBAIR BELLO"
CON-COM-2026-508,"SULEIMAN ADAM"
CON-COM-2026-509,"ALH HABIBU JAFARU BUSAYE"
CON-COM-2026-51,"BASHIR KHALIL"
CON-COM-2026-510,"MUBARAK NASIR ABDULMUMINI"
CON-COM-2026-511,"IBRAHIM ALIYU SHARADA"
CON-COM-2026-512,"SALIHU SALEH"
CON-COM-2026-513,"MUNTAQA TIJJANI USMAN"
CON-COM-2026-514,"ISHAQ MUHAMMAD YARO"
CON-COM-2026-515,"ADO ALI JIBRIN"
CON-COM-2026-516,"FARUK UMAR MOHD"
CON-COM-2026-517,"GAMBO USMAN"
CON-COM-2026-518,"Mr ZHOU YIFENG"
CON-COM-2026-519,"HALADU LABARAN DABO"
CON-COM-2026-52,"SHAMSU SANI SHUAIBU"
CON-COM-2026-520,"USAINI UMAR"
CON-COM-2026-521,"AKTH MULTIPURPOSE COOPERATIVE SOCIETY"
CON-COM-2026-522,"AKTH MULTIPURPOSE COOPERATIVE SOCIETY"
CON-COM-2026-523,"AKTH MULTIPURPOSE COOPERATIVE SOCIETY"
CON-COM-2026-524,"AKTH MULTIPURPOSE COOPERATIVE SOCIETY"
CON-COM-2026-525,"AKTH MULTIPURPOSE COOPERATIVE SOCIETY"
CON-COM-2026-526,"AKTH MULTIPURPOSE COOPERATIVE SOCIETY"
CON-COM-2026-527,"AKTH MULTIPURPOSE COOPERATIVE SOCIETY"
CON-COM-2026-528,"AKTH MULTIPURPOSE COOPERATIVE SOCIETY"
CON-COM-2026-529,"ALH RABIU ISA ZUCCHI"
CON-COM-2026-53,"MUHAMMAD NASIRU ABUBAKAR"
CON-COM-2026-530,"ALH HUDU ABUBAKAR"
CON-COM-2026-531,"ALH SAGIRU MUSA"
CON-COM-2026-532,"KARIMATU BAH"
CON-COM-2026-533,"MAIRIGA AVERAGE WORLD VENTURE LIMITED"
CON-COM-2026-534,"G. U ENTERPRISES LIMITED"
CON-COM-2026-535,"GUDUNYA PETROLEUM TRADING COMPANY LTD"
CON-COM-2026-536,"HAMZA ISMAIL MUHAMMAD"
CON-COM-2026-537,"HAMZA ISMAIL MUHAMMAD"
CON-COM-2026-538,"DR. LUQMAN AHMAD"
CON-COM-2026-539,"AMINU YUSUF"
CON-COM-2026-54,"BABALLE YUNUSA"
CON-COM-2026-540,"SHAFIU HALADU"
CON-COM-2026-541,"AREWA EMIRATE COLLAGE OF HEALTH SCIENCE TECHOLOGY AND ADVANCE STUDIES KANO"
CON-COM-2026-542,"MUHAMMAD SURAJO YUSUF"
CON-COM-2026-543,"SALISU ABDULLAHI"
CON-COM-2026-544,"ALHAJI ABDURAHMAN AHMAD MUSA"
CON-COM-2026-545,"ALASAN DAHIRU SHARIFF"
CON-COM-2026-546,"ALH BELLO GARBA JA'EN"
CON-COM-2026-547,"ADO WAZIRI KWALAM"
CON-COM-2026-548,"ALH ISAH USMAN"
CON-COM-2026-549,"MUSA MUHAMMAD"
CON-COM-2026-55,"ALH USMAN SHAFIU AHMED"
CON-COM-2026-550,"KHALIFA UMAR ABDULLAHI"
CON-COM-2026-551,"BUSHIRA IDRIS GERAWA"
CON-COM-2026-552,"GARBA YAU GWARMAI"
CON-COM-2026-553,"MURTALA ABUBAKAR TAFIDA"
CON-COM-2026-554,"JIDDA TAHIR"
CON-COM-2026-555,"ALH INUSA USMAN IMONIFI"
CON-COM-2026-556,"MURTALA USMAN"
CON-COM-2026-557,"JAMILU ABDULLAHI FARM LTD"
CON-COM-2026-558,"ABUBAKAR MUHAMMAD DAYYAB"
CON-COM-2026-559,"YAU SHITU"
CON-COM-2026-56,"AUWALU SALISU KYERANA"
CON-COM-2026-560,"MAGATHMAN MOTORS & LOGISTICS"
CON-COM-2026-561,"ABUBAKAR ADAMU"
CON-COM-2026-562,"BIFARI OIL AND GAS LIMITED"
CON-COM-2026-563,"ABUBAKAR UMAR"
CON-COM-2026-564,"UMAR NASIR LAWAN"
CON-COM-2026-565,"SANI ADAMU TRADER"
CON-COM-2026-566,"HASHIMCO GLOBAL SERVICE LIMITED"
CON-COM-2026-567,"HUDU MUSA"
CON-COM-2026-568,"SADI UMAR ZAKARI"
CON-COM-2026-569,"MALLAM ABDULLAHI HARUNA"
CON-COM-2026-57,"ALKASIM NURA ALKASIM"
CON-COM-2026-570,"A. A ROGO NIG LLTD"
CON-COM-2026-571,"A.  YAWURI NIGERIA LIMITED"
CON-COM-2026-572,"ALH UMAR SALE MUSA"
CON-COM-2026-573,"BANGIS BABAN YARA"
CON-COM-2026-574,"ADAMU MOHAMMED SALEH"
CON-COM-2026-575,"ABUBAKAR SULAIMAN"
CON-COM-2026-576,"AUWALU AHMED MAIDABINO"
CON-COM-2026-577,"UMAR MUHAMMAD SHUAIBU"
CON-COM-2026-578,"ABUBAKAR GARBA BUKAR"
CON-COM-2026-579,"AISHA ADAMU AMSHI"
CON-COM-2026-58,"LIMAN HOLDING"
CON-COM-2026-580,"RAHAMA INTERGRATED FARM LIMITED"
CON-COM-2026-581,"MUHAMMAD DAHIRU MAI ATAMFA"
CON-COM-2026-582,"ALHAJI UMAR ALASAN"
CON-COM-2026-583,"ALHAJI UMAR ALASAN"
CON-COM-2026-584,"MR OLUMIDE OLUWASOLA"
CON-COM-2026-585,"HASSAN YUSUF TAYAMU MUGYARA YAN AWAKI MARKET ASSOCIATION"
CON-COM-2026-586,"ALH ISMAILA ADAMU"
CON-COM-2026-587,"SANI SHUAIBU"
CON-COM-2026-588,"MAGAJI AHMED GALADIMA"
CON-COM-2026-589,"ALI LAWAN BABA"
CON-COM-2026-59,"SHUAIBU ISAH BABA"
CON-COM-2026-590,"ALI LAWAN BABA"
CON-COM-2026-591,"chinese halal restaurant ltd"
CON-COM-2026-592,"BUHARI IBRAHIM"
CON-COM-2026-593,"BUHARI IBRAHIM"
CON-COM-2026-594,"AL-IHSAN TRANSPORT NIGERIA  LTD"
CON-COM-2026-595,"MUSTAPHA MOHAMAD AKAR"
CON-COM-2026-596,"GAMA PETROLEUM NIG  LTD"
CON-COM-2026-597,"MURTALA IBRAHIM"
CON-COM-2026-598,"MUSTAPHA IBRAHIM"
CON-COM-2026-599,"COOL GENERAL CONTRACTS & MERCHANT LIMITED"
CON-COM-2026-6,"FATIHU HAMZA DARMA"
CON-COM-2026-60,"DR. NAZIRU ABBAS YAHAYA"
CON-COM-2026-600,"MUSTAPHA MUHAMMAD AKAR"
CON-COM-2026-601,"ELMOWALA OIL MILL COMPANY LIMITED"
CON-COM-2026-602,"ALHAJI MODU WALI"
CON-COM-2026-603,"ALH ISA DAYYABU AHMAD"
CON-COM-2026-604,"ABBAS DAUDA ISA"
CON-COM-2026-605,"KHALIFA ABDULAZEEZ YUSUF"
CON-COM-2026-606,"UMAR ABDULLAHI"
CON-COM-2026-607,"HUDU ABUBAKAR"
CON-COM-2026-608,"ARSHUF INVESTMENT PLC"
CON-COM-2026-609,"NELSON KWOME OGUBURU"
CON-COM-2026-61,"FULBE OIL AND GAS"
CON-COM-2026-610,"NELSON KWOME OGUBURU"
CON-COM-2026-611,"MURTALA MUHAMMAD ILLALLAH"
CON-COM-2026-612,"KASSIM ABDULLAHI BURKULLU"
CON-COM-2026-613,"ALH MAMUDA GARBA"
CON-COM-2026-614,"ALH MAMUDA GARBA"
CON-COM-2026-615,"FATIMA SULAIMAN"
CON-COM-2026-616,"MURTALA ABUBAKAR ADAM"
CON-COM-2026-617,"ADAMU UMAR MUHAMMAD ALKAMAWA"
CON-COM-2026-618,"ALHAJI JAMILU SALISU MAUDE"
CON-COM-2026-619,"ALHAJI MALAM AUWALU MUHAMMAD"
CON-COM-2026-62,"ALH DAN AZUMI MUHAMMAD"
CON-COM-2026-620,"ALHAJI MALAM AUWALU MUHAMMAD"
CON-COM-2026-621,"ALH LAMINU RABIU & JAMILU RABIU"
CON-COM-2026-622,"M.H.S INTERNATIONAL LTD"
CON-COM-2026-623,"AMK OIL & GAS NIG LTD"
CON-COM-2026-624,"SURAJ UMAR IMAM"
CON-COM-2026-625,"A.U BAFFA OIL INVESTMENT NIGERIA LTD"
CON-COM-2026-626,"ABDULMALIK SABO ALBASU"
CON-COM-2026-627,"ISHAQ ABUBAKAR SAMBO"
CON-COM-2026-628,"IDRIS SALISU"
CON-COM-2026-629,"ALH BAITA BALA TALLE"
CON-COM-2026-63,"MUHAMMAD ILIYASU HAMISU"
CON-COM-2026-630,"PROF BALA ADO KOFAR MATA"
CON-COM-2026-631,"SADIQ GAMBO DANBABA"
CON-COM-2026-632,"A.D.S INVESTMENT LTD"
CON-COM-2026-633,"UMAR IBRAHIM DALIBI"
CON-COM-2026-634,"AHMAD SAID MUHD"
CON-COM-2026-635,"NASUA DYNAMIC VENTURE"
CON-COM-2026-636,"NATA'ALA PROPERTIES & INVESTMENT LIMITED"
CON-COM-2026-638,"NATA'ALA PROPERTIES & INVESTMENT LIMITED"
CON-COM-2026-639,"NATA'ALA PROPERTIES & INVESTMENT LIMITED"
CON-COM-2026-64,"SULEIMAN SANI"
CON-COM-2026-640,"A.M.F SABO CONCEPT"
CON-COM-2026-641,"K.S FARAGAI NIGERIA LTD"
CON-COM-2026-642,"BASHIR ADMAU AMSHARO"
CON-COM-2026-643,"SOLAR NIGACHEM LIMITED"
CON-COM-2026-644,"MUHAMMAD KABIR YUSUF"
CON-COM-2026-645,"MAMMAN SHARIFF FILLO"
CON-COM-2026-646,"ALHAJI HAMISU RABIU JINGAU"
CON-COM-2026-647,"ALHAJI HAMISU RABIU JINGAU"
CON-COM-2026-648,"BASHIR IDRIS MUSA"
CON-COM-2026-649,"S.F.K GLOBAL CONCEPT LTD"
CON-COM-2026-65,"MUHAMMAD ILIYASU HAMISU"
CON-COM-2026-650,"AHMAD SHEHU MASU"
CON-COM-2026-651,"ALHAJI ABDULLAHI ABUJA"
CON-COM-2026-652,"UMAR USMAN JALO"
CON-COM-2026-66,"ABBA NURA USMAN"
CON-COM-2026-67,"ABBA NURA USMAN"
CON-COM-2026-68,"IDRIS TELA DANDALAMA"
CON-COM-2026-69,"GALALTIX ENERGY NIGERIA LIMITED"
CON-COM-2026-7,"BABAN-NAIMA NIG LTD"
CON-COM-2026-70,"GALALTIX ENERGY NIGERIA LIMITED"
CON-COM-2026-71,"ABDULLAHI LAWAL LALA"
CON-COM-2026-72,"SALE YUSUF"
CON-COM-2026-73,"SALE YUSUF"
CON-COM-2026-74,"SALE YUSUF"
CON-COM-2026-75,"SALE YUSUF"
CON-COM-2026-76,"SALE YUSUF"
CON-COM-2026-77,"SALE YUSUF"
CON-COM-2026-78,"SALE YUSUF"
CON-COM-2026-79,"ABDULLAHI HASHIM"
CON-COM-2026-80,"RABIU YUSIF ADAMU"
CON-COM-2026-81,"ABDULRAHMAN ISHAQ BN ALIYU"
CON-COM-2026-82,"MRS UMEH HOPE  CHIOMA"
CON-COM-2026-83,"USMAN YUSUF"
CON-COM-2026-84,"USMAN YUSUF"
CON-COM-2026-85,"ALH. IBRAHIM ILU"
CON-COM-2026-86,"ALH. IBRAHIM ILU"
CON-COM-2026-87,"HABIBU ABDULLAHI"
CON-COM-2026-88,"H.M ASASANTA GLOBAL SERVICE"
CON-COM-2026-89,"ABU AMIR"
CON-COM-2026-9,"AMINU ABDULLAHI"
CON-COM-2026-90,"ABU AMIR"
CON-COM-2026-91,"MUNTAQA TIJJANI USMAN"
CON-COM-2026-92,"NAFIU JIBRIN"
CON-COM-2026-93,"KANO EMIRATE COUNCIL"
CON-COM-2026-94,"KANO EMIRATE COUNCIL"
CON-COM-2026-95,"KANO EMIRATE COUNCIL"
CON-COM-2026-96,"ALIYU BALARABE DANEJI"
CON-COM-2026-97,"MAITURARE LUGGAGE"
CON-COM-2026-98,"MISBAHU SULAIMAN YAHYA"
CON-COM-2026-99,"SAID MOHAMMAD AL-RAICHOUNI"
CON-IND-2026-1,"DANTATA INDUSTRIAL LAY OUT"
CON-IND-2026-10,"VIVA METAL AND PLASTIC INDUSRIES LIMITED"
CON-IND-2026-100,"MAGENTA ECOLINKS AND INVESTMENT LIMITED"
CON-IND-2026-101,"MAGENTA ECOLINKS AND INVESTMENT LIMITED"
CON-IND-2026-102,"MAGENTA ECOLINKS AND INVESTMENT LIMITED"
CON-IND-2026-103,"MAGENTA ECOLINKS AND INVESTMENT LIMITED"
CON-IND-2026-104,"MAGENTA ECOLINKS AND INVESTMENT LIMITED"
CON-IND-2026-105,"MAGENTA ECOLINKS AND INVESTMENT LIMITED"
CON-IND-2026-106,"MAGENTA ECOLINKS AND INVESTMENT LIMITED"
CON-IND-2026-107,"MAGENTA ECOLINKS AND INVESTMENT LIMITED"
CON-IND-2026-108,"MAGENTA ECOLINKS AND INVESTMENT LIMITED"
CON-IND-2026-109,"MAGENTA ECOLINKS AND INVESTMENT LIMITED"
CON-IND-2026-11,"JAYLINE PROPERTIES LIMITED"
CON-IND-2026-110,"MAGENTA ECOLINKS AND INVESTMENT LIMITED"
CON-IND-2026-111,"MAGENTA ECOLINKS AND INVESTMENT LIMITED"
CON-IND-2026-112,"MAGENTA ECOLINKS AND INVESTMENT LIMITED"
CON-IND-2026-113,"MAGENTA ECOLINKS AND INVESTMENT LIMITED"
CON-IND-2026-114,"MAGENTA ECOLINKS AND INVESTMENT LIMITED"
CON-IND-2026-115,"MAGENTA ECOLINKS AND INVESTMENT LIMITED"
CON-IND-2026-116,"MAGENTA ECOLINKS AND INVESTMENT LIMITED"
CON-IND-2026-117,"MAGENTA ECOLINKS AND INVESTMENT LIMITED"
CON-IND-2026-118,"MAGENTA ECOLINKS AND INVESTMENT LIMITED"
CON-IND-2026-119,"MAGENTA ECOLINKS AND INVESTMENT LIMITED"
CON-IND-2026-12,"TRACTA NIGERIA LIMITED"
CON-IND-2026-120,"MAGENTA ECOLINKS AND INVESTMENT LIMITED"
CON-IND-2026-121,"MAGENTA ECOLINKS AND INVESTMENT LIMITED"
CON-IND-2026-122,"MAGENTA ECOLINKS AND INVESTMENT LIMITED"
CON-IND-2026-123,"MAGENTA ECOLINKS AND INVESTMENT LIMITED"
CON-IND-2026-124,"MAGENTA ECOLINKS AND INVESTMENT LIMITED"
CON-IND-2026-125,"MAGENTA ECOLINKS AND INVESTMENT LIMITED"
CON-IND-2026-126,"MAGENTA ECOLINKS AND INVESTMENT LIMITED"
CON-IND-2026-127,"MAGENTA ECOLINKS AND INVESTMENT LIMITED"
CON-IND-2026-128,"MAGENTA ECOLINKS AND INVESTMENT LIMITED"
CON-IND-2026-129,"MAGENTA ECOLINKS AND INVESTMENT LIMITED"
CON-IND-2026-13,"TRACTA NIGERIA LIMITED"
CON-IND-2026-130,"MAGENTA ECOLINKS AND INVESTMENT LIMITED"
CON-IND-2026-131,"MAGENTA ECOLINKS AND INVESTMENT LIMITED"
CON-IND-2026-132,"MAGENTA ECOLINKS AND INVESTMENT LIMITED"
CON-IND-2026-133,"MAGENTA ECOLINKS AND INVESTMENT LIMITED"
CON-IND-2026-134,"MAGENTA ECOLINKS AND INVESTMENT LIMITED"
CON-IND-2026-135,"MAGENTA ECOLINKS AND INVESTMENT LIMITED"
CON-IND-2026-136,"MAGENTA ECOLINKS AND INVESTMENT LIMITED"
CON-IND-2026-137,"MAGENTA ECOLINKS AND INVESTMENT LIMITED"
CON-IND-2026-138,"MAGENTA ECOLINKS AND INVESTMENT LIMITED"
CON-IND-2026-139,"MAGENTA ECOLINKS AND INVESTMENT LIMITED"
CON-IND-2026-14,"BASHIR BALA  DANZAKI"
CON-IND-2026-140,"MAGENTA ECOLINKS AND INVESTMENT LIMITED"
CON-IND-2026-141,"MAGENTA ECOLINKS AND INVESTMENT LIMITED"
CON-IND-2026-142,"MAGENTA ECOLINKS AND INVESTMENT LIMITED"
CON-IND-2026-143,"CREAPLAN NIGERIA LIMITED"
CON-IND-2026-144,"ALH. MUSA MUHAMMAD ALTO"
CON-IND-2026-145,"MAGENTA ECOLINKS AND INVESTMENT LIMITED"
CON-IND-2026-146,"MAGENTA ECOLINKS AND INVESTMENT LIMITED"
CON-IND-2026-147,"MAGENTA ECOLINKS AND INVESTMENT LIMITED"
CON-IND-2026-148,"MAGENTA ECOLINKS AND INVESTMENT LIMITED"
CON-IND-2026-149,"MAGENTA ECOLINKS AND INVESTMENT LIMITED"
CON-IND-2026-15,"MILAD MAURICE ELHELOU"
CON-IND-2026-150,"MAGENTA ECOLINKS AND INVESTMENT LIMITED"
CON-IND-2026-151,"MAGENTA ECOLINKS AND INVESTMENT LIMITED"
CON-IND-2026-152,"MAGENTA ECOLINKS AND INVESTMENT LIMITED"
CON-IND-2026-153,"MAGENTA ECOLINKS AND INVESTMENT LIMITED"
CON-IND-2026-154,"MAGENTA ECOLINKS AND INVESTMENT LIMITED"
CON-IND-2026-155,"MAGENTA ECOLINKS AND INVESTMENT LIMITED"
CON-IND-2026-156,"MAGENTA ECOLINKS AND INVESTMENT LIMITED"
CON-IND-2026-157,"MAGENTA ECOLINKS AND INVESTMENT LIMITED"
CON-IND-2026-158,"MAGENTA ECOLINKS AND INVESTMENT LIMITED"
CON-IND-2026-159,"MAGENTA ECOLINKS AND INVESTMENT LIMITED"
CON-IND-2026-16,"SALEH YUSUF"
CON-IND-2026-160,"MAGENTA ECOLINKS AND INVESTMENT LIMITED"
CON-IND-2026-161,"MAGENTA ECOLINKS AND INVESTMENT LIMITED"
CON-IND-2026-162,"MAGENTA ECOLINKS AND INVESTMENT LIMITED"
CON-IND-2026-163,"MAGENTA ECOLINKS AND INVESTMENT LIMITED"
CON-IND-2026-164,"MAGENTA ECOLINKS AND INVESTMENT LIMITED"
CON-IND-2026-165,"MAGENTA ECOLINKS AND INVESTMENT LIMITED"
CON-IND-2026-166,"MAGENTA ECOLINKS AND INVESTMENT LIMITED"
CON-IND-2026-167,"MAGENTA ECOLINKS AND INVESTMENT LIMITED"
CON-IND-2026-168,"MAGENTA ECOLINKS AND INVESTMENT LIMITED"
CON-IND-2026-169,"MAGENTA ECOLINKS AND INVESTMENT LIMITED"
CON-IND-2026-17,"LIHUA TRADING NIG CO.LTD"
CON-IND-2026-170,"MAGENTA ECOLINKS AND INVESTMENT LIMITED"
CON-IND-2026-171,"MAGENTA ECOLINKS AND INVESTMENT LIMITED"
CON-IND-2026-172,"MAGENTA ECOLINKS AND INVESTMENT LIMITED"
CON-IND-2026-173,"MAGENTA ECOLINKS AND INVESTMENT LIMITED"
CON-IND-2026-174,"MAGENTA ECOLINKS AND INVESTMENT LIMITED"
CON-IND-2026-175,"MAGENTA ECOLINKS AND INVESTMENT LIMITED"
CON-IND-2026-176,"MAGENTA ECOLINKS AND INVESTMENT LIMITED"
CON-IND-2026-177,"MAGENTA ECOLINKS AND INVESTMENT LIMITED"
CON-IND-2026-178,"MAGENTA ECOLINKS AND INVESTMENT LIMITED"
CON-IND-2026-179,"MAGENTA ECOLINKS AND INVESTMENT LIMITED"
CON-IND-2026-18,"MILAD MAURICE ELHELOU"
CON-IND-2026-180,"MAGENTA ECOLINKS AND INVESTMENT LIMITED"
CON-IND-2026-181,"MAGENTA ECOLINKS AND INVESTMENT LIMITED"
CON-IND-2026-182,"MAGENTA ECOLINKS AND INVESTMENT LIMITED"
CON-IND-2026-183,"MAGENTA ECOLINKS AND INVESTMENT LIMITED"
CON-IND-2026-184,"MAGENTA ECOLINKS AND INVESTMENT LIMITED"
CON-IND-2026-185,"MAGENTA ECOLINKS AND INVESTMENT LIMITED"
CON-IND-2026-186,"MAGENTA ECOLINKS AND INVESTMENT LIMITED"
CON-IND-2026-187,"MAGENTA ECOLINKS AND INVESTMENT LIMITED"
CON-IND-2026-188,"MAGENTA ECOLINKS AND INVESTMENT LIMITED"
CON-IND-2026-189,"MAGENTA ECOLINKS AND INVESTMENT LIMITED"
CON-IND-2026-19,"Inner Galaxy steel co. Ltd"
CON-IND-2026-190,"MAGENTA ECOLINKS AND INVESTMENT LIMITED"
CON-IND-2026-191,"MAGENTA ECOLINKS AND INVESTMENT LIMITED"
CON-IND-2026-192,"MAGENTA ECOLINKS AND INVESTMENT LIMITED"
CON-IND-2026-193,"MAGENTA ECOLINKS AND INVESTMENT LIMITED"
CON-IND-2026-194,"MAGENTA ECOLINKS AND INVESTMENT LIMITED"
CON-IND-2026-195,"MAGENTA ECOLINKS AND INVESTMENT LIMITED"
CON-IND-2026-196,"MAGENTA ECOLINKS AND INVESTMENT LIMITED"
CON-IND-2026-197,"MAGENTA ECOLINKS AND INVESTMENT LIMITED"
CON-IND-2026-198,"MAGENTA ECOLINKS AND INVESTMENT LIMITED"
CON-IND-2026-199,"MAGENTA ECOLINKS AND INVESTMENT LIMITED"
CON-IND-2026-2,"PISTIA VENTURES LTD"
CON-IND-2026-20,"NNPC  GAS MARKETING LTD"
CON-IND-2026-200,"MAGENTA ECOLINKS AND INVESTMENT LIMITED"
CON-IND-2026-201,"MAGENTA ECOLINKS AND INVESTMENT LIMITED"
CON-IND-2026-202,"MAGENTA ECOLINKS AND INVESTMENT LIMITED"
CON-IND-2026-203,"MAGENTA ECOLINKS AND INVESTMENT LIMITED"
CON-IND-2026-204,"MAGENTA ECOLINKS AND INVESTMENT LIMITED"
CON-IND-2026-205,"MAGENTA ECOLINKS AND INVESTMENT LIMITED"
CON-IND-2026-206,"MAGENTA ECOLINKS AND INVESTMENT LIMITED"
CON-IND-2026-207,"MAGENTA ECOLINKS AND INVESTMENT LIMITED"
CON-IND-2026-208,"MAGENTA ECOLINKS AND INVESTMENT LIMITED"
CON-IND-2026-209,"MAGENTA ECOLINKS AND INVESTMENT LIMITED"
CON-IND-2026-21,"XU Xiaoming"
CON-IND-2026-210,"MAGENTA ECOLINKS AND INVESTMENT LIMITED"
CON-IND-2026-211,"MAGENTA ECOLINKS AND INVESTMENT LIMITED"
CON-IND-2026-212,"MAGENTA ECOLINKS AND INVESTMENT LIMITED"
CON-IND-2026-213,"MAGENTA ECOLINKS AND INVESTMENT LIMITED"
CON-IND-2026-214,"MAGENTA ECOLINKS AND INVESTMENT LIMITED"
CON-IND-2026-215,"MAGENTA ECOLINKS AND INVESTMENT LIMITED"
CON-IND-2026-216,"MAGENTA ECOLINKS AND INVESTMENT LIMITED"
CON-IND-2026-217,"MAGENTA ECOLINKS AND INVESTMENT LIMITED"
CON-IND-2026-218,"MAGENTA ECOLINKS AND INVESTMENT LIMITED"
CON-IND-2026-219,"MAGENTA ECOLINKS AND INVESTMENT LIMITED"
CON-IND-2026-22,"Hamza Abdullahi Umar"
CON-IND-2026-220,"MAGENTA ECOLINKS AND INVESTMENT LIMITED"
CON-IND-2026-221,"MAGENTA ECOLINKS AND INVESTMENT LIMITED"
CON-IND-2026-222,"MAGENTA ECOLINKS AND INVESTMENT LIMITED"
CON-IND-2026-223,"MAGENTA ECOLINKS AND INVESTMENT LIMITED"
CON-IND-2026-224,"MAGENTA ECOLINKS AND INVESTMENT LIMITED"
CON-IND-2026-225,"MAGENTA ECOLINKS AND INVESTMENT LIMITED"
CON-IND-2026-226,"MAGENTA ECOLINKS AND INVESTMENT LIMITED"
CON-IND-2026-227,"MAGENTA ECOLINKS AND INVESTMENT LIMITED"
CON-IND-2026-228,"MAGENTA ECOLINKS AND INVESTMENT LIMITED"
CON-IND-2026-229,"MAGENTA ECOLINKS AND INVESTMENT LIMITED"
CON-IND-2026-23,"Hamza Abdullahi Umar"
CON-IND-2026-230,"MAGENTA ECOLINKS AND INVESTMENT LIMITED"
CON-IND-2026-231,"MAGENTA ECOLINKS AND INVESTMENT LIMITED"
CON-IND-2026-232,"MAGENTA ECOLINKS AND INVESTMENT LIMITED"
CON-IND-2026-233,"MAGENTA ECOLINKS AND INVESTMENT LIMITED"
CON-IND-2026-234,"MAGENTA ECOLINKS AND INVESTMENT LIMITED"
CON-IND-2026-235,"MAGENTA ECOLINKS AND INVESTMENT LIMITED"
CON-IND-2026-236,"MAGENTA ECOLINKS AND INVESTMENT LIMITED"
CON-IND-2026-237,"MAGENTA ECOLINKS AND INVESTMENT LIMITED"
CON-IND-2026-238,"MAGENTA ECOLINKS AND INVESTMENT LIMITED"
CON-IND-2026-239,"MAGENTA ECOLINKS AND INVESTMENT LIMITED"
CON-IND-2026-24,"Hamza Abdullahi Umar"
CON-IND-2026-240,"MAGENTA ECOLINKS AND INVESTMENT LIMITED"
CON-IND-2026-241,"MAGENTA ECOLINKS AND INVESTMENT LIMITED"
CON-IND-2026-242,"MAGENTA ECOLINKS AND INVESTMENT LIMITED"
CON-IND-2026-243,"MAGENTA ECOLINKS AND INVESTMENT LIMITED"
CON-IND-2026-244,"MAGENTA ECOLINKS AND INVESTMENT LIMITED"
CON-IND-2026-245,"MAGENTA ECOLINKS AND INVESTMENT LIMITED"
CON-IND-2026-246,"MAGENTA ECOLINKS AND INVESTMENT LIMITED"
CON-IND-2026-247,"MAGENTA ECOLINKS AND INVESTMENT LIMITED"
CON-IND-2026-248,"MAGENTA ECOLINKS AND INVESTMENT LIMITED"
CON-IND-2026-249,"MAGENTA ECOLINKS AND INVESTMENT LIMITED"
CON-IND-2026-25,"AL- MUHSIN GLOBAL ENERGY NIG LTD"
CON-IND-2026-250,"HISHAM FAISAL SHAHIM"
CON-IND-2026-251,"SALEH LATEST RICE MILL NIG LTD"
CON-IND-2026-252,"SALEH LATEST RICE MILL NIG LTD"
CON-IND-2026-253,"SALEH LATEST RICE MILL NIG LTD"
CON-IND-2026-254,"KILMANJARO GEN MARCHANDISE"
CON-IND-2026-255,KIL
CON-IND-2026-256,"N.M.S CHOICE NIG LTD"
CON-IND-2026-257,"DANTATA INDUSTIRAL  LAYOUT"
CON-IND-2026-258,"DANTATA INDUSTIRAL  LAYOUT"
CON-IND-2026-259,"DANTATA INDUSTIRAL  LAYOUT"
CON-IND-2026-26,"Murtala  Alasan Zainawa"
CON-IND-2026-260,"DANTATA INDUSTIRAL  LAYOUT"
CON-IND-2026-261,"DANTATA INDUSTIRAL  LAYOUT"
CON-IND-2026-262,"DANTATA INDUSTIRAL  LAYOUT"
CON-IND-2026-263,"DANTATA INDUSTIRAL  LAYOUT"
CON-IND-2026-264,"DANTATA INDUSTIRAL  LAYOUT"
CON-IND-2026-265,"DANTATA INDUSTIRAL  LAYOUT"
CON-IND-2026-266,"DANTATA INDUSTIRAL  LAYOUT"
CON-IND-2026-267,"DANTATA INDUSTIRAL  LAYOUT"
CON-IND-2026-268,"DANTATA INDUSTIRAL  LAYOUT"
CON-IND-2026-269,"DANTATA INDUSTIRAL  LAYOUT"
CON-IND-2026-27,"SHI ZENGCHAO"
CON-IND-2026-270,"DANTATA INDUSTIRAL  LAYOUT"
CON-IND-2026-271,"DANTATA INDUSTIRAL  LAYOUT"
CON-IND-2026-272,"DANTATA INDUSTIRAL  LAYOUT"
CON-IND-2026-273,"DANTATA INDUSTIRAL  LAYOUT"
CON-IND-2026-274,"DANTATA INDUSTIRAL  LAYOUT"
CON-IND-2026-275,"DANTATA INDUSTIRAL  LAYOUT"
CON-IND-2026-276,"DANTATA INDUSTIRAL  LAYOUT"
CON-IND-2026-277,"DANTATA INDUSTIRAL  LAYOUT"
CON-IND-2026-278,"DANTATA INDUSTIRAL  LAYOUT"
CON-IND-2026-279,"DANTATA INDUSTIRAL  LAYOUT"
CON-IND-2026-28,"ADY AGRO ALLIED"
CON-IND-2026-280,"DANTATA INDUSTIRAL  LAYOUT"
CON-IND-2026-281,"DANTATA INDUSTIRAL  LAYOUT"
CON-IND-2026-282,"DANTATA INDUSTIRAL  LAYOUT"
CON-IND-2026-283,"DANTATA INDUSTIRAL  LAYOUT"
CON-IND-2026-284,"DANTATA INDUSTIRAL  LAYOUT"
CON-IND-2026-285,"DANTATA INDUSTIRAL  LAYOUT"
CON-IND-2026-286,"DANTATA INDUSTIRAL  LAYOUT"
CON-IND-2026-287,"DANTATA INDUSTIRAL  LAYOUT"
CON-IND-2026-288,"SA'AD SHITU SHARUBUTU"
CON-IND-2026-289,"DANTATA INDUSTIRAL  LAYOUT"
CON-IND-2026-29,"RONGSHENGOA COMPANY LIMITED"
CON-IND-2026-290,"DANTATA INDUSTIRAL  LAYOUT"
CON-IND-2026-291,"DANTATA INDUSTIRAL  LAYOUT"
CON-IND-2026-292,"DANTATA INDUSTIRAL  LAYOUT"
CON-IND-2026-293,"DANTATA INDUSTIRAL  LAYOUT"
CON-IND-2026-294,"DANTATA INDUSTIRAL  LAYOUT"
CON-IND-2026-295,"DANTATA INDUSTIRAL  LAYOUT"
CON-IND-2026-296,"DANTATA INDUSTIRAL  LAYOUT"
CON-IND-2026-297,"DANTATA INDUSTIRAL  LAYOUT"
CON-IND-2026-298,"DANTATA INDUSTIRAL  LAYOUT"
CON-IND-2026-299,"DANTATA INDUSTIRAL  LAYOUT"
CON-IND-2026-3,"MAYAKI AGRO PROCESSORS LIMITED"
CON-IND-2026-30,"Urwah Nigeria Limited"
CON-IND-2026-300,"DANTATA INDUSTIRAL  LAYOUT"
CON-IND-2026-301,"DANTATA INDUSTIRAL  LAYOUT"
CON-IND-2026-302,"DANTATA INDUSTIRAL  LAYOUT"
CON-IND-2026-303,"DANTATA INDUSTIRAL  LAYOUT"
CON-IND-2026-304,"DANTATA INDUSTIRAL  LAYOUT"
CON-IND-2026-305,"DANTATA INDUSTIRAL  LAYOUT"
CON-IND-2026-306,"DANTATA INDUSTIRAL  LAYOUT"
CON-IND-2026-307,"DANTATA INDUSTIRAL  LAYOUT"
CON-IND-2026-308,"DANTATA INDUSTIRAL  LAYOUT"
CON-IND-2026-309,"DANTATA INDUSTIRAL  LAYOUT"
CON-IND-2026-31,"HEADSTREAM INVESTMENT LIMITED"
CON-IND-2026-310,"DANTATA INDUSTIRAL  LAYOUT"
CON-IND-2026-311,"DANTATA INDUSTIRAL  LAYOUT"
CON-IND-2026-312,"DANTATA INDUSTIRAL  LAYOUT"
CON-IND-2026-313,"DANTATA INDUSTIRAL  LAYOUT"
CON-IND-2026-314,"DANTATA INDUSTIRAL  LAYOUT"
CON-IND-2026-315,"DANTATA INDUSTIRAL  LAYOUT"
CON-IND-2026-316,"DANTATA INDUSTIRAL  LAYOUT"
CON-IND-2026-317,"DANTATA INDUSTIRAL  LAYOUT"
CON-IND-2026-318,"DANTATA INDUSTIRAL  LAYOUT"
CON-IND-2026-319,"DANTATA INDUSTIRAL  LAYOUT"
CON-IND-2026-32,"ADAMU MUHAMMAD INUWA"
CON-IND-2026-320,"DANTATA INDUSTIRAL  LAYOUT"
CON-IND-2026-321,"DANTATA INDUSTIRAL  LAYOUT"
CON-IND-2026-322,"DANTATA INDUSTIRAL  LAYOUT"
CON-IND-2026-323,"DANTATA INDUSTIRAL  LAYOUT"
CON-IND-2026-324,"DANTATA INDUSTIRAL  LAYOUT"
CON-IND-2026-325,"DANTATA INDUSTIRAL  LAYOUT"
CON-IND-2026-326,"DANTATA INDUSTIRAL  LAYOUT"
CON-IND-2026-327,"DANTATA INDUSTIRAL  LAYOUT"
CON-IND-2026-328,"DANTATA INDUSTIRAL  LAYOUT"
CON-IND-2026-329,"DANTATA INDUSTIRAL  LAYOUT"
CON-IND-2026-33,"AMIUNU ALASAN DANTATA"
CON-IND-2026-330,"DANTATA INDUSTIRAL  LAYOUT"
CON-IND-2026-331,"DANTATA INDUSTIRAL  LAYOUT"
CON-IND-2026-332,"DANTATA INDUSTIRAL  LAYOUT"
CON-IND-2026-333,"DANTATA INDUSTIRAL  LAYOUT"
CON-IND-2026-334,"DANTATA INDUSTIRAL  LAYOUT"
CON-IND-2026-335,"DANTATA INDUSTIRAL  LAYOUT"
CON-IND-2026-336,"DANTATA INDUSTIRAL  LAYOUT"
CON-IND-2026-337,"DANTATA INDUSTIRAL  LAYOUT"
CON-IND-2026-338,"DANTATA INDUSTIRAL  LAYOUT"
CON-IND-2026-339,"DANTATA INDUSTIRAL  LAYOUT"
CON-IND-2026-34,"GWAMMAJA INVESTMENT & SONS"
CON-IND-2026-340,"DANTATA INDUSTIRAL  LAYOUT"
CON-IND-2026-341,"DANTATA INDUSTIRAL  LAYOUT"
CON-IND-2026-342,"DANTATA INDUSTIRAL  LAYOUT"
CON-IND-2026-343,"DANTATA INDUSTIRAL  LAYOUT"
CON-IND-2026-344,"DANTATA INDUSTIRAL  LAYOUT"
CON-IND-2026-345,"DANTATA INDUSTIRAL  LAYOUT"
CON-IND-2026-346,"DANTATA INDUSTIRAL  LAYOUT"
CON-IND-2026-347,"DANTATA INDUSTIRAL  LAYOUT"
CON-IND-2026-348,"DANTATA INDUSTIRAL  LAYOUT"
CON-IND-2026-349,"DANTATA INDUSTIRAL  LAYOUT"
CON-IND-2026-35,"ZHONGRUI GREEN ENERGY DEVELOPMENT COMPANY LIMITED"
CON-IND-2026-350,"DANTATA INDUSTIRAL  LAYOUT"
CON-IND-2026-351,"DANTATA INDUSTIRAL  LAYOUT"
CON-IND-2026-352,"DANTATA INDUSTIRAL  LAYOUT"
CON-IND-2026-353,"DANTATA INDUSTIRAL  LAYOUT"
CON-IND-2026-354,"DANTATA INDUSTIRAL  LAYOUT"
CON-IND-2026-355,"DANTATA INDUSTIRAL  LAYOUT"
CON-IND-2026-356,"DANTATA INDUSTIRAL  LAYOUT"
CON-IND-2026-357,"DANTATA INDUSTIRAL  LAYOUT"
CON-IND-2026-358,"DANTATA INDUSTIRAL  LAYOUT"
CON-IND-2026-359,"DANTATA INDUSTIRAL  LAYOUT"
CON-IND-2026-36,"HARUNA MUSA MAI AGWAGWA"
CON-IND-2026-360,"DANTATA INDUSTIRAL  LAYOUT"
CON-IND-2026-361,"DANTATA INDUSTIRAL  LAYOUT"
CON-IND-2026-362,"DANTATA INDUSTIRAL  LAYOUT"
CON-IND-2026-363,"DANTATA INDUSTIRAL  LAYOUT"
CON-IND-2026-364,"DANTATA INDUSTIRAL  LAYOUT"
CON-IND-2026-365,"DANTATA INDUSTIRAL  LAYOUT"
CON-IND-2026-366,"DANTATA INDUSTIRAL  LAYOUT"
CON-IND-2026-367,"DANTATA INDUSTIRAL  LAYOUT"
CON-IND-2026-368,"DANTATA INDUSTIRAL  LAYOUT"
CON-IND-2026-369,"DANTATA INDUSTIRAL  LAYOUT"
CON-IND-2026-37,"N U A MINING LTD"
CON-IND-2026-370,"DANTATA INDUSTIRAL  LAYOUT"
CON-IND-2026-371,"DANTATA INDUSTIRAL  LAYOUT"
CON-IND-2026-372,"DANTATA INDUSTIRAL  LAYOUT"
CON-IND-2026-373,"DANTATA INDUSTIRAL  LAYOUT"
CON-IND-2026-374,"DANTATA INDUSTIRAL  LAYOUT"
CON-IND-2026-375,"DANTATA INDUSTIRAL  LAYOUT"
CON-IND-2026-376,"DANTATA INDUSTIRAL  LAYOUT"
CON-IND-2026-377,"DANTATA INDUSTIRAL  LAYOUT"
CON-IND-2026-378,"DANTATA INDUSTIRAL  LAYOUT"
CON-IND-2026-379,"DANTATA INDUSTIRAL  LAYOUT"
CON-IND-2026-38,"JAMILU MUHAMMAD DAHIRU"
CON-IND-2026-380,"DANTATA INDUSTIRAL  LAYOUT"
CON-IND-2026-381,"DANTATA INDUSTIRAL  LAYOUT"
CON-IND-2026-382,"DANTATA INDUSTIRAL  LAYOUT"
CON-IND-2026-383,"DANTATA INDUSTIRAL  LAYOUT"
CON-IND-2026-384,"DANTATA INDUSTIRAL  LAYOUT"
CON-IND-2026-385,"DANTATA INDUSTIRAL  LAYOUT"
CON-IND-2026-386,"DANTATA INDUSTIRAL  LAYOUT"
CON-IND-2026-387,"DANTATA INDUSTIRAL  LAYOUT"
CON-IND-2026-388,"DANTATA INDUSTIRAL  LAYOUT"
CON-IND-2026-389,"DANTATA INDUSTIRAL  LAYOUT"
CON-IND-2026-39,"RED TREE DEVELOPMENT CO. LTD"
CON-IND-2026-390,"DANTATA INDUSTIRAL  LAYOUT"
CON-IND-2026-391,"DANTATA INDUSTIRAL  LAYOUT"
CON-IND-2026-392,"DANTATA INDUSTIRAL  LAYOUT"
CON-IND-2026-393,"DANTATA INDUSTIRAL  LAYOUT"
CON-IND-2026-394,"DANTATA INDUSTIRAL  LAYOUT"
CON-IND-2026-395,"DANTATA INDUSTIRAL  LAYOUT"
CON-IND-2026-396,"DANTATA INDUSTIRAL  LAYOUT"
CON-IND-2026-397,"DANTATA INDUSTIRAL  LAYOUT"
CON-IND-2026-398,"DANTATA INDUSTIRAL  LAYOUT"
CON-IND-2026-399,"DANTATA INDUSTIRAL  LAYOUT"
CON-IND-2026-4,"XIAOJIN TU"
CON-IND-2026-40,"AMAM GLOBAL SYNERGY TRADE LTD"
CON-IND-2026-400,"DANTATA INDUSTIRAL  LAYOUT"
CON-IND-2026-401,"DANTATA INDUSTIRAL  LAYOUT"
CON-IND-2026-402,"DANTATA INDUSTIRAL  LAYOUT"
CON-IND-2026-403,"DANTATA INDUSTIRAL  LAYOUT"
CON-IND-2026-404,"DANTATA INDUSTIRAL  LAYOUT"
CON-IND-2026-405,"DANTATA INDUSTIRAL  LAYOUT"
CON-IND-2026-406,"DANTATA INDUSTIRAL  LAYOUT"
CON-IND-2026-407,"DANTATA INDUSTIRAL  LAYOUT"
CON-IND-2026-408,"DANTATA INDUSTIRAL  LAYOUT"
CON-IND-2026-409,"DANTATA INDUSTIRAL  LAYOUT"
CON-IND-2026-41,"ABDULSAMAD ABUBAKAR AHMED"
CON-IND-2026-410,"DANTATA INDUSTIRAL  LAYOUT"
CON-IND-2026-411,"DANTATA INDUSTIRAL  LAYOUT"
CON-IND-2026-412,"DANTATA INDUSTIRAL  LAYOUT"
CON-IND-2026-413,"DANTATA INDUSTIRAL  LAYOUT"
CON-IND-2026-414,"DANTATA INDUSTIRAL  LAYOUT"
CON-IND-2026-415,"DANTATA INDUSTIRAL  LAYOUT"
CON-IND-2026-416,"DANTATA INDUSTIRAL  LAYOUT"
CON-IND-2026-417,"DANTATA INDUSTIRAL  LAYOUT"
CON-IND-2026-418,"DANTATA INDUSTIRAL  LAYOUT"
CON-IND-2026-419,"DANTATA INDUSTIRAL  LAYOUT"
CON-IND-2026-42,"AMANI SAID"
CON-IND-2026-420,"DANTATA INDUSTIRAL  LAYOUT"
CON-IND-2026-421,"DANTATA INDUSTIRAL  LAYOUT"
CON-IND-2026-422,"DANTATA INDUSTIRAL  LAYOUT"
CON-IND-2026-423,"DANTATA INDUSTIRAL  LAYOUT"
CON-IND-2026-424,"DANTATA INDUSTIRAL  LAYOUT"
CON-IND-2026-425,"DANTATA INDUSTIRAL  LAYOUT"
CON-IND-2026-426,"DANTATA INDUSTIRAL  LAYOUT"
CON-IND-2026-427,"DANTATA INDUSTIRAL  LAYOUT"
CON-IND-2026-428,"DANTATA INDUSTIRAL  LAYOUT"
CON-IND-2026-429,"DANTATA INDUSTIRAL  LAYOUT"
CON-IND-2026-43,"AMANI SAID"
CON-IND-2026-430,"DANTATA INDUSTIRAL  LAYOUT"
CON-IND-2026-431,"DANTATA INDUSTIRAL  LAYOUT"
CON-IND-2026-432,"DANTATA INDUSTIRAL  LAYOUT"
CON-IND-2026-433,"DANTATA INDUSTIRAL  LAYOUT"
CON-IND-2026-434,"DANTATA INDUSTIRAL  LAYOUT"
CON-IND-2026-435,"DANTATA INDUSTIRAL  LAYOUT"
CON-IND-2026-436,"DANTATA INDUSTIRAL  LAYOUT"
CON-IND-2026-437,"DANTATA INDUSTIRAL  LAYOUT"
CON-IND-2026-438,"DANTATA INDUSTIRAL  LAYOUT"
CON-IND-2026-439,"DANTATA INDUSTIRAL  LAYOUT"
CON-IND-2026-44,"AMANI SAID"
CON-IND-2026-440,"DANTATA INDUSTIRAL  LAYOUT"
CON-IND-2026-441,"DANTATA INDUSTIRAL  LAYOUT"
CON-IND-2026-442,"DANTATA INDUSTIRAL  LAYOUT"
CON-IND-2026-443,"DANTATA INDUSTIRAL  LAYOUT"
CON-IND-2026-444,"DANTATA INDUSTIRAL  LAYOUT"
CON-IND-2026-445,"DANTATA INDUSTIRAL  LAYOUT"
CON-IND-2026-446,"DANTATA INDUSTIRAL  LAYOUT"
CON-IND-2026-447,"DANTATA INDUSTIRAL  LAYOUT"
CON-IND-2026-448,"DANTATA INDUSTIRAL  LAYOUT"
CON-IND-2026-449,"DANTATA INDUSTIRAL  LAYOUT"
CON-IND-2026-45,"A A KURA ALLIED VENTURE LIMITED"
CON-IND-2026-450,"DANTATA INDUSTIRAL  LAYOUT"
CON-IND-2026-451,"DANTATA INDUSTIRAL  LAYOUT"
CON-IND-2026-452,"DANTATA INDUSTIRAL  LAYOUT"
CON-IND-2026-453,"DANTATA INDUSTIRAL  LAYOUT"
CON-IND-2026-454,"DANTATA INDUSTIRAL  LAYOUT"
CON-IND-2026-455,"DANTATA INDUSTIRAL  LAYOUT"
CON-IND-2026-456,"DANTATA INDUSTIRAL  LAYOUT"
CON-IND-2026-457,"DANTATA INDUSTIRAL  LAYOUT"
CON-IND-2026-458,"DANTATA INDUSTIRAL  LAYOUT"
CON-IND-2026-459,"DANTATA INDUSTIRAL  LAYOUT"
CON-IND-2026-46,"MANNAS ESTATE DEVELOPMENT LTD"
CON-IND-2026-460,"DANTATA INDUSTIRAL  LAYOUT"
CON-IND-2026-461,"DANTATA INDUSTIRAL  LAYOUT"
CON-IND-2026-462,"DANTATA INDUSTIRAL  LAYOUT"
CON-IND-2026-463,"DANTATA INDUSTIRAL  LAYOUT"
CON-IND-2026-464,"DANTATA INDUSTIRAL  LAYOUT"
CON-IND-2026-465,"DANTATA INDUSTIRAL  LAYOUT"
CON-IND-2026-466,"DANTATA INDUSTIRAL  LAYOUT"
CON-IND-2026-467,"DANTATA INDUSTIRAL  LAYOUT"
CON-IND-2026-468,"DANTATA INDUSTIRAL  LAYOUT"
CON-IND-2026-469,"DANTATA INDUSTIRAL  LAYOUT"
CON-IND-2026-47,"VIDA BUILDING MATERIALS INDUSTRY NIGERIA LTD"
CON-IND-2026-470,"DANTATA INDUSTIRAL  LAYOUT"
CON-IND-2026-471,"DANTATA INDUSTIRAL  LAYOUT"
CON-IND-2026-472,"DANTATA INDUSTIRAL  LAYOUT"
CON-IND-2026-473,"DANTATA INDUSTIRAL  LAYOUT"
CON-IND-2026-474,"DANTATA INDUSTIRAL  LAYOUT"
CON-IND-2026-475,"DANTATA INDUSTIRAL  LAYOUT"
CON-IND-2026-476,"DANTATA INDUSTIRAL  LAYOUT"
CON-IND-2026-477,"DANTATA INDUSTIRAL  LAYOUT"
CON-IND-2026-478,"DANTATA INDUSTIRAL  LAYOUT"
CON-IND-2026-479,"DANTATA INDUSTIRAL  LAYOUT"
CON-IND-2026-48,"RONGSHENGDA COMPANY LTD"
CON-IND-2026-480,"DANTATA INDUSTIRAL  LAYOUT"
CON-IND-2026-481,"DANTATA INDUSTIRAL  LAYOUT"
CON-IND-2026-482,"DANTATA INDUSTIRAL  LAYOUT"
CON-IND-2026-483,"DANTATA INDUSTIRAL  LAYOUT"
CON-IND-2026-484,"DANTATA INDUSTIRAL  LAYOUT"
CON-IND-2026-485,"DANTATA INDUSTIRAL  LAYOUT"
CON-IND-2026-486,"DANTATA INDUSTIRAL  LAYOUT"
CON-IND-2026-487,"DANTATA INDUSTIRAL  LAYOUT"
CON-IND-2026-488,"DANTATA INDUSTIRAL  LAYOUT"
CON-IND-2026-489,"DANTATA INDUSTIRAL  LAYOUT"
CON-IND-2026-49,"DILIXING INDUSTRY NIG LTD"
CON-IND-2026-490,"DANTATA INDUSTIRAL  LAYOUT"
CON-IND-2026-491,"DANTATA INDUSTIRAL  LAYOUT"
CON-IND-2026-492,"DANTATA INDUSTIRAL  LAYOUT"
CON-IND-2026-493,"DANTATA INDUSTIRAL  LAYOUT"
CON-IND-2026-494,"DANTATA INDUSTIRAL  LAYOUT"
CON-IND-2026-495,"DANTATA INDUSTIRAL  LAYOUT"
CON-IND-2026-496,"DANTATA INDUSTIRAL  LAYOUT"
CON-IND-2026-497,"DANTATA INDUSTIRAL  LAYOUT"
CON-IND-2026-498,"DANTATA INDUSTIRAL  LAYOUT"
CON-IND-2026-499,"DANTATA INDUSTIRAL  LAYOUT"
CON-IND-2026-5,"L P BUSINESS SERVICE LTD"
CON-IND-2026-50,"HENGCHANGYUAN INDUSTRY NIGERIA LTD"
CON-IND-2026-500,"DANTATA INDUSTIRAL  LAYOUT"
CON-IND-2026-501,"DANTATA INDUSTIRAL  LAYOUT"
CON-IND-2026-502,"DANTATA INDUSTIRAL  LAYOUT"
CON-IND-2026-503,"DANTATA INDUSTIRAL  LAYOUT"
CON-IND-2026-504,"DANTATA INDUSTIRAL  LAYOUT"
CON-IND-2026-505,"DANTATA INDUSTIRAL  LAYOUT"
CON-IND-2026-506,"DANTATA INDUSTIRAL  LAYOUT"
CON-IND-2026-507,"DANTATA INDUSTIRAL  LAYOUT"
CON-IND-2026-508,"DANTATA INDUSTIRAL  LAYOUT"
CON-IND-2026-509,"DANTATA INDUSTIRAL  LAYOUT"
CON-IND-2026-51,"NORD LITHIUM INDUSTRIAL METALS LTD"
CON-IND-2026-510,"DANTATA INDUSTIRAL  LAYOUT"
CON-IND-2026-511,"DANTATA INDUSTIRAL  LAYOUT"
CON-IND-2026-512,"DANTATA INDUSTIRAL  LAYOUT"
CON-IND-2026-513,"DANTATA INDUSTIRAL  LAYOUT"
CON-IND-2026-514,"DANTATA INDUSTIRAL  LAYOUT"
CON-IND-2026-515,"DANTATA INDUSTIRAL  LAYOUT"
CON-IND-2026-516,"DANTATA INDUSTIRAL  LAYOUT"
CON-IND-2026-517,"DANTATA INDUSTIRAL  LAYOUT"
CON-IND-2026-518,"DANTATA INDUSTIRAL  LAYOUT"
CON-IND-2026-519,"DANTATA INDUSTIRAL  LAYOUT"
CON-IND-2026-52,"ALH SABIU MUSA AWALA USMAN"
CON-IND-2026-520,"DANTATA INDUSTIRAL  LAYOUT"
CON-IND-2026-521,"DANTATA INDUSTIRAL  LAYOUT"
CON-IND-2026-522,"DANTATA INDUSTIRAL  LAYOUT"
CON-IND-2026-523,"DANTATA INDUSTIRAL  LAYOUT"
CON-IND-2026-524,"DANTATA INDUSTIRAL  LAYOUT"
CON-IND-2026-525,"DANTATA INDUSTIRAL  LAYOUT"
CON-IND-2026-526,"DANTATA INDUSTIRAL  LAYOUT"
CON-IND-2026-527,"DANTATA INDUSTIRAL  LAYOUT"
CON-IND-2026-528,"DANTATA INDUSTIRAL  LAYOUT"
CON-IND-2026-529,"DANTATA INDUSTIRAL  LAYOUT"
CON-IND-2026-53,"SANI BALA RABIU"
CON-IND-2026-530,"DANTATA INDUSTIRAL  LAYOUT"
CON-IND-2026-531,"DANTATA INDUSTIRAL  LAYOUT"
CON-IND-2026-532,"DANTATA INDUSTIRAL  LAYOUT"
CON-IND-2026-533,"DANTATA INDUSTIRAL  LAYOUT"
CON-IND-2026-534,"DANTATA INDUSTIRAL  LAYOUT"
CON-IND-2026-535,"DANTATA INDUSTIRAL  LAYOUT"
CON-IND-2026-536,"DANTATA INDUSTIRAL  LAYOUT"
CON-IND-2026-537,"DANTATA INDUSTIRAL  LAYOUT"
CON-IND-2026-538,"DANTATA INDUSTIRAL  LAYOUT"
CON-IND-2026-539,"DANTATA INDUSTIRAL  LAYOUT"
CON-IND-2026-54,"SANI BALA RABIU"
CON-IND-2026-540,"DANTATA INDUSTIRAL  LAYOUT"
CON-IND-2026-541,"DANTATA INDUSTIRAL  LAYOUT"
CON-IND-2026-542,"DANTATA INDUSTIRAL  LAYOUT"
CON-IND-2026-543,"DANTATA INDUSTIRAL  LAYOUT"
CON-IND-2026-544,"DANTATA INDUSTIRAL  LAYOUT"
CON-IND-2026-545,"DANTATA INDUSTIRAL  LAYOUT"
CON-IND-2026-546,"DANTATA INDUSTIRAL  LAYOUT"
CON-IND-2026-547,"DANTATA INDUSTIRAL  LAYOUT"
CON-IND-2026-548,"DANTATA INDUSTIRAL  LAYOUT"
CON-IND-2026-549,"DANTATA INDUSTIRAL  LAYOUT"
CON-IND-2026-55,"JINYUAN RECYCLING RESOURCES"
CON-IND-2026-550,"DANTATA INDUSTIRAL  LAYOUT"
CON-IND-2026-551,"DANTATA INDUSTIRAL  LAYOUT"
CON-IND-2026-552,"DANTATA INDUSTIRAL  LAYOUT"
CON-IND-2026-553,"DANTATA INDUSTIRAL  LAYOUT"
CON-IND-2026-554,"DANTATA INDUSTIRAL  LAYOUT"
CON-IND-2026-555,"DANTATA INDUSTIRAL  LAYOUT"
CON-IND-2026-556,"DANTATA INDUSTIRAL  LAYOUT"
CON-IND-2026-557,"DANTATA INDUSTIRAL  LAYOUT"
CON-IND-2026-558,"DANTATA INDUSTIRAL  LAYOUT"
CON-IND-2026-559,"DANTATA INDUSTIRAL  LAYOUT"
CON-IND-2026-56,"VIVA METAL & PLASTIC IND LIMITED"
CON-IND-2026-560,"DANTATA INDUSTIRAL  LAYOUT"
CON-IND-2026-561,"DANTATA INDUSTIRAL  LAYOUT"
CON-IND-2026-562,"DANTATA INDUSTIRAL  LAYOUT"
CON-IND-2026-563,"DANTATA INDUSTIRAL  LAYOUT"
CON-IND-2026-564,"DANTATA INDUSTIRAL  LAYOUT"
CON-IND-2026-565,"DANTATA INDUSTIRAL  LAYOUT"
CON-IND-2026-566,"DANTATA INDUSTIRAL  LAYOUT"
CON-IND-2026-567,"DANTATA INDUSTIRAL  LAYOUT"
CON-IND-2026-568,"DANTATA INDUSTIRAL  LAYOUT"
CON-IND-2026-569,"DANTATA INDUSTIRAL  LAYOUT"
CON-IND-2026-57,"FAMOUS TPC SIBLINGS INTERNATIONAL COMPANY LTD"
CON-IND-2026-570,"DANTATA INDUSTIRAL  LAYOUT"
CON-IND-2026-571,"DANTATA INDUSTIRAL  LAYOUT"
CON-IND-2026-572,"DANTATA INDUSTIRAL  LAYOUT"
CON-IND-2026-573,"DANTATA INDUSTIRAL  LAYOUT"
CON-IND-2026-574,"DANTATA INDUSTIRAL  LAYOUT"
CON-IND-2026-575,"DANTATA INDUSTIRAL  LAYOUT"
CON-IND-2026-576,"DANTATA INDUSTIRAL  LAYOUT"
CON-IND-2026-577,"DANTATA INDUSTIRAL  LAYOUT"
CON-IND-2026-578,"DANTATA INDUSTIRAL  LAYOUT"
CON-IND-2026-579,"DANTATA INDUSTIRAL  LAYOUT"
CON-IND-2026-58,"FAMOUS TPC SIBLINGS INTERNATIONAL COMPANY LTD"
CON-IND-2026-580,"DANTATA INDUSTIRAL  LAYOUT"
CON-IND-2026-581,"DANTATA INDUSTIRAL  LAYOUT"
CON-IND-2026-582,"DANTATA INDUSTIRAL  LAYOUT"
CON-IND-2026-583,"DANTATA INDUSTIRAL  LAYOUT"
CON-IND-2026-584,"DANTATA INDUSTIRAL  LAYOUT"
CON-IND-2026-585,"DANTATA INDUSTIRAL  LAYOUT"
CON-IND-2026-586,"DANTATA INDUSTIRAL  LAYOUT"
CON-IND-2026-587,"DANTATA INDUSTIRAL  LAYOUT"
CON-IND-2026-588,"DANTATA INDUSTIRAL  LAYOUT"
CON-IND-2026-589,"DANTATA INDUSTIRAL  LAYOUT"
CON-IND-2026-59,"FAMOUS TPC SIBLINGS INTERNATIONAL COMPANY LTD"
CON-IND-2026-590,"DANTATA INDUSTIRAL  LAYOUT"
CON-IND-2026-591,"DANTATA INDUSTIRAL  LAYOUT"
CON-IND-2026-592,"DANTATA INDUSTIRAL  LAYOUT"
CON-IND-2026-593,"DANTATA INDUSTIRAL  LAYOUT"
CON-IND-2026-594,"DANTATA INDUSTIRAL  LAYOUT"
CON-IND-2026-595,"DANTATA INDUSTIRAL  LAYOUT"
CON-IND-2026-596,"DANTATA INDUSTIRAL  LAYOUT"
CON-IND-2026-597,"DANTATA INDUSTIRAL  LAYOUT"
CON-IND-2026-598,"DANTATA INDUSTIRAL  LAYOUT"
CON-IND-2026-599,"DANTATA INDUSTIRAL  LAYOUT"
CON-IND-2026-6,"MINDVALLEY NIG LTD"
CON-IND-2026-60,"FAMOUS TPC SIBLINGS INTERNATIONAL COMPANY LTD"
CON-IND-2026-600,"DANTATA INDUSTIRAL  LAYOUT"
CON-IND-2026-601,"DANTATA INDUSTIRAL  LAYOUT"
CON-IND-2026-602,"DANTATA INDUSTIRAL  LAYOUT"
CON-IND-2026-603,"DANTATA INDUSTIRAL  LAYOUT"
CON-IND-2026-604,"DANTATA INDUSTIRAL  LAYOUT"
CON-IND-2026-605,"DANTATA INDUSTIRAL  LAYOUT"
CON-IND-2026-606,"DANTATA INDUSTIRAL  LAYOUT"
CON-IND-2026-607,"DANTATA INDUSTIRAL  LAYOUT"
CON-IND-2026-608,"DANTATA INDUSTIRAL  LAYOUT"
CON-IND-2026-609,"DANTATA INDUSTIRAL  LAYOUT"
CON-IND-2026-61,"ABJAR AGRICULTURAL PROCESSING NIG LTD"
CON-IND-2026-610,"DANTATA INDUSTIRAL  LAYOUT"
CON-IND-2026-611,"DANTATA INDUSTIRAL  LAYOUT"
CON-IND-2026-612,"DANTATA INDUSTIRAL  LAYOUT"
CON-IND-2026-613,"DANTATA INDUSTIRAL  LAYOUT"
CON-IND-2026-614,"DANTATA INDUSTIRAL  LAYOUT"
CON-IND-2026-615,"DANTATA INDUSTIRAL  LAYOUT"
CON-IND-2026-616,"DANTATA INDUSTIRAL  LAYOUT"
CON-IND-2026-617,"DANTATA INDUSTIRAL  LAYOUT"
CON-IND-2026-618,"DANTATA INDUSTIRAL  LAYOUT"
CON-IND-2026-619,"DANTATA INDUSTIRAL  LAYOUT"
CON-IND-2026-62,"MUSA SANI"
CON-IND-2026-620,"DANTATA INDUSTIRAL  LAYOUT"
CON-IND-2026-621,"DANTATA INDUSTIRAL  LAYOUT"
CON-IND-2026-622,"DANTATA INDUSTIRAL  LAYOUT"
CON-IND-2026-623,"DANTATA INDUSTIRAL  LAYOUT"
CON-IND-2026-624,"DANTATA INDUSTIRAL  LAYOUT"
CON-IND-2026-625,"DANTATA INDUSTIRAL  LAYOUT"
CON-IND-2026-626,"DANTATA INDUSTIRAL  LAYOUT"
CON-IND-2026-627,"DANTATA INDUSTIRAL  LAYOUT"
CON-IND-2026-628,"DANTATA INDUSTIRAL  LAYOUT"
CON-IND-2026-629,"DANTATA INDUSTIRAL  LAYOUT"
CON-IND-2026-63,"FRANCOIS ASSAD AKLE"
CON-IND-2026-630,"DANTATA INDUSTIRAL  LAYOUT"
CON-IND-2026-631,"DANTATA INDUSTIRAL  LAYOUT"
CON-IND-2026-632,"DANTATA INDUSTIRAL  LAYOUT"
CON-IND-2026-633,"DANTATA INDUSTIRAL  LAYOUT"
CON-IND-2026-634,"DANTATA INDUSTIRAL  LAYOUT"
CON-IND-2026-635,"DANTATA INDUSTIRAL  LAYOUT"
CON-IND-2026-636,"DANTATA INDUSTIRAL  LAYOUT"
CON-IND-2026-637,"DANTATA INDUSTIRAL  LAYOUT"
CON-IND-2026-638,"DANTATA INDUSTIRAL  LAYOUT"
CON-IND-2026-639,"DANTATA INDUSTIRAL  LAYOUT"
CON-IND-2026-64,"MAGENTA ECOLINKS AND INVESTMENT LIMITED"
CON-IND-2026-640,"DANTATA INDUSTIRAL  LAYOUT"
CON-IND-2026-641,"DANTATA INDUSTIRAL  LAYOUT"
CON-IND-2026-642,"DANTATA INDUSTIRAL  LAYOUT"
CON-IND-2026-643,"DANTATA INDUSTIRAL  LAYOUT"
CON-IND-2026-644,"DANTATA INDUSTIRAL  LAYOUT"
CON-IND-2026-645,"DANTATA INDUSTIRAL  LAYOUT"
CON-IND-2026-646,"DANTATA INDUSTIRAL  LAYOUT"
CON-IND-2026-647,"DANTATA INDUSTIRAL  LAYOUT"
CON-IND-2026-648,"DANTATA INDUSTIRAL  LAYOUT"
CON-IND-2026-649,"DANTATA INDUSTIRAL  LAYOUT"
CON-IND-2026-65,"MAGENTA ECOLINKS AND INVESTMENT LIMITED"
CON-IND-2026-650,"DANTATA INDUSTIRAL  LAYOUT"
CON-IND-2026-651,"DANTATA INDUSTIRAL  LAYOUT"
CON-IND-2026-652,"DANTATA INDUSTIRAL  LAYOUT"
CON-IND-2026-653,"DANTATA INDUSTIRAL  LAYOUT"
CON-IND-2026-654,"DANTATA INDUSTIRAL  LAYOUT"
CON-IND-2026-655,"DANTATA INDUSTIRAL  LAYOUT"
CON-IND-2026-656,"DANTATA INDUSTIRAL  LAYOUT"
CON-IND-2026-657,"DANTATA INDUSTIRAL  LAYOUT"
CON-IND-2026-658,"DANTATA INDUSTIRAL  LAYOUT"
CON-IND-2026-659,"DANTATA INDUSTIRAL  LAYOUT"
CON-IND-2026-66,"MAGENTA ECOLINKS AND INVESTMENT LIMITED"
CON-IND-2026-660,"DANTATA INDUSTIRAL  LAYOUT"
CON-IND-2026-661,"DANTATA INDUSTIRAL  LAYOUT"
CON-IND-2026-662,"DANTATA INDUSTIRAL  LAYOUT"
CON-IND-2026-663,"DANTATA INDUSTIRAL  LAYOUT"
CON-IND-2026-664,"DANTATA INDUSTIRAL  LAYOUT"
CON-IND-2026-665,"DANTATA INDUSTIRAL  LAYOUT"
CON-IND-2026-666,"DANTATA INDUSTIRAL  LAYOUT"
CON-IND-2026-667,"DANTATA INDUSTIRAL  LAYOUT"
CON-IND-2026-668,"DANTATA INDUSTIRAL  LAYOUT"
CON-IND-2026-669,"DANTATA INDUSTIRAL  LAYOUT"
CON-IND-2026-67,"MAGENTA ECOLINKS AND INVESTMENT LIMITED"
CON-IND-2026-670,"DANTATA INDUSTIRAL  LAYOUT"
CON-IND-2026-671,"DANTATA INDUSTIRAL  LAYOUT"
CON-IND-2026-672,"DANTATA INDUSTIRAL  LAYOUT"
CON-IND-2026-673,"DANTATA INDUSTIRAL  LAYOUT"
CON-IND-2026-674,"DANTATA INDUSTIRAL  LAYOUT"
CON-IND-2026-675,"DANTATA INDUSTIRAL  LAYOUT"
CON-IND-2026-676,"DANTATA INDUSTIRAL  LAYOUT"
CON-IND-2026-677,"DANTATA INDUSTIRAL  LAYOUT"
CON-IND-2026-678,"DANTATA INDUSTIRAL  LAYOUT"
CON-IND-2026-679,"DANTATA INDUSTIRAL  LAYOUT"
CON-IND-2026-68,"MAGENTA ECOLINKS AND INVESTMENT LIMITED"
CON-IND-2026-680,"DANTATA INDUSTIRAL  LAYOUT"
CON-IND-2026-681,"DANTATA INDUSTIRAL  LAYOUT"
CON-IND-2026-682,"DANTATA INDUSTIRAL  LAYOUT"
CON-IND-2026-683,"DANTATA INDUSTIRAL  LAYOUT"
CON-IND-2026-684,"DANTATA INDUSTIRAL  LAYOUT"
CON-IND-2026-685,"DANTATA INDUSTIRAL  LAYOUT"
CON-IND-2026-686,"DANTATA INDUSTIRAL  LAYOUT"
CON-IND-2026-687,"DANTATA INDUSTIRAL  LAYOUT"
CON-IND-2026-688,"DANTATA INDUSTIRAL  LAYOUT"
CON-IND-2026-689,"DANTATA INDUSTIRAL  LAYOUT"
CON-IND-2026-69,"MAGENTA ECOLINKS AND INVESTMENT LIMITED"
CON-IND-2026-690,"DANTATA INDUSTIRAL  LAYOUT"
CON-IND-2026-691,"DANTATA INDUSTIRAL  LAYOUT"
CON-IND-2026-692,"DANTATA INDUSTIRAL  LAYOUT"
CON-IND-2026-693,"DANTATA INDUSTIRAL  LAYOUT"
CON-IND-2026-694,"DANTATA INDUSTIRAL  LAYOUT"
CON-IND-2026-695,"DANTATA INDUSTIRAL  LAYOUT"
CON-IND-2026-696,"DANTATA INDUSTIRAL  LAYOUT"
CON-IND-2026-697,"DANTATA INDUSTIRAL  LAYOUT"
CON-IND-2026-698,"DANTATA INDUSTIRAL  LAYOUT"
CON-IND-2026-699,"DANTATA INDUSTIRAL  LAYOUT"
CON-IND-2026-7,"GAS CONSULT & GEOMATICIAN SERVICE LTD"
CON-IND-2026-70,"MAGENTA ECOLINKS AND INVESTMENT LIMITED"
CON-IND-2026-700,"DANTATA INDUSTIRAL  LAYOUT"
CON-IND-2026-701,"DANTATA INDUSTIRAL  LAYOUT"
CON-IND-2026-702,"DANTATA INDUSTIRAL  LAYOUT"
CON-IND-2026-703,"DANTATA INDUSTIRAL  LAYOUT"
CON-IND-2026-704,"DANTATA INDUSTIRAL  LAYOUT"
CON-IND-2026-705,"DANTATA INDUSTIRAL  LAYOUT"
CON-IND-2026-706,"DANTATA INDUSTIRAL  LAYOUT"
CON-IND-2026-707,"DANTATA INDUSTIRAL  LAYOUT"
CON-IND-2026-708,"DANTATA INDUSTIRAL  LAYOUT"
CON-IND-2026-709,"DANTATA INDUSTIRAL  LAYOUT"
CON-IND-2026-71,"MAGENTA ECOLINKS AND INVESTMENT LIMITED"
CON-IND-2026-710,"DANTATA INDUSTIRAL  LAYOUT"
CON-IND-2026-711,"DANTATA INDUSTIRAL  LAYOUT"
CON-IND-2026-712,"DANTATA INDUSTIRAL  LAYOUT"
CON-IND-2026-713,"DANTATA INDUSTIRAL  LAYOUT"
CON-IND-2026-714,"DANTATA INDUSTIRAL  LAYOUT"
CON-IND-2026-715,"DANTATA INDUSTIRAL  LAYOUT"
CON-IND-2026-716,"DANTATA INDUSTIRAL  LAYOUT"
CON-IND-2026-717,"DANTATA INDUSTIRAL  LAYOUT"
CON-IND-2026-718,"DANTATA INDUSTIRAL  LAYOUT"
CON-IND-2026-719,"DANTATA INDUSTIRAL  LAYOUT"
CON-IND-2026-72,"MAGENTA ECOLINKS AND INVESTMENT LIMITED"
CON-IND-2026-720,"DANTATA INDUSTIRAL  LAYOUT"
CON-IND-2026-721,"DANTATA INDUSTIRAL  LAYOUT"
CON-IND-2026-722,"DANTATA INDUSTIRAL  LAYOUT"
CON-IND-2026-723,"DANTATA INDUSTIRAL  LAYOUT"
CON-IND-2026-724,"DANTATA INDUSTIRAL  LAYOUT"
CON-IND-2026-725,"DANTATA INDUSTIRAL  LAYOUT"
CON-IND-2026-726,"DANTATA INDUSTIRAL  LAYOUT"
CON-IND-2026-727,"DANTATA INDUSTIRAL  LAYOUT"
CON-IND-2026-728,"DANTATA INDUSTIRAL  LAYOUT"
CON-IND-2026-729,"DANTATA INDUSTIRAL  LAYOUT"
CON-IND-2026-73,"MAGENTA ECOLINKS AND INVESTMENT LIMITED"
CON-IND-2026-730,"DANTATA INDUSTIRAL  LAYOUT"
CON-IND-2026-731,"DANTATA INDUSTIRAL  LAYOUT"
CON-IND-2026-732,"DANTATA INDUSTIRAL  LAYOUT"
CON-IND-2026-733,"DANTATA INDUSTIRAL  LAYOUT"
CON-IND-2026-734,"DANTATA INDUSTIRAL  LAYOUT"
CON-IND-2026-735,"DANTATA INDUSTIRAL  LAYOUT"
CON-IND-2026-736,"DANTATA INDUSTIRAL  LAYOUT"
CON-IND-2026-737,"DANTATA INDUSTIRAL  LAYOUT"
CON-IND-2026-738,"DANTATA INDUSTIRAL  LAYOUT"
CON-IND-2026-739,"DANTATA INDUSTIRAL  LAYOUT"
CON-IND-2026-74,"MAGENTA ECOLINKS AND INVESTMENT LIMITED"
CON-IND-2026-740,"DANTATA INDUSTIRAL  LAYOUT"
CON-IND-2026-741,"DANTATA INDUSTIRAL  LAYOUT"
CON-IND-2026-742,"DANTATA INDUSTIRAL  LAYOUT"
CON-IND-2026-743,"DANTATA INDUSTIRAL  LAYOUT"
CON-IND-2026-744,"DANTATA INDUSTIRAL  LAYOUT"
CON-IND-2026-745,"DANTATA INDUSTIRAL  LAYOUT"
CON-IND-2026-746,"DANTATA INDUSTIRAL  LAYOUT"
CON-IND-2026-747,"DANTATA INDUSTIRAL  LAYOUT"
CON-IND-2026-748,"DANTATA INDUSTIRAL  LAYOUT"
CON-IND-2026-749,"DANTATA INDUSTIRAL  LAYOUT"
CON-IND-2026-75,"MAGENTA ECOLINKS AND INVESTMENT LIMITED"
CON-IND-2026-750,"DANTATA INDUSTIRAL  LAYOUT"
CON-IND-2026-751,"DANTATA INDUSTIRAL  LAYOUT"
CON-IND-2026-752,"DANTATA INDUSTIRAL  LAYOUT"
CON-IND-2026-753,"DANTATA INDUSTIRAL  LAYOUT"
CON-IND-2026-754,"DANTATA INDUSTIRAL  LAYOUT"
CON-IND-2026-755,"DANTATA INDUSTIRAL  LAYOUT"
CON-IND-2026-756,"DANTATA INDUSTIRAL  LAYOUT"
CON-IND-2026-757,"DANTATA INDUSTIRAL  LAYOUT"
CON-IND-2026-758,"DANTATA INDUSTIRAL  LAYOUT"
CON-IND-2026-759,"DANTATA INDUSTIRAL  LAYOUT"
CON-IND-2026-76,"MAGENTA ECOLINKS AND INVESTMENT LIMITED"
CON-IND-2026-760,"DANTATA INDUSTIRAL  LAYOUT"
CON-IND-2026-761,"DANTATA INDUSTIRAL  LAYOUT"
CON-IND-2026-762,"DANTATA INDUSTIRAL  LAYOUT"
CON-IND-2026-763,"DANTATA INDUSTIRAL  LAYOUT"
CON-IND-2026-764,"DANTATA INDUSTIRAL  LAYOUT"
CON-IND-2026-765,"DANTATA INDUSTIRAL  LAYOUT"
CON-IND-2026-766,"DANTATA INDUSTIRAL  LAYOUT"
CON-IND-2026-767,"DANTATA INDUSTIRAL  LAYOUT"
CON-IND-2026-768,"DANTATA INDUSTIRAL  LAYOUT"
CON-IND-2026-769,"DANTATA INDUSTIRAL  LAYOUT"
CON-IND-2026-77,"MAGENTA ECOLINKS AND INVESTMENT LIMITED"
CON-IND-2026-770,"DANTATA INDUSTIRAL  LAYOUT"
CON-IND-2026-771,"DANTATA INDUSTIRAL  LAYOUT"
CON-IND-2026-772,"DANTATA INDUSTIRAL  LAYOUT"
CON-IND-2026-773,"DANTATA INDUSTIRAL  LAYOUT"
CON-IND-2026-774,"DANTATA INDUSTIRAL  LAYOUT"
CON-IND-2026-775,"DANTATA INDUSTIRAL  LAYOUT"
CON-IND-2026-776,"DANTATA INDUSTIRAL  LAYOUT"
CON-IND-2026-777,"DANTATA INDUSTIRAL  LAYOUT"
CON-IND-2026-778,"DANTATA INDUSTIRAL  LAYOUT"
CON-IND-2026-779,"DANTATA INDUSTIRAL  LAYOUT"
CON-IND-2026-78,"MAGENTA ECOLINKS AND INVESTMENT LIMITED"
CON-IND-2026-780,"DANTATA INDUSTIRAL  LAYOUT"
CON-IND-2026-781,"DANTATA INDUSTIRAL  LAYOUT"
CON-IND-2026-782,"DANTATA INDUSTIRAL  LAYOUT"
CON-IND-2026-783,"DANTATA INDUSTIRAL  LAYOUT"
CON-IND-2026-784,"DANTATA INDUSTIRAL  LAYOUT"
CON-IND-2026-785,"DANTATA INDUSTIRAL  LAYOUT"
CON-IND-2026-786,"DANTATA INDUSTIRAL  LAYOUT"
CON-IND-2026-787,"DANTATA INDUSTIRAL  LAYOUT"
CON-IND-2026-788,"CHENGXINUAN INDUSTRY NIGERIA LTD"
CON-IND-2026-789,"VIDA BUILDING MATERIAL IND NIG LTD"
CON-IND-2026-79,"MAGENTA ECOLINKS AND INVESTMENT LIMITED"
CON-IND-2026-790,"CHENGXINUAN INDUSTRY NIGERIA LTD"
CON-IND-2026-791,"ANGIRASU RICE MILL NIGERIA LIMITED"
CON-IND-2026-792,"DANTATA INDUSTRIAL LAY OUT"
CON-IND-2026-793,"DANTATA INDUSTRIAL LAY OUT"
CON-IND-2026-794,"DANTATA INDUSTRIAL LAY OUT"
CON-IND-2026-795,"DANTATA INDUSTRIAL LAY OUT"
CON-IND-2026-796,"DANTATA INDUSTRIAL LAY OUT"
CON-IND-2026-797,"DANTATA INDUSTRIAL LAY OUT"
CON-IND-2026-798,"DANTATA INDUSTRIAL LAY OUT"
CON-IND-2026-799,"DANTATA INDUSTRIAL LAY OUT"
CON-IND-2026-8,"BASMA AGRIC PROCESSING LIMITED"
CON-IND-2026-80,"MAGENTA ECOLINKS AND INVESTMENT LIMITED"
CON-IND-2026-800,"DANTATA INDUSTRIAL LAY OUT"
CON-IND-2026-801,"DANTATA INDUSTRIAL LAY OUT"
CON-IND-2026-802,"JINRONG PACKAGING LIMITED"
CON-IND-2026-803,"JINRONG PACKAGING LIMITED"
CON-IND-2026-804,"JINRONG PACKAGING LIMITED"
CON-IND-2026-805,"GERAWA RICE MILL LIMITED"
CON-IND-2026-806,"NIPCO GAS LTD"
CON-IND-2026-807,"NIPCO GAS LTD"
CON-IND-2026-808,"NIPCO GAS LTD"
CON-IND-2026-809,"NIPCO GAS LTD"
CON-IND-2026-81,"MAGENTA ECOLINKS AND INVESTMENT LIMITED"
CON-IND-2026-810,"NIPCO GAS LTD"
CON-IND-2026-811,"FAS AGRO INDUSTRIAL CO. LTD"
CON-IND-2026-812,"PRIME BATH & LAUNDRY SOAP NIGERIA LIMITED"
CON-IND-2026-82,"MAGENTA ECOLINKS AND INVESTMENT LIMITED"
CON-IND-2026-83,"MAGENTA ECOLINKS AND INVESTMENT LIMITED"
CON-IND-2026-84,"MAGENTA ECOLINKS AND INVESTMENT LIMITED"
CON-IND-2026-85,"MAGENTA ECOLINKS AND INVESTMENT LIMITED"
CON-IND-2026-86,"MAGENTA ECOLINKS AND INVESTMENT LIMITED"
CON-IND-2026-87,"MAGENTA ECOLINKS AND INVESTMENT LIMITED"
CON-IND-2026-88,"MAGENTA ECOLINKS AND INVESTMENT LIMITED"
CON-IND-2026-89,"MAGENTA ECOLINKS AND INVESTMENT LIMITED"
CON-IND-2026-9,"KAMALU ABDULLAHI"
CON-IND-2026-90,"MAGENTA ECOLINKS AND INVESTMENT LIMITED"
CON-IND-2026-91,"MAGENTA ECOLINKS AND INVESTMENT LIMITED"
CON-IND-2026-92,"MAGENTA ECOLINKS AND INVESTMENT LIMITED"
CON-IND-2026-93,"MAGENTA ECOLINKS AND INVESTMENT LIMITED"
CON-IND-2026-94,"MAGENTA ECOLINKS AND INVESTMENT LIMITED"
CON-IND-2026-95,"MAGENTA ECOLINKS AND INVESTMENT LIMITED"
CON-IND-2026-96,"MAGENTA ECOLINKS AND INVESTMENT LIMITED"
CON-IND-2026-97,"MAGENTA ECOLINKS AND INVESTMENT LIMITED"
CON-IND-2026-98,"MAGENTA ECOLINKS AND INVESTMENT LIMITED"
CON-IND-2026-99,"MAGENTA ECOLINKS AND INVESTMENT LIMITED"
CON-RES-2011-2026,"DALA BUILDING SOCIETY PLC"
CON-RES-2021-2026,"BASHIR MUSA ABDULLAHI"
CON-RES-2026-100,"HASSAN SALISU ISMAIL"
CON-RES-2026-1000,"NASIRU AMINU AHMAD"
CON-RES-2026-1001,"NASIRU AMINU AHMAD"
CON-RES-2026-1002,"NASIRU AMINU AHMAD"
CON-RES-2026-1003,"NASIRU AMINU AHMAD"
CON-RES-2026-1004,"NASIRU AMINU AHMAD"
CON-RES-2026-1005,"NASIRU AMINU AHMAD"
CON-RES-2026-1006,"NASIRU AMINU AHMAD"
CON-RES-2026-1007,"NASIRU AMINU AHMAD"
CON-RES-2026-1008,"NASIRU AMINU AHMAD"
CON-RES-2026-1009,"NASIRU AMINU AHMAD"
CON-RES-2026-101,"HASSAN SALISU ISMAIL"
CON-RES-2026-1010,"NASIRU AMINU AHMAD"
CON-RES-2026-1011,"NASIRU AMINU AHMAD"
CON-RES-2026-1012,"NASIRU AMINU AHMAD"
CON-RES-2026-1013,"NASIRU AMINU AHMAD"
CON-RES-2026-1014,"NASIRU AMINU AHMAD"
CON-RES-2026-1015,"NASIRU AMINU AHMAD"
CON-RES-2026-1016,"NASIRU AMINU AHMAD"
CON-RES-2026-1017,"NASIRU AMINU AHMAD"
CON-RES-2026-1018,"NASIRU AMINU AHMAD"
CON-RES-2026-1019,"NASIRU AMINU AHMAD"
CON-RES-2026-102,"HASSAN SALISU ISMAIL"
CON-RES-2026-1020,"NASIRU AMINU AHMAD"
CON-RES-2026-1021,"NASIRU AMINU AHMAD"
CON-RES-2026-1022,"JIKANTITI NIGERIAN LTD"
CON-RES-2026-1023,"Mustapha  Sani"
CON-RES-2026-1024,"Obide Mary Rose Obiageli"
CON-RES-2026-1025,"Osundu Sunday"
CON-RES-2026-1026,"Hajiya Rakiya Sule"
CON-RES-2026-1027,"Horses Ventures Ltd"
CON-RES-2026-1028,"Musa Abdul razak Gora"
CON-RES-2026-1029,"Sammuel Amachi Odilinye"
CON-RES-2026-103,"HASSAN SALISU ISMAIL"
CON-RES-2026-1030,"Bashir Abdullahi Musa"
CON-RES-2026-1031,"Nura Mai Damask Nig Ltd"
CON-RES-2026-1032,"Nura Mai Damask Nig Ltd"
CON-RES-2026-1033,"Nura Mai Damask Nig Ltd"
CON-RES-2026-1034,"Nura Mai Damask Nig Ltd"
CON-RES-2026-1035,"SANI MUKADDAS"
CON-RES-2026-1036,"SANI MUKADDAS"
CON-RES-2026-1037,"Abdullahi sulaiman"
CON-RES-2026-1038,"ALHAJI  BELLO  GARBA JA'EN"
CON-RES-2026-1039,"ALHAJI  BELLO  GARBA JA'EN"
CON-RES-2026-104,"HASSAN SALISU ISMAIL"
CON-RES-2026-1040,"ALHAJI  BELLO  GARBA JA'EN"
CON-RES-2026-1041,"ALHAJI  BELLO  GARBA JA'EN"
CON-RES-2026-1042,"ALHAJI  BELLO  GARBA JA'EN"
CON-RES-2026-1043,"ALHAJI  BELLO  GARBA JA'EN"
CON-RES-2026-1044,"ALHAJI  BELLO  GARBA JA'EN"
CON-RES-2026-1045,"ALHAJI  BELLO  GARBA JA'EN"
CON-RES-2026-1046,"ALHAJI  BELLO  GARBA JA'EN"
CON-RES-2026-1047,"ALHAJI  BELLO  GARBA JA'EN"
CON-RES-2026-1048,"ALHAJI  BELLO  GARBA JA'EN"
CON-RES-2026-1049,"ALHAJI  BELLO  GARBA JA'EN"
CON-RES-2026-105,"HASSAN SALISU ISMAIL"
CON-RES-2026-1050,"ALHAJI  BELLO  GARBA JA'EN"
CON-RES-2026-1051,"ALHAJI  BELLO  GARBA JA'EN"
CON-RES-2026-1052,"ALHAJI  BELLO  GARBA JA'EN"
CON-RES-2026-1053,"ALHAJI  BELLO  GARBA JA'EN"
CON-RES-2026-1054,"ALHAJI  BELLO  GARBA JA'EN"
CON-RES-2026-1055,"ALHAJI  BELLO  GARBA JA'EN"
CON-RES-2026-1056,"ALHAJI  BELLO  GARBA JA'EN"
CON-RES-2026-1057,"ALHAJI  BELLO  GARBA JA'EN"
CON-RES-2026-1058,"ALHAJI  BELLO  GARBA JA'EN"
CON-RES-2026-1059,"ALHAJI  BELLO  GARBA JA'EN"
CON-RES-2026-106,"HASSAN SALISU ISMAIL"
CON-RES-2026-1060,"ALHAJI  BELLO  GARBA JA'EN"
CON-RES-2026-1061,"ALHAJI  BELLO  GARBA JA'EN"
CON-RES-2026-1062,"ALHAJI  BELLO  GARBA JA'EN"
CON-RES-2026-1063,"ALHAJI  BELLO  GARBA JA'EN"
CON-RES-2026-1064,"ALHAJI  BELLO  GARBA JA'EN"
CON-RES-2026-1065,"ALHAJI  BELLO  GARBA JA'EN"
CON-RES-2026-1066,"ALHAJI  BELLO  GARBA JA'EN"
CON-RES-2026-1067,"ALHAJI  BELLO  GARBA JA'EN"
CON-RES-2026-1068,"ALHAJI  BELLO  GARBA JA'EN"
CON-RES-2026-1069,"ALHAJI  BELLO  GARBA JA'EN"
CON-RES-2026-107,"HASSAN SALISU ISMAIL"
CON-RES-2026-1070,"ALHAJI  BELLO  GARBA JA'EN"
CON-RES-2026-1071,"ALHAJI  BELLO  GARBA JA'EN"
CON-RES-2026-1072,"ALHAJI  BELLO  GARBA JA'EN"
CON-RES-2026-1073,"ALHAJI  BELLO  GARBA JA'EN"
CON-RES-2026-1074,"ALHAJI  BELLO  GARBA JA'EN"
CON-RES-2026-1075,"ALHAJI  BELLO  GARBA JA'EN"
CON-RES-2026-1076,"ALHAJI  BELLO  GARBA JA'EN"
CON-RES-2026-1077,"ALHAJI  BELLO  GARBA JA'EN"
CON-RES-2026-1078,"ALHAJI  BELLO  GARBA JA'EN"
CON-RES-2026-1079,"ALHAJI  BELLO  GARBA JA'EN"
CON-RES-2026-108,"HASSAN SALISU ISMAIL"
CON-RES-2026-1080,"ALHAJI  BELLO  GARBA JA'EN"
CON-RES-2026-1081,"ALHAJI  BELLO  GARBA JA'EN"
CON-RES-2026-1082,"ALHAJI  BELLO  GARBA JA'EN"
CON-RES-2026-1083,"ALHAJI  BELLO  GARBA JA'EN"
CON-RES-2026-1084,"ALHAJI  BELLO  GARBA JA'EN"
CON-RES-2026-1085,"ALHAJI  BELLO  GARBA JA'EN"
CON-RES-2026-1086,"Fanaiye Olatunde"
CON-RES-2026-1087,"SAFIYYA MUSA AL HASSAN"
CON-RES-2026-1088,"Alh. shuaibu  Muhammad Dankwano"
CON-RES-2026-1089,"ADAMU GARBA"
CON-RES-2026-109,"HASSAN SALISU ISMAIL"
CON-RES-2026-1090,"Fahad Hamisu Ali"
CON-RES-2026-1091,"NASIRU AMINU AHMAD"
CON-RES-2026-1092,"NASIRU AMINU AHMAD"
CON-RES-2026-1093,"NASIRU AMINU AHMAD"
CON-RES-2026-1094,"NASIRU AMINU AHMAD"
CON-RES-2026-1095,"NASIRU AMINU AHMAD"
CON-RES-2026-1096,"NASIRU AMINU AHMAD"
CON-RES-2026-1097,"NASIRU AMINU AHMAD"
CON-RES-2026-1098,"NASIRU AMINU AHMAD"
CON-RES-2026-1099,"GEt-FUN DIGITAL NIGERIA LIMITED"
CON-RES-2026-110,"HASSAN SALISU ISMAIL"
CON-RES-2026-1100,"Alh. Salisu Ahmad"
CON-RES-2026-1101,"Alh. Salisu Ahmad"
CON-RES-2026-1102,"Alh. Salisu Ahmad"
CON-RES-2026-1103,"Alh. Salisu Ahmad"
CON-RES-2026-1104,"Alh. Salisu Ahmad"
CON-RES-2026-1105,"Alh. Bashir Magaji"
CON-RES-2026-1106,"Habibu Mustapha Umar"
CON-RES-2026-1107,"Fahad Magaji"
CON-RES-2026-1108,"ARYAN AREEF SMART HOME"
CON-RES-2026-1109,"Muhammad Inuwa Kabir"
CON-RES-2026-111,"HASSAN SALISU ISMAIL"
CON-RES-2026-1110,"RUMBU INDUSTRIES LIMITED"
CON-RES-2026-1111,"Idris Jimada Mohammed"
CON-RES-2026-1112,"Achonkwa k. Hyacinth"
CON-RES-2026-1113,"Naziru Ahmad Gwadabe & Abdullahi"
CON-RES-2026-1114,"Naziru Ahmad Gwadabe & Abdullahi"
CON-RES-2026-1115,"Mustapha Haruna"
CON-RES-2026-1116,"RAHMA BEKER"
CON-RES-2026-1117,"KICHIME EZEKEL SASHE"
CON-RES-2026-1118,"SULAIMAN ABDULLAHI SANI"
CON-RES-2026-1119,"Augustine Chukwuka Bkeka"
CON-RES-2026-112,"HASSAN SALISU ISMAIL"
CON-RES-2026-1120,"Abubakar Bello Arabi"
CON-RES-2026-1121,"Maniru Ibrahim"
CON-RES-2026-1122,"Suleiman  Ibrahim"
CON-RES-2026-1123,"BABANGIDA GARBA"
CON-RES-2026-1124,"Idris Saminu Yusuf"
CON-RES-2026-1125,"Yusuf Seed"
CON-RES-2026-1126,"Ibrahim Muhd Bello"
CON-RES-2026-1127,"Magaji Ahamad"
CON-RES-2026-1128,"Saidu isa"
CON-RES-2026-1129,"Suleiman Idris Sani"
CON-RES-2026-113,"HASSAN SALISU ISMAIL"
CON-RES-2026-1130,"Samanu Yusuf"
CON-RES-2026-1131,"Jamilu  Sani"
CON-RES-2026-1132,"Abdurrahman Lawan"
CON-RES-2026-1133,"Alhaji Bello Garba Ja'en"
CON-RES-2026-1134,"Abdulkadir Usman"
CON-RES-2026-1135,"Hafizu Poutry Drugs"
CON-RES-2026-1136,"Ibrahim Goni Sanda"
CON-RES-2026-1137,"Yahuza Mustapha Imam"
CON-RES-2026-1138,"Fareedah Muhammad"
CON-RES-2026-1139,"Akabugo Fredrick C."
CON-RES-2026-114,"HASSAN SALISU ISMAIL"
CON-RES-2026-1140,"Luke Ode"
CON-RES-2026-1141,"Yunusa isah Adaji"
CON-RES-2026-1142,"Prince Jeff Ezenduka"
CON-RES-2026-1143,"Narisu Garba"
CON-RES-2026-1144,"Jamilu Garba"
CON-RES-2026-1145,"Musa Isa"
CON-RES-2026-1146,"Isyaku Samunu"
CON-RES-2026-1147,"Isya ismail"
CON-RES-2026-1148,"Idris Samunu Yusuf"
CON-RES-2026-1149,"Ibrahim Mohammed Bello"
CON-RES-2026-115,"HASSAN SALISU ISMAIL"
CON-RES-2026-1150,"Yakubu Salisu"
CON-RES-2026-1151,"Yusuf Seed"
CON-RES-2026-1152,"Umar Yusuf"
CON-RES-2026-1153,"Umar Yusuf"
CON-RES-2026-1154,"Maniru Ibrahim"
CON-RES-2026-1155,"Nura Musa"
CON-RES-2026-1156,"Umar Yusuf"
CON-RES-2026-1157,"Sulieman Idris Sani"
CON-RES-2026-1158,"Yakubu Salisu"
CON-RES-2026-1159,"Saidu isah"
CON-RES-2026-116,"HASSAN SALISU ISMAIL"
CON-RES-2026-1160,"Babangida Garba"
CON-RES-2026-1161,"Shaibu Abubakar"
CON-RES-2026-1162,"Sulieman Ibrahim"
CON-RES-2026-1163,"Magaji Ahamad"
CON-RES-2026-1164,"Ibrahim Mohammed Bello"
CON-RES-2026-1165,"Yakubu Salisu"
CON-RES-2026-1166,"Umar Yusuf"
CON-RES-2026-1167,"Shehu Umar Garko"
CON-RES-2026-1168,"Rumbu Industries limited"
CON-RES-2026-1169,"Ibrahim Ahmad"
CON-RES-2026-117,"HASSAN SALISU ISMAIL"
CON-RES-2026-1170,"Ahmad Mahmoud Inuwa"
CON-RES-2026-1171,"Ahmad Mahmoud Inuwa"
CON-RES-2026-1172,"Ahmad Mahmoud Inuwa"
CON-RES-2026-1173,"Ahmad Mahmoud Inuwa"
CON-RES-2026-1174,"Habibu yakubu Aliyu yakubu Muazu Yakubu"
CON-RES-2026-1175,"Ashiru & Dahiru"
CON-RES-2026-1176,"TASIU SADI"
CON-RES-2026-1177,"SARAKI FARMS LIMITED"
CON-RES-2026-1178,"ADAMU M. JAJERE"
CON-RES-2026-1179,"NWERE RAPHEL UCHENNA"
CON-RES-2026-118,"HASSAN SALISU ISMAIL"
CON-RES-2026-1180,"MURTALA ABDULLAHI"
CON-RES-2026-1181,"BASHIR MUHAMMAD"
CON-RES-2026-1182,"BASHIR MUHAMMAD"
CON-RES-2026-1183,"BASHIR MUHAMMAD"
CON-RES-2026-1184,"BASHIR MUHAMMAD"
CON-RES-2026-1185,"BASHIR MUHAMMAD"
CON-RES-2026-1186,"SHAFIU HUSSAINI IBRAHIM"
CON-RES-2026-1187,"CHERURIN AND SERAPHIM"
CON-RES-2026-1188,"ONWUKEME FABIAN C."
CON-RES-2026-1189,"AMINU RABIU YAHAYA"
CON-RES-2026-119,"HASSAN SALISU ISMAIL"
CON-RES-2026-1190,"AMINU RABIU YAHAYA"
CON-RES-2026-1191,"BASHIR LUKMAN"
CON-RES-2026-1192,"MOHAMMED KASSIM JEBARA"
CON-RES-2026-1193,"ZAINAB YAKUBU MOHAMMED"
CON-RES-2026-1194,"JOSEPH  OBAFEMI"
CON-RES-2026-1195,"EL-KHOURY FOUAD HANNA"
CON-RES-2026-1196,"NURA ABDULLAHI AHMAD"
CON-RES-2026-1197,"NURA ABDULLAHI DANGONGOLA"
CON-RES-2026-1198,"ADAM KHALIPHA ADAM"
CON-RES-2026-1199,"MALAM HUDU YAKUBU"
CON-RES-2026-120,"HASSAN SALISU ISMAIL"
CON-RES-2026-1200,"MALAM HUDU YAKUBU"
CON-RES-2026-1201,"AJI SALISU"
CON-RES-2026-1202,"IBRAHIM MUSA ABUBAKAR"
CON-RES-2026-1203,"ABDULHADI YAHYA ABDULLAHI"
CON-RES-2026-1204,"ABDULLAHI ALIYU"
CON-RES-2026-1205,"ABDULLAHI ALIYU"
CON-RES-2026-1206,"ABDULLAHI ALIYU"
CON-RES-2026-121,"HASSAN SALISU ISMAIL"
CON-RES-2026-122,"HASSAN SALISU ISMAIL"
CON-RES-2026-123,"HASSAN SALISU ISMAIL"
CON-RES-2026-124,"HASSAN SALISU ISMAIL"
CON-RES-2026-125,"HASSAN SALISU ISMAIL"
CON-RES-2026-126,"HASSAN SALISU ISMAIL"
CON-RES-2026-127,"HASSAN SALISU ISMAIL"
CON-RES-2026-128,"HASSAN SALISU ISMAIL"
CON-RES-2026-129,"HASSAN SALISU ISMAIL"
CON-RES-2026-13,"YUSIF ABDULLAHI"
CON-RES-2026-130,"HASSAN SALISU ISMAIL"
CON-RES-2026-1307,"OSITA NWOFOR"
CON-RES-2026-1308,"HABIBU DAN ASABE ADAMU"
CON-RES-2026-1309,"ALI MANSOUR"
CON-RES-2026-131,"HASSAN SALISU ISMAIL"
CON-RES-2026-1310,"MUSTAPHA ISMAIL MUKHTAR"
CON-RES-2026-1311,"MUSTAPHA ISMAIL MUKHTAR"
CON-RES-2026-1312,"IBRAHIM MOHAMMED LAWAN"
CON-RES-2026-1313,"NAZIFA ADAMU MUSA"
CON-RES-2026-1314,"DAN DAUDA SAIDU"
CON-RES-2026-1315,"HAMZA IBRAHIM YAHAYA"
CON-RES-2026-1316,"ANTHONY OKAPARA AZUBUIKE"
CON-RES-2026-1317,"FASZ TRANSIT AGRO NIG LTD"
CON-RES-2026-1318,"BABA AMINU ZUBAIR"
CON-RES-2026-1319,"BABA AMINU ZUBAIR"
CON-RES-2026-132,"HASSAN SALISU ISMAIL"
CON-RES-2026-1320,"BABA AMINU ZUBAIR"
CON-RES-2026-1321,"BABA AMINU ZUBAIR"
CON-RES-2026-1322,"ALHASSAN ABDULKADIR DANTATA"
CON-RES-2026-1323,"ALHASSAN ABDULKADIR DANTATA"
CON-RES-2026-1324,"ALHASSAN ABDULKADIR DANTATA"
CON-RES-2026-1325,"ALHASSAN ABDULKADIR DANTATA"
CON-RES-2026-1326,"ALHASSAN ABDULKADIR DANTATA"
CON-RES-2026-1327,"ALHASSAN ABDULKADIR DANTATA"
CON-RES-2026-1328,"ALHASSAN ABDULKADIR DANTATA"
CON-RES-2026-1329,"ALHASSAN ABDULKADIR DANTATA"
CON-RES-2026-133,"HASSAN SALISU ISMAIL"
CON-RES-2026-1330,"ALHASSAN ABDULKADIR DANTATA"
CON-RES-2026-1331,"ALHASSAN ABDULKADIR DANTATA"
CON-RES-2026-1332,"ALHASSAN ABDULKADIR DANTATA"
CON-RES-2026-1333,"ALHASSAN ABDULKADIR DANTATA"
CON-RES-2026-1334,"ALHASSAN ABDULKADIR DANTATA"
CON-RES-2026-1335,"ALHASSAN ABDULKADIR DANTATA"
CON-RES-2026-1336,"ALHASSAN ABDULKADIR DANTATA"
CON-RES-2026-1337,"ALHASSAN ABDULKADIR DANTATA"
CON-RES-2026-1338,"ALHASSAN ABDULKADIR DANTATA"
CON-RES-2026-1339,"ALHASSAN ABDULKADIR DANTATA"
CON-RES-2026-134,"HASSAN SALISU ISMAIL"
CON-RES-2026-1340,"ALHASSAN ABDULKADIR DANTATA"
CON-RES-2026-1341,"ALHASSAN ABDULKADIR DANTATA"
CON-RES-2026-1342,"ALHASSAN ABDULKADIR DANTATA"
CON-RES-2026-1343,"ALHASSAN ABDULKADIR DANTATA"
CON-RES-2026-1344,"ALHASSAN ABDULKADIR DANTATA"
CON-RES-2026-1345,"ALHASSAN ABDULKADIR DANTATA"
CON-RES-2026-1346,"ALHASSAN ABDULKADIR DANTATA"
CON-RES-2026-1347,"ALHASSAN ABDULKADIR DANTATA"
CON-RES-2026-1348,"ALHASSAN ABDULKADIR DANTATA"
CON-RES-2026-1349,"ALHASSAN ABDULKADIR DANTATA"
CON-RES-2026-135,"HASSAN SALISU ISMAIL"
CON-RES-2026-1350,"ALHASSAN ABDULKADIR DANTATA"
CON-RES-2026-1351,"ALHASSAN ABDULKADIR DANTATA"
CON-RES-2026-1352,"ALHASSAN ABDULKADIR DANTATA"
CON-RES-2026-1353,"ALHASSAN ABDULKADIR DANTATA"
CON-RES-2026-1354,"ALHASSAN ABDULKADIR DANTATA"
CON-RES-2026-1355,"ALHASSAN ABDULKADIR DANTATA"
CON-RES-2026-1356,"ALHASSAN ABDULKADIR DANTATA"
CON-RES-2026-1357,"ALHASSAN ABDULKADIR DANTATA"
CON-RES-2026-1358,"ALHASSAN ABDULKADIR DANTATA"
CON-RES-2026-1359,"ALHASSAN ABDULKADIR DANTATA"
CON-RES-2026-136,"HASSAN SALISU ISMAIL"
CON-RES-2026-1360,"ALHASSAN ABDULKADIR DANTATA"
CON-RES-2026-1361,"ALHASSAN ABDULKADIR DANTATA"
CON-RES-2026-1362,"ALHASSAN ABDULKADIR DANTATA"
CON-RES-2026-1363,"ALHASSAN ABDULKADIR DANTATA"
CON-RES-2026-1364,"ALHASSAN ABDULKADIR DANTATA"
CON-RES-2026-1365,"ALHASSAN ABDULKADIR DANTATA"
CON-RES-2026-1366,"ALHASSAN ABDULKADIR DANTATA"
CON-RES-2026-1367,"ALHASSAN ABDULKADIR DANTATA"
CON-RES-2026-1368,"ALHASSAN ABDULKADIR DANTATA"
CON-RES-2026-1369,"ALHASSAN ABDULKADIR DANTATA"
CON-RES-2026-137,"HASSAN SALISU ISMAIL"
CON-RES-2026-1370,"ALHASSAN ABDULKADIR DANTATA"
CON-RES-2026-1371,"ALHASSAN ABDULKADIR DANTATA"
CON-RES-2026-1372,"ALHASSAN ABDULKADIR DANTATA"
CON-RES-2026-1373,"ALHASSAN ABDULKADIR DANTATA"
CON-RES-2026-1374,"ALHASSAN ABDULKADIR DANTATA"
CON-RES-2026-1375,"ALHASSAN ABDULKADIR DANTATA"
CON-RES-2026-1376,"ALHASSAN ABDULKADIR DANTATA"
CON-RES-2026-1377,"ALHASSAN ABDULKADIR DANTATA"
CON-RES-2026-1378,"ALHASSAN ABDULKADIR DANTATA"
CON-RES-2026-138,"HASSAN SALISU ISMAIL"
CON-RES-2026-1380,"ALHASSAN ABDULKADIR DANTATA"
CON-RES-2026-1381,"ALHASSAN ABDULKADIR DANTATA"
CON-RES-2026-1382,"ALHASSAN ABDULKADIR DANTATA"
CON-RES-2026-1383,"ALHASSAN ABDULKADIR DANTATA"
CON-RES-2026-1384,"ALHASSAN ABDULKADIR DANTATA"
CON-RES-2026-1385,"ALHASSAN ABDULKADIR DANTATA"
CON-RES-2026-1386,"ALHASSAN ABDULKADIR DANTATA"
CON-RES-2026-1387,"ALHASSAN ABDULKADIR DANTATA"
CON-RES-2026-1388,"ALHASSAN ABDULKADIR DANTATA"
CON-RES-2026-1389,"ALHASSAN ABDULKADIR DANTATA"
CON-RES-2026-139,"HASSAN SALISU ISMAIL"
CON-RES-2026-1390,"ALHASSAN ABDULKADIR DANTATA"
CON-RES-2026-1391,"ALHASSAN ABDULKADIR DANTATA"
CON-RES-2026-1392,"ALHASSAN ABDULKADIR DANTATA"
CON-RES-2026-1393,"ALHASSAN ABDULKADIR DANTATA"
CON-RES-2026-1394,"ALHASSAN ABDULKADIR DANTATA"
CON-RES-2026-1395,"ALHASSAN ABDULKADIR DANTATA"
CON-RES-2026-1396,"ALHASSAN ABDULKADIR DANTATA"
CON-RES-2026-1397,"ALHASSAN ABDULKADIR DANTATA"
CON-RES-2026-1398,"ALHASSAN ABDULKADIR DANTATA"
CON-RES-2026-1399,"ALHASSAN ABDULKADIR DANTATA"
CON-RES-2026-140,"HASSAN SALISU ISMAIL"
CON-RES-2026-1400,"ALHASSAN ABDULKADIR DANTATA"
CON-RES-2026-1401,"ALHASSAN ABDULKADIR DANTATA"
CON-RES-2026-1402,"ALHASSAN ABDULKADIR DANTATA"
CON-RES-2026-1403,"ALHASSAN ABDULKADIR DANTATA"
CON-RES-2026-1404,"ALHASSAN ABDULKADIR DANTATA"
CON-RES-2026-1405,"ALHASSAN ABDULKADIR DANTATA"
CON-RES-2026-1406,"ALHASSAN ABDULKADIR DANTATA"
CON-RES-2026-1407,"ALHASSAN ABDULKADIR DANTATA"
CON-RES-2026-1408,"ALHASSAN ABDULKADIR DANTATA"
CON-RES-2026-1409,"ALHASSAN ABDULKADIR DANTATA"
CON-RES-2026-141,"HASSAN SALISU ISMAIL"
CON-RES-2026-1410,"ALHASSAN ABDULKADIR DANTATA"
CON-RES-2026-1411,"ALHASSAN ABDULKADIR DANTATA"
CON-RES-2026-1412,"ALHASSAN ABDULKADIR DANTATA"
CON-RES-2026-1413,"ALHASSAN ABDULKADIR DANTATA"
CON-RES-2026-1414,"ALHASSAN ABDULKADIR DANTATA"
CON-RES-2026-1415,"ALHASSAN ABDULKADIR DANTATA"
CON-RES-2026-1416,"ALHASSAN ABDULKADIR DANTATA"
CON-RES-2026-1417,"ALHASSAN ABDULKADIR DANTATA"
CON-RES-2026-1418,"ALHASSAN ABDULKADIR DANTATA"
CON-RES-2026-1419,"ALHASSAN ABDULKADIR DANTATA"
CON-RES-2026-142,"HASSAN SALISU ISMAIL"
CON-RES-2026-1420,"ALHASSAN ABDULKADIR DANTATA"
CON-RES-2026-1421,"ALHASSAN ABDULKADIR DANTATA"
CON-RES-2026-1422,"ALHASSAN ABDULKADIR DANTATA"
CON-RES-2026-1423,"ALHASSAN ABDULKADIR DANTATA"
CON-RES-2026-1424,"ALHASSAN ABDULKADIR DANTATA"
CON-RES-2026-1425,"ALHASSAN ABDULKADIR DANTATA"
CON-RES-2026-1426,"ALHASSAN ABDULKADIR DANTATA"
CON-RES-2026-1427,"ALHASSAN ABDULKADIR DANTATA"
CON-RES-2026-1428,"ALHASSAN ABDULKADIR DANTATA"
CON-RES-2026-1429,"ALHASSAN ABDULKADIR DANTATA"
CON-RES-2026-143,"HASSAN SALISU ISMAIL"
CON-RES-2026-1430,"ALHASSAN ABDULKADIR DANTATA"
CON-RES-2026-1431,"ALHASSAN ABDULKADIR DANTATA"
CON-RES-2026-1432,"ALHASSAN ABDULKADIR DANTATA"
CON-RES-2026-1433,"ALHASSAN ABDULKADIR DANTATA"
CON-RES-2026-1434,"ALHASSAN ABDULKADIR DANTATA"
CON-RES-2026-1435,"ALHASSAN ABDULKADIR DANTATA"
CON-RES-2026-1436,"ALHASSAN ABDULKADIR DANTATA"
CON-RES-2026-1437,"ALHASSAN ABDULKADIR DANTATA"
CON-RES-2026-1438,"ALHASSAN ABDULKADIR DANTATA"
CON-RES-2026-1439,"ALHASSAN ABDULKADIR DANTATA"
CON-RES-2026-144,"HASSAN SALISU ISMAIL"
CON-RES-2026-1440,"ALHASSAN ABDULKADIR DANTATA"
CON-RES-2026-1441,"ALHASSAN ABDULKADIR DANTATA"
CON-RES-2026-1442,"ALHASSAN ABDULKADIR DANTATA"
CON-RES-2026-1443,"ALHASSAN ABDULKADIR DANTATA"
CON-RES-2026-1444,"ALHASSAN ABDULKADIR DANTATA"
CON-RES-2026-1445,"ALHASSAN ABDULKADIR DANTATA"
CON-RES-2026-1446,"ALHASSAN ABDULKADIR DANTATA"
CON-RES-2026-1447,"ALHASSAN ABDULKADIR DANTATA"
CON-RES-2026-1448,"ALHASSAN ABDULKADIR DANTATA"
CON-RES-2026-1449,"ALHASSAN ABDULKADIR DANTATA"
CON-RES-2026-145,"HASSAN SALISU ISMAIL"
CON-RES-2026-1450,"ALHASSAN ABDULKADIR DANTATA"
CON-RES-2026-1451,"ALHASSAN ABDULKADIR DANTATA"
CON-RES-2026-1452,"ALHASSAN ABDULKADIR DANTATA"
CON-RES-2026-1453,"ALHASSAN ABDULKADIR DANTATA"
CON-RES-2026-1454,"ALHASSAN ABDULKADIR DANTATA"
CON-RES-2026-1455,"ALHASSAN ABDULKADIR DANTATA"
CON-RES-2026-1456,"ALHASSAN ABDULKADIR DANTATA"
CON-RES-2026-1457,"ALHASSAN ABDULKADIR DANTATA"
CON-RES-2026-1458,"ALHASSAN ABDULKADIR DANTATA"
CON-RES-2026-1459,"ALHASSAN ABDULKADIR DANTATA"
CON-RES-2026-146,"HASSAN SALISU ISMAIL"
CON-RES-2026-1460,"ALHASSAN ABDULKADIR DANTATA"
CON-RES-2026-1461,"ALHASSAN ABDULKADIR DANTATA"
CON-RES-2026-1462,"ALHASSAN ABDULKADIR DANTATA"
CON-RES-2026-1463,"ALHASSAN ABDULKADIR DANTATA"
CON-RES-2026-1464,"ALHASSAN ABDULKADIR DANTATA"
CON-RES-2026-1465,"ALHASSAN ABDULKADIR DANTATA"
CON-RES-2026-1466,"ALHASSAN ABDULKADIR DANTATA"
CON-RES-2026-1467,"ALHASSAN ABDULKADIR DANTATA"
CON-RES-2026-1468,"ALHASSAN ABDULKADIR DANTATA"
CON-RES-2026-1469,"ALHASSAN ABDULKADIR DANTATA"
CON-RES-2026-147,"HASSAN SALISU ISMAIL"
CON-RES-2026-1470,"ALHASSAN ABDULKADIR DANTATA"
CON-RES-2026-1471,"ALHASSAN ABDULKADIR DANTATA"
CON-RES-2026-1472,"ALHASSAN ABDULKADIR DANTATA"
CON-RES-2026-1473,"ALHASSAN ABDULKADIR DANTATA"
CON-RES-2026-1474,"ALHASSAN ABDULKADIR DANTATA"
CON-RES-2026-1475,"ALHASSAN ABDULKADIR DANTATA"
CON-RES-2026-1476,"ALHASSAN ABDULKADIR DANTATA"
CON-RES-2026-1477,"ALHASSAN ABDULKADIR DANTATA"
CON-RES-2026-1478,"ALHASSAN ABDULKADIR DANTATA"
CON-RES-2026-1479,"ALHASSAN ABDULKADIR DANTATA"
CON-RES-2026-148,"HASSAN SALISU ISMAIL"
CON-RES-2026-1480,"ALHASSAN ABDULKADIR DANTATA"
CON-RES-2026-1481,"ALHASSAN ABDULKADIR DANTATA"
CON-RES-2026-1482,"ALHASSAN ABDULKADIR DANTATA"
CON-RES-2026-1483,"ALHASSAN ABDULKADIR DANTATA"
CON-RES-2026-1484,"ALHASSAN ABDULKADIR DANTATA"
CON-RES-2026-1485,"ALHASSAN ABDULKADIR DANTATA"
CON-RES-2026-1486,"ALHASSAN ABDULKADIR DANTATA"
CON-RES-2026-1487,"ALHASSAN ABDULKADIR DANTATA"
CON-RES-2026-1488,"ALHASSAN ABDULKADIR DANTATA"
CON-RES-2026-1489,"ALHASSAN ABDULKADIR DANTATA"
CON-RES-2026-149,"HASSAN SALISU ISMAIL"
CON-RES-2026-1490,"ALHASSAN ABDULKADIR DANTATA"
CON-RES-2026-1491,"ALHASSAN ABDULKADIR DANTATA"
CON-RES-2026-1492,"ALHASSAN ABDULKADIR DANTATA"
CON-RES-2026-1493,"ALHASSAN ABDULKADIR DANTATA"
CON-RES-2026-1494,"ALHASSAN ABDULKADIR DANTATA"
CON-RES-2026-1495,"ALHASSAN ABDULKADIR DANTATA"
CON-RES-2026-1496,"ALHASSAN ABDULKADIR DANTATA"
CON-RES-2026-1497,"ALHASSAN ABDULKADIR DANTATA"
CON-RES-2026-1498,"ALHASSAN ABDULKADIR DANTATA"
CON-RES-2026-1499,"ALHASSAN ABDULKADIR DANTATA"
CON-RES-2026-150,"HASSAN SALISU ISMAIL"
CON-RES-2026-1500,"ALHASSAN ABDULKADIR DANTATA"
CON-RES-2026-1501,"ALHASSAN ABDULKADIR DANTATA"
CON-RES-2026-1502,"ALHASSAN ABDULKADIR DANTATA"
CON-RES-2026-1503,"ALHASSAN ABDULKADIR DANTATA"
CON-RES-2026-1504,"ALHASSAN ABDULKADIR DANTATA"
CON-RES-2026-1505,"ALHASSAN ABDULKADIR DANTATA"
CON-RES-2026-1506,"ALHASSAN ABDULKADIR DANTATA"
CON-RES-2026-1507,"ALHASSAN ABDULKADIR DANTATA"
CON-RES-2026-1508,"ALHASSAN ABDULKADIR DANTATA"
CON-RES-2026-1509,"ALHASSAN ABDULKADIR DANTATA"
CON-RES-2026-151,"HASSAN SALISU ISMAIL"
CON-RES-2026-1510,"ALHASSAN ABDULKADIR DANTATA"
CON-RES-2026-1511,"ALHASSAN ABDULKADIR DANTATA"
CON-RES-2026-1512,"ALHASSAN ABDULKADIR DANTATA"
CON-RES-2026-1513,"ALHASSAN ABDULKADIR DANTATA"
CON-RES-2026-1514,"ALHASSAN ABDULKADIR DANTATA"
CON-RES-2026-1515,"ALHASSAN ABDULKADIR DANTATA"
CON-RES-2026-1516,"ALHASSAN ABDULKADIR DANTATA"
CON-RES-2026-1517,"ALHASSAN ABDULKADIR DANTATA"
CON-RES-2026-1518,"ALHASSAN ABDULKADIR DANTATA"
CON-RES-2026-1519,"ALHASSAN ABDULKADIR DANTATA"
CON-RES-2026-152,"HASSAN SALISU ISMAIL"
CON-RES-2026-1520,"ALHASSAN ABDULKADIR DANTATA"
CON-RES-2026-1521,"ALHASSAN ABDULKADIR DANTATA"
CON-RES-2026-1522,"ALHASSAN ABDULKADIR DANTATA"
CON-RES-2026-1523,"ALHASSAN ABDULKADIR DANTATA"
CON-RES-2026-1524,"ALHASSAN ABDULKADIR DANTATA"
CON-RES-2026-1525,"ALHASSAN ABDULKADIR DANTATA"
CON-RES-2026-1526,"ALHASSAN ABDULKADIR DANTATA"
CON-RES-2026-1527,"ALHASSAN ABDULKADIR DANTATA"
CON-RES-2026-1528,"ALHASSAN ABDULKADIR DANTATA"
CON-RES-2026-1529,"ALHASSAN ABDULKADIR DANTATA"
CON-RES-2026-153,"HASSAN SALISU ISMAIL"
CON-RES-2026-1530,"ALHASSAN ABDULKADIR DANTATA"
CON-RES-2026-1531,"ALHASSAN ABDULKADIR DANTATA"
CON-RES-2026-1532,"ALHASSAN ABDULKADIR DANTATA"
CON-RES-2026-1533,"ALHASSAN ABDULKADIR DANTATA"
CON-RES-2026-1534,"ALHASSAN ABDULKADIR DANTATA"
CON-RES-2026-1535,"ALHASSAN ABDULKADIR DANTATA"
CON-RES-2026-1536,"ALHASSAN ABDULKADIR DANTATA"
CON-RES-2026-1537,"ALHASSAN ABDULKADIR DANTATA"
CON-RES-2026-1538,"ALHASSAN ABDULKADIR DANTATA"
CON-RES-2026-1539,"ALHASSAN ABDULKADIR DANTATA"
CON-RES-2026-154,"HASSAN SALISU ISMAIL"
CON-RES-2026-1540,"ALHASSAN ABDULKADIR DANTATA"
CON-RES-2026-1541,"ALHASSAN ABDULKADIR DANTATA"
CON-RES-2026-1542,"ALHASSAN ABDULKADIR DANTATA"
CON-RES-2026-1543,"ALHASSAN ABDULKADIR DANTATA"
CON-RES-2026-1544,"ALHASSAN ABDULKADIR DANTATA"
CON-RES-2026-1545,"ALHASSAN ABDULKADIR DANTATA"
CON-RES-2026-1546,"ALHASSAN ABDULKADIR DANTATA"
CON-RES-2026-1547,"ALHASSAN ABDULKADIR DANTATA"
CON-RES-2026-1548,"ALHASSAN ABDULKADIR DANTATA"
CON-RES-2026-1549,"ALHASSAN ABDULKADIR DANTATA"
CON-RES-2026-155,"HASSAN SALISU ISMAIL"
CON-RES-2026-1550,"ALHASSAN ABDULKADIR DANTATA"
CON-RES-2026-1551,"ALHASSAN ABDULKADIR DANTATA"
CON-RES-2026-1552,"ALHASSAN ABDULKADIR DANTATA"
CON-RES-2026-1553,"ALHASSAN ABDULKADIR DANTATA"
CON-RES-2026-1554,"ALHASSAN ABDULKADIR DANTATA"
CON-RES-2026-1555,"ALHASSAN ABDULKADIR DANTATA"
CON-RES-2026-1556,"ALHASSAN ABDULKADIR DANTATA"
CON-RES-2026-1557,"ALHASSAN ABDULKADIR DANTATA"
CON-RES-2026-1558,"ALHASSAN ABDULKADIR DANTATA"
CON-RES-2026-1559,"ALHASSAN ABDULKADIR DANTATA"
CON-RES-2026-156,"HASSAN SALISU ISMAIL"
CON-RES-2026-1560,"ALHASSAN ABDULKADIR DANTATA"
CON-RES-2026-1561,"ALHASSAN ABDULKADIR DANTATA"
CON-RES-2026-1562,"ALHASSAN ABDULKADIR DANTATA"
CON-RES-2026-1563,"ALHASSAN ABDULKADIR DANTATA"
CON-RES-2026-1564,"ALHASSAN ABDULKADIR DANTATA"
CON-RES-2026-1565,"ALHASSAN ABDULKADIR DANTATA"
CON-RES-2026-1566,"ALHASSAN ABDULKADIR DANTATA"
CON-RES-2026-1567,"ALHASSAN ABDULKADIR DANTATA"
CON-RES-2026-1568,"ALHASSAN ABDULKADIR DANTATA"
CON-RES-2026-1569,"ALHASSAN ABDULKADIR DANTATA"
CON-RES-2026-157,"HASSAN SALISU ISMAIL"
CON-RES-2026-1570,"ALHASSAN ABDULKADIR DANTATA"
CON-RES-2026-1571,"ALHASSAN ABDULKADIR DANTATA"
CON-RES-2026-1572,"ALHASSAN ABDULKADIR DANTATA"
CON-RES-2026-1573,"ALHASSAN ABDULKADIR DANTATA"
CON-RES-2026-1574,"ALHASSAN ABDULKADIR DANTATA"
CON-RES-2026-1575,"ALHASSAN ABDULKADIR DANTATA"
CON-RES-2026-1576,"ALHASSAN ABDULKADIR DANTATA"
CON-RES-2026-1577,"ALHASSAN ABDULKADIR DANTATA"
CON-RES-2026-1578,"ALHASSAN ABDULKADIR DANTATA"
CON-RES-2026-1579,"ALHASSAN ABDULKADIR DANTATA"
CON-RES-2026-158,"HASSAN SALISU ISMAIL"
CON-RES-2026-1580,"ALHASSAN ABDULKADIR DANTATA"
CON-RES-2026-1581,"ALHASSAN ABDULKADIR DANTATA"
CON-RES-2026-1582,"ALHASSAN ABDULKADIR DANTATA"
CON-RES-2026-1583,"ALHASSAN ABDULKADIR DANTATA"
CON-RES-2026-1584,"ALHASSAN ABDULKADIR DANTATA"
CON-RES-2026-1585,"ALHASSAN ABDULKADIR DANTATA"
CON-RES-2026-1586,"ALHASSAN ABDULKADIR DANTATA"
CON-RES-2026-1587,"ALHASSAN ABDULKADIR DANTATA"
CON-RES-2026-1588,"ALHASSAN ABDULKADIR DANTATA"
CON-RES-2026-1589,"ALHASSAN ABDULKADIR DANTATA"
CON-RES-2026-159,"HASSAN SALISU ISMAIL"
CON-RES-2026-1590,"ALHASSAN ABDULKADIR DANTATA"
CON-RES-2026-1591,"ALHASSAN ABDULKADIR DANTATA"
CON-RES-2026-1592,"ALHASSAN ABDULKADIR DANTATA"
CON-RES-2026-1593,"ALHASSAN ABDULKADIR DANTATA"
CON-RES-2026-1594,"ALHASSAN ABDULKADIR DANTATA"
CON-RES-2026-1595,"ALHASSAN ABDULKADIR DANTATA"
CON-RES-2026-1596,"ALHASSAN ABDULKADIR DANTATA"
CON-RES-2026-1597,"ALHASSAN ABDULKADIR DANTATA"
CON-RES-2026-1598,"ALHASSAN ABDULKADIR DANTATA"
CON-RES-2026-1599,"ALHASSAN ABDULKADIR DANTATA"
CON-RES-2026-160,"HASSAN SALISU ISMAIL"
CON-RES-2026-1600,"ALHASSAN ABDULKADIR DANTATA"
CON-RES-2026-1601,"ALHASSAN ABDULKADIR DANTATA"
CON-RES-2026-1602,"ALHASSAN ABDULKADIR DANTATA"
CON-RES-2026-1603,"ALHASSAN ABDULKADIR DANTATA"
CON-RES-2026-1604,"ALHASSAN ABDULKADIR DANTATA"
CON-RES-2026-1605,"ALHASSAN ABDULKADIR DANTATA"
CON-RES-2026-1606,"ALHASSAN ABDULKADIR DANTATA"
CON-RES-2026-1607,"ALHASSAN ABDULKADIR DANTATA"
CON-RES-2026-1608,"ALHASSAN ABDULKADIR DANTATA"
CON-RES-2026-1609,"ALHASSAN ABDULKADIR DANTATA"
CON-RES-2026-161,"HASSAN SALISU ISMAIL"
CON-RES-2026-1610,"ALHASSAN ABDULKADIR DANTATA"
CON-RES-2026-1611,"ALHASSAN ABDULKADIR DANTATA"
CON-RES-2026-1612,"ALHASSAN ABDULKADIR DANTATA"
CON-RES-2026-1613,"ALHASSAN ABDULKADIR DANTATA"
CON-RES-2026-1614,"ALHASSAN ABDULKADIR DANTATA"
CON-RES-2026-1615,"ALHASSAN ABDULKADIR DANTATA"
CON-RES-2026-1616,"ALHASSAN ABDULKADIR DANTATA"
CON-RES-2026-1617,"ALHASSAN ABDULKADIR DANTATA"
CON-RES-2026-1618,"ALHASSAN ABDULKADIR DANTATA"
CON-RES-2026-1619,"ALHASSAN ABDULKADIR DANTATA"
CON-RES-2026-162,"HASSAN SALISU ISMAIL"
CON-RES-2026-1620,"ALHASSAN ABDULKADIR DANTATA"
CON-RES-2026-1621,"ALHASSAN ABDULKADIR DANTATA"
CON-RES-2026-1622,"ALHASSAN ABDULKADIR DANTATA"
CON-RES-2026-1623,"ALHASSAN ABDULKADIR DANTATA"
CON-RES-2026-1624,"ALHASSAN ABDULKADIR DANTATA"
CON-RES-2026-1625,"ALHASSAN ABDULKADIR DANTATA"
CON-RES-2026-1626,"ALHASSAN ABDULKADIR DANTATA"
CON-RES-2026-1627,"ALHASSAN ABDULKADIR DANTATA"
CON-RES-2026-1628,"ALHASSAN ABDULKADIR DANTATA"
CON-RES-2026-1629,"ALHASSAN ABDULKADIR DANTATA"
CON-RES-2026-163,"HASSAN SALISU ISMAIL"
CON-RES-2026-1630,"ALHASSAN ABDULKADIR DANTATA"
CON-RES-2026-1631,"ALHASSAN ABDULKADIR DANTATA"
CON-RES-2026-1632,"ALHASSAN ABDULKADIR DANTATA"
CON-RES-2026-1633,"ALHASSAN ABDULKADIR DANTATA"
CON-RES-2026-1634,"ALHASSAN ABDULKADIR DANTATA"
CON-RES-2026-1635,"ALHASSAN ABDULKADIR DANTATA"
CON-RES-2026-1636,"ALHASSAN ABDULKADIR DANTATA"
CON-RES-2026-1637,"ALHASSAN ABDULKADIR DANTATA"
CON-RES-2026-1638,"ALHASSAN ABDULKADIR DANTATA"
CON-RES-2026-1639,"ALHASSAN ABDULKADIR DANTATA"
CON-RES-2026-164,"HASSAN SALISU ISMAIL"
CON-RES-2026-1640,"ALHASSAN ABDULKADIR DANTATA"
CON-RES-2026-1641,"ALHASSAN ABDULKADIR DANTATA"
CON-RES-2026-1642,"ALHASSAN ABDULKADIR DANTATA"
CON-RES-2026-1643,"ALHASSAN ABDULKADIR DANTATA"
CON-RES-2026-1644,"ALHASSAN ABDULKADIR DANTATA"
CON-RES-2026-1645,"ALHASSAN ABDULKADIR DANTATA"
CON-RES-2026-1646,"ALHASSAN ABDULKADIR DANTATA"
CON-RES-2026-1647,"ALHASSAN ABDULKADIR DANTATA"
CON-RES-2026-1648,"ALHASSAN ABDULKADIR DANTATA"
CON-RES-2026-1649,"ALHASSAN ABDULKADIR DANTATA"
CON-RES-2026-165,"HASSAN SALISU ISMAIL"
CON-RES-2026-1650,"ALHASSAN ABDULKADIR DANTATA"
CON-RES-2026-1651,"ALHASSAN ABDULKADIR DANTATA"
CON-RES-2026-1652,"ALHASSAN ABDULKADIR DANTATA"
CON-RES-2026-1653,"ALHASSAN ABDULKADIR DANTATA"
CON-RES-2026-1654,"ALHASSAN ABDULKADIR DANTATA"
CON-RES-2026-1655,"ALHASSAN ABDULKADIR DANTATA"
CON-RES-2026-1656,"ALHASSAN ABDULKADIR DANTATA"
CON-RES-2026-1657,"ALHASSAN ABDULKADIR DANTATA"
CON-RES-2026-1658,"ALHASSAN ABDULKADIR DANTATA"
CON-RES-2026-1659,"ALHASSAN ABDULKADIR DANTATA"
CON-RES-2026-166,"HASSAN SALISU ISMAIL"
CON-RES-2026-1660,"ALHASSAN ABDULKADIR DANTATA"
CON-RES-2026-1661,"ALHASSAN ABDULKADIR DANTATA"
CON-RES-2026-1662,"ALHASSAN ABDULKADIR DANTATA"
CON-RES-2026-1663,"ALHASSAN ABDULKADIR DANTATA"
CON-RES-2026-1664,"ALHASSAN ABDULKADIR DANTATA"
CON-RES-2026-1665,"ALHASSAN ABDULKADIR DANTATA"
CON-RES-2026-1666,"ALHASSAN ABDULKADIR DANTATA"
CON-RES-2026-1667,"ALHASSAN ABDULKADIR DANTATA"
CON-RES-2026-1668,"ALHASSAN ABDULKADIR DANTATA"
CON-RES-2026-1669,"ALHASSAN ABDULKADIR DANTATA"
CON-RES-2026-167,"HASSAN SALISU ISMAIL"
CON-RES-2026-1670,"ALHASSAN ABDULKADIR DANTATA"
CON-RES-2026-1671,"ALHASSAN ABDULKADIR DANTATA"
CON-RES-2026-1672,"ALHASSAN ABDULKADIR DANTATA"
CON-RES-2026-1673,"ALHASSAN ABDULKADIR DANTATA"
CON-RES-2026-1674,"ALHASSAN ABDULKADIR DANTATA"
CON-RES-2026-1675,"ALHASSAN ABDULKADIR DANTATA"
CON-RES-2026-1676,"ALHASSAN ABDULKADIR DANTATA"
CON-RES-2026-1677,"ALHASSAN ABDULKADIR DANTATA"
CON-RES-2026-1678,"ALHASSAN ABDULKADIR DANTATA"
CON-RES-2026-1679,"ALHASSAN ABDULKADIR DANTATA"
CON-RES-2026-168,"HASSAN SALISU ISMAIL"
CON-RES-2026-1680,"ALHASSAN ABDULKADIR DANTATA"
CON-RES-2026-1681,"ALHASSAN ABDULKADIR DANTATA"
CON-RES-2026-1682,"ALHASSAN ABDULKADIR DANTATA"
CON-RES-2026-1683,"ALHASSAN ABDULKADIR DANTATA"
CON-RES-2026-1684,"ALHASSAN ABDULKADIR DANTATA"
CON-RES-2026-1685,"ALHASSAN ABDULKADIR DANTATA"
CON-RES-2026-1686,"ALHASSAN ABDULKADIR DANTATA"
CON-RES-2026-1687,"ALHASSAN ABDULKADIR DANTATA"
CON-RES-2026-1688,"ALHASSAN ABDULKADIR DANTATA"
CON-RES-2026-1689,"ALHASSAN ABDULKADIR DANTATA"
CON-RES-2026-169,"HASSAN SALISU ISMAIL"
CON-RES-2026-1690,"ALHASSAN ABDULKADIR DANTATA"
CON-RES-2026-1691,"ALHASSAN ABDULKADIR DANTATA"
CON-RES-2026-1692,"ALHASSAN ABDULKADIR DANTATA"
CON-RES-2026-1693,"ALHASSAN ABDULKADIR DANTATA"
CON-RES-2026-1694,"ALHASSAN ABDULKADIR DANTATA"
CON-RES-2026-1695,"ALHASSAN ABDULKADIR DANTATA"
CON-RES-2026-1696,"ALHASSAN ABDULKADIR DANTATA"
CON-RES-2026-1697,"ALHASSAN ABDULKADIR DANTATA"
CON-RES-2026-1698,"ALHASSAN ABDULKADIR DANTATA"
CON-RES-2026-1699,"ALHASSAN ABDULKADIR DANTATA"
CON-RES-2026-17,"MUSA DANJUMA"
CON-RES-2026-170,"HASSAN SALISU ISMAIL"
CON-RES-2026-1700,"ALHASSAN ABDULKADIR DANTATA"
CON-RES-2026-1701,"ALHASSAN ABDULKADIR DANTATA"
CON-RES-2026-1702,"ALHASSAN ABDULKADIR DANTATA"
CON-RES-2026-1703,"ALHASSAN ABDULKADIR DANTATA"
CON-RES-2026-1704,"ALHASSAN ABDULKADIR DANTATA"
CON-RES-2026-1705,"ALHASSAN ABDULKADIR DANTATA"
CON-RES-2026-1706,"ALHASSAN ABDULKADIR DANTATA"
CON-RES-2026-1707,"ALHASSAN ABDULKADIR DANTATA"
CON-RES-2026-1708,"ALHASSAN ABDULKADIR DANTATA"
CON-RES-2026-1709,"ALHASSAN ABDULKADIR DANTATA"
CON-RES-2026-171,"HASSAN SALISU ISMAIL"
CON-RES-2026-1710,"ALHASSAN ABDULKADIR DANTATA"
CON-RES-2026-1711,"ALHASSAN ABDULKADIR DANTATA"
CON-RES-2026-1712,"ALHASSAN ABDULKADIR DANTATA"
CON-RES-2026-1713,"ALHASSAN ABDULKADIR DANTATA"
CON-RES-2026-1714,"ALHASSAN ABDULKADIR DANTATA"
CON-RES-2026-1715,"ALHASSAN ABDULKADIR DANTATA"
CON-RES-2026-1716,"ALHASSAN ABDULKADIR DANTATA"
CON-RES-2026-1717,"ALHASSAN ABDULKADIR DANTATA"
CON-RES-2026-1718,"ALHASSAN ABDULKADIR DANTATA"
CON-RES-2026-1719,"ALHASSAN ABDULKADIR DANTATA"
CON-RES-2026-172,"HASSAN SALISU ISMAIL"
CON-RES-2026-1720,"ALHASSAN ABDULKADIR DANTATA"
CON-RES-2026-1721,"ALHASSAN ABDULKADIR DANTATA"
CON-RES-2026-1722,"ALHASSAN ABDULKADIR DANTATA"
CON-RES-2026-1723,"ALHASSAN ABDULKADIR DANTATA"
CON-RES-2026-1724,"ALHASSAN ABDULKADIR DANTATA"
CON-RES-2026-1725,"ALHASSAN ABDULKADIR DANTATA"
CON-RES-2026-1726,"ALHASSAN ABDULKADIR DANTATA"
CON-RES-2026-1727,"ALHASSAN ABDULKADIR DANTATA"
CON-RES-2026-1728,"ALHASSAN ABDULKADIR DANTATA"
CON-RES-2026-1729,"ALHASSAN ABDULKADIR DANTATA"
CON-RES-2026-173,"HASSAN SALISU ISMAIL"
CON-RES-2026-1730,"ALHASSAN ABDULKADIR DANTATA"
CON-RES-2026-1731,"ALHASSAN ABDULKADIR DANTATA"
CON-RES-2026-1732,"ALHASSAN ABDULKADIR DANTATA"
CON-RES-2026-1733,"ALHASSAN ABDULKADIR DANTATA"
CON-RES-2026-1734,"ALHASSAN ABDULKADIR DANTATA"
CON-RES-2026-1735,"ALHASSAN ABDULKADIR DANTATA"
CON-RES-2026-1736,"ALHASSAN ABDULKADIR DANTATA"
CON-RES-2026-1737,"ALHASSAN ABDULKADIR DANTATA"
CON-RES-2026-1738,"ALHASSAN ABDULKADIR DANTATA"
CON-RES-2026-1739,"ALHASSAN ABDULKADIR DANTATA"
CON-RES-2026-174,"HASSAN SALISU ISMAIL"
CON-RES-2026-1740,"ALHASSAN ABDULKADIR DANTATA"
CON-RES-2026-1741,"ALHASSAN ABDULKADIR DANTATA"
CON-RES-2026-1742,"ALHASSAN ABDULKADIR DANTATA"
CON-RES-2026-1743,"ALHASSAN ABDULKADIR DANTATA"
CON-RES-2026-1744,"ALHASSAN ABDULKADIR DANTATA"
CON-RES-2026-1745,"ALHASSAN ABDULKADIR DANTATA"
CON-RES-2026-1746,"ALHASSAN ABDULKADIR DANTATA"
CON-RES-2026-1747,"ALHASSAN ABDULKADIR DANTATA"
CON-RES-2026-1748,"ALHASSAN ABDULKADIR DANTATA"
CON-RES-2026-1749,"ALHASSAN ABDULKADIR DANTATA"
CON-RES-2026-175,"HASSAN SALISU ISMAIL"
CON-RES-2026-1750,"ALHASSAN ABDULKADIR DANTATA"
CON-RES-2026-1751,"ALHASSAN ABDULKADIR DANTATA"
CON-RES-2026-1752,"ALHASSAN ABDULKADIR DANTATA"
CON-RES-2026-1753,"ALHASSAN ABDULKADIR DANTATA"
CON-RES-2026-1754,"ALHASSAN ABDULKADIR DANTATA"
CON-RES-2026-1755,"ALHASSAN ABDULKADIR DANTATA"
CON-RES-2026-1756,"ALHASSAN ABDULKADIR DANTATA"
CON-RES-2026-1757,"ALHASSAN ABDULKADIR DANTATA"
CON-RES-2026-1758,"ALHASSAN ABDULKADIR DANTATA"
CON-RES-2026-1759,"ALHASSAN ABDULKADIR DANTATA"
CON-RES-2026-176,"HASSAN SALISU ISMAIL"
CON-RES-2026-1760,"ALHASSAN ABDULKADIR DANTATA"
CON-RES-2026-1761,"ALHASSAN ABDULKADIR DANTATA"
CON-RES-2026-1762,"ALHASSAN ABDULKADIR DANTATA"
CON-RES-2026-1763,"ALHASSAN ABDULKADIR DANTATA"
CON-RES-2026-1764,"ALHASSAN ABDULKADIR DANTATA"
CON-RES-2026-1765,"ALHASSAN ABDULKADIR DANTATA"
CON-RES-2026-1766,"ALHASSAN ABDULKADIR DANTATA"
CON-RES-2026-1767,"ALHASSAN ABDULKADIR DANTATA"
CON-RES-2026-1768,"ALHASSAN ABDULKADIR DANTATA"
CON-RES-2026-1769,"ALHASSAN ABDULKADIR DANTATA"
CON-RES-2026-177,"HASSAN SALISU ISMAIL"
CON-RES-2026-1770,"ALHASSAN ABDULKADIR DANTATA"
CON-RES-2026-1771,"ALHASSAN ABDULKADIR DANTATA"
CON-RES-2026-1772,"ALHASSAN ABDULKADIR DANTATA"
CON-RES-2026-1773,"ALHASSAN ABDULKADIR DANTATA"
CON-RES-2026-1774,"ALHASSAN ABDULKADIR DANTATA"
CON-RES-2026-1775,"ALHASSAN ABDULKADIR DANTATA"
CON-RES-2026-1776,"ALHASSAN ABDULKADIR DANTATA"
CON-RES-2026-1777,"ALHASSAN ABDULKADIR DANTATA"
CON-RES-2026-1778,"ALHASSAN ABDULKADIR DANTATA"
CON-RES-2026-1779,"ALHASSAN ABDULKADIR DANTATA"
CON-RES-2026-178,"HASSAN SALISU ISMAIL"
CON-RES-2026-1780,"ALHASSAN ABDULKADIR DANTATA"
CON-RES-2026-1781,"ALHASSAN ABDULKADIR DANTATA"
CON-RES-2026-1782,"ALHASSAN ABDULKADIR DANTATA"
CON-RES-2026-1783,"ALHASSAN ABDULKADIR DANTATA"
CON-RES-2026-1784,"ALHASSAN ABDULKADIR DANTATA"
CON-RES-2026-1785,"ALHASSAN ABDULKADIR DANTATA"
CON-RES-2026-1786,"ALHASSAN ABDULKADIR DANTATA"
CON-RES-2026-1787,"ALHASSAN ABDULKADIR DANTATA"
CON-RES-2026-1788,"ALHASSAN ABDULKADIR DANTATA"
CON-RES-2026-1789,"ALHASSAN ABDULKADIR DANTATA"
CON-RES-2026-179,"HASSAN SALISU ISMAIL"
CON-RES-2026-1790,"ALHASSAN ABDULKADIR DANTATA"
CON-RES-2026-1791,"ALHASSAN ABDULKADIR DANTATA"
CON-RES-2026-1792,"ALHASSAN ABDULKADIR DANTATA"
CON-RES-2026-1793,"ALHASSAN ABDULKADIR DANTATA"
CON-RES-2026-1794,"ALHASSAN ABDULKADIR DANTATA"
CON-RES-2026-1795,"ALHASSAN ABDULKADIR DANTATA"
CON-RES-2026-1796,"ALHASSAN ABDULKADIR DANTATA"
CON-RES-2026-1797,"ALHASSAN ABDULKADIR DANTATA"
CON-RES-2026-1798,"ALHASSAN ABDULKADIR DANTATA"
CON-RES-2026-1799,"ALHASSAN ABDULKADIR DANTATA"
CON-RES-2026-18,"MUSA DANJUMA"
CON-RES-2026-180,"HASSAN SALISU ISMAIL"
CON-RES-2026-1800,"ALHASSAN ABDULKADIR DANTATA"
CON-RES-2026-1801,"ALHASSAN ABDULKADIR DANTATA"
CON-RES-2026-1802,"ALHASSAN ABDULKADIR DANTATA"
CON-RES-2026-1803,"ALHASSAN ABDULKADIR DANTATA"
CON-RES-2026-1804,"ALHASSAN ABDULKADIR DANTATA"
CON-RES-2026-1805,"ALHASSAN ABDULKADIR DANTATA"
CON-RES-2026-1806,"ALHASSAN ABDULKADIR DANTATA"
CON-RES-2026-1807,"ALHASSAN ABDULKADIR DANTATA"
CON-RES-2026-1808,"ALHASSAN ABDULKADIR DANTATA"
CON-RES-2026-1809,"ALHASSAN ABDULKADIR DANTATA"
CON-RES-2026-181,"HASSAN SALISU ISMAIL"
CON-RES-2026-1810,"ALHASSAN ABDULKADIR DANTATA"
CON-RES-2026-1811,"ALHASSAN ABDULKADIR DANTATA"
CON-RES-2026-1812,"ALHASSAN ABDULKADIR DANTATA"
CON-RES-2026-1813,"ALHASSAN ABDULKADIR DANTATA"
CON-RES-2026-1814,"ALHASSAN ABDULKADIR DANTATA"
CON-RES-2026-1815,"ALHASSAN ABDULKADIR DANTATA"
CON-RES-2026-1816,"ALHASSAN ABDULKADIR DANTATA"
CON-RES-2026-1817,"ALHASSAN ABDULKADIR DANTATA"
CON-RES-2026-1818,"ALHASSAN ABDULKADIR DANTATA"
CON-RES-2026-1819,"ALHASSAN ABDULKADIR DANTATA"
CON-RES-2026-182,"HASSAN SALISU ISMAIL"
CON-RES-2026-1820,"ALHASSAN ABDULKADIR DANTATA"
CON-RES-2026-1821,"ALHASSAN ABDULKADIR DANTATA"
CON-RES-2026-1822,"ALHASSAN ABDULKADIR DANTATA"
CON-RES-2026-1823,"ALIYU UMAR HELLO"
CON-RES-2026-1824,"ABDULLAHI USMAN YARDALA"
CON-RES-2026-1825,"ADULLAHI ABDUL RAZAK MAITSIDU"
CON-RES-2026-1826,"ISYAKU ABUBAKAR SANI"
CON-RES-2026-1827,"BELLO MUHAMMAD BABURA"
CON-RES-2026-1828,"BELLO MUHAMMAD BABURA"
CON-RES-2026-1829,"BELLO MUHAMMAD BABURA"
CON-RES-2026-183,"HASSAN SALISU ISMAIL"
CON-RES-2026-1830,"BELLO MUHAMMAD BABURA"
CON-RES-2026-1831,"BELLO MUHAMMAD BABURA"
CON-RES-2026-1832,"BELLO MUHAMMAD BABURA"
CON-RES-2026-1833,"ISYAKU ABUBAKAR SANI"
CON-RES-2026-1834,"ALHASSAN ABDULKADIR DANTATA"
CON-RES-2026-1835,"ALHASSAN ABDULKADIR DANTATA"
CON-RES-2026-1836,"ALHASSAN ABDULKADIR DANTATA"
CON-RES-2026-1837,"ALHASSAN ABDULKADIR DANTATA"
CON-RES-2026-1838,"ALHASSAN ABDULKADIR DANTATA"
CON-RES-2026-1839,"ALHASSAN ABDULKADIR DANTATA"
CON-RES-2026-184,"HASSAN SALISU ISMAIL"
CON-RES-2026-1840,"ALHASSAN ABDULKADIR DANTATA"
CON-RES-2026-1841,"ALHASSAN ABDULKADIR DANTATA"
CON-RES-2026-1842,"ALHASSAN ABDULKADIR DANTATA"
CON-RES-2026-1843,"ALHASSAN ABDULKADIR DANTATA"
CON-RES-2026-1844,"ALHASSAN ABDULKADIR DANTATA"
CON-RES-2026-1845,"ALHASSAN ABDULKADIR DANTATA"
CON-RES-2026-1846,"ALHASSAN ABDULKADIR DANTATA"
CON-RES-2026-1847,"ALHASSAN ABDULKADIR DANTATA"
CON-RES-2026-1848,"ALHASSAN ABDULKADIR DANTATA"
CON-RES-2026-1849,"ALHASSAN ABDULKADIR DANTATA"
CON-RES-2026-185,"HASSAN SALISU ISMAIL"
CON-RES-2026-1850,"ALHASSAN ABDULKADIR DANTATA"
CON-RES-2026-1851,"ALHASSAN ABDULKADIR DANTATA"
CON-RES-2026-1852,"ALHASSAN ABDULKADIR DANTATA"
CON-RES-2026-1853,"ALHASSAN ABDULKADIR DANTATA"
CON-RES-2026-1854,"ALHASSAN ABDULKADIR DANTATA"
CON-RES-2026-1855,"ALHASSAN ABDULKADIR DANTATA"
CON-RES-2026-1856,"ALHASSAN ABDULKADIR DANTATA"
CON-RES-2026-1857,"ALHASSAN ABDULKADIR DANTATA"
CON-RES-2026-1858,"ALHASSAN ABDULKADIR DANTATA"
CON-RES-2026-1859,"ALHASSAN ABDULKADIR DANTATA"
CON-RES-2026-186,"HASSAN SALISU ISMAIL"
CON-RES-2026-1860,"ALHASSAN ABDULKADIR DANTATA"
CON-RES-2026-1861,"ALHASSAN ABDULKADIR DANTATA"
CON-RES-2026-1862,"ALHASSAN ABDULKADIR DANTATA"
CON-RES-2026-1863,"ALHASSAN ABDULKADIR DANTATA"
CON-RES-2026-1864,"ALHASSAN ABDULKADIR DANTATA"
CON-RES-2026-1865,"ALHASSAN ABDULKADIR DANTATA"
CON-RES-2026-1866,"ALHASSAN ABDULKADIR DANTATA"
CON-RES-2026-1867,"ALHASSAN ABDULKADIR DANTATA"
CON-RES-2026-1868,"ALHASSAN ABDULKADIR DANTATA"
CON-RES-2026-1869,"ALHASSAN ABDULKADIR DANTATA"
CON-RES-2026-187,"HASSAN SALISU ISMAIL"
CON-RES-2026-1870,"ALHASSAN ABDULKADIR DANTATA"
CON-RES-2026-1871,"ALHASSAN ABDULKADIR DANTATA"
CON-RES-2026-1872,"ALHASSAN ABDULKADIR DANTATA"
CON-RES-2026-1873,"ALHASSAN ABDULKADIR DANTATA"
CON-RES-2026-1874,"ALHASSAN ABDULKADIR DANTATA"
CON-RES-2026-1875,"ALHASSAN ABDULKADIR DANTATA"
CON-RES-2026-1876,"ALHASSAN ABDULKADIR DANTATA"
CON-RES-2026-1877,"ALHASSAN ABDULKADIR DANTATA"
CON-RES-2026-1878,"ALHASSAN ABDULKADIR DANTATA"
CON-RES-2026-1879,"ALHASSAN ABDULKADIR DANTATA"
CON-RES-2026-188,"HASSAN SALISU ISMAIL"
CON-RES-2026-1880,"ALHASSAN ABDULKADIR DANTATA"
CON-RES-2026-1881,"ALHASSAN ABDULKADIR DANTATA"
CON-RES-2026-1882,"ALHASSAN ABDULKADIR DANTATA"
CON-RES-2026-1883,"ALHASSAN ABDULKADIR DANTATA"
CON-RES-2026-1884,"ALHASSAN ABDULKADIR DANTATA"
CON-RES-2026-1885,"ALHASSAN ABDULKADIR DANTATA"
CON-RES-2026-1886,"ALHASSAN ABDULKADIR DANTATA"
CON-RES-2026-1887,"ALHASSAN ABDULKADIR DANTATA"
CON-RES-2026-1888,"ALHASSAN ABDULKADIR DANTATA"
CON-RES-2026-1889,"ALHASSAN ABDULKADIR DANTATA"
CON-RES-2026-189,"HASSAN SALISU ISMAIL"
CON-RES-2026-1890,"ALHASSAN ABDULKADIR DANTATA"
CON-RES-2026-1891,"ALHASSAN ABDULKADIR DANTATA"
CON-RES-2026-1892,"ALHASSAN ABDULKADIR DANTATA"
CON-RES-2026-1893,"ALHASSAN ABDULKADIR DANTATA"
CON-RES-2026-1894,"ALHASSAN ABDULKADIR DANTATA"
CON-RES-2026-1895,"ALHASSAN ABDULKADIR DANTATA"
CON-RES-2026-1896,"ALHASSAN ABDULKADIR DANTATA"
CON-RES-2026-1897,"ALHASSAN ABDULKADIR DANTATA"
CON-RES-2026-1898,"ALHASSAN ABDULKADIR DANTATA"
CON-RES-2026-1899,"ALHASSAN ABDULKADIR DANTATA"
CON-RES-2026-190,"HASSAN SALISU ISMAIL"
CON-RES-2026-1900,"ALHASSAN ABDULKADIR DANTATA"
CON-RES-2026-1901,"ALHASSAN ABDULKADIR DANTATA"
CON-RES-2026-1902,"ALHASSAN ABDULKADIR DANTATA"
CON-RES-2026-1903,"ALHASSAN ABDULKADIR DANTATA"
CON-RES-2026-1904,"ALHASSAN ABDULKADIR DANTATA"
CON-RES-2026-1905,"ALHASSAN ABDULKADIR DANTATA"
CON-RES-2026-1906,"ALHASSAN ABDULKADIR DANTATA"
CON-RES-2026-1907,"ALHASSAN ABDULKADIR DANTATA"
CON-RES-2026-1908,"ALHASSAN ABDULKADIR DANTATA"
CON-RES-2026-1909,"ALHASSAN ABDULKADIR DANTATA"
CON-RES-2026-191,"HASSAN SALISU ISMAIL"
CON-RES-2026-1910,"ALHASSAN ABDULKADIR DANTATA"
CON-RES-2026-1911,"ALHASSAN ABDULKADIR DANTATA"
CON-RES-2026-1912,"ALHASSAN ABDULKADIR DANTATA"
CON-RES-2026-1913,"ALHASSAN ABDULKADIR DANTATA"
CON-RES-2026-1914,"ALHASSAN ABDULKADIR DANTATA"
CON-RES-2026-1915,"ALHASSAN ABDULKADIR DANTATA"
CON-RES-2026-1916,"ALHASSAN ABDULKADIR DANTATA"
CON-RES-2026-1917,"ALHASSAN ABDULKADIR DANTATA"
CON-RES-2026-1918,"ALHASSAN ABDULKADIR DANTATA"
CON-RES-2026-1919,"ALHASSAN ABDULKADIR DANTATA"
CON-RES-2026-192,"HASSAN SALISU ISMAIL"
CON-RES-2026-1920,"ALHASSAN ABDULKADIR DANTATA"
CON-RES-2026-1921,"ALHASSAN ABDULKADIR DANTATA"
CON-RES-2026-1922,"ALHASSAN ABDULKADIR DANTATA"
CON-RES-2026-1923,"ALHASSAN ABDULKADIR DANTATA"
CON-RES-2026-1924,"ALHASSAN ABDULKADIR DANTATA"
CON-RES-2026-1925,"ALHASSAN ABDULKADIR DANTATA"
CON-RES-2026-1926,"ALHASSAN ABDULKADIR DANTATA"
CON-RES-2026-1927,"ALHASSAN ABDULKADIR DANTATA"
CON-RES-2026-1928,"ALHASSAN ABDULKADIR DANTATA"
CON-RES-2026-1929,"ALHASSAN ABDULKADIR DANTATA"
CON-RES-2026-193,"HASSAN SALISU ISMAIL"
CON-RES-2026-1930,"ALHASSAN ABDULKADIR DANTATA"
CON-RES-2026-1931,"ALHASSAN ABDULKADIR DANTATA"
CON-RES-2026-1932,"ALHASSAN ABDULKADIR DANTATA"
CON-RES-2026-1933,"ALHASSAN ABDULKADIR DANTATA"
CON-RES-2026-1934,"ALHASSAN ABDULKADIR DANTATA"
CON-RES-2026-1935,"ALHASSAN ABDULKADIR DANTATA"
CON-RES-2026-1936,"ALHASSAN ABDULKADIR DANTATA"
CON-RES-2026-1937,"ALHASSAN ABDULKADIR DANTATA"
CON-RES-2026-1938,"ALHASSAN ABDULKADIR DANTATA"
CON-RES-2026-1939,"ALHASSAN ABDULKADIR DANTATA"
CON-RES-2026-194,"HASSAN SALISU ISMAIL"
CON-RES-2026-1940,"ALHASSAN ABDULKADIR DANTATA"
CON-RES-2026-1941,"ALHASSAN ABDULKADIR DANTATA"
CON-RES-2026-1942,"ALHASSAN ABDULKADIR DANTATA"
CON-RES-2026-1943,"ALHASSAN ABDULKADIR DANTATA"
CON-RES-2026-1944,"ALHASSAN ABDULKADIR DANTATA"
CON-RES-2026-1945,"ALHASSAN ABDULKADIR DANTATA"
CON-RES-2026-1946,"ALHASSAN ABDULKADIR DANTATA"
CON-RES-2026-1947,"ALHASSAN ABDULKADIR DANTATA"
CON-RES-2026-1948,"ALHASSAN ABDULKADIR DANTATA"
CON-RES-2026-1949,"ALHASSAN ABDULKADIR DANTATA"
CON-RES-2026-195,"HASSAN SALISU ISMAIL"
CON-RES-2026-1951,"ALHASSAN ABDULKADIR DANTATA"
CON-RES-2026-1952,"ALHASSAN ABDULKADIR DANTATA"
CON-RES-2026-1953,"ALHASSAN ABDULKADIR DANTATA"
CON-RES-2026-1954,"ALHASSAN ABDULKADIR DANTATA"
CON-RES-2026-1955,"ALHASSAN ABDULKADIR DANTATA"
CON-RES-2026-1956,"ALHASSAN ABDULKADIR DANTATA"
CON-RES-2026-1957,"ALHASSAN ABDULKADIR DANTATA"
CON-RES-2026-1958,"ALHASSAN ABDULKADIR DANTATA"
CON-RES-2026-1959,"ALHASSAN ABDULKADIR DANTATA"
CON-RES-2026-196,"HASSAN SALISU ISMAIL"
CON-RES-2026-1960,"ALHASSAN ABDULKADIR DANTATA"
CON-RES-2026-1961,"ALHASSAN ABDULKADIR DANTATA"
CON-RES-2026-1962,"ALHASSAN ABDULKADIR DANTATA"
CON-RES-2026-1963,"ALHASSAN ABDULKADIR DANTATA"
CON-RES-2026-1964,"ALHASSAN ABDULKADIR DANTATA"
CON-RES-2026-1965,"ALHASSAN ABDULKADIR DANTATA"
CON-RES-2026-1966,"ALHASSAN ABDULKADIR DANTATA"
CON-RES-2026-1967,"ALHASSAN ABDULKADIR DANTATA"
CON-RES-2026-1968,"ALHASSAN ABDULKADIR DANTATA"
CON-RES-2026-1969,"ALHASSAN ABDULKADIR DANTATA"
CON-RES-2026-197,"HASSAN SALISU ISMAIL"
CON-RES-2026-1970,"ALHASSAN ABDULKADIR DANTATA"
CON-RES-2026-1971,"ALHASSAN ABDULKADIR DANTATA"
CON-RES-2026-1972,"ALHASSAN ABDULKADIR DANTATA"
CON-RES-2026-1973,"ALHASSAN ABDULKADIR DANTATA"
CON-RES-2026-1974,"ALHASSAN ABDULKADIR DANTATA"
CON-RES-2026-1975,"ALHASSAN ABDULKADIR DANTATA"
CON-RES-2026-1976,"ALHASSAN ABDULKADIR DANTATA"
CON-RES-2026-1977,"ALHASSAN ABDULKADIR DANTATA"
CON-RES-2026-1978,"ALHASSAN ABDULKADIR DANTATA"
CON-RES-2026-1979,"ALHASSAN ABDULKADIR DANTATA"
CON-RES-2026-198,"HASSAN SALISU ISMAIL"
CON-RES-2026-1980,"ALHASSAN ABDULKADIR DANTATA"
CON-RES-2026-1981,"ALHASSAN ABDULKADIR DANTATA"
CON-RES-2026-1982,"ALHASSAN ABDULKADIR DANTATA"
CON-RES-2026-1983,"ALHASSAN ABDULKADIR DANTATA"
CON-RES-2026-1984,"ALHASSAN ABDULKADIR DANTATA"
CON-RES-2026-1985,"ALHASSAN ABDULKADIR DANTATA"
CON-RES-2026-1986,"ALHASSAN ABDULKADIR DANTATA"
CON-RES-2026-1987,"ALHASSAN ABDULKADIR DANTATA"
CON-RES-2026-1988,"ALHASSAN ABDULKADIR DANTATA"
CON-RES-2026-1989,"ALHASSAN ABDULKADIR DANTATA"
CON-RES-2026-199,"HASSAN SALISU ISMAIL"
CON-RES-2026-1990,"ALHASSAN ABDULKADIR DANTATA"
CON-RES-2026-1991,"ALHASSAN ABDULKADIR DANTATA"
CON-RES-2026-1992,"ALHASSAN ABDULKADIR DANTATA"
CON-RES-2026-1993,"ALHASSAN ABDULKADIR DANTATA"
CON-RES-2026-1994,"ALHASSAN ABDULKADIR DANTATA"
CON-RES-2026-1995,"ALHASSAN ABDULKADIR DANTATA"
CON-RES-2026-1996,"ALHASSAN ABDULKADIR DANTATA"
CON-RES-2026-1997,"ALHASSAN ABDULKADIR DANTATA"
CON-RES-2026-1998,"ALHASSAN ABDULKADIR DANTATA"
CON-RES-2026-1999,"ALHASSAN ABDULKADIR DANTATA"
CON-RES-2026-200,"HASSAN SALISU ISMAIL"
CON-RES-2026-2000,"ALHASSAN ABDULKADIR DANTATA"
CON-RES-2026-2001,"ALHASSAN ABDULKADIR DANTATA"
CON-RES-2026-2002,"ALHASSAN ABDULKADIR DANTATA"
CON-RES-2026-2003,"ALHASSAN ABDULKADIR DANTATA"
CON-RES-2026-2004,"ALHASSAN ABDULKADIR DANTATA"
CON-RES-2026-2005,"ALHASSAN ABDULKADIR DANTATA"
CON-RES-2026-2006,"ALHASSAN ABDULKADIR DANTATA"
CON-RES-2026-2007,"ALHASSAN ABDULKADIR DANTATA"
CON-RES-2026-2008,"ALHASSAN ABDULKADIR DANTATA"
CON-RES-2026-2009,"ALHASSAN ABDULKADIR DANTATA"
CON-RES-2026-201,"ALH. RABIU AHMED"
CON-RES-2026-2010,"ALHASSAN ABDULKADIR DANTATA"
CON-RES-2026-2011,"ALHASSAN ABDULKADIR DANTATA"
CON-RES-2026-2012,"ALHASSAN ABDULKADIR DANTATA"
CON-RES-2026-2013,"ALHASSAN ABDULKADIR DANTATA"
CON-RES-2026-2014,"ALHASSAN ABDULKADIR DANTATA"
CON-RES-2026-2015,"ALHASSAN ABDULKADIR DANTATA"
CON-RES-2026-2016,"ALHASSAN ABDULKADIR DANTATA"
CON-RES-2026-2017,"ALHASSAN ABDULKADIR DANTATA"
CON-RES-2026-2018,"ALHASSAN ABDULKADIR DANTATA"
CON-RES-2026-2019,"ALHASSAN ABDULKADIR DANTATA"
CON-RES-2026-202,"TAHIR ZAKARI"
CON-RES-2026-2020,"ALHASSAN ABDULKADIR DANTATA"
CON-RES-2026-2021,"ALHASSAN ABDULKADIR DANTATA"
CON-RES-2026-2022,"ALHASSAN ABDULKADIR DANTATA"
CON-RES-2026-2023,"ALHASSAN ABDULKADIR DANTATA"
CON-RES-2026-2024,"ALHASSAN ABDULKADIR DANTATA"
CON-RES-2026-2025,"ALHASSAN ABDULKADIR DANTATA"
CON-RES-2026-2026,"ALHASSAN ABDULKADIR DANTATA"
CON-RES-2026-2027,"ALHASSAN ABDULKADIR DANTATA"
CON-RES-2026-2028,"ALHASSAN ABDULKADIR DANTATA"
CON-RES-2026-2029,"ALHASSAN ABDULKADIR DANTATA"
CON-RES-2026-203,"TAHIR ZAKARI"
CON-RES-2026-2030,"ALHASSAN ABDULKADIR DANTATA"
CON-RES-2026-2031,"ALHASSAN ABDULKADIR DANTATA"
CON-RES-2026-2032,"ALHASSAN ABDULKADIR DANTATA"
CON-RES-2026-2033,"ALHASSAN ABDULKADIR DANTATA"
CON-RES-2026-2034,"ALHASSAN ABDULKADIR DANTATA"
CON-RES-2026-2035,"ALHASSAN ABDULKADIR DANTATA"
CON-RES-2026-2036,"ALHASSAN ABDULKADIR DANTATA"
CON-RES-2026-2037,"ALHASSAN ABDULKADIR DANTATA"
CON-RES-2026-2038,"ALHASSAN ABDULKADIR DANTATA"
CON-RES-2026-2039,"ALHASSAN ABDULKADIR DANTATA"
CON-RES-2026-204,"TAHIR ZAKARI"
CON-RES-2026-2040,"ALHASSAN ABDULKADIR DANTATA"
CON-RES-2026-2041,"ALHASSAN ABDULKADIR DANTATA"
CON-RES-2026-2042,"ALHASSAN ABDULKADIR DANTATA"
CON-RES-2026-2043,"ALHASSAN ABDULKADIR DANTATA"
CON-RES-2026-2044,"ALHASSAN ABDULKADIR DANTATA"
CON-RES-2026-2045,"ALHASSAN ABDULKADIR DANTATA"
CON-RES-2026-2046,"ALHASSAN ABDULKADIR DANTATA"
CON-RES-2026-2047,"ALHASSAN ABDULKADIR DANTATA"
CON-RES-2026-2048,"ALHASSAN ABDULKADIR DANTATA"
CON-RES-2026-2049,"ALHASSAN ABDULKADIR DANTATA"
CON-RES-2026-205,"TAHIR ZAKARI"
CON-RES-2026-2050,"ALHASSAN ABDULKADIR DANTATA"
CON-RES-2026-2051,"ALHASSAN ABDULKADIR DANTATA"
CON-RES-2026-2052,"ALHASSAN ABDULKADIR DANTATA"
CON-RES-2026-2053,"ALHASSAN ABDULKADIR DANTATA"
CON-RES-2026-2054,"ALHASSAN ABDULKADIR DANTATA"
CON-RES-2026-2055,"ALHASSAN ABDULKADIR DANTATA"
CON-RES-2026-2056,"ALHASSAN ABDULKADIR DANTATA"
CON-RES-2026-2057,"ALHASSAN ABDULKADIR DANTATA"
CON-RES-2026-2058,"ALHASSAN ABDULKADIR DANTATA"
CON-RES-2026-2059,"ALHASSAN ABDULKADIR DANTATA"
CON-RES-2026-206,"TAHIR ZAKARI"
CON-RES-2026-2060,"ALHASSAN ABDULKADIR DANTATA"
CON-RES-2026-2061,"ALHASSAN ABDULKADIR DANTATA"
CON-RES-2026-2062,"ALHASSAN ABDULKADIR DANTATA"
CON-RES-2026-2063,"ALHASSAN ABDULKADIR DANTATA"
CON-RES-2026-2064,"ALHASSAN ABDULKADIR DANTATA"
CON-RES-2026-2065,"ALHASSAN ABDULKADIR DANTATA"
CON-RES-2026-2066,"ALHASSAN ABDULKADIR DANTATA"
CON-RES-2026-2067,"ALHASSAN ABDULKADIR DANTATA"
CON-RES-2026-2068,"ALHASSAN ABDULKADIR DANTATA"
CON-RES-2026-2069,"ALHASSAN ABDULKADIR DANTATA"
CON-RES-2026-207,"ADAM IBRAHIM TAHIR"
CON-RES-2026-2070,"ALHASSAN ABDULKADIR DANTATA"
CON-RES-2026-2071,"ALHASSAN ABDULKADIR DANTATA"
CON-RES-2026-2072,"ALHASSAN ABDULKADIR DANTATA"
CON-RES-2026-2073,"ALHASSAN ABDULKADIR DANTATA"
CON-RES-2026-2074,"ALHASSAN ABDULKADIR DANTATA"
CON-RES-2026-2075,"ALHASSAN ABDULKADIR DANTATA"
CON-RES-2026-2076,"ALHASSAN ABDULKADIR DANTATA"
CON-RES-2026-2077,"ALHASSAN ABDULKADIR DANTATA"
CON-RES-2026-2078,"ALHASSAN ABDULKADIR DANTATA"
CON-RES-2026-2079,"ALHASSAN ABDULKADIR DANTATA"
CON-RES-2026-208,"BALA ISA FAGGE"
CON-RES-2026-2080,"ALHASSAN ABDULKADIR DANTATA"
CON-RES-2026-2081,"ALHASSAN ABDULKADIR DANTATA"
CON-RES-2026-2082,"ALHASSAN ABDULKADIR DANTATA"
CON-RES-2026-2083,"ALHASSAN ABDULKADIR DANTATA"
CON-RES-2026-2084,"ALHASSAN ABDULKADIR DANTATA"
CON-RES-2026-2085,"ALHASSAN ABDULKADIR DANTATA"
CON-RES-2026-2086,"ALHASSAN ABDULKADIR DANTATA"
CON-RES-2026-2087,"ALHASSAN ABDULKADIR DANTATA"
CON-RES-2026-2088,"ALHASSAN ABDULKADIR DANTATA"
CON-RES-2026-2089,"ALHASSAN ABDULKADIR DANTATA"
CON-RES-2026-209,"TAHIR ZAKARI"
CON-RES-2026-2090,"ALHASSAN ABDULKADIR DANTATA"
CON-RES-2026-2091,"ALHASSAN ABDULKADIR DANTATA"
CON-RES-2026-2092,"ALHASSAN ABDULKADIR DANTATA"
CON-RES-2026-2093,"ALHASSAN ABDULKADIR DANTATA"
CON-RES-2026-2094,"ALHASSAN ABDULKADIR DANTATA"
CON-RES-2026-2095,"ALHASSAN ABDULKADIR DANTATA"
CON-RES-2026-2096,"ALHASSAN ABDULKADIR DANTATA"
CON-RES-2026-2097,"ALHASSAN ABDULKADIR DANTATA"
CON-RES-2026-2098,"ALHASSAN ABDULKADIR DANTATA"
CON-RES-2026-2099,"ALHASSAN ABDULKADIR DANTATA"
CON-RES-2026-210,"ALH. ABDUSALAM SABIU TANKO"
CON-RES-2026-2100,"ALHASSAN ABDULKADIR DANTATA"
CON-RES-2026-2101,"ALHASSAN ABDULKADIR DANTATA"
CON-RES-2026-2102,"ALHASSAN ABDULKADIR DANTATA"
CON-RES-2026-2103,"ALHASSAN ABDULKADIR DANTATA"
CON-RES-2026-2104,"ALHASSAN ABDULKADIR DANTATA"
CON-RES-2026-2105,"ALHASSAN ABDULKADIR DANTATA"
CON-RES-2026-2106,"ALHASSAN ABDULKADIR DANTATA"
CON-RES-2026-2107,"ALHASSAN ABDULKADIR DANTATA"
CON-RES-2026-2108,"ALHASSAN ABDULKADIR DANTATA"
CON-RES-2026-2109,"ALHASSAN ABDULKADIR DANTATA"
CON-RES-2026-211,"ANAS MUHAMMAD"
CON-RES-2026-2110,"ALHASSAN ABDULKADIR DANTATA"
CON-RES-2026-2111,"ALHASSAN ABDULKADIR DANTATA"
CON-RES-2026-2112,"ALHASSAN ABDULKADIR DANTATA"
CON-RES-2026-2113,"ALHASSAN ABDULKADIR DANTATA"
CON-RES-2026-2114,"ALHASSAN ABDULKADIR DANTATA"
CON-RES-2026-2115,"ALHASSAN ABDULKADIR DANTATA"
CON-RES-2026-2116,"ALHASSAN ABDULKADIR DANTATA"
CON-RES-2026-2117,"ALHASSAN ABDULKADIR DANTATA"
CON-RES-2026-2118,"ALHASSAN ABDULKADIR DANTATA"
CON-RES-2026-2119,"ALHASSAN ABDULKADIR DANTATA"
CON-RES-2026-212,"MAGAJI ABDULHAMID"
CON-RES-2026-2120,"ALHASSAN ABDULKADIR DANTATA"
CON-RES-2026-2121,"ALHASSAN ABDULKADIR DANTATA"
CON-RES-2026-2122,"ALHASSAN ABDULKADIR DANTATA"
CON-RES-2026-2123,"ALHASSAN ABDULKADIR DANTATA"
CON-RES-2026-2124,"ALHASSAN ABDULKADIR DANTATA"
CON-RES-2026-2125,"ALHASSAN ABDULKADIR DANTATA"
CON-RES-2026-2126,"ALHASSAN ABDULKADIR DANTATA"
CON-RES-2026-2127,"ALHASSAN ABDULKADIR DANTATA"
CON-RES-2026-2128,"ALHASSAN ABDULKADIR DANTATA"
CON-RES-2026-2129,"ALHASSAN ABDULKADIR DANTATA"
CON-RES-2026-213,"MAIFITILA FARM NIG LTD"
CON-RES-2026-2130,"ALHASSAN ABDULKADIR DANTATA"
CON-RES-2026-2131,"ALHASSAN ABDULKADIR DANTATA"
CON-RES-2026-2132,"ALHASSAN ABDULKADIR DANTATA"
CON-RES-2026-2133,"ALHASSAN ABDULKADIR DANTATA"
CON-RES-2026-2134,"ALHASSAN ABDULKADIR DANTATA"
CON-RES-2026-2135,"ALHASSAN ABDULKADIR DANTATA"
CON-RES-2026-2136,"ALHASSAN ABDULKADIR DANTATA"
CON-RES-2026-2137,"ALHASSAN ABDULKADIR DANTATA"
CON-RES-2026-2138,"ALHASSAN ABDULKADIR DANTATA"
CON-RES-2026-2139,"ALHASSAN ABDULKADIR DANTATA"
CON-RES-2026-214,"KANO EMIRATE COUNCIL"
CON-RES-2026-2140,"ALHASSAN ABDULKADIR DANTATA"
CON-RES-2026-2141,"ALHASSAN ABDULKADIR DANTATA"
CON-RES-2026-2142,"ALHASSAN ABDULKADIR DANTATA"
CON-RES-2026-2143,"ALHASSAN ABDULKADIR DANTATA"
CON-RES-2026-2144,"ALHASSAN ABDULKADIR DANTATA"
CON-RES-2026-2145,"ALHASSAN ABDULKADIR DANTATA"
CON-RES-2026-2146,"ALHASSAN ABDULKADIR DANTATA"
CON-RES-2026-2147,"ALHASSAN ABDULKADIR DANTATA"
CON-RES-2026-2148,"ALHASSAN ABDULKADIR DANTATA"
CON-RES-2026-2149,"ALHASSAN ABDULKADIR DANTATA"
CON-RES-2026-215,"KANO EMIRATE COUNCIL"
CON-RES-2026-2150,"ALHASSAN ABDULKADIR DANTATA"
CON-RES-2026-2151,"ALHASSAN ABDULKADIR DANTATA"
CON-RES-2026-2152,"ALHASSAN ABDULKADIR DANTATA"
CON-RES-2026-2153,"ALHASSAN ABDULKADIR DANTATA"
CON-RES-2026-2154,"ALHASSAN ABDULKADIR DANTATA"
CON-RES-2026-2155,"ALHASSAN ABDULKADIR DANTATA"
CON-RES-2026-2156,"ALHASSAN ABDULKADIR DANTATA"
CON-RES-2026-2157,"ALHASSAN ABDULKADIR DANTATA"
CON-RES-2026-2158,"ALHASSAN ABDULKADIR DANTATA"
CON-RES-2026-2159,"ALHASSAN ABDULKADIR DANTATA"
CON-RES-2026-216,"KANO EMIRATE COUNCIL"
CON-RES-2026-2160,"ALHASSAN ABDULKADIR DANTATA"
CON-RES-2026-2161,"ALHASSAN ABDULKADIR DANTATA"
CON-RES-2026-2162,"ALHASSAN ABDULKADIR DANTATA"
CON-RES-2026-2163,"ALHASSAN ABDULKADIR DANTATA"
CON-RES-2026-2164,"ALHASSAN ABDULKADIR DANTATA"
CON-RES-2026-2165,"ALHASSAN ABDULKADIR DANTATA"
CON-RES-2026-2166,"ALHASSAN ABDULKADIR DANTATA"
CON-RES-2026-2167,"ALHASSAN ABDULKADIR DANTATA"
CON-RES-2026-2168,"ALHASSAN ABDULKADIR DANTATA"
CON-RES-2026-2169,"ALHASSAN ABDULKADIR DANTATA"
CON-RES-2026-217,"KANO EMIRATE COUNCIL"
CON-RES-2026-2170,"ALHASSAN ABDULKADIR DANTATA"
CON-RES-2026-2171,"ALHASSAN ABDULKADIR DANTATA"
CON-RES-2026-2172,"ALHASSAN ABDULKADIR DANTATA"
CON-RES-2026-2173,"ALHASSAN ABDULKADIR DANTATA"
CON-RES-2026-2174,"ALHASSAN ABDULKADIR DANTATA"
CON-RES-2026-2175,"ALHASSAN ABDULKADIR DANTATA"
CON-RES-2026-2176,"ALHASSAN ABDULKADIR DANTATA"
CON-RES-2026-2177,"ALHASSAN ABDULKADIR DANTATA"
CON-RES-2026-2178,"ALHASSAN ABDULKADIR DANTATA"
CON-RES-2026-2179,"ALHASSAN ABDULKADIR DANTATA"
CON-RES-2026-218,"HUSSAINI ALHAJI HAMISU"
CON-RES-2026-2180,"ALHASSAN ABDULKADIR DANTATA"
CON-RES-2026-2181,"ALHASSAN ABDULKADIR DANTATA"
CON-RES-2026-2182,"ALHASSAN ABDULKADIR DANTATA"
CON-RES-2026-2183,"ALHASSAN ABDULKADIR DANTATA"
CON-RES-2026-2184,"ALHASSAN ABDULKADIR DANTATA"
CON-RES-2026-2185,"ALHASSAN ABDULKADIR DANTATA"
CON-RES-2026-2186,"ALHASSAN ABDULKADIR DANTATA"
CON-RES-2026-2187,"ALHASSAN ABDULKADIR DANTATA"
CON-RES-2026-2188,"ALHASSAN ABDULKADIR DANTATA"
CON-RES-2026-2189,"ALHASSAN ABDULKADIR DANTATA"
CON-RES-2026-219,"SERAPHIN MOVEMENT C"
CON-RES-2026-2190,"ALHASSAN ABDULKADIR DANTATA"
CON-RES-2026-2191,"ALHASSAN ABDULKADIR DANTATA"
CON-RES-2026-2192,"ALHASSAN ABDULKADIR DANTATA"
CON-RES-2026-2193,"ALHASSAN ABDULKADIR DANTATA"
CON-RES-2026-2194,"ALHASSAN ABDULKADIR DANTATA"
CON-RES-2026-2195,"ALHASSAN ABDULKADIR DANTATA"
CON-RES-2026-2196,"ALHASSAN ABDULKADIR DANTATA"
CON-RES-2026-2197,"ALHASSAN ABDULKADIR DANTATA"
CON-RES-2026-2198,"ALHASSAN ABDULKADIR DANTATA"
CON-RES-2026-2199,"ALHASSAN ABDULKADIR DANTATA"
CON-RES-2026-220,"AMINCHI INTERGRATED FARM"
CON-RES-2026-2200,"ALHASSAN ABDULKADIR DANTATA"
CON-RES-2026-2201,"ALHASSAN ABDULKADIR DANTATA"
CON-RES-2026-2202,"ALHASSAN ABDULKADIR DANTATA"
CON-RES-2026-2203,"ALHASSAN ABDULKADIR DANTATA"
CON-RES-2026-2204,"ALHASSAN ABDULKADIR DANTATA"
CON-RES-2026-2205,"ALHASSAN ABDULKADIR DANTATA"
CON-RES-2026-2206,"ALHASSAN ABDULKADIR DANTATA"
CON-RES-2026-2207,"ALHASSAN ABDULKADIR DANTATA"
CON-RES-2026-2208,"ALHASSAN ABDULKADIR DANTATA"
CON-RES-2026-2209,"ALHASSAN ABDULKADIR DANTATA"
CON-RES-2026-221,"MRS ALIYU CHRISTIANAH ONYIEYIOZA"
CON-RES-2026-2210,"ALHASSAN ABDULKADIR DANTATA"
CON-RES-2026-2211,"ALHASSAN ABDULKADIR DANTATA"
CON-RES-2026-2212,"ALHASSAN ABDULKADIR DANTATA"
CON-RES-2026-2213,"ALHASSAN ABDULKADIR DANTATA"
CON-RES-2026-2214,"ALHASSAN ABDULKADIR DANTATA"
CON-RES-2026-2215,"ALHASSAN ABDULKADIR DANTATA"
CON-RES-2026-2216,"ALHASSAN ABDULKADIR DANTATA"
CON-RES-2026-2217,"ALHASSAN ABDULKADIR DANTATA"
CON-RES-2026-2218,"ALHASSAN ABDULKADIR DANTATA"
CON-RES-2026-2219,"ALHASSAN ABDULKADIR DANTATA"
CON-RES-2026-222,"MRS ALIYU CHRISTIANAH ONYIEYIOZA"
CON-RES-2026-2220,"ALHASSAN ABDULKADIR DANTATA"
CON-RES-2026-2221,"ALHASSAN ABDULKADIR DANTATA"
CON-RES-2026-2222,"ALHASSAN ABDULKADIR DANTATA"
CON-RES-2026-2223,"ALHASSAN ABDULKADIR DANTATA"
CON-RES-2026-2224,"ALHASSAN ABDULKADIR DANTATA"
CON-RES-2026-2225,"ALHASSAN ABDULKADIR DANTATA"
CON-RES-2026-2226,"ALHASSAN ABDULKADIR DANTATA"
CON-RES-2026-2227,"ALHASSAN ABDULKADIR DANTATA"
CON-RES-2026-2228,"ALHASSAN ABDULKADIR DANTATA"
CON-RES-2026-2229,"ALHASSAN ABDULKADIR DANTATA"
CON-RES-2026-223,"NUHU BALA ADAMU"
CON-RES-2026-2230,"ALHASSAN ABDULKADIR DANTATA"
CON-RES-2026-2231,"ALHASSAN ABDULKADIR DANTATA"
CON-RES-2026-2232,"ALHASSAN ABDULKADIR DANTATA"
CON-RES-2026-2233,"ALHASSAN ABDULKADIR DANTATA"
CON-RES-2026-2234,"ALHASSAN ABDULKADIR DANTATA"
CON-RES-2026-2235,"HUSSAINI AHMED"
CON-RES-2026-2236,"NA'ABBA PETS GLOBAL VENTURE & PROPERTY COMPANY LTD"
CON-RES-2026-2237,"HUSSAINI AHMED"
CON-RES-2026-2238,"GLOBAL ALLIANCE VENTURE & PROPERTY COMPANY LTD"
CON-RES-2026-2239,"ALHASSAN ABDULKADIR DANTATA"
CON-RES-2026-224,"NUHU BALA ADAMU"
CON-RES-2026-2240,"ALHASSAN ABDULKADIR DANTATA"
CON-RES-2026-2241,"ALHASSAN ABDULKADIR DANTATA"
CON-RES-2026-2242,"ALHASSAN ABDULKADIR DANTATA"
CON-RES-2026-2243,"ALHASSAN ABDULKADIR DANTATA"
CON-RES-2026-2244,"ALHASSAN ABDULKADIR DANTATA"
CON-RES-2026-2245,"ALHASSAN ABDULKADIR DANTATA"
CON-RES-2026-2246,"ALHASSAN ABDULKADIR DANTATA"
CON-RES-2026-2247,"ALHASSAN ABDULKADIR DANTATA"
CON-RES-2026-2248,"ALHASSAN ABDULKADIR DANTATA"
CON-RES-2026-2249,"ALHASSAN ABDULKADIR DANTATA"
CON-RES-2026-225,"MANSUR ABDULHAMID"
CON-RES-2026-2250,"ALHASSAN ABDULKADIR DANTATA"
CON-RES-2026-2251,"ALHASSAN ABDULKADIR DANTATA"
CON-RES-2026-2252,"ALHASSAN ABDULKADIR DANTATA"
CON-RES-2026-2253,"ALHASSAN ABDULKADIR DANTATA"
CON-RES-2026-2254,"ALHASSAN ABDULKADIR DANTATA"
CON-RES-2026-2255,"ALHASSAN ABDULKADIR DANTATA"
CON-RES-2026-2256,"ALHASSAN ABDULKADIR DANTATA"
CON-RES-2026-2257,"ALHASSAN ABDULKADIR DANTATA"
CON-RES-2026-2258,"ALHASSAN ABDULKADIR DANTATA"
CON-RES-2026-2259,"ALHASSAN ABDULKADIR DANTATA"
CON-RES-2026-226,"AHMAD DAYYABU"
CON-RES-2026-2260,"ALHASSAN ABDULKADIR DANTATA"
CON-RES-2026-2261,"ALHASSAN ABDULKADIR DANTATA"
CON-RES-2026-2262,"ALHASSAN ABDULKADIR DANTATA"
CON-RES-2026-2263,"ALHASSAN ABDULKADIR DANTATA"
CON-RES-2026-2264,"ALHASSAN ABDULKADIR DANTATA"
CON-RES-2026-2265,"ALHASSAN ABDULKADIR DANTATA"
CON-RES-2026-2266,"ALHASSAN ABDULKADIR DANTATA"
CON-RES-2026-2267,"ALHASSAN ABDULKADIR DANTATA"
CON-RES-2026-2268,"ALHASSAN ABDULKADIR DANTATA"
CON-RES-2026-2269,"ALHASSAN ABDULKADIR DANTATA"
CON-RES-2026-227,"ALH MAIGARI WARU"
CON-RES-2026-2270,"ALHASSAN ABDULKADIR DANTATA"
CON-RES-2026-2271,"ALHASSAN ABDULKADIR DANTATA"
CON-RES-2026-2272,"ALHASSAN ABDULKADIR DANTATA"
CON-RES-2026-2273,"ALHASSAN ABDULKADIR DANTATA"
CON-RES-2026-2274,"ALHASSAN ABDULKADIR DANTATA"
CON-RES-2026-2275,"ALHASSAN ABDULKADIR DANTATA"
CON-RES-2026-2276,"ALHASSAN ABDULKADIR DANTATA"
CON-RES-2026-2277,"ALHASSAN ABDULKADIR DANTATA"
CON-RES-2026-2278,"ALHASSAN ABDULKADIR DANTATA"
CON-RES-2026-2279,"ALHASSAN ABDULKADIR DANTATA"
CON-RES-2026-228,"ALH MAIGARI WARU"
CON-RES-2026-2280,"ALHASSAN ABDULKADIR DANTATA"
CON-RES-2026-2281,"ALHASSAN ABDULKADIR DANTATA"
CON-RES-2026-2282,"ALHASSAN ABDULKADIR DANTATA"
CON-RES-2026-2283,"ALHASSAN ABDULKADIR DANTATA"
CON-RES-2026-2284,"ALHASSAN ABDULKADIR DANTATA"
CON-RES-2026-2285,"ALHASSAN ABDULKADIR DANTATA"
CON-RES-2026-2286,"ALHASSAN ABDULKADIR DANTATA"
CON-RES-2026-2287,"ALHASSAN ABDULKADIR DANTATA"
CON-RES-2026-2288,"ALHASSAN ABDULKADIR DANTATA"
CON-RES-2026-2289,"ALHASSAN ABDULKADIR DANTATA"
CON-RES-2026-229,"DALHA LAWAN IBRAHIM"
CON-RES-2026-2290,"ALHASSAN ABDULKADIR DANTATA"
CON-RES-2026-2291,"ALHASSAN ABDULKADIR DANTATA"
CON-RES-2026-2292,"ALHASSAN ABDULKADIR DANTATA"
CON-RES-2026-2293,"ALHASSAN ABDULKADIR DANTATA"
CON-RES-2026-2294,"ALHASSAN ABDULKADIR DANTATA"
CON-RES-2026-2295,"ALHASSAN ABDULKADIR DANTATA"
CON-RES-2026-2296,"ALHASSAN ABDULKADIR DANTATA"
CON-RES-2026-2297,"ALHASSAN ABDULKADIR DANTATA"
CON-RES-2026-2298,"ALHASSAN ABDULKADIR DANTATA"
CON-RES-2026-2299,"ALHASSAN ABDULKADIR DANTATA"
CON-RES-2026-230,"MOHAMMED KABIR SALEH"
CON-RES-2026-2300,"ALHASSAN ABDULKADIR DANTATA"
CON-RES-2026-2301,"ALHASSAN ABDULKADIR DANTATA"
CON-RES-2026-2302,"ALHASSAN ABDULKADIR DANTATA"
CON-RES-2026-2303,"ALHASSAN ABDULKADIR DANTATA"
CON-RES-2026-2304,"ALHASSAN ABDULKADIR DANTATA"
CON-RES-2026-2305,"ALHASSAN ABDULKADIR DANTATA"
CON-RES-2026-2306,"ALHASSAN ABDULKADIR DANTATA"
CON-RES-2026-2307,"ALHASSAN ABDULKADIR DANTATA"
CON-RES-2026-2308,"ALHASSAN ABDULKADIR DANTATA"
CON-RES-2026-2309,"ALHASSAN ABDULKADIR DANTATA"
CON-RES-2026-231,"SANI ABDULRASHID ROGO"
CON-RES-2026-2310,"ALHASSAN ABDULKADIR DANTATA"
CON-RES-2026-2311,"ALHASSAN ABDULKADIR DANTATA"
CON-RES-2026-2312,"ALHASSAN ABDULKADIR DANTATA"
CON-RES-2026-2313,"ALHASSAN ABDULKADIR DANTATA"
CON-RES-2026-2315,"ALHASSAN ABDULKADIR DANTATA"
CON-RES-2026-2316,"ALHASSAN ABDULKADIR DANTATA"
CON-RES-2026-2317,"ALHASSAN ABDULKADIR DANTATA"
CON-RES-2026-2318,"ALHASSAN ABDULKADIR DANTATA"
CON-RES-2026-2319,"ALHASSAN ABDULKADIR DANTATA"
CON-RES-2026-232,"SANI ABDULRASHID ROGO"
CON-RES-2026-2320,"ALHASSAN ABDULKADIR DANTATA"
CON-RES-2026-2321,"ALHASSAN ABDULKADIR DANTATA"
CON-RES-2026-2322,"ALHASSAN ABDULKADIR DANTATA"
CON-RES-2026-2323,"ALHASSAN ABDULKADIR DANTATA"
CON-RES-2026-2324,"ALHASSAN ABDULKADIR DANTATA"
CON-RES-2026-2325,"ALHASSAN ABDULKADIR DANTATA"
CON-RES-2026-2326,"ALHASSAN ABDULKADIR DANTATA"
CON-RES-2026-2327,"ALHASSAN ABDULKADIR DANTATA"
CON-RES-2026-2328,"ALHASSAN ABDULKADIR DANTATA"
CON-RES-2026-2329,"ALHASSAN ABDULKADIR DANTATA"
CON-RES-2026-233,"SANI ABDULRASHID ROGO"
CON-RES-2026-2330,"ALHASSAN ABDULKADIR DANTATA"
CON-RES-2026-2331,"ALHASSAN ABDULKADIR DANTATA"
CON-RES-2026-2332,"ALHASSAN ABDULKADIR DANTATA"
CON-RES-2026-2333,"ALHASSAN ABDULKADIR DANTATA"
CON-RES-2026-2334,"ALHASSAN ABDULKADIR DANTATA"
CON-RES-2026-2335,"ALHASSAN ABDULKADIR DANTATA"
CON-RES-2026-2336,"ALHASSAN ABDULKADIR DANTATA"
CON-RES-2026-2337,"ALHASSAN ABDULKADIR DANTATA"
CON-RES-2026-2338,"ALHASSAN ABDULKADIR DANTATA"
CON-RES-2026-2339,"ALHASSAN ABDULKADIR DANTATA"
CON-RES-2026-234,"USMAN UMARU GWARIMPA"
CON-RES-2026-2340,"ALHASSAN ABDULKADIR DANTATA"
CON-RES-2026-2341,"ALHASSAN ABDULKADIR DANTATA"
CON-RES-2026-2342,"ALHASSAN ABDULKADIR DANTATA"
CON-RES-2026-2343,"ALHASSAN ABDULKADIR DANTATA"
CON-RES-2026-2344,"ALHASSAN ABDULKADIR DANTATA"
CON-RES-2026-2345,"ALHASSAN ABDULKADIR DANTATA"
CON-RES-2026-2346,"ALHASSAN ABDULKADIR DANTATA"
CON-RES-2026-2347,"ALHASSAN ABDULKADIR DANTATA"
CON-RES-2026-2348,"ALHASSAN ABDULKADIR DANTATA"
CON-RES-2026-2349,"ALHASSAN ABDULKADIR DANTATA"
CON-RES-2026-235,"IBRAHIM IBRAHIM AYUBA"
CON-RES-2026-2350,"ALHASSAN ABDULKADIR DANTATA"
CON-RES-2026-2351,"ALHASSAN ABDULKADIR DANTATA"
CON-RES-2026-2352,"ALHASSAN ABDULKADIR DANTATA"
CON-RES-2026-2353,"ALHASSAN ABDULKADIR DANTATA"
CON-RES-2026-2354,"ALHASSAN ABDULKADIR DANTATA"
CON-RES-2026-2355,"ALHASSAN ABDULKADIR DANTATA"
CON-RES-2026-2356,"ALHASSAN ABDULKADIR DANTATA"
CON-RES-2026-2357,"ALHASSAN ABDULKADIR DANTATA"
CON-RES-2026-2358,"ALHASSAN ABDULKADIR DANTATA"
CON-RES-2026-2359,"ALHASSAN ABDULKADIR DANTATA"
CON-RES-2026-236,"ISMAIL ZAKARI"
CON-RES-2026-2360,"ALHASSAN ABDULKADIR DANTATA"
CON-RES-2026-2361,"ALHASSAN ABDULKADIR DANTATA"
CON-RES-2026-2362,"ALHASSAN ABDULKADIR DANTATA"
CON-RES-2026-2363,"ALHASSAN ABDULKADIR DANTATA"
CON-RES-2026-2364,"ALHASSAN ABDULKADIR DANTATA"
CON-RES-2026-2365,"ALHASSAN ABDULKADIR DANTATA"
CON-RES-2026-2366,"ALHASSAN ABDULKADIR DANTATA"
CON-RES-2026-2367,"ALHASSAN ABDULKADIR DANTATA"
CON-RES-2026-2368,"ALHASSAN ABDULKADIR DANTATA"
CON-RES-2026-2369,"ALHASSAN ABDULKADIR DANTATA"
CON-RES-2026-237,"GIFT ONYIN KING"
CON-RES-2026-2370,"ALHASSAN ABDULKADIR DANTATA"
CON-RES-2026-2371,"ALHASSAN ABDULKADIR DANTATA"
CON-RES-2026-2372,"ALHASSAN ABDULKADIR DANTATA"
CON-RES-2026-2373,"ALHASSAN ABDULKADIR DANTATA"
CON-RES-2026-2374,"ALHASSAN ABDULKADIR DANTATA"
CON-RES-2026-2375,"ALHASSAN ABDULKADIR DANTATA"
CON-RES-2026-2376,"ALHASSAN ABDULKADIR DANTATA"
CON-RES-2026-2377,"ALHASSAN ABDULKADIR DANTATA"
CON-RES-2026-2378,"ALHASSAN ABDULKADIR DANTATA"
CON-RES-2026-2379,"ALHASSAN ABDULKADIR DANTATA"
CON-RES-2026-238,"MAL. IBRAHIM ISA DALA"
CON-RES-2026-2380,"ALHASSAN ABDULKADIR DANTATA"
CON-RES-2026-2381,"ALHASSAN ABDULKADIR DANTATA"
CON-RES-2026-2382,"ALHASSAN ABDULKADIR DANTATA"
CON-RES-2026-2383,"ALHASSAN ABDULKADIR DANTATA"
CON-RES-2026-2384,"ALHASSAN ABDULKADIR DANTATA"
CON-RES-2026-2385,"ALHASSAN ABDULKADIR DANTATA"
CON-RES-2026-2386,"ALHASSAN ABDULKADIR DANTATA"
CON-RES-2026-2387,"ALHASSAN ABDULKADIR DANTATA"
CON-RES-2026-2388,"ALHASSAN ABDULKADIR DANTATA"
CON-RES-2026-2389,"ALHASSAN ABDULKADIR DANTATA"
CON-RES-2026-239,"MR& MRS KOLAWOLE AND OLUFUNKE EWUOSHO"
CON-RES-2026-2390,"ALHASSAN ABDULKADIR DANTATA"
CON-RES-2026-2391,"ALHASSAN ABDULKADIR DANTATA"
CON-RES-2026-2392,"ALHASSAN ABDULKADIR DANTATA"
CON-RES-2026-2393,"ALHASSAN ABDULKADIR DANTATA"
CON-RES-2026-2394,"ALHASSAN ABDULKADIR DANTATA"
CON-RES-2026-2395,"ALHASSAN ABDULKADIR DANTATA"
CON-RES-2026-2396,"ALHASSAN ABDULKADIR DANTATA"
CON-RES-2026-2397,"ALHASSAN ABDULKADIR DANTATA"
CON-RES-2026-2398,"ALHASSAN ABDULKADIR DANTATA"
CON-RES-2026-2399,"ALHASSAN ABDULKADIR DANTATA"
CON-RES-2026-240,"MOHAMMAD ABKAR HARUN USMAN"
CON-RES-2026-2400,"ALHASSAN ABDULKADIR DANTATA"
CON-RES-2026-2401,"ALHASSAN ABDULKADIR DANTATA"
CON-RES-2026-2402,"ALHASSAN ABDULKADIR DANTATA"
CON-RES-2026-2403,"ALHASSAN ABDULKADIR DANTATA"
CON-RES-2026-2404,"ALHASSAN ABDULKADIR DANTATA"
CON-RES-2026-2405,"ALHASSAN ABDULKADIR DANTATA"
CON-RES-2026-2406,"ALHASSAN ABDULKADIR DANTATA"
CON-RES-2026-2407,"ALHASSAN ABDULKADIR DANTATA"
CON-RES-2026-2408,"ALHASSAN ABDULKADIR DANTATA"
CON-RES-2026-2409,"ALHASSAN ABDULKADIR DANTATA"
CON-RES-2026-241,"AISHATU YAHYA MUHAMMAD"
CON-RES-2026-2410,"ALHASSAN ABDULKADIR DANTATA"
CON-RES-2026-2411,"ALHASSAN ABDULKADIR DANTATA"
CON-RES-2026-2412,"ALHASSAN ABDULKADIR DANTATA"
CON-RES-2026-2413,"ALHASSAN ABDULKADIR DANTATA"
CON-RES-2026-2414,"ALHASSAN ABDULKADIR DANTATA"
CON-RES-2026-2415,"ALHASSAN ABDULKADIR DANTATA"
CON-RES-2026-2416,"ALHASSAN ABDULKADIR DANTATA"
CON-RES-2026-2417,"ALHASSAN ABDULKADIR DANTATA"
CON-RES-2026-2418,"ALHASSAN ABDULKADIR DANTATA"
CON-RES-2026-2419,"ALHASSAN ABDULKADIR DANTATA"
CON-RES-2026-242,"AUWALU YUSUF GUMEL"
CON-RES-2026-2420,"ALHASSAN ABDULKADIR DANTATA"
CON-RES-2026-2421,"ALHASSAN ABDULKADIR DANTATA"
CON-RES-2026-2422,"ALHASSAN ABDULKADIR DANTATA"
CON-RES-2026-2423,"ALHASSAN ABDULKADIR DANTATA"
CON-RES-2026-2424,"ALHASSAN ABDULKADIR DANTATA"
CON-RES-2026-2425,"ALHASSAN ABDULKADIR DANTATA"
CON-RES-2026-2426,"ALHASSAN ABDULKADIR DANTATA"
CON-RES-2026-2427,"ALHASSAN ABDULKADIR DANTATA"
CON-RES-2026-2428,"ALHASSAN ABDULKADIR DANTATA"
CON-RES-2026-2429,"ALHASSAN ABDULKADIR DANTATA"
CON-RES-2026-243,"MOHAMMED YAYA TAHIR"
CON-RES-2026-2430,"ALHASSAN ABDULKADIR DANTATA"
CON-RES-2026-2431,"ALHASSAN ABDULKADIR DANTATA"
CON-RES-2026-2432,"ALHASSAN ABDULKADIR DANTATA"
CON-RES-2026-2433,"ALHASSAN ABDULKADIR DANTATA"
CON-RES-2026-2434,"ALHASSAN ABDULKADIR DANTATA"
CON-RES-2026-2435,"ALHASSAN ABDULKADIR DANTATA"
CON-RES-2026-2436,"ALHASSAN ABDULKADIR DANTATA"
CON-RES-2026-2437,"ALHASSAN ABDULKADIR DANTATA"
CON-RES-2026-2438,"ALHASSAN ABDULKADIR DANTATA"
CON-RES-2026-2439,"ALHASSAN ABDULKADIR DANTATA"
CON-RES-2026-244,"SAGIR SALIHU"
CON-RES-2026-2440,"ALHASSAN ABDULKADIR DANTATA"
CON-RES-2026-2441,"ALHASSAN ABDULKADIR DANTATA"
CON-RES-2026-2442,"ALHASSAN ABDULKADIR DANTATA"
CON-RES-2026-2443,"ALHASSAN ABDULKADIR DANTATA"
CON-RES-2026-2444,"ALHASSAN ABDULKADIR DANTATA"
CON-RES-2026-2445,"ALHASSAN ABDULKADIR DANTATA"
CON-RES-2026-2446,"ALHASSAN ABDULKADIR DANTATA"
CON-RES-2026-2447,"ALHASSAN ABDULKADIR DANTATA"
CON-RES-2026-2448,"ALHASSAN ABDULKADIR DANTATA"
CON-RES-2026-2449,"ALHASSAN ABDULKADIR DANTATA"
CON-RES-2026-245,"AMANA TRUST HOMES LTD"
CON-RES-2026-2450,"ALHASSAN ABDULKADIR DANTATA"
CON-RES-2026-2451,"ALHASSAN ABDULKADIR DANTATA"
CON-RES-2026-2452,"ALHASSAN ABDULKADIR DANTATA"
CON-RES-2026-2453,"ALHASSAN ABDULKADIR DANTATA"
CON-RES-2026-2454,"ALHASSAN ABDULKADIR DANTATA"
CON-RES-2026-2455,"ALHASSAN ABDULKADIR DANTATA"
CON-RES-2026-2456,"ALHASSAN ABDULKADIR DANTATA"
CON-RES-2026-2457,"ALHASSAN ABDULKADIR DANTATA"
CON-RES-2026-2458,"ALHASSAN ABDULKADIR DANTATA"
CON-RES-2026-2459,"ALHASSAN ABDULKADIR DANTATA"
CON-RES-2026-246,"ABDULLAHI ZUBAIRU MAIKUDI"
CON-RES-2026-2460,"ALHASSAN ABDULKADIR DANTATA"
CON-RES-2026-2461,"ALHASSAN ABDULKADIR DANTATA"
CON-RES-2026-2462,"ALHASSAN ABDULKADIR DANTATA"
CON-RES-2026-2463,"ALHASSAN ABDULKADIR DANTATA"
CON-RES-2026-2464,"ALHASSAN ABDULKADIR DANTATA"
CON-RES-2026-2465,"ALHASSAN ABDULKADIR DANTATA"
CON-RES-2026-2466,"ALHASSAN ABDULKADIR DANTATA"
CON-RES-2026-2467,"ALHASSAN ABDULKADIR DANTATA"
CON-RES-2026-2468,"ALHASSAN ABDULKADIR DANTATA"
CON-RES-2026-2469,"ALHASSAN ABDULKADIR DANTATA"
CON-RES-2026-247,"SAMIR SUNUSI ABUBAKAR"
CON-RES-2026-2470,"ALHASSAN ABDULKADIR DANTATA"
CON-RES-2026-2471,"ALHASSAN ABDULKADIR DANTATA"
CON-RES-2026-2472,"ALHASSAN ABDULKADIR DANTATA"
CON-RES-2026-2473,"ALHASSAN ABDULKADIR DANTATA"
CON-RES-2026-2474,"ALHASSAN ABDULKADIR DANTATA"
CON-RES-2026-2475,"ALHASSAN ABDULKADIR DANTATA"
CON-RES-2026-2476,"ALHASSAN ABDULKADIR DANTATA"
CON-RES-2026-2477,"ALHASSAN ABDULKADIR DANTATA"
CON-RES-2026-2478,"ALHASSAN ABDULKADIR DANTATA"
CON-RES-2026-2479,"ALHASSAN ABDULKADIR DANTATA"
CON-RES-2026-248,"NURA NAIYA ADAMU"
CON-RES-2026-2480,"ALHASSAN ABDULKADIR DANTATA"
CON-RES-2026-2481,"ALHASSAN ABDULKADIR DANTATA"
CON-RES-2026-2482,"ALHASSAN ABDULKADIR DANTATA"
CON-RES-2026-2483,"ALHASSAN ABDULKADIR DANTATA"
CON-RES-2026-2484,"ALHASSAN ABDULKADIR DANTATA"
CON-RES-2026-2485,"ALHASSAN ABDULKADIR DANTATA"
CON-RES-2026-2486,"ALHASSAN ABDULKADIR DANTATA"
CON-RES-2026-2487,"ALHASSAN ABDULKADIR DANTATA"
CON-RES-2026-2488,"ALHASSAN ABDULKADIR DANTATA"
CON-RES-2026-2489,"ALHASSAN ABDULKADIR DANTATA"
CON-RES-2026-249,"NURA NAIYA ADAMU"
CON-RES-2026-2490,"ALHASSAN ABDULKADIR DANTATA"
CON-RES-2026-2491,"ALHASSAN ABDULKADIR DANTATA"
CON-RES-2026-2492,"ALHASSAN ABDULKADIR DANTATA"
CON-RES-2026-2493,"ALHASSAN ABDULKADIR DANTATA"
CON-RES-2026-2494,"ALHASSAN ABDULKADIR DANTATA"
CON-RES-2026-2495,"ALHASSAN ABDULKADIR DANTATA"
CON-RES-2026-2496,"ALHASSAN ABDULKADIR DANTATA"
CON-RES-2026-2497,"ALHASSAN ABDULKADIR DANTATA"
CON-RES-2026-2498,"ALHASSAN ABDULKADIR DANTATA"
CON-RES-2026-2499,"ALHASSAN ABDULKADIR DANTATA"
CON-RES-2026-250,"BASHIR TIJJANI USMAN"
CON-RES-2026-2500,"ALHASSAN ABDULKADIR DANTATA"
CON-RES-2026-2501,"ALHASSAN ABDULKADIR DANTATA"
CON-RES-2026-2502,"ALHASSAN ABDULKADIR DANTATA"
CON-RES-2026-2503,"ALHASSAN ABDULKADIR DANTATA"
CON-RES-2026-2504,"ALHASSAN ABDULKADIR DANTATA"
CON-RES-2026-2505,"ALHASSAN ABDULKADIR DANTATA"
CON-RES-2026-2506,"ALHASSAN ABDULKADIR DANTATA"
CON-RES-2026-2507,"ALHASSAN ABDULKADIR DANTATA"
CON-RES-2026-2508,"ALHASSAN ABDULKADIR DANTATA"
CON-RES-2026-2509,"ALHASSAN ABDULKADIR DANTATA"
CON-RES-2026-251,"HAUWA SALEH"
CON-RES-2026-2510,"ALHASSAN ABDULKADIR DANTATA"
CON-RES-2026-2511,"ALHASSAN ABDULKADIR DANTATA"
CON-RES-2026-2512,"ALHASSAN ABDULKADIR DANTATA"
CON-RES-2026-2513,"ALHASSAN ABDULKADIR DANTATA"
CON-RES-2026-2514,"ALHASSAN ABDULKADIR DANTATA"
CON-RES-2026-2515,"IBRAHIM ADAMU IBRAHIM"
CON-RES-2026-2516,"ALI ABUBAKAR"
CON-RES-2026-2517,"JAMILU YUNUSA"
CON-RES-2026-2518,"SHAFI'I ADAMU SHITU"
CON-RES-2026-2519,"SHAAIBU YUSHAU"
CON-RES-2026-252,"AUWALU YAHAYA ABDULLAHI"
CON-RES-2026-2520,"AMINU SULAIMAN ADAMU"
CON-RES-2026-2521,"ADAM BABA WAPA"
CON-RES-2026-2522,"ADAM BABA WAPA"
CON-RES-2026-2523,"ADAM BABA WAPA"
CON-RES-2026-2525,"NAMILION EXIT MOTOR NIG LTD"
CON-RES-2026-2526,"ALH MUTARI SALISU"
CON-RES-2026-2527,"ABUBAKAR MIKO ABDURAHMAN"
CON-RES-2026-2528,"SAMUEL OLINYA"
CON-RES-2026-2529,"MUHAMMAD SANI UTAI"
CON-RES-2026-253,"ALH MUHAMMADU NAGUDU"
CON-RES-2026-2530,"MUHAMMAD SANI UTAI"
CON-RES-2026-2531,"IDRIS SULAIMAN ALASAN"
CON-RES-2026-2532,"SAKARASTA MINING NIGERIA LTD"
CON-RES-2026-2533,"SIRAJO MOHAMMED DAN SUMAILA"
CON-RES-2026-2534,"ABDURRAZAK MUHAMMAD IBRAHIM"
CON-RES-2026-2535,"SANI UMAR"
CON-RES-2026-2536,"ONYEKA MATHIAS ONWUAMU"
CON-RES-2026-2537,"MARYAM SAMUEL MUSA"
CON-RES-2026-2538,"ABDULLAHI AHMED DAYEKH"
CON-RES-2026-2539,"AWE OLUGBENGA OLADIPUPO"
CON-RES-2026-254,"SABIU ADO KHALIL"
CON-RES-2026-2540,"ADEPOJU MATTHEW TAIWO"
CON-RES-2026-2541,"MUHAMMAD MAUNI MAISIKELI"
CON-RES-2026-2542,"USMAN GARBA"
CON-RES-2026-2543,"COLEMAN OBI"
CON-RES-2026-2544,"ZAHARADDEEN ABUBAKAR MUSA"
CON-RES-2026-2545,"BASHIR MAHE WALI"
CON-RES-2026-2546,"BASHIR MAHE WALI"
CON-RES-2026-2547,"BASHIR MAHE WALI"
CON-RES-2026-2548,"BASHIR MAHE WALI"
CON-RES-2026-2549,"BASHIR MAHE WALI"
CON-RES-2026-255,"DAHIRU SAIDU ABDULLAHI"
CON-RES-2026-2550,"BASHIR MAHE WALI"
CON-RES-2026-2551,"BASHIR MAHE WALI"
CON-RES-2026-2552,"BASHIR MAHE WALI"
CON-RES-2026-2553,"ALI ADAMU MUHAMMAD"
CON-RES-2026-2554,"MUSTAFA KABIR NASIR"
CON-RES-2026-2555,"DR. ABBA BADAMASI KANKAROFI"
CON-RES-2026-2556,"ALH .SULE ABDULLAHI"
CON-RES-2026-2557,"ALH SULE ABDULLAHI"
CON-RES-2026-2558,"ALH SULE ABDULLAHI"
CON-RES-2026-2559,"ALH SHAIBU SALISU"
CON-RES-2026-256,"SAADATU HARUNA ALIYU"
CON-RES-2026-2560,"ABDULLAHI USMAN UMAR YAKASAI"
CON-RES-2026-2561,"NUHU JAFARU AND ABDULKARIM JAFAR"
CON-RES-2026-2562,"ARYAN AREEF SMART HOMES"
CON-RES-2026-2563,"ARYAN AREEF SMART HOMES"
CON-RES-2026-2564,"SANI YUSUF"
CON-RES-2026-2565,"ANAS YUSUF CHINDO"
CON-RES-2026-2566,"ARYAN AREEF SMART HOMES"
CON-RES-2026-2567,"HUZAIFA ABUBAKAR SULAIMAN"
CON-RES-2026-2568,"ADAMU ABUBAKAR ADAM"
CON-RES-2026-2569,"IBRAHIM SULEIMAN"
CON-RES-2026-257,"KELECHUKWU OSONDU"
CON-RES-2026-2570,"ISMAIL MIKO IBRAHIM"
CON-RES-2026-2571,"ALIYU SANI IDRIS"
CON-RES-2026-2572,"ABDULLAHI IYAL"
CON-RES-2026-2573,"ABDURAHMAN LAWAN"
CON-RES-2026-2574,"KHALID ABUBAKAR SULAIMAN"
CON-RES-2026-2575,"SAFIYANU ISMAIL"
CON-RES-2026-2576,"HIGHLIGHT CONSULTING SERVICES LIMITED"
CON-RES-2026-2577,"THE ESTATE OF LATE AMINU ALHASSAN DANTATA"
CON-RES-2026-2578,"HUSSAINI LAWAL"
CON-RES-2026-2579,"YUSUF MUHAMMAD MAINASARA"
CON-RES-2026-258,"OLIVER IZUCHUKWU OLEH"
CON-RES-2026-2580,"MUKHTAR TUKUR"
CON-RES-2026-2581,"HAMISU RABIU MAHMUD"
CON-RES-2026-2582,"MUKHTAR TUKUR"
CON-RES-2026-2583,"SULAIMAN SULAIMAN SANI"
CON-RES-2026-2584,"AAHIRU HARUNA MUSA"
CON-RES-2026-2585,"OLANIYI ISHOLA TAOFEEQ"
CON-RES-2026-2586,"SANI RIDWAN MUSA"
CON-RES-2026-2587,"ALH TIJANI GALADIMA KABARA"
CON-RES-2026-2588,"IBRAHIM MUHAMMAD SHUWAKI"
CON-RES-2026-2589,"IBRAHIM MUHAMMAD SHUWAKI"
CON-RES-2026-259,"OLIVER IZUCHUKWU OLEH"
CON-RES-2026-2590,"IBRAHIM MUHAMMAD SHUWAKI"
CON-RES-2026-2591,"KHADIJA M SAIDU"
CON-RES-2026-2592,"GARBA BABAJI"
CON-RES-2026-2593,"RUFAI LIRWAN DISO"
CON-RES-2026-2594,"KABIRU YUSUF"
CON-RES-2026-2595,"SHEHU UMAR GARKO"
CON-RES-2026-2596,"Mr PIUS ODIMEGWU NWANJI"
CON-RES-2026-2597,"MARYAM HAMZA"
CON-RES-2026-2598,"LAWAN SALEH"
CON-RES-2026-2599,"SALISU SANI MUSA"
CON-RES-2026-260,"OLIVER IZUCHUKWU OLEH"
CON-RES-2026-2600,"IDRIS IBRAHIM"
CON-RES-2026-2601,"SANI ISYAKU ABUBAKAR"
CON-RES-2026-2602,"BALA M ZAKARI TRADE CO.LTD"
CON-RES-2026-2603,"HAMISU MUSA YALWA"
CON-RES-2026-2604,"ALH ABDULLAHI DAN BABA TANKO"
CON-RES-2026-2605,"MUHAMMAD GALI NASIDI"
CON-RES-2026-2606,"ANDERSON MERCY NANSOH"
CON-RES-2026-2607,"KURRATU MUAZU"
CON-RES-2026-2608,"MUSBAHU ADAMU"
CON-RES-2026-2609,"BASHIR AHMAD DAN MALAM"
CON-RES-2026-261,"SIRAJO MOHAMMED SUMAILA"
CON-RES-2026-2610,"MUBARAK SHEHU MOHAMMED"
CON-RES-2026-2611,"MUSBAHU ADAMU"
CON-RES-2026-2612,"MURTALA RAJI"
CON-RES-2026-2613,"ALH BULAMA MUHAMMAD"
CON-RES-2026-2614,"NUHU ABDULLAHI BALARABE"
CON-RES-2026-2615,"HAFIZU ZUBAIRU ABDULLAHI"
CON-RES-2026-2616,"BUHARI MUSA"
CON-RES-2026-2617,"ABUBAKAR ZUBAIR BELLO"
CON-RES-2026-2618,"HAUWA SALEH"
CON-RES-2026-2619,"ALH JIBRIN SHUAIBU ALA"
CON-RES-2026-262,"HAUWA SALEH"
CON-RES-2026-2620,"ALHAJI JIBRIN SHUAIBU ALA"
CON-RES-2026-2621,"GARBA ILIYASU"
CON-RES-2026-2622,"MUSTAFA SAGIR IDRIS"
CON-RES-2026-2623,"ALHAJI MUSTAPHA GARBA"
CON-RES-2026-2624,"ALH MUSTAPHA BAKO SALIHU"
CON-RES-2026-2625,"SHARIFATU MUSTAPHA"
CON-RES-2026-2626,"FAISAL KABIR"
CON-RES-2026-2627,"MUBARAK SAMBAJO"
CON-RES-2026-2628,"FAISAL KABIR"
CON-RES-2026-2629,"BUHARI MUSA"
CON-RES-2026-263,"ALI WADA"
CON-RES-2026-2630,"ABDULLAHI ABUBAKAR"
CON-RES-2026-2631,"MUBARAK SAMBAJO"
CON-RES-2026-2632,"TSAKUWA  DAWAKIN KUDU PETROLEUM LTD"
CON-RES-2026-2633,"ABDULLAHI YARO USMAN"
CON-RES-2026-2634,"ABDULLAHI USMAN YARO"
CON-RES-2026-2635,"AKTH MULTIPURPOSE COOPERATIVE SOCIETY"
CON-RES-2026-2636,"AKTH MULTIPURPOSE COOPERATIVE SOCIETY"
CON-RES-2026-2637,"AKTH MULTIPURPOSE COOPERATIVE SOCIETY"
CON-RES-2026-2638,"AKTH MULTIPURPOSE COOPERATIVE SOCIETY"
CON-RES-2026-2639,"AKTH MULTIPURPOSE COOPERATIVE SOCIETY"
CON-RES-2026-264,"OLIVER IZUCHUKWU OLEH"
CON-RES-2026-2640,"AKTH MULTIPURPOSE COOPERATIVE SOCIETY"
CON-RES-2026-2641,"AKTH MULTIPURPOSE COOPERATIVE SOCIETY"
CON-RES-2026-2642,"AKTH MULTIPURPOSE COOPERATIVE SOCIETY"
CON-RES-2026-2643,"AKTH MULTIPURPOSE COOPERATIVE SOCIETY"
CON-RES-2026-2644,"AKTH MULTIPURPOSE COOPERATIVE SOCIETY"
CON-RES-2026-2645,"AKTH MULTIPURPOSE COOPERATIVE SOCIETY"
CON-RES-2026-2646,"AKTH MULTIPURPOSE COOPERATIVE SOCIETY"
CON-RES-2026-2647,"AKTH MULTIPURPOSE COOPERATIVE SOCIETY"
CON-RES-2026-2648,"AKTH MULTIPURPOSE COOPERATIVE SOCIETY"
CON-RES-2026-2649,"AKTH MULTIPURPOSE COOPERATIVE SOCIETY"
CON-RES-2026-265,"OLIVER IZUCHUKWU OLEH"
CON-RES-2026-2650,"AKTH MULTIPURPOSE COOPERATIVE SOCIETY"
CON-RES-2026-2651,"AKTH MULTIPURPOSE COOPERATIVE SOCIETY"
CON-RES-2026-2652,"AKTH MULTIPURPOSE COOPERATIVE SOCIETY"
CON-RES-2026-2653,"AKTH MULTIPURPOSE COOPERATIVE SOCIETY"
CON-RES-2026-2654,"AKTH MULTIPURPOSE COOPERATIVE SOCIETY"
CON-RES-2026-2655,"AKTH MULTIPURPOSE COOPERATIVE SOCIETY"
CON-RES-2026-2656,"AKTH MULTIPURPOSE COOPERATIVE SOCIETY"
CON-RES-2026-2657,"AKTH MULTIPURPOSE COOPERATIVE SOCIETY"
CON-RES-2026-2658,"AKTH MULTIPURPOSE COOPERATIVE SOCIETY"
CON-RES-2026-2659,"AKTH MULTIPURPOSE COOPERATIVE SOCIETY"
CON-RES-2026-266,"JUSTICE ADAMU TURAKI MUHAMMED"
CON-RES-2026-2660,"AKTH MULTIPURPOSE COOPERATIVE SOCIETY"
CON-RES-2026-2661,"AKTH MULTIPURPOSE COOPERATIVE SOCIETY"
CON-RES-2026-2662,"AKTH MULTIPURPOSE COOPERATIVE SOCIETY"
CON-RES-2026-2663,"AKTH MULTIPURPOSE COOPERATIVE SOCIETY"
CON-RES-2026-2664,"AKTH MULTIPURPOSE COOPERATIVE SOCIETY"
CON-RES-2026-2665,"AKTH MULTIPURPOSE COOPERATIVE SOCIETY"
CON-RES-2026-2666,"AKTH MULTIPURPOSE COOPERATIVE SOCIETY"
CON-RES-2026-2667,"AKTH MULTIPURPOSE COOPERATIVE SOCIETY"
CON-RES-2026-2668,"AKTH MULTIPURPOSE COOPERATIVE SOCIETY"
CON-RES-2026-2669,"AKTH MULTIPURPOSE COOPERATIVE SOCIETY"
CON-RES-2026-267,"DR DANLAMI HAYYO"
CON-RES-2026-2670,"AKTH MULTIPURPOSE COOPERATIVE SOCIETY"
CON-RES-2026-2671,"AKTH MULTIPURPOSE COOPERATIVE SOCIETY"
CON-RES-2026-2672,"AKTH MULTIPURPOSE COOPERATIVE SOCIETY"
CON-RES-2026-2673,"AKTH MULTIPURPOSE COOPERATIVE SOCIETY"
CON-RES-2026-2674,"AKTH MULTIPURPOSE COOPERATIVE SOCIETY"
CON-RES-2026-2675,"AKTH MULTIPURPOSE COOPERATIVE SOCIETY"
CON-RES-2026-2676,"AKTH MULTIPURPOSE COOPERATIVE SOCIETY"
CON-RES-2026-2677,"AKTH MULTIPURPOSE COOPERATIVE SOCIETY"
CON-RES-2026-2678,"AKTH MULTIPURPOSE COOPERATIVE SOCIETY"
CON-RES-2026-2679,"AKTH MULTIPURPOSE COOPERATIVE SOCIETY"
CON-RES-2026-268,"ALHAJI MANNIRU RABIU"
CON-RES-2026-2680,"AKTH MULTIPURPOSE COOPERATIVE SOCIETY"
CON-RES-2026-2681,"AKTH MULTIPURPOSE COOPERATIVE SOCIETY"
CON-RES-2026-2682,"AKTH MULTIPURPOSE COOPERATIVE SOCIETY"
CON-RES-2026-2683,"AKTH MULTIPURPOSE COOPERATIVE SOCIETY"
CON-RES-2026-2684,"AKTH MULTIPURPOSE COOPERATIVE SOCIETY"
CON-RES-2026-2685,"AKTH MULTIPURPOSE COOPERATIVE SOCIETY"
CON-RES-2026-2686,"AKTH MULTIPURPOSE COOPERATIVE SOCIETY"
CON-RES-2026-2687,"AKTH MULTIPURPOSE COOPERATIVE SOCIETY"
CON-RES-2026-2688,"AKTH MULTIPURPOSE COOPERATIVE SOCIETY"
CON-RES-2026-2689,"AKTH MULTIPURPOSE COOPERATIVE SOCIETY"
CON-RES-2026-269,"BINIYA MUHAMMAD"
CON-RES-2026-2690,"AKTH MULTIPURPOSE COOPERATIVE SOCIETY"
CON-RES-2026-2691,"AKTH MULTIPURPOSE COOPERATIVE SOCIETY"
CON-RES-2026-2692,"AKTH MULTIPURPOSE COOPERATIVE SOCIETY"
CON-RES-2026-2693,"AKTH MULTIPURPOSE COOPERATIVE SOCIETY"
CON-RES-2026-2694,"AKTH MULTIPURPOSE COOPERATIVE SOCIETY"
CON-RES-2026-2695,"AKTH MULTIPURPOSE COOPERATIVE SOCIETY"
CON-RES-2026-2696,"AKTH MULTIPURPOSE COOPERATIVE SOCIETY"
CON-RES-2026-2697,"AKTH MULTIPURPOSE COOPERATIVE SOCIETY"
CON-RES-2026-2698,"AKTH MULTIPURPOSE COOPERATIVE SOCIETY"
CON-RES-2026-2699,"AKTH MULTIPURPOSE COOPERATIVE SOCIETY"
CON-RES-2026-270,"MUHAMMAD SULEMAN AHMAD"
CON-RES-2026-2700,"AKTH MULTIPURPOSE COOPERATIVE SOCIETY"
CON-RES-2026-2701,"AKTH MULTIPURPOSE COOPERATIVE SOCIETY"
CON-RES-2026-2702,"AKTH MULTIPURPOSE COOPERATIVE SOCIETY"
CON-RES-2026-2703,"AKTH MULTIPURPOSE COOPERATIVE SOCIETY"
CON-RES-2026-2704,"AKTH MULTIPURPOSE COOPERATIVE SOCIETY"
CON-RES-2026-2705,"AKTH MULTIPURPOSE COOPERATIVE SOCIETY"
CON-RES-2026-2706,"AKTH MULTIPURPOSE COOPERATIVE SOCIETY"
CON-RES-2026-2707,"AKTH MULTIPURPOSE COOPERATIVE SOCIETY"
CON-RES-2026-2708,"AKTH MULTIPURPOSE COOPERATIVE SOCIETY"
CON-RES-2026-2709,"AKTH MULTIPURPOSE COOPERATIVE SOCIETY"
CON-RES-2026-271,"MUHAMMAD SULEMAN AHMAD"
CON-RES-2026-2710,"AKTH MULTIPURPOSE COOPERATIVE SOCIETY"
CON-RES-2026-2711,"AKTH MULTIPURPOSE COOPERATIVE SOCIETY"
CON-RES-2026-2712,"AKTH MULTIPURPOSE COOPERATIVE SOCIETY"
CON-RES-2026-2713,"AKTH MULTIPURPOSE COOPERATIVE SOCIETY"
CON-RES-2026-2714,"AKTH MULTIPURPOSE COOPERATIVE SOCIETY"
CON-RES-2026-2715,"AKTH MULTIPURPOSE COOPERATIVE SOCIETY"
CON-RES-2026-2716,"AKTH MULTIPURPOSE COOPERATIVE SOCIETY"
CON-RES-2026-2717,"AKTH MULTIPURPOSE COOPERATIVE SOCIETY"
CON-RES-2026-2718,"AKTH MULTIPURPOSE COOPERATIVE SOCIETY"
CON-RES-2026-2719,"AKTH MULTIPURPOSE COOPERATIVE SOCIETY"
CON-RES-2026-272,"KHADIJA BELLO ABDULLAHI"
CON-RES-2026-2720,"AKTH MULTIPURPOSE COOPERATIVE SOCIETY"
CON-RES-2026-2721,"AKTH MULTIPURPOSE COOPERATIVE SOCIETY"
CON-RES-2026-2722,"AKTH MULTIPURPOSE COOPERATIVE SOCIETY"
CON-RES-2026-2723,"AKTH MULTIPURPOSE COOPERATIVE SOCIETY"
CON-RES-2026-2724,"AKTH MULTIPURPOSE COOPERATIVE SOCIETY"
CON-RES-2026-2725,"AKTH MULTIPURPOSE COOPERATIVE SOCIETY"
CON-RES-2026-2726,"AKTH MULTIPURPOSE COOPERATIVE SOCIETY"
CON-RES-2026-2727,"AKTH MULTIPURPOSE COOPERATIVE SOCIETY"
CON-RES-2026-2728,"AKTH MULTIPURPOSE COOPERATIVE SOCIETY"
CON-RES-2026-2729,"AKTH MULTIPURPOSE COOPERATIVE SOCIETY"
CON-RES-2026-273,"YUSUF UMAR KIBIYA"
CON-RES-2026-2730,"AKTH MULTIPURPOSE COOPERATIVE SOCIETY"
CON-RES-2026-2731,"AKTH MULTIPURPOSE COOPERATIVE SOCIETY"
CON-RES-2026-2732,"AKTH MULTIPURPOSE COOPERATIVE SOCIETY"
CON-RES-2026-2733,"AKTH MULTIPURPOSE COOPERATIVE SOCIETY"
CON-RES-2026-2734,"AKTH MULTIPURPOSE COOPERATIVE SOCIETY"
CON-RES-2026-2735,"AKTH MULTIPURPOSE COOPERATIVE SOCIETY"
CON-RES-2026-2736,"AKTH MULTIPURPOSE COOPERATIVE SOCIETY"
CON-RES-2026-2737,"AKTH MULTIPURPOSE COOPERATIVE SOCIETY"
CON-RES-2026-2738,"AKTH MULTIPURPOSE COOPERATIVE SOCIETY"
CON-RES-2026-2739,"AKTH MULTIPURPOSE COOPERATIVE SOCIETY"
CON-RES-2026-274,"ABUBAKAR SULAIMAN ABUBAKAR"
CON-RES-2026-2740,"AKTH MULTIPURPOSE COOPERATIVE SOCIETY"
CON-RES-2026-2741,"AKTH MULTIPURPOSE COOPERATIVE SOCIETY"
CON-RES-2026-2742,"AKTH MULTIPURPOSE COOPERATIVE SOCIETY"
CON-RES-2026-2743,"AKTH MULTIPURPOSE COOPERATIVE SOCIETY"
CON-RES-2026-2744,"AKTH MULTIPURPOSE COOPERATIVE SOCIETY"
CON-RES-2026-2745,"AKTH MULTIPURPOSE COOPERATIVE SOCIETY"
CON-RES-2026-2746,"AKTH MULTIPURPOSE COOPERATIVE SOCIETY"
CON-RES-2026-2747,"AKTH MULTIPURPOSE COOPERATIVE SOCIETY"
CON-RES-2026-2748,"AKTH MULTIPURPOSE COOPERATIVE SOCIETY"
CON-RES-2026-2749,"SHAMSUDDEEN IDRIS MAI KASA"
CON-RES-2026-275,"HSBIBU AMINU"
CON-RES-2026-2750,"NURA AND SULAIMAN IDRIS MAIKASA"
CON-RES-2026-2751,"KHALIFA ABUBAKAR SULAIMAN"
CON-RES-2026-2752,"TUKUR HASSAN USMAN"
CON-RES-2026-2753,"MUSA ADAM"
CON-RES-2026-2754,"ABBA M.T HABIB"
CON-RES-2026-2755,"ABBA M.T HABIB"
CON-RES-2026-2756,"ABBA M.T HABIB"
CON-RES-2026-2757,"ABBA M.T HABIB"
CON-RES-2026-2758,"ABBA M.T HABIB"
CON-RES-2026-2759,"ABBA M.T HABIB"
CON-RES-2026-276,"AHMAD IBRAHIM TIJJANI"
CON-RES-2026-2760,"ABBA M.T HABIB"
CON-RES-2026-2761,"ABBA M.T HABIB"
CON-RES-2026-2762,"ABBA M.T HABIB"
CON-RES-2026-2763,"ABBA M.T HABIB"
CON-RES-2026-2764,"ABBA M.T HABIB"
CON-RES-2026-2765,"ABBA M.T HABIB"
CON-RES-2026-2766,"ABBA M.T HABIB"
CON-RES-2026-2767,"ABBA M.T HABIB"
CON-RES-2026-2768,"ABBA M.T HABIB"
CON-RES-2026-2769,"ABBA M.T HABIB"
CON-RES-2026-277,"AHMAD IBRAHIM TIJJANI"
CON-RES-2026-2770,"ABBA M.T HABIB"
CON-RES-2026-2771,"ABBA M.T HABIB"
CON-RES-2026-2772,"ABBA M.T HABIB"
CON-RES-2026-2773,"ABBA M.T HABIB"
CON-RES-2026-2774,"ABBA M.T HABIB"
CON-RES-2026-2775,"ABBA M.T HABIB"
CON-RES-2026-2776,"ABBA M.T HABIB"
CON-RES-2026-2777,"ABBA M.T HABIB"
CON-RES-2026-2778,"ABBA M.T HABIB"
CON-RES-2026-2779,"ABBA M.T HABIB"
CON-RES-2026-278,"HARUNA YUSHAU"
CON-RES-2026-2780,"ABBA M.T HABIB"
CON-RES-2026-2781,"ABBA M.T HABIB"
CON-RES-2026-2782,"ABBA M.T HABIB"
CON-RES-2026-2783,"ABBA M.T HABIB"
CON-RES-2026-2784,"ABBA M.T HABIB"
CON-RES-2026-2785,"ABBA M.T HABIB"
CON-RES-2026-2786,"ABBA M.T HABIB"
CON-RES-2026-2787,"ABBA M.T HABIB"
CON-RES-2026-2788,"ABBA M.T HABIB"
CON-RES-2026-2789,"ABBA M.T HABIB"
CON-RES-2026-279,"HARUNA YUSHAU"
CON-RES-2026-2790,"AMMAR KHALIL"
CON-RES-2026-2791,"OMOFE SEGUN WILSON"
CON-RES-2026-2792,"UMAR ABBA GANA"
CON-RES-2026-2793,"NASIRU MUHAMMAD ABDULLAHI"
CON-RES-2026-2794,"SUNUSI UBA SHARIF"
CON-RES-2026-2795,"IBRAHIM UBA SHARIF"
CON-RES-2026-2796,"AMINU AMINU MOHAMMED"
CON-RES-2026-2797,"SADI UMAR ZAKARI"
CON-RES-2026-2798,"IMRAN ABDULGANIYU"
CON-RES-2026-2799,"JABIR ABDULLAHI NATAZU"
CON-RES-2026-280,"AMINU GARBA DAN MALIKI"
CON-RES-2026-2800,"ABDULLAHI MUHAMMAD YUSUF"
CON-RES-2026-2801,"HABIBU AMADU"
CON-RES-2026-2802,"ANAS MUSA USAINI"
CON-RES-2026-2803,"MR. JOSEPH OBI"
CON-RES-2026-2804,"MUSA SALISU YAHAYA"
CON-RES-2026-2805,"AHMAD ADO KURAWA"
CON-RES-2026-2806,"ASHIRU UMAR"
CON-RES-2026-2807,"CHIMAOBI COSMAS NWOKORO"
CON-RES-2026-2808,"ABDUL AZIZ UMARA"
CON-RES-2026-2809,"ABDUL AZIZ UMARA"
CON-RES-2026-281,"AMINU GARBA DAN MALIKI"
CON-RES-2026-2810,"ABDUL AZIZ UMARA"
CON-RES-2026-2811,"ABDUL AZIZ UMARA"
CON-RES-2026-2812,"ABDULAZIZ UMARA"
CON-RES-2026-2813,"ABDULAZIZ UMARA"
CON-RES-2026-2814,"IBRAHIM DALHATU ABDULLAHI"
CON-RES-2026-2815,"IBRAHIM DALHATU ABDULLAHI"
CON-RES-2026-2816,"ABDULAZIZ UMARA"
CON-RES-2026-2817,"KABURIYE AND SONS (NIG) LIMITED"
CON-RES-2026-2818,"KABURIYE AND SONS (NIG) LIMITED"
CON-RES-2026-2819,"HASSANA DAUDA USMAN"
CON-RES-2026-282,"PFOR MUHAMMAD SHAFIU ABDULLAHI"
CON-RES-2026-2820,"ALHAJI SANI ABDULLAHI"
CON-RES-2026-2821,"ALHAJI SANI ABDULLAHI"
CON-RES-2026-2822,"ALHAJI SANI ABDULLAHI"
CON-RES-2026-2823,"LOIS UCHECHUKWU AHRANWA"
CON-RES-2026-2824,"MUSA MUHAMMAD"
CON-RES-2026-2825,"AUWALU MUHAMMAD SAMBAJO"
CON-RES-2026-2826,"ABDULLAHI ABDULKADIR AHMAD"
CON-RES-2026-2827,"ABDULLAHI ABDULKADIR AHMAD"
CON-RES-2026-2828,"ABDULLAHI ABDULKADIR AHMAD"
CON-RES-2026-2829,"AISHA MUBARAK SAMBAJO"
CON-RES-2026-283,"A U I DAMUNA REAL ESTATE LIMITED"
CON-RES-2026-2830,"ASASU REALTY  LIMITED"
CON-RES-2026-2831,"MURTALA USMAN"
CON-RES-2026-2832,"ZAHARADDEEN  SALE"
CON-RES-2026-2833,"MUSA  ABDULLAHI"
CON-RES-2026-2834,"ALH ABUBAKAR UMAR"
CON-RES-2026-2835,"ALH ABUBAKAR UMAR"
CON-RES-2026-2836,"ALH ABUBAKAR UMAR"
CON-RES-2026-2837,"ALH ABUBAKAR UMAR"
CON-RES-2026-2838,"ALH ABUBAKAR UMAR"
CON-RES-2026-2839,"ALIMANIHSAN HOMES AND PROPERT NIG LTD"
CON-RES-2026-284,"A U I DAMUNA REAL ESTATE LIMITED"
CON-RES-2026-2840,"MUSA USOBO ROLAND"
CON-RES-2026-2841,"MUHUYI ADAMU"
CON-RES-2026-2842,"MUHUYI ADAMU"
CON-RES-2026-2843,"UKASHATU IBRAHIM"
CON-RES-2026-2844,"YUSUF TAHIR MUHAMMAD"
CON-RES-2026-2845,"YUSUF TAHIR MUHAMMAD"
CON-RES-2026-2846,"ADULLAHI AUWALU YAHAYA"
CON-RES-2026-2847,"MAJOR MOHAMMED TUKUR UMAR (rtd)"
CON-RES-2026-2848,"SULAIMAN IBRAHIM IMAM"
CON-RES-2026-2849,"SULAIMAN NAMADI FAGGE KAWU"
CON-RES-2026-285,"MR PETER CHIZUA EZEH"
CON-RES-2026-2850,"ALH MUTARI SALISU"
CON-RES-2026-2851,"WELL CARE ALLIANCE"
CON-RES-2026-2852,"AWAISU USAMA"
CON-RES-2026-2853,"BASHIR MUHAMMAD SAID"
CON-RES-2026-2854,"BASHIR MUHAMMAD SAID"
CON-RES-2026-2855,"MARYAM ALHAJI SHUAIBU"
CON-RES-2026-2856,"MALAM ABUBAKAR AHMAD"
CON-RES-2026-2857,"AISHA BASHIR ALBASU"
CON-RES-2026-2858,"ABDULLAHI SALIHU ABDULLAHI"
CON-RES-2026-2859,"HALIMA MUHMOUD"
CON-RES-2026-286,"MR PETER CHIZUA EZEH"
CON-RES-2026-2860,"ISA SANI"
CON-RES-2026-2861,"MALAM BABA SHEHU"
CON-RES-2026-2862,"IBRAHIM SALISU TAHIR"
CON-RES-2026-2863,"ABDALLAH ZUBEIR BAPPAI"
CON-RES-2026-2864,"BASHIR UMAR TOFA"
CON-RES-2026-2865,"ABDALLAH ZUBEIR BAPPAI"
CON-RES-2026-2866,"ZINATU LABARAN"
CON-RES-2026-2867,"AUWAL MALAM  YAU"
CON-RES-2026-2868,"MASS SYNERGY AND"
CON-RES-2026-2869,"YAZID ABDULLAHI"
CON-RES-2026-287,"MR PETER CHIZUA EZEH"
CON-RES-2026-2870,"HAMZA JIBRIN NUHU"
CON-RES-2026-2871,"ADAMU MOHAMMED SALEH"
CON-RES-2026-2872,"ABUBAKAR ZUBAIRU BELLO"
CON-RES-2026-2873,"BASHIR ALIYU"
CON-RES-2026-2874,"IBRAHIM DALHAT AMIRU"
CON-RES-2026-2875,"AMINU UBA AHMAD"
CON-RES-2026-2876,"ISA MUHD SANI & SALISU LIYAU UMAR"
CON-RES-2026-2877,"DANJUMA MAHMOUD"
CON-RES-2026-2878,"DANJUMA MAHMOUD"
CON-RES-2026-2879,"NORTHBRIGDE INVESTMENT & TRUST LTD"
CON-RES-2026-288,"MR PETER CHIZUA EZEH"
CON-RES-2026-2880,"AMINU UMAR"
CON-RES-2026-2881,"KABIRU UBALE"
CON-RES-2026-2882,"IBRAHIM ABUBAKAR"
CON-RES-2026-2883,"SADIQ SABIU BAKO"
CON-RES-2026-2884,"SABIU BAKO"
CON-RES-2026-2885,"SANI ABDUSSALAM"
CON-RES-2026-2886,"ABDURRAHMAN IBRAHIM ABUBAKAR"
CON-RES-2026-2887,"JAMILU IDRIS ABUBAKAR"
CON-RES-2026-2888,"JAMILU IDRIS ABUBAKAR"
CON-RES-2026-2889,"JAMILU IDRIS ABUBAKAR"
CON-RES-2026-289,"HON. AYUBA LABARAN"
CON-RES-2026-2890,"ALH. MUSA MAI LESHI"
CON-RES-2026-2891,"HARUNA BAKO MAI SHINKU"
CON-RES-2026-2892,"MUJITTAFA BALARABE HAMZA"
CON-RES-2026-2893,"KABIRU UBALE"
CON-RES-2026-2894,"ADO IBRAHIM"
CON-RES-2026-2895,"ALH. NASIRU SULEMAN ABUBAKAR"
CON-RES-2026-2896,"MUHAMMAD A. ABDULKADIR"
CON-RES-2026-2897,"SHAMSU SALE YAU"
CON-RES-2026-2898,"AHMAD MUHAMMAD NAIBAWA"
CON-RES-2026-2899,"NELSON KWOME OGUBURU"
CON-RES-2026-290,"ABDULLAHI ISYAKU RABA"
CON-RES-2026-2900,"NELSON KWOME OGUBURU"
CON-RES-2026-2901,"NELSON KWOME OGUBURU"
CON-RES-2026-2902,"ALH ABDULLAHI MOHD AJA"
CON-RES-2026-2903,"ECO BANK"
CON-RES-2026-2904,"MAI TAKOBI"
CON-RES-2026-2905,"USMAN AMINU"
CON-RES-2026-2906,"ABDULRAUF ISA"
CON-RES-2026-2907,"MUHAMMAD ABDULLAHI TUDUN WADA"
CON-RES-2026-2908,"MUAMALAT HOMES AND PROPERTY LIMITED"
CON-RES-2026-2909,"YUSHAU SULAIMAN MOHAMMAD"
CON-RES-2026-291,"NAFIU NASIR ALI"
CON-RES-2026-2910,"ALIYU SHUAIBU UMAR"
CON-RES-2026-2911,"IBRAHIM ADAMU MAIYADI"
CON-RES-2026-2912,"AHMED SALISU YAKUBU"
CON-RES-2026-2913,"IBRAHIM ABUBAKAR ISYAKU"
CON-RES-2026-2914,"SAMUEL JOSEPH MBAH"
CON-RES-2026-2915,"NURA IBRAHIM"
CON-RES-2026-2916,"MURJA SABO BABA"
CON-RES-2026-2917,"IDRIS SALISU"
CON-RES-2026-2918,"TIJJANI AMIRU BINYAMINU"
CON-RES-2026-2919,"USMAN IDRIS MUSA"
CON-RES-2026-292,"ALHAJI SANI ALI"
CON-RES-2026-2920,"JONH JOSHUA IFEANYI"
CON-RES-2026-2921,"MARIA ONAH"
CON-RES-2026-2922,"NAZIR AHMED KURFI"
CON-RES-2026-2923,"SAHHEED ADEYEMI BAKINSON"
CON-RES-2026-2924,"NATA'ALA PROPERTIES & INVESTMENT LIMITED"
CON-RES-2026-2925,"NATA'ALA PROPERTIES & INVESTMENT LIMITED"
CON-RES-2026-2926,"NATA'ALA PROPERTIES & INVESTMENT LIMITED"
CON-RES-2026-2927,"NATA'ALA PROPERTIES & INVESTMENT LIMITED"
CON-RES-2026-2928,"NATA'ALA PROPERTIES & INVESTMENT LIMITED"
CON-RES-2026-2929,"NATA'ALA PROPERTIES & INVESTMENT LIMITED"
CON-RES-2026-293,"AMINU HASSAN LAWAN"
CON-RES-2026-2930,"NATA'ALA PROPERTIES & INVESTMENT LIMITED"
CON-RES-2026-2931,"NATA'ALA PROPERTIES & INVESTMENT LIMITED"
CON-RES-2026-2932,"NATA'ALA PROPERTIES & INVESTMENT LIMITED"
CON-RES-2026-2933,"NATA'ALA PROPERTIES & INVESTMENT LIMITED"
CON-RES-2026-2934,"NATA'ALA PROPERTIES & INVESTMENT LIMITED"
CON-RES-2026-2935,"NATA'ALA PROPERTIES & INVESTMENT LIMITED"
CON-RES-2026-2936,"NATA'ALA PROPERTIES & INVESTMENT LIMITED"
CON-RES-2026-2937,"NATA'ALA PROPERTIES & INVESTMENT LIMITED"
CON-RES-2026-2938,"NATA'ALA PROPERTIES & INVESTMENT LIMITED"
CON-RES-2026-2939,"NATA'ALA PROPERTIES & INVESTMENT LIMITED"
CON-RES-2026-294,"KHADIJA YUNUS"
CON-RES-2026-2940,"NATA'ALA PROPERTIES & INVESTMENT LIMITED"
CON-RES-2026-2941,"NATA'ALA PROPERTIES & INVESTMENT LIMITED"
CON-RES-2026-2942,"NATA'ALA PROPERTIES & INVESTMENT LIMITED"
CON-RES-2026-2943,"NATA'ALA PROPERTIES & INVESTMENT LIMITED"
CON-RES-2026-2944,"NATA'ALA PROPERTIES & INVESTMENT LIMITED"
CON-RES-2026-2945,"NATA'ALA PROPERTIES & INVESTMENT LIMITED"
CON-RES-2026-2946,"NATA'ALA PROPERTIES & INVESTMENT LIMITED"
CON-RES-2026-2947,"NATA'ALA PROPERTIES & INVESTMENT LIMITED"
CON-RES-2026-2948,"NATA'ALA PROPERTIES & INVESTMENT LIMITED"
CON-RES-2026-2949,"NATA'ALA PROPERTIES & INVESTMENT LIMITED"
CON-RES-2026-295,"AMINA ALI"
CON-RES-2026-2950,"NATA'ALA PROPERTIES & INVESTMENT LIMITED"
CON-RES-2026-2951,"NATA'ALA PROPERTIES & INVESTMENT LIMITED"
CON-RES-2026-2952,"NATA'ALA PROPERTIES & INVESTMENT LIMITED"
CON-RES-2026-2953,"NATA'ALA PROPERTIES & INVESTMENT LIMITED"
CON-RES-2026-2954,"NATA'ALA PROPERTIES & INVESTMENT LIMITED"
CON-RES-2026-2955,"NATA'ALA PROPERTIES & INVESTMENT LIMITED"
CON-RES-2026-2956,"NATA'ALA PROPERTIES & INVESTMENT LIMITED"
CON-RES-2026-2957,"NATA'ALA PROPERTIES & INVESTMENT LIMITED"
CON-RES-2026-2958,"NATA'ALA PROPERTIES & INVESTMENT LIMITED"
CON-RES-2026-2959,"NATA'ALA PROPERTIES & INVESTMENT LIMITED"
CON-RES-2026-296,"NUHU AHMED INUWA"
CON-RES-2026-2960,"NATA'ALA PROPERTIES & INVESTMENT LIMITED"
CON-RES-2026-2961,"NATA'ALA PROPERTIES & INVESTMENT LIMITED"
CON-RES-2026-2962,"NATA'ALA PROPERTIES & INVESTMENT LIMITED"
CON-RES-2026-2963,"NATA'ALA PROPERTIES & INVESTMENT LIMITED"
CON-RES-2026-2964,"NATA'ALA PROPERTIES & INVESTMENT LIMITED"
CON-RES-2026-2965,"NATA'ALA PROPERTIES & INVESTMENT LIMITED"
CON-RES-2026-2966,"NATA'ALA PROPERTIES & INVESTMENT LIMITED"
CON-RES-2026-2967,"NATA'ALA PROPERTIES & INVESTMENT LIMITED"
CON-RES-2026-2968,"NATA'ALA PROPERTIES & INVESTMENT LIMITED"
CON-RES-2026-2969,"NATA'ALA PROPERTIES & INVESTMENT LIMITED"
CON-RES-2026-297,"SHAFAATU AHMAD"
CON-RES-2026-2970,"NATA'ALA PROPERTIES & INVESTMENT LIMITED"
CON-RES-2026-2971,"NATA'ALA PROPERTIES & INVESTMENT LIMITED"
CON-RES-2026-2972,"NATA'ALA PROPERTIES & INVESTMENT LIMITED"
CON-RES-2026-2973,"NATA'ALA PROPERTIES & INVESTMENT LIMITED"
CON-RES-2026-2974,"NATA'ALA PROPERTIES & INVESTMENT LIMITED"
CON-RES-2026-2975,"NATA'ALA PROPERTIES & INVESTMENT LIMITED"
CON-RES-2026-2976,"NATA'ALA PROPERTIES & INVESTMENT LIMITED"
CON-RES-2026-2977,"NATA'ALA PROPERTIES & INVESTMENT LIMITED"
CON-RES-2026-2978,"NATA'ALA PROPERTIES & INVESTMENT LIMITED"
CON-RES-2026-2979,"NATA'ALA PROPERTIES & INVESTMENT LIMITED"
CON-RES-2026-2980,"NATA'ALA PROPERTIES & INVESTMENT LIMITED"
CON-RES-2026-2981,"NATA'ALA PROPERTIES & INVESTMENT LIMITED"
CON-RES-2026-2982,"NATA'ALA PROPERTIES & INVESTMENT LIMITED"
CON-RES-2026-2983,"NATA'ALA PROPERTIES & INVESTMENT LIMITED"
CON-RES-2026-2984,"NATA'ALA PROPERTIES & INVESTMENT LIMITED"
CON-RES-2026-2985,"NATA'ALA PROPERTIES & INVESTMENT LIMITED"
CON-RES-2026-2986,"NATA'ALA PROPERTIES & INVESTMENT LIMITED"
CON-RES-2026-2987,"NATA'ALA PROPERTIES & INVESTMENT LIMITED"
CON-RES-2026-2988,"NATA'ALA PROPERTIES & INVESTMENT LIMITED"
CON-RES-2026-2989,"NATA'ALA PROPERTIES & INVESTMENT LIMITED"
CON-RES-2026-2990,"NATA'ALA PROPERTIES & INVESTMENT LIMITED"
CON-RES-2026-2991,"NATA'ALA PROPERTIES & INVESTMENT LIMITED"
CON-RES-2026-2992,"NATA'ALA PROPERTIES & INVESTMENT LIMITED"
CON-RES-2026-2993,"NATA'ALA PROPERTIES & INVESTMENT LIMITED"
CON-RES-2026-2994,"NATA'ALA PROPERTIES & INVESTMENT LIMITED"
CON-RES-2026-2995,"NATA'ALA PROPERTIES & INVESTMENT LIMITED"
CON-RES-2026-2996,"NATA'ALA PROPERTIES & INVESTMENT LIMITED"
CON-RES-2026-2997,"NATA'ALA PROPERTIES & INVESTMENT LIMITED"
CON-RES-2026-2998,"NATA'ALA PROPERTIES & INVESTMENT LIMITED"
CON-RES-2026-2999,"NATA'ALA PROPERTIES & INVESTMENT LIMITED"
CON-RES-2026-3000,"NATA'ALA PROPERTIES & INVESTMENT LIMITED"
CON-RES-2026-3001,"NATA'ALA PROPERTIES & INVESTMENT LIMITED"
CON-RES-2026-3002,"NATA'ALA PROPERTIES & INVESTMENT LIMITED"
CON-RES-2026-3003,"NATA'ALA PROPERTIES & INVESTMENT LIMITED"
CON-RES-2026-3004,"NATA'ALA PROPERTIES & INVESTMENT LIMITED"
CON-RES-2026-3005,"NATA'ALA PROPERTIES & INVESTMENT LIMITED"
CON-RES-2026-3006,"NATA'ALA PROPERTIES & INVESTMENT LIMITED"
CON-RES-2026-3007,"RUMBU INDUSTRIAL LIMITED"
CON-RES-2026-3008,"ALH SANI ABDULLAHI"
CON-RES-2026-3009,"HAUWA ADAMU AMSHI"
CON-RES-2026-3010,"MUHAMMAD GARBA"
CON-RES-2026-3011,"TIJJANI SULEIMAN"
CON-RES-2026-3012,"TIJJANI SULEIMAN"
CON-RES-2026-3013,"TIJJANI SULEIMAN"
CON-RES-2026-3014,"TIJJANI SULEIMAN"
CON-RES-2026-3015,"TIJJANI SULEIMAN"
CON-RES-2026-3016,"TIJJANI SULEIMAN"
CON-RES-2026-3017,"TIJJANI SULEIMAN"
CON-RES-2026-3018,"TIJJANI SULEIMAN"
CON-RES-2026-3019,"TIJJANI SULEIMAN"
CON-RES-2026-3020,"TIJJANI SULEIMAN"
CON-RES-2026-3021,"TIJJANI SULEIMAN"
CON-RES-2026-3022,"haj hassana rufai"
CON-RES-2026-3023,"SHAMSU SANI SALISU"
CON-RES-2026-3024,"ABUBAKAR HASSAN BARAU"
CON-RES-2026-3025,"ISMAIL SALISU"
CON-RES-2026-3026,"BARISTER USMAN MUHAMMAD OLOJE"
CON-RES-2026-3027,"BARISTER USMAN MUHAMMAD OLOJE"
CON-RES-2026-3028,"AMIUN LAWAN SHUAIBU"
CON-RES-2026-3029,"ASHIRU SHUAIBU BELLO"
CON-RES-2026-3030,"ISMAIL YAHAYA USMAN"
CON-RES-2026-3031,"ISMAIL YAHAYA USMAN"
CON-RES-2026-3032,"ISMAIL YAHAYA USMAN"
CON-RES-2026-3033,"ISMAIL YAHAYA USMAN"
CON-RES-2026-3034,"ABDURRASHID ZAKARI SARAKI"
CON-RES-2026-3035,"KENNETH UCHE NMERIBE"
CON-RES-2026-3036,"KENNETH UCHE NMERIBE"
CON-RES-2026-33,"ABDU MUSA GARKO"
CON-RES-2026-3300,"MARIYA ADAMU"
CON-RES-2026-34,"M. MALIK GLOBAL SERVICES LIMITED  (MMG)"
CON-RES-2026-35,"SUNUSI UMAR"
CON-RES-2026-36,"AUWALU ADAMU"
CON-RES-2026-37,"USMAN AHMAD TIJJANI"
CON-RES-2026-38,"ABDURRASHID NASIDI MUHAMMAD"
CON-RES-2026-39,"NURA NASIDI MUHAMMAD"
CON-RES-2026-398,"BY PAINT AND GENERAL ENTERPRISES"
CON-RES-2026-399,"BY PAINT AND GENERAL ENTERPRISES"
CON-RES-2026-40,"NURA  NASIDI MUHAMMAD"
CON-RES-2026-400,"BY PAINT AND GENERAL ENTERPRISES"
CON-RES-2026-401,"BY PAINT AND GENERAL ENTERPRISES"
CON-RES-2026-402,"BY PAINT AND GENERAL ENTERPRISES"
CON-RES-2026-403,"BY PAINT AND GENERAL ENTERPRISES"
CON-RES-2026-404,"BY PAINT AND GENERAL ENTERPRISES"
CON-RES-2026-405,"BY PAINT AND GENERAL ENTERPRISES"
CON-RES-2026-406,"BY PAINT AND GENERAL ENTERPRISES"
CON-RES-2026-407,"BY PAINT AND GENERAL ENTERPRISES"
CON-RES-2026-408,"BY PAINT AND GENERAL ENTERPRISES"
CON-RES-2026-409,"BY PAINT AND GENERAL ENTERPRISES"
CON-RES-2026-41,"MUNKAILA ISAH BUBA"
CON-RES-2026-410,"BY PAINT AND GENERAL ENTERPRISES"
CON-RES-2026-411,"BY PAINT AND GENERAL ENTERPRISES"
CON-RES-2026-412,"MOHAMMED KASSIM JEBARA"
CON-RES-2026-413,"MOHAMMED KASSIM JEBARA"
CON-RES-2026-414,"IBRAHIM  ABUBAKAR"
CON-RES-2026-415,"SHAMSUDDEEN SALIS GARBA"
CON-RES-2026-416,"SUNUSI MAHMUD"
CON-RES-2026-417,"MUSA SULAIMAN"
CON-RES-2026-418,"SUNUSI ABDULLAHI KuK"
CON-RES-2026-419,"HAMZA M ABDULKARIM"
CON-RES-2026-42,"MUSA SALISU MUSA"
CON-RES-2026-420,"HASHIR SANI"
CON-RES-2026-421,"ABBA ALHASSAN"
CON-RES-2026-422,"SALISU SANI"
CON-RES-2026-423,"MUHAMMAD WAZIRI SANI BELLO"
CON-RES-2026-424,"SHEHU SALE"
CON-RES-2026-425,"ISMAIL ABDULLAHI ADAM"
CON-RES-2026-426,"SANI ALI"
CON-RES-2026-427,"SANI ALI"
CON-RES-2026-428,"HAMID SIDI ALI"
CON-RES-2026-429,"ZAHARADDEN AHMAD MUHAMMAD"
CON-RES-2026-43,"YAKUBU YAU"
CON-RES-2026-430,"HAUWA ABUBAKAR & FATIMA ABUBAKAR"
CON-RES-2026-431,"VIJAY KUMAR NAGARA"
CON-RES-2026-432,"RAHINATU MUHAMMAD LAWAN"
CON-RES-2026-433,"ABDULKADIR HASSAN"
CON-RES-2026-434,"GARZALI MUSA MUHAMMAD"
CON-RES-2026-435,"SANI ALI"
CON-RES-2026-436,"GARZALI MUSA MUHAMMAD"
CON-RES-2026-437,"MUSA SULAIMAN"
CON-RES-2026-438,"SHEHU SALE"
CON-RES-2026-439,"SANI ALI"
CON-RES-2026-44,"MANIR IBRAHIM"
CON-RES-2026-440,"MUHAMMAD WAZIRI SANI BELLO"
CON-RES-2026-441,"HAMZA DAUDA"
CON-RES-2026-442,"AMINU MOHAMMED MAIGIDAN ZANA"
CON-RES-2026-443,"GARZALI MUSA MUHAMMAD"
CON-RES-2026-444,"SUNUSI ABDULLAHI KUK"
CON-RES-2026-445,"GARZALI MUSA MUHAMMAD"
CON-RES-2026-446,"JAMILU MAARUF"
CON-RES-2026-447,"JAMILU MAARUF"
CON-RES-2026-448,"GARZALI MUSA MUHAMMAD"
CON-RES-2026-449,"GARZALI MUSA MUHAMMAD"
CON-RES-2026-45,"MUSA JIBRIN"
CON-RES-2026-450,"ALHAJI UMARU DAHIRU KAKUMI"
CON-RES-2026-451,"ALHAJI ALI YUSUF"
CON-RES-2026-452,"ALHAJI ALI YUSUF"
CON-RES-2026-453,"ALHAJI ALI YUSUF"
CON-RES-2026-454,"ALHAJI ALI YUSUF"
CON-RES-2026-455,"ALHAJI ALI YUSUF"
CON-RES-2026-456,"ALHAJI ALI YUSUF"
CON-RES-2026-457,"ALHAJI ALI YUSUF"
CON-RES-2026-458,"ALHAJI ALI YUSUF"
CON-RES-2026-459,"ALHAJI ALI YUSUF"
CON-RES-2026-46,"HAMZA SHUAIB"
CON-RES-2026-460,"ALHAJI ALI YUSUF"
CON-RES-2026-461,"ALHAJI ALI YUSUF"
CON-RES-2026-462,"ALHAJI ALI YUSUF"
CON-RES-2026-463,"ALHAJI ALI YUSUF"
CON-RES-2026-464,"ALHAJI ALI YUSUF"
CON-RES-2026-465,"ALHAJI ALI YUSUF"
CON-RES-2026-466,"ALHAJI ALI YUSUF"
CON-RES-2026-467,"ALHAJI ALI YUSUF"
CON-RES-2026-468,"ALHAJI ALI YUSUF"
CON-RES-2026-469,"ALHAJI ALI YUSUF"
CON-RES-2026-47,"SALE YUSUF"
CON-RES-2026-470,"ALHAJI ALI YUSUF"
CON-RES-2026-471,"ALHAJI ALI YUSUF"
CON-RES-2026-472,"ALHAJI ALI YUSUF"
CON-RES-2026-473,"ALHAJI ALI YUSUF"
CON-RES-2026-474,"ALHAJI ALI YUSUF"
CON-RES-2026-475,"ALHAJI ALI YUSUF"
CON-RES-2026-476,"ALHAJI ALI YUSUF"
CON-RES-2026-477,"ALHAJI ALI YUSUF"
CON-RES-2026-478,"ALHAJI ALI YUSUF"
CON-RES-2026-479,"ALHAJI ALI YUSUF"
CON-RES-2026-48,"SALE YUSUF"
CON-RES-2026-480,"ALHAJI ALI YUSUF"
CON-RES-2026-481,"ALHAJI ALI YUSUF"
CON-RES-2026-482,"ALHAJI ALI YUSUF"
CON-RES-2026-483,"ALHAJI ALI YUSUF"
CON-RES-2026-484,"NASIR ADAM BELLO"
CON-RES-2026-485,"NURADDEN ABUBAKAR ALASAN"
CON-RES-2026-486,"SUNUSI ADO"
CON-RES-2026-487,"ENGR MUSA SANI YARIMAWA"
CON-RES-2026-488,"ENGR MUSA SANI YARIMAWA"
CON-RES-2026-489,"ENGR MUSA SANI YARIMAWA"
CON-RES-2026-49,"SALE YUSUF"
CON-RES-2026-490,"ENGR MUSA SANI YARIMAWA"
CON-RES-2026-491,"ENGR MUSA SANI YARIMAWA"
CON-RES-2026-492,"ENGR MUSA SANI YARIMAWA"
CON-RES-2026-493,"ENGR MUSA SANI YARIMAWA"
CON-RES-2026-494,"ENGR MUSA SANI YARIMAWA"
CON-RES-2026-495,"ENGR MUSA SANI YARIMAWA"
CON-RES-2026-496,"ENGR MUSA SANI YARIMAWA"
CON-RES-2026-497,"ENGR MUSA SANI YARIMAWA"
CON-RES-2026-498,"ENGR MUSA SANI YARIMAWA"
CON-RES-2026-499,"ENGR MUSA SANI YARIMAWA"
CON-RES-2026-50,"ZAKARIYA GAMBO"
CON-RES-2026-500,"ENGR MUSA SANI YARIMAWA"
CON-RES-2026-501,"ENGR MUSA SANI YARIMAWA"
CON-RES-2026-502,"ENGR MUSA SANI YARIMAWA"
CON-RES-2026-503,"ENGR MUSA SANI YARIMAWA"
CON-RES-2026-504,"ENGR MUSA SANI YARIMAWA"
CON-RES-2026-505,"ENGR MUSA SANI YARIMAWA"
CON-RES-2026-506,"ENGR MUSA SANI YARIMAWA"
CON-RES-2026-507,"ENGR MUSA SANI YARIMAWA"
CON-RES-2026-508,"ENGR MUSA SANI YARIMAWA"
CON-RES-2026-509,"ENGR MUSA SANI YARIMAWA"
CON-RES-2026-51,"NASIRU ABUBAKAR SALISU"
CON-RES-2026-510,"ENGR MUSA SANI YARIMAWA"
CON-RES-2026-511,"ENGR MUSA SANI YARIMAWA"
CON-RES-2026-512,"ENGR MUSA SANI YARIMAWA"
CON-RES-2026-513,"ENGR MUSA SANI YARIMAWA"
CON-RES-2026-514,"ENGR MUSA SANI YARIMAWA"
CON-RES-2026-515,"ENGR MUSA SANI YARIMAWA"
CON-RES-2026-516,"ENGR MUSA SANI YARIMAWA"
CON-RES-2026-517,"ENGR MUSA SANI YARIMAWA"
CON-RES-2026-518,"ENGR MUSA SANI YARIMAWA"
CON-RES-2026-519,"ENGR MUSA SANI YARIMAWA"
CON-RES-2026-52,"MUKTAR USMAN"
CON-RES-2026-520,"ENGR MUSA SANI YARIMAWA"
CON-RES-2026-521,"ENGR MUSA SANI YARIMAWA"
CON-RES-2026-522,"ENGR MUSA SANI YARIMAWA"
CON-RES-2026-523,"ENGR MUSA SANI YARIMAWA"
CON-RES-2026-524,"ENGR MUSA SANI YARIMAWA"
CON-RES-2026-525,"ENGR MUSA SANI YARIMAWA"
CON-RES-2026-526,"ENGR MUSA SANI YARIMAWA"
CON-RES-2026-527,"ENGR MUSA SANI YARIMAWA"
CON-RES-2026-528,"ENGR MUSA SANI YARIMAWA"
CON-RES-2026-529,"ENGR MUSA SANI YARIMAWA"
CON-RES-2026-53,"SADIQ ABUBAKAR MUSA"
CON-RES-2026-530,"ENGR MUSA SANI YARIMAWA"
CON-RES-2026-531,"ENGR MUSA SANI YARIMAWA"
CON-RES-2026-532,"ENGR MUSA SANI YARIMAWA"
CON-RES-2026-533,"ENGR MUSA SANI YARIMAWA"
CON-RES-2026-534,"ENGR MUSA SANI YARIMAWA"
CON-RES-2026-535,"ENGR MUSA SANI YARIMAWA"
CON-RES-2026-536,"ENGR MUSA SANI YARIMAWA"
CON-RES-2026-537,"ENGR MUSA SANI YARIMAWA"
CON-RES-2026-538,"ENGR MUSA SANI YARIMAWA"
CON-RES-2026-539,"ENGR MUSA SANI YARIMAWA"
CON-RES-2026-54,"H.M ASASANTA GLOBAL SERVICE"
CON-RES-2026-540,"ENGR MUSA SANI YARIMAWA"
CON-RES-2026-541,"ENGR MUSA SANI YARIMAWA"
CON-RES-2026-542,"ENGR MUSA SANI YARIMAWA"
CON-RES-2026-543,"ENGR MUSA SANI YARIMAWA"
CON-RES-2026-544,"ENGR MUSA SANI YARIMAWA"
CON-RES-2026-545,"ENGR MUSA SANI YARIMAWA"
CON-RES-2026-546,"ENGR MUSA SANI YARIMAWA"
CON-RES-2026-547,"ENGR MUSA SANI YARIMAWA"
CON-RES-2026-548,"ENGR MUSA SANI YARIMAWA"
CON-RES-2026-549,"ENGR MUSA SANI YARIMAWA"
CON-RES-2026-55,"SHUAIBU DAHIRU UMAR"
CON-RES-2026-550,"ENGR MUSA SANI YARIMAWA"
CON-RES-2026-551,"ENGR MUSA SANI YARIMAWA"
CON-RES-2026-552,"ENGR MUSA SANI YARIMAWA"
CON-RES-2026-553,"ENGR MUSA SANI YARIMAWA"
CON-RES-2026-554,"ENGR MUSA SANI YARIMAWA"
CON-RES-2026-555,"ENGR MUSA SANI YARIMAWA"
CON-RES-2026-556,"ENGR MUSA SANI YARIMAWA"
CON-RES-2026-557,"ENGR MUSA SANI YARIMAWA"
CON-RES-2026-558,"ENGR MUSA SANI YARIMAWA"
CON-RES-2026-559,"ENGR MUSA SANI YARIMAWA"
CON-RES-2026-56,"SHAMSUDDEEN SALIS GARBA"
CON-RES-2026-560,"ENGR MUSA SANI YARIMAWA"
CON-RES-2026-561,"ENGR MUSA SANI YARIMAWA"
CON-RES-2026-562,"ENGR MUSA SANI YARIMAWA"
CON-RES-2026-563,"ENGR MUSA SANI YARIMAWA"
CON-RES-2026-564,"ENGR MUSA SANI YARIMAWA"
CON-RES-2026-565,"ENGR MUSA SANI YARIMAWA"
CON-RES-2026-566,"ENGR MUSA SANI YARIMAWA"
CON-RES-2026-567,"ENGR MUSA SANI YARIMAWA"
CON-RES-2026-568,"ENGR MUSA SANI YARIMAWA"
CON-RES-2026-569,"ENGR MUSA SANI YARIMAWA"
CON-RES-2026-57,"YAHAYA ABDULKADIR"
CON-RES-2026-570,"ENGR MUSA SANI YARIMAWA"
CON-RES-2026-571,"ENGR MUSA SANI YARIMAWA"
CON-RES-2026-572,"ENGR MUSA SANI YARIMAWA"
CON-RES-2026-573,"ENGR MUSA SANI YARIMAWA"
CON-RES-2026-574,"ENGR MUSA SANI YARIMAWA"
CON-RES-2026-575,"ENGR MUSA SANI YARIMAWA"
CON-RES-2026-576,"ENGR MUSA SANI YARIMAWA"
CON-RES-2026-577,"ENGR MUSA SANI YARIMAWA"
CON-RES-2026-578,"ENGR MUSA SANI YARIMAWA"
CON-RES-2026-579,"ENGR MUSA SANI YARIMAWA"
CON-RES-2026-58,"MR UCHENNA AGBASI"
CON-RES-2026-580,"ENGR MUSA SANI YARIMAWA"
CON-RES-2026-581,"ENGR MUSA SANI YARIMAWA"
CON-RES-2026-582,"ENGR MUSA SANI YARIMAWA"
CON-RES-2026-583,"ENGR MUSA SANI YARIMAWA"
CON-RES-2026-584,"ENGR MUSA SANI YARIMAWA"
CON-RES-2026-585,"ENGR MUSA SANI YARIMAWA"
CON-RES-2026-586,"ENGR MUSA SANI YARIMAWA"
CON-RES-2026-587,"ENGR MUSA SANI YARIMAWA"
CON-RES-2026-588,"ENGR MUSA SANI YARIMAWA"
CON-RES-2026-589,"ENGR MUSA SANI YARIMAWA"
CON-RES-2026-59,"MOHAMMED YAYA TAHIR"
CON-RES-2026-590,"ENGR MUSA SANI YARIMAWA"
CON-RES-2026-591,"ENGR MUSA SANI YARIMAWA"
CON-RES-2026-592,"ENGR MUSA SANI YARIMAWA"
CON-RES-2026-593,"ENGR MUSA SANI YARIMAWA"
CON-RES-2026-5930,"MUSTAPHA MUHAMMAD AKAR"
CON-RES-2026-594,"ENGR MUSA SANI YARIMAWA"
CON-RES-2026-595,"ENGR MUSA SANI YARIMAWA"
CON-RES-2026-596,"ENGR MUSA SANI YARIMAWA"
CON-RES-2026-597,"ENGR MUSA SANI YARIMAWA"
CON-RES-2026-598,"ENGR MUSA SANI YARIMAWA"
CON-RES-2026-599,"ENGR MUSA SANI YARIMAWA"
CON-RES-2026-60,"SULAIMAN MUSA"
CON-RES-2026-600,"ENGR MUSA SANI YARIMAWA"
CON-RES-2026-601,"ENGR MUSA SANI YARIMAWA"
CON-RES-2026-602,"ENGR MUSA SANI YARIMAWA"
CON-RES-2026-603,"ENGR MUSA SANI YARIMAWA"
CON-RES-2026-604,"ENGR MUSA SANI YARIMAWA"
CON-RES-2026-605,"ENGR MUSA SANI YARIMAWA"
CON-RES-2026-606,"ENGR MUSA SANI YARIMAWA"
CON-RES-2026-607,"ENGR MUSA SANI YARIMAWA"
CON-RES-2026-608,"ENGR MUSA SANI YARIMAWA"
CON-RES-2026-609,"ENGR MUSA SANI YARIMAWA"
CON-RES-2026-61,"ABDULLAHI SANI MOHAMMED"
CON-RES-2026-610,"ENGR MUSA SANI YARIMAWA"
CON-RES-2026-611,"ENGR MUSA SANI YARIMAWA"
CON-RES-2026-612,"ENGR MUSA SANI YARIMAWA"
CON-RES-2026-613,"ENGR MUSA SANI YARIMAWA"
CON-RES-2026-614,"ENGR MUSA SANI YARIMAWA"
CON-RES-2026-615,"ENGR MUSA SANI YARIMAWA"
CON-RES-2026-616,"ENGR MUSA SANI YARIMAWA"
CON-RES-2026-617,"ENGR MUSA SANI YARIMAWA"
CON-RES-2026-618,"ENGR MUSA SANI YARIMAWA"
CON-RES-2026-619,"ENGR MUSA SANI YARIMAWA"
CON-RES-2026-62,"ABDULLAHI SANI MOHAMMED"
CON-RES-2026-620,"ENGR MUSA SANI YARIMAWA"
CON-RES-2026-621,"ENGR MUSA SANI YARIMAWA"
CON-RES-2026-622,"ENGR MUSA SANI YARIMAWA"
CON-RES-2026-623,"ENGR MUSA SANI YARIMAWA"
CON-RES-2026-624,"ENGR MUSA SANI YARIMAWA"
CON-RES-2026-625,"ENGR MUSA SANI YARIMAWA"
CON-RES-2026-626,"ENGR MUSA SANI YARIMAWA"
CON-RES-2026-627,"ENGR MUSA SANI YARIMAWA"
CON-RES-2026-628,"ENGR MUSA SANI YARIMAWA"
CON-RES-2026-629,"ENGR MUSA SANI YARIMAWA"
CON-RES-2026-63,"ABDULLAHI SANI MOHAMMED"
CON-RES-2026-630,"ENGR MUSA SANI YARIMAWA"
CON-RES-2026-631,"ENGR MUSA SANI YARIMAWA"
CON-RES-2026-632,"ENGR MUSA SANI YARIMAWA"
CON-RES-2026-633,"ENGR MUSA SANI YARIMAWA"
CON-RES-2026-634,"ENGR MUSA SANI YARIMAWA"
CON-RES-2026-635,"ENGR MUSA SANI YARIMAWA"
CON-RES-2026-636,"ENGR MUSA SANI YARIMAWA"
CON-RES-2026-637,"ENGR MUSA SANI YARIMAWA"
CON-RES-2026-638,"ENGR MUSA SANI YARIMAWA"
CON-RES-2026-639,"ENGR MUSA SANI YARIMAWA"
CON-RES-2026-64,"DAWAR ISAAC PHILEMENT"
CON-RES-2026-640,"ENGR MUSA SANI YARIMAWA"
CON-RES-2026-641,"ENGR MUSA SANI YARIMAWA"
CON-RES-2026-642,"ENGR MUSA SANI YARIMAWA"
CON-RES-2026-643,"ENGR MUSA SANI YARIMAWA"
CON-RES-2026-644,"ENGR MUSA SANI YARIMAWA"
CON-RES-2026-645,"ENGR MUSA SANI YARIMAWA"
CON-RES-2026-646,"ENGR MUSA SANI YARIMAWA"
CON-RES-2026-647,"ENGR MUSA SANI YARIMAWA"
CON-RES-2026-648,"ENGR MUSA SANI YARIMAWA"
CON-RES-2026-649,"ENGR MUSA SANI YARIMAWA"
CON-RES-2026-65,"DAWAR ISAAC PHILEMENT"
CON-RES-2026-650,"ENGR MUSA SANI YARIMAWA"
CON-RES-2026-651,"ENGR MUSA SANI YARIMAWA"
CON-RES-2026-652,"ENGR MUSA SANI YARIMAWA"
CON-RES-2026-653,"ENGR MUSA SANI YARIMAWA"
CON-RES-2026-654,"ENGR MUSA SANI YARIMAWA"
CON-RES-2026-655,"ENGR MUSA SANI YARIMAWA"
CON-RES-2026-656,"ENGR MUSA SANI YARIMAWA"
CON-RES-2026-657,"ENGR MUSA SANI YARIMAWA"
CON-RES-2026-658,"ENGR MUSA SANI YARIMAWA"
CON-RES-2026-659,"ENGR MUSA SANI YARIMAWA"
CON-RES-2026-66,"DAWAR ISAAC PHILEMENT"
CON-RES-2026-660,"ENGR MUSA SANI YARIMAWA"
CON-RES-2026-661,"ENGR MUSA SANI YARIMAWA"
CON-RES-2026-662,"ENGR MUSA SANI YARIMAWA"
CON-RES-2026-663,"ENGR MUSA SANI YARIMAWA"
CON-RES-2026-664,"ENGR MUSA SANI YARIMAWA"
CON-RES-2026-665,"ENGR MUSA SANI YARIMAWA"
CON-RES-2026-666,"ENGR MUSA SANI YARIMAWA"
CON-RES-2026-667,"ENGR MUSA SANI YARIMAWA"
CON-RES-2026-668,"ENGR MUSA SANI YARIMAWA"
CON-RES-2026-669,"ENGR MUSA SANI YARIMAWA"
CON-RES-2026-67,"DAWAR ISAAC PHILEMENT"
CON-RES-2026-670,"ENGR MUSA SANI YARIMAWA"
CON-RES-2026-671,"ENGR MUSA SANI YARIMAWA"
CON-RES-2026-672,"ENGR MUSA SANI YARIMAWA"
CON-RES-2026-673,"ENGR MUSA SANI YARIMAWA"
CON-RES-2026-674,"ENGR MUSA SANI YARIMAWA"
CON-RES-2026-675,"ENGR MUSA SANI YARIMAWA"
CON-RES-2026-676,"ENGR MUSA SANI YARIMAWA"
CON-RES-2026-677,"ENGR MUSA SANI YARIMAWA"
CON-RES-2026-678,"ENGR MUSA SANI YARIMAWA"
CON-RES-2026-679,"ENGR MUSA SANI YARIMAWA"
CON-RES-2026-68,"HASSAN SALISU ISMAIL"
CON-RES-2026-680,"ENGR MUSA SANI YARIMAWA"
CON-RES-2026-681,"ENGR MUSA SANI YARIMAWA"
CON-RES-2026-682,"ENGR MUSA SANI YARIMAWA"
CON-RES-2026-683,"ENGR MUSA SANI YARIMAWA"
CON-RES-2026-684,"ENGR MUSA SANI YARIMAWA"
CON-RES-2026-685,"ENGR MUSA SANI YARIMAWA"
CON-RES-2026-686,"ENGR MUSA SANI YARIMAWA"
CON-RES-2026-687,"IBRAHIM AMINU AHMAD"
CON-RES-2026-688,"IBRAHIM AMINU AHMAD"
CON-RES-2026-689,"IBRAHIM AMINU AHMAD"
CON-RES-2026-69,"HASSAN SALISU ISMAIL"
CON-RES-2026-690,"IBRAHIM AMINU AHMAD"
CON-RES-2026-691,"IBRAHIM AMINU AHMAD"
CON-RES-2026-692,"IBRAHIM AMINU AHMAD"
CON-RES-2026-693,"IBRAHIM AMINU AHMAD"
CON-RES-2026-694,"IBRAHIM AMINU AHMAD"
CON-RES-2026-695,"IBRAHIM AMINU AHMAD"
CON-RES-2026-696,"IBRAHIM AMINU AHMAD"
CON-RES-2026-697,"IBRAHIM AMINU AHMAD"
CON-RES-2026-698,"IBRAHIM AMINU AHMAD"
CON-RES-2026-699,"IBRAHIM AMINU AHMAD"
CON-RES-2026-70,"HASSAN SALISU ISMAIL"
CON-RES-2026-700,"IBRAHIM AMINU AHMAD"
CON-RES-2026-701,"IBRAHIM AMINU AHMAD"
CON-RES-2026-702,"IBRAHIM AMINU AHMAD"
CON-RES-2026-703,"IBRAHIM AMINU AHMAD"
CON-RES-2026-704,"IBRAHIM AMINU AHMAD"
CON-RES-2026-705,"IBRAHIM AMINU AHMAD"
CON-RES-2026-706,"IBRAHIM AMINU AHMAD"
CON-RES-2026-707,"IBRAHIM AMINU AHMAD"
CON-RES-2026-708,"IBRAHIM AMINU AHMAD"
CON-RES-2026-709,"IBRAHIM AMINU AHMAD"
CON-RES-2026-71,"HASSAN SALISU ISMAIL"
CON-RES-2026-710,"IBRAHIM AMINU AHMAD"
CON-RES-2026-711,"IBRAHIM AMINU AHMAD"
CON-RES-2026-712,"IBRAHIM AMINU AHMAD"
CON-RES-2026-713,"IBRAHIM AMINU AHMAD"
CON-RES-2026-714,"IBRAHIM AMINU AHMAD"
CON-RES-2026-715,"IBRAHIM AMINU AHMAD"
CON-RES-2026-716,"IBRAHIM AMINU AHMAD"
CON-RES-2026-717,"IBRAHIM AMINU AHMAD"
CON-RES-2026-718,"IBRAHIM AMINU AHMAD"
CON-RES-2026-719,"IBRAHIM AMINU AHMAD"
CON-RES-2026-72,"HASSAN SALISU ISMAIL"
CON-RES-2026-720,"IBRAHIM AMINU AHMAD"
CON-RES-2026-721,"IBRAHIM AMINU AHMAD"
CON-RES-2026-722,"IBRAHIM AMINU AHMAD"
CON-RES-2026-723,"IBRAHIM AMINU AHMAD"
CON-RES-2026-724,"IBRAHIM AMINU AHMAD"
CON-RES-2026-725,"IBRAHIM AMINU AHMAD"
CON-RES-2026-726,"IBRAHIM AMINU AHMAD"
CON-RES-2026-727,"IBRAHIM AMINU AHMAD"
CON-RES-2026-728,"IBRAHIM AMINU AHMAD"
CON-RES-2026-729,"IBRAHIM AMINU AHMAD"
CON-RES-2026-73,"HASSAN SALISU ISMAIL"
CON-RES-2026-730,"IBRAHIM AMINU AHMAD"
CON-RES-2026-731,"IBRAHIM AMINU AHMAD"
CON-RES-2026-732,"IBRAHIM AMINU AHMAD"
CON-RES-2026-733,"IBRAHIM AMINU AHMAD"
CON-RES-2026-734,"IBRAHIM AMINU AHMAD"
CON-RES-2026-735,"IBRAHIM AMINU AHMAD"
CON-RES-2026-736,"IBRAHIM AMINU AHMAD"
CON-RES-2026-737,"IBRAHIM AMINU AHMAD"
CON-RES-2026-738,"IBRAHIM AMINU AHMAD"
CON-RES-2026-739,"IBRAHIM AMINU AHMAD"
CON-RES-2026-74,"HASSAN SALISU ISMAIL"
CON-RES-2026-740,"IBRAHIM AMINU AHMAD"
CON-RES-2026-741,"IBRAHIM AMINU AHMAD"
CON-RES-2026-742,"IBRAHIM AMINU AHMAD"
CON-RES-2026-743,"IBRAHIM AMINU AHMAD"
CON-RES-2026-744,"IBRAHIM AMINU AHMAD"
CON-RES-2026-745,"IBRAHIM AMINU AHMAD"
CON-RES-2026-746,"IBRAHIM AMINU AHMAD"
CON-RES-2026-747,"IBRAHIM AMINU AHMAD"
CON-RES-2026-748,"IBRAHIM AMINU AHMAD"
CON-RES-2026-749,"IBRAHIM AMINU AHMAD"
CON-RES-2026-75,"HASSAN SALISU ISMAIL"
CON-RES-2026-750,"IBRAHIM AMINU AHMAD"
CON-RES-2026-751,"IBRAHIM AMINU AHMAD"
CON-RES-2026-752,"IBRAHIM AMINU AHMAD"
CON-RES-2026-753,"IBRAHIM AMINU AHMAD"
CON-RES-2026-754,"IBRAHIM AMINU AHMAD"
CON-RES-2026-755,"IBRAHIM AMINU AHMAD"
CON-RES-2026-756,"IBRAHIM AMINU AHMAD"
CON-RES-2026-757,"IBRAHIM AMINU AHMAD"
CON-RES-2026-758,"IBRAHIM AMINU AHMAD"
CON-RES-2026-759,"IBRAHIM AMINU AHMAD"
CON-RES-2026-76,"HASSAN SALISU ISMAIL"
CON-RES-2026-760,"IBRAHIM AMINU AHMAD"
CON-RES-2026-761,"IBRAHIM AMINU AHMAD"
CON-RES-2026-762,"IBRAHIM AMINU AHMAD"
CON-RES-2026-763,"IBRAHIM AMINU AHMAD"
CON-RES-2026-764,"IBRAHIM AMINU AHMAD"
CON-RES-2026-765,"IBRAHIM AMINU AHMAD"
CON-RES-2026-766,"IBRAHIM AMINU AHMAD"
CON-RES-2026-767,"IBRAHIM AMINU AHMAD"
CON-RES-2026-768,"IBRAHIM AMINU AHMAD"
CON-RES-2026-769,"IBRAHIM AMINU AHMAD"
CON-RES-2026-77,"HASSAN SALISU ISMAIL"
CON-RES-2026-770,"IBRAHIM AMINU AHMAD"
CON-RES-2026-771,"IBRAHIM AMINU AHMAD"
CON-RES-2026-772,"IBRAHIM AMINU AHMAD"
CON-RES-2026-773,"IBRAHIM AMINU AHMAD"
CON-RES-2026-774,"IBRAHIM AMINU AHMAD"
CON-RES-2026-775,"IBRAHIM AMINU AHMAD"
CON-RES-2026-776,"IBRAHIM AMINU AHMAD"
CON-RES-2026-777,"IBRAHIM AMINU AHMAD"
CON-RES-2026-778,"IBRAHIM AMINU AHMAD"
CON-RES-2026-779,"IBRAHIM AMINU AHMAD"
CON-RES-2026-78,"HASSAN SALISU ISMAIL"
CON-RES-2026-780,"IBRAHIM AMINU AHMAD"
CON-RES-2026-781,"IBRAHIM AMINU AHMAD"
CON-RES-2026-782,"IBRAHIM AMINU AHMAD"
CON-RES-2026-783,"IBRAHIM AMINU AHMAD"
CON-RES-2026-784,"IBRAHIM AMINU AHMAD"
CON-RES-2026-785,"IBRAHIM AMINU AHMAD"
CON-RES-2026-786,"IBRAHIM AMINU AHMAD"
CON-RES-2026-787,"IBRAHIM AMINU AHMAD"
CON-RES-2026-788,"IBRAHIM AMINU AHMAD"
CON-RES-2026-789,"IBRAHIM AMINU AHMAD"
CON-RES-2026-79,"HASSAN SALISU ISMAIL"
CON-RES-2026-790,"IBRAHIM AMINU AHMAD"
CON-RES-2026-791,"IBRAHIM AMINU AHMAD"
CON-RES-2026-792,"IBRAHIM AMINU AHMAD"
CON-RES-2026-793,"IBRAHIM AMINU AHMAD"
CON-RES-2026-794,"IBRAHIM AMINU AHMAD"
CON-RES-2026-795,"IBRAHIM AMINU AHMAD"
CON-RES-2026-796,"IBRAHIM AMINU AHMAD"
CON-RES-2026-797,"IBRAHIM AMINU AHMAD"
CON-RES-2026-798,"IBRAHIM AMINU AHMAD"
CON-RES-2026-799,"IBRAHIM AMINU AHMAD"
CON-RES-2026-80,"HASSAN SALISU ISMAIL"
CON-RES-2026-800,"IBRAHIM AMINU AHMAD"
CON-RES-2026-801,"IBRAHIM AMINU AHMAD"
CON-RES-2026-802,"IBRAHIM AMINU AHMAD"
CON-RES-2026-803,"IBRAHIM AMINU AHMAD"
CON-RES-2026-804,"IBRAHIM AMINU AHMAD"
CON-RES-2026-805,"IBRAHIM AMINU AHMAD"
CON-RES-2026-806,"IBRAHIM AMINU AHMAD"
CON-RES-2026-807,"IBRAHIM AMINU AHMAD"
CON-RES-2026-808,"IBRAHIM AMINU AHMAD"
CON-RES-2026-809,"IBRAHIM AMINU AHMAD"
CON-RES-2026-81,"HASSAN SALISU ISMAIL"
CON-RES-2026-810,"IBRAHIM AMINU AHMAD"
CON-RES-2026-811,"IBRAHIM AMINU AHMAD"
CON-RES-2026-812,"IBRAHIM AMINU AHMAD"
CON-RES-2026-813,"IBRAHIM AMINU AHMAD"
CON-RES-2026-814,"IBRAHIM AMINU AHMAD"
CON-RES-2026-815,"IBRAHIM AMINU AHMAD"
CON-RES-2026-816,"IBRAHIM AMINU AHMAD"
CON-RES-2026-817,"IBRAHIM AMINU AHMAD"
CON-RES-2026-818,"IBRAHIM AMINU AHMAD"
CON-RES-2026-819,"IBRAHIM AMINU AHMAD"
CON-RES-2026-82,"HASSAN SALISU ISMAIL"
CON-RES-2026-820,"IBRAHIM AMINU AHMAD"
CON-RES-2026-821,"IBRAHIM AMINU AHMAD"
CON-RES-2026-822,"IBRAHIM AMINU AHMAD"
CON-RES-2026-823,"IBRAHIM AMINU AHMAD"
CON-RES-2026-824,"IBRAHIM AMINU AHMAD"
CON-RES-2026-825,"IBRAHIM AMINU AHMAD"
CON-RES-2026-826,"IBRAHIM AMINU AHMAD"
CON-RES-2026-827,"IBRAHIM AMINU AHMAD"
CON-RES-2026-828,"IBRAHIM AMINU AHMAD"
CON-RES-2026-829,"IBRAHIM AMINU AHMAD"
CON-RES-2026-83,"HASSAN SALISU ISMAIL"
CON-RES-2026-830,"IBRAHIM AMINU AHMAD"
CON-RES-2026-831,"YAHUZA SAIDU"
CON-RES-2026-832,"MANSOUR LAFENWA SALAUDIN"
CON-RES-2026-833,"AYOMIDE OLUWASOLA OLASEHINDE"
CON-RES-2026-834,"ADAMU MUSA"
CON-RES-2026-835,"AMINU SALISU SODA"
CON-RES-2026-836,"AMINU SALISU SODA"
CON-RES-2026-837,"AMINU SALISU SODA"
CON-RES-2026-838,"AMINU SALISU SODA"
CON-RES-2026-839,"AMINU SALISU SODA"
CON-RES-2026-84,"HASSAN SALISU ISMAIL"
CON-RES-2026-840,"AMINU SALISU SODA"
CON-RES-2026-841,"AMINU SALISU SODA"
CON-RES-2026-842,"AMINU SALISU SODA"
CON-RES-2026-843,"AMINU SALISU SODA"
CON-RES-2026-844,"AMINU SALISU SODA"
CON-RES-2026-845,"AMINU SALISU SODA"
CON-RES-2026-846,"AMINU SALISU SODA"
CON-RES-2026-847,"AMINU SALISU SODA"
CON-RES-2026-848,"AMINU SALISU SODA"
CON-RES-2026-849,"AMINU SALISU SODA"
CON-RES-2026-85,"HASSAN SALISU ISMAIL"
CON-RES-2026-850,"AMINU SALISU SODA"
CON-RES-2026-851,"AMINU SALISU SODA"
CON-RES-2026-852,"AMINU SALISU SODA"
CON-RES-2026-853,"AMINU SALISU SODA"
CON-RES-2026-854,"AMINU SALISU SODA"
CON-RES-2026-855,"AMINU SALISU SODA"
CON-RES-2026-856,"AMINU SALISU SODA"
CON-RES-2026-857,"AMINU SALISU SODA"
CON-RES-2026-858,"AMINU SALISU SODA"
CON-RES-2026-859,"AMINU SALISU SODA"
CON-RES-2026-86,"HASSAN SALISU ISMAIL"
CON-RES-2026-860,"AMINU SALISU SODA"
CON-RES-2026-861,"AMINU SALISU SODA"
CON-RES-2026-862,"AMINU SALISU SODA"
CON-RES-2026-863,"AMINU SALISU SODA"
CON-RES-2026-864,"AMINU SALISU SODA"
CON-RES-2026-865,"AMINU SALISU SODA"
CON-RES-2026-866,"AMINU SALISU SODA"
CON-RES-2026-867,"AMINU SALISU SODA"
CON-RES-2026-868,"AMINU SALISU SODA"
CON-RES-2026-869,"AMINU SALISU SODA"
CON-RES-2026-87,"HASSAN SALISU ISMAIL"
CON-RES-2026-870,"AMINU SALISU SODA"
CON-RES-2026-871,"AMINU SALISU SODA"
CON-RES-2026-872,"AMINU SALISU SODA"
CON-RES-2026-873,"AMINU SALISU SODA"
CON-RES-2026-874,"AMINU SALISU SODA"
CON-RES-2026-875,"AMINU SALISU SODA"
CON-RES-2026-876,"AMINU SALISU SODA"
CON-RES-2026-877,"AMINU SALISU SODA"
CON-RES-2026-878,"AMINU SALISU SODA"
CON-RES-2026-879,"AMINU SALISU SODA"
CON-RES-2026-88,"HASSAN SALISU ISMAIL"
CON-RES-2026-880,"AMINU SALISU SODA"
CON-RES-2026-881,"AMINU SALISU SODA"
CON-RES-2026-882,"AMINU SALISU SODA"
CON-RES-2026-883,"AMINU SALISU SODA"
CON-RES-2026-884,"AMINU SALISU SODA"
CON-RES-2026-885,"GERA COMMUNITY DEVELOPMENT"
CON-RES-2026-886,"YUSUF GARBA SALE"
CON-RES-2026-887,"MARYAM GARBA GARO"
CON-RES-2026-888,"IBRAHIM  GARBA"
CON-RES-2026-889,"RABIU GARBA SALE"
CON-RES-2026-89,"HASSAN SALISU ISMAIL"
CON-RES-2026-890,"ABDULLAHI GARBA SALE"
CON-RES-2026-891,"SUMAIYA GARBA GARO"
CON-RES-2026-892,"ABUBAKAR GARBA"
CON-RES-2026-893,"JAMILA GARBA"
CON-RES-2026-894,"UCHENNA NNBUIHE"
CON-RES-2026-895,"DAHIR UMAR AND SONS NIG LTD"
CON-RES-2026-896,"SUNUSI MAHMUD"
CON-RES-2026-897,"Nura Adamu Tsanyawa"
CON-RES-2026-898,"MOHAMMED KABIR IDI KANYA"
CON-RES-2026-899,"ABSURRAHMAN MUHAMMAD LAMIN"
CON-RES-2026-90,"HASSAN SALISU ISMAIL"
CON-RES-2026-900,"Kassim Muhammad Ali"
CON-RES-2026-901,"Bashir Usman Gumel"
CON-RES-2026-902,"Bashir Usman Gumel"
CON-RES-2026-903,"Bashir Usman Gumel"
CON-RES-2026-904,"Bashir Usman Gumel"
CON-RES-2026-905,"Bashir Usman Gumel"
CON-RES-2026-906,"Bashir Usman Gumel"
CON-RES-2026-907,"Bashir Usman Gumel"
CON-RES-2026-908,"Bashir Usman Gumel"
CON-RES-2026-909,"Bashir Usman Gumel"
CON-RES-2026-91,"HASSAN SALISU ISMAIL"
CON-RES-2026-910,"Bashir Usman Gumel"
CON-RES-2026-911,"Bashir Usman Gumel"
CON-RES-2026-912,"Bashir Usman Gumel"
CON-RES-2026-913,"Anas Muhammad Shehu"
CON-RES-2026-914,"Anas Muhammad Shehu"
CON-RES-2026-915,"Anas Muhammad Shehu"
CON-RES-2026-916,"Anas Muhammad Shehu"
CON-RES-2026-917,"Hamza M Abdul Karim"
CON-RES-2026-918,"Hamza M Abdul Karim"
CON-RES-2026-919,"NASIRU AMINU AHMAD"
CON-RES-2026-92,"HASSAN SALISU ISMAIL"
CON-RES-2026-920,"NASIRU AMINU AHMAD"
CON-RES-2026-921,"NASIRU AMINU AHMAD"
CON-RES-2026-922,"NASIRU AMINU AHMAD"
CON-RES-2026-923,"NASIRU AMINU AHMAD"
CON-RES-2026-924,"NASIRU AMINU AHMAD"
CON-RES-2026-925,"NASIRU AMINU AHMAD"
CON-RES-2026-926,"NASIRU AMINU AHMAD"
CON-RES-2026-927,"NASIRU AMINU AHMAD"
CON-RES-2026-928,"NASIRU AMINU AHMAD"
CON-RES-2026-929,"NASIRU AMINU AHMAD"
CON-RES-2026-93,"HASSAN SALISU ISMAIL"
CON-RES-2026-930,"NASIRU AMINU AHMAD"
CON-RES-2026-931,"NASIRU AMINU AHMAD"
CON-RES-2026-932,"NASIRU AMINU AHMAD"
CON-RES-2026-933,"NASIRU AMINU AHMAD"
CON-RES-2026-934,"NASIRU AMINU AHMAD"
CON-RES-2026-935,"NASIRU AMINU AHMAD"
CON-RES-2026-936,"NASIRU AMINU AHMAD"
CON-RES-2026-937,"NASIRU AMINU AHMAD"
CON-RES-2026-938,"NASIRU AMINU AHMAD"
CON-RES-2026-939,"NASIRU AMINU AHMAD"
CON-RES-2026-94,"HASSAN SALISU ISMAIL"
CON-RES-2026-940,"NASIRU AMINU AHMAD"
CON-RES-2026-941,"NASIRU AMINU AHMAD"
CON-RES-2026-942,"NASIRU AMINU AHMAD"
CON-RES-2026-943,"NASIRU AMINU AHMAD"
CON-RES-2026-944,"NASIRU AMINU AHMAD"
CON-RES-2026-945,"NASIRU AMINU AHMAD"
CON-RES-2026-946,"NASIRU AMINU AHMAD"
CON-RES-2026-947,"NASIRU AMINU AHMAD"
CON-RES-2026-948,"NASIRU AMINU AHMAD"
CON-RES-2026-949,"NASIRU AMINU AHMAD"
CON-RES-2026-95,"HASSAN SALISU ISMAIL"
CON-RES-2026-950,"NASIRU AMINU AHMAD"
CON-RES-2026-951,"NASIRU AMINU AHMAD"
CON-RES-2026-952,"NASIRU AMINU AHMAD"
CON-RES-2026-953,"NASIRU AMINU AHMAD"
CON-RES-2026-954,"NASIRU AMINU AHMAD"
CON-RES-2026-955,"NASIRU AMINU AHMAD"
CON-RES-2026-956,"NASIRU AMINU AHMAD"
CON-RES-2026-957,"NASIRU AMINU AHMAD"
CON-RES-2026-958,"NASIRU AMINU AHMAD"
CON-RES-2026-959,"NASIRU AMINU AHMAD"
CON-RES-2026-96,"HASSAN SALISU ISMAIL"
CON-RES-2026-960,"NASIRU AMINU AHMAD"
CON-RES-2026-961,"NASIRU AMINU AHMAD"
CON-RES-2026-962,"NASIRU AMINU AHMAD"
CON-RES-2026-963,"NASIRU AMINU AHMAD"
CON-RES-2026-964,"NASIRU AMINU AHMAD"
CON-RES-2026-965,"NASIRU AMINU AHMAD"
CON-RES-2026-966,"NASIRU AMINU AHMAD"
CON-RES-2026-967,"NASIRU AMINU AHMAD"
CON-RES-2026-968,"NASIRU AMINU AHMAD"
CON-RES-2026-969,"NASIRU AMINU AHMAD"
CON-RES-2026-97,"HASSAN SALISU ISMAIL"
CON-RES-2026-970,"NASIRU AMINU AHMAD"
CON-RES-2026-971,"NASIRU AMINU AHMAD"
CON-RES-2026-972,"NASIRU AMINU AHMAD"
CON-RES-2026-973,"NASIRU AMINU AHMAD"
CON-RES-2026-974,"NASIRU AMINU AHMAD"
CON-RES-2026-975,"NASIRU AMINU AHMAD"
CON-RES-2026-976,"NASIRU AMINU AHMAD"
CON-RES-2026-977,"NASIRU AMINU AHMAD"
CON-RES-2026-978,"NASIRU AMINU AHMAD"
CON-RES-2026-979,"NASIRU AMINU AHMAD"
CON-RES-2026-98,"HASSAN SALISU ISMAIL"
CON-RES-2026-980,"NASIRU AMINU AHMAD"
CON-RES-2026-981,"NASIRU AMINU AHMAD"
CON-RES-2026-982,"NASIRU AMINU AHMAD"
CON-RES-2026-983,"NASIRU AMINU AHMAD"
CON-RES-2026-984,"NASIRU AMINU AHMAD"
CON-RES-2026-985,"NASIRU AMINU AHMAD"
CON-RES-2026-986,"NASIRU AMINU AHMAD"
CON-RES-2026-987,"NASIRU AMINU AHMAD"
CON-RES-2026-988,"NASIRU AMINU AHMAD"
CON-RES-2026-989,"NASIRU AMINU AHMAD"
CON-RES-2026-99,"HASSAN SALISU ISMAIL"
CON-RES-2026-990,"NASIRU AMINU AHMAD"
CON-RES-2026-991,"NASIRU AMINU AHMAD"
CON-RES-2026-992,"NASIRU AMINU AHMAD"
CON-RES-2026-993,"NASIRU AMINU AHMAD"
CON-RES-2026-994,"NASIRU AMINU AHMAD"
CON-RES-2026-995,"NASIRU AMINU AHMAD"
CON-RES-2026-996,"NASIRU AMINU AHMAD"
CON-RES-2026-997,"NASIRU AMINU AHMAD"
CON-RES-2026-998,"NASIRU AMINU AHMAD"
CON-RES-2026-999,"NASIRU AMINU AHMAD"
CON-RES-RC-2026-1,"ABDU MUSA GARKO"
CON-RES-RC-2026-2,"SAID MOHAMMAD AL-RAICHOUNI"
GKN-2026,"MINISTRY OF ENVIRONMENT ECOLOGY AND FORESTRY DEPT."
IND-2026-1,"SPLASH POWER NIGERIA LIMITED"
IND-2026-10,"A A KHALEED AND BROTHERS"
IND-2026-100,"ALIYU USMAN ADAM"
IND-2026-101,"ALIYU USMAN ADAM"
IND-2026-102,"ALIYU USMAN ADAM"
IND-2026-103,"ALIYU USMAN ADAM"
IND-2026-104,"ALIYU USMAN ADAM"
IND-2026-105,"ALIYU USMAN ADAM"
IND-2026-106,"ALIYU USMAN ADAM"
IND-2026-107,"BASHIR DADA UMAR"
IND-2026-108,"BASHIR DADA UMAR"
IND-2026-109,"Northern Textiles Manufacture Ltd"
IND-2026-11,"MUSA HARUNA TAHIR"
IND-2026-110,"MUSTAPHA SALISU AKARAMI"
IND-2026-111,"MUSTAPHA SALISU AKARAMI"
IND-2026-112,"MUSTAPHA SALISU AKARAMI"
IND-2026-113,"MUSTAPHA SALISU AKARAMI"
IND-2026-114,"MUSTAPHA SALISU AKARAMI"
IND-2026-115,"MUSTAPHA SALISU AKARAMI"
IND-2026-116,"MUSTAPHA SALISU AKARAMI"
IND-2026-117,"MUSTAPHA SALISU AKARAMI"
IND-2026-118,"MUSTAPHA SALISU AKARAMI"
IND-2026-119,"MUSTAPHA SALISU AKARAMI"
IND-2026-12,"MUSA HARUNA TAHIR"
IND-2026-120,"MUSTAPHA SALISU AKARAMI"
IND-2026-121,"MUSTAPHA SALISU AKARAMI"
IND-2026-122,"MUSTAPHA SALISU AKARAMI"
IND-2026-123,"MUSTAPHA SALISU AKARAMI"
IND-2026-124,"bala sabo"
IND-2026-125,"UMAR SANI KULO"
IND-2026-126,"UMAR SANI KULO"
IND-2026-127,"UMAR SANI KULO"
IND-2026-128,"UMAR SANI KULO"
IND-2026-129,"UMAR SANI KULO"
IND-2026-13,"UMAR ISA YAHAYA"
IND-2026-130,"UMAR SANI KULO"
IND-2026-131,"auwalu kabiru sadi"
IND-2026-132,"auwalu kabiru sadi"
IND-2026-133,"ELBASSY AGRO"
IND-2026-134,"ABDURRAHMAN USMAN KHALID"
IND-2026-135,"ABDURRAHMAN USMAN KHALID"
IND-2026-136,"ABDURRAHMAN USMAN KHALID"
IND-2026-137,"ABDURRAHMAN USMAN KHALID"
IND-2026-138,"ABDURRAHMAN USMAN KHALID"
IND-2026-139,"ABDURRAHMAN USMAN KHALID"
IND-2026-14,"ABUBAKAR KABIRU ADAM"
IND-2026-140,"ABDURRAHMAN USMAN KHALID"
IND-2026-141,"ABDURRAHMAN USMAN KHALID"
IND-2026-142,"ABDURRAHMAN USMAN KHALID"
IND-2026-143,"ABDURRAHMAN USMAN KHALID"
IND-2026-144,"ABDURRAHMAN USMAN KHALID"
IND-2026-145,"ABDURRAHMAN USMAN KHALID"
IND-2026-146,"ABDURRAHMAN USMAN KHALID"
IND-2026-147,"ABDURRAHMAN USMAN KHALID"
IND-2026-148,"ABDURRAHMAN USMAN KHALID"
IND-2026-149,"ABDULRAMAN USMAN KHALID"
IND-2026-15,"ACTIVE TEAM NIGERIA LIMITED"
IND-2026-150,"HAJAJU OIL AND GAS LIMITED"
IND-2026-151,"ABDUL RABIU"
IND-2026-152,"ABDULMUMIN FAROUK"
IND-2026-153,"ABDULMUMIN FAROUK"
IND-2026-154,"SALIHU HASSAN"
IND-2026-155,"AMMATULLAH AHMAD SHEHU"
IND-2026-156,"MISBAHU BABA MUHAMMADQ"
IND-2026-157,"HAJARA ABDULLAHI MUHAMMAD"
IND-2026-158,"SALISU MANZO"
IND-2026-159,"KURA BROTHERS NIG LTD"
IND-2026-16,"Super sack company limited"
IND-2026-160,"USMAN ILIYASU DANKWANO"
IND-2026-161,"USMAN ILIYASU DANKWANO"
IND-2026-162,"alh abubakar idris"
IND-2026-163,"alh abubakar idris"
IND-2026-164,"mustapha yahaya"
IND-2026-165,"mustapha yahaya"
IND-2026-166,"MUSTAPHA MUSA DANWAWU"
IND-2026-167,"MUSTAPHA MUSA DANWAWU"
IND-2026-168,"alh baba ibrahim textile"
IND-2026-169,"bashir dada umar"
IND-2026-17,"UMAR ISA YAHAYA"
IND-2026-170,"shafiu ibrahim abdulwahab"
IND-2026-171,"shafiu ibrahim abdulwahab"
IND-2026-172,"guarantee fertilizer limited"
IND-2026-173,"guarantee fertilizer limited"
IND-2026-174,"guarantee fertilizer limited"
IND-2026-175,"guarantee fertilizer limited"
IND-2026-176,"guarantee fertilizer limited"
IND-2026-177,"guarantee fertilizer limited"
IND-2026-178,"guarantee fertilizer limited"
IND-2026-179,"guarantee fertilizer limited"
IND-2026-18,"GARBA MJUSA DANDALAMA"
IND-2026-180,"guarantee fertilizer limited"
IND-2026-181,"guarantee fertilizer limited"
IND-2026-182,"BILYAMINU MUSA MALAM"
IND-2026-183,"ABUBAKAR ABDU MAIWADA"
IND-2026-184,"KURA BROTHERS NIG LTD"
IND-2026-185,"KURA BROTHERS NIG LTD"
IND-2026-186,"AHMED MOHAMMED"
IND-2026-187,"AHMED MOHAMMED"
IND-2026-188,"AHMED MOHAMMED"
IND-2026-189,"YAKUBU USMAN MUHAMMAD"
IND-2026-19,"GARBA MJUSA DANDALAMA"
IND-2026-190,"UMAR ISMAIL"
IND-2026-191,"IBRAHIM MUSTAPHA"
IND-2026-192,"IBRAHIM AMINU AHMAD"
IND-2026-193,"IBRAHIM AMINU AHMAD"
IND-2026-194,"IBRAHIM AMINU AHMAD"
IND-2026-195,"IBRAHIM AMINU AHMAD"
IND-2026-196,"IBRAHIM AMINU AHMAD"
IND-2026-197,"IBRAHIM AMINU AHMAD"
IND-2026-198,"IBRAHIM AMINU AHMAD"
IND-2026-199,"MUSTAPHA HUSSAINI FALAKI"
IND-2026-2,"BABA GARBA AND SONS"
IND-2026-20,"GARBA MJUSA DANDALAMA"
IND-2026-200,"MUSTAPHA HUSSAINI FALAKI"
IND-2026-201,"MUSTAPHA HUSSAINI FALAKI"
IND-2026-202,"MUSTAPHA HUSSAINI FALAKI"
IND-2026-203,"MUSTAPHA HUSSAINI FALAKI"
IND-2026-204,"MUSTAPHA HUSSAINI FALAKI"
IND-2026-205,"MUSTAPHA HUSSAINI FALAKI"
IND-2026-206,"MUSTAPHA HUSSAINI FALAKI"
IND-2026-207,"MUSTAPHA HUSSAINI FALAKI"
IND-2026-208,"MIKO SAADU & UMAR IDRIS"
IND-2026-209,"MUHAMMAD AUWAL MUSA AFAMAI"
IND-2026-21,"GARBA MJUSA DANDALAMA"
IND-2026-22,"MUHAMMAD BELLO ANAS"
IND-2026-23,"MADATAI GLOBAL INVESTMENT LTD"
IND-2026-24,"ASLAB AND BROTHERS MULTI TRADE"
IND-2026-25,"UMAR NAMADI INUWA"
IND-2026-26,"UMAR NAMADI INUWA"
IND-2026-27,"MUHAMMADU UMARU BAJOGA"
IND-2026-28,"SALISU USAMA"
IND-2026-29,"ISUMARK PROPERTIES LIMITED"
IND-2026-3,"NIGERIAN BOTTLING COMPANY LTD"
IND-2026-30,"YUSUF MUHAMMED"
IND-2026-31,"YUSUF MUHAMMED"
IND-2026-32,"YUSUF MUHAMMED"
IND-2026-33,"YUSUF MUHAMMED"
IND-2026-34,"YUSUF MUHAMMED"
IND-2026-35,"MUSA MUHAMMAD ZAKARI"
IND-2026-36,"MUSA MUHAMMAD ZAKARI"
IND-2026-37,"MUSA MUHAMMAD ZAKARI"
IND-2026-38,"MUSA MUHAMMAD ZAKARI"
IND-2026-39,"MUSA MUHAMMAD ZAKARI"
IND-2026-4,"NIGERIAN BOTTLING COMPANY LTD"
IND-2026-40,"MUSA MUHAMMAD ZAKARI"
IND-2026-41,"MUSA MUHAMMAD ZAKARI"
IND-2026-42,"MUSA MUHAMMAD ZAKARI"
IND-2026-43,"MUSA MUHAMMAD ZAKARI"
IND-2026-44,"MUSA MUHAMMAD ZAKARI"
IND-2026-45,"MUSA MUHAMMAD ZAKARI"
IND-2026-46,"MUSA MUHAMMAD ZAKARI"
IND-2026-47,"Alhaji falalu lawan"
IND-2026-48,"AMARYA PROPERTY DEV COMPANY LTD"
IND-2026-49,"AMARYA PROPERTY DEV COMPANY LTD"
IND-2026-5,"GERAWA OIL MILLS NIG LTD"
IND-2026-50,"AMARYA PROPERTY DEV COMPANY LTD"
IND-2026-51,"AMARYA PROPERTY DEV COMPANY LTD"
IND-2026-52,"AMARYA PROPERTY DEV COMPANY LTD"
IND-2026-53,"AMARYA PROPERTY DEV COMPANY LTD"
IND-2026-54,"Garba Musa Dandalama"
IND-2026-55,"Garba Musa Dandalama"
IND-2026-56,"UMAR NAMADI"
IND-2026-57,"UMAR NAMADI"
IND-2026-58,"aminu adamu yusif"
IND-2026-59,"aminu adamu yusif"
IND-2026-6,"GERAWA OIL MILLS NIG LTD"
IND-2026-60,"aminu adamu yusif"
IND-2026-61,"aminu adamu yusif"
IND-2026-62,"aminu adamu yusif"
IND-2026-63,"aminu adamu yusif"
IND-2026-64,"yushau suleiman mohammed"
IND-2026-65,"yushau suleiman mohammed"
IND-2026-66,"yushau suleiman mohammed"
IND-2026-67,"yushau suleiman mohammed"
IND-2026-68,"IBRAHIM AMINU AHMAD"
IND-2026-69,"IBRAHIM AMINU AHMAD"
IND-2026-7,"SABIR ABDULLAHI"
IND-2026-70,"IBRAHIM AMINU AHMAD"
IND-2026-71,"IBRAHIM AMINU AHMAD"
IND-2026-72,"AUWALU HASSAN YOLA"
IND-2026-73,"AUWALU HASSAN YOLA"
IND-2026-74,"AUWALU HASSAN YOLA"
IND-2026-75,"MUHAMMAD MAINA"
IND-2026-76,"MUHAMMAD MAINA"
IND-2026-77,"MUHAMMAD MAINA"
IND-2026-78,"MUHAMMAD MAINA"
IND-2026-79,"MUHAMMAD MAINA"
IND-2026-8,"KURA BROTHERS NIG LTD"
IND-2026-80,"MUHAMMAD MAINA"
IND-2026-81,"MUHAMMAD MAINA"
IND-2026-82,"MUHAMMAD MAINA"
IND-2026-83,"MUHAMMAD MAINA"
IND-2026-84,"MUHAMMAD MAINA"
IND-2026-85,"PLATINUM RICE COMP LTD"
IND-2026-86,"MUHAMMAD HUSSAIN RIMI"
IND-2026-87,"ALIYU USMAN ADAM"
IND-2026-88,"ALIYU USMAN ADAM"
IND-2026-89,"ALIYU USMAN ADAM"
IND-2026-8999,"Regional Usability Representative"
IND-2026-9,"ALI NAMAGAJI  DAWA"
IND-2026-90,"ALIYU USMAN ADAM"
IND-2026-91,"ALIYU USMAN ADAM"
IND-2026-92,"ALIYU USMAN ADAM"
IND-2026-93,"ALIYU USMAN ADAM"
IND-2026-94,"ALIYU USMAN ADAM"
IND-2026-95,"ALIYU USMAN ADAM"
IND-2026-96,"ALIYU USMAN ADAM"
IND-2026-97,"ALIYU USMAN ADAM"
IND-2026-98,"ALIYU USMAN ADAM"
IND-2026-99,"ALIYU USMAN ADAM"
IND-RC-2026-1,"BABA GARBA AND SONS"
IND-RC-2026-111,"Test2 Hello world"
IND-RC-2026-2,"BABA GARBA AND SONS"
IND-RC-2026-3,"NORTHERN TEXTILES MANUFACTURERS LTD"
IND-RC-2026-33,"Global Usability Associate"
RES-1985-2026,"MU'AWIYA SANI ALIYU"
RES-1986-2026,"BABA MOHAMMED NDA"
RES-1987-2026,"AHMAD TIJJANI ADO"
RES-1988-2026,"ABDULKARIM SHA'AIBU"
RES-1989-2026,"UMARU SOGIJI"
RES-1990-2026,"ALHAJI IBRAHIM DANKANI"
RES-1992-2026,"MALLAM MUSTAPHA SANI"
RES-1993-2026,"ALH UMARU DANKURA ADAMU"
RES-1994-2026,"YAHAYA ISA & SAIDU BELLO"
RES-2001-2026,"IBRAHIM ISAH"
RES-2002-2026,"IDRIS MUHAMMAD"
RES-2003-2026,"YUSUF YAHAYA"
RES-2009-2026,"MALAM IBRAHIM & GARBA"
RES-2016-2026,"ABDULLAHI YAKUBU"
RES-2022-2026,"SATATIMA DEVELOPMENT PROJECT."
RES-2025-2026,"SAADU ALI ALHASSAN"
RES-2026-1,"HON YUNUSA YUSHAU ALBASU"
RES-2026-10,"MUSTAPHA HARIS DABA"
RES-2026-100,"AHMAD ABUBAKAR AZAREMA"
RES-2026-1000,"MASLAHA HOMES AND DEVELOPMENT LTD"
RES-2026-1001,"MASLAHA HOMES AND DEVELOPMENT LTD"
RES-2026-1002,"MASLAHA HOMES AND DEVELOPMENT LTD"
RES-2026-1003,"MASLAHA HOMES AND DEVELOPMENT LTD"
RES-2026-1004,"MASLAHA HOMES AND DEVELOPMENT LTD"
RES-2026-1005,"MASLAHA HOMES AND DEVELOPMENT LTD"
RES-2026-1006,"MASLAHA HOMES AND DEVELOPMENT LTD"
RES-2026-1007,"MASLAHA HOMES AND DEVELOPMENT LTD"
RES-2026-1008,"MASLAHA HOMES AND DEVELOPMENT LTD"
RES-2026-1009,"MASLAHA HOMES AND DEVELOPMENT LTD"
RES-2026-1010,"MASLAHA HOMES AND DEVELOPMENT LTD"
RES-2026-1011,"MASLAHA HOMES AND DEVELOPMENT LTD"
RES-2026-1012,"MASLAHA HOMES AND DEVELOPMENT LTD"
RES-2026-1013,"MASLAHA HOMES AND DEVELOPMENT LTD"
RES-2026-1014,"MASLAHA HOMES AND DEVELOPMENT LTD"
RES-2026-1015,"MASLAHA HOMES AND DEVELOPMENT LTD"
RES-2026-1016,"MASLAHA HOMES AND DEVELOPMENT LTD"
RES-2026-1017,"MASLAHA HOMES AND DEVELOPMENT LTD"
RES-2026-1018,"MASLAHA HOMES AND DEVELOPMENT LTD"
RES-2026-1019,"MASLAHA HOMES AND DEVELOPMENT LTD"
RES-2026-1020,"MASLAHA HOMES AND DEVELOPMENT LTD"
RES-2026-1021,"MASLAHA HOMES AND DEVELOPMENT LTD"
RES-2026-1022,"MASLAHA HOMES AND DEVELOPMENT LTD"
RES-2026-1023,"MASLAHA HOMES AND DEVELOPMENT LTD"
RES-2026-1024,"MASLAHA HOMES AND DEVELOPMENT LTD"
RES-2026-1025,"MASLAHA HOMES AND DEVELOPMENT LTD"
RES-2026-1026,"MASLAHA HOMES AND DEVELOPMENT LTD"
RES-2026-1027,"MASLAHA HOMES AND DEVELOPMENT LTD"
RES-2026-1028,"MASLAHA HOMES AND DEVELOPMENT LTD"
RES-2026-1029,"MASLAHA HOMES AND DEVELOPMENT LTD"
RES-2026-1030,"MASLAHA HOMES AND DEVELOPMENT LTD"
RES-2026-1031,"MASLAHA HOMES AND DEVELOPMENT LTD"
RES-2026-1032,"MASLAHA HOMES AND DEVELOPMENT LTD"
RES-2026-1033,"MASLAHA HOMES AND DEVELOPMENT LTD"
RES-2026-1034,"MASLAHA HOMES AND DEVELOPMENT LTD"
RES-2026-1035,"MASLAHA HOMES AND DEVELOPMENT LTD"
RES-2026-1036,"MASLAHA HOMES AND DEVELOPMENT LTD"
RES-2026-1037,"MASLAHA HOMES AND DEVELOPMENT LTD"
RES-2026-1038,"MASLAHA HOMES AND DEVELOPMENT LTD"
RES-2026-1039,"MASLAHA HOMES AND DEVELOPMENT LTD"
RES-2026-1040,"MASLAHA HOMES AND DEVELOPMENT LTD"
RES-2026-1041,"MASLAHA HOMES AND DEVELOPMENT LTD"
RES-2026-1042,"MASLAHA HOMES AND DEVELOPMENT LTD"
RES-2026-1043,"MASLAHA HOMES AND DEVELOPMENT LTD"
RES-2026-1044,"MASLAHA HOMES AND DEVELOPMENT LTD"
RES-2026-1045,"MASLAHA HOMES AND DEVELOPMENT LTD"
RES-2026-1046,"MASLAHA HOMES AND DEVELOPMENT LTD"
RES-2026-1047,"MASLAHA HOMES AND DEVELOPMENT LTD"
RES-2026-1048,"MASLAHA HOMES AND DEVELOPMENT LTD"
RES-2026-1049,"MASLAHA HOMES AND DEVELOPMENT LTD"
RES-2026-1050,"MASLAHA HOMES AND DEVELOPMENT LTD"
RES-2026-1051,"MASLAHA HOMES AND DEVELOPMENT LTD"
RES-2026-1052,"MASLAHA HOMES AND DEVELOPMENT LTD"
RES-2026-1053,"MASLAHA HOMES AND DEVELOPMENT LTD"
RES-2026-1054,"MASLAHA HOMES AND DEVELOPMENT LTD"
RES-2026-1055,"MASLAHA HOMES AND DEVELOPMENT LTD"
RES-2026-1056,"MASLAHA HOMES AND DEVELOPMENT LTD"
RES-2026-1057,"MASLAHA HOMES AND DEVELOPMENT LTD"
RES-2026-1058,"MASLAHA HOMES AND DEVELOPMENT LTD"
RES-2026-1059,"MASLAHA HOMES AND DEVELOPMENT LTD"
RES-2026-1060,"MASLAHA HOMES AND DEVELOPMENT LTD"
RES-2026-1061,"MASLAHA HOMES AND DEVELOPMENT LTD"
RES-2026-1062,"MASLAHA HOMES AND DEVELOPMENT LTD"
RES-2026-1063,"MASLAHA HOMES AND DEVELOPMENT LTD"
RES-2026-1064,"MASLAHA HOMES AND DEVELOPMENT LTD"
RES-2026-1065,"MASLAHA HOMES AND DEVELOPMENT LTD"
RES-2026-1066,"MASLAHA HOMES AND DEVELOPMENT LTD"
RES-2026-1067,"MASLAHA HOMES AND DEVELOPMENT LTD"
RES-2026-1068,"MASLAHA HOMES AND DEVELOPMENT LTD"
RES-2026-1069,"MASLAHA HOMES AND DEVELOPMENT LTD"
RES-2026-1070,"MASLAHA HOMES AND DEVELOPMENT LTD"
RES-2026-1071,"MASLAHA HOMES AND DEVELOPMENT LTD"
RES-2026-1072,"MASLAHA HOMES AND DEVELOPMENT LTD"
RES-2026-1073,"MASLAHA HOMES AND DEVELOPMENT LTD"
RES-2026-1074,"MASLAHA HOMES AND DEVELOPMENT LTD"
RES-2026-1075,"MASLAHA HOMES AND DEVELOPMENT LTD"
RES-2026-1076,"MASLAHA HOMES AND DEVELOPMENT LTD"
RES-2026-1077,"MASLAHA HOMES AND DEVELOPMENT LTD"
RES-2026-1078,"MASLAHA HOMES AND DEVELOPMENT LTD"
RES-2026-1079,"MASLAHA HOMES AND DEVELOPMENT LTD"
RES-2026-108,"GARBA ALIYU"
RES-2026-1080,"MASLAHA HOMES AND DEVELOPMENT LTD"
RES-2026-1081,"MASLAHA HOMES AND DEVELOPMENT LTD"
RES-2026-1082,"MASLAHA HOMES AND DEVELOPMENT LTD"
RES-2026-1083,"MASLAHA HOMES AND DEVELOPMENT LTD"
RES-2026-1084,"MASLAHA HOMES AND DEVELOPMENT LTD"
RES-2026-1085,"MASLAHA HOMES AND DEVELOPMENT LTD"
RES-2026-1086,"MASLAHA HOMES AND DEVELOPMENT LTD"
RES-2026-1087,"MASLAHA HOMES AND DEVELOPMENT LTD"
RES-2026-1088,"MASLAHA HOMES AND DEVELOPMENT LTD"
RES-2026-1089,"MASLAHA HOMES AND DEVELOPMENT LTD"
RES-2026-109,"JIBRIN YA`U"
RES-2026-1090,"MASLAHA HOMES AND DEVELOPMENT LTD"
RES-2026-1091,"MASLAHA HOMES AND DEVELOPMENT LTD"
RES-2026-1092,"MASLAHA HOMES AND DEVELOPMENT LTD"
RES-2026-1093,"MASLAHA HOMES AND DEVELOPMENT LTD"
RES-2026-1094,"MASLAHA HOMES AND DEVELOPMENT LTD"
RES-2026-1095,"MASLAHA HOMES AND DEVELOPMENT LTD"
RES-2026-1096,"MASLAHA HOMES AND DEVELOPMENT LTD"
RES-2026-1097,"MASLAHA HOMES AND DEVELOPMENT LTD"
RES-2026-1098,"MASLAHA HOMES AND DEVELOPMENT LTD"
RES-2026-1099,"MASLAHA HOMES AND DEVELOPMENT LTD"
RES-2026-110,"DATTIJO FAMILY"
RES-2026-1100,"MASLAHA HOMES AND DEVELOPMENT LTD"
RES-2026-1101,"MASLAHA HOMES AND DEVELOPMENT LTD"
RES-2026-1102,"MASLAHA HOMES AND DEVELOPMENT LTD"
RES-2026-1103,"MASLAHA HOMES AND DEVELOPMENT LTD"
RES-2026-1104,"MASLAHA HOMES AND DEVELOPMENT LTD"
RES-2026-1105,"MASLAHA HOMES AND DEVELOPMENT LTD"
RES-2026-1106,"MASLAHA HOMES AND DEVELOPMENT LTD"
RES-2026-1107,"MASLAHA HOMES AND DEVELOPMENT LTD"
RES-2026-1108,"MASLAHA HOMES AND DEVELOPMENT LTD"
RES-2026-1109,"MASLAHA HOMES AND DEVELOPMENT LTD"
RES-2026-111,"IBRAHIM MUAZZAM NASIRU KABARA"
RES-2026-1110,"MASLAHA HOMES AND DEVELOPMENT LTD"
RES-2026-1111,"MASLAHA HOMES AND DEVELOPMENT LTD"
RES-2026-1112,"MASLAHA HOMES AND DEVELOPMENT LTD"
RES-2026-1113,"MASLAHA HOMES AND DEVELOPMENT LTD"
RES-2026-1114,"MASLAHA HOMES AND DEVELOPMENT LTD"
RES-2026-1115,"MASLAHA HOMES AND DEVELOPMENT LTD"
RES-2026-1116,"MASLAHA HOMES AND DEVELOPMENT LTD"
RES-2026-1117,"MASLAHA HOMES AND DEVELOPMENT LTD"
RES-2026-1118,"MASLAHA HOMES AND DEVELOPMENT LTD"
RES-2026-1119,"MASLAHA HOMES AND DEVELOPMENT LTD"
RES-2026-1120,"MASLAHA HOMES AND DEVELOPMENT LTD"
RES-2026-1121,"MASLAHA HOMES AND DEVELOPMENT LTD"
RES-2026-1122,"MASLAHA HOMES AND DEVELOPMENT LTD"
RES-2026-1123,"MASLAHA HOMES AND DEVELOPMENT LTD"
RES-2026-1124,"MASLAHA HOMES AND DEVELOPMENT LTD"
RES-2026-1125,"MASLAHA HOMES AND DEVELOPMENT LTD"
RES-2026-1126,"MASLAHA HOMES AND DEVELOPMENT LTD"
RES-2026-1127,"MASLAHA HOMES AND DEVELOPMENT LTD"
RES-2026-1128,"MASLAHA HOMES AND DEVELOPMENT LTD"
RES-2026-1129,"MASLAHA HOMES AND DEVELOPMENT LTD"
RES-2026-1130,"MASLAHA HOMES AND DEVELOPMENT LTD"
RES-2026-1131,"MASLAHA HOMES AND DEVELOPMENT LTD"
RES-2026-1132,"MASLAHA HOMES AND DEVELOPMENT LTD"
RES-2026-1133,"MASLAHA HOMES AND DEVELOPMENT LTD"
RES-2026-1134,"MASLAHA HOMES AND DEVELOPMENT LTD"
RES-2026-1135,"MASLAHA HOMES AND DEVELOPMENT LTD"
RES-2026-1136,"MASLAHA HOMES AND DEVELOPMENT LTD"
RES-2026-1137,"MASLAHA HOMES AND DEVELOPMENT LTD"
RES-2026-1138,"MASLAHA HOMES AND DEVELOPMENT LTD"
RES-2026-1139,"MASLAHA HOMES AND DEVELOPMENT LTD"
RES-2026-1140,"MASLAHA HOMES AND DEVELOPMENT LTD"
RES-2026-1141,"MASLAHA HOMES AND DEVELOPMENT LTD"
RES-2026-1142,"MASLAHA HOMES AND DEVELOPMENT LTD"
RES-2026-1143,"MASLAHA HOMES AND DEVELOPMENT LTD"
RES-2026-1144,"MASLAHA HOMES AND DEVELOPMENT LTD"
RES-2026-1145,"MASLAHA HOMES AND DEVELOPMENT LTD"
RES-2026-1146,"MASLAHA HOMES AND DEVELOPMENT LTD"
RES-2026-1147,"MASLAHA HOMES AND DEVELOPMENT LTD"
RES-2026-1148,"MASLAHA HOMES AND DEVELOPMENT LTD"
RES-2026-1149,"MASLAHA HOMES AND DEVELOPMENT LTD"
RES-2026-1150,"MASLAHA HOMES AND DEVELOPMENT LTD"
RES-2026-1151,"MASLAHA HOMES AND DEVELOPMENT LTD"
RES-2026-1152,"MASLAHA HOMES AND DEVELOPMENT LTD"
RES-2026-1153,"MASLAHA HOMES AND DEVELOPMENT LTD"
RES-2026-1154,"MASLAHA HOMES AND DEVELOPMENT LTD"
RES-2026-1155,"MASLAHA HOMES AND DEVELOPMENT LTD"
RES-2026-1156,"MASLAHA HOMES AND DEVELOPMENT LTD"
RES-2026-1157,"MASLAHA HOMES AND DEVELOPMENT LTD"
RES-2026-1158,"MASLAHA HOMES AND DEVELOPMENT LTD"
RES-2026-1159,"MASLAHA HOMES AND DEVELOPMENT LTD"
RES-2026-1160,"MASLAHA HOMES AND DEVELOPMENT LTD"
RES-2026-1161,"MASLAHA HOMES AND DEVELOPMENT LTD"
RES-2026-1162,"MASLAHA HOMES AND DEVELOPMENT LTD"
RES-2026-1163,"MASLAHA HOMES AND DEVELOPMENT LTD"
RES-2026-1164,"MASLAHA HOMES AND DEVELOPMENT LTD"
RES-2026-1165,"MASLAHA HOMES AND DEVELOPMENT LTD"
RES-2026-1166,"MASLAHA HOMES AND DEVELOPMENT LTD"
RES-2026-1167,"MASLAHA HOMES AND DEVELOPMENT LTD"
RES-2026-1168,"MASLAHA HOMES AND DEVELOPMENT LTD"
RES-2026-1169,"MASLAHA HOMES AND DEVELOPMENT LTD"
RES-2026-1170,"MASLAHA HOMES AND DEVELOPMENT LTD"
RES-2026-1171,"MASLAHA HOMES AND DEVELOPMENT LTD"
RES-2026-1172,"MASLAHA HOMES AND DEVELOPMENT LTD"
RES-2026-1173,"MASLAHA HOMES AND DEVELOPMENT LTD"
RES-2026-1174,"MASLAHA HOMES AND DEVELOPMENT LTD"
RES-2026-1175,"MASLAHA HOMES AND DEVELOPMENT LTD"
RES-2026-1176,"MASLAHA HOMES AND DEVELOPMENT LTD"
RES-2026-1177,"MASLAHA HOMES AND DEVELOPMENT LTD"
RES-2026-1178,"MASLAHA HOMES AND DEVELOPMENT LTD"
RES-2026-1179,"MASLAHA HOMES AND DEVELOPMENT LTD"
RES-2026-1180,"MASLAHA HOMES AND DEVELOPMENT LTD"
RES-2026-1181,"MASLAHA HOMES AND DEVELOPMENT LTD"
RES-2026-1182,"MASLAHA HOMES AND DEVELOPMENT LTD"
RES-2026-1183,"MASLAHA HOMES AND DEVELOPMENT LTD"
RES-2026-1184,"MASLAHA HOMES AND DEVELOPMENT LTD"
RES-2026-1185,"MASLAHA HOMES AND DEVELOPMENT LTD"
RES-2026-1186,"MASLAHA HOMES AND DEVELOPMENT LTD"
RES-2026-1187,"MASLAHA HOMES AND DEVELOPMENT LTD"
RES-2026-1188,"MASLAHA HOMES AND DEVELOPMENT LTD"
RES-2026-1189,"MASLAHA HOMES AND DEVELOPMENT LTD"
RES-2026-1190,"MASLAHA HOMES AND DEVELOPMENT LTD"
RES-2026-1191,"MASLAHA HOMES AND DEVELOPMENT LTD"
RES-2026-1192,"MASLAHA HOMES AND DEVELOPMENT LTD"
RES-2026-1193,"MASLAHA HOMES AND DEVELOPMENT LTD"
RES-2026-1194,"MASLAHA HOMES AND DEVELOPMENT LTD"
RES-2026-1195,"MASLAHA HOMES AND DEVELOPMENT LTD"
RES-2026-1196,"MASLAHA HOMES AND DEVELOPMENT LTD"
RES-2026-1197,"MASLAHA HOMES AND DEVELOPMENT LTD"
RES-2026-1198,"MASLAHA HOMES AND DEVELOPMENT LTD"
RES-2026-1199,"MASLAHA HOMES AND DEVELOPMENT LTD"
RES-2026-1200,"MASLAHA HOMES AND DEVELOPMENT LTD"
RES-2026-1201,"MASLAHA HOMES AND DEVELOPMENT LTD"
RES-2026-1202,"MASLAHA HOMES AND DEVELOPMENT LTD"
RES-2026-1203,"MASLAHA HOMES AND DEVELOPMENT LTD"
RES-2026-1204,"MASLAHA HOMES AND DEVELOPMENT LTD"
RES-2026-1205,"MASLAHA HOMES AND DEVELOPMENT LTD"
RES-2026-1206,"MASLAHA HOMES AND DEVELOPMENT LTD"
RES-2026-1207,"MASLAHA HOMES AND DEVELOPMENT LTD"
RES-2026-1208,"MASLAHA HOMES AND DEVELOPMENT LTD"
RES-2026-1209,"MASLAHA HOMES AND DEVELOPMENT LTD"
RES-2026-1210,"MASLAHA HOMES AND DEVELOPMENT LTD"
RES-2026-1211,"MASLAHA HOMES AND DEVELOPMENT LTD"
RES-2026-1212,"MASLAHA HOMES AND DEVELOPMENT LTD"
RES-2026-1213,"MASLAHA HOMES AND DEVELOPMENT LTD"
RES-2026-1214,"MASLAHA HOMES AND DEVELOPMENT LTD"
RES-2026-1215,"MASLAHA HOMES AND DEVELOPMENT LTD"
RES-2026-1216,"MASLAHA HOMES AND DEVELOPMENT LTD"
RES-2026-1217,"MASLAHA HOMES AND DEVELOPMENT LTD"
RES-2026-1218,"MASLAHA HOMES AND DEVELOPMENT LTD"
RES-2026-1219,"MASLAHA HOMES AND DEVELOPMENT LTD"
RES-2026-1220,"MASLAHA HOMES AND DEVELOPMENT LTD"
RES-2026-1221,"MASLAHA HOMES AND DEVELOPMENT LTD"
RES-2026-1222,"MASLAHA HOMES AND DEVELOPMENT LTD"
RES-2026-1223,"MASLAHA HOMES AND DEVELOPMENT LTD"
RES-2026-1224,"MASLAHA HOMES AND DEVELOPMENT LTD"
RES-2026-1225,"MASLAHA HOMES AND DEVELOPMENT LTD"
RES-2026-1226,"MASLAHA HOMES AND DEVELOPMENT LTD"
RES-2026-1227,"MASLAHA HOMES AND DEVELOPMENT LTD"
RES-2026-1228,"MASLAHA HOMES AND DEVELOPMENT LTD"
RES-2026-1229,"MASLAHA HOMES AND DEVELOPMENT LTD"
RES-2026-1230,"MASLAHA HOMES AND DEVELOPMENT LTD"
RES-2026-1231,"MASLAHA HOMES AND DEVELOPMENT LTD"
RES-2026-1232,"MASLAHA HOMES AND DEVELOPMENT LTD"
RES-2026-1233,"MASLAHA HOMES AND DEVELOPMENT LTD"
RES-2026-1234,"MASLAHA HOMES AND DEVELOPMENT LTD"
RES-2026-1235,"MASLAHA HOMES AND DEVELOPMENT LTD"
RES-2026-1236,"MASLAHA HOMES AND DEVELOPMENT LTD"
RES-2026-1237,"MASLAHA HOMES AND DEVELOPMENT LTD"
RES-2026-1238,"MASLAHA HOMES AND DEVELOPMENT LTD"
RES-2026-1239,"MASLAHA HOMES AND DEVELOPMENT LTD"
RES-2026-1240,"MASLAHA HOMES AND DEVELOPMENT LTD"
RES-2026-1241,"MASLAHA HOMES AND DEVELOPMENT LTD"
RES-2026-1242,"MASLAHA HOMES AND DEVELOPMENT LTD"
RES-2026-1243,"MASLAHA HOMES AND DEVELOPMENT LTD"
RES-2026-1244,"MASLAHA HOMES AND DEVELOPMENT LTD"
RES-2026-1245,"MASLAHA HOMES AND DEVELOPMENT LTD"
RES-2026-1246,"MASLAHA HOMES AND DEVELOPMENT LTD"
RES-2026-1247,"MASLAHA HOMES AND DEVELOPMENT LTD"
RES-2026-1248,"MASLAHA HOMES AND DEVELOPMENT LTD"
RES-2026-1249,"MASLAHA HOMES AND DEVELOPMENT LTD"
RES-2026-1250,"MASLAHA HOMES AND DEVELOPMENT LTD"
RES-2026-1251,"MASLAHA HOMES AND DEVELOPMENT LTD"
RES-2026-1252,"MASLAHA HOMES AND DEVELOPMENT LTD"
RES-2026-1253,"MASLAHA HOMES AND DEVELOPMENT LTD"
RES-2026-1254,"MASLAHA HOMES AND DEVELOPMENT LTD"
RES-2026-1255,"MASLAHA HOMES AND DEVELOPMENT LTD"
RES-2026-1256,"MASLAHA HOMES AND DEVELOPMENT LTD"
RES-2026-1257,"MASLAHA HOMES AND DEVELOPMENT LTD"
RES-2026-1258,"MASLAHA HOMES AND DEVELOPMENT LTD"
RES-2026-1259,"MASLAHA HOMES AND DEVELOPMENT LTD"
RES-2026-1260,"MASLAHA HOMES AND DEVELOPMENT LTD"
RES-2026-1261,"MASLAHA HOMES AND DEVELOPMENT LTD"
RES-2026-1262,"MASLAHA HOMES AND DEVELOPMENT LTD"
RES-2026-1263,"MASLAHA HOMES AND DEVELOPMENT LTD"
RES-2026-1264,"MASLAHA HOMES AND DEVELOPMENT LTD"
RES-2026-1265,"MASLAHA HOMES AND DEVELOPMENT LTD"
RES-2026-1266,"MASLAHA HOMES AND DEVELOPMENT LTD"
RES-2026-1267,"MASLAHA HOMES AND DEVELOPMENT LTD"
RES-2026-1268,"MASLAHA HOMES AND DEVELOPMENT LTD"
RES-2026-1269,"MASLAHA HOMES AND DEVELOPMENT LTD"
RES-2026-1270,"MASLAHA HOMES AND DEVELOPMENT LTD"
RES-2026-1271,"MASLAHA HOMES AND DEVELOPMENT LTD"
RES-2026-1272,"MASLAHA HOMES AND DEVELOPMENT LTD"
RES-2026-1273,"MASLAHA HOMES AND DEVELOPMENT LTD"
RES-2026-1274,"MASLAHA HOMES AND DEVELOPMENT LTD"
RES-2026-1275,"MASLAHA HOMES AND DEVELOPMENT LTD"
RES-2026-1276,"MASLAHA HOMES AND DEVELOPMENT LTD"
RES-2026-1277,"MASLAHA HOMES AND DEVELOPMENT LTD"
RES-2026-1278,"MASLAHA HOMES AND DEVELOPMENT LTD"
RES-2026-1279,"MASLAHA HOMES AND DEVELOPMENT LTD"
RES-2026-1280,"MASLAHA HOMES AND DEVELOPMENT LTD"
RES-2026-1281,"MASLAHA HOMES AND DEVELOPMENT LTD"
RES-2026-1282,"MASLAHA HOMES AND DEVELOPMENT LTD"
RES-2026-1283,"MASLAHA HOMES AND DEVELOPMENT LTD"
RES-2026-1284,"MASLAHA HOMES AND DEVELOPMENT LTD"
RES-2026-1285,"MASLAHA HOMES AND DEVELOPMENT LTD"
RES-2026-1286,"MASLAHA HOMES AND DEVELOPMENT LTD"
RES-2026-1287,"MASLAHA HOMES AND DEVELOPMENT LTD"
RES-2026-1288,"MASLAHA HOMES AND DEVELOPMENT LTD"
RES-2026-1289,"MASLAHA HOMES AND DEVELOPMENT LTD"
RES-2026-1290,"NAZIFI ADO SHITU"
RES-2026-1291,"LAWISA DAYYABU"
RES-2026-1292,"BINTA SANI"
RES-2026-1293,"MURTALA GEZAWA"
RES-2026-1294,"BALA MUHAMMAD"
RES-2026-1295,"BUHARI M."
RES-2026-1296,"AUWALU HASSAN"
RES-2026-1297,"MURTALA GEZAWA"
RES-2026-1298,"BUHARI M."
RES-2026-1299,"BALA MUHAMMAD"
RES-2026-13,"MARYAM & ZALIHA MUHAMMAD"
RES-2026-1300,"HAJIYA BILKISU ADO"
RES-2026-1301,"JUWAIRIYA ABUBAKAR ALHASSAN"
RES-2026-1302,"IBRAHIM ISAH MOHD"
RES-2026-1303,"YUSUF ABUBAKAR KURFI"
RES-2026-1304,"YUSUF ABUBAKAR KURFI"
RES-2026-1305,"SALISU ABDU"
RES-2026-1306,"MALAM BELLO ABBA YAKASAI"
RES-2026-1307,"IBRAHIM ISHAQ"
RES-2026-1308,"IBRAHIM SULAIMAN ABUBAKAR"
RES-2026-1309,"JAFAR ABDULLAHI"
RES-2026-1310,"MUHAMMAD RABIU ALIYU"
RES-2026-1311,"YAKUBU YAU"
RES-2026-1312,"RABIU HASSAN IBRAHIM"
RES-2026-1313,"RABIU HASSAN IBRAHIM"
RES-2026-1314,"YAKUBU IBRAHIM BULAMA"
RES-2026-1315,"YAKUBU IBRAHIM BULAMA"
RES-2026-1316,"SHARAFUDEEN ADO BARAU"
RES-2026-1317,"HADIZA ABDULLAHI MAI JAMAA"
RES-2026-1318,"HADIZA ABDULLAHI MAI JAMAA"
RES-2026-1319,"YUNUSA SULAIMAN"
RES-2026-1320,"YUNUSA SULAIMAN"
RES-2026-1321,"AISHA GONI TALBA"
RES-2026-1322,"ABDULMAJEED AMINU"
RES-2026-1323,"ABDULMAJEED AMINU"
RES-2026-1324,"ABDULMAJEED AMINU"
RES-2026-1325,"ABDULMAJEED AMINU"
RES-2026-1326,"KELVIN ASOGWA CHIBUEZE"
RES-2026-1327,"AMINU RABIU ABUBAKAR"
RES-2026-1328,"AUWALU RABIU ZANGINA"
RES-2026-1329,"HARUNA LAWAN USMAN & ADAMU HASSAN"
RES-2026-1330,"HARUNA LAWAN USMAN"
RES-2026-1331,"AUWALU RABIU ZANGINA"
RES-2026-1332,"AUWALU RABIU ZANGINA"
RES-2026-1333,"ABUBAKAR RABIU"
RES-2026-1334,"MAIKUDI ADO"
RES-2026-1335,"SALISU BELLO"
RES-2026-1336,"SHAM UNU HABIBU HALADU"
RES-2026-1337,"ALH BALARABE ALIKO"
RES-2026-1338,"mustapha abdullahi"
RES-2026-1339,AISHA
RES-2026-1340,"BALA MUHAMMAD"
RES-2026-1341,"MURTALA GEZAWA"
RES-2026-1342,"BUHARI M."
RES-2026-1343,"BUHARI M."
RES-2026-1344,"GARBA AHMED"
RES-2026-1345,"MUHAMMAD SURAJ"
RES-2026-1346,"MUHAMMAD SURAJ"
RES-2026-1347,"FATIMA MUHIBBA ABUBAKAR"
RES-2026-1348,"MUSTAPHA IDRIS HUSSAIN"
RES-2026-1349,"MUBEEN HUSSAINI MUHAMMAD"
RES-2026-1350,"FATIMA ZAINAB AISHA MUHAMMAD"
RES-2026-1351,"ALH. BALARABE ALIKO"
RES-2026-1352,"AHMAD MUHAMMAD"
RES-2026-1353,"NAJIB MUHAMMAD"
RES-2026-1354,"ALAMIN MUHAMMMAD"
RES-2026-1355,"YASSAR MUHAMMAD ABUBAKAR"
RES-2026-1356,"YASSAR MUHAMMAD ABUBAKAR"
RES-2026-1357,"UBA BALA RINGIM"
RES-2026-1358,"UBA BALA RINGIM"
RES-2026-1359,"UBA BALA RINGIM"
RES-2026-1360,"UBA BALA RINGIM"
RES-2026-1361,"UBA BALA RINGIM"
RES-2026-1362,"UBA BALA RINGIM"
RES-2026-1363,"AMINU YAU CHIRANCHI"
RES-2026-1364,"YASSAR MUHAMMAD ABUBAKAR"
RES-2026-1365,"IBRAHIM SHEHU MADIBBO"
RES-2026-1366,"YASSAR MUHAMMAD ABUBAKAR"
RES-2026-1367,"UMAR YAHAYA"
RES-2026-1368,"MOHD SANI SHUAIBU"
RES-2026-1369,"ALHAJI ADO MUHAMMAD"
RES-2026-1370,"YAU MUHAMMAD MUSA"
RES-2026-1371,"YAU MUHAMMAD MUSA"
RES-2026-1372,"SHARAFUDEEN ADO BARAU"
RES-2026-1373,"ABDULRAHMAN DANLAMI SAID"
RES-2026-1374,"SARKI LABARAN"
RES-2026-1375,"SARKI LABARAN"
RES-2026-1376,"ALH DANTSOHO"
RES-2026-1377,"ISA SIRAJO"
RES-2026-1378,"SABO MUSA"
RES-2026-1379,"GARBA BALA"
RES-2026-1380,"DANLADI GARBA"
RES-2026-1381,INUWA
RES-2026-1382,"INUWA MUSA"
RES-2026-1383,"INUWA MUSA"
RES-2026-1384,"NAJAMUDDEEN SAMINU SULAIMAN"
RES-2026-1385,"ABDULBASIT ABUBAKAR TAHIR"
RES-2026-1386,"ABDULBASIT ABUBAKAR TAHIR"
RES-2026-1387,"TASIU UMAR"
RES-2026-1388,"TASIU UMAR"
RES-2026-1389,"TASIU UMAR"
RES-2026-1390,"AGUMADU EMMANUEL IFUCHUKU"
RES-2026-1391,"AGUMADU EMMANUEL IFUCHUKU"
RES-2026-1392,"YASSAR MUHAMMAD ABUBAKAR"
RES-2026-1393,"YASSAR MUHAMMAD ABUBAKAR"
RES-2026-1394,"YASSAR MUHAMMAD ABUBAKAR"
RES-2026-1395,"YASSAR MUHAMMAD ABUBAKAR"
RES-2026-1396,"YASSAR MUHAMMAD ABUBAKAR"
RES-2026-1397,"YASSAR MUHAMMAD ABUBAKAR"
RES-2026-1398,"YASSAR MUHAMMAD ABUBAKAR"
RES-2026-1399,"YASSAR MUHAMMAD ABUBAKAR"
RES-2026-14,"MALAM SANI MUSA"
RES-2026-1400,"YASSAR MUHAMMAD ABUBAKAR"
RES-2026-1401,"YASSAR MUHAMMAD ABUBAKAR"
RES-2026-1402,"YASSAR MUHAMMAD ABUBAKAR"
RES-2026-1403,"YASSAR MUHAMMAD ABUBAKAR"
RES-2026-1404,"YASSAR MUHAMMAD ABUBAKAR"
RES-2026-1405,"SALE SHAAIBU"
RES-2026-1406,"IBRAHIM SULAIMAN ABUBAKAR"
RES-2026-1407,"IBRAHIM SULAIMAN ABUBAKAR"
RES-2026-1408,"YAU ZAKARI"
RES-2026-1409,"MAGAJI MAIDAWA"
RES-2026-1410,"NASIRU SALISU"
RES-2026-1411,"HASSAN SHEKARAU"
RES-2026-1412,"AMINU MAIJAMAA"
RES-2026-1413,"ISA MUSA"
RES-2026-1414,"SADIYA YUSUF"
RES-2026-1415,"SAAD YAHAYA"
RES-2026-1416,"MUHAMMAD LAWAN"
RES-2026-1417,"bashir abdullahi yusuf"
RES-2026-1418,"sunday Godwin Igoche"
RES-2026-1419,"sunday Godwin Igoche"
RES-2026-1420,"sunday Godwin Igoche"
RES-2026-1421,"sunday Godwin Igoche"
RES-2026-1422,"sunday Godwin Igoche"
RES-2026-1423,"HON. HAMZA SULE"
RES-2026-1424,"KABIRU  SULEIMAN"
RES-2026-1425,"AMINA MUSA"
RES-2026-1426,"ABUBAKAR ADO AHMAD"
RES-2026-1427,"HAMISU IBRAHIM"
RES-2026-1428,"FATIMA DAYYABU"
RES-2026-1429,"HAMZA SALIHU"
RES-2026-1430,"HAMZA SALIHU"
RES-2026-1431,"ISYAKU ABDULLAHI JARMAI"
RES-2026-1432,"MAL YAKUBU ADAMU"
RES-2026-1433,"UMAR BASHIR UMAR"
RES-2026-1434,"BASHIR ALHAJI IBARAHIM"
RES-2026-1435,"IBRAHIM LAWAN"
RES-2026-1436,"NASIRU YARO"
RES-2026-1437,"YAKUBU AHMAD"
RES-2026-1438,"ALH. TIJJANI"
RES-2026-1439,"SALISU ABDU"
RES-2026-1440,"SALISU ABDU"
RES-2026-1441,"MAHDI MUHAMMAD"
RES-2026-1442,"MAHDI MUHAMMAD"
RES-2026-1443,"ISYAKU UMAR"
RES-2026-1444,"AUWALU BALA MAKWARARI"
RES-2026-1445,"NURA GAMBO YARO"
RES-2026-1446,"MUJITTAPHA ABDULRAHMAN RABIU"
RES-2026-1447,"AHMAD TIJJANI AUWAL"
RES-2026-1448,"ALH. YAU SULEIMAN NIGERIA LTD"
RES-2026-1449,"MUSTAPHA YUSUF ABUBAKAR"
RES-2026-1450,"MUSTAPHA YUSUF ABUBAKAR"
RES-2026-1451,"AMINU ALIYU"
RES-2026-1452,"AYUBA YAHAYA"
RES-2026-1453,"BUNTING REBECCA CHINYERE"
RES-2026-1454,"SAUDE GARBA"
RES-2026-1455,"GADDAFI SANI MOHAMMED"
RES-2026-1456,"ABDALLAH MUKHTAR IDRIS"
RES-2026-1457,"AUDU BULAMA BUKARTI"
RES-2026-1458,"HAMZA ABDULLAHI UMAR"
RES-2026-1459,"MUSA MUAWUYA SAID"
RES-2026-1460,"MUSA MUAWUYA SAID"
RES-2026-1461,"GARZALI SALISU BARAU"
RES-2026-1462,"GARZAli SALISU BARAU"
RES-2026-1463,"GARZA SALISU BARAU"
RES-2026-1464,"GARZALI SALISUBARAU"
RES-2026-1465,"PROFESSOR KAMILU SANI FAGE"
RES-2026-1466,"AMINU AHMAD ABDULLAHI"
RES-2026-1467,"AMINU AHMAD ABDULLAHI"
RES-2026-1468,"AMINU AHMAD ABDULLAHI"
RES-2026-1469,"AMINU AHMAD ABDULLAHI"
RES-2026-1471,"ISMAIL MIKO"
RES-2026-1472,"HALIFA SHARIFA AMINU"
RES-2026-1473,"HALIFA SHARIF AMINU"
RES-2026-1474,"IBRAHIM SHARIF AMINU"
RES-2026-1475,"ABBA SHARIF AMINU"
RES-2026-1476,"NAZIRU SHARIF AMINU"
RES-2026-1477,"IBRAHIM AMINU SHARIF"
RES-2026-1478,"KAKAKN DALA ASSOCIATION"
RES-2026-1479,"KAKAKIN DALA ASSOCIATION"
RES-2026-1480,"NAZIRU SHARIF AMINU"
RES-2026-1481,"BAYERO ADAMU UMAR"
RES-2026-1482,"ABBA IBRAHIM MUKTAR"
RES-2026-1483,"BAYERO ADAMU UMAR"
RES-2026-1484,"KAKAKIN DALA ASSOCIATION"
RES-2026-1485,"KAKAKIN DALA ASSOCIATION"
RES-2026-1486,"KAKAKIN DALA ASSOCIATION"
RES-2026-1487,"KAKAKIN DALA ASSOCIATION"
RES-2026-1488,"KAKAKIN DALA ASSOCIATION"
RES-2026-1489,"KAKAKIN DALA ASSOCIATION"
RES-2026-1490,"MUHAMMAD NURA SULAIMAN"
RES-2026-1491,"MUHAMMAD NURA SULAIMAN"
RES-2026-1492,"BURHANADEEN INUWA GAYA"
RES-2026-1493,"BURHANADEEN INUWA GAYA"
RES-2026-1494,"BURHANADEEN INUWA GAYA"
RES-2026-1495,"BURHANADEEN INUWA GAYA"
RES-2026-1496,"RUMANATU IBRAHIM BABA"
RES-2026-1497,"ALHAJI JAMILU LAWAN IBRAHIM"
RES-2026-1498,"ALHAJI JAMILU LAWAN IBRAHIM"
RES-2026-1499,"JAMILIU LAWAN IBRAHIM"
RES-2026-15,"MU`AZU NASIRU MU`AZU"
RES-2026-1500,"JAMILIU LAWAN IBRAHIM"
RES-2026-1501,"JAMILIU LAWAN IBRAHIM"
RES-2026-1502,"AMINU ALHASSAN"
RES-2026-1503,"AMINU ALHASSAN"
RES-2026-1504,"GARZALI SHUAIBU HARUNA"
RES-2026-1505,"MOHAMMAD MUSA DUNGUS TANIMU"
RES-2026-1506,"BELLO SHAZALI ADAM"
RES-2026-1507,"SADIQ IBARAHIM"
RES-2026-1508,"LUKMAN BELLO USMAN"
RES-2026-1509,"UMAR ISA YAHAYA"
RES-2026-1510,"SURAJO LAWAN SULEMAN"
RES-2026-1511,"BASHIR UMAR MUHAMMAD"
RES-2026-1512,"MUHAMMAD SANI ADM"
RES-2026-1513,"MUSA ABDULKADIR HAMZA"
RES-2026-1514,"ABDURRAHMAN ABDULLAHI BABALE"
RES-2026-1515,"HUSSAINI MUHAMMAD"
RES-2026-1516,"AL-AMIN ASHIRU"
RES-2026-1517,"MUHAMMAD ADAM YUSUF"
RES-2026-1518,"ADO ADULLAHI SANTA"
RES-2026-1519,"RABIU IBRAHIM"
RES-2026-1520,"HAJARA UMAR"
RES-2026-1521,"AHMADU SUFI"
RES-2026-1522,"MUHAMMAD YUSUF HARUNA"
RES-2026-1523,"MUHAMMAD SURAJ KARAYE"
RES-2026-1524,"MUHAMMAD SURAJ KARAYE"
RES-2026-1525,"MUHAMMAD BUHARI ISMAIL"
RES-2026-1526,"MUSTAPHA UMAR"
RES-2026-1527,"ABDULLAHI MUSA IDRIS"
RES-2026-1528,"JIMMAI SANI"
RES-2026-1529,"ABDURRAZAK ADAM"
RES-2026-1530,"ABDURRAZAK ADAM"
RES-2026-1531,"MUSBAHU DAHIRU"
RES-2026-1532,"HABIBU YAKUBU"
RES-2026-1533,"I.I  PROJECT D INVESTMENT"
RES-2026-1534,"I.I  PROJECT D INVESTMENT"
RES-2026-1535,"ALHAJI MUHAMMAD SHARIF"
RES-2026-1536,"FADIL KABIR BABA"
RES-2026-1537,"FADIL KABIR BABA"
RES-2026-1538,"ALH HASSAN SALISU ISMAIL"
RES-2026-1539,"ALH HASSAN SALISU ISMAIL"
RES-2026-1540,"ALH. HASSAN SALISU ISMAIL"
RES-2026-1541,"ALH. HASSAN SALISU ISMAIL"
RES-2026-1542,"ALH HASSAN SALISU ISMAIL"
RES-2026-1543,"ALH. HASSAN SALISU ISMAIL"
RES-2026-1544,"ALH. HASSAN SALISU ISMAIL"
RES-2026-1545,"AMINU KASSIM NA ABBA"
RES-2026-1546,"AMINU KASSIM NA ABBA"
RES-2026-1547,"AMINU KASSIM NA ABBA"
RES-2026-1548,"AMINU KASSIM NA ABBA"
RES-2026-1549,"AMINU KASSIM NA ABBA"
RES-2026-1550,"AMINU KASSIM NA ABBA"
RES-2026-1551,"AMINU KASSIM NA ABBA"
RES-2026-1552,"AMINU KASSIM NA ABBA"
RES-2026-1553,"AMINU KASSIM NA ABBA"
RES-2026-1554,"AMINU KASSIM NA ABBA"
RES-2026-1555,"SANI MUDI"
RES-2026-1556,"ZUBAIRU IBRAHIM"
RES-2026-1557,"AHMED AMINU"
RES-2026-1558,"DAHIRU UMAR"
RES-2026-1559,"TASIU MUHAMMED UMAR"
RES-2026-1560,"ALASAN HAMISU"
RES-2026-1561,"LAWAN SHUAIBU"
RES-2026-1562,"KABIRU MUSA"
RES-2026-1563,"MESSR COPS LIMITED"
RES-2026-1564,"MESSR COPS LIMITED"
RES-2026-1565,"MUHAMMAD YUSUF HARUNA"
RES-2026-1566,"SADIKU LAWAL"
RES-2026-1567,"ABUBAKAR JIKANG G."
RES-2026-1568,"ACHONWA HYACINTH KELECHUKWU"
RES-2026-1569,"ABUBAKAR ABDULJALIL"
RES-2026-1570,"ABUBAKAR ABDULJALIL"
RES-2026-1571,"ABUBAKAR ABDULJALIL"
RES-2026-1572,"ABUBAKAR KYARI"
RES-2026-1573,"ABUBAKAR GARBA NGALA"
RES-2026-1574,"ABDULLAHI  MUSA"
RES-2026-1575,"ILAYASU LAWAN"
RES-2026-1576,"FADIL KABIR BABA"
RES-2026-1577,"ZAHARAU ISMAIL"
RES-2026-1578,"SALISU YAHAYA"
RES-2026-1579,"AMINU YAU CHIRANCHI"
RES-2026-1580,"SANI RIDWAN MUSA"
RES-2026-1581,"MARYAM ISAH ABUBAKAR"
RES-2026-1582,"MARYAM ISAH ABUBAKAR"
RES-2026-1583,"MARYAM ISAH ABUBAKAR"
RES-2026-1584,"MARYAM ISAH ABUBAKAR"
RES-2026-1585,"EMMANUEL  OZOADINE"
RES-2026-1586,"ABDURRAZAK DAHIRU"
RES-2026-1587,"ADO DAHIRU UNGOGO"
RES-2026-1588,"TAIYE OYEDEJI OJO"
RES-2026-1589,"SALEH HASSAN"
RES-2026-1590,"ALIYU SHARIF IBRAHIM"
RES-2026-1591,"TAIYE OYEDEJI OJO"
RES-2026-1592,"TASIU ILU KURA"
RES-2026-1593,"NAZIRU SHARIF AMINU"
RES-2026-1594,"IMAN SUNUSI"
RES-2026-1595,"ABDURRAHMAN M. ABUBAKAR"
RES-2026-1596,"ISMAIL MUSA MAIGISHIRI"
RES-2026-1597,"NAFIU ISA"
RES-2026-1598,"MUHAMMAD BELLO YUSUF"
RES-2026-1599,"IBRAHIM GONI SANDA"
RES-2026-16,"SALEH YUSUF"
RES-2026-160,"HARISU AHMAD ABDULLAHI"
RES-2026-1600,"MUSTAPHA TIJJANI"
RES-2026-1601,"EMMANUEL  OZOADINE"
RES-2026-1602,"EMMANUEL  OZOADINE"
RES-2026-1603,"EMMANUEL  OZOADINE"
RES-2026-1604,"EMMANUEL  OZOADINE"
RES-2026-1605,"EMMANUEL  OZOADINE"
RES-2026-1606,"EMMANUEL  OZOADINE"
RES-2026-1607,"EMMANUEL  OZOADINE"
RES-2026-1608,"MUHAMMAD SABIU"
RES-2026-1609,"ALIYU IBRAHIM"
RES-2026-161,"BELLO GARBA BELI"
RES-2026-1610,"ALIYU IBRAHIM"
RES-2026-1611,"MUHAMMAD USMAN ABDULLAHI"
RES-2026-1612,"FARUK UMAR HAMZA"
RES-2026-1613,"ABDULYASSAR GARBA ALHASSAN"
RES-2026-1614,"ABDULYASSAR GARBA ALHASSAN"
RES-2026-1615,"IBRAHIM AMINU SHARIF"
RES-2026-1616,"AMINU SHARIF IBRAHIM"
RES-2026-1617,"ABBA SHARIF AMINU"
RES-2026-1618,"NAZIRU SHARIF AMINU"
RES-2026-1619,"HADI SHARIF AMINU"
RES-2026-1620,"IBRAHIM AMINU SHARIF"
RES-2026-1621,"IBRAHIM AMINU SHARIF"
RES-2026-1622,"IBRAHIM AMINU SHARIF"
RES-2026-1623,"HADI SHARIF AMINU"
RES-2026-1624,"SUNUSI MUKTAR BELLO"
RES-2026-1625,"YUSUF DAUDA NA'ABBA"
RES-2026-1626,"YUSUF DAUDA NA'ABBA"
RES-2026-1627,"BELLO MUKTAR"
RES-2026-1628,"SUNUSI MUKTAR BELLO"
RES-2026-1629,"HASSAN HASSAN MURTALA"
RES-2026-1630,"ABDULLAHI HARUNA IBRAHIM"
RES-2026-1631,"BALARABE YAHAYA USMAN"
RES-2026-1632,"SHEHU KABARA"
RES-2026-1633,"EMMANUEL OZOANDINDE"
RES-2026-1634,"EMMANUEL OZOANDINDE"
RES-2026-1635,"EMMANUEL OZOANDINDE"
RES-2026-1636,"EMMANUEL OZOANDINDE"
RES-2026-1637,"IBRAHIM YAHAYA GWIO"
RES-2026-1638,"ABUBAKAR YAKUBU MAIKUDI"
RES-2026-1639,"mr peter chizua ezeh"
RES-2026-164,"ALIYU SULEIMAN"
RES-2026-1640,"mr peter chizua ezeh"
RES-2026-1641,"KAFIN FULANI GLOBAL INVESTMENT"
RES-2026-1642,"KAFIN FULANI GLOBAL INVESTMENT"
RES-2026-1643,"KAFIN FULANI GLOBAL INVESTMENT"
RES-2026-1644,"KAFIN FULANI GLOBAL INVESTMENT"
RES-2026-1645,"KAFIN FULANI GLOBAL INVESTMENT"
RES-2026-1646,"KAFIN FULANI GLOBAL INVESTMENT"
RES-2026-1647,"KAFIN FULANI GLOBAL INVESTMENT"
RES-2026-1648,"KAFIN FULANI GLOBAL INVESTMENT"
RES-2026-1649,"KAFIN FULANI GLOBAL INVESTMENT"
RES-2026-1650,"KAFIN FULANI GLOBAL INVESTMENT"
RES-2026-1651,"KAFIN FULANI GLOBAL INVESTMENT"
RES-2026-1652,"KAFIN FULANI GLOBAL INVESTMENT"
RES-2026-1653,"KAFIN FULANI GLOBAL INVESTMENT"
RES-2026-1654,"AYAB CONSTRUCTION CO. LTD"
RES-2026-1655,"AYAB CONSTRUCTION CO. LTD"
RES-2026-1656,"AYAB CONSTRUCTION CO. LTD"
RES-2026-1657,"AYAB CONSTRUCTION CO. LTD"
RES-2026-1658,"AYAB CONSTRUCTION CO. LTD"
RES-2026-1659,"AYAB CONSTRUCTION CO. LTD"
RES-2026-1660,"AYAB CONSTRUCTION CO. LTD"
RES-2026-1661,"AYAB CONSTRUCTION CO. LTD"
RES-2026-1662,"AYAB CONSTRUCTION CO. LTD"
RES-2026-1663,"AYAB CONSTRUCTION CO. LTD"
RES-2026-1664,"AYAB CONSTRUCTION CO. LTD"
RES-2026-1665,"AYAB CONSTRUCTION CO. LTD"
RES-2026-1666,"AYAB CONSTRUCTION CO. LTD"
RES-2026-1667,"AYAB CONSTRUCTION CO. LTD"
RES-2026-1668,"CHIJIOKE CHUKWUJEKWU"
RES-2026-1669,"ALI ADAMU"
RES-2026-1670,"ALI ADAMU"
RES-2026-1671,"ALI ADAMU"
RES-2026-1672,"USMAN HARUNA MUHAMMAD"
RES-2026-1673,"USMAN HARUNA MUHAMMAD"
RES-2026-1674,"USMAN HARUNA MUHAMMAD"
RES-2026-1675,"INUSA SULEIMAN"
RES-2026-1676,"USMAN HARUNA MUHAMMAD"
RES-2026-1677,"ALH YAHAYA DANBALA ILIYASU"
RES-2026-1678,"ALH TASIU ILU KURA"
RES-2026-1679,"IDRIS ABUBAKAR"
RES-2026-1680,"EMMANUEL OZOANDINDE"
RES-2026-1681,"EMMANUEL OZOANDINDE"
RES-2026-1682,"SHAMSUDEEN BELLO"
RES-2026-1683,"ABDULAZIZ NAMADI"
RES-2026-1684,"ABDULAZIZ NAMADI"
RES-2026-1685,"ABDULAZIZ NAMADI"
RES-2026-1686,"NAMADI INUWA"
RES-2026-1687,"NAMADI INUWA"
RES-2026-1688,"NAMADI INUWA"
RES-2026-1689,"NAMADI INUWA"
RES-2026-169,"SABI'U ABUBAKAR SADIQ"
RES-2026-1690,"ADRON HOMES"
RES-2026-1691,"SAUDAT  MAGAJI KANKAROFI"
RES-2026-1692,"NAMADI INWA"
RES-2026-1693,"ADAMU IBRAHIM"
RES-2026-1694,"COL. AHMED MOHD"
RES-2026-1695,"ALHAJI YAHAYA DANBALA ILIYASU"
RES-2026-1696,"IDRIS MUHAMMAD"
RES-2026-1697,IDRIS
RES-2026-1698,SHUAIBU
RES-2026-1699,"JUNAIDU UMAR"
RES-2026-17,"AYUBA YUSUF MUSA"
RES-2026-1700,"NAMADI INUWA"
RES-2026-1701,"NAMADI INUWA"
RES-2026-1702,"aminu dalha"
RES-2026-1703,"aminu dalha"
RES-2026-1704,"MAHE BASHIR WALI"
RES-2026-1705,"aminu dalha"
RES-2026-1706,"aminu dalha"
RES-2026-1707,"ABUBAKAR YAHAYA HAMMA"
RES-2026-1708,"ABUBAKAR YAHAYA HAMMA"
RES-2026-1709,"ALIYU ADO"
RES-2026-171,"MUHAMMAD MUHAMMAD"
RES-2026-1710,"AISHA YAKUBU ABUBAKAR"
RES-2026-1711,"SAID IBRAHIM NAKOWA"
RES-2026-1712,"SAID IBRAHIM NAKOWA"
RES-2026-1714,"UMAR NAMADI INUWA"
RES-2026-1715,"UMAR NAMADI INUWA"
RES-2026-1716,"ZAINAB DATTI AHMED"
RES-2026-1717,"PATIENCE NGOZI OBIAGWU"
RES-2026-1718,"AISHA BALA MUSA"
RES-2026-1719,"MOSHOOD ENEWO SULAIMAN"
RES-2026-1720,"ZAINAB UBA IBRAHIM"
RES-2026-1721,"MUJAHID YAHYA MUHAMMAD"
RES-2026-1722,"FAKRADDEEN YAHYA MUHAMMAD"
RES-2026-1723,"DR MAHMUD BABA MAHMUD"
RES-2026-1724,"GODPOWER CHINEDU MICHEAL"
RES-2026-1725,"SULE ABDULLAHI GAYA"
RES-2026-1726,"ZAINAB ABDULAZEEZ UMAR"
RES-2026-1727,"BABA  MAIYAKI MUSA"
RES-2026-1728,"AISHAT ABUBAKAR MUHAMMAD"
RES-2026-1729,"UMAR NAMADI INUWA"
RES-2026-1730,"UMAR NAMADI INUWA"
RES-2026-1731,"UMAR NAMADI INUWA"
RES-2026-1732,"UMAR NAMADI INUWA"
RES-2026-1733,"UMAR NAMADI INUWA"
RES-2026-1734,"UMAR NAMADI INUWA"
RES-2026-1735,"UMAR NAMADI INUWA"
RES-2026-1736,"UMAR NAMADI INUWA"
RES-2026-1737,"ABDULLAHI MOHAMMAD ANGO"
RES-2026-1738,"SAFIYANU SALISU AHMAD"
RES-2026-1739,"GREAT UNITED ELITES SPORTING CLUB"
RES-2026-174,"BALA SABO"
RES-2026-1740,"AYUBA BALA SAAD"
RES-2026-1741,"ADAMU GAMBO IBRAHIM"
RES-2026-1742,"JAMILU UMAR"
RES-2026-1743,"DANTATA ALHASSAN ABDULKADIR"
RES-2026-1744,"DANTATA ALHASSAN ABDULKADIR"
RES-2026-1745,"DANTATA ALHASSAN ABDULKADIR"
RES-2026-1746,"MUHAMMAD SABIU"
RES-2026-1747,"IBRAHIM AMINU AHMAD"
RES-2026-1748,"ALHAJI SANI MAISHADDA"
RES-2026-1749,"AHMAD SULAIMAN ABDULLAHI"
RES-2026-175,"BALA SABO"
RES-2026-1750,"HAKIM SULAIMAN"
RES-2026-1751,"FARUK USMAN HASSAN"
RES-2026-1752,"FARUK USMAN HASSAN"
RES-2026-1753,"MUSTAPHA TIJJANI"
RES-2026-1754,"JAMILU ABBAS"
RES-2026-1755,"ISHAQ MUNTARI"
RES-2026-1756,"JAMILU ABBAS"
RES-2026-1757,"JAMILU ABBAS"
RES-2026-1758,"NUSAIBA ABDULWAHAB ABDALLAH"
RES-2026-1759,"MUHAMMAD BELLO ADAM"
RES-2026-1760,"SADIK ADAMU MUSA"
RES-2026-1761,"MUHAMMAD HABIB ADAM"
RES-2026-1762,"ABDURRAHAMAN ADAM MUSA"
RES-2026-1763,"ZAINAB MUSA"
RES-2026-1764,"MARYAM MUSA"
RES-2026-1765,"MUHAMMAD HABIB ADAM"
RES-2026-1766,"KELVIN ASOGWA CHIBUEZE"
RES-2026-1767,"MUHAMMAD BELLO YUSUF"
RES-2026-1768,"INUWA MUSA"
RES-2026-1769,"JAMILU ABBAS"
RES-2026-1770,"ABDULRASHID ABUBAKAR"
RES-2026-1771,"ABDULRASHID ABUBAKAR"
RES-2026-1772,"IBRAHIM  M. GARBA"
RES-2026-1773,"NAFISA AHMED"
RES-2026-1774,"IBRAHIM MOHAMMED"
RES-2026-1775,"ABUBAKAR YAHAYA"
RES-2026-1776,"ABUBAKAR YAHAYA"
RES-2026-1777,"NASIRU IBRAHIM LIMAN"
RES-2026-1778,"IBRAHIM YAHAYA"
RES-2026-1779,"IBRAHIM AHMED"
RES-2026-1780,"ahmad mahmoud abdullahi"
RES-2026-1781,"ALHAJI ABDULLAHI"
RES-2026-1782,"UMAR NAMADI INUWA"
RES-2026-1783,"ALHAJI IBRAHIM MARMARA"
RES-2026-1784,"UMAR NAMADI INUWA"
RES-2026-1785,"UMAR NAMADI INUWA"
RES-2026-1786,"UMAR NAMADI INUWA"
RES-2026-1787,"UMAR NAMADI INUWA"
RES-2026-1788,"MUHAMMAD HADI AYAGI"
RES-2026-1789,"MUHAMMAD HADI AYAGI"
RES-2026-1790,"MUHAMMAD HADI AYAGI"
RES-2026-1791,"MUHAMMAD HADI AYAGI"
RES-2026-1792,"MUHAMMAD HADI AYAGI"
RES-2026-1793,"USAINI AKILU JARMA"
RES-2026-1794,"MUHAMMAD HADI AYAGI"
RES-2026-1795,"USAINI AKILU JARMA"
RES-2026-1796,"MUHAMMAD HADI AYAGI"
RES-2026-1797,"ABDULSALAMU MUSA"
RES-2026-1798,"ABDULSALAMU MUSA"
RES-2026-1799,"AUWALU HASSAN"
RES-2026-18,"ABUBAKAR SALISU ABUBAKAR"
RES-2026-1800,"AMADU LAWAN"
RES-2026-1801,"HARUNA AMADU"
RES-2026-1802,"ILIYASU BALA"
RES-2026-1803,"ADAMU NURA"
RES-2026-1804,"ABUBAKAR ISMAIL"
RES-2026-1805,"MUHAMMAD HADI AYAGI"
RES-2026-1806,"MUHAMMAD HADI AYAGI"
RES-2026-1807,"MUHAMMAD HADI AYAGI"
RES-2026-1808,"MUHAMMAD HADI AYAGI"
RES-2026-1809,"MUHAMMAD HADI AYAGI"
RES-2026-1810,"MUHAMMAD HADI AYAGI"
RES-2026-1811,"MUHAMMAD HADI AYAGI"
RES-2026-1812,"MUHAMMAD HADI AYAGI"
RES-2026-1813,"MUHAMMAD HADI AYAGI"
RES-2026-1814,"MUHAMMAD HADI AYAGI"
RES-2026-1815,"MUHAMMAD HADI AYAGI"
RES-2026-1816,"MUHAMMAD HADI AYAGI"
RES-2026-1817,"MUHAMMAD HADI AYAGI"
RES-2026-1818,"USAINI AKILU (JARMA)"
RES-2026-1819,"USAINI AKILU (JARMA)"
RES-2026-1821,"USAINI AKILU (JARMA)"
RES-2026-1822,"USAINI AKILU (JARMA)"
RES-2026-1823,"USAINI AKILU (JARMA)"
RES-2026-1824,"USAINI AKILU (JARMA)"
RES-2026-1825,"AMINU ADAM"
RES-2026-1826,"AMINU ADAM"
RES-2026-1827,"AMINU ADAM"
RES-2026-1828,"KAKAKIN DALA ASSOCIATION"
RES-2026-1829,"KAKAKIN DALA ASSOCIATION"
RES-2026-1830,"HASSANA SALEHSULE"
RES-2026-1831,"HASSANA SALEH SULE"
RES-2026-1832,"USMAN NAMADI"
RES-2026-1833,"USMAN NAMADI"
RES-2026-1834,"USMAN NAMADI"
RES-2026-1835,"ABDULAZEZ NAMADI INUWA"
RES-2026-1836,"UMAR NAMADI INUWA"
RES-2026-1837,"UMAR NAMADI INUWA"
RES-2026-1838,"NAMADI INUWA"
RES-2026-1840,"NAMADI INUWA"
RES-2026-1841,"LAWI KAMILU"
RES-2026-1842,"LAWI KAMILU"
RES-2026-1843,"MUHAMMAD SANI ADAM"
RES-2026-1844,"IBRAHIM HAMISU ZANGO"
RES-2026-1845,"SALISU BILYA TAKAI"
RES-2026-1846,"ABDULLAHI DAN LADI"
RES-2026-1847,"MUBARAK IBRAHIM BABA"
RES-2026-1848,"ABDULLAHI DAN LADI"
RES-2026-1849,"AISHA ABUBAKAR MUHAMMAD"
RES-2026-1850,"SULAIMAN HASHIM YUSUF"
RES-2026-1851,"SULAIMAN HASHIM YUSUF"
RES-2026-1852,"aminu ahmad abdullahi"
RES-2026-1853,"AISHAT ABUBAKAR MUHAMMAD"
RES-2026-1854,"AISHAT ABUBAKAR MUHAMMAD"
RES-2026-1855,"AMINU AHMAD ABDULLAHI"
RES-2026-1856,"ASSAMAOU NANA DJANKATHO"
RES-2026-1857,"ABACHE OUMAROU"
RES-2026-1858,"YUSUF SULE KARAYE &  8 OTHERS"
RES-2026-1859,"INUSA MAIKAROFI & 8 OTHERS"
RES-2026-1860,"AMINU GADAWA & 7 OTHERS"
RES-2026-1861,"IBRAHIM MAGAJI"
RES-2026-1862,"ABUBAKAR KABIRU ADAM"
RES-2026-1863,"KABIRU MUHAMMAD IBRAHIM"
RES-2026-1864,"KARIBU MUHAMMAD IBRAHIM"
RES-2026-1865,"SHEHU MUHAMMAD"
RES-2026-1866,"MUSAB YAHAYA RABIU"
RES-2026-1867,"NAMADI INUWA"
RES-2026-1869,"SULAIMAN HASHIM YUSUF"
RES-2026-1870,"NURA SHUAIBU ABDULLAHI"
RES-2026-1871,"USMAN NAMADI"
RES-2026-1872,"USMAN NAMADI"
RES-2026-1873,"ABDULAZIZ NAMADI"
RES-2026-1874,"NAMADI INUWA"
RES-2026-1875,"NAMADI INUWA"
RES-2026-1876,"NAMADI INUWA"
RES-2026-1877,"NAMADI INUWA"
RES-2026-1879,"NAMADI INUWA"
RES-2026-1881,"UMAR NAMADI INUWA"
RES-2026-1882,"AHMAD RABIU ISHAQ"
RES-2026-1884,"UMAR NAMADI INUWA"
RES-2026-1885,"UMAR NAMADI INUWA"
RES-2026-1886,"NASIRU MUHAMMAD INUWA"
RES-2026-1887,"NASIRU MUHAMMAD INUWA"
RES-2026-1888,"UMAR NAMADI INUWA"
RES-2026-1889,"TIJJANI NASIDI YAHAYA"
RES-2026-1890,"TIJJANI NASIDI YAHAYA"
RES-2026-1891,"TIJJANI NASIDI YAHAYA"
RES-2026-1892,"TIJJANI NASIDI YAHAYA"
RES-2026-1893,"TIJJANI NASIDI YAHAYA"
RES-2026-1894,"TIJJANI NASIDI YAHAYA"
RES-2026-1895,"TIJJANI NASIDI YAHAYA"
RES-2026-1896,"TIJJANI NASIDI YAHAYA"
RES-2026-1897,"ALH TIJJANI NASIDI YAHAYA"
RES-2026-1898,"ALHAJI AUWALU IDRIS"
RES-2026-1899,"MUAWIYYA ABUBAKAR"
RES-2026-19,"USMAN SALISU"
RES-2026-1900,"MUSA SANI"
RES-2026-1901,"IBRAHIM UMAR"
RES-2026-1902,"UMAR NAMADI INUWA"
RES-2026-1903,"EMAMANUEL OZOADINDE"
RES-2026-1904,"ISMAIL MUSA MAIGISHIRI"
RES-2026-1905,"MUNZALI AHMAD HARUNA"
RES-2026-1906,"EMMANUEL  OZOADINE"
RES-2026-1907,"SANI TIJJANI"
RES-2026-1908,"ALH BELLO HARUNA GAMA"
RES-2026-1909,"ZAHARADDEEN MUKTAR ABUBAKAR"
RES-2026-1910,"ZAHARADDEEN MUKTAR ABUBAKAR"
RES-2026-1911,"ZAHARADDEEN MUKTAR ABUBAKAR"
RES-2026-1912,"ZAHARADDEEN MUKTAR ABUBAKAR"
RES-2026-1913,"ALH HASHIMU IDRIS"
RES-2026-1914,"GAZALI ABDULLAHI YAKASAI"
RES-2026-1915,"YAHUZA MUSTAPHA IMAM"
RES-2026-1916,"JAMILA GARBA"
RES-2026-1917,"AUWALU HASSAN"
RES-2026-1918,"MAMUNA MUSTAPHA"
RES-2026-1919,"AISHA SULEIMAN"
RES-2026-1920,"YUSUF UBA SULAIMAN"
RES-2026-1921,"MUAZZAM IBRAHIM ALIYU"
RES-2026-1922,"MOHAMMED ANWAR SULEIMAN"
RES-2026-1923,"AISHA SULEIMAN"
RES-2026-1924,"ABDULLAHI SULEIMAN"
RES-2026-1925,"BASHIR ABDULLAHI MUHAMMAD"
RES-2026-1926,"ALKASSIM BALARABE DAUDA"
RES-2026-1928,"SHEHU SALISU MUHAMMAD"
RES-2026-1929,"SHEHU SALISU MUHAMMAD"
RES-2026-1930,"UMAR IDRIS IBRAHIM"
RES-2026-1931,"SALISU MOHAMMAD INUWA"
RES-2026-1932,"SALISU MOHAMMAD INUWA"
RES-2026-1933,"SALISU MOHAMMAD INUWA"
RES-2026-1934,AUB
RES-2026-1935,"SANI YAHAYA"
RES-2026-1936,"SANI YAHAYA"
RES-2026-1937,"MUSTAPHA HASSAN"
RES-2026-1938,"INUWA ABDULLAHI"
RES-2026-1939,"MUSTAPHA HASSAN"
RES-2026-1940,"BABANGIDA USMAN ABUBAKAR"
RES-2026-1941,"SALISU BALA ABDULLAHI"
RES-2026-1942,"UBA SULAIMAN"
RES-2026-1943,"AHMAD ALI AHMAD"
RES-2026-1944,"Shamsudden Lawan Salisu"
RES-2026-1945,"Muzambil Mustapha"
RES-2026-1946,"BABANGIDA USMAN ABUBAKAR"
RES-2026-1947,"BASIRU SALE"
RES-2026-1948,"AHMADU YUNUSA"
RES-2026-1949,"Abdullahi Adamu fagge"
RES-2026-1950,"BASIRU SALE"
RES-2026-1951,"AHMADU YUNUSA"
RES-2026-1952,"AHMADU YUNUSA"
RES-2026-1953,"AHMADU YUNUSA"
RES-2026-1954,"AHMADU YUNUSA"
RES-2026-1955,"Ahmad Ibrahim baba"
RES-2026-1956,"Ahmad Ibrahim baba"
RES-2026-1957,"Tajudden  Aminu  Dantata"
RES-2026-1958,"ADAMU ALIYU MUHAMMAD"
RES-2026-1959,"BASHIR IDRIS DISO"
RES-2026-1960,"abubakar sulaiman"
RES-2026-1961,"abubakar sulaiman"
RES-2026-1962,"Rabiu Bello"
RES-2026-1963,"Rabiu Bello"
RES-2026-1964,"Rabiu Bello"
RES-2026-1965,"Rabiu Bello"
RES-2026-1966,"ABDULLAHI MUHAMMAD"
RES-2026-1967,"HAUWA'U USAINI"
RES-2026-1968,"Halima Ismail"
RES-2026-1969,"Harira Jibrin"
RES-2026-1970,"Rukayya labaran"
RES-2026-1971,"Sadiya Faruk"
RES-2026-1972,"UBA SULAIMAN"
RES-2026-1973,"OBORI ADEIZA MOSHOOD"
RES-2026-1974,"SALEH RABIU ABDULHAMID"
RES-2026-1975,"SD PASALI OIL AND GAS NIG LTD"
RES-2026-1976,"SD PASALI OIL AND GAS NIG LTD"
RES-2026-1977,"Hinter Land Villar limited"
RES-2026-1978,"Hinter Land Villar limited"
RES-2026-1979,"Hinter Land Villar limited"
RES-2026-1980,"Hinter Land Villar limited"
RES-2026-1981,"Hinter Land Villar limited"
RES-2026-1982,"Hinter Land Villar limited"
RES-2026-1983,"Hinter Land Villar limited"
RES-2026-1984,"Hinter Land Villar limited"
RES-2026-1985,"Hinter Land Villar limited"
RES-2026-1986,"Hinter Land Villar limited"
RES-2026-1987,"Hinter Land Villar limited"
RES-2026-1988,"Hinter Land Villar limited"
RES-2026-1989,"Hinter Land Villar limited"
RES-2026-1990,"Hinter Land Villar limited"
RES-2026-1991,"Hinter Land Villar limited"
RES-2026-1992,"Hinter Land Villar limited"
RES-2026-1993,"Hinter Land Villar limited"
RES-2026-1994,"Hinter Land Villar limited"
RES-2026-1995,"Hinter Land Villar limited"
RES-2026-1996,"Hinter Land Villar limited"
RES-2026-1997,"Hinter Land Villar limited"
RES-2026-1998,"Hinter Land Villar limited"
RES-2026-1999,"Hinter Land Villar limited"
RES-2026-20,"UMAR SALISU"
RES-2026-2000,"Hinter Land Villar limited"
RES-2026-2001,"Hinter Land Villar limited"
RES-2026-2002,"Hinter Land Villar limited"
RES-2026-2003,"Hinter Land Villar limited"
RES-2026-2004,"Hinter Land Villar limited"
RES-2026-2005,"Hinter Land Villar limited"
RES-2026-2006,"Hinter Land Villar limited"
RES-2026-2007,"Hinter Land Villar limited"
RES-2026-2008,"Hinter Land Villar limited"
RES-2026-2009,"Hinter Land Villar limited"
RES-2026-2010,"Hinter Land Villar limited"
RES-2026-2011,"Hinter Land Villar limited"
RES-2026-2012,"Hinter Land Villar limited"
RES-2026-2013,"Hinter Land Villar limited"
RES-2026-2014,"Hinter Land Villar limited"
RES-2026-2015,"Hinter Land Villar limited"
RES-2026-2016,"Hinter Land Villar limited"
RES-2026-2017,"Hinter Land Villar limited"
RES-2026-2018,"Hinter Land Villar limited"
RES-2026-2019,"Hinter Land Villar limited"
RES-2026-2020,"Hinter Land Villar limited"
RES-2026-2021,"Hinter Land Villar limited"
RES-2026-2022,"Hinter Land Villar limited"
RES-2026-2023,"Hinter Land Villar limited"
RES-2026-2024,"Hinter Land Villar limited"
RES-2026-2025,"Hinter Land Villar limited"
RES-2026-2026,"Hinter Land Villar limited"
RES-2026-2027,"Hinter Land Villar limited"
RES-2026-2028,"Hinter Land Villar limited"
RES-2026-2029,"Hinter Land Villar limited"
RES-2026-2030,"Hinter Land Villar limited"
RES-2026-2031,"Hinter Land Villar limited"
RES-2026-2032,"Hinter Land Villar limited"
RES-2026-2033,"Hinter Land Villar limited"
RES-2026-2034,"Hinter Land Villar limited"
RES-2026-2035,"Hinter Land Villar limited"
RES-2026-2036,"SANUSI HAMISU"
RES-2026-2037,"SANUSI HAMISU"
RES-2026-2038,"SANUSI HAMISU"
RES-2026-2039,"SANUSI HAMISU"
RES-2026-2040,"SANUSI HAMISU"
RES-2026-2041,"KABIRU SHEHU KAKALE"
RES-2026-2042,"SANUSI HAMISU"
RES-2026-2043,"SANUSI HAMISU"
RES-2026-2044,"ABUBAKAR GARBA IBRAHIM"
RES-2026-2045,"ABUBAKAR GARBA IBRAHIM"
RES-2026-2046,"ALI UMAR BELLO"
RES-2026-2047,"YAHAYA DAN BALA ILIYASU"
RES-2026-2048,"YAHAYA DAN BALA ILIYASU"
RES-2026-2049,"NAMADI INUWA"
RES-2026-2050,"NAMADI INUWA"
RES-2026-2051,"SADIQ ILIYASU DANBATTA"
RES-2026-2052,"ASSAMAOU NANA DJANKATHO"
RES-2026-2053,"ALHAJI AMINU DANTATA"
RES-2026-2054,"MAHMUD MUKTAR"
RES-2026-2055,"MAHMUD MUKTAR"
RES-2026-2056,"YAHAYA MAIKUDI"
RES-2026-2057,"AYUBA BALA SAADU"
RES-2026-2058,"NASIRU MAGAJI"
RES-2026-2059,"hamisu muhammad sabiu"
RES-2026-2060,"RUKAYYA MUHAMMAD SANI"
RES-2026-2061,"MUHAMMAD ADNAN SULEIMANA"
RES-2026-2062,"KHADIJA USMAN DAUDA"
RES-2026-2063,"HAFSAT USMAN DAUDA"
RES-2026-2064,"MUHAMMAD USMAN DAUDA"
RES-2026-2065,"ASIYA USMAN DAUDA"
RES-2026-2066,"IBRAHIM MAIKUDI YAKUBU"
RES-2026-2067,"ABUBAKAR YAKUBU MAIKUDI"
RES-2026-2068,"AMINU MAIKUDI"
RES-2026-2069,"HASHIM UMAR"
RES-2026-2070,"IBRAHIM MAIKUDI YAKUBU"
RES-2026-2071,"Nura Dalhatu Yola"
RES-2026-2072,"YAU ABDULLAHI"
RES-2026-2073,"LAWAN TUKUR FAGGE"
RES-2026-2074,"BALA SABO"
RES-2026-2075,"BALA SABO"
RES-2026-2076,"BALA SABO"
RES-2026-2077,"BABA BADAMASI IMAM"
RES-2026-2078,"ALh. Bala Adamu"
RES-2026-2079,"Ishaq Ahmad"
RES-2026-2080,"Ibrahim Dawakin Kudu"
RES-2026-2081,"Ibrahim Adoma"
RES-2026-2082,"Garba Ahmed"
RES-2026-2083,"BALA SABO"
RES-2026-2084,"BABA BADAMASI IMAM"
RES-2026-2085,"BABA BADAMASI IMAM"
RES-2026-2086,"TIJJANI AMINU RANO"
RES-2026-2087,"ALKASSIM BALARABE ABBA"
RES-2026-2088,"ADAMU ABDULLAHI ABDULLAHI"
RES-2026-2089,"BABA BADAMASI IMAM"
RES-2026-2090,"HADI GAMBO"
RES-2026-2091,"SAUDAT MUSTAPHA"
RES-2026-2092,"AHMAD MUSTAPHA"
RES-2026-2093,"KHADIJA MUSTAPHA"
RES-2026-2094,"HAMZA SANI ISAH"
RES-2026-2095,"ZAINAB ABDULLAHI USAINI"
RES-2026-2096,"AUWALU BASIRU"
RES-2026-2097,"SANI LAWAN ADAMU"
RES-2026-2098,"SANI LAWAN ADAMU"
RES-2026-2099,"SANI LAWAN ADAMU"
RES-2026-21,"MALAM SANI MUSA"
RES-2026-2100,"SANI LAWAN ADAMU"
RES-2026-2101,"lawal dahiru rogo"
RES-2026-2102,"ABUBAKAR NAMADI INUWA"
RES-2026-2103,"ABUBAKAR NAMADI INUWA"
RES-2026-2104,"SABO MUHAMMAD"
RES-2026-2105,"SABO MUHAMMAD"
RES-2026-2106,"SABO MUHAMMAD"
RES-2026-2107,"SABO MUHAMMAD"
RES-2026-2108,"SABO MUHAMMAD"
RES-2026-2109,"HAJIYA AISHATU DADA GANI"
RES-2026-2110,"UMAR TIJJANI BABUGA"
RES-2026-2111,"UMAR TIJJANI BABUGA"
RES-2026-2112,"UMAR TIJJANI BABUGA"
RES-2026-2113,"ABUBAKAR AMINU  ADAMU"
RES-2026-2114,"ABUBAKAR KABIRU USAINI"
RES-2026-2115,"RAHAMA NASIR NABEGU"
RES-2026-2116,"RAHAMA NASIR NABEGU"
RES-2026-2117,"RAHAMA NASIR NABEGU"
RES-2026-2118,"MOHAMMED ABBA"
RES-2026-2119,"ABDU JIBRIN AND MAIKUDI IBRAHIM"
RES-2026-2120,"SANI YARO"
RES-2026-2121,"JIBRIN SHUAIBU"
RES-2026-2122,"JIBRIN SHUAIBU"
RES-2026-2123,"KABIRULLAHI IDRIS"
RES-2026-2124,"ADO SAIDU"
RES-2026-2125,"MAGAJI JIBRIN AND JIBRIN  SHUAIBU"
RES-2026-2126,"MUJITABA INUWA SHAWIS"
RES-2026-2127,"ADO SAIDU"
RES-2026-2128,"AISHA DANLAMI"
RES-2026-2129,"HABIBU  USMAN"
RES-2026-2130,"Jibrin Mu'azu"
RES-2026-2131,"ABDULLAH ILIYASU"
RES-2026-2132,"ABDULLAH ILIYASU"
RES-2026-2133,"ZAHRAU DAWAKI TIJJANI"
RES-2026-2134,"ABBAS ISAH YAHAYA"
RES-2026-2135,"ABBAS ISAH YAHAYA"
RES-2026-2136,"ABBAS ISAH YAHAYA"
RES-2026-2137,"ABBAS ISAH YAHAYA"
RES-2026-2138,"MUHAMMAD AUWAL MAGAJI"
RES-2026-2139,"Salisu  Isyaku"
RES-2026-2140,"Rufaida Sule Bichi"
RES-2026-2141,"FIRDAUSI ABUBAKAR MATAWALLE"
RES-2026-2142,"FIRDAUSI ABUBAKAR MATAWALLE"
RES-2026-2143,"FIRDAUSI ABUBAKAR MATAWALLE"
RES-2026-2144,"FIRDAUSI ABUBAKAR MATAWALLE"
RES-2026-2145,"MARYAM ABUBAKAR MATAWALLE"
RES-2026-2146,"SALIM ABUBAKAR MATAWALLE"
RES-2026-2147,"SALEEM ABUBAKAR MATAWALLE"
RES-2026-2148,"ALI MAIKUDI"
RES-2026-2149,"AMINU MAIKUDI"
RES-2026-2150,"ADO MUSA JIBRIN"
RES-2026-2151,"ADO MUSA JIBRIN"
RES-2026-2152,"ALH YAHAYA DANBALA ILIYASU"
RES-2026-2153,"ADAM GARBA SADIQ"
RES-2026-2154,"ABDULJALAL GARBA SADIQ"
RES-2026-2155,"LAWRENCE  AGUGU"
RES-2026-2156,"JAFAR USMAN ADAM"
RES-2026-2157,"Jimoh temitayo odeleye"
RES-2026-2158,"Jimoh temitayo odeleye"
RES-2026-2159,"Jimoh temitayo odeleye"
RES-2026-2160,"ABUBAKAR ADAM MUNGADI"
RES-2026-2161,"UMAR HUDU DOGUWA"
RES-2026-2162,"Yasir Abdullahi Hausawi"
RES-2026-2163,"Abdullahi Tafida"
RES-2026-2164,"IBRAHIM MUHAMMAD CHIROMA"
RES-2026-2165,"IBRAHIM MUHAMMAD CHIROMA"
RES-2026-2166,"LADI ABUBAKAR"
RES-2026-2167,"Jibrin Abubakar"
RES-2026-2168,"Alh. I didn't Dan Amma"
RES-2026-2169,"Alh idi Dan Amma"
RES-2026-2170,"Alh. Idi Dan Amma"
RES-2026-2171,"UMAR LAWAL BELLO"
RES-2026-2172,"UMAR LAWAL BELLO"
RES-2026-2173,"Jibrin Abubakar"
RES-2026-2174,"UMAR LAWAL BELLO"
RES-2026-2175,"SANI LAWAN ADAMU"
RES-2026-2176,"Hamza Abdullahi Umar"
RES-2026-2177,"Hamza Abdullahi Umar"
RES-2026-2178,"Hamza Abdullahi Umar"
RES-2026-2179,"Hamza Abdullahi Umar"
RES-2026-2180,"Hamza Abdullahi Umar"
RES-2026-2181,"LAWAL BASHIRUDEEN TOBA"
RES-2026-2182,"LAWAL BASHIRUDEEN TOBA"
RES-2026-2183,"SHAZALI SUNUSI SULAIMAN"
RES-2026-2184,"IBRAHIM MUHAMMAD CHIROMA"
RES-2026-2185,"Haruna Idris"
RES-2026-2186,"MUSTAPHA TIJJANI GARBA"
RES-2026-2187,"MUSTAPHA TIJJANI GARBA"
RES-2026-2188,"muhideen usman"
RES-2026-2189,"YAHAYA DANKADAI AMINU"
RES-2026-2190,"YAHAYA DANKADAI AMINU"
RES-2026-2191,"ALIYU USMAN UMAR"
RES-2026-2192,"MUKHTAR GARBA"
RES-2026-2193,"STH NIGERIA LIMITED"
RES-2026-2194,"STH NIGERIA LIMITED"
RES-2026-2195,"STH NIGERIA LIMITED"
RES-2026-2196,"STH NIGERIA LIMITED"
RES-2026-2197,"STH NIGERIA LIMITED"
RES-2026-2198,"STH NIGERIA LIMITED"
RES-2026-2199,"STH NIGERIA LIMITED"
RES-2026-22,"TASI`U ISMA`IL UMAR"
RES-2026-2200,"STH NIGERIA LIMITED"
RES-2026-2201,"STH NIGERIA LIMITED"
RES-2026-2202,"STH NIGERIA LIMITED"
RES-2026-2203,"STH NIGERIA LIMITED"
RES-2026-2204,"UMAR NAMADI INUWA"
RES-2026-2205,"UMAR NAMADI INUWA"
RES-2026-2206,"ABDULLAHI MIKO"
RES-2026-2207,"MISBAHU IBRAHIM"
RES-2026-2208,"FAROUK IBRAHIM"
RES-2026-2209,"UMARU WAKILI YAKUBA"
RES-2026-2210,"YUSUF RAMADAN ALIYU"
RES-2026-2211,"YUSUF RAMADAN ALIYU"
RES-2026-2212,"DAYYABU ALMUSTAPHA HAMZA"
RES-2026-2213,"MUHAMMAD BALA KHALID"
RES-2026-2214,"Bashir Idris"
RES-2026-2215,"Aminu Jibrin &7 Others"
RES-2026-2216,"Musa Mamuda"
RES-2026-2217,"UMAR NAMADI INUWA"
RES-2026-2218,"SA'AD LAWAN SULAIMAN"
RES-2026-2219,"AISHA ABUBAKAR SALISU"
RES-2026-2220,"AISHA ABUBAKAR SALISU"
RES-2026-2221,"AISHA ABUBAKAR SALISU"
RES-2026-2222,"UMAR BELLO"
RES-2026-2223,"UMAR BELLO"
RES-2026-2224,"UMAR BELLO"
RES-2026-2225,"UMAR FARUK MOHD"
RES-2026-2226,"IDRIS MOHAMMED"
RES-2026-2227,"SHEHU (WHITE) MUHAMMAD"
RES-2026-2228,"HALIMA MUDASIR IBRAHIM"
RES-2026-2229,"HALIMA MUDASIR IBRAHIM"
RES-2026-2230,"MESSRS AL-SHIFA NIG LTD"
RES-2026-2231,"MESSRS AL-SHIFA NIG LTD"
RES-2026-2232,"UMAR BELLO"
RES-2026-2233,"HALIMA KABIR"
RES-2026-2234,"IBRAHIM DANLADI MUHAMMAD"
RES-2026-2235,"BLESSING AUTA JAMES"
RES-2026-2236,"BABA BADAMASI IMAM"
RES-2026-2237,"SANI RUFAI"
RES-2026-2238,"AUWALU SANI SALIHU"
RES-2026-2239,"UMAR NAMADI INUWA"
RES-2026-2240,"UMAR NAMADI INUWA"
RES-2026-2241,"SANUSI HAMISU"
RES-2026-2242,"SANUSI HAMISU"
RES-2026-2243,"Shuaibu Usman"
RES-2026-2244,"Khalid Muhammad"
RES-2026-2245,"Usman Idris"
RES-2026-2246,"Yawale Usman"
RES-2026-2247,"Uba Haruna"
RES-2026-2248,"Ghali Muhd Nura"
RES-2026-2249,"Sani Gambo"
RES-2026-2250,"Mal Yau Magaji"
RES-2026-2251,"Abdullahi Abdu"
RES-2026-2252,"Usman Idris"
RES-2026-2253,"Darhatu Tasiu"
RES-2026-2254,"Jamilu Bello"
RES-2026-2255,"Saminu Haladu"
RES-2026-2256,"Musa Abdullahi & Zaharaddini Musa"
RES-2026-2257,"Isa Usman & 3 Others"
RES-2026-2258,"Gambo Yunusa"
RES-2026-2259,"Saidu Nata'ala & Naziru Saleh"
RES-2026-226,"VLAAR HOMES LIMITED"
RES-2026-2260,"Salisu Uba"
RES-2026-2261,"Shehu Uba"
RES-2026-2262,"M J ABUBAKAR"
RES-2026-2263,"Hassan Bara'u"
RES-2026-2264,"Hamza Salisu"
RES-2026-2265,"LAWAN ABUBAKAR"
RES-2026-2266,"LAWAN ABUBAKAR"
RES-2026-2267,"ISAH ABDULGANIYYU BELLO"
RES-2026-2268,"USMAN ABDULLAHI"
RES-2026-2269,"Aminu Jibrin & 7 Others"
RES-2026-2270,"AUWALU DAUDA SULEIMAN"
RES-2026-2271,"USMAN UMAR BALLAH"
RES-2026-2272,"USMAN UMAR BALLAH"
RES-2026-2273,"USMAN UMAR BALLAH"
RES-2026-2274,"USMAN UMAR BALLAH"
RES-2026-2275,"USMAN UMAR BALLAH"
RES-2026-2276,"Saadatu Isa Salihu"
RES-2026-2277,"SANI HARUNA"
RES-2026-2278,"Musa Muhammad"
RES-2026-2279,"Aisha Abubakar"
RES-2026-228,"VLAAR  HOMES  LIMITED"
RES-2026-2280,"Musa Abdullahi Abdullahi"
RES-2026-2281,"ADAMU IBRAHIM"
RES-2026-2282,"GADDAFI AHMAD"
RES-2026-2283,"KAMAL DAUD AHMAD"
RES-2026-2284,"FIDDAUSI SANI ALIYU"
RES-2026-2285,"ASHEERU MAS'UD"
RES-2026-2286,"ADAMU IBRAHIM"
RES-2026-2287,"SANI DAHEERU"
RES-2026-2288,"NASIRU ABDULLAHI"
RES-2026-2289,"AMINA ISA MAI WAKE"
RES-2026-2290,"KHADIJA ISA MAI WAKE"
RES-2026-2291,"FATIMA ISA MAI WAKE"
RES-2026-2292,"ABDUL'AZIZ SABO ALBASU"
RES-2026-2293,"JAMILU ISHAQ"
RES-2026-2294,"HAUWAU ISA SALIHU"
RES-2026-2295,"ZAINAB MUHAMMAD"
RES-2026-2296,"NASIRU ABDULLAHI"
RES-2026-2297,"AISHA SANI ABDULHAMID"
RES-2026-2298,"YAKUBU LAWAN"
RES-2026-2299,"Bello Muhammad Adulrahman"
RES-2026-23,"MUSBAHU A. ALIYU"
RES-2026-2300,"Aliyu Abdullahi Yahaya"
RES-2026-2301,"Muslin Nura Abdullahi"
RES-2026-2302,"Yunusa Abdulmuminu"
RES-2026-2303,"KAMALU SANI"
RES-2026-2304,"ALH. BAKO YA'U"
RES-2026-2305,"Ali Musa Turku"
RES-2026-2306,"MAIMUNAT ABDULRAHMAN"
RES-2026-2307,"Ezekwem uchenna peter"
RES-2026-2308,"ABUBAKAR ALI MUHAMMAD"
RES-2026-2309,"SAFIYA BELLO MUHAMMAD"
RES-2026-2310,"NURA KABEER ABDUSSALAM"
RES-2026-2311,"burhan abdullahi"
RES-2026-2312,"ABDULRAHMAN SAADU"
RES-2026-2313,"Suleiman abubakar haruna"
RES-2026-2314,"Yusuf ibrahim mukhtar"
RES-2026-2315,"MUHAMMAD HADI AYAGI"
RES-2026-2316,"MUHAMMAD HADI AYAGI"
RES-2026-2317,"MUHAMMAD ZAINA"
RES-2026-2318,"ALH HASSAN MUHAMMAD MAIJIGIDA"
RES-2026-2319,"NASIRU BABA DAN DANGI"
RES-2026-2320,"NASIRU BABA DAN DANGI"
RES-2026-2321,"Ali umar bello"
RES-2026-2322,"Usman tijjani aliyu"
RES-2026-2323,"SHARU AMINU"
RES-2026-2324,"BILAL AHMAD"
RES-2026-2325,"SHEHU SA`ADU UBALE"
RES-2026-2326,"USSAINI GARBA"
RES-2026-2327,"ABDULAZIZ AUWAL"
RES-2026-2328,"ABDUSSAMAD RABIU"
RES-2026-2329,"SANI ABDULLAHI BAHAGO"
RES-2026-2330,"ABDURRAHMAN MUHAMMAD"
RES-2026-2331,"ALHAJI MUKHTAR CHIRANCHI"
RES-2026-2332,"Yahaya maikudi"
RES-2026-2333,"ISA USMAN ALIYU"
RES-2026-2334,"Tahir Hussain adam"
RES-2026-2335,"SANI YUSUF"
RES-2026-2336,"Ibrahim maikudi yakubu"
RES-2026-2337,"ABDULLAHI SALEH TRIGGER"
RES-2026-2338,"USMAN MUHAMMAD"
RES-2026-2339,"Mahmud hussaini adam"
RES-2026-2340,"IBRAHIM SALISU GALADIMA"
RES-2026-2341,"BELLO MUHAMMAD"
RES-2026-2342,"ASHIRU SHUAIBU"
RES-2026-2343,"NASIRU ABDULLAHI"
RES-2026-2344,"IMAM MALIK"
RES-2026-2345,"HARUNA DAHIRU"
RES-2026-2346,"MUHAMMAD AMINU ALAJA"
RES-2026-2347,"jamilu umar"
RES-2026-2348,"mustapha gambo"
RES-2026-2349,"jamilu umar"
RES-2026-2350,"BASHIR BELLO"
RES-2026-2351,"NASIRU ADAM AHMAD"
RES-2026-2352,"ISAH IBRAHIM"
RES-2026-2353,"ABUBAKAR YAKUBU ISMAIL"
RES-2026-2354,"ADO IBRAHIM"
RES-2026-2355,"NAZIFI ABUBAKAR"
RES-2026-2356,"FRANCISCO ADEBOWALE"
RES-2026-2357,"ADEWEBI JOSHUA OLUWAFEMI"
RES-2026-2358,"ALIYU HUSSAIN ISAH"
RES-2026-2359,"DORATHY OKWUZULUKE"
RES-2026-2360,"AMINU IDRIS ABDULLAHI"
RES-2026-2361,"UMAR ALI"
RES-2026-2362,"KATIMU HUSAINI IBRAHIM (DEATH)  C/O AKILU ABDULLAHI USAINI"
RES-2026-2363,"ABDULHAMID AHMAD (MENTAL)  C/O YUSUF AHMAD"
RES-2026-2364,"NAJIB IBRAHIM MUHAMMAD"
RES-2026-2365,"ALH GAMBO UMAR"
RES-2026-2366,"Najib Ibrahim Muhammad"
RES-2026-2367,"ALH GAMBO UMAR"
RES-2026-2368,"ALH GAMBO UMAR"
RES-2026-2369,"ALH GAMBO UMAR"
RES-2026-2370,"Alh gambo umar"
RES-2026-2371,"ALH GAMBO UMAR"
RES-2026-2372,"MOHAMMED MUKTAR SANDA"
RES-2026-2373,"MOHAMMED MUKTAR SANDA"
RES-2026-2374,"BALARABE IBRAHIM"
RES-2026-2375,"ALH MUSTAPHA GARBA"
RES-2026-2376,"HAUWAU YUSUF"
RES-2026-2377,"Hauwau yusuf"
RES-2026-2378,"ABDUL AZEEM Mc NAJJA Mc CALLA"
RES-2026-2379,"MUSTAPHA UMAR"
RES-2026-2380,"aminu umar"
RES-2026-2381,"aminu malam"
RES-2026-2382,"Asmau inuwa Ibrahim"
RES-2026-2383,"Kafayat bankole"
RES-2026-2384,"HABU AUDU"
RES-2026-2385,"HABU AUDU"
RES-2026-2386,"HABU AUDU"
RES-2026-2387,"HABU AUDU"
RES-2026-2388,"HABU AUDU"
RES-2026-2389,"HABU AUDU"
RES-2026-2390,"HABU AUDU"
RES-2026-2391,"HABU AUDU"
RES-2026-2392,"HABU AUDU"
RES-2026-2393,"HABU AUDU"
RES-2026-2394,"MALAM YAHAYA YAKUBU"
RES-2026-2395,"SAMAILA AUWALU"
RES-2026-2396,"MUHUYIDDEEN ABUB AKAR"
RES-2026-2397,"ALHAJI USMAN"
RES-2026-2398,"MUHUYIDDEEN ABUB AKAR"
RES-2026-2399,"ALHAJI USMAN"
RES-2026-24,"ALHAJI KABIRU ALI"
RES-2026-2400,"ALHAJI USMAN"
RES-2026-2401,"MUHUYIDDEEN ABUB AKAR"
RES-2026-2402,"MUHUYIDDEEN ABUB AKAR"
RES-2026-2403,"AMINU ABDULLAH HUSSAIN"
RES-2026-2404,"BAHIJJA ISHAQ IDRIS"
RES-2026-2405,"Yusuf Usman musa"
RES-2026-2406,"AMINU USMAN YUSUF"
RES-2026-2407,"AMINU USMAN YUSUF"
RES-2026-2408,"ahmad ibrahim sabo"
RES-2026-2409,"ahmad ibrahim sabo"
RES-2026-2410,"KAMAL HAMZA SULAIMAN"
RES-2026-2411,"KAMAL HAMZA SULAIMAN"
RES-2026-2412,"KAMAL HAMZA SULAIMAN"
RES-2026-2413,"NASIR MANSUR MOHAMMED"
RES-2026-2414,"NASIR MANSUR MOHAMMED"
RES-2026-2415,"MUSA MANSUR KUNYA"
RES-2026-2416,"MUSA MANSUR KUNYA"
RES-2026-2417,"AUWALU BABA GABARI"
RES-2026-2418,AUWALU
RES-2026-2419,AUWALU
RES-2026-2420,AUWALU
RES-2026-2421,"MUSA YUSUF MUSA"
RES-2026-2422,"Salis rabiu idris"
RES-2026-2423,"AHMADU YUNUSA"
RES-2026-2424,"AHMADU YUNUSA"
RES-2026-2425,"AHMADU YUNUSA"
RES-2026-2426,"AHMADU YUNUSA"
RES-2026-2427,"AHMADU YUNUSA"
RES-2026-2428,"SANI RUFAI"
RES-2026-2429,"SANI RUFAI"
RES-2026-2430,"SHAFAATU SAMBO FANTI"
RES-2026-2431,"MUSA MUHAMMAD SALIHI"
RES-2026-2432,"MUSA MUHAMMAD SALIHI"
RES-2026-2433,"ABDULRAHMAN YAHAYA ABUBAKAR"
RES-2026-2434,"MUSA JABIR"
RES-2026-2435,"KAMALUDDIN AMINU MUSAV"
RES-2026-2436,"ABUBAKAR  MUHAMMAD IBRAHIM"
RES-2026-2437,"ABDULLAHI JUNAIDU ADAM"
RES-2026-2438,"HADIZA ABUBAKAR ABDULHADI"
RES-2026-2439,"AMINU GARBA ABDULLAHI"
RES-2026-2440,"YAHAYA RABIU"
RES-2026-2441,"ABUBAKAR MUSA MUHAMMAD"
RES-2026-2442,"HARUNA ZAKARI"
RES-2026-2443,"HARUNA ZAKARI"
RES-2026-2444,"MUSA MUHAMMAD ZAKARI"
RES-2026-2445,"MUSA MUHAMMAD ZAKARI"
RES-2026-2446,"MUSTAPHA AMINU KABARA"
RES-2026-2447,"MUSTAPHA AMINU KABARA"
RES-2026-2448,"MUSTAPHA AMINU KABARA"
RES-2026-2449,"JEGEDE OPEYEMI YEJIDE"
RES-2026-2450,"JEGEDE OPEYEMI YEJIDE"
RES-2026-2451,"TAIWO GBOLUWAGA AMOLE"
RES-2026-2452,"TAIWO GBOLUWAGA AMOLE"
RES-2026-2453,"PROF MAHMUD UMAR SANI"
RES-2026-2454,"PROF MAHMUD UMAR SANI"
RES-2026-2455,"KAMALU YUSUF RABIU"
RES-2026-2456,"GODPOWER CHINEDU MICHEAL"
RES-2026-2457,"ADAMA UMAR HAMBALI"
RES-2026-2458,"PATIENCE NGOZI OBIAGWU"
RES-2026-2459,"Abdulrazaq kabir alhassan"
RES-2026-2460,"SAGIR MAITAMA YUSUF"
RES-2026-2461,"SAGIR MAITAMA YUSUF"
RES-2026-2462,"SAGIR MAITAMA YUSUF"
RES-2026-2463,"SAGIR MAITAMA YUSUF"
RES-2026-2464,"SAGIR MAITAMA YUSUF"
RES-2026-2465,"SAGIR MAITAMA YUSUF"
RES-2026-2466,"SAGIR MAITAMA YUSUF"
RES-2026-2467,"SAGIR MAITAMA YUSUF"
RES-2026-2468,"MJHAMMAD WADA"
RES-2026-2469,"MJHAMMAD WADA"
RES-2026-2470,"MUHAMMAD WADA"
RES-2026-2471,"MUHAMMAD WADA"
RES-2026-2472,"MUSA USMAN UMAR"
RES-2026-2473,"muhammad sadiq fari"
RES-2026-2474,"muhammad sadiq fari"
RES-2026-2475,"maryam sadiq fari"
RES-2026-2476,"ubaidullahi abubakar pindar"
RES-2026-2477,"ubaidullahi abubakar pindar"
RES-2026-2478,"ubaidullahi abubakar pindar"
RES-2026-2479,"ubaidullahi abubakar pindar"
RES-2026-2480,"dr jamila muutasssim ibrahim"
RES-2026-2481,"MUSA MANSUR KUNYA"
RES-2026-2482,"Jibrin aliyu umar"
RES-2026-2483,"Muhammad sadiq fari"
RES-2026-2484,"Ahmad abdullahi abubakar"
RES-2026-2485,"Maryam sadiq fari"
RES-2026-2486,"rabiu yakubu"
RES-2026-2487,"rabiu yakubu"
RES-2026-2488,"rabiu yakubu"
RES-2026-2489,"rabiu yakubu"
RES-2026-2490,"harisu bello muhammad"
RES-2026-2491,"Hamza Abdullahi Umar"
RES-2026-2492,"Hamza Abdullahi Umar"
RES-2026-2493,"Hamza Abdullahi Umar"
RES-2026-2494,"S.A.W & SON PROJECT DEVELOPMENT"
RES-2026-2495,"Hamza Abdullahi Umar"
RES-2026-2496,"UMAR NAMADI INUWA"
RES-2026-2497,"ABDULAZEZ NAMADI INUWA"
RES-2026-2498,"Yunusa aliyu ahmad"
RES-2026-2499,"issa abdallah hissain ahmad"
RES-2026-25,"MUSBAHU A. ALIYU"
RES-2026-2500,"MAGAJI RABIU"
RES-2026-2501,"INUWA DAN MAI KENTI"
RES-2026-2502,"SABIU GARBA"
RES-2026-2503,"TASIU LADIYO"
RES-2026-2504,"BASHIR HANNAFI"
RES-2026-2505,"SHEHU GARBA"
RES-2026-2506,"MUHAMMAD HADI AYAGI"
RES-2026-2507,"MUHAMMAD HADI AYAGI"
RES-2026-2508,"MUHAMMAD HADI AYAGI"
RES-2026-2509,"Aliyu saleh"
RES-2026-2510,"Aliyu saleh"
RES-2026-2511,"Aliyu saleh"
RES-2026-2512,"Aliyu saleh"
RES-2026-2513,"Aliyu saleh"
RES-2026-2514,"Adamu abba adamu"
RES-2026-2515,"ISSAM ALI AL-SAIDI"
RES-2026-2516,"ISSAM ALI AL-SAIDI"
RES-2026-2517,"Sambo donga dunzomga"
RES-2026-2518,"AUWALU SANI SALIHU"
RES-2026-2519,"khadija gambo madaki"
RES-2026-2520,"rukkaya auwal sanusi"
RES-2026-2521,"hauwau auwali sanusi"
RES-2026-2522,"musa saleh"
RES-2026-2523,"dalhatu yusuf dada"
RES-2026-2524,"dalhatu yusuf dada"
RES-2026-2525,"hassan sadi ibrahim"
RES-2026-2526,"hussaini sadi ibrahim"
RES-2026-2527,"ali uba hamza"
RES-2026-2528,"ali uba hamza"
RES-2026-2529,"jamilu ishaq muhammed"
RES-2026-2530,"jamilu ishaq muhammed"
RES-2026-2531,"jamilu muhammad ishaq"
RES-2026-2532,"jamilu muhammad ishaq"
RES-2026-2533,"ALHAJI NAMADI INUWA"
RES-2026-2534,"ALHAJI NAMADI INUWA"
RES-2026-2535,"ALIYU BABA NABEGU"
RES-2026-2536,"ALIYU BABA NABEGU"
RES-2026-2537,"ALIYU BABA NABEGU"
RES-2026-2538,"ALIYU BABA NABEGU"
RES-2026-2539,"ALIYU BABA NABEGU"
RES-2026-2540,"UMAR NAMADI INUWA"
RES-2026-2541,"UMAR NAMADI INUWA"
RES-2026-2542,"IBRAHIM CHIROMA MUHAMMAD"
RES-2026-2543,"SAMMANI MAISAHANA"
RES-2026-2544,"ALKASIM IBRAHIM MUSA"
RES-2026-2545,"AMINU USMAN BABAYE"
RES-2026-2546,"AMINU USMAN BABAYE"
RES-2026-2547,"ALH TIJJANI NASIDI YAHAYA"
RES-2026-2548,"ANAS RABIU ABUBAKAR"
RES-2026-2549,"muhammed shafiu suleiman"
RES-2026-2550,"mohammed shafiu suleiman"
RES-2026-2551,"mohammad shafiu suleiman"
RES-2026-2552,"mohammed shafi'u suleiman"
RES-2026-2553,"muhammed shafiu suleiman"
RES-2026-2554,"mohammed shafiu suleiman"
RES-2026-2555,"ibrahim abdullahi sani"
RES-2026-2556,"ibrahim abdullahi sani"
RES-2026-2557,"ibrahim abdullahi sani"
RES-2026-2558,"ibrahim abdullahi sani"
RES-2026-2559,"aliyu isah adam"
RES-2026-2560,"isah adam sulaiman"
RES-2026-2561,"ALH HAMZA TSALHA"
RES-2026-2562,"ALH HAMZA TSALHA"
RES-2026-2563,"IBRAHIM INUWA"
RES-2026-2564,"AMINU  AMINU"
RES-2026-2565,"AMINU AMINU"
RES-2026-2566,"NURA IBRAHIM GARBA"
RES-2026-2567,"ABDULSAMAD YUSUF TAJUDDEN"
RES-2026-2568,"HASSAN SUNUSI UBA"
RES-2026-2569,"shemau sulaiman auwal"
RES-2026-2570,"ABBA SANI MUHAMMAD"
RES-2026-2571,"SULAIMAN ABUBAKAR AHMAD"
RES-2026-2572,"ABUBAKAR IBRAHIM ABUBAKAR"
RES-2026-2573,"MALAN BALA MAKERI"
RES-2026-2574,"HARUNA MUHAMMAD"
RES-2026-2575,"Adams auwal"
RES-2026-2576,"SULAIMAN HAMIS"
RES-2026-2577,"USMAN ALH. UBA"
RES-2026-2578,"abdullahi isah kauran mata"
RES-2026-2579,"abdullahi isah kauran mata"
RES-2026-2580,"abdullahi isah kauran mata"
RES-2026-2581,"chukwuebuka okafor"
RES-2026-2582,"BASHIR IBRAHIM"
RES-2026-2583,"IDRIS ALH AYUBA"
RES-2026-2584,"GARBA ISMAILA"
RES-2026-2585,"USMAN IDRIS"
RES-2026-2586,"yusuf abdulkadir nuhu"
RES-2026-2587,"hafsat bello hussaini"
RES-2026-2588,"rabiu khalid"
RES-2026-2589,"rabiu khalid"
RES-2026-2590,"HALIMA USMAN SALISU"
RES-2026-2591,"JAMILA AHMAD"
RES-2026-2592,"HAUWA YAU MUSA"
RES-2026-2593,"ZAINAB SHARIF AHLAN"
RES-2026-2594,"tasiu rabiu"
RES-2026-2595,"MANSUR AUWAL AHMAD"
RES-2026-2596,"RAHAMA SIDI ALI"
RES-2026-2597,"JAMILU SANI"
RES-2026-2598,"SHIEK KABIR BADAMASI"
RES-2026-2599,"muhammad mustpaha"
RES-2026-26,"HARUNA IBRAHIM"
RES-2026-2600,"muhammad mustapha"
RES-2026-2601,"rahama abubakar umar"
RES-2026-2602,"MUHAMMAD SANI UMAR"
RES-2026-2603,"MUHAMMAD SANI"
RES-2026-2604,"ALHAJI RABIU SHEHE"
RES-2026-2605,"ALHAJI RABIU SHEHE"
RES-2026-2606,"SADIQU IBRAHIM"
RES-2026-2607,"IDRIS  UMAR AHMAD"
RES-2026-2608,"SANI MUSA UMAR"
RES-2026-2609,"ABDULAZIZ NAMADI INUWA"
RES-2026-2610,"ABUBAKAR  YUSUF SALEH"
RES-2026-2611,"SAMINU SALISU ADAM"
RES-2026-2612,"KABIRU SHUAIBU ADAMU"
RES-2026-2613,SUNUSI
RES-2026-2614,"SALIM SAMMANI MUHAMMAD"
RES-2026-2615,"SALIM SAMMANI MUHAMMAD"
RES-2026-2616,"SALIM SAMMANI MUHAMMAD"
RES-2026-2617,"SALIM SAMMANI MUHAMMAD"
RES-2026-2618,"SALIM SAMMANI MUHAMMAD"
RES-2026-2619,"SAMMANI MUHAMMAD ABDULMUMINI"
RES-2026-2620,"SAMMANI MUHAMMAD ABDULMUMINI"
RES-2026-2621,"SAMMANI MUHAMMAD ABDULMUMINI"
RES-2026-2622,"SAMMANI MUHAMMAD ABDULMUMINI"
RES-2026-2623,"SAMMANI MUHAMMAD ABDULMUMINI"
RES-2026-2624,"ABDULLAHI ISA KAURAN MATA"
RES-2026-2625,"GARBA ILIYASU"
RES-2026-2626,"GARBA ILIYASU"
RES-2026-2627,"ALI YAKBUB ALI"
RES-2026-2628,"ALI YAKBUB ALI"
RES-2026-2629,"FAIZO KULO ALI"
RES-2026-2630,"FAIZO KULO ALI"
RES-2026-2631,"ALI YAKUBU ALI"
RES-2026-2632,"ALI YAKUBU ALI"
RES-2026-2633,"ALI YAKUBU ALI"
RES-2026-2634,"ALI YAKUBU ALI"
RES-2026-2635,"UMAR SHEHU AHMAD"
RES-2026-2636,"SAMMANI MUHAMMAD ABDULMUMINI"
RES-2026-2637,"SAMMANI MUHAMMAD ABDULMUMINI"
RES-2026-2638,"SAMMANI MUHAMMAD ABDULMUMINI"
RES-2026-2639,"SAMMANI MUHAMMAD ABDULMUMINI"
RES-2026-2640,"SAMMANI MUHAMMAD ABDULMUMINI"
RES-2026-2641,"SAMMANI MUHAMMAD ABDULMUMINI"
RES-2026-2642,"SAMMANI MUHAMMAD ABDULMUMINI"
RES-2026-2643,"SAMMANI MUHAMMAD ABDULMUMINI"
RES-2026-2644,"SAMMANI MUHAMMAD ABDULMUMINI"
RES-2026-2645,"SAMMANI MUHAMMAD ABDULMUMINI"
RES-2026-2646,"SAMMANI MUHAMMAD ABDULMUMINI"
RES-2026-2647,"SAMMANI MUHAMMAD ABDULMUMINI"
RES-2026-2648,"SAMMANI MUHAMMAD ABDULMUMINI"
RES-2026-2649,"SAMMANI MUHAMMAD ABDULMUMINI"
RES-2026-2650,"YUSUF SAMBO JAKADA"
RES-2026-2651,"RAHINATU MUHAMMAD"
RES-2026-2652,"MUHAMMAD ALIYU"
RES-2026-2653,"ISMAIL MUHD"
RES-2026-2654,"ABDULRAHMAN MUHAMMED AHMAD"
RES-2026-2655,"ZAINAB MUHAMMAD ABDULLAHI"
RES-2026-2656,"UMARU WAKILI YAKUBU"
RES-2026-2657,"UMARU WAKILI YAKUBU"
RES-2026-2658,"UMARU WAKILI YAKUBU"
RES-2026-2659,"UMARU WAKILI YAKUBU"
RES-2026-2660,"UMARU WAKILI YAKUBU"
RES-2026-2661,"UMARU WAKILI YAKUBU"
RES-2026-2662,"HUDU GALADIMA DAWAKI"
RES-2026-2663,"ADAMU SALIHU JAJA"
RES-2026-2664,"MUHAMMAD HUSSAIN RIMI"
RES-2026-2665,"MUHAMMAD HUSSAIN RIMI"
RES-2026-2666,"MUHAMMAD HUSSAIN RIMI"
RES-2026-2667,"MUHAMMAD HUSSAIN RIMI"
RES-2026-2668,"MUHAMMAD HUSSAIN RIMI"
RES-2026-2669,"MUHAMMAD HUSSAIN RIMI"
RES-2026-2670,"MUHAMMAD HUSSAIN RIMI"
RES-2026-2671,"MUHAMMAD HUSSAIN RIMI"
RES-2026-2672,"MUHAMMAD HUSSAIN RIMI"
RES-2026-2673,"MUHAMMAD HUSSAIN RIMI"
RES-2026-2674,"MUHAMMAD HUSSAIN RIMI"
RES-2026-2675,"MUHAMMAD HUSSAIN RIMI"
RES-2026-2676,"MUHAMMAD HUSSAIN RIMI"
RES-2026-2677,"MUHAMMAD HUSSAIN RIMI"
RES-2026-2678,"MUHAMMAD HUSSAIN RIMI"
RES-2026-2679,"MUHAMMAD HUSSAIN RIMI"
RES-2026-2680,"MUHAMMAD HUSSAIN RIMI"
RES-2026-2681,"MUHAMMAD HUSSAIN RIMI"
RES-2026-2682,"Alhaji adamu bazuwa"
RES-2026-2683,"DANTATA PLASTICS LIMITED"
RES-2026-2684,"DANTATA PLASTICS LIMITED"
RES-2026-2685,"DANTATA PLASTICS LIMITED"
RES-2026-2686,"DANTATA PLASTICS LIMITED"
RES-2026-2687,"DANTATA PLASTICS LIMITED"
RES-2026-2688,"DANTATA PLASTICS LIMITED"
RES-2026-2689,"DANTATA PLASTICS LIMITED"
RES-2026-2690,"DANTATA PLASTICS LIMITED"
RES-2026-2691,"DANTATA PLASTICS LIMITED"
RES-2026-2692,"DANTATA PLASTICS LIMITED"
RES-2026-2693,"DANTATA PLASTICS LIMITED"
RES-2026-2694,"DANTATA PLASTICS LIMITED"
RES-2026-2695,"DANTATA PLASTICS LIMITED"
RES-2026-2696,"DANTATA PLASTICS LIMITED"
RES-2026-2697,"DANTATA PLASTICS LIMITED"
RES-2026-2698,"DANTATA PLASTICS LIMITED"
RES-2026-2699,"DANTATA PLASTICS LIMITED"
RES-2026-27,"GARZALI HASSAN"
RES-2026-270,"VLAAR HOMES LIMITED"
RES-2026-2700,"DANTATA PLASTICS LIMITED"
RES-2026-2701,"DANTATA PLASTICS LIMITED"
RES-2026-2702,"DANTATA PLASTICS LIMITED"
RES-2026-2703,"DANTATA PLASTICS LIMITED"
RES-2026-2704,"DANTATA PLASTICS LIMITED"
RES-2026-2705,"DANTATA PLASTICS LIMITED"
RES-2026-2706,"DANTATA PLASTICS LIMITED"
RES-2026-2707,"DANTATA PLASTICS LIMITED"
RES-2026-2708,"DANTATA PLASTICS LIMITED"
RES-2026-2709,"DANTATA PLASTICS LIMITED"
RES-2026-271,"VLAAR HOMES LIMITED"
RES-2026-2710,"DANTATA PLASTICS LIMITED"
RES-2026-2711,"DANTATA PLASTICS LIMITED"
RES-2026-2712,"DANTATA PLASTICS LIMITED"
RES-2026-2713,"DANTATA PLASTICS LIMITED"
RES-2026-2714,"DANTATA PLASTICS LIMITED"
RES-2026-2715,"DANTATA PLASTICS LIMITED"
RES-2026-2716,"DANTATA PLASTICS LIMITED"
RES-2026-2717,"DANTATA PLASTICS LIMITED"
RES-2026-2718,"DANTATA PLASTICS LIMITED"
RES-2026-2719,"DANTATA PLASTICS LIMITED"
RES-2026-2720,"DANTATA PLASTICS LIMITED"
RES-2026-2721,"DANTATA PLASTICS LIMITED"
RES-2026-2722,"DANTATA PLASTICS LIMITED"
RES-2026-2723,"DANTATA PLASTICS LIMITED"
RES-2026-2724,"DANTATA PLASTICS LIMITED"
RES-2026-2725,"DANTATA PLASTICS LIMITED"
RES-2026-2726,"DANTATA PLASTICS LIMITED"
RES-2026-2727,"DANTATA PLASTICS LIMITED"
RES-2026-2728,"DANTATA PLASTICS LIMITED"
RES-2026-2729,"DANTATA PLASTICS LIMITED"
RES-2026-2730,"DANTATA PLASTICS LIMITED"
RES-2026-2731,"DANTATA PLASTICS LIMITED"
RES-2026-2732,"DANTATA PLASTICS LIMITED"
RES-2026-2733,"DANTATA PLASTICS LIMITED"
RES-2026-2734,"DANTATA PLASTICS LIMITED"
RES-2026-2735,"DANTATA PLASTICS LIMITED"
RES-2026-2736,"A.A DANTATA"
RES-2026-2737,"ILU SABO"
RES-2026-2738,"YAHUZA AHMAD"
RES-2026-2739,"YAHUZA AHMAD"
RES-2026-2740,"YAHUZA AHMAD"
RES-2026-2741,"shehu rufai gambo"
RES-2026-2742,"idris tijjani idris"
RES-2026-2743,"mustapha umar usman"
RES-2026-2744,"auwal sani umar"
RES-2026-2745,"aliyu yahaya yahaya"
RES-2026-2746,"binta aliyu usman"
RES-2026-2747,"HASSAN ZUBAIRU UMAR"
RES-2026-2748,"DANTATA PLASTIC LIMITED"
RES-2026-2749,"DANTATA PLASTIC LIMITED"
RES-2026-2750,"DANTATA PLASTIC LIMITED"
RES-2026-2751,"DANTATA PLASTIC LIMITED"
RES-2026-2752,"DANTATA PLASTIC LIMITED"
RES-2026-2753,"DANTATA PLASTIC LIMITED"
RES-2026-2754,"DANTATA PLASTIC LIMITED"
RES-2026-2755,"DANTATA PLASTIC LIMITED"
RES-2026-2756,"DANTATA PLASTIC LIMITED"
RES-2026-2757,"DANTATA PLASTIC LIMITED"
RES-2026-2758,"DANTATA PLASTIC LIMITED"
RES-2026-2759,"DANTATA PLASTIC LIMITED"
RES-2026-2760,"DANTATA PLASTIC LIMITED"
RES-2026-2761,"DANTATA PLASTIC LIMITED"
RES-2026-2762,"DANTATA PLASTIC LIMITED"
RES-2026-2763,"DANTATA PLASTIC LIMITED"
RES-2026-2764,"DANTATA PLASTIC LIMITED"
RES-2026-2765,"DANTATA PLASTIC LIMITED"
RES-2026-2766,"DANTATA PLASTIC LIMITED"
RES-2026-2767,"DANTATA PLASTIC LIMITED"
RES-2026-2768,"DANTATA PLASTIC LIMITED"
RES-2026-2769,"DANTATA PLASTIC LIMITED"
RES-2026-2770,"DANTATA PLASTIC LIMITED"
RES-2026-2771,"DANTATA PLASTIC LIMITED"
RES-2026-2772,"DANTATA PLASTIC LIMITED"
RES-2026-2773,"DANTATA PLASTIC LIMITED"
RES-2026-2774,"DANTATA PLASTIC LIMITED"
RES-2026-2775,"DANTATA PLASTIC LIMITED"
RES-2026-2776,"DANTATA PLASTIC LIMITED"
RES-2026-2777,"DANTATA PLASTIC LIMITED"
RES-2026-2778,"DANTATA PLASTIC LIMITED"
RES-2026-2779,"DANTATA PLASTIC LIMITED"
RES-2026-2780,"DANTATA PLASTIC LIMITED"
RES-2026-2781,"DANTATA PLASTIC LIMITED"
RES-2026-2782,"DANTATA PLASTIC LIMITED"
RES-2026-2783,"DANTATA PLASTIC LIMITED"
RES-2026-2784,"DANTATA PLASTIC LIMITED"
RES-2026-2785,"DANTATA PLASTIC LIMITED"
RES-2026-2786,"DANTATA PLASTIC LIMITED"
RES-2026-2787,"DANTATA PLASTIC LIMITED"
RES-2026-2788,"DANTATA PLASTIC LIMITED"
RES-2026-2789,"DANTATA PLASTIC LIMITED"
RES-2026-2790,"DANTATA PLASTIC LIMITED"
RES-2026-2791,"DANTATA PLASTIC LIMITED"
RES-2026-2792,"DANTATA PLASTIC LIMITED"
RES-2026-2793,"DANTATA PLASTIC LIMITED"
RES-2026-2794,"DANTATA PLASTIC LIMITED"
RES-2026-2795,"DANTATA PLASTIC LIMITED"
RES-2026-2796,"DANTATA PLASTIC LIMITED"
RES-2026-2797,"DANTATA PLASTIC LIMITED"
RES-2026-2798,"DANTATA PLASTIC LIMITED"
RES-2026-2799,"DANTATA PLASTIC LIMITED"
RES-2026-28,"AMMAR SURAJO"
RES-2026-2800,"DANTATA PLASTIC LIMITED"
RES-2026-2801,"DANTATA PLASTIC LIMITED"
RES-2026-2802,"DANATATA PLASTIC LIMITED"
RES-2026-2803,"RAYMOND TERES"
RES-2026-2804,"ALH YUSUF K.J NJE"
RES-2026-2805,"bashir said ubawo"
RES-2026-2806,"bashir said ubawo"
RES-2026-2807,"bashir said ubawo"
RES-2026-2808,"muhammad nafiu idris"
RES-2026-2809,"muhammad nafiu idris"
RES-2026-2810,"dr mudasiru mustapha"
RES-2026-2811,"dr mudasiru mustapha"
RES-2026-2812,"abdussamad muhammad hussain"
RES-2026-2813,"ahmad ibrahim baba"
RES-2026-2814,"ahmad ibrahim baba"
RES-2026-2815,"BALA SABO"
RES-2026-2816,"muhammad saleh adam"
RES-2026-2817,"garba iliyasu"
RES-2026-2818,"mustapha aminu kabara"
RES-2026-2819,"shuaibu ali"
RES-2026-2820,"shuaibu ali"
RES-2026-2821,"GARBA AHMED BICHI"
RES-2026-2822,"MASUD SUNUSI GAINAWA"
RES-2026-2823,"AISHA IDRIS ABUBAKAR"
RES-2026-2824,"ALIYU ISAH"
RES-2026-2825,"JIBRIN HARUNA"
RES-2026-2826,"BINTA ABDULLAHI"
RES-2026-2827,"MASUD JIBRIN HARUNA"
RES-2026-2828,"AHMAD MUHAMMAD BAKO"
RES-2026-2829,"YAHAYA ABUBAKAR"
RES-2026-2830,"TUKUR GARBA"
RES-2026-2831,"SAFIYANU SULEIMAN AHMED"
RES-2026-2832,"SAFIYANU SULEIMAN AHMED"
RES-2026-2833,"SAFIYANU SULEIMAN AHMED"
RES-2026-2834,"SAFIYANU SULEIMAN AHMED"
RES-2026-2835,"SAFIYANU SULEIMAN AHMED"
RES-2026-2836,"SAFIYANU SULEIMAN AHMED"
RES-2026-2837,"AHMAD NASIR"
RES-2026-2838,"AHMAD NASIR"
RES-2026-2839,"AHMAD NASIR"
RES-2026-2840,"AHMAD NASIR"
RES-2026-2841,"AHMAD NASIR"
RES-2026-2842,"AHMAD NASIR"
RES-2026-2843,"AHMAD NASIR"
RES-2026-2844,"AHMAD NASIR"
RES-2026-2845,"abdullahi hassan"
RES-2026-2846,"abdullahi yahaya yakasai"
RES-2026-2847,"abdullahi yahaya yakasai"
RES-2026-2848,"abache oumarou"
RES-2026-2849,"abache oumarou"
RES-2026-2850,"ahmad abdullahi abubakar"
RES-2026-2851,"sagir isa musa"
RES-2026-2852,"USAINI AKILU JARMA"
RES-2026-2853,"ibrahim mustapha salihu"
RES-2026-2854,"alhaji tahir idris"
RES-2026-2855,"alhaji tahir idris"
RES-2026-2856,"ahmad yusuf imam"
RES-2026-2857,"AHMAD YUSUF IMAM"
RES-2026-2858,"AL IHSAN MULTI TRADE NIG LIMITED"
RES-2026-2859,"AL IHSAN MULTI TRADE NIG LIMITED"
RES-2026-2860,"AL IHSAN MULTI TRADE NIG LIMITED"
RES-2026-2861,"UMAR ALI MAI ATAMFA"
RES-2026-2862,"ALH HAMISU DAN KABO"
RES-2026-2863,"RAHIRA BELLO IBRAHIM"
RES-2026-2864,"NAFISA ABDULLAHI KABIRU"
RES-2026-2865,"AHMAD NASIR"
RES-2026-2866,"AISHA ABUBAKAR YUSUF"
RES-2026-2867,"IBRAHIM AMINU AHMAD"
RES-2026-2868,"IBRAHIM AMINU AHMAD"
RES-2026-2869,"YAHAYA MUSA"
RES-2026-2870,"MUKHTAR LAWAN"
RES-2026-2871,"ABDURRASHEED MIJINYAWA IBRAHIM"
RES-2026-2872,"KHADIJA MUAZU LAWAL"
RES-2026-2873,"SARATU LAWAL"
RES-2026-2874,"MARYAM KABIRU MUSA"
RES-2026-2875,"AMMAR IBRAHIM SADIK"
RES-2026-2876,"MUHAMMAD YUNUSA"
RES-2026-2877,"MAL YAKUBU GALA"
RES-2026-2878,"MUHAMMAD YUNUSA"
RES-2026-2879,"HON. ADO TAMBA KWA"
RES-2026-2880,"ABUBAKAR ABDULLAHI IBRAHIM"
RES-2026-2881,"MURTALA BALA"
RES-2026-2882,"MUHAMMAD GIDADO YUSUF"
RES-2026-2883,"USMAN ABDULLAHI IBRAHIM"
RES-2026-2884,"MUFTAHU SANI FAGGE"
RES-2026-2885,"BASHIR BALA SANI"
RES-2026-2886,"abdullahi isyaku mustapha"
RES-2026-2887,"ahmad mustapha ado"
RES-2026-2888,"abubakar aminu ibrahim"
RES-2026-2889,"munir dahiru kibiya"
RES-2026-2890,"aminu musa abdulaziz"
RES-2026-2891,"rabiu muhammad auwalu"
RES-2026-2892,"abubakar muhammad"
RES-2026-2893,"aminu musa abdulaziz"
RES-2026-2894,"yunusa sulaiman"
RES-2026-2895,"hassan salisu sulaiman"
RES-2026-2896,"ABDULYASAR GARBA ALHASSAN"
RES-2026-2897,"aminu safiyanu"
RES-2026-2898,"auwalu yahaya ahmad"
RES-2026-2899,"LABARAN ABUBAKAR"
RES-2026-29,"ABDULLAHI NASIRU MUSTAFA"
RES-2026-2900,"LABARAN ABUBAKAR"
RES-2026-2901,"KHAMIS ABBA BALA"
RES-2026-2902,"LABARAN ABUBAKAR"
RES-2026-2903,"KHADIJA ABUBAKAR LABARAN"
RES-2026-2904,"ABDULKARIM USMAN"
RES-2026-2905,"JIBRIN ALIYU"
RES-2026-2906,"YUSUF SANI MUSA"
RES-2026-2907,"SIRAJ CHAIRMAN M. NAFIU"
RES-2026-2908,"ALH GAMBO UMAR"
RES-2026-2909,"ALH GAMBO UMAR"
RES-2026-291,"VLAAR HOMES LIMITED"
RES-2026-2910,"SADIQ USMAN"
RES-2026-2911,"NASIR YAHAYA AUTA"
RES-2026-2912,"MUHAMMAD FAISAL MIKAIL"
RES-2026-2913,"MUHAMMAD FAISAL MIKAIL"
RES-2026-2914,"SHAFIU INUSA"
RES-2026-2915,"ALHAJI USAINI UMAR"
RES-2026-2916,"umar usman danbaito"
RES-2026-2917,"umar usman danbaito"
RES-2026-2918,"umar usman danbaito"
RES-2026-2919,"rahama sulaiman ahmad"
RES-2026-2920,"rahama sulaiman ahmad"
RES-2026-2921,"rahama sulaiman ahmad"
RES-2026-2922,"rabiatu sulaiman ahmad"
RES-2026-2923,"rabiatu sulaiman ahmad"
RES-2026-2924,"muhammad sulaiman ahmad"
RES-2026-2925,"muhammad sulaiman ahmad"
RES-2026-2926,"yusuf kabir"
RES-2026-2927,"nafisa kabir ahmad"
RES-2026-2928,"yusuf kabir"
RES-2026-2929,"ali usman"
RES-2026-293,"VLAAR HOMES LIMITED"
RES-2026-2930,"ali usman"
RES-2026-2931,"ali usman"
RES-2026-2932,"ismail maaruf nass"
RES-2026-2933,"ismail maaruf nass"
RES-2026-2934,"ismail maaruf nass"
RES-2026-2935,"ismail maaruf nass"
RES-2026-2936,"ismail maaruf nass"
RES-2026-2937,"MUHAMMAD A AHMED"
RES-2026-2938,"HAMZA ABDULLAHI UMAR"
RES-2026-2939,"HAMZA ABDULLAHI UMAR"
RES-2026-2940,"HAMZA ABDULLAHI UMAR"
RES-2026-2941,"SHAMSIYYA UMAR"
RES-2026-2942,"SHAMSIYYA UMAR"
RES-2026-2943,"SALISU UMAR"
RES-2026-2944,"MUSA IBRAHIM"
RES-2026-2945,"ALI BAGADAWA"
RES-2026-2946,"IDRIS DAN IYA IBRAHIM"
RES-2026-2947,"mrs ejuli julianna ogah"
RES-2026-2948,"sagir isa musa"
RES-2026-2949,"salmanu magaji"
RES-2026-295,"VLAAR HOMES LIMITED"
RES-2026-2950,"SALMANU MAGAJI"
RES-2026-2951,"alhaji tijjani nasidi yahaya"
RES-2026-2952,"badamasi nuhu badamasi"
RES-2026-2953,"ibrahim abdulaziz salga"
RES-2026-2954,"baba kassim mohammed"
RES-2026-2955,"HASSAN SALE IBRAHIM SALEH"
RES-2026-2956,"HASSAN SALE IBRAHIM SALEH"
RES-2026-2957,"HASSAN SALE IBRAHIM SALEH"
RES-2026-2958,"ibrahim mahmud usman"
RES-2026-2959,"ibrahim mahmud usman"
RES-2026-2960,"isiaka yahya musa"
RES-2026-2961,"isiaka yahya musa"
RES-2026-2962,"MUHAMMAD SANI"
RES-2026-2963,"isyaku inuwa isah"
RES-2026-2964,"muhammad saidu"
RES-2026-2965,"DANJUMA INUWA"
RES-2026-2966,"ALHAJI TAHIR IDRIS"
RES-2026-2967,"DANJUMA INUWA"
RES-2026-2968,"muhammad sale"
RES-2026-2969,"ADAMU AHMED"
RES-2026-2970,"DANJUMA INUWA"
RES-2026-2971,"BELLO ALHASSAN"
RES-2026-2972,"IDRIS USMAN"
RES-2026-2973,"UMAR MUHD BELLO"
RES-2026-2974,"URBAN SCLALE PROPERTY DEVELOPERS"
RES-2026-2975,"BASHIR ZUBAIRU SALE"
RES-2026-2976,"AMINU MUHAMMAD"
RES-2026-2977,"ALIYU ABDU KUMO"
RES-2026-2978,"USMAN IBRAHIM ABUBAKAR"
RES-2026-2979,"ANAS ABDU"
RES-2026-2980,"IBRAHIM UBA AKAWU"
RES-2026-2981,"ANAS ABDU"
RES-2026-2982,"HASSAN ADAMU MUHAMMAD"
RES-2026-2983,"SURRAYA IBRAHIM BABA"
RES-2026-2984,"HARUNA SADISU"
RES-2026-2985,"SAMMANI MUHAMMAD ABDULMUMINI"
RES-2026-2986,"SAMMANI MUHAMMAD ABDULMUMINI"
RES-2026-2987,"SAMMANI MUHAMMAD ABDULMUMINI"
RES-2026-2988,"NURA MUSA BAKO"
RES-2026-2989,"SAMMANI MUHAMMAD ABDULMUMINI"
RES-2026-2990,"SAMMANI MUHAMMAD ABDULMUMINI"
RES-2026-2991,"SAMMANI MUHAMMAD ABDULMUMINI"
RES-2026-2992,"SAMMANI MUHAMMAD ABDULMUMINI"
RES-2026-2993,"SALIM MUHAMMAD ABDULMUMINI"
RES-2026-2994,"SAMMANI MUHAMMAD ABDULMUMINI"
RES-2026-2995,"SAMMANI MUHAMMAD ABDULMUMINI"
RES-2026-2996,"SAMMANI MUHAMMAD ABDULMUMINI"
RES-2026-2997,"SAMMANI MUHAMMAD ABDULMUMINI"
RES-2026-2998,"SAMMANI MUHAMMAD ABDULMUMINI"
RES-2026-2999,"SALIM SAMMANI MUHAMMAD"
RES-2026-30,"KHADIJA ISA ABBAS"
RES-2026-3000,"SAMMANI MUHAMMAD ABDULMUMINI"
RES-2026-3001,"SAMMANI MUHAMMAD ABDULMUMINI"
RES-2026-3002,"SAMMANI MUHAMMAD ABDULMUMINI"
RES-2026-3003,"SALIM SAMMANI MUHAMMAD"
RES-2026-3004,"SAMMANI MUHAMMAD ABDULMUMINI"
RES-2026-3005,"AMINU LAWAN"
RES-2026-3006,"NURA MUSA BAKO"
RES-2026-3007,"SAMMANI MUHAMMAD ABDULMUMINI"
RES-2026-3008,"SAMMANI MUHAMMAD ABDULMUMINU"
RES-2026-3009,"SAMMANI MUHAMMAD ABDULMUMINI"
RES-2026-3010,"SAMMANI MUHAMMAD ABDULMUMINI"
RES-2026-3011,"SAMMANI MUHAMMAD ABDULMUMINI"
RES-2026-3012,"SAMMANI MUHAMMAD ABDULMUMINI"
RES-2026-3013,"SAMMANI MUHAMMAD ABDULMUMINI"
RES-2026-3014,"SAMMANI MUHAMMAD ABDULMUMINI"
RES-2026-3015,"SALIM SAMMANI ABDULMUMINI"
RES-2026-3016,"SALIM SAMMANI ABDULMUMINI"
RES-2026-3017,"SALIM SAMMANI ABDULMUMINI"
RES-2026-3018,"SALIM SAMMANI ABDULMUMINI"
RES-2026-3019,"SALIM SAMMANI ABDULMUMINI"
RES-2026-3020,"INUWA MUSA"
RES-2026-3021,"ISA ADO"
RES-2026-3022,"ADAMU MUAZU"
RES-2026-3023,"RABIU NAGOGO"
RES-2026-3024,"KAMILU ISMAIL"
RES-2026-3025,"HABIBA NASIR DANAZUMI"
RES-2026-3026,"ABDULLAHI MUHAMMAD ZAMBUR"
RES-2026-3027,"ABDULLAHI MUHAMMAD ZAMBUR"
RES-2026-3028,"Maifadah global textiles ltd"
RES-2026-3029,"CHUKWUDI CLETUS OBAH"
RES-2026-3030,"CHUKWUDI CLETUS OBAH"
RES-2026-3031,"ALHAJI SALISU MUHAMMAD SALISU"
RES-2026-3032,"abdullahi isyaku raba"
RES-2026-3033,"abdullahi isyaka raba"
RES-2026-3034,"abdullahi isyaku raba"
RES-2026-3035,"sabiu isa yunusa"
RES-2026-3036,"SANI RIDWAN MUSA"
RES-2026-3037,"ADO DAHIRU UNGOGO"
RES-2026-3038,"AHMAD SANI"
RES-2026-3039,"Umma salman"
RES-2026-304,"SALISU MUHD"
RES-2026-3040,"Ezenweami Christopher chibueze"
RES-2026-3041,"SALEH KHALIL IBRAHIM"
RES-2026-3042,"SALEH KHALIL IBRAHIM"
RES-2026-3043,"AMINU UMAR ISMAIL"
RES-2026-3044,"HALIMA ABDULLAHI IMAM"
RES-2026-3045,"NAMADI INUWA"
RES-2026-3046,"NAMADI INUWA"
RES-2026-3047,"ABDULLAHI MUHAMMAD ZAMBUR"
RES-2026-3048,"BUSIRI ADAM MUHAMMAD"
RES-2026-3049,"ALH BELLO AHMAD"
RES-2026-3050,"ALH BELLO AHMAD"
RES-2026-3051,"ALH BELLO RUFAI"
RES-2026-3052,"ALH BELLO AHMAD"
RES-2026-3053,"ALH BELLO AHMAD"
RES-2026-3054,"MUHAMMAD MUHD"
RES-2026-3055,"MUHAMMAD MUHD"
RES-2026-3056,"MUHAMMAD MUHD"
RES-2026-3057,"MUHAMMAD MUHD"
RES-2026-3058,"MUHAMMAD MUHD"
RES-2026-3059,"MUNTARI ALH BELLO"
RES-2026-3060,"sabiu isa yunusa"
RES-2026-3061,"sabiu isa yunusa"
RES-2026-3062,"sabiu isa yunusa"
RES-2026-3063,"sabiu isa yunusa"
RES-2026-3064,"sabiu isa yunusa"
RES-2026-3065,"ABDULLAHI MUHAMMAD ZAMBUR"
RES-2026-3066,"sabiu isa yunusa"
RES-2026-3067,"sabiu isa yunusa"
RES-2026-3068,"sabiu isa yunusa"
RES-2026-3069,"RABIATU GARBA"
RES-2026-3070,"BELLO HALLIRU ABUBAKAR"
RES-2026-3071,"MUKHTAR ABDULLAHI SHUAIBU"
RES-2026-3072,"YAHAYA SULAIMAN"
RES-2026-3073,"ALIYU ABDUSSALAM BAMALI"
RES-2026-3074,"IBRAHIM A. MUKTAR"
RES-2026-3075,"MURTALA HUDU"
RES-2026-3076,"MANSUR muhammad"
RES-2026-3077,"NURA MUSA BAKO"
RES-2026-3078,"NURA MUSA BAKO"
RES-2026-3079,"BASHIR ABDALLAH AUWAL"
RES-2026-3080,"SALIM MUHAMMAD ABDULMUMINI"
RES-2026-3081,"SALIM MUHAMMAD ABDULMUMINI"
RES-2026-3082,"SAMMANI MUHAMMAD ABDULMUMINI"
RES-2026-3083,"SAMMANI MUHAMMAD ABDULMUMINI"
RES-2026-3084,"SAMMANI MUHAMMAD ABDULMUMINI"
RES-2026-3085,"SAMMANI MUHAMMAD ABDULMUMINI"
RES-2026-3086,"SAMMANI MUHAMMAD ABDULMUMINI"
RES-2026-3087,"SAMMANI MUHAMMAD ABDULMUMINI"
RES-2026-3088,"SAMMANI MUHAMMAD ABDULMUMINI"
RES-2026-3089,"SAMMANI MUHAMMAD ABDULMUMIN"
RES-2026-3090,"SAMMANI MUHAMMAD ABDULMUMINI"
RES-2026-3091,"SAMMANI MUHAMMAD ABDULMUMINI"
RES-2026-3092,"SAMMANI MUHAMMAD ABDULMUMIN"
RES-2026-3093,"SAMMANI MUHAMMAD ABDULMUMIN"
RES-2026-3094,"SAMMANI MUHAMMAD ABDULMUMIN"
RES-2026-3095,"SAMMANI MUHAMMAD ABDULMUMIN"
RES-2026-3096,"SAMMANI MUHAMMAD ABDULMUMIN"
RES-2026-3097,"SAMMANI MUHAMMAD ABDULMUMINI"
RES-2026-3098,"SAMMANI MUHAMMAD ABDULMUMIN"
RES-2026-3099,"SAMMANI MUHAMMAD ABDULMUMIN"
RES-2026-31,"SADAM ABUBAKAR ABDULLAHI"
RES-2026-3100,"SAMMANI MUHAMMAD ABDULMUMIN"
RES-2026-3101,"SAMMANI MUHAMMAD ABDULMUMIN"
RES-2026-3102,"SAMMANI MUHAMMAD ABDULMUMIN"
RES-2026-3103,"SAMMANI MUHAMMAD ABDULMUMIN"
RES-2026-3104,"SALIM MUHAMMAD ABDULMUMIN"
RES-2026-3105,"SALIM SAMMANI MUHAMMAD"
RES-2026-3106,"SALIM MUHAMMAD ABDULMUMIN"
RES-2026-3107,"ABUBAKAR YAHAYA DANTATA"
RES-2026-3108,"JAMILA AUWAL GABARI"
RES-2026-3109,"MUNTARI TIJJANI SALEH"
RES-2026-3110,"ALIYU SALIHU"
RES-2026-3111,"NUHU ISA INDABAWA"
RES-2026-3112,"MUSBAHU RABIU DAN BAFFA"
RES-2026-3113,"KABIRU IBRAHIM GAYA"
RES-2026-3114,"KABIRU IBRAHIM GAYA"
RES-2026-3115,"KABIRU IBRAHIM GAYA"
RES-2026-3116,"XCELSIA REAL ESTATE AND PROPERTY DEVELOPEMENT"
RES-2026-3117,"BABANGIDA ABUBAKAR HARUNA"
RES-2026-3118,"BABANGIDA ABUBAKAR HARUNA"
RES-2026-3119,"BABANGIDA ABUBAKAR HARUNA"
RES-2026-3120,"BABANGIDA ABUBAKAR HARUNA"
RES-2026-3121,"BABANGIDA ABUBAKAR HARUNA"
RES-2026-3122,"SAMMANI MUHAMMAD ABDULMUMIN"
RES-2026-3123,"NURA MUSA BAKO"
RES-2026-3124,"ALH FATIHU HAMZA DARMA"
RES-2026-3125,"ALH FATIHI HAMZA DARMA"
RES-2026-3126,"SANI SURAJO MARSHAL"
RES-2026-3127,"ABDULLAHI ISYAKU RABA"
RES-2026-3128,"ABDULLAHI ISYAKU RABA"
RES-2026-3129,"ABDULLAHI ISYAKU RABA"
RES-2026-3130,"IBRAHIM ABBA GARKO"
RES-2026-3131,"MAHMUD ABBA GARKO"
RES-2026-3132,"ALHAJI MUHAMMAD"
RES-2026-3133,"ALHAJI MUHAMMAD"
RES-2026-3134,"DIJE ABDUL"
RES-2026-3135,"ANAS MUSTAPHA"
RES-2026-3136,"MUSTAPHA GARBA JAWA"
RES-2026-3137,"USMAN MUSA GALADIMA"
RES-2026-3138,"HASSAN LIMAN"
RES-2026-3139,"MAMMAN LABAHANI"
RES-2026-3140,"ALI ABBA DANBATTA"
RES-2026-3141,"TABAWA YUNUSA"
RES-2026-3142,"ABDULKADIR AUWALU"
RES-2026-3143,"ALH HAFIZU SHARIF GAMBO"
RES-2026-3144,"ALH HAFIZU SHARIF GAMBO"
RES-2026-3145,"ALH HAFIZU SHARIF GAMBO"
RES-2026-3146,"ENGR. FAKHRUDDEEN BIBI FAROUK"
RES-2026-3147,"KAWU NASIR"
RES-2026-3148,"MU'AZZATU ISA"
RES-2026-3149,"SAEED MUHAMMAD KOKI"
RES-2026-3150,"SAIDU ADO"
RES-2026-3151,"MUHAMMAD BABA TSOHO"
RES-2026-3152,"ALHAJI SHEHU NAKANDE"
RES-2026-3153,"BALA HARUNA"
RES-2026-3154,"SULAIMAN SANI USMAN"
RES-2026-3155,"AUWALU DANLADI TABALE"
RES-2026-3156,"HAMISU YAKUBU"
RES-2026-3157,"HALIMA ABDULAZIZ"
RES-2026-3158,"NASIR AHMAD ISA"
RES-2026-3159,"hamisu ali ngoruje"
RES-2026-3160,"nafiu uba usman"
RES-2026-3161,"ALH ADO RIMI"
RES-2026-3162,"BALA ISA"
RES-2026-3163,"ALIYU ABDU KUMO"
RES-2026-3164,"SHAIBA HASSAN"
RES-2026-3165,"RABIU YUSUF ABDULLAHI"
RES-2026-3166,"AISHA ISA NABIU"
RES-2026-3167,"RABIU YUSUF ABDULLAHI"
RES-2026-3168,"AMINU ZAKARI YAU"
RES-2026-3169,"RABIU YUSUF ABDULLAHI"
RES-2026-3170,"RABIU YUSUF ABDULLAHI"
RES-2026-3171,"MUA ISYAKU MUSA"
RES-2026-3172,"ALH FATIHI HAMZA DARMAN"
RES-2026-3173,"ALH FATIHI HAMZA DARMA"
RES-2026-3174,"ALH FATIHI HAMZA DARMA"
RES-2026-3175,"FADIMATU FATIHU HAMZA"
RES-2026-3176,"MUKHTAR FATIHU HAMZA"
RES-2026-3177,"FATIHU HAMZA DARMA"
RES-2026-3178,"MUKHTAR FATIHU HAMZA"
RES-2026-3179,"ABUBAKAR HUSSAINI"
RES-2026-3180,"FATIHU HAMZA DARMA"
RES-2026-3181,"BELLO SANI (DPO BICHI)"
RES-2026-3182,"MUKHTAR FATIHU HAMZA"
RES-2026-3183,"UBAI YUSUF"
RES-2026-3184,"YAKUBU MUHAMMAD"
RES-2026-3185,"MUHAMMAD HUSSAIN RIMI"
RES-2026-3186,"MUHAMMAD HUSSAIN RIMI"
RES-2026-3187,"MUHAMMAD HUSSAIN RIMI"
RES-2026-3188,"MUHAMMAD HUSSAIN RIMI"
RES-2026-3189,"MUHAMMAD HUSSAIN RIMI"
RES-2026-3190,"MUHAMMAD HUSSAIN RIMI"
RES-2026-3191,"MUHAMMAD HUSSAIN RIMI"
RES-2026-3192,"MUTTAKA TIJJANI USMAN"
RES-2026-3193,"MUTTAKA TIJJANI USMAN"
RES-2026-3194,"MUTTAKA TIJJANI USMAN"
RES-2026-3195,"MUTTAKA TIJJANI USMAN"
RES-2026-3196,"MUTTAKA TIJJANI USMAN"
RES-2026-3197,"MUTTAKA TIJJANI USMAN"
RES-2026-3198,"MUTTAKA TIJJANI USMAN"
RES-2026-3199,"MUTTAKA TIJJANI USMAN"
RES-2026-32,"MUBARAK SURAJO"
RES-2026-3200,"MUTTAKA TIJJANI USMAN"
RES-2026-3201,"MUTTAKA TIJJANI USMAN"
RES-2026-3202,"ZAHARADDEEN HAMISU MUSA"
RES-2026-3203,"MAI UNGUWA YAKUBU"
RES-2026-3204,"HAJIYA RAHINATU YUSUF FALGORE"
RES-2026-3205,"MUBARAK YUSUF FALGORE"
RES-2026-3206,"MUBARAK YUSUF FALGORE"
RES-2026-3207,"MUBARAK YUSUF FALGORE"
RES-2026-3208,"SALISU MANZO"
RES-2026-3209,"HABIBA NASIR DANAZUMI AND BROTHERS"
RES-2026-3210,"MUHAMMAD SANI AMINU"
RES-2026-3211,"ABDULLAH USMAN MUSA HAUSAWI"
RES-2026-3212,"ABDULLAHI MUHAMMAD ZAMBUR"
RES-2026-3213,"ADO DAHIRU"
RES-2026-3214,"ADO DAHIRU"
RES-2026-3215,"ASHIRU SANI KWANKWASO"
RES-2026-3216,"ADO DAHIRU"
RES-2026-3217,"ADO DAHIRU"
RES-2026-3218,"SANI IBRAHIM YOLA"
RES-2026-3219,"IBRAHIM SANI KOFAR MAZUGAL"
RES-2026-3220,"MURTALA SHUAIBU"
RES-2026-3221,"MURTALA SHUAIBU"
RES-2026-3222,"SHUAIBU IBRAHIM"
RES-2026-3223,"SHUAIBU IBRAHIM"
RES-2026-3224,"ABDULMUMINU MUSA"
RES-2026-3225,"AMINA JAMIL SARHAM"
RES-2026-3226,"AMINA JAMIL SARHMAM"
RES-2026-3227,"AMINA JAMIL SARHAM"
RES-2026-3228,"AMINA JAMIL SARHAM"
RES-2026-3229,"NADIMA BELLO DAU"
RES-2026-3230,"AL MUSTAPHA ABDULLAHI WAKILI"
RES-2026-3231,"UMAR ABUBAKAR HASSAN"
RES-2026-3232,"ABUBAKAR ADAMU SHUAIBU"
RES-2026-3233,"MUHAMMAD ANWAR SULEIMAN"
RES-2026-3234,"YASIN AUWALU MUAZU"
RES-2026-3235,"YASIN AUWALU MUAZU"
RES-2026-3236,"ABDULLAHI JAJERE ADAMU"
RES-2026-3237,"ABDULLAHI HUSSAINI FALAKI"
RES-2026-3238,"ZAHARADDEEN HAMISU MUSA"
RES-2026-3239,"ZAHARADDEEN HAMISU MUSA"
RES-2026-3240,"AISHA MOHAMMED SHEHU"
RES-2026-3241,"adedotun temitope"
RES-2026-3242,"adedotun temitope"
RES-2026-3243,"UMAR ABUBAKAR"
RES-2026-3244,"sagir isa musa"
RES-2026-3245,"dr usman said adamu"
RES-2026-3246,"dr usman said adamu"
RES-2026-3247,"ALh KABIRU BADAMASI"
RES-2026-3248,"KABIRU ZUBAIRU"
RES-2026-3249,"ALH GARBA SULE ADAMU"
RES-2026-3250,"HAMZA ABDULLAHI UMAR"
RES-2026-3251,"NUHU ALASAN"
RES-2026-3252,"SHEHU ABDULLAHI"
RES-2026-3253,"eric ikenna benjamin"
RES-2026-3254,"eric ikenna benjamin"
RES-2026-3255,"ahmad lawan hamza"
RES-2026-3256,"mariam djankado haboubakar"
RES-2026-3257,"mukhtar fatihu hamza"
RES-2026-3258,"eric ikenna benjamin"
RES-2026-3259,"eric ikenna benjamin"
RES-2026-3260,"eric ikenna benjamin"
RES-2026-3261,"eric ikenna benjamin"
RES-2026-3262,"musa muhammad liman"
RES-2026-3263,"musa muhammad liman"
RES-2026-3264,"musa muhammad liman"
RES-2026-3265,"musa muhammad liman"
RES-2026-3266,"musa muhammad liman"
RES-2026-3267,"musa muhammad liman"
RES-2026-3268,"musa muhammad liman"
RES-2026-3269,"musa muhammad liman"
RES-2026-3270,"musa muhammad liman"
RES-2026-3271,"musa muhammad liman"
RES-2026-3272,"auwalu yahya"
RES-2026-3273,"safiyanu awalu"
RES-2026-3274,"abdullahi ibrahim jibrin"
RES-2026-3275,"musa muhammad liman"
RES-2026-3276,"musa muhammad liman"
RES-2026-3277,"auwalu yahya"
RES-2026-3278,"auwalu yahya"
RES-2026-3279,"habibu adamu"
RES-2026-3280,"ado umaru"
RES-2026-3281,"abdussalamu musa"
RES-2026-3282,"ahmad ahmad yahuza"
RES-2026-3283,"hajara sulaiman"
RES-2026-3284,"hajara sulaiman"
RES-2026-3285,"safiyanu awalu"
RES-2026-3286,"shamau ibrahim"
RES-2026-3287,"shamau ibrahim"
RES-2026-3288,"kamilu isa"
RES-2026-3289,"shamau ibrahim"
RES-2026-3290,"kamilu isa"
RES-2026-3291,"abdussalamu musa"
RES-2026-3292,"abdussalamu musa"
RES-2026-3293,"abdussalamu musa"
RES-2026-3294,"shamau ibrahim"
RES-2026-3295,"HASSAN SALE IBRAHIM SALEH"
RES-2026-3296,"HASSAN SALE IBRAHIM SALEH"
RES-2026-3297,"HASSAN SALEH, IBRAHIM SALEH"
RES-2026-3298,"ABDULLAHI  MUHAMMAD YUSUF"
RES-2026-3299,"HABIBU AMADU"
RES-2026-33,"UMAR SHEHU"
RES-2026-3300,"MARIYA ADAMU"
RES-2026-3301,"SAADATU ABDULKADIR ALIYU"
RES-2026-3302,"ZAHARADDINI USMAN SAAD"
RES-2026-3303,"ZAHARADDINI USMAN SAAD"
RES-2026-3304,"ISMAIL ALIYU DANMARAYA"
RES-2026-3305,"ISMAIL ALIYU DANMARAYA"
RES-2026-3306,"ISMAIL ALIYU DANMARAYA"
RES-2026-3307,"ISMAIL ALIYU DANMARAYA"
RES-2026-3308,"YUSUF SALISU SANI"
RES-2026-3309,"ABDULLAHI YAHAYA YAKASAI"
RES-2026-3310,"ABDULLAHI YAHAYA YAKASAI"
RES-2026-3311,"muhammad suraj karaye"
RES-2026-3312,"SHEHU A. IDRIS"
RES-2026-3313,"rukayya yunusa sani"
RES-2026-3314,"rukayya yunusa sani"
RES-2026-3315,"rukayya yunusa sani"
RES-2026-3316,"zaharaddeen hamisu"
RES-2026-3317,"zaharaddeen hamisu"
RES-2026-3318,"zaharaddeen hamisu"
RES-2026-3319,"zaharaddeen hamisu"
RES-2026-3320,"zaharddeen hamisu"
RES-2026-3321,"zaharaddeen hamisu"
RES-2026-3322,"zaharaddeen hamisu"
RES-2026-3323,"zaharaddeen hamisu"
RES-2026-3324,"zaharaddeen hamisu"
RES-2026-3325,"zaharaddeen hamisu"
RES-2026-3326,"zaharaddeen hamisu"
RES-2026-3327,"zaharaddeen hamisu"
RES-2026-3328,"zaharaddeen hamisu"
RES-2026-3329,"zaharaddeen hamisu"
RES-2026-3330,"zaharaddeen hamisu"
RES-2026-3331,"zaharaddeen hamisu"
RES-2026-3332,"zaharaddeen hamisu"
RES-2026-3333,"zaharaddeen hamisu"
RES-2026-3334,"zaharaddeen hamisu"
RES-2026-3335,"magaji almu"
RES-2026-3336,"kabiru ayuba"
RES-2026-3337,"inusa ibrahim"
RES-2026-3338,"mansur shehu"
RES-2026-3339,"musa abubakar ibrahim"
RES-2026-3340,"musa abubakar ibrahim"
RES-2026-3341,"abdulhamid sani yakasai"
RES-2026-3342,"abdulhamid sani yakasai"
RES-2026-3343,"salahuddeen ibrahim"
RES-2026-3344,"YAHAYA ILYASU"
RES-2026-3345,"AUWALU ISAH"
RES-2026-3346,"TIJJANI SADSAUKI MISKWANI"
RES-2026-3347,"AHAMED SALIHU"
RES-2026-3348,"AHAMED SALIHU"
RES-2026-3349,"DAUDA BUBA/YUSUF SHEHU"
RES-2026-3350,"DAUDA BUBA/YUSUF SHEHU"
RES-2026-3351,"engr hassan abba disa"
RES-2026-3352,"engr hassan abba disa"
RES-2026-3353,"auwal aliyu"
RES-2026-3354,"ibrahim yusuf"
RES-2026-3355,"aminu dalha"
RES-2026-3356,"ibrahim yusuf"
RES-2026-3357,"ahmad ibrahim mukhtar"
RES-2026-3358,"ibrahim muhammad sada"
RES-2026-3359,"gambo auwal abubakar"
RES-2026-3360,"alh hadi"
RES-2026-3361,"alh muhammad hadi badamasi"
RES-2026-3362,"mubarak bashir ifo"
RES-2026-3363,"mubarak bashir ifo"
RES-2026-3364,"aisha bashir ifo"
RES-2026-3365,"maryam bashir ifo"
RES-2026-3366,"fatima bashir ifo"
RES-2026-3367,"fiddausi bashir ifo"
RES-2026-3368,"fiddausi bashir ifo"
RES-2026-3369,"fiddausi bashir ifo"
RES-2026-3370,"halima bashir ifo"
RES-2026-3371,"farida bashir ifo"
RES-2026-3372,"BILKISU BASHIR IFO"
RES-2026-3373,"ilah philip"
RES-2026-3374,"MIFTAHU ABUBAKAR JIBREEL"
RES-2026-3375,"HADI AHMAD TIJJANI"
RES-2026-3376,"HADI AHMAD TIJJANI"
RES-2026-3377,"HADI AHMAD TIJJANI"
RES-2026-3378,"ZAINAB IBRAHIM USMAN"
RES-2026-3379,"MUBARAK YUSUF DANABATTA"
RES-2026-3380,"SHEIDU ABDULRAHMAN OTARU"
RES-2026-3381,"SHEIDU ABDULRAHMAN OTARU"
RES-2026-3382,"ADO DAHIRU"
RES-2026-3383,"SALISU KAMARA SAEED"
RES-2026-3384,"ABDULKADIR SALE"
RES-2026-3385,"HABIBU YUSUF DANMALIKI"
RES-2026-3386,"MUHAMMADU ADAMU"
RES-2026-3387,"UBALE BARAU"
RES-2026-3388,"UBALE BARAU"
RES-2026-3389,"ALH NUHU ADAMU"
RES-2026-3390,"sunusi sani bako"
RES-2026-3391,"sunusi sani bako"
RES-2026-3392,"sukairaju tijjani zawiyya"
RES-2026-3393,"sukairaju tijjani zawiya"
RES-2026-3394,"hafsa idris musa"
RES-2026-3395,"khadija ali videira"
RES-2026-3396,"faysal sadik videira"
RES-2026-3397,"muhammad umar umar"
RES-2026-3398,"muhammad umar umar"
RES-2026-3399,"umar grema jimbarima"
RES-2026-34,"UBAIDA YAHAYA"
RES-2026-3400,"umar grema jimbarima"
RES-2026-3401,"musa shehu mainasara"
RES-2026-3402,"musa shehu mainasara"
RES-2026-3403,"FAUZIYYA IBRAHIM ABUBAKAR"
RES-2026-3404,"FATIMA KABIR HASHIM"
RES-2026-3405,"MUJITTAPHA ABDU DOGO"
RES-2026-3406,"ABUBAKAR IDRIS"
RES-2026-3407,"MUJITTAPHA ABDU DOGO"
RES-2026-3408,"KABIRU IDRIS"
RES-2026-3409,"JAMILA MUHAMMAD ISA"
RES-2026-3410,"BUHARI BASHIR IDRIS"
RES-2026-3411,"JAMILA MUHAMMAD ISA"
RES-2026-3412,"ABDULKADIR SAMMANI"
RES-2026-3413,"ABDULKADIR SAMMANI"
RES-2026-3414,"IDRIS BELLO ISAH"
RES-2026-3415,"ABDULKADIR SAMMANI"
RES-2026-3416,"ABDULKADIR SAMMANI"
RES-2026-3417,"ABDULKADIR SAMMANI"
RES-2026-3418,"ABDULKADIR SAMMANI"
RES-2026-3419,"ABDULKADIR SAMMANI"
RES-2026-3420,"umm sulym yusuf umar"
RES-2026-3421,"hafsah ahmad umar"
RES-2026-3422,"ahmad aliyu mukhtar"
RES-2026-3423,"SADEEQ MUSTAPHA YAHAYA"
RES-2026-3424,"KHALEEPHA UBA"
RES-2026-3425,"Prof murtala abubakar"
RES-2026-3426,"Prof murtala abubakar"
RES-2026-3427,"MUHAMMAD DANJUMMA"
RES-2026-3428,"hadiza sani wali"
RES-2026-3429,"hadiza sani wal"
RES-2026-3430,"sadiq sani muhammad aliyu"
RES-2026-3431,"ALHAJI MUHAMMAD SAGAGI"
RES-2026-3432,"ALHAJI MUHAMMAD SAGAGI"
RES-2026-3433,"idris ahmed alhassan"
RES-2026-3434,"yahaya hassan ahmed"
RES-2026-3435,"YUSUF BALARABE AND UMAR FARUK HASSAN"
RES-2026-3436,"IBRAHIM DAHURU MARMARO"
RES-2026-3437,"RAHAMA ABUBAKAR UMAR"
RES-2026-3438,"RAHAMA ABUBAKAR UMAR"
RES-2026-3439,"SHUAIBU ALI"
RES-2026-3440,"GARBA SULE"
RES-2026-3441,"SHUAIBU ALI"
RES-2026-3442,"GARBA SULE"
RES-2026-3443,"alhaji hadi"
RES-2026-3444,"AMINU UMAR"
RES-2026-3445,"IDRIS AMINU SHUAIBU"
RES-2026-3446,"IBRAHIM MUSTAPHA"
RES-2026-3447,"IBRAHIM MUSTAPHA"
RES-2026-3448,"IBRAHIM MUSTAPHA"
RES-2026-3449,"IBRAHIM MUSTAPHA"
RES-2026-345,"VLAAR HOMES LIMITED"
RES-2026-3450,"DR ISAH IBRAHIM GARBA"
RES-2026-3451,"ABDUL JABAR U. KABALA"
RES-2026-3452,"ANAS LAWAN ABUBAKAR"
RES-2026-3453,"MUSA BALA KABIRU"
RES-2026-3454,"ASSHAFA SULEMAN MIKAILU"
RES-2026-3455,"SADIYA ABUBAKAR"
RES-2026-3456,"ZAKARI SULAIMAN"
RES-2026-3457,"SALISU ABUBAKAR"
RES-2026-3458,"BELLO AHMAD"
RES-2026-3459,"HAJARA MUSA"
RES-2026-346,"VLAAR HOMES LIMITED"
RES-2026-3460,"ABDULLAHI ABUBAKAR MUHAMMAD"
RES-2026-3461,"MUSA USMAN"
RES-2026-3462,"ABUBAKAR MUHAMMAD SALIHU"
RES-2026-3463,"ASHIRU MUHAMMAD YAHAYA"
RES-2026-3464,"MAIMUNA AMINU UMAR"
RES-2026-3465,"TANIMU ISAH MUSA"
RES-2026-3466,"LAWAN ABDULLAHI SALISU"
RES-2026-3467,"AKILU ALIYU"
RES-2026-3468,"ABUBAKAR YAHAYA"
RES-2026-3469,"MUSTAPHA LUKMAN"
RES-2026-347,"VLAAR HOMES LIMITED"
RES-2026-3470,"GARBA SULE GOGORI"
RES-2026-3471,"SANUSI ABDULKADIR DANTATA"
RES-2026-348,"VLAAR HOMES LIMITED"
RES-2026-349,"VLAAR HOES LIMITED"
RES-2026-3491,"RABIU SULEIMAN YUSUF"
RES-2026-3492,"RABIU SULEIMAN YUSUF"
RES-2026-3493,"RABIU SULEIMAN YUSUF"
RES-2026-3494,"RABIU SULEIMAN YUSUF"
RES-2026-3495,"AMINU RABIU SULEIMAN"
RES-2026-3496,"MURTALA BELLO"
RES-2026-3497,"DAYYABU YAHAYA"
RES-2026-3498,"HAMISU IMAM"
RES-2026-3499,"ILAYSU ABDULMUMINI"
RES-2026-3500,"YAHANASU IBRAHIM"
RES-2026-3501,"IBRAHIM ADAMU JAEN"
RES-2026-3502,"SHARU UMARU"
RES-2026-3503,"ABDULLAHI HAMZA MUHAMMAD"
RES-2026-3504,"MUHAMMAD HAMZA"
RES-2026-3505,"MUHAMMAD HAMZA"
RES-2026-3506,"ISMAIL AHMAD KARAYE"
RES-2026-3507,"ISMAIL AHMAD KARAYE"
RES-2026-3508,"abba sulaiman umar"
RES-2026-3509,"abba sulaiman umar"
RES-2026-3510,"AMINU ALI SULEIMAN"
RES-2026-3511,"AMINU ALI SULEIMAN"
RES-2026-3512,"SUNUSI ADAMU MOHAMMED"
RES-2026-3513,"TIJJANI WAYA CAPSHOW"
RES-2026-3514,"TANKO GAMBO"
RES-2026-3515,"DAU SANI ADO"
RES-2026-3516,"SURAJO ADO"
RES-2026-3517,"BALA YUNUSA ABDULLAHI"
RES-2026-3518,"AISHA MOHAMMED BAKO"
RES-2026-3519,"ALHAJI MOHAMMED INUWA"
RES-2026-3520,"ALHAJI MOHAMMED INUWA"
RES-2026-3521,"RUQAYYA MUHAMMAD ZAYYAN"
RES-2026-3522,"RUQAYYA MUHAMMAD ZAYYAN"
RES-2026-3523,"SA'IDU MOHAMMED"
RES-2026-3524,"SA'IDU MOHAMMED"
RES-2026-3525,"NAJIBULLAH BASHIR DANEJO"
RES-2026-3526,"NAJIBULLAH BASHIR DANEJO"
RES-2026-3527,"NAJIBULLAH BASHIR DANEJO"
RES-2026-3528,"NAJIBULLAH BASHIR DANEJO"
RES-2026-3529,"NAJIBULLAH BASHIR DANEJO"
RES-2026-3530,"NAJIBULLAH BASHIR DANEJO"
RES-2026-3531,"NAJIBULLAH BASHIR DANEJO"
RES-2026-3532,"NAJIBULLAH BASHIR DANEJO"
RES-2026-3533,"NAJIBULLAH BASHIR DANEJO"
RES-2026-3534,"NURA ADO SHEHU MAIBARGO"
RES-2026-3535,"ABBA MUSA ABDULKADIR"
RES-2026-3536,"NURA ADO SHEHU MAIBARGO"
RES-2026-3537,"NURA ADO SHEHU MAIBARGO"
RES-2026-3538,"SHARU UMARU"
RES-2026-3539,"NURA ADO SHEHU MAIBARGO"
RES-2026-3540,"NURA ADO SHEHU MAIBARGO"
RES-2026-3541,"NURA ADO SHEHU MAIBARGO"
RES-2026-3542,"NURA ADO SHEHU MAIBARGO"
RES-2026-3543,"SADI ABDULRAHMAN"
RES-2026-3544,"ISHAQ MUNTARI"
RES-2026-3545,"ABUBAKAR SADIQUE MUHAMMAD WASE"
RES-2026-3546,"SADIQ SABIU BAKO"
RES-2026-3547,"HADIZA IDRIS ADAM"
RES-2026-3548,"AYYUB SADIQ SHUAIBU"
RES-2026-3549,"ALHAJI IBRAHIM"
RES-2026-3550,"SAFIYA ALHASSAN ADAM"
RES-2026-3551,"ZAINAB SADIQ SHUAIBU"
RES-2026-3552,"SALMA SADIQ SHUAIBU"
RES-2026-3553,"GAMBO SUNUSI USMAN"
RES-2026-3554,"ABUBAKAR BASHIR AHMAD"
RES-2026-3555,"ABUBAKAR BASHIR AHMAD"
RES-2026-3556,"IBRAHIM SULAIMAN"
RES-2026-3557,"ADO MUSTAPHA ISYAKU"
RES-2026-3558,"IBRAHIM SALE"
RES-2026-3559,"NUHU YUSUF"
RES-2026-3560,"ADO UMAR"
RES-2026-3561,"NAJIBULLAH BASHIR DANEJO"
RES-2026-3562,"SAGIR SANI IBRAHIM"
RES-2026-3563,"MUS AB  MUSTAPHA"
RES-2026-3564,"IDRIS UMAR"
RES-2026-3565,"IBRAHIM MAHMUD"
RES-2026-3566,"AUWALU IBRAHIM"
RES-2026-3567,"TUKUR ZAKARI"
RES-2026-3568,"JAZULI NASIRU"
RES-2026-3569,"RUKAYYA INUWA YUSUF"
RES-2026-3570,"ZAINAB INUWA YUSUF"
RES-2026-3571,"KHULSUM INUWA YUSUF"
RES-2026-3572,"SAFIYA INUWA YUSUF"
RES-2026-3573,"FATIMA INUWA YUSUF"
RES-2026-3574,"HAFSA INUWA YUSUF"
RES-2026-3575,"HUMAIRA MUSA ADAM"
RES-2026-3576,"HUMAIRA MUSA ADAM"
RES-2026-3577,"SHUAIBU ALI"
RES-2026-3578,"SHUAIBU ALI"
RES-2026-3579,"ABDULJABBBABR SANI YAKUBU"
RES-2026-3580,"SHUAIBU ALI"
RES-2026-3581,"SHUAIBU ALI"
RES-2026-3582,"SHUAIBU ALI"
RES-2026-3583,"ADAM BABA WAPA AND SONS NIG"
RES-2026-3584,"ADAM BABA WAPA AND SONS NIG"
RES-2026-3585,"ADAM BABA WAPA AND SONS NIG"
RES-2026-3586,"ADAM BABA WAPA AND SONS NIG"
RES-2026-3587,"ADAM BABA WAPA AND SONS NIG"
RES-2026-3588,"ADAM BABA WAPA AND SONS NIG"
RES-2026-3589,"ADAM BABA WAPA AND SONS NIG"
RES-2026-3590,"ADAM BABA WAPA AND SONS NIG"
RES-2026-3591,"ADAM BABA WAPA AND SONS NIG"
RES-2026-3592,"ADAM BABA WAPA AND SONS NIG"
RES-2026-3593,"ADAM BABA WAPA AND SONS NIG"
RES-2026-3594,"ADAM BABA WAPA AND SONS NIG"
RES-2026-3595,"ADAM BABA WAPA AND SONS NIG"
RES-2026-3596,"ADAM BABA WAPA AND SONS NIG"
RES-2026-3597,"ADAM BABA WAPA AND SONS NIG"
RES-2026-3598,"ADAM BABA WAPA AND SONS NIG"
RES-2026-3599,"ADAM BABA WAPA AND SONS NIG"
RES-2026-3600,"ADAM BABA WAPA AND SONS NIG"
RES-2026-3601,"ADAM BABA WAPA AND SONS NIG"
RES-2026-3602,"ADAM BABA WAPA AND SONS NIG"
RES-2026-3603,"ADAM BABA WAPA AND SONS NIG"
RES-2026-3604,"ADAM BABA WAPA AND SONS NIG"
RES-2026-3605,"ADAM BABA WAPA AND SONS NIG"
RES-2026-3606,"ADAM BABA WAPA AND SONS NIG"
RES-2026-3607,"ADAM BABA WAPA AND SONS NIG"
RES-2026-3608,"ADAM BABA WAPA AND SONS NIG"
RES-2026-3609,"ADAM BABA WAPA AND SONS NIG"
RES-2026-3610,"ADAM BABA WAPA AND SONS NIG"
RES-2026-3611,"ADAM BABA WAPA AND SONS NIG"
RES-2026-3612,"ADAM BABA WAPA AND SONS NIG"
RES-2026-3613,"UMAR ABDULKADIR NUHU"
RES-2026-3614,"ADO IBRAHIM"
RES-2026-3615,"MUJITTAFA BALARABE HAMZA"
RES-2026-3616,"KABIRU UBALE"
RES-2026-3617,"HARUNA BAKO MAI SHINKU"
RES-2026-3618,"ALH. MUSA MAI LESHI"
RES-2026-3619,"ABDURRAHMAN IBRAHIM ABUBAKAR"
RES-2026-3620,"SANI ABDUSSALAM"
RES-2026-3621,"SABIU BAKO"
RES-2026-3622,"SADIQ SABIU BAKO"
RES-2026-3623,"ABDULRAUF ISAH"
RES-2026-3624,"USMAN AMINU"
RES-2026-3625,"ALI IBRAHIM ABUBAKAR"
RES-2026-3626,"MAI TAKOBI"
RES-2026-3627,"KABIRU UBALE"
RES-2026-3628,"ECO BANK"
RES-2026-3629,"KHALID AUWAL"
RES-2026-3630,"AL-JUMRAH INDUSTRIES LIMITED"
RES-2026-3631,"ADAMS AUWAL"
RES-2026-3632,"KHALID AUWAL"
RES-2026-3633,"KHALID AUWAL"
RES-2026-3634,"KHALID AUWAL"
RES-2026-3635,"KHALID AUWAL"
RES-2026-3636,"KHALID AUWAL"
RES-2026-3637,"CROP CARE LIMITED"
RES-2026-3638,"KHALID AUWAL"
RES-2026-3639,"KHALID AUWAL"
RES-2026-3640,"KHALID AUWAL"
RES-2026-3641,"KHALID AUWAL"
RES-2026-3642,"KHALID AUWAL"
RES-2026-3643,"KHALID AUWAL"
RES-2026-3644,"KHALID AUWAL"
RES-2026-3645,"Sani Abdullahi"
RES-2026-3646,"SANI ABDULLAHI"
RES-2026-3647,"SANI ABDULLAHI"
RES-2026-3648,"SANI ABDULLAHI"
RES-2026-3649,"AMINA ABDULLAHI DANGONGOLA"
RES-2026-3650,"AMINA ABDULLAHI DANGONGOLA"
RES-2026-3651,"AHMAD S. USMAN"
RES-2026-3652,"AHMAD S. USMAN"
RES-2026-3653,"BASHIR ISMAILA AUWALU"
RES-2026-3654,"SHAMSUDDEN SULEIMAN TAHIR"
RES-2026-3655,"BASHIR NASIDI"
RES-2026-3656,"F7 STRUCTURE"
RES-2026-3657,"YAHAYA UMAR USMAN"
RES-2026-3658,"ADAM BABA WAPA AND SONS LTD"
RES-2026-3659,"ADAM BABA WAPA AND SONS LTD"
RES-2026-366,"ALHAJI AMINU BADAWA"
RES-2026-3660,"ADAM BABA WAPA AND SONS LTD "
RES-2026-3661,"ADAM BABA WAPA AND SONS LTD "
RES-2026-3662,"ADAM BABA WAPA AND SONS LTD "
RES-2026-3663,"ADAM BABA WAPA AND SONS LTD "
RES-2026-3664,"ADAM BABA WAPA AND SONS LTD "
RES-2026-3665,"ADAM BABA WAPA AND SONS LTD "
RES-2026-3666,"ADAM BABA WAPA AND SONS LTD "
RES-2026-3667,"ADAM BABA WAPA AND SONS LTD "
RES-2026-3668,"ADAM BABA WAPA AND SONS LTD "
RES-2026-3669,"ADAM BABA WAPA AND SONS LTD "
RES-2026-3670,"ADAM BABA WAPA AND SONS LTD "
RES-2026-3671,"BASHIR ISMAILA AUWALU"
RES-2026-3672,"LAWAN MAIKANO"
RES-2026-3673,"KABIRU SABO MOHAMAD"
RES-2026-3674,"BASHIR ISMAILA AUWALU"
RES-2026-3675,"ALHAJI UBA NA MAGAJ"
RES-2026-3676,"MUSTAPHA SANI GADANYA"
RES-2026-3677,"MUSTAPHA SANI GADANYA"
RES-2026-3678,"USMAN IBRAHIM"
RES-2026-3679,"USMAN IBRAHIM"
RES-2026-3680,"USMAN IBRAHIM"
RES-2026-3681,"USMAN IBRAHIM"
RES-2026-3682,"BASHIR ISMAILA AUWALU"
RES-2026-3683,"SARAH ISMAILA AUWALU"
RES-2026-3684,"BILKISU JAMILU YOLA"
RES-2026-3685,"AISHA JAMILU YOLA"
RES-2026-3686,"ABUBAKAR BAGUDA SULAIMAN"
RES-2026-3687,"ABUBAKAR BAGUDA SULAIMAN"
RES-2026-3688,"ABUBAKAR BAGUDA SULAIMAN"
RES-2026-3689,"A A DANTATA"
RES-2026-3690,"A.A DANTATA"
RES-2026-3691,"A.A DANTATA"
RES-2026-3692,"A.A DANTATA"
RES-2026-3693,"A.A DANTATA"
RES-2026-3694,"A.A DANTATA"
RES-2026-3695,"A.A DANTATA"
RES-2026-3696,"A.A DANTATA"
RES-2026-3697,"A.A DANTATA"
RES-2026-3698,"A.A DANTATA"
RES-2026-3699,"A.A DANTATA"
RES-2026-3700,"A.A DANTATA"
RES-2026-3701,"A.A DANTATA"
RES-2026-3702,"A.A DANTATA"
RES-2026-406,"ALHAJI BELLO UMAR"
RES-2026-41,"DAYYABU KABIRU SANI"
RES-2026-412,"VLAAR HOMES LTD"
RES-2026-417,"AKIBU NAGAMBO INUWA"
RES-2026-4173,"HALLIRU ADAMU"
RES-2026-418,"AKIBU NAGAMBO INUWA"
RES-2026-419,"YAKUBU ADAMU SALISU"
RES-2026-42,"HALIMA SHUAIBU ARAFAT"
RES-2026-4201,"SALISU MUKHTARI TIJJANI"
RES-2026-421,"IBRAHIM ABUBAKAR ABDULLAHI"
RES-2026-422,"SADIYA DANJUMA ABDULLAHI"
RES-2026-423,"YAHAYA ABDULKARIM"
RES-2026-4247,"AISH HARUNA ABDULLAHI"
RES-2026-425,"ABDULLAHI IBRAHIM GOGEL"
RES-2026-426,"GAMBO TANKO"
RES-2026-427,"MOHAMMED YUSUF SUNU"
RES-2026-428,"MAHADI ADAMU SALISU"
RES-2026-429,"HAUWA ABUBAKAR"
RES-2026-43,"HALIMA SHU'AIBU ARAFAT"
RES-2026-431,"ALHAJI MANSUR ZUBAIRU SALISU"
RES-2026-432,"ZAHARADDEEN ABUBAKAR"
RES-2026-433,"AUWAL MUHAMMAD SANI"
RES-2026-434,"UMAR SULEIMAN"
RES-2026-435,"AMINU RABI'U ALIYU"
RES-2026-436,"ABUBAKAR ABDULLAHI HASSAN"
RES-2026-437,"NURA SALIHU"
RES-2026-438,"SALIHU SANI"
RES-2026-439,"ZAHARADDEEN ABUBAKAR"
RES-2026-44,"HALIMA SHU'AIBU ARAFAT"
RES-2026-440,"UMAR ADAMU"
RES-2026-441,"MUHAMMAD SANI SALIHU"
RES-2026-442,"AHMAD TIJJANI SALUHU"
RES-2026-444,"BASHIR MUSA"
RES-2026-445,"HUSSAINI ABBA YALO"
RES-2026-446,"ADAMU SALISU MAILABUJE"
RES-2026-447,"RABILU ABDULKARIM GWANI"
RES-2026-448,"KABIRU SALISU SALEH"
RES-2026-449,"Mr NURUDDEEN HARUN"
RES-2026-45,"AISHA YAHAYA ABKAR"
RES-2026-450,"ABDURRAZAK ADAMU"
RES-2026-451,"HAJARA ADAMU SALISU"
RES-2026-452,"YAKUBU YUNUSA SANI"
RES-2026-453,"MUSA HAMISU IDRIS"
RES-2026-454,"AMINU ABUBAKAR ABDULLAHI"
RES-2026-455,"MUHAMMMAD DANJUMA ABDULLAHI"
RES-2026-456,"ABBA TIJJANI"
RES-2026-457,"MARYAM IBRAHIM"
RES-2026-458,"ZAKARIYYA SALMANU YA`U"
RES-2026-459,"IDRIS SHARIF MUHAMMAD"
RES-2026-460,"IBRAHIM HARUNA"
RES-2026-461,"WALI YUSIF ABUBAKAR"
RES-2026-462,"AMINU AMMANI"
RES-2026-463,"ABUBAKAR ISA"
RES-2026-464,"SAIFULLAHI ABUBAKAR"
RES-2026-465,"SUNUSI YUNUSA SANI"
RES-2026-470,"LAWALI SULE"
RES-2026-4709,"ALJ. UMMARU SALUSU KUMURYA"
RES-2026-471,"SADIQ MURTALA MANSUR"
RES-2026-4735,"SANI AHMED RUFA'I"
RES-2026-4739,"ABUBAKAR TANKO"
RES-2026-4744,"USMAN ABUBAKAR"
RES-2026-475,"IBRAHIM AMINU AHMAD"
RES-2026-476,"IBRAHIM AMINU AHMAD"
RES-2026-478,"IBRAHIM AMINU AHMAD"
RES-2026-479,"IBRAHIM AMINU AHMAD"
RES-2026-480,"IBRAHIM AMINU AHMAD"
RES-2026-481,"IBRAHIM AMINU AHMAD"
RES-2026-482,"IBRAHIM AMINU AHMAD"
RES-2026-484,"IBRAHIM AMINU AHMAD"
RES-2026-4846,"TAJJANI SAIDU"
RES-2026-4853,"ALH. SALISU BELLO"
RES-2026-4880,"A. LAWAN USMAN DUGAJI"
RES-2026-49,"HAFIZU SAFYANU MADUGU"
RES-2026-498,"NURA ALHASSAN SAIDU"
RES-2026-499,"ABDULLAHI MAHMUDU BAYERO"
RES-2026-50,"HAFIZU SAFIYANU MADUGU."
RES-2026-500,"MA'AWIYA UMAR MUSA"
RES-2026-501,"MAIJIDDA ADAMU"
RES-2026-502,"MAAWIYYA  UMAR MUSA"
RES-2026-503,"IDI MUSTAPHA"
RES-2026-508,"ALFA UMAR YAKUBU"
RES-2026-509,"ALFA UMAR YAKUBU"
RES-2026-511,"YAHAYA DAUDA, DALHA USMAN & SAMAILA SAADU"
RES-2026-512,"MUHAMMAD ABDULLAHI & 3 OTHERS"
RES-2026-513,"TRIPPLE A FARM PRODUCT AND AGRO ALLIED COMMODITIES SERVICES"
RES-2026-515,"BASHIR ABDULLAHI YUSUF"
RES-2026-5161,"S.O OLORUNEUNMI"
RES-2026-5353,"JIBRIN MUSA"
RES-2026-5447,"DANLADI INUSA"
RES-2026-556,"A. ABDULLAHI IDRIS"
RES-2026-557,"ALH. YAHUZA ADAM"
RES-2026-562,"FLT. LT. SAMIRA H. ABDUL"
RES-2026-563,"DATTIJO FAMILY"
RES-2026-564,"YAHUZA UMAR MAIDA"
RES-2026-5642,"ALH KASSIM A IBRAHIM"
RES-2026-565,"ISMAIL MUHD"
RES-2026-566,"HAFIZU UMAR"
RES-2026-567,"ABBA YAKUBU ADAMU"
RES-2026-568,"HARUNA SULEIMAN ADAMU"
RES-2026-569,"SAMMANI AMINU JIBRIN"
RES-2026-57,"SALAMATU AYUBA"
RES-2026-570,"AMINU BELLO"
RES-2026-571,"ASHIRU DAN AZUMI"
RES-2026-572,"IBRAHIM SULAIMAN ABUBAKAR"
RES-2026-573,"IBRAHIM SULAIMAN ABUBAKAR"
RES-2026-574,"IBRAHIM SULAIMAN ABUBAKAR"
RES-2026-575,"IBRAHIM SULAIMAN ABUBAKAR"
RES-2026-576,"ENGR ALH MUHAMMAD GALADANCHI"
RES-2026-577,"MUHAMMAD RABIU ALIYU"
RES-2026-578,"ABDURAHAMAN TASIU GANO"
RES-2026-579,"UKESHATU TASIU GANO"
RES-2026-5797,"MAL LAWAN ALI"
RES-2026-58,"MUHAMMAD ADO MUHAMMAD"
RES-2026-580,"GATARI GENERAL ENTERPRISE"
RES-2026-581,"GATAI GENERAL ENTERPRISE"
RES-2026-582,"GATAI GENERAL ENTERPRISE"
RES-2026-583,"GATAI GENERAL ENTERPRISE"
RES-2026-584,"GATAI GENERAL ENTERPRISE"
RES-2026-585,"GATAI GENERAL ENTERPRISE"
RES-2026-586,"GATARI GENERAL ENTERPRISE"
RES-2026-587,"GATARI GENERAL ENTERPRISE"
RES-2026-588,"GATARI GENERAL ENTERPRISE"
RES-2026-589,"GATARI GENERAL ENTERPRISE"
RES-2026-590,"GATARI GENERAL ENTERPRISE"
RES-2026-591,"GATARI GENERAL ENTERPRISE"
RES-2026-592,"GATARI GENERAL ENTERPRISE"
RES-2026-593,"GATARI GENERAL ENTERPRISE"
RES-2026-594,"GATARI GENERAL ENTERPRISE"
RES-2026-595,"GATARI GENERAL ENTERPRISE"
RES-2026-596,"GATARI GENERAL ENTERPRISE"
RES-2026-597,"GATARI GENERAL ENTERPRISE"
RES-2026-598,"GATARI GENERAL ENTERPRISE"
RES-2026-599,"GATARI GENERAL ENTERPRISE"
RES-2026-600,"GATARI GENERAL ENTERPRISE"
RES-2026-601,"GATARI GENERAL ENTERPRISE"
RES-2026-602,"GATARI GENERAL ENTERPRISE"
RES-2026-603,"GATARI GENERAL ENTERPRISE"
RES-2026-604,"GATARI GENERAL ENTERPRISE"
RES-2026-605,"GATARI GENERAL ENTERPRISE"
RES-2026-606,"GATARI GENERAL ENTERPRISE"
RES-2026-607,"GATARI GENERAL ENTERPRISE"
RES-2026-608,"GATARI GENERAL ENTERPRISE"
RES-2026-609,"GATARI GENERAL ENTERPRISE"
RES-2026-610,"GATARI GENERAL ENTERPRISE"
RES-2026-611,"GATARI GENERAL ENTERPRISE"
RES-2026-612,"GATARI GENERAL ENTERPRISE"
RES-2026-613,"GATARI GENERAL ENTERPRISE"
RES-2026-614,"GATARI GENERAL ENTERPRISE"
RES-2026-615,"GATARI GENERAL ENTERPRISE"
RES-2026-616,"GATARI GENERAL ENTERPRISE"
RES-2026-617,"GATARI GENERAL ENTERPRISE"
RES-2026-618,"GATARI GENERAL ENTERPRISE"
RES-2026-619,"GATARI GENERAL ENTERPRISE"
RES-2026-620,"GATARI GENERAL ENTERPRISE"
RES-2026-621,"GATARI GENERAL ENTERPRISE"
RES-2026-622,"GATARI GENERAL ENTERPRISE"
RES-2026-623,"GATARI GENERAL ENTERPRISE"
RES-2026-624,"GATARI GENERAL ENTERPRISE"
RES-2026-625,"GATARI GENERAL ENTERPRISE"
RES-2026-626,"GATARI GENERAL ENTERPRISE"
RES-2026-627,"GATARI GENERAL ENTERPRISE"
RES-2026-628,"SAFIYYAH RASHID SANI"
RES-2026-629,"AMINA JUMMAI SHEHU"
RES-2026-630,"BASHIR MUHAMMAD IDRIS"
RES-2026-631,"BASHIR MUHAMMAD IDRIS"
RES-2026-632,"ALHAJI ISA"
RES-2026-633,"ISA ADO"
RES-2026-634,"IBRAHIM MUHAMMAD"
RES-2026-6348,"UMAR BELLO HARIS"
RES-2026-635,"AMINU MUSA"
RES-2026-636,"SHAM UNU HABIBU HALADU"
RES-2026-637,"YUSUF ABUBAKAR KURFI"
RES-2026-638,"YUSUF ABUBAKAR KURFI"
RES-2026-639,"A.I.S SATATIMA & SONS"
RES-2026-640,"A.I.S SATATIMA & SONS"
RES-2026-641,"A.I.S SATATIMA & SONS"
RES-2026-642,"A.I.S SATATIMA & SONS"
RES-2026-643,"A.I.S SATATIMA & SONS"
RES-2026-644,"A.I.S SATATIMA & SONS"
RES-2026-645,"A.I.S SATATIMA & SONS"
RES-2026-646,"A.I.S SATATIMA & SONS"
RES-2026-647,"A.I.S SATATIMA & SONS"
RES-2026-648,"A.I.S SATATIMA & SONS"
RES-2026-649,"A.I.S SATATIMA & SONS"
RES-2026-650,"A.I.S SATATIMA & SONS"
RES-2026-651,"A.I.S SATATIMA & SONS"
RES-2026-652,"A.I.S SATATIMA & SONS"
RES-2026-653,"A.I.S SATATIMA & SONS"
RES-2026-654,"A.I.S SATATIMA & SONS"
RES-2026-655,"A.I.S SATATIMA & SONS"
RES-2026-656,"A.I.S SATATIMA & SONS"
RES-2026-657,"A.I.S SATATIMA & SONS"
RES-2026-658,"A.I.S SATATIMA & SONS"
RES-2026-6583,"MR. M.K.Z DADARE"
RES-2026-659,"A.I.S SATATIMA & SONS"
RES-2026-660,"A.I.S SATATIMA & SONS"
RES-2026-661,"A.I.S SATATIMA & SONS"
RES-2026-662,"A.I.S SATATIMA & SONS"
RES-2026-663,"A.I.S SATATIMA & SONS"
RES-2026-664,"A.I.S SATATIMA & SONS"
RES-2026-665,"A.I.S SATATIMA & SONS"
RES-2026-666,"A.I.S SATATIMA & SONS"
RES-2026-667,"A.I.S SATATIMA & SONS"
RES-2026-668,"A.I.S SATATIMA & SONS"
RES-2026-669,"A.I.S. SATATIMA & SONS"
RES-2026-670,"A.I.S. SATATIMA & SONS"
RES-2026-671,"A.I.S. SATATIMA & SONS"
RES-2026-672,"A.I.S. SATATIMA & SONS"
RES-2026-673,"A.I.S. SATATIMA & SONS"
RES-2026-674,"A.I.S. SATATIMA & SONS"
RES-2026-675,"A.I.S. SATATIMA & SONS"
RES-2026-676,"A.I.S. SATATIMA & SONS"
RES-2026-677,"A.I.S. SATATIMA & SONS"
RES-2026-678,"A.I.S. SATATIMA & SONS"
RES-2026-679,"A.I.S. SATATIMA & SONS"
RES-2026-680,"A.I.S. SATATIMA & SONS"
RES-2026-681,"A.I.S. SATATIMA & SONS"
RES-2026-682,"A.I.S. SATATIMA & SONS"
RES-2026-683,"A.I.S. SATATIMA & SONS"
RES-2026-684,"A.I.S. SATATIMA & SONS"
RES-2026-685,"A.I.S. SATATIMA & SONS"
RES-2026-686,"A.I.S. SATATIMA & SONS"
RES-2026-687,"A.I.S. SATATIMA & SONS"
RES-2026-688,"A.I.S. SATATIMA & SONS"
RES-2026-689,"A.I.S. SATATIMA & SONS"
RES-2026-690,"A.I.S. SATATIMA & SONS"
RES-2026-691,"A.I.S. SATATIMA & SONS"
RES-2026-692,"A.I.S. SATATIMA & SONS"
RES-2026-693,"A.I.S. SATATIMA & SONS"
RES-2026-694,"A.I.S. SATATIMA & SONS"
RES-2026-695,"A.I.S. SATATIMA & SONS"
RES-2026-696,"A.I.S. SATATIMA & SONS"
RES-2026-697,"A.I.S. SATATIMA & SONS"
RES-2026-698,"A.I.S. SATATIMA & SONS"
RES-2026-699,"A.I.S. SATATIMA & SONS"
RES-2026-700,"A.I.S. SATATIMA & SONS"
RES-2026-701,"A.I.S. SATATIMA & SONS"
RES-2026-702,"A.I.S. SATATIMA & SONS"
RES-2026-703,"A.I.S. SATATIMA & SONS"
RES-2026-704,"A.I.S. SATATIMA & SONS"
RES-2026-705,"A.I.S. SATATIMA & SONS"
RES-2026-706,"A.I.S. SATATIMA & SONS"
RES-2026-707,"A.I.S. SATATIMA & SONS"
RES-2026-708,"A.I.S. SATATIMA & SONS"
RES-2026-709,"A.I.S. SATATIMA & SONS"
RES-2026-710,"A.I.S. SATATIMA & SONS"
RES-2026-711,"A.I.S. SATATIMA & SONS"
RES-2026-712,"A.I.S. SATATIMA & SONS"
RES-2026-713,"A.I.S. SATATIMA & SONS"
RES-2026-714,"A.I.S. SATATIMA & SONS"
RES-2026-715,"A.I.S. SATATIMA & SONS"
RES-2026-716,"A.I.S. SATATIMA & SONS"
RES-2026-717,"A.I.S. SATATIMA & SONS"
RES-2026-718,"A.I.S. SATATIMA & SONS"
RES-2026-719,"A.I.S. SATATIMA & SONS"
RES-2026-72,"FAROUK UMAR MAIGARI"
RES-2026-720,"A.I.S. SATATIMA & SONS"
RES-2026-721,"A.I.S. SATATIMA & SONS"
RES-2026-722,"A.I.S. SATATIMA & SONS"
RES-2026-723,"A.I.S. SATATIMA & SONS"
RES-2026-724,"A.I.S. SATATIMA & SONS"
RES-2026-725,"A.I.S. SATATIMA & SONS"
RES-2026-726,"A.I.S. SATATIMA & SONS"
RES-2026-727,"A.I.S. SATATIMA & SONS"
RES-2026-728,"A.I.S. SATATIMA & SONS"
RES-2026-729,"A.I.S. SATATIMA & SONS"
RES-2026-730,"A.I.S. SATATIMA & SONS"
RES-2026-731,"A.I.S. SATATIMA & SONS"
RES-2026-732,"A.I.S. SATATIMA & SONS"
RES-2026-733,"A.I.S. SATATIMA & SONS"
RES-2026-734,"A.I.S. SATATIMA & SONS"
RES-2026-735,"A.I.S. SATATIMA & SONS"
RES-2026-736,"A.I.S. SATATIMA & SONS"
RES-2026-737,"A.I.S. SATATIMA & SONS"
RES-2026-738,"A.I.S. SATATIMA & SONS"
RES-2026-739,"A.I.S. SATATIMA & SONS"
RES-2026-740,"A.I.S. SATATIMA & SONS"
RES-2026-7403,"ABDULKADIR UMAR"
RES-2026-741,"A.I.S. SATATIMA & SONS"
RES-2026-742,"A.I.S. SATATIMA & SONS"
RES-2026-743,"A.I.S. SATATIMA & SONS"
RES-2026-744,"A.I.S. SATATIMA & SONS"
RES-2026-745,"A.I.S. SATATIMA & SONS"
RES-2026-746,"A.I.S. SATATIMA & SONS"
RES-2026-747,"A.I.S. SATATIMA & SONS"
RES-2026-748,"A.I.S. SATATIMA & SONS"
RES-2026-749,"A.I.S. SATATIMA & SONS"
RES-2026-750,"A.I.S. SATATIMA & SONS"
RES-2026-751,"A.I.S. SATATIMA & SONS"
RES-2026-752,"A.I.S. SATATIMA & SONS"
RES-2026-753,"A.I.S. SATATIMA & SONS"
RES-2026-754,"A.I.S. SATATIMA & SONS"
RES-2026-755,"A.I.S. SATATIMA & SONS"
RES-2026-756,"A.I.S. SATATIMA & SONS"
RES-2026-757,"A.I.S. SATATIMA & SONS"
RES-2026-758,"A.I.S. SATATIMA & SONS"
RES-2026-759,"A.I.S. SATATIMA & SONS"
RES-2026-760,"A.I.S. SATATIMA & SONS"
RES-2026-761,"A.I.S. SATATIMA & SONS"
RES-2026-762,"A.I.S. SATATIMA & SONS"
RES-2026-763,"A.I.S. SATATIMA & SONS"
RES-2026-764,"A.I.S. SATATIMA & SONS"
RES-2026-765,"A.I.S. SATATIMA & SONS"
RES-2026-766,"A.I.S. SATATIMA & SONS"
RES-2026-767,"A.I.S. SATATIMA & SONS"
RES-2026-768,"A.I.S. SATATIMA & SONS"
RES-2026-769,"A.I.S. SATATIMA & SONS"
RES-2026-770,"A.I.S. SATATIMA & SONS"
RES-2026-771,"A.I.S. SATATIMA & SONS"
RES-2026-772,"A.I.S. SATATIMA & SONS"
RES-2026-773,"A.I.S. SATATIMA & SONS"
RES-2026-774,"A.I.S. SATATIMA & SONS"
RES-2026-775,"A.I.S. SATATIMA & SONS"
RES-2026-776,"A.I.S. SATATIMA & SONS"
RES-2026-777,"A.I.S. SATATIMA & SONS"
RES-2026-778,"A.I.S. SATATIMA & SONS"
RES-2026-779,"A.I.S. SATATIMA & SONS"
RES-2026-780,"A.I.S. SATATIMA & SONS"
RES-2026-781,"A.I.S. SATATIMA & SONS"
RES-2026-782,"A.I.S. SATATIMA & SONS"
RES-2026-783,"A.I.S. SATATIMA & SONS"
RES-2026-784,"A.I.S. SATATIMA & SONS"
RES-2026-785,"A.I.S. SATATIMA & SONS"
RES-2026-786,"A.I.S. SATATIMA & SONS"
RES-2026-787,"A.I.S. SATATIMA & SONS"
RES-2026-788,"A.I.S. SATATIMA & SONS"
RES-2026-789,"A.I.S. SATATIMA & SONS"
RES-2026-790,"A.I.S. SATATIMA & SONS"
RES-2026-791,"A.I.S. SATATIMA & SONS"
RES-2026-792,"A.I.S. SATATIMA & SONS"
RES-2026-793,"A.I.S. SATATIMA & SONS"
RES-2026-794,"A.I.S. SATATIMA & SONS"
RES-2026-795,"A.I.S. SATATIMA & SONS"
RES-2026-796,"A.I.S. SATATIMA & SONS"
RES-2026-797,"A.I.S. SATATIMA & SONS"
RES-2026-798,"A.I.S. SATATIMA & SONS"
RES-2026-799,"A.I.S. SATATIMA & SONS"
RES-2026-800,"A.I.S. SATATIMA & SONS"
RES-2026-801,"A.I.S. SATATIMA & SONS"
RES-2026-802,"A.I.S. SATATIMA & SONS"
RES-2026-803,"A.I.S. SATATIMA & SONS"
RES-2026-804,"A.I.S. SATATIMA & SONS"
RES-2026-805,"A.I.S. SATATIMA & SONS"
RES-2026-806,"A.I.S. SATATIMA & SONS"
RES-2026-807,"A.I.S. SATATIMA & SONS"
RES-2026-808,"A.I.S. SATATIMA & SONS"
RES-2026-809,"A.I.S. SATATIMA & SONS"
RES-2026-81,"SULEIMAN ABDULLAHI HARBO."
RES-2026-810,"A.I.S. SATATIMA & SONS"
RES-2026-811,"A.I.S. SATATIMA & SONS"
RES-2026-812,"A.I.S. SATATIMA & SONS"
RES-2026-813,"A.I.S. SATATIMA & SONS"
RES-2026-814,"A.I.S. SATATIMA & SONS"
RES-2026-815,"A.I.S. SATATIMA & SONS"
RES-2026-816,"A.I.S. SATATIMA & SONS"
RES-2026-817,"A.I.S. SATATIMA & SONS"
RES-2026-818,"A.I.S. SATATIMA & SONS"
RES-2026-819,"A.I.S. SATATIMA & SONS"
RES-2026-820,"A.I.S. SATATIMA & SONS"
RES-2026-821,"A.I.S. SATATIMA & SONS"
RES-2026-822,"A.I.S. SATATIMA & SONS"
RES-2026-823,"A.I.S. SATATIMA & SONS"
RES-2026-824,"A.I.S. SATATIMA & SONS"
RES-2026-825,"A.I.S. SATATIMA & SONS"
RES-2026-826,"A.I.S. SATATIMA & SONS"
RES-2026-827,"A.I.S. SATATIMA & SONS"
RES-2026-828,"A.I.S. SATATIMA & SONS"
RES-2026-829,"A.I.S. SATATIMA & SONS"
RES-2026-830,"A.I.S. SATATIMA & SONS"
RES-2026-831,"A.I.S. SATATIMA & SONS"
RES-2026-832,"A.I.S. SATATIMA & SONS"
RES-2026-833,"A.I.S. SATATIMA & SONS"
RES-2026-834,"A.I.S. SATATIMA & SONS"
RES-2026-835,"A.I.S. SATATIMA & SONS"
RES-2026-836,"A.I.S. SATATIMA & SONS"
RES-2026-837,"A.I.S. SATATIMA & SONS"
RES-2026-838,"A.I.S. SATATIMA & SONS"
RES-2026-839,"A.I.S. SATATIMA & SONS"
RES-2026-840,"A.I.S. SATATIMA & SONS"
RES-2026-841,"A.I.S. SATATIMA & SONS"
RES-2026-842,"A.I.S. SATATIMA & SONS"
RES-2026-843,"A.I.S. SATATIMA & SONS"
RES-2026-844,"A.I.S. SATATIMA & SONS"
RES-2026-845,"A.I.S. SATATIMA & SONS"
RES-2026-846,"A.I.S. SATATIMA & SONS"
RES-2026-847,"A.I.S. SATATIMA & SONS"
RES-2026-848,"A.I.S. SATATIMA & SONS"
RES-2026-849,"A.I.S. SATATIMA & SONS"
RES-2026-850,"A.I.S. SATATIMA & SONS"
RES-2026-851,"A.I.S. SATATIMA & SONS"
RES-2026-852,"A.I.S. SATATIMA & SONS"
RES-2026-853,"A.I.S. SATATIMA & SONS"
RES-2026-854,"A.I.S. SATATIMA & SONS"
RES-2026-855,"A.I.S. SATATIMA & SONS"
RES-2026-856,"A.I.S. SATATIMA & SONS"
RES-2026-857,"A.I.S. SATATIMA & SONS"
RES-2026-858,"A.I.S. SATATIMA & SONS"
RES-2026-859,"A.I.S. SATATIMA & SONS"
RES-2026-860,"A.I.S. SATATIMA & SONS"
RES-2026-861,"A.I.S. SATATIMA & SONS"
RES-2026-862,"A.I.S. SATATIMA & SONS"
RES-2026-863,"A.I.S. SATATIMA & SONS"
RES-2026-864,"A.I.S. SATATIMA & SONS"
RES-2026-865,"A.I.S. SATATIMA & SONS"
RES-2026-866,"A.I.S. SATATIMA & SONS"
RES-2026-867,"A.I.S. SATATIMA & SONS"
RES-2026-868,"A.I.S. SATATIMA & SONS"
RES-2026-869,"A.I.S. SATATIMA & SONS"
RES-2026-870,"A.I.S. SATATIMA & SONS"
RES-2026-871,"A.I.S. SATATIMA & SONS"
RES-2026-872,"A.I.S. SATATIMA & SONS"
RES-2026-873,"A.I.S. SATATIMA & SONS"
RES-2026-874,"A.I.S. SATATIMA & SONS"
RES-2026-875,"A.I.S. SATATIMA & SONS"
RES-2026-876,"A.I.S. SATATIMA & SONS"
RES-2026-877,"A.I.S. SATATIMA & SONS"
RES-2026-878,"A.I.S. SATATIMA & SONS"
RES-2026-879,"A.I.S. SATATIMA & SONS"
RES-2026-880,"A.I.S. SATATIMA & SONS"
RES-2026-881,"A.I.S. SATATIMA & SONS"
RES-2026-882,"A.I.S. SATATIMA & SONS"
RES-2026-883,"A.I.S. SATATIMA & SONS"
RES-2026-884,"A.I.S. SATATIMA & SONS"
RES-2026-885,"A.I.S. SATATIMA & SONS"
RES-2026-886,"A.I.S. SATATIMA & SONS"
RES-2026-887,"A.I.S. SATATIMA & SONS"
RES-2026-888,"A.I.S. SATATIMA & SONS"
RES-2026-889,"A.I.S. SATATIMA & SONS"
RES-2026-890,"A.I.S. SATATIMA & SONS"
RES-2026-891,"A.I.S. SATATIMA & SONS"
RES-2026-892,"A.I.S. SATATIMA & SONS"
RES-2026-893,"A.I.S. SATATIMA & SONS"
RES-2026-894,"A.I.S. SATATIMA & SONS"
RES-2026-895,"A.I.S. SATATIMA & SONS"
RES-2026-896,"A.I.S. SATATIMA & SONS"
RES-2026-897,"A.I.S. SATATIMA & SONS"
RES-2026-898,"A.I.S. SATATIMA & SONS"
RES-2026-899,"A.I.S. SATATIMA & SONS"
RES-2026-9,"MUSTAPHA HARIS DABA"
RES-2026-900,"A.I.S. SATATIMA & SONS"
RES-2026-901,"A.I.S. SATATIMA & SONS"
RES-2026-902,"A.I.S. SATATIMA & SONS"
RES-2026-903,"A.I.S. SATATIMA & SONS"
RES-2026-904,"A.I.S. SATATIMA & SONS"
RES-2026-905,"A.I.S. SATATIMA & SONS"
RES-2026-906,"A.I.S. SATATIMA & SONS"
RES-2026-907,"MASLAHA HOMES AND DEVELOPMENT LTD"
RES-2026-908,"MASLAHA HOMES AND DEVELOPMENT LTD"
RES-2026-909,"MASLAHA HOMES AND DEVELOPMENT LTD"
RES-2026-91,"AMINU DAYYABU DIJO"
RES-2026-910,"MASLAHA HOMES AND DEVELOPMENT LTD"
RES-2026-911,"MASLAHA HOMES AND DEVELOPMENT LTD"
RES-2026-912,"MASLAHA HOMES AND DEVELOPMENT LTD"
RES-2026-913,"MASLAHA HOMES AND DEVELOPMENT LTD"
RES-2026-914,"MASLAHA HOMES AND DEVELOPMENT LTD"
RES-2026-915,"MASLAHA HOMES AND DEVELOPMENT LTD"
RES-2026-916,"MASLAHA HOMES AND DEVELOPMENT LTD"
RES-2026-917,"MASLAHA HOMES AND DEVELOPMENT LTD"
RES-2026-918,"MASLAHA HOMES AND DEVELOPMENT LTD"
RES-2026-919,"MASLAHA HOMES AND DEVELOPMENT LTD"
RES-2026-920,"MASLAHA HOMES AND DEVELOPMENT LTD"
RES-2026-921,"MASLAHA HOMES AND DEVELOPMENT LTD"
RES-2026-922,"MASLAHA HOMES AND DEVELOPMENT LTD"
RES-2026-923,"MASLAHA HOMES AND DEVELOPMENT LTD"
RES-2026-924,"MASLAHA HOMES AND DEVELOPMENT LTD"
RES-2026-925,"MASLAHA HOMES AND DEVELOPMENT LTD"
RES-2026-926,"MASLAHA HOMES AND DEVELOPMENT LTD"
RES-2026-927,"MASLAHA HOMES AND DEVELOPMENT LTD"
RES-2026-928,"MASLAHA HOMES AND DEVELOPMENT LTD"
RES-2026-929,"MASLAHA HOMES AND DEVELOPMENT LTD"
RES-2026-930,"MASLAHA HOMES AND DEVELOPMENT LTD"
RES-2026-931,"MASLAHA HOMES AND DEVELOPMENT LTD"
RES-2026-932,"MASLAHA HOMES AND DEVELOPMENT LTD"
RES-2026-933,"MASLAHA HOMES AND DEVELOPMENT LTD"
RES-2026-934,"MASLAHA HOMES AND DEVELOPMENT LTD"
RES-2026-935,"MASLAHA HOMES AND DEVELOPMENT LTD"
RES-2026-936,"MASLAHA HOMES AND DEVELOPMENT LTD"
RES-2026-937,"MASLAHA HOMES AND DEVELOPMENT LTD"
RES-2026-938,"MASLAHA HOMES AND DEVELOPMENT LTD"
RES-2026-939,"MASLAHA HOMES AND DEVELOPMENT LTD"
RES-2026-940,"MASLAHA HOMES AND DEVELOPMENT LTD"
RES-2026-941,"MASLAHA HOMES AND DEVELOPMENT LTD"
RES-2026-942,"MASLAHA HOMES AND DEVELOPMENT LTD"
RES-2026-943,"MASLAHA HOMES AND DEVELOPMENT LTD"
RES-2026-944,"MASLAHA HOMES AND DEVELOPMENT LTD"
RES-2026-945,"MASLAHA HOMES AND DEVELOPMENT LTD"
RES-2026-946,"MASLAHA HOMES AND DEVELOPMENT LTD"
RES-2026-947,"MASLAHA HOMES AND DEVELOPMENT LTD"
RES-2026-948,"MASLAHA HOMES AND DEVELOPMENT LTD"
RES-2026-949,"MASLAHA HOMES AND DEVELOPMENT LTD"
RES-2026-950,"MASLAHA HOMES AND DEVELOPMENT LTD"
RES-2026-951,"MASLAHA HOMES AND DEVELOPMENT LTD"
RES-2026-952,"MASLAHA HOMES AND DEVELOPMENT LTD"
RES-2026-953,"MASLAHA HOMES AND DEVELOPMENT LTD"
RES-2026-954,"MASLAHA HOMES AND DEVELOPMENT LTD"
RES-2026-955,"MASLAHA HOMES AND DEVELOPMENT LTD"
RES-2026-956,"MASLAHA HOMES AND DEVELOPMENT LTD"
RES-2026-957,"MASLAHA HOMES AND DEVELOPMENT LTD"
RES-2026-958,"MASLAHA HOMES AND DEVELOPMENT LTD"
RES-2026-959,"MASLAHA HOMES AND DEVELOPMENT LTD"
RES-2026-960,"MASLAHA HOMES AND DEVELOPMENT LTD"
RES-2026-961,"MASLAHA HOMES AND DEVELOPMENT LTD"
RES-2026-962,"MASLAHA HOMES AND DEVELOPMENT LTD"
RES-2026-963,"MASLAHA HOMES AND DEVELOPMENT LTD"
RES-2026-964,"MASLAHA HOMES AND DEVELOPMENT LTD"
RES-2026-965,"MASLAHA HOMES AND DEVELOPMENT LTD"
RES-2026-966,"MASLAHA HOMES AND DEVELOPMENT LTD"
RES-2026-967,"MASLAHA HOMES AND DEVELOPMENT LTD"
RES-2026-968,"MASLAHA HOMES AND DEVELOPMENT LTD"
RES-2026-969,"MASLAHA HOMES AND DEVELOPMENT LTD"
RES-2026-97,"AHMAD ABUBAKAR AZAREMA"
RES-2026-970,"MASLAHA HOMES AND DEVELOPMENT LTD"
RES-2026-971,"MASLAHA HOMES AND DEVELOPMENT LTD"
RES-2026-972,"MASLAHA HOMES AND DEVELOPMENT LTD"
RES-2026-973,"MASLAHA HOMES AND DEVELOPMENT LTD"
RES-2026-974,"MASLAHA HOMES AND DEVELOPMENT LTD"
RES-2026-975,"MASLAHA HOMES AND DEVELOPMENT LTD"
RES-2026-976,"MASLAHA HOMES AND DEVELOPMENT LTD"
RES-2026-977,"MASLAHA HOMES AND DEVELOPMENT LTD"
RES-2026-978,"MASLAHA HOMES AND DEVELOPMENT LTD"
RES-2026-979,"MASLAHA HOMES AND DEVELOPMENT LTD"
RES-2026-98,"AHMED ABUBAKAR AZAREMA"
RES-2026-980,"MASLAHA HOMES AND DEVELOPMENT LTD"
RES-2026-981,"MASLAHA HOMES AND DEVELOPMENT LTD"
RES-2026-982,"MASLAHA HOMES AND DEVELOPMENT LTD"
RES-2026-983,"MASLAHA HOMES AND DEVELOPMENT LTD"
RES-2026-984,"MASLAHA HOMES AND DEVELOPMENT LTD"
RES-2026-985,"MASLAHA HOMES AND DEVELOPMENT LTD"
RES-2026-986,"MASLAHA HOMES AND DEVELOPMENT LTD"
RES-2026-987,"MASLAHA HOMES AND DEVELOPMENT LTD"
RES-2026-988,"MASLAHA HOMES AND DEVELOPMENT LTD"
RES-2026-989,"MASLAHA HOMES AND DEVELOPMENT LTD"
RES-2026-99,"AHMAD ABUBAKAR AZAREMA"
RES-2026-990,"MASLAHA HOMES AND DEVELOPMENT LTD"
RES-2026-991,"MASLAHA HOMES AND DEVELOPMENT LTD"
RES-2026-992,"MASLAHA HOMES AND DEVELOPMENT LTD"
RES-2026-993,"MASLAHA HOMES AND DEVELOPMENT LTD"
RES-2026-994,"MASLAHA HOMES AND DEVELOPMENT LTD"
RES-2026-995,"MASLAHA HOMES AND DEVELOPMENT LTD"
RES-2026-996,"MASLAHA HOMES AND DEVELOPMENT LTD"
RES-2026-997,"MASLAHA HOMES AND DEVELOPMENT LTD"
RES-2026-998,"MASLAHA HOMES AND DEVELOPMENT LTD"
RES-2026-999,"MASLAHA HOMES AND DEVELOPMENT LTD"
RES-RC-2026-1,"ALH MUDI ADAMU"
RES-RC-2026-1291,"LAWISA DAYYABU"
RES-RC-2026-1853,"ALHAJI LAWAN SAMBO"
RES-RC-2026-2,"ALH. MUDI ADAMU"
RES-RC-2026-3,"LAWI KAMILU"
RES-RC-2026-4,"LAWI KAMILU"
RES-RC-2026-5,"SALISU UMAR"
RES-RC-2026-6,"ALHAJI SA'AD AHMAD"
RES-RC-2026-7,"ALH. ADA'U ISA RANO"
RES-RC-2026-70,"ALHAJI LABARAN NUHU"
RES-RC-2026-8,"A.M.S HASHIM"
SIT-2026-1,"DANDAWAKI PLASTIC PROCESSING COMPANY"
SIT-2026-11,"EFFICIENT RESOURCES LTD"
SIT-2026-12,"PERFICIENT ALLIANCE CONSTRUCTION CO. LTD"
SIT-2026-13,"PERFICIENT ALLIANCE CONSTRUCTION CO. LTD"
SIT-2026-14,"PERFICIENT ALLIANCE CONSTRUCTION CO. LTD"
SIT-2026-15,"PERFICIENT ALLIANCE CONSTRUCTION CO. LTD"
SIT-2026-17,"NIGERIA NAVY LOGISTICS"
SIT-2026-19,"I. I PROJECT & INVESTMENT"
SIT-2026-2,"DAWA KHAIR MULTIPURPOSE COMPANY"
SIT-2026-21,"APPLICATION FOR PIECE OF LAND AT GIDAN KARA"
SIT-2026-22,"THE GASHASH FAMILY"
SIT-2026-23,"KANO STATE GRAVE YARDS, STANDING COMMITTEE"
SIT-2026-25,"MA'AHADUR RASUL ACADEMY"
SIT-2026-27,"DUMAWA COCERN FORUM"
SIT-2026-3,"ABUBAKAR IBRAHIM"
SIT-2026-31,"MUSA ALIYU FAGGE"
SIT-2026-32,"NIGERIAN ASSOCIATION OF SMALL AND MEDIUM ENTERPRISES"
SIT-2026-35,FAAN
SIT-2026-37,"FINE TONE GENERAL CONSULT LTD"
SIT-2026-39,"SYGA DYNAMIC SOLUTION"
SIT-2026-41,"5TH NIGERIA LIMITED"
SIT-2026-42,"MUSA ALIYU FAGGE"
SIT-2026-45,"BY KIMBA ENTERPRISES D GEN. CONTRACTORS"
SIT-2026-46,"AMSAJ INDUSTRIAL COMPANY"
SIT-2026-48,"AKY CONGRESS FOR SPORT AND POLITICS"
SIT-2026-5,"PLUCK GLOBAL"
SIT-2026-50,"ADO BAYERO ROYAL CITY TRUST FUND KANO EMERATE COUNCIL"
SIT-2026-52,"REQUEST FOR LAND VALUATION"
SIT-2026-53,"SALISU HARUNA COLLEGE OF SHARIA LAW"
SIT-2026-54,"REQUEST FOR SITE ASSESSMENT FROM MINISTRY OF TRANSPORTATION"
SIT-2026-55,"REQUEST FOR REPLACEMENT OF LETTER OF GRANT BY IBRAHIM ABBA GARKO"
SIT-2026-56,"APPLICATION FOR INDUSTRIAL LAND AT DAKATA"
SIT-2026-57,"APPLICATION FOR LAND AT LAJAWA"
SIT-2026-58,"APPLICATION FOR COMMERCIAL WAREHOUSE AT GUNDUTSE"
SIT-2026-59,"APPLICATION FOR PLOTS BY URBAN SCALE"
SIT-2026-60,"REQUEST FOR LAND BY ALH SANI MUSA DANJA"
SIT-2026-61,"ACTIVE TEAM NIGERIA LIMITED"
SIT-2026-62,"FRANCO AMERICAN SCHOOL KANO LTD"
SIT-2026-63,"APC KANO POLITICAL AWARENESS"
SIT-2026-64,"MANDAWARI DIVISION(PCRC)"
SIT-2026-65,"APPLICATION LAND AT MAIKWALWA BY BASHIR MUSA"
SIT-2026-66,"MINISTRY OF AGRICULTURE & NATURAL RESOURCES  KANO STATE"
SIT-2026-67,"PROPOSED NEIGBOURHOOD MARKET AT LAMBU VILLAGE LAY OUT ALONG GWARZO ROAD"
SIT-2026-68,"REQUEST FOR ADMINISTRATIVE APPROVAL ON PROPOSAL FOR ENGAGEMENT AS CONSULTANT TO REVAMP REVENUE STREAMS FROM PETROL FILLING STATIONS THROUGH LAND TITTLE DOCUMENTATION AND RELATED LEVIES"
SIT-2026-69,"REQUEST FOR UNALLOCACATED PIECE OF LAND IN RESPECT OF PLAN SHOWING PROPERTY AT BADAWA SARDAUNA CRESCENT ,NASSARAWA LOCAL GOVERNMENT KANO STATE APPROXIMATELY MEASURING"
SIT-2026-70,"REQUEST FOR UNALLOCATED PIECE OF LAND IN RESPECT OF PLAN SHOWING PROPERTY AT BOMPAI ,NASSARAWA LOOCAL GOVERNMENT KANO STATE APPROXIMATELY MEASURING 1.678.22 SQM"
SIT-2026-71,"REQUEST FOR UNALLOCATED PIECE OF LAND IN RESPECT OF PLAN SHOWING PROPERTY AT BADAWA LAY OUT ,NASSARAWA LOCAL GOVERNMENT KANO STATE  APPROXIMATELY MEASURING 338.98 SQM"
SIT-2026-72,"REQUEST FOR THE ALLOCATION OF ADJACENT LAND FOR SCHOOL EXPANSION AND THE PROVISION OF ESSENTIAL SCHOOL FACILITIES"
SIT-2026-73,"NEMAN BINCIKE DA BAYAR DA IZINI KAN WANI FILI DOMIN GINA MASALLACI"
SIT-2026-74,"ANAS MUHAMMAD"
SIT-2026-75,"A.A KARANSI NIG. LTD."
SLTR-202651,"ABUBAKAR ISMA'IL"
SLTR-202662,"ASMA'U MUHAMMAD ABDULLAHI"
SLTR-202663,"MUKTAR TAHIR"
SLTR-202665,"MUKHTAR TAHIR"
SLTR-202667,"ALWALUDAIN CHARITABLE FOUNDATION"
SLTR-202668,"ALWALUDAIN CHARITY FOUNDATION"
SLTR-202669,"MUKHTAR TAHIR"
SLTR-202670,"AUWAL MUHAMMAD BALA"
SLTR-202691,"SALMAN UMAR DAMBATTA"
SLTR-220260,"SABIU MUHAMMAD SAAD"
SLTR-220267,"AMUNZALI UKASHATU SANI"
