file_indexing_id,file_number,old_prop_id,new_prop_id,action
13657,RES-1981-1,2,26640,REPAIR
13658,RES-1981-2,3,27214,REPAIR
13659,RES-1981-3,4,27315,REPAIR
13660,RES-1981-4,5,27411,REPAIR
13661,RES-1981-5,6,27501,REPAIR
13662,RES-1981-7,7,27673,REPAIR
13663,RES-1981-8,8,27750,REPAIR
13664,RES-1981-9,9,27813,REPAIR
13665,RES-1981-10,10,,"SKIP: OP/TOT relationship"
13666,RES-1981-12,11,26770,REPAIR
13667,RES-1981-13,12,26830,REPAIR
13668,RES-1981-15,13,26957,REPAIR
13669,RES-1981-16,14,27018,REPAIR
13670,RES-1981-17,15,27104,REPAIR
13671,RES-1981-21,16,,"SKIP: OP/TOT relationship"
13672,RES-1981-25,17,27265,REPAIR
13673,RES-1981-26,18,,"SKIP: OP/TOT relationship"
13674,RES-1981-27,19,27284,REPAIR
13675,RES-1981-28,20,27294,REPAIR
13676,RES-1981-29,21,27305,REPAIR
13677,RES-1981-30,22,,"SKIP: OP/TOT relationship"
13678,RES-1981-31,23,27325,REPAIR
13679,RES-1981-32,24,27335,REPAIR
13680,RES-1981-33,25,27345,REPAIR
13681,RES-1981-34,26,27354,REPAIR
13682,RES-1981-35,27,27362,REPAIR
13683,RES-1981-36,28,27372,REPAIR
13684,RES-1981-37,29,,"SKIP: OP/TOT relationship"
13685,RES-1981-39,30,27403,REPAIR
13686,RES-1981-40,31,,"SKIP: OP/TOT relationship"
13687,RES-1981-41,32,27423,REPAIR
13689,RES-1981-43,34,27438,REPAIR
13690,RES-1981-44,35,27449,REPAIR
13692,RES-1981-46,37,,"SKIP: OP/TOT relationship"
13693,RES-1981-47,38,,"SKIP: OP/TOT relationship"
13694,RES-1981-48,39,27482,REPAIR
13695,RES-1981-49,40,27491,REPAIR
13696,RES-1981-50,41,,"SKIP: OP/TOT relationship"
13697,RES-1981-51,42,27511,REPAIR
13698,RES-1981-52,43,27521,REPAIR
13699,RES-1981-53,44,27532,REPAIR
13700,RES-1981-54,45,27541,REPAIR
13701,RES-1981-55,46,27549,REPAIR
13702,RES-1981-57,47,27566,REPAIR
13703,RES-1981-58,48,27576,REPAIR
13704,RES-1981-59,49,27583,REPAIR
13705,RES-1981-60,50,,"SKIP: OP/TOT relationship"
13706,RES-1981-61,51,,"SKIP: OP/TOT relationship"
13707,RES-1981-62,52,27614,REPAIR
13708,RES-1981-63,53,27621,REPAIR
13709,RES-1981-64,54,,"SKIP: OP/TOT relationship"
13710,RES-1981-65,55,27635,REPAIR
13711,RES-1981-66,56,27641,REPAIR
13712,RES-1981-67,57,27649,REPAIR
13713,RES-1981-70,58,27674,REPAIR
13714,RES-1981-71,59,,"SKIP: OP/TOT relationship"
13715,RES-1981-73,60,27696,REPAIR
13716,RES-1981-74,61,,"SKIP: OP/TOT relationship"
13717,RES-1981-75,62,27707,REPAIR
13718,RES-1981-76,63,27715,REPAIR
13719,RES-1981-77,64,27723,REPAIR
13720,RES-1981-78,65,27731,REPAIR
13721,RES-1981-79,66,,"SKIP: OP/TOT relationship"
13722,RES-1981-81,67,,"SKIP: OP/TOT relationship"
13723,RES-1981-82,68,,"SKIP: OP/TOT relationship"
13724,RES-1981-83,69,,"SKIP: OP/TOT relationship"
13725,RES-1981-84,70,27775,REPAIR
13726,RES-1981-85,71,,"SKIP: OP/TOT relationship"
13728,RES-1981-89,73,27805,REPAIR
13729,RES-1981-90,74,,"SKIP: OP/TOT relationship"
13730,RES-1981-93,75,,"SKIP: OP/TOT relationship"
13731,RES-1981-95,76,27846,REPAIR
13732,RES-1981-96,77,,"SKIP: OP/TOT relationship"
13733,RES-1981-98,78,27867,REPAIR
13734,RES-1981-99,79,27872,REPAIR
13735,RES-1981-100,80,,"SKIP: OP/TOT relationship"
13736,RES-1981-102,81,26653,REPAIR
13737,RES-1981-104,82,26666,REPAIR
13738,RES-1981-105,83,,"SKIP: OP/TOT relationship"
13739,RES-1981-106,84,26678,REPAIR
13740,RES-1981-107,85,26689,REPAIR
13741,RES-1981-108,86,,"SKIP: OP/TOT relationship"
13742,RES-1981-109,87,26703,REPAIR
13743,RES-1981-111,88,26720,REPAIR
13744,RES-1981-113,89,,"SKIP: OP/TOT relationship"
13745,RES-1981-115,90,26747,REPAIR
13746,RES-1981-119,91,,"SKIP: OP/TOT relationship"
13747,RES-1981-122,92,26783,REPAIR
13748,RES-1981-123,93,26789,REPAIR
13749,RES-1981-125,94,26801,REPAIR
13750,RES-1981-126,95,,"SKIP: OP/TOT relationship"
13751,RES-1981-129,96,26825,REPAIR
13752,RES-1981-132,97,26845,REPAIR
13753,RES-1981-134,98,26856,REPAIR
13754,RES-1981-136,99,26863,REPAIR
13756,RES-1981-374,101,27386,REPAIR
13757,RES-1991-1,102,36169,REPAIR
13758,RES-1991-2,103,36254,REPAIR
13759,RES-1991-3,104,36611,REPAIR
13760,RES-1991-4,105,37059,REPAIR
13761,RES-1991-11,106,36202,REPAIR
13762,RES-1991-14,107,36218,REPAIR
13763,RES-1991-20,108,36255,REPAIR
13764,RES-1991-21,109,122516,REPAIR
13765,RES-1991-23,110,36344,REPAIR
13766,RES-1991-45,111,122591,REPAIR
13767,RES-1991-49,112,37225,REPAIR
13768,RES-1991-52,113,37326,REPAIR
13769,RES-1991-62,114,37561,REPAIR
13771,RES-1991-70,116,37593,REPAIR
13773,RES-1991-76,118,37815,REPAIR
13775,RES-1992-81,120,40811,REPAIR
13776,RES-1992-82,121,40821,REPAIR
13777,RES-1992-83,122,40828,REPAIR
13779,RES-1992-88,124,40872,REPAIR
13782,RES-1992-91,127,40893,REPAIR
13783,RES-1992-95,128,40928,REPAIR
13785,RES-1992-111,130,,"SKIP: OP/TOT relationship"
13786,RES-1992-112,131,38399,REPAIR
13787,RES-1992-113,132,,"SKIP: OP/TOT relationship"
13788,RES-1992-114,133,38414,REPAIR
13789,RES-1992-116,134,38432,REPAIR
13790,RES-1992-118,135,38453,REPAIR
13791,RES-1992-119,136,38463,REPAIR
13792,RES-1992-120,137,,"SKIP: OP/TOT relationship"
13793,RES-1992-122,138,,"SKIP: OP/TOT relationship"
13794,RES-1992-123,139,38478,REPAIR
13795,RES-1992-124,140,,"SKIP: OP/TOT relationship"
13796,RES-1992-125,141,,"SKIP: OP/TOT relationship"
13797,RES-1992-127,142,,"SKIP: OP/TOT relationship"
13799,RES-1992-137,144,38595,REPAIR
13800,RES-1992-140,145,38626,REPAIR
13801,RES-1992-147,146,38670,REPAIR
13804,RES-1992-155,149,,"SKIP: referenced as parent_prop_id"
13805,RES-1992-159,150,38745,REPAIR
13809,RES-1992-177,154,38822,REPAIR
13810,RES-1992-182,155,38860,REPAIR
13811,RES-1992-187,156,38872,REPAIR
13815,RES-1992-219,160,39001,REPAIR
13816,RES-1992-220,161,39003,REPAIR
13819,RES-1992-227,164,39038,REPAIR
13820,RES-1992-236,165,39067,REPAIR
13822,RES-1992-261,167,39132,REPAIR
13823,RES-1992-264,168,39139,REPAIR
13827,RES-1992-268,172,39155,REPAIR
13828,RES-1992-270,173,,"SKIP: OP/TOT relationship"
13830,RES-1992-275,175,39172,REPAIR
13831,RES-1992-279,176,39181,REPAIR
13832,RES-1992-281,177,39183,REPAIR
13833,RES-1992-183,178,38864,REPAIR
13836,RES-1992-288,181,39203,REPAIR
13837,RES-1992-289,182,39206,REPAIR
13838,RES-1992-292,183,39211,REPAIR
13839,RES-1992-299,184,39236,REPAIR
13840,RES-1992-310,185,39258,REPAIR
13841,RES-1992-313,186,39267,REPAIR
13842,RES-1992-314,187,39272,REPAIR
13843,RES-1992-315,188,39276,REPAIR
13845,RES-1992-319,190,39294,REPAIR
13847,RES-1992-321,192,39302,REPAIR
13848,RES-1992-322,193,39306,REPAIR
13849,RES-1992-323,194,39312,REPAIR
13850,RES-1992-325,195,39319,REPAIR
13851,RES-1992-326,196,39324,REPAIR
13852,RES-1992-327,197,39326,REPAIR
13853,RES-1992-328,198,39330,REPAIR
13854,RES-1992-329,199,39333,REPAIR
13857,CON-RES-1981-137,202,138301,REPAIR
13867,CON-COM-1985-51,212,7988,REPAIR
13870,CON-COM-1985-114,215,7967,REPAIR
13884,CON-COM-1985-79,229,7994,REPAIR
13887,CON-COM-1985-90,232,8000,REPAIR
13890,CON-COM-1986-67,235,8023,REPAIR
13891,CON-COM-1982-91,236,,"SKIP: OP/TOT relationship"
13892,CON-COM-1982-281,237,7800,REPAIR
13893,CON-COM-1982-289,238,,"SKIP: referenced as parent_prop_id"
13895,CON-COM-1982-65,240,7834,REPAIR
13896,CON-COM-1982-75,241,7844,REPAIR
13897,CON-RES-1981-123,242,10744,REPAIR
13898,CON-RES-1981-139,243,138325,REPAIR
13900,CON-RES-1981-182,245,10773,REPAIR
13901,CON-COM-1982-76,246,,"SKIP: OP/TOT relationship"
13903,CON-COM-1982-203,248,7766,REPAIR
13905,CON-COM-1982-222,250,7771,REPAIR
13907,CON-COM-1982-18,252,7754,REPAIR
13908,CON-COM-1982-303,253,7805,REPAIR
13910,CON-COM-1982-117,255,7723,REPAIR
13911,CON-COM-1982-104,256,121652,REPAIR
13912,CON-COM-1989-40,257,8094,REPAIR
13913,CON-RES-1981-170,258,137834,REPAIR
13914,CON-RES-1981-186,259,10776,REPAIR
13915,CON-RES-1981-187,260,,"SKIP: OP/TOT relationship"
13916,CON-RES-1981-197,261,137384,REPAIR
13917,CON-RES-1981-196,262,137381,REPAIR
13918,CON-RES-1981-41,263,136665,REPAIR
13919,CON-RES-1981-42,264,136673,REPAIR
13920,CON-RES-1981-48,265,136695,REPAIR
13921,CON-RES-1981-43,266,10926,REPAIR
13922,CON-RES-1981-50,267,10958,REPAIR
13923,CON-RES-1981-49,268,10955,REPAIR
13924,CON-RES-1981-155,269,137858,REPAIR
13925,CON-RES-1981-194,270,10782,REPAIR
13926,CON-RES-1981-168,271,137816,REPAIR
13927,CON-RES-1981-163,272,10767,REPAIR
13928,CON-RES-1981-159,273,10762,REPAIR
13929,CON-RES-1981-191,274,10780,REPAIR
13931,CON-RES-1981-40,276,10913,REPAIR
13932,CON-RES-1981-192,277,137512,REPAIR
13933,CON-RES-1981-193,278,10781,REPAIR
13934,CON-RES-1981-195,279,10783,REPAIR
13935,CON-RES-1981-162,280,10766,REPAIR
13936,CON-RES-1981-164,281,10768,REPAIR
13937,CON-RES-1981-171,282,137626,REPAIR
13938,CON-RES-1981-172,283,137634,REPAIR
13939,CON-RES-1981-176,284,137651,REPAIR
13940,CON-RES-1981-178,285,137693,REPAIR
13941,CON-RES-1981-180,286,137697,REPAIR
13942,CON-RES-1981-185,287,10775,REPAIR
13943,CON-RES-1981-161,288,10765,REPAIR
13944,CON-RES-1981-169,289,10769,REPAIR
13945,CON-RES-1981-167,290,137812,REPAIR
13946,CON-RES-1981-141,291,138332,REPAIR
13947,CON-RES-1981-44,292,10931,REPAIR
13948,CON-RES-1981-36,293,,"SKIP: OP/TOT relationship"
13949,CON-RES-1981-57,294,10997,REPAIR
13950,CON-RES-1981-8,295,136042,REPAIR
13951,CON-RES-1981-18,296,10771,REPAIR
13952,CON-RES-1981-19,297,136060,REPAIR
13953,CON-RES-1981-21,298,10793,REPAIR
13954,RES-1981-146,299,26930,REPAIR
13955,RES-1981-145,300,26925,REPAIR
13956,RES-1981-144,301,26920,REPAIR
13957,RES-1981-120,302,26771,REPAIR
13959,RES-1981-168,304,27089,REPAIR
13960,RES-1981-150,305,26958,REPAIR
13961,RES-1981-147,306,26941,REPAIR
13962,RES-1981-137,307,26871,REPAIR
13963,RES-1981-139,308,,"SKIP: OP/TOT relationship"
13964,RES-1981-141,309,26899,REPAIR
13966,RES-1981-138,311,26878,REPAIR
13967,RES-1981-149,312,26951,REPAIR
13968,RES-1981-200,313,27216,REPAIR
13969,RES-1981-199,314,27213,REPAIR
13970,RES-1981-192,315,27207,REPAIR
13971,RES-1981-190,316,27205,REPAIR
13973,RES-1981-195,318,,"SKIP: OP/TOT relationship"
13974,RES-1981-197,319,27212,REPAIR
13975,RES-1981-163,320,27048,REPAIR
13976,RES-1981-166,321,27076,REPAIR
13977,RES-1981-164,322,,"SKIP: OP/TOT relationship"
13978,RES-1981-169,323,27096,REPAIR
13979,RES-1981-170,324,27105,REPAIR
13980,RES-1981-172,325,27118,REPAIR
13981,RES-1981-173,326,,"SKIP: OP/TOT relationship"
13982,RES-1981-175,327,27145,REPAIR
13983,RES-1981-178,328,27172,REPAIR
13984,RES-1981-180,329,27190,REPAIR
13985,RES-1981-790,330,,"SKIP: OP/TOT relationship"
13986,RES-1981-186,331,27200,REPAIR
13987,RES-1981-196,332,,"SKIP: OP/TOT relationship"
13989,RES-1981-184,334,27198,REPAIR
13990,RES-1981-181,335,27193,REPAIR
13991,RES-1981-174,336,27136,REPAIR
13992,RES-1981-160,337,27019,REPAIR
13993,RES-1981-161,338,27030,REPAIR
13994,RES-1981-162,339,27041,REPAIR
13995,RES-1981-165,340,27069,REPAIR
13996,RES-1981-167,341,27084,REPAIR
13997,RES-1981-159,342,,"SKIP: OP/TOT relationship"
13998,RES-1981-154,343,,"SKIP: OP/TOT relationship"
13999,RES-1981-153,344,26981,REPAIR
14000,RES-1981-152,345,,"SKIP: OP/TOT relationship"
14001,RES-1981-151,346,26967,REPAIR
14002,RES-1981-202,347,27218,REPAIR
14003,RES-1981-201,348,27217,REPAIR
14004,RES-1981-209,349,27223,REPAIR
14005,RES-1981-210,350,,"SKIP: OP/TOT relationship"
14006,RES-1981-208,351,27222,REPAIR
14008,RES-1981-205,353,27221,REPAIR
14009,RES-1981-204,354,27220,REPAIR
14010,RES-1981-212,355,27227,REPAIR
14011,RES-1981-216,356,,"SKIP: OP/TOT relationship"
14012,RES-1981-215,357,27229,REPAIR
14013,RES-1981-225,358,27242,REPAIR
14014,RES-1981-226,359,27243,REPAIR
14015,RES-1981-224,360,27241,REPAIR
14016,RES-1981-217,361,,"SKIP: OP/TOT relationship"
14017,RES-1981-218,362,27232,REPAIR
14018,RES-1981-219,363,,"SKIP: OP/TOT relationship"
14019,RES-1981-220,364,,"SKIP: OP/TOT relationship"
14020,RES-1981-221,365,,"SKIP: OP/TOT relationship"
14021,RES-1981-222,366,27238,REPAIR
14022,RES-1981-223,367,,"SKIP: OP/TOT relationship"
14023,RES-1981-262,368,27276,REPAIR
14024,RES-1981-261,369,27275,REPAIR
14025,RES-1981-260,370,,"SKIP: OP/TOT relationship"
14026,RES-1981-258,371,27271,REPAIR
14027,RES-1981-259,372,,"SKIP: OP/TOT relationship"
14028,RES-1981-247,373,27263,REPAIR
14029,RES-1981-249,374,,"SKIP: OP/TOT relationship"
14030,RES-1981-250,375,27266,REPAIR
14031,RES-1981-245,376,27261,REPAIR
14032,RES-1981-242,377,27259,REPAIR
14033,RES-1981-269,378,27283,REPAIR
14034,RES-1981-268,379,,"SKIP: OP/TOT relationship"
14035,RES-1981-267,380,27281,REPAIR
14036,RES-1981-266,381,27280,REPAIR
14037,RES-1981-265,382,27279,REPAIR
14038,RES-1981-236,383,27253,REPAIR
14039,RES-1981-228,384,27245,REPAIR
14040,RES-1981-227,385,27244,REPAIR
14041,RES-1981-233,386,27249,REPAIR
14043,RES-1981-231,388,,"SKIP: OP/TOT relationship"
14044,RES-1981-229,389,27246,REPAIR
14045,RES-1981-234,390,27251,REPAIR
14046,RES-1981-239,391,27256,REPAIR
14047,RES-1981-235,392,27252,REPAIR
14048,RES-1981-256,393,27270,REPAIR
14049,RES-1981-255,394,,"SKIP: OP/TOT relationship"
14050,RES-1981-254,395,27268,REPAIR
14052,RES-1992-332,397,39346,REPAIR
14055,RES-1992-336,400,39362,REPAIR
14056,RES-1992-337,401,39366,REPAIR
14058,RES-1992-339,403,39382,REPAIR
14059,RES-1992-340,404,39387,REPAIR
14060,RES-1992-343,405,39402,REPAIR
14061,RES-1992-344,406,39405,REPAIR
14062,RES-1992-345,407,39411,REPAIR
14063,RES-1992-346,408,39417,REPAIR
14064,RES-1992-347,409,39419,REPAIR
14065,RES-1992-348,410,39421,REPAIR
14066,RES-1992-349,411,39424,REPAIR
14067,RES-1992-350,412,39430,REPAIR
14068,RES-1992-352,413,39436,REPAIR
14069,RES-1992-353,414,39444,REPAIR
14070,RES-1992-354,415,39448,REPAIR
14071,RES-1992-355,416,39453,REPAIR
14072,RES-1992-356,417,39458,REPAIR
14073,RES-1992-357,418,39464,REPAIR
14074,RES-1992-358,419,39473,REPAIR
14075,RES-1992-359,420,39483,REPAIR
14078,RES-1992-364,423,39497,REPAIR
14079,RES-1992-365,424,39501,REPAIR
14080,RES-1992-366,425,39504,REPAIR
14081,RES-1992-367,426,39506,REPAIR
14082,RES-1992-373,427,39535,REPAIR
14083,RES-1992-374,428,39537,REPAIR
14084,RES-1992-375,429,39542,REPAIR
14085,RES-1992-376,430,39546,REPAIR
14086,RES-1992-377,431,39549,REPAIR
14089,RES-1992-380,434,39559,REPAIR
14090,RES-1992-381,435,39560,REPAIR
14091,RES-1992-383,436,39564,REPAIR
14092,RES-1992-384,437,39566,REPAIR
14093,RES-1992-396,438,,"SKIP: OP/TOT relationship"
14096,RES-1992-407,441,39629,REPAIR
14099,RES-1992-410,444,39644,REPAIR
14101,RES-1992-415,446,39661,REPAIR
14102,RES-1992-417,447,39664,REPAIR
14103,RES-1992-419,448,,"SKIP: OP/TOT relationship"
14105,RES-1992-421,450,39681,REPAIR
14107,RES-1992-428,452,39712,REPAIR
14112,RES-1992-437,457,39731,REPAIR
14113,RES-1992-438,458,39734,REPAIR
14114,RES-1992-439,459,39743,REPAIR
14115,RES-1992-461,460,39791,REPAIR
14117,RES-1992-465,462,39800,REPAIR
14120,RES-1992-479,463,39817,REPAIR
14121,RES-1992-481,464,39827,REPAIR
14122,RES-1992-483,465,39830,REPAIR
14123,RES-1992-484,466,39835,REPAIR
14125,RES-1992-491,468,39853,REPAIR
14126,RES-1992-498,469,39878,REPAIR
14128,RES-1992-523,471,39928,REPAIR
14129,RES-1992-526,472,39944,REPAIR
14131,RES-1992-539,474,39973,REPAIR
14134,RES-1992-567,477,40022,REPAIR
14135,RES-1992-568,478,40027,REPAIR
14138,RES-1992-571,481,40044,REPAIR
14142,RES-1992-589,485,40092,REPAIR
14144,RES-1992-614,487,40233,REPAIR
14145,RES-1992-615,488,40238,REPAIR
14146,RES-1992-616,489,,"SKIP: OP/TOT relationship"
14147,RES-1992-617,490,40251,REPAIR
14148,RES-1992-620,491,,"SKIP: OP/TOT relationship"
14149,RES-1992-626,492,,"SKIP: OP/TOT relationship"
14150,RES-1992-630,493,40306,REPAIR
14151,RES-1992-635,494,,"SKIP: OP/TOT relationship"
14152,RES-1992-618,495,,"SKIP: OP/TOT relationship"
14153,RES-1992-619,496,,"SKIP: OP/TOT relationship"
14156,CON-RES-1981-209,499,10792,REPAIR
14158,CON-RES-1981-203,501,10787,REPAIR
14159,CON-RES-1981-312,502,10861,REPAIR
14160,CON-RES-1981-266,503,10826,REPAIR
14161,CON-RES-1981-282,504,139890,REPAIR
14162,CON-RES-1981-239,505,10811,REPAIR
14163,CON-RES-1981-316,506,,"SKIP: referenced as parent_prop_id"
14164,CON-RES-1981-300,507,10850,REPAIR
14165,CON-RES-1981-327,508,10869,REPAIR
14166,CON-RES-1981-237,509,139642,REPAIR
14167,CON-RES-1981-228,510,,"SKIP: OP/TOT relationship"
14168,CON-RES-1981-208,511,164365,REPAIR
14169,CON-RES-1981-247,512,139707,REPAIR
14170,CON-RES-1981-206,513,10790,REPAIR
14171,CON-RES-1981-227,514,10808,REPAIR
14172,CON-RES-1981-271,515,10830,REPAIR
14173,CON-RES-1981-292,516,139907,REPAIR
14174,CON-RES-1981-288,517,10839,REPAIR
14175,CON-RES-1981-235,518,139631,REPAIR
14176,CON-RES-1981-259,519,10822,REPAIR
14177,CON-RES-1981-278,520,10834,REPAIR
14178,CON-RES-1981-218,521,10798,REPAIR
14179,CON-RES-1981-240,522,139679,REPAIR
14180,CON-RES-1981-314,523,10863,REPAIR
14181,CON-RES-1981-201,524,139355,REPAIR
14182,CON-RES-1981-205,525,10789,REPAIR
14183,CON-RES-1981-241,526,10813,REPAIR
14184,CON-RES-1981-244,527,,"SKIP: OP/TOT relationship"
14187,CON-RES-1981-287,530,10838,REPAIR
14188,CON-RES-1981-336,531,10877,REPAIR
14189,CON-RES-1981-245,532,139697,REPAIR
14190,CON-RES-1981-291,533,10843,REPAIR
14191,CON-RES-1981-217,534,,"SKIP: OP/TOT relationship"
14192,CON-RES-1981-330,535,165131,REPAIR
14193,CON-RES-1981-230,536,139605,REPAIR
14194,CON-RES-1981-290,537,10842,REPAIR
14195,CON-RES-1981-293,538,10844,REPAIR
14197,CON-RES-1981-234,539,139622,REPAIR
14198,CON-RES-1981-268,540,10828,REPAIR
14199,CON-RES-1981-257,541,10821,REPAIR
14200,CON-RES-1981-276,542,10833,REPAIR
14201,CON-RES-1981-294,543,10845,REPAIR
14202,CON-RES-1981-335,544,10876,REPAIR
14203,CON-RES-1981-328,545,,"SKIP: OP/TOT relationship"
14204,CON-RES-1981-246,546,10816,REPAIR
14205,CON-RES-1981-174,547,137644,REPAIR
14206,CON-RES-1981-345,548,10884,REPAIR
14207,CON-COM-1981-62,549,7704,REPAIR
14208,CON-RES-1981-272,550,139833,REPAIR
14209,CON-RES-1981-286,551,10837,REPAIR
14210,CON-RES-1981-221,552,10802,REPAIR
14211,CON-RES-1981-284,553,10836,REPAIR
14212,CON-RES-1981-252,554,10819,REPAIR
14213,CON-RES-1981-220,555,10801,REPAIR
14214,CON-RES-1981-262,556,139766,REPAIR
14215,CON-RES-1981-173,557,137637,REPAIR
14216,CON-RES-1981-224,558,10805,REPAIR
14217,CON-RES-1981-202,559,121734,REPAIR
14218,CON-RES-1981-298,560,139925,REPAIR
14219,CON-RES-1981-219,561,10799,REPAIR
14221,CON-RES-1981-281,563,139889,REPAIR
14222,CON-RES-1981-225,564,10806,REPAIR
14223,CON-RES-1981-229,565,139596,REPAIR
14224,CON-RES-1981-222,566,10803,REPAIR
14225,CON-RES-1981-223,567,10804,REPAIR
14226,CON-RES-1981-127,568,138214,REPAIR
14227,CON-RES-1981-131,569,138234,REPAIR
14229,CON-RES-1981-107,571,137977,REPAIR
14230,CON-RES-1981-104,572,10734,REPAIR
14232,CON-RES-1981-124,574,10745,REPAIR
14233,CON-RES-1981-105,575,10735,REPAIR
14234,CON-RES-1981-126,576,10747,REPAIR
14235,CON-RES-1981-23,577,136095,REPAIR
14236,CON-RES-1981-108,578,10737,REPAIR
14237,CON-RES-1981-101,579,10732,REPAIR
14238,CON-RES-1981-29,580,10841,REPAIR
14239,CON-RES-1981-4,581,135992,REPAIR
14240,CON-RES-1981-130,582,10748,REPAIR
14241,CON-RES-1981-109,583,138361,REPAIR
14242,CON-RES-1981-110,584,138347,REPAIR
14243,CON-RES-1981-116,585,10741,REPAIR
14244,CON-RES-1981-117,586,138445,REPAIR
14245,CON-RES-1981-22,587,10800,REPAIR
14246,CON-RES-1981-254,588,139741,REPAIR
14247,CON-RES-1981-280,589,139887,REPAIR
14248,CON-RES-1981-258,590,139749,REPAIR
14249,CON-RES-1981-296,591,139920,REPAIR
14250,CON-RES-1981-264,592,139785,REPAIR
14251,CON-RES-1981-344,593,10883,REPAIR
14252,CON-RES-1981-289,594,,"SKIP: OP/TOT relationship"
14253,CON-RES-1981-256,595,139746,REPAIR
14254,CON-RES-1981-255,596,139743,REPAIR
14257,RES-1981-270,598,27285,REPAIR
14258,RES-1981-271,599,,"SKIP: OP/TOT relationship"
14259,RES-1981-274,600,27289,REPAIR
14260,RES-1981-275,601,27290,REPAIR
14261,RES-1981-277,602,,"SKIP: OP/TOT relationship"
14262,RES-1981-272,603,,"SKIP: OP/TOT relationship"
14263,RES-1981-278,604,27292,REPAIR
14264,RES-1981-280,605,,"SKIP: OP/TOT relationship"
14265,RES-1981-282,606,27298,REPAIR
14266,RES-1981-283,607,,"SKIP: OP/TOT relationship"
14268,RES-1981-286,609,,"SKIP: OP/TOT relationship"
14269,RES-1981-287,610,27302,REPAIR
14270,RES-1981-288,611,27303,REPAIR
14271,RES-1981-289,612,27304,REPAIR
14272,RES-1981-290,613,,"SKIP: OP/TOT relationship"
14273,RES-1981-292,614,,"SKIP: OP/TOT relationship"
14274,RES-1981-295,615,27311,REPAIR
14275,RES-1981-297,616,,"SKIP: OP/TOT relationship"
14276,RES-1981-298,617,,"SKIP: OP/TOT relationship"
14277,RES-1981-299,618,27314,REPAIR
14279,RES-1981-301,620,27317,REPAIR
14280,RES-1981-302,621,27318,REPAIR
14281,RES-1981-303,622,27319,REPAIR
14282,RES-1981-304,623,27320,REPAIR
14283,RES-1981-306,624,,"SKIP: OP/TOT relationship"
14284,RES-1981-307,625,,"SKIP: OP/TOT relationship"
14285,RES-1981-308,626,,"SKIP: OP/TOT relationship"
14286,RES-1981-309,627,27324,REPAIR
14287,RES-1981-310,628,27326,REPAIR
14288,RES-1981-311,629,27327,REPAIR
14289,RES-1981-312,630,27328,REPAIR
14290,RES-1981-313,631,27329,REPAIR
14292,RES-1981-315,633,27330,REPAIR
14293,RES-1981-316,634,,"SKIP: OP/TOT relationship"
14294,RES-1981-317,635,27332,REPAIR
14295,RES-1981-318,636,27333,REPAIR
14296,RES-1981-319,637,,"SKIP: OP/TOT relationship"
14297,RES-1981-320,638,27336,REPAIR
14298,RES-1981-321,639,27337,REPAIR
14299,RES-1981-322,640,,"SKIP: OP/TOT relationship"
14300,RES-1981-325,641,27341,REPAIR
14301,RES-1981-323,642,27339,REPAIR
14302,RES-1981-326,643,,"SKIP: OP/TOT relationship"
14303,RES-1981-327,644,27343,REPAIR
14304,RES-1981-328,645,27344,REPAIR
14305,RES-1981-330,646,27346,REPAIR
14306,RES-1981-331,647,27347,REPAIR
14307,RES-1981-332,648,27348,REPAIR
14308,RES-1981-333,649,,"SKIP: referenced as parent_prop_id"
14309,RES-1981-334,650,27350,REPAIR
14310,RES-1981-336,651,27351,REPAIR
14311,RES-1981-337,652,27352,REPAIR
14312,RES-1981-338,653,27353,REPAIR
14313,RES-1981-342,654,27355,REPAIR
14314,RES-1981-344,655,27357,REPAIR
14315,RES-1981-345,656,27358,REPAIR
14316,RES-1981-348,657,,"SKIP: OP/TOT relationship"
14317,RES-1981-350,658,27363,REPAIR
14318,RES-1981-351,659,,"SKIP: OP/TOT relationship"
14319,RES-1981-352,660,,"SKIP: OP/TOT relationship"
14320,RES-1981-354,661,,"SKIP: OP/TOT relationship"
14321,RES-1981-355,662,27367,REPAIR
14322,RES-1981-356,663,27368,REPAIR
14323,RES-1981-357,664,,"SKIP: referenced as parent_prop_id"
14324,RES-1981-359,665,27371,REPAIR
14325,RES-1981-360,666,,"SKIP: OP/TOT relationship"
14326,RES-1981-362,667,27375,REPAIR
14327,RES-1981-363,668,,"SKIP: OP/TOT relationship"
14328,RES-1981-364,669,27377,REPAIR
14329,RES-1981-365,670,,"SKIP: OP/TOT relationship"
14330,RES-1981-368,671,27380,REPAIR
14331,RES-1981-370,672,,"SKIP: OP/TOT relationship"
14332,RES-1981-723,673,27690,REPAIR
14333,RES-1981-724,674,27691,REPAIR
14334,RES-1981-725,675,27692,REPAIR
14335,RES-1981-726,676,27693,REPAIR
14336,RES-1981-730,677,27697,REPAIR
14337,RES-1981-733,678,,"SKIP: OP/TOT relationship"
14338,RES-1981-734,679,,"SKIP: OP/TOT relationship"
14339,RES-1981-737,680,27701,REPAIR
14340,RES-1981-743,681,27705,REPAIR
14341,RES-1981-746,682,27706,REPAIR
14342,RES-1981-750,683,27708,REPAIR
14343,RES-1981-751,684,27709,REPAIR
14344,RES-1981-752,685,27710,REPAIR
14345,RES-1981-754,686,27712,REPAIR
14346,RES-1981-755,687,27713,REPAIR
14347,RES-1981-759,688,27714,REPAIR
14348,RES-1981-766,689,27720,REPAIR
14349,RES-1981-768,690,,"SKIP: OP/TOT relationship"
14350,RES-1981-770,691,27724,REPAIR
14351,RES-1981-772,692,27726,REPAIR
14352,RES-1981-773,693,,"SKIP: OP/TOT relationship"
14353,RES-1981-774,694,27728,REPAIR
14354,RES-1981-792,695,27743,REPAIR
14355,RES-1981-798,696,27749,REPAIR
14356,RES-1992-813,697,40815,REPAIR
14357,RES-1992-791,698,40800,REPAIR
14358,RES-1992-800,699,,"SKIP: OP/TOT relationship"
14359,RES-1992-883,700,,"SKIP: OP/TOT relationship"
14360,RES-1992-824,701,,"SKIP: OP/TOT relationship"
14361,RES-1992-810,702,,"SKIP: referenced as parent_prop_id"
14362,RES-1992-811,703,,"SKIP: OP/TOT relationship"
14363,RES-1992-715,704,40660,REPAIR
14364,RES-1992-1305,705,,"SKIP: OP/TOT relationship"
14365,RES-1992-854,706,40842,REPAIR
14366,RES-1992-861,707,40849,REPAIR
14367,RES-1992-860,708,40848,REPAIR
14368,RES-1992-859,709,40847,REPAIR
14369,RES-1992-862,710,40850,REPAIR
14370,RES-1992-866,711,40854,REPAIR
14372,RES-1992-870,713,40863,REPAIR
14374,RES-1992-875,715,40866,REPAIR
14375,RES-1992-877,716,40869,REPAIR
14376,RES-1992-878,717,40870,REPAIR
14377,RES-1992-879,718,40871,REPAIR
14378,RES-1992-886,719,40878,REPAIR
14379,RES-1992-881,720,40873,REPAIR
14381,RES-1992-887,722,40879,REPAIR
14383,RES-1992-895,724,40883,REPAIR
14385,RES-1992-897,726,167749,REPAIR
14387,RES-1992-899,728,40884,REPAIR
14388,RES-1992-900,729,40885,REPAIR
14393,RES-1992-627,734,40305,REPAIR
14394,RES-1992-673,735,40456,REPAIR
14395,RES-1992-675,736,40471,REPAIR
14396,RES-1992-679,737,40491,REPAIR
14397,RES-1992-680,738,40493,REPAIR
14398,RES-1992-807,739,40810,REPAIR
14399,RES-1992-815,740,40817,REPAIR
14400,RES-1992-816,741,40818,REPAIR
14401,RES-1992-817,742,40819,REPAIR
14402,RES-1992-820,743,40822,REPAIR
14403,RES-1992-821,744,40823,REPAIR
14404,RES-1992-823,745,40824,REPAIR
14405,RES-1992-826,746,40826,REPAIR
14407,RES-1992-835,748,40830,REPAIR
14408,RES-1992-847,749,40835,REPAIR
14409,RES-1992-848,750,40836,REPAIR
14410,RES-1992-850,751,40838,REPAIR
14411,RES-1992-851,752,40839,REPAIR
14412,RES-1992-852,753,40840,REPAIR
14413,RES-1992-853,754,40841,REPAIR
14414,RES-1992-856,755,40844,REPAIR
14415,RES-1992-857,756,40845,REPAIR
14416,RES-1992-858,757,40846,REPAIR
14417,RES-1992-873,758,40864,REPAIR
14421,RES-1992-743,762,40750,REPAIR
14422,RES-1992-751,763,40780,REPAIR
14424,RES-1992-763,765,40785,REPAIR
14426,RES-1992-767,767,40786,REPAIR
14427,RES-1992-768,768,40787,REPAIR
14428,RES-1992-769,769,40788,REPAIR
14429,RES-1992-771,770,40789,REPAIR
14430,RES-1992-772,771,40790,REPAIR
14432,RES-1992-779,772,40793,REPAIR
14433,RES-1992-788,773,40797,REPAIR
14435,RES-1992-786,775,40795,REPAIR
14436,RES-1992-787,776,40796,REPAIR
14437,RES-1992-790,777,40799,REPAIR
14438,RES-1992-792,778,40801,REPAIR
14439,RES-1992-793,779,40802,REPAIR
14440,RES-1992-704,780,40612,REPAIR
14441,RES-1992-709,781,40636,REPAIR
14442,RES-1992-1302,782,38536,REPAIR
14443,RES-1992-1303,783,38537,REPAIR
14444,RES-1992-1306,784,38540,REPAIR
14445,RES-1992-1307,785,38541,REPAIR
14446,RES-1992-1308,786,38542,REPAIR
14449,CON-RES-1981-523,789,10971,REPAIR
14450,CON-RES-1981-3,790,10848,REPAIR
14451,CON-RES-1981-539,791,166743,REPAIR
14452,CON-RES-1981-210,792,,"SKIP: OP/TOT relationship"
14453,CON-RES-1981-211,793,139413,REPAIR
14458,CON-RES-1981-501,798,10959,REPAIR
14459,CON-RES-1981-524,799,10972,REPAIR
14460,CON-RES-1981-541,800,10981,REPAIR
14461,CON-RES-1981-548,801,10986,REPAIR
14463,CON-RES-1981-579,803,11002,REPAIR
14465,CON-RES-1981-550,805,10988,REPAIR
14466,CON-RES-1981-534,806,10978,REPAIR
14468,CON-RES-1981-547,808,10985,REPAIR
14469,CON-RES-1981-594,809,,"SKIP: OP/TOT relationship"
14470,CON-RES-1981-546,810,10984,REPAIR
14471,CON-RES-1981-544,811,166776,REPAIR
14472,CON-RES-1981-538,812,10979,REPAIR
14473,CON-RES-1981-532,813,10976,REPAIR
14476,CON-RES-1981-545,816,10983,REPAIR
14478,CON-RES-1981-580,818,11003,REPAIR
14479,CON-RES-1981-578,819,,"SKIP: OP/TOT relationship"
14480,CON-RES-1981-575,820,10999,REPAIR
14481,CON-RES-1981-570,821,,"SKIP: OP/TOT relationship"
14482,CON-RES-1981-509,822,10964,REPAIR
14483,CON-RES-1981-588,823,11008,REPAIR
14485,CON-RES-1981-506,825,10962,REPAIR
14488,CON-RES-1981-149,828,10756,REPAIR
14489,CON-RES-1981-552,829,10989,REPAIR
14492,CON-RES-1981-595,832,11013,REPAIR
14493,CON-RES-1981-590,833,11009,REPAIR
14494,CON-RES-1981-591,834,11010,REPAIR
14497,CON-RES-1981-581,837,11004,REPAIR
14499,CON-RES-1981-393,839,10911,REPAIR
14501,CON-RES-1981-521,841,10969,REPAIR
14502,CON-RES-1981-527,842,10974,REPAIR
14503,CON-RES-1981-516,843,166969,REPAIR
14504,CON-RES-1981-565,844,10994,REPAIR
14505,CON-RES-1981-120,845,138463,REPAIR
14508,CON-RES-1981-1,848,135964,REPAIR
14509,CON-RES-1981-392,849,10910,REPAIR
14510,CON-RES-1981-567,850,10995,REPAIR
14512,CON-RES-1981-517,852,10966,REPAIR
14515,CON-RES-1981-505,855,10961,REPAIR
14516,CON-RES-1981-503,856,166638,REPAIR
14517,CON-RES-1981-530,857,10975,REPAIR
14518,CON-RES-1981-121,858,10742,REPAIR
14519,CON-RES-1981-213,859,139426,REPAIR
14520,CON-RES-1981-214,860,10795,REPAIR
14521,CON-RES-1981-119,861,138459,REPAIR
14522,CON-RES-1981-566,862,167472,REPAIR
14523,CON-RES-1981-557,863,10990,REPAIR
14524,CON-RES-1981-568,864,10996,REPAIR
14525,CON-RES-1981-564,865,10993,REPAIR
14528,CON-RES-1981-522,868,10970,REPAIR
14529,CON-RES-1981-520,869,167099,REPAIR
14530,CON-RES-1981-525,870,10973,REPAIR
14531,CON-RES-1981-518,871,10967,REPAIR
14532,CON-RES-1981-562,872,10991,REPAIR
14533,CON-RES-1981-587,873,11007,REPAIR
14534,CON-RES-1981-549,874,10987,REPAIR
14535,CON-RES-1981-31,875,10858,REPAIR
14536,CON-RES-1981-30,876,,"SKIP: OP/TOT relationship"
14537,CON-RES-1981-25,877,10818,REPAIR
14538,CON-RES-1981-122,878,10743,REPAIR
14539,CON-RES-1981-125,879,,"SKIP: OP/TOT relationship"
14540,CON-RES-1981-6,880,136026,REPAIR
14541,CON-RES-1981-7,881,11031,REPAIR
14542,CON-RES-1981-24,882,10812,REPAIR
14543,CON-RES-1981-34,883,10880,REPAIR
14544,CON-RES-1981-106,884,10736,REPAIR
14548,RES-1981-252,888,27267,REPAIR
14550,RES-1981-503,890,27505,REPAIR
14551,RES-1981-504,891,,"SKIP: OP/TOT relationship"
14553,RES-1981-508,893,,"SKIP: OP/TOT relationship"
14554,RES-1981-502,894,27504,REPAIR
14555,RES-1981-506,895,27507,REPAIR
14556,RES-1981-509,896,27510,REPAIR
14557,RES-1981-510,897,27512,REPAIR
14558,RES-1981-511,898,27513,REPAIR
14559,RES-1981-512,899,27514,REPAIR
14560,RES-1981-514,900,,"SKIP: OP/TOT relationship"
14561,RES-1981-517,901,,"SKIP: OP/TOT relationship"
14562,RES-1981-213,902,27228,REPAIR
14563,RES-1981-515,903,,"SKIP: OP/TOT relationship"
14564,RES-1981-525,904,,"SKIP: OP/TOT relationship"
14565,RES-1981-523,905,27525,REPAIR
14566,RES-1981-528,906,27530,REPAIR
14567,RES-1981-518,907,27520,REPAIR
14568,RES-1981-530,908,27533,REPAIR
14569,RES-1981-531,909,27534,REPAIR
14571,RES-1981-533,911,27535,REPAIR
14572,RES-1981-529,912,27531,REPAIR
14573,RES-1981-534,913,27536,REPAIR
14574,RES-1981-535,914,27537,REPAIR
14575,RES-1981-536,915,27538,REPAIR
14576,RES-1981-537,916,27539,REPAIR
14577,RES-1981-539,917,,"SKIP: OP/TOT relationship"
14578,RES-1981-540,918,27542,REPAIR
14579,RES-1981-541,919,,"SKIP: OP/TOT relationship"
14580,RES-1981-542,920,27544,REPAIR
14581,RES-1981-546,921,27546,REPAIR
14582,RES-1981-547,922,27547,REPAIR
14583,RES-1981-548,923,,"SKIP: OP/TOT relationship"
14584,RES-1981-632,924,,"SKIP: OP/TOT relationship"
14585,RES-1981-600,925,27596,REPAIR
14586,RES-1981-602,926,,"SKIP: OP/TOT relationship"
14587,RES-1981-604,927,27600,REPAIR
14588,RES-1981-605,928,27601,REPAIR
14589,RES-1981-606,929,,"SKIP: OP/TOT relationship"
14590,RES-1981-607,930,27603,REPAIR
14591,RES-1981-608,931,27604,REPAIR
14592,RES-1981-609,932,27605,REPAIR
14594,RES-1981-611,934,,"SKIP: OP/TOT relationship"
14595,RES-1981-612,935,27608,REPAIR
14596,RES-1981-616,936,27610,REPAIR
14597,RES-1981-617,937,27611,REPAIR
14598,RES-1981-618,938,27612,REPAIR
14599,RES-1981-619,939,27613,REPAIR
14600,RES-1981-622,940,,"SKIP: referenced as parent_prop_id"
14601,RES-1981-628,941,27619,REPAIR
14602,RES-1981-630,942,27622,REPAIR
14603,RES-1981-634,943,27625,REPAIR
14604,RES-1981-636,944,27626,REPAIR
14605,RES-1981-640,945,27628,REPAIR
14606,RES-1981-641,946,27629,REPAIR
14607,RES-1981-642,947,,"SKIP: OP/TOT relationship"
14608,RES-1981-643,948,27631,REPAIR
14609,RES-1981-644,949,27632,REPAIR
14610,RES-1981-645,950,27633,REPAIR
14612,RES-1981-682,952,27660,REPAIR
14613,RES-1981-653,953,27637,REPAIR
14614,RES-1981-656,954,27638,REPAIR
14615,RES-1981-658,955,27639,REPAIR
14616,RES-1981-659,956,27640,REPAIR
14617,RES-1981-660,957,27642,REPAIR
14618,RES-1981-662,958,27643,REPAIR
14619,RES-1981-663,959,,"SKIP: OP/TOT relationship"
14620,RES-1981-665,960,,"SKIP: OP/TOT relationship"
14621,RES-1981-666,961,27646,REPAIR
14622,RES-1981-669,962,27648,REPAIR
14623,RES-1981-670,963,27650,REPAIR
14624,RES-1981-673,964,27652,REPAIR
14625,RES-1981-675,965,27654,REPAIR
14626,RES-1981-676,966,27655,REPAIR
14628,RES-1981-677,967,27656,REPAIR
14629,RES-1981-679,968,27657,REPAIR
14630,RES-1981-680,969,27658,REPAIR
14631,RES-1981-681,970,,"SKIP: OP/TOT relationship"
14632,RES-1981-684,971,27661,REPAIR
14633,RES-1981-686,972,27663,REPAIR
14634,RES-1981-687,973,27664,REPAIR
14635,RES-1981-689,974,27665,REPAIR
14636,RES-1981-691,975,27667,REPAIR
14637,RES-1981-693,976,27668,REPAIR
14638,RES-1981-694,977,,"SKIP: OP/TOT relationship"
14639,RES-1981-698,978,27671,REPAIR
14640,RES-1981-699,979,,"SKIP: OP/TOT relationship"
14641,RES-1981-701,980,27675,REPAIR
14642,RES-1981-702,981,27676,REPAIR
14643,RES-1981-703,982,,"SKIP: OP/TOT relationship"
14644,RES-1981-705,983,27679,REPAIR
14645,RES-1981-708,984,,"SKIP: OP/TOT relationship"
14646,RES-1981-709,985,27682,REPAIR
14649,RES-1992-952,988,40929,REPAIR
14650,RES-1992-953,989,40930,REPAIR
14651,RES-1992-954,990,40931,REPAIR
14652,RES-1992-959,991,40936,REPAIR
14653,RES-1992-960,992,40938,REPAIR
14654,RES-1992-961,993,40939,REPAIR
14655,RES-1992-962,994,40940,REPAIR
14656,RES-1992-963,995,40941,REPAIR
14660,RES-1992-967,999,40942,REPAIR
14661,RES-1992-968,1000,40943,REPAIR
14662,RES-1992-969,1001,40944,REPAIR
14663,RES-1992-970,1002,40945,REPAIR
14664,RES-1992-971,1003,40946,REPAIR
14665,RES-1992-973,1004,40948,REPAIR
14666,RES-1992-974,1005,,"SKIP: OP/TOT relationship"
14668,RES-1992-978,1007,40952,REPAIR
14669,RES-1992-979,1008,40953,REPAIR
14670,RES-1992-980,1009,40954,REPAIR
14672,RES-1992-982,1011,,"SKIP: OP/TOT relationship"
14673,RES-1992-984,1012,40957,REPAIR
14675,RES-1992-986,1014,40958,REPAIR
14676,RES-1992-987,1015,,"SKIP: OP/TOT relationship"
14677,RES-1992-988,1016,40960,REPAIR
14678,RES-1992-989,1017,,"SKIP: OP/TOT relationship"
14679,RES-1992-990,1018,,"SKIP: OP/TOT relationship"
14680,RES-1992-991,1019,,"SKIP: OP/TOT relationship"
14681,RES-1992-992,1020,,"SKIP: OP/TOT relationship"
14682,RES-1992-993,1021,40965,REPAIR
14683,RES-1992-994,1022,40966,REPAIR
14684,RES-1992-996,1023,40968,REPAIR
14685,RES-1992-999,1024,40971,REPAIR
14686,RES-1992-1000,1025,38317,REPAIR
14687,RES-1992-1008,1026,38318,REPAIR
14688,RES-1992-1018,1027,38320,REPAIR
14689,RES-1992-1019,1028,38321,REPAIR
14690,RES-1992-1020,1029,38322,REPAIR
14691,RES-1992-1024,1030,38326,REPAIR
14693,RES-1992-1029,1032,38329,REPAIR
14694,RES-1992-1030,1033,38330,REPAIR
14695,RES-1992-1031,1034,38331,REPAIR
14696,RES-1992-1032,1035,38332,REPAIR
14697,RES-1992-1033,1036,38333,REPAIR
14699,RES-1992-1035,1038,38334,REPAIR
14700,RES-1992-1036,1039,38335,REPAIR
14701,RES-1992-1037,1040,,"SKIP: referenced as parent_prop_id"
14702,RES-1992-1039,1041,38338,REPAIR
14703,RES-1992-1040,1042,38339,REPAIR
14705,RES-1992-1044,1044,38340,REPAIR
14706,RES-1992-1045,1045,38341,REPAIR
14707,RES-1992-1046,1046,38342,REPAIR
14708,RES-1992-1047,1047,38343,REPAIR
14709,RES-1992-1048,1048,38344,REPAIR
14710,RES-1992-1049,1049,38345,REPAIR
14711,RES-1992-1050,1050,38346,REPAIR
14712,RES-1992-1052,1051,38348,REPAIR
14713,RES-1992-1053,1052,38349,REPAIR
14716,RES-1992-1066,1055,38353,REPAIR
14717,RES-1992-1071,1056,38356,REPAIR
14719,RES-1992-1075,1058,38358,REPAIR
14720,RES-1992-1076,1059,38359,REPAIR
14722,RES-1992-1083,1061,38363,REPAIR
14723,RES-1992-1084,1062,38364,REPAIR
14724,RES-1992-1085,1063,38365,REPAIR
14725,RES-1992-1086,1064,38366,REPAIR
14726,RES-1992-1087,1065,38367,REPAIR
14727,RES-1992-1088,1066,38368,REPAIR
14728,RES-1992-1089,1067,38369,REPAIR
14729,RES-1992-1090,1068,38371,REPAIR
14730,RES-1992-1091,1069,38372,REPAIR
14731,RES-1992-1092,1070,38373,REPAIR
14732,RES-1992-1093,1071,38374,REPAIR
14733,RES-1992-1094,1072,38375,REPAIR
14734,RES-1992-1095,1073,38376,REPAIR
14735,RES-1992-1096,1074,,"SKIP: OP/TOT relationship"
14736,RES-1992-1097,1075,38378,REPAIR
14737,RES-1992-1098,1076,38379,REPAIR
14738,RES-1992-1354,1077,,"SKIP: OP/TOT relationship"
14739,RES-1992-1390,1078,38617,REPAIR
14740,RES-1992-1391,1079,38618,REPAIR
14741,RES-1992-1392,1080,38619,REPAIR
14743,RES-1992-1395,1082,38621,REPAIR
14744,RES-1992-1396,1083,38622,REPAIR
14745,RES-1992-1397,1084,,"SKIP: OP/TOT relationship"
14746,RES-1992-1399,1085,38625,REPAIR
14747,RES-1981-376,1086,27388,REPAIR
14748,RES-1981-377,1087,27389,REPAIR
14749,RES-1981-378,1088,27390,REPAIR
14750,RES-1981-379,1089,27391,REPAIR
14751,RES-1981-381,1090,,"SKIP: OP/TOT relationship"
14752,RES-1981-382,1091,27395,REPAIR
14753,RES-1981-384,1092,27397,REPAIR
14754,RES-1981-385,1093,,"SKIP: OP/TOT relationship"
14755,RES-1981-386,1094,,"SKIP: OP/TOT relationship"
14756,RES-1981-387,1095,27400,REPAIR
14757,RES-1981-388,1096,27401,REPAIR
14758,RES-1981-389,1097,27402,REPAIR
14759,RES-1981-390,1098,,"SKIP: OP/TOT relationship"
14760,RES-1981-394,1099,27406,REPAIR
14762,RES-1981-398,1101,27409,REPAIR
14763,RES-1981-399,1102,,"SKIP: OP/TOT relationship"
14764,RES-1981-400,1103,,"SKIP: OP/TOT relationship"
14765,RES-1981-401,1104,27414,REPAIR
14766,RES-1981-402,1105,,"SKIP: referenced as parent_prop_id"
14767,RES-1981-403,1106,,"SKIP: OP/TOT relationship"
14768,RES-1981-406,1107,27419,REPAIR
14769,RES-1981-407,1108,27420,REPAIR
14770,RES-1981-408,1109,27421,REPAIR
14771,RES-1981-411,1110,27424,REPAIR
14772,RES-1981-412,1111,,"SKIP: referenced as parent_prop_id"
14773,RES-1981-413,1112,27426,REPAIR
14774,RES-1981-416,1113,,"SKIP: OP/TOT relationship"
14775,RES-1981-420,1114,,"SKIP: OP/TOT relationship"
14776,RES-1981-421,1115,,"SKIP: OP/TOT relationship"
14777,RES-1981-422,1116,,"SKIP: OP/TOT relationship"
14778,RES-1981-425,1117,27433,REPAIR
14779,RES-1981-426,1118,,"SKIP: OP/TOT relationship"
14780,RES-1981-427,1119,27435,REPAIR
14781,RES-1981-428,1120,27436,REPAIR
14782,RES-1981-431,1121,,"SKIP: OP/TOT relationship"
14783,RES-1981-434,1122,27443,REPAIR
14784,RES-1981-436,1123,27445,REPAIR
14785,RES-1981-437,1124,,"SKIP: OP/TOT relationship"
14786,RES-1981-441,1125,,"SKIP: OP/TOT relationship"
14787,RES-1981-443,1126,27453,REPAIR
14788,RES-1981-445,1127,,"SKIP: OP/TOT relationship"
14789,RES-1981-446,1128,27456,REPAIR
14790,RES-1981-447,1129,,"SKIP: OP/TOT relationship"
14791,RES-1981-448,1130,,"SKIP: OP/TOT relationship"
14792,RES-1981-449,1131,27459,REPAIR
14793,RES-1981-450,1132,27460,REPAIR
14794,RES-1981-452,1133,27461,REPAIR
14795,RES-1981-453,1134,27462,REPAIR
14797,RES-1981-455,1136,27463,REPAIR
14798,RES-1981-456,1137,27464,REPAIR
14799,RES-1981-457,1138,27465,REPAIR
14800,RES-1981-458,1139,27466,REPAIR
14801,RES-1981-461,1140,27469,REPAIR
14802,RES-1981-462,1141,27470,REPAIR
14803,RES-1981-464,1142,27471,REPAIR
14804,RES-1981-465,1143,27472,REPAIR
14805,RES-1981-468,1144,,"SKIP: OP/TOT relationship"
14806,RES-1981-469,1145,,"SKIP: OP/TOT relationship"
14807,RES-1981-470,1146,,"SKIP: OP/TOT relationship"
14808,RES-1981-477,1147,27479,REPAIR
14809,RES-1981-480,1148,27483,REPAIR
14810,RES-1981-481,1149,,"SKIP: OP/TOT relationship"
14811,RES-1981-482,1150,27485,REPAIR
14812,RES-1981-484,1151,,"SKIP: OP/TOT relationship"
14813,RES-1981-487,1152,27489,REPAIR
14814,RES-1981-490,1153,27492,REPAIR
14815,RES-1981-491,1154,27493,REPAIR
14817,RES-1981-494,1156,27496,REPAIR
14818,RES-1981-497,1157,,"SKIP: OP/TOT relationship"
14819,RES-1981-499,1158,27500,REPAIR
14820,RES-1981-500,1159,27503,REPAIR
14821,RES-1981-551,1160,27551,REPAIR
14822,RES-1981-556,1161,27554,REPAIR
14823,RES-1981-557,1162,27555,REPAIR
14824,RES-1981-558,1163,27556,REPAIR
14825,RES-1981-561,1164,27560,REPAIR
14826,RES-1981-564,1165,,"SKIP: OP/TOT relationship"
14827,RES-1981-566,1166,27563,REPAIR
14828,RES-1981-567,1167,27564,REPAIR
14829,RES-1981-568,1168,27565,REPAIR
14830,RES-1981-570,1169,,"SKIP: OP/TOT relationship"
14831,RES-1981-571,1170,27568,REPAIR
14832,RES-1981-573,1171,27570,REPAIR
14833,RES-1981-574,1172,,"SKIP: OP/TOT relationship"
14834,RES-1981-577,1173,,"SKIP: OP/TOT relationship"
14835,RES-1981-578,1174,,"SKIP: OP/TOT relationship"
14836,RES-1981-579,1175,27575,REPAIR
14837,RES-1981-580,1176,27577,REPAIR
14838,RES-1981-583,1177,,"SKIP: OP/TOT relationship"
14839,RES-1981-584,1178,27579,REPAIR
14840,RES-1981-585,1179,,"SKIP: OP/TOT relationship"
14841,RES-1981-590,1180,27584,REPAIR
14842,RES-1981-591,1181,,"SKIP: OP/TOT relationship"
14843,RES-1981-592,1182,27586,REPAIR
14844,RES-1981-593,1183,27587,REPAIR
14845,RES-1981-595,1184,27589,REPAIR
14846,RES-1981-598,1185,27592,REPAIR
14847,RES-1992-1499,1186,38685,REPAIR
14848,RES-1992-1500,1187,38686,REPAIR
14849,RES-1992-901,1188,,"SKIP: OP/TOT relationship"
14850,RES-1992-910,1189,40894,REPAIR
14851,RES-1992-911,1190,40895,REPAIR
14852,RES-1992-912,1191,40896,REPAIR
14853,RES-1992-903,1192,40889,REPAIR
14855,RES-1992-907,1194,40892,REPAIR
14857,RES-1992-914,1196,40898,REPAIR
14858,RES-1992-916,1197,40900,REPAIR
14859,RES-1992-919,1198,40903,REPAIR
14860,RES-1992-921,1199,40904,REPAIR
14861,RES-1992-927,1200,,"SKIP: OP/TOT relationship"
14862,RES-1992-928,1201,40911,REPAIR
14863,RES-1992-1311,1202,38543,REPAIR
14864,RES-1992-1312,1203,38544,REPAIR
14865,RES-1992-1313,1204,38545,REPAIR
14866,RES-1992-1315,1205,38547,REPAIR
14867,RES-1992-938,1206,40921,REPAIR
14868,RES-1992-939,1207,40922,REPAIR
14869,RES-1992-923,1208,40906,REPAIR
14870,RES-1992-925,1209,40907,REPAIR
14871,RES-1992-926,1210,,"SKIP: referenced as parent_prop_id"
14872,RES-1992-933,1211,40916,REPAIR
14873,RES-1992-936,1212,40919,REPAIR
14874,RES-1992-937,1213,40920,REPAIR
14875,RES-1992-1316,1214,38548,REPAIR
14876,RES-1992-1317,1215,38549,REPAIR
14877,RES-1992-1318,1216,38550,REPAIR
14880,RES-1992-1321,1219,38551,REPAIR
14881,RES-1992-1322,1220,38552,REPAIR
14882,RES-1992-1099,1221,38380,REPAIR
14883,RES-1992-1324,1222,38554,REPAIR
14884,RES-1992-1327,1223,38557,REPAIR
14885,RES-1992-1328,1224,38558,REPAIR
14886,RES-1992-1329,1225,38559,REPAIR
14887,RES-1992-1330,1226,38560,REPAIR
14888,RES-1992-1331,1227,38561,REPAIR
14889,RES-1992-1332,1228,38562,REPAIR
14890,RES-1992-1335,1229,38565,REPAIR
14891,RES-1992-929,1230,40912,REPAIR
14892,RES-1992-930,1231,40914,REPAIR
14894,RES-1992-932,1233,,"SKIP: OP/TOT relationship"
14895,RES-1992-935,1234,40918,REPAIR
14896,RES-1992-940,1235,40924,REPAIR
14897,RES-1992-941,1236,40925,REPAIR
14898,RES-1992-942,1237,40926,REPAIR
14899,RES-1992-1371,1238,38597,REPAIR
14900,RES-1992-1372,1239,38598,REPAIR
14901,RES-1992-1373,1240,38599,REPAIR
14902,RES-1992-1374,1241,,"SKIP: OP/TOT relationship"
14903,RES-1992-1375,1242,38601,REPAIR
14904,RES-1992-1377,1243,38604,REPAIR
14905,RES-1992-1378,1244,38605,REPAIR
14906,RES-1992-1379,1245,38606,REPAIR
14907,RES-1992-1380,1246,38607,REPAIR
14908,RES-1992-1358,1247,,"SKIP: OP/TOT relationship"
14909,RES-1992-1381,1248,38608,REPAIR
14910,RES-1992-1382,1249,38609,REPAIR
14911,RES-1992-1383,1250,38610,REPAIR
14912,RES-1992-1385,1251,38611,REPAIR
14913,RES-1992-1386,1252,38612,REPAIR
14914,RES-1992-1387,1253,38613,REPAIR
14915,RES-1992-1388,1254,38614,REPAIR
14916,RES-1992-1389,1255,38615,REPAIR
14917,RES-1992-1355,1256,,"SKIP: OP/TOT relationship"
14918,RES-1992-1347,1257,,"SKIP: OP/TOT relationship"
14919,RES-1992-1336,1258,38566,REPAIR
14920,RES-1992-1338,1259,38568,REPAIR
14921,RES-1992-1340,1260,38569,REPAIR
14922,RES-1992-1343,1261,38572,REPAIR
14923,RES-1992-1348,1262,38577,REPAIR
14924,RES-1992-1349,1263,38578,REPAIR
14926,RES-1992-1351,1265,38579,REPAIR
14927,RES-1992-1352,1266,38580,REPAIR
14929,RES-1992-1344,1268,38573,REPAIR
14930,RES-1992-1356,1269,38583,REPAIR
14931,RES-1992-1359,1270,38585,REPAIR
14932,RES-1992-1361,1271,38588,REPAIR
14933,RES-1992-1366,1272,38592,REPAIR
14934,RES-1992-1365,1273,38591,REPAIR
14935,RES-1992-1363,1274,38590,REPAIR
14936,CON-RES-1981-87,1275,11044,REPAIR
14939,CON-RES-1981-64,1278,11029,REPAIR
14940,CON-RES-1981-100,1279,10731,REPAIR
14941,CON-RES-1981-63,1280,136956,REPAIR
14943,CON-RES-1981-59,1282,136603,REPAIR
14944,CON-RES-1981-86,1283,11043,REPAIR
14945,CON-RES-1981-54,1284,10980,REPAIR
14946,CON-RES-1981-88,1285,11045,REPAIR
14947,CON-RES-1981-597,1286,11014,REPAIR
14948,CON-RES-1981-96,1287,11052,REPAIR
14949,CON-RES-1981-94,1288,11050,REPAIR
14950,CON-RES-1981-92,1289,137160,REPAIR
14951,CON-RES-1981-93,1290,11049,REPAIR
14952,CON-RES-1981-65,1291,11030,REPAIR
14953,CON-RES-1981-68,1292,136960,REPAIR
14954,CON-RES-1981-78,1293,137038,REPAIR
14955,CON-RES-1981-55,1294,136564,REPAIR
14956,CON-RES-1981-62,1295,136953,REPAIR
14957,CON-RES-1981-75,1296,11035,REPAIR
14958,CON-RES-1981-73,1297,11034,REPAIR
14961,CON-RES-1981-351,1300,10889,REPAIR
14962,CON-RES-1981-91,1301,11048,REPAIR
14963,CON-RES-1981-352,1302,10890,REPAIR
14964,CON-RES-1981-613,1303,11024,REPAIR
14965,CON-RES-1981-99,1304,11054,REPAIR
14966,CON-RES-1981-113,1305,,"SKIP: referenced as parent_prop_id"
14967,CON-RES-1981-85,1306,,"SKIP: referenced as parent_prop_id"
14968,CON-RES-1981-70,1307,11032,REPAIR
14969,CON-RES-1981-90,1308,11047,REPAIR
14970,CON-RES-1981-542,1309,10982,REPAIR
14971,CON-RES-1981-601,1310,11017,REPAIR
14974,CON-RES-1981-607,1313,11020,REPAIR
14975,CON-RES-1981-608,1314,,"SKIP: referenced as parent_prop_id"
14976,CON-RES-1981-605,1315,11018,REPAIR
14977,CON-RES-1981-76,1316,11036,REPAIR
14978,CON-RES-1981-77,1317,137033,REPAIR
14979,CON-RES-1981-569,1318,167502,REPAIR
14980,CON-COM-1981-59,1319,7703,REPAIR
14982,CON-COM-1981-54,1321,7700,REPAIR
14984,CON-RES-1981-60,1323,11015,REPAIR
14985,CON-RES-1981-95,1324,11051,REPAIR
14987,CON-RES-1981-216,1326,,"SKIP: OP/TOT relationship"
14988,CON-RES-1981-620,1327,11028,REPAIR
14989,CON-RES-1981-616,1328,167609,REPAIR
14990,CON-RES-1981-609,1329,11022,REPAIR
14991,CON-RES-1981-618,1330,11027,REPAIR
14992,CON-RES-1981-97,1331,11053,REPAIR
14993,CON-RES-1981-61,1332,11023,REPAIR
14994,CON-RES-1981-67,1333,136959,REPAIR
14995,CON-RES-1981-71,1334,11033,REPAIR
14996,CON-RES-1981-69,1335,136963,REPAIR
14997,CON-RES-1981-593,1336,11011,REPAIR
15001,CON-COM-1981-52,1340,7698,REPAIR
15014,CON-COM-1981-88,1353,7712,REPAIR
15015,CON-COM-1981-86,1354,7709,REPAIR
15016,CON-RES-1981-573,1355,167374,REPAIR
15017,CON-RES-1981-600,1356,11016,REPAIR
15018,CON-COM-1981-71,1357,7706,REPAIR
15019,CON-COM-1981-87,1358,,"SKIP: OP/TOT relationship"
15022,CON-COM-1981-53,1361,7699,REPAIR
15025,CON-COM-1981-137,1364,7667,REPAIR
15026,CON-RES-1981-51,1365,10965,REPAIR
15027,CON-RES-1981-179,1366,137695,REPAIR
15028,CON-RES-1981-415,1367,10920,REPAIR
15029,CON-RES-1981-2,1368,10785,REPAIR
15030,CON-COM-1981-32,1369,7689,REPAIR
15031,CON-RES-1981-112,1370,138365,REPAIR
15035,RES-1981-777,1374,,"SKIP: OP/TOT relationship"
15036,RES-1981-781,1375,,"SKIP: OP/TOT relationship"
15037,RES-1981-782,1376,27734,REPAIR
15038,RES-1981-783,1377,,"SKIP: OP/TOT relationship"
15039,RES-1981-784,1378,,"SKIP: OP/TOT relationship"
15040,RES-1981-785,1379,27737,REPAIR
15041,RES-1981-786,1380,27738,REPAIR
15042,RES-1981-791,1381,27742,REPAIR
15043,RES-1981-794,1382,27745,REPAIR
15044,RES-1981-797,1383,27748,REPAIR
15045,RES-1981-851,1384,27782,REPAIR
15046,RES-1981-857,1385,,"SKIP: OP/TOT relationship"
15047,RES-1981-863,1386,27790,REPAIR
15048,RES-1981-865,1387,27791,REPAIR
15049,RES-1981-869,1388,27793,REPAIR
15050,RES-1981-870,1389,,"SKIP: OP/TOT relationship"
15051,RES-1981-875,1390,27797,REPAIR
15052,RES-1981-878,1391,27798,REPAIR
15053,RES-1981-890,1392,27806,REPAIR
15054,RES-1981-894,1393,27810,REPAIR
15057,RES-1981-840,1396,27776,REPAIR
15058,RES-1981-812,1397,,"SKIP: OP/TOT relationship"
15060,RES-1981-892,1399,27808,REPAIR
15061,RES-1981-861,1400,27788,REPAIR
15062,RES-1981-862,1401,27789,REPAIR
15064,RES-1981-881,1402,27800,REPAIR
15067,RES-1981-853,1405,27783,REPAIR
15068,RES-1981-858,1406,27786,REPAIR
15069,RES-1981-854,1407,27784,REPAIR
15070,RES-1981-893,1408,27809,REPAIR
15071,RES-1981-883,1409,27801,REPAIR
15072,RES-1981-898,1410,27811,REPAIR
15073,RES-1981-879,1411,27799,REPAIR
15074,RES-1981-842,1412,27778,REPAIR
15076,RES-1981-835,1414,27773,REPAIR
15078,RES-1981-841,1416,27777,REPAIR
15079,RES-1981-828,1417,27768,REPAIR
15080,RES-1981-814,1418,27760,REPAIR
15083,RES-1981-801,1421,,"SKIP: OP/TOT relationship"
15084,RES-1981-805,1422,27755,REPAIR
15085,RES-1981-806,1423,,"SKIP: OP/TOT relationship"
15086,RES-1981-808,1424,27757,REPAIR
15088,RES-1981-817,1426,27762,REPAIR
15089,RES-1981-815,1427,27761,REPAIR
15090,RES-1981-850,1428,,"SKIP: OP/TOT relationship"
15091,RES-1981-824,1429,27766,REPAIR
15092,RES-1981-843,1430,27779,REPAIR
15093,RES-1981-900,1431,27815,REPAIR
15094,RES-1981-902,1432,27817,REPAIR
15095,RES-1981-904,1433,27819,REPAIR
15096,RES-1981-905,1434,,"SKIP: OP/TOT relationship"
15097,RES-1981-906,1435,27821,REPAIR
15098,RES-1981-907,1436,27822,REPAIR
15099,RES-1981-915,1437,27824,REPAIR
15100,RES-1981-919,1438,27826,REPAIR
15101,RES-1981-924,1439,27829,REPAIR
15102,RES-1981-926,1440,,"SKIP: OP/TOT relationship"
15103,RES-1981-929,1441,27832,REPAIR
15104,RES-1981-930,1442,27834,REPAIR
15106,RES-1981-936,1444,27837,REPAIR
15107,RES-1981-937,1445,27838,REPAIR
15108,RES-1981-940,1446,27842,REPAIR
15109,RES-1981-941,1447,27843,REPAIR
15110,RES-1981-950,1448,27847,REPAIR
15111,RES-1981-951,1449,27848,REPAIR
15112,RES-1981-953,1450,,"SKIP: OP/TOT relationship"
15113,RES-1981-955,1451,,"SKIP: OP/TOT relationship"
15114,RES-1981-959,1452,27854,REPAIR
15115,RES-1981-961,1453,27856,REPAIR
15116,RES-1981-963,1454,27857,REPAIR
15117,RES-1981-967,1455,27858,REPAIR
15118,RES-1981-968,1456,27859,REPAIR
15119,RES-1981-969,1457,27860,REPAIR
15120,RES-1981-971,1458,,"SKIP: OP/TOT relationship"
15121,RES-1981-974,1459,,"SKIP: OP/TOT relationship"
15122,RES-1981-978,1460,27866,REPAIR
15124,RES-1981-983,1462,27869,REPAIR
15125,RES-1981-984,1463,27870,REPAIR
15126,RES-1981-985,1464,27871,REPAIR
15128,RES-1981-990,1466,27873,REPAIR
15130,RES-1981-1001,1468,26643,REPAIR
15131,RES-1981-1002,1469,26644,REPAIR
15132,RES-1981-1003,1470,26645,REPAIR
15133,RES-1981-1004,1471,26646,REPAIR
15134,RES-1981-1008,1472,26649,REPAIR
15135,RES-1981-1023,1473,26655,REPAIR
15136,RES-1992-1464,1474,38665,REPAIR
15137,RES-1992-1479,1475,,"SKIP: OP/TOT relationship"
15138,RES-1992-1295,1476,38529,REPAIR
15139,RES-1992-1025,1477,38327,REPAIR
15140,RES-1992-1242,1478,38483,REPAIR
15141,RES-1992-1404,1479,38631,REPAIR
15142,RES-1992-1406,1480,,"SKIP: OP/TOT relationship"
15143,RES-1992-1026,1481,,"SKIP: OP/TOT relationship"
15145,RES-1992-1467,1483,38668,REPAIR
15146,RES-1992-1466,1484,38667,REPAIR
15147,RES-1992-1498,1485,38684,REPAIR
15148,RES-1992-1427,1486,38643,REPAIR
15149,RES-1992-1461,1487,38662,REPAIR
15150,RES-1992-1462,1488,38663,REPAIR
15151,RES-1992-1447,1489,38651,REPAIR
15152,RES-1992-1469,1490,38669,REPAIR
15153,RES-1992-1454,1491,38657,REPAIR
15155,RES-1992-1437,1493,38648,REPAIR
15157,RES-1992-1443,1495,38649,REPAIR
15159,RES-1992-1445,1497,38650,REPAIR
15161,RES-1992-1418,1499,38639,REPAIR
15162,RES-1992-1426,1500,38642,REPAIR
15163,RES-1992-1449,1501,38652,REPAIR
15164,RES-1992-1450,1502,38653,REPAIR
15165,RES-1992-1451,1503,38654,REPAIR
15166,RES-1992-1452,1504,38655,REPAIR
15167,RES-1992-1453,1505,38656,REPAIR
15168,RES-1992-1485,1506,38680,REPAIR
15170,RES-1992-1473,1508,38673,REPAIR
15172,RES-1992-1484,1510,38679,REPAIR
15174,RES-1992-1474,1512,38674,REPAIR
15175,RES-1992-1475,1513,38676,REPAIR
15176,RES-1992-1470,1514,38671,REPAIR
15177,RES-1992-1471,1515,38672,REPAIR
15178,RES-1992-1021,1516,38323,REPAIR
15179,RES-1992-1022,1517,38324,REPAIR
15181,RES-1992-1401,1519,38628,REPAIR
15183,RES-1992-1409,1521,38634,REPAIR
15186,RES-1992-1413,1524,,"SKIP: referenced as parent_prop_id"
15188,RES-1992-1415,1526,38637,REPAIR
15190,RES-1992-1417,1528,38638,REPAIR
15191,RES-1992-1428,1529,38644,REPAIR
15192,RES-1992-1433,1530,38647,REPAIR
15193,RES-1992-1456,1531,38658,REPAIR
15194,RES-1992-1457,1532,38659,REPAIR
15196,RES-1992-1459,1534,,"SKIP: OP/TOT relationship"
15197,RES-1992-1460,1535,38661,REPAIR
15204,RES-1992-1476,1542,38677,REPAIR
15205,RES-1992-1239,1543,38480,REPAIR
15206,RES-1992-1233,1544,38479,REPAIR
15212,RES-1992-1198,1550,38469,REPAIR
15213,RES-1992-1269,1551,38503,REPAIR
15214,RES-1992-1270,1552,38505,REPAIR
15215,RES-1992-1271,1553,38506,REPAIR
15218,RES-1992-1215,1556,38476,REPAIR
15219,RES-1992-1252,1557,38486,REPAIR
15220,RES-1992-1253,1558,38487,REPAIR
15221,RES-1992-1255,1559,38489,REPAIR
15222,RES-1992-1249,1560,38484,REPAIR
15223,RES-1992-1203,1561,38473,REPAIR
15224,RES-1992-1256,1562,38490,REPAIR
15225,RES-1992-1257,1563,38491,REPAIR
15226,RES-1992-1258,1564,38492,REPAIR
15227,RES-1992-1300,1565,38534,REPAIR
15228,RES-1992-1299,1566,38533,REPAIR
15229,RES-1992-1296,1567,38530,REPAIR
15230,RES-1992-1294,1568,38528,REPAIR
15231,RES-1992-1293,1569,38527,REPAIR
15232,RES-1992-1292,1570,38526,REPAIR
15234,RES-1992-1287,1572,38522,REPAIR
15235,RES-1992-1288,1573,38523,REPAIR
15236,RES-1992-1289,1574,38524,REPAIR
15237,RES-1992-1290,1575,38525,REPAIR
15244,CON-RES-1981-379,1582,,"SKIP: OP/TOT relationship"
15245,CON-RES-1981-448,1583,,"SKIP: OP/TOT relationship"
15246,CON-RES-1981-348,1584,,"SKIP: OP/TOT relationship"
15247,CON-RES-1981-307,1585,10856,REPAIR
15248,CON-RES-1981-438,1586,10930,REPAIR
15249,CON-RES-1981-305,1587,10854,REPAIR
15251,CON-COM-1981-38,1589,7692,REPAIR
15253,CON-COM-1982-257,1591,7787,REPAIR
15254,CON-COM-1981-20,1592,7679,REPAIR
15256,CON-AG-1982-439,1594,7004,REPAIR
15258,CON-COM-1982-118,1596,7724,REPAIR
15262,CON-COM-1982-122,1600,7726,REPAIR
15268,CON-RES-1981-533,1606,10977,REPAIR
15270,CON-COM-1981-101,1608,7655,REPAIR
15271,CON-COM-1981-18,1609,7675,REPAIR
15272,CON-COM-1981-35,1610,,"SKIP: OP/TOT relationship"
15274,CON-COM-1982-156,1612,7743,REPAIR
15276,CON-COM-1981-103,1614,,"SKIP: OP/TOT relationship"
15277,CON-COM-1982-130,1615,7732,REPAIR
15279,CON-COM-1982-123,1617,7727,REPAIR
15285,CON-COM-1981-39,1623,7693,REPAIR
15286,CON-COM-1982-23,1624,7776,REPAIR
15288,CON-COM-1982-7,1626,,"SKIP: OP/TOT relationship"
15290,CON-COM-1982-239,1628,7781,REPAIR
15291,CON-COM-1982-45,1629,,"SKIP: OP/TOT relationship"
15292,CON-COM-1981-106,1630,,"SKIP: OP/TOT relationship"
15293,CON-COM-1982-144,1631,7736,REPAIR
15297,CON-COM-1981-10,1635,7653,REPAIR
15298,CON-COM-1981-19,1636,7676,REPAIR
15300,CON-COM-1982-41,1638,7816,REPAIR
15303,CON-COM-1982-42,1641,7817,REPAIR
15304,CON-COM-1981-42,1642,7696,REPAIR
15306,CON-COM-1982-48,1644,7822,REPAIR
15309,CON-COM-1982-21,1646,7769,REPAIR
15311,CON-COM-1981-17,1648,7673,REPAIR
15313,CON-COM-1981-16,1650,7672,REPAIR
15315,CON-COM-1981-24,1652,7682,REPAIR
15316,CON-COM-1981-107,1653,,"SKIP: OP/TOT relationship"
15320,CON-COM-1982-40,1657,,"SKIP: referenced as parent_prop_id"
15321,CON-COM-1982-34,1658,7809,REPAIR
15323,CON-COM-1982-124,1660,7728,REPAIR
15324,CON-COM-1982-125,1661,,"SKIP: OP/TOT relationship"
15325,CON-COM-1985-112,1662,7966,REPAIR
15326,CON-COM-1982-11,1663,7719,REPAIR
15332,CON-AG-1987-49,1669,7262,REPAIR
15333,CON-AG-1994-44,1670,7383,REPAIR
15334,CON-AG-1982-125,1671,,"SKIP: OP/TOT relationship"
15336,RES-1981-1016,1673,26651,REPAIR
15337,RES-1981-1018,1674,26652,REPAIR
15339,RES-1981-1027,1676,,"SKIP: OP/TOT relationship"
15342,RES-1981-1030,1679,26659,REPAIR
15343,RES-1981-1031,1680,,"SKIP: OP/TOT relationship"
15344,RES-1981-1032,1681,26661,REPAIR
15345,RES-1981-1034,1682,26662,REPAIR
15346,RES-1981-1035,1683,26663,REPAIR
15347,RES-1981-1038,1684,26664,REPAIR
15349,RES-1981-1045,1686,,"SKIP: referenced as parent_prop_id"
15352,RES-1981-1050,1689,26670,REPAIR
15353,RES-1981-1051,1690,,"SKIP: OP/TOT relationship"
15354,RES-1981-1052,1691,26672,REPAIR
15355,RES-1981-1053,1692,26673,REPAIR
15356,RES-1981-1054,1693,26674,REPAIR
15357,RES-1981-1056,1694,,"SKIP: OP/TOT relationship"
15359,RES-1981-1061,1696,26680,REPAIR
15360,RES-1981-1063,1697,26682,REPAIR
15361,RES-1981-1064,1698,26683,REPAIR
15362,RES-1981-1065,1699,26684,REPAIR
15363,RES-1981-1067,1700,26686,REPAIR
15364,RES-1981-1068,1701,,"SKIP: OP/TOT relationship"
15365,RES-1981-1069,1702,26688,REPAIR
15366,RES-1981-1070,1703,26690,REPAIR
15367,RES-1981-1071,1704,26691,REPAIR
15368,RES-1981-1072,1705,26692,REPAIR
15369,RES-1981-1073,1706,26693,REPAIR
15370,RES-1981-1076,1707,,"SKIP: OP/TOT relationship"
15371,RES-1981-1080,1708,26698,REPAIR
15373,RES-1981-1082,1710,,"SKIP: OP/TOT relationship"
15375,RES-1981-1085,1712,26700,REPAIR
15376,RES-1981-1086,1713,,"SKIP: referenced as parent_prop_id"
15377,RES-1981-1087,1714,26702,REPAIR
15379,RES-1981-1092,1716,26705,REPAIR
15380,RES-1981-1093,1717,26706,REPAIR
15381,RES-1981-1094,1718,,"SKIP: OP/TOT relationship"
15382,RES-1981-1097,1719,26708,REPAIR
15383,RES-1981-1099,1720,,"SKIP: OP/TOT relationship"
15384,RES-1981-1100,1721,26713,REPAIR
15385,RES-1981-1102,1722,,"SKIP: OP/TOT relationship"
15386,RES-1981-1104,1723,26715,REPAIR
15387,RES-1981-1106,1724,26717,REPAIR
15388,RES-1981-1108,1725,26718,REPAIR
15389,RES-1981-1112,1726,26721,REPAIR
15390,RES-1981-1113,1727,26722,REPAIR
15391,RES-1981-1114,1728,26723,REPAIR
15393,RES-1981-1117,1730,26724,REPAIR
15394,RES-1981-1119,1731,26725,REPAIR
15395,RES-1981-1120,1732,26727,REPAIR
15396,RES-1981-1121,1733,26728,REPAIR
15397,RES-1981-1122,1734,26729,REPAIR
15398,RES-1981-1123,1735,26730,REPAIR
15399,RES-1981-1124,1736,26731,REPAIR
15400,RES-1981-1127,1737,26733,REPAIR
15401,RES-1981-1130,1738,26736,REPAIR
15403,RES-1981-1134,1740,,"SKIP: OP/TOT relationship"
15404,RES-1981-1138,1741,26740,REPAIR
15405,RES-1981-1142,1742,26741,REPAIR
15406,RES-1981-1153,1743,26748,REPAIR
15407,RES-1981-1155,1744,26749,REPAIR
15408,RES-1981-1156,1745,26750,REPAIR
15409,RES-1981-1157,1746,26751,REPAIR
15410,RES-1981-1159,1747,26752,REPAIR
15411,RES-1981-1160,1748,26753,REPAIR
15413,RES-1981-1168,1750,26756,REPAIR
15414,RES-1981-1170,1751,26758,REPAIR
15415,RES-1981-1172,1752,26759,REPAIR
15416,RES-1981-1176,1753,26760,REPAIR
15417,RES-1981-1179,1754,26761,REPAIR
15418,RES-1981-1184,1755,,"SKIP: OP/TOT relationship"
15419,RES-1981-1189,1756,,"SKIP: OP/TOT relationship"
15420,RES-1981-1193,1757,,"SKIP: OP/TOT relationship"
15421,RES-1981-1197,1758,,"SKIP: OP/TOT relationship"
15422,RES-1981-1198,1759,26769,REPAIR
15426,RES-1981-1205,1763,,"SKIP: OP/TOT relationship"
15427,RES-1981-1208,1764,,"SKIP: OP/TOT relationship"
15429,RES-1981-1228,1766,26788,REPAIR
15430,RES-1981-1237,1767,26795,REPAIR
15431,RES-1981-1244,1768,26797,REPAIR
15432,RES-1981-1245,1769,26798,REPAIR
15434,RES-1981-1253,1771,26802,REPAIR
15435,RES-1981-1255,1772,,"SKIP: OP/TOT relationship"
15436,RES-1981-1257,1773,26804,REPAIR
15437,RES-1981-1259,1774,26805,REPAIR
15438,RES-1981-1273,1775,26813,REPAIR
15439,RES-1981-903,1776,27818,REPAIR
15440,RES-1992-1533,1777,38706,REPAIR
15441,RES-1992-1677,1778,38759,REPAIR
15442,RES-1992-1540,1779,38711,REPAIR
15443,RES-1992-1513,1780,38696,REPAIR
15444,RES-1992-1531,1781,38705,REPAIR
15445,RES-1992-1495,1782,38683,REPAIR
15446,RES-1992-1601,1783,,"SKIP: OP/TOT relationship"
15447,RES-1992-1657,1784,38754,REPAIR
15448,RES-1996-1666,1785,44638,REPAIR
15449,RES-1996-1673,1786,44640,REPAIR
15452,RES-1992-1544,1789,38715,REPAIR
15453,RES-1992-1546,1790,38717,REPAIR
15454,RES-1992-1547,1791,38718,REPAIR
15455,RES-1992-1548,1792,38719,REPAIR
15456,RES-1992-1549,1793,38720,REPAIR
15457,RES-1992-1550,1794,38723,REPAIR
15458,RES-1992-1551,1795,38724,REPAIR
15459,RES-1992-1552,1796,38725,REPAIR
15461,RES-1992-1557,1798,38728,REPAIR
15462,RES-1992-1558,1799,38729,REPAIR
15463,RES-1992-1560,1800,38731,REPAIR
15464,RES-1992-1561,1801,38732,REPAIR
15465,RES-1992-1562,1802,38733,REPAIR
15466,RES-1992-1564,1803,38735,REPAIR
15467,RES-1992-1565,1804,38736,REPAIR
15468,RES-1992-1566,1805,38737,REPAIR
15471,RES-1992-1570,1808,38739,REPAIR
15472,RES-1992-1571,1809,38740,REPAIR
15473,RES-1992-1573,1810,,"SKIP: referenced as parent_prop_id"
15474,RES-1992-1595,1811,38746,REPAIR
15475,RES-1992-1596,1812,38747,REPAIR
15477,RES-1992-1675,1814,38758,REPAIR
15486,RES-1992-1491,1823,174415,REPAIR
15499,RES-1992-1503,1836,38687,REPAIR
15500,RES-1992-1504,1837,38688,REPAIR
15501,RES-1992-1505,1838,38689,REPAIR
15502,RES-1992-1506,1839,38690,REPAIR
15504,RES-1992-1508,1841,38691,REPAIR
15505,RES-1992-1509,1842,38692,REPAIR
15506,RES-1992-1510,1843,38693,REPAIR
15507,RES-1992-1511,1844,38694,REPAIR
15508,RES-1992-1512,1845,38695,REPAIR
15509,RES-1992-1514,1846,38697,REPAIR
15510,RES-1992-1515,1847,38698,REPAIR
15514,RES-1992-1521,1851,38699,REPAIR
15518,RES-1992-1525,1855,38700,REPAIR
15520,RES-1992-1528,1857,,"SKIP: OP/TOT relationship"
15521,RES-1992-1529,1858,38703,REPAIR
15523,RES-1992-1534,1860,38707,REPAIR
15526,RES-1992-1538,1863,38709,REPAIR
15527,RES-1992-1539,1864,38710,REPAIR
15528,RES-1992-1541,1865,38712,REPAIR
15529,RES-1992-1542,1866,38713,REPAIR
15530,RES-1992-1543,1867,38714,REPAIR
15531,CON-RES-1981-28,1868,136124,REPAIR
15534,CON-RES-1981-115,1871,10740,REPAIR
15535,CON-RES-1981-310,1872,10859,REPAIR
15536,CON-RES-1981-375,1873,10900,REPAIR
15537,CON-RES-1981-358,1874,10891,REPAIR
15549,CON-COM-1982-266,1886,7791,REPAIR
15550,CON-COM-1982-277,1887,7796,REPAIR
15551,CON-COM-1982-241,1888,7783,REPAIR
15555,CON-AG-2008-3,1892,7494,REPAIR
15556,CON-AG-1981-142,1893,6822,REPAIR
15557,CON-COM-1989-29,1894,8090,REPAIR
15558,CON-COM-1985-108,1895,7962,REPAIR
15562,CON-COM-1982-205,1899,7768,REPAIR
15567,CON-COM-1982-260,1904,7790,REPAIR
15570,CON-AG-1989-82,1907,7333,REPAIR
15571,CON-AG-1989-50,1908,7330,REPAIR
15574,CON-AG-1989-177,1910,7317,REPAIR
15577,CON-AG-2019-108,1913,174620,REPAIR
15578,CON-AG-2006-34,1914,7480,REPAIR
15579,CON-AG-1987-53,1915,7265,REPAIR
15581,CON-AG-1984-4,1917,7153,REPAIR
15582,CON-AG-1984-7,1918,7168,REPAIR
15587,CON-AG-1982-482,1923,7018,REPAIR
15588,CON-COM-2000-20,1924,8458,REPAIR
15589,CON-AG-1982-161,1925,6907,REPAIR
15593,CON-AG-1982-182,1929,6918,REPAIR
15595,CON-AG-1982-196,1931,6925,REPAIR
15596,CON-AG-1982-180,1932,6916,REPAIR
15597,CON-AG-1982-181,1933,6917,REPAIR
15602,CON-RES-1982-157,1938,169357,REPAIR
15604,CON-AG-1982-160,1940,6906,REPAIR
15607,CON-AG-1982-167,1943,6909,REPAIR
15608,CON-AG-1982-168,1944,,"SKIP: OP/TOT relationship"
15609,CON-AG-1982-169,1945,6911,REPAIR
15610,CON-AG-1982-170,1946,,"SKIP: OP/TOT relationship"
15612,CON-AG-1982-176,1948,6915,REPAIR
15614,CON-COM-2015-179,1950,115491,REPAIR
15626,CON-COM-2015-151,1962,9610,REPAIR
15631,RES-1981-710,1967,27684,REPAIR
15632,RES-1981-712,1968,27686,REPAIR
15633,RES-1981-716,1969,27687,REPAIR
15634,RES-1981-1219,1970,26782,REPAIR
15635,RES-1981-1217,1971,26781,REPAIR
15636,RES-1981-1216,1972,26780,REPAIR
15638,RES-1981-1211,1974,26777,REPAIR
15639,RES-1981-1207,1975,26774,REPAIR
15640,RES-1981-1206,1976,26773,REPAIR
15641,RES-1981-1266,1977,,"SKIP: OP/TOT relationship"
15642,RES-1981-1271,1978,,"SKIP: OP/TOT relationship"
15643,RES-1981-1283,1979,,"SKIP: OP/TOT relationship"
15645,RES-1981-1276,1981,,"SKIP: OP/TOT relationship"
15646,RES-1981-1292,1982,26826,REPAIR
15647,RES-1981-1275,1983,26815,REPAIR
15648,RES-1981-1285,1984,26822,REPAIR
15649,RES-1981-1274,1985,,"SKIP: OP/TOT relationship"
15650,RES-1981-1264,1986,26807,REPAIR
15651,RES-1981-1299,1987,,"SKIP: OP/TOT relationship"
15652,RES-1981-1298,1988,26828,REPAIR
15653,RES-1981-1220,1989,,"SKIP: OP/TOT relationship"
15654,RES-1981-1224,1990,26786,REPAIR
15655,RES-1981-1225,1991,26787,REPAIR
15656,RES-1981-1344,1992,26858,REPAIR
15657,RES-1981-1343,1993,,"SKIP: OP/TOT relationship"
15658,RES-1981-1354,1994,26861,REPAIR
15659,RES-1981-1373,1995,,"SKIP: OP/TOT relationship"
15660,RES-1981-1361,1996,26865,REPAIR
15661,RES-1981-1368,1997,26869,REPAIR
15662,RES-1981-1365,1998,26868,REPAIR
15663,RES-1981-1363,1999,,"SKIP: OP/TOT relationship"
15664,RES-1981-1362,2000,26866,REPAIR
15665,RES-1981-1360,2001,26864,REPAIR
15666,RES-1981-1359,2002,,"SKIP: OP/TOT relationship"
15668,RES-1981-1306,2004,,"SKIP: OP/TOT relationship"
15669,RES-1981-1301,2005,26833,REPAIR
15670,RES-1981-1302,2006,26834,REPAIR
15671,RES-1981-1379,2007,26877,REPAIR
15672,RES-1981-1397,2008,26887,REPAIR
15673,RES-1981-1396,2009,26886,REPAIR
15674,RES-1981-1393,2010,26884,REPAIR
15675,RES-1981-1399,2011,26889,REPAIR
15676,RES-1981-1330,2012,26849,REPAIR
15677,RES-1981-1381,2013,26879,REPAIR
15678,RES-1981-1378,2014,26876,REPAIR
15679,RES-1981-1377,2015,26875,REPAIR
15680,RES-1981-1386,2016,,"SKIP: OP/TOT relationship"
15681,RES-1981-1387,2017,26881,REPAIR
15682,RES-1981-1335,2018,26851,REPAIR
15683,RES-1981-1324,2019,,"SKIP: OP/TOT relationship"
15684,RES-1981-1339,2020,26855,REPAIR
15685,RES-1981-1321,2021,26846,REPAIR
15686,RES-1981-1308,2022,26840,REPAIR
15688,RES-1981-1312,2024,26843,REPAIR
15689,RES-1981-1309,2025,26841,REPAIR
15690,RES-1981-1304,2026,26836,REPAIR
15691,RES-1981-1400,2027,26890,REPAIR
15692,RES-1981-1403,2028,,"SKIP: OP/TOT relationship"
15693,RES-1981-1466,2029,26937,REPAIR
15694,RES-1981-1429,2030,26914,REPAIR
15695,RES-1981-1432,2031,26916,REPAIR
15697,RES-1981-1448,2033,,"SKIP: OP/TOT relationship"
15698,RES-1981-1443,2034,,"SKIP: OP/TOT relationship"
15699,RES-1981-1438,2035,26919,REPAIR
15700,RES-1981-1495,2036,26955,REPAIR
15701,RES-1981-1491,2037,,"SKIP: OP/TOT relationship"
15702,RES-1981-1490,2038,,"SKIP: OP/TOT relationship"
15703,RES-1981-1449,2039,26924,REPAIR
15704,RES-1981-1471,2040,26943,REPAIR
15705,RES-1981-1468,2041,26939,REPAIR
15706,RES-1981-1458,2042,26929,REPAIR
15707,RES-1981-1470,2043,26942,REPAIR
15708,RES-1981-1461,2044,26932,REPAIR
15709,RES-1981-1457,2045,,"SKIP: OP/TOT relationship"
15710,RES-1981-1465,2046,26936,REPAIR
15711,RES-1981-1467,2047,26938,REPAIR
15712,RES-1981-1464,2048,26935,REPAIR
15713,RES-1981-1462,2049,26933,REPAIR
15714,RES-1981-1485,2050,26948,REPAIR
15715,RES-1981-1479,2051,,"SKIP: OP/TOT relationship"
15716,RES-1981-1477,2052,26944,REPAIR
15717,RES-1981-1406,2053,26895,REPAIR
15718,RES-1981-1428,2054,26913,REPAIR
15719,RES-1981-1427,2055,26912,REPAIR
15720,RES-1981-1402,2056,26891,REPAIR
15721,RES-1981-1408,2057,26897,REPAIR
15722,RES-1981-1423,2058,26910,REPAIR
15723,RES-1981-1407,2059,26896,REPAIR
15724,RES-1981-1404,2060,26893,REPAIR
15725,RES-1981-1409,2061,26898,REPAIR
15726,RES-1981-1415,2062,26904,REPAIR
15727,RES-1981-1484,2063,26947,REPAIR
15728,RES-1981-1487,2064,26949,REPAIR
15730,RES-1992-1699,2066,38763,REPAIR
15734,RES-1992-1708,2070,38766,REPAIR
15735,RES-1992-1709,2071,38767,REPAIR
15736,RES-1992-1710,2072,38768,REPAIR
15737,RES-1992-1711,2073,38769,REPAIR
15738,RES-1992-1712,2074,38770,REPAIR
15739,RES-1992-1715,2075,38773,REPAIR
15740,RES-1992-1717,2076,38775,REPAIR
15741,RES-1992-1718,2077,38776,REPAIR
15742,RES-1992-1719,2078,38777,REPAIR
15743,RES-1992-1720,2079,38779,REPAIR
15744,RES-1992-1722,2080,,"SKIP: OP/TOT relationship"
15745,RES-1992-1724,2081,38783,REPAIR
15746,RES-1992-1725,2082,,"SKIP: OP/TOT relationship"
15747,RES-1992-1726,2083,38785,REPAIR
15748,RES-1992-1727,2084,38786,REPAIR
15749,RES-1992-1728,2085,38787,REPAIR
15750,RES-1992-1729,2086,38788,REPAIR
15751,RES-1992-1730,2087,38789,REPAIR
15752,RES-1992-1731,2088,38790,REPAIR
15754,RES-1992-1734,2090,38792,REPAIR
15755,RES-1992-1735,2091,38793,REPAIR
15756,RES-1992-1736,2092,38794,REPAIR
15757,RES-1992-1737,2093,38795,REPAIR
15759,RES-1992-1739,2095,38796,REPAIR
15760,RES-1992-1741,2096,38798,REPAIR
15761,RES-1992-1742,2097,,"SKIP: OP/TOT relationship"
15762,RES-1992-1743,2098,38800,REPAIR
15763,RES-1992-1747,2099,,"SKIP: OP/TOT relationship"
15764,RES-1992-1748,2100,,"SKIP: OP/TOT relationship"
15765,RES-1992-1754,2101,38808,REPAIR
15766,RES-1992-1756,2102,38810,REPAIR
15767,RES-1992-1757,2103,38811,REPAIR
15768,RES-1992-1758,2104,38812,REPAIR
15769,RES-1992-1761,2105,38815,REPAIR
15770,RES-1992-1762,2106,38816,REPAIR
15772,RES-1992-1764,2108,,"SKIP: OP/TOT relationship"
15773,RES-1992-1765,2109,,"SKIP: referenced as parent_prop_id"
15774,RES-1992-1766,2110,38819,REPAIR
15776,RES-1992-1769,2112,38821,REPAIR
15777,RES-1992-1770,2113,38823,REPAIR
15778,RES-1992-1771,2114,38824,REPAIR
15779,RES-1992-1772,2115,38825,REPAIR
15780,RES-1992-1773,2116,38826,REPAIR
15781,RES-1992-1774,2117,38827,REPAIR
15784,RES-1992-1778,2120,38829,REPAIR
15785,RES-1992-1779,2121,,"SKIP: OP/TOT relationship"
15786,RES-1992-1780,2122,38831,REPAIR
15787,RES-1992-1781,2123,38832,REPAIR
15790,RES-1992-1785,2126,38834,REPAIR
15791,RES-1992-1786,2127,,"SKIP: OP/TOT relationship"
15792,RES-1992-1787,2128,38836,REPAIR
15793,RES-1992-1788,2129,,"SKIP: OP/TOT relationship"
15794,RES-1992-1789,2130,38838,REPAIR
15795,RES-1992-1791,2131,38839,REPAIR
15798,RES-1992-1795,2134,38841,REPAIR
15799,RES-1992-1796,2135,38842,REPAIR
15801,RES-1992-1799,2137,38843,REPAIR
15802,RES-1992-1800,2138,38844,REPAIR
15804,RES-1992-1802,2140,38845,REPAIR
15806,RES-1992-1804,2142,,"SKIP: OP/TOT relationship"
15807,RES-1992-1806,2143,38848,REPAIR
15808,RES-1992-1807,2144,38849,REPAIR
15809,RES-1992-1808,2145,38850,REPAIR
15811,RES-1992-1811,2147,38852,REPAIR
15812,RES-1992-1812,2148,38853,REPAIR
15813,RES-1992-1813,2149,38854,REPAIR
15814,RES-1992-1814,2150,38855,REPAIR
15815,RES-1992-1815,2151,38856,REPAIR
15816,RES-1992-1816,2152,38857,REPAIR
15818,RES-1992-1818,2154,38858,REPAIR
15819,RES-1992-1819,2155,38859,REPAIR
15821,RES-1992-1821,2157,38861,REPAIR
15822,RES-1992-1824,2158,38863,REPAIR
15823,CON-COM-1981-298,2159,7687,REPAIR
15825,CON-COM-1981-279,2161,7685,REPAIR
15827,CON-COM-1982-278,2163,7797,REPAIR
15829,CON-COM-1982-229,2165,7774,REPAIR
15830,CON-COM-1982-154,2166,7742,REPAIR
15831,CON-COM-1982-6,2167,7830,REPAIR
15834,CON-COM-1982-150,2170,7740,REPAIR
15835,CON-COM-1982-287,2171,7801,REPAIR
15838,CON-COM-1982-44,2174,7818,REPAIR
15842,CON-COM-1982-171,2178,121653,REPAIR
15843,CON-COM-1982-81,2179,7849,REPAIR
15844,CON-COM-1982-2,2180,7762,REPAIR
15846,CON-COM-1982-38,2182,7812,REPAIR
15848,CON-COM-1982-232,2184,7778,REPAIR
15849,CON-COM-1982-267,2185,7792,REPAIR
15851,CON-RES-1981-260,2187,10823,REPAIR
15852,CON-RES-1981-212,2188,139418,REPAIR
15853,CON-RES-1981-343,2189,10882,REPAIR
15854,CON-RES-1981-248,2190,10817,REPAIR
15855,CON-RES-1981-135,2191,10750,REPAIR
15856,CON-RES-1981-33,2192,10871,REPAIR
15857,CON-RES-1981-263,2193,10824,REPAIR
15858,CON-RES-1981-275,2194,10832,REPAIR
15859,CON-RES-1981-274,2195,10831,REPAIR
15860,CON-COM-1982-204,2196,7767,REPAIR
15863,CON-RES-1981-270,2199,139825,REPAIR
15864,CON-RES-1981-242,2200,10814,REPAIR
15865,CON-RES-1981-334,2201,10875,REPAIR
15866,CON-RES-1981-273,2202,139847,REPAIR
15867,CON-RES-1981-295,2203,139919,REPAIR
15870,CON-COM-1987-127,2206,8042,REPAIR
15873,CON-COM-1987-117,2209,8039,REPAIR
15890,CON-COM-1990-79,2226,8134,REPAIR
15893,CON-COM-1990-12,2229,8108,REPAIR
15897,CON-COM-1990-7,2233,8129,REPAIR
15899,CON-RES-1981-299,2235,10847,REPAIR
15900,CON-RES-1981-204,2236,10788,REPAIR
15901,CON-RES-1981-331,2237,10872,REPAIR
15902,CON-RES-1981-207,2238,10791,REPAIR
15903,CON-COM-1982-227,2239,7773,REPAIR
15904,CON-COM-1982-177,2240,7752,REPAIR
15905,CON-COM-1982-175,2241,7750,REPAIR
15906,CON-COM-1990-28,2242,8111,REPAIR
15907,CON-RES-1981-269,2243,10829,REPAIR
15908,CON-RES-1981-297,2244,10846,REPAIR
15909,CON-RES-1981-325,2245,10868,REPAIR
15910,CON-RES-1981-267,2246,,"SKIP: OP/TOT relationship"
15911,CON-COM-1987-46,2247,8050,REPAIR
15912,CON-COM-1988-60,2248,121664,REPAIR
15913,CON-COM-1986-15,2249,8005,REPAIR
15914,CON-COM-1985-107,2250,7961,REPAIR
15915,CON-COM-1985-72,2251,7993,REPAIR
15916,CON-COM-1985-110,2252,7965,REPAIR
15917,CON-COM-1986-16,2253,8006,REPAIR
15918,RES-1981-1508,2254,26965,REPAIR
15919,RES-1981-1511,2255,26969,REPAIR
15921,RES-1981-1503,2257,26962,REPAIR
15922,RES-1981-1529,2258,26980,REPAIR
15923,RES-1981-1527,2259,,"SKIP: OP/TOT relationship"
15924,RES-1981-1568,2260,,"SKIP: OP/TOT relationship"
15925,RES-1981-1526,2261,26978,REPAIR
15926,RES-1981-1532,2262,26984,REPAIR
15927,RES-1981-1534,2263,,"SKIP: OP/TOT relationship"
15928,RES-1981-1535,2264,26986,REPAIR
15929,RES-1981-1507,2265,,"SKIP: OP/TOT relationship"
15930,RES-1981-1513,2266,,"SKIP: OP/TOT relationship"
15931,RES-1981-1569,2267,,"SKIP: OP/TOT relationship"
15932,RES-1981-1576,2268,,"SKIP: OP/TOT relationship"
15933,RES-1981-1509,2269,26966,REPAIR
15934,RES-1981-1575,2270,27006,REPAIR
15935,RES-1981-1530,2271,,"SKIP: OP/TOT relationship"
15936,RES-1981-1572,2272,,"SKIP: OP/TOT relationship"
15937,RES-1981-1567,2273,,"SKIP: OP/TOT relationship"
15938,RES-1981-1560,2274,,"SKIP: OP/TOT relationship"
15939,RES-1981-1562,2275,,"SKIP: OP/TOT relationship"
15940,RES-1981-155,2276,26990,REPAIR
15941,RES-1981-1510,2277,26968,REPAIR
15942,RES-1981-1515,2278,26972,REPAIR
15943,RES-1981-1522,2279,26975,REPAIR
15944,RES-1981-1524,2280,26977,REPAIR
15949,RES-1981-1579,2281,27009,REPAIR
15950,RES-1981-1571,2282,27003,REPAIR
15951,RES-1981-1566,2283,26999,REPAIR
15952,RES-1981-1550,2284,26991,REPAIR
15953,RES-1981-1546,2285,26989,REPAIR
15954,RES-1981-1553,2286,26992,REPAIR
15955,RES-1981-1574,2287,27005,REPAIR
15956,RES-1981-1543,2288,26988,REPAIR
15957,RES-1981-1596,2289,,"SKIP: OP/TOT relationship"
15958,RES-1981-1598,2290,,"SKIP: OP/TOT relationship"
15960,RES-1981-1591,2292,27014,REPAIR
15961,RES-1981-1587,2293,27012,REPAIR
15962,RES-1981-1584,2294,27011,REPAIR
15963,RES-1981-1611,2295,,"SKIP: OP/TOT relationship"
15964,RES-1981-1600,2296,,"SKIP: OP/TOT relationship"
15965,RES-1981-1601,2297,27021,REPAIR
15966,RES-1981-1602,2298,27022,REPAIR
15967,RES-1981-1603,2299,,"SKIP: OP/TOT relationship"
15968,RES-1981-1607,2300,27027,REPAIR
15969,RES-1981-1608,2301,27028,REPAIR
15970,RES-1981-1784,2302,,"SKIP: OP/TOT relationship"
15971,RES-1981-1787,2303,27180,REPAIR
15972,RES-1981-1610,2304,,"SKIP: OP/TOT relationship"
15973,RES-1981-1612,2305,,"SKIP: OP/TOT relationship"
15974,RES-1981-1613,2306,27034,REPAIR
15975,RES-1981-1614,2307,27035,REPAIR
15976,RES-1981-1615,2308,27036,REPAIR
15977,RES-1981-1616,2309,27037,REPAIR
15978,RES-1981-1617,2310,27038,REPAIR
15979,RES-1981-1618,2311,27039,REPAIR
15980,RES-1981-1619,2312,27040,REPAIR
15981,RES-1981-1620,2313,27042,REPAIR
15982,RES-1981-1623,2314,27044,REPAIR
15984,RES-1981-1626,2316,27045,REPAIR
15985,RES-1981-1627,2317,27046,REPAIR
15986,RES-1981-1631,2318,27050,REPAIR
15987,RES-1981-1630,2319,,"SKIP: OP/TOT relationship"
15988,RES-1981-1632,2320,,"SKIP: OP/TOT relationship"
15989,RES-1981-1633,2321,27052,REPAIR
15990,RES-1981-1635,2322,27054,REPAIR
15991,RES-1981-1636,2323,27055,REPAIR
15992,RES-1981-1637,2324,27056,REPAIR
15993,RES-1981-1641,2325,,"SKIP: OP/TOT relationship"
15994,RES-1981-1644,2326,,"SKIP: OP/TOT relationship"
15995,RES-1981-1642,2327,27061,REPAIR
15996,RES-1981-1646,2328,27065,REPAIR
15997,RES-1981-1647,2329,,"SKIP: OP/TOT relationship"
15998,RES-1981-1652,2330,27070,REPAIR
15999,RES-1981-1656,2331,,"SKIP: OP/TOT relationship"
16000,RES-1981-1658,2332,27075,REPAIR
16001,RES-1981-1660,2333,,"SKIP: OP/TOT relationship"
16002,RES-1981-1663,2334,27079,REPAIR
16003,RES-1981-1661,2335,27078,REPAIR
16004,RES-1981-1666,2336,27081,REPAIR
16005,RES-1981-1668,2337,27082,REPAIR
16006,RES-1981-1680,2338,27090,REPAIR
16007,RES-1981-1670,2339,,"SKIP: OP/TOT relationship"
16008,RES-1981-1690,2340,27097,REPAIR
16009,RES-1981-1686,2341,27093,REPAIR
16010,RES-1981-1682,2342,27091,REPAIR
16011,RES-1981-1696,2343,27100,REPAIR
16012,RES-1981-1697,2344,27101,REPAIR
16013,RES-1981-1698,2345,,"SKIP: OP/TOT relationship"
16014,RES-1981-1699,2346,,"SKIP: OP/TOT relationship"
16015,RES-1981-1700,2347,27106,REPAIR
16016,RES-1981-1293,2348,26827,REPAIR
16017,RES-1992-1887,2349,,"SKIP: OP/TOT relationship"
16018,RES-1992-1892,2350,38883,REPAIR
16019,RES-1992-1886,2351,38877,REPAIR
16020,RES-1992-1888,2352,38879,REPAIR
16021,RES-1992-1895,2353,38884,REPAIR
16022,RES-1992-1262,2354,,"SKIP: OP/TOT relationship"
16023,RES-1992-1261,2355,,"SKIP: OP/TOT relationship"
16024,RES-1992-1109,2356,38388,REPAIR
16025,RES-1992-1157,2357,38429,REPAIR
16026,RES-1992-1124,2358,38404,REPAIR
16027,RES-1992-1150,2359,,"SKIP: OP/TOT relationship"
16028,RES-1992-1113,2360,38392,REPAIR
16029,RES-1992-1284,2361,38519,REPAIR
16030,RES-1992-1285,2362,38520,REPAIR
16031,RES-1992-1286,2363,38521,REPAIR
16032,RES-1992-1281,2364,38516,REPAIR
16033,RES-1992-1280,2365,38515,REPAIR
16034,RES-1992-1273,2366,38508,REPAIR
16035,RES-1992-1274,2367,38509,REPAIR
16036,RES-1992-1275,2368,38510,REPAIR
16037,RES-1992-1276,2369,38511,REPAIR
16038,RES-1992-1278,2370,38513,REPAIR
16039,RES-1992-1279,2371,38514,REPAIR
16040,RES-1992-1266,2372,38500,REPAIR
16041,RES-1992-1267,2373,38501,REPAIR
16042,RES-1992-1265,2374,38499,REPAIR
16043,RES-1992-1264,2375,38498,REPAIR
16044,RES-1992-1263,2376,38497,REPAIR
16045,RES-1992-1260,2377,38494,REPAIR
16046,RES-1992-1259,2378,38493,REPAIR
16047,RES-1992-1119,2379,38398,REPAIR
16048,RES-1992-1118,2380,38397,REPAIR
16049,RES-1992-1117,2381,38396,REPAIR
16050,RES-1992-1115,2382,38394,REPAIR
16051,RES-1992-1121,2383,38401,REPAIR
16052,RES-1992-1120,2384,38400,REPAIR
16053,RES-1992-1114,2385,38393,REPAIR
16054,RES-1992-1112,2386,38391,REPAIR
16055,RES-1992-1163,2387,38436,REPAIR
16056,RES-1992-1164,2388,38437,REPAIR
16057,RES-1992-1189,2389,38462,REPAIR
16059,RES-1992-1187,2391,38460,REPAIR
16060,RES-1992-1103,2392,38383,REPAIR
16061,RES-1992-1101,2393,38381,REPAIR
16063,RES-1992-1102,2395,38382,REPAIR
16064,RES-1992-1104,2396,38384,REPAIR
16065,RES-1992-1106,2397,38386,REPAIR
16066,RES-1992-1107,2398,38387,REPAIR
16068,RES-1992-1122,2400,38402,REPAIR
16069,RES-1992-1123,2401,38403,REPAIR
16071,RES-1992-1127,2403,38405,REPAIR
16072,RES-1992-1128,2404,38406,REPAIR
16073,RES-1992-1129,2405,38407,REPAIR
16075,RES-1992-1132,2407,38410,REPAIR
16076,RES-1992-1133,2408,38411,REPAIR
16080,RES-1992-1139,2412,38413,REPAIR
16082,RES-1992-1145,2414,38418,REPAIR
16083,RES-1992-1146,2415,38419,REPAIR
16084,RES-1992-1147,2416,,"SKIP: OP/TOT relationship"
16085,RES-1992-1148,2417,38421,REPAIR
16086,RES-1992-1151,2418,38424,REPAIR
16087,RES-1992-1152,2419,38425,REPAIR
16089,RES-1992-1154,2421,38426,REPAIR
16090,RES-1992-1156,2422,38428,REPAIR
16091,RES-1992-1158,2423,38430,REPAIR
16092,RES-1992-1159,2424,38431,REPAIR
16093,RES-1992-1160,2425,38433,REPAIR
16094,RES-1992-1161,2426,38434,REPAIR
16095,RES-1992-1162,2427,38435,REPAIR
16096,RES-1992-1165,2428,38438,REPAIR
16097,RES-1992-1166,2429,38439,REPAIR
16098,RES-1992-1167,2430,38440,REPAIR
16099,RES-1992-1168,2431,38441,REPAIR
16100,RES-1992-1169,2432,38442,REPAIR
16101,RES-1992-1170,2433,38443,REPAIR
16102,RES-1992-1171,2434,38444,REPAIR
16103,RES-1992-1173,2435,38446,REPAIR
16104,RES-1992-1174,2436,38447,REPAIR
16105,RES-1992-1176,2437,38449,REPAIR
16106,RES-1992-1178,2438,38451,REPAIR
16107,RES-1992-1179,2439,38452,REPAIR
16108,RES-1992-1180,2440,38454,REPAIR
16109,RES-1992-1181,2441,38455,REPAIR
16110,RES-1992-1182,2442,38456,REPAIR
16111,RES-1992-1183,2443,38457,REPAIR
16112,RES-1992-1184,2444,38458,REPAIR
16113,RES-1992-1185,2445,38459,REPAIR
16114,RES-1992-1193,2446,38467,REPAIR
16120,CON-AG-1982-151,2452,6905,REPAIR
16121,CON-AG-1982-192,2453,6922,REPAIR
16122,CON-AG-1982-190,2454,6920,REPAIR
16124,CON-COM-1989-55,2456,8099,REPAIR
16127,CON-COM-1989-61,2459,8101,REPAIR
16128,CON-COM-1989-62,2460,8102,REPAIR
16129,CON-COM-1989-63,2461,8103,REPAIR
16131,CON-COM-1989-65,2463,8104,REPAIR
16134,CON-COM-1990-37,2466,8115,REPAIR
16135,CON-COM-1990-38,2467,8116,REPAIR
16136,CON-COM-1990-39,2468,8117,REPAIR
16138,CON-COM-1990-43,2470,8118,REPAIR
16141,CON-COM-1990-49,2473,8119,REPAIR
16151,CON-COM-1990-30,2483,8112,REPAIR
16152,CON-COM-1990-33,2484,8113,REPAIR
16153,CON-COM-1990-52,2485,8121,REPAIR
16154,CON-COM-1990-35,2486,8114,REPAIR
16157,CON-COM-1990-5,2489,8120,REPAIR
16158,CON-AG-1981-141,2490,6821,REPAIR
16165,CON-AG-1982-530,2497,7030,REPAIR
16167,CON-AG-1995-98,2499,7408,REPAIR
16173,CON-COM-1981-64,2505,7705,REPAIR
16174,CON-COM-1995-51,2506,8318,REPAIR
16175,CON-COM-1981-3,2507,7688,REPAIR
16176,CON-COM-2008-169,2508,8936,REPAIR
16177,CON-COM-2008-167,2509,8934,REPAIR
16178,CON-COM-2008-164,2510,8932,REPAIR
16179,CON-COM-2008-157,2511,8930,REPAIR
16181,CON-COM-1994-54,2513,,"SKIP: OP/TOT relationship"
16182,CON-COM-1994-55,2514,8286,REPAIR
16184,CON-COM-1994-60,2516,8287,REPAIR
16196,CON-COM-1993-131,2528,8226,REPAIR
16197,CON-COM-1993-114,2529,8222,REPAIR
16204,CON-COM-1993-136,2536,8228,REPAIR
16207,CON-COM-1993-106,2539,8218,REPAIR
16214,CON-COM-1993-132,2546,8227,REPAIR
16215,RES-1981-38,2547,27392,REPAIR
16216,RES-1981-142,2548,26906,REPAIR
16217,RES-1981-358,2549,27370,REPAIR
16218,RES-1981-409,2550,,"SKIP: referenced as parent_prop_id"
16219,RES-1981-486,2551,27488,REPAIR
16220,RES-1981-957,2552,27852,REPAIR
16221,RES-1981-1098,2553,26709,REPAIR
16222,RES-1981-1303,2554,26835,REPAIR
16223,RES-1981-1421,2555,26908,REPAIR
16224,RES-1981-1436,2556,26918,REPAIR
16225,RES-1981-1444,2557,,"SKIP: OP/TOT relationship"
16226,RES-1981-1639,2558,,"SKIP: OP/TOT relationship"
16227,RES-1981-1701,2559,,"SKIP: OP/TOT relationship"
16228,RES-1981-1702,2560,,"SKIP: OP/TOT relationship"
16229,RES-1981-1703,2561,27109,REPAIR
16230,RES-1981-1705,2562,,"SKIP: OP/TOT relationship"
16231,RES-1981-1708,2563,27111,REPAIR
16232,RES-1981-1713,2564,27114,REPAIR
16233,RES-1981-1718,2565,27116,REPAIR
16234,RES-1981-1719,2566,27117,REPAIR
16235,RES-1981-1720,2567,27119,REPAIR
16236,RES-1981-1726,2568,27123,REPAIR
16237,RES-1981-1727,2569,27124,REPAIR
16238,RES-1981-1729,2570,27126,REPAIR
16239,RES-1981-1731,2571,27128,REPAIR
16240,RES-1981-1732,2572,,"SKIP: OP/TOT relationship"
16241,RES-1981-1734,2573,27131,REPAIR
16242,RES-1981-1736,2574,27132,REPAIR
16243,RES-1981-1737,2575,27133,REPAIR
16244,RES-1981-1739,2576,,"SKIP: OP/TOT relationship"
16245,RES-1981-1741,2577,27137,REPAIR
16246,RES-1981-1745,2578,27141,REPAIR
16247,RES-1981-1747,2579,27143,REPAIR
16248,RES-1981-1750,2580,27146,REPAIR
16249,RES-1981-1753,2581,27149,REPAIR
16250,RES-1981-1754,2582,27150,REPAIR
16251,RES-1981-1756,2583,27152,REPAIR
16252,RES-1981-1757,2584,27153,REPAIR
16253,RES-1981-1758,2585,27154,REPAIR
16254,RES-1981-1759,2586,27155,REPAIR
16255,RES-1981-1761,2587,,"SKIP: OP/TOT relationship"
16256,RES-1981-1762,2588,27159,REPAIR
16257,RES-1981-1765,2589,27161,REPAIR
16258,RES-1981-1768,2590,,"SKIP: OP/TOT relationship"
16259,RES-1981-1769,2591,27164,REPAIR
16260,RES-1981-1770,2592,27166,REPAIR
16261,RES-1981-1773,2593,27168,REPAIR
16262,RES-1981-1777,2594,27170,REPAIR
16263,RES-1981-1778,2595,27171,REPAIR
16264,RES-1981-1783,2596,27176,REPAIR
16265,RES-1981-1785,2597,27178,REPAIR
16266,RES-1981-1786,2598,27179,REPAIR
16267,RES-1981-1788,2599,27181,REPAIR
16268,RES-1981-1790,2600,27183,REPAIR
16269,RES-1981-1791,2601,,"SKIP: OP/TOT relationship"
16270,RES-1981-1793,2602,27185,REPAIR
16271,RES-1981-1795,2603,27186,REPAIR
16272,RES-1981-1796,2604,27187,REPAIR
16273,RES-1981-1797,2605,27188,REPAIR
16274,RES-1981-1798,2606,27189,REPAIR
16275,RES-1981-1800,2607,27191,REPAIR
16276,RES-1981-1827,2608,27194,REPAIR
16277,RES-1981-1829,2609,27195,REPAIR
16278,RES-1981-1830,2610,,"SKIP: OP/TOT relationship"
16279,RES-1982-1,2611,27882,REPAIR
16280,RES-1982-4,2612,29054,REPAIR
16282,RES-1982-6,2614,,"SKIP: OP/TOT relationship"
16283,RES-1982-7,2615,29295,REPAIR
16285,RES-1982-9,2617,29445,REPAIR
16286,RES-1982-10,2618,27883,REPAIR
16289,RES-1982-13,2621,28114,REPAIR
16291,RES-1982-16,2623,,"SKIP: OP/TOT relationship"
16294,RES-1982-19,2626,28562,REPAIR
16295,RES-1982-20,2627,28636,REPAIR
16296,RES-1982-21,2628,28709,REPAIR
16297,RES-1982-22,2629,,"SKIP: OP/TOT relationship"
16298,RES-1982-23,2630,,"SKIP: OP/TOT relationship"
16299,RES-1982-26,2631,28935,REPAIR
16302,RES-1982-29,2634,28959,REPAIR
16303,RES-1982-30,2635,,"SKIP: OP/TOT relationship"
16304,RES-1982-31,2636,28977,REPAIR
16305,RES-1982-32,2637,28984,REPAIR
16306,RES-1982-34,2638,,"SKIP: OP/TOT relationship"
16310,RES-1982-38,2642,29036,REPAIR
16314,RES-1982-42,2646,29068,REPAIR
16315,RES-1992-2001,2647,38904,REPAIR
16316,RES-1992-2002,2648,38905,REPAIR
16317,RES-1992-2003,2649,38906,REPAIR
16318,RES-1992-2004,2650,38907,REPAIR
16319,RES-1992-2005,2651,38908,REPAIR
16320,RES-1992-2006,2652,38909,REPAIR
16321,RES-1992-2008,2653,38911,REPAIR
16322,RES-1992-2010,2654,38913,REPAIR
16323,RES-1992-2011,2655,38914,REPAIR
16325,RES-1992-2017,2657,38917,REPAIR
16326,RES-1992-2018,2658,38918,REPAIR
16329,RES-1992-2325,2661,39047,REPAIR
16331,RES-1992-2327,2663,39048,REPAIR
16334,RES-1992-2007,2666,38910,REPAIR
16335,RES-1992-2232,2667,39026,REPAIR
16336,RES-1992-2266,2668,39036,REPAIR
16337,RES-1992-2180,2669,38999,REPAIR
16338,RES-1992-1903,2670,,"SKIP: OP/TOT relationship"
16340,RES-1992-2202,2672,39005,REPAIR
16342,RES-1992-2207,2674,39006,REPAIR
16343,RES-1992-2208,2675,39007,REPAIR
16344,RES-1992-2210,2676,39009,REPAIR
16345,RES-1992-2211,2677,39010,REPAIR
16346,RES-1992-2212,2678,,"SKIP: OP/TOT relationship"
16347,RES-1992-2213,2679,39012,REPAIR
16348,RES-1992-2214,2680,39013,REPAIR
16349,RES-1992-2216,2681,39015,REPAIR
16350,RES-1992-1665,2682,38755,REPAIR
16351,RES-1992-1901,2683,,"SKIP: OP/TOT relationship"
16352,RES-1992-1902,2684,38888,REPAIR
16353,RES-1992-1904,2685,38890,REPAIR
16354,RES-1992-1905,2686,38891,REPAIR
16355,RES-1992-1906,2687,38892,REPAIR
16356,RES-1992-1910,2688,38896,REPAIR
16357,RES-1992-1991,2689,38897,REPAIR
16358,RES-1992-1992,2690,38898,REPAIR
16359,RES-1992-1993,2691,38899,REPAIR
16361,RES-1992-1995,2693,38900,REPAIR
16363,RES-1992-2000,2695,38903,REPAIR
16364,RES-1992-2401,2696,39088,REPAIR
16365,RES-1992-2404,2697,39090,REPAIR
16366,RES-1992-2405,2698,39091,REPAIR
16367,RES-1992-2406,2699,39092,REPAIR
16368,RES-1992-2407,2700,39093,REPAIR
16377,RES-1992-2417,2708,39095,REPAIR
16379,RES-1992-2217,2710,39016,REPAIR
16381,RES-1992-2220,2712,39018,REPAIR
16382,RES-1992-2223,2713,39019,REPAIR
16385,RES-1992-2229,2716,39023,REPAIR
16386,RES-1992-2231,2717,39025,REPAIR
16389,RES-1992-2236,2720,39027,REPAIR
16390,RES-1992-2241,2721,39028,REPAIR
16392,RES-1992-2250,2723,39031,REPAIR
16394,RES-1992-2254,2725,39033,REPAIR
16395,RES-1992-2255,2726,39034,REPAIR
16398,RES-1992-2263,2729,39035,REPAIR
16399,RES-1992-2267,2730,39037,REPAIR
16400,RES-1992-2271,2731,,"SKIP: referenced as parent_prop_id"
16411,RES-1992-2188,2741,39000,REPAIR
16412,RES-1992-2199,2742,39002,REPAIR
16414,CON-AG-1982-370,2744,6985,REPAIR
16416,CON-RES-RC-1981-128,2746,17747,REPAIR
16420,CON-AG-1982-360,2750,6982,REPAIR
16424,CON-AG-1995-85,2754,7405,REPAIR
16427,CON-RES-RC-1981-102,2757,,"SKIP: OP/TOT relationship"
16428,CON-RES-RC-1981-104,2758,,"SKIP: OP/TOT relationship"
16429,CON-RES-RC-1981-127,2759,17746,REPAIR
16430,CON-RES-RC-1981-143,2760,17759,REPAIR
16431,CON-RES-RC-1981-106,2761,,"SKIP: OP/TOT relationship"
16432,CON-RES-RC-1981-107,2762,17729,REPAIR
16433,CON-RES-RC-1981-101,2763,17724,REPAIR
16435,CON-AG-1981-54,2765,6852,REPAIR
16436,CON-RES-RC-1981-158,2766,17773,REPAIR
16438,CON-AG-1982-427,2768,7003,REPAIR
16439,CON-AG-1985-151,2769,7181,REPAIR
16440,CON-AG-RC-1985-6,2770,7633,REPAIR
16442,CON-AG-1982-584,2772,7046,REPAIR
16450,CON-AG-1982-398,2780,6995,REPAIR
16452,CON-AG-1982-336,2782,6973,REPAIR
16453,CON-AG-1981-355,2783,6840,REPAIR
16454,CON-AG-1984-152,2784,7139,REPAIR
16456,CON-AG-1982-226,2786,6936,REPAIR
16459,CON-RES-RC-1982-515,2789,18241,REPAIR
16460,CON-RES-RC-1982-518,2790,,"SKIP: OP/TOT relationship"
16463,CON-AG-1982-292,2793,6962,REPAIR
16464,CON-COM-1990-55,2794,,"SKIP: referenced as parent_prop_id"
16465,CON-AG-1982-289,2795,6961,REPAIR
16466,CON-COM-1998-12,2796,8387,REPAIR
16467,CON-AG-1982-504,2797,7026,REPAIR
16471,CON-AG-1989-45,2801,7329,REPAIR
16474,CON-AG-1982-569,2804,7039,REPAIR
16476,CON-AG-1982-555,2806,7036,REPAIR
16480,CON-AG-1989-27,2810,7320,REPAIR
16481,CON-COM-1998-8,2811,8420,REPAIR
16483,CON-AG-1982-267,2813,6953,REPAIR
16488,CON-AG-1982-276,2818,6956,REPAIR
16491,CON-AG-1982-277,2821,6957,REPAIR
16494,CON-AG-1982-415,2824,7002,REPAIR
16495,CON-AG-1982-263,2825,6951,REPAIR
16496,CON-AG-1982-264,2826,6952,REPAIR
16498,CON-AG-1989-116,2828,7314,REPAIR
16501,CON-AG-1989-30,2831,7324,REPAIR
16502,CON-AG-1982-91,2832,,"SKIP: OP/TOT relationship"
16504,CON-AG-1998-50,2834,7430,REPAIR
16506,CON-AG-1981-52,2836,6851,REPAIR
16510,CON-COM-1986-17,2840,8007,REPAIR
16513,RES-1982-173,2843,28442,REPAIR
16514,RES-1982-171,2844,,"SKIP: OP/TOT relationship"
16515,RES-1982-188,2845,28548,REPAIR
16516,RES-1982-170,2846,,"SKIP: OP/TOT relationship"
16517,RES-1982-168,2847,28404,REPAIR
16518,RES-1982-167,2848,28393,REPAIR
16519,RES-1982-166,2849,28384,REPAIR
16520,RES-1982-132,2850,28129,REPAIR
16521,RES-1982-165,2851,28374,REPAIR
16522,RES-1982-164,2852,,"SKIP: OP/TOT relationship"
16523,RES-1982-158,2853,28307,REPAIR
16524,RES-1982-159,2854,28318,REPAIR
16525,RES-1982-154,2855,,"SKIP: OP/TOT relationship"
16526,RES-1982-152,2856,28264,REPAIR
16527,RES-1982-149,2857,28244,REPAIR
16528,RES-1982-145,2858,28218,REPAIR
16529,RES-1982-142,2859,28200,REPAIR
16530,RES-1982-160,2860,28328,REPAIR
16531,RES-1982-193,2861,28590,REPAIR
16532,RES-1982-191,2862,28573,REPAIR
16533,RES-1982-190,2863,,"SKIP: OP/TOT relationship"
16534,RES-1982-185,2864,,"SKIP: OP/TOT relationship"
16535,RES-1982-184,2865,28520,REPAIR
16536,RES-1982-187,2866,28541,REPAIR
16537,RES-1982-175,2867,28454,REPAIR
16542,RES-1982-199,2872,,"SKIP: OP/TOT relationship"
16543,RES-1982-201,2873,,"SKIP: OP/TOT relationship"
16544,RES-1982-144,2874,,"SKIP: OP/TOT relationship"
16545,RES-1982-138,2875,,"SKIP: OP/TOT relationship"
16546,RES-1982-148,2876,,"SKIP: OP/TOT relationship"
16547,RES-1982-179,2877,,"SKIP: OP/TOT relationship"
16548,RES-1982-180,2878,28492,REPAIR
16549,RES-1982-181,2879,28502,REPAIR
16551,RES-1982-45,2881,,"SKIP: OP/TOT relationship"
16552,RES-1982-46,2882,29101,REPAIR
16554,RES-1982-49,2884,29120,REPAIR
16556,RES-1982-52,2886,29143,REPAIR
16557,RES-1982-53,2887,,"SKIP: OP/TOT relationship"
16559,RES-1982-57,2889,29183,REPAIR
16561,RES-1982-59,2891,29202,REPAIR
16563,RES-1982-62,2893,29224,REPAIR
16564,RES-1982-63,2894,29233,REPAIR
16566,RES-1982-66,2896,29260,REPAIR
16568,RES-1982-68,2898,,"SKIP: OP/TOT relationship"
16569,RES-1982-69,2899,29287,REPAIR
16570,RES-1982-70,2900,,"SKIP: OP/TOT relationship"
16571,RES-1982-72,2901,29307,REPAIR
16574,RES-1982-76,2904,29335,REPAIR
16576,RES-1982-79,2906,29363,REPAIR
16577,RES-1982-80,2907,29369,REPAIR
16578,RES-1982-81,2908,29378,REPAIR
16579,RES-1982-82,2909,29386,REPAIR
16582,RES-1982-85,2912,29406,REPAIR
16583,RES-1982-86,2913,29412,REPAIR
16585,RES-1982-90,2915,29446,REPAIR
16586,RES-1982-91,2916,,"SKIP: OP/TOT relationship"
16587,RES-1982-92,2917,29461,REPAIR
16588,RES-1982-93,2918,29469,REPAIR
16589,RES-1982-94,2919,29473,REPAIR
16591,RES-1982-96,2921,29481,REPAIR
16592,RES-1982-97,2922,29489,REPAIR
16594,RES-1982-99,2924,29506,REPAIR
16595,RES-1982-100,2925,27884,REPAIR
16596,RES-1982-101,2926,,"SKIP: OP/TOT relationship"
16597,RES-1982-102,2927,,"SKIP: OP/TOT relationship"
16598,RES-1982-103,2928,27909,REPAIR
16599,RES-1982-104,2929,27917,REPAIR
16600,RES-1982-112,2930,27988,REPAIR
16601,RES-1982-116,2931,,"SKIP: OP/TOT relationship"
16602,RES-1982-117,2932,,"SKIP: OP/TOT relationship"
16603,RES-1982-119,2933,28043,REPAIR
16604,RES-1982-120,2934,28048,REPAIR
16605,RES-1982-121,2935,28054,REPAIR
16606,RES-1982-123,2936,,"SKIP: OP/TOT relationship"
16607,RES-1982-125,2937,28076,REPAIR
16608,RES-1982-126,2938,28083,REPAIR
16609,RES-1982-131,2939,28122,REPAIR
16610,RES-1992-2664,2940,39147,REPAIR
16612,RES-1992-2657,2942,39144,REPAIR
16614,RES-1992-2660,2944,39145,REPAIR
16617,RES-1992-2663,2947,39146,REPAIR
16619,RES-1992-2669,2949,39151,REPAIR
16621,RES-1992-2665,2951,39148,REPAIR
16622,RES-1992-2666,2952,39149,REPAIR
16623,RES-1992-2019,2953,38919,REPAIR
16624,RES-1992-2020,2954,38920,REPAIR
16625,RES-1992-2021,2955,38921,REPAIR
16626,RES-1992-2022,2956,38922,REPAIR
16627,RES-1992-2024,2957,38924,REPAIR
16628,RES-1992-2025,2958,38925,REPAIR
16629,RES-1992-2026,2959,38926,REPAIR
16632,RES-1992-2032,2962,38930,REPAIR
16633,RES-1992-2033,2963,38931,REPAIR
16634,RES-1992-2035,2964,38933,REPAIR
16635,RES-1992-2037,2965,38935,REPAIR
16636,RES-1992-2038,2966,38936,REPAIR
16637,RES-1992-2039,2967,38937,REPAIR
16638,RES-1992-2040,2968,38938,REPAIR
16639,RES-1992-2042,2969,38940,REPAIR
16640,RES-1992-2044,2970,,"SKIP: OP/TOT relationship"
16641,RES-1992-2045,2971,38943,REPAIR
16642,RES-1992-2046,2972,38944,REPAIR
16643,RES-1992-2047,2973,38945,REPAIR
16644,RES-1992-2048,2974,38946,REPAIR
16645,RES-1992-2049,2975,38947,REPAIR
16646,RES-1992-2050,2976,38948,REPAIR
16647,RES-1992-2051,2977,38949,REPAIR
16648,RES-1992-2052,2978,38950,REPAIR
16649,RES-1992-2053,2979,38951,REPAIR
16650,RES-1992-2054,2980,38952,REPAIR
16651,RES-1992-2055,2981,38953,REPAIR
16652,RES-1992-2056,2982,38954,REPAIR
16653,RES-1992-2057,2983,38955,REPAIR
16654,RES-1992-2060,2984,38957,REPAIR
16655,RES-1992-2061,2985,38958,REPAIR
16656,RES-1992-2062,2986,38959,REPAIR
16657,RES-1992-2063,2987,38960,REPAIR
16658,RES-1992-2064,2988,38961,REPAIR
16659,RES-1992-2065,2989,38962,REPAIR
16660,RES-1992-2066,2990,38963,REPAIR
16661,RES-1992-2067,2991,38964,REPAIR
16662,RES-1992-2068,2992,38965,REPAIR
16663,RES-1992-2069,2993,,"SKIP: OP/TOT relationship"
16664,RES-1992-2070,2994,38967,REPAIR
16665,RES-1992-2071,2995,,"SKIP: referenced as parent_prop_id"
16666,RES-1992-2073,2996,38970,REPAIR
16667,RES-1992-2074,2997,38971,REPAIR
16668,RES-1992-2075,2998,38972,REPAIR
16669,RES-1992-2076,2999,38973,REPAIR
16670,RES-1992-2077,3000,38974,REPAIR
16671,RES-1992-2078,3001,38975,REPAIR
16672,RES-1992-2079,3002,38976,REPAIR
16673,RES-1992-2080,3003,38977,REPAIR
16674,RES-1992-2082,3004,38979,REPAIR
16675,RES-1992-2084,3005,,"SKIP: OP/TOT relationship"
16676,RES-1992-2086,3006,38983,REPAIR
16677,RES-1992-2087,3007,38984,REPAIR
16678,RES-1992-2088,3008,38985,REPAIR
16679,RES-1992-2089,3009,38986,REPAIR
16680,RES-1992-2091,3010,38988,REPAIR
16681,RES-1992-2092,3011,,"SKIP: OP/TOT relationship"
16684,RES-1992-2095,3014,38990,REPAIR
16687,RES-1992-2099,3017,38991,REPAIR
16688,RES-1992-2100,3018,38992,REPAIR
16702,CON-RES-RC-1981-152,3032,17767,REPAIR
16703,CON-AG-RC-1985-3,3033,7630,REPAIR
16704,CON-AG-RC-1985-4,3034,7631,REPAIR
16705,CON-AG-1983-44,3035,7118,REPAIR
16707,CON-AG-1983-234,3037,7109,REPAIR
16708,CON-AG-1982-357,3038,6980,REPAIR
16709,CON-AG-1982-358,3039,6981,REPAIR
16710,CON-AG-1982-233,3040,6941,REPAIR
16711,CON-RES-RC-1981-125,3041,,"SKIP: OP/TOT relationship"
16712,CON-RES-RC-1981-140,3042,17758,REPAIR
16713,CON-RES-RC-1981-154,3043,17769,REPAIR
16714,CON-RES-RC-1981-139,3044,17756,REPAIR
16715,CON-AG-1982-218,3045,6934,REPAIR
16716,CON-AG-1983-244,3046,7110,REPAIR
16718,CON-AG-1986-84,3048,7240,REPAIR
16724,CON-AG-1982-245,3054,6946,REPAIR
16725,CON-RES-RC-1982-535,3055,,"SKIP: OP/TOT relationship"
16726,CON-RES-RC-1982-523,3056,18249,REPAIR
16727,CON-AG-1986-97,3057,7243,REPAIR
16737,CON-RES-1982-516,3067,,"SKIP: OP/TOT relationship"
16738,CON-AG-1993-56,3068,7368,REPAIR
16739,CON-AG-RC-1985-2,3069,7629,REPAIR
16741,CON-AG-1983-79,3071,7122,REPAIR
16742,CON-AG-1983-219,3072,7103,REPAIR
16745,CON-AG-1982-215,3075,6932,REPAIR
16747,CON-RES-RC-1981-145,3077,17761,REPAIR
16749,CON-RES-RC-1981-159,3079,17774,REPAIR
16750,CON-RES-RC-1981-135,3080,17753,REPAIR
16751,CON-RES-RC-1981-163,3081,,"SKIP: OP/TOT relationship"
16752,CON-AG-1982-231,3082,6939,REPAIR
16753,CON-AG-1983-216,3083,7102,REPAIR
16755,CON-AG-1983-230,3085,7107,REPAIR
16757,CON-AG-1989-60,3087,7331,REPAIR
16758,CON-AG-1986-51,3088,7227,REPAIR
16759,CON-AG-1982-129,3089,6892,REPAIR
16763,CON-AG-1982-232,3093,6940,REPAIR
16764,CON-AG-1982-211,3094,6930,REPAIR
16765,CON-RES-RC-1981-161,3095,17776,REPAIR
16766,CON-RES-RC-1981-164,3096,17778,REPAIR
16767,CON-AG-1981-43,3097,6844,REPAIR
16769,CON-RES-RC-1982-727,3099,18437,REPAIR
16770,CON-RES-RC-1982-503,3100,18231,REPAIR
16771,CON-RES-RC-1982-537,3101,18264,REPAIR
16772,CON-AG-1982-37,3102,6984,REPAIR
16774,CON-AG-1982-449,3104,7007,REPAIR
16777,CON-AG-1986-53,3107,7228,REPAIR
16778,CON-RES-RC-1982-525,3108,,"SKIP: OP/TOT relationship"
16779,CON-RES-RC-1982-725,3109,,"SKIP: OP/TOT relationship"
16780,CON-RES-RC-1982-726,3110,18436,REPAIR
16781,CON-RES-RC-1982-533,3111,18260,REPAIR
16782,CON-RES-RC-1982-524,3112,18250,REPAIR
16784,CON-RES-RC-1982-728,3114,18438,REPAIR
16787,CON-COM-1989-110,3117,8084,REPAIR
16790,CON-COM-1989-77,3120,8107,REPAIR
16795,CON-RES-1981-303,3125,10852,REPAIR
16796,CON-AG-1989-102,3126,7312,REPAIR
16801,RES-1981-211,3131,27226,REPAIR
16803,RES-1982-217,3133,,"SKIP: OP/TOT relationship"
16804,RES-1982-207,3134,28686,REPAIR
16805,RES-1982-208,3135,,"SKIP: OP/TOT relationship"
16806,RES-1982-218,3136,28766,REPAIR
16807,RES-1982-220,3137,28782,REPAIR
16808,RES-1982-221,3138,,"SKIP: OP/TOT relationship"
16809,RES-1982-222,3139,28803,REPAIR
16810,RES-1982-225,3140,28825,REPAIR
16812,RES-1982-224,3142,28819,REPAIR
16813,RES-1982-227,3143,28832,REPAIR
16814,RES-1982-229,3144,28846,REPAIR
16815,RES-1982-230,3145,28854,REPAIR
16816,RES-1982-231,3146,28860,REPAIR
16817,RES-1982-232,3147,28869,REPAIR
16818,RES-1982-233,3148,,"SKIP: OP/TOT relationship"
16819,RES-1982-234,3149,28881,REPAIR
16822,RES-1982-240,3152,,"SKIP: OP/TOT relationship"
16824,RES-1982-242,3154,,"SKIP: OP/TOT relationship"
16825,RES-1982-244,3155,,"SKIP: OP/TOT relationship"
16826,RES-1982-245,3156,,"SKIP: OP/TOT relationship"
16828,RES-1982-249,3158,,"SKIP: OP/TOT relationship"
16830,RES-1982-248,3160,28925,REPAIR
16831,RES-1982-250,3161,,"SKIP: OP/TOT relationship"
16832,RES-1982-251,3162,28929,REPAIR
16833,RES-1982-252,3163,28930,REPAIR
16834,RES-1982-253,3164,28931,REPAIR
16835,RES-1982-254,3165,,"SKIP: OP/TOT relationship"
16836,RES-1982-255,3166,,"SKIP: OP/TOT relationship"
16838,RES-1982-257,3168,28934,REPAIR
16840,RES-1982-260,3170,28936,REPAIR
16843,RES-1982-264,3172,28940,REPAIR
16844,RES-1982-265,3173,28941,REPAIR
16849,RES-1982-271,3178,28943,REPAIR
16850,RES-1982-275,3179,28946,REPAIR
16852,RES-1982-274,3181,,"SKIP: OP/TOT relationship"
16853,RES-1982-278,3182,28949,REPAIR
16854,RES-1982-276,3183,,"SKIP: OP/TOT relationship"
16857,RES-1982-282,3186,,"SKIP: OP/TOT relationship"
16858,RES-1982-283,3187,,"SKIP: OP/TOT relationship"
16859,RES-1982-284,3188,,"SKIP: OP/TOT relationship"
16861,RES-1982-286,3190,28955,REPAIR
16862,RES-1982-289,3191,28958,REPAIR
16863,RES-1982-290,3192,,"SKIP: OP/TOT relationship"
16864,RES-1982-291,3193,,"SKIP: OP/TOT relationship"
16865,RES-1982-292,3194,,"SKIP: OP/TOT relationship"
16867,RES-1982-294,3196,,"SKIP: OP/TOT relationship"
16868,RES-1982-295,3197,,"SKIP: OP/TOT relationship"
16869,RES-1982-296,3198,28965,REPAIR
16870,RES-1982-299,3199,,"SKIP: OP/TOT relationship"
16871,RES-1982-300,3200,,"SKIP: OP/TOT relationship"
16872,RES-1982-303,3201,,"SKIP: OP/TOT relationship"
16873,RES-1982-304,3202,28973,REPAIR
16874,RES-1982-307,3203,28975,REPAIR
16875,RES-1982-310,3204,28978,REPAIR
16876,RES-1982-311,3205,28979,REPAIR
16877,RES-1982-312,3206,28980,REPAIR
16878,RES-1982-313,3207,28981,REPAIR
16879,RES-1982-314,3208,28982,REPAIR
16881,RES-1982-321,3210,,"SKIP: OP/TOT relationship"
16883,RES-1982-326,3212,28990,REPAIR
16884,RES-1982-327,3213,,"SKIP: OP/TOT relationship"
16885,RES-1982-329,3214,28992,REPAIR
16886,RES-1982-330,3215,,"SKIP: OP/TOT relationship"
16887,RES-1982-332,3216,28995,REPAIR
16888,RES-1982-334,3217,28997,REPAIR
16889,RES-1982-335,3218,,"SKIP: OP/TOT relationship"
16890,RES-1982-337,3219,,"SKIP: OP/TOT relationship"
16891,RES-1982-338,3220,29001,REPAIR
16892,RES-1982-341,3221,,"SKIP: OP/TOT relationship"
16893,RES-1982-343,3222,,"SKIP: OP/TOT relationship"
16894,RES-1992-2465,3223,39099,REPAIR
16895,RES-1992-2376,3224,39077,REPAIR
16896,RES-1992-2375,3225,39076,REPAIR
16897,RES-1992-2479,3226,39102,REPAIR
16908,RES-1992-2476,3237,39101,REPAIR
16914,RES-1992-2489,3243,39104,REPAIR
16921,RES-1992-2499,3250,39106,REPAIR
16922,RES-1992-2500,3251,39107,REPAIR
16931,RES-1992-2512,3260,39110,REPAIR
16938,RES-1992-2329,3267,39049,REPAIR
16940,RES-1992-2331,3269,39050,REPAIR
16942,RES-1992-2333,3271,39051,REPAIR
16943,RES-1992-2335,3272,39053,REPAIR
16944,RES-1992-2336,3273,39054,REPAIR
16946,RES-1992-2339,3275,39055,REPAIR
16948,RES-1992-2342,3277,39056,REPAIR
16949,RES-1992-2344,3278,39057,REPAIR
16950,RES-1992-2345,3279,39058,REPAIR
16952,RES-1992-2347,3281,39059,REPAIR
16954,RES-1992-2349,3283,39060,REPAIR
16955,RES-1992-2351,3284,39061,REPAIR
16956,RES-1992-2352,3285,39062,REPAIR
16957,RES-1992-2353,3286,39063,REPAIR
16958,RES-1992-2354,3287,39064,REPAIR
16959,RES-1992-2355,3288,39065,REPAIR
16960,RES-1992-2356,3289,39066,REPAIR
16961,RES-1992-2363,3290,39068,REPAIR
16962,RES-1992-2364,3291,39069,REPAIR
16963,RES-1992-2365,3292,39070,REPAIR
16964,RES-1992-2367,3293,39071,REPAIR
16965,RES-1992-2368,3294,39072,REPAIR
16966,RES-1992-2370,3295,39073,REPAIR
16967,RES-1992-2371,3296,39074,REPAIR
16968,RES-1992-2372,3297,39075,REPAIR
16969,RES-1992-2377,3298,39078,REPAIR
16970,RES-1992-2381,3299,39079,REPAIR
16971,RES-1992-2382,3300,39080,REPAIR
16973,RES-1992-2384,3302,39081,REPAIR
16974,RES-1992-2396,3303,39085,REPAIR
16975,RES-1992-2398,3304,39086,REPAIR
16977,CON-RES-RC-1981-148,3306,,"SKIP: OP/TOT relationship"
16978,CON-AG-1983-91,3307,7126,REPAIR
16979,CON-AG-1983-96,3308,7128,REPAIR
16980,CON-AG-1983-95,3309,7127,REPAIR
16988,CON-AG-1985-30,3317,7186,REPAIR
16996,CON-AG-1988-89,3325,7310,REPAIR
17003,CON-AG-1988-111,3332,7289,REPAIR
17005,CON-AG-1988-92,3334,7311,REPAIR
17008,CON-COM-1986-31,3337,8011,REPAIR
17014,CON-AG-1988-78,3343,7308,REPAIR
17026,CON-AG-1988-104,3355,7287,REPAIR
17027,CON-AG-1982-208,3356,6929,REPAIR
17030,CON-COM-1986-88,3359,8031,REPAIR
17031,CON-COM-1982-273,3360,7794,REPAIR
17034,CON-COM-1982-274,3363,7795,REPAIR
17036,CON-COM-1982-236,3365,7779,REPAIR
17043,CON-COM-1982-24,3372,7782,REPAIR
17044,CON-COM-1982-4,3373,,"SKIP: OP/TOT relationship"
17045,CON-COM-1982-15,3374,7739,REPAIR
17046,CON-COM-1981-120,3375,7663,REPAIR
17047,CON-COM-1982-128,3376,,"SKIP: OP/TOT relationship"
17052,CON-COM-1988-74,3381,8082,REPAIR
17054,CON-COM-1987-124,3383,8041,REPAIR
17055,CON-COM-1981-113,3384,7662,REPAIR
17056,CON-AG-1987-100,3385,7244,REPAIR
17057,CON-AG-1987-97,3386,7283,REPAIR
17058,CON-AG-1984-144,3387,7137,REPAIR
17059,CON-COM-1982-121,3388,7725,REPAIR
17061,CON-COM-1985-99,3390,8002,REPAIR
17062,CON-AG-1986-59,3391,7232,REPAIR
17063,CON-AG-1986-67,3392,7235,REPAIR
17064,CON-AG-1986-55,3393,7230,REPAIR
17065,CON-AG-1986-70,3394,7236,REPAIR
17067,RES-1982-653,3396,29254,REPAIR
17068,RES-1982-665,3397,29266,REPAIR
17069,RES-1982-666,3398,,"SKIP: OP/TOT relationship"
17070,RES-1982-667,3399,29268,REPAIR
17071,RES-1982-673,3400,29271,REPAIR
17072,RES-1982-675,3401,29273,REPAIR
17073,RES-1982-676,3402,29274,REPAIR
17074,RES-1982-677,3403,,"SKIP: OP/TOT relationship"
17075,RES-1982-678,3404,29276,REPAIR
17076,RES-1982-679,3405,,"SKIP: OP/TOT relationship"
17077,RES-1982-680,3406,29279,REPAIR
17078,RES-1982-681,3407,29280,REPAIR
17079,RES-1982-683,3408,29282,REPAIR
17080,RES-1982-684,3409,29283,REPAIR
17081,RES-1982-672,3410,,"SKIP: OP/TOT relationship"
17082,RES-1982-687,3411,29286,REPAIR
17084,RES-1982-699,3413,29294,REPAIR
17085,RES-1982-691,3414,29288,REPAIR
17086,RES-1982-686,3415,,"SKIP: OP/TOT relationship"
17088,RES-1982-356,3417,,"SKIP: referenced as parent_prop_id"
17089,RES-1982-354,3418,,"SKIP: referenced as parent_prop_id"
17090,RES-1982-349,3419,29010,REPAIR
17091,RES-1982-344,3420,29007,REPAIR
17092,RES-1982-379,3421,29034,REPAIR
17093,RES-1982-385,3422,29040,REPAIR
17094,RES-1982-377,3423,29032,REPAIR
17095,RES-1982-365,3424,29024,REPAIR
17096,RES-1982-357,3425,29017,REPAIR
17097,RES-1982-368,3426,29027,REPAIR
17098,RES-1982-373,3427,29028,REPAIR
17099,RES-1982-375,3428,29030,REPAIR
17100,RES-1982-399,3429,29053,REPAIR
17101,RES-1982-342,3430,29005,REPAIR
17102,RES-1982-346,3431,,"SKIP: OP/TOT relationship"
17103,RES-1982-374,3432,29029,REPAIR
17104,RES-1982-359,3433,,"SKIP: OP/TOT relationship"
17105,RES-1982-384,3434,,"SKIP: OP/TOT relationship"
17106,RES-1982-360,3435,,"SKIP: OP/TOT relationship"
17107,RES-1982-352,3436,29013,REPAIR
17108,RES-1982-378,3437,,"SKIP: OP/TOT relationship"
17109,RES-1982-353,3438,,"SKIP: OP/TOT relationship"
17110,RES-1982-358,3439,,"SKIP: OP/TOT relationship"
17111,RES-1982-391,3440,,"SKIP: OP/TOT relationship"
17112,RES-1982-382,3441,,"SKIP: OP/TOT relationship"
17113,RES-1982-383,3442,29038,REPAIR
17114,RES-1982-386,3443,29041,REPAIR
17115,RES-1982-400,3444,29055,REPAIR
17116,RES-1982-397,3445,,"SKIP: OP/TOT relationship"
17117,RES-1982-396,3446,29050,REPAIR
17118,RES-1982-393,3447,29049,REPAIR
17119,RES-1982-390,3448,,"SKIP: OP/TOT relationship"
17120,RES-1982-447,3449,29090,REPAIR
17121,RES-1982-449,3450,29092,REPAIR
17122,RES-1982-450,3451,29094,REPAIR
17123,RES-1982-453,3452,29095,REPAIR
17124,RES-1982-445,3453,,"SKIP: OP/TOT relationship"
17127,RES-1982-441,3456,29085,REPAIR
17128,RES-1982-436,3457,29081,REPAIR
17129,RES-1982-435,3458,,"SKIP: OP/TOT relationship"
17133,RES-1982-431,3461,29077,REPAIR
17135,RES-1982-428,3463,29075,REPAIR
17136,RES-1982-457,3464,,"SKIP: OP/TOT relationship"
17137,RES-1982-442,3465,,"SKIP: OP/TOT relationship"
17138,RES-1982-444,3466,,"SKIP: OP/TOT relationship"
17139,RES-1982-426,3467,,"SKIP: OP/TOT relationship"
17140,RES-1982-439,3468,,"SKIP: OP/TOT relationship"
17141,RES-1982-427,3469,,"SKIP: OP/TOT relationship"
17142,RES-1982-430,3470,,"SKIP: OP/TOT relationship"
17143,RES-1982-456,3471,,"SKIP: OP/TOT relationship"
17144,RES-1982-515,3472,29139,REPAIR
17145,RES-1982-516,3473,29140,REPAIR
17146,RES-1982-517,3474,29141,REPAIR
17147,RES-1982-518,3475,29142,REPAIR
17149,RES-1982-521,3477,29145,REPAIR
17150,RES-1982-500,3478,29126,REPAIR
17153,RES-1982-506,3481,29130,REPAIR
17156,RES-1982-513,3484,,"SKIP: OP/TOT relationship"
17173,RES-1992-2718,3500,39166,REPAIR
17175,RES-1992-2720,3502,39167,REPAIR
17176,RES-1992-2721,3503,39168,REPAIR
17191,RES-1992-2737,3518,39170,REPAIR
17193,RES-1992-2739,3520,39171,REPAIR
17205,RES-1992-2752,3532,39173,REPAIR
17208,RES-1992-2755,3535,39174,REPAIR
17209,RES-1992-2757,3536,39176,REPAIR
17210,RES-1992-2759,3537,39178,REPAIR
17220,RES-1992-2768,3546,39180,REPAIR
17228,RES-1992-2700,3554,,"SKIP: OP/TOT relationship"
17229,RES-1992-2696,3555,39161,REPAIR
17232,RES-1992-2650,3558,39141,REPAIR
17234,RES-1992-2652,3560,39142,REPAIR
17235,RES-1992-2634,3561,39138,REPAIR
17236,RES-1992-2655,3562,39143,REPAIR
17238,RES-1992-2671,3564,39152,REPAIR
17242,RES-1992-2676,3568,39153,REPAIR
17243,RES-1992-2678,3569,39154,REPAIR
17245,RES-1992-2680,3571,39156,REPAIR
17246,RES-1992-2681,3572,39157,REPAIR
17247,RES-1992-2682,3573,,"SKIP: OP/TOT relationship"
17249,RES-1992-2684,3575,39159,REPAIR
17252,RES-1999-2694,3578,46217,REPAIR
17262,RES-1982-480,3588,29113,REPAIR
17263,RES-1982-483,3589,,"SKIP: OP/TOT relationship"
17264,RES-1982-469,3590,,"SKIP: OP/TOT relationship"
17265,RES-1982-471,3591,29108,REPAIR
17266,RES-1982-474,3592,29109,REPAIR
17267,RES-1982-475,3593,,"SKIP: OP/TOT relationship"
17268,RES-1982-479,3594,29112,REPAIR
17269,RES-1982-458,3595,,"SKIP: OP/TOT relationship"
17270,RES-1982-465,3596,29104,REPAIR
17271,RES-1982-466,3597,29105,REPAIR
17272,RES-1982-459,3598,29100,REPAIR
17274,RES-1982-861,3600,29413,REPAIR
17275,RES-1982-859,3601,29411,REPAIR
17276,RES-1982-853,3602,29409,REPAIR
17277,RES-1982-1069,3603,27944,REPAIR
17278,RES-1982-1071,3604,27947,REPAIR
17279,RES-1982-862,3605,,"SKIP: OP/TOT relationship"
17280,RES-1982-868,3606,29417,REPAIR
17281,RES-1982-870,3607,,"SKIP: OP/TOT relationship"
17282,RES-1982-874,3608,29422,REPAIR
17283,RES-1982-877,3609,29423,REPAIR
17284,RES-1982-878,3610,29424,REPAIR
17285,RES-1982-879,3611,29425,REPAIR
17286,RES-1982-881,3612,29428,REPAIR
17287,RES-1982-885,3613,29431,REPAIR
17288,RES-1982-888,3614,29433,REPAIR
17289,RES-1982-889,3615,,"SKIP: OP/TOT relationship"
17290,RES-1982-892,3616,29437,REPAIR
17292,RES-1982-893,3618,,"SKIP: OP/TOT relationship"
17293,RES-1982-894,3619,29439,REPAIR
17294,RES-1982-896,3620,29441,REPAIR
17295,RES-1982-897,3621,29442,REPAIR
17296,RES-1982-898,3622,29443,REPAIR
17297,RES-1982-1033,3623,27913,REPAIR
17298,RES-1982-1013,3624,,"SKIP: OP/TOT relationship"
17299,RES-1982-1007,3625,27889,REPAIR
17300,RES-1982-1011,3626,27893,REPAIR
17301,RES-1982-1012,3627,27894,REPAIR
17302,RES-1982-1015,3628,,"SKIP: OP/TOT relationship"
17303,RES-1982-1017,3629,27899,REPAIR
17304,RES-1982-1019,3630,,"SKIP: OP/TOT relationship"
17305,RES-1982-1016,3631,,"SKIP: OP/TOT relationship"
17306,RES-1982-1021,3632,27902,REPAIR
17307,RES-1982-1022,3633,27903,REPAIR
17308,RES-1982-1023,3634,27904,REPAIR
17309,RES-1982-1024,3635,27905,REPAIR
17310,RES-1982-1027,3636,27907,REPAIR
17311,RES-1982-1025,3637,27906,REPAIR
17312,RES-1982-1028,3638,27908,REPAIR
17313,RES-1982-1031,3639,,"SKIP: OP/TOT relationship"
17314,RES-1982-1030,3640,,"SKIP: OP/TOT relationship"
17315,RES-1982-1034,3641,27914,REPAIR
17316,RES-1982-1038,3642,27916,REPAIR
17317,RES-1982-1040,3643,27918,REPAIR
17318,RES-1982-1042,3644,27919,REPAIR
17319,RES-1982-1043,3645,,"SKIP: OP/TOT relationship"
17320,RES-1982-1045,3646,27921,REPAIR
17321,RES-1982-1046,3647,27922,REPAIR
17322,RES-1982-1048,3648,,"SKIP: OP/TOT relationship"
17323,RES-1982-1049,3649,,"SKIP: OP/TOT relationship"
17324,RES-1982-1052,3650,27928,REPAIR
17325,RES-1982-1053,3651,27929,REPAIR
17326,RES-1982-1057,3652,27932,REPAIR
17327,RES-1982-1066,3653,27942,REPAIR
17329,RES-1982-1065,3655,27941,REPAIR
17330,RES-1982-1062,3656,,"SKIP: OP/TOT relationship"
17331,RES-1982-1055,3657,27931,REPAIR
17332,RES-1982-856,3658,,"SKIP: OP/TOT relationship"
17333,RES-1982-1068,3659,,"SKIP: OP/TOT relationship"
17334,RES-1982-1073,3660,,"SKIP: OP/TOT relationship"
17335,RES-1982-1074,3661,27950,REPAIR
17336,RES-1982-1075,3662,27951,REPAIR
17337,RES-1982-1077,3663,27953,REPAIR
17338,RES-1982-1078,3664,27954,REPAIR
17339,RES-1982-1080,3665,27956,REPAIR
17340,RES-1982-1082,3666,27958,REPAIR
17341,RES-1982-1083,3667,27959,REPAIR
17343,RES-1982-1085,3669,27960,REPAIR
17344,RES-1982-1037,3670,27915,REPAIR
17345,RES-1982-867,3671,,"SKIP: OP/TOT relationship"
17347,RES-1982-1088,3673,,"SKIP: OP/TOT relationship"
17349,RES-1982-1090,3675,,"SKIP: OP/TOT relationship"
17350,RES-1982-1091,3676,27964,REPAIR
17351,RES-1982-1092,3677,27965,REPAIR
17355,RES-1982-1094,3681,27966,REPAIR
17356,RES-1982-1095,3682,27967,REPAIR
17357,RES-1982-1096,3683,,"SKIP: OP/TOT relationship"
17358,RES-1982-1097,3684,,"SKIP: OP/TOT relationship"
17359,RES-1982-1100,3685,27970,REPAIR
17360,RES-1982-1102,3686,27972,REPAIR
17361,RES-1982-1111,3687,27981,REPAIR
17367,RES-1992-3633,3693,39495,REPAIR
17368,RES-1992-3639,3694,39496,REPAIR
17373,RES-1992-3644,3699,39498,REPAIR
17376,RES-1992-3648,3702,39499,REPAIR
17377,RES-1992-3649,3703,39500,REPAIR
17381,RES-1992-3653,3707,39502,REPAIR
17383,RES-1992-3657,3709,39503,REPAIR
17386,RES-1992-3664,3712,39505,REPAIR
17388,RES-1992-3674,3714,39508,REPAIR
17389,RES-1992-3675,3715,39509,REPAIR
17394,RES-1992-3680,3720,39510,REPAIR
17398,RES-1992-3684,3724,39511,REPAIR
17400,RES-1992-3686,3726,39512,REPAIR
17403,RES-1992-3689,3729,39513,REPAIR
17412,RES-1992-3702,3738,39515,REPAIR
17413,RES-1992-3704,3739,39516,REPAIR
17414,RES-1992-3705,3740,39517,REPAIR
17415,RES-1992-3708,3741,39518,REPAIR
17416,RES-1992-3710,3742,39521,REPAIR
17417,RES-1992-3711,3743,39522,REPAIR
17418,RES-1992-3712,3744,39523,REPAIR
17419,RES-1992-3713,3745,39524,REPAIR
17420,RES-1992-3715,3746,39526,REPAIR
17421,RES-1992-3716,3747,,"SKIP: OP/TOT relationship"
17422,RES-1992-3717,3748,39528,REPAIR
17424,RES-1992-3724,3750,39531,REPAIR
17427,RES-1992-3727,3753,39532,REPAIR
17428,RES-1992-3729,3754,39534,REPAIR
17437,RES-1992-3739,3763,39536,REPAIR
17438,RES-1992-3740,3764,39538,REPAIR
17439,RES-1992-3718,3765,39529,REPAIR
17440,RES-1992-3742,3766,39539,REPAIR
17441,RES-1992-3743,3767,39540,REPAIR
17442,RES-1992-3719,3768,39530,REPAIR
17445,RES-1992-3748,3771,39541,REPAIR
17449,RES-1992-3756,3775,39543,REPAIR
17450,RES-1992-3757,3776,39544,REPAIR
17457,RES-1992-3768,3783,39547,REPAIR
17458,RES-1992-3769,3784,39548,REPAIR
17460,RES-1992-3772,3786,39550,REPAIR
17475,CON-RES-1993-9,3801,14320,REPAIR
17500,CON-RES-1993-122,3826,14180,REPAIR
17508,CON-RES-1993-141,3834,14185,REPAIR
17511,CON-RES-1994-70,3837,14518,REPAIR
17513,CON-RES-1994-54,3839,14489,REPAIR
17530,CON-RES-1994-492,3856,14482,REPAIR
17531,CON-RES-1994-69,3857,14514,REPAIR
17532,CON-RES-1994-92,3858,14552,REPAIR
17536,CON-RES-1994-63,3862,14498,REPAIR
17539,CON-RES-1994-296,3865,14385,REPAIR
17540,CON-RES-1994-73,3866,14528,REPAIR
17541,CON-RES-1994-71,3867,14524,REPAIR
17549,CON-RES-1994-490,3875,14481,REPAIR
17552,CON-RES-1994-626,3878,14497,REPAIR
17559,CON-RES-1994-74,3885,14529,REPAIR
17561,RES-1982-1112,3887,,"SKIP: OP/TOT relationship"
17562,RES-1982-1115,3888,,"SKIP: OP/TOT relationship"
17563,RES-1982-1120,3889,27989,REPAIR
17564,RES-1982-1121,3890,27990,REPAIR
17565,RES-1982-1123,3891,,"SKIP: OP/TOT relationship"
17566,RES-1982-114,3892,28006,REPAIR
17567,RES-1982-1127,3893,27996,REPAIR
17568,RES-1982-1129,3894,,"SKIP: OP/TOT relationship"
17569,RES-1982-1130,3895,,"SKIP: OP/TOT relationship"
17570,RES-1982-1131,3896,28000,REPAIR
17571,RES-1982-351,3897,29012,REPAIR
17572,RES-1982-1353,3898,,"SKIP: OP/TOT relationship"
17573,RES-1982-1367,3899,28163,REPAIR
17574,RES-1982-1359,3900,28157,REPAIR
17575,RES-1982-1364,3901,28161,REPAIR
17576,RES-1982-1363,3902,28160,REPAIR
17577,RES-1982-1369,3903,28165,REPAIR
17578,RES-1982-1370,3904,28167,REPAIR
17579,RES-1982-1371,3905,28168,REPAIR
17580,RES-1982-1368,3906,28164,REPAIR
17581,RES-1982-1372,3907,,"SKIP: OP/TOT relationship"
17582,RES-1982-1377,3908,28172,REPAIR
17583,RES-1982-1378,3909,28173,REPAIR
17584,RES-1982-1383,3910,28177,REPAIR
17585,RES-1982-1389,3911,,"SKIP: OP/TOT relationship"
17586,RES-1982-1392,3912,28183,REPAIR
17587,RES-1982-1393,3913,,"SKIP: OP/TOT relationship"
17588,RES-1982-1394,3914,,"SKIP: OP/TOT relationship"
17589,RES-1982-1396,3915,28186,REPAIR
17590,RES-1982-1400,3916,28190,REPAIR
17591,RES-1982-1403,3917,,"SKIP: OP/TOT relationship"
17592,RES-1982-1410,3918,,"SKIP: OP/TOT relationship"
17593,RES-1982-1412,3919,,"SKIP: OP/TOT relationship"
17594,RES-1982-1414,3920,28196,REPAIR
17595,RES-1982-1416,3921,28197,REPAIR
17596,RES-1982-1418,3922,,"SKIP: OP/TOT relationship"
17597,RES-1982-1420,3923,28201,REPAIR
17598,RES-1982-1421,3924,28202,REPAIR
17599,RES-1982-1423,3925,28203,REPAIR
17600,RES-1982-1424,3926,28204,REPAIR
17601,RES-1982-1550,3927,,"SKIP: OP/TOT relationship"
17602,RES-1982-1539,3928,28275,REPAIR
17603,RES-1982-1514,3929,28260,REPAIR
17604,RES-1982-1543,3930,28279,REPAIR
17605,RES-1982-1545,3931,,"SKIP: OP/TOT relationship"
17606,RES-1982-1532,3932,28272,REPAIR
17607,RES-1982-1536,3933,28273,REPAIR
17608,RES-1982-1538,3934,,"SKIP: OP/TOT relationship"
17609,RES-1982-1515,3935,28261,REPAIR
17610,RES-1982-1524,3936,,"SKIP: OP/TOT relationship"
17611,RES-1982-1521,3937,,"SKIP: OP/TOT relationship"
17612,RES-1982-1527,3938,28269,REPAIR
17613,RES-1982-1528,3939,28270,REPAIR
17614,RES-1982-1511,3940,,"SKIP: OP/TOT relationship"
17615,RES-1982-1512,3941,28258,REPAIR
17616,RES-1982-1513,3942,28259,REPAIR
17617,RES-1982-1516,3943,28262,REPAIR
17618,RES-1982-1501,3944,28249,REPAIR
17619,RES-1982-1502,3945,28250,REPAIR
17620,RES-1982-1503,3946,,"SKIP: OP/TOT relationship"
17621,RES-1982-1504,3947,28252,REPAIR
17622,RES-1982-1508,3948,,"SKIP: OP/TOT relationship"
17623,RES-1982-1427,3949,,"SKIP: OP/TOT relationship"
17624,RES-1982-1434,3950,28209,REPAIR
17625,RES-1982-1436,3951,,"SKIP: OP/TOT relationship"
17626,RES-1982-1445,3952,,"SKIP: OP/TOT relationship"
17627,RES-1982-1447,3953,28217,REPAIR
17628,RES-1982-1452,3954,28219,REPAIR
17629,RES-1982-1460,3955,28222,REPAIR
17630,RES-1982-1464,3956,28223,REPAIR
17631,RES-1982-1465,3957,28224,REPAIR
17632,RES-1982-1466,3958,28225,REPAIR
17633,RES-1982-1468,3959,28227,REPAIR
17634,RES-1982-1469,3960,28228,REPAIR
17635,RES-1982-1473,3961,28232,REPAIR
17636,RES-1982-1477,3962,,"SKIP: OP/TOT relationship"
17637,RES-1982-1480,3963,28236,REPAIR
17638,RES-1982-1481,3964,28237,REPAIR
17639,RES-1982-1485,3965,28239,REPAIR
17640,RES-1982-1488,3966,,"SKIP: OP/TOT relationship"
17641,RES-1982-1484,3967,28238,REPAIR
17642,RES-1982-1489,3968,28243,REPAIR
17643,RES-1982-1491,3969,28245,REPAIR
17644,RES-1982-1497,3970,28246,REPAIR
17645,RES-1982-1499,3971,28247,REPAIR
17646,RES-1982-1500,3972,28248,REPAIR
17647,RES-1982-1901,3973,28565,REPAIR
17648,RES-1982-1902,3974,28566,REPAIR
17649,RES-1982-1903,3975,28567,REPAIR
17650,RES-1982-1906,3976,28569,REPAIR
17651,RES-1982-1908,3977,28571,REPAIR
17652,RES-1982-1909,3978,28572,REPAIR
17653,RES-1982-1910,3979,28574,REPAIR
17654,RES-1982-1914,3980,28578,REPAIR
17655,RES-1982-1915,3981,28579,REPAIR
17656,RES-1982-1917,3982,28581,REPAIR
17657,RES-1982-1918,3983,28582,REPAIR
17660,RES-1992-3783,3986,39552,REPAIR
17661,RES-1992-3790,3987,39555,REPAIR
17662,RES-1992-3779,3988,39551,REPAIR
17663,RES-1992-4194,3989,39677,REPAIR
17668,RES-1992-4201,3994,39678,REPAIR
17673,RES-1992-4206,3999,39679,REPAIR
17674,RES-1992-4207,4000,39680,REPAIR
17678,RES-1992-4211,4004,39682,REPAIR
17679,RES-1992-4212,4005,39683,REPAIR
17681,RES-1992-4144,4007,39659,REPAIR
17684,RES-1992-4162,4010,39663,REPAIR
17688,RES-1992-4180,4014,39666,REPAIR
17690,RES-1992-4183,4016,39668,REPAIR
17692,RES-1992-4192,4018,39676,REPAIR
17693,RES-1992-4191,4019,39675,REPAIR
17694,RES-1992-4190,4020,39674,REPAIR
17695,RES-1992-4189,4021,39672,REPAIR
17696,RES-1992-4188,4022,39671,REPAIR
17697,RES-1992-4113,4023,39650,REPAIR
17698,RES-1992-4109,4024,39646,REPAIR
17699,RES-1992-4111,4025,39648,REPAIR
17702,RES-1992-4117,4028,39652,REPAIR
17709,RES-1992-4133,4035,39655,REPAIR
17712,RES-1992-4140,4038,39657,REPAIR
17720,RES-1992-4015,4046,39613,REPAIR
17721,RES-1992-4018,4047,39614,REPAIR
17724,RES-1992-4026,4050,39615,REPAIR
17725,RES-1992-4028,4051,39616,REPAIR
17728,RES-1992-4039,4054,39617,REPAIR
17729,RES-1992-4041,4055,39618,REPAIR
17731,RES-1992-4055,4057,39619,REPAIR
17732,RES-1992-4059,4058,39621,REPAIR
17733,RES-1992-4060,4059,39622,REPAIR
17735,RES-1992-4062,4061,39623,REPAIR
17736,RES-1992-4065,4062,39624,REPAIR
17737,RES-1992-4066,4063,39625,REPAIR
17739,RES-1992-4067,4065,39626,REPAIR
17740,RES-1992-4068,4066,39627,REPAIR
17741,RES-1992-4069,4067,39628,REPAIR
17742,RES-1992-4070,4068,39630,REPAIR
17743,RES-1992-4071,4069,39631,REPAIR
17745,RES-1992-4074,4071,39632,REPAIR
17746,RES-1992-4075,4072,39633,REPAIR
17747,RES-1992-4076,4073,39634,REPAIR
17748,RES-1992-4077,4074,,"SKIP: referenced as parent_prop_id"
17749,RES-1992-4078,4075,,"SKIP: referenced as parent_prop_id"
17750,RES-1992-4079,4076,39637,REPAIR
17751,RES-1992-4080,4077,39638,REPAIR
17752,RES-1992-4081,4078,,"SKIP: referenced as parent_prop_id"
17753,RES-1992-4082,4079,,"SKIP: referenced as parent_prop_id"
17754,RES-1992-4086,4080,,"SKIP: referenced as parent_prop_id"
17759,CON-RES-1990-119,4085,121807,REPAIR
17764,CON-RES-1990-130,4090,13704,REPAIR
17775,CON-RES-1990-473,4101,13802,REPAIR
17776,CON-RES-1990-476,4102,13804,REPAIR
17777,CON-RES-1990-474,4103,13803,REPAIR
17784,CON-RES-1990-477,4110,13805,REPAIR
17785,CON-RES-1990-123,4111,13701,REPAIR
17793,CON-RES-1990-109,4119,13700,REPAIR
17801,CON-RES-1990-144,4127,13708,REPAIR
17809,CON-RES-1990-124,4135,13702,REPAIR
17810,CON-RES-1993-550,4136,14293,REPAIR
17825,CON-RES-2021-403,4151,121968,REPAIR
17827,CON-RES-1993-471,4153,14278,REPAIR
17828,CON-RES-1993-600,4154,14306,REPAIR
17829,CON-RES-1993-502,4155,14283,REPAIR
17831,CON-RES-1993-594,4157,14304,REPAIR
17834,CON-RES-1993-284,4160,,"SKIP: referenced as parent_prop_id"
17835,CON-RES-1993-285,4161,14223,REPAIR
17838,CON-RES-1993-584,4164,14302,REPAIR
17839,CON-RES-1993-440,4165,14266,REPAIR
17840,CON-RES-1993-428,4166,14264,REPAIR
17841,CON-RES-1993-441,4167,14267,REPAIR
17842,CON-RES-1993-290,4168,14226,REPAIR
17843,CON-RES-1993-524,4169,14288,REPAIR
17844,CON-RES-1993-278,4170,14220,REPAIR
17845,CON-RES-1993-404,4171,14256,REPAIR
17846,CON-RES-1993-272,4172,14218,REPAIR
17847,CON-RES-1993-266,4173,14216,REPAIR
17848,CON-RES-1993-30,4174,14227,REPAIR
17850,CON-RES-1993-522,4176,14286,REPAIR
17852,CON-RES-1993-446,4178,14269,REPAIR
17853,CON-RES-1993-253,4179,14214,REPAIR
17854,CON-RES-1993-603,4180,14307,REPAIR
17856,RES-1982-1920,4182,28585,REPAIR
17857,RES-1982-1921,4183,28586,REPAIR
17858,RES-1982-1922,4184,28587,REPAIR
17859,RES-1982-1923,4185,28588,REPAIR
17860,RES-1982-1924,4186,28589,REPAIR
17861,RES-1982-1930,4187,28591,REPAIR
17862,RES-1982-1931,4188,,"SKIP: OP/TOT relationship"
17863,RES-1982-1933,4189,28594,REPAIR
17864,RES-1982-1941,4190,28595,REPAIR
17865,RES-1982-1949,4191,28598,REPAIR
17866,RES-1982-1950,4192,28599,REPAIR
17867,RES-1982-2002,4193,28639,REPAIR
17868,RES-1982-2004,4194,28641,REPAIR
17869,RES-1982-2006,4195,28643,REPAIR
17870,RES-1982-2007,4196,28644,REPAIR
17871,RES-1982-2009,4197,28646,REPAIR
17873,RES-1982-2011,4199,28648,REPAIR
17875,RES-1982-2013,4201,28649,REPAIR
17876,RES-1982-2014,4202,28650,REPAIR
17877,RES-1982-2018,4203,28653,REPAIR
17878,RES-1982-2022,4204,28656,REPAIR
17879,RES-1982-2023,4205,28657,REPAIR
17880,RES-1982-3792,4206,29035,REPAIR
17882,RES-1992-3794,4208,39557,REPAIR
17883,RES-1992-3796,4209,39558,REPAIR
17892,RES-1992-3812,4218,39561,REPAIR
17900,RES-1992-3827,4225,39563,REPAIR
17905,RES-1992-3834,4230,39565,REPAIR
17911,RES-1992-3845,4236,39567,REPAIR
17913,RES-1992-3849,4238,39568,REPAIR
17916,RES-1992-3852,4241,39570,REPAIR
17917,RES-1992-3854,4242,39572,REPAIR
17918,RES-1992-3853,4243,39571,REPAIR
17919,RES-1992-3855,4244,,"SKIP: OP/TOT relationship"
17922,RES-1992-3861,4247,39575,REPAIR
17924,RES-1992-3864,4249,,"SKIP: OP/TOT relationship"
17928,RES-1992-3876,4253,39577,REPAIR
17930,RES-1992-3878,4255,39578,REPAIR
17931,RES-1992-3879,4256,39579,REPAIR
17934,RES-1992-3888,4259,,"SKIP: OP/TOT relationship"
17935,RES-1992-3889,4260,39582,REPAIR
17937,RES-1992-3893,4262,39583,REPAIR
17939,RES-1992-3896,4264,39584,REPAIR
17944,RES-1992-3912,4269,39586,REPAIR
17945,RES-1992-3913,4270,39587,REPAIR
17950,RES-1992-3930,4275,39588,REPAIR
17951,RES-1992-3931,4276,39589,REPAIR
17956,RES-1992-3947,4281,39591,REPAIR
17957,RES-1992-3948,4282,39592,REPAIR
17958,RES-1992-3949,4283,39593,REPAIR
17959,RES-1992-3950,4284,39594,REPAIR
17960,RES-1992-3951,4285,39595,REPAIR
17961,RES-1992-3953,4286,39597,REPAIR
17962,RES-1992-3955,4287,39598,REPAIR
17965,RES-1992-3962,4290,,"SKIP: referenced as parent_prop_id"
17966,RES-1992-3968,4291,,"SKIP: referenced as parent_prop_id"
17967,RES-1992-3969,4292,,"SKIP: referenced as parent_prop_id"
17968,RES-1992-3970,4293,39604,REPAIR
17969,RES-1992-3971,4294,39605,REPAIR
17970,RES-1992-3974,4295,39606,REPAIR
17971,RES-1992-3977,4296,39608,REPAIR
17977,RES-1992-4001,4302,39611,REPAIR
17978,RES-1992-4002,4303,39612,REPAIR
17985,CON-RES-1994-11,4310,14322,REPAIR
17993,CON-RES-1994-26,4318,14364,REPAIR
17996,CON-RES-1994-39,4321,14455,REPAIR
17999,CON-RES-1994-45,4324,14470,REPAIR
18000,CON-RES-1994-46,4325,14473,REPAIR
18003,CON-RES-1994-49,4328,14480,REPAIR
18015,CON-RES-1994-85,4340,14549,REPAIR
18016,CON-RES-1994-86,4341,14550,REPAIR
18035,CON-RES-1994-171,4360,14338,REPAIR
18051,CON-RES-1994-190,4376,14339,REPAIR
18055,CON-RES-1994-238,4380,14352,REPAIR
18074,CON-RES-1994-455,4399,14472,REPAIR
18083,CON-AG-1987-61,4408,7269,REPAIR
18084,CON-AG-1987-57,4409,7268,REPAIR
18086,CON-AG-1984-53,4411,7163,REPAIR
18093,CON-AG-1984-57,4418,7165,REPAIR
18100,CON-AG-1984-72,4425,7169,REPAIR
18104,CON-AG-1984-94,4429,7172,REPAIR
18108,CON-AG-1984-59,4433,7166,REPAIR
18113,CON-AG-1984-66,4438,7167,REPAIR
18132,CON-AG-1983-254,4457,7111,REPAIR
18139,CON-AG-1983-262,4464,7113,REPAIR
18140,CON-AG-1983-268,4465,7114,REPAIR
18144,CON-AG-1982-121,4469,6886,REPAIR
18145,CON-AG-1982-566,4470,7038,REPAIR
18146,CON-AG-1985-64,4471,7192,REPAIR
18147,CON-AG-1981-56,4472,,"SKIP: OP/TOT relationship"
18149,CON-AG-1982-229,4474,6937,REPAIR
18150,CON-AG-1982-124,4475,6888,REPAIR
18152,CON-AG-1982-123,4477,6887,REPAIR
18157,CON-RES-1981-320,4482,10866,REPAIR
18158,CON-AG-1982-332,4483,6970,REPAIR
18159,CON-AG-1989-64,4484,7332,REPAIR
18165,CON-AG-1982-138,4490,6896,REPAIR
18168,CON-AG-1982-236,4493,6944,REPAIR
18169,CON-AG-1982-223,4494,6935,REPAIR
18170,CON-RES-RC-1981-156,4495,17771,REPAIR
18171,CON-RES-RC-1981-153,4496,17768,REPAIR
18172,CON-RES-RC-1982-730,4497,18440,REPAIR
18173,CON-RES-RC-1982-739,4498,18447,REPAIR
18174,CON-COM-1982-212,4499,7770,REPAIR
18175,CON-COM-1982-74,4500,7843,REPAIR
18176,CON-COM-1982-61,4501,7832,REPAIR
18177,RES-1992-5110,4502,39909,REPAIR
18178,RES-1992-5111,4503,39910,REPAIR
18180,RES-1992-5124,4505,,"SKIP: referenced as parent_prop_id"
18190,RES-1992-5168,4515,39914,REPAIR
18191,RES-1992-5169,4516,39915,REPAIR
18192,RES-1992-5171,4517,39917,REPAIR
18194,RES-1992-5186,4519,39920,REPAIR
18195,RES-1992-5187,4520,39921,REPAIR
18197,RES-1992-5189,4522,39922,REPAIR
18203,RES-1992-5204,4528,39924,REPAIR
18207,RES-1992-5219,4532,,"SKIP: OP/TOT relationship"
18208,RES-1992-5224,4533,39926,REPAIR
18209,RES-1992-5225,4534,39927,REPAIR
18211,RES-1992-5234,4536,39929,REPAIR
18212,RES-1992-5237,4537,,"SKIP: OP/TOT relationship"
18213,RES-1992-5238,4538,39931,REPAIR
18216,RES-1992-5249,4541,39934,REPAIR
18217,RES-1992-5250,4542,39935,REPAIR
18218,RES-1992-5251,4543,39936,REPAIR
18219,RES-1992-5252,4544,39937,REPAIR
18220,RES-1992-5253,4545,39938,REPAIR
18221,RES-1992-5254,4546,39939,REPAIR
18222,RES-1992-5255,4547,,"SKIP: referenced as parent_prop_id"
18223,RES-1992-5256,4548,39941,REPAIR
18224,RES-1992-5257,4549,39942,REPAIR
18225,RES-1992-5258,4550,39943,REPAIR
18227,RES-1992-5260,4552,39945,REPAIR
18228,RES-1992-5261,4553,39946,REPAIR
18229,RES-1992-5262,4554,39947,REPAIR
18230,RES-1992-5263,4555,39948,REPAIR
18231,RES-1992-5264,4556,39949,REPAIR
18232,RES-1992-5265,4557,39950,REPAIR
18233,RES-1992-5266,4558,39951,REPAIR
18234,RES-1992-5267,4559,39952,REPAIR
18235,RES-1992-5272,4560,39955,REPAIR
18236,RES-1992-5273,4561,39956,REPAIR
18244,RES-1992-5292,4569,39958,REPAIR
18257,RES-1992-5320,4582,,"SKIP: referenced as parent_prop_id"
18261,RES-1992-5333,4586,39962,REPAIR
18262,RES-1992-5338,4587,39964,REPAIR
18265,RES-1992-5345,4590,,"SKIP: OP/TOT relationship"
18269,RES-1992-5363,4594,39966,REPAIR
18272,RES-1992-5371,4597,39967,REPAIR
18275,RES-1992-5374,4600,39968,REPAIR
18281,CON-AG-1982-295,4606,6965,REPAIR
18282,CON-AG-1982-296,4607,6966,REPAIR
18289,CON-AG-1984-49,4614,7160,REPAIR
18290,CON-AG-1982-341,4615,6975,REPAIR
18293,CON-AG-1987-88,4618,7281,REPAIR
18302,CON-AG-1985-131,4627,7178,REPAIR
18312,CON-AG-1982-408,4637,6999,REPAIR
18315,CON-AG-1982-406,4640,6998,REPAIR
18316,CON-AG-1987-16,4641,7252,REPAIR
18318,CON-AG-1989-16,4643,7316,REPAIR
18321,CON-AG-1982-397,4646,6994,REPAIR
18327,CON-AG-1982-389,4652,6991,REPAIR
18328,CON-AG-1984-46,4653,7158,REPAIR
18331,CON-AG-1987-7,4656,7275,REPAIR
18333,CON-AG-1982-78,4658,7068,REPAIR
18335,CON-RES-RC-1982-683,4660,18397,REPAIR
18337,CON-RES-RC-1982-310,4662,18040,REPAIR
18339,CON-RES-RC-1982-314,4664,18044,REPAIR
18341,CON-AG-1982-113,4666,6881,REPAIR
18344,CON-COM-1982-201,4669,7765,REPAIR
18345,CON-RES-RC-1982-317,4670,18046,REPAIR
18347,CON-AG-1982-604,4672,7058,REPAIR
18348,CON-AG-1982-393,4673,6993,REPAIR
18350,CON-AG-1982-329,4675,6968,REPAIR
18351,CON-AG-1982-373,4676,6986,REPAIR
18352,CON-AG-1982-212,4677,6931,REPAIR
18354,CON-AG-1984-122,4679,7136,REPAIR
18355,CON-AG-1984-110,4680,,"SKIP: OP/TOT relationship"
18356,CON-AG-1987-91,4681,7282,REPAIR
18357,CON-AG-1982-410,4682,7001,REPAIR
18361,CON-AG-1987-69,4686,7274,REPAIR
18371,CON-AG-1981-105,4696,6809,REPAIR
18372,CON-AG-1981-102,4697,6808,REPAIR
18373,CON-AG-1981-119,4698,6811,REPAIR
18376,CON-AG-1982-191,4701,6921,REPAIR
18377,RES-1992-5377,4702,39970,REPAIR
18380,RES-1992-5381,4705,39971,REPAIR
18381,RES-1992-5389,4706,,"SKIP: OP/TOT relationship"
18385,RES-1992-5397,4710,39974,REPAIR
18386,RES-1992-5398,4711,,"SKIP: OP/TOT relationship"
18387,RES-1992-5400,4712,39977,REPAIR
18388,RES-1992-5401,4713,39978,REPAIR
18390,RES-1992-5411,4715,39981,REPAIR
18394,RES-1992-5432,4719,39983,REPAIR
18395,RES-1992-5434,4720,39984,REPAIR
18397,RES-1992-5442,4722,,"SKIP: OP/TOT relationship"
18398,RES-1992-5444,4723,39986,REPAIR
18399,RES-1992-5452,4724,39987,REPAIR
18400,RES-1992-5453,4725,39988,REPAIR
18401,RES-1992-5456,4726,39990,REPAIR
18402,RES-1992-5467,4727,39992,REPAIR
18405,RES-1992-5476,4730,39993,REPAIR
18406,RES-1992-5478,4731,39994,REPAIR
18409,RES-1992-5518,4734,39997,REPAIR
18411,RES-1992-5524,4736,39998,REPAIR
18412,RES-1992-5525,4737,39999,REPAIR
18413,RES-1992-5526,4738,40000,REPAIR
18425,RES-1992-5600,4750,40005,REPAIR
18426,RES-1992-5605,4751,40006,REPAIR
18428,RES-1992-5618,4753,40011,REPAIR
18430,RES-1992-5647,4755,40016,REPAIR
18433,RES-1992-5646,4758,40015,REPAIR
18437,RES-1992-5655,4762,40017,REPAIR
18438,RES-1992-5658,4763,40019,REPAIR
18439,RES-1992-5659,4764,40020,REPAIR
18451,RES-1992-5674,4776,40024,REPAIR
18454,RES-1992-5677,4779,40025,REPAIR
18455,RES-1992-5678,4780,40026,REPAIR
18457,RES-1992-5680,4782,,"SKIP: OP/TOT relationship"
18458,RES-1992-5681,4783,40029,REPAIR
18459,RES-1992-5683,4784,40031,REPAIR
18460,RES-1992-5685,4785,40033,REPAIR
18462,RES-1992-5689,4787,40035,REPAIR
18463,RES-1992-5691,4788,40036,REPAIR
18465,RES-1992-5698,4790,40038,REPAIR
18466,RES-1992-5699,4791,40039,REPAIR
18467,RES-1992-5700,4792,40040,REPAIR
18469,RES-1992-5703,4794,40042,REPAIR
18470,RES-1992-5901,4795,40103,REPAIR
18472,RES-1992-5906,4797,40107,REPAIR
18473,RES-1992-5910,4798,40111,REPAIR
18474,RES-1992-5911,4799,40112,REPAIR
18475,RES-1992-5912,4800,40113,REPAIR
18479,CON-AG-1989-3,4804,7323,REPAIR
18486,CON-AG-1981-122,4811,6815,REPAIR
18489,CON-AG-1981-123,4814,6816,REPAIR
18491,CON-AG-1987-55,4816,7267,REPAIR
18492,CON-AG-1981-101,4817,,"SKIP: OP/TOT relationship"
18493,CON-RES-RC-1982-701,4818,,"SKIP: OP/TOT relationship"
18496,CON-AG-1987-5,4821,7263,REPAIR
18499,CON-RES-1994-410,4824,14459,REPAIR
18500,CON-RES-1990-371,4825,13775,REPAIR
18503,CON-AG-1987-29,4828,7255,REPAIR
18506,CON-RES-RC-1982-25,4831,18004,REPAIR
18507,CON-AG-1987-26,4832,7254,REPAIR
18508,CON-RES-RC-1981-149,4833,17764,REPAIR
18511,CON-AG-1985-107,4836,7174,REPAIR
18513,CON-AG-1982-193,4838,6923,REPAIR
18518,CON-AG-1982-339,4843,6974,REPAIR
18528,CON-AG-1984-48,4853,7159,REPAIR
18533,CON-AG-1987-86,4858,7280,REPAIR
18534,CON-AG-1982-508,4859,7027,REPAIR
18537,CON-AG-1984-24,4862,7149,REPAIR
18538,CON-COM-1982-13,4863,7731,REPAIR
18539,CON-COM-1982-145,4864,7737,REPAIR
18540,CON-AG-1981-33,4865,6838,REPAIR
18542,CON-AG-1982-472,4867,7016,REPAIR
18543,CON-AG-1981-9,4868,6872,REPAIR
18544,CON-AG-1983-140,4869,7084,REPAIR
18545,CON-AG-1993-65,4870,7370,REPAIR
18549,CON-AG-1982-594,4874,7052,REPAIR
18550,CON-AG-1982-590,4875,7050,REPAIR
18551,CON-AG-1983-107,4876,7077,REPAIR
18552,CON-AG-1982-485,4877,7020,REPAIR
18555,CON-AG-1985-98,4880,7196,REPAIR
18556,CON-AG-1985-99,4881,7197,REPAIR
18569,CON-RES-RC-1984-25,4894,18535,REPAIR
18573,RES-1992-5913,4898,40114,REPAIR
18574,RES-1992-5914,4899,40115,REPAIR
18575,RES-1992-5915,4900,40116,REPAIR
18576,RES-1992-5916,4901,40117,REPAIR
18577,RES-1992-5917,4902,40118,REPAIR
18578,RES-1992-5919,4903,40120,REPAIR
18579,RES-1992-5920,4904,40121,REPAIR
18580,RES-1992-5922,4905,40122,REPAIR
18581,RES-1992-5923,4906,40123,REPAIR
18582,RES-1992-5929,4907,40124,REPAIR
18583,RES-1992-5930,4908,40125,REPAIR
18584,RES-1992-5931,4909,40126,REPAIR
18585,RES-1992-5932,4910,40127,REPAIR
18586,RES-1992-5941,4911,40129,REPAIR
18587,RES-1992-5942,4912,40130,REPAIR
18589,RES-1992-5944,4914,40131,REPAIR
18590,RES-1992-5946,4915,40133,REPAIR
18591,RES-1992-5947,4916,40134,REPAIR
18592,RES-1992-5948,4917,40135,REPAIR
18593,RES-1992-5950,4918,40137,REPAIR
18594,RES-1992-5951,4919,,"SKIP: OP/TOT relationship"
18595,RES-1992-5952,4920,,"SKIP: OP/TOT relationship"
18596,RES-1992-5953,4921,,"SKIP: OP/TOT relationship"
18597,RES-1992-5954,4922,40141,REPAIR
18598,RES-1992-5955,4923,40142,REPAIR
18599,RES-1992-5956,4924,40143,REPAIR
18600,RES-1992-5957,4925,40144,REPAIR
18601,RES-1992-5958,4926,40145,REPAIR
18602,RES-1992-5960,4927,40147,REPAIR
18603,RES-1992-5962,4928,40149,REPAIR
18604,RES-1992-5964,4929,40150,REPAIR
18605,RES-1992-5965,4930,40151,REPAIR
18606,RES-1992-5966,4931,40152,REPAIR
18608,RES-1992-5970,4933,40153,REPAIR
18609,RES-1992-5973,4934,40154,REPAIR
18610,RES-1992-5974,4935,,"SKIP: OP/TOT relationship"
18611,RES-1992-5975,4936,40156,REPAIR
18612,RES-1992-5976,4937,40157,REPAIR
18615,RES-1992-5979,4940,40158,REPAIR
18616,RES-1992-5982,4941,40159,REPAIR
18617,RES-1992-5983,4942,40160,REPAIR
18619,RES-1992-5986,4944,40162,REPAIR
18621,RES-1992-5988,4946,40163,REPAIR
18622,RES-1992-5989,4947,40164,REPAIR
18623,RES-1992-5991,4948,40166,REPAIR
18624,RES-1992-5992,4949,40167,REPAIR
18625,RES-1992-5993,4950,40168,REPAIR
18626,RES-1992-5994,4951,40169,REPAIR
18627,RES-1992-5995,4952,40170,REPAIR
18628,RES-1992-5996,4953,40171,REPAIR
18629,RES-1992-5997,4954,,"SKIP: OP/TOT relationship"
18630,RES-1992-5998,4955,40173,REPAIR
18631,RES-1992-5999,4956,40174,REPAIR
18632,RES-1992-6000,4957,40175,REPAIR
18633,RES-1992-6001,4958,40176,REPAIR
18634,RES-1992-6002,4959,40177,REPAIR
18635,RES-1992-6004,4960,40179,REPAIR
18637,RES-1992-6006,4962,40180,REPAIR
18638,RES-1992-6007,4963,40181,REPAIR
18639,RES-1992-6008,4964,40182,REPAIR
18640,RES-1992-6009,4965,40183,REPAIR
18644,RES-1992-6024,4969,40186,REPAIR
18647,RES-1992-6030,4972,40187,REPAIR
18648,RES-1992-6032,4973,40188,REPAIR
18649,RES-1992-6033,4974,40189,REPAIR
18654,RES-1992-6038,4979,40190,REPAIR
18655,RES-1992-6040,4980,40191,REPAIR
18656,RES-1992-6041,4981,40192,REPAIR
18657,RES-1992-6042,4982,40193,REPAIR
18660,RES-1992-6045,4985,40194,REPAIR
18663,RES-1992-6048,4988,40195,REPAIR
18669,RES-1992-6054,4994,40196,REPAIR
18672,CON-AG-1983-141,4997,7085,REPAIR
18674,CON-AG-1984-176,4999,7142,REPAIR
18677,CON-AG-1982-75,5002,7067,REPAIR
18678,CON-AG-1982-69,5003,7065,REPAIR
18679,CON-AG-1987-117,5004,7246,REPAIR
18680,CON-RES-RC-1982-653,5005,18371,REPAIR
18681,CON-RES-RC-1982-428,5006,,"SKIP: OP/TOT relationship"
18682,CON-RES-RC-1982-407,5007,,"SKIP: OP/TOT relationship"
18683,CON-RES-RC-1982-17,5008,17943,REPAIR
18684,CON-RES-RC-1982-18,5009,17952,REPAIR
18685,CON-RES-RC-1982-22,5010,17997,REPAIR
18686,CON-RES-RC-1982-66,5011,,"SKIP: OP/TOT relationship"
18687,CON-COM-RC-1982-19,5012,10267,REPAIR
18688,CON-RES-RC-1982-505,5013,18233,REPAIR
18689,CON-RES-RC-1982-21,5014,17986,REPAIR
18690,CON-RES-RC-1982-26,5015,,"SKIP: OP/TOT relationship"
18691,CON-RES-RC-1982-676,5016,18392,REPAIR
18692,CON-RES-RC-1982-405,5017,18131,REPAIR
18693,CON-COM-RC-1982-674,5018,10316,REPAIR
18694,CON-RES-RC-1982-667,5019,18384,REPAIR
18695,CON-AG-1987-33,5020,7257,REPAIR
18700,CON-AG-1987-43,5025,7261,REPAIR
18702,CON-AG-1986-54,5027,7229,REPAIR
18703,CON-AG-1987-31,5028,7256,REPAIR
18708,CON-RES-RC-1981-157,5032,17772,REPAIR
18709,CON-AG-1982-603,5033,7057,REPAIR
18710,CON-AG-1987-40,5034,7260,REPAIR
18711,CON-AG-1983-85,5035,7125,REPAIR
18712,CON-RES-RC-1982-663,5036,,"SKIP: OP/TOT relationship"
18717,CON-RES-RC-1982-402,5041,18128,REPAIR
18718,CON-AG-1984-116,5042,7135,REPAIR
18719,CON-RES-RC-1982-684,5043,,"SKIP: OP/TOT relationship"
18720,CON-RES-RC-1982-681,5044,18396,REPAIR
18721,CON-RES-RC-1982-47,5045,18194,REPAIR
18722,CON-RES-RC-1982-675,5046,18391,REPAIR
18723,CON-RES-RC-1982-714,5047,18426,REPAIR
18724,CON-RES-RC-1982-707,5048,18419,REPAIR
18725,CON-RES-RC-1982-740,5049,18449,REPAIR
18726,CON-RES-RC-1982-529,5050,18255,REPAIR
18727,CON-RES-RC-1982-527,5051,18253,REPAIR
18728,CON-RES-RC-1982-531,5052,18258,REPAIR
18730,CON-RES-RC-1982-530,5054,18257,REPAIR
18731,CON-RES-RC-1982-532,5055,18259,REPAIR
18732,CON-RES-RC-1982-526,5056,18252,REPAIR
18733,CON-RES-RC-1982-540,5057,18266,REPAIR
18734,CON-RES-RC-1982-534,5058,18261,REPAIR
18735,CON-RES-RC-1982-732,5059,18441,REPAIR
18736,CON-RES-RC-1982-516,5060,18242,REPAIR
18737,CON-RES-RC-1982-513,5061,,"SKIP: referenced as parent_prop_id"
18738,CON-RES-RC-1982-520,5062,18246,REPAIR
18739,CON-RES-RC-1982-744,5063,18450,REPAIR
18740,CON-RES-RC-1982-528,5064,18254,REPAIR
18741,CON-RES-RC-1982-522,5065,18248,REPAIR
18742,CON-RES-RC-1982-536,5066,18263,REPAIR
18743,CON-RES-RC-1982-507,5067,18235,REPAIR
18744,CON-RES-RC-1982-512,5068,18238,REPAIR
18746,CON-RES-RC-1982-722,5070,18434,REPAIR
18747,CON-RES-RC-1982-712,5071,18424,REPAIR
18752,CON-AG-1982-28,5076,6958,REPAIR
18756,CON-RES-RC-1982-738,5080,18446,REPAIR
18758,CON-AG-1982-38,5082,6989,REPAIR
18759,CON-AG-1982-33,5083,6969,REPAIR
18763,CON-AG-1982-35,5087,6977,REPAIR
18766,CON-AG-1982-15,5090,6903,REPAIR
18767,CON-AG-1982-4,5091,6996,REPAIR
18777,RES-1992-6512,5101,40364,REPAIR
18782,RES-1992-6519,5106,,"SKIP: OP/TOT relationship"
18783,RES-1992-6521,5107,40366,REPAIR
18784,RES-1992-6523,5108,40367,REPAIR
18791,RES-1992-3504,5115,39431,REPAIR
18797,RES-1992-6545,5121,40369,REPAIR
18800,RES-1992-6553,5124,40371,REPAIR
18801,RES-1992-6554,5125,40372,REPAIR
18802,RES-1992-6558,5126,40373,REPAIR
18804,RES-1992-6564,5128,40376,REPAIR
18805,RES-1992-6565,5129,40377,REPAIR
18810,RES-1992-6574,5134,40378,REPAIR
18811,RES-1992-6575,5135,40379,REPAIR
18812,RES-1992-6588,5136,40382,REPAIR
18813,RES-1992-6589,5137,40383,REPAIR
18819,RES-1992-6607,5143,,"SKIP: OP/TOT relationship"
18820,RES-1992-6608,5144,40386,REPAIR
18827,RES-1992-6624,5151,40388,REPAIR
18832,RES-1992-6638,5156,40390,REPAIR
18834,RES-1992-6632,5158,40389,REPAIR
18839,RES-1992-6650,5163,40392,REPAIR
18840,RES-1992-6651,5164,40393,REPAIR
18844,RES-1992-6657,5168,,"SKIP: OP/TOT relationship"
18846,RES-1992-6659,5170,40395,REPAIR
18847,RES-1992-6660,5171,40396,REPAIR
18848,RES-1992-6661,5172,40397,REPAIR
18849,RES-1992-6662,5173,40398,REPAIR
18850,RES-1992-6663,5174,40399,REPAIR
18851,RES-1992-6664,5175,40400,REPAIR
18852,RES-1992-6666,5176,40402,REPAIR
18853,RES-1992-6667,5177,40403,REPAIR
18854,RES-1992-6668,5178,40404,REPAIR
18855,RES-1992-6669,5179,40405,REPAIR
18856,RES-1992-6670,5180,,"SKIP: referenced as parent_prop_id"
18857,RES-1992-6671,5181,40407,REPAIR
18858,RES-1992-6672,5182,40408,REPAIR
18859,RES-1992-6673,5183,,"SKIP: referenced as parent_prop_id"
18860,RES-1992-6674,5184,,"SKIP: referenced as parent_prop_id"
18861,RES-1992-6675,5185,40411,REPAIR
18863,RES-1992-6677,5187,40412,REPAIR
18864,RES-1992-6678,5188,40413,REPAIR
18865,RES-1992-6679,5189,40414,REPAIR
18866,RES-1992-6680,5190,40415,REPAIR
18867,RES-1992-6690,5191,40424,REPAIR
18868,RES-1992-6687,5192,40421,REPAIR
18869,RES-1992-6686,5193,40420,REPAIR
18870,RES-1992-6685,5194,40419,REPAIR
18872,RES-1992-6684,5196,40418,REPAIR
18874,CON-AG-1984-18,5198,7144,REPAIR
18875,CON-AG-1989-114,5199,7313,REPAIR
18876,CON-AG-1981-136,5200,6818,REPAIR
18877,CON-AG-1982-469,5201,7013,REPAIR
18883,CON-AG-1981-63,5207,6860,REPAIR
18895,CON-AG-1987-8,5219,7279,REPAIR
18898,CON-AG-1982-294,5222,6964,REPAIR
18899,CON-AG-1982-94,5223,7073,REPAIR
18902,CON-RES-RC-1982-106,5226,,"SKIP: OP/TOT relationship"
18903,CON-RES-RC-1982-377,5227,18103,REPAIR
18906,CON-RES-RC-1982-375,5230,18102,REPAIR
18907,CON-RES-RC-1982-634,5231,18355,REPAIR
18913,CON-AG-1982-84,5237,7070,REPAIR
18918,CON-AG-1981-29,5242,6835,REPAIR
18919,CON-RES-RC-1982-38,5243,18105,REPAIR
18920,CON-RES-RC-1982-27,5244,18006,REPAIR
18921,CON-RES-RC-1982-28,5245,18011,REPAIR
18922,CON-RES-RC-1982-46,5246,18185,REPAIR
18923,CON-RES-RC-1982-42,5247,,"SKIP: OP/TOT relationship"
18924,CON-AG-1982-52,5248,7029,REPAIR
18926,CON-COM-1985-92,5250,8001,REPAIR
18927,CON-COM-1987-128,5251,8043,REPAIR
18933,CON-AG-1981-91,5257,6873,REPAIR
18934,CON-RES-RC-1981-60,5258,,"SKIP: OP/TOT relationship"
18935,CON-AG-1981-83,5259,6868,REPAIR
18939,CON-RES-RC-1982-191,5263,,"SKIP: OP/TOT relationship"
18941,CON-AG-1982-40,5265,6997,REPAIR
18942,CON-RES-RC-1982-541,5266,18267,REPAIR
18943,CON-RES-RC-1982-542,5267,18268,REPAIR
18944,CON-RES-RC-1982-544,5268,,"SKIP: OP/TOT relationship"
18945,CON-RES-RC-1982-719,5269,18430,REPAIR
18946,CON-RES-RC-1982-716,5270,18428,REPAIR
18947,CON-RES-RC-1982-717,5271,,"SKIP: OP/TOT relationship"
18948,CON-RES-RC-1982-715,5272,18427,REPAIR
18949,CON-RES-RC-1982-703,5273,18418,REPAIR
18950,CON-RES-RC-1982-720,5274,18432,REPAIR
18951,CON-RES-RC-1982-713,5275,18425,REPAIR
18952,CON-RES-RC-1982-721,5276,18433,REPAIR
18953,CON-RES-RC-1982-549,5277,,"SKIP: OP/TOT relationship"
18955,CON-RES-RC-1982-710,5278,18423,REPAIR
18956,CON-RES-RC-1982-736,5279,18445,REPAIR
18957,CON-AG-1982-26,5280,6950,REPAIR
18958,CON-RES-RC-1982-280,5281,18012,REPAIR
18959,CON-RES-RC-1982-499,5282,18225,REPAIR
18960,CON-RES-RC-1982-498,5283,,"SKIP: OP/TOT relationship"
18961,CON-RES-RC-1982-173,5284,,"SKIP: OP/TOT relationship"
18962,CON-RES-RC-1982-393,5285,,"SKIP: OP/TOT relationship"
18963,CON-RES-RC-1982-380,5286,,"SKIP: OP/TOT relationship"
18964,CON-AG-1982-455,5287,7008,REPAIR
18967,CON-RES-RC-1981-62,5290,17819,REPAIR
18968,CON-RES-RC-1981-70,5291,,"SKIP: OP/TOT relationship"
18969,CON-RES-RC-1981-69,5292,17826,REPAIR
18970,CON-RES-RC-1982-452,5293,18180,REPAIR
18971,CON-RES-RC-1982-476,5294,,"SKIP: OP/TOT relationship"
18972,CON-RES-RC-1982-482,5295,18206,REPAIR
18973,RES-1992-6683,5296,40417,REPAIR
18974,RES-1992-6692,5297,40426,REPAIR
18975,RES-1992-6693,5298,40427,REPAIR
18976,RES-1992-6696,5299,,"SKIP: OP/TOT relationship"
18977,RES-1992-6694,5300,40428,REPAIR
18978,RES-1992-6697,5301,40431,REPAIR
18981,RES-1992-6700,5304,40433,REPAIR
18982,RES-1992-6701,5305,40434,REPAIR
18987,RES-1992-6710,5310,40437,REPAIR
18988,RES-1992-6711,5311,40438,REPAIR
18989,RES-1992-6713,5312,40440,REPAIR
18990,RES-1992-6715,5313,40441,REPAIR
18991,RES-1992-6716,5314,40442,REPAIR
18992,RES-1992-6718,5315,40444,REPAIR
18993,RES-1992-6719,5316,40445,REPAIR
18995,RES-1992-6721,5318,40447,REPAIR
18996,RES-1992-6722,5319,40448,REPAIR
18997,RES-1992-6724,5320,40450,REPAIR
18998,RES-1992-6726,5321,40452,REPAIR
18999,RES-1992-6727,5322,40453,REPAIR
19000,RES-1992-6728,5323,40454,REPAIR
19001,RES-1992-6729,5324,40455,REPAIR
19002,RES-1992-6730,5325,40457,REPAIR
19003,RES-1992-6731,5326,40458,REPAIR
19005,RES-1992-6733,5328,40459,REPAIR
19006,RES-1992-6734,5329,40460,REPAIR
19007,RES-1992-6735,5330,40461,REPAIR
19008,RES-1992-6736,5331,40462,REPAIR
19009,RES-1992-6738,5332,40464,REPAIR
19012,RES-1992-6742,5335,40466,REPAIR
19013,RES-1992-6743,5336,40467,REPAIR
19014,RES-1992-6744,5337,40468,REPAIR
19015,RES-1992-6745,5338,40469,REPAIR
19017,RES-1992-6747,5340,40470,REPAIR
19020,RES-1992-6750,5343,40472,REPAIR
19021,RES-1992-6751,5344,40473,REPAIR
19022,RES-1992-6753,5345,40474,REPAIR
19023,RES-1992-6754,5346,40475,REPAIR
19024,RES-1992-6756,5347,40476,REPAIR
19025,RES-1992-6757,5348,40477,REPAIR
19026,RES-1992-6759,5349,40478,REPAIR
19027,RES-1992-6761,5350,40480,REPAIR
19028,RES-1992-6762,5351,,"SKIP: OP/TOT relationship"
19029,RES-1992-6767,5352,40483,REPAIR
19031,RES-1992-6769,5354,40484,REPAIR
19034,RES-1992-6773,5357,40485,REPAIR
19035,RES-1992-6776,5358,40487,REPAIR
19036,RES-1992-6778,5359,40488,REPAIR
19038,RES-1992-6782,5361,40489,REPAIR
19040,RES-1992-6784,5363,40490,REPAIR
19050,RES-1992-6800,5373,40494,REPAIR
19051,RES-1992-6801,5374,40495,REPAIR
19057,RES-1992-6813,5380,40497,REPAIR
19061,RES-1992-6831,5384,40498,REPAIR
19064,RES-1992-6834,5387,40499,REPAIR
19066,RES-1992-6836,5389,40500,REPAIR
19068,RES-1992-6840,5391,,"SKIP: referenced as parent_prop_id"
19069,RES-1992-6103,5392,40215,REPAIR
19070,RES-1992-6904,5393,40548,REPAIR
19071,RES-1992-6969,5394,40580,REPAIR
19074,CON-RES-1981-366,5397,,"SKIP: OP/TOT relationship"
19076,CON-COM-1983-87,5399,7902,REPAIR
19077,CON-RES-1981-403,5400,10915,REPAIR
19079,CON-RES-1981-39,5402,10909,REPAIR
19080,CON-RES-1981-200,5403,10786,REPAIR
19081,CON-RES-1981-152,5404,137845,REPAIR
19083,CON-COM-1982-180,5406,7755,REPAIR
19084,CON-COM-1981-125,5407,121650,REPAIR
19085,CON-RES-1981-181,5408,10772,REPAIR
19086,CON-RES-1981-361,5409,10893,REPAIR
19087,CON-RES-1981-308,5410,10857,REPAIR
19089,CON-RES-1981-165,5412,137805,REPAIR
19090,CON-RES-1991-177,5413,13847,REPAIR
19091,CON-RES-1981-150,5414,10758,REPAIR
19092,CON-RES-1981-26,5415,136115,REPAIR
19093,CON-RES-1981-429,5416,166193,REPAIR
19096,CON-RES-1981-432,5419,,"SKIP: OP/TOT relationship"
19097,CON-RES-1981-143,5420,10752,REPAIR
19098,CON-RES-1981-144,5421,138133,REPAIR
19099,CON-RES-1981-146,5422,138138,REPAIR
19100,CON-RES-1981-45,5423,136688,REPAIR
19101,CON-RES-1981-183,5424,10774,REPAIR
19105,CON-RES-1981-118,5428,138454,REPAIR
19106,CON-RES-1981-136,5429,10751,REPAIR
19107,CON-RES-1981-347,5430,10886,REPAIR
19109,CON-RES-1981-367,5432,10896,REPAIR
19110,CON-RES-1981-378,5433,10903,REPAIR
19111,CON-RES-1981-402,5434,10914,REPAIR
19113,CON-RES-1981-418,5436,10922,REPAIR
19114,CON-RES-1981-449,5437,10937,REPAIR
19115,CON-RES-1981-386,5438,165579,REPAIR
19116,CON-RES-1981-381,5439,10906,REPAIR
19117,CON-RES-1981-377,5440,10902,REPAIR
19122,CON-RES-1981-422,5445,10923,REPAIR
19126,CON-RES-1981-416,5449,10921,REPAIR
19127,CON-RES-1981-341,5450,10881,REPAIR
19128,CON-RES-1981-368,5451,10897,REPAIR
19131,CON-RES-1981-356,5454,165273,REPAIR
19132,CON-RES-1981-323,5455,10867,REPAIR
19133,CON-RES-1981-346,5456,,"SKIP: OP/TOT relationship"
19134,CON-RES-1981-412,5457,10917,REPAIR
19136,CON-RES-1981-313,5459,,"SKIP: OP/TOT relationship"
19139,CON-RES-1981-413,5462,10918,REPAIR
19140,CON-RES-1981-369,5463,10898,REPAIR
19142,CON-RES-1981-337,5465,10878,REPAIR
19143,CON-RES-1981-370,5466,10899,REPAIR
19144,CON-RES-1981-333,5467,10874,REPAIR
19145,CON-RES-1981-306,5468,10855,REPAIR
19147,CON-RES-1981-311,5470,10860,REPAIR
19148,CON-RES-1981-385,5471,165575,REPAIR
19150,CON-RES-1981-362,5473,10894,REPAIR
19152,CON-RES-1981-329,5475,165120,REPAIR
19154,CON-RES-1981-304,5477,10853,REPAIR
19156,CON-RES-1981-350,5479,10888,REPAIR
19157,CON-RES-1981-456,5480,10939,REPAIR
19158,CON-RES-1981-382,5481,10907,REPAIR
19159,CON-RES-1981-376,5482,10901,REPAIR
19160,CON-RES-1981-384,5483,165572,REPAIR
19162,CON-RES-1981-430,5485,10927,REPAIR
19163,CON-RES-1981-301,5486,10851,REPAIR
19164,CON-RES-1981-431,5487,10928,REPAIR
19165,CON-RES-1981-442,5488,10933,REPAIR
19170,CON-RES-1981-380,5493,,"SKIP: OP/TOT relationship"
19171,CON-RES-1981-441,5494,10932,REPAIR
19172,CON-RES-1981-414,5495,10919,REPAIR
19176,CON-COM-1986-52,5499,8016,REPAIR
19180,CON-AG-1985-49,5503,7188,REPAIR
19187,CON-COM-1985-56,5510,7989,REPAIR
19188,CON-COM-1986-51,5511,8015,REPAIR
19196,CON-COM-1986-27,5519,8009,REPAIR
19202,CON-COM-1986-85,5525,8029,REPAIR
19204,CON-COM-1982-176,5527,,"SKIP: OP/TOT relationship"
19205,CON-COM-1986-73,5528,8026,REPAIR
19206,CON-COM-1986-87,5529,8030,REPAIR
19210,CON-COM-1986-77,5533,8027,REPAIR
19211,CON-COM-1986-72,5534,8025,REPAIR
19217,CON-COM-1986-89,5540,8032,REPAIR
19218,CON-COM-1985-71,5541,7992,REPAIR
19220,CON-COM-1985-86,5543,7997,REPAIR
19221,CON-COM-1986-29,5544,8010,REPAIR
19222,CON-COM-1986-20,5545,8008,REPAIR
19224,CON-COM-1985-129,5547,7972,REPAIR
19226,CON-COM-1985-85,5549,7996,REPAIR
19232,CON-AG-1982-144,5555,6902,REPAIR
19233,CON-AG-1992-22,5556,7359,REPAIR
19236,CON-AG-1982-119,5559,6885,REPAIR
19237,CON-COM-1992-56,5560,8196,REPAIR
19241,CON-COM-1993-12,5564,8224,REPAIR
19242,CON-RES-RC-1982-69,5565,18404,REPAIR
19243,CON-RES-RC-1982-658,5566,18374,REPAIR
19244,CON-RES-RC-1982-330,5567,18060,REPAIR
19245,CON-RES-RC-1982-73,5568,18439,REPAIR
19246,CON-RES-RC-1982-75,5569,18452,REPAIR
19247,CON-COM-RC-1981-46,5570,10250,REPAIR
19248,CON-RES-RC-1982-734,5571,18443,REPAIR
19249,CON-AG-1992-58,5572,7362,REPAIR
19250,CON-RES-RC-1982-328,5573,18057,REPAIR
19251,CON-RES-RC-1982-111,5574,17872,REPAIR
19252,CON-RES-RC-1982-331,5575,18061,REPAIR
19253,CON-RES-RC-1982-112,5576,17873,REPAIR
19254,CON-RES-RC-1982-316,5577,18045,REPAIR
19255,CON-RES-RC-1982-312,5578,18042,REPAIR
19256,CON-AG-1982-139,5579,6897,REPAIR
19257,CON-AG-1982-140,5580,6898,REPAIR
19258,CON-AG-1987-38,5581,7258,REPAIR
19259,CON-RES-RC-1982-76,5582,18453,REPAIR
19260,CON-RES-RC-1982-735,5583,18444,REPAIR
19263,CON-COM-1989-35,5586,8093,REPAIR
19267,CON-AG-1982-481,5590,7017,REPAIR
19268,CON-AG-1985-74,5591,7193,REPAIR
19271,RES-1982-510,5594,29135,REPAIR
19272,RES-1982-522,5595,29146,REPAIR
19273,RES-1982-523,5596,29147,REPAIR
19274,RES-1982-520,5597,29144,REPAIR
19275,RES-1982-525,5598,,"SKIP: OP/TOT relationship"
19277,RES-1982-528,5600,29150,REPAIR
19278,RES-1982-530,5601,29153,REPAIR
19279,RES-1982-531,5602,,"SKIP: OP/TOT relationship"
19281,RES-1982-534,5604,,"SKIP: OP/TOT relationship"
19283,RES-1982-538,5606,29160,REPAIR
19284,RES-1982-539,5607,29161,REPAIR
19285,RES-1982-540,5608,29162,REPAIR
19287,RES-1982-529,5610,,"SKIP: OP/TOT relationship"
19288,RES-1982-542,5611,,"SKIP: OP/TOT relationship"
19289,RES-1982-543,5612,29164,REPAIR
19290,RES-1982-544,5613,29165,REPAIR
19291,RES-1982-545,5614,29166,REPAIR
19292,RES-1982-546,5615,29167,REPAIR
19293,RES-1982-548,5616,29168,REPAIR
19294,RES-1982-549,5617,,"SKIP: OP/TOT relationship"
19296,RES-1982-551,5619,,"SKIP: OP/TOT relationship"
19300,RES-1982-555,5623,29172,REPAIR
19301,RES-1982-556,5624,29173,REPAIR
19302,RES-1982-557,5625,,"SKIP: OP/TOT relationship"
19303,RES-1982-558,5626,29175,REPAIR
19305,RES-1982-560,5628,,"SKIP: OP/TOT relationship"
19308,RES-1982-563,5631,29177,REPAIR
19309,RES-1982-565,5632,29178,REPAIR
19310,RES-1982-566,5633,29179,REPAIR
19311,RES-1982-567,5634,29180,REPAIR
19312,RES-1982-569,5635,,"SKIP: OP/TOT relationship"
19313,RES-1982-570,5636,29184,REPAIR
19315,RES-1982-574,5638,29187,REPAIR
19316,RES-1982-575,5639,29188,REPAIR
19317,RES-1982-576,5640,,"SKIP: referenced as parent_prop_id"
19319,RES-1982-579,5642,29191,REPAIR
19320,RES-1982-580,5643,29192,REPAIR
19321,RES-1982-568,5644,29181,REPAIR
19322,RES-1982-583,5645,,"SKIP: OP/TOT relationship"
19323,RES-1982-585,5646,29198,REPAIR
19325,RES-1982-587,5648,29199,REPAIR
19327,RES-1982-588,5650,29200,REPAIR
19328,RES-1982-589,5651,29201,REPAIR
19330,RES-1982-596,5653,,"SKIP: OP/TOT relationship"
19334,RES-1982-601,5657,29209,REPAIR
19335,RES-1982-602,5658,29210,REPAIR
19337,RES-1982-607,5660,29211,REPAIR
19338,RES-1982-608,5661,29212,REPAIR
19339,RES-1982-610,5662,29215,REPAIR
19340,RES-1982-611,5663,29216,REPAIR
19341,RES-1982-612,5664,,"SKIP: OP/TOT relationship"
19342,RES-1982-615,5665,,"SKIP: OP/TOT relationship"
19343,RES-1982-614,5666,,"SKIP: OP/TOT relationship"
19344,RES-1982-616,5667,29220,REPAIR
19345,RES-1982-617,5668,,"SKIP: referenced as parent_prop_id"
19346,RES-1982-618,5669,,"SKIP: OP/TOT relationship"
19347,RES-1982-621,5670,,"SKIP: referenced as parent_prop_id"
19348,RES-1982-622,5671,,"SKIP: OP/TOT relationship"
19349,RES-1982-624,5672,29228,REPAIR
19350,RES-1982-625,5673,29229,REPAIR
19351,RES-1982-626,5674,29230,REPAIR
19352,RES-1982-629,5675,,"SKIP: referenced as parent_prop_id"
19353,RES-1982-630,5676,29234,REPAIR
19354,RES-1982-632,5677,29237,REPAIR
19355,RES-1982-634,5678,29238,REPAIR
19356,RES-1982-636,5679,29240,REPAIR
19357,RES-1982-640,5680,29242,REPAIR
19358,RES-1982-641,5681,29243,REPAIR
19359,RES-1982-643,5682,,"SKIP: OP/TOT relationship"
19360,RES-1982-647,5683,29247,REPAIR
19361,RES-1982-649,5684,,"SKIP: OP/TOT relationship"
19362,RES-1982-650,5685,29251,REPAIR
19363,RES-1982-651,5686,,"SKIP: OP/TOT relationship"
19364,RES-1982-661,5687,29262,REPAIR
19365,RES-1982-654,5688,29255,REPAIR
19366,RES-1982-656,5689,29256,REPAIR
19367,RES-1982-658,5690,29258,REPAIR
19368,RES-1982-659,5691,29259,REPAIR
19377,RES-1992-2615,5700,39133,REPAIR
19382,RES-1992-2620,5705,39134,REPAIR
19383,RES-1992-2621,5706,39135,REPAIR
19384,RES-1992-2622,5707,39136,REPAIR
19389,RES-1992-2640,5712,39140,REPAIR
19396,RES-1992-2085,5719,38982,REPAIR
19398,RES-1992-2519,5721,39111,REPAIR
19402,RES-1992-2523,5725,39112,REPAIR
19404,RES-1992-2525,5727,39113,REPAIR
19416,RES-1992-2548,5739,39119,REPAIR
19418,RES-1992-2550,5741,39120,REPAIR
19420,RES-1992-2554,5743,39123,REPAIR
19421,RES-1992-2555,5744,39124,REPAIR
19422,RES-1992-2556,5745,39125,REPAIR
19423,RES-1992-2557,5746,39126,REPAIR
19425,RES-1992-2559,5748,,"SKIP: OP/TOT relationship"
19442,RES-1992-2577,5765,39128,REPAIR
19443,RES-1992-2578,5766,39129,REPAIR
19444,RES-1992-2579,5767,39130,REPAIR
19453,RES-1992-2588,5776,39131,REPAIR
19458,CON-RES-RC-1982-444,5781,,"SKIP: OP/TOT relationship"
19459,CON-RES-RC-1982-424,5782,18151,REPAIR
19460,CON-RES-RC-1982-441,5783,,"SKIP: OP/TOT relationship"
19461,CON-RES-RC-1984-40,5784,18550,REPAIR
19462,CON-RES-RC-1984-36,5785,18544,REPAIR
19463,CON-RES-RC-1984-37,5786,18545,REPAIR
19464,CON-RES-RC-1984-38,5787,18546,REPAIR
19465,CON-RES-RC-1982-434,5788,18160,REPAIR
19466,CON-RES-RC-1984-68,5789,18569,REPAIR
19467,CON-RES-RC-1984-43,5790,,"SKIP: OP/TOT relationship"
19468,CON-RES-RC-1982-449,5791,,"SKIP: OP/TOT relationship"
19469,CON-RES-RC-1984-35,5792,18543,REPAIR
19470,CON-RES-RC-1984-448,5793,18555,REPAIR
19471,CON-RES-RC-1982-446,5794,18173,REPAIR
19472,CON-RES-RC-1984-41,5795,18551,REPAIR
19473,CON-RES-RC-1985-13,5796,,"SKIP: OP/TOT relationship"
19474,CON-RES-RC-1985-16,5797,18576,REPAIR
19476,CON-RES-RC-1988-12,5799,18632,REPAIR
19477,CON-RES-RC-1988-10,5800,,"SKIP: OP/TOT relationship"
19479,CON-RES-RC-1985-14,5802,18574,REPAIR
19485,CON-AG-1981-47,5808,6846,REPAIR
19489,CON-RES-RC-1983-8,5812,18515,REPAIR
19490,CON-RES-RC-1983-7,5813,18513,REPAIR
19497,CON-RES-RC-1982-366,5820,,"SKIP: OP/TOT relationship"
19498,CON-RES-RC-1982-351,5821,18079,REPAIR
19503,CON-AG-2009-32,5826,7503,REPAIR
19505,CON-AG-2009-21,5828,7502,REPAIR
19507,CON-RES-RC-1982-582,5830,18305,REPAIR
19508,CON-AG-2009-17,5831,7501,REPAIR
19509,CON-RES-RC-1983-9,5832,,"SKIP: OP/TOT relationship"
19510,AG-RC-1983-1,5833,291,REPAIR
19511,CON-RES-RC-1983-10,5834,18485,REPAIR
19512,CON-RES-RC-1982-292,5835,18021,REPAIR
19513,AG-RC-1982-93,5836,283,REPAIR
19514,AG-RC-1982-79,5837,267,REPAIR
19515,AG-RC-1982-59,5838,248,REPAIR
19516,AG-RC-1982-86,5839,275,REPAIR
19517,AG-RC-1982-87,5840,276,REPAIR
19518,AG-RC-1982-82,5841,271,REPAIR
19519,AG-RC-1982-61,5842,251,REPAIR
19520,AG-RC-1982-72,5843,260,REPAIR
19521,AG-RC-1982-73,5844,261,REPAIR
19522,AG-RC-1982-67,5845,255,REPAIR
19523,AG-RC-1982-60,5846,250,REPAIR
19524,AG-RC-1982-70,5847,259,REPAIR
19525,AG-RC-1982-92,5848,,"SKIP: OP/TOT relationship"
19526,AG-RC-1982-95,5849,,"SKIP: OP/TOT relationship"
19527,AG-RC-1982-77,5850,265,REPAIR
19528,AG-RC-1982-75,5851,263,REPAIR
19529,AG-RC-1982-74,5852,,"SKIP: OP/TOT relationship"
19530,AG-RC-1982-76,5853,264,REPAIR
19531,CON-RES-RC-1982-71,5854,18422,REPAIR
19532,CON-RES-RC-1982-618,5855,18341,REPAIR
19533,CON-RES-RC-1982-168,5856,17942,REPAIR
19534,CON-RES-RC-1982-97,5857,,"SKIP: OP/TOT relationship"
19535,CON-RES-RC-1982-365,5858,18094,REPAIR
19536,CON-RES-RC-1982-361,5859,,"SKIP: OP/TOT relationship"
19537,CON-AG-1981-45,5860,6845,REPAIR
19538,CON-RES-RC-1981-12,5861,17739,REPAIR
19539,CON-RES-RC-1982-189,5862,17963,REPAIR
19540,CON-RES-RC-1982-318,5863,18047,REPAIR
19541,CON-RES-RC-1982-672,5864,18388,REPAIR
19542,CON-AG-1987-130,5865,7251,REPAIR
19545,CON-RES-RC-1982-641,5868,18360,REPAIR
19547,CON-AG-1981-71,5870,6864,REPAIR
19548,CON-RES-RC-1982-411,5871,18137,REPAIR
19549,CON-RES-RC-1982-85,5872,18465,REPAIR
19550,CON-RES-RC-1982-95,5873,18479,REPAIR
19551,CON-RES-RC-1982-96,5874,18480,REPAIR
19552,CON-RES-RC-1982-576,5875,,"SKIP: OP/TOT relationship"
19553,CON-RES-RC-1982-579,5876,18301,REPAIR
19555,CON-RES-RC-1982-358,5878,18086,REPAIR
19556,CON-AG-1982-54,5879,7033,REPAIR
19557,RES-1982-701,5880,29298,REPAIR
19558,RES-1982-712,5881,29302,REPAIR
19559,RES-1982-714,5882,29303,REPAIR
19560,RES-1982-716,5883,,"SKIP: OP/TOT relationship"
19561,RES-1982-719,5884,29306,REPAIR
19562,RES-1982-721,5885,29308,REPAIR
19563,RES-1982-724,5886,,"SKIP: OP/TOT relationship"
19564,RES-1982-728,5887,29312,REPAIR
19565,RES-1982-730,5888,29314,REPAIR
19566,RES-1982-731,5889,,"SKIP: OP/TOT relationship"
19567,RES-1982-733,5890,29316,REPAIR
19568,RES-1982-737,5891,,"SKIP: OP/TOT relationship"
19569,RES-1982-783,5892,29357,REPAIR
19570,RES-1982-740,5893,29320,REPAIR
19571,RES-1982-741,5894,,"SKIP: OP/TOT relationship"
19572,RES-1982-743,5895,,"SKIP: OP/TOT relationship"
19573,RES-1982-745,5896,,"SKIP: OP/TOT relationship"
19576,RES-1982-753,5899,29328,REPAIR
19577,RES-1982-754,5900,,"SKIP: OP/TOT relationship"
19578,RES-1982-755,5901,,"SKIP: OP/TOT relationship"
19579,RES-1982-758,5902,29333,REPAIR
19580,RES-1982-760,5903,29336,REPAIR
19581,RES-1982-761,5904,,"SKIP: OP/TOT relationship"
19582,RES-1982-763,5905,,"SKIP: OP/TOT relationship"
19583,RES-1982-764,5906,29339,REPAIR
19584,RES-1982-765,5907,29340,REPAIR
19585,RES-1982-766,5908,29341,REPAIR
19586,RES-1982-767,5909,29342,REPAIR
19587,RES-1982-789,5910,29362,REPAIR
19588,RES-1982-768,5911,,"SKIP: referenced as parent_prop_id"
19589,RES-1982-769,5912,,"SKIP: OP/TOT relationship"
19590,RES-1982-770,5913,29345,REPAIR
19591,RES-1982-771,5914,,"SKIP: OP/TOT relationship"
19592,RES-1982-772,5915,29347,REPAIR
19593,RES-1982-775,5916,29349,REPAIR
19594,RES-1982-776,5917,29350,REPAIR
19595,RES-1982-778,5918,,"SKIP: OP/TOT relationship"
19596,RES-1982-779,5919,29353,REPAIR
19597,RES-1982-780,5920,29354,REPAIR
19598,RES-1982-781,5921,,"SKIP: OP/TOT relationship"
19599,RES-1982-782,5922,29356,REPAIR
19600,RES-1982-787,5923,29361,REPAIR
19601,RES-1982-785,5924,,"SKIP: OP/TOT relationship"
19602,RES-1982-786,5925,,"SKIP: OP/TOT relationship"
19603,RES-1982-791,5926,29364,REPAIR
19604,RES-1982-792,5927,,"SKIP: OP/TOT relationship"
19605,RES-1982-794,5928,,"SKIP: OP/TOT relationship"
19606,RES-1982-798,5929,29367,REPAIR
19609,RES-1982-803,5932,29370,REPAIR
19610,RES-1982-804,5933,29371,REPAIR
19611,RES-1982-807,5934,29375,REPAIR
19612,RES-1982-808,5935,29376,REPAIR
19613,RES-1982-809,5936,29377,REPAIR
19615,RES-1982-815,5938,,"SKIP: OP/TOT relationship"
19616,RES-1982-817,5939,29385,REPAIR
19619,RES-1982-820,5942,29387,REPAIR
19620,RES-1982-822,5943,29389,REPAIR
19621,RES-1982-823,5944,29390,REPAIR
19622,RES-1982-824,5945,,"SKIP: OP/TOT relationship"
19625,RES-1982-827,5948,29392,REPAIR
19626,RES-1982-828,5949,29393,REPAIR
19627,RES-1982-829,5950,,"SKIP: OP/TOT relationship"
19632,RES-1982-835,5955,,"SKIP: OP/TOT relationship"
19636,RES-1982-840,5959,29398,REPAIR
19638,RES-1982-844,5961,29401,REPAIR
19639,RES-1982-845,5962,29402,REPAIR
19641,RES-1982-849,5964,,"SKIP: OP/TOT relationship"
19643,RES-1982-851,5966,29407,REPAIR
19644,RES-1982-852,5967,29408,REPAIR
19651,RES-1982-869,5974,29418,REPAIR
19678,RES-1992-2800,6001,39182,REPAIR
19679,RES-1981-729,6002,,"SKIP: OP/TOT relationship"
19687,RES-1992-2811,6010,39184,REPAIR
19688,RES-1992-2812,6011,39185,REPAIR
19695,RES-1992-2822,6018,39188,REPAIR
19696,RES-1992-2823,6019,39189,REPAIR
19697,RES-1992-2824,6020,39190,REPAIR
19698,RES-1992-2825,6021,39191,REPAIR
19699,RES-1992-2826,6022,39192,REPAIR
19700,RES-1992-2827,6023,39193,REPAIR
19702,RES-1992-2829,6025,39194,REPAIR
19703,RES-1992-2830,6026,39195,REPAIR
19711,RES-1992-2838,6034,39196,REPAIR
19712,RES-1992-2839,6035,39197,REPAIR
19713,RES-1992-2840,6036,39198,REPAIR
19716,RES-1992-2843,6039,39199,REPAIR
19718,RES-1992-2845,6041,39200,REPAIR
19720,RES-1992-2847,6043,39201,REPAIR
19751,RES-1992-2879,6074,39202,REPAIR
19752,RES-1992-2880,6075,39204,REPAIR
19755,CON-RES-RC-1982-166,6077,17940,REPAIR
19756,CON-RES-RC-1982-105,6078,17864,REPAIR
19757,CON-RES-RC-1982-415,6079,18141,REPAIR
19758,CON-RES-RC-1982-414,6080,18140,REPAIR
19759,CON-RES-RC-1982-401,6081,18127,REPAIR
19760,CON-RES-RC-1982-419,6082,18145,REPAIR
19761,CON-RES-RC-1982-416,6083,18142,REPAIR
19762,CON-RES-RC-1982-689,6084,18403,REPAIR
19763,CON-RES-RC-1982-187,6085,,"SKIP: OP/TOT relationship"
19764,CON-RES-RC-1982-188,6086,17962,REPAIR
19766,CON-RES-RC-1982-406,6088,18132,REPAIR
19767,CON-RES-RC-1982-429,6089,18155,REPAIR
19768,CON-RES-RC-1982-447,6090,18174,REPAIR
19769,CON-RES-RC-1982-420,6091,18147,REPAIR
19770,CON-RES-RC-1982-418,6092,18144,REPAIR
19771,CON-RES-RC-1982-422,6093,18149,REPAIR
19772,CON-RES-RC-1982-408,6094,18134,REPAIR
19773,CON-RES-RC-1982-423,6095,18150,REPAIR
19774,CON-RES-RC-1982-692,6096,18407,REPAIR
19775,CON-RES-RC-1982-624,6097,18346,REPAIR
19776,CON-RES-RC-1982-602,6098,18327,REPAIR
19777,CON-RES-RC-1982-693,6099,18408,REPAIR
19778,CON-RES-RC-1982-673,6100,18389,REPAIR
19779,CON-RES-RC-1982-679,6101,18394,REPAIR
19780,CON-RES-RC-1982-690,6102,18405,REPAIR
19781,CON-RES-RC-1982-643,6103,18361,REPAIR
19782,CON-RES-RC-1982-648,6104,,"SKIP: referenced as parent_prop_id"
19783,CON-RES-RC-1982-649,6105,18366,REPAIR
19784,CON-RES-RC-1982-404,6106,18130,REPAIR
19785,CON-RES-RC-1982-640,6107,18359,REPAIR
19786,CON-RES-RC-1982-103,6108,17861,REPAIR
19787,CON-RES-RC-1982-427,6109,,"SKIP: OP/TOT relationship"
19788,CON-RES-RC-1982-612,6110,18335,REPAIR
19789,CON-RES-RC-1981-144,6111,17760,REPAIR
19790,CON-RES-RC-1982-67,6112,18386,REPAIR
19791,CON-RES-RC-1982-570,6113,18293,REPAIR
19792,CON-RES-RC-1982-64,6114,,"SKIP: OP/TOT relationship"
19793,CON-RES-RC-1982-89,6115,18471,REPAIR
19794,CON-RES-RC-1982-104,6116,17863,REPAIR
19795,CON-RES-RC-1982-88,6117,18469,REPAIR
19796,CON-RES-RC-1982-143,6118,17917,REPAIR
19797,CON-RES-RC-1982-72,6119,18431,REPAIR
19798,CON-RES-RC-1982-337,6120,18066,REPAIR
19799,CON-RES-RC-1982-340,6121,,"SKIP: referenced as parent_prop_id"
19801,CON-RES-RC-1982-324,6123,18053,REPAIR
19802,CON-AG-1982-59,6124,7049,REPAIR
19803,CON-RES-RC-1982-304,6125,18033,REPAIR
19804,CON-RES-RC-1982-305,6126,18034,REPAIR
19805,CON-RES-RC-1982-303,6127,,"SKIP: OP/TOT relationship"
19806,CON-RES-RC-1982-335,6128,18065,REPAIR
19807,CON-RES-RC-1982-334,6129,18064,REPAIR
19809,CON-RES-RC-1982-74,6131,18448,REPAIR
19810,CON-RES-RC-1982-68,6132,18395,REPAIR
19811,CON-RES-RC-1982-121,6133,17884,REPAIR
19812,CON-RES-RC-1982-608,6134,18333,REPAIR
19813,CON-RES-RC-1982-155,6135,17930,REPAIR
19814,CON-RES-RC-1982-176,6136,17949,REPAIR
19815,CON-RES-RC-1982-433,6137,18159,REPAIR
19816,CON-RES-RC-1982-152,6138,17927,REPAIR
19817,CON-RES-RC-1982-299,6139,18026,REPAIR
19818,CON-RES-RC-1982-298,6140,18025,REPAIR
19819,CON-RES-RC-1982-129,6141,17895,REPAIR
19820,CON-RES-RC-1982-615,6142,18338,REPAIR
19821,CON-RES-RC-1982-628,6143,,"SKIP: OP/TOT relationship"
19822,CON-RES-RC-1982-291,6144,18020,REPAIR
19825,CON-RES-RC-1982-617,6147,,"SKIP: OP/TOT relationship"
19826,CON-RES-RC-1982-293,6148,18023,REPAIR
19827,CON-RES-RC-1982-297,6149,18024,REPAIR
19828,CON-RES-RC-1982-70,6150,18414,REPAIR
19829,CON-RES-RC-1982-62,6151,,"SKIP: OP/TOT relationship"
19830,CON-RES-RC-1982-58,6152,18302,REPAIR
19831,CON-RES-RC-1982-632,6153,18353,REPAIR
19832,CON-RES-RC-1982-288,6154,18018,REPAIR
19833,CON-RES-RC-1982-625,6155,18347,REPAIR
19834,CON-RES-RC-1982-207,6156,17983,REPAIR
19835,CON-RES-RC-1982-208,6157,,"SKIP: OP/TOT relationship"
19836,CON-RES-RC-1982-206,6158,,"SKIP: OP/TOT relationship"
19837,CON-RES-RC-1982-205,6159,17981,REPAIR
19838,CON-RES-RC-1982-607,6160,18332,REPAIR
19839,CON-RES-RC-1982-154,6161,,"SKIP: OP/TOT relationship"
19840,CON-RES-RC-1982-204,6162,,"SKIP: OP/TOT relationship"
19841,CON-RES-RC-1982-333,6163,18063,REPAIR
19842,CON-RES-RC-1982-178,6164,17951,REPAIR
19843,CON-RES-RC-1982-133,6165,17905,REPAIR
19844,CON-RES-RC-1982-123,6166,,"SKIP: OP/TOT relationship"
19845,CON-AG-1982-66,6167,7064,REPAIR
19846,CON-AG-1982-60,6168,7056,REPAIR
19847,CON-AG-1982-61,6169,7059,REPAIR
19848,CON-AG-1982-62,6170,,"SKIP: OP/TOT relationship"
19849,CON-AG-1982-63,6171,7061,REPAIR
19850,CON-AG-1982-64,6172,7062,REPAIR
19851,CON-AG-1982-65,6173,7063,REPAIR
19853,CON-RES-RC-1982-285,6174,18016,REPAIR
19854,CON-RES-RC-1982-307,6175,18036,REPAIR
19857,RES-1982-887,6178,,"SKIP: OP/TOT relationship"
19858,RES-1982-890,6179,29435,REPAIR
19860,RES-1982-895,6181,29440,REPAIR
19861,RES-1982-899,6182,29444,REPAIR
19862,RES-1982-955,6183,29479,REPAIR
19863,RES-1982-960,6184,,"SKIP: referenced as parent_prop_id"
19864,RES-1982-961,6185,29483,REPAIR
19866,RES-1982-963,6187,29484,REPAIR
19867,RES-1982-974,6188,29493,REPAIR
19868,RES-1982-975,6189,29494,REPAIR
19869,RES-1982-976,6190,29495,REPAIR
19870,RES-1982-967,6191,29486,REPAIR
19871,RES-1982-972,6192,29491,REPAIR
19872,RES-1982-977,6193,29496,REPAIR
19873,RES-1982-985,6194,29501,REPAIR
19874,RES-1982-986,6195,29502,REPAIR
19875,RES-1982-994,6196,29508,REPAIR
19876,RES-1982-998,6197,29511,REPAIR
19877,RES-1982-981,6198,29499,REPAIR
19878,RES-1982-989,6199,29505,REPAIR
19879,RES-1982-999,6200,29512,REPAIR
19880,RES-1982-993,6201,29507,REPAIR
19881,RES-1982-1000,6202,27885,REPAIR
19882,RES-1982-901,6203,29447,REPAIR
19884,RES-1982-903,6205,29448,REPAIR
19885,RES-1982-904,6206,,"SKIP: OP/TOT relationship"
19886,RES-1982-905,6207,,"SKIP: OP/TOT relationship"
19889,RES-1982-908,6210,,"SKIP: OP/TOT relationship"
19890,RES-1982-909,6211,29452,REPAIR
19891,RES-1982-911,6212,29455,REPAIR
19892,RES-1982-839,6213,29397,REPAIR
19895,RES-1982-912,6214,,"SKIP: OP/TOT relationship"
19896,RES-1982-913,6215,29458,REPAIR
19898,RES-1982-915,6217,,"SKIP: OP/TOT relationship"
19902,RES-1982-919,6221,29460,REPAIR
19906,RES-1982-923,6225,29462,REPAIR
19907,RES-1982-924,6226,29463,REPAIR
19908,RES-1982-925,6227,,"SKIP: OP/TOT relationship"
19909,RES-1982-926,6228,29465,REPAIR
19910,RES-1982-927,6229,29466,REPAIR
19911,RES-1982-928,6230,,"SKIP: OP/TOT relationship"
19916,RES-1982-936,6235,29471,REPAIR
19918,RES-1982-938,6237,29472,REPAIR
19920,RES-1982-940,6239,,"SKIP: OP/TOT relationship"
19923,RES-1982-946,6242,29477,REPAIR
19924,RES-1982-945,6243,29476,REPAIR
19937,RES-1982-968,6256,29487,REPAIR
19938,RES-1982-970,6257,29490,REPAIR
19940,RES-1982-973,6259,,"SKIP: OP/TOT relationship"
19942,RES-1982-980,6261,29498,REPAIR
19945,RES-1982-987,6264,29503,REPAIR
19950,RES-1982-1138,6269,,"SKIP: OP/TOT relationship"
19951,RES-1982-1142,6270,28008,REPAIR
19952,RES-1982-1143,6271,28009,REPAIR
19953,RES-1982-1144,6272,28010,REPAIR
19954,RES-1982-1145,6273,28011,REPAIR
19955,RES-1982-1146,6274,28012,REPAIR
19959,RES-1992-2887,6278,39205,REPAIR
19976,RES-1992-2907,6295,39207,REPAIR
19977,RES-1992-2908,6296,39208,REPAIR
19980,RES-1992-2912,6299,39209,REPAIR
19987,RES-1992-2918,6305,39210,REPAIR
19997,RES-1992-2928,6315,39212,REPAIR
19998,RES-1992-2929,6316,39213,REPAIR
19999,RES-1992-2932,6317,39215,REPAIR
20000,RES-1992-2934,6318,39216,REPAIR
20001,RES-1992-2935,6319,39217,REPAIR
20002,RES-1992-2936,6320,39218,REPAIR
20003,RES-1992-2937,6321,39219,REPAIR
20004,RES-1992-2938,6322,39220,REPAIR
20005,RES-1992-2939,6323,39221,REPAIR
20006,RES-1992-2940,6324,39222,REPAIR
20008,RES-1992-2942,6326,39223,REPAIR
20009,RES-1992-2943,6327,39224,REPAIR
20011,RES-1992-2946,6329,39225,REPAIR
20013,RES-1992-2949,6331,39226,REPAIR
20015,RES-1992-2951,6333,39227,REPAIR
20017,RES-1992-2953,6335,39228,REPAIR
20022,RES-1992-2960,6340,39229,REPAIR
20026,RES-1992-2964,6344,39230,REPAIR
20030,RES-1992-2969,6348,39231,REPAIR
20039,RES-1992-2978,6357,39232,REPAIR
20040,RES-1992-2979,6358,39233,REPAIR
20044,RES-1992-2983,6362,39235,REPAIR
20066,CON-AG-1993-77,6384,7374,REPAIR
20082,CON-AG-1993-78,6400,7375,REPAIR
20097,CON-AG-1993-52,6414,7367,REPAIR
20100,AG-RC-1983-12,6417,292,REPAIR
20101,AG-RC-1983-16,6418,295,REPAIR
20102,CON-AG-1983-200,6419,7098,REPAIR
20103,AG-RC-1983-6,6420,300,REPAIR
20104,AG-RC-1982-55,6421,244,REPAIR
20105,AG-RC-1982-90,6422,280,REPAIR
20106,AG-RC-1982-91,6423,281,REPAIR
20107,AG-RC-1982-78,6424,,"SKIP: OP/TOT relationship"
20108,AG-RC-1982-94,6425,,"SKIP: OP/TOT relationship"
20110,AG-RC-1983-8,6427,302,REPAIR
20111,AG-RC-1983-15,6428,294,REPAIR
20113,CON-AG-1986-14,6430,7209,REPAIR
20116,CON-AG-1986-8,6433,7237,REPAIR
20129,CON-AG-1986-29,6446,7222,REPAIR
20133,CON-AG-1986-36,6450,7224,REPAIR
20141,CON-RES-RC-1982-373,6458,18101,REPAIR
20142,CON-RES-RC-1988-8,6459,18639,REPAIR
20143,CON-RES-RC-1985-7,6460,18591,REPAIR
20144,CON-RES-RC-1985-6,6461,18589,REPAIR
20145,CON-RES-RC-1985-5,6462,,"SKIP: OP/TOT relationship"
20146,CON-RES-RC-1988-5,6463,18637,REPAIR
20147,CON-RES-RC-1985-2,6464,18577,REPAIR
20148,CON-RES-RC-1985-8,6465,18592,REPAIR
20149,CON-RES-RC-1985-1,6466,18571,REPAIR
20152,CON-RES-RC-1982-552,6469,,"SKIP: OP/TOT relationship"
20153,CON-RES-RC-1982-389,6470,18113,REPAIR
20154,CON-RES-RC-1982-353,6471,18081,REPAIR
20155,RES-1982-1148,6472,28013,REPAIR
20156,RES-1982-1153,6473,,"SKIP: OP/TOT relationship"
20157,RES-1982-1160,6474,28023,REPAIR
20158,RES-1982-1164,6475,28026,REPAIR
20159,RES-1982-1168,6476,28028,REPAIR
20160,RES-1982-1169,6477,28029,REPAIR
20161,RES-1982-1171,6478,28031,REPAIR
20162,RES-1982-1174,6479,28033,REPAIR
20163,RES-1982-1177,6480,28034,REPAIR
20164,RES-1982-1178,6481,28035,REPAIR
20165,RES-1982-1179,6482,28036,REPAIR
20166,RES-1982-1182,6483,28039,REPAIR
20167,RES-1982-1184,6484,28040,REPAIR
20168,RES-1982-1188,6485,,"SKIP: OP/TOT relationship"
20170,RES-1982-1155,6487,28017,REPAIR
20171,RES-1982-1156,6488,28018,REPAIR
20172,RES-1982-1157,6489,28019,REPAIR
20173,RES-1982-1159,6490,28021,REPAIR
20175,RES-1982-1193,6491,28045,REPAIR
20176,RES-1982-1198,6492,28046,REPAIR
20177,RES-1982-1201,6493,28049,REPAIR
20178,RES-1982-1209,6494,,"SKIP: OP/TOT relationship"
20179,RES-1982-1213,6495,28057,REPAIR
20180,RES-1982-1214,6496,,"SKIP: OP/TOT relationship"
20181,RES-1982-1217,6497,,"SKIP: OP/TOT relationship"
20182,RES-1982-1218,6498,,"SKIP: OP/TOT relationship"
20183,RES-1982-1222,6499,28062,REPAIR
20184,RES-1982-1230,6500,28065,REPAIR
20185,RES-1982-1233,6501,28068,REPAIR
20186,RES-1982-1232,6502,28067,REPAIR
20187,RES-1982-1236,6503,28070,REPAIR
20188,RES-1982-1244,6504,,"SKIP: OP/TOT relationship"
20189,RES-1982-1247,6505,28075,REPAIR
20190,RES-1982-1295,6506,,"SKIP: OP/TOT relationship"
20191,RES-1982-1255,6507,,"SKIP: OP/TOT relationship"
20192,RES-1982-1260,6508,,"SKIP: OP/TOT relationship"
20193,RES-1982-1264,6509,,"SKIP: OP/TOT relationship"
20194,RES-1982-1266,6510,28088,REPAIR
20195,RES-1982-1267,6511,,"SKIP: referenced as parent_prop_id"
20196,RES-1982-1272,6512,,"SKIP: OP/TOT relationship"
20197,RES-1982-1275,6513,28095,REPAIR
20198,RES-1982-1277,6514,,"SKIP: OP/TOT relationship"
20199,RES-1982-1279,6515,,"SKIP: OP/TOT relationship"
20200,RES-1982-1283,6516,28102,REPAIR
20201,RES-1982-1273,6517,28093,REPAIR
20202,RES-1982-1289,6518,28105,REPAIR
20203,RES-1982-1290,6519,28106,REPAIR
20204,RES-1982-1291,6520,28107,REPAIR
20205,RES-1982-1292,6521,,"SKIP: OP/TOT relationship"
20206,RES-1982-1293,6522,28109,REPAIR
20207,RES-1982-1294,6523,28110,REPAIR
20208,RES-1982-1302,6524,,"SKIP: OP/TOT relationship"
20209,RES-1982-1305,6525,28118,REPAIR
20210,RES-1982-1307,6526,28120,REPAIR
20211,RES-1982-1310,6527,28123,REPAIR
20212,RES-1982-1314,6528,28125,REPAIR
20213,RES-1982-1316,6529,28126,REPAIR
20214,RES-1982-1317,6530,,"SKIP: OP/TOT relationship"
20215,RES-1982-1319,6531,,"SKIP: OP/TOT relationship"
20216,RES-1982-1323,6532,28131,REPAIR
20217,RES-1982-1327,6533,28132,REPAIR
20218,RES-1982-1238,6534,28072,REPAIR
20219,RES-1982-1331,6535,28135,REPAIR
20220,RES-1982-1333,6536,28137,REPAIR
20221,RES-1982-1339,6537,,"SKIP: OP/TOT relationship"
20222,RES-1982-1340,6538,,"SKIP: OP/TOT relationship"
20223,RES-1982-1341,6539,28144,REPAIR
20224,RES-1982-1342,6540,28145,REPAIR
20225,RES-1982-1343,6541,28146,REPAIR
20226,RES-1982-1344,6542,28147,REPAIR
20227,RES-1982-1347,6543,,"SKIP: OP/TOT relationship"
20228,RES-1982-1348,6544,,"SKIP: OP/TOT relationship"
20229,RES-1982-1552,6545,28285,REPAIR
20230,RES-1982-1557,6546,,"SKIP: OP/TOT relationship"
20231,RES-1982-1562,6547,28291,REPAIR
20232,RES-1982-1565,6548,28292,REPAIR
20233,RES-1982-1566,6549,28293,REPAIR
20234,RES-1982-1568,6550,28295,REPAIR
20235,RES-1982-1570,6551,28297,REPAIR
20236,RES-1982-1572,6552,28299,REPAIR
20237,RES-1982-1573,6553,28300,REPAIR
20238,RES-1982-1574,6554,28301,REPAIR
20239,RES-1982-1575,6555,28302,REPAIR
20240,RES-1982-1577,6556,28304,REPAIR
20241,RES-1982-1579,6557,28306,REPAIR
20242,RES-1982-1580,6558,28308,REPAIR
20243,RES-1982-1581,6559,28309,REPAIR
20244,RES-1982-1582,6560,28310,REPAIR
20245,RES-1982-1583,6561,28311,REPAIR
20246,RES-1982-1584,6562,28312,REPAIR
20247,RES-1982-1585,6563,28313,REPAIR
20248,RES-1982-1586,6564,28314,REPAIR
20249,RES-1982-1587,6565,28315,REPAIR
20253,RES-1992-2998,6569,39237,REPAIR
20255,RES-1992-3000,6571,39239,REPAIR
20258,RES-1992-3003,6574,39240,REPAIR
20259,RES-1992-3004,6575,39241,REPAIR
20260,RES-1992-3005,6576,39242,REPAIR
20261,RES-1992-3006,6577,39243,REPAIR
20262,RES-1992-3007,6578,39244,REPAIR
20264,RES-1992-3009,6580,39245,REPAIR
20267,RES-1992-3021,6583,39246,REPAIR
20277,RES-1992-3037,6593,39247,REPAIR
20283,RES-1992-3045,6599,39248,REPAIR
20286,RES-1992-3048,6602,39249,REPAIR
20299,RES-1992-3061,6615,39251,REPAIR
20305,RES-1992-3070,6621,39252,REPAIR
20313,RES-1992-3078,6629,39253,REPAIR
20314,RES-1992-3079,6630,39254,REPAIR
20321,RES-1992-3086,6637,39255,REPAIR
20324,RES-1992-3089,6640,39256,REPAIR
20331,RES-1992-3096,6647,39257,REPAIR
20348,RES-1992-3115,6664,39259,REPAIR
20350,CON-RES-RC-1982-182,6666,,"SKIP: OP/TOT relationship"
20351,CON-RES-RC-1982-550,6667,18276,REPAIR
20352,CON-RES-RC-1982-150,6668,17925,REPAIR
20353,CON-RES-RC-1982-149,6669,17923,REPAIR
20354,CON-RES-RC-1982-148,6670,17922,REPAIR
20355,CON-RES-RC-1982-147,6671,,"SKIP: OP/TOT relationship"
20356,CON-RES-RC-1982-142,6672,,"SKIP: OP/TOT relationship"
20357,CON-RES-RC-1982-141,6673,17915,REPAIR
20358,CON-RES-RC-1982-140,6674,17914,REPAIR
20359,CON-RES-RC-1982-348,6675,18076,REPAIR
20360,CON-RES-RC-1982-214,6676,17991,REPAIR
20361,CON-RES-RC-1982-213,6677,17990,REPAIR
20362,CON-RES-RC-1982-212,6678,17989,REPAIR
20363,CON-RES-RC-1982-278,6679,,"SKIP: OP/TOT relationship"
20364,CON-RES-RC-1982-202,6680,17978,REPAIR
20366,CON-RES-RC-1982-219,6682,17996,REPAIR
20367,CON-RES-RC-1982-650,6683,18368,REPAIR
20368,CON-RES-RC-1982-606,6684,18331,REPAIR
20369,CON-RES-RC-1982-611,6685,18334,REPAIR
20370,CON-RES-RC-1982-218,6686,17995,REPAIR
20371,CON-RES-RC-1982-445,6687,18172,REPAIR
20372,CON-RES-RC-1982-217,6688,,"SKIP: OP/TOT relationship"
20373,CON-RES-RC-1982-124,6689,17889,REPAIR
20374,CON-AG-1982-461,6690,7010,REPAIR
20375,AG-RC-1982-97,6691,287,REPAIR
20376,AG-RC-1982-81,6692,270,REPAIR
20377,AG-RC-1982-96,6693,286,REPAIR
20378,CON-RES-RC-1982-177,6694,17950,REPAIR
20380,AG-RC-1984-4,6696,308,REPAIR
20381,AG-RC-1984-8,6697,311,REPAIR
20382,AG-RC-1984-9,6698,312,REPAIR
20384,CON-RES-RC-1982-90,6700,18474,REPAIR
20385,CON-RES-RC-1982-93,6701,18477,REPAIR
20386,CON-RES-RC-1982-578,6702,18300,REPAIR
20387,CON-RES-RC-1982-580,6703,18303,REPAIR
20388,CON-RES-RC-1982-581,6704,18304,REPAIR
20389,CON-RES-RC-1982-413,6705,18139,REPAIR
20390,CON-RES-RC-1982-438,6706,18164,REPAIR
20391,CON-RES-RC-1982-439,6707,18165,REPAIR
20392,CON-RES-RC-1982-440,6708,18167,REPAIR
20393,CON-RES-RC-1984-4,6709,18549,REPAIR
20394,CON-RES-RC-1984-13,6710,18525,REPAIR
20395,CON-RES-RC-1984-12,6711,18524,REPAIR
20396,CON-RES-RC-1984-11,6712,18522,REPAIR
20397,CON-RES-RC-1984-9,6713,18570,REPAIR
20398,CON-RES-RC-1984-5,6714,18561,REPAIR
20399,CON-RES-RC-1984-3,6715,18539,REPAIR
20400,CON-RES-RC-1984-2,6716,18529,REPAIR
20401,CON-AG-1983-31,6717,7116,REPAIR
20402,CON-AG-1983-18,6718,7089,REPAIR
20403,CON-AG-1983-17,6719,7087,REPAIR
20404,CON-AG-1983-8,6720,7123,REPAIR
20413,CON-AG-1983-191,6729,7093,REPAIR
20424,CON-AG-1983-29,6740,7115,REPAIR
20429,CON-AG-1983-22,6745,7104,REPAIR
20430,CON-AG-1983-20,6746,7097,REPAIR
20431,CON-AG-1983-169,6747,7086,REPAIR
20437,CON-AG-1983-128,6753,7081,REPAIR
20450,RES-1982-1588,6766,28316,REPAIR
20451,RES-1982-1589,6767,28317,REPAIR
20452,RES-1982-1590,6768,28319,REPAIR
20453,RES-1982-1591,6769,,"SKIP: OP/TOT relationship"
20454,RES-1982-1592,6770,28321,REPAIR
20455,RES-1982-1593,6771,28322,REPAIR
20457,RES-1982-1598,6773,28325,REPAIR
20458,RES-1982-1599,6774,28326,REPAIR
20459,RES-1982-1600,6775,28329,REPAIR
20460,RES-1982-1601,6776,28330,REPAIR
20461,RES-1982-1602,6777,28331,REPAIR
20462,RES-1982-1604,6778,28333,REPAIR
20463,RES-1982-1606,6779,,"SKIP: OP/TOT relationship"
20464,RES-1982-1609,6780,28337,REPAIR
20465,RES-1982-1611,6781,28338,REPAIR
20466,RES-1982-1612,6782,28339,REPAIR
20467,RES-1982-1613,6783,28340,REPAIR
20468,RES-1982-1615,6784,,"SKIP: OP/TOT relationship"
20469,RES-1982-1616,6785,28343,REPAIR
20470,RES-1982-1617,6786,28344,REPAIR
20471,RES-1982-1619,6787,28345,REPAIR
20472,RES-1982-1621,6788,28347,REPAIR
20473,RES-1982-1622,6789,28348,REPAIR
20474,RES-1982-1624,6790,28350,REPAIR
20475,RES-1982-1626,6791,28352,REPAIR
20476,RES-1982-1627,6792,28353,REPAIR
20477,RES-1982-1628,6793,28354,REPAIR
20478,RES-1982-1629,6794,28355,REPAIR
20479,RES-1982-1630,6795,28356,REPAIR
20480,RES-1982-1632,6796,28357,REPAIR
20481,RES-1982-1633,6797,28358,REPAIR
20482,RES-1982-1634,6798,28359,REPAIR
20483,RES-1982-1636,6799,,"SKIP: OP/TOT relationship"
20484,RES-1982-1637,6800,28361,REPAIR
20485,RES-1982-1638,6801,,"SKIP: OP/TOT relationship"
20486,RES-1982-1640,6802,28365,REPAIR
20487,RES-1982-1641,6803,28366,REPAIR
20488,RES-1982-1642,6804,28367,REPAIR
20489,RES-1982-1646,6805,28370,REPAIR
20490,RES-1982-1647,6806,28371,REPAIR
20491,RES-1982-1648,6807,28372,REPAIR
20492,RES-1982-1649,6808,28373,REPAIR
20493,RES-1982-1650,6809,28375,REPAIR
20494,RES-1982-1652,6810,,"SKIP: OP/TOT relationship"
20495,RES-1982-1653,6811,28378,REPAIR
20496,RES-1982-1655,6812,28380,REPAIR
20497,RES-1982-1656,6813,28381,REPAIR
20498,RES-1982-1659,6814,28383,REPAIR
20499,RES-1982-1660,6815,28385,REPAIR
20500,RES-1982-1662,6816,28387,REPAIR
20501,RES-1982-1663,6817,28388,REPAIR
20502,RES-1982-1664,6818,28389,REPAIR
20503,RES-1982-1665,6819,28390,REPAIR
20504,RES-1982-1668,6820,28392,REPAIR
20506,RES-1982-1670,6822,28394,REPAIR
20507,RES-1982-1671,6823,28395,REPAIR
20508,RES-1982-1673,6824,28397,REPAIR
20509,RES-1982-1674,6825,28398,REPAIR
20510,RES-1982-1676,6826,28400,REPAIR
20511,RES-1982-1679,6827,,"SKIP: OP/TOT relationship"
20512,RES-1982-1681,6828,28405,REPAIR
20513,RES-1982-1682,6829,28406,REPAIR
20514,RES-1982-1683,6830,28407,REPAIR
20515,RES-1982-1684,6831,28408,REPAIR
20516,RES-1982-1685,6832,28409,REPAIR
20517,RES-1982-1686,6833,28410,REPAIR
20518,RES-1982-1687,6834,28411,REPAIR
20519,RES-1982-1688,6835,28412,REPAIR
20520,RES-1982-1689,6836,,"SKIP: OP/TOT relationship"
20521,RES-1982-1690,6837,28415,REPAIR
20522,RES-1982-1691,6838,28416,REPAIR
20523,RES-1982-1693,6839,,"SKIP: OP/TOT relationship"
20524,RES-1982-1694,6840,28418,REPAIR
20525,RES-1982-1696,6841,,"SKIP: referenced as parent_prop_id"
20526,RES-1982-1698,6842,28420,REPAIR
20527,RES-1982-1701,6843,28422,REPAIR
20528,RES-1982-1705,6844,,"SKIP: OP/TOT relationship"
20529,RES-1982-1706,6845,28424,REPAIR
20530,RES-1982-1707,6846,28425,REPAIR
20531,RES-1982-1709,6847,28427,REPAIR
20533,RES-1982-1711,6849,,"SKIP: OP/TOT relationship"
20534,RES-1982-1712,6850,28430,REPAIR
20535,RES-1982-1713,6851,28431,REPAIR
20536,RES-1982-1714,6852,28432,REPAIR
20537,RES-1982-1715,6853,28433,REPAIR
20538,RES-1982-1719,6854,28435,REPAIR
20539,RES-1982-1723,6855,,"SKIP: OP/TOT relationship"
20540,RES-1982-1724,6856,28439,REPAIR
20542,RES-1982-1730,6858,28443,REPAIR
20543,RES-1982-1731,6859,,"SKIP: OP/TOT relationship"
20544,RES-1982-1738,6860,28447,REPAIR
20545,RES-1982-1741,6861,28449,REPAIR
20546,RES-1982-1745,6862,28451,REPAIR
20547,RES-1982-1748,6863,28453,REPAIR
20549,RES-1982-1750,6865,,"SKIP: OP/TOT relationship"
20550,RES-1982-1751,6866,28456,REPAIR
20553,RES-1992-3227,6869,39309,REPAIR
20554,RES-1992-3228,6870,39310,REPAIR
20555,RES-1992-3229,6871,39311,REPAIR
20556,RES-1992-3230,6872,39313,REPAIR
20562,RES-1992-3202,6878,39298,REPAIR
20563,RES-1992-3203,6879,39299,REPAIR
20564,RES-1992-3204,6880,39300,REPAIR
20565,RES-1992-3206,6881,39301,REPAIR
20569,RES-1992-3212,6885,39303,REPAIR
20570,RES-1992-3213,6886,39304,REPAIR
20574,RES-1992-3132,6890,39270,REPAIR
20584,RES-1992-3142,6900,,"SKIP: referenced as parent_prop_id"
20585,RES-1992-3143,6901,39274,REPAIR
20586,RES-1992-3144,6902,39275,REPAIR
20596,RES-1992-3156,6912,39277,REPAIR
20598,RES-1992-3158,6914,39279,REPAIR
20602,RES-1992-3163,6918,39281,REPAIR
20604,RES-1992-3165,6920,39282,REPAIR
20605,RES-1992-3166,6921,39283,REPAIR
20608,RES-1992-3170,6924,39284,REPAIR
20609,RES-1992-3171,6925,39285,REPAIR
20610,RES-1992-3172,6926,39286,REPAIR
20611,RES-1992-3173,6927,39287,REPAIR
20612,RES-1992-3174,6928,39288,REPAIR
20621,RES-1992-3183,6937,39289,REPAIR
20622,RES-1992-3184,6938,39290,REPAIR
20625,RES-1992-3187,6941,39291,REPAIR
20626,RES-1992-3189,6942,39293,REPAIR
20627,RES-1992-3190,6943,39295,REPAIR
20638,RES-1992-3119,6954,,"SKIP: OP/TOT relationship"
20639,RES-1992-3120,6955,39261,REPAIR
20640,RES-1992-3121,6956,39262,REPAIR
20641,RES-1992-3122,6957,39263,REPAIR
20646,RES-1992-3127,6962,39264,REPAIR
20647,RES-1992-3128,6963,39265,REPAIR
20648,RES-1992-3129,6964,39266,REPAIR
20649,CON-AG-1987-102,6965,7245,REPAIR
20650,CON-AG-2009-5,6966,7504,REPAIR
20651,CON-RES-RC-1985-15,6967,18575,REPAIR
20652,CON-RES-RC-1986-3,6968,,"SKIP: OP/TOT relationship"
20653,CON-RES-RC-1995-3,6969,18653,REPAIR
20654,CON-RES-RC-1997-1,6970,18657,REPAIR
20655,CON-AG-1982-58,6971,7044,REPAIR
20657,CON-AG-2016-32,6973,121014,REPAIR
20658,CON-RES-RC-1983-15,6974,18488,REPAIR
20659,CON-RES-RC-1983-26,6975,18498,REPAIR
20660,CON-RES-RC-1983-29,6976,18501,REPAIR
20661,CON-RES-RC-1983-6,6977,18511,REPAIR
20662,CON-RES-RC-1983-24,6978,18496,REPAIR
20663,CON-RES-RC-1983-20,6979,18492,REPAIR
20665,CON-AG-1987-122,6981,7247,REPAIR
20692,CON-RES-1995-417,7008,14635,REPAIR
20695,CON-RES-1995-5,7011,14646,REPAIR
20697,CON-RES-1995-402,7013,14633,REPAIR
20699,CON-RES-1995-339,7015,14615,REPAIR
20700,CON-RES-1995-343,7016,14618,REPAIR
20708,CON-RES-1995-346,7024,14621,REPAIR
20709,CON-RES-1995-345,7025,14620,REPAIR
20719,CON-RES-1995-543,7033,14651,REPAIR
20725,CON-RES-1995-242,7039,14585,REPAIR
20728,CON-RES-1995-226,7042,14581,REPAIR
20729,CON-RES-1995-223,7043,14580,REPAIR
20731,CON-RES-1995-221,7045,14579,REPAIR
20733,CON-RES-1995-643,7047,14680,REPAIR
20743,CON-RES-1995-220,7057,14578,REPAIR
20744,CON-RES-1995-237,7058,14584,REPAIR
20747,RES-1982-1801,7061,28494,REPAIR
20748,RES-1982-1802,7062,28495,REPAIR
20749,RES-1982-1804,7063,28497,REPAIR
20750,RES-1982-1806,7064,28499,REPAIR
20751,RES-1982-1807,7065,28500,REPAIR
20752,RES-1982-1811,7066,28503,REPAIR
20753,RES-1982-1813,7067,28504,REPAIR
20754,RES-1982-1817,7068,28505,REPAIR
20755,RES-1982-1820,7069,28507,REPAIR
20756,RES-1982-1823,7070,28509,REPAIR
20757,RES-1982-1829,7071,28513,REPAIR
20758,RES-1982-1830,7072,28515,REPAIR
20759,RES-1982-1831,7073,28516,REPAIR
20760,RES-1982-1832,7074,28517,REPAIR
20761,RES-1982-1836,7075,28518,REPAIR
20762,RES-1982-1838,7076,28519,REPAIR
20764,RES-1982-1845,7078,28524,REPAIR
20765,RES-1982-1846,7079,28525,REPAIR
20766,RES-1982-1487,7080,28241,REPAIR
20767,RES-1982-1848,7081,28527,REPAIR
20768,RES-1982-1850,7082,28529,REPAIR
20769,RES-1982-1851,7083,28530,REPAIR
20770,RES-1982-1852,7084,28531,REPAIR
20771,RES-1982-1854,7085,28532,REPAIR
20772,RES-1982-1859,7086,28535,REPAIR
20773,RES-1982-1865,7087,28537,REPAIR
20774,RES-1982-1866,7088,,"SKIP: OP/TOT relationship"
20775,RES-1992-3356,7089,39359,REPAIR
20777,RES-1992-3358,7091,39360,REPAIR
20779,RES-1992-3361,7093,39363,REPAIR
20780,RES-1992-3364,7094,39364,REPAIR
20781,RES-1992-3369,7095,39365,REPAIR
20782,RES-1992-3370,7096,39367,REPAIR
20783,RES-1992-3377,7097,39374,REPAIR
20784,RES-1992-3378,7098,39375,REPAIR
20785,RES-1992-3389,7099,39381,REPAIR
20787,RES-1992-3384,7101,39378,REPAIR
20788,RES-1992-3388,7102,39380,REPAIR
20794,RES-1992-3397,7107,39384,REPAIR
20795,RES-1992-3398,7108,39385,REPAIR
20796,RES-1992-3399,7109,39386,REPAIR
20797,RES-1992-3400,7110,39388,REPAIR
20798,RES-1992-3407,7111,39390,REPAIR
20800,RES-1992-3416,7113,39392,REPAIR
20801,RES-1992-3417,7114,39393,REPAIR
20802,RES-1992-3418,7115,39394,REPAIR
20805,RES-1992-3424,7118,39396,REPAIR
20806,RES-1992-3425,7119,39397,REPAIR
20807,RES-1992-3426,7120,39398,REPAIR
20808,RES-1992-3427,7121,39399,REPAIR
20809,RES-1992-3428,7122,39400,REPAIR
20810,RES-1992-3429,7123,39401,REPAIR
20812,RES-1992-3432,7125,39403,REPAIR
20817,RES-1992-3443,7130,39406,REPAIR
20818,RES-1992-3449,7131,39410,REPAIR
20819,RES-1992-3444,7132,39407,REPAIR
20820,RES-1992-3445,7133,39408,REPAIR
20821,RES-1992-3446,7134,39409,REPAIR
20822,RES-1992-3451,7135,39412,REPAIR
20823,RES-1992-3453,7136,39413,REPAIR
20824,RES-1992-3217,7137,39305,REPAIR
20825,RES-1992-3222,7138,39307,REPAIR
20826,RES-1992-3223,7139,,"SKIP: OP/TOT relationship"
20829,RES-1992-3248,7142,39318,REPAIR
20831,RES-1992-3253,7144,39320,REPAIR
20832,RES-1992-3237,7145,39316,REPAIR
20833,RES-1992-3236,7146,39315,REPAIR
20835,RES-1992-3255,7148,39321,REPAIR
20836,RES-1992-3256,7149,39322,REPAIR
20837,RES-1992-3260,7150,39325,REPAIR
20843,RES-1992-3271,7156,39327,REPAIR
20845,RES-1992-3275,7158,39328,REPAIR
20846,RES-1992-3277,7159,39329,REPAIR
20848,RES-1992-3281,7161,39331,REPAIR
20851,RES-1992-3317,7164,39345,REPAIR
20852,RES-1992-3312,7165,39342,REPAIR
20854,RES-1992-3309,7167,39340,REPAIR
20855,RES-1992-3304,7168,,"SKIP: OP/TOT relationship"
20857,RES-1992-3300,7170,39336,REPAIR
20858,RES-1992-3299,7171,39335,REPAIR
20859,RES-1992-3290,7172,39334,REPAIR
20860,RES-1992-3326,7173,,"SKIP: OP/TOT relationship"
20861,RES-1992-3323,7174,39347,REPAIR
20862,RES-1992-3327,7175,39351,REPAIR
20864,RES-1992-3333,7177,39352,REPAIR
20865,RES-1992-3334,7178,,"SKIP: OP/TOT relationship"
20870,RES-1992-3352,7183,39357,REPAIR
20871,RES-1992-2305,7184,39044,REPAIR
20875,CON-AG-1983-5,7188,7119,REPAIR
20876,CON-AG-1983-6,7189,7120,REPAIR
20888,CON-AG-1983-185,7201,7090,REPAIR
20897,CON-AG-1983-103,7210,7076,REPAIR
20898,CON-RES-1985-431,7211,12448,REPAIR
20899,CON-RES-1985-59,7212,12512,REPAIR
20900,CON-RES-1984-10,7213,12138,REPAIR
20901,AG-RC-1984-204,7214,306,REPAIR
20902,AG-RC-1984-2,7215,305,REPAIR
20903,AG-RC-1984-3,7216,307,REPAIR
20904,CON-RES-RC-1981-44,7217,,"SKIP: OP/TOT relationship"
20905,CON-RES-RC-1982-666,7218,18383,REPAIR
20907,CON-AG-1995-10,7220,7390,REPAIR
20908,CON-AG-1995-117,7221,7393,REPAIR
20913,CON-COM-1998-45,7226,8405,REPAIR
20914,CON-RES-1990-436,7227,13796,REPAIR
20915,CON-RES-1990-319,7228,13758,REPAIR
20916,CON-RES-1990-313,7229,13755,REPAIR
20918,CON-RES-1993-267,7231,14217,REPAIR
20927,CON-RES-1993-508,7240,14285,REPAIR
20930,CON-RES-1993-288,7243,14225,REPAIR
20934,CON-RES-1993-580,7247,14299,REPAIR
20944,CON-RES-1994-796,7257,14547,REPAIR
20945,CON-RES-1993-334,7258,14234,REPAIR
20954,CON-RES-1994-753,7267,14530,REPAIR
20959,CON-RES-1994-762,7272,14534,REPAIR
20960,CON-RES-1994-790,7273,14543,REPAIR
20967,CON-RES-1994-767,7280,14539,REPAIR
20971,RES-1992-3456,7284,39415,REPAIR
20972,RES-1992-3457,7285,39416,REPAIR
20975,RES-1992-3463,7288,,"SKIP: OP/TOT relationship"
20980,RES-1992-3470,7293,39420,REPAIR
20987,RES-1992-3483,7300,39422,REPAIR
20989,RES-1992-3491,7302,39425,REPAIR
20990,RES-1992-3494,7303,39427,REPAIR
20992,RES-1992-3496,7305,39428,REPAIR
20994,RES-1992-3498,7307,39429,REPAIR
20997,RES-1992-3508,7310,39434,REPAIR
20998,RES-1992-3507,7311,39433,REPAIR
20999,RES-1992-3505,7312,39432,REPAIR
21001,RES-1992-3532,7314,39446,REPAIR
21002,RES-1992-2534,7315,39115,REPAIR
21003,RES-1992-2535,7316,39116,REPAIR
21005,RES-1992-3516,7318,39435,REPAIR
21006,RES-1992-3520,7319,39437,REPAIR
21007,RES-1992-3521,7320,39438,REPAIR
21008,RES-1992-3522,7321,39439,REPAIR
21010,RES-1992-3525,7323,39441,REPAIR
21011,RES-1992-3526,7324,39442,REPAIR
21012,RES-1992-3527,7325,39443,REPAIR
21016,RES-1992-3531,7329,39445,REPAIR
21018,RES-1992-3538,7330,39447,REPAIR
21019,RES-1992-3566,7331,39463,REPAIR
21020,RES-1992-3565,7332,39462,REPAIR
21021,RES-1992-3564,7333,39461,REPAIR
21022,RES-1992-3571,7334,39466,REPAIR
21023,RES-1992-3576,7335,39469,REPAIR
21024,RES-1992-3577,7336,39470,REPAIR
21025,RES-1992-3578,7337,39471,REPAIR
21026,RES-1992-3579,7338,39472,REPAIR
21027,RES-1992-3580,7339,39474,REPAIR
21028,RES-1992-3581,7340,39475,REPAIR
21029,RES-1992-3582,7341,39476,REPAIR
21030,RES-1992-3584,7342,39478,REPAIR
21031,RES-1992-3585,7343,39479,REPAIR
21032,RES-1992-3586,7344,39480,REPAIR
21033,RES-1992-3587,7345,39481,REPAIR
21035,RES-1992-3589,7347,39482,REPAIR
21037,RES-1992-3594,7349,39484,REPAIR
21039,RES-1992-3545,7351,39449,REPAIR
21040,RES-1992-3546,7352,39450,REPAIR
21041,RES-1992-3547,7353,39451,REPAIR
21042,RES-1992-3548,7354,39452,REPAIR
21044,RES-1992-3550,7356,39454,REPAIR
21046,RES-1992-3557,7358,39457,REPAIR
21049,RES-1992-3560,7361,39459,REPAIR
21050,RES-1992-3570,7362,39465,REPAIR
21053,RES-1992-3583,7364,39477,REPAIR
21054,RES-1992-3605,7365,39488,REPAIR
21055,RES-1992-3606,7366,39489,REPAIR
21059,RES-1992-3610,7370,39490,REPAIR
21072,CON-RES-1995-651,7382,14681,REPAIR
21075,CON-RES-1995-2,7385,14573,REPAIR
21081,CON-RES-1995-412,7391,,"SKIP: referenced as parent_prop_id"
21113,CON-RES-1995-61,7422,14673,REPAIR
21120,CON-RES-1994-150,7429,14331,REPAIR
21127,CON-RES-1994-131,7436,14324,REPAIR
21128,CON-RES-1994-143,7437,14326,REPAIR
21155,CON-RES-1994-138,7464,14325,REPAIR
21156,CON-RES-1994-219,7465,14347,REPAIR
21157,CON-RES-1994-792,7466,14545,REPAIR
21158,CON-RES-1994-764,7467,14536,REPAIR
21159,CON-RES-1994-797,7468,14548,REPAIR
21160,CON-RES-1994-241,7469,14354,REPAIR
21161,CON-RES-1994-149,7470,14330,REPAIR
21162,CON-RES-1994-148,7471,14329,REPAIR
21163,CON-RES-1994-147,7472,14328,REPAIR
21164,CON-RES-1994-218,7473,14346,REPAIR
21165,CON-RES-1994-205,7474,14341,REPAIR
21166,CON-RES-1994-214,7475,14345,REPAIR
21172,RES-1992-4221,7481,39684,REPAIR
21174,RES-1992-4224,7483,,"SKIP: referenced as parent_prop_id"
21175,RES-1992-4225,7484,39687,REPAIR
21176,RES-1992-4226,7485,39688,REPAIR
21177,RES-1992-4227,7486,39689,REPAIR
21178,RES-1992-4229,7487,39691,REPAIR
21181,RES-1992-4232,7490,39692,REPAIR
21184,RES-1992-4235,7493,39693,REPAIR
21187,RES-1992-4238,7496,39694,REPAIR
21189,RES-1992-4240,7498,39695,REPAIR
21190,RES-1992-4241,7499,39696,REPAIR
21193,RES-1992-4244,7502,39697,REPAIR
21195,RES-1992-4246,7504,39698,REPAIR
21196,RES-1992-4247,7505,39699,REPAIR
21197,RES-1992-4248,7506,39700,REPAIR
21198,RES-1992-4250,7507,39701,REPAIR
21199,RES-1992-4251,7508,122657,REPAIR
21203,RES-1992-4255,7512,39702,REPAIR
21204,RES-1992-4256,7513,39703,REPAIR
21208,RES-1992-4261,7517,39705,REPAIR
21209,RES-1992-4263,7518,39706,REPAIR
21210,RES-1992-4264,7519,39707,REPAIR
21211,RES-1992-4265,7520,39708,REPAIR
21212,RES-1992-4266,7521,39709,REPAIR
21213,RES-1992-4267,7522,39710,REPAIR
21214,RES-1992-4268,7523,39711,REPAIR
21222,RES-1992-4282,7531,39713,REPAIR
21225,RES-1992-4292,7534,39715,REPAIR
21230,RES-1992-4300,7539,39716,REPAIR
21231,RES-1992-4302,7540,39717,REPAIR
21232,RES-1992-4303,7541,39718,REPAIR
21233,RES-1992-4310,7542,39720,REPAIR
21234,RES-1992-4313,7543,39721,REPAIR
21235,RES-1992-4314,7544,39722,REPAIR
21236,RES-1992-4315,7545,39723,REPAIR
21245,RES-1992-4339,7554,39724,REPAIR
21260,RES-1992-4358,7569,39725,REPAIR
21263,RES-1992-4364,7572,39727,REPAIR
21265,RES-1992-4366,7574,39728,REPAIR
21266,RES-1992-4367,7575,39729,REPAIR
21267,RES-1992-4368,7576,39730,REPAIR
21268,CON-AG-1982-230,7577,6938,REPAIR
21270,CON-AG-1987-25,7579,7253,REPAIR
21271,CON-RES-RC-1982-697,7580,18410,REPAIR
21272,CON-RES-RC-1982-694,7581,18409,REPAIR
21273,CON-RES-RC-1982-664,7582,18381,REPAIR
21274,CON-RES-RC-1982-659,7583,18375,REPAIR
21275,CON-RES-1982-63,7584,11660,REPAIR
21276,CON-RES-RC-1982-699,7585,,"SKIP: OP/TOT relationship"
21278,CON-RES-RC-1982-655,7587,18372,REPAIR
21280,CON-AG-1986-62,7589,7233,REPAIR
21291,CON-AG-1982-361,7600,6983,REPAIR
21300,CON-RES-RC-1981-138,7609,17755,REPAIR
21301,CON-AG-1981-155,7610,6823,REPAIR
21314,CON-AG-1985-114,7623,7176,REPAIR
21316,CON-AG-1983-210,7625,7101,REPAIR
21317,CON-AG-1983-223,7626,7106,REPAIR
21318,CON-RES-RC-1982-652,7627,,"SKIP: OP/TOT relationship"
21327,CON-AG-1983-220,7636,7105,REPAIR
21328,CON-AG-1991-53,7637,7350,REPAIR
21330,CON-AG-1983-202,7639,7099,REPAIR
21331,CON-RES-RC-1982-15,7640,17924,REPAIR
21335,CON-AG-1983-83,7644,7124,REPAIR
21337,CON-RES-RC-1982-14,7646,,"SKIP: OP/TOT relationship"
21338,CON-RES-RC-1982-13,7647,17896,REPAIR
21339,CON-RES-RC-1982-691,7648,,"SKIP: OP/TOT relationship"
21340,CON-AG-1982-203,7649,6927,REPAIR
21341,CON-AG-1981-82,7650,6867,REPAIR
21347,CON-AG-1987-79,7656,7278,REPAIR
21349,CON-AG-1989-21,7658,7318,REPAIR
21350,CON-COM-1982-26,7659,7789,REPAIR
21351,CON-AG-1985-3,7660,7185,REPAIR
21355,CON-AG-1987-54,7664,7266,REPAIR
21356,CON-RES-1981-359,7665,165278,REPAIR
21365,CON-RES-1996-337,7674,14749,REPAIR
21368,RES-1992-4545,7677,39779,REPAIR
21375,RES-1992-4378,7684,39733,REPAIR
21377,RES-1992-4380,7686,39735,REPAIR
21378,RES-1992-4381,7687,39736,REPAIR
21379,RES-1992-4382,7688,39737,REPAIR
21380,RES-1992-4383,7689,39738,REPAIR
21381,RES-1992-4385,7690,39740,REPAIR
21382,RES-1992-4387,7691,39741,REPAIR
21383,RES-1992-4388,7692,39742,REPAIR
21384,RES-1992-4390,7693,39744,REPAIR
21386,RES-1992-4392,7695,39745,REPAIR
21387,RES-1992-4393,7696,39746,REPAIR
21397,RES-1992-4404,7706,39748,REPAIR
21403,RES-1992-4412,7712,39749,REPAIR
21406,RES-1992-4415,7715,39750,REPAIR
21409,RES-1992-4418,7718,39751,REPAIR
21410,RES-1992-4419,7719,39752,REPAIR
21412,RES-1992-4421,7721,39753,REPAIR
21414,RES-1992-4424,7723,39754,REPAIR
21419,RES-1992-4450,7728,39758,REPAIR
21420,RES-1992-4457,7729,39759,REPAIR
21421,RES-1992-4460,7730,39760,REPAIR
21423,RES-1992-4467,7732,39761,REPAIR
21425,RES-1992-4474,7734,39762,REPAIR
21428,RES-1992-4430,7737,39755,REPAIR
21430,RES-1992-4490,7739,39764,REPAIR
21435,RES-1992-4501,7744,39766,REPAIR
21440,RES-1992-4508,7749,39768,REPAIR
21444,RES-1992-4512,7753,,"SKIP: referenced as parent_prop_id"
21445,RES-1992-4513,7754,39770,REPAIR
21446,RES-1992-4514,7755,39771,REPAIR
21447,RES-1992-4516,7756,39772,REPAIR
21448,RES-1992-4517,7757,39773,REPAIR
21451,RES-1992-4521,7760,39774,REPAIR
21452,RES-1992-4522,7761,39775,REPAIR
21456,RES-1992-4532,7765,39776,REPAIR
21458,RES-1992-4535,7767,39777,REPAIR
21462,RES-1992-4539,7771,39778,REPAIR
21465,RES-1992-4804,7774,39821,REPAIR
21473,CON-AG-1982-467,7782,7012,REPAIR
21474,CON-RES-RC-1982-474,7783,18199,REPAIR
21475,CON-RES-RC-1982-477,7784,18202,REPAIR
21476,CON-RES-RC-1982-475,7785,18200,REPAIR
21477,CON-RES-RC-1982-458,7786,,"SKIP: OP/TOT relationship"
21478,CON-RES-RC-1982-455,7787,,"SKIP: OP/TOT relationship"
21479,CON-RES-RC-1982-451,7788,,"SKIP: OP/TOT relationship"
21480,CON-RES-RC-1982-480,7789,18205,REPAIR
21481,CON-RES-RC-1982-470,7790,,"SKIP: OP/TOT relationship"
21482,CON-RES-RC-1982-700,7791,18415,REPAIR
21483,CON-RES-RC-1982-87,7792,,"SKIP: OP/TOT relationship"
21484,CON-RES-RC-1981-63,7793,17820,REPAIR
21485,CON-RES-RC-1982-194,7794,17969,REPAIR
21486,CON-RES-RC-1982-346,7795,18074,REPAIR
21487,CON-RES-RC-1982-108,7796,17868,REPAIR
21488,CON-RES-RC-1982-431,7797,,"SKIP: OP/TOT relationship"
21489,CON-RES-RC-1982-92,7798,,"SKIP: OP/TOT relationship"
21490,CON-RES-RC-1981-80,7799,17835,REPAIR
21492,CON-RES-RC-1982-461,7801,18186,REPAIR
21493,CON-RES-RC-1982-345,7802,18073,REPAIR
21494,CON-RES-RC-1982-347,7803,,"SKIP: referenced as parent_prop_id"
21495,CON-RES-RC-1982-301,7804,18030,REPAIR
21496,CON-RES-RC-1982-193,7805,17968,REPAIR
21497,CON-RES-RC-1982-127,7806,,"SKIP: OP/TOT relationship"
21498,CON-RES-RC-1982-435,7807,18161,REPAIR
21500,CON-RES-RC-1982-370,7809,,"SKIP: OP/TOT relationship"
21502,CON-RES-RC-1982-306,7811,18035,REPAIR
21503,CON-RES-RC-1982-192,7812,17967,REPAIR
21504,CON-RES-RC-1982-170,7813,17944,REPAIR
21505,CON-RES-RC-1981-43,7814,17801,REPAIR
21506,CON-RES-RC-1981-98,7815,17851,REPAIR
21507,CON-RES-RC-1981-100,7816,17723,REPAIR
21508,CON-RES-RC-1981-19,7817,17780,REPAIR
21509,CON-RES-RC-1981-53,7818,17810,REPAIR
21510,CON-RES-RC-1981-54,7819,17811,REPAIR
21511,CON-RES-RC-1981-52,7820,17809,REPAIR
21513,CON-RES-RC-1981-46,7821,17803,REPAIR
21514,CON-RES-RC-1983-22,7822,18494,REPAIR
21515,CON-RES-RC-1983-14,7823,18487,REPAIR
21516,CON-AG-1983-172,7824,7088,REPAIR
21523,CON-RES-1982-302,7831,11448,REPAIR
21525,CON-RES-RC-1982-504,7833,18232,REPAIR
21529,CON-RES-RC-1986-1,7837,18595,REPAIR
21531,CON-RES-RC-1985-28,7839,18586,REPAIR
21540,CON-AG-1982-470,7848,7014,REPAIR
21541,CON-AG-1982-500,7849,7022,REPAIR
21543,CON-RES-RC-1987-3,7851,,"SKIP: OP/TOT relationship"
21545,CON-RES-RC-1982-44,7853,18166,REPAIR
21546,CON-RES-RC-1982-37,7854,18098,REPAIR
21547,CON-RES-RC-1982-49,7855,18214,REPAIR
21548,CON-AG-1981-86,7856,6869,REPAIR
21551,CON-RES-RC-1982-29,7859,18019,REPAIR
21552,CON-RES-RC-1982-33,7860,18059,REPAIR
21553,CON-RES-RC-1982-134,7861,17906,REPAIR
21554,CON-RES-RC-1982-30,7862,18028,REPAIR
21556,CON-RES-RC-1982-36,7864,,"SKIP: OP/TOT relationship"
21557,CON-AG-1982-471,7865,7015,REPAIR
21558,CON-AG-1981-17,7866,6826,REPAIR
21559,CON-RES-RC-1982-196,7867,,"SKIP: OP/TOT relationship"
21560,CON-RES-RC-1982-350,7868,18078,REPAIR
21561,CON-RES-RC-1982-135,7869,,"SKIP: OP/TOT relationship"
21562,CON-AG-1985-51,7870,7190,REPAIR
21563,CON-AG-1983-190,7871,7092,REPAIR
21565,RES-1992-4552,7873,39783,REPAIR
21566,RES-1992-4550,7874,39781,REPAIR
21567,RES-1992-4553,7875,39784,REPAIR
21568,RES-1992-4556,7876,39785,REPAIR
21572,RES-1992-4571,7880,39786,REPAIR
21573,RES-1992-4577,7881,39787,REPAIR
21575,RES-1992-4582,7883,39788,REPAIR
21577,RES-1992-4587,7885,39789,REPAIR
21578,RES-1992-4588,7886,39790,REPAIR
21583,RES-1992-4610,7891,39792,REPAIR
21584,RES-1992-4617,7892,39793,REPAIR
21586,RES-1992-4627,7894,39796,REPAIR
21588,RES-1992-4629,7896,,"SKIP: OP/TOT relationship"
21590,RES-1992-4639,7898,39798,REPAIR
21591,RES-1992-4640,7899,39799,REPAIR
21595,RES-1992-4667,7903,39802,REPAIR
21596,RES-1992-4668,7904,39803,REPAIR
21598,RES-1992-4669,7906,39804,REPAIR
21599,RES-1992-4679,7907,39805,REPAIR
21602,RES-1992-4687,7910,39806,REPAIR
21605,RES-1992-4694,7913,39808,REPAIR
21607,RES-1992-4696,7915,39809,REPAIR
21609,RES-1992-4699,7917,39810,REPAIR
21611,RES-1992-4703,7919,39811,REPAIR
21614,RES-1992-4707,7922,39812,REPAIR
21615,RES-1992-4708,7923,39813,REPAIR
21616,RES-1992-4709,7924,39814,REPAIR
21617,RES-1992-4728,7925,39815,REPAIR
21619,RES-1992-4737,7927,,"SKIP: referenced as parent_prop_id"
21634,RES-1992-4759,7941,153916,REPAIR
21635,RES-1992-4760,7942,153901,REPAIR
21656,RES-1992-5796,7962,,"SKIP: OP/TOT relationship"
21661,RES-1992-4805,7967,39822,REPAIR
21662,RES-1992-4806,7968,39823,REPAIR
21663,CON-RES-1982-892,7969,11787,REPAIR
21664,CON-RES-1982-893,7970,11788,REPAIR
21665,CON-RES-1982-894,7971,,"SKIP: OP/TOT relationship"
21667,CON-RES-1982-1611,7973,11333,REPAIR
21670,CON-RES-1982-276,7976,11429,REPAIR
21671,CON-RES-1982-256,7977,11415,REPAIR
21674,CON-RES-1982-409,7980,11508,REPAIR
21675,CON-RES-1982-100,7981,11057,REPAIR
21676,CON-RES-1982-1618,7982,11336,REPAIR
21677,CON-RES-1982-895,7983,11790,REPAIR
21678,CON-RES-1982-606,7984,11640,REPAIR
21679,CON-RES-1982-877,7985,11781,REPAIR
21681,CON-RES-1982-891,7987,11786,REPAIR
21683,CON-RES-1982-427,7989,11521,REPAIR
21685,CON-RES-1982-75,7991,11716,REPAIR
21687,CON-RES-1982-55,7993,11601,REPAIR
21689,CON-RES-1982-691,7995,11686,REPAIR
21691,CON-RES-1982-50,7997,11568,REPAIR
21692,CON-RES-1982-76,7998,,"SKIP: OP/TOT relationship"
21693,CON-RES-1982-262,7999,11421,REPAIR
21694,CON-RES-1982-294,8000,,"SKIP: OP/TOT relationship"
21695,CON-RES-1981-465,8001,10944,REPAIR
21696,CON-RES-1982-875,8002,11779,REPAIR
21697,CON-RES-1982-274,8003,11427,REPAIR
21699,CON-RES-1982-268,8005,11425,REPAIR
21700,CON-COM-1991-18,8006,8146,REPAIR
21701,CON-COM-2001-3,8007,8504,REPAIR
21702,CON-RES-1982-265,8008,11423,REPAIR
21704,CON-RES-1982-352,8010,11469,REPAIR
21708,CON-RES-1982-303,8014,11449,REPAIR
21711,CON-RES-1982-304,8017,11450,REPAIR
21713,CON-RES-1982-307,8019,11451,REPAIR
21714,CON-RES-1982-54,8020,11595,REPAIR
21716,CON-RES-1982-617,8022,11647,REPAIR
21717,CON-RES-1982-619,8023,11648,REPAIR
21718,CON-RES-1982-62,8024,11649,REPAIR
21720,CON-RES-1982-79,8026,11733,REPAIR
21721,CON-RES-1982-58,8027,11623,REPAIR
21728,CON-RES-1982-90,8034,11792,REPAIR
21729,CON-RES-1982-277,8035,11430,REPAIR
21731,CON-RES-1982-89,8037,11784,REPAIR
21732,CON-RES-RC-1982-132,8038,,"SKIP: OP/TOT relationship"
21733,CON-RES-RC-1982-130,8039,,"SKIP: OP/TOT relationship"
21734,CON-RES-RC-1982-119,8040,17881,REPAIR
21735,CON-RES-RC-1982-145,8041,17919,REPAIR
21736,CON-RES-RC-1982-574,8042,,"SKIP: OP/TOT relationship"
21738,CON-RES-RC-1982-392,8044,18117,REPAIR
21739,CON-AG-1982-484,8045,7019,REPAIR
21741,CON-RES-RC-1982-436,8047,18162,REPAIR
21745,CON-RES-RC-1982-388,8051,18112,REPAIR
21746,CON-RES-RC-1982-352,8052,18080,REPAIR
21747,CON-RES-RC-1982-319,8053,18048,REPAIR
21748,CON-RES-RC-1982-354,8054,18082,REPAIR
21749,CON-RES-RC-1982-118,8055,17880,REPAIR
21751,CON-RES-RC-1982-171,8057,17945,REPAIR
21752,CON-AG-1982-112,8058,6880,REPAIR
21753,CON-RES-RC-1982-457,8059,18183,REPAIR
21754,CON-AG-1982-593,8060,7051,REPAIR
21755,CON-AG-RC-1982-106,8061,7614,REPAIR
21756,CON-AG-RC-1982-121,8062,7618,REPAIR
21757,RES-1992-4808,8063,39825,REPAIR
21758,RES-1992-4809,8064,39826,REPAIR
21759,RES-1992-4810,8065,39828,REPAIR
21760,RES-1992-4811,8066,39829,REPAIR
21761,RES-1992-4835,8067,39832,REPAIR
21762,RES-1992-4836,8068,39833,REPAIR
21763,RES-1992-4837,8069,,"SKIP: OP/TOT relationship"
21765,RES-1992-4849,8071,39836,REPAIR
21770,RES-1992-4856,8075,39838,REPAIR
21771,RES-1992-4858,8076,39839,REPAIR
21774,RES-1992-4871,8079,39841,REPAIR
21775,RES-1992-4873,8080,39843,REPAIR
21776,RES-1992-4874,8081,39844,REPAIR
21777,RES-1992-4880,8082,39846,REPAIR
21780,RES-1992-4882,8085,39847,REPAIR
21781,RES-1992-4885,8086,,"SKIP: OP/TOT relationship"
21782,RES-1992-4892,8087,39849,REPAIR
21783,RES-1992-4896,8088,39851,REPAIR
21786,RES-1992-4911,8091,39854,REPAIR
21788,RES-1992-4917,8093,39855,REPAIR
21789,RES-1992-4921,8094,39856,REPAIR
21790,RES-1992-4944,8095,39859,REPAIR
21791,RES-1992-4945,8096,39860,REPAIR
21792,RES-1992-4946,8097,39861,REPAIR
21793,RES-1992-4947,8098,39862,REPAIR
21794,RES-1992-4948,8099,39863,REPAIR
21795,RES-1992-4950,8100,39864,REPAIR
21796,RES-1992-4954,8101,39865,REPAIR
21797,RES-1992-4956,8102,39866,REPAIR
21799,RES-1992-4957,8103,39867,REPAIR
21802,RES-1992-4966,8106,39869,REPAIR
21803,RES-1992-4967,8107,39870,REPAIR
21804,RES-1992-4970,8108,39872,REPAIR
21805,RES-1992-4972,8109,39874,REPAIR
21807,RES-1992-4975,8111,39875,REPAIR
21808,RES-1992-4976,8112,39876,REPAIR
21809,RES-1992-4977,8113,,"SKIP: OP/TOT relationship"
21810,RES-1992-4985,8114,39879,REPAIR
21811,RES-1992-4987,8115,39880,REPAIR
21813,RES-1992-5003,8117,39882,REPAIR
21816,RES-1992-5018,8120,39885,REPAIR
21820,RES-1992-5023,8124,39886,REPAIR
21821,RES-1992-5024,8125,,"SKIP: OP/TOT relationship"
21825,RES-1992-5036,8129,39888,REPAIR
21827,RES-1992-5038,8131,39889,REPAIR
21828,RES-1992-5039,8132,39890,REPAIR
21829,RES-1992-5040,8133,,"SKIP: referenced as parent_prop_id"
21830,RES-1992-5043,8134,,"SKIP: OP/TOT relationship"
21834,RES-1992-5058,8138,39893,REPAIR
21837,RES-1992-5064,8141,39894,REPAIR
21839,RES-1992-5067,8143,,"SKIP: OP/TOT relationship"
21841,RES-1992-5086,8145,39899,REPAIR
21842,RES-1992-5089,8146,39900,REPAIR
21843,RES-1992-5100,8147,39903,REPAIR
21844,RES-1992-5091,8148,39901,REPAIR
21848,RES-1992-5104,8152,39904,REPAIR
21849,RES-1992-5105,8153,39905,REPAIR
21851,RES-1992-5107,8155,39906,REPAIR
21852,RES-1992-5109,8156,39908,REPAIR
21853,RES-1992-5139,8157,,"SKIP: OP/TOT relationship"
21854,RES-1992-5376,8158,39969,REPAIR
21855,CON-RES-2009-628,8159,16197,REPAIR
21856,CON-RES-2009-770,8160,16232,REPAIR
21860,CON-RES-2009-243,8164,16095,REPAIR
21867,CON-RES-2009-642,8171,16202,REPAIR
21877,CON-RES-2009-712,8181,16215,REPAIR
21878,CON-RES-2009-741,8182,121892,REPAIR
21880,CON-RES-2009-723,8184,16222,REPAIR
21882,CON-RES-2009-720,8185,16219,REPAIR
21884,CON-RES-2009-761,8187,121893,REPAIR
21885,CON-RES-2009-912,8188,16268,REPAIR
21888,CON-RES-2009-299,8191,16109,REPAIR
21889,CON-RES-2009-300,8192,16110,REPAIR
21893,CON-RES-2009-792,8196,16240,REPAIR
21906,CON-RES-2009-722,8209,16221,REPAIR
21909,CON-RES-2009-794,8212,16241,REPAIR
21912,CON-RES-2009-2,8215,121881,REPAIR
21914,CON-COM-2009-180,8217,9041,REPAIR
21919,CON-RES-2009-308,8222,16116,REPAIR
21920,CON-RES-2009-640,8223,16201,REPAIR
21921,CON-RES-2009-789,8224,16239,REPAIR
21923,CON-RES-2009-350,8226,16142,REPAIR
21924,CON-RES-2009-349,8227,16141,REPAIR
21930,CON-RES-2009-84,8233,121895,REPAIR
21933,CON-RES-2009-725,8236,16224,REPAIR
21934,CON-RES-2009-771,8237,16233,REPAIR
21936,CON-RES-2009-726,8239,16225,REPAIR
21945,CON-RES-2009-240,8248,16094,REPAIR
21952,CON-RES-2009-59,8254,16192,REPAIR
21953,RES-1992-5704,8255,40043,REPAIR
21957,RES-1992-5724,8259,40045,REPAIR
21977,RES-1992-5797,8278,40056,REPAIR
21987,RES-1992-5770,8288,40052,REPAIR
21988,RES-1992-5767,8289,40051,REPAIR
21989,RES-1992-5766,8290,40050,REPAIR
21992,RES-1992-5762,8293,40049,REPAIR
21994,RES-1992-5810,8295,40057,REPAIR
22004,RES-1992-5827,8305,40059,REPAIR
22005,RES-1992-5828,8306,40060,REPAIR
22007,RES-1992-5830,8308,40061,REPAIR
22008,RES-1992-5832,8309,40062,REPAIR
22011,RES-1992-5838,8312,40065,REPAIR
22012,RES-1992-5842,8313,40067,REPAIR
22014,RES-1992-5844,8315,40068,REPAIR
22015,RES-1992-5845,8316,40069,REPAIR
22016,RES-1992-5846,8317,40070,REPAIR
22017,RES-1992-5848,8318,40071,REPAIR
22018,RES-1992-5861,8319,40072,REPAIR
22019,RES-1992-5862,8320,40073,REPAIR
22020,RES-1992-5864,8321,40074,REPAIR
22021,RES-1992-5865,8322,40075,REPAIR
22022,RES-1992-5866,8323,40076,REPAIR
22023,RES-1992-5867,8324,40077,REPAIR
22025,RES-1992-5870,8326,40079,REPAIR
22026,RES-1992-5871,8327,,"SKIP: referenced as parent_prop_id"
22028,RES-1992-5873,8329,40081,REPAIR
22029,RES-1992-5874,8330,,"SKIP: OP/TOT relationship"
22030,RES-1992-5875,8331,40083,REPAIR
22031,RES-1992-5876,8332,40084,REPAIR
22032,RES-1992-5877,8333,40085,REPAIR
22035,RES-1992-5884,8336,40088,REPAIR
22036,RES-1992-5885,8337,40089,REPAIR
22038,RES-1992-5887,8339,40090,REPAIR
22039,RES-1992-5892,8340,40094,REPAIR
22040,RES-1992-5894,8341,40096,REPAIR
22041,RES-1992-5895,8449,,"SKIP: OP/TOT relationship"
22042,RES-1992-5896,8343,40098,REPAIR
22043,RES-1992-5897,8344,40099,REPAIR
22044,RES-1992-5898,8345,40100,REPAIR
22045,RES-1992-5899,8346,40101,REPAIR
22046,RES-1992-5900,8347,40102,REPAIR
22047,RES-1992-5903,8348,40104,REPAIR
22048,RES-1992-5904,8349,40105,REPAIR
22049,RES-1992-5909,8350,40110,REPAIR
22050,RES-1992-5907,8351,40108,REPAIR
22051,RES-1992-4448,8352,39757,REPAIR
22056,CON-RES-2009-74,8357,16230,REPAIR
22068,CON-RES-2009-724,8369,16223,REPAIR
22079,CON-RES-2009-629,8380,16198,REPAIR
22091,CON-RES-2009-16,8392,16070,REPAIR
22103,CON-RES-2009-217,8403,121882,REPAIR
22104,CON-RES-2009-787,8404,16238,REPAIR
22109,CON-RES-2009-206,8409,16081,REPAIR
22110,CON-RES-2009-216,8410,16084,REPAIR
22112,CON-RES-2009-772,8412,16234,REPAIR
22115,CON-RES-2009-233,8415,16091,REPAIR
22120,CON-RES-2009-90,8420,16262,REPAIR
22125,CON-RES-2009-773,8425,16235,REPAIR
22129,CON-RES-2009-265,8429,16099,REPAIR
22130,CON-RES-2009-774,8430,16236,REPAIR
22131,CON-RES-2009-221,8431,16086,REPAIR
22143,CON-RES-2009-251,8443,16096,REPAIR
22152,RES-1992-6080,8453,40200,REPAIR
22153,RES-1992-6083,8454,40201,REPAIR
22154,RES-1992-6085,8455,40202,REPAIR
22156,RES-1992-6087,8457,40203,REPAIR
22159,RES-1992-6090,8460,40204,REPAIR
22161,RES-1992-6092,8462,40205,REPAIR
22162,RES-1992-6093,8463,40206,REPAIR
22163,RES-1992-6094,8464,40207,REPAIR
22164,RES-1992-6096,8465,40208,REPAIR
22165,RES-1992-6097,8466,40209,REPAIR
22166,RES-1992-6098,8467,40210,REPAIR
22167,RES-1992-6099,8468,40211,REPAIR
22168,RES-1992-6107,8469,40219,REPAIR
22169,RES-1992-6105,8470,40217,REPAIR
22170,RES-1992-6160,8471,40244,REPAIR
22171,RES-1992-6161,8472,40245,REPAIR
22172,RES-1992-6162,8473,40246,REPAIR
22173,RES-1992-6163,8474,40247,REPAIR
22174,RES-1992-6164,8475,40248,REPAIR
22176,RES-1992-6169,8477,40250,REPAIR
22177,RES-1992-6170,8478,40252,REPAIR
22178,RES-1992-6171,8479,40253,REPAIR
22179,RES-1992-6172,8480,40254,REPAIR
22180,RES-1992-6173,8481,40255,REPAIR
22181,RES-1992-6174,8482,40256,REPAIR
22183,RES-1992-6176,8484,40257,REPAIR
22186,RES-1992-6182,8487,40259,REPAIR
22189,RES-1992-6185,8490,40260,REPAIR
22191,RES-1992-6189,8492,40262,REPAIR
22192,RES-1992-6192,8493,40264,REPAIR
22193,RES-1992-6193,8494,40265,REPAIR
22194,RES-1992-6194,8495,40266,REPAIR
22195,RES-1992-6195,8496,40267,REPAIR
22196,RES-1992-6198,8497,40269,REPAIR
22197,RES-1992-6199,8498,40270,REPAIR
22199,RES-1992-6158,8500,40242,REPAIR
22200,RES-1992-6157,8501,40241,REPAIR
22202,RES-1992-6154,8503,40240,REPAIR
22204,RES-1992-6150,8505,40239,REPAIR
22205,RES-1992-6148,8506,40237,REPAIR
22206,RES-1992-6147,8507,40235,REPAIR
22209,RES-1992-6135,8510,40232,REPAIR
22210,RES-1992-6133,8511,40231,REPAIR
22211,RES-1992-6132,8512,40230,REPAIR
22212,RES-1992-6130,8513,40229,REPAIR
22213,RES-1992-6129,8514,40228,REPAIR
22215,RES-1992-6122,8516,40226,REPAIR
22216,RES-1992-6121,8517,,"SKIP: OP/TOT relationship"
22217,RES-1992-6120,8518,40224,REPAIR
22219,RES-1992-6116,8520,40222,REPAIR
22221,RES-1992-6112,8522,40221,REPAIR
22223,RES-1992-6110,8524,40220,REPAIR
22225,RES-1992-6202,8526,40273,REPAIR
22227,RES-1992-6205,8528,40274,REPAIR
22228,RES-1992-6206,8529,40275,REPAIR
22229,RES-1992-6207,8530,40276,REPAIR
22230,RES-1992-6209,8531,40278,REPAIR
22231,RES-1992-6210,8532,40279,REPAIR
22232,RES-1992-6212,8533,40281,REPAIR
22233,RES-1992-6213,8534,40282,REPAIR
22234,RES-1992-6214,8535,,"SKIP: OP/TOT relationship"
22235,RES-1992-6215,8536,,"SKIP: OP/TOT relationship"
22237,RES-1992-6217,8538,40285,REPAIR
22239,RES-1992-6219,8540,40286,REPAIR
22241,RES-1992-6221,8542,40287,REPAIR
22242,RES-1992-6223,8543,40289,REPAIR
22243,RES-1992-6225,8544,,"SKIP: OP/TOT relationship"
22244,RES-1992-6226,8545,40291,REPAIR
22245,RES-1992-6227,8546,40292,REPAIR
22246,RES-1992-6060,8547,40197,REPAIR
22247,RES-1992-6065,8548,40198,REPAIR
22248,RES-1992-6066,8549,40199,REPAIR
22249,CON-RES-1993-555,8550,14294,REPAIR
22250,CON-RES-1993-401,8551,14254,REPAIR
22252,CON-RES-1993-331,8553,14233,REPAIR
22253,CON-RES-1993-329,8554,133908,REPAIR
22254,CON-RES-1993-81,8555,14317,REPAIR
22260,CON-RES-1993-377,8561,14247,REPAIR
22263,CON-RES-1993-392,8564,14251,REPAIR
22264,CON-RES-1993-70,8565,14315,REPAIR
22265,CON-RES-1993-99,8566,14321,REPAIR
22266,CON-RES-1993-362,8567,14244,REPAIR
22267,CON-RES-1993-73,8568,14316,REPAIR
22269,CON-RES-1998-99,8570,14959,REPAIR
22280,CON-RES-1982-349,8581,11467,REPAIR
22286,CON-RES-1982-500,8587,11569,REPAIR
22288,CON-RES-1982-499,8589,172199,REPAIR
22291,CON-RES-1982-493,8592,11562,REPAIR
22292,CON-RES-1982-489,8593,11560,REPAIR
22293,CON-RES-1982-488,8594,11559,REPAIR
22294,CON-RES-1982-487,8595,11558,REPAIR
22295,CON-RES-1982-483,8596,11557,REPAIR
22299,CON-RES-1982-477,8600,172260,REPAIR
22300,CON-RES-1982-475,8601,11552,REPAIR
22301,CON-RES-1982-473,8602,11551,REPAIR
22305,CON-RES-1982-465,8606,11549,REPAIR
22306,CON-RES-1982-451,8607,11538,REPAIR
22307,CON-RES-1982-454,8608,11539,REPAIR
22308,CON-RES-1982-455,8609,11540,REPAIR
22309,CON-RES-1982-456,8610,11541,REPAIR
22310,CON-RES-1982-458,8611,11542,REPAIR
22311,CON-RES-1982-459,8612,11543,REPAIR
22312,CON-RES-1982-460,8613,,"SKIP: OP/TOT relationship"
22313,CON-RES-1982-462,8614,11547,REPAIR
22314,CON-RES-1982-464,8615,,"SKIP: OP/TOT relationship"
22317,CON-RES-1982-470,8618,11550,REPAIR
22319,CON-RES-1982-44,8620,11529,REPAIR
22320,CON-RES-1982-45,8621,,"SKIP: OP/TOT relationship"
22321,CON-RES-1982-3,8622,,"SKIP: OP/TOT relationship"
22323,CON-RES-1982-781,8624,,"SKIP: OP/TOT relationship"
22324,CON-RES-1982-1436,8625,11266,REPAIR
22325,CON-RES-1982-1325,8626,11214,REPAIR
22326,CON-RES-1982-1437,8627,11267,REPAIR
22327,CON-RES-1982-1480,8628,11284,REPAIR
22329,CON-RES-1982-1495,8630,11289,REPAIR
22330,CON-RES-1982-1286,8631,11192,REPAIR
22332,CON-RES-1982-1012,8633,11065,REPAIR
22333,CON-RES-1982-1462,8634,11278,REPAIR
22334,CON-RES-1982-380,8635,11490,REPAIR
22336,CON-RES-1982-111,8637,11108,REPAIR
22339,CON-RES-1982-22,8640,11394,REPAIR
22343,CON-RES-1982-6,8644,11634,REPAIR
22344,CON-RES-1982-25,8645,11410,REPAIR
22345,CON-RES-RC-1982-605,8646,18330,REPAIR
22348,CON-COM-1985-38,8649,7983,REPAIR
22350,RES-1992-6269,8651,40304,REPAIR
22351,RES-1992-6230,8652,40294,REPAIR
22352,RES-1992-6231,8653,40295,REPAIR
22353,RES-1992-6232,8654,40296,REPAIR
22354,RES-1992-6235,8655,40299,REPAIR
22357,RES-1992-6244,8658,,"SKIP: referenced as parent_prop_id"
22361,RES-1992-6258,8662,40302,REPAIR
22369,RES-1992-6233,8670,40297,REPAIR
22371,RES-1992-6338,8672,40308,REPAIR
22372,RES-1992-6344,8673,40310,REPAIR
22374,RES-1992-6374,8675,40312,REPAIR
22377,RES-1992-6381,8678,40315,REPAIR
22378,RES-1992-6382,8679,40316,REPAIR
22379,RES-1992-6384,8680,40318,REPAIR
22380,RES-1992-6385,8681,40319,REPAIR
22381,RES-1992-6386,8682,40320,REPAIR
22382,RES-1992-6387,8683,40321,REPAIR
22383,RES-1992-6388,8684,,"SKIP: OP/TOT relationship"
22384,RES-1992-6389,8685,40323,REPAIR
22385,RES-1992-6393,8686,40327,REPAIR
22386,RES-1992-6394,8687,40328,REPAIR
22389,RES-1992-6400,8690,,"SKIP: OP/TOT relationship"
22390,RES-1992-6398,8691,,"SKIP: OP/TOT relationship"
22391,RES-1992-6401,8692,,"SKIP: referenced as parent_prop_id"
22392,RES-1992-6403,8693,40333,REPAIR
22394,RES-1992-6414,8695,,"SKIP: OP/TOT relationship"
22396,RES-1992-6418,8697,40335,REPAIR
22398,RES-1992-6420,8699,,"SKIP: OP/TOT relationship"
22399,RES-1992-6421,8700,40337,REPAIR
22400,RES-1992-6422,8701,40338,REPAIR
22408,RES-1992-6436,8709,,"SKIP: OP/TOT relationship"
22409,RES-1992-6437,8710,40340,REPAIR
22410,RES-1992-6438,8711,40341,REPAIR
22411,RES-1992-6439,8712,40342,REPAIR
22412,RES-1992-6440,8713,40344,REPAIR
22413,RES-1992-6441,8714,40345,REPAIR
22414,RES-1992-6442,8715,40346,REPAIR
22415,RES-1992-6443,8716,40347,REPAIR
22417,RES-1992-6454,8718,,"SKIP: OP/TOT relationship"
22418,RES-1992-6456,8719,40349,REPAIR
22420,RES-1992-6458,8721,40350,REPAIR
22421,RES-1992-6459,8722,40351,REPAIR
22425,RES-1992-6463,8726,40352,REPAIR
22435,RES-1992-6484,8736,40355,REPAIR
22436,RES-1992-6486,8737,155954,REPAIR
22437,RES-1992-6487,8738,40356,REPAIR
22440,RES-1992-6492,8741,40357,REPAIR
22441,RES-1992-6497,8742,40359,REPAIR
22444,RES-1992-6500,8745,40360,REPAIR
22447,RES-1992-6503,8748,40361,REPAIR
22448,RES-1992-6506,8749,40362,REPAIR
22532,CON-RES-1995-99,8833,14690,REPAIR
22536,CON-RES-1995-98,8837,14689,REPAIR
22537,CON-RES-1995-100,8838,14553,REPAIR
22548,RES-1992-6841,8849,40502,REPAIR
22549,RES-1992-6842,8850,40503,REPAIR
22550,RES-1992-6843,8851,40504,REPAIR
22551,RES-1992-6844,8852,40505,REPAIR
22552,RES-1992-6845,8853,40506,REPAIR
22553,RES-1992-6848,8854,40509,REPAIR
22554,RES-1992-6849,8855,,"SKIP: OP/TOT relationship"
22555,RES-1992-6850,8856,40511,REPAIR
22556,RES-1992-6851,8857,40512,REPAIR
22558,RES-1992-6853,8859,40513,REPAIR
22559,RES-1992-6854,8860,,"SKIP: OP/TOT relationship"
22560,RES-1992-6855,8861,40515,REPAIR
22561,RES-1992-6856,8862,40516,REPAIR
22562,RES-1992-6857,8863,40517,REPAIR
22563,RES-1992-6859,8864,40518,REPAIR
22565,RES-1992-6862,8865,,"SKIP: OP/TOT relationship"
22566,RES-1992-6893,8866,40541,REPAIR
22567,RES-1992-6864,8867,,"SKIP: OP/TOT relationship"
22568,RES-1992-6865,8868,,"SKIP: OP/TOT relationship"
22569,RES-1992-6866,8869,40525,REPAIR
22570,RES-1992-6867,8870,,"SKIP: OP/TOT relationship"
22572,RES-1992-6869,8872,40527,REPAIR
22574,RES-1992-6871,8874,40528,REPAIR
22575,RES-1992-6873,8875,40530,REPAIR
22576,RES-1992-6874,8876,40531,REPAIR
22577,RES-1992-6875,8877,40532,REPAIR
22578,RES-1992-6876,8878,40533,REPAIR
22579,RES-1992-6879,8879,40534,REPAIR
22580,RES-1992-6880,8880,40535,REPAIR
22581,RES-1992-6883,8881,40538,REPAIR
22582,RES-1992-6884,8882,40539,REPAIR
22583,RES-1992-6889,8883,40540,REPAIR
22589,RES-1992-6896,8888,40542,REPAIR
22592,RES-1992-6915,8891,40557,REPAIR
22593,RES-1992-6913,8892,40555,REPAIR
22594,RES-1992-6912,8893,40554,REPAIR
22595,RES-1992-6910,8894,40553,REPAIR
22596,RES-1992-6909,8895,40552,REPAIR
22598,RES-1992-6907,8897,40551,REPAIR
22599,RES-1992-6905,8898,40549,REPAIR
22604,RES-1992-6932,8903,40566,REPAIR
22605,RES-1992-6931,8904,40565,REPAIR
22606,RES-1992-6930,8905,40564,REPAIR
22609,RES-1992-6924,8908,40563,REPAIR
22611,RES-1992-6922,8910,,"SKIP: referenced as parent_prop_id"
22612,RES-1992-6921,8911,40562,REPAIR
22613,RES-1992-6920,8912,40561,REPAIR
22615,RES-1992-6918,8914,40560,REPAIR
22616,RES-1992-6917,8915,40559,REPAIR
22617,RES-1992-6916,8916,40558,REPAIR
22619,RES-1992-6939,8918,40568,REPAIR
22624,RES-1992-6946,8923,40571,REPAIR
22626,RES-1992-6944,8925,40570,REPAIR
22627,RES-1992-6943,8926,40569,REPAIR
22630,RES-1992-6954,8929,40572,REPAIR
22632,RES-1992-6975,8931,40584,REPAIR
22634,RES-1992-6971,8933,40581,REPAIR
22637,RES-1992-6958,8936,40573,REPAIR
22640,RES-1992-6963,8939,40575,REPAIR
22643,RES-1992-6964,8942,40576,REPAIR
22644,RES-1992-6965,8943,40577,REPAIR
22645,RES-1992-6967,8944,40579,REPAIR
22646,RES-1992-6966,8945,40578,REPAIR
22662,CON-COM-2004-1,8961,8628,REPAIR
22663,CON-RES-1994-126,8962,14323,REPAIR
22671,CON-AG-1996-17,8970,140698,REPAIR
22672,CON-AG-1996-18,8971,7412,REPAIR
22679,CON-RES-RC-1986-20,8978,18606,REPAIR
22680,CON-AG-1996-9,8979,7417,REPAIR
22681,CON-RES-RC-1986-5,8980,18613,REPAIR
22682,CON-RES-RC-1986-7,8981,18615,REPAIR
22683,CON-RES-RC-1986-10,8982,18596,REPAIR
22684,CON-RES-RC-1986-13,8983,,"SKIP: OP/TOT relationship"
22685,CON-RES-RC-1986-14,8984,18599,REPAIR
22686,CON-RES-RC-1986-15,8985,18600,REPAIR
22687,CON-RES-RC-1986-16,8986,18601,REPAIR
22688,CON-RES-RC-1986-17,8987,18602,REPAIR
22689,CON-RES-RC-1986-18,8988,18604,REPAIR
22690,CON-RES-RC-1986-19,8989,18605,REPAIR
22691,CON-AG-1996-1,8990,7410,REPAIR
22692,CON-AG-1996-2,8991,7413,REPAIR
22693,CON-AG-1996-3,8992,7415,REPAIR
22694,CON-AG-1996-4,8993,7416,REPAIR
22699,CON-RES-1994-489,8998,14479,REPAIR
22720,CON-RES-1994-144,9019,14327,REPAIR
22726,AG-RC-1981-82,9025,111,REPAIR
22727,CON-RES-1996-202,9026,14719,REPAIR
22737,CON-RES-1994-433,9036,14467,REPAIR
22738,CON-RES-1994-193,9037,14340,REPAIR
22774,CON-RES-1995-625,9073,14676,REPAIR
22782,CON-RES-1995-528,9081,14649,REPAIR
22800,CON-RES-1995-213,9099,14575,REPAIR
22801,CON-RES-1995-214,9100,14576,REPAIR
22804,CON-RES-1995-9,9103,14688,REPAIR
22805,CON-AG-1991-58,9104,7351,REPAIR
22819,CON-AG-1990-57,9118,7343,REPAIR
22821,CON-AG-1990-37,9120,7339,REPAIR
22825,CON-AG-1990-21,9124,7337,REPAIR
22827,CON-AG-1990-7,9126,7344,REPAIR
22830,CON-AG-1995-39,9129,7398,REPAIR
22842,CON-AG-1981-1,9141,6806,REPAIR
22848,CON-AG-1981-65,9147,,"SKIP: referenced as parent_prop_id"
22855,CON-RES-1982-120,9154,168855,REPAIR
22856,CON-RES-1982-127,9155,11184,REPAIR
22858,CON-RES-1982-129,9157,11193,REPAIR
22859,CON-RES-1982-130,9158,11201,REPAIR
22860,CON-RES-1982-131,9159,169030,REPAIR
22861,CON-RES-1982-132,9160,11211,REPAIR
22863,CON-RES-1982-136,9162,11228,REPAIR
22864,CON-RES-1982-137,9163,11233,REPAIR
22865,CON-RES-1982-139,9164,11242,REPAIR
22868,CON-RES-1982-142,9167,11258,REPAIR
22869,CON-RES-1982-143,9168,11262,REPAIR
22871,CON-RES-1982-145,9170,11273,REPAIR
22875,CON-RES-1982-176,9174,11357,REPAIR
22876,CON-RES-1982-184,9175,11363,REPAIR
22877,CON-RES-1982-195,9176,11373,REPAIR
22878,CON-RES-1982-384,9177,,"SKIP: OP/TOT relationship"
22879,CON-RES-1982-389,9178,11496,REPAIR
22880,CON-RES-1982-390,9179,,"SKIP: OP/TOT relationship"
22882,CON-RES-1982-846,9181,11763,REPAIR
22883,CON-RES-1982-917,9182,11800,REPAIR
22884,CON-RES-1982-1277,9183,11189,REPAIR
22885,CON-RES-1982-1280,9184,11190,REPAIR
22886,CON-RES-1982-1330,9185,11217,REPAIR
22887,CON-RES-1982-1344,9186,11226,REPAIR
22892,CON-RES-1982-1381,9191,11239,REPAIR
22894,CON-RES-1982-1385,9193,11241,REPAIR
22897,CON-RES-1982-1391,9196,11244,REPAIR
22898,CON-RES-1982-1392,9197,11245,REPAIR
22901,CON-RES-1982-1397,9200,11247,REPAIR
22917,CON-RES-1992-272,9216,14031,REPAIR
22919,CON-RES-1992-282,9218,14038,REPAIR
22930,CON-RES-1993-585,9229,14303,REPAIR
22931,CON-RES-1997-79,9230,14869,REPAIR
22932,CON-RES-1997-322,9231,14844,REPAIR
22933,CON-RES-1998-242,9232,14910,REPAIR
22943,CON-RES-1982-1536,9242,11308,REPAIR
22947,CON-RES-1984-543,9246,12270,REPAIR
22948,CON-RES-1987-261,9247,12983,REPAIR
22951,CON-RES-1987-295,9250,12999,REPAIR
22952,CON-RES-1987-287,9251,12997,REPAIR
22953,CON-RES-1987-274,9252,12992,REPAIR
22954,CON-RES-1987-117,9253,12805,REPAIR
22955,CON-RES-1987-135,9254,12869,REPAIR
22957,CON-RES-1987-296,9256,13000,REPAIR
22958,CON-RES-1987-294,9257,12998,REPAIR
22963,CON-RES-1984-211,9262,12171,REPAIR
22964,CON-RES-1984-212,9263,12172,REPAIR
22969,CON-RES-1985-509,9268,12476,REPAIR
22970,CON-RES-1985-508,9269,,"SKIP: OP/TOT relationship"
22984,CON-RES-1984-430,9283,,"SKIP: OP/TOT relationship"
22995,CON-RES-1984-207,9294,12169,REPAIR
23008,CON-RES-1984-417,9307,12225,REPAIR
23009,CON-RES-1982-1120,9308,11116,REPAIR
23013,CON-RES-1983-264,9312,11910,REPAIR
23020,CON-RES-1983-324,9319,11937,REPAIR
23021,CON-RES-1983-276,9320,11916,REPAIR
23040,CON-RES-1994-470,9339,14474,REPAIR
23042,CON-RES-1994-472,9341,14475,REPAIR
23061,CON-RES-1991-625,9360,13957,REPAIR
23066,CON-RES-1991-630,9365,13959,REPAIR
23070,CON-RES-1991-635,9369,13960,REPAIR
23071,CON-RES-1991-638,9370,13963,REPAIR
23077,CON-RES-1992-529,9376,14113,REPAIR
23078,CON-RES-1992-530,9377,14114,REPAIR
23088,CON-RES-1992-540,9387,14116,REPAIR
23089,CON-RES-1992-542,9388,14117,REPAIR
23090,CON-RES-1992-543,9389,14118,REPAIR
23099,CON-RES-1992-637,9398,14151,REPAIR
23101,CON-RES-1992-639,9400,14152,REPAIR
23104,CON-RES-1992-642,9403,14153,REPAIR
23106,CON-RES-1998-2,9405,14898,REPAIR
23137,RES-1992-7001,9436,40595,REPAIR
23139,RES-1992-7007,9438,40598,REPAIR
23143,RES-1992-7012,9442,40599,REPAIR
23144,RES-1992-7013,9443,40600,REPAIR
23146,RES-1992-7015,9445,40601,REPAIR
23149,RES-1992-7018,9448,40602,REPAIR
23151,RES-1992-7021,9450,40603,REPAIR
23152,RES-1992-7022,9451,40604,REPAIR
23153,RES-1992-7024,9452,40606,REPAIR
23154,RES-1992-7025,9453,40607,REPAIR
23155,RES-1992-7026,9454,40608,REPAIR
23156,RES-1992-7027,9455,40609,REPAIR
23158,RES-1992-7033,9457,40611,REPAIR
23161,RES-1992-7040,9460,,"SKIP: OP/TOT relationship"
23162,RES-1992-7041,9461,40614,REPAIR
23168,RES-1992-7048,9467,40617,REPAIR
23169,RES-1992-7049,9468,40618,REPAIR
23171,RES-1992-7053,9469,40619,REPAIR
23172,RES-1992-7054,9470,40620,REPAIR
23173,RES-1992-7055,9471,40621,REPAIR
23175,RES-1992-7058,9473,40623,REPAIR
23176,RES-1992-7059,9474,40624,REPAIR
23177,RES-1992-7061,9475,40626,REPAIR
23178,RES-1992-7063,9476,40628,REPAIR
23179,RES-1992-7064,9477,40629,REPAIR
23180,RES-1992-7065,9478,40630,REPAIR
23185,RES-1992-7073,9483,40631,REPAIR
23187,RES-1992-7075,9485,40632,REPAIR
23196,RES-1992-7086,9494,40633,REPAIR
23197,RES-1992-7088,9495,40635,REPAIR
23201,RES-1992-7092,9499,40637,REPAIR
23202,RES-1992-7093,9500,40638,REPAIR
23205,RES-1992-7095,9503,40639,REPAIR
23209,RES-1992-7157,9507,40665,REPAIR
23211,RES-1992-7153,9509,40663,REPAIR
23212,RES-1992-7151,9510,40662,REPAIR
23213,RES-1992-7150,9511,40661,REPAIR
23215,RES-1992-7148,9513,40659,REPAIR
23217,RES-1992-7146,9515,40658,REPAIR
23218,RES-1992-7145,9516,40657,REPAIR
23220,RES-1992-7143,9518,40656,REPAIR
23225,RES-1992-7125,9523,40649,REPAIR
23226,RES-1992-7124,9524,40648,REPAIR
23229,RES-1992-7121,9527,40647,REPAIR
23231,RES-1992-7119,9529,40645,REPAIR
23233,RES-1992-7325,9531,40716,REPAIR
23236,RES-1992-7327,9534,40717,REPAIR
23243,RES-1992-6992,9541,40589,REPAIR
23245,RES-1992-6994,9543,40590,REPAIR
23250,RES-1992-6999,9548,40591,REPAIR
23255,RES-1992-7107,9553,40641,REPAIR
23261,RES-1992-7113,9559,40642,REPAIR
23262,RES-1992-7114,9560,40643,REPAIR
23268,RES-1992-7169,9566,40668,REPAIR
23269,RES-1992-7170,9567,40669,REPAIR
23270,RES-1992-7172,9568,40671,REPAIR
23272,RES-1992-7178,9570,40676,REPAIR
23273,RES-1992-7179,9571,40677,REPAIR
23277,RES-1992-7188,9575,,"SKIP: referenced as parent_prop_id"
23280,RES-1992-7196,9578,40680,REPAIR
23281,RES-1992-7197,9579,40681,REPAIR
23287,RES-1992-7205,9585,40682,REPAIR
23289,RES-1992-7208,9587,40684,REPAIR
23290,RES-1992-7217,9588,40685,REPAIR
23291,RES-1992-7218,9589,40686,REPAIR
23292,RES-1992-7223,9590,40689,REPAIR
23293,RES-1992-7224,9591,40690,REPAIR
23295,RES-1992-7237,9593,40691,REPAIR
23296,RES-1992-7239,9594,,"SKIP: OP/TOT relationship"
23297,RES-1992-7240,9595,,"SKIP: OP/TOT relationship"
23298,RES-1992-7241,9596,40696,REPAIR
23299,RES-1992-7242,9597,40697,REPAIR
23304,RES-1992-7220,9602,40687,REPAIR
23305,RES-1992-7256,9603,40698,REPAIR
23306,RES-1992-7260,9604,,"SKIP: OP/TOT relationship"
23308,RES-1992-7264,9606,40700,REPAIR
23309,RES-1992-7265,9607,,"SKIP: referenced as parent_prop_id"
23310,RES-1992-7266,9608,40702,REPAIR
23311,RES-1992-7269,9609,40704,REPAIR
23318,RES-1992-7288,9616,40706,REPAIR
23326,RES-1992-7312,9624,40709,REPAIR
23327,RES-1992-7314,9625,,"SKIP: referenced as parent_prop_id"
23328,RES-1992-7318,9626,40712,REPAIR
23330,RES-1992-7320,9628,40713,REPAIR
23331,RES-1992-7321,9629,40714,REPAIR
23334,RES-1992-7324,9632,40715,REPAIR
23335,RES-1992-7488,9633,40779,REPAIR
23336,RES-1992-7328,9634,40718,REPAIR
23337,CON-RES-1982-280,9635,11432,REPAIR
23338,CON-RES-1982-296,9636,11441,REPAIR
23339,CON-RES-1982-295,9637,11440,REPAIR
23340,CON-RES-1982-275,9638,11428,REPAIR
23345,CON-RES-1982-443,9643,11531,REPAIR
23347,CON-RES-1982-604,9645,173483,REPAIR
23348,CON-RES-1982-601,9646,11637,REPAIR
23352,CON-RES-1982-684,9650,11685,REPAIR
23353,CON-RES-1982-297,9651,11442,REPAIR
23354,CON-RES-1982-435,9652,11528,REPAIR
23356,CON-RES-1981-492,9654,10956,REPAIR
23359,CON-RES-1981-498,9657,10957,REPAIR
23361,CON-RES-1981-470,9659,10949,REPAIR
23364,CON-RES-1982-602,9662,11638,REPAIR
23365,CON-RES-1982-603,9663,11639,REPAIR
23367,CON-RES-1982-610,9665,11644,REPAIR
23368,CON-RES-1982-415,9666,,"SKIP: OP/TOT relationship"
23369,CON-RES-1982-434,9667,11527,REPAIR
23370,CON-RES-1982-94,9668,11814,REPAIR
23371,CON-RES-1982-96,9669,168232,REPAIR
23372,CON-RES-1982-95,9670,168220,REPAIR
23373,CON-RES-1982-402,9671,,"SKIP: referenced as parent_prop_id"
23374,CON-RES-1982-1629,9672,,"SKIP: referenced as parent_prop_id"
23376,CON-RES-1997-188,9674,14797,REPAIR
23377,CON-RES-1981-469,9675,10948,REPAIR
23379,CON-RES-1982-1164,9677,11136,REPAIR
23380,CON-RES-1982-1195,9678,11149,REPAIR
23385,CON-RES-1982-255,9683,11414,REPAIR
23386,CON-RES-1982-1134,9684,11121,REPAIR
23389,CON-RES-1982-1526,9687,11304,REPAIR
23390,CON-RES-1982-1154,9688,11132,REPAIR
23394,CON-RES-1982-864,9692,,"SKIP: referenced as parent_prop_id"
23404,CON-RES-1982-1111,9702,11111,REPAIR
23409,CON-RES-1982-1153,9707,11131,REPAIR
23410,CON-RES-1982-612,9708,11645,REPAIR
23411,CON-RES-1982-1114,9709,11114,REPAIR
23412,CON-RES-1982-1606,9710,121748,REPAIR
23413,CON-RES-1984-506,9711,12254,REPAIR
23414,CON-RES-1984-509,9712,12257,REPAIR
23416,CON-RES-1984-508,9714,12256,REPAIR
23419,CON-RES-1984-521,9717,12263,REPAIR
23424,CON-RES-1982-257,9722,11416,REPAIR
23425,CON-RES-1984-549,9723,12273,REPAIR
23429,CON-RES-1984-527,9727,12266,REPAIR
23430,CON-RES-1984-522,9728,12264,REPAIR
23435,CON-AG-RC-1982-4,9733,7622,REPAIR
23436,CON-RES-RC-1982-338,9734,18067,REPAIR
23437,CON-AG-1982-596,9735,7054,REPAIR
23438,CON-RES-RC-1981-85,9736,,"SKIP: OP/TOT relationship"
23439,CON-RES-RC-1981-66,9737,17823,REPAIR
23440,CON-RES-RC-1982-485,9738,18209,REPAIR
23441,CON-RES-RC-1982-497,9739,18223,REPAIR
23442,CON-RES-RC-1982-462,9740,18187,REPAIR
23443,CON-RES-RC-1982-468,9741,18192,REPAIR
23444,CON-RES-RC-1982-343,9742,,"SKIP: OP/TOT relationship"
23445,CON-AG-RC-1982-137,9743,7620,REPAIR
23446,CON-RES-RC-1982-326,9744,18055,REPAIR
23447,CON-RES-RC-1982-325,9745,,"SKIP: OP/TOT relationship"
23449,CON-RES-1982-309,9747,11452,REPAIR
23450,CON-RES-1982-52,9748,11581,REPAIR
23451,CON-RES-1982-634,9749,11665,REPAIR
23454,CON-RES-1982-636,9752,11666,REPAIR
23456,CON-RES-1982-433,9754,11526,REPAIR
23457,CON-RES-1982-414,9755,11513,REPAIR
23458,CON-RES-1981-476,9756,10952,REPAIR
23459,CON-RES-1981-477,9757,10953,REPAIR
23465,CON-RES-1982-411,9763,11510,REPAIR
23466,CON-RES-1982-412,9764,,"SKIP: OP/TOT relationship"
23471,CON-RES-1982-429,9769,11522,REPAIR
23472,CON-RES-1982-403,9770,,"SKIP: OP/TOT relationship"
23474,CON-RES-1982-426,9772,11520,REPAIR
23475,CON-RES-1982-421,9773,,"SKIP: OP/TOT relationship"
23477,CON-RES-1982-627,9775,11657,REPAIR
23478,CON-RES-1982-689,9776,173548,REPAIR
23479,CON-RES-1982-692,9777,11687,REPAIR
23485,CON-RES-1982-690,9783,173554,REPAIR
23488,CON-RES-1982-678,9786,11681,REPAIR
23489,CON-RES-1982-676,9787,11679,REPAIR
23493,CON-RES-1982-331,9791,11459,REPAIR
23494,CON-RES-1982-310,9792,11453,REPAIR
23496,CON-RES-1982-341,9794,11462,REPAIR
23497,CON-RES-1998-189,9795,14897,REPAIR
23500,CON-RES-1991-13,9798,13835,REPAIR
23503,CON-RES-1998-168,9801,14892,REPAIR
23504,CON-RES-1997-120,9802,14776,REPAIR
23505,CON-RES-1998-311,9803,14928,REPAIR
23506,CON-RES-1998-300,9804,14923,REPAIR
23507,CON-RES-1992-24,9805,14027,REPAIR
23509,CON-RES-1992-469,9807,14089,REPAIR
23510,CON-RES-1982-870,9808,11778,REPAIR
23516,CON-RES-1982-868,9814,11776,REPAIR
23522,CON-RES-1982-97,9820,168234,REPAIR
23524,CON-RES-1982-609,9822,11643,REPAIR
23525,CON-RES-1982-608,9823,11642,REPAIR
23529,CON-RES-1982-874,9827,175135,REPAIR
23530,CON-RES-1982-74,9828,11711,REPAIR
23533,CON-RES-1982-266,9831,11424,REPAIR
23535,CON-RES-1982-73,9833,11707,REPAIR
23539,CON-RES-1982-60,9837,,"SKIP: OP/TOT relationship"
23540,CON-RES-1982-880,9838,11782,REPAIR
23543,CON-RES-1982-290,9841,11436,REPAIR
23545,CON-RES-1982-1624,9843,11339,REPAIR
23546,CON-RES-RC-1982-323,9844,18052,REPAIR
23547,CON-RES-1982-1634,9845,11344,REPAIR
23551,CON-RES-1982-623,17237,11653,REPAIR
23555,CON-RES-1982-332,9853,11460,REPAIR
23556,CON-RES-1982-319,9854,11457,REPAIR
23557,CON-RES-1982-67,9855,11677,REPAIR
23558,CON-RES-1982-83,9856,11752,REPAIR
23560,CON-RES-1982-85,9858,11766,REPAIR
23561,CON-RES-1982-292,9859,11438,REPAIR
23562,CON-RES-1982-867,9860,11775,REPAIR
23563,CON-RES-1982-70,9861,11689,REPAIR
23565,CON-RES-1982-1544,9863,11312,REPAIR
23566,CON-RES-1982-890,9864,11785,REPAIR
23567,CON-RES-1982-260,9865,,"SKIP: OP/TOT relationship"
23568,CON-RES-1982-1522,9866,11302,REPAIR
23569,CON-RES-1982-607,9867,11641,REPAIR
23570,CON-RES-1982-1581,9868,11325,REPAIR
23571,CON-RES-1982-264,9869,11422,REPAIR
23572,CON-RES-1981-459,9870,10941,REPAIR
23579,CON-RES-1982-866,9877,11774,REPAIR
23580,CON-RES-1982-1608,9878,11332,REPAIR
23581,CON-RES-1982-1145,9879,11125,REPAIR
23582,CON-RES-1982-1146,9880,11126,REPAIR
23583,CON-RES-1982-620,9881,11650,REPAIR
23584,CON-RES-1982-766,9882,11722,REPAIR
23597,CON-RES-1982-731,9895,11708,REPAIR
23598,CON-RES-1982-733,9896,11709,REPAIR
23600,CON-RES-1982-1056,9898,11083,REPAIR
23605,CON-RES-1981-454,9903,10938,REPAIR
23606,CON-RES-1982-444,9904,11532,REPAIR
23607,CON-RES-1982-445,9905,11533,REPAIR
23610,CON-RES-1982-448,9908,11534,REPAIR
23611,CON-RES-1982-449,9909,11535,REPAIR
23612,CON-RES-1982-440,9910,11530,REPAIR
23613,CON-RES-1982-273,9911,11426,REPAIR
23616,CON-RES-1982-1180,9914,11141,REPAIR
23617,CON-RES-1982-742,9915,11713,REPAIR
23618,CON-RES-1981-458,9916,10940,REPAIR
23620,CON-RES-1982-270,9918,170958,REPAIR
23621,CON-RES-1982-289,9919,11435,REPAIR
23622,CON-RES-1982-291,9920,11437,REPAIR
23623,CON-RES-1982-1194,9921,11148,REPAIR
23625,CON-RES-1982-1600,9923,11329,REPAIR
23633,CON-RES-1982-759,9931,,"SKIP: OP/TOT relationship"
23634,CON-RES-1990-478,9932,13806,REPAIR
23635,CON-RES-1990-349,9933,13769,REPAIR
23636,CON-RES-1990-335,9934,13762,REPAIR
23638,CON-RES-1991-487,9936,13920,REPAIR
23639,CON-RES-1991-380,9937,13894,REPAIR
23640,CON-RES-1990-314,9938,13756,REPAIR
23641,CON-AG-1982-238,9939,6945,REPAIR
23642,AG-RC-1981-66,9940,94,REPAIR
23643,AG-RC-1981-74,9941,102,REPAIR
23644,AG-RC-1981-68,9942,95,REPAIR
23645,AG-RC-1981-54,9943,85,REPAIR
23646,AG-RC-1981-72,9944,,"SKIP: referenced as parent_prop_id"
23664,CON-AG-1999-22,9962,7433,REPAIR
23665,CON-AG-1998-24,9963,7428,REPAIR
23671,CON-AG-1998-1,9969,7422,REPAIR
23680,CON-AG-1998-21,9978,7425,REPAIR
23681,CON-AG-1998-23,9979,7426,REPAIR
23685,CON-RES-RC-1982-174,9983,17947,REPAIR
23686,CON-RES-RC-1982-181,9984,,"SKIP: OP/TOT relationship"
23687,CON-RES-RC-1982-183,9985,17957,REPAIR
23688,CON-RES-RC-1982-156,9986,,"SKIP: OP/TOT relationship"
23689,CON-RES-RC-1982-185,9987,17959,REPAIR
23690,CON-RES-RC-1982-686,9988,18400,REPAIR
23691,CON-COM-1985-16,9989,7975,REPAIR
23692,CON-COM-1985-45,9990,7985,REPAIR
23696,CON-COM-1985-4,9994,7984,REPAIR
23697,CON-COM-1985-3,9995,7980,REPAIR
23699,CON-COM-1985-18,9997,7976,REPAIR
23700,CON-COM-1985-124,9998,7969,REPAIR
23702,CON-COM-1985-47,10000,7987,REPAIR
23704,CON-COM-1985-127,10002,7971,REPAIR
23712,CON-COM-1985-125,10010,7970,REPAIR
23717,CON-AG-1990-1,10015,7336,REPAIR
23721,CON-AG-1994-10,10019,7376,REPAIR
23723,CON-RES-RC-1993-3,10021,18647,REPAIR
23724,CON-RES-RC-1991-1,10022,18642,REPAIR
23725,CON-RES-RC-1992-1,10023,18644,REPAIR
23727,CON-AG-1981-12,10025,6812,REPAIR
23728,CON-AG-1981-22,10026,6830,REPAIR
23729,CON-AG-1994-54,10027,7387,REPAIR
23744,CON-AG-1984-161,10042,7141,REPAIR
23745,CON-AG-1984-181,10043,7145,REPAIR
23746,CON-AG-1984-179,10044,7143,REPAIR
23751,CON-AG-1984-192,10049,7147,REPAIR
23762,CON-AG-1984-183,10060,7146,REPAIR
23766,CON-AG-1992-14,10064,7357,REPAIR
23781,CON-RES-1993-462,10079,14273,REPAIR
23825,CON-RES-1993-466,10123,14274,REPAIR
23827,CON-RES-1993-484,10125,14280,REPAIR
23842,CON-RES-1983-336,10140,11941,REPAIR
23843,CON-RES-1983-781,10141,12089,REPAIR
23852,CON-RES-1983-799,10150,12096,REPAIR
23853,CON-RES-1983-765,10151,12086,REPAIR
23856,CON-RES-1983-274,10154,11914,REPAIR
23858,CON-RES-1983-782,10156,12090,REPAIR
23861,CON-RES-1983-301,10159,11930,REPAIR
23862,CON-RES-1983-294,10160,11924,REPAIR
23864,CON-RES-1983-828,10162,12110,REPAIR
23873,CON-RES-1983-275,10171,11915,REPAIR
23874,CON-RES-1983-273,10172,11913,REPAIR
23875,CON-RES-1983-270,10173,11912,REPAIR
23876,CON-RES-1983-278,10174,11918,REPAIR
23880,CON-RES-1983-283,10178,11919,REPAIR
23885,CON-RES-1983-290,10183,11922,REPAIR
23886,CON-RES-1983-255,10184,11903,REPAIR
23887,CON-RES-1983-385,10185,11960,REPAIR
23889,CON-RES-1983-437,10187,11985,REPAIR
23890,CON-RES-1983-847,10188,12116,REPAIR
23892,CON-RES-1983-866,10190,12124,REPAIR
23900,CON-RES-1983-261,10198,11908,REPAIR
23901,CON-RES-1983-262,10199,11909,REPAIR
23912,CON-COM-RC-1983-10,10210,10343,REPAIR
23913,CON-RES-RC-1982-601,10211,18326,REPAIR
23915,CON-RES-1982-422,10213,11519,REPAIR
23916,CON-RES-1982-1630,10214,11342,REPAIR
23919,CON-RES-1982-1187,10217,11145,REPAIR
23920,CON-RES-1982-92,10218,11802,REPAIR
23921,CON-RES-1982-1155,10219,11133,REPAIR
23926,CON-RES-1982-1191,10224,11147,REPAIR
23927,CON-RES-1982-1172,10225,11138,REPAIR
23931,CON-RES-1982-727,10229,11704,REPAIR
23933,CON-RES-1989-287,10231,13595,REPAIR
23942,CON-RES-1989-412,10240,13627,REPAIR
23949,CON-RES-1989-433,10247,13631,REPAIR
23950,CON-RES-1989-435,10248,13632,REPAIR
23952,CON-RES-1989-448,10250,13644,REPAIR
23953,CON-RES-1989-449,10251,13645,REPAIR
23964,CON-RES-1989-297,10262,13596,REPAIR
23967,CON-RES-1989-252,10265,13588,REPAIR
23970,CON-RES-1989-298,10268,13597,REPAIR
23988,CON-RES-1989-78,10286,13690,REPAIR
23991,CON-RES-1989-11,10289,13533,REPAIR
23992,CON-RES-1989-19,10290,13569,REPAIR
23993,CON-RES-1989-27,10291,13591,REPAIR
23998,CON-RES-1989-3,10296,13598,REPAIR
24001,CON-RES-1989-405,10299,13625,REPAIR
24002,CON-RES-1989-402,10300,13624,REPAIR
24003,CON-RES-1989-230,10301,13582,REPAIR
24009,CON-RES-1989-234,10307,13583,REPAIR
24011,CON-RES-1989-419,10309,13628,REPAIR
24012,CON-RES-1989-273,10310,13592,REPAIR
24013,CON-RES-1989-436,10311,13633,REPAIR
24014,CON-RES-1989-411,10312,13626,REPAIR
24015,CON-RES-1989-80,10313,13692,REPAIR
24016,CON-RES-1989-86,10314,13693,REPAIR
24017,CON-RES-1989-32,10315,13602,REPAIR
24018,CON-RES-1989-37,10316,13612,REPAIR
24026,CON-RES-1989-438,10324,13635,REPAIR
24027,CON-RES-1989-441,10325,13638,REPAIR
24028,CON-RES-1989-439,10326,13636,REPAIR
24029,CON-RES-1989-440,10327,13637,REPAIR
24030,CON-RES-1989-443,10328,13640,REPAIR
24031,CON-RES-1989-442,10329,13639,REPAIR
24032,CON-RES-1989-445,10330,13641,REPAIR
24033,CON-RES-1989-446,10331,13642,REPAIR
24034,CON-RES-1989-437,10332,13634,REPAIR
24035,CON-RES-1989-447,10333,13643,REPAIR
24036,CON-RES-1989-593,10334,13684,REPAIR
24037,CON-RES-1989-247,10335,13585,REPAIR
24039,CON-RES-1989-59,10337,13683,REPAIR
24041,CON-RES-1989-48,10339,13655,REPAIR
24043,CON-RES-1989-79,10341,13691,REPAIR
24045,CON-RES-1989-30,10343,13599,REPAIR
24050,CON-RES-1983-85,10348,12118,REPAIR
24051,CON-IND-1983-2,10349,10430,REPAIR
24052,CON-RES-1983-654,10350,12056,REPAIR
24053,CON-RES-1983-613,10351,12040,REPAIR
24054,CON-RES-1983-404,10352,11969,REPAIR
24055,CON-RES-1983-425,10353,11979,REPAIR
24056,CON-RES-1983-435,10354,11984,REPAIR
24057,CON-RES-1983-403,10355,11968,REPAIR
24058,CON-RES-1983-402,10356,11967,REPAIR
24060,CON-RES-1983-84,10358,12115,REPAIR
24061,CON-RES-1983-235,10359,11893,REPAIR
24064,CON-RES-1983-524,10362,12008,REPAIR
24065,CON-RES-1983-529,10363,12010,REPAIR
24068,CON-RES-1983-867,10365,12125,REPAIR
24069,CON-RES-1983-880,10366,12128,REPAIR
24070,CON-RES-1983-439,10367,11987,REPAIR
24071,CON-RES-1983-32,10368,,"SKIP: OP/TOT relationship"
24072,CON-RES-1983-29,10369,,"SKIP: OP/TOT relationship"
24073,CON-RES-1983-33,10370,11938,REPAIR
24075,CON-RES-1983-415,10372,11974,REPAIR
24078,CON-RES-1983-414,10375,11973,REPAIR
24082,CON-RES-1983-400,10379,11966,REPAIR
24083,CON-RES-1983-221,10380,11892,REPAIR
24084,CON-RES-1983-208,10381,11887,REPAIR
24085,CON-RES-1983-871,10382,12127,REPAIR
24086,CON-RES-1983-430,10383,11981,REPAIR
24088,CON-RES-1983-409,10385,11972,REPAIR
24091,CON-RES-1983-405,10388,11970,REPAIR
24092,CON-RES-1983-25,10389,11901,REPAIR
24094,CON-RES-1983-541,10391,12013,REPAIR
24096,CON-RES-1983-26,10393,11907,REPAIR
24105,CON-RES-1983-203,10402,11884,REPAIR
24106,CON-RES-1983-205,10403,11885,REPAIR
24123,CON-RES-1983-859,10420,12120,REPAIR
24126,CON-RES-1983-210,10423,,"SKIP: OP/TOT relationship"
24133,CON-RES-1983-105,10430,11844,REPAIR
24134,CON-RES-1983-372,10431,11956,REPAIR
24135,CON-RES-1983-376,10432,11958,REPAIR
24136,CON-RES-1983-548,10433,12018,REPAIR
24149,CON-RES-1988-297,10446,13381,REPAIR
24151,CON-RES-1988-227,10448,13357,REPAIR
24162,CON-RES-1988-293,10459,13380,REPAIR
24168,CON-RES-1986-359,10465,12651,REPAIR
24183,CON-RES-1986-173,10480,12575,REPAIR
24186,CON-RES-1986-358,10483,12650,REPAIR
24199,CON-RES-1986-172,10496,12574,REPAIR
24207,CON-RES-1988-146,10504,13321,REPAIR
24214,CON-RES-1988-131,10511,13314,REPAIR
24215,CON-RES-1988-132,10512,13315,REPAIR
24216,CON-RES-1988-133,10513,13316,REPAIR
24217,CON-RES-1988-134,10514,13317,REPAIR
24222,CON-RES-1988-143,10519,13319,REPAIR
24223,CON-RES-1988-144,10520,13320,REPAIR
24224,CON-RES-1988-149,10521,13322,REPAIR
24225,CON-RES-1988-35,10522,13401,REPAIR
24228,CON-RES-1988-92,10525,13525,REPAIR
24240,CON-RES-1988-628,10537,13506,REPAIR
24241,CON-RES-1988-626,10538,13504,REPAIR
24242,CON-RES-1988-203,10539,13351,REPAIR
24244,CON-RES-1988-205,10541,13353,REPAIR
24245,CON-RES-1988-212,10542,13354,REPAIR
24246,CON-RES-1988-218,10543,13355,REPAIR
24252,CON-RES-1988-348,10549,13399,REPAIR
24253,CON-RES-1988-320,10550,13389,REPAIR
24257,CON-RES-1988-340,10554,13396,REPAIR
24258,CON-RES-1988-329,10555,13392,REPAIR
24259,CON-RES-1988-420,10556,13427,REPAIR
24263,CON-RES-1988-442,10560,13440,REPAIR
24270,CON-RES-1988-435,10567,13436,REPAIR
24272,CON-RES-1988-438,10569,,"SKIP: referenced as parent_prop_id"
24282,CON-RES-1988-425,10579,13430,REPAIR
24293,CON-RES-1988-491,10590,13458,REPAIR
24296,CON-RES-1988-549,10593,13479,REPAIR
24299,CON-RES-1988-550,10596,13482,REPAIR
24300,CON-RES-1988-807,10597,13520,REPAIR
24301,CON-RES-1988-636,10598,13511,REPAIR
24302,CON-RES-1988-697,10599,,"SKIP: referenced as parent_prop_id"
24303,CON-RES-1988-29,10600,13379,REPAIR
24307,CON-RES-1988-28,10604,13376,REPAIR
24317,CON-RES-1988-437,10614,13437,REPAIR
24319,CON-RES-1988-250,10616,13363,REPAIR
24332,CON-RES-1988-501,10629,13463,REPAIR
24333,CON-RES-1988-514,10630,13466,REPAIR
24334,CON-RES-1988-54,10631,13477,REPAIR
24335,CON-RES-1988-513,10632,13465,REPAIR
24336,CON-RES-1988-532,10633,13472,REPAIR
24337,CON-RES-1988-459,10634,13446,REPAIR
24339,CON-RES-1988-635,10636,13510,REPAIR
24341,CON-RES-1988-605,10638,13498,REPAIR
24342,CON-RES-1988-474,10639,13451,REPAIR
24343,CON-RES-1988-6,10640,13496,REPAIR
24344,CON-RES-1988-11,10641,13306,REPAIR
24345,CON-RES-1988-8,10642,13519,REPAIR
24346,CON-RES-1988-1,10643,13303,REPAIR
24348,CON-RES-1988-48,10645,13454,REPAIR
24349,CON-RES-1988-2,10646,,"SKIP: referenced as parent_prop_id"
24350,CON-RES-1988-4,10647,13422,REPAIR
24351,CON-RES-1988-15,10648,13323,REPAIR
24352,CON-RES-1988-7,10649,13515,REPAIR
24353,CON-RES-1988-14,10650,13318,REPAIR
24354,CON-RES-1988-24,10651,13359,REPAIR
24355,CON-RES-1988-30,10652,13384,REPAIR
24356,CON-RES-1988-50,10653,13462,REPAIR
24357,CON-RES-1988-43,10654,13433,REPAIR
24358,CON-RES-1988-467,10655,13449,REPAIR
24359,CON-RES-1988-341,10656,13397,REPAIR
24360,CON-RES-1988-3,10657,13383,REPAIR
24361,CON-RES-1988-538,10658,13476,REPAIR
24365,CON-RES-1988-122,10662,13312,REPAIR
24368,CON-RES-1988-204,10665,13352,REPAIR
24370,CON-RES-1988-219,10667,13356,REPAIR
24371,CON-RES-1988-287,10668,13378,REPAIR
24377,CON-RES-1983-395,10674,11964,REPAIR
24380,CON-RES-1983-634,10677,12049,REPAIR
24382,CON-RES-1983-363,10679,11951,REPAIR
24383,CON-RES-1983-354,10680,11945,REPAIR
24384,CON-RES-1983-353,10681,11944,REPAIR
24385,CON-RES-1983-368,10682,11954,REPAIR
24386,CON-RES-1983-700,10683,12064,REPAIR
24387,CON-RES-1983-30,10684,11928,REPAIR
24391,CON-RES-1983-183,10688,11874,REPAIR
24392,CON-RES-1983-367,10689,11953,REPAIR
24394,CON-RES-1983-160,10691,11863,REPAIR
24395,CON-RES-1983-369,10692,11955,REPAIR
24399,CON-RES-1983-629,10696,12046,REPAIR
24402,CON-RES-1983-639,10699,12050,REPAIR
24403,CON-RES-1983-664,10700,12057,REPAIR
24405,CON-RES-1983-745,10702,12079,REPAIR
24409,CON-RES-1983-167,10706,11866,REPAIR
24418,CON-RES-1983-804,10715,12100,REPAIR
24419,CON-RES-1983-814,10716,12105,REPAIR
24421,CON-RES-1983-365,10718,11952,REPAIR
24423,CON-RES-1983-542,10720,12014,REPAIR
24425,CON-RES-1983-72,10722,12071,REPAIR
24427,CON-RES-1983-63,10724,12047,REPAIR
24428,CON-RES-1983-50,10725,11996,REPAIR
24429,CON-RES-1983-42,10726,11975,REPAIR
24434,CON-RES-1987-771,10731,13197,REPAIR
24443,CON-RES-1987-554,10740,13113,REPAIR
24446,CON-RES-1987-657,10743,13146,REPAIR
24447,CON-RES-1987-625,10744,13134,REPAIR
24458,CON-RES-1987-1004,10755,12709,REPAIR
24461,CON-RES-1987-883,10758,13256,REPAIR
24468,CON-RES-1987-158,10765,12926,REPAIR
24469,CON-RES-1987-661,10766,13149,REPAIR
24470,CON-RES-1987-316,10767,13009,REPAIR
24471,CON-RES-1987-351,10768,13025,REPAIR
24473,CON-RES-1987-488,10770,13085,REPAIR
24474,CON-RES-1987-468,10771,13080,REPAIR
24475,CON-RES-1987-472,10772,13083,REPAIR
24476,CON-RES-1987-134,10773,12867,REPAIR
24478,CON-RES-1987-189,10775,12941,REPAIR
24479,CON-RES-1987-1020,10776,12719,REPAIR
24483,CON-RES-1987-167,10780,12931,REPAIR
24484,CON-RES-1987-155,10781,12923,REPAIR
24491,CON-RES-1987-157,10787,12925,REPAIR
24492,CON-RES-1987-156,10788,12924,REPAIR
24493,CON-RES-1987-164,10789,12929,REPAIR
24494,CON-RES-1987-1273,10790,12841,REPAIR
24496,CON-RES-1987-1155,10792,12798,REPAIR
24507,CON-RES-1987-1033,10803,12727,REPAIR
24508,CON-RES-1987-1029,10804,12723,REPAIR
24510,CON-RES-1987-1120,10806,12778,REPAIR
24511,CON-RES-1987-800,10807,13214,REPAIR
24512,CON-RES-1987-930,10808,13271,REPAIR
24514,CON-RES-1987-1233,10810,12825,REPAIR
24515,CON-RES-1987-240,10811,12971,REPAIR
24516,CON-RES-1987-67,10812,13153,REPAIR
24517,CON-RES-1987-211,10813,12956,REPAIR
24518,CON-RES-1987-1066,10814,12748,REPAIR
24519,CON-RES-1987-241,10815,12972,REPAIR
24520,CON-RES-1987-1006,10816,12710,REPAIR
24521,CON-RES-1987-52,10817,13099,REPAIR
24522,CON-RES-1987-362,10818,13033,REPAIR
24523,CON-RES-1987-702,10819,13168,REPAIR
24524,CON-RES-1987-747,10820,13187,REPAIR
24525,CON-RES-1987-63,10821,13136,REPAIR
24526,CON-RES-1987-871,10822,13253,REPAIR
24527,CON-RES-1987-1151,10823,12795,REPAIR
24528,CON-RES-1987-1440,10824,12900,REPAIR
24529,CON-RES-1987-894,10825,,"SKIP: referenced as parent_prop_id"
24530,CON-RES-1987-815,10826,13222,REPAIR
24531,CON-RES-1987-718,10827,13174,REPAIR
24532,CON-RES-1987-710,10828,13172,REPAIR
24533,CON-RES-1987-998,10829,13300,REPAIR
24534,CON-RES-1987-1117,10830,12776,REPAIR
24536,CON-RES-1987-223,10832,12962,REPAIR
24537,CON-RES-1987-1122,10833,12779,REPAIR
24538,CON-RES-1987-527,10834,13100,REPAIR
24539,CON-RES-1987-340,10835,13020,REPAIR
24540,CON-RES-1987-1271,10836,12840,REPAIR
24541,CON-RES-1987-14,10837,12882,REPAIR
24546,CON-RES-1987-38,10842,13040,REPAIR
24548,CON-RES-1987-721,10844,13178,REPAIR
24550,CON-RES-1987-1135,10846,12785,REPAIR
24551,CON-RES-1987-518,10847,13098,REPAIR
24552,CON-RES-1987-708,10848,13170,REPAIR
24554,CON-RES-1987-720,10850,13177,REPAIR
24557,CON-RES-1987-719,10853,13175,REPAIR
24558,CON-RES-1987-924,10854,13268,REPAIR
24559,CON-RES-1987-1127,10855,12781,REPAIR
24571,CON-RES-1982-567,10867,11615,REPAIR
24572,CON-RES-1987-941,10868,13273,REPAIR
24573,CON-RES-1987-672,10869,13155,REPAIR
24574,CON-RES-1987-674,10870,13156,REPAIR
24575,CON-RES-1987-1051,10871,12739,REPAIR
24576,CON-RES-1987-898,10872,13264,REPAIR
24577,CON-RES-1987-342,10873,13021,REPAIR
24579,CON-RES-1987-1172,10875,12807,REPAIR
24580,CON-RES-1987-926,10876,13270,REPAIR
24582,CON-RES-1987-1170,10878,12806,REPAIR
24583,CON-RES-1987-774,10879,13198,REPAIR
24584,CON-RES-1987-1011,10880,12713,REPAIR
24585,CON-RES-1987-115,10881,12793,REPAIR
24586,CON-RES-1987-866,10882,13248,REPAIR
24588,CON-RES-1987-239,10884,12970,REPAIR
24589,CON-RES-1987-394,10885,13050,REPAIR
24604,CON-RES-1987-992,10900,13298,REPAIR
24614,CON-RES-1987-128,10910,12844,REPAIR
24615,CON-RES-1987-232,10911,12967,REPAIR
24616,CON-RES-1987-238,10912,12969,REPAIR
24617,CON-RES-1987-229,10913,12966,REPAIR
24619,CON-RES-1987-234,10915,12968,REPAIR
24621,CON-RES-1987-393,10917,13049,REPAIR
24622,CON-RES-1987-125,10918,12830,REPAIR
24623,CON-RES-1987-847,10919,13234,REPAIR
24624,CON-RES-1987-83,10920,13226,REPAIR
24638,CON-RES-1988-315,10934,13386,REPAIR
24649,CON-RES-1984-574,10945,12280,REPAIR
24651,CON-RES-1984-45,10947,12232,REPAIR
24660,CON-RES-1983-446,10956,11988,REPAIR
24661,CON-RES-1983-447,10957,11989,REPAIR
24664,CON-RES-1983-451,10960,11990,REPAIR
24665,CON-RES-1983-453,10961,11991,REPAIR
24666,CON-RES-1983-455,10962,11993,REPAIR
24670,CON-RES-1983-544,10966,12016,REPAIR
24671,CON-RES-1983-651,10967,12053,REPAIR
24674,CON-RES-1983-860,10970,12122,REPAIR
24687,CON-RES-1983-885,10983,12130,REPAIR
24698,CON-RES-1985-69,10994,12543,REPAIR
24699,CON-RES-1985-79,10995,12544,REPAIR
24707,CON-RES-1985-214,11003,12374,REPAIR
24712,CON-RES-1985-314,11008,12402,REPAIR
24723,CON-RES-1985-334,11019,12410,REPAIR
24726,CON-RES-1985-337,11022,12411,REPAIR
24731,CON-RES-1985-347,11027,12417,REPAIR
24733,CON-RES-1985-365,11029,12426,REPAIR
24742,CON-RES-1985-407,11038,12441,REPAIR
24743,CON-RES-1985-408,11039,12442,REPAIR
24759,CON-RES-1985-550,11055,12495,REPAIR
24762,CON-RES-1985-559,11058,12496,REPAIR
24763,CON-RES-1985-561,11059,12498,REPAIR
24770,CON-RES-1985-579,11066,12505,REPAIR
24772,CON-RES-1985-590,11068,12513,REPAIR
24777,CON-RES-1985-652,11073,12533,REPAIR
24778,CON-RES-1985-655,11074,12535,REPAIR
24780,CON-RES-1985-658,11076,12537,REPAIR
24781,CON-RES-1985-659,11077,12538,REPAIR
24783,CON-RES-1985-664,11079,12541,REPAIR
24788,CON-RES-1985-671,11084,12542,REPAIR
24793,CON-RES-1986-68,11089,12689,REPAIR
24794,CON-RES-1986-70,11090,12692,REPAIR
24795,CON-RES-1986-71,11091,12693,REPAIR
24796,CON-RES-1986-72,11092,12694,REPAIR
24797,CON-RES-1986-73,11093,12695,REPAIR
24798,CON-RES-1986-75,11094,12697,REPAIR
24799,CON-RES-1986-108,11095,12556,REPAIR
24800,CON-RES-1986-112,11096,12558,REPAIR
24814,CON-RES-1986-130,11110,12562,REPAIR
24821,CON-RES-1986-201,11117,12585,REPAIR
24822,CON-RES-1986-202,11118,12586,REPAIR
24824,CON-RES-1986-206,11120,12589,REPAIR
24825,CON-RES-1986-207,11121,12590,REPAIR
24826,CON-RES-1986-208,11122,12591,REPAIR
24832,CON-RES-1986-215,11128,12592,REPAIR
24833,CON-RES-1986-216,11129,12593,REPAIR
24835,CON-RES-1986-218,11131,12595,REPAIR
24836,CON-RES-1986-219,11132,12596,REPAIR
24839,CON-RES-1986-223,11135,12597,REPAIR
24840,CON-RES-1986-224,11136,12598,REPAIR
24843,CON-RES-1986-227,11139,12599,REPAIR
24845,CON-RES-1986-229,11141,12600,REPAIR
24856,CON-RES-1986-240,11152,12603,REPAIR
24857,CON-RES-1986-241,11153,12604,REPAIR
24860,CON-RES-1986-244,11156,12605,REPAIR
24862,CON-RES-1986-246,11158,12606,REPAIR
24864,CON-RES-1986-249,11160,12607,REPAIR
24868,CON-RES-1986-301,11164,12624,REPAIR
24869,CON-RES-1986-302,11165,12625,REPAIR
24873,CON-RES-1983-3,11169,11927,REPAIR
24875,CON-RES-1983-14,11171,11854,REPAIR
24878,CON-RES-1983-83,11174,12111,REPAIR
24883,CON-RES-1983-100,11179,11838,REPAIR
24884,CON-RES-1983-217,11180,11890,REPAIR
24885,CON-RES-1983-516,11181,,"SKIP: referenced as parent_prop_id"
24886,CON-RES-1983-517,11182,12002,REPAIR
24887,CON-RES-1983-519,11183,12003,REPAIR
24888,CON-RES-1983-520,11184,12004,REPAIR
24891,CON-RES-1983-538,11187,12012,REPAIR
24892,CON-RES-1983-543,11188,12015,REPAIR
24893,CON-RES-1983-545,11189,12017,REPAIR
24910,CON-RES-1983-813,11206,12104,REPAIR
24918,CON-COM-1985-22,11214,7979,REPAIR
24923,CON-COM-1985-36,11219,7982,REPAIR
24926,CON-RES-1982-19,11222,11368,REPAIR
24927,CON-RES-1982-46,11223,11544,REPAIR
24928,CON-RES-1982-48,11224,11555,REPAIR
24930,CON-RES-1982-152,11226,11300,REPAIR
24931,CON-RES-1982-187,11227,11366,REPAIR
24932,CON-RES-1982-217,11228,,"SKIP: OP/TOT relationship"
24933,CON-RES-1982-226,11229,11398,REPAIR
24934,CON-RES-1982-227,11230,11399,REPAIR
24935,CON-RES-1982-231,11231,11402,REPAIR
24936,CON-RES-1982-368,11232,11481,REPAIR
24937,CON-RES-1982-396,11233,11500,REPAIR
24938,CON-RES-1982-479,11234,,"SKIP: OP/TOT relationship"
24939,CON-RES-1982-497,11235,11565,REPAIR
24940,CON-RES-1982-498,11236,11566,REPAIR
24942,CON-RES-1982-532,11238,,"SKIP: OP/TOT relationship"
24943,CON-RES-1982-534,11239,11592,REPAIR
24944,CON-RES-1982-542,11240,,"SKIP: referenced as parent_prop_id"
24945,CON-RES-1982-565,11241,11613,REPAIR
24946,CON-RES-1982-566,11242,11614,REPAIR
24947,CON-RES-1982-577,11243,11621,REPAIR
24948,CON-RES-1982-582,11244,11625,REPAIR
24950,CON-RES-1982-595,11246,11630,REPAIR
24951,CON-RES-1982-729,11247,11706,REPAIR
24953,CON-RES-1982-796,11249,11737,REPAIR
24954,CON-RES-1982-842,11250,11762,REPAIR
24955,CON-RES-1982-847,11251,11764,REPAIR
24956,CON-RES-1982-848,11252,11765,REPAIR
24957,CON-RES-1982-851,11253,11767,REPAIR
24958,CON-RES-1982-907,11254,11794,REPAIR
24959,CON-RES-1982-916,11255,11799,REPAIR
24960,CON-RES-1982-924,11256,11807,REPAIR
24961,CON-RES-1982-925,11257,11808,REPAIR
24962,CON-RES-1982-934,11258,11811,REPAIR
24963,CON-RES-1982-944,11259,,"SKIP: OP/TOT relationship"
24965,CON-RES-1982-954,11261,175785,REPAIR
24967,CON-RES-1982-956,11263,175870,REPAIR
24970,CON-RES-1982-977,11266,11827,REPAIR
24971,CON-RES-1982-992,11267,11834,REPAIR
24972,CON-RES-1982-1002,11268,11058,REPAIR
24973,CON-RES-1982-1003,11269,11059,REPAIR
24974,CON-RES-1982-1004,11270,11060,REPAIR
24975,CON-RES-1982-1006,11271,11061,REPAIR
24977,CON-RES-1982-1009,11273,11062,REPAIR
24978,CON-RES-1982-1024,11274,11070,REPAIR
24979,CON-RES-1982-1028,11275,11073,REPAIR
24980,CON-RES-1982-1035,11276,11078,REPAIR
24985,CON-RES-1982-1125,11281,11117,REPAIR
24986,CON-RES-1982-1212,11282,11161,REPAIR
24987,CON-RES-1982-1218,11283,11165,REPAIR
24988,CON-RES-1982-1220,11284,11166,REPAIR
24989,CON-RES-1982-1246,11285,11173,REPAIR
24990,CON-RES-1982-1251,11286,11176,REPAIR
24991,CON-RES-1982-1265,11287,11183,REPAIR
24992,CON-RES-1982-1282,11288,11191,REPAIR
24994,CON-RES-1982-1377,11290,,"SKIP: OP/TOT relationship"
24995,CON-RES-1982-1376,11291,11235,REPAIR
24997,CON-RES-1982-1441,11293,11269,REPAIR
24998,CON-RES-1982-1447,11294,11271,REPAIR
25000,CON-RES-1982-1493,11296,,"SKIP: OP/TOT relationship"
25001,CON-RES-1982-1499,11297,11291,REPAIR
25002,CON-RES-1982-1557,11298,11319,REPAIR
25005,CON-RES-1995-384,11301,14629,REPAIR
25006,CON-RES-1995-68,11302,14684,REPAIR
25008,CON-RES-1982-1097,11304,11102,REPAIR
25009,CON-RES-1998-59,11305,14954,REPAIR
25010,CON-RES-1998-72,11306,14956,REPAIR
25012,CON-RES-1999-39,11308,15051,REPAIR
25013,CON-RES-1985-39,11309,12435,REPAIR
25016,CON-RES-1983-568,11312,12023,REPAIR
25017,CON-RES-1983-566,11313,12021,REPAIR
25018,CON-RES-1983-258,11314,11906,REPAIR
25020,CON-RES-1983-567,11316,12022,REPAIR
25022,CON-RES-1983-758,11318,12083,REPAIR
25026,CON-RES-1983-761,11322,12085,REPAIR
25028,CON-RES-1983-788,11324,12092,REPAIR
25029,CON-RES-1983-257,11325,11905,REPAIR
25032,CON-RES-1983-293,11328,11923,REPAIR
25033,CON-RES-1983-254,11329,11902,REPAIR
25034,CON-COM-RC-1983-1,11330,10342,REPAIR
25035,CON-COM-RC-1983-2,11331,10344,REPAIR
25036,CON-RES-1982-405,11332,11507,REPAIR
25037,CON-COM-RC-1983-5,11333,10346,REPAIR
25038,CON-AG-1984-52,11334,7162,REPAIR
25049,CON-RES-1984-547,11345,12272,REPAIR
25051,CON-RES-1984-252,11347,12183,REPAIR
25059,CON-RES-1984-493,11355,12248,REPAIR
25063,CON-RES-1984-471,11359,12242,REPAIR
25065,CON-RES-1984-339,11361,12211,REPAIR
25075,CON-RES-1984-280,11371,12192,REPAIR
25076,CON-RES-1984-670,11372,12309,REPAIR
25077,CON-RES-1984-678,11373,12313,REPAIR
25078,CON-RES-1984-677,11374,12312,REPAIR
25088,CON-AG-1984-11,11384,7132,REPAIR
25091,CON-RES-1984-374,11387,12217,REPAIR
25093,CON-RES-1984-489,11389,12246,REPAIR
25102,CON-RES-1984-461,11398,12239,REPAIR
25104,CON-RES-1984-499,11400,12250,REPAIR
25106,CON-RES-1982-762,11402,11721,REPAIR
25107,CON-RES-1982-724,11403,11701,REPAIR
25108,CON-RES-1982-1058,11404,11085,REPAIR
25110,CON-RES-1982-1572,11406,11323,REPAIR
25111,CON-RES-1982-710,11407,11697,REPAIR
25116,CON-RES-1982-702,11412,11692,REPAIR
25119,CON-RES-1982-1504,11415,11296,REPAIR
25136,CON-RES-1982-1555,11432,11318,REPAIR
25137,CON-RES-1982-1562,11433,11321,REPAIR
25138,CON-RES-1982-707,11434,,"SKIP: OP/TOT relationship"
25139,CON-RES-1982-1107,11435,,"SKIP: OP/TOT relationship"
25140,CON-RES-1982-1110,11436,11110,REPAIR
25148,CON-RES-1982-726,11444,11703,REPAIR
25156,CON-RES-1982-1554,11452,11317,REPAIR
25157,CON-RES-1982-1521,11453,11301,REPAIR
25160,CON-RES-1982-1529,11456,,"SKIP: referenced as parent_prop_id"
25161,CON-RES-1982-1541,11457,11310,REPAIR
25164,CON-RES-1982-1057,11460,11084,REPAIR
25166,CON-RES-1982-748,11462,11715,REPAIR
25167,CON-RES-1982-743,11463,11714,REPAIR
25168,CON-RES-1982-735,11464,174179,REPAIR
25169,CON-RES-1982-715,11465,11699,REPAIR
25175,CON-RES-1982-758,11471,11718,REPAIR
25176,CON-RES-1982-756,11472,11717,REPAIR
25177,CON-RES-1982-1075,11473,11093,REPAIR
25190,CON-RES-1982-1106,11486,11106,REPAIR
25200,CON-RES-1984-305,11496,12200,REPAIR
25205,CON-RES-1984-389,11501,12219,REPAIR
25206,CON-RES-1984-278,11502,12191,REPAIR
25207,CON-RES-1984-314,11503,12202,REPAIR
25209,CON-RES-1984-467,11505,12240,REPAIR
25217,CON-RES-1984-224,11513,12175,REPAIR
25218,CON-IND-1997-6,11514,10496,REPAIR
25222,CON-RES-1984-214,11518,12173,REPAIR
25225,CON-RES-1984-500,11521,12253,REPAIR
25226,CON-RES-1984-672,11522,12311,REPAIR
25227,CON-RES-1984-671,11523,12310,REPAIR
25228,CON-RES-1984-248,11524,12181,REPAIR
25236,CON-RES-1983-795,11532,12095,REPAIR
25239,CON-RES-1983-306,11535,11932,REPAIR
25243,CON-RES-1983-800,11539,12098,REPAIR
25246,CON-AG-1984-90,11542,7171,REPAIR
25247,CON-AG-1984-79,11543,7170,REPAIR
25248,CON-AG-RC-1984-202,11544,7627,REPAIR
25249,CON-RES-1984-145,11545,12151,REPAIR
25252,CON-RES-1984-528,11548,12267,REPAIR
25253,CON-RES-1983-806,11549,12101,REPAIR
25255,CON-RES-1983-347,11551,11942,REPAIR
25256,CON-RES-1983-750,11552,12080,REPAIR
25257,CON-RES-1983-277,11553,,"SKIP: referenced as parent_prop_id"
25258,CON-RES-1983-303,11554,11931,REPAIR
25260,CON-RES-1983-61,11556,12038,REPAIR
25261,CON-RES-1983-297,11557,11926,REPAIR
25264,CON-AG-1983-99,11560,7129,REPAIR
25266,CON-IND-1983-33,11562,10435,REPAIR
25267,CON-RES-1983-572,11563,12025,REPAIR
25270,CON-RES-1983-399,11566,11965,REPAIR
25272,CON-RES-1983-51,11568,11999,REPAIR
25278,CON-RES-1983-596,11574,12033,REPAIR
25279,CON-RES-1983-573,11575,12026,REPAIR
25280,CON-RES-1983-574,11576,12027,REPAIR
25283,CON-RES-1983-583,11579,12030,REPAIR
25286,CON-RES-1983-575,11582,12028,REPAIR
25287,CON-RES-1983-598,11583,12034,REPAIR
25288,CON-RES-1983-602,11584,12036,REPAIR
25289,CON-AG-1983-110,11585,7079,REPAIR
25292,CON-RES-1984-303,11588,12199,REPAIR
25326,CON-RES-1984-497,11622,12249,REPAIR
25332,CON-RES-1984-357,11628,12213,REPAIR
25344,CON-RES-1984-398,11640,12222,REPAIR
25348,CON-RES-1985-115,11644,12342,REPAIR
25350,CON-RES-RC-1982-8,11646,18459,REPAIR
25351,CON-RES-RC-1982-9,11647,18473,REPAIR
25352,CON-RES-RC-1982-10,11648,17856,REPAIR
25353,CON-RES-RC-1982-16,11649,,"SKIP: OP/TOT relationship"
25354,CON-RES-RC-1982-11,11650,17870,REPAIR
25355,CON-RES-RC-1982-4,11651,18124,REPAIR
25356,CON-RES-RC-1982-5,11652,18226,REPAIR
25357,CON-RES-RC-1982-7,11653,,"SKIP: OP/TOT relationship"
25359,CON-COM-RC-1982-28,11655,,"SKIP: OP/TOT relationship"
25360,CON-RES-RC-1982-50,11656,,"SKIP: OP/TOT relationship"
25361,CON-RES-RC-1982-99,11657,18484,REPAIR
25362,CON-COM-RC-1982-31,11658,10281,REPAIR
25366,CON-RES-1982-738,11662,11710,REPAIR
25371,CON-RES-1982-1590,11667,11327,REPAIR
25373,CON-RES-1984-69,11669,12317,REPAIR
25376,CON-RES-1983-717,11672,12070,REPAIR
25377,CON-RES-1983-711,11673,12069,REPAIR
25378,CON-RES-1983-720,11674,12072,REPAIR
25379,CON-RES-1983-710,11675,12068,REPAIR
25380,CON-RES-1983-709,11676,12067,REPAIR
25384,CON-RES-1983-704,11680,12065,REPAIR
25385,CON-RES-1983-705,11681,12066,REPAIR
25388,CON-RES-1983-300,11684,11929,REPAIR
25390,CON-RES-1983-348,11686,11943,REPAIR
25392,CON-RES-1991-377,11688,13893,REPAIR
25394,CON-RES-1991-352,11690,13887,REPAIR
25401,CON-RES-1984-8,11697,12327,REPAIR
25402,CON-RES-1984-42,11698,12226,REPAIR
25403,CON-RES-1984-32,11699,12205,REPAIR
25406,CON-RES-1987-600,11702,13126,REPAIR
25408,CON-RES-1985-355,11704,12420,REPAIR
25409,CON-RES-1984-195,11705,12166,REPAIR
25410,CON-RES-1985-458,11706,12455,REPAIR
25411,CON-RES-1987-1403,11707,12884,REPAIR
25412,CON-RES-1987-68,11708,13158,REPAIR
25413,CON-RES-1985-57,11709,12503,REPAIR
25414,CON-RES-1985-66,11710,12539,REPAIR
25416,CON-RES-1986-345,11712,12642,REPAIR
25417,CON-RES-1987-1137,11713,12787,REPAIR
25422,CON-RES-1982-1420,11718,11259,REPAIR
25424,CON-RES-1984-679,11720,12314,REPAIR
25427,CON-RES-1984-654,11723,12304,REPAIR
25432,CON-RES-1987-455,11728,13077,REPAIR
25433,CON-RES-1987-456,11729,13078,REPAIR
25434,CON-RES-1987-1431,11730,12896,REPAIR
25435,CON-RES-1987-454,11731,13076,REPAIR
25436,CON-RES-1987-762,11732,13192,REPAIR
25437,CON-RES-1987-453,11733,13075,REPAIR
25440,CON-RES-1987-1429,11736,12893,REPAIR
25441,CON-RES-1987-1430,11737,12895,REPAIR
25442,CON-RES-1989-309,11738,13600,REPAIR
25454,CON-RES-1989-90,11750,13694,REPAIR
25460,CON-RES-1989-99,11756,13697,REPAIR
25461,CON-RES-1989-100,11757,13531,REPAIR
25475,CON-RES-1989-12,11771,13539,REPAIR
25480,CON-RES-1989-283,11776,13594,REPAIR
25484,CON-RES-1989-188,11780,13568,REPAIR
25485,CON-RES-1989-423,11781,13629,REPAIR
25496,CON-RES-RC-1985-27,11792,18585,REPAIR
25498,CON-AG-1990-27,11794,7338,REPAIR
25500,CON-RES-1990-1,11796,13698,REPAIR
25509,CON-RES-1999-344,11805,15040,REPAIR
25514,CON-RES-1999-313,11810,121838,REPAIR
25529,CON-RES-1999-269,11824,15028,REPAIR
25542,CON-RES-1999-283,11837,15031,REPAIR
25612,CON-RES-1984-144,11907,12150,REPAIR
25615,CON-RES-1984-127,11910,12145,REPAIR
25616,CON-RES-1984-129,11911,12146,REPAIR
25643,CON-RES-1982-991,11938,11833,REPAIR
25646,CON-RES-1982-985,11941,11830,REPAIR
25648,CON-RES-1982-990,11943,175949,REPAIR
25650,CON-RES-1982-989,11945,11832,REPAIR
25657,CON-RES-RC-1985-21,11952,18579,REPAIR
25658,CON-RES-RC-1985-24,11953,,"SKIP: OP/TOT relationship"
25659,CON-RES-RC-1985-22,11954,18580,REPAIR
25660,CON-RES-RC-1985-23,11955,18581,REPAIR
25661,CON-RES-RC-1984-47,11956,,"SKIP: OP/TOT relationship"
25662,CON-RES-RC-1984-45,11957,18556,REPAIR
25663,CON-RES-RC-1984-46,11958,18557,REPAIR
25664,CON-RES-RC-1984-33,11959,18542,REPAIR
25665,CON-RES-RC-1984-32,11960,,"SKIP: OP/TOT relationship"
25666,CON-RES-RC-1984-30,11961,18540,REPAIR
25667,CON-RES-RC-1984-1,11962,18520,REPAIR
25671,CON-RES-RC-1982-329,11966,18058,REPAIR
25673,CON-RES-RC-1982-327,11968,18056,REPAIR
25674,CON-RES-RC-1982-81,11969,18462,REPAIR
25675,CON-RES-RC-1984-54,11970,18566,REPAIR
25676,CON-RES-RC-1984-48,11971,,"SKIP: OP/TOT relationship"
25677,CON-RES-RC-1984-49,11972,18560,REPAIR
25678,CON-RES-RC-1984-51,11973,18563,REPAIR
25679,CON-RES-RC-1984-52,11974,18564,REPAIR
25680,CON-RES-RC-1984-53,11975,18565,REPAIR
25681,CON-RES-1989-201,11976,,"SKIP: referenced as parent_prop_id"
25683,CON-AG-1986-50,11978,7226,REPAIR
25684,CON-AG-1986-1,11979,7199,REPAIR
25685,CON-AG-1986-45,11980,7225,REPAIR
25686,CON-RES-RC-1981-29,11981,17788,REPAIR
25687,CON-RES-RC-1982-167,11982,,"SKIP: referenced as parent_prop_id"
25688,CON-RES-RC-1982-275,11983,18007,REPAIR
25689,CON-RES-RC-1982-403,11984,18129,REPAIR
25690,CON-RES-RC-1982-613,11985,18336,REPAIR
25692,CON-RES-1984-630,11987,12300,REPAIR
25695,CON-RES-1985-29,11990,12396,REPAIR
25697,CON-RES-1985-46,11992,12456,REPAIR
25700,CON-RES-1985-255,11995,12387,REPAIR
25703,CON-RES-1987-221,11998,12960,REPAIR
25708,CON-RES-1987-787,12003,13206,REPAIR
25709,CON-RES-1987-925,12004,13269,REPAIR
25711,CON-RES-1987-949,12006,13278,REPAIR
25712,CON-RES-1987-1140,12007,12789,REPAIR
25713,CON-AG-RC-1988-4,12008,7638,REPAIR
25718,CON-AG-1995-4,12013,7399,REPAIR
25723,CON-RES-RC-1986-22,12018,18610,REPAIR
25741,CON-RES-1989-186,12036,13566,REPAIR
25751,CON-RES-1983-653,12046,12055,REPAIR
25754,CON-RES-1983-666,12049,12059,REPAIR
25755,CON-RES-1983-684,12050,12062,REPAIR
25756,CON-RES-1983-685,12051,12063,REPAIR
25761,CON-RES-1983-827,12056,12109,REPAIR
25762,CON-RES-1983-834,12057,12114,REPAIR
25767,CON-RES-1986-367,12062,12654,REPAIR
25768,CON-RES-1986-368,12063,12655,REPAIR
25769,CON-RES-1986-371,12064,12657,REPAIR
25770,CON-RES-1989-150,12065,13554,REPAIR
25785,CON-RES-RC-1981-26,12080,17786,REPAIR
25786,CON-RES-RC-1981-33,12081,17792,REPAIR
25787,CON-RES-RC-1981-35,12082,17793,REPAIR
25788,CON-RES-RC-1981-50,12083,17807,REPAIR
25789,CON-RES-RC-1981-49,12084,17806,REPAIR
25790,CON-RES-RC-1981-48,12085,,"SKIP: OP/TOT relationship"
25791,CON-RES-RC-1981-47,12086,17804,REPAIR
25792,CON-RES-RC-1981-22,12087,17782,REPAIR
25793,CON-RES-RC-1981-23,12088,17783,REPAIR
25794,CON-IND-1981-14,12089,,"SKIP: OP/TOT relationship"
25795,CON-RES-RC-1981-9,12090,17843,REPAIR
25796,CON-AG-1981-24,12091,6833,REPAIR
25812,CON-RES-1983-714,12107,121765,REPAIR
25815,CON-RES-1983-723,12110,12073,REPAIR
25816,CON-RES-1983-724,12111,12074,REPAIR
25819,CON-RES-1983-727,12114,121766,REPAIR
25821,CON-RES-1983-732,12116,12076,REPAIR
25823,CON-RES-1983-736,12118,12077,REPAIR
25825,CON-RES-1983-742,12120,12078,REPAIR
25827,CON-RES-1983-751,12122,12081,REPAIR
25828,CON-RES-1983-752,12123,12082,REPAIR
25830,CON-RES-1983-759,12125,12084,REPAIR
25831,CON-RES-1983-769,12126,12087,REPAIR
25832,CON-RES-1985-450,12127,12454,REPAIR
25836,CON-AG-1985-153,12131,7182,REPAIR
25862,CON-RES-1985-531,12157,12483,REPAIR
25863,CON-RES-1985-647,12158,12531,REPAIR
25864,CON-RES-1985-409,12159,12443,REPAIR
25869,CON-RES-1985-190,12164,12367,REPAIR
25870,CON-RES-1985-12,12165,12345,REPAIR
25872,CON-RES-1988-389,12167,13417,REPAIR
25873,CON-RES-1988-5,12168,13461,REPAIR
25893,CON-RES-1988-477,12188,13453,REPAIR
25894,CON-RES-1988-489,12189,13457,REPAIR
25901,CON-RES-1988-156,12196,13326,REPAIR
25913,CON-RES-1988-606,12208,13499,REPAIR
25917,CON-RES-1988-607,12212,13500,REPAIR
25920,CON-RES-1988-595,12215,13495,REPAIR
25921,CON-RES-1988-578,12216,13491,REPAIR
25922,CON-RES-1988-338,12217,13394,REPAIR
25923,CON-RES-1988-485,12218,13456,REPAIR
25924,CON-RES-1982-679,12219,11682,REPAIR
25926,CON-RES-1982-1163,12221,11135,REPAIR
25928,CON-RES-1982-1175,12223,11139,REPAIR
25931,CON-RES-1982-1186,12226,11144,REPAIR
25932,CON-RES-1982-1196,12227,11150,REPAIR
25933,CON-RES-1982-1197,12228,11151,REPAIR
25934,CON-RES-1982-1198,12229,11152,REPAIR
25938,CON-RES-1982-1072,12233,11091,REPAIR
25940,CON-RES-1982-708,12235,,"SKIP: OP/TOT relationship"
25941,CON-IND-1982-15,12236,10404,REPAIR
25944,CON-IND-1982-7,12239,158886,REPAIR
25946,CON-IND-1982-41,12241,10419,REPAIR
25947,CON-IND-1982-42,12242,10420,REPAIR
25948,CON-IND-1982-18,12243,10406,REPAIR
25950,CON-IND-1982-11,12245,10399,REPAIR
25951,CON-IND-1982-8,12246,10421,REPAIR
25955,CON-IND-1982-3,12250,,"SKIP: OP/TOT relationship"
25959,CON-IND-1982-37,12254,10417,REPAIR
25961,CON-IND-1982-32,12256,10412,REPAIR
25963,CON-RES-1982-621,12258,11651,REPAIR
25964,CON-RES-RC-1982-490,12259,18215,REPAIR
25965,CON-RES-1982-1551,12260,11316,REPAIR
25966,CON-RES-RC-1982-355,12261,18083,REPAIR
25967,CON-RES-1982-66,12262,11674,REPAIR
25968,CON-RES-1982-419,12263,,"SKIP: OP/TOT relationship"
25969,CON-RES-1982-420,12264,,"SKIP: OP/TOT relationship"
25970,CON-RES-1982-861,12265,11772,REPAIR
25971,CON-RES-1982-1182,12266,11143,REPAIR
25973,CON-RES-1982-1564,12268,11322,REPAIR
25974,CON-RES-1982-1060,12269,11087,REPAIR
25975,CON-AG-1983-120,12270,7080,REPAIR
25976,CON-RES-1983-783,12271,12091,REPAIR
25977,CON-RES-1983-776,12272,12088,REPAIR
25979,CON-RES-1983-59,12274,,"SKIP: referenced as parent_prop_id"
25980,CON-RES-1983-790,12275,12093,REPAIR
25981,CON-RES-1983-315,12276,11934,REPAIR
25982,CON-COM-1982-259,12277,7788,REPAIR
25983,CON-RES-RC-1982-211,12278,,"SKIP: OP/TOT relationship"
25984,CON-AG-1982-136,12279,6895,REPAIR
25987,CON-RES-RC-1982-662,12282,,"SKIP: OP/TOT relationship"
25992,CON-AG-1982-502,12287,7024,REPAIR
25993,CON-COM-1982-141,12288,7735,REPAIR
25994,CON-AG-1982-544,12289,7034,REPAIR
25996,CON-AG-1982-539,12291,7032,REPAIR
26003,CON-RES-RC-1982-633,12298,18354,REPAIR
26004,CON-RES-RC-1982-616,12299,18339,REPAIR
26005,CON-RES-1982-1051,12300,11081,REPAIR
26006,CON-RES-1982-1052,12301,11082,REPAIR
26007,CON-RES-1982-1548,12302,11315,REPAIR
26008,CON-RES-1982-1503,12303,11295,REPAIR
26009,CON-RES-1982-1515,12304,11298,REPAIR
26010,CON-RES-1982-1524,12305,11303,REPAIR
26011,CON-RES-1982-1073,12306,11092,REPAIR
26012,CON-RES-1982-1584,12307,11326,REPAIR
26013,CON-RES-1982-1580,12308,11324,REPAIR
26014,CON-RES-1982-1061,12309,11088,REPAIR
26015,CON-RES-1982-1113,12310,11113,REPAIR
26016,CON-RES-1982-1112,12311,11112,REPAIR
26017,CON-RES-1982-1147,12312,11127,REPAIR
26018,CON-RES-1982-1129,12313,11119,REPAIR
26023,CON-AG-1982-285,12318,6960,REPAIR
26032,CON-AG-1982-259,12327,6949,REPAIR
26037,CON-COM-1982-256,12332,7786,REPAIR
26038,CON-IND-1982-17,12333,10405,REPAIR
26041,CON-RES-1982-681,12336,11684,REPAIR
26042,CON-RES-1982-628,12337,11658,REPAIR
26043,CON-RES-1982-629,12338,11659,REPAIR
26045,CON-RES-1982-531,12340,,"SKIP: referenced as parent_prop_id"
26046,CON-RES-RC-1982-390,12341,18115,REPAIR
26048,CON-AG-1982-457,12343,7009,REPAIR
26049,CON-COM-1982-59,12344,7828,REPAIR
26050,CON-COM-1982-269,12345,7793,REPAIR
26056,CON-AG-1982-347,12351,6976,REPAIR
26062,CON-COM-1982-134,12357,7733,REPAIR
26063,CON-AG-1982-13,12358,6893,REPAIR
26064,CON-RES-1982-333,12359,11461,REPAIR
26069,CON-RES-1982-625,12364,11655,REPAIR
26070,CON-RES-1982-626,12365,11656,REPAIR
26071,CON-RES-1982-311,12366,11454,REPAIR
26073,CON-RES-1982-267,12368,171092,REPAIR
26076,CON-RES-RC-1982-465,12371,18189,REPAIR
26077,CON-AG-1982-217,12372,,"SKIP: OP/TOT relationship"
26078,CON-RES-1989-492,12373,13662,REPAIR
26083,CON-RES-1989-544,12378,13673,REPAIR
26086,CON-RES-1989-218,12381,13576,REPAIR
26087,CON-RES-1989-564,12382,13677,REPAIR
26088,CON-RES-1989-534,12383,13669,REPAIR
26089,CON-RES-1989-475,12384,13654,REPAIR
26090,CON-RES-1989-392,12385,13618,REPAIR
26091,CON-RES-1989-383,12386,13615,REPAIR
26096,CON-RES-1989-387,12391,13617,REPAIR
26097,CON-RES-1989-484,12392,13658,REPAIR
26098,CON-RES-1989-483,12393,13657,REPAIR
26099,CON-RES-1989-602,12394,13686,REPAIR
26100,CON-RES-1989-461,12395,13649,REPAIR
26103,CON-RES-1989-489,12398,13660,REPAIR
26107,CON-RES-1989-453,12402,13648,REPAIR
26108,CON-RES-1989-399,12403,13621,REPAIR
26109,CON-RES-1989-398,12404,13620,REPAIR
26117,CON-RES-1989-469,12412,13651,REPAIR
26118,CON-RES-1989-472,12413,13652,REPAIR
26119,CON-RES-1989-210,12414,13572,REPAIR
26120,CON-RES-1989-211,12415,13573,REPAIR
26121,CON-RES-1989-212,12416,13574,REPAIR
26122,CON-RES-1989-378,12417,13613,REPAIR
26142,CON-RES-1989-497,12436,13663,REPAIR
26144,CON-RES-1989-224,12438,13579,REPAIR
26145,CON-RES-1989-572,12439,13678,REPAIR
26147,CON-RES-1989-451,12441,13647,REPAIR
26148,CON-RES-1989-450,12442,13646,REPAIR
26155,CON-RES-1989-608,12449,13688,REPAIR
26160,CON-RES-1989-488,12454,13659,REPAIR
26162,CON-RES-1989-225,12456,13580,REPAIR
26166,CON-RES-1989-550,12460,13675,REPAIR
26167,CON-RES-1989-260,12461,13589,REPAIR
26168,CON-RES-1989-222,12462,13578,REPAIR
26169,CON-RES-1989-217,12463,13575,REPAIR
26170,CON-RES-1989-366,12464,13610,REPAIR
26171,CON-RES-1989-506,12465,13664,REPAIR
26172,CON-RES-1989-367,12466,13611,REPAIR
26173,CON-RES-1989-386,12467,,"SKIP: referenced as parent_prop_id"
26179,CON-RES-1988-352,12473,13403,REPAIR
26180,CON-RES-1988-168,12474,13333,REPAIR
26184,CON-RES-1988-191,12478,13343,REPAIR
26185,CON-RES-1988-189,12479,13342,REPAIR
26190,CON-RES-1988-382,12484,13414,REPAIR
26194,CON-RES-1988-159,12488,13327,REPAIR
26199,CON-RES-1988-386,12493,13416,REPAIR
26204,CON-RES-1984-376,12498,12218,REPAIR
26205,CON-RES-1984-365,12499,12215,REPAIR
26206,CON-RES-1984-412,12500,12224,REPAIR
26209,CON-RES-1984-316,12503,12204,REPAIR
26210,CON-RES-1984-290,12504,12196,REPAIR
26211,CON-RES-1984-269,12505,12187,REPAIR
26215,CON-RES-1984-324,12509,12206,REPAIR
26216,CON-RES-1984-335,12510,12208,REPAIR
26217,CON-RES-1984-336,12511,12209,REPAIR
26218,CON-RES-1984-277,12512,12190,REPAIR
26219,CON-RES-1984-331,12513,12207,REPAIR
26220,CON-RES-1984-257,12514,12184,REPAIR
26222,CON-RES-1984-287,12516,12193,REPAIR
26223,CON-RES-RC-1984-29,12517,18538,REPAIR
26224,CON-RES-1984-472,12518,12243,REPAIR
26225,CON-RES-1984-337,12519,12210,REPAIR
26226,CON-RES-RC-1984-603,12520,18568,REPAIR
26227,CON-RES-1984-612,12521,12295,REPAIR
26228,CON-RES-1984-315,12522,12203,REPAIR
26229,CON-RES-1984-268,12523,12186,REPAIR
26230,CON-RES-1984-453,12524,12235,REPAIR
26231,CON-RES-1984-455,12525,12236,REPAIR
26232,CON-RES-1984-441,12526,12230,REPAIR
26233,CON-RES-1984-34,12527,12212,REPAIR
26234,CON-RES-1984-41,12528,12223,REPAIR
26235,CON-RES-1984-289,12529,12194,REPAIR
26236,CON-RES-1984-293,12530,12197,REPAIR
26239,CON-AG-1984-41,12533,7154,REPAIR
26240,CON-AG-1984-29,12534,7151,REPAIR
26242,CON-AG-1984-44,12536,7157,REPAIR
26243,CON-AG-1984-157,12537,7140,REPAIR
26244,CON-AG-1984-410,12538,7155,REPAIR
26245,CON-AG-1984-270,12539,7150,REPAIR
26247,CON-AG-1984-544,12541,7164,REPAIR
26248,CON-AG-1984-437,12542,7156,REPAIR
26249,CON-RES-1986-334,12543,12638,REPAIR
26252,CON-RES-1986-67,12546,12688,REPAIR
26253,CON-RES-1986-335,12547,12639,REPAIR
26254,CON-RES-1986-349,12548,12644,REPAIR
26257,CON-RES-1986-58,12551,12686,REPAIR
26262,CON-RES-1986-100,12556,12552,REPAIR
26265,CON-RES-1986-86,12559,12699,REPAIR
26269,CON-RES-1986-51,12563,12684,REPAIR
26272,CON-RES-1986-318,12566,12633,REPAIR
26276,CON-RES-1986-319,12570,12634,REPAIR
26280,CON-RES-1986-336,12574,12640,REPAIR
26281,CON-RES-1986-350,12575,12645,REPAIR
26285,CON-RES-1986-333,12579,12637,REPAIR
26288,CON-RES-1986-323,12582,12635,REPAIR
26289,CON-RES-1986-313,12583,12630,REPAIR
26298,CON-RES-1986-24,12592,12602,REPAIR
26299,CON-RES-1986-10,12593,12551,REPAIR
26300,CON-RES-1986-36,12594,12652,REPAIR
26301,CON-RES-1986-391,12595,12668,REPAIR
26302,CON-RES-1986-134,12596,12565,REPAIR
26303,CON-RES-1986-120,12597,12559,REPAIR
26304,CON-RES-1986-121,12598,12560,REPAIR
26307,CON-RES-1986-132,12601,12564,REPAIR
26309,CON-RES-1986-34,12603,12641,REPAIR
26310,CON-RES-1986-103,12604,12554,REPAIR
26315,CON-RES-1986-406,12609,12671,REPAIR
26316,CON-RES-1986-419,12610,12672,REPAIR
26317,CON-RES-1986-420,12611,12673,REPAIR
26319,CON-RES-1986-422,12613,12674,REPAIR
26320,CON-RES-1986-423,12614,12675,REPAIR
26321,CON-RES-1986-438,12615,12680,REPAIR
26324,CON-RES-1986-434,12618,12678,REPAIR
26326,CON-RES-1986-436,12620,12679,REPAIR
26328,CON-AG-1986-17,12622,7220,REPAIR
26329,CON-RES-1986-306,12623,12627,REPAIR
26332,CON-RES-1983-39,12626,11962,REPAIR
26334,CON-RES-1983-27,12628,11911,REPAIR
26337,CON-RES-1983-68,12631,12061,REPAIR
26339,CON-RES-1983-62,12633,12044,REPAIR
26344,CON-RES-1983-73,12638,12075,REPAIR
26345,CON-RES-1983-127,12639,11849,REPAIR
26349,CON-RES-1983-456,12643,11994,REPAIR
26350,CON-RES-1983-454,12644,,"SKIP: OP/TOT relationship"
26352,CON-RES-1983-622,12646,12045,REPAIR
26355,CON-RES-1983-391,12649,11963,REPAIR
26357,CON-RES-1983-184,12651,11875,REPAIR
26370,CON-RES-1982-533,12664,11591,REPAIR
26371,CON-RES-1982-1015,12665,11066,REPAIR
26372,CON-RES-1982-1322,12666,11212,REPAIR
26374,RES-1982-1753,12668,28457,REPAIR
26375,RES-1982-1756,12669,28458,REPAIR
26376,RES-1982-1758,12670,28459,REPAIR
26377,RES-1982-1759,12671,28460,REPAIR
26378,RES-1982-1765,12672,28463,REPAIR
26380,RES-1982-1769,12674,28466,REPAIR
26381,RES-1982-1771,12675,28468,REPAIR
26382,RES-1982-1772,12676,28469,REPAIR
26383,RES-1982-1773,12677,28470,REPAIR
26384,RES-1982-1775,12678,28471,REPAIR
26385,RES-1982-1778,12679,28473,REPAIR
26386,RES-1982-1779,12680,28474,REPAIR
26387,RES-1982-1781,12681,28476,REPAIR
26388,RES-1982-1783,12682,28478,REPAIR
26389,RES-1982-1789,12683,28480,REPAIR
26390,RES-1982-1790,12684,28482,REPAIR
26391,RES-1982-1791,12685,28483,REPAIR
26392,RES-1982-1793,12686,,"SKIP: OP/TOT relationship"
26393,RES-1982-1794,12687,,"SKIP: OP/TOT relationship"
26394,RES-1982-1795,12688,28487,REPAIR
26395,RES-1982-1796,12689,28488,REPAIR
26396,RES-1982-1798,12690,28490,REPAIR
26397,RES-1982-1799,12691,28491,REPAIR
26398,RES-1982-1800,12692,28493,REPAIR
26399,RES-1982-1880,12693,28549,REPAIR
26401,RES-1982-1883,12695,28550,REPAIR
26402,RES-1982-1885,12696,28552,REPAIR
26403,RES-1982-1877,12697,28545,REPAIR
26404,RES-1982-1887,12698,28554,REPAIR
26405,RES-1982-1890,12699,28557,REPAIR
26406,RES-1982-1892,12700,28558,REPAIR
26407,RES-1982-1894,12701,28559,REPAIR
26408,RES-1982-1896,12702,28561,REPAIR
26409,RES-1982-1886,12703,28553,REPAIR
26410,RES-1982-1889,12704,28556,REPAIR
26411,RES-1982-1900,12705,28564,REPAIR
26412,RES-1982-1954,12706,28601,REPAIR
26413,RES-1982-1955,12707,28602,REPAIR
26415,RES-1982-1958,12709,28603,REPAIR
26416,RES-1982-1962,12710,,"SKIP: OP/TOT relationship"
26417,RES-1982-1963,12711,28607,REPAIR
26418,RES-1982-1964,12712,28608,REPAIR
26419,RES-1982-1965,12713,28609,REPAIR
26421,RES-1982-1968,12715,,"SKIP: OP/TOT relationship"
26422,RES-1982-1969,12716,,"SKIP: OP/TOT relationship"
26423,RES-1982-1970,12717,28615,REPAIR
26425,RES-1982-1967,12719,28611,REPAIR
26426,RES-1982-1974,12720,28617,REPAIR
26427,RES-1982-1976,12721,,"SKIP: OP/TOT relationship"
26428,RES-1982-1978,12722,28620,REPAIR
26429,RES-1982-1979,12723,28621,REPAIR
26430,RES-1982-1980,12724,28623,REPAIR
26431,RES-1982-1981,12725,28624,REPAIR
26439,RES-1982-1986,12733,28628,REPAIR
26441,RES-1982-1972,12735,28616,REPAIR
26443,RES-1982-1977,12737,28619,REPAIR
26445,RES-1982-1985,12739,28627,REPAIR
26446,RES-1982-1991,12740,28630,REPAIR
26447,RES-1982-1996,12741,28632,REPAIR
26448,RES-1982-1995,12742,28631,REPAIR
26449,RES-1982-1997,12743,,"SKIP: OP/TOT relationship"
26450,RES-1982-1998,12744,28634,REPAIR
26453,RES-1982-2000,12747,28637,REPAIR
26454,RES-1982-2220,12748,28804,REPAIR
26455,RES-1982-2051,12749,28674,REPAIR
26456,RES-1982-2053,12750,28675,REPAIR
26457,RES-1982-2056,12751,28677,REPAIR
26458,RES-1982-2058,12752,,"SKIP: OP/TOT relationship"
26459,RES-1982-2059,12753,28679,REPAIR
26461,RES-1982-2063,12755,28680,REPAIR
26462,RES-1982-2065,12756,,"SKIP: OP/TOT relationship"
26463,RES-1982-2066,12757,28683,REPAIR
26464,RES-1982-2067,12758,28684,REPAIR
26465,RES-1982-2069,12759,28685,REPAIR
26466,RES-1982-2070,12760,28687,REPAIR
26467,RES-1982-2071,12761,28688,REPAIR
26468,RES-1982-2072,12762,28689,REPAIR
26469,RES-1982-2073,12763,28690,REPAIR
26470,RES-1982-2076,12764,28692,REPAIR
26471,RES-1982-2082,12765,28698,REPAIR
26472,RES-1982-2083,12766,28699,REPAIR
26539,RES-1982-2084,12767,28700,REPAIR
26540,RES-1982-2086,12768,28702,REPAIR
26541,RES-1982-2089,12769,28703,REPAIR
26542,RES-1982-2091,12770,28704,REPAIR
26543,RES-1982-2095,12771,28707,REPAIR
26544,RES-1982-2099,12772,28708,REPAIR
26545,RES-1982-2300,12773,28855,REPAIR
26546,RES-1982-2303,12774,28857,REPAIR
26547,RES-1982-2304,12775,28858,REPAIR
26552,RES-1982-2315,12780,28865,REPAIR
26558,RES-1982-2330,12786,28876,REPAIR
26563,RES-1982-2336,12791,28878,REPAIR
26564,RES-1982-2337,12792,28879,REPAIR
26565,RES-1982-2338,12793,28880,REPAIR
26567,RES-1982-2340,12795,28882,REPAIR
26570,RES-1982-2344,12798,28884,REPAIR
26571,RES-1982-2346,12799,28886,REPAIR
26572,RES-1982-2349,12800,28888,REPAIR
26575,RES-1982-2383,12803,28905,REPAIR
26576,RES-1982-2381,12804,28904,REPAIR
26586,RES-1982-2402,12814,28919,REPAIR
26587,RES-1982-2410,12815,,"SKIP: OP/TOT relationship"
26588,RES-1982-2420,12816,28922,REPAIR
26601,RES-1982-2202,12829,28784,REPAIR
26602,RES-1982-2203,12830,28785,REPAIR
26603,RES-1982-2017,12831,28652,REPAIR
26604,RES-1982-2016,12832,28651,REPAIR
26605,RES-1982-2029,12833,28659,REPAIR
26606,RES-1982-2031,12834,28660,REPAIR
26607,RES-1982-2033,12835,28662,REPAIR
26608,RES-1982-2034,12836,28663,REPAIR
26609,RES-1982-2035,12837,28664,REPAIR
26610,RES-1982-2124,12838,28727,REPAIR
26611,RES-1982-2122,12839,28725,REPAIR
26613,RES-1982-2116,12841,28720,REPAIR
26614,RES-1982-2110,12842,28718,REPAIR
26615,RES-1982-2113,12843,28719,REPAIR
26616,RES-1982-2108,12844,28715,REPAIR
26617,RES-1982-2103,12845,28710,REPAIR
26618,RES-1982-2048,12846,28671,REPAIR
26619,RES-1982-2049,12847,28672,REPAIR
26620,RES-1982-2044,12848,28669,REPAIR
26621,RES-1982-2106,12849,28713,REPAIR
26622,RES-1982-2117,12850,,"SKIP: OP/TOT relationship"
26623,RES-1982-2036,12851,28665,REPAIR
26624,RES-1982-2127,12852,28730,REPAIR
26625,RES-1982-2032,12853,,"SKIP: OP/TOT relationship"
26626,RES-1982-2045,12854,28670,REPAIR
26627,RES-1982-2105,12855,,"SKIP: OP/TOT relationship"
26628,RES-1982-2121,12856,,"SKIP: OP/TOT relationship"
26629,RES-1982-2120,12857,28723,REPAIR
26630,RES-1982-2125,12858,,"SKIP: OP/TOT relationship"
26631,RES-1982-2130,12859,28732,REPAIR
26632,RES-1982-2131,12860,28733,REPAIR
26633,RES-1982-2138,12861,28739,REPAIR
26634,RES-1982-2132,12862,28734,REPAIR
26635,RES-1982-2133,12863,28735,REPAIR
26636,RES-1982-2136,12864,28737,REPAIR
26637,RES-1982-2141,12865,28740,REPAIR
26638,RES-1982-2142,12866,28741,REPAIR
26639,RES-1982-2143,12867,28742,REPAIR
26640,RES-1982-2144,12868,28743,REPAIR
26642,RES-1982-2153,12870,28747,REPAIR
26643,RES-1982-2155,12871,28749,REPAIR
26646,RES-1982-2160,12874,28753,REPAIR
26648,RES-1982-2162,12876,28754,REPAIR
26653,RES-1982-2167,12881,28755,REPAIR
26654,RES-1982-2168,12882,28756,REPAIR
26655,RES-1982-2169,12883,28757,REPAIR
26657,RES-1982-2171,12885,28759,REPAIR
26659,RES-1982-2173,12887,28760,REPAIR
26661,RES-1982-2176,12889,28762,REPAIR
26662,RES-1982-2177,12890,28763,REPAIR
26663,RES-1982-2178,12891,,"SKIP: OP/TOT relationship"
26664,RES-1982-2179,12892,28765,REPAIR
26667,RES-1982-2182,12895,28767,REPAIR
26670,RES-1982-2186,12898,28769,REPAIR
26671,RES-1982-2188,12899,,"SKIP: OP/TOT relationship"
26673,RES-1982-2191,12901,28773,REPAIR
26674,RES-1982-2192,12902,,"SKIP: OP/TOT relationship"
26678,RES-1982-2195,12906,28777,REPAIR
26679,RES-1982-2197,12907,28779,REPAIR
26680,RES-1982-2193,12908,28775,REPAIR
26681,RES-1982-2196,12909,28778,REPAIR
26682,RES-1982-2199,12910,28780,REPAIR
26683,RES-1982-2370,12911,28901,REPAIR
26684,RES-1982-2368,12912,28899,REPAIR
26685,RES-1982-2363,12913,28897,REPAIR
26688,RES-1982-2367,12916,28898,REPAIR
26689,RES-1982-2385,12917,28907,REPAIR
26690,RES-1982-2389,12918,28909,REPAIR
26691,RES-1982-2390,12919,28910,REPAIR
26692,RES-1982-2392,12920,28911,REPAIR
26693,RES-1982-2387,12921,28908,REPAIR
26695,RES-1982-2394,12923,,"SKIP: OP/TOT relationship"
26696,RES-1982-2396,12924,28913,REPAIR
26697,RES-1982-2398,12925,28914,REPAIR
26698,RES-1982-2399,12926,28915,REPAIR
26699,RES-1982-2400,12927,28918,REPAIR
26700,RES-1982-25,12928,,"SKIP: OP/TOT relationship"
26701,RES-1982-308,12929,,"SKIP: OP/TOT relationship"
26702,RES-1982-1385,12930,,"SKIP: OP/TOT relationship"
26703,RES-1982-578,12931,,"SKIP: OP/TOT relationship"
26706,RES-1982-1654,12934,28379,REPAIR
26707,RES-1982-425,12935,,"SKIP: OP/TOT relationship"
26708,RES-1982-1003,12936,27887,REPAIR
26709,RES-1982-591,12937,,"SKIP: OP/TOT relationship"
26710,RES-1982-322,12938,28987,REPAIR
26712,RES-1982-1059,12940,27934,REPAIR
26713,RES-1982-2001,12941,,"SKIP: OP/TOT relationship"
26714,RES-1982-2134,12942,28736,REPAIR
26715,RES-1982-1355,12943,28154,REPAIR
26716,RES-1982-197,12944,28614,REPAIR
26717,RES-1982-729,12945,29313,REPAIR
26718,RES-1982-848,12946,29404,REPAIR
26719,RES-1982-366,12947,,"SKIP: OP/TOT relationship"
26720,RES-1982-33,12948,28993,REPAIR
26721,RES-1982-1337,12949,,"SKIP: OP/TOT relationship"
26722,RES-1982-228,12950,,"SKIP: OP/TOT relationship"
26723,RES-1982-1726,12951,28440,REPAIR
26727,RES-1991-10,12955,,"SKIP: OP/TOT relationship"
26730,RES-1991-16,12958,36230,REPAIR
26731,RES-1991-17,12959,36236,REPAIR
26732,RES-1991-18,12960,,"SKIP: OP/TOT relationship"
26734,RES-1991-22,12962,36313,REPAIR
26735,RES-1991-24,12963,36371,REPAIR
26736,RES-1991-25,12964,36395,REPAIR
26737,RES-1991-26,12965,36432,REPAIR
26738,RES-1991-27,12966,36477,REPAIR
26739,RES-1991-28,12967,36519,REPAIR
26740,RES-1991-29,12968,36559,REPAIR
26741,RES-1991-31,12969,36656,REPAIR
26742,RES-1991-32,12970,36704,REPAIR
26743,RES-1991-34,12971,36772,REPAIR
26744,RES-1991-35,12972,36819,REPAIR
26749,RES-1991-41,12977,37102,REPAIR
26750,RES-1991-42,12978,37130,REPAIR
26755,RES-1991-50,12983,37236,REPAIR
26761,RES-1991-60,12989,37518,REPAIR
26762,RES-1991-63,12990,37566,REPAIR
26764,RES-1991-61,12992,37556,REPAIR
26765,RES-1991-58,12993,37499,REPAIR
26770,RES-1991-77,12998,37858,REPAIR
26772,RES-1991-80,13000,38014,REPAIR
26773,RES-1991-81,13001,38045,REPAIR
26779,RES-1991-92,13007,,"SKIP: OP/TOT relationship"
26780,RES-1991-93,13008,38276,REPAIR
26781,RES-1991-95,13009,38291,REPAIR
26782,RES-1991-96,13010,38295,REPAIR
26783,RES-1991-97,13011,38301,REPAIR
26785,RES-1991-99,13013,38310,REPAIR
26791,RES-1991-106,13019,36187,REPAIR
26792,RES-1991-107,13020,36192,REPAIR
26793,RES-1991-108,13021,,"SKIP: OP/TOT relationship"
26798,RES-1991-113,13026,36205,REPAIR
26801,RES-1991-116,13029,36206,REPAIR
26802,RES-1991-117,13030,36209,REPAIR
26803,RES-1991-118,13031,36210,REPAIR
26804,RES-1991-119,13032,36211,REPAIR
26805,RES-1991-120,13033,36212,REPAIR
26807,RES-1991-122,13035,36214,REPAIR
26834,RES-1991-151,13061,36222,REPAIR
26835,RES-1991-152,13062,36223,REPAIR
26836,RES-1991-150,13063,,"SKIP: OP/TOT relationship"
26837,RES-1991-153,13064,36224,REPAIR
26840,RES-1991-156,13067,36226,REPAIR
26841,RES-1991-157,13068,36227,REPAIR
26842,RES-1991-158,13069,36228,REPAIR
26843,RES-1991-159,13070,36229,REPAIR
26845,RES-1991-162,13072,36232,REPAIR
26846,RES-1991-163,13073,36233,REPAIR
26847,RES-1991-164,13074,36234,REPAIR
26848,RES-1991-165,13075,,"SKIP: OP/TOT relationship"
26854,RES-1991-172,13081,,"SKIP: OP/TOT relationship"
26857,RES-1991-176,13084,36240,REPAIR
26860,RES-1991-179,13087,36242,REPAIR
26861,RES-1991-180,13088,36244,REPAIR
26871,RES-1991-191,13098,36246,REPAIR
26872,RES-1991-192,13099,36247,REPAIR
26873,RES-1991-193,13100,36248,REPAIR
26874,RES-1991-194,13101,36249,REPAIR
26875,RES-1991-195,13102,36250,REPAIR
26877,RES-1991-197,13104,36251,REPAIR
26878,RES-1991-198,13105,36252,REPAIR
26879,RES-1991-199,13106,36253,REPAIR
26880,RES-1991-200,13107,36256,REPAIR
26881,RES-1991-201,13108,,"SKIP: OP/TOT relationship"
26883,RES-1991-203,13110,36265,REPAIR
26888,RES-1991-209,13115,36282,REPAIR
26891,RES-1991-213,13118,36293,REPAIR
26893,RES-1991-218,13120,36304,REPAIR
26894,RES-1991-219,13121,36309,REPAIR
26899,RES-1991-224,13126,36323,REPAIR
26905,RES-1991-233,13132,36350,REPAIR
26911,RES-1991-240,13138,36372,REPAIR
26913,RES-1991-242,13140,36379,REPAIR
26914,RES-1991-243,13141,36385,REPAIR
26916,RES-1991-246,13143,36387,REPAIR
26922,RES-1991-254,13149,36404,REPAIR
26923,RES-1991-255,13150,36413,REPAIR
26933,RES-1991-266,13160,36457,REPAIR
26940,RES-1991-273,13167,36497,REPAIR
26942,RES-1991-275,13169,,"SKIP: OP/TOT relationship"
26943,RES-1991-276,13170,36505,REPAIR
26944,RES-1991-277,13171,36507,REPAIR
26946,RES-1991-281,13173,36523,REPAIR
26947,RES-1991-283,13174,36534,REPAIR
26948,RES-1991-284,13175,36538,REPAIR
26949,RES-1991-285,13176,36548,REPAIR
26950,RES-1991-286,13177,36550,REPAIR
26951,RES-1991-287,13178,36553,REPAIR
26952,RES-1991-288,13179,36556,REPAIR
26954,RES-1991-290,13181,36560,REPAIR
26955,RES-1991-291,13182,36565,REPAIR
26956,RES-1991-292,13183,36575,REPAIR
26958,RES-1991-295,13185,36592,REPAIR
26964,RES-1991-462,13191,37206,REPAIR
26966,CON-RES-RC-1982-621,13193,18344,REPAIR
26967,CON-RES-1982-546,13194,11598,REPAIR
26968,CON-RES-RC-1982-79,13195,18458,REPAIR
26969,CON-RES-1982-1393,13196,11246,REPAIR
26971,CON-RES-1982-1454,13198,11275,REPAIR
26972,CON-RES-RC-1982-575,13199,,"SKIP: OP/TOT relationship"
26973,CON-RES-1982-1211,13200,11160,REPAIR
26974,CON-RES-1982-1261,13201,11180,REPAIR
26975,CON-RES-RC-1982-386,13202,18110,REPAIR
26976,CON-RES-1982-1339,13203,11221,REPAIR
26977,CON-RES-RC-1982-385,13204,18109,REPAIR
26981,CON-RES-1982-114,13208,11123,REPAIR
26982,CON-RES-RC-1982-514,13209,18240,REPAIR
26983,CON-RES-1982-1275,13210,11187,REPAIR
26985,CON-RES-1982-1276,13212,11188,REPAIR
26986,CON-RES-1982-782,13213,11729,REPAIR
26989,CON-RES-1982-1434,13216,11264,REPAIR
26990,CON-RES-1982-360,13217,11474,REPAIR
26991,CON-RES-1982-933,13218,11810,REPAIR
26992,CON-RES-1982-121,13219,11158,REPAIR
26993,CON-RES-1982-1244,13220,11172,REPAIR
26994,CON-RES-1982-126,13221,11179,REPAIR
26996,CON-RES-1982-395,13223,11499,REPAIR
26997,CON-RES-1982-178,13224,11359,REPAIR
26998,CON-RES-RC-1982-572,13225,18295,REPAIR
26999,CON-RES-1987-944,13226,13276,REPAIR
27000,CON-RES-1987-1168,13227,12804,REPAIR
27001,CON-RES-1987-166,13228,12930,REPAIR
27002,CON-RES-1987-21,13229,12955,REPAIR
27005,CON-RES-1987-54,13232,13108,REPAIR
27006,CON-RES-1987-56,13233,13117,REPAIR
27007,CON-RES-1987-528,13234,13101,REPAIR
27008,CON-RES-1987-991,13235,13297,REPAIR
27009,CON-RES-1987-790,13236,13207,REPAIR
27010,CON-RES-1987-364,13237,13034,REPAIR
27011,CON-RES-1987-1104,13238,12768,REPAIR
27012,CON-RES-1987-226,13239,12964,REPAIR
27013,CON-RES-1987-95,13240,13279,REPAIR
27014,CON-RES-1987-197,13241,12947,REPAIR
27015,CON-RES-1987-765,13242,13194,REPAIR
27016,RES-1982-2204,13243,28786,REPAIR
27017,RES-1982-2205,13244,28787,REPAIR
27018,RES-1982-2206,13245,28788,REPAIR
27019,RES-1982-2207,13246,28789,REPAIR
27020,RES-1982-2208,13247,28790,REPAIR
27021,RES-1982-2209,13248,28791,REPAIR
27022,RES-1982-2210,13249,28793,REPAIR
27023,RES-1982-2211,13250,28794,REPAIR
27024,RES-1982-2212,13251,28795,REPAIR
27025,RES-1982-2213,13252,28796,REPAIR
27026,RES-1982-2214,13253,28797,REPAIR
27027,RES-1982-2215,13254,28798,REPAIR
27028,RES-1982-2216,13255,28799,REPAIR
27029,RES-1982-2217,13256,28800,REPAIR
27030,RES-1982-2219,13257,28802,REPAIR
27032,RES-1982-2221,13259,28805,REPAIR
27033,RES-1982-2223,13260,,"SKIP: OP/TOT relationship"
27035,RES-1982-2225,13262,28808,REPAIR
27036,RES-1982-2227,13263,28810,REPAIR
27037,RES-1982-2228,13264,,"SKIP: OP/TOT relationship"
27038,RES-1982-2230,13265,28813,REPAIR
27039,RES-1982-2231,13266,28814,REPAIR
27041,RES-1982-2233,13268,28815,REPAIR
27045,RES-1982-2239,13272,,"SKIP: referenced as parent_prop_id"
27050,RES-1982-2247,13277,,"SKIP: OP/TOT relationship"
27051,RES-1982-2248,13278,,"SKIP: OP/TOT relationship"
27052,RES-1982-2249,13279,28824,REPAIR
27056,RES-1982-2254,13283,28827,REPAIR
27058,RES-1982-2253,13285,28826,REPAIR
27065,RES-1982-2262,13292,28828,REPAIR
27066,RES-1982-2263,13293,28829,REPAIR
27070,RES-1982-2268,13297,28831,REPAIR
27073,RES-1982-2272,13300,28833,REPAIR
27074,RES-1982-2275,13301,28835,REPAIR
27075,RES-1982-2276,13302,28836,REPAIR
27076,RES-1982-2278,13303,28837,REPAIR
27077,RES-1982-2280,13304,28839,REPAIR
27078,RES-1982-2281,13305,,"SKIP: OP/TOT relationship"
27079,RES-1982-2284,13306,28843,REPAIR
27081,RES-1982-2286,13308,28844,REPAIR
27084,RES-1982-2290,13311,28847,REPAIR
27085,RES-1982-2291,13312,28848,REPAIR
27087,RES-1982-2294,13314,28849,REPAIR
27090,RES-1982-2297,13317,28851,REPAIR
27092,RES-1982-2301,13319,28856,REPAIR
27093,RES-1982-2306,13320,28859,REPAIR
27094,RES-1982-2310,13321,28861,REPAIR
27095,RES-1982-2311,13322,28862,REPAIR
27096,RES-1982-2316,13323,28866,REPAIR
27097,RES-1982-2317,13324,28867,REPAIR
27098,RES-1982-2318,13325,,"SKIP: OP/TOT relationship"
27100,RES-1982-2322,13327,28871,REPAIR
27102,RES-1982-2326,13329,,"SKIP: OP/TOT relationship"
27103,RES-1982-2327,13330,28874,REPAIR
27104,RES-1982-2343,13331,28883,REPAIR
27105,RES-1982-2348,13332,28887,REPAIR
27106,RES-1982-2353,13333,28891,REPAIR
27109,RES-1982-2355,13335,28892,REPAIR
27110,RES-1982-2357,13336,28893,REPAIR
27111,RES-1982-2358,13337,28894,REPAIR
27112,RES-1982-2360,13338,28895,REPAIR
27113,RES-1991-301,13339,36615,REPAIR
27115,RES-1991-304,13341,36625,REPAIR
27116,RES-1991-305,13342,36628,REPAIR
27117,RES-1991-306,13343,36635,REPAIR
27118,RES-1991-307,13344,36642,REPAIR
27119,RES-1991-308,13345,36647,REPAIR
27120,RES-1991-310,13346,36657,REPAIR
27121,RES-1991-311,13347,36664,REPAIR
27122,RES-1991-312,13348,36672,REPAIR
27123,RES-1991-313,13349,36680,REPAIR
27124,RES-1991-314,13350,36684,REPAIR
27126,RES-1991-316,13352,36693,REPAIR
27127,RES-1991-317,13353,36695,REPAIR
27128,RES-1991-318,13354,36698,REPAIR
27132,RES-1991-322,13358,36714,REPAIR
27134,RES-1991-324,13360,36721,REPAIR
27136,RES-1991-326,13362,36729,REPAIR
27137,RES-1991-327,13363,36735,REPAIR
27147,RES-1991-347,13373,36805,REPAIR
27148,RES-1991-348,13374,36810,REPAIR
27149,RES-1991-349,13375,36816,REPAIR
27156,RES-1991-358,13382,36857,REPAIR
27157,RES-1991-361,13383,36875,REPAIR
27159,RES-1991-363,13385,36887,REPAIR
27162,RES-1991-371,13388,36927,REPAIR
27163,RES-1991-373,13389,36942,REPAIR
27167,RES-1991-377,13393,36962,REPAIR
27171,RES-1991-381,13397,36982,REPAIR
27172,RES-1991-382,13398,36987,REPAIR
27174,RES-1991-384,13400,36996,REPAIR
27175,RES-1991-385,13401,37001,REPAIR
27181,RES-1991-391,13407,37016,REPAIR
27188,RES-1991-398,13414,37052,REPAIR
27191,RES-1991-402,13417,37071,REPAIR
27192,RES-1991-403,13418,37073,REPAIR
27196,RES-1991-408,13422,37096,REPAIR
27202,RES-1991-414,13428,37112,REPAIR
27205,RES-1991-417,13431,37120,REPAIR
27206,RES-1991-418,13432,37127,REPAIR
27207,RES-1991-419,13433,37129,REPAIR
27208,RES-1991-421,13434,37133,REPAIR
27209,RES-1991-423,13435,37137,REPAIR
27210,RES-1991-425,13436,37139,REPAIR
27212,RES-1991-428,13438,,"SKIP: OP/TOT relationship"
27213,RES-1991-429,13439,37145,REPAIR
27218,RES-1991-434,13444,37156,REPAIR
27222,RES-1991-438,13448,37159,REPAIR
27225,RES-1991-441,13451,37164,REPAIR
27226,RES-1991-442,13452,122588,REPAIR
27227,RES-1991-443,13453,37169,REPAIR
27228,RES-1991-444,13454,37171,REPAIR
27230,RES-1991-447,13456,37178,REPAIR
27231,RES-1991-448,13457,37180,REPAIR
27235,RES-1991-459,13461,37204,REPAIR
27242,RES-1991-473,13468,37211,REPAIR
27243,RES-1991-474,13469,37212,REPAIR
27244,RES-1991-475,13470,37213,REPAIR
27245,RES-1991-476,13471,37214,REPAIR
27246,RES-1991-477,13472,37215,REPAIR
27247,RES-1991-478,13473,37217,REPAIR
27252,RES-1991-483,13478,37219,REPAIR
27253,RES-1991-484,13479,37220,REPAIR
27255,RES-1991-486,13481,37221,REPAIR
27256,RES-1991-487,13482,37222,REPAIR
27257,RES-1991-488,13483,37223,REPAIR
27258,RES-1991-490,13484,37226,REPAIR
27259,RES-1991-495,13485,37231,REPAIR
27260,RES-1991-496,13486,37232,REPAIR
27261,RES-1991-497,13487,37233,REPAIR
27262,RES-1991-498,13488,37234,REPAIR
27263,RES-1991-499,13489,37235,REPAIR
27264,RES-1991-500,13490,37237,REPAIR
27265,RES-1991-501,13491,,"SKIP: OP/TOT relationship"
27266,RES-1991-502,13492,37249,REPAIR
27267,RES-1991-503,13493,37255,REPAIR
27268,RES-1991-504,13494,37258,REPAIR
27269,RES-1991-506,13495,37269,REPAIR
27270,RES-1991-507,13496,37277,REPAIR
27271,RES-1991-508,13497,37281,REPAIR
27272,RES-1991-510,13498,37292,REPAIR
27273,RES-1991-512,13499,,"SKIP: OP/TOT relationship"
27274,RES-1991-513,13500,,"SKIP: OP/TOT relationship"
27275,RES-1991-514,13501,37301,REPAIR
27276,RES-1991-516,13502,37311,REPAIR
27277,RES-1991-517,13503,,"SKIP: OP/TOT relationship"
27278,RES-1991-518,13504,37319,REPAIR
27279,RES-1991-519,13505,37323,REPAIR
27280,RES-1991-520,13506,37327,REPAIR
27281,RES-1991-522,13507,,"SKIP: OP/TOT relationship"
27282,RES-1991-523,13508,,"SKIP: OP/TOT relationship"
27283,RES-1991-524,13509,37335,REPAIR
27284,RES-1991-525,13510,37336,REPAIR
27285,RES-1991-526,13511,37338,REPAIR
27286,RES-1991-527,13512,37342,REPAIR
27287,RES-1991-528,13513,37344,REPAIR
27288,RES-1991-530,13514,37347,REPAIR
27289,RES-1991-531,13515,37349,REPAIR
27290,RES-1991-532,13516,37351,REPAIR
27291,RES-1991-533,13517,37352,REPAIR
27292,RES-1991-534,13518,37354,REPAIR
27293,RES-1991-535,13519,,"SKIP: OP/TOT relationship"
27294,RES-1991-536,13520,,"SKIP: OP/TOT relationship"
27295,RES-1991-538,13521,37364,REPAIR
27296,RES-1991-539,13522,,"SKIP: OP/TOT relationship"
27297,RES-1991-540,13523,,"SKIP: OP/TOT relationship"
27298,RES-1991-542,13524,,"SKIP: OP/TOT relationship"
27299,RES-1991-543,13525,37376,REPAIR
27300,RES-1991-544,13526,37379,REPAIR
27301,RES-1991-545,13527,,"SKIP: OP/TOT relationship"
27302,RES-1991-546,13528,,"SKIP: OP/TOT relationship"
27303,RES-1991-547,13529,37388,REPAIR
27304,RES-1991-548,13530,37390,REPAIR
27305,RES-1991-549,13531,37393,REPAIR
27307,RES-1991-551,13533,37394,REPAIR
27308,RES-1991-552,13534,37396,REPAIR
27309,RES-1991-553,13535,37397,REPAIR
27311,RES-1991-555,13537,37405,REPAIR
27313,RES-1991-559,13539,37412,REPAIR
27314,RES-1990-2020,13540,35132,REPAIR
27318,RES-1990-2993,13544,35668,REPAIR
27319,RES-1990-2997,13545,35672,REPAIR
27320,RES-1990-2981,13546,35657,REPAIR
27322,RES-1990-1828,13548,35050,REPAIR
27323,RES-1990-1824,13549,35046,REPAIR
27324,RES-1990-1821,13550,,"SKIP: OP/TOT relationship"
27325,RES-1990-1817,13551,35042,REPAIR
27326,RES-1990-2914,13552,35633,REPAIR
27327,RES-1990-2994,13553,35669,REPAIR
27328,RES-1990-2996,13554,35671,REPAIR
27329,RES-1990-2998,13555,35673,REPAIR
27330,RES-1990-2915,13556,35634,REPAIR
27333,RES-1990-2923,13559,35639,REPAIR
27345,RES-1990-318,13571,35721,REPAIR
27346,RES-1990-4194,13572,35858,REPAIR
27347,RES-1990-4319,13573,35946,REPAIR
27348,RES-1990-4306,13574,35935,REPAIR
27349,RES-1990-4307,13575,35936,REPAIR
27350,RES-1990-4304,13576,35933,REPAIR
27351,RES-1990-4345,13577,35957,REPAIR
27352,RES-1990-4303,13578,35932,REPAIR
27353,RES-1990-4305,13579,35934,REPAIR
27355,RES-1990-2348,13581,155702,REPAIR
27356,RES-1990-2355,13582,35301,REPAIR
27357,RES-1990-2353,13583,35300,REPAIR
27359,RES-1990-2341,13585,35296,REPAIR
27360,RES-1990-2316,13586,35287,REPAIR
27363,RES-1990-2055,13589,35148,REPAIR
27366,RES-1990-2561,13592,35393,REPAIR
27370,RES-1990-2027,13596,35136,REPAIR
27371,RES-1990-2493,13597,35362,REPAIR
27374,RES-1990-2152,13600,35207,REPAIR
27375,RES-1990-4223,13601,35879,REPAIR
27379,RES-1990-214,13605,122448,REPAIR
27380,RES-1990-2987,13606,35663,REPAIR
27386,RES-1990-2159,13612,35208,REPAIR
27395,RES-1990-4268,13621,35906,REPAIR
27396,RES-1990-4269,13622,35907,REPAIR
27397,RES-1990-4274,13623,35911,REPAIR
27398,RES-1990-2104,13624,35168,REPAIR
27399,RES-1990-4278,13625,35915,REPAIR
27400,RES-1990-2860,13626,35592,REPAIR
27402,RES-1991-4483,13628,122590,REPAIR
27406,RES-1990-4169,13632,35841,REPAIR
27410,RES-1990-2025,13636,35135,REPAIR
27411,RES-1990-2019,13637,35130,REPAIR
27413,RES-1990-2174,13639,,"SKIP: OP/TOT relationship"
27414,RES-1990-2012,13640,35124,REPAIR
27415,RES-1990-4205,13641,35865,REPAIR
27416,RES-1990-1863,13642,35069,REPAIR
27417,RES-1990-2023,13643,35133,REPAIR
27418,RES-1990-2017,13644,,"SKIP: OP/TOT relationship"
27419,RES-1990-2018,13645,35129,REPAIR
27420,RES-1990-2069,13646,35154,REPAIR
27421,RES-1990-4296,13647,35925,REPAIR
27422,RES-1990-4276,13648,35913,REPAIR
27423,RES-1990-4297,13649,35926,REPAIR
27424,RES-1990-2856,13650,35588,REPAIR
27425,RES-1990-2852,13651,35584,REPAIR
27427,RES-1990-4115,13653,35814,REPAIR
27428,RES-1990-2812,13654,35552,REPAIR
27429,RES-1990-2897,13655,35621,REPAIR
27430,RES-1990-1505,13656,34943,REPAIR
27431,RES-1990-2401,13657,35325,REPAIR
27432,RES-1990-2403,13658,,"SKIP: OP/TOT relationship"
27433,RES-1990-2404,13659,,"SKIP: OP/TOT relationship"
27434,RES-1990-2407,13660,35330,REPAIR
27435,RES-1990-2413,13661,35334,REPAIR
27436,RES-1990-2427,13662,35345,REPAIR
27438,RES-1990-2301,13663,35281,REPAIR
27439,RES-1990-2452,13664,35355,REPAIR
27440,RES-1990-2453,13665,35356,REPAIR
27441,RES-1990-2392,13666,,"SKIP: OP/TOT relationship"
27442,RES-1990-4189,13667,35853,REPAIR
27443,RES-1990-4553,13668,,"SKIP: OP/TOT relationship"
27444,RES-1990-2094,13669,35163,REPAIR
27445,RES-1990-2374,13670,35312,REPAIR
27446,RES-1990-4260,13671,,"SKIP: OP/TOT relationship"
27448,RES-1990-4263,13673,,"SKIP: OP/TOT relationship"
27450,RES-1990-4265,13674,,"SKIP: OP/TOT relationship"
27451,RES-1990-3066,13675,35694,REPAIR
27452,RES-1990-2857,13676,35589,REPAIR
27454,RES-1990-2444,13678,35353,REPAIR
27456,RES-1990-2985,13680,35661,REPAIR
27458,RES-1990-4207,13682,,"SKIP: OP/TOT relationship"
27459,RES-1990-298,13683,35655,REPAIR
27473,RES-1990-4074,13696,35798,REPAIR
27474,RES-1990-4055,13697,35784,REPAIR
27475,RES-1990-4060,13698,35790,REPAIR
27476,RES-1990-4006,13699,35746,REPAIR
27478,RES-1990-4008,13701,35747,REPAIR
27486,RES-1990-4003,13709,35744,REPAIR
27489,RES-1990-4025,13712,35764,REPAIR
27490,RES-1990-4017,13713,35755,REPAIR
27492,RES-1990-4073,13715,35797,REPAIR
27493,RES-1990-4076,13716,35799,REPAIR
27494,RES-1990-4052,13717,35782,REPAIR
27495,RES-1990-4053,13718,35783,REPAIR
27500,RES-1990-4072,13723,35796,REPAIR
27502,RES-1990-4063,13725,35793,REPAIR
27504,RES-1990-4011,13727,35749,REPAIR
27505,RES-1990-4012,13728,35750,REPAIR
27508,RES-1990-4044,13731,35777,REPAIR
27509,RES-1991-561,13732,37417,REPAIR
27510,RES-1991-563,13733,37422,REPAIR
27511,RES-1991-565,13734,37427,REPAIR
27512,RES-1991-567,13735,37436,REPAIR
27513,RES-1991-568,13736,37442,REPAIR
27514,RES-1991-569,13737,37450,REPAIR
27515,RES-1991-570,13738,,"SKIP: OP/TOT relationship"
27516,RES-1991-575,13739,37492,REPAIR
27518,RES-1991-582,13741,37502,REPAIR
27519,RES-1991-583,13742,37504,REPAIR
27520,RES-1991-584,13743,37505,REPAIR
27521,RES-1991-585,13744,37506,REPAIR
27522,RES-1991-587,13745,37507,REPAIR
27523,RES-1991-588,13746,37508,REPAIR
27524,RES-1991-589,13747,37509,REPAIR
27525,RES-1991-590,13748,,"SKIP: referenced as parent_prop_id"
27526,RES-1991-591,13749,37511,REPAIR
27530,RES-1991-596,13753,37513,REPAIR
27531,RES-1991-597,13754,37514,REPAIR
27533,RES-1991-599,13756,37516,REPAIR
27534,RES-1991-600,13757,37519,REPAIR
27535,RES-1991-601,13758,37525,REPAIR
27536,RES-1990-602,13759,36052,REPAIR
27537,RES-1991-603,13760,37533,REPAIR
27538,RES-1991-604,13761,37537,REPAIR
27539,RES-1991-605,13762,37539,REPAIR
27540,RES-1991-607,13763,37544,REPAIR
27541,RES-1991-608,13764,37549,REPAIR
27548,RES-1991-615,13771,37557,REPAIR
27554,RES-1991-626,13777,37563,REPAIR
27559,RES-1991-633,13782,37569,REPAIR
27564,RES-1991-642,13787,37573,REPAIR
27565,RES-1991-643,13788,37574,REPAIR
27570,RES-1991-649,13793,37576,REPAIR
27572,RES-1991-652,13795,37578,REPAIR
27574,RES-1991-654,13797,37579,REPAIR
27575,RES-1991-655,13798,37580,REPAIR
27576,RES-1991-656,13799,37581,REPAIR
27578,RES-1991-648,13801,37575,REPAIR
27580,RES-1991-659,13803,37582,REPAIR
27586,RES-1991-665,13809,37583,REPAIR
27587,RES-1991-666,13810,37584,REPAIR
27592,RES-1991-671,13815,37586,REPAIR
27599,RES-1991-677,13821,37587,REPAIR
27607,RES-1991-686,13829,37589,REPAIR
27608,RES-1991-687,13830,37590,REPAIR
27612,RES-1991-691,13834,37591,REPAIR
27618,RES-1991-697,13840,37592,REPAIR
27622,RES-1991-701,13844,37598,REPAIR
27627,RES-1991-706,13849,37612,REPAIR
27628,RES-1991-707,13850,37620,REPAIR
27629,RES-1991-708,13851,37625,REPAIR
27630,RES-1991-710,13852,37633,REPAIR
27631,RES-1991-711,13853,37634,REPAIR
27636,RES-1991-719,13858,37672,REPAIR
27640,RES-1991-724,13862,37687,REPAIR
27641,RES-1991-725,13863,37691,REPAIR
27643,RES-1991-727,13865,37697,REPAIR
27644,RES-1991-728,13866,37701,REPAIR
27645,RES-1991-729,13867,37703,REPAIR
27646,RES-1991-730,13868,37707,REPAIR
27647,RES-1991-731,13869,37711,REPAIR
27652,RES-1991-741,13874,,"SKIP: referenced as parent_prop_id"
27659,RES-1991-748,13881,37778,REPAIR
27660,RES-1991-749,13882,37782,REPAIR
27661,RES-1991-751,13883,37787,REPAIR
27666,RES-1991-759,13888,37813,REPAIR
27672,RES-1991-764,13893,,"SKIP: OP/TOT relationship"
27674,RES-1991-766,13895,37833,REPAIR
27681,RES-1991-791,13902,37969,REPAIR
27682,RES-1991-775,13903,,"SKIP: OP/TOT relationship"
27683,RES-1991-777,13904,37909,REPAIR
27686,RES-1991-781,13907,37925,REPAIR
27687,RES-1991-782,13908,37929,REPAIR
27688,RES-1991-783,13909,37936,REPAIR
27690,RES-1991-789,13911,37963,REPAIR
27691,RES-1991-798,13912,38001,REPAIR
27692,RES-1991-793,13913,37978,REPAIR
27693,RES-1991-796,13914,37993,REPAIR
27694,RES-1991-797,13915,37997,REPAIR
27696,RES-1991-799,13916,38007,REPAIR
27697,RES-1991-802,13917,38025,REPAIR
27698,RES-1991-803,13918,38030,REPAIR
27699,RES-1991-806,13919,,"SKIP: OP/TOT relationship"
27702,RES-1991-811,13922,38052,REPAIR
27703,RES-1991-813,13923,38059,REPAIR
27704,RES-1991-801,13924,38021,REPAIR
27712,RES-1991-814,13925,38062,REPAIR
27715,RES-1991-819,13928,38075,REPAIR
27716,RES-1991-821,13929,38082,REPAIR
27717,RES-1991-822,13930,38087,REPAIR
27718,RES-1991-825,13931,38096,REPAIR
27719,RES-1991-826,13932,38100,REPAIR
27720,RES-1991-828,13933,38111,REPAIR
27721,RES-1991-830,13934,38119,REPAIR
27723,RES-1991-832,13936,38132,REPAIR
27724,RES-1991-833,13937,38138,REPAIR
27725,RES-1991-834,13938,38143,REPAIR
27726,RES-1991-835,13939,38148,REPAIR
27727,RES-1991-836,13940,38158,REPAIR
27728,RES-1991-837,13941,38169,REPAIR
27729,RES-1991-839,13942,38183,REPAIR
27730,RES-1991-842,13943,38204,REPAIR
27731,RES-1991-843,13944,38205,REPAIR
27732,RES-1991-844,13945,38206,REPAIR
27733,RES-1991-847,13946,38209,REPAIR
27738,RES-1991-852,13951,38210,REPAIR
27740,RES-1991-854,13953,,"SKIP: OP/TOT relationship"
27741,RES-1992-8690,13954,40862,REPAIR
27742,RES-1992-2705,13955,39165,REPAIR
27745,RES-1992-6903,13958,40547,REPAIR
27747,RES-1992-6380,13960,40314,REPAIR
27749,RES-1993-2,13962,,"SKIP: OP/TOT relationship"
27753,RES-1993-20,13966,,"SKIP: OP/TOT relationship"
27754,RES-1993-25,13967,41420,REPAIR
27755,RES-1993-27,13968,41479,REPAIR
27757,RES-1993-30,13970,41552,REPAIR
27760,RES-1993-34,13973,41673,REPAIR
27761,RES-1993-35,13974,41694,REPAIR
27764,RES-1993-54,13977,41935,REPAIR
27765,RES-1993-74,13978,42112,REPAIR
27766,RES-1993-75,13979,42113,REPAIR
27767,RES-1993-78,13980,42119,REPAIR
27769,RES-1993-80,13982,42126,REPAIR
27770,RES-1993-81,13983,42162,REPAIR
27771,RES-1993-82,13984,42178,REPAIR
27793,RES-1993-111,14006,40995,REPAIR
27795,RES-1993-113,14008,40998,REPAIR
27801,RES-1993-136,14014,41057,REPAIR
27802,RES-1993-152,14015,,"SKIP: OP/TOT relationship"
27807,RES-1993-164,14020,41201,REPAIR
27809,RES-1993-172,14022,,"SKIP: OP/TOT relationship"
27810,RES-1993-174,14023,41255,REPAIR
27811,RES-1993-175,14024,41259,REPAIR
27812,RES-1993-176,14025,,"SKIP: OP/TOT relationship"
27813,RES-1993-180,14026,41287,REPAIR
27814,RES-1993-181,14027,,"SKIP: OP/TOT relationship"
27815,RES-1993-186,14028,41313,REPAIR
27817,RES-1993-190,14030,41322,REPAIR
27818,RES-1993-198,14031,41342,REPAIR
27821,RES-1993-203,14034,41356,REPAIR
27822,RES-1993-204,14035,41358,REPAIR
27823,RES-1993-205,14036,41360,REPAIR
27824,RES-1993-207,14037,41361,REPAIR
27827,RES-1993-231,14040,41400,REPAIR
27829,RES-1993-243,14042,41411,REPAIR
27831,RES-1993-245,14044,41414,REPAIR
27833,RES-1993-247,14046,41416,REPAIR
27834,RES-1993-258,14047,,"SKIP: OP/TOT relationship"
27835,RES-1993-296,14048,41543,REPAIR
27836,RES-1993-298,14049,41548,REPAIR
27837,RES-1993-300,14050,41553,REPAIR
27838,RES-1993-268,14051,41476,REPAIR
27844,RES-1993-526,14057,,"SKIP: OP/TOT relationship"
27846,RES-1993-534,14059,41934,REPAIR
27847,RES-1993-540,14060,41936,REPAIR
27848,RES-1993-542,14061,,"SKIP: OP/TOT relationship"
27849,RES-1993-546,14062,41938,REPAIR
27850,RES-1993-560,14063,41941,REPAIR
27854,RES-1993-581,14067,41943,REPAIR
27855,RES-1993-600,14068,41945,REPAIR
27857,RES-1993-603,14070,,"SKIP: OP/TOT relationship"
27864,RES-1993-632,14077,41969,REPAIR
27868,RES-1993-636,14081,,"SKIP: OP/TOT relationship"
27869,RES-1993-637,14082,41977,REPAIR
27870,RES-1993-639,14083,41981,REPAIR
27871,RES-1993-651,14084,41996,REPAIR
27872,RES-1993-667,14085,42025,REPAIR
27873,RES-1993-668,14086,42026,REPAIR
27876,RES-1993-685,14089,42046,REPAIR
27877,RES-1993-689,14090,42050,REPAIR
27879,RES-1993-693,14092,42057,REPAIR
27880,RES-1993-698,14093,42083,REPAIR
27887,RES-1993-708,14100,42100,REPAIR
27890,RES-1993-711,14103,42102,REPAIR
27894,RES-1993-716,14107,,"SKIP: OP/TOT relationship"
27895,RES-1993-717,14108,42105,REPAIR
27898,RES-1993-720,14111,42106,REPAIR
27900,RES-1993-722,14113,42109,REPAIR
27906,RES-1993-730,14119,42110,REPAIR
27912,RES-1993-754,14125,42114,REPAIR
27913,RES-1993-756,14126,42116,REPAIR
27914,RES-1993-757,14127,42117,REPAIR
27915,RES-1993-767,14128,42118,REPAIR
27917,RES-1993-788,14130,42120,REPAIR
27918,RES-1993-789,14131,42121,REPAIR
27919,RES-1993-790,14132,42124,REPAIR
27921,RES-1993-905,14134,42272,REPAIR
27927,RES-1993-921,14140,42273,REPAIR
27928,RES-1993-923,14141,42274,REPAIR
27929,RES-1993-924,14142,42275,REPAIR
27930,RES-1993-925,14143,42276,REPAIR
27931,RES-1993-926,14144,42277,REPAIR
27932,RES-1993-927,14145,42278,REPAIR
27933,RES-1993-928,14146,42279,REPAIR
27934,RES-1993-929,14147,42280,REPAIR
27937,RES-1993-972,14150,42284,REPAIR
27939,RES-1993-1189,14152,,"SKIP: OP/TOT relationship"
27940,RES-1993-801,14153,42131,REPAIR
27942,RES-1993-809,14155,42158,REPAIR
27949,RES-1993-825,14162,42196,REPAIR
27950,RES-1993-826,14163,42198,REPAIR
27951,RES-1993-827,14164,42204,REPAIR
27954,RES-1993-834,14167,42216,REPAIR
27957,RES-1993-838,14170,42229,REPAIR
27959,RES-1993-856,14172,42261,REPAIR
27965,RES-1993-869,14178,42264,REPAIR
27966,RES-1993-874,14179,,"SKIP: OP/TOT relationship"
27967,RES-1993-877,14180,42267,REPAIR
27968,RES-1993-878,14181,42268,REPAIR
27971,RES-1993-881,14184,42269,REPAIR
27975,RES-1993-1456,14188,41089,REPAIR
27976,RES-1993-1457,14189,,"SKIP: referenced as parent_prop_id"
27977,RES-1993-1459,14190,41092,REPAIR
27978,RES-1993-1463,14191,41093,REPAIR
27979,RES-1993-1464,14192,41094,REPAIR
27980,RES-1993-1465,14193,41095,REPAIR
27981,RES-1993-1466,14194,41096,REPAIR
27982,RES-1993-1473,14195,41098,REPAIR
27983,RES-1993-1479,14196,41102,REPAIR
27988,RES-1993-1484,14201,41103,REPAIR
27989,RES-1993-1485,14202,41104,REPAIR
27990,RES-1993-1493,14203,41109,REPAIR
27991,RES-1993-1494,14204,41110,REPAIR
27992,RES-1993-1495,14205,41111,REPAIR
27993,RES-1993-1496,14206,41112,REPAIR
27994,RES-1993-1497,14207,41113,REPAIR
27995,RES-1993-1498,14208,41114,REPAIR
27996,RES-1993-1500,14209,41116,REPAIR
27997,RES-1993-1501,14210,,"SKIP: OP/TOT relationship"
27998,RES-1993-1502,14211,41118,REPAIR
27999,RES-1993-1503,14212,41119,REPAIR
28001,RES-1993-1505,14214,41120,REPAIR
28002,RES-1993-1508,14215,41122,REPAIR
28004,RES-1993-1510,14217,41123,REPAIR
28005,RES-1993-1511,14218,41124,REPAIR
28006,RES-1993-1512,14219,41125,REPAIR
28007,RES-1993-1513,14220,41126,REPAIR
28008,RES-1993-1514,14221,41127,REPAIR
28009,RES-1993-1517,14222,41129,REPAIR
28010,RES-1993-1519,14223,,"SKIP: OP/TOT relationship"
28011,RES-1993-1521,14224,41132,REPAIR
28012,RES-1993-1522,14225,41133,REPAIR
28013,RES-1993-1523,14226,41134,REPAIR
28014,RES-1993-1525,14227,41136,REPAIR
28015,RES-1993-1526,14228,,"SKIP: OP/TOT relationship"
28017,RES-1993-1530,14230,41139,REPAIR
28018,RES-1993-1534,14231,41141,REPAIR
28020,RES-1993-1536,14233,,"SKIP: OP/TOT relationship"
28021,RES-1993-1537,14234,41143,REPAIR
28022,RES-1993-1538,14235,41144,REPAIR
28023,RES-1993-1539,14236,41145,REPAIR
28025,RES-1993-1541,14238,41146,REPAIR
28026,RES-1993-1542,14239,41147,REPAIR
28027,RES-1993-1546,14240,41149,REPAIR
28028,RES-1993-1547,14241,41150,REPAIR
28029,RES-1993-1549,14242,41151,REPAIR
28030,RES-1993-1551,14243,41153,REPAIR
28031,RES-1993-1552,14244,41154,REPAIR
28032,RES-1993-1558,14245,41156,REPAIR
28035,RES-1993-1562,14248,41157,REPAIR
28036,RES-1993-1563,14249,41158,REPAIR
28037,RES-1993-1564,14250,41159,REPAIR
28038,RES-1993-1568,14251,41163,REPAIR
28039,RES-1993-1569,14252,41164,REPAIR
28040,RES-1993-1571,14253,41166,REPAIR
28041,RES-1993-1572,14254,41167,REPAIR
28044,RES-1993-1578,14257,41168,REPAIR
28045,RES-1993-1579,14258,41169,REPAIR
28047,RES-1993-1582,14260,41170,REPAIR
28057,RES-1992-1608,14270,38749,REPAIR
28058,RES-1992-1609,14271,38750,REPAIR
28059,RES-1992-1610,14272,38751,REPAIR
28060,RES-1993-1611,14273,41189,REPAIR
28061,RES-1993-1613,14274,41191,REPAIR
28062,RES-1993-1619,14275,,"SKIP: OP/TOT relationship"
28063,RES-1993-1620,14276,41193,REPAIR
28065,RES-1993-1622,14278,41194,REPAIR
28066,RES-1993-1623,14279,41195,REPAIR
28067,RES-1993-1624,14280,41196,REPAIR
28068,RES-1993-1625,14281,41197,REPAIR
28069,RES-1993-1626,14282,41198,REPAIR
28070,RES-1993-1627,14283,41199,REPAIR
28072,RES-1993-1629,14285,41200,REPAIR
28080,RES-1993-1645,14293,41202,REPAIR
28081,RES-1993-1652,14294,41203,REPAIR
28083,RES-1993-1658,14296,41205,REPAIR
28084,RES-1993-1661,14297,41206,REPAIR
28086,RES-1993-1663,14299,41207,REPAIR
28087,RES-1993-1665,14300,41209,REPAIR
28088,RES-1993-1668,14301,41211,REPAIR
28089,RES-1993-1669,14302,41212,REPAIR
28090,RES-1993-1670,14303,41213,REPAIR
28091,RES-1993-1671,14304,41214,REPAIR
28092,RES-1993-1672,14305,41215,REPAIR
28094,RES-1993-1674,14307,41216,REPAIR
28095,RES-1993-1675,14308,41217,REPAIR
28096,RES-1993-1676,14309,41218,REPAIR
28097,RES-1993-1677,14310,41219,REPAIR
28098,RES-1993-1679,14311,41221,REPAIR
28099,RES-1993-1680,14312,41222,REPAIR
28101,RES-1993-1682,14314,41223,REPAIR
28102,RES-1993-1683,14315,41224,REPAIR
28103,RES-1993-1684,14316,41225,REPAIR
28106,RES-1993-1689,14319,41227,REPAIR
28109,RES-1993-1692,14322,41228,REPAIR
28110,RES-1993-1693,14323,41229,REPAIR
28112,RES-1993-1695,14325,41230,REPAIR
28113,RES-1993-1700,14326,41232,REPAIR
28114,RES-1993-1733,14327,41250,REPAIR
28115,RES-1993-1765,14328,41270,REPAIR
28116,RES-1993-1770,14329,41274,REPAIR
28117,RES-1993-1773,14330,41275,REPAIR
28118,RES-1993-1774,14331,41276,REPAIR
28119,RES-1993-1775,14332,41277,REPAIR
28120,RES-1993-1776,14333,41278,REPAIR
28122,RES-1993-1778,14335,41279,REPAIR
28123,RES-1993-1783,14336,41280,REPAIR
28124,RES-1993-1784,14337,41281,REPAIR
28125,RES-1993-1785,14338,41282,REPAIR
28126,RES-1993-1786,14339,41283,REPAIR
28128,RES-1993-1797,14341,41285,REPAIR
28130,RES-1993-1799,14343,41286,REPAIR
28131,RES-1993-1800,14344,41288,REPAIR
28135,RES-1993-1966,14348,41337,REPAIR
28136,RES-1993-1968,14349,41339,REPAIR
28137,RES-1993-1801,14350,41289,REPAIR
28139,RES-1993-2004,14352,41352,REPAIR
28140,RES-1993-2012,14353,41353,REPAIR
28141,RES-1993-2013,14354,41354,REPAIR
28144,RES-1993-2037,14357,41357,REPAIR
28145,RES-1993-2049,14358,41359,REPAIR
28147,RES-1993-2078,14360,,"SKIP: OP/TOT relationship"
28150,RES-1993-2087,14363,41365,REPAIR
28151,RES-1993-2089,14364,41367,REPAIR
28152,RES-1993-2091,14365,41368,REPAIR
28153,RES-1993-2101,14366,41373,REPAIR
28154,RES-1993-2102,14367,,"SKIP: OP/TOT relationship"
28155,RES-1993-2108,14368,41376,REPAIR
28156,RES-1993-2122,14369,41377,REPAIR
28157,RES-1993-2123,14370,,"SKIP: OP/TOT relationship"
28158,RES-1993-2124,14371,41379,REPAIR
28160,RES-1993-2128,14373,41380,REPAIR
28162,RES-1993-2131,14375,41381,REPAIR
28175,RES-1993-2165,14388,41384,REPAIR
28176,RES-1993-2167,14389,41386,REPAIR
28177,RES-1993-2168,14390,41387,REPAIR
28178,RES-1993-2169,14391,41388,REPAIR
28179,RES-1993-2170,14392,41389,REPAIR
28181,RES-1993-2172,14394,,"SKIP: OP/TOT relationship"
28183,RES-1993-2174,14396,41391,REPAIR
28184,RES-1993-2175,14397,41392,REPAIR
28185,RES-1993-2176,14398,41393,REPAIR
28187,RES-1993-2202,14400,41394,REPAIR
28191,RES-1993-2227,14404,41398,REPAIR
28196,RES-1993-2354,14409,41403,REPAIR
28198,RES-1993-2362,14411,41404,REPAIR
28199,RES-1993-2365,14412,41405,REPAIR
28200,RES-1993-2370,14413,41406,REPAIR
28201,RES-1993-2376,14414,41407,REPAIR
28202,RES-1993-2377,14415,41408,REPAIR
28203,RES-1993-2500,14416,41421,REPAIR
28206,RES-1993-2514,14419,41424,REPAIR
28207,RES-1993-2517,14420,41425,REPAIR
28208,RES-1993-2525,14421,41429,REPAIR
28211,RES-1993-2531,14424,41430,REPAIR
28212,RES-1993-2533,14425,41431,REPAIR
28213,RES-1993-2534,14426,41432,REPAIR
28214,RES-1993-2535,14427,41433,REPAIR
28215,RES-1993-2537,14428,41435,REPAIR
28216,RES-1993-2538,14429,41436,REPAIR
28218,RES-1993-2750,14431,41490,REPAIR
28222,RES-1993-2763,14435,41491,REPAIR
28223,RES-1993-2767,14436,41492,REPAIR
28224,RES-1993-2772,14437,41495,REPAIR
28225,RES-1993-2775,14438,41497,REPAIR
28226,RES-1993-2777,14439,41499,REPAIR
28227,RES-1993-2778,14440,41500,REPAIR
28240,RES-1994-387,14453,42930,REPAIR
28243,RES-1994-379,14456,42927,REPAIR
28244,RES-1994-381,14457,42929,REPAIR
28245,RES-1994-380,14458,42928,REPAIR
28259,RES-1994-1903,14472,42559,REPAIR
28260,RES-1994-1904,14473,42560,REPAIR
28267,RES-1994-1916,14480,42562,REPAIR
28280,RES-1994-1930,14493,42563,REPAIR
28281,RES-1994-1931,14494,42564,REPAIR
28287,RES-1994-1939,14500,42567,REPAIR
28288,RES-1994-1940,14501,,"SKIP: OP/TOT relationship"
28289,RES-1994-1941,14502,,"SKIP: OP/TOT relationship"
28290,RES-1994-1942,14503,42571,REPAIR
28291,RES-1994-1943,14504,,"SKIP: OP/TOT relationship"
28292,RES-1994-1944,14505,,"SKIP: OP/TOT relationship"
28293,RES-1994-1945,14506,,"SKIP: OP/TOT relationship"
28301,RES-1994-1953,14514,,"SKIP: OP/TOT relationship"
28304,RES-1994-1958,14517,42577,REPAIR
28305,RES-1994-1959,14518,,"SKIP: OP/TOT relationship"
28306,RES-1994-1960,14519,,"SKIP: OP/TOT relationship"
28307,RES-1994-1963,14520,42582,REPAIR
28308,RES-1994-1964,14521,42583,REPAIR
28309,RES-1994-1965,14522,42584,REPAIR
28310,RES-1994-1966,14523,42585,REPAIR
28311,RES-1994-1967,14524,42586,REPAIR
28312,RES-1994-1968,14525,42587,REPAIR
28313,RES-1994-1970,14526,42588,REPAIR
28314,RES-1994-1972,14527,42590,REPAIR
28315,RES-1994-1973,14528,42591,REPAIR
28316,RES-1994-1974,14529,42592,REPAIR
28317,RES-1994-1975,14530,42593,REPAIR
28318,RES-1994-1977,14531,42595,REPAIR
28319,RES-1994-1988,14532,42606,REPAIR
28320,RES-1994-1989,14533,42607,REPAIR
28321,RES-1994-1991,14534,42608,REPAIR
28322,RES-1994-1992,14535,42609,REPAIR
28323,RES-1994-1993,14536,42610,REPAIR
28324,RES-1994-1994,14537,42611,REPAIR
28326,RES-1994-1996,14539,42612,REPAIR
28328,RES-1994-1998,14541,42613,REPAIR
28329,RES-1994-1999,14542,42614,REPAIR
28330,RES-1994-2001,14543,,"SKIP: OP/TOT relationship"
28331,RES-1994-2002,14544,,"SKIP: OP/TOT relationship"
28332,RES-1994-2015,14545,122782,REPAIR
28333,RES-1994-2026,14546,42637,REPAIR
28334,RES-1994-2027,14547,42638,REPAIR
28335,RES-1994-2029,14548,42640,REPAIR
28336,RES-1994-2057,14549,42665,REPAIR
28338,RES-1992-7330,14551,40719,REPAIR
28339,RES-1992-7331,14552,40720,REPAIR
28340,RES-1992-7332,14553,40721,REPAIR
28341,RES-1992-7333,14554,40722,REPAIR
28344,RES-1992-7336,14557,40723,REPAIR
28345,RES-1992-7337,14558,40724,REPAIR
28350,RES-1992-7348,14563,40726,REPAIR
28353,RES-1992-7356,14566,40727,REPAIR
28358,RES-1992-7365,14571,,"SKIP: referenced as parent_prop_id"
28359,RES-1992-7366,14572,40729,REPAIR
28361,RES-1992-7368,14574,40730,REPAIR
28363,RES-1992-7370,14576,40731,REPAIR
28365,RES-1992-7372,14578,40732,REPAIR
28366,RES-1992-7373,14579,40733,REPAIR
28367,RES-1992-7374,14580,40734,REPAIR
28368,RES-1992-7375,14581,40735,REPAIR
28370,RES-1992-7377,14583,40736,REPAIR
28377,RES-1992-7399,14590,40740,REPAIR
28379,RES-1992-7406,14592,40743,REPAIR
28380,RES-1992-7405,14593,40742,REPAIR
28381,RES-1992-7420,14594,40748,REPAIR
28383,RES-1992-7414,14596,40745,REPAIR
28384,RES-1992-7422,14597,40749,REPAIR
28385,RES-1992-7431,14598,40751,REPAIR
28386,RES-1992-7435,14599,40752,REPAIR
28388,RES-1992-7436,14601,40753,REPAIR
28390,RES-1992-7440,14603,40754,REPAIR
28391,RES-1992-7441,14604,40755,REPAIR
28393,RES-1992-7443,14606,,"SKIP: OP/TOT relationship"
28394,RES-1992-7444,14607,40757,REPAIR
28395,RES-1992-7445,14608,40758,REPAIR
28397,RES-1992-7447,14610,40759,REPAIR
28398,RES-1992-7448,14611,40760,REPAIR
28401,RES-1992-7454,14614,40762,REPAIR
28402,RES-1992-7455,14615,40763,REPAIR
28403,RES-1992-7456,14616,40764,REPAIR
28404,RES-1992-7457,14617,40765,REPAIR
28405,RES-1992-7458,14618,40766,REPAIR
28407,RES-1992-7461,14620,40767,REPAIR
28408,RES-1992-7462,14621,40768,REPAIR
28409,RES-1992-7463,14622,40769,REPAIR
28410,RES-1992-7464,14623,40770,REPAIR
28411,RES-1992-7465,14624,40771,REPAIR
28412,RES-1992-7466,14625,40772,REPAIR
28413,RES-1992-7468,14626,40774,REPAIR
28415,RES-1992-7479,14627,40777,REPAIR
28419,RES-1992-7533,14631,40781,REPAIR
28423,RES-1992-8024,14635,40807,REPAIR
28424,RES-1992-8462,14636,40833,REPAIR
28425,RES-1992-8463,14637,40834,REPAIR
28428,RES-1992-8660,14640,40855,REPAIR
28429,RES-1992-8681,14641,40858,REPAIR
28430,RES-1992-8680,14642,40857,REPAIR
28432,RES-1993-240,14644,41410,REPAIR
28437,RES-1993-374,14649,,"SKIP: OP/TOT relationship"
28440,RES-1993-324,14652,,"SKIP: OP/TOT relationship"
28441,RES-1993-308,14653,41582,REPAIR
28442,RES-1993-307,14654,41579,REPAIR
28443,RES-1993-306,14655,41575,REPAIR
28444,RES-1993-302,14656,41560,REPAIR
28445,RES-1993-301,14657,41555,REPAIR
28446,RES-1993-277,14658,41494,REPAIR
28448,RES-1993-288,14660,41518,REPAIR
28449,RES-1993-290,14661,41523,REPAIR
28450,RES-1993-291,14662,41525,REPAIR
28451,RES-1993-292,14663,41526,REPAIR
28453,RES-1993-349,14665,41691,REPAIR
28455,RES-1993-347,14667,41685,REPAIR
28456,RES-1993-346,14668,41684,REPAIR
28458,RES-1993-339,14670,,"SKIP: OP/TOT relationship"
28460,RES-1993-336,14672,41666,REPAIR
28461,RES-1993-334,14673,41663,REPAIR
28463,RES-1993-497,14675,41919,REPAIR
28468,RES-1993-357,14680,41702,REPAIR
28470,RES-1993-353,14682,41696,REPAIR
28471,RES-1993-350,14683,41695,REPAIR
28472,RES-1993-448,14684,41834,REPAIR
28474,RES-1993-476,14686,41875,REPAIR
28476,RES-1993-474,14688,41873,REPAIR
28482,RES-1993-443,14694,41827,REPAIR
28485,RES-1993-439,14697,41821,REPAIR
28487,RES-1993-469,14699,,"SKIP: OP/TOT relationship"
28488,RES-1993-449,14700,41840,REPAIR
28490,RES-1993-420,14702,41784,REPAIR
28492,RES-1993-418,14704,41780,REPAIR
28494,RES-1993-409,14706,41767,REPAIR
28496,RES-1993-447,14708,41831,REPAIR
28499,RES-1993-1094,14711,40991,REPAIR
28500,RES-1993-1077,14712,40988,REPAIR
28501,RES-1993-1070,14713,40987,REPAIR
28502,RES-1993-1068,14714,40986,REPAIR
28503,RES-1993-1067,14715,40985,REPAIR
28504,RES-1993-1044,14716,40981,REPAIR
28505,RES-1993-1046,14717,,"SKIP: OP/TOT relationship"
28506,RES-1993-1036,14718,40978,REPAIR
28507,RES-1993-1045,14719,40982,REPAIR
28508,RES-1993-1043,14720,40980,REPAIR
28509,RES-1993-1039,14721,40979,REPAIR
28511,RES-1993-957,14723,42281,REPAIR
28512,RES-1993-971,14724,42283,REPAIR
28514,RES-1993-1185,14726,41017,REPAIR
28515,RES-1993-1183,14727,41015,REPAIR
28516,RES-1993-1182,14728,41014,REPAIR
28517,RES-1993-1180,14729,,"SKIP: OP/TOT relationship"
28518,RES-1993-1179,14730,41011,REPAIR
28519,RES-1993-1178,14731,41010,REPAIR
28520,RES-1993-1127,14732,40997,REPAIR
28521,RES-1993-1116,14733,40996,REPAIR
28524,RES-1993-1102,14736,40993,REPAIR
28525,RES-1993-1147,14737,,"SKIP: OP/TOT relationship"
28526,RES-1993-1143,14738,41002,REPAIR
28527,RES-1993-1135,14739,41001,REPAIR
28528,RES-1993-1134,14740,41000,REPAIR
28531,RES-1993-1149,14743,41005,REPAIR
28532,RES-1993-1148,14744,41004,REPAIR
28534,RES-1993-1158,14746,41007,REPAIR
28538,RES-1993-1177,14749,,"SKIP: OP/TOT relationship"
28543,RES-1993-1191,14754,41020,REPAIR
28544,RES-1993-1197,14755,41021,REPAIR
28545,RES-1993-1199,14756,41022,REPAIR
28547,RES-1993-1204,14758,41024,REPAIR
28549,RES-1993-1209,14760,41025,REPAIR
28550,RES-1993-1210,14761,41026,REPAIR
28553,RES-1993-1219,14764,,"SKIP: OP/TOT relationship"
28558,RES-1993-1264,14768,41029,REPAIR
28559,RES-1993-1278,14769,,"SKIP: OP/TOT relationship"
28560,RES-1993-1283,14770,41032,REPAIR
28564,RES-1993-1294,14774,41036,REPAIR
28565,RES-1993-3104,14775,41590,REPAIR
28566,RES-1993-1310,14776,41038,REPAIR
28567,RES-1993-1311,14777,41039,REPAIR
28569,RES-1993-1314,14779,41041,REPAIR
28570,RES-1993-1320,14780,41042,REPAIR
28571,RES-1993-1328,14781,41043,REPAIR
28573,RES-1993-1330,14783,41044,REPAIR
28574,RES-1993-1332,14784,41045,REPAIR
28575,RES-1993-1334,14785,41047,REPAIR
28576,RES-1993-1336,14786,41048,REPAIR
28577,RES-1993-1344,14787,41050,REPAIR
28578,RES-1993-1345,14788,41051,REPAIR
28579,RES-1993-1349,14789,41052,REPAIR
28582,RES-1993-1356,14792,41054,REPAIR
28584,RES-1993-1358,14794,41055,REPAIR
28585,RES-1993-1359,14795,41056,REPAIR
28586,RES-1993-1360,14796,41058,REPAIR
28587,RES-1993-1361,14797,41059,REPAIR
28588,RES-1993-1363,14798,41061,REPAIR
28591,RES-1993-1366,14801,41062,REPAIR
28592,RES-1993-1367,14802,41063,REPAIR
28593,RES-1993-1369,14803,,"SKIP: OP/TOT relationship"
28595,RES-1993-1370,14805,41065,REPAIR
28596,RES-1993-1374,14806,41066,REPAIR
28598,RES-1993-1390,14808,41067,REPAIR
28599,RES-1993-1393,14809,41069,REPAIR
28600,RES-1993-1394,14810,41070,REPAIR
28602,RES-1993-1397,14812,,"SKIP: OP/TOT relationship"
28603,RES-1993-1458,14813,41091,REPAIR
28606,RES-1993-1406,14816,41072,REPAIR
28607,RES-1993-1410,14817,41073,REPAIR
28609,RES-1993-1414,14819,41074,REPAIR
28612,RES-1993-1419,14822,41075,REPAIR
28613,RES-1993-1420,14823,41077,REPAIR
28615,RES-1993-1432,14825,41078,REPAIR
28616,RES-1993-1439,14826,41079,REPAIR
28617,RES-1993-1440,14827,41080,REPAIR
28618,RES-1993-1441,14828,41081,REPAIR
28619,RES-1993-1442,14829,41082,REPAIR
28623,RES-1993-1451,14832,41084,REPAIR
28624,RES-1993-1452,14833,41085,REPAIR
28625,RES-1993-1453,14834,41086,REPAIR
28626,RES-1993-1454,14835,41087,REPAIR
28627,RES-1993-1455,14836,41088,REPAIR
28631,RES-1993-1490,14840,41106,REPAIR
28632,RES-1993-1491,14841,41107,REPAIR
28633,RES-1993-1492,14842,41108,REPAIR
28634,RES-1993-1701,14843,41233,REPAIR
28636,RES-1993-1703,14845,41234,REPAIR
28639,RES-1993-1708,14848,,"SKIP: referenced as parent_prop_id"
28640,RES-1993-1709,14849,41236,REPAIR
28641,RES-1993-1710,14850,41237,REPAIR
28642,RES-1993-1712,14851,41239,REPAIR
28643,RES-1993-1713,14852,41240,REPAIR
28646,RES-1993-1716,14855,41241,REPAIR
28647,RES-1993-1717,14856,41242,REPAIR
28648,RES-1993-1718,14857,41243,REPAIR
28649,RES-1993-1722,14858,41245,REPAIR
28650,RES-1993-1723,14859,41246,REPAIR
28652,RES-1993-1725,14861,41247,REPAIR
28654,RES-1993-1728,14863,41248,REPAIR
28655,RES-1993-1729,14864,41249,REPAIR
28656,RES-1993-1734,14865,41251,REPAIR
28657,RES-1993-1735,14866,41252,REPAIR
28658,RES-1993-1736,14867,41253,REPAIR
28659,RES-1993-1738,14868,41254,REPAIR
28661,RES-1993-1745,14870,41256,REPAIR
28663,RES-1993-1748,14872,,"SKIP: referenced as parent_prop_id"
28664,RES-1993-1749,14873,41258,REPAIR
28665,RES-1993-1750,14874,41260,REPAIR
28666,RES-1993-1751,14875,41261,REPAIR
28667,RES-1993-1752,14876,41262,REPAIR
28669,RES-1993-1754,14878,41263,REPAIR
28670,RES-1993-1756,14879,41265,REPAIR
28671,RES-1993-1757,14880,41266,REPAIR
28672,RES-1993-1758,14881,41267,REPAIR
28673,RES-1993-1763,14882,41269,REPAIR
28676,RES-1993-1803,14885,41290,REPAIR
28677,RES-1993-1805,14886,41292,REPAIR
28678,RES-1993-1806,14887,41293,REPAIR
28679,RES-1993-1807,14888,41294,REPAIR
28680,RES-1993-1808,14889,41295,REPAIR
28683,RES-1993-1815,14892,41297,REPAIR
28685,RES-1993-1818,14894,41299,REPAIR
28686,RES-1993-1819,14895,41300,REPAIR
28687,RES-1993-1822,14896,41301,REPAIR
28688,RES-1993-1823,14897,41302,REPAIR
28689,RES-1993-1824,14898,41303,REPAIR
28692,RES-1993-1829,14901,41305,REPAIR
28694,RES-1993-1838,14903,41306,REPAIR
28695,RES-1993-1839,14904,41307,REPAIR
28696,RES-1993-1851,14905,41311,REPAIR
28697,RES-1993-1856,14906,41312,REPAIR
28699,RES-1993-1865,14908,,"SKIP: OP/TOT relationship"
28700,RES-1993-1877,14909,,"SKIP: OP/TOT relationship"
28701,RES-1993-1878,14910,41316,REPAIR
28702,RES-1993-1880,14911,41318,REPAIR
28705,RES-1993-1884,14914,,"SKIP: OP/TOT relationship"
28710,RES-1993-1891,14919,41320,REPAIR
28711,RES-1993-1895,14920,41321,REPAIR
28713,RES-1993-1931,14922,41324,REPAIR
28716,RES-1993-1909,14924,41323,REPAIR
28718,RES-1993-1933,14926,41325,REPAIR
28719,RES-1993-1934,14927,41326,REPAIR
28720,RES-1993-1935,14928,41327,REPAIR
28721,RES-1993-1936,14929,41328,REPAIR
28724,RES-1993-1941,14932,41329,REPAIR
28725,RES-1993-1942,14933,41330,REPAIR
28726,RES-1993-1943,14934,41331,REPAIR
28729,RES-1993-1954,14937,,"SKIP: OP/TOT relationship"
28730,RES-1993-1958,14938,41334,REPAIR
28735,RES-1993-1976,14943,41340,REPAIR
28736,RES-1993-1993,14944,41343,REPAIR
28737,RES-1993-1996,14945,41345,REPAIR
28738,RES-1993-1997,14946,41346,REPAIR
28740,RES-1993-1999,14948,41347,REPAIR
28741,RES-1993-2000,14949,41350,REPAIR
28742,RES-1993-2539,14950,41437,REPAIR
28743,RES-1993-2540,14951,41438,REPAIR
28744,RES-1993-2541,14952,41439,REPAIR
28745,RES-1993-2543,14953,41440,REPAIR
28746,RES-1993-2546,14954,41442,REPAIR
28747,RES-1993-2550,14955,41443,REPAIR
28749,RES-1993-2562,14957,41446,REPAIR
28750,RES-1993-2504,14958,41422,REPAIR
28751,RES-1993-2565,14959,41447,REPAIR
28753,RES-1993-2576,14961,41449,REPAIR
28755,RES-1993-2579,14963,41450,REPAIR
28757,RES-1993-2595,14965,41453,REPAIR
28759,RES-1993-2696,14967,41477,REPAIR
28760,RES-1993-2698,14968,41478,REPAIR
28763,RES-1993-2678,14971,41475,REPAIR
28772,RES-1993-2667,14979,41473,REPAIR
28774,RES-1993-2664,14981,41472,REPAIR
28777,RES-1993-2660,14983,41471,REPAIR
28780,RES-1993-2656,14986,41470,REPAIR
28781,RES-1993-2655,14987,41469,REPAIR
28782,RES-1993-2653,14988,41468,REPAIR
28783,RES-1993-2648,14989,41467,REPAIR
28784,RES-1993-2647,14990,41466,REPAIR
28785,RES-1993-2635,14991,41461,REPAIR
28786,RES-1993-2638,14992,41463,REPAIR
28791,RES-1993-2629,14997,41460,REPAIR
28795,RES-1993-2632,15001,122695,REPAIR
28799,RES-1993-2617,15005,41459,REPAIR
28801,RES-1993-2615,15007,41458,REPAIR
28802,RES-1993-2613,15008,41457,REPAIR
28803,RES-1993-2611,15009,41456,REPAIR
28804,RES-1993-2608,15010,41455,REPAIR
28805,RES-1993-2484,15011,41418,REPAIR
28807,RES-1993-2605,15013,41454,REPAIR
28808,RES-1993-2604,15014,122692,REPAIR
28811,RES-1993-2708,15017,41481,REPAIR
28813,RES-1993-2713,15019,41483,REPAIR
28814,RES-1993-2714,15020,41484,REPAIR
28815,RES-1993-2716,15021,41485,REPAIR
28817,RES-1993-2725,15023,41486,REPAIR
28818,RES-1993-2728,15024,41488,REPAIR
28819,RES-1993-2729,15025,41489,REPAIR
28825,RES-1993-2774,15031,41496,REPAIR
28827,RES-1993-2781,15033,41501,REPAIR
28829,RES-1993-2788,15035,41502,REPAIR
28831,RES-1993-2792,15036,41503,REPAIR
28832,RES-1993-2797,15037,41504,REPAIR
28833,RES-1993-2805,15038,41505,REPAIR
28835,RES-1993-3003,15040,41554,REPAIR
28836,RES-1993-3013,15041,41556,REPAIR
28837,RES-1993-3014,15042,41557,REPAIR
28838,RES-1993-3018,15043,41559,REPAIR
28840,RES-1993-3016,15045,41558,REPAIR
28842,RES-1993-3021,15047,41562,REPAIR
28843,RES-1993-3022,15048,41563,REPAIR
28844,RES-1993-3023,15049,41564,REPAIR
28845,RES-1993-3024,15050,41565,REPAIR
28846,RES-1993-3025,15051,41566,REPAIR
28848,RES-1993-3031,15053,41569,REPAIR
28849,RES-1993-3039,15054,41570,REPAIR
28853,RES-1993-3066,15058,41576,REPAIR
28855,RES-1993-3068,15060,41577,REPAIR
28856,RES-1993-3069,15061,41578,REPAIR
28857,RES-1993-3070,15062,41580,REPAIR
28859,RES-1993-3081,15064,41583,REPAIR
28861,RES-1993-3096,15066,41586,REPAIR
28864,RES-1993-3052,15069,41574,REPAIR
28865,RES-1993-3027,15070,41567,REPAIR
28866,RES-1993-3097,15071,41587,REPAIR
28867,RES-1993-3098,15072,41588,REPAIR
28870,RES-1993-3189,15075,41628,REPAIR
28871,RES-1993-3186,15076,41627,REPAIR
28874,RES-1993-3178,15079,41626,REPAIR
28877,RES-1993-3168,15082,41622,REPAIR
28878,RES-1993-3167,15083,41621,REPAIR
28879,RES-1993-3163,15084,41617,REPAIR
28880,RES-1993-3158,15085,41612,REPAIR
28881,RES-1993-3157,15086,41611,REPAIR
28882,RES-1993-3156,15087,41610,REPAIR
28883,RES-1993-3155,15088,41609,REPAIR
28884,RES-1993-3152,15089,41606,REPAIR
28885,RES-1993-3149,15090,41603,REPAIR
28886,RES-1993-3148,15091,41602,REPAIR
28888,RES-1993-3146,15093,41601,REPAIR
28889,RES-1993-3144,15094,41600,REPAIR
28890,RES-1993-3142,15095,41598,REPAIR
28891,RES-1993-3141,15096,41597,REPAIR
28892,RES-1993-3150,15097,41604,REPAIR
28893,RES-1993-3151,15098,41605,REPAIR
28894,RES-1993-3154,15099,41608,REPAIR
28895,RES-1993-3159,15100,41613,REPAIR
28896,RES-1993-3166,15101,41620,REPAIR
28897,RES-1993-3045,15102,41571,REPAIR
28898,RES-1993-3169,15103,41623,REPAIR
28899,RES-1993-3140,15104,41596,REPAIR
28902,RES-1993-3137,15107,41595,REPAIR
28903,RES-1993-3128,15108,41594,REPAIR
28904,RES-1993-3125,15109,41593,REPAIR
28906,RES-1993-3111,15110,41592,REPAIR
28907,RES-1993-3105,15111,41591,REPAIR
28913,RES-1993-3212,15117,41629,REPAIR
28915,RES-1993-3216,15119,41630,REPAIR
28917,RES-1993-3217,15120,41631,REPAIR
28918,RES-1993-3219,15121,41632,REPAIR
28922,RES-1993-3255,15125,41638,REPAIR
28924,RES-1993-3261,15127,41639,REPAIR
28928,RES-1993-3278,15131,41640,REPAIR
28929,RES-1993-3281,15132,41641,REPAIR
28930,RES-1993-3282,15133,41642,REPAIR
28931,RES-1993-3283,15134,41643,REPAIR
28932,RES-1993-3284,15135,41644,REPAIR
28933,RES-1993-3290,15136,41650,REPAIR
28934,RES-1993-3299,15137,41651,REPAIR
28935,RES-1993-3744,15138,41718,REPAIR
28936,RES-1993-3742,15139,41717,REPAIR
28938,RES-1993-3747,15141,41720,REPAIR
28939,RES-1993-3748,15142,41721,REPAIR
28942,RES-1993-3753,15145,41723,REPAIR
28943,RES-1993-3755,15146,41725,REPAIR
28945,RES-1993-3757,15148,41726,REPAIR
28947,RES-1993-3760,15150,41728,REPAIR
28952,RES-1993-3774,15155,41730,REPAIR
28954,RES-1993-3779,15157,41731,REPAIR
28955,RES-1993-3786,15158,41736,REPAIR
28956,RES-1993-3788,15159,41738,REPAIR
28957,RES-1993-3792,15160,41740,REPAIR
28959,RES-1993-3794,15162,41741,REPAIR
28965,RES-1993-3829,15168,41744,REPAIR
28966,RES-1993-3837,15169,41745,REPAIR
28970,RES-1993-3907,15173,,"SKIP: referenced as parent_prop_id"
28973,RES-1993-3913,15176,41747,REPAIR
28976,RES-1993-3916,15179,41748,REPAIR
28977,RES-1993-3918,15180,41749,REPAIR
28978,RES-1993-3921,15181,41750,REPAIR
28979,RES-1993-3922,15182,41751,REPAIR
28980,RES-1993-3923,15183,41752,REPAIR
28983,RES-1993-3995,15185,41763,REPAIR
28986,RES-1993-3952,15188,41756,REPAIR
28987,RES-1993-3954,15189,41757,REPAIR
28990,RES-1993-4527,15192,41856,REPAIR
28993,RES-1993-3961,15195,41758,REPAIR
28996,RES-1993-3970,15198,41759,REPAIR
29000,RES-1993-3984,15202,41761,REPAIR
29003,RES-1993-2776,15205,41498,REPAIR
29004,RES-1993-2809,15206,41506,REPAIR
29005,RES-1993-2483,15207,,"SKIP: OP/TOT relationship"
29007,RES-1993-2445,15209,,"SKIP: OP/TOT relationship"
29008,RES-1993-2439,15210,,"SKIP: OP/TOT relationship"
29014,RES-1993-2822,15216,41507,REPAIR
29015,RES-1993-2823,15217,41508,REPAIR
29016,RES-1993-2848,15218,41511,REPAIR
29017,RES-1993-2854,15219,41512,REPAIR
29018,RES-1993-2855,15220,41513,REPAIR
29019,RES-1993-2863,15221,41515,REPAIR
29020,RES-1993-2864,15222,41516,REPAIR
29021,RES-1993-2865,15223,41517,REPAIR
29026,RES-1993-2892,15228,41522,REPAIR
29029,RES-1993-2909,15231,41524,REPAIR
29035,RES-1993-2920,15237,41527,REPAIR
29036,RES-1993-2921,15238,41528,REPAIR
29037,RES-1993-2922,15239,41529,REPAIR
29038,RES-1993-2923,15240,41530,REPAIR
29039,RES-1993-2924,15241,41531,REPAIR
29043,RES-1993-2935,15245,,"SKIP: referenced as parent_prop_id"
29045,RES-1993-2937,15247,41533,REPAIR
29047,RES-1993-2939,15249,41534,REPAIR
29048,RES-1993-2940,15250,41535,REPAIR
29049,RES-1993-2942,15251,41537,REPAIR
29050,RES-1993-2943,15252,41538,REPAIR
29051,RES-1993-2944,15253,41539,REPAIR
29052,RES-1993-2956,15254,41541,REPAIR
29053,RES-1993-2957,15255,41542,REPAIR
29054,RES-1993-2962,15256,,"SKIP: OP/TOT relationship"
29057,RES-1993-2968,15259,41545,REPAIR
29061,RES-1993-2977,15263,41547,REPAIR
29063,RES-1993-2984,15265,41549,REPAIR
29066,RES-1993-3300,15268,41652|65278,"SKIP: ambiguous master mapping"
29070,RES-1993-3308,15272,41653,REPAIR
29071,RES-1993-3309,15273,41654,REPAIR
29074,RES-1993-3319,15276,41656,REPAIR
29078,RES-1993-3336,15280,41660,REPAIR
29079,RES-1993-3338,15281,41661,REPAIR
29080,RES-1993-3339,15282,41662,REPAIR
29089,RES-1993-3393,15291,41671,REPAIR
29090,RES-1993-3394,15292,41672,REPAIR
29092,RES-1993-3400,15294,41674,REPAIR
29096,RES-1993-3424,15298,41675,REPAIR
29097,RES-1993-3425,15299,41676,REPAIR
29098,RES-1993-3429,15300,41677,REPAIR
29099,RES-1993-3435,15301,41680,REPAIR
29114,RES-1993-3454,15316,122704,REPAIR
29115,RES-1993-3457,15317,41683,REPAIR
29117,RES-1993-3482,15319,41686,REPAIR
29118,RES-1993-3483,15320,41687,REPAIR
29119,RES-1993-3484,15321,41688,REPAIR
29120,RES-1993-3485,15322,41689,REPAIR
29121,RES-1993-3486,15323,41690,REPAIR
29125,RES-1993-3498,15327,41692,REPAIR
29126,RES-1993-3499,15328,41693,REPAIR
29158,RES-1993-3541,15360,41697,REPAIR
29170,RES-1993-3560,15372,41698,REPAIR
29172,RES-1993-3566,15374,41699,REPAIR
29173,RES-1993-3567,15375,41700,REPAIR
29174,RES-1993-3568,15376,41701,REPAIR
29176,RES-1993-3571,15378,41704,REPAIR
29177,RES-1993-3574,15379,41705,REPAIR
29193,RES-1993-3631,15395,41707,REPAIR
29196,RES-1993-3634,15398,41708,REPAIR
29197,RES-1993-3689,15399,41709,REPAIR
29199,RES-1993-3720,15401,41710,REPAIR
29200,RES-1993-3727,15402,41711,REPAIR
29201,RES-1993-3731,15403,41712,REPAIR
29202,RES-1993-3739,15404,41714,REPAIR
29203,CON-RES-1984-151,15405,12153,REPAIR
29204,CON-RES-1984-163,15406,12160,REPAIR
29205,CON-RES-1984-703,15407,12319,REPAIR
29206,CON-RES-1984-99,15408,12333,REPAIR
29207,CON-RES-1984-154,15409,12156,REPAIR
29209,CON-RES-1984-166,15411,12161,REPAIR
29211,CON-RES-1984-687,15413,12316,REPAIR
29221,CON-RES-1984-235,15423,12179,REPAIR
29223,CON-RES-1984-233,15425,12178,REPAIR
29224,CON-RES-1984-136,15426,12148,REPAIR
29227,CON-RES-1984-657,15429,12305,REPAIR
29228,CON-RES-1984-669,15430,12307,REPAIR
29241,CON-RES-1984-580,15443,12283,REPAIR
29242,CON-RES-1984-713,15444,12323,REPAIR
29243,CON-RES-1984-647,15445,12301,REPAIR
29244,CON-RES-1984-168,15446,12162,REPAIR
29245,CON-RES-1984-155,15447,12157,REPAIR
29246,CON-RES-1984-21,15448,12170,REPAIR
29247,CON-RES-1984-581,15449,12284,REPAIR
29248,CON-RES-1984-174,15450,172855,REPAIR
29249,CON-RES-RC-1984-22,15451,18532,REPAIR
29250,CON-RES-RC-1984-24,15452,18534,REPAIR
29251,CON-RES-RC-1984-44,15453,,"SKIP: OP/TOT relationship"
29252,CON-COM-1984-86,15454,7958,REPAIR
29253,CON-IND-1984-21,15455,10444,REPAIR
29255,CON-RES-1984-143,15457,12149,REPAIR
29256,CON-RES-1984-559,15458,12276,REPAIR
29257,CON-COM-1984-3,15459,7941,REPAIR
29258,CON-COM-1984-5,15460,7946,REPAIR
29259,CON-COM-1984-7,15461,7951,REPAIR
29267,CON-RES-1985-292,15469,12397,REPAIR
29268,CON-RES-1985-293,15470,12398,REPAIR
29269,CON-RES-1985-246,15471,12383,REPAIR
29270,CON-RES-1985-395,15472,12436,REPAIR
29273,CON-RES-1985-500,15475,12470,REPAIR
29275,CON-RES-1985-384,15477,12434,REPAIR
29276,CON-RES-1985-372,15478,12429,REPAIR
29280,CON-RES-1985-499,15482,12468,REPAIR
29282,CON-RES-1985-485,15484,12464,REPAIR
29283,CON-RES-1985-428,15485,,"SKIP: referenced as parent_prop_id"
29285,CON-RES-1985-213,15487,12373,REPAIR
29286,CON-RES-1985-370,15488,12427,REPAIR
29290,CON-RES-1985-644,15492,12529,REPAIR
29296,CON-RES-1985-24,15498,12381,REPAIR
29297,CON-RES-1985-53,15499,12482,REPAIR
29298,CON-RES-1985-15,15500,12355,REPAIR
29308,CON-RES-1985-580,15510,12506,REPAIR
29309,CON-RES-1985-614,15511,12517,REPAIR
29310,CON-RES-1985-646,15512,12530,REPAIR
29311,CON-RES-1985-613,15513,12516,REPAIR
29312,CON-RES-1985-350,15514,12419,REPAIR
29314,CON-RES-1985-247,15516,12384,REPAIR
29317,CON-RES-1985-475,15519,12461,REPAIR
29318,CON-RES-1985-439,15520,12451,REPAIR
29320,CON-RES-1985-232,15522,12378,REPAIR
29322,CON-RES-1985-18,15524,12364,REPAIR
29323,CON-RES-1985-326,15525,12408,REPAIR
29324,CON-RES-1985-360,15526,12423,REPAIR
29325,CON-RES-1985-625,15527,12522,REPAIR
29331,CON-RES-1985-270,15533,12391,REPAIR
29336,CON-RES-1985-260,15538,12388,REPAIR
29338,CON-RES-1985-227,15540,,"SKIP: referenced as parent_prop_id"
29340,CON-RES-1985-612,15542,12515,REPAIR
29341,CON-RES-1985-469,15543,12458,REPAIR
29342,CON-RES-1985-656,15544,12536,REPAIR
29343,CON-RES-1985-248,15545,12385,REPAIR
29344,CON-RES-1985-589,15546,12511,REPAIR
29345,CON-RES-1985-96,15547,12548,REPAIR
29346,CON-RES-1985-438,15548,12450,REPAIR
29347,CON-RES-1985-298,15549,12399,REPAIR
29348,CON-RES-1985-382,15550,,"SKIP: OP/TOT relationship"
29349,CON-RES-1985-279,15551,12395,REPAIR
29350,CON-RES-1985-661,15552,12540,REPAIR
29351,CON-RES-1985-321,15553,,"SKIP: OP/TOT relationship"
29352,CON-RES-1985-412,15554,12444,REPAIR
29358,CON-RES-1987-959,15560,13282,REPAIR
29362,CON-RES-1987-965,15564,13286,REPAIR
29364,CON-RES-1987-968,15566,13288,REPAIR
29366,CON-RES-1987-886,15568,13259,REPAIR
29374,CON-RES-1987-809,15576,13219,REPAIR
29380,CON-RES-1987-493,15582,13087,REPAIR
29388,CON-RES-1987-480,15589,,"SKIP: referenced as parent_prop_id"
29397,CON-RES-1987-971,15598,13291,REPAIR
29422,CON-RES-1987-496,15623,13088,REPAIR
29426,CON-RES-1987-801,15627,13215,REPAIR
29429,CON-RES-1987-805,15630,13217,REPAIR
29430,CON-RES-1987-1404,15631,12885,REPAIR
29431,CON-RES-1987-951,15632,13280,REPAIR
29432,CON-RES-1987-808,15633,13218,REPAIR
29433,CON-RES-1987-802,15634,13216,REPAIR
29434,CON-RES-1987-972,15635,13292,REPAIR
29435,CON-RES-1982-172,15636,11352,REPAIR
29436,CON-RES-1982-185,15637,11364,REPAIR
29437,CON-RES-1982-174,15638,11355,REPAIR
29438,CON-RES-1982-177,15639,11358,REPAIR
29444,CON-RES-1982-190,15645,,"SKIP: referenced as parent_prop_id"
29445,CON-RES-1982-199,15646,11375,REPAIR
29446,CON-RES-1982-181,15647,169323,REPAIR
29448,CON-RES-1982-168,15649,11350,REPAIR
29449,CON-RES-1982-162,15650,11337,REPAIR
29450,CON-RES-1982-153,15651,11306,REPAIR
29451,CON-RES-1982-166,15652,11348,REPAIR
29452,CON-RES-1982-179,15653,,"SKIP: referenced as parent_prop_id"
29453,CON-RES-1982-188,15654,11367,REPAIR
29456,CON-RES-1982-164,15657,,"SKIP: referenced as parent_prop_id"
29458,CON-RES-1982-167,15659,11349,REPAIR
29460,CON-RES-1982-789,15661,,"SKIP: OP/TOT relationship"
29462,CON-RES-1982-383,15663,,"SKIP: OP/TOT relationship"
29463,CON-RES-1982-840,15664,11761,REPAIR
29464,CON-RES-1982-788,15665,11731,REPAIR
29466,CON-IND-1983-16,15667,10426,REPAIR
29467,CON-IND-1983-17,15668,10427,REPAIR
29468,CON-IND-1983-24,15669,10432,REPAIR
29477,CON-COM-1983-3,15678,7881,REPAIR
29479,CON-COM-1983-6,15680,7896,REPAIR
29480,CON-COM-1983-9,15681,7903,REPAIR
29481,CON-COM-1983-10,15682,,"SKIP: OP/TOT relationship"
29482,CON-COM-1983-12,15683,7866,REPAIR
29484,CON-COM-1983-14,15685,7872,REPAIR
29485,CON-COM-1983-15,15686,7874,REPAIR
29488,CON-COM-1983-21,15689,7878,REPAIR
29492,CON-COM-1983-25,15693,,"SKIP: OP/TOT relationship"
29494,CON-COM-1983-27,15695,7880,REPAIR
29496,CON-COM-1983-31,15697,7882,REPAIR
29498,CON-COM-1983-34,15699,7883,REPAIR
29500,CON-COM-1983-37,15701,7885,REPAIR
29503,CON-COM-1983-45,15704,7887,REPAIR
29504,CON-COM-1983-48,15705,7888,REPAIR
29505,CON-COM-1983-50,15706,7890,REPAIR
29506,CON-COM-1983-52,15707,7891,REPAIR
29508,CON-COM-1983-54,15709,7892,REPAIR
29510,CON-COM-1983-56,15711,7893,REPAIR
29511,CON-COM-1983-58,15712,7894,REPAIR
29512,CON-COM-1983-59,15713,7895,REPAIR
29513,CON-COM-1983-60,15714,7897,REPAIR
29516,CON-COM-1983-63,15717,7898,REPAIR
29518,CON-COM-1983-65,15719,7899,REPAIR
29519,CON-COM-1983-68,15720,7900,REPAIR
29523,CON-COM-1983-72,15724,7901,REPAIR
29534,CON-COM-1983-90,15735,7904,REPAIR
29535,CON-COM-1983-92,15736,7906,REPAIR
29537,CON-COM-1983-96,15738,7907,REPAIR
29543,CON-COM-1984-14,15744,7919,REPAIR
29548,CON-COM-1984-21,15749,7939,REPAIR
29550,CON-COM-1984-24,15751,7940,REPAIR
29554,CON-COM-1984-31,15755,7942,REPAIR
29556,CON-COM-1984-35,15757,7943,REPAIR
29559,CON-COM-1984-43,15760,7944,REPAIR
29560,CON-COM-1984-45,15761,7945,REPAIR
29563,CON-COM-1984-59,15764,7948,REPAIR
29571,CON-COM-1984-68,15772,7950,REPAIR
29573,CON-COM-1984-71,15774,7952,REPAIR
29575,CON-COM-1984-74,15776,7954,REPAIR
29576,CON-COM-1984-76,15777,7955,REPAIR
29582,CON-COM-1984-82,15783,7956,REPAIR
29583,CON-COM-1984-84,15784,7957,REPAIR
29585,CON-COM-1984-88,15786,7959,REPAIR
29592,CON-COM-1984-174,15793,7926,REPAIR
29593,CON-COM-1984-182,15794,7929,REPAIR
29594,CON-COM-1982-87,15795,,"SKIP: OP/TOT relationship"
29596,CON-COM-RC-1984-1,15797,10349,REPAIR
29597,CON-COM-RC-1984-4,15798,,"SKIP: OP/TOT relationship"
29598,CON-COM-RC-1984-10,15799,10350,REPAIR
29599,CON-COM-RC-1984-11,15800,,"SKIP: OP/TOT relationship"
29600,CON-COM-RC-1988-4,15801,,"SKIP: OP/TOT relationship"
29601,CON-RES-1982-7,15802,11688,REPAIR
29603,CON-RES-1982-10,15804,,"SKIP: OP/TOT relationship"
29604,CON-RES-1982-13,15805,11200,REPAIR
29605,CON-RES-1982-14,15806,11248,REPAIR
29606,CON-RES-1982-20,15807,11377,REPAIR
29608,CON-RES-1982-49,15809,,"SKIP: OP/TOT relationship"
29609,CON-RES-1982-53,15810,,"SKIP: OP/TOT relationship"
29610,CON-RES-1982-103,15811,11074,REPAIR
29611,CON-RES-1982-106,15812,11086,REPAIR
29612,CON-RES-1982-109,15813,11098,REPAIR
29614,CON-RES-1982-115,15815,11128,REPAIR
29615,CON-RES-1982-119,15816,11146,REPAIR
29616,CON-RES-1982-138,15817,11237,REPAIR
29617,CON-RES-1982-169,15818,11351,REPAIR
29618,CON-RES-1982-175,15819,11356,REPAIR
29619,CON-RES-1982-232,15820,11403,REPAIR
29620,CON-RES-1982-347,15821,11465,REPAIR
29623,CON-RES-1982-501,15824,11570,REPAIR
29624,CON-RES-1982-502,15825,11571,REPAIR
29626,CON-RES-1982-505,15827,11573,REPAIR
29628,CON-RES-1982-510,15829,11576,REPAIR
29631,CON-RES-1982-523,15832,11584,REPAIR
29632,CON-RES-1982-526,15833,11585,REPAIR
29634,CON-RES-1982-554,15835,11605,REPAIR
29635,CON-RES-1982-573,15836,11619,REPAIR
29636,CON-RES-1982-587,15837,,"SKIP: OP/TOT relationship"
29637,CON-RES-1982-770,15838,11723,REPAIR
29638,CON-RES-1982-771,15839,11724,REPAIR
29640,CON-RES-1982-774,15841,11726,REPAIR
29641,CON-RES-1982-784,15842,11730,REPAIR
29643,CON-RES-1982-804,15844,11741,REPAIR
29648,CON-RES-1982-834,15849,11756,REPAIR
29649,CON-RES-1982-915,15850,11798,REPAIR
29650,CON-RES-1982-928,15851,175738,REPAIR
29651,CON-RES-1982-940,15852,11815,REPAIR
29653,CON-RES-1982-968,15854,,"SKIP: OP/TOT relationship"
29654,CON-RES-1982-971,15855,11824,REPAIR
29655,CON-RES-1982-978,15856,11828,REPAIR
29656,CON-RES-1982-987,15857,11831,REPAIR
29657,CON-RES-1982-1020,15858,11068,REPAIR
29658,CON-RES-1982-1025,15859,11071,REPAIR
29659,CON-RES-1982-1026,15860,11072,REPAIR
29662,CON-RES-1982-1040,15863,11080,REPAIR
29663,CON-RES-1982-1089,15864,11097,REPAIR
29664,CON-RES-1982-1099,15865,11104,REPAIR
29665,CON-RES-1982-1181,15866,11142,REPAIR
29666,CON-RES-1982-1201,15867,11154,REPAIR
29667,CON-RES-1982-1205,15868,11156,REPAIR
29668,CON-RES-1982-1206,15869,11157,REPAIR
29670,CON-RES-1982-1210,15871,11159,REPAIR
29671,CON-RES-1982-1214,15872,11163,REPAIR
29672,CON-RES-1982-1235,15873,11170,REPAIR
29673,CON-RES-1982-1249,15874,11174,REPAIR
29674,CON-RES-1982-1250,15875,11175,REPAIR
29675,CON-RES-1982-1252,15876,11177,REPAIR
29677,CON-RES-1982-1254,15878,11178,REPAIR
29679,CON-RES-1982-1262,15880,11181,REPAIR
29681,CON-RES-1982-1292,15882,11195,REPAIR
29682,CON-RES-1982-1323,15883,11213,REPAIR
29683,CON-RES-1982-1360,15884,11229,REPAIR
29685,CON-RES-1982-1402,15886,11251,REPAIR
29688,CON-RES-1982-1422,15889,11260,REPAIR
29689,CON-RES-1982-1424,15890,11261,REPAIR
29691,CON-RES-1982-1433,15892,11263,REPAIR
29696,CON-RES-1988-371,15897,13409,REPAIR
29697,CON-COM-1989-1,15898,8083,REPAIR
29699,CON-COM-1989-7,15900,8106,REPAIR
29712,CON-COM-1989-20,15913,8087,REPAIR
29720,CON-AG-1989-29,15921,7322,REPAIR
29726,CON-COM-1989-33,15927,8091,REPAIR
29727,CON-COM-1989-34,15928,8092,REPAIR
29730,CON-AG-1989-36,15931,7325,REPAIR
29733,CON-COM-1989-41,15934,8095,REPAIR
29735,CON-COM-1989-42,15936,8096,REPAIR
29740,CON-COM-1989-47,15941,8097,REPAIR
29745,CON-COM-1989-68,15946,8105,REPAIR
29758,CON-AG-1989-98,15959,7335,REPAIR
29759,CON-RES-1989-102,15960,13532,REPAIR
29760,CON-RES-1989-110,15961,13534,REPAIR
29761,CON-RES-1989-111,15962,13535,REPAIR
29762,CON-RES-1989-112,15963,13536,REPAIR
29763,CON-RES-1989-113,15964,13537,REPAIR
29764,CON-RES-1989-114,15965,13538,REPAIR
29765,CON-RES-1989-122,15966,13540,REPAIR
29766,CON-RES-1989-132,15967,13544,REPAIR
29767,CON-RES-1989-139,15968,13547,REPAIR
29768,CON-RES-1989-145,15969,13550,REPAIR
29769,CON-RES-1989-146,15970,13551,REPAIR
29770,CON-RES-1989-147,15971,13552,REPAIR
29771,CON-RES-1989-158,15972,13556,REPAIR
29772,CON-RES-1989-163,15973,13558,REPAIR
29773,CON-RES-1989-221,15974,13577,REPAIR
29775,CON-RES-1989-310,15976,13601,REPAIR
29781,CON-RES-1989-382,15982,,"SKIP: OP/TOT relationship"
29782,CON-RES-1989-400,15983,13622,REPAIR
29789,CON-RES-1989-586,15990,13680,REPAIR
29790,CON-RES-1989-587,15991,13681,REPAIR
29792,CON-RES-1989-589,15993,13682,REPAIR
29799,CON-RES-1989-598,16000,13685,REPAIR
29812,CON-RES-1994-696,16013,14516,REPAIR
29816,CON-COM-1994-16,16017,8268,REPAIR
29817,CON-COM-1994-25,16018,8275,REPAIR
29820,CON-IND-1994-6,16021,10475,REPAIR
29822,CON-RES-1994-793,16023,14546,REPAIR
29823,CON-RES-1994-21,16024,14343,REPAIR
29824,CON-RES-1994-25,16025,14358,REPAIR
29825,CON-RES-1994-27,16026,14373,REPAIR
29827,CON-RES-1994-31,16028,14389,REPAIR
29828,CON-RES-1994-35,16029,14428,REPAIR
29829,CON-RES-1994-37,16030,14447,REPAIR
29830,CON-RES-1994-41,16031,14458,REPAIR
29831,CON-RES-1994-151,16032,14332,REPAIR
29832,CON-RES-1994-162,16033,14334,REPAIR
29833,CON-RES-1994-165,16034,14335,REPAIR
29837,CON-RES-1994-255,16038,14360,REPAIR
29838,CON-RES-1994-256,16039,14361,REPAIR
29840,CON-RES-1994-258,16041,14362,REPAIR
29841,CON-RES-1994-259,16042,14363,REPAIR
29842,CON-RES-1994-262,16043,14367,REPAIR
29843,CON-RES-1994-266,16044,14369,REPAIR
29844,CON-RES-1994-267,16045,14370,REPAIR
29845,CON-RES-1994-268,16046,14371,REPAIR
29846,CON-RES-1994-269,16047,14372,REPAIR
29847,CON-RES-1994-270,16048,14374,REPAIR
29848,CON-RES-1994-271,16049,14375,REPAIR
29849,CON-RES-1994-272,16050,14376,REPAIR
29850,CON-RES-1994-273,16051,14377,REPAIR
29851,CON-RES-1994-274,16052,14378,REPAIR
29853,CON-RES-1994-278,16054,14379,REPAIR
29855,CON-RES-1994-291,16056,14383,REPAIR
29856,CON-RES-1994-292,16057,14384,REPAIR
29858,CON-RES-1994-452,16059,14471,REPAIR
29859,CON-RES-1994-488,16060,14478,REPAIR
29860,CON-RES-1994-498,16061,14483,REPAIR
29870,CON-RES-1994-610,16071,14493,REPAIR
29871,CON-RES-1994-611,16072,14494,REPAIR
29888,CON-RES-1994-649,16089,14502,REPAIR
29894,CON-RES-1988-580,16095,13492,REPAIR
29895,CON-RES-1988-385,16096,13415,REPAIR
29897,CON-RES-1988-165,16098,13332,REPAIR
29898,CON-RES-1988-269,16099,13371,REPAIR
29899,CON-RES-1988-377,16100,13412,REPAIR
29900,CON-RES-1988-431,16101,13434,REPAIR
29901,CON-RES-1988-268,16102,13370,REPAIR
29903,CON-RES-1988-380,16104,13413,REPAIR
29906,CON-RES-1988-361,16107,13404,REPAIR
29907,CON-RES-1988-161,16108,13328,REPAIR
29920,CON-AG-1988-26,16121,7292,REPAIR
29924,CON-AG-1988-53,16125,7300,REPAIR
29925,CON-AG-1988-50,16126,7297,REPAIR
29926,CON-AG-1988-49,16127,7296,REPAIR
29937,CON-AG-1988-10,16138,7285,REPAIR
29938,CON-AG-1988-68,16139,7304,REPAIR
29939,CON-AG-1988-61,16140,7301,REPAIR
29944,CON-AG-1988-66,16145,7302,REPAIR
29945,CON-AG-1988-45,16146,7295,REPAIR
29951,CON-AG-1988-16,16152,7290,REPAIR
29955,CON-AG-1988-71,16156,7305,REPAIR
29965,CON-AG-1988-21,16166,7291,REPAIR
29971,CON-RES-1988-368,16172,13408,REPAIR
29972,CON-RES-1988-367,16173,13407,REPAIR
29973,CON-RES-1988-366,16174,13406,REPAIR
29974,CON-RES-1988-364,16175,13405,REPAIR
29975,CON-RES-1988-373,16176,13410,REPAIR
29979,CON-RES-1988-164,16180,13331,REPAIR
29980,CON-RES-1988-162,16181,13329,REPAIR
29981,CON-RES-1988-395,16182,13420,REPAIR
29982,CON-RES-1988-394,16183,13419,REPAIR
29983,CON-RES-1988-182,16184,13339,REPAIR
29984,CON-RES-1988-176,16185,13337,REPAIR
29986,CON-RES-1988-535,16187,13473,REPAIR
29987,CON-RES-1988-562,16188,13487,REPAIR
29988,CON-RES-1988-392,16189,13418,REPAIR
29989,CON-RES-1988-174,16190,13336,REPAIR
29993,CON-RES-1988-170,16194,13334,REPAIR
29995,CON-RES-1988-195,16196,13346,REPAIR
29998,CON-RES-1988-199,16199,13348,REPAIR
30000,CON-RES-1988-194,16201,13345,REPAIR
30001,CON-RES-1988-200,16202,13350,REPAIR
30002,CON-RES-1988-374,16203,13411,REPAIR
30003,CON-RES-1988-422,16204,13428,REPAIR
30004,CON-RES-1988-177,16205,13338,REPAIR
30005,CON-RES-1988-423,16206,13429,REPAIR
30006,CON-RES-1988-183,16207,13340,REPAIR
30012,CON-RES-1988-163,16213,13330,REPAIR
30013,CON-RES-1988-172,16214,13335,REPAIR
30014,CON-RES-1988-187,16215,13341,REPAIR
30015,CON-RES-1988-193,16216,13344,REPAIR
30016,CON-RES-1988-197,16217,13347,REPAIR
30020,CON-RES-1990-57,16221,13811,REPAIR
30021,CON-RES-1990-59,16222,13813,REPAIR
30022,CON-RES-1990-60,16223,13814,REPAIR
30025,CON-RES-1990-63,16226,13815,REPAIR
30049,CON-RES-1990-154,16250,13710,REPAIR
30055,CON-RES-1990-165,16256,13714,REPAIR
30060,CON-RES-1990-172,16261,13716,REPAIR
30061,CON-RES-1990-171,16262,13715,REPAIR
30063,CON-RES-1990-180,16264,13718,REPAIR
30065,CON-RES-1990-182,16266,13719,REPAIR
30070,CON-RES-1990-189,16271,13720,REPAIR
30092,CON-AG-1990-70,16293,7345,REPAIR
30093,CON-RES-1990-425,16294,13790,REPAIR
30097,CON-RES-1990-219,16298,13725,REPAIR
30105,CON-RES-1990-231,16306,13727,REPAIR
30111,CON-RES-1990-239,16312,13728,REPAIR
30112,CON-RES-1990-240,16313,13729,REPAIR
30113,CON-RES-1990-241,16314,13730,REPAIR
30114,CON-RES-1990-382,16315,13777,REPAIR
30119,CON-RES-1990-396,16320,13779,REPAIR
30123,CON-RES-1990-206,16324,13723,REPAIR
30124,CON-RES-1990-399,16325,13780,REPAIR
30126,CON-RES-1990-215,16327,13724,REPAIR
30158,CON-RES-1991-158,16359,13840,REPAIR
30167,CON-RES-1991-588,16368,13952,REPAIR
30175,CON-RES-1991-595,16376,13953,REPAIR
30187,CON-AG-1991-6,16388,7352,REPAIR
30188,CON-COM-1991-86,16389,8169,REPAIR
30192,CON-AG-1991-41,16393,7348,REPAIR
30193,CON-AG-1991-43,16394,7349,REPAIR
30195,CON-RES-1993-223,16396,14205,REPAIR
30198,CON-RES-1993-240,16399,14209,REPAIR
30199,CON-IND-1993-6,16400,10472,REPAIR
30203,CON-RES-1993-235,16404,14208,REPAIR
30204,CON-RES-1993-196,16405,14197,REPAIR
30208,CON-RES-1993-227,16409,14207,REPAIR
30215,CON-COM-1993-4,16416,8239,REPAIR
30217,CON-RES-1993-176,16418,14193,REPAIR
30223,CON-RES-1993-21,16424,,"SKIP: referenced as parent_prop_id"
30226,CON-RES-1993-15,16427,,"SKIP: referenced as parent_prop_id"
30227,CON-RES-1993-189,16428,14195,REPAIR
30229,CON-RES-1993-177,16430,14194,REPAIR
30246,CON-RES-1993-204,16447,14199,REPAIR
30250,CON-RES-1993-222,16451,14204,REPAIR
30251,CON-RES-1993-224,16452,14206,REPAIR
30252,CON-RES-1993-221,16453,14203,REPAIR
30257,CON-RES-1993-207,16458,14200,REPAIR
30266,CON-RES-1993-211,16467,14202,REPAIR
30267,CON-RES-1993-193,16468,14196,REPAIR
30269,CON-COM-1999-4,16470,8437,REPAIR
30270,CON-COM-1999-6,16471,8443,REPAIR
30271,CON-COM-1999-7,16472,8446,REPAIR
30272,CON-COM-1999-108,16473,8426,REPAIR
30274,CON-COM-1999-10,16475,8425,REPAIR
30278,CON-COM-1999-16,16479,8427,REPAIR
30283,CON-COM-1999-24,16484,8430,REPAIR
30294,CON-COM-1999-33,16495,8433,REPAIR
30295,CON-COM-1999-35,16496,8434,REPAIR
30297,CON-COM-1999-37,16498,8435,REPAIR
30298,CON-COM-1999-39,16499,8436,REPAIR
30302,CON-COM-1999-42,16503,8438,REPAIR
30303,CON-COM-1999-43,16504,8439,REPAIR
30308,CON-COM-1999-49,16509,8440,REPAIR
30311,CON-COM-1999-52,16512,8441,REPAIR
30315,CON-COM-1999-57,16516,8442,REPAIR
30322,CON-COM-1999-64,16522,8444,REPAIR
30337,CON-COM-1999-80,16537,8447,REPAIR
30339,CON-RES-1999-122,16539,14965,REPAIR
30362,CON-AG-1986-133,16562,7207,REPAIR
30363,CON-COM-1986-59,16563,8018,REPAIR
30364,CON-RES-1986-59,16564,12687,REPAIR
30373,CON-RES-1986-289,16573,12617,REPAIR
30375,CON-RES-1986-311,16575,12629,REPAIR
30389,CON-RES-1986-316,16589,12632,REPAIR
30391,CON-RES-1986-314,16591,12631,REPAIR
30413,CON-AG-1985-50,16613,7189,REPAIR
30415,CON-AG-1985-123,16615,,"SKIP: referenced as parent_prop_id"
30417,CON-AG-1985-106,16617,7173,REPAIR
30418,CON-COM-1985-80,16618,7995,REPAIR
30419,CON-IND-1985-2,16619,,"SKIP: referenced as parent_prop_id"
30420,CON-RES-1985-546,16620,12493,REPAIR
30422,CON-RES-1985-536,16622,12487,REPAIR
30423,CON-RES-1985-170,16623,12363,REPAIR
30424,CON-RES-1985-537,16624,12488,REPAIR
30425,CON-RES-1985-540,16625,12491,REPAIR
30430,CON-RES-1985-154,16630,12357,REPAIR
30431,CON-RES-1985-155,16631,12358,REPAIR
30432,CON-RES-1985-123,16632,12346,REPAIR
30434,CON-RES-1985-140,16634,12352,REPAIR
30435,CON-RES-1985-513,16635,12477,REPAIR
30442,CON-RES-1985-185,16642,12365,REPAIR
30443,CON-RES-1985-538,16643,12489,REPAIR
30445,CON-RES-1985-534,16645,12486,REPAIR
30446,CON-RES-1985-533,16646,12485,REPAIR
30452,CON-RES-1985-138,16652,12351,REPAIR
30454,CON-RES-1985-161,16654,12360,REPAIR
30455,CON-RES-1985-514,16655,12478,REPAIR
30458,CON-RES-1985-506,16658,12474,REPAIR
30459,CON-RES-1985-200,16659,12370,REPAIR
30461,CON-RES-1985-111,16661,12341,REPAIR
30462,CON-RES-1985-109,16662,,"SKIP: referenced as parent_prop_id"
30469,CON-RES-1985-523,16669,12481,REPAIR
30475,CON-RES-1985-118,16675,12344,REPAIR
30476,CON-RES-1985-116,16676,12343,REPAIR
30477,CON-RES-1985-505,16677,12473,REPAIR
30478,CON-RES-1985-504,16678,12472,REPAIR
30484,CON-RES-1985-193,16684,12368,REPAIR
30486,CON-RES-1987-946,16686,13277,REPAIR
30487,CON-RES-1987-100,16687,12705,REPAIR
30488,CON-RES-1987-1052,16688,12740,REPAIR
30489,CON-RES-1987-257,16689,12981,REPAIR
30490,CON-RES-1987-263,16690,12985,REPAIR
30494,CON-AG-1987-68,16694,,"SKIP: referenced as parent_prop_id"
30495,CON-RES-1987-1074,16695,12750,REPAIR
30496,CON-RES-1987-1058,16696,12744,REPAIR
30497,CON-RES-1987-370,16697,13037,REPAIR
30498,CON-RES-1987-357,16698,13029,REPAIR
30500,CON-RES-1987-242,16700,12973,REPAIR
30501,CON-RES-1987-243,16701,12974,REPAIR
30502,CON-RES-1987-1091,16702,12761,REPAIR
30503,CON-RES-1987-1093,16703,12762,REPAIR
30504,CON-RES-1987-285,16704,12995,REPAIR
30505,CON-RES-1987-142,16705,,"SKIP: OP/TOT relationship"
30506,CON-RES-1987-139,16706,12878,REPAIR
30507,CON-RES-1987-1042,16707,12733,REPAIR
30508,CON-RES-1987-129,16708,12847,REPAIR
30509,CON-RES-1987-1053,16709,12741,REPAIR
30510,CON-RES-1987-108,16710,12753,REPAIR
30513,CON-RES-1987-102,16713,12718,REPAIR
30514,CON-RES-1987-103,16714,12724,REPAIR
30516,CON-RES-1987-105,16716,12737,REPAIR
30522,CON-RES-1987-286,16722,12996,REPAIR
30523,CON-RES-1987-810,16723,13221,REPAIR
30524,CON-RES-1987-620,16724,13133,REPAIR
30525,CON-RES-1987-957,16725,13281,REPAIR
30526,CON-RES-1987-96,16726,13283,REPAIR
30527,CON-AG-1987-126,16727,7249,REPAIR
30529,CON-RES-1987-726,16729,13179,REPAIR
30530,CON-AG-1987-65,16730,7272,REPAIR
30533,CON-RES-1987-267,16733,12989,REPAIR
30534,CON-RES-1987-499,16734,13091,REPAIR
30535,CON-RES-1987-870,16735,,"SKIP: OP/TOT relationship"
30536,CON-RES-1987-264,16736,12986,REPAIR
30537,CON-RES-1987-851,16737,13238,REPAIR
30538,CON-RES-1987-1295,16738,12851,REPAIR
30540,CON-RES-1987-501,16740,13094,REPAIR
30541,CON-RES-1987-400,16741,13052,REPAIR
30542,CON-RES-1987-168,16742,12932,REPAIR
30543,CON-RES-1987-460,16743,13079,REPAIR
30544,CON-RES-1987-786,16744,13205,REPAIR
30553,CON-AG-1986-105,16753,7200,REPAIR
30554,CON-AG-1986-110,16754,7202,REPAIR
30558,CON-AG-1986-121,16758,7204,REPAIR
30559,CON-AG-1986-122,16759,7205,REPAIR
30564,CON-AG-1986-129,16764,7206,REPAIR
30566,CON-AG-1986-139,16766,7208,REPAIR
30568,CON-AG-1986-142,16768,7211,REPAIR
30569,CON-AG-1986-144,16769,7212,REPAIR
30575,CON-AG-1986-149,16775,7213,REPAIR
30578,CON-AG-1986-151,16778,7214,REPAIR
30579,CON-AG-1986-152,16779,7215,REPAIR
30582,CON-AG-1986-158,16782,7217,REPAIR
30624,CON-RES-1989-207,16823,13571,REPAIR
30629,CON-RES-RC-1982-521,16828,18247,REPAIR
30639,CON-AG-1982-250,16838,6948,REPAIR
30641,CON-AG-1982-378,16840,6988,REPAIR
30655,CON-AG-1982-103,16854,6878,REPAIR
30656,CON-AG-1982-1,16855,6877,REPAIR
30657,CON-RES-RC-1982-631,16856,18352,REPAIR
30658,CON-RES-1982-299,16857,11444,REPAIR
30659,CON-IND-1989-2,16858,10462,REPAIR
30660,CON-RES-1989-267,16859,13590,REPAIR
30661,CON-RES-1989-166,16860,13559,REPAIR
30662,CON-RES-1989-175,16861,13562,REPAIR
30663,CON-RES-1989-162,16862,13557,REPAIR
30664,CON-IND-1981-6,16863,10393,REPAIR
30665,CON-RES-1982-1531,16864,11307,REPAIR
30666,CON-AG-1982-571,16865,7042,REPAIR
30667,CON-RES-RC-1982-467,16866,18191,REPAIR
30668,CON-RES-RC-1982-359,16867,18087,REPAIR
30669,CON-RES-RC-1982-360,16868,18089,REPAIR
30670,CON-RES-RC-1982-363,16869,18092,REPAIR
30671,CON-RES-RC-1982-571,16870,,"SKIP: OP/TOT relationship"
30675,CON-RES-RC-1982-357,16874,,"SKIP: OP/TOT relationship"
30677,CON-RES-RC-1982-430,16876,18157,REPAIR
30678,CON-RES-RC-1982-200,16877,17975,REPAIR
30679,CON-RES-RC-1982-511,16878,18237,REPAIR
30680,CON-RES-RC-1982-466,16879,18190,REPAIR
30681,CON-RES-RC-1982-362,16880,,"SKIP: OP/TOT relationship"
30682,CON-RES-RC-1982-364,16881,18093,REPAIR
30683,CON-RES-RC-1982-198,16882,17972,REPAIR
30685,CON-AG-1982-489,16884,7021,REPAIR
30690,CON-RES-RC-1982-437,16889,,"SKIP: OP/TOT relationship"
30692,CON-RES-RC-1982-400,16890,18126,REPAIR
30693,CON-AG-RC-1982-120,16891,7617,REPAIR
30695,CON-RES-RC-1982-463,16893,18188,REPAIR
30696,CON-RES-RC-1982-471,16894,18196,REPAIR
30697,CON-RES-RC-1982-190,16895,17965,REPAIR
30701,CON-RES-1982-680,16899,11683,REPAIR
30702,CON-RES-1983-24,16900,11894,REPAIR
30707,CON-RES-1983-523,16905,12007,REPAIR
30708,CON-RES-1983-334,16906,11940,REPAIR
30709,CON-IND-1983-34,16907,10436,REPAIR
30727,CON-RES-1984-627,16924,12298,REPAIR
30728,CON-RES-1984-47,16925,12241,REPAIR
30730,CON-RES-1984-63,16927,12299,REPAIR
30753,CON-RES-1984-147,16950,12152,REPAIR
30755,CON-RES-1984-621,16952,12297,REPAIR
30756,CON-RES-1984-228,16953,12177,REPAIR
30766,CON-RES-1985-430,16963,12447,REPAIR
30771,CON-RES-1985-477,16968,12462,REPAIR
30775,CON-RES-1985-217,16972,12375,REPAIR
30777,CON-RES-1985-21,16974,12372,REPAIR
30780,CON-RES-1985-437,16977,12449,REPAIR
30781,CON-RES-1985-320,16978,12404,REPAIR
30782,CON-RES-1985-339,16979,12412,REPAIR
30783,CON-RES-1985-641,16980,12528,REPAIR
30784,CON-RES-1985-379,16981,12431,REPAIR
30785,CON-RES-1985-322,16982,12406,REPAIR
30786,CON-RES-1985-359,16983,12422,REPAIR
30788,CON-RES-1985-374,16985,12430,REPAIR
30789,CON-RES-1985-341,16986,12414,REPAIR
30792,CON-RES-1985-629,16989,12525,REPAIR
30793,CON-RES-1985-333,16990,12409,REPAIR
30796,CON-RES-1985-640,16993,12527,REPAIR
30797,CON-RES-1985-268,16994,12390,REPAIR
30798,CON-RES-1985-267,16995,12389,REPAIR
30799,CON-RES-1985-275,16996,12392,REPAIR
30800,CON-RES-1985-276,16997,12393,REPAIR
30801,CON-RES-1985-277,16998,,"SKIP: OP/TOT relationship"
30802,CON-RES-1985-544,16999,12492,REPAIR
30803,CON-RES-1987-639,17000,13141,REPAIR
30804,CON-RES-1987-884,17001,13257,REPAIR
30805,CON-RES-1987-220,17002,12959,REPAIR
30807,CON-RES-1987-776,17004,13200,REPAIR
30808,CON-RES-1987-141,17005,12886,REPAIR
30809,CON-RES-1987-1294,17006,12850,REPAIR
30810,CON-RES-1987-1025,17007,12720,REPAIR
30811,CON-RES-1987-856,17008,13242,REPAIR
30812,CON-RES-1987-248,17009,12978,REPAIR
30813,CON-RES-1987-705,17010,13169,REPAIR
30814,CON-RES-1987-980,17011,13295,REPAIR
30815,CON-RES-1987-130,17012,12855,REPAIR
30816,CON-RES-1987-177,17013,12934,REPAIR
30817,CON-RES-1987-999,17014,13301,REPAIR
30818,CON-RES-1987-559,17015,13116,REPAIR
30819,CON-RES-1987-244,17016,12975,REPAIR
30820,CON-RES-1987-265,17017,12987,REPAIR
30821,CON-RES-1987-246,17018,12976,REPAIR
30822,CON-RES-1987-16,17019,12928,REPAIR
30823,CON-RES-1987-43,17020,13066,REPAIR
30824,CON-RES-1987-44,17021,13069,REPAIR
30825,CON-RES-1987-20,17022,12950,REPAIR
30826,CON-RES-1987-613,17023,13130,REPAIR
30827,CON-RES-1987-34,17024,13019,REPAIR
30828,CON-RES-1987-314,17025,13008,REPAIR
30829,CON-RES-1987-1035,17026,12729,REPAIR
30830,CON-RES-1987-179,17027,12936,REPAIR
30831,CON-RES-1987-446,17028,13071,REPAIR
30832,CON-RES-1987-439,17029,13068,REPAIR
30833,CON-RES-1987-1019,17030,12717,REPAIR
30834,CON-RES-1987-449,17031,13072,REPAIR
30835,CON-RES-1987-1113,17032,12773,REPAIR
30836,CON-RES-1987-1110,17033,12772,REPAIR
30837,CON-RES-1987-428,17034,13065,REPAIR
30838,CON-RES-1987-1136,17035,12786,REPAIR
30839,CON-RES-1987-850,17036,13237,REPAIR
30840,CON-RES-1987-855,17037,13241,REPAIR
30841,CON-RES-1987-184,17038,12939,REPAIR
30847,CON-RES-1987-206,17044,12953,REPAIR
30848,CON-RES-1987-498,17045,13090,REPAIR
30849,CON-RES-1987-1034,17046,12728,REPAIR
30850,CON-RES-1987-1018,17047,12716,REPAIR
30851,CON-RES-1987-733,17048,13181,REPAIR
30853,CON-RES-1987-190,17050,12942,REPAIR
30854,CON-RES-1987-196,17051,12946,REPAIR
30855,CON-RES-1987-391,17052,13048,REPAIR
30856,CON-RES-1987-1165,17053,12802,REPAIR
30859,CON-RES-1987-423,17056,13063,REPAIR
30878,CON-RES-1987-406,17075,13056,REPAIR
30879,CON-RES-1987-312,17076,13007,REPAIR
30880,CON-RES-1987-420,17077,13060,REPAIR
30881,CON-RES-1987-419,17078,13059,REPAIR
30882,CON-RES-1987-422,17079,13062,REPAIR
30883,CON-RES-1987-732,17080,13180,REPAIR
30884,CON-RES-1987-86,17081,13245,REPAIR
30885,CON-RES-1987-321,17082,13012,REPAIR
30886,CON-RES-1987-896,17083,13263,REPAIR
30887,CON-RES-1987-890,17084,13261,REPAIR
30888,CON-RES-1987-147,17085,12914,REPAIR
30889,CON-RES-1987-317,17086,13010,REPAIR
30890,CON-RES-1987-1008,17087,12712,REPAIR
30891,CON-RES-1987-681,17088,13159,REPAIR
30892,CON-RES-1987-1292,17089,12848,REPAIR
30893,CON-RES-1987-1289,17090,12846,REPAIR
30894,CON-RES-1987-750,17091,13188,REPAIR
30895,CON-RES-1987-1041,17092,,"SKIP: OP/TOT relationship"
30896,CON-RES-1987-403,17093,13053,REPAIR
30897,CON-RES-1987-1255,17094,12834,REPAIR
30898,CON-RES-1987-942,17095,13274,REPAIR
30899,CON-RES-1987-411,17096,13058,REPAIR
30900,CON-RES-1987-735,17097,13183,REPAIR
30901,CON-RES-1987-262,17098,12984,REPAIR
30902,CON-RES-1987-144,17099,12899,REPAIR
30904,CON-RES-1987-194,17101,12944,REPAIR
30908,CON-RES-1987-219,17105,12958,REPAIR
30909,CON-RES-1987-193,17106,12943,REPAIR
30914,CON-RES-1987-977,17111,13294,REPAIR
30917,CON-RES-1987-1152,17114,12796,REPAIR
30918,CON-RES-1987-1154,17115,12797,REPAIR
30919,CON-RES-1987-87,17116,13251,REPAIR
30922,CON-RES-1987-92,17119,13266,REPAIR
30926,CON-RES-1987-1263,17123,12837,REPAIR
30927,CON-RES-1987-1249,17124,12829,REPAIR
30928,CON-RES-1987-1231,17125,12824,REPAIR
30930,CON-RES-1987-51,17127,13096,REPAIR
30931,CON-RES-1987-145,17128,12903,REPAIR
30932,CON-RES-1987-1002,17129,12707,REPAIR
30933,CON-RES-1987-188,17130,12940,REPAIR
30934,CON-RES-1987-715,17131,13173,REPAIR
30935,CON-RES-1987-388,17132,13045,REPAIR
30936,CON-RES-1987-250,17133,12980,REPAIR
30937,CON-RES-1987-1082,17134,12755,REPAIR
30938,CON-RES-1987-1243,17135,12826,REPAIR
30940,CON-RES-1987-72,17137,13176,REPAIR
30941,CON-RES-1987-76,17138,13190,REPAIR
30942,CON-RES-1987-74,17139,13184,REPAIR
30943,CON-RES-1987-766,17140,13195,REPAIR
30944,CON-RES-1987-763,17141,13193,REPAIR
30945,CON-RES-1987-224,17142,12963,REPAIR
30946,CON-RES-1987-1251,17143,12832,REPAIR
30951,CON-RES-1989-144,17148,13549,REPAIR
30952,CON-RES-1989-184,17149,13564,REPAIR
30953,CON-RES-1989-185,17150,13565,REPAIR
30955,CON-RES-1989-49,17152,13661,REPAIR
30956,CON-RES-1989-248,17153,13586,REPAIR
30957,CON-RES-1989-429,17154,13630,REPAIR
30958,CON-RES-1989-55,17155,13674,REPAIR
30959,CON-RES-1989-125,17156,13541,REPAIR
30968,CON-RES-1982-12,17165,11153,REPAIR
30969,CON-RES-1982-5,17166,11567,REPAIR
30970,CON-RES-1982-4,17167,11503,REPAIR
30972,CON-RES-1982-108,17169,11095,REPAIR
30973,CON-RES-1982-104,17170,11079,REPAIR
30979,CON-RES-1982-1011,17176,11064,REPAIR
30981,CON-RES-1982-210,17178,11384,REPAIR
30982,CON-RES-1982-203,17179,11379,REPAIR
30986,CON-RES-1982-229,17183,170831,REPAIR
30988,CON-RES-1982-1485,17185,11287,REPAIR
30990,CON-RES-1982-239,17187,11406,REPAIR
30993,CON-RES-1982-1483,17190,11285,REPAIR
30998,CON-RES-1982-251,17195,170785,REPAIR
31001,CON-RES-1982-997,17198,11836,REPAIR
31003,CON-RES-1982-220,17200,,"SKIP: OP/TOT relationship"
31004,CON-RES-1982-215,17201,11389,REPAIR
31005,CON-RES-1982-253,17202,11412,REPAIR
31006,CON-RES-1982-259,17203,11417,REPAIR
31009,CON-RES-1982-1456,17206,11277,REPAIR
31010,CON-RES-1982-1274,17207,11186,REPAIR
31013,CON-RES-1982-553,17210,11604,REPAIR
31014,CON-RES-1982-252,17211,11411,REPAIR
31019,CON-RES-1982-1096,17216,11101,REPAIR
31021,CON-RES-1982-240,17218,11407,REPAIR
31022,CON-RES-1982-805,17219,11742,REPAIR
31023,CON-RES-1982-225,17220,11397,REPAIR
31024,CON-RES-1982-15,17221,11292,REPAIR
31025,CON-RES-1982-1213,17222,11162,REPAIR
31026,CON-RES-1982-1463,17223,11279,REPAIR
31027,CON-RES-1982-1098,17224,11103,REPAIR
31028,CON-RES-1982-507,17225,11574,REPAIR
31030,CON-RES-1982-186,17227,11365,REPAIR
31031,CON-RES-1982-1309,17228,11208,REPAIR
31032,CON-RES-1982-563,17229,11612,REPAIR
31033,CON-RES-RC-1982-567,17230,18289,REPAIR
31034,CON-RES-RC-1982-186,17231,17960,REPAIR
31035,CON-RES-RC-1982-560,17232,18286,REPAIR
31036,CON-RES-RC-1982-559,17233,18284,REPAIR
31037,CON-RES-RC-1982-164,17234,17939,REPAIR
31038,CON-RES-RC-1982-216,17235,17993,REPAIR
31039,CON-RES-RC-1982-1065,17236,17866,REPAIR
31040,CON-RES-RC-1982-215,17237,17992,REPAIR
31041,CON-RES-RC-1982-109,17238,17869,REPAIR
31042,CON-RES-RC-1982-1150,17239,17877,REPAIR
31043,CON-RES-RC-1982-1174,17240,17879,REPAIR
31044,CON-RES-RC-1982-604,17241,18329,REPAIR
31045,CON-RES-RC-1982-1226,17242,17887,REPAIR
31046,CON-RES-RC-1982-102,17243,17859,REPAIR
31050,CON-RES-RC-1982-1032,17247,17862,REPAIR
31058,CON-RES-1982-212,17255,11386,REPAIR
31059,CON-RES-1982-219,17256,11392,REPAIR
31060,CON-RES-1982-373,17257,11486,REPAIR
31061,CON-RES-1982-348,17258,11466,REPAIR
31062,CON-RES-1982-149,17259,169037,REPAIR
31067,CON-RES-1982-156,17264,11320,REPAIR
31068,CON-RES-1982-1,17265,,"SKIP: OP/TOT relationship"
31070,CON-RES-1982-913,17267,11797,REPAIR
31071,CON-RES-1982-936,17268,11813,REPAIR
31072,CON-RES-1982-575,17269,173129,REPAIR
31077,CON-RES-1982-562,17274,11611,REPAIR
31082,CON-RES-1982-574,17279,11620,REPAIR
31083,CON-RES-1982-1346,17280,11227,REPAIR
31084,CON-RES-1982-2,17281,11376,REPAIR
31087,CON-RES-1982-363,17284,11477,REPAIR
31088,CON-RES-1982-218,17285,,"SKIP: OP/TOT relationship"
31089,CON-RES-1982-254,17286,11413,REPAIR
31090,CON-RES-1982-852,17287,11768,REPAIR
31091,CON-RES-1982-214,17288,11388,REPAIR
31092,CON-RES-1982-1380,17289,11238,REPAIR
31093,CON-RES-1982-853,17290,11769,REPAIR
31094,CON-RES-1982-953,17291,11819,REPAIR
31095,CON-RES-1982-366,17292,11479,REPAIR
31096,CON-RES-1982-1484,17293,11286,REPAIR
31097,CON-RES-RC-1982-283,17294,,"SKIP: OP/TOT relationship"
31099,CON-RES-RC-1982-450,17296,18178,REPAIR
31100,CON-RES-RC-1982-286,17297,18017,REPAIR
31101,CON-RES-RC-1982-110,17298,17871,REPAIR
31103,CON-RES-1982-118,17300,11140,REPAIR
31105,CON-RES-1982-1095,17302,11100,REPAIR
31115,CON-RES-1982-630,17312,11661,REPAIR
31117,CON-RES-1994-663,17314,14506,REPAIR
31120,CON-RES-1994-666,17317,14507,REPAIR
31121,CON-RES-1994-667,17318,14508,REPAIR
31122,CON-RES-1994-668,17319,14509,REPAIR
31128,CON-RES-1994-676,17325,14510,REPAIR
31129,CON-RES-1994-677,17326,14511,REPAIR
31132,CON-RES-1994-681,17329,14512,REPAIR
31135,CON-RES-1994-701,17332,14519,REPAIR
31136,CON-RES-1994-702,17333,14520,REPAIR
31140,CON-RES-1994-709,17337,14523,REPAIR
31141,CON-RES-1994-710,17338,14525,REPAIR
31171,CON-RES-1995-158,17368,14558,REPAIR
31179,CON-RES-1995-169,17376,14561,REPAIR
31181,CON-RES-1995-171,17378,14562,REPAIR
31182,CON-RES-1995-172,17379,14563,REPAIR
31183,CON-RES-1995-175,17380,14565,REPAIR
31184,CON-RES-1995-176,17381,14566,REPAIR
31185,CON-RES-1995-177,17382,14567,REPAIR
31186,CON-RES-1995-178,17383,14568,REPAIR
31188,CON-RES-1995-180,17385,14569,REPAIR
31198,CON-RES-1995-193,17395,14572,REPAIR
31202,CON-RES-1995-253,17399,14588,REPAIR
31206,CON-RES-1995-257,17403,14589,REPAIR
31207,CON-RES-1995-258,17404,14590,REPAIR
31211,CON-RES-1995-266,17408,14592,REPAIR
31214,CON-RES-1995-269,17411,14593,REPAIR
31216,CON-RES-1995-271,17413,14594,REPAIR
31271,CON-AG-1995-19,17468,7394,REPAIR
31272,CON-AG-1995-21,17469,7395,REPAIR
31273,CON-AG-1995-23,17470,7396,REPAIR
31276,CON-COM-1995-55,17473,8319,REPAIR
31279,CON-AG-1995-58,17476,7402,REPAIR
31281,CON-COM-1995-60,17478,8320,REPAIR
31282,CON-COM-1995-61,17479,8321,REPAIR
31284,CON-COM-1995-67,17481,8323,REPAIR
31285,CON-COM-1995-69,17482,8324,REPAIR
31294,CON-COM-1995-84,17491,8328,REPAIR
31298,CON-IND-1995-5,17495,10479,REPAIR
31299,CON-IND-1995-6,17496,10480,REPAIR
31300,CON-IND-1995-7,17497,10481,REPAIR
31301,CON-IND-1995-8,17498,10482,REPAIR
31302,CON-COM-1995-20,17499,8304,REPAIR
31305,CON-AG-1995-53,17502,7400,REPAIR
31306,CON-AG-1995-54,17503,7401,REPAIR
31312,CON-RES-1995-79,17509,14687,REPAIR
31314,CON-COM-1995-77,17511,8326,REPAIR
31317,CON-AG-1995-86,17514,7406,REPAIR
31318,CON-COM-1995-91,17515,8333,REPAIR
31321,CON-COM-1995-99,17518,8338,REPAIR
31327,CON-RES-1995-263,17524,14591,REPAIR
31329,CON-RES-1995-286,17526,14600,REPAIR
31337,CON-RES-1995-481,17534,14642,REPAIR
31340,CON-RES-1995-485,17537,14643,REPAIR
31341,CON-RES-1995-487,17538,14644,REPAIR
31357,CON-RES-1995-577,17554,14656,REPAIR
31358,CON-RES-1995-580,17555,14657,REPAIR
31359,CON-RES-1995-581,17556,14658,REPAIR
31360,CON-RES-1995-582,17557,14659,REPAIR
31361,CON-RES-1995-583,17558,14660,REPAIR
31362,CON-RES-1995-584,17559,14661,REPAIR
31363,CON-RES-1995-585,17560,14662,REPAIR
31367,CON-RES-1995-590,17564,14663,REPAIR
31368,CON-RES-1995-593,17565,14665,REPAIR
31370,CON-RES-1995-596,17567,14666,REPAIR
31371,CON-RES-1995-598,17568,14668,REPAIR
31373,CON-COM-1995-15,17570,8302,REPAIR
31375,CON-COM-1995-40,17572,8313,REPAIR
31376,CON-COM-1995-37,17573,8312,REPAIR
31377,CON-IND-1997-10,17574,10490,REPAIR
31379,CON-COM-1997-46,17576,8375,REPAIR
31406,CON-RES-1997-298,17603,14836,REPAIR
31408,CON-RES-1997-355,17605,14855,REPAIR
31413,CON-RES-1997-366,17610,14856,REPAIR
31415,CON-AG-1994-17,17612,7378,REPAIR
31416,CON-RES-1994-318,17613,14396,REPAIR
31417,CON-RES-1994-317,17614,14395,REPAIR
31418,CON-RES-1994-316,17615,14394,REPAIR
31419,CON-RES-1994-314,17616,14392,REPAIR
31420,CON-RES-1994-312,17617,14391,REPAIR
31422,CON-RES-1994-310,17619,14390,REPAIR
31425,CON-RES-1994-304,17622,14387,REPAIR
31426,CON-RES-1994-328,17623,14407,REPAIR
31427,CON-RES-1994-327,17624,14406,REPAIR
31428,CON-RES-1994-326,17625,14405,REPAIR
31429,CON-RES-1994-325,17626,14404,REPAIR
31430,CON-RES-1994-324,17627,14403,REPAIR
31431,CON-RES-1994-322,17628,14401,REPAIR
31432,CON-RES-1994-321,17629,14400,REPAIR
31433,CON-RES-1994-320,17630,14399,REPAIR
31434,CON-RES-1994-319,17631,14397,REPAIR
31435,CON-RES-1994-340,17632,14419,REPAIR
31436,CON-RES-1994-339,17633,14418,REPAIR
31437,CON-RES-1994-338,17634,14417,REPAIR
31438,CON-RES-1994-337,17635,14416,REPAIR
31439,CON-RES-1994-336,17636,14415,REPAIR
31440,CON-RES-1994-335,17637,14414,REPAIR
31441,CON-RES-1994-332,17638,14411,REPAIR
31442,CON-RES-1994-331,17639,14410,REPAIR
31443,CON-RES-1994-330,17640,14409,REPAIR
31444,CON-RES-1994-329,17641,14408,REPAIR
31445,CON-RES-1994-345,17642,14424,REPAIR
31446,CON-RES-1994-344,17643,14423,REPAIR
31447,CON-RES-1994-343,17644,14422,REPAIR
31448,CON-RES-1994-342,17645,14421,REPAIR
31449,CON-RES-1994-341,17646,14420,REPAIR
31450,CON-RES-1994-323,17647,14402,REPAIR
31451,CON-RES-1994-706,17648,14521,REPAIR
31455,CON-RES-1994-716,17652,14527,REPAIR
31456,CON-RES-1994-360,17653,14437,REPAIR
31458,CON-RES-1994-356,17655,14433,REPAIR
31459,CON-RES-1994-355,17656,14432,REPAIR
31461,CON-RES-1994-357,17658,14434,REPAIR
31462,CON-RES-1994-244,17659,14356,REPAIR
31463,CON-RES-1994-362,17660,14439,REPAIR
31465,CON-RES-1994-153,17662,14333,REPAIR
31466,CON-RES-1994-365,17663,14442,REPAIR
31467,CON-RES-1994-364,17664,14441,REPAIR
31468,CON-RES-1994-363,17665,14440,REPAIR
31469,CON-RES-1994-369,17666,14446,REPAIR
31470,CON-RES-1994-368,17667,14445,REPAIR
31471,CON-RES-1994-367,17668,14444,REPAIR
31472,CON-RES-1994-366,17669,14443,REPAIR
31473,CON-RES-1994-371,17670,14449,REPAIR
31474,CON-RES-1994-370,17671,14448,REPAIR
31476,CON-RES-1994-374,17673,14450,REPAIR
31479,CON-RES-1994-359,17676,14436,REPAIR
31480,CON-RES-1994-358,17677,14435,REPAIR
31483,CON-RES-1994-715,17680,14526,REPAIR
31485,CON-RES-1994-361,17681,14438,REPAIR
31490,CON-RES-1994-51,17686,14486,REPAIR
31492,CON-AG-1994-18,17688,7379,REPAIR
31494,CON-RES-1994-24,17690,14353,REPAIR
31495,CON-AG-1994-8,17691,7389,REPAIR
31496,CON-AG-1994-51,17692,7386,REPAIR
31498,CON-RES-1994-289,17694,14381,REPAIR
31499,CON-COM-1994-24,17695,8274,REPAIR
31500,CON-AG-1994-22,17696,7380,REPAIR
31501,CON-COM-1994-22,17697,8273,REPAIR
31504,CON-COM-1994-13,17700,8267,REPAIR
31508,CON-RES-1994-252,17704,14359,REPAIR
31511,CON-AG-1994-14,17707,7377,REPAIR
31512,CON-COM-1994-9,17708,8297,REPAIR
31514,CON-COM-1994-10,17710,8265,REPAIR
31516,CON-COM-1994-37,17712,8279,REPAIR
31517,CON-COM-1994-39,17713,8280,REPAIR
31518,CON-COM-1994-36,17714,8278,REPAIR
31521,CON-COM-1994-43,17717,8281,REPAIR
31522,CON-COM-1994-44,17718,8282,REPAIR
31525,CON-COM-1994-48,17721,8284,REPAIR
31532,CON-COM-1994-33,17728,8276,REPAIR
31533,CON-COM-1994-35,17729,8277,REPAIR
31536,CON-COM-1994-45,17732,8283,REPAIR
31538,CON-COM-2004-58,17734,8655,REPAIR
31547,CON-AG-2004-2,17743,7459,REPAIR
31553,CON-AG-2004-8,17749,7468,REPAIR
31555,CON-AG-2004-26,17751,7461,REPAIR
31556,CON-AG-2004-17,17752,7458,REPAIR
31557,CON-AG-2004-42,17753,7465,REPAIR
31558,CON-AG-2004-46,17754,7466,REPAIR
31559,CON-AG-2004-35,17755,7464,REPAIR
31562,CON-RES-2004-139,17758,15387,REPAIR
31570,CON-COM-2004-23,17766,8637,REPAIR
31576,CON-RES-2004-339,17772,15451,REPAIR
31577,CON-RES-2004-282,17773,15425,REPAIR
31578,CON-RES-2004-281,17774,15424,REPAIR
31592,CON-AG-2004-6,17788,7467,REPAIR
31595,CON-RES-2004-287,17791,15428,REPAIR
31596,CON-RES-2004-298,17792,15431,REPAIR
31597,CON-RES-2004-107,17793,15382,REPAIR
31605,CON-RES-1982-543,17801,11597,REPAIR
31608,CON-RES-1982-923,17804,11806,REPAIR
31613,CON-RES-1982-1444,17809,11270,REPAIR
31625,CON-RES-1982-1021,17821,11069,REPAIR
31627,CON-RES-1982-1031,17823,11075,REPAIR
31630,CON-RES-1982-982,17826,11829,REPAIR
31631,CON-RES-1982-829,17827,11751,REPAIR
31636,CON-RES-1982-1414,17832,11256,REPAIR
31637,CON-RES-1982-1243,17833,11171,REPAIR
31641,CON-RES-1982-790,17837,11734,REPAIR
31643,CON-RES-1982-367,17839,11480,REPAIR
31644,CON-RES-1982-975,17840,11826,REPAIR
31648,CON-RES-1982-41,17844,168022,REPAIR
31649,CON-RES-1982-1306,17845,11205,REPAIR
31651,CON-RES-1982-1227,17847,11168,REPAIR
31657,CON-RES-1982-503,17853,11572,REPAIR
31658,CON-RES-1982-1313,17854,11209,REPAIR
31660,CON-RES-1982-1406,17856,11253,REPAIR
31661,CON-RES-1982-1479,17857,11283,REPAIR
31662,CON-RES-1982-56,17858,11610,REPAIR
31663,CON-RES-1982-518,17859,11580,REPAIR
31664,CON-RES-1982-1316,17860,11210,REPAIR
31668,CON-RES-1986-195,17864,12584,REPAIR
31669,CON-RES-1986-381,17865,12660,REPAIR
31670,CON-RES-1986-296,17866,12621,REPAIR
31671,CON-RES-1986-297,17867,12622,REPAIR
31672,CON-RES-1986-9,17868,12701,REPAIR
31674,CON-RES-1986-295,17870,12620,REPAIR
31681,CON-RES-1986-294,17877,12619,REPAIR
31685,CON-RES-1986-13,17881,12561,REPAIR
31686,CON-RES-1986-7,17882,12691,REPAIR
31692,CON-RES-1986-11,17888,12557,REPAIR
31694,CON-RES-1986-254,17890,12608,REPAIR
31697,CON-RES-1986-144,17893,12568,REPAIR
31709,CON-RES-1986-268,17905,12609,REPAIR
31710,CON-RES-1986-53,17906,12685,REPAIR
31713,CON-RES-RC-1986-21,17909,18607,REPAIR
31714,CON-AG-1986-34,17910,7223,REPAIR
31717,CON-IND-1984-25,17913,10446,REPAIR
31732,CON-COM-1984-116,17928,7911,REPAIR
31735,CON-COM-1984-107,17931,7908,REPAIR
31739,CON-COM-1984-200,17935,7936,REPAIR
31749,CON-COM-1984-151,17945,7920,REPAIR
31759,CON-COM-1984-135,17955,7918,REPAIR
31762,CON-RES-1984-180,17958,12164,REPAIR
31763,CON-RES-1984-72,17959,12324,REPAIR
31764,CON-RES-1984-311,17960,12201,REPAIR
31766,CON-RES-1984-649,17962,12302,REPAIR
31767,CON-RES-1984-651,17963,12303,REPAIR
31769,CON-RES-1984-558,17965,12275,REPAIR
31771,CON-RES-1984-48,17967,12244,REPAIR
31782,CON-RES-1984-560,17978,12277,REPAIR
31786,CON-RES-1984-577,17982,12282,REPAIR
31793,CON-RES-1984-152,17989,12154,REPAIR
31801,CON-RES-1984-712,17997,12322,REPAIR
31803,CON-RES-1984-583,17999,12286,REPAIR
31805,CON-RES-1984-586,18001,12287,REPAIR
31806,CON-RES-1984-570,18002,12279,REPAIR
31812,CON-RES-1984-606,18008,12292,REPAIR
31815,CON-RES-1984-16,18011,12158,REPAIR
31816,CON-RES-1984-620,18012,12296,REPAIR
31828,CON-RES-1984-3,18024,12198,REPAIR
31829,CON-RES-1984-125,18025,12144,REPAIR
31830,CON-RES-1984-451,18026,12233,REPAIR
31831,CON-RES-1984-452,18027,12234,REPAIR
31832,CON-RES-1984-366,18028,12216,REPAIR
31836,CON-RES-1984-26,18032,12185,REPAIR
31837,CON-RES-1984-194,18033,12165,REPAIR
31838,CON-RES-1984-68,18034,12315,REPAIR
31839,CON-RES-1984-67,18035,12308,REPAIR
31841,CON-RES-1984-74,18037,12325,REPAIR
31842,CON-RES-1984-36,18038,12214,REPAIR
31843,CON-RES-1984-113,18039,12140,REPAIR
31845,CON-RES-1984-6,18041,12290,REPAIR
31847,CON-RES-1984-9,18043,12330,REPAIR
31848,CON-RES-1984-568,18044,12278,REPAIR
31850,CON-RES-1984-52,18046,12261,REPAIR
31861,CON-RES-1984-153,18057,12155,REPAIR
31865,CON-RES-1984-161,18061,12159,REPAIR
31881,CON-RES-1984-694,18077,12318,REPAIR
31883,CON-RES-1984-44,18079,102264,REPAIR
31886,CON-RES-1984-22,18082,12174,REPAIR
31902,CON-RES-1984-709,18098,12321,REPAIR
31903,CON-RES-1985-19,18099,12366,REPAIR
31904,CON-RES-1985-400,18100,12438,REPAIR
31905,CON-RES-1985-635,18101,12526,REPAIR
31910,CON-RES-1985-305,18106,12400,REPAIR
31927,CON-RES-1982-26,18123,11418,REPAIR
31933,CON-RES-1982-556,18129,11607,REPAIR
31934,CON-RES-1982-230,18130,11401,REPAIR
31940,CON-RES-1982-973,18136,11825,REPAIR
31941,CON-RES-1982-1496,18137,11290,REPAIR
31942,CON-RES-1982-838,18138,11760,REPAIR
31945,CON-RES-1982-238,18141,170802,REPAIR
31946,CON-RES-1982-245,18142,170780,REPAIR
31951,CON-RES-1982-521,18147,11583,REPAIR
31957,CON-RES-1982-588,18153,11628,REPAIR
31958,CON-RES-1982-1455,18154,11276,REPAIR
31959,CON-RES-1982-803,18155,11740,REPAIR
31964,CON-RES-1982-824,18160,11747,REPAIR
31965,CON-RES-1982-998,18161,11837,REPAIR
31970,CON-RES-1982-1408,18166,11254,REPAIR
31971,CON-RES-1982-819,18167,11744,REPAIR
31972,CON-RES-1982-586,18168,11626,REPAIR
31975,CON-RES-1982-1204,18171,11155,REPAIR
31976,CON-RES-1982-1400,18172,11249,REPAIR
31977,CON-RES-1982-580,18173,11624,REPAIR
31978,CON-RES-1982-1373,18174,11234,REPAIR
31979,CON-RES-1982-509,18175,11575,REPAIR
31980,CON-RES-1982-547,18176,11599,REPAIR
31982,CON-RES-1982-536,18178,11594,REPAIR
31983,CON-RES-1982-535,18179,11593,REPAIR
31984,CON-RES-1982-557,18180,11608,REPAIR
31985,CON-RES-1982-1465,18181,11280,REPAIR
31986,CON-RES-1982-598,18182,11633,REPAIR
31987,CON-RES-1982-211,18183,,"SKIP: OP/TOT relationship"
31990,CON-RES-1982-910,18186,11796,REPAIR
31991,CON-RES-1982-398,18187,11501,REPAIR
31992,CON-RES-1983-359,18188,11948,REPAIR
32000,CON-RES-1983-611,18196,12039,REPAIR
32001,CON-RES-1983-614,18197,,"SKIP: referenced as parent_prop_id"
32003,CON-RES-1983-156,18199,11861,REPAIR
32005,CON-RES-1983-631,18201,12048,REPAIR
32013,CON-RES-1983-163,18209,11864,REPAIR
32015,CON-RES-1983-174,18211,11871,REPAIR
32018,CON-RES-1983-175,18214,11872,REPAIR
32022,CON-RES-1983-198,18218,11881,REPAIR
32033,CON-RES-1983-155,18229,11860,REPAIR
32034,CON-RES-1983-173,18230,11870,REPAIR
32035,CON-RES-1983-152,18231,11859,REPAIR
32036,CON-RES-1983-151,18232,11858,REPAIR
32037,CON-RES-1983-832,18233,12113,REPAIR
32038,CON-RES-1983-176,18234,11873,REPAIR
32039,CON-RES-1982-832,18235,11754,REPAIR
32040,CON-RES-1982-358,18236,11472,REPAIR
32041,CON-RES-1982-221,18237,11396,REPAIR
32042,CON-RES-1982-400,18238,11504,REPAIR
32044,CON-RES-1982-800,18240,11739,REPAIR
32045,CON-RES-1982-794,18241,11735,REPAIR
32048,CON-RES-1982-795,18244,11736,REPAIR
32049,CON-RES-1982-233,18245,11404,REPAIR
32053,CON-RES-1982-551,18249,11602,REPAIR
32054,CON-RES-1982-42,18250,11516,REPAIR
32056,CON-RES-1982-818,18252,11743,REPAIR
32057,CON-RES-1982-369,18253,11482,REPAIR
32058,CON-RES-RC-1982-600,18254,18325,REPAIR
32059,CON-RES-RC-1982-585,18255,18308,REPAIR
32060,CON-RES-RC-1982-586,18256,18309,REPAIR
32061,CON-RES-RC-1982-587,18257,18310,REPAIR
32062,CON-RES-RC-1982-592,18258,18316,REPAIR
32063,CON-RES-RC-1982-588,18259,18311,REPAIR
32064,CON-RES-RC-1982-598,18260,18321,REPAIR
32065,CON-RES-RC-1982-158,18261,17933,REPAIR
32066,CON-RES-RC-1982-157,18262,17932,REPAIR
32067,CON-RES-RC-1982-417,18263,,"SKIP: OP/TOT relationship"
32068,CON-RES-RC-1982-597,18264,18320,REPAIR
32069,CON-RES-RC-1982-583,18265,,"SKIP: OP/TOT relationship"
32070,CON-RES-RC-1986-6,18266,18614,REPAIR
32086,CON-RES-1983-514,18282,12000,REPAIR
32087,CON-RES-1983-522,18283,12006,REPAIR
32088,CON-RES-1983-295,18284,11925,REPAIR
32091,CON-RES-1983-21,18287,11888,REPAIR
32092,CON-RES-1983-164,18288,11865,REPAIR
32096,CON-RES-1983-197,18292,11880,REPAIR
32100,CON-RES-1983-196,18296,11879,REPAIR
32101,CON-RES-1983-810,18297,12103,REPAIR
32102,CON-RES-1983-665,18298,12058,REPAIR
32103,CON-RES-1983-815,18299,12106,REPAIR
32104,CON-RES-1983-809,18300,12102,REPAIR
32105,CON-RES-1983-356,18301,11947,REPAIR
32106,CON-RES-1983-360,18302,11949,REPAIR
32107,CON-RES-1983-615,18303,12042,REPAIR
32111,CON-RES-1983-361,18307,11950,REPAIR
32112,CON-RES-1983-426,18308,11980,REPAIR
32113,CON-RES-RC-1983-3,18309,18503,REPAIR
32116,CON-RES-1987-1103,18312,12767,REPAIR
32121,CON-RES-1987-798,18317,13213,REPAIR
32122,CON-RES-1987-552,18318,13112,REPAIR
32123,CON-RES-1987-638,18319,13140,REPAIR
32125,CON-RES-1987-536,18321,13105,REPAIR
32127,CON-RES-1987-781,18323,13203,REPAIR
32130,CON-RES-1987-586,18326,13122,REPAIR
32131,CON-RES-1987-993,18327,13299,REPAIR
32132,CON-RES-1987-353,18328,13027,REPAIR
32133,CON-RES-1987-113,18329,12783,REPAIR
32134,CON-RES-1987-260,18330,12982,REPAIR
32135,CON-RES-1987-1081,18331,12754,REPAIR
32136,CON-RES-1987-343,18332,13022,REPAIR
32144,CON-RES-1987-1159,18340,12799,REPAIR
32146,CON-RES-1987-1088,18342,12759,REPAIR
32147,CON-RES-1987-1106,18343,12769,REPAIR
32148,CON-RES-1987-1069,18344,12749,REPAIR
32149,CON-RES-1987-923,18345,13267,REPAIR
32159,CON-RES-1987-881,18355,13255,REPAIR
32160,CON-RES-1987-303,18356,13004,REPAIR
32161,CON-RES-1987-797,18357,13212,REPAIR
32162,CON-RES-1987-452,18358,13074,REPAIR
32163,CON-RES-1987-1101,18359,12766,REPAIR
32165,CON-RES-1987-565,18361,13119,REPAIR
32169,CON-RES-1987-602,18365,13128,REPAIR
32174,CON-RES-1987-182,18370,12938,REPAIR
32177,CON-RES-1987-277,18373,12993,REPAIR
32179,CON-RES-1987-278,18375,12994,REPAIR
32197,CON-RES-1987-1371,18393,12870,REPAIR
32198,CON-RES-1987-1252,18394,12833,REPAIR
32208,CON-RES-1982-379,18404,11488,REPAIR
32209,CON-RES-1982-600,18405,11636,REPAIR
32210,CON-RES-1982-856,18406,11770,REPAIR
32211,CON-RES-1982-631,18407,11662,REPAIR
32213,CON-RES-1982-387,18409,11495,REPAIR
32215,CON-RES-1982-855,18411,147238,REPAIR
32222,CON-RES-1987-204,18417,12952,REPAIR
32223,CON-RES-1987-208,18418,12954,REPAIR
32224,CON-RES-1987-1296,18419,12852,REPAIR
32227,CON-RES-1987-529,18422,13102,REPAIR
32228,CON-RES-1987-1293,18423,12849,REPAIR
32230,CON-RES-1987-222,18425,12961,REPAIR
32231,CON-RES-1987-1274,18426,12843,REPAIR
32232,CON-RES-1987-1299,18427,12853,REPAIR
32234,CON-RES-1987-746,18429,13186,REPAIR
32240,CON-RES-1987-1108,18435,12771,REPAIR
32244,CON-RES-1987-1386,18439,12875,REPAIR
32245,CON-RES-1987-1381,18440,12874,REPAIR
32246,CON-RES-1987-1380,18441,12873,REPAIR
32248,CON-RES-1987-1377,18443,12871,REPAIR
32250,CON-RES-1987-1326,18445,12860,REPAIR
32251,CON-RES-1987-55,18446,13110,REPAIR
32252,CON-RES-1987-1141,18447,12790,REPAIR
32255,CON-RES-1987-492,18450,13086,REPAIR
32267,CON-RES-1987-1288,18462,12845,REPAIR
32268,CON-RES-1987-1162,18463,12801,REPAIR
32269,CON-RES-1987-1423,18464,12889,REPAIR
32270,CON-RES-1987-981,18465,13296,REPAIR
32271,CON-RES-1987-1438,18466,12898,REPAIR
32272,CON-RES-1987-1181,18467,12809,REPAIR
32274,CON-RES-1987-247,18469,12977,REPAIR
32275,CON-RES-1987-607,18470,13129,REPAIR
32277,CON-RES-1987-601,18472,13127,REPAIR
32283,CON-RES-1987-1030,18478,12725,REPAIR
32285,CON-RES-1987-1026,18480,12721,REPAIR
32286,CON-RES-1987-71,18481,13171,REPAIR
32288,CON-RES-1987-65,18483,13145,REPAIR
32289,CON-RES-1987-1017,18484,12715,REPAIR
32294,CON-RES-1987-227,18489,,"SKIP: referenced as parent_prop_id"
32295,CON-RES-1987-97,18490,13289,REPAIR
32296,CON-RES-1987-1179,18491,12808,REPAIR
32299,CON-RES-1987-645,18494,13142,REPAIR
32300,CON-RES-1987-636,18495,13138,REPAIR
32301,CON-RES-1987-761,18496,13191,REPAIR
32302,CON-RES-1987-751,18497,13189,REPAIR
32304,CON-RES-1987-1202,18499,12812,REPAIR
32305,CON-RES-1987-1203,18500,12813,REPAIR
32307,CON-RES-1987-1204,18502,12814,REPAIR
32308,CON-RES-1987-1205,18503,12815,REPAIR
32311,CON-RES-1987-346,18506,13023,REPAIR
32312,CON-RES-1987-849,18507,13235,REPAIR
32313,CON-RES-1987-744,18508,13185,REPAIR
32314,CON-COM-1987-51,18509,8052,REPAIR
32315,CON-COM-1987-9,18510,8062,REPAIR
32317,CON-COM-1987-99,18512,8066,REPAIR
32319,CON-RES-1987-859,18514,13244,REPAIR
32320,CON-RES-1987-822,18515,13225,REPAIR
32321,RES-RC-2006-9,18516,,"SKIP: OP/TOT relationship"
32328,CON-RES-1987-1207,18523,12817,REPAIR
32329,CON-RES-1987-1208,18524,12818,REPAIR
32330,CON-RES-1987-1209,18525,12819,REPAIR
32345,CON-RES-1987-1116,18540,12775,REPAIR
32360,CON-RES-1987-1076,18555,12752,REPAIR
32361,CON-RES-1987-1094,18556,12763,REPAIR
32373,CON-RES-1987-1250,18568,12831,REPAIR
32378,CON-RES-1987-1128,18573,12782,REPAIR
32396,CON-RES-1987-1218,18591,12820,REPAIR
32397,CON-RES-1987-1219,18592,12821,REPAIR
32402,CON-RES-1987-1225,18597,12822,REPAIR
32412,CON-RES-1982-1478,18607,11282,REPAIR
32413,CON-RES-RC-1982-3,18608,18027,REPAIR
32414,CON-RES-RC-1982-31,18609,18039,REPAIR
32415,CON-RES-RC-1982-83,18610,,"SKIP: OP/TOT relationship"
32416,CON-RES-RC-1982-115,18611,17876,REPAIR
32417,CON-RES-RC-1982-139,18612,,"SKIP: OP/TOT relationship"
32418,CON-RES-RC-1982-160,18613,,"SKIP: OP/TOT relationship"
32419,CON-RES-RC-1982-162,18614,,"SKIP: OP/TOT relationship"
32420,CON-RES-RC-1982-203,18615,17979,REPAIR
32421,CON-RES-RC-1982-209,18616,17985,REPAIR
32422,CON-RES-RC-1982-210,18617,17987,REPAIR
32423,CON-RES-RC-1982-300,18618,18029,REPAIR
32424,CON-RES-RC-1982-356,18619,18084,REPAIR
32425,CON-RES-RC-1982-469,18620,,"SKIP: OP/TOT relationship"
32426,CON-RES-RC-1982-554,18621,,"SKIP: OP/TOT relationship"
32427,CON-RES-RC-1982-555,18622,,"SKIP: OP/TOT relationship"
32428,CON-RES-RC-1982-556,18623,18282,REPAIR
32429,CON-RES-RC-1982-557,18624,18283,REPAIR
32430,CON-RES-RC-1982-614,18625,18337,REPAIR
32431,CON-RES-RC-1982-630,18626,18351,REPAIR
32432,CON-RES-RC-1982-745,18627,18451,REPAIR
32434,CON-RES-RC-1982-1303,18629,17899,REPAIR
32435,CON-RES-RC-1982-1305,18630,17900,REPAIR
32436,CON-RES-RC-1982-1307,18631,17901,REPAIR
32437,CON-RES-RC-1982-1308,18632,17902,REPAIR
32439,CON-RES-RC-1982-1349,18634,17907,REPAIR
32441,CON-RES-RC-1982-1364,18636,17910,REPAIR
32442,CON-RES-RC-1982-1370,18637,17911,REPAIR
32443,CON-RES-1986-15,18638,12570,REPAIR
32448,CON-RES-1986-30,18643,12623,REPAIR
32457,CON-RES-1986-139,18652,12566,REPAIR
32467,CON-RES-1986-270,18662,12611,REPAIR
32468,CON-RES-1986-275,18663,12612,REPAIR
32469,CON-RES-1986-276,18664,12613,REPAIR
32470,CON-RES-1986-281,18665,12614,REPAIR
32472,CON-RES-1986-285,18667,12615,REPAIR
32473,CON-RES-1986-286,18668,12616,REPAIR
32474,CON-RES-1986-293,18669,12618,REPAIR
32475,CON-RES-1986-370,18670,12656,REPAIR
32478,CON-RES-1986-377,18673,12658,REPAIR
32479,CON-RES-1986-383,18674,12661,REPAIR
32480,CON-RES-1986-385,18675,12663,REPAIR
32481,CON-RES-1986-386,18676,12664,REPAIR
32482,CON-RES-1986-388,18677,12665,REPAIR
32483,CON-RES-1986-390,18678,12667,REPAIR
32484,CON-RES-1986-392,18679,12669,REPAIR
32488,CON-RES-1986-446,18683,12681,REPAIR
32489,CON-RES-1987-352,18684,13026,REPAIR
32491,CON-RES-1987-355,18686,13028,REPAIR
32502,CON-RES-1987-382,18697,13041,REPAIR
32504,CON-RES-1987-384,18699,13042,REPAIR
32505,CON-RES-1987-385,18700,13043,REPAIR
32510,CON-RES-RC-1981-6,18705,,"SKIP: OP/TOT relationship"
32511,CON-RES-RC-1981-25,18706,17785,REPAIR
32512,CON-RES-RC-1981-31,18707,17790,REPAIR
32513,CON-COM-RC-1981-3,18708,10230,REPAIR
32514,CON-COM-RC-1981-4,18709,10243,REPAIR
32515,CON-COM-RC-1981-5,18710,,"SKIP: OP/TOT relationship"
32516,CON-COM-RC-1981-14,18711,,"SKIP: referenced as parent_prop_id"
32517,CON-COM-RC-1981-16,18712,10217,REPAIR
32518,CON-COM-RC-1981-17,18713,10218,REPAIR
32519,CON-COM-RC-1981-18,18714,10219,REPAIR
32520,CON-COM-RC-1981-25,18715,10225,REPAIR
32521,CON-COM-RC-1981-26,18716,,"SKIP: OP/TOT relationship"
32522,CON-COM-RC-1981-27,18717,,"SKIP: OP/TOT relationship"
32523,CON-COM-RC-1981-31,18718,,"SKIP: OP/TOT relationship"
32524,CON-COM-RC-1981-32,18719,,"SKIP: OP/TOT relationship"
32525,CON-COM-RC-1981-33,18720,10235,REPAIR
32526,CON-COM-RC-1981-34,18721,10236,REPAIR
32527,CON-COM-RC-1981-35,18722,10237,REPAIR
32528,CON-COM-RC-1981-36,18723,,"SKIP: referenced as parent_prop_id"
32529,CON-COM-RC-1981-38,18724,10240,REPAIR
32530,CON-COM-RC-1981-40,18725,10244,REPAIR
32531,CON-COM-RC-1981-41,18726,10245,REPAIR
32532,CON-COM-RC-1981-519,18727,10253,REPAIR
32533,CON-IND-RC-1981-3,18728,10630,REPAIR
32535,CON-IND-1981-5,18730,10392,REPAIR
32536,CON-IND-1981-7,18731,10395,REPAIR
32540,CON-IND-1981-22,18735,10391,REPAIR
32546,CON-AG-1981-5,18741,,"SKIP: OP/TOT relationship"
32547,CON-AG-1981-30,18742,,"SKIP: OP/TOT relationship"
32548,CON-AG-1981-32,18743,6837,REPAIR
32549,CON-AG-1981-50,18744,6849,REPAIR
32551,CON-AG-1982-235,18746,6943,REPAIR
32553,CON-IND-RC-1982-1,18748,10635,REPAIR
32554,CON-IND-RC-1982-4,18749,,"SKIP: OP/TOT relationship"
32555,CON-IND-RC-1982-6,18750,10659,REPAIR
32556,CON-IND-RC-1982-8,18751,10661,REPAIR
32557,CON-IND-RC-1982-11,18752,,"SKIP: OP/TOT relationship"
32558,CON-IND-RC-1982-15,18753,10642,REPAIR
32559,CON-IND-RC-1982-25,18754,10652,REPAIR
32560,CON-IND-RC-1982-91,18755,10663,REPAIR
32561,CON-COM-RC-1982-13,18756,10261,REPAIR
32562,CON-COM-RC-1982-15,18757,10263,REPAIR
32563,CON-COM-RC-1982-16,18758,10264,REPAIR
32564,CON-COM-RC-1982-32,18759,10282,REPAIR
32565,CON-COM-RC-1982-33,18760,,"SKIP: referenced as parent_prop_id"
32566,CON-COM-RC-1982-37,18761,,"SKIP: OP/TOT relationship"
32567,CON-COM-RC-1982-44,18762,10297,REPAIR
32568,CON-COM-RC-1982-47,18763,10298,REPAIR
32569,CON-COM-RC-1982-73,18764,10322,REPAIR
32570,CON-COM-RC-1982-86,18765,,"SKIP: OP/TOT relationship"
32571,CON-COM-RC-1982-94,18766,10338,REPAIR
32572,CON-RES-1985-10,18767,12335,REPAIR
32579,CON-RES-1985-35,18774,12418,REPAIR
32595,CON-RES-1985-137,18790,12350,REPAIR
32596,CON-RES-1985-151,18791,12356,REPAIR
32602,CON-RES-1985-234,18797,12379,REPAIR
32603,CON-RES-1985-252,18798,12386,REPAIR
32618,CON-RES-1985-471,18813,12459,REPAIR
32622,CON-RES-1985-489,18817,12465,REPAIR
32623,CON-RES-1985-490,18818,12466,REPAIR
32631,CON-RES-1985-568,18826,12502,REPAIR
32632,CON-RES-1985-587,18827,12509,REPAIR
32633,CON-RES-1985-628,18828,12524,REPAIR
32634,CON-RES-1985-654,18829,12534,REPAIR
32641,CON-RES-1997-351,18836,14854,REPAIR
32647,CON-RES-1997-383,18842,14858,REPAIR
32656,CON-RES-1997-394,18851,14859,REPAIR
32658,CON-COM-1997-14,18853,8363,REPAIR
32665,CON-COM-1997-27,18860,8366,REPAIR
32670,CON-COM-1997-1,18865,8360,REPAIR
32671,CON-COM-1997-2,18866,8365,REPAIR
32672,CON-COM-1997-4,18867,8371,REPAIR
32676,CON-COM-1997-11,18871,8361,REPAIR
32678,CON-COM-1997-32,18873,8368,REPAIR
32679,CON-COM-1997-38,18874,8370,REPAIR
32680,CON-COM-1997-50,18875,8380,REPAIR
32681,CON-COM-1997-47,18876,8376,REPAIR
32682,CON-COM-1997-18,18877,8364,REPAIR
32683,CON-COM-1997-30,18878,8367,REPAIR
32688,CON-COM-1997-37,18883,8369,REPAIR
32689,CON-COM-1997-42,18884,8372,REPAIR
32700,CON-RES-1997-135,18895,14781,REPAIR
32703,CON-RES-1997-144,18898,14786,REPAIR
32705,CON-COM-1997-54,18900,8382,REPAIR
32706,CON-COM-1997-55,18901,8383,REPAIR
32708,CON-RES-1996-178,18903,14710,REPAIR
32709,CON-RES-1996-143,18904,14701,REPAIR
32713,CON-RES-1996-102,18908,14692,REPAIR
32716,CON-RES-1996-116,18911,14693,REPAIR
32722,CON-RES-1996-168,18917,14708,REPAIR
32727,CON-COM-1998-10,18922,8385,REPAIR
32728,CON-COM-1998-20,18923,8390,REPAIR
32729,CON-COM-1998-29,18924,,"SKIP: referenced as parent_prop_id"
32733,CON-COM-1998-52,18928,8408,REPAIR
32734,CON-COM-1998-54,18929,8409,REPAIR
32735,CON-COM-1998-61,18930,8413,REPAIR
32738,CON-COM-1998-57,18933,,"SKIP: referenced as parent_prop_id"
32739,CON-COM-1998-58,18934,8411,REPAIR
32740,CON-COM-1998-59,18935,8412,REPAIR
32741,CON-COM-1998-62,18936,8414,REPAIR
32746,CON-COM-1998-71,18941,8416,REPAIR
32747,CON-COM-1998-73,18942,,"SKIP: referenced as parent_prop_id"
32748,CON-COM-1998-75,18943,8418,REPAIR
32749,CON-COM-1998-76,18944,8419,REPAIR
32752,CON-COM-1998-83,18947,8422,REPAIR
32753,CON-COM-1998-84,18948,8423,REPAIR
32755,CON-IND-1998-4,18950,10499,REPAIR
32758,CON-COM-1998-33,18953,8396,REPAIR
32759,CON-COM-1998-34,18954,8397,REPAIR
32769,CON-RES-2005-210,18964,15551,REPAIR
32771,CON-COM-2005-54,18966,8702,REPAIR
32773,CON-RES-2005-85,18968,15616,REPAIR
32776,CON-RES-2005-163,18971,15528,REPAIR
32783,CON-COM-2005-74,18978,8715,REPAIR
32785,CON-COM-2005-85,18980,8722,REPAIR
32786,CON-RES-2005-128,18981,15519,REPAIR
32787,CON-RES-2005-127,18982,15518,REPAIR
32797,CON-RES-2005-308,18992,15593,REPAIR
32805,CON-RES-2005-94,19000,15620,REPAIR
32807,CON-RES-2005-107,19002,15512,REPAIR
32808,CON-RES-2005-104,19003,121863,REPAIR
32810,CON-RES-2005-99,19005,15623,REPAIR
32811,CON-COM-2005-101,19006,8682,REPAIR
32812,CON-COM-2005-62,19007,8706,REPAIR
32814,CON-COM-2005-58,19009,8704,REPAIR
32816,CON-COM-2005-55,19011,8703,REPAIR
32817,CON-COM-2005-40,19012,,"SKIP: referenced as parent_prop_id"
32818,CON-COM-2005-22,19013,8688,REPAIR
32819,CON-COM-2005-48,19014,8699,REPAIR
32820,CON-COM-2005-27,19015,8690,REPAIR
32822,CON-COM-2005-21,19017,8687,REPAIR
32823,CON-COM-2005-77,19018,8718,REPAIR
32824,CON-COM-2005-64,19019,8708,REPAIR
32825,CON-COM-2005-24,19020,8689,REPAIR
32838,CON-COM-2005-63,19033,8707,REPAIR
32843,CON-COM-2005-37,19038,8693,REPAIR
32844,CON-COM-2005-28,19039,8691,REPAIR
32845,CON-COM-2005-43,19040,8697,REPAIR
32847,CON-COM-2003-123,19042,8578,REPAIR
32849,CON-COM-2003-115,19044,8573,REPAIR
32850,CON-COM-2003-101,19045,8568,REPAIR
32851,CON-COM-2003-39,19046,8594,REPAIR
32852,CON-COM-2003-19,19047,8583,REPAIR
32853,CON-COM-2003-2,19048,8584,REPAIR
32854,CON-RES-2003-33,19049,15360,REPAIR
32855,CON-RES-2003-103,19050,15306,REPAIR
32859,CON-RES-2003-277,19054,15355,REPAIR
32860,CON-COM-2003-54,19055,8605,REPAIR
32862,CON-RES-2003-124,19057,15314,REPAIR
32866,CON-RES-2003-107,19061,15309,REPAIR
32867,CON-RES-2003-108,19062,15310,REPAIR
32868,CON-RES-2003-70,19063,15371,REPAIR
32869,CON-RES-2003-85,19064,15373,REPAIR
32870,CON-RES-2003-87,19065,15374,REPAIR
32871,CON-RES-2003-97,19066,15376,REPAIR
32875,CON-RES-2003-94,19070,15375,REPAIR
32877,CON-RES-2003-134,19072,15317,REPAIR
32878,CON-RES-2003-132,19073,15316,REPAIR
32879,CON-RES-2003-131,19074,15315,REPAIR
32895,CON-RES-2003-199,19090,15337,REPAIR
32901,CON-RES-2003-207,19096,15338,REPAIR
32902,CON-RES-2003-190,19097,15333,REPAIR
32903,CON-RES-2003-189,19098,15332,REPAIR
32905,CON-COM-2003-69,19100,8610,REPAIR
32906,CON-AG-2003-28,19101,7455,REPAIR
32907,CON-COM-2003-95,19102,,"SKIP: referenced as parent_prop_id"
32908,CON-COM-2003-41,19103,8597,REPAIR
32909,CON-COM-2003-113,19104,8572,REPAIR
32913,CON-COM-2003-64,19108,8608,REPAIR
32915,CON-COM-2003-28,19110,8590,REPAIR
32916,CON-COM-2003-7,19111,8611,REPAIR
32917,CON-COM-2003-100,19112,8567,REPAIR
32918,CON-COM-2003-97,19113,8625,REPAIR
32919,CON-RES-2003-104,19114,15307,REPAIR
32921,CON-RES-2003-35,19116,15361,REPAIR
32926,CON-RES-2003-187,19121,15330,REPAIR
32927,CON-RES-2003-102,19122,15305,REPAIR
32935,CON-RES-2003-118,19130,15312,REPAIR
32940,CON-AG-2003-12,19135,7451,REPAIR
32943,CON-AG-2003-17,19138,7452,REPAIR
32954,CON-AG-2003-34,19149,7456,REPAIR
32956,CON-COM-2003-91,19151,126165,REPAIR
32957,CON-COM-2003-94,19152,8622,REPAIR
32961,CON-COM-2003-32,19156,8592,REPAIR
32964,CON-COM-2003-38,19159,8593,REPAIR
32966,CON-COM-2003-45,19161,8599,REPAIR
32967,CON-COM-2003-46,19162,8600,REPAIR
32968,CON-COM-2003-47,19163,8601,REPAIR
32969,CON-COM-2003-48,19164,8602,REPAIR
32970,CON-COM-2003-73,19165,8613,REPAIR
32973,CON-COM-2003-78,19168,8615,REPAIR
32974,CON-COM-2003-79,19169,8616,REPAIR
32978,CON-COM-2003-92,19173,8620,REPAIR
32979,CON-COM-2003-96,19174,8624,REPAIR
32981,CON-COM-2003-105,19176,8570,REPAIR
32982,CON-COM-2003-181,19177,8582,REPAIR
32983,CON-RES-2003-123,19178,15313,REPAIR
32984,CON-AG-2003-8,19179,7457,REPAIR
32987,CON-COM-2000-4,19182,8468,REPAIR
32991,CON-COM-2000-11,19186,8450,REPAIR
32992,CON-COM-2000-13,19187,8451,REPAIR
32993,CON-COM-2000-14,19188,8452,REPAIR
32994,CON-COM-2000-15,19189,8453,REPAIR
32995,CON-COM-2000-16,19190,8454,REPAIR
32996,CON-COM-2000-18,19191,8455,REPAIR
32997,CON-COM-2000-19,19192,8456,REPAIR
33000,CON-COM-2000-23,19195,8459,REPAIR
33002,CON-COM-2000-25,19197,8460,REPAIR
33007,CON-COM-2000-33,19202,8464,REPAIR
33008,CON-COM-2000-34,19203,8465,REPAIR
33012,CON-COM-2000-38,19207,8466,REPAIR
33013,CON-COM-2000-39,19208,8467,REPAIR
33014,CON-COM-2000-40,19209,8469,REPAIR
33015,CON-COM-2000-41,19210,8470,REPAIR
33016,CON-COM-2000-42,19211,8471,REPAIR
33017,CON-COM-2000-43,19212,8472,REPAIR
33019,CON-COM-2000-47,19214,8475,REPAIR
33020,CON-COM-2000-48,19215,104317,REPAIR
33022,CON-COM-2000-50,19217,8476,REPAIR
33024,CON-COM-2000-52,19219,8477,REPAIR
33025,CON-COM-2000-55,19220,8479,REPAIR
33026,CON-COM-2000-56,19221,8480,REPAIR
33027,CON-COM-2000-57,19222,8481,REPAIR
33030,CON-COM-2000-60,19225,8482,REPAIR
33034,CON-COM-2000-69,19229,8487,REPAIR
33037,CON-COM-2000-74,19232,8489,REPAIR
33038,CON-COM-2000-76,19233,8490,REPAIR
33039,CON-AG-2000-10,19234,7437,REPAIR
33044,CON-RES-2000-31,19239,15119,REPAIR
33045,CON-RES-2000-39,19240,15124,REPAIR
33047,CON-RES-2000-51,19242,15129,REPAIR
33048,CON-RES-2000-52,19243,15130,REPAIR
33052,CON-RES-2000-56,19247,15131,REPAIR
33053,CON-RES-2000-57,19248,15132,REPAIR
33054,CON-RES-2000-59,19249,15133,REPAIR
33055,CON-RES-2000-60,19250,15134,REPAIR
33057,CON-RES-2000-62,19252,15135,REPAIR
33058,CON-RES-2000-63,19253,15136,REPAIR
33059,CON-RES-2000-64,19254,15137,REPAIR
33060,CON-RES-2000-65,19255,15138,REPAIR
33061,CON-RES-2000-66,19256,15139,REPAIR
33070,CON-RES-2000-75,19265,15141,REPAIR
33071,CON-RES-2000-78,19266,15142,REPAIR
33078,CON-RES-2000-96,19273,15147,REPAIR
33079,CON-RES-2000-98,19274,15148,REPAIR
33100,CON-RES-2000-321,19295,121847,REPAIR
33104,CON-RES-2000-326,19299,,"SKIP: referenced as parent_prop_id"
33107,CON-RES-2000-79,19302,15143,REPAIR
33114,CON-AG-2000-8,19309,7440,REPAIR
33120,CON-RES-1991-2,19315,13849,REPAIR
33121,CON-RES-1991-14,19316,13837,REPAIR
33122,CON-RES-1991-17,19317,13844,REPAIR
33123,CON-RES-1991-26,19318,13866,REPAIR
33128,CON-RES-1991-57,19323,13947,REPAIR
33129,CON-RES-1991-58,19324,13951,REPAIR
33149,CON-COM-1993-2,19344,8231,REPAIR
33157,CON-COM-1993-26,19352,8234,REPAIR
33164,CON-COM-1993-23,19359,8233,REPAIR
33165,CON-AG-1993-11,19360,7366,REPAIR
33166,CON-AG-1993-72,19361,,"SKIP: referenced as parent_prop_id"
33168,CON-COM-1993-49,19363,8244,REPAIR
33169,CON-COM-1993-110,19364,8219,REPAIR
33170,CON-COM-1993-42,19365,8240,REPAIR
33171,CON-COM-1993-40,19366,153518,REPAIR
33172,CON-COM-1993-37,19367,8238,REPAIR
33173,CON-COM-1993-50,19368,8245,REPAIR
33176,CON-COM-1993-16,19371,8229,REPAIR
33178,CON-COM-1993-19,19373,8230,REPAIR
33179,CON-COM-1993-20,19374,8232,REPAIR
33183,CON-RES-1994-432,19378,14466,REPAIR
33184,CON-RES-1994-420,19379,14461,REPAIR
33185,CON-RES-1994-428,19380,14465,REPAIR
33190,CON-RES-1994-387,19385,14453,REPAIR
33191,CON-RES-1994-385,19386,14452,REPAIR
33202,CON-RES-1994-398,19397,14456,REPAIR
33206,CON-RES-1994-653,19401,14505,REPAIR
33210,CON-IND-1994-8,19405,10476,REPAIR
33211,CON-COM-1994-68,19406,8290,REPAIR
33214,CON-AG-1994-47,19409,7385,REPAIR
33216,CON-COM-1994-79,19411,8293,REPAIR
33217,CON-COM-1994-84,19412,8296,REPAIR
33219,CON-COM-1994-83,19414,8295,REPAIR
33226,CON-COM-1994-63,19421,8288,REPAIR
33227,CON-COM-1994-67,19422,8289,REPAIR
33228,CON-COM-1994-69,19423,8291,REPAIR
33230,CON-RES-1994-425,19425,14463,REPAIR
33231,CON-RES-1994-426,19426,14464,REPAIR
33232,CON-RES-1994-686,19427,14513,REPAIR
33234,CON-RES-1994-486,19429,14476,REPAIR
33236,CON-RES-1994-411,19431,14460,REPAIR
33237,CON-RES-1994-448,19432,14469,REPAIR
33239,CON-AG-1994-41,19434,7382,REPAIR
33241,CON-RES-1995-278,19436,14597,REPAIR
33243,CON-RES-1995-559,19438,14653,REPAIR
33244,CON-RES-1995-160,19439,14559,REPAIR
33246,CON-RES-1995-432,19441,14637,REPAIR
33247,CON-RES-1995-284,19442,14599,REPAIR
33248,CON-RES-1995-546,19443,14652,REPAIR
33249,CON-RES-1995-618,19444,14674,REPAIR
33250,CON-RES-1995-273,19445,14595,REPAIR
33251,CON-RES-1995-434,19446,14638,REPAIR
33252,CON-RES-1995-314,19447,14610,REPAIR
33253,CON-RES-1995-313,19448,14609,REPAIR
33254,CON-RES-1995-341,19449,14617,REPAIR
33255,CON-RES-1995-605,19450,14671,REPAIR
33257,CON-RES-1995-308,19452,14605,REPAIR
33258,CON-RES-1995-140,19453,14555,REPAIR
33259,CON-RES-1995-315,19454,14611,REPAIR
33262,CON-RES-1990-195,19457,13722,REPAIR
33263,CON-RES-1990-90,19458,13824,REPAIR
33264,CON-RES-1990-80,19459,13819,REPAIR
33266,CON-RES-1990-89,19461,13823,REPAIR
33267,CON-RES-1990-86,19462,13822,REPAIR
33268,CON-RES-1990-362,19463,13772,REPAIR
33269,CON-RES-1990-164,19464,13713,REPAIR
33270,CON-RES-1990-158,19465,13711,REPAIR
33271,CON-RES-1990-100,19466,13699,REPAIR
33272,CON-RES-1990-84,19467,13821,REPAIR
33273,CON-RES-1990-162,19468,13712,REPAIR
33274,CON-RES-1990-424,19469,13789,REPAIR
33275,CON-RES-1990-414,19470,,"SKIP: referenced as parent_prop_id"
33277,CON-RES-1990-433,19472,121812,REPAIR
33279,CON-RES-1987-1131,19474,12784,REPAIR
33280,CON-RES-1987-1126,19475,12780,REPAIR
33281,CON-RES-1987-1115,19476,12774,REPAIR
33287,CON-RES-1987-830,19482,13227,REPAIR
33288,CON-RES-1988-531,19483,13471,REPAIR
33289,CON-RES-1988-624,19484,13503,REPAIR
33290,CON-RES-1988-620,19485,13502,REPAIR
33292,CON-RES-1988-311,19487,13385,REPAIR
33293,CON-RES-1988-512,19488,13464,REPAIR
33294,CON-RES-1988-481,19489,13455,REPAIR
33295,CON-RES-1988-476,19490,13452,REPAIR
33296,CON-RES-1988-298,19491,13382,REPAIR
33297,CON-RES-1988-402,19492,13423,REPAIR
33299,CON-RES-1988-403,19494,13424,REPAIR
33309,CON-RES-1988-631,19504,13509,REPAIR
33310,CON-RES-1988-492,19505,13459,REPAIR
33311,CON-RES-1987-1419,19506,12887,REPAIR
33314,CON-RES-1987-195,19509,12945,REPAIR
33315,CON-RES-1987-1244,19510,12827,REPAIR
33318,CON-RES-1988-52,19513,13468,REPAIR
33319,CON-RES-1988-59,19514,13493,REPAIR
33322,CON-RES-1988-630,19517,13508,REPAIR
33323,CON-RES-1988-499,19518,13460,REPAIR
33325,CON-RES-1988-519,19520,13467,REPAIR
33327,CON-RES-1988-537,19522,13474,REPAIR
33328,CON-RES-1988-521,19523,13469,REPAIR
33330,CON-RES-1988-460,19525,13447,REPAIR
33332,CON-RES-1988-326,19527,13391,REPAIR
33334,CON-RES-1988-103,19529,13305,REPAIR
33335,CON-RES-1988-150,19530,13324,REPAIR
33336,CON-RES-1988-120,19531,13310,REPAIR
33337,CON-RES-1988-349,19532,13400,REPAIR
33340,CON-RES-1988-601,19535,13497,REPAIR
33341,CON-RES-1988-275,19536,13373,REPAIR
33344,CON-COM-1990-83,19539,8137,REPAIR
33349,CON-COM-1990-81,19544,8135,REPAIR
33350,CON-COM-1990-87,19545,8138,REPAIR
33351,CON-COM-1990-82,19546,8136,REPAIR
33352,CON-COM-1990-69,19547,,"SKIP: referenced as parent_prop_id"
33355,CON-COM-1990-77,19550,8132,REPAIR
33357,CON-COM-1990-60,19552,8124,REPAIR
33362,CON-RES-1986-357,19557,12649,REPAIR
33366,CON-RES-1986-356,19561,12648,REPAIR
33367,CON-RES-1986-384,19562,12662,REPAIR
33368,CON-RES-1986-430,19563,12677,REPAIR
33374,CON-RES-1986-181,19569,12577,REPAIR
33375,CON-RES-1986-182,19570,12578,REPAIR
33377,CON-RES-1986-156,19572,12571,REPAIR
33378,CON-RES-1986-157,19573,12572,REPAIR
33380,CON-RES-1986-183,19575,12579,REPAIR
33381,CON-RES-1986-192,19576,12583,REPAIR
33382,CON-RES-1986-175,19577,12576,REPAIR
33384,CON-RES-1986-186,19579,12580,REPAIR
33385,CON-RES-1986-171,19580,12573,REPAIR
33386,CON-RES-1986-191,19581,12582,REPAIR
33387,CON-COM-1992-82,19582,8210,REPAIR
33389,CON-COM-1992-77,19584,8207,REPAIR
33393,CON-COM-1992-72,19588,8204,REPAIR
33394,CON-COM-1992-79,19589,8208,REPAIR
33396,CON-COM-1992-61,19591,8199,REPAIR
33397,CON-COM-1992-62,19592,8200,REPAIR
33400,CON-COM-1992-84,19595,8211,REPAIR
33401,CON-COM-1992-90,19596,8215,REPAIR
33408,CON-COM-1992-47,19603,8193,REPAIR
33409,CON-COM-1992-12,19604,8178,REPAIR
33419,CON-COM-1992-60,19614,8198,REPAIR
33420,CON-COM-1992-66,19615,8202,REPAIR
33421,CON-COM-1992-36,19616,8191,REPAIR
33422,CON-COM-1992-32,19617,8188,REPAIR
33423,CON-COM-1992-63,19618,8201,REPAIR
33424,CON-COM-1992-48,19619,8194,REPAIR
33432,CON-COM-1992-18,19627,8180,REPAIR
33433,CON-COM-1992-6,19628,8197,REPAIR
33434,CON-COM-1992-4,19629,8192,REPAIR
33437,CON-COM-1992-22,19632,8182,REPAIR
33438,CON-COM-1992-25,19633,8185,REPAIR
33439,CON-RES-1982-530,19634,11588,REPAIR
33442,CON-RES-1982-372,19637,11485,REPAIR
33443,CON-RES-1982-1272,19638,11185,REPAIR
33445,CON-RES-1982-1086,19640,11096,REPAIR
33446,CON-RES-1982-961,19641,11820,REPAIR
33447,CON-RES-1982-1216,19642,11164,REPAIR
33448,CON-RES-1982-1342,19643,11225,REPAIR
33450,CON-RES-1982-1264,19645,11182,REPAIR
33457,CON-RES-1982-529,19652,11586,REPAIR
33458,CON-RES-1982-478,19653,172274,REPAIR
33460,CON-RES-1982-559,19655,11609,REPAIR
33461,CON-RES-1982-399,19656,11502,REPAIR
33462,CON-RES-1982-345,19657,,"SKIP: OP/TOT relationship"
33463,CON-RES-1982-569,19658,11616,REPAIR
33466,CON-RES-1982-495,19661,11564,REPAIR
33467,CON-RES-1982-943,19662,11816,REPAIR
33473,CON-RES-1982-364,19668,11478,REPAIR
33475,CON-RES-1982-359,19670,11473,REPAIR
33476,CON-RES-1982-357,19671,11471,REPAIR
33477,CON-RES-1982-355,19672,11470,REPAIR
33482,CON-RES-1982-385,19677,11493,REPAIR
33484,CON-RES-1982-1352,19679,121742,REPAIR
33485,CON-RES-1985-13,19680,12348,REPAIR
33488,CON-RES-1985-564,19683,12500,REPAIR
33496,CON-RES-1985-207,19691,12371,REPAIR
33499,CON-RES-1985-56,19694,12497,REPAIR
33504,CON-RES-1985-619,19699,12520,REPAIR
33506,CON-RES-1985-84,19701,12545,REPAIR
33522,CON-RES-1985-2,19717,12369,REPAIR
33523,CON-RES-1985-4,19718,12437,REPAIR
33537,CON-RES-1985-626,19732,12523,REPAIR
33545,CON-RES-1985-50,19740,12469,REPAIR
33553,CON-RES-1987-433,19748,13067,REPAIR
33555,CON-RES-1987-1143,19750,12791,REPAIR
33559,CON-RES-1987-369,19754,13036,REPAIR
33565,CON-RES-1987-1150,19760,12794,REPAIR
33567,CON-RES-1987-1144,19762,12792,REPAIR
33568,CON-RES-1987-126,19763,12836,REPAIR
33572,CON-RES-1987-299,19767,13001,REPAIR
33582,CON-RES-1987-1327,19777,12861,REPAIR
33583,CON-RES-1987-1328,19778,12862,REPAIR
33584,CON-RES-1987-1301,19779,12856,REPAIR
33596,CON-RES-1987-685,19791,13160,REPAIR
33599,CON-RES-1987-1003,19794,12708,REPAIR
33604,CON-RES-1987-1031,19799,12726,REPAIR
33605,CON-RES-1987-676,19800,13157,REPAIR
33618,CON-RES-1987-670,19813,13154,REPAIR
33626,CON-RES-1987-596,19821,13124,REPAIR
33627,CON-RES-1987-404,19822,13054,REPAIR
33628,CON-RES-RC-1987-4,19823,,"SKIP: OP/TOT relationship"
33629,CON-RES-1987-853,19824,13239,REPAIR
33634,CON-RES-1987-1084,19829,12757,REPAIR
33642,CON-RES-1987-509,19837,13095,REPAIR
33666,CON-RES-1987-538,19861,13107,REPAIR
33693,CON-RES-1987-1450,19888,12904,REPAIR
33707,CON-RES-1987-562,19902,13118,REPAIR
33719,CON-RES-1987-555,19914,13114,REPAIR
33725,CON-RES-1987-319,19920,13011,REPAIR
33733,CON-RES-1987-339,19928,13018,REPAIR
33734,CON-RES-1987-337,19929,13016,REPAIR
33756,CON-RES-1987-778,19951,13202,REPAIR
33757,CON-RES-1987-775,19952,13199,REPAIR
33765,CON-RES-1987-1473,19960,12915,REPAIR
33770,CON-RES-1987-1477,19965,12918,REPAIR
33771,CON-RES-1987-1476,19966,12917,REPAIR
33776,CON-RES-1987-58,19971,13120,REPAIR
33780,CON-RES-1987-1452,19975,12906,REPAIR
33781,CON-RES-1987-1483,19976,12920,REPAIR
33787,CON-RES-1987-1480,19982,12919,REPAIR
33788,CON-RES-1987-861,19983,13246,REPAIR
33789,CON-RES-1987-835,19984,13228,REPAIR
33790,CON-RES-1987-845,19985,13233,REPAIR
33796,CON-RES-1987-865,19991,13247,REPAIR
33800,CON-RES-1987-1451,19995,12905,REPAIR
33805,CON-RES-1987-1466,20000,12913,REPAIR
33806,CON-RES-1987-1459,20001,12908,REPAIR
33817,CON-RES-1987-1456,20012,12907,REPAIR
33818,CON-RES-1987-777,20013,13201,REPAIR
33820,CON-RES-1987-215,20015,12957,REPAIR
33821,CON-RES-1987-409,20016,13057,REPAIR
33829,CON-RES-1987-966,20024,13287,REPAIR
33837,CON-RES-1987-1329,20032,12863,REPAIR
33838,CON-RES-1987-1303,20033,12858,REPAIR
33841,CON-RES-1987-1302,20036,12857,REPAIR
33843,CON-RES-1987-1336,20038,12865,REPAIR
33845,CON-RES-1987-159,20040,12927,REPAIR
33847,CON-RES-1987-143,20042,12894,REPAIR
33848,CON-RES-1987-146,20043,12909,REPAIR
33849,CON-RES-1987-170,20044,12933,REPAIR
33850,CON-RES-1987-1166,20045,12803,REPAIR
33853,CON-RES-1987-1340,20048,12868,REPAIR
33854,CON-RES-1987-1339,20049,12866,REPAIR
33855,CON-RES-1987-1392,20050,12879,REPAIR
33856,CON-RES-1987-1398,20051,12881,REPAIR
33868,CON-RES-1987-1075,20063,12751,REPAIR
33876,CON-RES-1987-1331,20071,12864,REPAIR
33877,CON-RES-1987-686,20072,13161,REPAIR
33878,CON-RES-1987-690,20073,13163,REPAIR
33879,CON-RES-1987-691,20074,13164,REPAIR
33883,CON-RES-1987-697,20078,13167,REPAIR
33885,CON-RES-1987-386,20080,13044,REPAIR
33886,CON-RES-1987-1083,20081,12756,REPAIR
33887,CON-RES-1987-1047,20082,12736,REPAIR
33888,CON-RES-1987-1050,20083,12738,REPAIR
33891,CON-RES-1987-5,20086,13092,REPAIR
33893,CON-RES-1987-1016,20088,12714,REPAIR
33895,CON-RES-1987-421,20090,13061,REPAIR
33896,CON-RES-1987-531,20091,13103,REPAIR
33897,CON-RES-1987-1442,20092,12901,REPAIR
33898,CON-RES-1987-1007,20093,12711,REPAIR
33899,CON-RES-2014-162,20094,16587,REPAIR
33902,CON-RES-2014-174,20097,16588,REPAIR
33903,CON-COM-2014-25,20098,9581,REPAIR
33904,CON-COM-2014-159,20099,9561,REPAIR
33965,CON-COM-2014-11,20160,9553,REPAIR
33974,CON-COM-2014-56,20169,9595,REPAIR
33981,CON-RES-2014-120,20176,16585,REPAIR
33998,CON-RES-1985-502,20193,12471,REPAIR
33999,CON-RES-1985-316,20194,12403,REPAIR
34000,CON-RES-1985-567,20195,12501,REPAIR
34003,CON-RES-1990-471,20198,13801,REPAIR
34005,CON-RES-1990-347,20200,13768,REPAIR
34019,CON-RES-1987-1183,20214,12810,REPAIR
34021,CON-RES-1987-50,20216,13093,REPAIR
34026,CON-RES-1987-11,20221,12765,REPAIR
34027,CON-RES-1988-77,20222,13517,REPAIR
34028,CON-RES-1988-79,20223,13518,REPAIR
34029,CON-RES-1988-83,20224,13521,REPAIR
34032,CON-RES-1988-432,20227,13435,REPAIR
34037,CON-RES-1988-93,20232,13526,REPAIR
34044,CON-RES-1988-419,20239,13426,REPAIR
34046,CON-RES-1988-465,20241,13448,REPAIR
34049,CON-RES-1988-416,20244,13425,REPAIR
34050,CON-RES-1988-427,20245,13431,REPAIR
34051,CON-RES-1988-241,20246,13360,REPAIR
34071,CON-RES-2017-272,20266,121938,REPAIR
34072,CON-RES-2017-216,20267,172259,REPAIR
34074,CON-RES-2017-208,20268,121937,REPAIR
34194,CON-COM-2017-74,20387,121703,REPAIR
34195,CON-COM-2017-91,20388,121704,REPAIR
34208,CON-COM-2017-93,20400,121705,REPAIR
34220,CON-COM-2017-232,20412,172248,REPAIR
34221,CON-RES-1982-278,20413,11431,REPAIR
34224,CON-RES-1982-1142,20416,11124,REPAIR
34228,CON-RES-1982-1616,20420,11334,REPAIR
34229,CON-RES-1982-706,20421,,"SKIP: OP/TOT relationship"
34230,CON-RES-1982-261,20422,,"SKIP: OP/TOT relationship"
34233,CON-RES-1982-1390,20425,11243,REPAIR
34234,CON-RES-1982-431,20426,11524,REPAIR
34235,CON-RES-1982-1168,20427,11137,REPAIR
34236,CON-RES-1982-1507,20428,11297,REPAIR
34237,CON-RES-1982-888,20429,11783,REPAIR
34238,CON-RES-1986-27,20430,12610,REPAIR
34239,CON-RES-1986-104,20431,12555,REPAIR
34240,CON-RES-1986-389,20432,12666,REPAIR
34241,CON-RES-1986-146,20433,12569,REPAIR
34242,CON-RES-1986-141,20434,12567,REPAIR
34243,CON-RES-1986-31,20435,12628,REPAIR
34244,CON-RES-1986-90,20436,12702,REPAIR
34245,CON-RES-1986-131,20437,12563,REPAIR
34251,CON-RES-1986-89,20443,12700,REPAIR
34252,CON-RES-1988-566,20444,13488,REPAIR
34253,CON-RES-1988-575,20445,13490,REPAIR
34254,CON-RES-1988-567,20446,13489,REPAIR
34255,CON-RES-1985-306,20447,12401,REPAIR
34256,CON-RES-1985-539,20448,12490,REPAIR
34257,CON-RES-1985-142,20449,12353,REPAIR
34258,CON-RES-1987-180,20450,12937,REPAIR
34259,CON-RES-1987-497,20451,13089,REPAIR
34260,CON-RES-1987-1397,20452,12880,REPAIR
34261,CON-RES-1987-792,20453,13208,REPAIR
34262,CON-RES-1987-662,20454,13150,REPAIR
34263,CON-RES-1989-577,20455,13679,REPAIR
34265,CON-COM-1985-46,20457,7986,REPAIR
34266,CON-RES-1989-508,20458,13666,REPAIR
34269,CON-RES-1981-563,20461,10992,REPAIR
34270,CON-RES-1986-303,20462,12626,REPAIR
34271,CON-AG-1985-4,20463,7187,REPAIR
34272,CON-RES-1989-509,20464,13667,REPAIR
34283,CON-RES-1989-528,20475,13668,REPAIR
34285,CON-AG-1989-39,20477,7328,REPAIR
34286,CON-RES-RC-1981-14,20478,17757,REPAIR
34287,CON-RES-1989-507,20479,13665,REPAIR
34302,CON-RES-1989-539,20494,13671,REPAIR
34303,CON-RES-1989-540,20495,13672,REPAIR
34304,CON-RES-1982-876,20496,11780,REPAIR
34324,CON-RES-1988-556,20515,13484,REPAIR
34327,CON-RES-1988-554,20518,13483,REPAIR
34336,CON-RES-1985-522,20527,12480,REPAIR
34337,CON-RES-1985-532,20528,12484,REPAIR
34355,CON-RES-1982-206,20546,11381,REPAIR
34357,CON-RES-RC-1983-19,20548,18490,REPAIR
34358,CON-AG-1981-40,20549,6842,REPAIR
34360,CON-RES-RC-1984-16,20551,18527,REPAIR
34361,CON-COM-1988-68,20552,8080,REPAIR
34362,CON-RES-RC-1987-5,20553,18623,REPAIR
34364,CON-COM-RC-1985-6,20555,10362,REPAIR
34373,CON-RES-1981-464,20564,10943,REPAIR
34374,CON-AG-1987-70,20565,7276,REPAIR
34377,CON-AG-1985-109,20568,7175,REPAIR
34378,CON-RES-1987-1485,20569,12922,REPAIR
34379,CON-RES-1987-629,20570,13135,REPAIR
34380,CON-RES-1987-633,20571,13137,REPAIR
34381,CON-AG-1987-125,20572,7248,REPAIR
34388,CON-RES-1982-1136,20579,11122,REPAIR
34389,CON-RES-1985-166,20580,12361,REPAIR
34391,CON-AG-1989-28,20582,7321,REPAIR
34392,CON-RES-1987-358,20583,13031,REPAIR
34393,CON-RES-1987-1461,20584,12911,REPAIR
34394,CON-RES-1987-1460,20585,12910,REPAIR
34395,CON-RES-1987-1186,20586,12811,REPAIR
34396,CON-RES-1987-390,20587,13047,REPAIR
34448,CON-RES-RC-1988-6,20638,18638,REPAIR
34449,CON-RES-RC-1982-32,20639,,"SKIP: OP/TOT relationship"
34457,CON-RES-RC-1981-94,20647,17847,REPAIR
34458,CON-RES-RC-1981-67,20648,17824,REPAIR
34459,CON-RES-RC-1981-90,20649,,"SKIP: OP/TOT relationship"
34460,CON-RES-RC-1981-74,20650,17831,REPAIR
34461,CON-RES-RC-1981-2,20651,17781,REPAIR
34462,CON-RES-1982-1601,20652,11330,REPAIR
34463,CON-RES-1982-430,20653,11523,REPAIR
34464,CON-RES-1982-704,20654,11693,REPAIR
34465,CON-RES-1981-471,20655,10950,REPAIR
34466,CON-RES-1982-91,20656,11795,REPAIR
34467,CON-RES-1982-1151,20657,11130,REPAIR
34469,CON-RES-1984-507,20659,12255,REPAIR
34472,CON-RES-1987-1062,20662,12746,REPAIR
34473,CON-RES-1987-1063,20663,12747,REPAIR
34477,CON-RES-1984-512,20667,12259,REPAIR
34478,CON-RES-1987-1054,20668,12742,REPAIR
34479,CON-RES-1987-1056,20669,12743,REPAIR
34481,CON-RES-1987-1046,20671,12735,REPAIR
34482,CON-RES-1985-148,20672,12354,REPAIR
34499,CON-RES-1985-103,20689,12337,REPAIR
34501,CON-RES-1985-102,20691,12336,REPAIR
34502,CON-RES-1984-520,20692,12262,REPAIR
34508,CON-RES-1982-1639,20698,11346,REPAIR
34509,CON-RES-1982-1127,20699,11118,REPAIR
34510,CON-RES-1981-443,20700,10934,REPAIR
34513,CON-RES-1987-1086,20703,12758,REPAIR
34514,CON-RES-1982-957,20704,175883,REPAIR
34516,CON-RES-1985-157,20706,12359,REPAIR
34518,CON-AG-1982-582,20708,7045,REPAIR
34519,CON-RES-RC-1982-660,20709,18377,REPAIR
34520,CON-RES-RC-1982-453,20710,18181,REPAIR
34521,CON-RES-RC-1982-488,20711,18212,REPAIR
34522,CON-RES-RC-1982-492,20712,18217,REPAIR
34523,CON-RES-RC-1982-496,20713,18222,REPAIR
34524,CON-RES-1982-1077,20714,11094,REPAIR
34526,CON-RES-1982-1603,20716,11331,REPAIR
34527,CON-RES-1981-485,20717,,"SKIP: OP/TOT relationship"
34530,CON-RES-1982-615,20720,11646,REPAIR
34531,CON-RES-1982-300,20721,11446,REPAIR
34532,CON-RES-RC-1982-500,20722,18228,REPAIR
34533,CON-RES-RC-1982-493,20723,,"SKIP: OP/TOT relationship"
34534,CON-RES-RC-1982-412,20724,,"SKIP: OP/TOT relationship"
34535,CON-RES-RC-1982-80,20725,,"SKIP: OP/TOT relationship"
34536,CON-RES-1985-134,20726,12349,REPAIR
34537,CON-RES-1985-126,20727,12347,REPAIR
34538,CON-RES-1985-168,20728,12362,REPAIR
34539,CON-RES-1981-467,20729,10945,REPAIR
34540,CON-RES-1981-475,20730,10951,REPAIR
34541,CON-RES-1981-79,20731,11037,REPAIR
34542,CON-RES-RC-1981-84,20732,,"SKIP: OP/TOT relationship"
34543,CON-RES-RC-1981-87,20733,17841,REPAIR
34544,CON-RES-RC-1981-91,20734,,"SKIP: OP/TOT relationship"
34546,CON-RES-RC-1981-76,20736,17833,REPAIR
34547,CON-RES-RC-1981-96,20737,17849,REPAIR
34548,CON-RES-RC-1981-72,20738,17829,REPAIR
34549,CON-RES-RC-1981-82,20739,17836,REPAIR
34550,CON-RES-RC-1981-68,20740,17825,REPAIR
34551,CON-RES-RC-1981-42,20741,17800,REPAIR
34552,CON-RES-RC-1981-83,20742,17837,REPAIR
34553,CON-RES-RC-1981-93,20743,17846,REPAIR
34554,CON-RES-RC-1981-86,20744,,"SKIP: OP/TOT relationship"
34558,CON-AG-RC-1981-121,20748,7609,REPAIR
34560,CON-RES-1981-332,20750,10873,REPAIR
34561,CON-RES-1981-428,20751,,"SKIP: OP/TOT relationship"
34566,CON-RES-1981-5,20756,136021,REPAIR
34567,CON-RES-1987-1038,20757,12730,REPAIR
34569,CON-RES-1987-1428,20758,12892,REPAIR
34570,CON-RES-1987-540,20759,13109,REPAIR
34571,CON-RES-1987-785,20760,13204,REPAIR
34572,CON-RES-1987-375,20761,13038,REPAIR
34573,CON-RES-1987-116,20762,12800,REPAIR
34574,CON-RES-1992-408,20763,14069,REPAIR
34575,CON-RES-1992-458,20764,14081,REPAIR
34576,CON-RES-1992-500,20765,14098,REPAIR
34577,CON-RES-1992-461,20766,14085,REPAIR
34578,CON-RES-1992-682,20767,14159,REPAIR
34579,CON-RES-1992-589,20768,14140,REPAIR
34580,CON-RES-1992-468,20769,14088,REPAIR
34582,CON-RES-1987-839,20770,13229,REPAIR
34583,CON-RES-1987-840,20771,13231,REPAIR
34584,CON-RES-1987-30,20772,13003,REPAIR
34589,CON-RES-1987-1107,20777,12770,REPAIR
34590,CON-RES-1987-1095,20778,12764,REPAIR
34591,CON-RES-1987-1484,20779,12921,REPAIR
34592,CON-RES-1988-34,20780,13395,REPAIR
34593,CON-RES-1988-89,20781,13524,REPAIR
34594,CON-RES-1988-254,20782,13365,REPAIR
34595,CON-RES-1988-446,20783,13443,REPAIR
34598,CON-RES-1988-94,20786,13527,REPAIR
34599,CON-RES-1988-72,20787,13516,REPAIR
34600,CON-RES-1988-318,20788,13388,REPAIR
34601,CON-RES-1988-469,20789,13450,REPAIR
34602,CON-RES-1988-270,20790,13372,REPAIR
34607,CON-RES-1988-266,20795,13369,REPAIR
34611,CON-RES-1988-251,20799,13364,REPAIR
34612,CON-RES-1988-441,20800,13439,REPAIR
34614,CON-RES-2004-106,20802,15381,REPAIR
34615,CON-RES-2004-387,20803,15482,REPAIR
34616,CON-RES-2004-377,20804,15479,REPAIR
34617,CON-RES-2004-375,20805,15477,REPAIR
34618,CON-RES-2004-388,20806,15483,REPAIR
34620,CON-RES-2004-108,20808,15383,REPAIR
34621,CON-RES-2004-368,20809,15472,REPAIR
34622,CON-RES-2004-296,20810,15430,REPAIR
34624,CON-RES-2004-351,20812,15461,REPAIR
34625,CON-RES-2004-153,20813,15391,REPAIR
34626,CON-RES-2004-284,20814,15427,REPAIR
34627,CON-RES-2004-283,20815,15426,REPAIR
34629,CON-RES-2004-349,20817,15460,REPAIR
34630,CON-RES-2004-302,20818,15434,REPAIR
34631,CON-COM-2004-26,20819,8638,REPAIR
34632,CON-RES-2004-407,20820,15493,REPAIR
34639,CON-RES-2004-163,20827,15398,REPAIR
34660,CON-RES-2004-160,20848,15396,REPAIR
34673,CON-RES-2004-360,20861,15467,REPAIR
34675,CON-RES-2004-90,20863,15507,REPAIR
34676,CON-RES-2004-308,20864,15436,REPAIR
34677,CON-RES-2004-99,20865,15508,REPAIR
34678,CON-RES-2004-340,20866,15452,REPAIR
34681,CON-RES-2004-295,20869,15429,REPAIR
34683,CON-RES-2004-399,20870,15489,REPAIR
34684,CON-RES-2004-372,20871,15474,REPAIR
34685,CON-RES-2004-155,20872,15393,REPAIR
34687,CON-RES-2004-162,20874,15397,REPAIR
34688,CON-RES-2004-313,20875,15440,REPAIR
34699,CON-RES-2004-346,20886,15458,REPAIR
34706,CON-RES-2004-385,20893,15481,REPAIR
34714,CON-RES-2004-180,20901,15401,REPAIR
34715,CON-RES-2004-356,20902,15464,REPAIR
34716,CON-RES-2004-355,20903,15463,REPAIR
34720,CON-RES-2004-312,20907,15439,REPAIR
34723,CON-COM-2004-57,20910,8654,REPAIR
34727,CON-RES-2004-300,20914,15433,REPAIR
34728,CON-RES-2004-363,20915,15469,REPAIR
34731,CON-RES-2004-352,20918,15462,REPAIR
34732,CON-RES-2004-344,20919,15456,REPAIR
34733,CON-RES-2004-345,20920,15457,REPAIR
34736,CON-RES-2004-397,20923,15488,REPAIR
34739,CON-RES-2004-275,20926,15421,REPAIR
34743,CON-RES-2004-252,20930,15416,REPAIR
34744,CON-RES-2004-251,20931,15415,REPAIR
34748,CON-RES-2004-347,20934,15459,REPAIR
34750,CON-RES-2004-362,20936,15468,REPAIR
34751,CON-RES-2004-280,20937,15423,REPAIR
34752,CON-RES-2004-279,20938,15422,REPAIR
34755,CON-RES-2004-393,20941,15486,REPAIR
34760,CON-RES-2004-176,20946,15400,REPAIR
34761,CON-RES-2004-396,20947,15487,REPAIR
34762,CON-RES-2004-151,20948,15390,REPAIR
34763,CON-RES-2004-104,20949,15380,REPAIR
34764,CON-RES-2004-138,20950,15386,REPAIR
34765,CON-RES-2004-373,20951,15475,REPAIR
34766,CON-RES-2004-343,20952,15455,REPAIR
34767,CON-RES-2004-376,20953,15478,REPAIR
34768,CON-RES-2004-342,20954,15454,REPAIR
34773,CON-RES-2004-309,20959,15437,REPAIR
34775,CON-RES-2004-400,20961,15492,REPAIR
34776,CON-RES-2004-307,20962,15435,REPAIR
34777,CON-RES-2004-192,20963,15404,REPAIR
34792,CON-RES-2005-275,20978,15582,REPAIR
34800,CON-RES-2005-254,20986,15571,REPAIR
34801,CON-RES-2005-257,20987,15573,REPAIR
34804,CON-RES-2005-253,20990,15570,REPAIR
34805,CON-RES-2005-26,20991,15575,REPAIR
34811,CON-RES-2005-231,20997,15560,REPAIR
34812,CON-RES-2005-18,20998,15537,REPAIR
34813,CON-RES-2005-519,20999,15601,REPAIR
34814,CON-RES-2005-19,21000,15542,REPAIR
34815,CON-RES-2005-140,21001,15521,REPAIR
34816,CON-RES-2005-25,21002,15568,REPAIR
34820,CON-RES-2005-156,21006,15526,REPAIR
34821,CON-RES-2005-21,21007,15550,REPAIR
34824,CON-RES-2005-157,21010,15527,REPAIR
34826,CON-RES-2005-153,21012,15525,REPAIR
34827,CON-RES-2005-22,21013,15554,REPAIR
34828,CON-RES-2005-200,21014,15544,REPAIR
34830,CON-RES-2005-184,21016,15539,REPAIR
34831,CON-RES-2005-178,21017,15536,REPAIR
34836,CON-RES-2005-241,21020,15562,REPAIR
34837,CON-RES-2005-202,21021,15546,REPAIR
34845,CON-RES-2005-187,21029,15541,REPAIR
34848,CON-RES-2005-169,21032,15529,REPAIR
34849,CON-RES-2005-170,21033,15531,REPAIR
34851,CON-RES-2005-152,21035,15524,REPAIR
34852,CON-RES-2005-174,21036,15534,REPAIR
34853,CON-RES-2005-171,21037,15532,REPAIR
34854,CON-RES-2005-20,21038,15543,REPAIR
34855,CON-RES-2005-183,21039,15538,REPAIR
34856,CON-RES-2005-185,21040,15540,REPAIR
34857,CON-RES-2005-172,21041,15533,REPAIR
34858,CON-RES-2005-150,21042,15523,REPAIR
34859,CON-RES-2005-303,21043,15590,REPAIR
34861,CON-RES-2005-258,21045,15574,REPAIR
34862,CON-RES-2005-251,21046,15569,REPAIR
34864,CON-RES-2005-292,21048,15587,REPAIR
34865,CON-RES-2005-291,21049,15586,REPAIR
34866,CON-RES-2005-290,21050,15585,REPAIR
34868,CON-RES-2005-274,21052,15581,REPAIR
34869,CON-RES-2005-276,21053,15583,REPAIR
34883,CON-AG-2005-4,21067,7471,REPAIR
34884,CON-COM-2005-39,21068,8694,REPAIR
34885,CON-COM-2005-97,21069,8726,REPAIR
34886,CON-COM-2005-99,21070,8727,REPAIR
34887,CON-COM-2005-47,21071,8698,REPAIR
34888,CON-COM-2005-50,21072,8701,REPAIR
34889,CON-COM-2005-95,21073,8725,REPAIR
34891,CON-COM-2006-76,21075,8781,REPAIR
34892,CON-COM-2006-77,21076,8782,REPAIR
34893,CON-COM-2006-72,21077,8778,REPAIR
34894,CON-COM-2006-70,21078,8776,REPAIR
34895,CON-COM-2006-102,21079,8733,REPAIR
34896,CON-COM-2006-17,21080,8742,REPAIR
34897,CON-COM-2006-31,21081,8752,REPAIR
34898,CON-RES-2006-289,21082,15689,REPAIR
34899,CON-COM-2006-101,21083,8732,REPAIR
34900,CON-COM-2006-69,21084,8774,REPAIR
34902,CON-COM-2006-115,21086,8739,REPAIR
34903,CON-COM-2006-10,21087,8731,REPAIR
34912,CON-RES-1983-607,21096,12037,REPAIR
34928,CON-RES-2015-175,21112,16616,REPAIR
34974,CON-COM-2015-134,21158,115287,REPAIR
35012,CON-COM-2016-33,21196,111134,REPAIR
35021,CON-RES-2014-184,21205,16589,REPAIR
35047,CON-COM-2014-38,21231,9592,REPAIR
35048,CON-COM-2014-70,21907,115666,REPAIR
35050,CON-COM-2014-204,21234,9567,REPAIR
35054,CON-COM-2014-78,21238,9599,REPAIR
35064,CON-COM-2014-1,21911,9551,REPAIR
35065,CON-COM-2014-274,21249,116937,REPAIR
35071,CON-COM-2014-24,21916,9577,REPAIR
35077,CON-COM-2014-105,21261,9552,REPAIR
35086,CON-COM-2013-148,21270,115278,REPAIR
35103,CON-COM-2013-123,21286,9492,REPAIR
35106,CON-COM-2013-26,21918,9532,REPAIR
35142,CON-RES-2018-344,21325,171881,REPAIR
35161,CON-RES-2018-320,21344,16665,REPAIR
35162,CON-RES-2018-318,21345,121946,REPAIR
35194,CON-COM-2018-318,21377,121707,REPAIR
35214,CON-RES-1983-206,21396,11886,REPAIR
35220,CON-RES-1983-649,21402,12052,REPAIR
35224,CON-RES-1983-831,21406,12112,REPAIR
35225,CON-RES-1983-818,21407,12107,REPAIR
35230,CON-RES-1983-86,21411,12121,REPAIR
35231,CON-RES-1983-618,21412,12043,REPAIR
35232,CON-RES-1983-669,21413,12060,REPAIR
35233,CON-RES-1983-11,21414,11847,REPAIR
35234,CON-RES-1983-87,21415,,"SKIP: OP/TOT relationship"
35236,CON-RES-1983-521,21417,12005,REPAIR
35238,CON-RES-1983-17,21418,11868,REPAIR
35239,CON-RES-RC-1983-4,21419,18508,REPAIR
35240,CON-RES-RC-1983-25,21420,18497,REPAIR
35241,CON-RES-RC-1983-23,21421,18495,REPAIR
35242,CON-RES-RC-1983-28,21422,18500,REPAIR
35243,CON-RES-1983-423,21423,11977,REPAIR
35244,CON-RES-1983-131,21424,11851,REPAIR
35245,CON-RES-1983-8,21425,12097,REPAIR
35247,CON-RES-1983-355,21427,11946,REPAIR
35248,CON-RES-1983-16,21428,11862,REPAIR
35249,CON-RES-1983-601,21429,12035,REPAIR
35250,CON-RES-1983-569,21430,12024,REPAIR
35251,CON-RES-1983-576,21431,12029,REPAIR
35253,CON-RES-1983-193,21433,11878,REPAIR
35257,CON-RES-1983-864,21437,12123,REPAIR
35260,CON-RES-1982-1336,21440,11219,REPAIR
35261,CON-RES-1982-1335,21441,11218,REPAIR
35262,CON-RES-1982-1409,21442,11255,REPAIR
35266,CON-RES-1982-33,21446,11458,REPAIR
35268,CON-RES-1982-38,21448,11489,REPAIR
35269,CON-RES-1982-301,21449,11447,REPAIR
35270,CON-RES-RC-1982-387,21450,18111,REPAIR
35272,CON-RES-1982-361,21452,11475,REPAIR
35274,CON-RES-1982-386,21454,11494,REPAIR
35275,CON-RES-1982-520,21455,11582,REPAIR
35276,CON-RES-1982-552,21456,11603,REPAIR
35278,CON-RES-1982-597,21458,11632,REPAIR
35279,CON-RES-1982-213,21459,11387,REPAIR
35280,CON-RES-1982-461,21460,,"SKIP: OP/TOT relationship"
35281,CON-RES-1982-1094,21461,11099,REPAIR
35282,CON-RES-1982-512,21462,11577,REPAIR
35283,CON-RES-1982-779,21463,11727,REPAIR
35285,CON-RES-1982-785,21465,174324,REPAIR
35286,CON-RES-1982-927,21466,175729,REPAIR
35288,CON-RES-1982-825,21468,11748,REPAIR
35289,CON-RES-1982-826,21469,11749,REPAIR
35291,CON-RES-1982-831,21470,11753,REPAIR
35292,CON-RES-1982-836,21471,11758,REPAIR
35296,CON-RES-1982-922,21475,11805,REPAIR
35298,CON-RES-1982-935,21477,11812,REPAIR
35301,CON-RES-1982-967,21480,176203,REPAIR
35307,CON-RES-1982-1327,21486,11215,REPAIR
35308,CON-RES-1982-1341,21487,11224,REPAIR
35312,CON-RES-1982-1365,21491,11231,REPAIR
35313,CON-RES-1982-1403,21492,11252,REPAIR
35314,CON-RES-1982-1366,21517,11232,REPAIR
35315,CON-RES-1982-1416,21518,11257,REPAIR
35316,CON-RES-1982-1438,21519,11268,REPAIR
35317,CON-RES-1982-1448,21520,11272,REPAIR
35319,CON-RES-1982-1451,21522,11274,REPAIR
35321,CON-RES-1982-596,21524,,"SKIP: OP/TOT relationship"
35322,CON-RES-1985-1,21525,12334,REPAIR
35323,CON-RES-1985-383,21526,,"SKIP: OP/TOT relationship"
35324,CON-RES-1985-616,21527,12519,REPAIR
35325,CON-RES-1985-402,21528,12439,REPAIR
35326,CON-RES-1985-482,21529,12463,REPAIR
35327,CON-RES-1985-582,21530,12508,REPAIR
35329,CON-RES-1985-371,21532,12428,REPAIR
35330,CON-RES-1985-472,21533,12460,REPAIR
35331,CON-RES-1985-562,21534,12499,REPAIR
35332,CON-RES-1985-342,21535,12415,REPAIR
35333,CON-RES-1985-444,21536,12453,REPAIR
35335,CON-RES-2009-142,21538,16064,REPAIR
35336,CON-RES-2009-549,21539,16186,REPAIR
35339,CON-RES-2009-824,21542,16245,REPAIR
35340,CON-RES-2009-823,21543,16244,REPAIR
35343,CON-RES-2009-836,21546,16252,REPAIR
35349,CON-RES-2009-827,21551,16248,REPAIR
35350,CON-RES-2009-828,21552,16249,REPAIR
35352,CON-RES-2009-826,21554,16247,REPAIR
35353,CON-RES-2009-825,21555,16246,REPAIR
35355,CON-RES-2009-656,21557,16205,REPAIR
35375,CON-RES-2009-139,21577,121878,REPAIR
35376,CON-RES-2009-105,21578,16046,REPAIR
35377,CON-RES-2009-37,21579,16153,REPAIR
35382,CON-RES-2009-47,21584,16181,REPAIR
35383,CON-RES-2009-906,21585,16266,REPAIR
35384,CON-RES-2009-926,21586,16272,REPAIR
35385,CON-RES-2009-905,21587,16265,REPAIR
35386,CON-RES-2009-904,21588,16264,REPAIR
35387,CON-RES-2009-1074,21589,16051,REPAIR
35389,CON-RES-2009-310,21591,16118,REPAIR
35390,CON-RES-2009-334,21592,16131,REPAIR
35391,CON-RES-2009-301,21593,16111,REPAIR
35392,CON-RES-2009-304,21594,16114,REPAIR
35395,CON-RES-2009-910,21597,16267,REPAIR
35396,CON-RES-2009-922,21598,16271,REPAIR
35398,CON-RES-2009-302,21600,16112,REPAIR
35399,CON-RES-2009-303,21601,16113,REPAIR
35400,CON-RES-2009-655,21602,16204,REPAIR
35406,CON-RES-2009-23,21608,16088,REPAIR
35408,CON-RES-2009-192,21610,16077,REPAIR
35409,CON-RES-2009-851,21611,16254,REPAIR
35417,CON-RES-2009-844,21619,16253,REPAIR
35418,CON-RES-2009-829,21620,16250,REPAIR
35420,CON-RES-2009-52,21622,121890,REPAIR
35421,CON-RES-2009-31,21623,121885,REPAIR
35422,CON-RES-2009-34,21624,16133,REPAIR
35426,CON-RES-2009-890,21628,16259,REPAIR
35427,CON-RES-2009-21,21629,16083,REPAIR
35428,CON-RES-2009-896,21630,16260,REPAIR
35429,CON-RES-2009-15,21631,16065,REPAIR
35434,CON-RES-2009-297,21636,16108,REPAIR
35435,CON-RES-2009-78,21637,16237,REPAIR
35438,CON-RES-2009-296,21640,16107,REPAIR
35439,CON-RES-2009-75,21641,16231,REPAIR
35441,CON-RES-2009-46,21643,16179,REPAIR
35442,CON-RES-2009-45,21644,16176,REPAIR
35443,CON-RES-2009-615,21645,16196,REPAIR
35444,CON-RES-2009-28,21646,16102,REPAIR
35446,CON-COM-2009-349,21648,9091,REPAIR
35447,CON-COM-2009-341,21649,9090,REPAIR
35448,CON-COM-2009-340,21650,9089,REPAIR
35456,CON-COM-2009-321,21658,9082,REPAIR
35457,CON-COM-2009-328,21659,9084,REPAIR
35458,CON-COM-2009-301,21660,9075,REPAIR
35459,CON-COM-2009-322,21661,9083,REPAIR
35460,CON-COM-2009-330,21662,9085,REPAIR
35461,CON-COM-2009-304,21663,9076,REPAIR
35465,CON-COM-2009-120,21667,9020,REPAIR
35467,CON-COM-2009-150,21669,9025,REPAIR
35481,CON-COM-2009-101,21683,9018,REPAIR
35483,CON-COM-2009-184,21685,9045,REPAIR
35484,CON-COM-2009-796,21686,9138,REPAIR
35499,CON-RES-2013-560,21700,171064,REPAIR
35510,CON-RES-2013-565,21711,16578,REPAIR
35544,CON-RES-2020-501,21745,176098,REPAIR
35546,CON-RES-2020-323,21747,121961,REPAIR
35548,CON-RES-2020-361,21749,121962,REPAIR
35552,CON-RES-2020-710,21753,168835,REPAIR
35561,CON-RES-2020-1311,21762,168909,REPAIR
35563,CON-RES-2020-709,21764,168847,REPAIR
35565,CON-RES-2020-309,21766,121957,REPAIR
35577,CON-COM-2020-51,21936,175665,REPAIR
35578,CON-COM-2019-311,21779,174861,REPAIR
35579,CON-COM-2019-305,21780,174195,REPAIR
35580,CON-COM-2019-304,21781,174189,REPAIR
35581,CON-COM-2019-321,21782,175724,REPAIR
35584,CON-COM-2019-261,21785,174280,REPAIR
35591,CON-COM-2019-260,21792,9849,REPAIR
35592,CON-COM-2019-256,21793,9848,REPAIR
35595,CON-COM-2019-282,21796,172871,REPAIR
35603,CON-COM-2019-288,21803,173898,REPAIR
35607,CON-IND-2019-14,21940,175320,REPAIR
35608,CON-AG-2019-112,21808,175308,REPAIR
35613,CON-AG-2019-9,21945,170931,REPAIR
35617,CON-AG-2019-36,21948,172122,REPAIR
35621,CON-AG-2019-39,21952,172162,REPAIR
35629,CON-AG-2019-84,21960,174313,REPAIR
35632,CON-AG-2019-87,21963,174011,REPAIR
35635,CON-AG-2019-93,21966,173172,REPAIR
35648,CON-RES-1991-106,21848,13827,REPAIR
35650,CON-RES-1991-119,21850,13830,REPAIR
35651,CON-RES-1991-120,21851,13831,REPAIR
35654,CON-RES-1991-169,21854,13843,REPAIR
35655,CON-RES-1991-170,21855,137239,REPAIR
35656,CON-RES-1991-174,21856,13845,REPAIR
35657,CON-RES-1991-193,21857,13848,REPAIR
35665,CON-RES-1991-211,21865,13853,REPAIR
35666,CON-RES-1991-212,21866,13854,REPAIR
35674,CON-RES-1987-33,21874,13014,REPAIR
35675,CON-RES-1987-47,21875,13081,REPAIR
35678,CON-RES-1987-857,21878,13243,REPAIR
35679,CON-RES-1987-867,21879,13249,REPAIR
35680,CON-RES-1987-869,21880,13250,REPAIR
35681,CON-RES-1987-1000,21881,12706,REPAIR
35682,CON-RES-1988-444,21882,13441,REPAIR
35683,CON-RES-1988-53,21883,13470,REPAIR
35684,CON-RES-1988-55,21884,13481,REPAIR
35686,CON-RES-1988-547,21886,13478,REPAIR
35706,CON-RES-1987-943,21969,13275,REPAIR
35713,CON-RES-1989-275,21976,13593,REPAIR
35714,CON-RES-1989-154,21977,13555,REPAIR
35715,CON-RES-1989-482,21978,13656,REPAIR
35716,CON-RES-1989-350,21979,13609,REPAIR
35720,CON-RES-1990-246,21983,13732,REPAIR
35723,CON-RES-1990-132,21986,13706,REPAIR
35724,CON-RES-1991-223,21987,13857,REPAIR
35729,CON-RES-1991-235,21992,13862,REPAIR
35752,CON-RES-1991-273,22015,13868,REPAIR
35757,CON-RES-1991-541,22020,13937,REPAIR
35758,CON-RES-1991-478,22021,13918,REPAIR
35759,CON-RES-1991-618,22022,13956,REPAIR
35761,CON-RES-1991-599,22024,13955,REPAIR
35762,CON-RES-1991-522,22025,13932,REPAIR
35764,CON-RES-1991-147,22027,13839,REPAIR
35765,CON-RES-1991-105,22028,13826,REPAIR
35766,CON-RES-1992-237,22029,14026,REPAIR
35773,CON-RES-1992-356,22036,14054,REPAIR
35774,CON-RES-1992-355,22037,14053,REPAIR
35786,CON-RES-1992-158,22049,13998,REPAIR
35792,CON-RES-1988-130,22055,13313,REPAIR
35793,CON-RES-1988-118,22056,13308,REPAIR
35794,CON-RES-1988-448,22057,13445,REPAIR
35795,CON-RES-1988-629,22058,13507,REPAIR
35807,CON-RES-1990-338,22070,13764,REPAIR
35808,CON-RES-1990-310,22071,13753,REPAIR
35817,CON-RES-1990-255,22080,13735,REPAIR
35818,CON-RES-1990-369,22081,13774,REPAIR
35819,CON-RES-1990-261,22082,13738,REPAIR
35821,CON-RES-1990-298,22084,13749,REPAIR
35825,CON-RES-1991-529,22088,13935,REPAIR
35826,CON-RES-1991-315,22089,13882,REPAIR
35827,CON-RES-1991-77,22090,13975,REPAIR
35828,CON-RES-1991-319,22091,13883,REPAIR
35829,CON-RES-1991-360,22092,13891,REPAIR
35832,CON-RES-1991-393,22095,13897,REPAIR
35834,CON-RES-1991-548,22097,13939,REPAIR
35840,CON-RES-1992-646,22103,14154,REPAIR
35847,CON-RES-1992-344,22110,14050,REPAIR
35855,CON-RES-1992-376,22118,14060,REPAIR
35856,CON-RES-1992-323,22119,14044,REPAIR
35857,CON-RES-1992-324,22120,14045,REPAIR
35858,CON-RES-1992-371,22121,14058,REPAIR
35859,CON-RES-1992-374,22122,14059,REPAIR
35867,CON-RES-1992-174,22130,14005,REPAIR
35874,CON-RES-1992-678,22137,14158,REPAIR
35880,CON-RES-1988-102,22143,13304,REPAIR
35883,CON-RES-1989-343,22146,13606,REPAIR
35884,CON-RES-1989-345,22147,13607,REPAIR
35887,CON-RES-1990-390,22150,13778,REPAIR
35892,CON-RES-1990-268,22155,13740,REPAIR
35894,CON-RES-1990-260,22157,13737,REPAIR
35895,CON-RES-1990-45,22158,13798,REPAIR
35896,CON-RES-1990-337,22159,13763,REPAIR
35897,CON-RES-1990-3,22160,13751,REPAIR
35899,CON-RES-1990-19,22162,13721,REPAIR
35904,CON-RES-1991-524,22167,13933,REPAIR
35905,CON-RES-1991-520,22168,13931,REPAIR
35906,CON-RES-1991-513,22169,13926,REPAIR
35907,CON-RES-1991-518,22170,13930,REPAIR
35912,CON-RES-1991-422,22175,13906,REPAIR
35919,CON-RES-1991-124,22182,13832,REPAIR
35920,CON-RES-1991-137,22183,13836,REPAIR
35921,CON-RES-1991-549,22184,13940,REPAIR
35922,CON-RES-1991-643,22185,13967,REPAIR
35927,CON-RES-1991-116,22190,13829,REPAIR
35931,CON-RES-1992-510,22194,14105,REPAIR
35944,CON-RES-1992-503,22207,14101,REPAIR
35945,CON-RES-1992-502,22208,14100,REPAIR
35956,CON-RES-1992-159,22219,13999,REPAIR
35964,CON-RES-1984-27,22227,12188,REPAIR
35965,CON-RES-1988-232,22228,13358,REPAIR
35966,CON-RES-1988-590,22229,13494,REPAIR
35968,CON-RES-1988-119,22231,13309,REPAIR
35979,CON-RES-1990-346,22242,13767,REPAIR
35980,CON-RES-1990-131,22243,13705,REPAIR
35987,CON-RES-1991-397,22250,13901,REPAIR
35989,CON-RES-1991-337,22252,13885,REPAIR
35991,CON-RES-1991-407,22254,13902,REPAIR
36001,CON-RES-1991-279,22264,13872,REPAIR
36009,CON-RES-1991-435,22272,13911,REPAIR
36010,CON-RES-1991-207,22273,13851,REPAIR
36011,CON-RES-1991-217,22274,13856,REPAIR
36024,CON-RES-1992-307,22287,14041,REPAIR
36027,CON-RES-1992-367,22290,14055,REPAIR
36039,CON-RES-1992-328,22302,14046,REPAIR
36041,CON-RES-1992-331,22304,14047,REPAIR
36042,CON-RES-1992-249,22305,14028,REPAIR
36043,CON-RES-1992-406,22306,14067,REPAIR
36045,CON-RES-1988-611,22308,13501,REPAIR
36046,CON-RES-1988-350,22309,13402,REPAIR
36047,CON-RES-1988-347,22310,13398,REPAIR
36048,CON-RES-1988-323,22311,13390,REPAIR
36053,CON-RES-1989-329,22316,13604,REPAIR
36062,CON-RES-1990-416,22325,13785,REPAIR
36069,CON-RES-1990-285,22332,13744,REPAIR
36072,CON-RES-1990-302,22335,13752,REPAIR
36073,CON-RES-1990-480,22336,13808,REPAIR
36074,CON-RES-1990-49,22337,13809,REPAIR
36075,CON-RES-1990-48,22338,13807,REPAIR
36076,CON-RES-1991-639,22339,13964,REPAIR
36078,CON-RES-1991-641,22341,13965,REPAIR
36079,CON-RES-1991-69,22342,13972,REPAIR
36081,CON-RES-1991-81,22344,13976,REPAIR
36102,CON-RES-1992-339,22365,14049,REPAIR
36103,CON-RES-1992-1,22366,13980,REPAIR
36104,CON-RES-1992-302,22367,14040,REPAIR
36106,CON-RES-1992-377,22369,14061,REPAIR
36107,CON-RES-1992-615,22370,14149,REPAIR
36118,CON-RES-1992-40,22381,14064,REPAIR
36127,CON-RES-1990-423,22390,13788,REPAIR
36133,CON-RES-1990-434,22396,13794,REPAIR
36134,CON-RES-1990-435,22397,13795,REPAIR
36135,CON-RES-1990-318,22398,13757,REPAIR
36136,CON-RES-1990-311,22399,13754,REPAIR
36143,CON-RES-1990-344,22406,13766,REPAIR
36147,CON-RES-1991-413,22410,13903,REPAIR
36149,CON-RES-1991-424,22412,13907,REPAIR
36150,CON-RES-1991-425,22413,13908,REPAIR
36156,CON-RES-1991-216,22419,13855,REPAIR
36157,CON-RES-1991-142,22420,13838,REPAIR
36165,CON-RES-1991-426,22428,13909,REPAIR
36166,CON-RES-1991-455,22429,13914,REPAIR
36167,CON-RES-1991-459,22430,13915,REPAIR
36177,CON-RES-1991-442,22440,13912,REPAIR
36178,CON-RES-1991-420,22441,13905,REPAIR
36179,CON-RES-1991-127,22442,13834,REPAIR
36180,CON-RES-1991-125,22443,13833,REPAIR
36183,CON-RES-1991-305,22446,13879,REPAIR
36184,CON-RES-1991-491,22447,13921,REPAIR
36185,CON-RES-1991-480,22448,13919,REPAIR
36188,CON-RES-1991-394,22451,13898,REPAIR
36194,CON-RES-1992-206,22457,14016,REPAIR
36195,CON-RES-1992-203,22458,14014,REPAIR
36196,CON-RES-1992-221,22459,14021,REPAIR
36197,CON-RES-1992-519,22460,14107,REPAIR
36200,CON-RES-1992-522,22463,14108,REPAIR
36201,CON-RES-1992-523,22464,14109,REPAIR
36202,CON-RES-1992-35,22465,14052,REPAIR
36204,CON-RES-1992-236,22467,14025,REPAIR
36216,CON-RES-1992-619,22479,14150,REPAIR
36217,CON-RES-1992-407,22480,,"SKIP: OP/TOT relationship"
36219,CON-RES-1988-249,22482,13362,REPAIR
36220,CON-RES-1988-445,22483,13442,REPAIR
36221,CON-RES-1988-447,22484,13444,REPAIR
36223,CON-RES-1989-15,22486,13553,REPAIR
36224,CON-RES-1989-33,22487,13605,REPAIR
36225,CON-RES-1989-91,22488,13695,REPAIR
36233,CON-RES-1990-8,22496,13818,REPAIR
36234,CON-RES-1990-14,22497,13707,REPAIR
36237,CON-RES-1990-25,22500,13733,REPAIR
36241,CON-RES-1990-35,22504,13770,REPAIR
36242,CON-RES-1990-401,22505,13782,REPAIR
36244,CON-RES-1990-419,22507,13786,REPAIR
36245,CON-RES-1990-427,22508,13791,REPAIR
36246,CON-RES-1990-428,22509,13792,REPAIR
36247,CON-RES-1990-429,22510,13793,REPAIR
36248,CON-RES-1990-438,22511,13797,REPAIR
36252,CON-RES-1991-46,22515,13916,REPAIR
36255,CON-RES-1991-82,22518,13977,REPAIR
36260,CON-RES-1991-278,22523,13871,REPAIR
36261,CON-RES-1991-299,22524,13878,REPAIR
36264,CON-RES-1991-514,22527,13927,REPAIR
36272,CON-RES-1991-560,22535,13943,REPAIR
36274,CON-RES-1991-562,22537,13944,REPAIR
36275,CON-RES-1991-565,22538,13945,REPAIR
36277,CON-RES-1991-567,22540,13946,REPAIR
36278,CON-RES-1991-570,22541,13948,REPAIR
36279,CON-RES-1991-574,22542,13949,REPAIR
36286,CON-RES-1992-269,22549,14030,REPAIR
36288,CON-RES-1988-888,22551,13523,REPAIR
36291,CON-RES-1988-121,22554,13311,REPAIR
36299,CON-RES-1990-40,22562,13781,REPAIR
36308,CON-RES-1990-295,22571,13746,REPAIR
36309,CON-RES-1990-22,22572,13726,REPAIR
36310,CON-RES-1990-328,22573,13760,REPAIR
36312,CON-RES-1990-299,22575,13750,REPAIR
36313,CON-RES-1990-289,22576,13745,REPAIR
36314,CON-RES-1990-269,22577,13741,REPAIR
36315,CON-RES-1990-278,22578,13743,REPAIR
36316,CON-RES-1990-296,22579,13747,REPAIR
36319,CON-RES-1991-463,22582,13917,REPAIR
36330,CON-RES-1991-70,22593,13973,REPAIR
36332,CON-RES-1991-511,22595,13925,REPAIR
36333,CON-RES-1991-230,22596,13860,REPAIR
36334,CON-RES-1991-55,22597,13941,REPAIR
36337,CON-RES-1991-232,22600,13861,REPAIR
36338,CON-RES-1991-45,22601,13913,REPAIR
36345,CON-RES-1991-237,22608,13863,REPAIR
36346,CON-RES-1991-427,22609,13910,REPAIR
36349,CON-RES-1991-312,22612,13881,REPAIR
36352,CON-RES-1991-395,22615,13899,REPAIR
36353,CON-RES-1991-385,22616,13895,REPAIR
36369,CON-RES-1992-501,22632,14099,REPAIR
36374,CON-RES-1992-160,22637,14000,REPAIR
36394,CON-RES-1989-346,22657,13608,REPAIR
36405,CON-RES-1990-421,22668,13787,REPAIR
36412,CON-RES-1990-415,22675,13784,REPAIR
36416,CON-RES-1991-542,22679,13938,REPAIR
36417,CON-RES-1991-642,22680,13966,REPAIR
36421,CON-RES-1991-208,22684,13852,REPAIR
36425,CON-RES-1991-290,22688,13874,REPAIR
36426,CON-RES-1991-335,22689,13884,REPAIR
36429,CON-RES-1991-388,22692,13896,REPAIR
36430,CON-RES-1991-359,22693,13889,REPAIR
36436,CON-RES-1992-524,22699,14110,REPAIR
36445,CON-RES-1992-518,22708,14106,REPAIR
36449,CON-RES-1992-41,22712,14071,REPAIR
36454,CON-RES-1992-525,22717,14111,REPAIR
36457,CON-RES-1992-232,22720,14023,REPAIR
36475,CON-RES-1985-340,22730,12413,REPAIR
36476,CON-RES-1990-151,22731,13709,REPAIR
36477,CON-RES-1990-367,22732,13773,REPAIR
36478,CON-RES-1990-356,22733,13771,REPAIR
36479,CON-RES-1990-334,22734,13761,REPAIR
36481,CON-RES-1990-373,22736,13776,REPAIR
36483,CON-RES-1990-75,22738,13817,REPAIR
36484,CON-RES-1990-58,22739,13812,REPAIR
36486,CON-RES-1990-54,22741,13810,REPAIR
36488,CON-RES-1990-270,22743,13742,REPAIR
36495,CON-RES-1991-31,22750,13880,REPAIR
36499,CON-RES-1991-27,22754,13867,REPAIR
36500,CON-RES-1991-36,22755,13890,REPAIR
36501,CON-RES-1991-344,22756,13886,REPAIR
36503,CON-RES-1991-11,22758,13828,REPAIR
36504,CON-RES-1991-23,22759,13859,REPAIR
36508,CON-RES-1992-700,22763,14165,REPAIR
36510,CON-RES-1993-396,22765,14252,REPAIR
36512,CON-RES-1993-383,22767,14248,REPAIR
36528,CON-RES-1993-425,22783,14263,REPAIR
36531,CON-RES-1993-538,22786,14291,REPAIR
36532,CON-RES-1993-569,22787,14297,REPAIR
36533,CON-RES-1993-442,22788,14268,REPAIR
36536,CON-RES-1994-246,22791,14357,REPAIR
36537,CON-RES-1995-304,22792,14603,REPAIR
36539,CON-RES-1995-248,22794,14587,REPAIR
36540,CON-RES-1995-372,22795,14626,REPAIR
36546,CON-RES-1996-195,22801,14717,REPAIR
36557,CON-RES-1996-175,22812,14709,REPAIR
36565,CON-RES-1997-65,22820,14864,REPAIR
36568,CON-RES-1997-288,22823,14833,REPAIR
36593,CON-RES-1993-242,22848,14210,REPAIR
36594,CON-RES-1994-409,22849,14457,REPAIR
36595,CON-RES-1994-487,22850,14477,REPAIR
36596,CON-RES-1994-500,22851,14484,REPAIR
36598,CON-RES-1994-621,22853,14495,REPAIR
36599,CON-RES-1991-63,22854,13958,REPAIR
36603,CON-RES-1991-396,22858,13900,REPAIR
36604,CON-RES-1991-516,22859,13928,REPAIR
36605,CON-RES-1991-650,22860,13968,REPAIR
36617,CON-RES-1995-153,22872,14557,REPAIR
36618,CON-RES-1995-297,22873,14601,REPAIR
36624,CON-RES-1996-77,22879,14768,REPAIR
36629,CON-RES-1996-239,22884,14730,REPAIR
36642,CON-RES-1996-296,22897,14742,REPAIR
36644,CON-RES-1996-243,22899,14731,REPAIR
36645,CON-RES-1996-208,22900,14722,REPAIR
36652,CON-RES-1996-365,22907,14758,REPAIR
36654,CON-RES-1996-256,22909,14737,REPAIR
36658,CON-RES-1997-136,22913,14782,REPAIR
36677,CON-RES-1993-339,22932,14236,REPAIR
36678,CON-RES-1994-64,22933,14500,REPAIR
36679,CON-RES-1994-707,22934,14522,REPAIR
36680,CON-RES-1993-605,22935,14309,REPAIR
36684,CON-RES-1993-264,22939,14215,REPAIR
36685,CON-RES-1993-274,22940,14219,REPAIR
36686,CON-RES-1993-391,22941,14250,REPAIR
36687,CON-RES-1993-581,22942,14300,REPAIR
36688,CON-RES-1993-107,22943,14175,REPAIR
36689,CON-RES-1993-355,22944,14243,REPAIR
36690,CON-RES-1993-501,22945,14282,REPAIR
36691,CON-RES-1993-82,22946,14318,REPAIR
36694,CON-RES-1995-145,22949,14556,REPAIR
36695,CON-RES-1995-438,22950,14639,REPAIR
36696,CON-RES-1995-69,22951,14685,REPAIR
36697,CON-RES-1995-600,22952,14670,REPAIR
36722,CON-RES-1996-232,22977,14728,REPAIR
36734,CON-RES-1996-133,22989,14697,REPAIR
36736,CON-RES-1997-57,22991,14862,REPAIR
36737,CON-RES-1997-270,22992,14828,REPAIR
36740,CON-RES-1997-180,22995,14794,REPAIR
36743,CON-RES-1997-103,22998,14773,REPAIR
36744,CON-RES-1997-132,22999,14779,REPAIR
36745,CON-RES-1997-112,23000,14775,REPAIR
36746,CON-RES-1997-101,23001,14771,REPAIR
36747,CON-RES-1997-137,23002,14783,REPAIR
36751,CON-RES-1997-125,23006,14778,REPAIR
36753,CON-RES-1997-54,23008,14861,REPAIR
36754,CON-RES-1997-212,23009,14809,REPAIR
36755,CON-RES-1997-282,23010,14832,REPAIR
36756,CON-RES-1997-278,23011,14830,REPAIR
36761,CON-RES-1997-20,23016,14800,REPAIR
36762,CON-RES-1997-207,23017,14806,REPAIR
36764,CON-RES-1992-417,23019,14075,REPAIR
36767,CON-RES-1992-434,23022,14076,REPAIR
36769,CON-RES-1992-79,23024,14169,REPAIR
36773,CON-RES-1992-288,23028,14039,REPAIR
36775,CON-RES-1992-199,23030,14012,REPAIR
36776,CON-RES-1992-275,23031,14034,REPAIR
36777,CON-RES-1992-277,23032,14035,REPAIR
36781,CON-RES-1992-651,23036,14155,REPAIR
36782,CON-RES-1992-654,23037,14156,REPAIR
36786,CON-RES-1993-113,23041,14177,REPAIR
36787,CON-RES-1993-35,23042,14241,REPAIR
36792,CON-RES-1993-340,23047,14237,REPAIR
36801,CON-RES-1993-535,23056,14290,REPAIR
36805,CON-RES-1995-275,23060,14596,REPAIR
36806,CON-RES-1995-497,23061,14645,REPAIR
36807,CON-RES-1995-139,23062,14554,REPAIR
36808,CON-RES-1995-67,23063,14683,REPAIR
36809,CON-RES-1996-288,23064,14741,REPAIR
36829,CON-RES-1996-31,23084,14745,REPAIR
36830,CON-RES-1996-14,23085,14699,REPAIR
36831,CON-RES-1996-149,23086,14703,REPAIR
36833,CON-RES-1996-191,23088,14716,REPAIR
36834,CON-RES-1996-326,23089,14748,REPAIR
36835,CON-RES-1996-349,23090,14752,REPAIR
36836,CON-RES-1996-319,23091,14746,REPAIR
36837,CON-RES-1996-368,23092,14759,REPAIR
36848,CON-RES-1997-167,23103,14791,REPAIR
36849,CON-RES-1997-168,23104,14792,REPAIR
36850,CON-RES-1997-134,23105,14780,REPAIR
36856,CON-RES-1997-336,23111,14849,REPAIR
36864,CON-RES-1992-483,23119,14091,REPAIR
36865,CON-RES-1992-486,23120,14092,REPAIR
36871,CON-RES-1992-569,23126,14137,REPAIR
36874,CON-RES-1992-93,23129,14171,REPAIR
36875,CON-RES-1992-415,23130,14074,REPAIR
36876,CON-RES-1992-687,23131,14161,REPAIR
36879,CON-RES-1991-291,23134,13875,REPAIR
36880,CON-RES-1991-253,23135,13865,REPAIR
36881,CON-RES-1992-405,23136,14066,REPAIR
36882,CON-RES-1992-11,23137,13983,REPAIR
36893,CON-RES-1993-282,23148,14221,REPAIR
36900,CON-RES-1993-438,23155,14265,REPAIR
36901,CON-RES-1993-244,23156,14211,REPAIR
36903,CON-RES-1995-351,23158,14622,REPAIR
36904,CON-RES-1995-230,23159,14583,REPAIR
36905,CON-RES-1995-312,23160,14608,REPAIR
36906,CON-RES-1995-344,23161,14619,REPAIR
36908,CON-RES-1995-3,23163,14602,REPAIR
36917,CON-RES-1996-78,23172,14769,REPAIR
36921,CON-RES-1996-356,23176,14755,REPAIR
36925,CON-RES-1997-239,23180,14817,REPAIR
36926,CON-RES-1997-233,23181,14815,REPAIR
36929,CON-RES-1997-251,23184,14822,REPAIR
36939,CON-RES-1992-208,23194,14017,REPAIR
36941,CON-RES-1992-264,23196,14029,REPAIR
36942,CON-RES-1992-209,23197,14018,REPAIR
36943,CON-RES-1992-273,23198,14032,REPAIR
36944,CON-RES-1992-526,23199,14112,REPAIR
36951,CON-RES-1993-163,23206,14191,REPAIR
36957,CON-RES-1993-342,23212,14239,REPAIR
36958,CON-RES-1993-349,23213,14240,REPAIR
36959,CON-RES-1993-322,23214,14230,REPAIR
36960,CON-RES-1993-507,23215,14284,REPAIR
36961,CON-RES-1993-143,23216,14187,REPAIR
36966,CON-RES-1993-40,23221,14253,REPAIR
36977,CON-RES-1994-647,23232,14501,REPAIR
36981,CON-RES-1994-509,23236,14485,REPAIR
36982,CON-RES-1995-383,23237,14628,REPAIR
36983,CON-RES-1995-245,23238,14586,REPAIR
36987,CON-RES-1995-573,23242,14655,REPAIR
36988,CON-RES-1995-357,23243,14623,REPAIR
36990,CON-RES-1995-377,23245,14627,REPAIR
37004,CON-RES-1996-128,23259,14695,REPAIR
37006,CON-RES-1996-125,23261,14694,REPAIR
37012,CON-RES-1996-207,23267,14721,REPAIR
37013,CON-RES-1996-364,23268,14757,REPAIR
37028,CON-RES-1997-68,23283,14867,REPAIR
37029,CON-RES-1997-69,23284,14868,REPAIR
37030,CON-RES-1997-67,23285,14866,REPAIR
37031,CON-RES-1997-66,23286,14865,REPAIR
37035,CON-RES-1992-32,23290,14043,REPAIR
37041,CON-RES-1992-460,23296,14084,REPAIR
37048,CON-RES-1995-369,23303,14625,REPAIR
37049,CON-RES-1995-392,23304,14631,REPAIR
37050,CON-RES-1995-398,23305,14632,REPAIR
37067,CON-RES-1996-96,23322,14770,REPAIR
37085,CON-RES-1996-304,23340,14743,REPAIR
37089,CON-RES-1997-124,23344,14777,REPAIR
37092,CON-RES-1997-307,23347,14840,REPAIR
37094,CON-RES-1992-37,23349,14057,REPAIR
37096,CON-RES-1992-448,23351,14078,REPAIR
37105,CON-RES-1993-126,23360,14181,REPAIR
37106,CON-RES-1993-142,23361,14186,REPAIR
37107,CON-RES-1993-45,23362,14270,REPAIR
37108,CON-RES-1992-487,23363,14093,REPAIR
37110,CON-RES-1993-341,23365,14238,REPAIR
37111,CON-RES-1993-114,23366,14178,REPAIR
37112,CON-RES-1993-46,23367,14272,REPAIR
37113,CON-RES-1993-112,23368,14176,REPAIR
37115,CON-RES-1993-582,23370,14301,REPAIR
37120,CON-RES-1993-470,23375,14277,REPAIR
37121,CON-RES-1993-467,23376,14275,REPAIR
37128,CON-RES-1995-211,23383,14574,REPAIR
37129,CON-RES-1995-47,23384,14640,REPAIR
37132,CON-RES-1996-284,23387,14740,REPAIR
37133,CON-RES-1996-260,23388,14738,REPAIR
37134,CON-RES-1996-251,23389,14736,REPAIR
37135,CON-RES-1996-15,23390,14704,REPAIR
37137,CON-RES-1996-360,23392,14756,REPAIR
37138,CON-RES-1996-351,23393,14753,REPAIR
37139,CON-RES-1996-250,23394,14735,REPAIR
37142,CON-RES-1996-144,23397,14702,REPAIR
37145,CON-RES-1996-188,23400,14713,REPAIR
37146,CON-RES-1996-571,23401,14764,REPAIR
37148,CON-RES-1996-557,23403,14763,REPAIR
37156,CON-RES-1996-222,23411,14724,REPAIR
37157,CON-RES-1996-132,23412,14696,REPAIR
37160,CON-RES-1993-411,23415,14257,REPAIR
37164,CON-RES-1992-168,23419,14002,REPAIR
37165,CON-RES-1992-170,23420,14003,REPAIR
37166,CON-RES-1992-46,23421,14083,REPAIR
37167,CON-RES-1997-321,23422,14843,REPAIR
37173,CON-RES-1997-337,23428,14850,REPAIR
37181,CON-RES-1992-172,23436,14004,REPAIR
37182,CON-RES-1992-182,23437,14007,REPAIR
37183,CON-RES-1992-177,23438,14006,REPAIR
37184,CON-RES-1992-198,23439,14011,REPAIR
37185,CON-RES-1992-183,23440,14008,REPAIR
37190,CON-RES-1992-163,23445,14001,REPAIR
37192,CON-RES-1992-97,23447,14173,REPAIR
37201,CON-RES-1992-435,23456,14077,REPAIR
37203,CON-RES-1993-350,23458,14242,REPAIR
37205,CON-RES-1993-525,23460,14289,REPAIR
37206,CON-RES-1993-85,23461,14319,REPAIR
37207,CON-RES-1993-604,23462,14308,REPAIR
37208,CON-RES-1993-376,23463,14246,REPAIR
37210,CON-RES-1993-287,23465,14224,REPAIR
37211,CON-RES-1993-201,23466,14198,REPAIR
37222,CON-RES-1993-561,23477,14295,REPAIR
37224,CON-RES-1993-523,23479,14287,REPAIR
37225,CON-RES-1993-366,23480,14245,REPAIR
37226,CON-RES-1993-151,23481,14190,REPAIR
37237,CON-RES-1996-247,23492,14732,REPAIR
37238,CON-RES-1996-25,23493,14734,REPAIR
37239,CON-RES-1996-340,23494,14750,REPAIR
37240,CON-RES-1996-378,23495,14760,REPAIR
37242,CON-RES-1996-190,23497,14715,REPAIR
37243,CON-RES-1996-189,23498,14714,REPAIR
37244,CON-RES-1996-154,23499,14707,REPAIR
37245,CON-RES-1996-141,23500,14700,REPAIR
37247,CON-RES-1996-210,23502,14723,REPAIR
37248,CON-RES-1996-223,23503,14725,REPAIR
37254,CON-RES-1997-161,23509,14789,REPAIR
37256,CON-RES-1997-186,23511,14796,REPAIR
37257,CON-RES-1997-139,23512,14784,REPAIR
37258,CON-RES-1997-102,23513,14772,REPAIR
37262,CON-RES-1997-156,23517,14787,REPAIR
37263,CON-RES-1997-280,23518,14831,REPAIR
38264,CON-RES-1996-73,23519,14766,REPAIR
38268,CON-RES-1996-249,23523,14733,REPAIR
38271,CON-RES-1996-74,23526,14767,REPAIR
38279,CON-RES-1996-323,23534,14747,REPAIR
38290,CON-RES-1996-309,23545,14744,REPAIR
38299,CON-RES-1993-323,23554,14231,REPAIR
38302,CON-RES-1993-307,23557,14228,REPAIR
38316,CON-RES-1993-568,23571,14296,REPAIR
38335,CON-RES-1997-269,23590,14827,REPAIR
38337,CON-RES-1997-256,23592,14823,REPAIR
38338,CON-RES-1997-350,23593,14853,REPAIR
38339,CON-RES-1997-331,23594,14847,REPAIR
38340,CON-RES-1997-348,23595,14851,REPAIR
38341,CON-RES-1997-349,23596,14852,REPAIR
38342,CON-RES-1997-306,23597,14839,REPAIR
38351,CON-RES-1998-288,23606,14920,REPAIR
38352,CON-RES-1998-277,23607,14919,REPAIR
38353,CON-RES-1998-347,23608,14937,REPAIR
38354,CON-RES-1998-253,23609,14912,REPAIR
38355,CON-RES-1998-350,23610,14940,REPAIR
38356,CON-RES-1998-348,23611,14938,REPAIR
38358,CON-RES-1999-178,23613,15002,REPAIR
38360,CON-RES-1999-110,23615,14964,REPAIR
38366,CON-RES-1997-37,23621,14857,REPAIR
38368,CON-RES-1997-33,23623,14846,REPAIR
38370,CON-RES-1997-30,23625,14837,REPAIR
38385,CON-RES-1997-14,23640,14785,REPAIR
38389,CON-RES-1997-24,23644,14818,REPAIR
38415,CON-RES-1997-232,23670,14814,REPAIR
38417,CON-RES-1998-206,23672,14899,REPAIR
38422,CON-RES-1998-15,23677,14884,REPAIR
38426,CON-RES-1998-159,23681,14890,REPAIR
38427,CON-RES-1998-160,23682,14891,REPAIR
38432,CON-RES-1998-157,23687,14888,REPAIR
38433,CON-RES-1998-158,23688,14889,REPAIR
38436,CON-RES-1998-41,23691,14951,REPAIR
38437,CON-RES-1998-53,23692,14953,REPAIR
38438,CON-RES-1998-185,23693,14895,REPAIR
38445,CON-RES-1998-86,23700,141529,REPAIR
38455,CON-RES-1998-399,23710,14949,REPAIR
38457,CON-RES-1998-355,23712,14943,REPAIR
38458,CON-RES-1998-312,23713,14929,REPAIR
38459,CON-RES-1998-313,23714,14930,REPAIR
38460,CON-RES-1998-23,23715,14906,REPAIR
38461,CON-RES-1998-257,23716,14913,REPAIR
38462,CON-RES-1998-264,23717,14914,REPAIR
38463,CON-RES-1998-221,23718,14903,REPAIR
38471,CON-RES-1992-213,23726,14019,REPAIR
38472,CON-RES-1992-14,23727,13988,REPAIR
38473,CON-RES-1992-235,23728,14024,REPAIR
38475,CON-RES-1992-505,23730,14103,REPAIR
38476,CON-RES-1992-274,23731,14033,REPAIR
38479,CON-RES-1992-281,23734,14037,REPAIR
38480,CON-RES-1992-58,23735,14139,REPAIR
38481,CON-RES-1992-57,23736,14138,REPAIR
38482,CON-RES-1992-56,23737,14127,REPAIR
38483,CON-RES-1992-55,23738,14119,REPAIR
38493,CON-RES-1997-217,23748,14811,REPAIR
38495,CON-RES-1997-289,23750,14834,REPAIR
38497,CON-RES-1997-276,23751,14829,REPAIR
38517,CON-RES-1998-151,23771,14885,REPAIR
38522,CON-RES-1998-124,23776,14880,REPAIR
38523,CON-RES-1998-120,23777,14877,REPAIR
38537,CON-RES-1998-220,23791,14902,REPAIR
38542,CON-RES-1998-229,23796,14905,REPAIR
38561,CON-RES-1998-235,23815,14908,REPAIR
38562,CON-RES-1998-233,23816,14907,REPAIR
38576,CON-RES-1992-96,23830,14172,REPAIR
38580,CON-RES-1992-19,23834,14010,REPAIR
38583,CON-RES-1992-15,23835,13995,REPAIR
38584,CON-RES-1992-386,23836,14063,REPAIR
38585,CON-RES-1992-385,23837,14062,REPAIR
38586,CON-RES-1992-92,23838,14170,REPAIR
38600,CON-RES-1992-702,23852,14166,REPAIR
38604,CON-RES-1992-699,23856,14163,REPAIR
38608,CON-RES-1997-206,23860,14805,REPAIR
38611,CON-RES-1997-213,23863,14810,REPAIR
38613,CON-RES-1997-248,23865,14821,REPAIR
38614,CON-RES-1997-224,23866,14812,REPAIR
38615,CON-RES-1997-225,23867,14813,REPAIR
38620,CON-RES-1997-209,23872,14808,REPAIR
38621,CON-RES-1997-64,23873,14863,REPAIR
38634,CON-RES-1992-611,23886,14148,REPAIR
38640,CON-RES-1992-606,23892,14145,REPAIR
38641,CON-RES-1992-607,23893,14146,REPAIR
38642,CON-RES-1992-608,23894,14147,REPAIR
38646,CON-RES-1992-601,23898,14144,REPAIR
38658,CON-RES-1998-175,23910,14893,REPAIR
38669,CON-RES-1998-251,23921,14911,REPAIR
38671,CON-RES-1997-171,23923,14793,REPAIR
38672,CON-RES-1997-166,23924,14790,REPAIR
38673,CON-RES-1998-317,23925,,"SKIP: referenced as parent_prop_id"
38674,CON-RES-1998-352,23926,14941,REPAIR
38677,CON-RES-1998-272,23929,14917,REPAIR
38678,CON-RES-1998-375,23930,14947,REPAIR
38679,CON-RES-1998-119,23931,14876,REPAIR
38680,CON-RES-1998-308,23932,14926,REPAIR
38908,CON-RES-1997-203,25278,,"SKIP: referenced as parent_prop_id"
38917,CON-RES-2009-22,24080,16085,REPAIR
38952,CON-RES-2008-232,25445,121872,REPAIR
38969,CON-RES-1997-238,2486,14816,REPAIR
38998,CON-RES-2000-29,25300,15117,REPAIR
46902,CON-RES-1990-257,23935,13736,REPAIR
46912,CON-RES-1992-116,23945,13986,REPAIR
46913,CON-RES-1992-113,23946,13984,REPAIR
46915,CON-RES-1992-144,23948,13991,REPAIR
46916,CON-RES-1995-66,23949,14682,REPAIR
46917,CON-RES-1997-202,23950,14803,REPAIR
46934,CON-RES-1999-5,23967,15071,REPAIR
46935,CON-RES-1999-40,23968,15052,REPAIR
46946,CON-RES-1999-98,23979,15082,REPAIR
46952,CON-RES-1999-255,23985,15021,REPAIR
46954,CON-RES-1999-367,23987,121841,REPAIR
46955,CON-RES-1999-165,23988,14994,REPAIR
46956,CON-RES-1999-164,23989,14993,REPAIR
46957,CON-RES-1999-163,23990,14992,REPAIR
46964,CON-RES-1992-556,23997,14123,REPAIR
46966,CON-RES-1992-152,23999,13996,REPAIR
46967,CON-RES-1992-109,24000,13982,REPAIR
46969,CON-RES-1992-457,24002,14080,REPAIR
46970,CON-RES-1992-553,24003,14120,REPAIR
46972,CON-RES-1992-564,24005,14132,REPAIR
46978,CON-RES-1998-210,24011,14900,REPAIR
46996,CON-RES-1999-388,24029,15050,REPAIR
47008,CON-RES-1994-760,24041,14532,REPAIR
47012,CON-RES-1997-259,24045,14825,REPAIR
47013,CON-RES-1997-267,24046,14826,REPAIR
47014,CON-RES-1997-19,24047,14799,REPAIR
47017,CON-RES-2000-83,24050,15145,REPAIR
47024,CON-RES-2000-32,24056,15122,REPAIR
47034,CON-RES-2000-154,24066,15099,REPAIR
47035,CON-RES-2000-159,24067,15102,REPAIR
47036,CON-RES-2000-162,24068,15105,REPAIR
47037,CON-RES-2000-204,24069,15116,REPAIR
47038,CON-RES-2000-160,24070,15103,REPAIR
47041,CON-RES-2000-49,24073,15128,REPAIR
47045,CON-RES-2000-7,24077,15140,REPAIR
47046,CON-RES-2001-305,24078,15201,REPAIR
47047,CON-RES-2001-117,24079,15155,REPAIR
47072,CON-RES-1999-296,24055,15035,REPAIR
47076,CON-RES-1999-61,24059,15074,REPAIR
47078,CON-RES-1999-37,24061,15044,REPAIR
47080,CON-RES-1999-378,24063,121842,REPAIR
47082,CON-RES-1999-353,24065,121839,REPAIR
47083,CON-RES-1999-362,24066,15042,REPAIR
47084,CON-RES-1999-253,24067,15019,REPAIR
47085,CON-RES-1997-303,24068,14838,REPAIR
47086,CON-RES-1997-257,24069,14824,REPAIR
47087,CON-RES-1997-244,24070,14819,REPAIR
47088,CON-RES-1997-41,24071,14860,REPAIR
47113,CON-RES-2002-17,24083,15242,REPAIR
47115,CON-RES-2002-100,24085,15229,REPAIR
47122,CON-RES-2002-157,24092,15238,REPAIR
47123,CON-RES-2002-279,24093,15278,REPAIR
47129,CON-RES-2002-264,24099,15271,REPAIR
47136,CON-RES-2002-268,24106,15274,REPAIR
47137,CON-RES-2002-267,24107,15273,REPAIR
47138,CON-RES-2002-87,24108,15299,REPAIR
47139,CON-RES-2002-292,24109,15280,REPAIR
47140,CON-RES-2003-67,24110,121862,REPAIR
47144,CON-RES-2003-31,24114,15358,REPAIR
47150,CON-RES-2003-37,24120,15362,REPAIR
47159,CON-RES-2003-188,24129,15331,REPAIR
47163,CON-RES-2003-1,24133,15304,REPAIR
47164,CON-RES-2003-8,24134,15372,REPAIR
47170,CON-RES-2004-133,24140,15385,REPAIR
47174,CON-RES-2004-215,24144,15409,REPAIR
47177,CON-RES-2004-4,24147,15490,REPAIR
47178,CON-RES-2004-374,24148,15476,REPAIR
47182,CON-RES-2007-31,24152,15801,REPAIR
47183,CON-RES-2006-304,24153,15697,REPAIR
47184,CON-RES-2005-90,24154,15618,REPAIR
47187,CON-RES-2007-501,24157,15856,REPAIR
47188,CON-RES-2007-134,24158,15761,REPAIR
47191,CON-RES-2007-458,24161,15842,REPAIR
47192,CON-RES-2007-444,24162,15836,REPAIR
47198,CON-RES-2008-1145,24168,15898,REPAIR
47199,CON-RES-2008-289,24169,15951,REPAIR
47202,CON-RES-2008-914,24172,16039|121877,"SKIP: ambiguous master mapping"
47206,CON-RES-2008-883,24176,16035,REPAIR
47207,CON-RES-2007-46,24177,15843,REPAIR
47208,CON-RES-2007-132,24178,15760,REPAIR
47245,CON-RES-2002-92,25303,,"SKIP: referenced as parent_prop_id"
47251,CON-RES-2002-184,25309,,"SKIP: referenced as parent_prop_id"
47256,CON-RES-2002-243,25314,,"SKIP: referenced as parent_prop_id"
47265,CON-RES-2007-162,25323,,"SKIP: referenced as parent_prop_id"
47267,CON-RES-2007-177,25325,15772,REPAIR
47268,CON-RES-2007-179,25326,,"SKIP: referenced as parent_prop_id"
47270,CON-RES-2007-119,25328,,"SKIP: referenced as parent_prop_id"
47271,CON-RES-2007-120,25329,,"SKIP: referenced as parent_prop_id"
47272,CON-RES-2007-121,25330,15757,REPAIR
47278,CON-RES-2007-152,25336,15764,REPAIR
47281,CON-RES-2007-178,25339,15773,REPAIR
47283,CON-RES-2007-184,25341,,"SKIP: referenced as parent_prop_id"
47315,CON-RES-2007-48,25373,15848,REPAIR
47316,CON-RES-2007-43,25374,15830,REPAIR
47348,CON-RES-2007-479,25406,15847,REPAIR
47362,CON-RES-2007-404,25420,,"SKIP: referenced as parent_prop_id"
47364,CON-RES-2007-329,25422,15803,REPAIR
47367,CON-RES-2008-42,25425,15976,REPAIR
47374,CON-RES-2008-1212,25432,15917,REPAIR
47375,CON-RES-2008-1229,25433,,"SKIP: referenced as parent_prop_id"
47410,CON-RES-2008-21,25469,15943,REPAIR
47411,CON-RES-2008-53,25470,15991,REPAIR
47412,CON-RES-2008-34,25471,15958,REPAIR
47413,CON-RES-2008-60,25472,15996,REPAIR
47414,CON-RES-2008-61,25473,15997,REPAIR
47442,CON-RES-2008-91,25501,121876,REPAIR
47450,CON-RES-2008-108,25509,15887,REPAIR
47465,CON-RES-2009-5,25525,,"SKIP: referenced as parent_prop_id"
47466,CON-RES-RC-1982-381,11396,18107,REPAIR
94921,RES-2016-1470,63920,,"SKIP: OP/TOT relationship"
120691,CON-COM-2026-302,52666,10198,REPAIR
122223,RES-2026-2210,80009726,,"SKIP: OP/TOT relationship"
122224,RES-2026-2211,80009725,,"SKIP: OP/TOT relationship"
122225,RES-2026-2212,80009724,,"SKIP: OP/TOT relationship"
123814,RES-2026-2225,80012092,64447,REPAIR
123815,RES-2026-2226,80012093,64448,REPAIR
123816,RES-2026-2227,80012094,64449,REPAIR
168000,RES-2003-3369,145107,145108,REPAIR
168054,CON-RES-2024-1640,145154,145155,REPAIR
168167,KN5046,4267,145261,REPAIR
168231,"KNML 5238",32546,,"SKIP: referenced as parent_prop_id"
168421,RES-2003-1530,145449,145450,REPAIR
168432,RES-2003-1528,145461,145462,REPAIR
168469,RES-2003-297,145496,145497,REPAIR
168500,RES-2003-3298,145528,145529,REPAIR
168522,SLTR-213329,145552,145553,REPAIR
168593,RES-2003-1406,145617,145618,REPAIR
168705,RES-2003-1971,145729,145730,REPAIR
168747,RES-2003-1934,145770,145771,REPAIR
168970,RES-2003-1213,145965,145966,REPAIR
169024,RES-2003-1220,146008,146009,REPAIR
169080,RES-2003-360,146060,146061,REPAIR
169083,RES-2003-1223,146064,146066,REPAIR
169093,RES-2003-2133,146075,146076,REPAIR
169406,RES-2003-3196,146366,146367,REPAIR
169444,KN4989,61763,146404,REPAIR
169652,RES-2003-856,146608,146609,REPAIR
169751,RES-2003-743,146701,146703,REPAIR
169767,RES-2003-2325,146715,146716,REPAIR
169812,RES-2003-756,146760,146761,REPAIR
169849,RES-2003-889,146795,146797,REPAIR
169865,RES-2003-2342,146810,146811,REPAIR
169950,RES-2003-1072,146881,146882,REPAIR
170024,KN4866,146931,146948,REPAIR
170049,"MLKN 2686",4582,,"SKIP: referenced as parent_prop_id"
170056,KN4705,146961,146972,REPAIR
170079,"KNML 8399",15442,,"SKIP: referenced as parent_prop_id"
170127,RES-2003-148,147027,49758,REPAIR
170134,RES-2003-4352,147031,147032,REPAIR
170191,RES-2003-4248,147082,,"SKIP: OP/TOT relationship"
170261,RES-2003-1575,147191,147192,REPAIR
170357,RES-2003-855,147278,147279,REPAIR
170402,RES-2003-642,147327,147328,REPAIR
170443,RES-2008-5080,147365,147366,REPAIR
170521,RES-2003-1558,147452,147453,REPAIR
170558,RES-2003-2167,147485,147486,REPAIR
170855,RES-2003-684,147658,147659,REPAIR
170988,KN4586,147773,147784,REPAIR
171029,KN4589,55410,147828,REPAIR
171042,RES-2003-7508,147833,147834,REPAIR
171113,RES-2003-3614,147897,147898,REPAIR
171171,KN4711,31665,147946,REPAIR
171177,RES-2003-2282,147950,147951,REPAIR
171254,SLTR-216857,148015,148016,REPAIR
171291,RES-2004-69,148044,148045,REPAIR
171340,SLTR-132570,148086,148087,REPAIR
171353,KN3307,148051,166578,REPAIR
171505,RES-2003-2420,148214,148215,REPAIR
171564,RES-2003-2772,148256,148257,REPAIR
171942,RES-2003-944,148548,148549,REPAIR
171951,RES-2003-963,148557,148558,REPAIR
171955,KN4845,148545,148561,REPAIR
172080,KN4889,148648,148663,REPAIR
172117,RES-2004-26,148694,148695,REPAIR
172291,RES-2020-1548,130380,60393,REPAIR
172327,KN3981,148961,148973,REPAIR
172377,RES-2003-124,149006,149007,REPAIR
172630,RES-2004-89,149345,149346,REPAIR
172637,RES-2004-555,149354,149355,REPAIR
172790,RES-2015-3196,149521,149522,REPAIR
172849,SLTR-21941,149567,149568,REPAIR
173096,RES-2023-6013,149813,,"SKIP: OP/TOT relationship"
173200,RES-2005-863,149884,149885,REPAIR
173215,SLTR-22558,149898,149899,REPAIR
173438,RES-2005-531,150085,150086,REPAIR
173445,SLTR-209098,150094,150095,REPAIR
173558,RES-2005-566,150223,150224,REPAIR
173572,"KNML 2175",41637,,"SKIP: referenced as parent_prop_id"
173633,KN4503,56154,167500,REPAIR
173636,RES-2004-669,150307,150308,REPAIR
173645,RES-2005-1426,150319,150320,REPAIR
173727,RES-2005-1402,150418,150419,REPAIR
173803,RES-2005-602,150542,150543,REPAIR
173819,RES-2005-605,150557,150558,REPAIR
174083,KN4038,36139,150820,REPAIR
174118,KN4219,150835,150866,REPAIR
174306,"KNML 8681_2",151076,,"SKIP: referenced as parent_prop_id"
174377,RES-2005-390,151158,151159,REPAIR
174391,RES-2005-573,151168,151169,REPAIR
174544,RES-2023-247,151307,,"SKIP: OP/TOT relationship"
174612,RES-2017-1546,151385,,"SKIP: OP/TOT relationship"
174666,RES-2005-614,151499,151500,REPAIR
174812,KN5087,151598,151608,REPAIR
174980,"KNML 7039",51946,,"SKIP: referenced as parent_prop_id"
175016,CON-AG-2024-179,151775,151776,REPAIR
175108,KN4883,151855,,"SKIP: OP/TOT relationship"
175220,KN5082,57414,151975,REPAIR
175265,KN4729,31235,152014,REPAIR
175299,"MLKN 211",1403,,"SKIP: referenced as parent_prop_id"
175311,RES-2005-1249,152050,152051,REPAIR
175349,KN4651,31576,152103,REPAIR
175574,"KNML 6637",49057,,"SKIP: referenced as parent_prop_id"
175578,COM-2015-426,152249,4079,REPAIR
175585,"MLKN 2721",4080,,"SKIP: referenced as parent_prop_id"
175754,RES-2026-3342,152419,,"SKIP: OP/TOT relationship"
175914,KN3595,152528,152538,REPAIR
176003,"MLKN 2724",4078,,"SKIP: referenced as parent_prop_id"
176020,KN3784,54770,152613,REPAIR
176087,KN4058,152638,152649,REPAIR
176146,"MLKN 2720",4075,,"SKIP: referenced as parent_prop_id"
176240,"KNML 108",15945,,"SKIP: referenced as parent_prop_id"
176250,RES-2005-197,152814,152815,REPAIR
176260,KN3958,152809,175225,REPAIR
176279,KN3923,152832,152844,REPAIR
177449,SLTR-202293,153195,153196,REPAIR
177760,SLTR-27888,153446,153447,REPAIR
177858,,47285,153560,REPAIR
177954,RES-2006-351,153654,153655,REPAIR
178158,RES-2006-970,153834,153835,REPAIR
178289,RES-2006-1388,153950,153951,REPAIR
178688,KN3929,154342,154393,REPAIR
178758,SLTR-221700,154470,154471,REPAIR
178813,SLTR-221802,154523,154524,REPAIR
178966,RES-2006-370,154676,154677,REPAIR
179131,RES-2006-651,154808,154809,REPAIR
179341,RES-2025-1024,155003,155004,REPAIR
179445,RES-RC-1982-993,21517,,"SKIP: OP/TOT relationship"
179504,RES-2006-708,36381,,"SKIP: OP/TOT relationship"
179703,RES-RC-1982-1412,52545,65447,REPAIR
179762,COM-RC-1982-510,2960,6249,REPAIR
179827,RES-2007-1160,155509,155510,REPAIR
179834,RES-2006-1118,1445,50903,REPAIR
179837,RES-2007-1158,155519,155520,REPAIR
179852,RES-2007-1163,155531,155532,REPAIR
179869,RES-RC-1985-56,20497,123452,REPAIR
179891,RES-RC-1982-1733,19804,123435,REPAIR
179898,RES-2006-675,27964,51226,REPAIR
179911,RES-2007-1612,155592,155593,REPAIR
179962,"MLKN 2751",155635,,"SKIP: referenced as parent_prop_id"
179972,COM-RC-1982-501,19872,121616,REPAIR
179974,RES-2007-1606,155661,155662,REPAIR
179984,RES-2007-1228,155670,155671,REPAIR
180011,COM-RC-1982-427,3783,6169,REPAIR
180021,COM-RC-1982-318,6456,121609,REPAIR
180034,RES-2007-779,155721,155722,REPAIR
180048,RES-2007-312,155735,155736,REPAIR
180080,,155761,121601,REPAIR
180084,RES-2007-314,155765,155768,REPAIR
180106,"KNML 4951",54762,,"SKIP: referenced as parent_prop_id"
180218,RES-2000-4566,155890,155891,REPAIR
180226,RES-2007-325,155896,155897,REPAIR
180300,CON-RES-2025-238,155976,155977,REPAIR
180312,SLTR-75353,155990,155992,REPAIR
180339,"KNML 1488",156008,,"SKIP: referenced as parent_prop_id"
180568,COM-RC-1982-525,3187,6262,REPAIR
180665,"KNML 9262",60934,,"SKIP: referenced as parent_prop_id"
180696,RES-2007-1798,156322,156323,REPAIR
180714,RES-2007-1255,156340,156341,REPAIR
180736,RES-2007-1253,156361,156362,REPAIR
180764,RES-RC-1981-114,25077,,"SKIP: referenced as parent_prop_id"
180790,RES-2007-1727,156410,156412,REPAIR
180839,RES-2007-17,156456,,"SKIP: OP/TOT relationship"
180859,RES-2007-1756,156472,156473,REPAIR
180903,RES-2007-1739,156511,156512,REPAIR
180908,"MLKN 1171",7949,,"SKIP: referenced as parent_prop_id"
181016,"MLKN 1117",9607,,"SKIP: referenced as parent_prop_id"
181194,RES-2007-72,156886,,"SKIP: OP/TOT relationship"
181216,RES-2011-2311,24959,,"SKIP: referenced as parent_prop_id"
181242,RES-RC-1982-299,24959,,"SKIP: referenced as parent_prop_id"
181263,RES-RC-1982-1152,21772,65171,REPAIR
181290,RES-RC-1983-170,20314,66870,REPAIR
181371,"MLKN 770",18924,,"SKIP: referenced as parent_prop_id"
181440,"MLKN 2769",19081,,"SKIP: referenced as parent_prop_id"
181597,SLTR-30932,157443,157444,REPAIR
181691,RES-RC-1982-1202,22593,65225,REPAIR
181732,RES-2022-3436,52398,157606,REPAIR
181762,RES-RC-1985-63,22635,67347,REPAIR
181779,RES-RC-1982-1843,67185,123436,REPAIR
181849,RES-RC-1982-1401,1016,65436,REPAIR
181877,"KNML 1993",148983,,"SKIP: referenced as parent_prop_id"
181920,COM-RC-1982-538,1156,121620,REPAIR
181991,"MLKN 790",940,,"SKIP: referenced as parent_prop_id"
182049,,26282,,"SKIP: referenced as parent_prop_id"
182096,"MLKN 792",1040,,"SKIP: referenced as parent_prop_id"
182136,KN2974,8509,158110,REPAIR
182245,"MLKN 2204",1687,,"SKIP: referenced as parent_prop_id"
182262,RES-RC-1982-1261,1286,65287,REPAIR
182291,RES-2007-1569,158320,158321,REPAIR
182415,RES-RC-1982-1024,20034,65041,REPAIR
182687,,158833,158846,REPAIR
182692,KN4625,158829,158843,REPAIR
182728,"KNML 1726",134873,,"SKIP: referenced as parent_prop_id"
182794,RES-2000-2316,159032,159033,REPAIR
182943,RES-2008-643,159192,159193,REPAIR
182947,"MLKN 1816",7547,,"SKIP: referenced as parent_prop_id"
182954,RES-2009-4052,159206,159207,REPAIR
182957,RES-RC-1982-970,20666,66763,REPAIR
183085,RES-RC-1982-965,46213,66757,REPAIR
183131,"MLKN 2810",11456,,"SKIP: referenced as parent_prop_id"
183134,RES-1983-903,25061,,"SKIP: referenced as parent_prop_id"
183327,RES-2008-4926,159680,159681,REPAIR
183349,"MLKN 813",7509,,"SKIP: referenced as parent_prop_id"
183363,SLTR-218701,24568,159753,REPAIR
183391,KN5500,159777,166536,REPAIR
183978,RES-2008-3585,160518,,"SKIP: OP/TOT relationship"
184106,RES-2008-4646,160639,160640,REPAIR
184563,KN5507,69653,165809,REPAIR
184608,SLTR-220067,24575,158613,REPAIR
184620,SLTR-219130,24559,156150,REPAIR
184690,CON-AG-2018-5,161244,161245,REPAIR
184766,RES-2008-5072,161319,161320,REPAIR
184780,RES-2008-5073,161337,161338,REPAIR
184824,COM-RC-1982-379,1716,6120,REPAIR
184826,COM-RC-1982-376,2889,6118,REPAIR
184827,COM-RC-1982-401,1788,6143,REPAIR
184835,COM-RC-1982-500,3339,6240,REPAIR
184858,CON-RES-2025-957,161432,161433,REPAIR
184884,RES-2007-1620,3873,51422,REPAIR
185058,COM-RC-1982-75,760,6313,REPAIR
185096,CON-COM-2018-191,7862,9771,REPAIR
185187,RES-RC-1987-24,20701,67509,REPAIR
185207,"KNML 1504",38306,,"SKIP: referenced as parent_prop_id"
185569,RES-2007-1817,162209,162210,REPAIR
185737,RES-2008-2582,162491,162492,REPAIR
186184,KN4538,17588,24490,REPAIR
186302,"KNML 1594",34125,,"SKIP: referenced as parent_prop_id"
186397,RES-2008-1666,163280,163281,REPAIR
186485,RES-2008-2007,163363,,"SKIP: OP/TOT relationship"
186645,SLTR-209688,163647,163648,REPAIR
186671,RES-2008-4470,163673,163674,REPAIR
186686,"MLKN 1852",9813,,"SKIP: referenced as parent_prop_id"
186709,"KNML 5579",16662,,"SKIP: referenced as parent_prop_id"
186775,RES-2008-5167,163831,163832,REPAIR
186842,"KNML 281",44599,,"SKIP: referenced as parent_prop_id"
186848,RES-1994-296,25032,,"SKIP: referenced as parent_prop_id"
186943,"KNML 2855",37771,,"SKIP: referenced as parent_prop_id"
186954,"KNML 286",27440,,"SKIP: referenced as parent_prop_id"
187013,"KNML 2852",16424,,"SKIP: referenced as parent_prop_id"
187046,RES-2015-2468,164191,164192,REPAIR
187056,RES-2008-971,164212,164213,REPAIR
187154,RES-1991-787,25026,,"SKIP: referenced as parent_prop_id"
187214,RES-1990-1576,25029,,"SKIP: referenced as parent_prop_id"
187277,CON-COM-2024-156,164408,164409,REPAIR
187299,RES-1987-460,25022,,"SKIP: referenced as parent_prop_id"
187384,KN4818,17614,24510,REPAIR
187385,CON-COM-2016-342,238,,"SKIP: referenced as parent_prop_id"
187708,RES-2008-5194,164910,164911,REPAIR
187810,"KNML 280",9078,,"SKIP: referenced as parent_prop_id"
188007,KN5179,17555,24539,REPAIR
188063,RES-2001-1153,165275,165276,REPAIR
188172,"KNML 2445",66376,,"SKIP: referenced as parent_prop_id"
188224,COM-RC-1982-415,3913,6158,REPAIR
188704,"KNML 2891",43312,,"SKIP: referenced as parent_prop_id"
189096,RES-2020-1684,166483,166484,REPAIR
189104,RES-2020-3164,166544,166545,REPAIR
189300,KN4610,17584,24496,REPAIR
189310,RES-2008-4450,166828,166829,REPAIR
189511,RES-2015-3420,26186,,"SKIP: referenced as parent_prop_id"
189666,RES-2008-3024,167297,167298,REPAIR
189671,,167292,175052,REPAIR
190207,RES-2008-109,168048,168049,REPAIR
190340,SLTR-19890,168188,168189,REPAIR
190395,RES-2008-1945,168253,168254,REPAIR
190571,RES-2008-2983,168488,168489,REPAIR
190574,RES-2008-1212,168491,168492,REPAIR
190580,SLTR-217600,168499,168500,REPAIR
190597,RES-2008-3297,30507,,"SKIP: OP/TOT relationship"
190599,SLTR-216806,168528,168529,REPAIR
190650,SLTR-20429,168618,168619,REPAIR
190720,RES-2008-980,168738,168739,REPAIR
190829,RES-2008-4201,168848,,"SKIP: OP/TOT relationship"
190858,RES-2008-4673,66500,168880,REPAIR
190898,RES-2019-1414,29416,59109,REPAIR
190916,SLTR-63138,168958,168959,REPAIR
191012,RES-2008-129,1266,51576,REPAIR
191176,RES-2008-128,1266,51575,REPAIR
191366,SLTR-212035,169563,169564,REPAIR
191627,SLTR-33829,170881,170882,REPAIR
191677,RES-RC-1986-41,20798,67429,REPAIR
191695,KN5169,17566,24538,REPAIR
191733,"KNML 2489",34996,,"SKIP: referenced as parent_prop_id"
191789,RES-RC-1982-1222,22713,65246,REPAIR
191849,RES-RC-1987-34,58132,,"SKIP: referenced as parent_prop_id"
191918,KN4592,17535,161144,REPAIR
191938,CON-COM-2010-341,24425,171325,REPAIR
192099,"KNML 3482",56062,,"SKIP: referenced as parent_prop_id"
192356,RES-2009-2740,171818,171819,REPAIR
192479,CON-RES-1985-87,171955,12546,REPAIR
192605,RES-2009-4378,172147,52278,REPAIR
192656,,46063,172243,REPAIR
192702,RES-2016-2741,43389,,"SKIP: referenced as parent_prop_id"
192751,"KNGP 273",43389,,"SKIP: referenced as parent_prop_id"
192836,"KNML 933",48855,,"SKIP: referenced as parent_prop_id"
192947,CON-COM-2022-586,10048,137664,REPAIR
193017,"KNML 941",13847,,"SKIP: referenced as parent_prop_id"
193118,RES-1993-122,172768,172769,REPAIR
193183,RES-2025-2066,172861,172862,REPAIR
193289,RES-1995-2733,24983,,"SKIP: referenced as parent_prop_id"
193565,RES-2001-519,42653,48385,REPAIR
193605,RES-1993-8490,173542,,"SKIP: referenced as parent_prop_id"
193625,"KNML 1416",42250,,"SKIP: referenced as parent_prop_id"
193710,RES-RC-1985-86,24991,,"SKIP: referenced as parent_prop_id"
193729,RES-1995-2728,24971,,"SKIP: referenced as parent_prop_id"
193850,RES-RC-1981-93,24961,,"SKIP: referenced as parent_prop_id"
194192,"KNML 540",39328,,"SKIP: referenced as parent_prop_id"
194221,"KNML 738",118402,,"SKIP: referenced as parent_prop_id"
194363,RES-2009-4191,174636,174637,REPAIR
194384,RES-RC-1982-1259,21734,65284,REPAIR
194470,RES-2009-5160,174770,174771,REPAIR
194756,RES-2009-7131,175264,175265,REPAIR
194774,RES-2009-7935,175285,175286,REPAIR
194972,RES-2009-1226,175548,175549,REPAIR
195024,RES-2009-5922,175718,175719,REPAIR
195044,RES-1995-2726,25000,,"SKIP: referenced as parent_prop_id"
195361,RES-2009-1656,176167,176168,REPAIR
195369,RES-RC-1982-1788,60717,65820,REPAIR
195508,CON-COM-2023-584,176326,176327,REPAIR
