file_indexing_id,file_number,old_prop_id,new_prop_id,action
13906,CON-COM-1982-90,,(new),"WOULD MINT"
20667,CON-AG-1987-112,,(new),"WOULD MINT"
20670,CON-RES-1995-136,,(new),"WOULD MINT"
20672,CON-RES-1995-130,,(new),"WOULD MINT"
20673,CON-RES-1995-146,,(new),"WOULD MINT"
20675,CON-RES-1995-122,,(new),"WOULD MINT"
20677,CON-RES-1995-379,,(new),"WOULD MINT"
20678,CON-RES-1995-38,,(new),"WOULD MINT"
20681,CON-RES-1995-388,,(new),"WOULD MINT"
20682,CON-RES-1995-389,,(new),"WOULD MINT"
20683,CON-RES-1995-390,,(new),"WOULD MINT"
20685,CON-RES-1995-381,,(new),"WOULD MINT"
20693,CON-RES-1995-444,,(new),"WOULD MINT"
20694,CON-RES-1995-54,,(new),"WOULD MINT"
20696,CON-RES-1995-421,,(new),"WOULD MINT"
20698,CON-RES-1995-403,,(new),"WOULD MINT"
20702,CON-RES-1995-133,,(new),"WOULD MINT"
20703,CON-RES-1995-448,,(new),"WOULD MINT"
20704,CON-RES-1995-350,,(new),"WOULD MINT"
20705,CON-RES-1995-319,,(new),"WOULD MINT"
20706,CON-RES-1995-309,,(new),"WOULD MINT"
20712,CON-RES-1995-534,,(new),"WOULD MINT"
20714,CON-RES-1995-53,,(new),"WOULD MINT"
20715,CON-RES-1995-52,,(new),"WOULD MINT"
20717,CON-RES-1995-446,,(new),"WOULD MINT"
20720,CON-RES-1995-541,,(new),"WOULD MINT"
20724,CON-RES-1995-244,,(new),"WOULD MINT"
20730,CON-RES-1995-222,,(new),"WOULD MINT"
20735,CON-RES-1995-202,,(new),"WOULD MINT"
20736,CON-RES-1995-205,,(new),"WOULD MINT"
20737,CON-RES-1995-204,,(new),"WOULD MINT"
20740,CON-RES-1995-246,,(new),"WOULD MINT"
20742,CON-RES-1995-236,,(new),"WOULD MINT"
20745,CON-RES-1995-50,,(new),"WOULD MINT"
20877,CON-AG-1983-109,,(new),"WOULD MINT"
20879,CON-AG-1983-136,,(new),"WOULD MINT"
20883,CON-AG-1983-39,,(new),"WOULD MINT"
20884,CON-AG-1983-19,,(new),"WOULD MINT"
20889,CON-AG-1983-184,,(new),"WOULD MINT"
20891,CON-AG-1983-182,,(new),"WOULD MINT"
20892,CON-AG-1983-180,,(new),"WOULD MINT"
20893,CON-AG-1983-179,,(new),"WOULD MINT"
20895,CON-AG-1983-105,,(new),"WOULD MINT"
20920,CON-RES-1993-270,,(new),"WOULD MINT"
21077,CON-RES-1995-401,,(new),"WOULD MINT"
21080,CON-RES-1995-413,,(new),"WOULD MINT"
21083,CON-RES-2015-283,,(new),"WOULD MINT"
21084,CON-RES-1995-418,,(new),"WOULD MINT"
21086,CON-RES-1995-108,,(new),"WOULD MINT"
21088,CON-RES-1995-128,,(new),"WOULD MINT"
21089,CON-RES-1995-106,,(new),"WOULD MINT"
21090,CON-RES-1995-110,,(new),"WOULD MINT"
21091,CON-RES-1995-109,,(new),"WOULD MINT"
21092,CON-RES-1995-120,,(new),"WOULD MINT"
21096,CON-RES-1995-123,,(new),"WOULD MINT"
21099,CON-RES-1995-404,,(new),"WOULD MINT"
21101,CON-RES-1995-406,,(new),"WOULD MINT"
21103,CON-RES-1995-408,,(new),"WOULD MINT"
21104,CON-RES-1995-409,,(new),"WOULD MINT"
21106,CON-RES-1995-1,,(new),"WOULD MINT"
21107,CON-RES-1995-427,,(new),"WOULD MINT"
21108,CON-RES-1995-28,,(new),"WOULD MINT"
21119,CON-RES-1994-215,,(new),"WOULD MINT"
21124,CON-RES-1994-230,,(new),"WOULD MINT"
21143,CON-RES-1994-210,,(new),"WOULD MINT"
21147,CON-RES-1994-217,,(new),"WOULD MINT"
21148,CON-RES-1994-216,,(new),"WOULD MINT"
21149,CON-RES-1994-223,,(new),"WOULD MINT"
21152,CON-RES-1994-249,,(new),"WOULD MINT"
21305,CON-AG-1981-169,,(new),"WOULD MINT"
21309,CON-AG-1983-42,,(new),"WOULD MINT"
21491,CON-AG-1982-564,,(new),"WOULD MINT"
21526,CON-AG-1982-533,,(new),"WOULD MINT"
21536,CON-AG-1982-517,,(new),"WOULD MINT"
21891,CON-RES-2009-763,,(new),"WOULD MINT"
22065,CON-RES-2009-93,,(new),"WOULD MINT"
22118,CON-RES-2009-705,,(new),"WOULD MINT"
22119,CON-RES-2009-1041,,(new),"WOULD MINT"
22127,CON-RES-2009-198,,(new),"WOULD MINT"
22137,CON-RES-2009-752,,(new),"WOULD MINT"
22140,CON-RES-2009-135,,(new),"WOULD MINT"
22791,CON-RES-1995-335,,(new),"WOULD MINT"
23937,CON-RES-1989-420,,(new),"WOULD MINT"
23938,CON-RES-1989-424,,(new),"WOULD MINT"
23955,CON-RES-1989-300,,(new),"WOULD MINT"
24102,CON-RES-1983-78,,(new),"WOULD MINT"
24165,CON-RES-1986-362,,(new),"WOULD MINT"
24448,CON-RES-1987-647,,(new),"WOULD MINT"
24477,CON-RES-1987-174,,(new),"WOULD MINT"
24486,CON-RES-1987-172,,(new),"WOULD MINT"
24497,CON-RES-1987-1156,,(new),"WOULD MINT"
24499,CON-RES-1987-1167,,(new),"WOULD MINT"
24502,CON-RES-1987-1013,,(new),"WOULD MINT"
24503,CON-RES-1987-1012,,(new),"WOULD MINT"
24505,CON-RES-1987-1014,,(new),"WOULD MINT"
24542,CON-RES-1987-7,,(new),"WOULD MINT"
24593,CON-RES-1987-910,,(new),"WOULD MINT"
24595,CON-RES-1987-919,,(new),"WOULD MINT"
24602,CON-RES-1987-913,,(new),"WOULD MINT"
24603,CON-RES-1987-914,,(new),"WOULD MINT"
24606,CON-RES-1987-789,,(new),"WOULD MINT"
24630,CON-RES-1988-325,,(new),"WOULD MINT"
24632,CON-RES-1988-321,,(new),"WOULD MINT"
24635,CON-RES-1988-524,,(new),"WOULD MINT"
24637,CON-RES-1988-511,,(new),"WOULD MINT"
24645,CON-RES-1988-226,,(new),"WOULD MINT"
24648,CON-RES-1984-187,,(new),"WOULD MINT"
24659,CON-RES-1983-772,,(new),"WOULD MINT"
24691,CON-RES-1985-51,,(new),"WOULD MINT"
24692,CON-RES-1985-52,,(new),"WOULD MINT"
24695,CON-RES-1985-64,,(new),"WOULD MINT"
24708,CON-RES-1985-302,,(new),"WOULD MINT"
24713,CON-RES-1985-318,,(new),"WOULD MINT"
24714,CON-RES-1985-323,,(new),"WOULD MINT"
24720,CON-RES-1985-330,,(new),"WOULD MINT"
24721,CON-RES-1985-331,,(new),"WOULD MINT"
24724,CON-RES-1985-335,,(new),"WOULD MINT"
24735,CON-RES-1985-375,,(new),"WOULD MINT"
24738,CON-RES-1985-391,,(new),"WOULD MINT"
24749,CON-RES-1985-462,,(new),"WOULD MINT"
24752,CON-RES-1985-470,,(new),"WOULD MINT"
24754,CON-RES-1985-484,,(new),"WOULD MINT"
24764,CON-RES-1985-566,,(new),"WOULD MINT"
24765,CON-RES-1985-572,,(new),"WOULD MINT"
24768,CON-RES-1985-575,,(new),"WOULD MINT"
24782,CON-RES-1985-662,,(new),"WOULD MINT"
24789,CON-RES-1985-672,,(new),"WOULD MINT"
24790,CON-RES-1985-673,,(new),"WOULD MINT"
24801,CON-RES-1986-113,,(new),"WOULD MINT"
24803,CON-RES-1986-116,,(new),"WOULD MINT"
24804,CON-RES-1986-117,,(new),"WOULD MINT"
24807,CON-RES-1986-122,,(new),"WOULD MINT"
24810,CON-RES-1986-125,,(new),"WOULD MINT"
24815,CON-RES-1986-133,,(new),"WOULD MINT"
24817,CON-RES-1986-136,,(new),"WOULD MINT"
24834,CON-RES-1986-217,,(new),"WOULD MINT"
24841,CON-RES-1986-225,,(new),"WOULD MINT"
24852,CON-RES-1986-236,,(new),"WOULD MINT"
24855,CON-RES-1986-239,,(new),"WOULD MINT"
24858,CON-RES-1986-242,,(new),"WOULD MINT"
24859,CON-RES-1986-243,,(new),"WOULD MINT"
24861,CON-RES-1986-245,,(new),"WOULD MINT"
24866,CON-RES-1986-274,,(new),"WOULD MINT"
24867,CON-RES-1986-277,,(new),"WOULD MINT"
24874,CON-RES-1983-4,,(new),"WOULD MINT"
24894,CON-RES-1983-659,,(new),"WOULD MINT"
24897,CON-RES-1983-663,,(new),"WOULD MINT"
24922,CON-COM-1985-35,,(new),"WOULD MINT"
24925,CON-RES-1982-11,,(new),"WOULD MINT"
24976,CON-RES-1982-1008,,(new),"WOULD MINT"
24981,CON-RES-1982-1043,,(new),"WOULD MINT"
24984,CON-RES-1982-1100,,(new),"WOULD MINT"
25004,CON-RES-1982-1799,,(new),"WOULD MINT"
25023,CON-RES-1983-316,,(new),"WOULD MINT"
25053,CON-RES-1984-479,,(new),"WOULD MINT"
25067,CON-RES-1984-444,,(new),"WOULD MINT"
25068,CON-RES-1984-442,,(new),"WOULD MINT"
25069,CON-RES-1984-450,,(new),"WOULD MINT"
25070,CON-RES-1984-449,,(new),"WOULD MINT"
25090,CON-AG-1984-28,,(new),"WOULD MINT"
25098,CON-RES-1984-288,,(new),"WOULD MINT"
25101,CON-RES-1984-251,,(new),"WOULD MINT"
25120,CON-RES-1982-1534,,(new),"WOULD MINT"
25121,CON-RES-1982-1530,,(new),"WOULD MINT"
25125,CON-RES-1982-1550,,(new),"WOULD MINT"
25128,CON-RES-1982-1561,,(new),"WOULD MINT"
25181,CON-RES-1982-1575,,(new),"WOULD MINT"
25183,CON-RES-1982-1144,,(new),"WOULD MINT"
25184,CON-RES-1982-1141,,(new),"WOULD MINT"
25186,CON-RES-1982-1101,,(new),"WOULD MINT"
25211,CON-RES-1984-334,,(new),"WOULD MINT"
25234,CON-RES-1983-791,,(new),"WOULD MINT"
25235,CON-RES-1983-786,,(new),"WOULD MINT"
25263,CON-AG-1983-69,,(new),"WOULD MINT"
25268,CON-RES-1983-552,,(new),"WOULD MINT"
25269,CON-RES-1983-563,,(new),"WOULD MINT"
25303,CON-RES-1985-519,,(new),"WOULD MINT"
25318,CON-RES-1984-473,,(new),"WOULD MINT"
25319,CON-RES-1984-476,,(new),"WOULD MINT"
25328,CON-RES-1984-352,,(new),"WOULD MINT"
25329,CON-RES-1984-353,,(new),"WOULD MINT"
25330,CON-RES-1984-355,,(new),"WOULD MINT"
25393,CON-RES-1991-376,,(new),"WOULD MINT"
25396,CON-RES-1991-392,,(new),"WOULD MINT"
25405,CON-RES-1987-1441,,(new),"WOULD MINT"
25407,CON-RES-1985-353,,(new),"WOULD MINT"
25415,CON-RES-1985-60,,(new),"WOULD MINT"
25418,CON-RES-1985-609,,(new),"WOULD MINT"
25419,CON-RES-1985-603,,(new),"WOULD MINT"
25428,CON-RES-1985-33,,(new),"WOULD MINT"
25438,CON-RES-1985-228,,(new),"WOULD MINT"
25443,CON-RES-1989-314,,(new),"WOULD MINT"
25444,CON-RES-1989-279,,(new),"WOULD MINT"
25446,CON-RES-1989-308,,(new),"WOULD MINT"
25447,CON-RES-1989-311,,(new),"WOULD MINT"
25448,CON-RES-1989-312,,(new),"WOULD MINT"
25451,CON-RES-1989-85,,(new),"WOULD MINT"
25452,CON-RES-1989-88,,(new),"WOULD MINT"
25457,CON-RES-1989-94,,(new),"WOULD MINT"
25462,CON-RES-1989-54,,(new),"WOULD MINT"
25464,CON-RES-1989-57,,(new),"WOULD MINT"
25466,CON-RES-1989-60,,(new),"WOULD MINT"
25467,CON-RES-1989-64,,(new),"WOULD MINT"
25470,CON-RES-1989-68,,(new),"WOULD MINT"
25471,CON-RES-1989-69,,(new),"WOULD MINT"
25472,CON-RES-1989-70,,(new),"WOULD MINT"
25474,CON-RES-1989-73,,(new),"WOULD MINT"
25476,CON-RES-1989-13,,(new),"WOULD MINT"
25483,CON-RES-1989-428,,(new),"WOULD MINT"
25486,CON-RES-1989-427,,(new),"WOULD MINT"
25488,CON-RES-1989-406,,(new),"WOULD MINT"
25489,CON-RES-1989-407,,(new),"WOULD MINT"
25490,CON-RES-1989-409,,(new),"WOULD MINT"
25491,CON-AG-1994-39,,(new),"WOULD MINT"
25492,CON-AG-1994-57,,(new),"WOULD MINT"
25501,CON-RES-1999-330,,(new),"WOULD MINT"
25502,CON-RES-1999-335,,(new),"WOULD MINT"
25503,CON-RES-1999-341,,(new),"WOULD MINT"
25504,CON-RES-1999-349,,(new),"WOULD MINT"
25506,CON-RES-1999-347,,(new),"WOULD MINT"
25510,CON-RES-1999-334,,(new),"WOULD MINT"
25511,CON-RES-1999-333,,(new),"WOULD MINT"
25516,CON-RES-1999-331,,(new),"WOULD MINT"
25517,CON-RES-1999-348,,(new),"WOULD MINT"
25530,CON-RES-1999-281,,(new),"WOULD MINT"
25533,CON-RES-1999-298,,(new),"WOULD MINT"
25537,CON-RES-1999-275,,(new),"WOULD MINT"
25539,CON-RES-1999-278,,(new),"WOULD MINT"
25541,CON-RES-1999-295,,(new),"WOULD MINT"
25549,CON-RES-1999-285,,(new),"WOULD MINT"
25554,CON-RES-1991-354,,(new),"WOULD MINT"
25556,CON-RES-1991-357,,(new),"WOULD MINT"
25559,CON-RES-1991-329,,(new),"WOULD MINT"
25563,CON-RES-1991-370,,(new),"WOULD MINT"
25564,CON-RES-1991-336,,(new),"WOULD MINT"
25565,CON-RES-1993-619,,(new),"WOULD MINT"
25566,CON-RES-1993-623,,(new),"WOULD MINT"
25567,CON-RES-1993-102,,(new),"WOULD MINT"
25568,CON-RES-1993-617,,(new),"WOULD MINT"
25569,CON-RES-1993-616,,(new),"WOULD MINT"
25573,CON-RES-1993-200,,(new),"WOULD MINT"
25575,CON-RES-1993-174,,(new),"WOULD MINT"
25576,CON-RES-1993-171,,(new),"WOULD MINT"
25577,CON-RES-1993-172,,(new),"WOULD MINT"
25578,CON-RES-1993-173,,(new),"WOULD MINT"
25579,CON-RES-1993-152,,(new),"WOULD MINT"
25583,CON-RES-1993-621,,(new),"WOULD MINT"
25584,CON-RES-1991-386,,(new),"WOULD MINT"
25585,CON-RES-1991-384,,(new),"WOULD MINT"
25586,CON-RES-1991-383,,(new),"WOULD MINT"
25589,CON-RES-1991-379,,(new),"WOULD MINT"
25597,CON-RES-1984-343,,(new),"WOULD MINT"
25607,CON-RES-1984-120,,(new),"WOULD MINT"
25608,CON-RES-1984-121,,(new),"WOULD MINT"
25614,CON-RES-1984-142,,(new),"WOULD MINT"
25623,CON-RES-1984-635,,(new),"WOULD MINT"
25624,CON-RES-1984-636,,(new),"WOULD MINT"
25630,CON-RES-1984-197,,(new),"WOULD MINT"
25635,CON-RES-1984-200,,(new),"WOULD MINT"
25651,CON-RES-1985-569,,(new),"WOULD MINT"
25652,CON-RES-1985-570,,(new),"WOULD MINT"
25654,CON-RES-1985-585,,(new),"WOULD MINT"
25655,CON-RES-1985-600,,(new),"WOULD MINT"
25668,CON-AG-1983-23,,(new),"WOULD MINT"
25669,CON-AG-1983-32,,(new),"WOULD MINT"
25670,CON-AG-1983-34,,(new),"WOULD MINT"
25672,CON-AG-1986-37,,(new),"WOULD MINT"
25682,CON-AG-1984-184,,(new),"WOULD MINT"
25694,CON-RES-1985-28,,(new),"WOULD MINT"
25698,CON-RES-1985-49,,(new),"WOULD MINT"
25704,CON-RES-1987-701,,(new),"WOULD MINT"
25705,CON-RES-1987-703,,(new),"WOULD MINT"
25719,CON-AG-1995-9,,(new),"WOULD MINT"
25720,CON-AG-1995-13,,(new),"WOULD MINT"
25721,CON-AG-1995-14,,(new),"WOULD MINT"
25732,CON-COM-1995-113,,(new),"WOULD MINT"
25739,CON-COM-1995-120,,(new),"WOULD MINT"
25743,CON-RES-1989-192,,(new),"WOULD MINT"
25744,CON-RES-1989-193,,(new),"WOULD MINT"
25745,CON-RES-1989-194,,(new),"WOULD MINT"
25747,CON-RES-1989-196,,(new),"WOULD MINT"
25758,CON-RES-1983-819,,(new),"WOULD MINT"
25763,CON-RES-1985-23,,(new),"WOULD MINT"
25766,CON-RES-1995-517,,(new),"WOULD MINT"
25773,CON-RES-1989-168,,(new),"WOULD MINT"
25776,CON-RES-1989-172,,(new),"WOULD MINT"
25780,CON-RES-1989-182,,(new),"WOULD MINT"
25783,CON-RES-1989-238,,(new),"WOULD MINT"
25797,CON-RES-1983-670,,(new),"WOULD MINT"
25798,CON-RES-1983-671,,(new),"WOULD MINT"
25801,CON-RES-1983-675,,(new),"WOULD MINT"
25802,CON-RES-1983-676,,(new),"WOULD MINT"
25807,CON-RES-1983-682,,(new),"WOULD MINT"
25808,CON-RES-1983-683,,(new),"WOULD MINT"
25809,CON-RES-1983-686,,(new),"WOULD MINT"
25810,CON-RES-1983-687,,(new),"WOULD MINT"
25811,CON-RES-1983-707,,(new),"WOULD MINT"
25829,CON-RES-1983-757,,(new),"WOULD MINT"
25833,CON-AG-1985-117,,(new),"WOULD MINT"
25850,CON-AG-1985-104,,(new),"WOULD MINT"
25855,CON-AG-1985-167,,(new),"WOULD MINT"
25857,CON-AG-1985-175,,(new),"WOULD MINT"
25860,CON-AG-1985-179,,(new),"WOULD MINT"
25861,CON-AG-1985-55,,(new),"WOULD MINT"
25867,CON-AG-1985-145,,(new),"WOULD MINT"
25871,CON-RES-1988-472,,(new),"WOULD MINT"
25875,CON-RES-1988-337,,(new),"WOULD MINT"
25876,CON-RES-1988-336,,(new),"WOULD MINT"
25877,CON-RES-1988-488,,(new),"WOULD MINT"
25880,CON-RES-1988-453,,(new),"WOULD MINT"
25882,CON-RES-1988-454,,(new),"WOULD MINT"
25889,CON-RES-1988-573,,(new),"WOULD MINT"
25897,CON-RES-1988-471,,(new),"WOULD MINT"
25903,CON-RES-1988-470,,(new),"WOULD MINT"
25906,CON-RES-1988-452,,(new),"WOULD MINT"
25908,CON-RES-1988-393,,(new),"WOULD MINT"
25916,CON-RES-1988-399,,(new),"WOULD MINT"
25929,CON-RES-1982-1157,,(new),"WOULD MINT"
25930,CON-RES-1982-1185,,(new),"WOULD MINT"
25937,CON-RES-1982-1591,,(new),"WOULD MINT"
25945,CON-IND-1982-26,,(new),"WOULD MINT"
25991,CON-AG-1982-338,,(new),"WOULD MINT"
25995,CON-AG-1982-514,,(new),"WOULD MINT"
26000,CON-AG-1982-344,,(new),"WOULD MINT"
26002,CON-AG-1982-510,,(new),"WOULD MINT"
26019,CON-AG-1982-297,,(new),"WOULD MINT"
26021,CON-AG-1982-299,,(new),"WOULD MINT"
26022,CON-AG-1982-286,,(new),"WOULD MINT"
26026,CON-AG-1982-280,,(new),"WOULD MINT"
26029,CON-AG-1982-262,,(new),"WOULD MINT"
26035,CON-AG-1982-252,,(new),"WOULD MINT"
26051,CON-AG-1982-162,,(new),"WOULD MINT"
26053,CON-AG-1982-310,,(new),"WOULD MINT"
26054,CON-AG-1982-309,,(new),"WOULD MINT"
26058,CON-AG-1982-305,,(new),"WOULD MINT"
26059,CON-AG-1982-320,,(new),"WOULD MINT"
26061,CON-AG-1982-542,,(new),"WOULD MINT"
26095,CON-RES-1989-256,,(new),"WOULD MINT"
26101,CON-RES-1989-615,,(new),"WOULD MINT"
26105,CON-RES-1989-216,,(new),"WOULD MINT"
26111,CON-RES-1989-220,,(new),"WOULD MINT"
26123,CON-RES-1989-268,,(new),"WOULD MINT"
26127,CON-RES-1989-490,,(new),"WOULD MINT"
26131,CON-RES-1989-103,,(new),"WOULD MINT"
26134,CON-RES-1989-214,,(new),"WOULD MINT"
26136,CON-RES-1989-479,,(new),"WOULD MINT"
26141,CON-RES-1989-498,,(new),"WOULD MINT"
26149,CON-RES-1989-611,,(new),"WOULD MINT"
26156,CON-RES-1989-610,,(new),"WOULD MINT"
26178,CON-RES-1988-353,,(new),"WOULD MINT"
26182,CON-RES-1988-185,,(new),"WOULD MINT"
26187,CON-RES-1988-363,,(new),"WOULD MINT"
26191,CON-RES-1988-351,,(new),"WOULD MINT"
26192,CON-RES-1988-152,,(new),"WOULD MINT"
26197,CON-RES-1988-359,,(new),"WOULD MINT"
26207,CON-RES-1984-424,,(new),"WOULD MINT"
26221,CON-RES-1984-333,,(new),"WOULD MINT"
26237,CON-AG-1984-45,,(new),"WOULD MINT"
26241,CON-AG-1984-42,,(new),"WOULD MINT"
26275,CON-RES-1986-77,,(new),"WOULD MINT"
26283,CON-RES-1986-63,,(new),"WOULD MINT"
26313,CON-RES-1986-404,,(new),"WOULD MINT"
26314,CON-RES-1986-405,,(new),"WOULD MINT"
26322,CON-RES-1986-432,,(new),"WOULD MINT"
26325,CON-RES-1986-435,,(new),"WOULD MINT"
26327,CON-RES-1986-437,,(new),"WOULD MINT"
26335,CON-RES-1983-64,,(new),"WOULD MINT"
26336,CON-RES-1983-65,,(new),"WOULD MINT"
26338,CON-RES-1983-66,,(new),"WOULD MINT"
26340,CON-RES-1983-47,,(new),"WOULD MINT"
26341,CON-RES-1983-49,,(new),"WOULD MINT"
26343,CON-RES-1983-60,,(new),"WOULD MINT"
26346,CON-RES-1983-381,,(new),"WOULD MINT"
26362,CON-RES-1982-1045,,(new),"WOULD MINT"
26978,CON-RES-1982-1007,,(new),"WOULD MINT"
26995,CON-RES-1982-160,,(new),"WOULD MINT"
29222,CON-RES-1984-234,,(new),"WOULD MINT"
29272,CON-RES-1985-449,,(new),"WOULD MINT"
29287,CON-RES-1985-55,,(new),"WOULD MINT"
29326,CON-RES-1985-245,,(new),"WOULD MINT"
29334,CON-RES-1985-273,,(new),"WOULD MINT"
29335,CON-RES-1985-265,,(new),"WOULD MINT"
29360,CON-RES-1987-962,,(new),"WOULD MINT"
29379,CON-RES-1987-491,,(new),"WOULD MINT"
29389,CON-RES-1987-479,,(new),"WOULD MINT"
29392,CON-RES-1987-474,,(new),"WOULD MINT"
29400,CON-RES-1987-591,,(new),"WOULD MINT"
29415,CON-RES-1987-988,,(new),"WOULD MINT"
29602,CON-RES-1982-8,,(new),"WOULD MINT"
29750,CON-AG-1989-83,,(new),"WOULD MINT"
29757,CON-AG-1989-96,,(new),"WOULD MINT"
29876,CON-RES-1994-632,,(new),"WOULD MINT"
29880,CON-RES-1994-636,,(new),"WOULD MINT"
29908,CON-IND-1988-2,,(new),"WOULD MINT"
29909,CON-IND-1988-3,,(new),"WOULD MINT"
29913,CON-AG-1988-30,,(new),"WOULD MINT"
29917,CON-AG-1988-25,,(new),"WOULD MINT"
29930,CON-AG-1988-62,,(new),"WOULD MINT"
29940,CON-AG-1988-59,,(new),"WOULD MINT"
29941,CON-AG-1988-274,,(new),"WOULD MINT"
29978,CON-RES-1988-101,,(new),"WOULD MINT"
29997,CON-RES-1988-155,,(new),"WOULD MINT"
30023,CON-RES-1990-61,,(new),"WOULD MINT"
30040,CON-RES-1990-93,,(new),"WOULD MINT"
30387,CON-RES-1986-82,,(new),"WOULD MINT"
30388,CON-RES-1986-81,,(new),"WOULD MINT"
31528,CON-COM-1994-31,,(new),"WOULD MINT"
31623,CON-RES-1982-1233,,(new),"WOULD MINT"
31624,CON-RES-1982-1234,,(new),"WOULD MINT"
31645,CON-RES-1982-965,,(new),"WOULD MINT"
31673,CON-RES-1986-197,,(new),"WOULD MINT"
31680,CON-RES-1986-198,,(new),"WOULD MINT"
31699,CON-RES-1986-32,,(new),"WOULD MINT"
31703,CON-RES-1986-42,,(new),"WOULD MINT"
31715,CON-RES-1985-648,,(new),"WOULD MINT"
31834,CON-RES-1984-707,,(new),"WOULD MINT"
31851,CON-RES-1984-182,,(new),"WOULD MINT"
31917,CON-RES-1985-392,,(new),"WOULD MINT"
31928,CON-RES-1982-1358,,(new),"WOULD MINT"
32051,CON-RES-1982-806,,(new),"WOULD MINT"
32109,CON-RES-1983-624,,(new),"WOULD MINT"
32195,CON-RES-1987-273,,(new),"WOULD MINT"
32253,CON-RES-1987-876,,(new),"WOULD MINT"
32256,CON-RES-1987-627,,(new),"WOULD MINT"
32279,CON-RES-1987-1024,,(new),"WOULD MINT"
32297,CON-RES-1987-920,,(new),"WOULD MINT"
32344,CON-RES-1987-1114,,(new),"WOULD MINT"
32348,CON-RES-1987-1149,,(new),"WOULD MINT"
32349,CON-RES-1987-1139,,(new),"WOULD MINT"
32351,CON-RES-1987-1092,,(new),"WOULD MINT"
32355,CON-RES-1987-1067,,(new),"WOULD MINT"
32356,CON-RES-1987-1068,,(new),"WOULD MINT"
32380,CON-RES-1987-1148,,(new),"WOULD MINT"
32382,CON-RES-1987-1142,,(new),"WOULD MINT"
32394,CON-RES-1987-1214,,(new),"WOULD MINT"
32404,CON-RES-1987-1227,,(new),"WOULD MINT"
32405,CON-RES-1987-1228,,(new),"WOULD MINT"
32406,CON-RES-1987-1229,,(new),"WOULD MINT"
32407,CON-RES-1987-1235,,(new),"WOULD MINT"
32409,CON-RES-1987-1237,,(new),"WOULD MINT"
32410,CON-RES-1987-1238,,(new),"WOULD MINT"
32411,CON-RES-1987-1239,,(new),"WOULD MINT"
36466,CON-RES-2025-7000,,(new),"WOULD MINT"
36472,CON-RES-1996-205,,(new),"WOULD MINT"
37266,CON-RES-1997-301,,(new),"WOULD MINT"
37268,CON-RES-1997-13,,(new),"WOULD MINT"
37269,CON-RES-1997-46,,(new),"WOULD MINT"
37270,CON-RES-1997-45,,(new),"WOULD MINT"
37271,CON-RES-1997-43,,(new),"WOULD MINT"
37272,CON-RES-1997-42,,(new),"WOULD MINT"
37274,CON-RES-1981-32,,(new),"WOULD MINT"
38682,CON-RES-2004-213,,(new),"WOULD MINT"
38683,CON-RES-2001-18,,(new),"WOULD MINT"
38684,CON-RES-2001-203,,(new),"WOULD MINT"
38685,CON-RES-2001-205,,(new),"WOULD MINT"
38686,CON-RES-2001-16,,(new),"WOULD MINT"
38687,CON-RES-2004-265,,(new),"WOULD MINT"
38688,CON-RES-2004-212,,(new),"WOULD MINT"
38689,CON-RES-2001-204,,(new),"WOULD MINT"
38690,CON-RES-2004-72,,(new),"WOULD MINT"
38691,CON-RES-2001-20,,(new),"WOULD MINT"
38692,CON-RES-2001-35,,(new),"WOULD MINT"
38693,CON-RES-2001-257,,(new),"WOULD MINT"
38694,CON-RES-2004-67,,(new),"WOULD MINT"
38695,CON-RES-2001-223,,(new),"WOULD MINT"
38696,CON-RES-2004-238,,(new),"WOULD MINT"
38697,CON-RES-2001-251,,(new),"WOULD MINT"
38698,CON-RES-2001-13,,(new),"WOULD MINT"
38699,CON-RES-2001-93,,(new),"WOULD MINT"
38700,CON-RES-2001-137,,(new),"WOULD MINT"
38701,CON-RES-2004-43,,(new),"WOULD MINT"
38702,CON-RES-2001-149,,(new),"WOULD MINT"
38703,CON-RES-2001-202,,(new),"WOULD MINT"
38704,CON-RES-2001-271,,(new),"WOULD MINT"
38705,CON-RES-2001-39,,(new),"WOULD MINT"
38706,CON-RES-2004-52,,(new),"WOULD MINT"
38707,CON-RES-2004-57,,(new),"WOULD MINT"
38708,CON-RES-2004-40,,(new),"WOULD MINT"
38709,CON-RES-2004-217,,(new),"WOULD MINT"
38710,CON-RES-1994-53,,(new),"WOULD MINT"
38711,CON-RES-2004-216,,(new),"WOULD MINT"
38712,CON-RES-2001-70,,(new),"WOULD MINT"
38713,CON-RES-2004-268,,(new),"WOULD MINT"
38714,CON-RES-2001-67,,(new),"WOULD MINT"
38715,CON-RES-2004-64,,(new),"WOULD MINT"
38716,CON-RES-2004-41,,(new),"WOULD MINT"
38717,CON-RES-2001-24,,(new),"WOULD MINT"
38718,CON-RES-2001-127,,(new),"WOULD MINT"
38719,CON-RES-2004-257,,(new),"WOULD MINT"
38720,CON-RES-2001-25,,(new),"WOULD MINT"
38721,CON-RES-2004-267,,(new),"WOULD MINT"
38723,CON-RES-2001-100,,(new),"WOULD MINT"
38724,CON-RES-2001-114,,(new),"WOULD MINT"
38725,CON-RES-2004-70,,(new),"WOULD MINT"
38726,CON-RES-2004-242,,(new),"WOULD MINT"
38727,CON-RES-2008-285,,(new),"WOULD MINT"
38728,CON-RES-2004-218,,(new),"WOULD MINT"
38729,CON-RES-2004-258,,(new),"WOULD MINT"
38730,CON-RES-2004-266,,(new),"WOULD MINT"
38731,CON-RES-2001-241,,(new),"WOULD MINT"
38732,CON-RES-2008-1157,,(new),"WOULD MINT"
38733,CON-RES-2008-1037,,(new),"WOULD MINT"
38734,CON-RES-2008-73,,(new),"WOULD MINT"
38735,CON-RES-2004-221,,(new),"WOULD MINT"
38736,CON-RES-2004-243,,(new),"WOULD MINT"
38737,CON-RES-2008-1036,,(new),"WOULD MINT"
38738,CON-RES-2008-1034,,(new),"WOULD MINT"
38739,CON-RES-2004-3,,(new),"WOULD MINT"
38740,CON-RES-2001-187,,(new),"WOULD MINT"
38741,CON-RES-2008-79,,(new),"WOULD MINT"
38742,CON-RES-2004-247,,(new),"WOULD MINT"
38743,CON-RES-2008-1242,,(new),"WOULD MINT"
38744,CON-RES-2008-1222,,(new),"WOULD MINT"
38745,CON-RES-2008-295,,(new),"WOULD MINT"
38746,CON-RES-2008-1016,,(new),"WOULD MINT"
38747,CON-RES-2001-66,,(new),"WOULD MINT"
38748,CON-RES-2004-1,,(new),"WOULD MINT"
38749,CON-RES-2008-1151,,(new),"WOULD MINT"
38750,CON-RES-2008-1005,,(new),"WOULD MINT"
38751,CON-RES-2008-78,,(new),"WOULD MINT"
38752,CON-RES-2001-69,,(new),"WOULD MINT"
38753,CON-RES-2008-1015,,(new),"WOULD MINT"
38754,CON-RES-2004-63,,(new),"WOULD MINT"
38755,CON-RES-2008-1090,,(new),"WOULD MINT"
38756,CON-RES-2004-206,,(new),"WOULD MINT"
38757,CON-RES-2008-281,,(new),"WOULD MINT"
38758,CON-RES-2008-1096,,(new),"WOULD MINT"
38759,CON-RES-2004-235,,(new),"WOULD MINT"
38760,CON-RES-2001-68,,(new),"WOULD MINT"
38761,CON-RES-2008-1092,,(new),"WOULD MINT"
38763,CON-RES-2001-129,,(new),"WOULD MINT"
38764,CON-RES-2008-757,,(new),"WOULD MINT"
38765,CON-RES-2008-1154,,(new),"WOULD MINT"
38766,CON-RES-2004-219,,(new),"WOULD MINT"
38767,CON-RES-2008-129,,(new),"WOULD MINT"
38768,CON-RES-2008-75,,(new),"WOULD MINT"
38769,CON-RES-2008-74,,(new),"WOULD MINT"
38770,CON-RES-2004-237,,(new),"WOULD MINT"
38771,CON-RES-1994-7,,(new),"WOULD MINT"
38772,CON-RES-2008-485,,(new),"WOULD MINT"
38773,CON-RES-2004-38,,(new),"WOULD MINT"
38774,CON-RES-2008-1226,,(new),"WOULD MINT"
38775,CON-RES-2008-1227,,(new),"WOULD MINT"
38776,CON-RES-2006-139,,(new),"WOULD MINT"
38777,CON-RES-2008-1117,,(new),"WOULD MINT"
38778,CON-RES-2008-1218,,(new),"WOULD MINT"
38779,CON-RES-2008-1211,,(new),"WOULD MINT"
38780,CON-RES-2008-505,,(new),"WOULD MINT"
38781,CON-RES-2008-1214,,(new),"WOULD MINT"
38782,CON-RES-2008-286,,(new),"WOULD MINT"
38783,CON-RES-2008-40,,(new),"WOULD MINT"
38784,CON-RES-2008-1228,,(new),"WOULD MINT"
38785,CON-RES-2008-1149,,(new),"WOULD MINT"
38786,CON-RES-2008-1147,,(new),"WOULD MINT"
38787,CON-RES-2005-262,,(new),"WOULD MINT"
38788,CON-RES-2008-1137,,(new),"WOULD MINT"
38789,CON-RES-2008-1233,,(new),"WOULD MINT"
38790,CON-RES-2008-16,,(new),"WOULD MINT"
38791,CON-RES-2008-1095,,(new),"WOULD MINT"
38792,CON-RES-2008-261,,(new),"WOULD MINT"
38793,CON-RES-2008-1124,,(new),"WOULD MINT"
38794,CON-RES-2008-1209,,(new),"WOULD MINT"
38795,CON-RES-2008-789,,(new),"WOULD MINT"
38796,CON-RES-2008-259,,(new),"WOULD MINT"
38797,CON-RES-2006-263,,(new),"WOULD MINT"
38798,CON-RES-2008-1217,,(new),"WOULD MINT"
38799,CON-RES-2008-1244,,(new),"WOULD MINT"
38800,CON-RES-2008-1128,,(new),"WOULD MINT"
38801,CON-RES-2008-14,,(new),"WOULD MINT"
38802,CON-RES-2008-1238,,(new),"WOULD MINT"
38803,CON-RES-2008-1236,,(new),"WOULD MINT"
38804,CON-RES-2008-1076,,(new),"WOULD MINT"
38805,CON-RES-2004-209,,(new),"WOULD MINT"
38806,CON-RES-2006-299,,(new),"WOULD MINT"
38807,CON-RES-2008-8,,(new),"WOULD MINT"
38808,CON-RES-2008-1077,,(new),"WOULD MINT"
38809,CON-RES-2008-413,,(new),"WOULD MINT"
38810,CON-RES-2008-1197,,(new),"WOULD MINT"
38811,CON-RES-2008-1049,,(new),"WOULD MINT"
38812,CON-RES-2004-222,,(new),"WOULD MINT"
38813,CON-RES-2008-1030,,(new),"WOULD MINT"
38814,CON-RES-2008-1027,,(new),"WOULD MINT"
38815,CON-RES-2008-22,,(new),"WOULD MINT"
38816,CON-RES-2008-1210,,(new),"WOULD MINT"
38817,CON-RES-2008-1032,,(new),"WOULD MINT"
38818,CON-RES-2006-388,,(new),"WOULD MINT"
38819,CON-RES-2008-1040,,(new),"WOULD MINT"
38820,CON-RES-2004-211,,(new),"WOULD MINT"
38821,CON-RES-2008-1204,,(new),"WOULD MINT"
38822,CON-RES-2008-4,,(new),"WOULD MINT"
38823,CON-RES-2008-929,,(new),"WOULD MINT"
38824,CON-RES-2008-1038,,(new),"WOULD MINT"
38825,CON-RES-2008-1,,(new),"WOULD MINT"
38826,CON-RES-2008-509,,(new),"WOULD MINT"
38827,CON-RES-2006-21,,(new),"WOULD MINT"
38828,CON-RES-2008-923,,(new),"WOULD MINT"
38829,CON-RES-2008-1205,,(new),"WOULD MINT"
38830,CON-RES-2008-924,,(new),"WOULD MINT"
38831,CON-RES-2008-23,,(new),"WOULD MINT"
38832,CON-RES-2008-918,,(new),"WOULD MINT"
38833,CON-RES-2008-1121,,(new),"WOULD MINT"
38834,CON-RES-2008-410,,(new),"WOULD MINT"
38835,CON-RES-2008-1206,,(new),"WOULD MINT"
38836,CON-RES-2008-24,,(new),"WOULD MINT"
38837,CON-RES-2005-1219,,(new),"WOULD MINT"
38838,CON-RES-2006-368,,(new),"WOULD MINT"
38839,CON-RES-2008-921,,(new),"WOULD MINT"
38840,CON-RES-2008-1122,,(new),"WOULD MINT"
38841,CON-RES-2008-304,,(new),"WOULD MINT"
38842,CON-RES-2008-922,,(new),"WOULD MINT"
38843,CON-RES-2006-404,,(new),"WOULD MINT"
38844,CON-RES-2008-299,,(new),"WOULD MINT"
38845,CON-RES-2008-1123,,(new),"WOULD MINT"
38846,CON-RES-2004-201,,(new),"WOULD MINT"
38847,CON-RES-2008-303,,(new),"WOULD MINT"
38848,CON-RES-2008-783,,(new),"WOULD MINT"
38849,CON-RES-2008-1125,,(new),"WOULD MINT"
38850,CON-RES-2008-1208,,(new),"WOULD MINT"
38851,CON-RES-2008-291,,(new),"WOULD MINT"
38852,CON-RES-2008-762,,(new),"WOULD MINT"
38853,CON-RES-2008-1221,,(new),"WOULD MINT"
38854,CON-RES-2008-305,,(new),"WOULD MINT"
38855,CON-RES-2008-765,,(new),"WOULD MINT"
38856,CON-RES-2008-502,,(new),"WOULD MINT"
38857,CON-RES-2004-269,,(new),"WOULD MINT"
38858,CON-RES-2008-760,,(new),"WOULD MINT"
38859,CON-RES-2008-1065,,(new),"WOULD MINT"
38860,CON-RES-2008-737,,(new),"WOULD MINT"
38861,CON-RES-2006-209,,(new),"WOULD MINT"
38862,CON-RES-2008-1150,,(new),"WOULD MINT"
38863,CON-RES-2008-458,,(new),"WOULD MINT"
38864,CON-RES-2008-1078,,(new),"WOULD MINT"
38865,CON-RES-2008-1070,,(new),"WOULD MINT"
38866,CON-RES-2008-738,,(new),"WOULD MINT"
38867,CON-RES-2001-279,,(new),"WOULD MINT"
38868,CON-RES-2008-1058,,(new),"WOULD MINT"
38869,CON-RES-2008-1220,,(new),"WOULD MINT"
38870,CON-RES-2008-459,,(new),"WOULD MINT"
38871,CON-RES-2008-1072,,(new),"WOULD MINT"
38872,CON-RES-2008-123,,(new),"WOULD MINT"
38873,CON-RES-2004-56,,(new),"WOULD MINT"
38874,CON-RES-2008-1057,,(new),"WOULD MINT"
38875,CON-RES-2008-142,,(new),"WOULD MINT"
38876,CON-RES-2008-794,,(new),"WOULD MINT"
38877,CON-RES-2008-462,,(new),"WOULD MINT"
38878,CON-RES-2008-1155,,(new),"WOULD MINT"
38879,CON-RES-2008-907,,(new),"WOULD MINT"
38880,CON-RES-2008-744,,(new),"WOULD MINT"
38881,CON-RES-2008-795,,(new),"WOULD MINT"
38882,CON-RES-2008-745,,(new),"WOULD MINT"
38883,CON-COM-2014-72,,(new),"WOULD MINT"
38884,CON-RES-2002-60,,(new),"WOULD MINT"
38885,CON-RES-2008-801,,(new),"WOULD MINT"
38886,CON-RES-2008-467,,(new),"WOULD MINT"
38887,CON-RES-2008-1101,,(new),"WOULD MINT"
38888,CON-RES-2008-788,,(new),"WOULD MINT"
38889,CON-RES-2008-746,,(new),"WOULD MINT"
38890,CON-RES-2001-164,,(new),"WOULD MINT"
38891,CON-RES-2008-911,,(new),"WOULD MINT"
38892,CON-RES-2008-793,,(new),"WOULD MINT"
38893,CON-RES-2008-759,,(new),"WOULD MINT"
38894,CON-RES-2008-501,,(new),"WOULD MINT"
38895,CON-RES-2008-292,,(new),"WOULD MINT"
38896,CON-RES-2008-1156,,(new),"WOULD MINT"
38897,CON-RES-2005-49,,(new),"WOULD MINT"
38898,CON-RES-2008-469,,(new),"WOULD MINT"
38899,CON-RES-2008-751,,(new),"WOULD MINT"
38900,CON-RES-2008-821,,(new),"WOULD MINT"
38901,CON-RES-2008-787,,(new),"WOULD MINT"
38902,CON-RES-2008-1146,,(new),"WOULD MINT"
38903,CON-RES-2008-1134,,(new),"WOULD MINT"
38904,CON-RES-2008-753,,(new),"WOULD MINT"
38905,CON-RES-2008-1099,,(new),"WOULD MINT"
38906,CON-RES-2008-908,,(new),"WOULD MINT"
38907,CON-RES-2008-784,,(new),"WOULD MINT"
38909,CON-RES-2008-72,,(new),"WOULD MINT"
38910,CON-RES-2008-1085,,(new),"WOULD MINT"
38911,CON-RES-2006-219,,(new),"WOULD MINT"
38912,CON-RES-2008-1148,,(new),"WOULD MINT"
38913,CON-RES-2008-473,,(new),"WOULD MINT"
38914,CON-RES-2008-1135,,(new),"WOULD MINT"
38915,CON-RES-2008-1158,,(new),"WOULD MINT"
38916,CON-RES-2008-903,,(new),"WOULD MINT"
38918,CON-RES-2008-1079,,(new),"WOULD MINT"
38919,CON-RES-2008-1133,,(new),"WOULD MINT"
38920,CON-RES-2008-298,,(new),"WOULD MINT"
38921,CON-RES-2008-476,,(new),"WOULD MINT"
38922,CON-RES-2008-819,,(new),"WOULD MINT"
38923,CON-RES-2008-1159,,(new),"WOULD MINT"
38924,CON-RES-2008-1142,,(new),"WOULD MINT"
38925,CON-RES-2008-1082,,(new),"WOULD MINT"
38926,CON-RES-2008-1017,,(new),"WOULD MINT"
38927,CON-RES-2008-189,,(new),"WOULD MINT"
38928,CON-RES-2008-1200,,(new),"WOULD MINT"
38929,CON-RES-2008-796,,(new),"WOULD MINT"
38930,CON-RES-2008-475,,(new),"WOULD MINT"
38931,CON-RES-2008-86,,(new),"WOULD MINT"
38932,CON-RES-2008-1232,,(new),"WOULD MINT"
38933,CON-RES-2008-190,,(new),"WOULD MINT"
38934,CON-RES-2008-797,,(new),"WOULD MINT"
38935,CON-RES-2008-1215,,(new),"WOULD MINT"
38936,CON-RES-2006-232,,(new),"WOULD MINT"
38937,CON-RES-2008-769,,(new),"WOULD MINT"
38938,CON-RES-2008-479,,(new),"WOULD MINT"
38939,CON-RES-2008-1054,,(new),"WOULD MINT"
38940,CON-RES-2008-1234,,(new),"WOULD MINT"
38941,CON-RES-2008-191,,(new),"WOULD MINT"
38942,CON-RES-2008-1130,,(new),"WOULD MINT"
38943,CON-RES-2008-786,,(new),"WOULD MINT"
38944,CON-RES-2008-768,,(new),"WOULD MINT"
38945,CON-RES-2008-90,,(new),"WOULD MINT"
38946,CON-RES-2008-480,,(new),"WOULD MINT"
38947,CON-RES-2008-1216,,(new),"WOULD MINT"
38948,CON-RES-2006-303,,(new),"WOULD MINT"
38949,CON-RES-2008-764,,(new),"WOULD MINT"
38950,CON-AG-1995-69,,(new),"WOULD MINT"
38951,CON-RES-2003-251,,(new),"WOULD MINT"
38953,CON-RES-2008-767,,(new),"WOULD MINT"
38954,CON-RES-2008-754,,(new),"WOULD MINT"
38955,CON-RES-2008-1171,,(new),"WOULD MINT"
38956,CON-RES-2008-429,,(new),"WOULD MINT"
38957,CON-RES-2008-481,,(new),"WOULD MINT"
38958,CON-RES-2006-380,,(new),"WOULD MINT"
38959,CON-RES-2008-98,,(new),"WOULD MINT"
38960,CON-RES-2008-775,,(new),"WOULD MINT"
38961,CON-RES-2008-800,,(new),"WOULD MINT"
38962,CON-RES-2006-382,,(new),"WOULD MINT"
38963,CON-RES-2008-482,,(new),"WOULD MINT"
38964,CON-RES-2008-1230,,(new),"WOULD MINT"
38965,CON-RES-2008-743,,(new),"WOULD MINT"
38966,CON-RES-2008-503,,(new),"WOULD MINT"
38967,CON-RES-2008-421,,(new),"WOULD MINT"
38968,CON-RES-2008-330,,(new),"WOULD MINT"
38970,CON-RES-2008-483,,(new),"WOULD MINT"
38971,CON-RES-2006-383,,(new),"WOULD MINT"
38972,CON-RES-2008-1075,,(new),"WOULD MINT"
38973,CON-RES-2008-1235,,(new),"WOULD MINT"
38974,CON-RES-2008-913,,(new),"WOULD MINT"
38975,CON-RES-2008-367,,(new),"WOULD MINT"
38976,CON-RES-2008-1187,,(new),"WOULD MINT"
38977,CON-RES-2008-368,,(new),"WOULD MINT"
38978,CON-RES-2008-497,,(new),"WOULD MINT"
38979,CON-RES-2008-739,,(new),"WOULD MINT"
38980,CON-RES-2008-1162,,(new),"WOULD MINT"
38981,CON-RES-2008-809,,(new),"WOULD MINT"
38982,CON-RES-2008-504,,(new),"WOULD MINT"
38983,CON-RES-2008-1186,,(new),"WOULD MINT"
38984,CON-RES-2008-493,,(new),"WOULD MINT"
38985,CON-RES-2008-385,,(new),"WOULD MINT"
38986,CON-RES-2008-798,,(new),"WOULD MINT"
38987,CON-RES-2008-374,,(new),"WOULD MINT"
38988,CON-RES-2008-498,,(new),"WOULD MINT"
38989,CON-RES-2008-234,,(new),"WOULD MINT"
38990,CON-RES-2008-411,,(new),"WOULD MINT"
38991,CON-RES-2008-1163,,(new),"WOULD MINT"
38992,CON-RES-2008-307,,(new),"WOULD MINT"
38993,CON-RES-2008-188,,(new),"WOULD MINT"
38994,CON-RES-2008-499,,(new),"WOULD MINT"
38995,CON-RES-2008-799,,(new),"WOULD MINT"
38996,CON-RES-2008-186,,(new),"WOULD MINT"
38997,CON-RES-2006-244,,(new),"WOULD MINT"
38999,CON-RES-2008-38,,(new),"WOULD MINT"
39000,CON-RES-2008-1164,,(new),"WOULD MINT"
39001,CON-RES-2008-422,,(new),"WOULD MINT"
39002,CON-RES-2008-1127,,(new),"WOULD MINT"
39003,CON-RES-2008-277,,(new),"WOULD MINT"
39004,CON-RES-2008-28,,(new),"WOULD MINT"
39005,CON-RES-2006-285,,(new),"WOULD MINT"
39007,CON-RES-2008-173,,(new),"WOULD MINT"
39008,CON-RES-2008-491,,(new),"WOULD MINT"
39009,CON-RES-2008-43,,(new),"WOULD MINT"
39010,CON-RES-2008-340,,(new),"WOULD MINT"
39011,CON-RES-2008-181,,(new),"WOULD MINT"
39012,CON-RES-2008-284,,(new),"WOULD MINT"
39013,CON-RES-2008-1143,,(new),"WOULD MINT"
39014,CON-RES-2008-1170,,(new),"WOULD MINT"
39015,CON-RES-2008-1083,,(new),"WOULD MINT"
39016,CON-RES-2008-1086,,(new),"WOULD MINT"
39017,CON-RES-2008-1102,,(new),"WOULD MINT"
39018,CON-RES-2006-340,,(new),"WOULD MINT"
39019,CON-RES-2006-328,,(new),"WOULD MINT"
39020,CON-RES-2008-170,,(new),"WOULD MINT"
39021,CON-RES-2008-44,,(new),"WOULD MINT"
39022,CON-RES-2008-428,,(new),"WOULD MINT"
39023,CON-RES-2008-1118,,(new),"WOULD MINT"
39024,CON-RES-2008-1059,,(new),"WOULD MINT"
39025,CON-RES-2008-1063,,(new),"WOULD MINT"
39026,CON-RES-2008-1064,,(new),"WOULD MINT"
39027,CON-RES-2006-430,,(new),"WOULD MINT"
39028,CON-RES-2008-25,,(new),"WOULD MINT"
39029,CON-RES-2007-308,,(new),"WOULD MINT"
39030,CON-RES-2008-302,,(new),"WOULD MINT"
39031,CON-RES-2009-375,,(new),"WOULD MINT"
39032,CON-RES-2008-336,,(new),"WOULD MINT"
39033,CON-RES-2009-442,,(new),"WOULD MINT"
39034,CON-RES-2008-337,,(new),"WOULD MINT"
39035,CON-RES-2009-491,,(new),"WOULD MINT"
39036,CON-RES-2007-67,,(new),"WOULD MINT"
39037,CON-RES-2008-41,,(new),"WOULD MINT"
39038,CON-RES-2009-232,,(new),"WOULD MINT"
39039,CON-RES-2009-505,,(new),"WOULD MINT"
39040,CON-RES-2025-407,,(new),"WOULD MINT"
39041,CON-RES-2009-274,,(new),"WOULD MINT"
39042,CON-RES-2008-334,,(new),"WOULD MINT"
39043,CON-RES-2009-506,,(new),"WOULD MINT"
39044,CON-RES-2008-194,,(new),"WOULD MINT"
39045,CON-RES-2009-355,,(new),"WOULD MINT"
39046,CON-RES-2009-408,,(new),"WOULD MINT"
39047,CON-RES-2009-360,,(new),"WOULD MINT"
39048,CON-RES-2009-444,,(new),"WOULD MINT"
39049,CON-RES-2009-207,,(new),"WOULD MINT"
39050,CON-RES-2008-347,,(new),"WOULD MINT"
39051,CON-RES-2009-431,,(new),"WOULD MINT"
39052,CON-RES-2009-276,,(new),"WOULD MINT"
39053,CON-RES-2009-564,,(new),"WOULD MINT"
39054,CON-RES-2007-63,,(new),"WOULD MINT"
39055,CON-RES-2008-348,,(new),"WOULD MINT"
39056,CON-RES-2009-1083,,(new),"WOULD MINT"
39057,CON-RES-2009-565,,(new),"WOULD MINT"
39058,CON-RES-2009-293,,(new),"WOULD MINT"
39059,CON-RES-2007-411,,(new),"WOULD MINT"
39060,CON-RES-2008-349,,(new),"WOULD MINT"
39061,CON-RES-2009-567,,(new),"WOULD MINT"
39062,CON-RES-2025-437,,(new),"WOULD MINT"
39063,CON-RES-2009-204,,(new),"WOULD MINT"
39064,CON-RES-2008-171,,(new),"WOULD MINT"
39065,CON-RES-2009-507,,(new),"WOULD MINT"
39066,CON-RES-2009-606,,(new),"WOULD MINT"
39067,CON-RES-2009-472,,(new),"WOULD MINT"
39068,CON-RES-2009-1079,,(new),"WOULD MINT"
39069,CON-RES-2009-508,,(new),"WOULD MINT"
39070,CON-RES-2009-500,,(new),"WOULD MINT"
39071,CON-RES-2009-884,,(new),"WOULD MINT"
39072,CON-RES-2008-396,,(new),"WOULD MINT"
39073,CON-RES-2009-438,,(new),"WOULD MINT"
39074,CON-RES-2009-509,,(new),"WOULD MINT"
39075,CON-RES-2009-697,,(new),"WOULD MINT"
39076,CON-AG-1982-456,,(new),"WOULD MINT"
39077,CON-RES-2007-498,,(new),"WOULD MINT"
39078,CON-RES-2009-1036,,(new),"WOULD MINT"
39079,CON-RES-2009-439,,(new),"WOULD MINT"
39080,CON-RES-2009-1000,,(new),"WOULD MINT"
39081,CON-RES-2009-292,,(new),"WOULD MINT"
39082,CON-RES-2009-447,,(new),"WOULD MINT"
39083,CON-RES-2008-955,,(new),"WOULD MINT"
39084,CON-RES-2009-659,,(new),"WOULD MINT"
39085,CON-RES-2009-278,,(new),"WOULD MINT"
39086,CON-RES-2009-600,,(new),"WOULD MINT"
39087,CON-RES-2009-440,,(new),"WOULD MINT"
39088,CON-RES-2008-332,,(new),"WOULD MINT"
39089,CON-RES-2009-588,,(new),"WOULD MINT"
39090,CON-RES-2008-333,,(new),"WOULD MINT"
39091,CON-RES-2009-921,,(new),"WOULD MINT"
39092,CON-RES-2009-537,,(new),"WOULD MINT"
39093,CON-RES-2009-441,,(new),"WOULD MINT"
39094,CON-RES-2009-263,,(new),"WOULD MINT"
39095,CON-RES-2009-589,,(new),"WOULD MINT"
39096,CON-RES-2009-658,,(new),"WOULD MINT"
39097,CON-RES-2009-445,,(new),"WOULD MINT"
39098,CON-RES-2009-989,,(new),"WOULD MINT"
39099,CON-RES-2008-331,,(new),"WOULD MINT"
39100,CON-RES-2009-481,,(new),"WOULD MINT"
39101,CON-RES-2009-510,,(new),"WOULD MINT"
39102,CON-RES-2007-401,,(new),"WOULD MINT"
39103,CON-RES-2009-262,,(new),"WOULD MINT"
39104,CON-RES-2009-561,,(new),"WOULD MINT"
39105,CON-RES-2009-496,,(new),"WOULD MINT"
39106,CON-RES-2009-511,,(new),"WOULD MINT"
39107,CON-RES-2009-990,,(new),"WOULD MINT"
39108,CON-RES-2009-485,,(new),"WOULD MINT"
39109,CON-RES-2009-619,,(new),"WOULD MINT"
39110,CON-RES-2009-512,,(new),"WOULD MINT"
39111,CON-RES-2009-256,,(new),"WOULD MINT"
39112,CON-RES-2008-452,,(new),"WOULD MINT"
39113,CON-RES-2009-953,,(new),"WOULD MINT"
39114,CON-RES-2009-352,,(new),"WOULD MINT"
39115,CON-RES-2009-991,,(new),"WOULD MINT"
39116,CON-RES-2009-494,,(new),"WOULD MINT"
39117,CON-RES-2007-323,,(new),"WOULD MINT"
39118,CON-RES-2009-255,,(new),"WOULD MINT"
39119,CON-RES-2008-451,,(new),"WOULD MINT"
39120,CON-RES-2009-992,,(new),"WOULD MINT"
39121,CON-RES-2009-353,,(new),"WOULD MINT"
39122,CON-RES-2009-652,,(new),"WOULD MINT"
39123,CON-RES-2009-474,,(new),"WOULD MINT"
39124,CON-RES-2009-513,,(new),"WOULD MINT"
39125,CON-RES-2009-614,,(new),"WOULD MINT"
39126,CON-RES-2009-266,,(new),"WOULD MINT"
39127,CON-RES-2008-461,,(new),"WOULD MINT"
39128,CON-RES-2009-514,,(new),"WOULD MINT"
39129,CON-RES-2009-291,,(new),"WOULD MINT"
39130,CON-RES-2009-617,,(new),"WOULD MINT"
39131,CON-RES-2009-320,,(new),"WOULD MINT"
39132,CON-RES-2009-920,,(new),"WOULD MINT"
39133,CON-RES-2009-354,,(new),"WOULD MINT"
39134,CON-RES-2007-428,,(new),"WOULD MINT"
39135,CON-RES-2009-236,,(new),"WOULD MINT"
39136,CON-RES-2009-427,,(new),"WOULD MINT"
39137,CON-RES-2009-612,,(new),"WOULD MINT"
39138,CON-RES-2009-924,,(new),"WOULD MINT"
39139,CON-RES-2009-946,,(new),"WOULD MINT"
39140,CON-RES-2009-962,,(new),"WOULD MINT"
39141,CON-RES-2009-317,,(new),"WOULD MINT"
39142,CON-RES-2009-943,,(new),"WOULD MINT"
39143,CON-RES-2009-657,,(new),"WOULD MINT"
39144,CON-RES-2009-321,,(new),"WOULD MINT"
39145,CON-RES-2009-264,,(new),"WOULD MINT"
39146,CON-RES-2007-427,,(new),"WOULD MINT"
39147,CON-RES-2009-466,,(new),"WOULD MINT"
39148,CON-RES-2009-945,,(new),"WOULD MINT"
39149,CON-RES-2009-533,,(new),"WOULD MINT"
39150,CON-RES-2009-963,,(new),"WOULD MINT"
39151,CON-RES-2009-419,,(new),"WOULD MINT"
39152,CON-RES-2009-280,,(new),"WOULD MINT"
39153,CON-RES-2009-942,,(new),"WOULD MINT"
39154,CON-RES-2007-495,,(new),"WOULD MINT"
39155,CON-RES-2009-471,,(new),"WOULD MINT"
39156,CON-RES-2009-534,,(new),"WOULD MINT"
39157,CON-RES-2009-268,,(new),"WOULD MINT"
39158,CON-RES-2009-459,,(new),"WOULD MINT"
39159,CON-RES-2009-313,,(new),"WOULD MINT"
39160,CON-RES-2009-515,,(new),"WOULD MINT"
39161,CON-RES-2009-535,,(new),"WOULD MINT"
39162,CON-RES-2009-312,,(new),"WOULD MINT"
39163,CON-RES-2009-981,,(new),"WOULD MINT"
39164,CON-RES-2009-461,,(new),"WOULD MINT"
39165,CON-RES-2009-409,,(new),"WOULD MINT"
39166,CON-RES-2009-536,,(new),"WOULD MINT"
39167,CON-RES-2009-695,,(new),"WOULD MINT"
39168,CON-RES-2009-525,,(new),"WOULD MINT"
39169,CON-RES-2007-496,,(new),"WOULD MINT"
39170,CON-RES-2009-311,,(new),"WOULD MINT"
39171,CON-RES-2009-462,,(new),"WOULD MINT"
39172,CON-RES-2009-977,,(new),"WOULD MINT"
39173,CON-RES-2009-663,,(new),"WOULD MINT"
39174,CON-RES-2009-699,,(new),"WOULD MINT"
39175,CON-RES-2007-426,,(new),"WOULD MINT"
39176,CON-RES-2009-417,,(new),"WOULD MINT"
39177,CON-RES-2009-227,,(new),"WOULD MINT"
39178,CON-RES-2009-974,,(new),"WOULD MINT"
39179,CON-RES-2009-516,,(new),"WOULD MINT"
39180,CON-RES-2009-696,,(new),"WOULD MINT"
39181,CON-RES-2009-430,,(new),"WOULD MINT"
39182,CON-RES-2009-975,,(new),"WOULD MINT"
39183,CON-RES-2009-418,,(new),"WOULD MINT"
39184,CON-RES-2009-155,,(new),"WOULD MINT"
39185,CON-RES-2009-688,,(new),"WOULD MINT"
39186,CON-RES-2007-85,,(new),"WOULD MINT"
39187,CON-RES-2009-208,,(new),"WOULD MINT"
39188,CON-RES-2009-979,,(new),"WOULD MINT"
39189,CON-RES-2009-421,,(new),"WOULD MINT"
39190,CON-RES-2009-715,,(new),"WOULD MINT"
39191,CON-RES-2009-980,,(new),"WOULD MINT"
39192,CON-RES-2009-517,,(new),"WOULD MINT"
39193,CON-RES-2009-423,,(new),"WOULD MINT"
39194,CON-RES-2009-685,,(new),"WOULD MINT"
39195,CON-RES-2009-968,,(new),"WOULD MINT"
39196,CON-RES-2009-230,,(new),"WOULD MINT"
39197,CON-RES-2009-172,,(new),"WOULD MINT"
39198,CON-RES-2007-51,,(new),"WOULD MINT"
39199,CON-RES-2009-647,,(new),"WOULD MINT"
39200,CON-RES-2009-599,,(new),"WOULD MINT"
39201,CON-RES-2009-171,,(new),"WOULD MINT"
39202,CON-RES-2009-605,,(new),"WOULD MINT"
39203,CON-RES-2009-279,,(new),"WOULD MINT"
39204,CON-RES-2009-966,,(new),"WOULD MINT"
39205,CON-RES-2009-1001,,(new),"WOULD MINT"
39206,CON-RES-2009-575,,(new),"WOULD MINT"
39207,CON-RES-2009-168,,(new),"WOULD MINT"
39208,CON-RES-2009-965,,(new),"WOULD MINT"
39209,CON-RES-2007-223,,(new),"WOULD MINT"
39210,CON-RES-2009-176,,(new),"WOULD MINT"
39211,CON-RES-2009-252,,(new),"WOULD MINT"
39212,CON-RES-2009-576,,(new),"WOULD MINT"
39213,CON-RES-2009-518,,(new),"WOULD MINT"
39214,CON-RES-2009-479,,(new),"WOULD MINT"
39215,CON-RES-2009-170,,(new),"WOULD MINT"
39216,CON-RES-2009-978,,(new),"WOULD MINT"
39217,CON-RES-2009-1012,,(new),"WOULD MINT"
39218,CON-RES-2009-519,,(new),"WOULD MINT"
39219,CON-RES-2007-68,,(new),"WOULD MINT"
39220,CON-RES-2009-480,,(new),"WOULD MINT"
39221,CON-RES-2009-970,,(new),"WOULD MINT"
39222,CON-RES-2009-552,,(new),"WOULD MINT"
39223,CON-RES-2009-976,,(new),"WOULD MINT"
39224,CON-RES-2009-275,,(new),"WOULD MINT"
39225,CON-RES-2009-209,,(new),"WOULD MINT"
39226,CON-RES-2009-228,,(new),"WOULD MINT"
39227,CON-RES-2009-520,,(new),"WOULD MINT"
39228,CON-RES-2009-521,,(new),"WOULD MINT"
39229,CON-RES-2009-522,,(new),"WOULD MINT"
39230,CON-RES-2009-523,,(new),"WOULD MINT"
39231,CON-RES-2009-524,,(new),"WOULD MINT"
39232,CON-RES-2009-259,,(new),"WOULD MINT"
39233,CON-RES-2009-429,,(new),"WOULD MINT"
39234,CON-RES-2009-988,,(new),"WOULD MINT"
39235,CON-RES-2009-1010,,(new),"WOULD MINT"
39236,CON-RES-2009-935,,(new),"WOULD MINT"
39237,CON-RES-2009-196,,(new),"WOULD MINT"
39238,CON-RES-2009-197,,(new),"WOULD MINT"
39239,CON-RES-2009-954,,(new),"WOULD MINT"
39240,CON-RES-2009-955,,(new),"WOULD MINT"
39241,CON-RES-2009-580,,(new),"WOULD MINT"
39242,CON-RES-2009-1019,,(new),"WOULD MINT"
39243,CON-RES-2009-1033,,(new),"WOULD MINT"
39244,CON-RES-2009-1092,,(new),"WOULD MINT"
39245,CON-RES-2009-277,,(new),"WOULD MINT"
39246,CON-RES-2009-235,,(new),"WOULD MINT"
39247,CON-RES-2009-598,,(new),"WOULD MINT"
39248,CON-RES-2009-337,,(new),"WOULD MINT"
39249,CON-RES-2009-1045,,(new),"WOULD MINT"
39250,CON-RES-2009-586,,(new),"WOULD MINT"
39251,CON-RES-2009-579,,(new),"WOULD MINT"
39252,CON-RES-2009-254,,(new),"WOULD MINT"
39253,CON-RES-2009-1091,,(new),"WOULD MINT"
39254,CON-RES-2009-727,,(new),"WOULD MINT"
39255,CON-RES-2009-329,,(new),"WOULD MINT"
39256,CON-RES-2009-592,,(new),"WOULD MINT"
39257,CON-RES-2009-373,,(new),"WOULD MINT"
39258,CON-RES-2009-1081,,(new),"WOULD MINT"
39259,CON-RES-2009-739,,(new),"WOULD MINT"
39260,CON-RES-2009-371,,(new),"WOULD MINT"
39261,CON-RES-2009-147,,(new),"WOULD MINT"
39262,CON-RES-2009-372,,(new),"WOULD MINT"
39263,CON-RES-2009-583,,(new),"WOULD MINT"
39264,CON-RES-2007-420,,(new),"WOULD MINT"
39265,CON-RES-2009-1063,,(new),"WOULD MINT"
39266,CON-RES-2009-257,,(new),"WOULD MINT"
39267,CON-RES-2009-719,,(new),"WOULD MINT"
39268,CON-RES-2009-260,,(new),"WOULD MINT"
39269,CON-RES-2009-1090,,(new),"WOULD MINT"
39270,CON-RES-2009-424,,(new),"WOULD MINT"
39271,CON-RES-2009-1060,,(new),"WOULD MINT"
39272,CON-RES-2009-717,,(new),"WOULD MINT"
39273,CON-RES-2009-594,,(new),"WOULD MINT"
39274,CON-RES-2009-1087,,(new),"WOULD MINT"
39275,CON-RES-2009-1070,,(new),"WOULD MINT"
39276,CON-RES-2009-478,,(new),"WOULD MINT"
39277,CON-RES-2007-135,,(new),"WOULD MINT"
39278,CON-RES-2009-899,,(new),"WOULD MINT"
39279,CON-RES-2009-210,,(new),"WOULD MINT"
39280,CON-RES-2009-903,,(new),"WOULD MINT"
39281,CON-RES-2009-729,,(new),"WOULD MINT"
39282,CON-RES-2009-1084,,(new),"WOULD MINT"
39283,CON-RES-2009-908,,(new),"WOULD MINT"
39284,CON-RES-2009-728,,(new),"WOULD MINT"
39285,CON-RES-2009-718,,(new),"WOULD MINT"
39286,CON-RES-2009-503,,(new),"WOULD MINT"
39287,CON-RES-2009-502,,(new),"WOULD MINT"
39288,CON-RES-2009-40,,(new),"WOULD MINT"
39289,CON-RES-2009-562,,(new),"WOULD MINT"
39290,CON-RES-2009-501,,(new),"WOULD MINT"
39291,CON-RES-2009-39,,(new),"WOULD MINT"
39292,CON-RES-2009-931,,(new),"WOULD MINT"
39293,CON-RES-2009-113,,(new),"WOULD MINT"
39294,CON-RES-2008-496,,(new),"WOULD MINT"
39295,CON-RES-2009-542,,(new),"WOULD MINT"
39296,CON-RES-2009-109,,(new),"WOULD MINT"
39297,CON-RES-2009-692,,(new),"WOULD MINT"
39298,CON-RES-2009-19,,(new),"WOULD MINT"
39299,CON-RES-2009-110,,(new),"WOULD MINT"
39300,CON-RES-2008-454,,(new),"WOULD MINT"
39301,CON-RES-2009-528,,(new),"WOULD MINT"
39302,CON-RES-2009-137,,(new),"WOULD MINT"
39303,CON-RES-2009-527,,(new),"WOULD MINT"
39304,CON-RES-2009-33,,(new),"WOULD MINT"
39305,CON-RES-2009-526,,(new),"WOULD MINT"
39306,CON-RES-2009-125,,(new),"WOULD MINT"
39307,CON-RES-2008-453,,(new),"WOULD MINT"
39308,CON-RES-2009-684,,(new),"WOULD MINT"
39309,CON-RES-2009-124,,(new),"WOULD MINT"
39310,CON-RES-2009-504,,(new),"WOULD MINT"
39311,CON-RES-2009-897,,(new),"WOULD MINT"
39312,CON-RES-2008-468,,(new),"WOULD MINT"
39313,CON-RES-2009-12,,(new),"WOULD MINT"
39314,CON-RES-2009-590,,(new),"WOULD MINT"
39315,CON-RES-2008-465,,(new),"WOULD MINT"
39316,CON-RES-2009-361,,(new),"WOULD MINT"
39317,CON-RES-2008-466,,(new),"WOULD MINT"
39318,CON-RES-2008-13,,(new),"WOULD MINT"
39319,CON-RES-2009-591,,(new),"WOULD MINT"
39320,CON-RES-2009-436,,(new),"WOULD MINT"
39321,CON-RES-2009-530,,(new),"WOULD MINT"
39322,CON-RES-2009-691,,(new),"WOULD MINT"
39323,CON-RES-2009-529,,(new),"WOULD MINT"
39324,CON-RES-2008-486,,(new),"WOULD MINT"
39325,CON-RES-2009-107,,(new),"WOULD MINT"
39326,CON-RES-2009-584,,(new),"WOULD MINT"
39327,CON-RES-2009-660,,(new),"WOULD MINT"
39328,CON-RES-2009-182,,(new),"WOULD MINT"
39329,CON-RES-2009-123,,(new),"WOULD MINT"
39330,CON-RES-2009-412,,(new),"WOULD MINT"
39331,"CON-AG-1982-456 & 457",,(new),"WOULD MINT"
39332,CON-RES-2009-384,,(new),"WOULD MINT"
39333,CON-RES-2009-8,,(new),"WOULD MINT"
39334,CON-RES-2009-581,,(new),"WOULD MINT"
39335,CON-RES-2010-302,,(new),"WOULD MINT"
39336,CON-RES-2009-1068,,(new),"WOULD MINT"
39337,CON-RES-2009-381,,(new),"WOULD MINT"
39338,CON-RES-2009-902,,(new),"WOULD MINT"
39339,CON-RES-2009-938,,(new),"WOULD MINT"
39340,CON-RES-2009-582,,(new),"WOULD MINT"
39341,CON-RES-2010-626,,(new),"WOULD MINT"
39342,CON-RES-2010-669,,(new),"WOULD MINT"
39343,CON-RES-2009-1066,,(new),"WOULD MINT"
39344,CON-RES-2009-415,,(new),"WOULD MINT"
39345,CON-RES-2009-195,,(new),"WOULD MINT"
39346,CON-RES-2010-372,,(new),"WOULD MINT"
39347,CON-RES-2009-426,,(new),"WOULD MINT"
39348,CON-RES-2009-547,,(new),"WOULD MINT"
39349,CON-RES-2009-234,,(new),"WOULD MINT"
39350,CON-RES-2010-667,,(new),"WOULD MINT"
39351,CON-RES-2009-305,,(new),"WOULD MINT"
39352,CON-RES-2009-425,,(new),"WOULD MINT"
39353,CON-RES-2010-668,,(new),"WOULD MINT"
39354,CON-RES-2010-1019,,(new),"WOULD MINT"
39355,CON-AG-1982-351,,(new),"WOULD MINT"
39356,CON-RES-2009-548,,(new),"WOULD MINT"
39357,CON-RES-2009-915,,(new),"WOULD MINT"
39358,CON-RES-2009-422,,(new),"WOULD MINT"
39359,CON-RES-2010-485,,(new),"WOULD MINT"
39360,CON-RES-2009-603,,(new),"WOULD MINT"
39361,CON-RES-2009-985,,(new),"WOULD MINT"
39362,CON-RES-2009-983,,(new),"WOULD MINT"
39363,CON-RES-2009-414,,(new),"WOULD MINT"
39364,CON-RES-2010-486,,(new),"WOULD MINT"
39365,CON-RES-2009-676,,(new),"WOULD MINT"
39366,CON-RES-2010-160,,(new),"WOULD MINT"
39367,CON-RES-2009-410,,(new),"WOULD MINT"
39368,CON-RES-2009-672,,(new),"WOULD MINT"
39369,CON-RES-2010-487,,(new),"WOULD MINT"
39370,CON-RES-2009-587,,(new),"WOULD MINT"
39371,CON-RES-2009-538,,(new),"WOULD MINT"
39372,CON-RES-2010-489,,(new),"WOULD MINT"
39373,CON-RES-2009-128,,(new),"WOULD MINT"
39374,CON-RES-2010-158,,(new),"WOULD MINT"
39375,CON-RES-2009-604,,(new),"WOULD MINT"
39376,CON-RES-2009-454,,(new),"WOULD MINT"
39377,CON-RES-2009-119,,(new),"WOULD MINT"
39378,CON-RES-2009-540,,(new),"WOULD MINT"
39379,CON-RES-2010-492,,(new),"WOULD MINT"
39380,CON-RES-2009-1094,,(new),"WOULD MINT"
39381,CON-RES-2009-1064,,(new),"WOULD MINT"
39382,CON-RES-2009-380,,(new),"WOULD MINT"
39383,CON-RES-2010-481,,(new),"WOULD MINT"
39384,CON-RES-2009-156,,(new),"WOULD MINT"
39385,CON-RES-2009-532,,(new),"WOULD MINT"
39386,CON-RES-2010-840,,(new),"WOULD MINT"
39387,CON-RES-2010-785,,(new),"WOULD MINT"
39388,CON-RES-2010-491,,(new),"WOULD MINT"
39389,CON-RES-2010-156,,(new),"WOULD MINT"
39390,CON-RES-2009-399,,(new),"WOULD MINT"
39391,CON-RES-2010-784,,(new),"WOULD MINT"
39392,CON-RES-2010-497,,(new),"WOULD MINT"
39393,CON-RES-2009-388,,(new),"WOULD MINT"
39394,CON-RES-2010-786,,(new),"WOULD MINT"
39395,CON-RES-2010-479,,(new),"WOULD MINT"
39396,CON-RES-2010-152,,(new),"WOULD MINT"
39397,CON-RES-2010-787,,(new),"WOULD MINT"
39398,CON-RES-2009-554,,(new),"WOULD MINT"
39399,CON-RES-2009-555,,(new),"WOULD MINT"
39400,CON-RES-2009-140,,(new),"WOULD MINT"
39401,CON-RES-2010-791,,(new),"WOULD MINT"
39402,CON-RES-2010-480,,(new),"WOULD MINT"
39403,CON-RES-2009-341,,(new),"WOULD MINT"
39404,CON-RES-2009-732,,(new),"WOULD MINT"
39405,CON-RES-2010-751,,(new),"WOULD MINT"
39406,CON-RES-2010-316,,(new),"WOULD MINT"
39407,CON-RES-2009-1093,,(new),"WOULD MINT"
39408,CON-RES-2009-390,,(new),"WOULD MINT"
39409,CON-RES-2010-483,,(new),"WOULD MINT"
39410,CON-RES-2010-750,,(new),"WOULD MINT"
39411,CON-RES-2009-1096,,(new),"WOULD MINT"
39412,CON-RES-2009-131,,(new),"WOULD MINT"
39413,CON-RES-2009-531,,(new),"WOULD MINT"
39414,CON-RES-2010-752,,(new),"WOULD MINT"
39415,CON-RES-2010-484,,(new),"WOULD MINT"
39416,CON-RES-2009-344,,(new),"WOULD MINT"
39417,CON-RES-2009-159,,(new),"WOULD MINT"
39418,CON-RES-2010-277,,(new),"WOULD MINT"
39419,CON-RES-2009-112,,(new),"WOULD MINT"
39420,CON-RES-2010-461,,(new),"WOULD MINT"
39421,CON-RES-2010-766,,(new),"WOULD MINT"
39422,CON-RES-2009-342,,(new),"WOULD MINT"
39423,CON-RES-2009-336,,(new),"WOULD MINT"
39424,CON-RES-2009-130,,(new),"WOULD MINT"
39425,CON-RES-2009-448,,(new),"WOULD MINT"
39426,CON-RES-2009-104,,(new),"WOULD MINT"
39427,CON-RES-2009-326,,(new),"WOULD MINT"
39428,CON-RES-2009-391,,(new),"WOULD MINT"
39429,"CON-RES-2010- 282",,(new),"WOULD MINT"
39430,CON-RES-2009-132,,(new),"WOULD MINT"
39431,CON-RES-2010-463,,(new),"WOULD MINT"
39432,CON-RES-2009-295,,(new),"WOULD MINT"
39433,CON-RES-2010-1125,,(new),"WOULD MINT"
39434,CON-RES-2009-325,,(new),"WOULD MINT"
39435,CON-RES-2010-458,,(new),"WOULD MINT"
39436,CON-RES-2009-309,,(new),"WOULD MINT"
39437,CON-RES-2010-283,,(new),"WOULD MINT"
39438,CON-RES-2009-85,,(new),"WOULD MINT"
39439,CON-RES-2009-339,,(new),"WOULD MINT"
39440,CON-RES-2010-1106,,(new),"WOULD MINT"
39441,CON-RES-2010-1090,,(new),"WOULD MINT"
39442,CON-RES-2009-180,,(new),"WOULD MINT"
39443,CON-RES-2009-327,,(new),"WOULD MINT"
39444,CON-RES-2009-258,,(new),"WOULD MINT"
39445,CON-RES-2009-497,,(new),"WOULD MINT"
39446,CON-RES-2010-1013,,(new),"WOULD MINT"
39447,CON-RES-2010-543,,(new),"WOULD MINT"
39448,CON-RES-2010-676,,(new),"WOULD MINT"
39449,CON-RES-2009-189,,(new),"WOULD MINT"
39450,CON-RES-2009-393,,(new),"WOULD MINT"
39451,CON-RES-2010-1071,,(new),"WOULD MINT"
39452,CON-RES-2009-499,,(new),"WOULD MINT"
39453,CON-RES-2010-970,,(new),"WOULD MINT"
39454,CON-RES-2010-235,,(new),"WOULD MINT"
39455,CON-RES-2009-102,,(new),"WOULD MINT"
39456,CON-RES-2009-993,,(new),"WOULD MINT"
39457,CON-RES-2009-348,,(new),"WOULD MINT"
39458,CON-RES-2010-1042,,(new),"WOULD MINT"
39459,CON-RES-2010-967,,(new),"WOULD MINT"
39460,CON-RES-2009-376,,(new),"WOULD MINT"
39461,CON-RES-2009-138,,(new),"WOULD MINT"
39462,CON-RES-2009-328,,(new),"WOULD MINT"
39463,CON-RES-2010-839,,(new),"WOULD MINT"
39464,CON-RES-2009-120,,(new),"WOULD MINT"
39465,CON-RES-2009-383,,(new),"WOULD MINT"
39466,CON-RES-2010-178,,(new),"WOULD MINT"
39467,CON-RES-2010-710,,(new),"WOULD MINT"
39468,CON-RES-2010-1145,,(new),"WOULD MINT"
39469,CON-RES-2009-368,,(new),"WOULD MINT"
39470,CON-RES-2010-670,,(new),"WOULD MINT"
39471,CON-RES-2009-122,,(new),"WOULD MINT"
39472,CON-RES-2010-841,,(new),"WOULD MINT"
39473,CON-RES-2010-692,,(new),"WOULD MINT"
39474,CON-RES-2010-713,,(new),"WOULD MINT"
39475,CON-RES-2010-1066,,(new),"WOULD MINT"
39476,CON-RES-2010-694,,(new),"WOULD MINT"
39477,CON-RES-2010-231,,(new),"WOULD MINT"
39478,CON-RES-2010-29,,(new),"WOULD MINT"
39479,CON-RES-2009-370,,(new),"WOULD MINT"
39480,CON-RES-2010-351,,(new),"WOULD MINT"
39481,CON-RES-1987-689,,(new),"WOULD MINT"
39482,CON-RES-2010-296,,(new),"WOULD MINT"
39483,CON-RES-2010-1146,,(new),"WOULD MINT"
39484,CON-RES-2010-711,,(new),"WOULD MINT"
39485,CON-RES-2006-203,,(new),"WOULD MINT"
39486,CON-RES-2010-298,,(new),"WOULD MINT"
39488,CON-RES-2010-987,,(new),"WOULD MINT"
39489,CON-RES-2006-248,,(new),"WOULD MINT"
39490,CON-RES-2009-947,,(new),"WOULD MINT"
39491,CON-RES-2009-366,,(new),"WOULD MINT"
39492,CON-RES-2010-1147,,(new),"WOULD MINT"
39493,CON-RES-2010-634,,(new),"WOULD MINT"
39494,CON-RES-2006-214,,(new),"WOULD MINT"
39495,CON-RES-2009-1069,,(new),"WOULD MINT"
39496,CON-RES-2010-705,,(new),"WOULD MINT"
39497,CON-RES-2010-1148,,(new),"WOULD MINT"
39498,CON-RES-2010-635,,(new),"WOULD MINT"
39499,CON-RES-2009-369,,(new),"WOULD MINT"
39500,CON-RES-2010-1149,,(new),"WOULD MINT"
39501,CON-RES-2010-1070,,(new),"WOULD MINT"
39502,CON-RES-2010-985,,(new),"WOULD MINT"
39503,CON-RES-2010-725,,(new),"WOULD MINT"
39504,CON-RES-2009-338,,(new),"WOULD MINT"
39505,CON-RES-2010-33,,(new),"WOULD MINT"
39506,CON-RES-2010-1096,,(new),"WOULD MINT"
39507,CON-RES-2010-1046,,(new),"WOULD MINT"
39508,CON-RES-2009-359,,(new),"WOULD MINT"
39509,CON-RES-2009-455,,(new),"WOULD MINT"
39510,CON-RES-2010-36,,(new),"WOULD MINT"
39511,CON-RES-2010-32,,(new),"WOULD MINT"
39512,CON-RES-2009-358,,(new),"WOULD MINT"
39513,CON-RES-2009-144,,(new),"WOULD MINT"
39514,CON-RES-2009-367,,(new),"WOULD MINT"
39515,CON-RES-2009-152,,(new),"WOULD MINT"
39516,CON-RES-2010-309,,(new),"WOULD MINT"
39517,CON-RES-2009-346,,(new),"WOULD MINT"
39518,CON-RES-2010-1095,,(new),"WOULD MINT"
39519,CON-RES-2009-151,,(new),"WOULD MINT"
39520,CON-RES-2009-345,,(new),"WOULD MINT"
39521,CON-RES-2010-682,,(new),"WOULD MINT"
39522,CON-RES-2010-23,,(new),"WOULD MINT"
39523,CON-RES-2010-70,,(new),"WOULD MINT"
39524,CON-RES-2010-881,,(new),"WOULD MINT"
39525,CON-RES-2009-602,,(new),"WOULD MINT"
39526,CON-RES-2010-27,,(new),"WOULD MINT"
39527,CON-RES-2009-364,,(new),"WOULD MINT"
39528,CON-RES-2010-681,,(new),"WOULD MINT"
39529,CON-RES-2010-15,,(new),"WOULD MINT"
39530,CON-RES-2010-64,,(new),"WOULD MINT"
39531,CON-RES-2009-365,,(new),"WOULD MINT"
39532,CON-RES-2009-363,,(new),"WOULD MINT"
39533,CON-RES-2010-79,,(new),"WOULD MINT"
39534,CON-RES-2010-1093,,(new),"WOULD MINT"
39535,CON-RES-2010-63,,(new),"WOULD MINT"
39536,CON-RES-2010-547,,(new),"WOULD MINT"
39537,CON-RES-2009-362,,(new),"WOULD MINT"
39538,CON-RES-2010-882,,(new),"WOULD MINT"
39539,CON-RES-2010-24,,(new),"WOULD MINT"
39540,CON-RES-2010-62,,(new),"WOULD MINT"
39541,CON-RES-2009-406,,(new),"WOULD MINT"
39542,CON-RES-2010-1092,,(new),"WOULD MINT"
39543,CON-RES-2010-1045,,(new),"WOULD MINT"
39544,CON-RES-2010-60,,(new),"WOULD MINT"
39545,CON-RES-2010-883,,(new),"WOULD MINT"
39546,CON-RES-2009-394,,(new),"WOULD MINT"
39547,CON-RES-2010-1091,,(new),"WOULD MINT"
39548,CON-RES-2010-798,,(new),"WOULD MINT"
39549,CON-RES-2010-753,,(new),"WOULD MINT"
39550,CON-RES-2009-395,,(new),"WOULD MINT"
39551,CON-RES-2010-723,,(new),"WOULD MINT"
39552,CON-RES-2009-796,,(new),"WOULD MINT"
39553,CON-RES-2010-795,,(new),"WOULD MINT"
39554,CON-RES-2010-54,,(new),"WOULD MINT"
39555,CON-RES-2010-797,,(new),"WOULD MINT"
39556,CON-RES-2010-1050,,(new),"WOULD MINT"
39557,CON-RES-2010-799,,(new),"WOULD MINT"
39558,CON-RES-2010-758,,(new),"WOULD MINT"
39559,CON-RES-2010-1033,,(new),"WOULD MINT"
39560,CON-RES-2009-401,,(new),"WOULD MINT"
39561,CON-RES-2010-82,,(new),"WOULD MINT"
39562,CON-RES-2010-800,,(new),"WOULD MINT"
39563,CON-RES-2010-604,,(new),"WOULD MINT"
39564,CON-RES-2010-759,,(new),"WOULD MINT"
39565,CON-RES-2010-793,,(new),"WOULD MINT"
39566,CON-RES-2010-1041,,(new),"WOULD MINT"
39567,CON-RES-2010-794,,(new),"WOULD MINT"
39568,CON-RES-2010-880,,(new),"WOULD MINT"
39569,CON-RES-2010-1054,,(new),"WOULD MINT"
39570,CON-RES-2010-762,,(new),"WOULD MINT"
39571,CON-RES-2010-760,,(new),"WOULD MINT"
39572,CON-RES-2010-97,,(new),"WOULD MINT"
39573,CON-RES-2010-761,,(new),"WOULD MINT"
39574,CON-RES-2010-767,,(new),"WOULD MINT"
39575,CON-RES-2010-724,,(new),"WOULD MINT"
39576,CON-RES-2010-493,,(new),"WOULD MINT"
39577,CON-RES-2009-41,,(new),"WOULD MINT"
39578,CON-RES-2010-781,,(new),"WOULD MINT"
39579,CON-RES-2009-473,,(new),"WOULD MINT"
39580,CON-RES-2010-85,,(new),"WOULD MINT"
39581,CON-RES-2010-820,,(new),"WOULD MINT"
39582,CON-RES-2010-1015,,(new),"WOULD MINT"
39583,CON-RES-2010-776,,(new),"WOULD MINT"
39584,CON-RES-2010-51,,(new),"WOULD MINT"
39585,CON-RES-2010-775,,(new),"WOULD MINT"
39586,CON-RES-2010-777,,(new),"WOULD MINT"
39587,CON-RES-2010-425,,(new),"WOULD MINT"
39588,CON-RES-2010-100,,(new),"WOULD MINT"
39589,CON-RES-2010-778,,(new),"WOULD MINT"
39590,CON-RES-2010-780,,(new),"WOULD MINT"
39591,CON-RES-2010-769,,(new),"WOULD MINT"
39592,CON-RES-2010-754,,(new),"WOULD MINT"
39593,CON-RES-2010-41,,(new),"WOULD MINT"
39594,CON-RES-2010-495,,(new),"WOULD MINT"
39595,CON-RES-2010-770,,(new),"WOULD MINT"
39596,CON-RES-2010-765,,(new),"WOULD MINT"
39597,CON-RES-2010-606,,(new),"WOULD MINT"
39598,CON-RES-2010-443,,(new),"WOULD MINT"
39599,CON-RES-2010-764,,(new),"WOULD MINT"
39600,CON-RES-2010-763,,(new),"WOULD MINT"
39601,CON-RES-2010-448,,(new),"WOULD MINT"
39602,CON-RES-2010-607,,(new),"WOULD MINT"
39603,CON-RES-2010-773,,(new),"WOULD MINT"
39604,CON-RES-2010-608,,(new),"WOULD MINT"
39605,CON-RES-2010-420,,(new),"WOULD MINT"
39606,CON-RES-2010-1017,,(new),"WOULD MINT"
39607,CON-RES-2010-953,,(new),"WOULD MINT"
39608,CON-RES-2010-148,,(new),"WOULD MINT"
39609,CON-RES-2009-693,,(new),"WOULD MINT"
39610,CON-RES-2010-952,,(new),"WOULD MINT"
39611,CON-RES-2010-141,,(new),"WOULD MINT"
39612,CON-RES-2010-610,,(new),"WOULD MINT"
39613,CON-RES-2010-919,,(new),"WOULD MINT"
39614,CON-RES-2010-140,,(new),"WOULD MINT"
39615,CON-RES-2010-144,,(new),"WOULD MINT"
39616,CON-RES-2010-611,,(new),"WOULD MINT"
39617,CON-RES-2010-963,,(new),"WOULD MINT"
39618,CON-RES-2010-124,,(new),"WOULD MINT"
39619,CON-RES-2010-923,,(new),"WOULD MINT"
39620,CON-RES-2010-142,,(new),"WOULD MINT"
39621,CON-RES-2010-615,,(new),"WOULD MINT"
39622,CON-RES-2010-628,,(new),"WOULD MINT"
39623,CON-RES-2010-700,,(new),"WOULD MINT"
39624,CON-RES-2010-699,,(new),"WOULD MINT"
39625,CON-RES-2007-23,,(new),"WOULD MINT"
39626,CON-RES-2010-979,,(new),"WOULD MINT"
39627,CON-RES-2010-695,,(new),"WOULD MINT"
39628,CON-RES-2010-1016,,(new),"WOULD MINT"
39629,CON-RES-2010-605,,(new),"WOULD MINT"
39630,CON-RES-2010-69,,(new),"WOULD MINT"
39631,CON-RES-2010-86,,(new),"WOULD MINT"
39632,CON-RES-2010-977,,(new),"WOULD MINT"
39633,CON-RES-2010-179,,(new),"WOULD MINT"
39634,CON-RES-2010-602,,(new),"WOULD MINT"
39635,CON-RES-2010-680,,(new),"WOULD MINT"
39636,CON-RES-2010-603,,(new),"WOULD MINT"
39637,CON-RES-2010-1039,,(new),"WOULD MINT"
39638,CON-RES-2010-318,,(new),"WOULD MINT"
39639,CON-RES-2010-683,,(new),"WOULD MINT"
39640,CON-RES-2010-976,,(new),"WOULD MINT"
39641,CON-RES-2010-44,,(new),"WOULD MINT"
39642,CON-RES-2010-311,,(new),"WOULD MINT"
39643,CON-RES-2010-1037,,(new),"WOULD MINT"
39644,CON-RES-2010-215,,(new),"WOULD MINT"
39645,CON-RES-2010-45,,(new),"WOULD MINT"
39646,CON-RES-2010-964,,(new),"WOULD MINT"
39647,CON-RES-2007-208,,(new),"WOULD MINT"
39648,CON-RES-2010-256,,(new),"WOULD MINT"
39649,CON-RES-2010-679,,(new),"WOULD MINT"
39650,CON-RES-2010-46,,(new),"WOULD MINT"
39651,CON-RES-2010-935,,(new),"WOULD MINT"
39652,CON-RES-2010-255,,(new),"WOULD MINT"
39653,CON-RES-2010-973,,(new),"WOULD MINT"
39654,CON-RES-2010-838,,(new),"WOULD MINT"
39655,CON-RES-2010-943,,(new),"WOULD MINT"
39656,CON-RES-2010-35,,(new),"WOULD MINT"
39657,CON-RES-2010-926,,(new),"WOULD MINT"
39658,CON-RES-2010-837,,(new),"WOULD MINT"
39659,CON-RES-2010-999,,(new),"WOULD MINT"
39660,CON-RES-2010-118,,(new),"WOULD MINT"
39661,CON-RES-2010-537,,(new),"WOULD MINT"
39662,CON-RES-2010-944,,(new),"WOULD MINT"
39663,CON-RES-2010-834,,(new),"WOULD MINT"
39664,CON-RES-2010-972,,(new),"WOULD MINT"
39665,CON-RES-2010-931,,(new),"WOULD MINT"
39666,CON-RES-2010-449,,(new),"WOULD MINT"
39667,CON-RES-2010-998,,(new),"WOULD MINT"
39668,CON-RES-2010-726,,(new),"WOULD MINT"
39669,CON-RES-2010-945,,(new),"WOULD MINT"
39670,CON-RES-2010-974,,(new),"WOULD MINT"
39671,CON-RES-2010-1036,,(new),"WOULD MINT"
39672,CON-RES-2010-946,,(new),"WOULD MINT"
39673,CON-RES-2010-523,,(new),"WOULD MINT"
39674,CON-RES-2010-835,,(new),"WOULD MINT"
39675,CON-RES-2010-1032,,(new),"WOULD MINT"
39676,CON-RES-2010-927,,(new),"WOULD MINT"
39677,CON-RES-2010-99,,(new),"WOULD MINT"
39678,CON-RES-2010-997,,(new),"WOULD MINT"
39679,CON-RES-2010-696,,(new),"WOULD MINT"
39680,CON-RES-2010-836,,(new),"WOULD MINT"
39681,CON-RES-2010-965,,(new),"WOULD MINT"
39682,CON-RES-2010-328,,(new),"WOULD MINT"
39683,CON-RES-2010-49,,(new),"WOULD MINT"
39684,CON-RES-2010-522,,(new),"WOULD MINT"
39685,CON-RES-2010-698,,(new),"WOULD MINT"
39686,CON-RES-2010-509,,(new),"WOULD MINT"
39687,CON-RES-2010-980,,(new),"WOULD MINT"
39688,CON-RES-2010-22,,(new),"WOULD MINT"
39689,CON-RES-2010-601,,(new),"WOULD MINT"
39690,CON-RES-2010-12,,(new),"WOULD MINT"
39691,CON-RES-2010-966,,(new),"WOULD MINT"
39692,CON-RES-2010-529,,(new),"WOULD MINT"
39693,CON-RES-2010-530,,(new),"WOULD MINT"
39694,CON-RES-2010-83,,(new),"WOULD MINT"
39695,CON-RES-2010-551,,(new),"WOULD MINT"
39696,CON-RES-2010-996,,(new),"WOULD MINT"
39697,CON-RES-2010-496,,(new),"WOULD MINT"
39698,CON-RES-2010-528,,(new),"WOULD MINT"
39699,CON-RES-2010-17,,(new),"WOULD MINT"
39700,CON-RES-2010-47,,(new),"WOULD MINT"
39701,CON-RES-2010-527,,(new),"WOULD MINT"
39702,CON-RES-2010-876,,(new),"WOULD MINT"
39703,CON-RES-2010-993,,(new),"WOULD MINT"
39704,CON-RES-2010-454,,(new),"WOULD MINT"
39705,CON-RES-2010-526,,(new),"WOULD MINT"
39706,CON-RES-2010-31,,(new),"WOULD MINT"
39707,CON-RES-2010-556,,(new),"WOULD MINT"
39708,CON-RES-2010-992,,(new),"WOULD MINT"
39709,CON-RES-2010-525,,(new),"WOULD MINT"
39710,CON-RES-2010-524,,(new),"WOULD MINT"
39711,CON-RES-2010-30,,(new),"WOULD MINT"
39712,CON-RES-2010-455,,(new),"WOULD MINT"
39713,CON-RES-2010-1000,,(new),"WOULD MINT"
39714,CON-RES-2010-850,,(new),"WOULD MINT"
39715,CON-RES-2010-331,,(new),"WOULD MINT"
39716,CON-RES-2010-340,,(new),"WOULD MINT"
39717,CON-RES-2010-147,,(new),"WOULD MINT"
39718,CON-RES-2010-557,,(new),"WOULD MINT"
39719,CON-RES-2010-975,,(new),"WOULD MINT"
39720,CON-RES-2010-697,,(new),"WOULD MINT"
39721,CON-RES-2010-722,,(new),"WOULD MINT"
39722,CON-RES-2010-409,,(new),"WOULD MINT"
39723,CON-RES-2010-341,,(new),"WOULD MINT"
39724,CON-RES-2010-464,,(new),"WOULD MINT"
39725,CON-RES-2010-327,,(new),"WOULD MINT"
39726,CON-RES-2010-721,,(new),"WOULD MINT"
39727,CON-RES-2010-324,,(new),"WOULD MINT"
39728,CON-RES-2010-227,,(new),"WOULD MINT"
39729,CON-RES-2010-500,,(new),"WOULD MINT"
39730,CON-RES-2010-339,,(new),"WOULD MINT"
39731,CON-RES-2010-338,,(new),"WOULD MINT"
39732,CON-RES-2010-910,,(new),"WOULD MINT"
39733,CON-RES-2010-53,,(new),"WOULD MINT"
39734,CON-RES-2010-719,,(new),"WOULD MINT"
39735,CON-RES-2010-48,,(new),"WOULD MINT"
39736,CON-RES-2010-355,,(new),"WOULD MINT"
39737,CON-RES-2010-559,,(new),"WOULD MINT"
39738,CON-RES-2010-533,,(new),"WOULD MINT"
39739,CON-RES-2010-906,,(new),"WOULD MINT"
39740,CON-RES-2010-718,,(new),"WOULD MINT"
39741,CON-RES-2010-408,,(new),"WOULD MINT"
39742,CON-RES-2010-532,,(new),"WOULD MINT"
39743,CON-RES-2007-268,,(new),"WOULD MINT"
39744,CON-RES-2010-507,,(new),"WOULD MINT"
39745,CON-RES-2010-286,,(new),"WOULD MINT"
39746,CON-RES-2010-716,,(new),"WOULD MINT"
39747,CON-RES-2010-445,,(new),"WOULD MINT"
39748,CON-RES-2007-281,,(new),"WOULD MINT"
39749,CON-RES-2010-407,,(new),"WOULD MINT"
39750,CON-RES-2010-715,,(new),"WOULD MINT"
39751,CON-RES-2010-501,,(new),"WOULD MINT"
39752,CON-RES-2010-411,,(new),"WOULD MINT"
39753,CON-RES-2007-265,,(new),"WOULD MINT"
39754,CON-RES-2010-504,,(new),"WOULD MINT"
39755,CON-RES-2007-264,,(new),"WOULD MINT"
39756,CON-RES-2010-560,,(new),"WOULD MINT"
39757,CON-RES-2010-441,,(new),"WOULD MINT"
39758,CON-RES-2007-266,,(new),"WOULD MINT"
39759,CON-RES-2010-502,,(new),"WOULD MINT"
39760,CON-RES-2010-707,,(new),"WOULD MINT"
39761,CON-RES-2010-617,,(new),"WOULD MINT"
39762,CON-RES-2007-260,,(new),"WOULD MINT"
39763,CON-RES-2010-410,,(new),"WOULD MINT"
39764,CON-RES-2010-506,,(new),"WOULD MINT"
39765,CON-RES-2010-11,,(new),"WOULD MINT"
39766,CON-RES-2007-263,,(new),"WOULD MINT"
39767,CON-RES-2010-957,,(new),"WOULD MINT"
39768,CON-RES-2007-262,,(new),"WOULD MINT"
39769,CON-RES-2010-616,,(new),"WOULD MINT"
39770,CON-RES-2010-442,,(new),"WOULD MINT"
39771,CON-RES-2010-505,,(new),"WOULD MINT"
39772,CON-RES-2010-395,,(new),"WOULD MINT"
39773,CON-RES-2010-212,,(new),"WOULD MINT"
39774,CON-RES-2007-259,,(new),"WOULD MINT"
39775,CON-RES-2010-531,,(new),"WOULD MINT"
39776,CON-RES-2010-577,,(new),"WOULD MINT"
39777,CON-RES-2010-639,,(new),"WOULD MINT"
39778,CON-RES-2007-261,,(new),"WOULD MINT"
39779,CON-RES-2010-404,,(new),"WOULD MINT"
39780,CON-RES-2010-429,,(new),"WOULD MINT"
39781,CON-RES-2010-636,,(new),"WOULD MINT"
39782,CON-RES-2010-436,,(new),"WOULD MINT"
39783,CON-RES-2010-960,,(new),"WOULD MINT"
39784,CON-RES-2010-640,,(new),"WOULD MINT"
39785,CON-RES-2010-396,,(new),"WOULD MINT"
39786,CON-RES-2010-578,,(new),"WOULD MINT"
39787,CON-RES-2010-114,,(new),"WOULD MINT"
39788,CON-RES-2010-2,,(new),"WOULD MINT"
39789,CON-RES-2010-437,,(new),"WOULD MINT"
39791,CON-RES-2010-587,,(new),"WOULD MINT"
39792,CON-RES-2010-877,,(new),"WOULD MINT"
39793,CON-RES-2010-439,,(new),"WOULD MINT"
39794,CON-RES-2010-126,,(new),"WOULD MINT"
39795,CON-RES-2010-597,,(new),"WOULD MINT"
39796,CON-RES-2010-588,,(new),"WOULD MINT"
39797,CON-RES-2010-122,,(new),"WOULD MINT"
39798,CON-RES-2010-598,,(new),"WOULD MINT"
39799,CON-RES-2010-438,,(new),"WOULD MINT"
39800,CON-RES-2010-589,,(new),"WOULD MINT"
39801,CON-RES-2010-879,,(new),"WOULD MINT"
39802,CON-RES-2010-599,,(new),"WOULD MINT"
39804,CON-RES-2010-125,,(new),"WOULD MINT"
39805,CON-RES-2010-428,,(new),"WOULD MINT"
39806,CON-RES-2010-561,,(new),"WOULD MINT"
39807,CON-RES-2010-586,,(new),"WOULD MINT"
39808,CON-RES-2010-704,,(new),"WOULD MINT"
39809,CON-RES-2010-580,,(new),"WOULD MINT"
39810,CON-RES-2010-579,,(new),"WOULD MINT"
39811,CON-RES-2010-563,,(new),"WOULD MINT"
39812,CON-RES-2010-430,,(new),"WOULD MINT"
39813,CON-RES-2010-990,,(new),"WOULD MINT"
39814,CON-RES-2010-1030,,(new),"WOULD MINT"
39815,CON-RES-2010-583,,(new),"WOULD MINT"
39816,CON-RES-2010-426,,(new),"WOULD MINT"
39817,CON-RES-2010-600,,(new),"WOULD MINT"
39818,CON-RES-2010-1002,,(new),"WOULD MINT"
39819,CON-RES-2010-1003,,(new),"WOULD MINT"
39820,CON-RES-2010-1004,,(new),"WOULD MINT"
39821,CON-RES-2010-1005,,(new),"WOULD MINT"
39822,CON-RES-1991-672,,(new),"WOULD MINT"
39823,CON-RES-2010-591,,(new),"WOULD MINT"
39824,CON-RES-2010-592,,(new),"WOULD MINT"
39825,CON-RES-2010-593,,(new),"WOULD MINT"
39826,CON-RES-2010-1006,,(new),"WOULD MINT"
39827,CON-RES-2010-594,,(new),"WOULD MINT"
39828,CON-RES-2010-596,,(new),"WOULD MINT"
39829,CON-RES-2010-450,,(new),"WOULD MINT"
39830,CON-RES-2010-564,,(new),"WOULD MINT"
39831,CON-RES-2010-572,,(new),"WOULD MINT"
39832,CON-RES-2010-573,,(new),"WOULD MINT"
39833,CON-RES-2010-642,,(new),"WOULD MINT"
39834,CON-RES-2010-367,,(new),"WOULD MINT"
39835,CON-RES-2010-565,,(new),"WOULD MINT"
39836,CON-RES-2010-994,,(new),"WOULD MINT"
39837,CON-RES-2010-567,,(new),"WOULD MINT"
39838,CON-RES-2010-171,,(new),"WOULD MINT"
39839,CON-RES-2010-576,,(new),"WOULD MINT"
39840,CON-RES-2010-571,,(new),"WOULD MINT"
39841,CON-RES-2010-1076,,(new),"WOULD MINT"
39842,CON-RES-2010-959,,(new),"WOULD MINT"
39843,CON-RES-2010-66,,(new),"WOULD MINT"
39844,CON-RES-2010-951,,(new),"WOULD MINT"
39845,CON-RES-2010-958,,(new),"WOULD MINT"
39846,CON-RES-2010-368,,(new),"WOULD MINT"
39847,CON-RES-2010-956,,(new),"WOULD MINT"
39848,CON-RES-2007-280,,(new),"WOULD MINT"
39849,CON-RES-2010-955,,(new),"WOULD MINT"
39850,CON-RES-2010-954,,(new),"WOULD MINT"
39851,CON-RES-2010-73,,(new),"WOULD MINT"
39852,CON-RES-1991-12,,(new),"WOULD MINT"
39853,CON-RES-2006-358,,(new),"WOULD MINT"
39854,CON-RES-1991-8,,(new),"WOULD MINT"
39855,CON-RES-2006-321,,(new),"WOULD MINT"
39856,CON-RES-2006-403,,(new),"WOULD MINT"
39857,CON-RES-2006-402,,(new),"WOULD MINT"
39858,CON-RES-2006-415,,(new),"WOULD MINT"
39859,CON-RES-2006-334,,(new),"WOULD MINT"
39860,CON-RES-2006-333,,(new),"WOULD MINT"
39861,CON-RES-2006-315,,(new),"WOULD MINT"
39862,CON-RES-2006-360,,(new),"WOULD MINT"
39863,CON-RES-2006-357,,(new),"WOULD MINT"
39864,CON-RES-2006-307,,(new),"WOULD MINT"
39865,CON-RES-2006-346,,(new),"WOULD MINT"
39866,CON-RES-2006-143,,(new),"WOULD MINT"
39867,CON-RES-2006-123,,(new),"WOULD MINT"
39868,CON-RES-2006-127,,(new),"WOULD MINT"
39869,CON-RES-2006-163,,(new),"WOULD MINT"
39870,CON-RES-2006-142,,(new),"WOULD MINT"
39871,CON-RES-2006-103,,(new),"WOULD MINT"
39872,CON-RES-2006-104,,(new),"WOULD MINT"
39873,CON-RES-2006-106,,(new),"WOULD MINT"
39874,CON-RES-2006-131,,(new),"WOULD MINT"
39875,CON-RES-2006-105,,(new),"WOULD MINT"
39876,CON-RES-2006-125,,(new),"WOULD MINT"
39877,CON-RES-2006-124,,(new),"WOULD MINT"
39878,CON-RES-2006-412,,(new),"WOULD MINT"
39879,CON-RES-2006-413,,(new),"WOULD MINT"
39880,CON-RES-2006-409,,(new),"WOULD MINT"
39881,CON-RES-2006-408,,(new),"WOULD MINT"
39882,CON-RES-2006-407,,(new),"WOULD MINT"
39883,CON-RES-2006-335,,(new),"WOULD MINT"
39884,CON-RES-2006-370,,(new),"WOULD MINT"
39885,CON-RES-2006-352,,(new),"WOULD MINT"
39886,CON-RES-2006-371,,(new),"WOULD MINT"
39887,CON-RES-2006-365,,(new),"WOULD MINT"
39888,CON-RES-2006-353,,(new),"WOULD MINT"
39889,CON-RES-2006-326,,(new),"WOULD MINT"
39890,CON-RES-2007-100,,(new),"WOULD MINT"
39891,CON-RES-2006-325,,(new),"WOULD MINT"
39892,CON-RES-2007-343,,(new),"WOULD MINT"
39893,CON-RES-2007-344,,(new),"WOULD MINT"
39894,CON-RES-2007-56,,(new),"WOULD MINT"
39895,CON-RES-2007-24,,(new),"WOULD MINT"
39896,CON-RES-2007-286,,(new),"WOULD MINT"
39897,CON-RES-2007-345,,(new),"WOULD MINT"
39898,CON-RES-2007-338,,(new),"WOULD MINT"
39899,CON-RES-2007-301,,(new),"WOULD MINT"
39900,CON-RES-2007-305,,(new),"WOULD MINT"
39901,CON-RES-2007-307,,(new),"WOULD MINT"
39902,CON-RES-2007-10,,(new),"WOULD MINT"
39903,CON-RES-2007-15,,(new),"WOULD MINT"
39904,CON-RES-2007-18,,(new),"WOULD MINT"
39905,CON-RES-2007-16,,(new),"WOULD MINT"
39906,CON-RES-2007-341,,(new),"WOULD MINT"
39907,CON-RES-2007-6,,(new),"WOULD MINT"
39908,CON-RES-2007-13,,(new),"WOULD MINT"
39909,CON-RES-2007-27,,(new),"WOULD MINT"
39910,CON-RES-2009-563,,(new),"WOULD MINT"
39911,CON-RES-2006-348,,(new),"WOULD MINT"
39912,CON-RES-2010-585,,(new),"WOULD MINT"
39913,CON-RES-2010-968,,(new),"WOULD MINT"
39914,CON-RES-2010-969,,(new),"WOULD MINT"
39915,CON-RES-2007-282,,(new),"WOULD MINT"
39916,CON-RES-2010-431,,(new),"WOULD MINT"
39917,CON-RES-2010-432,,(new),"WOULD MINT"
39918,CON-RES-2010-433,,(new),"WOULD MINT"
39919,CON-RES-2010-434,,(new),"WOULD MINT"
39920,CON-RES-2010-435,,(new),"WOULD MINT"
39921,CON-RES-2010-440,,(new),"WOULD MINT"
39922,CON-RES-2010-7,,(new),"WOULD MINT"
39923,CON-RES-2010-10,,(new),"WOULD MINT"
39924,CON-RES-2010-16,,(new),"WOULD MINT"
39925,CON-RES-2007-210,,(new),"WOULD MINT"
39926,CON-RES-2010-50,,(new),"WOULD MINT"
40915,CON-RES-2007-279,,(new),"WOULD MINT"
40916,CON-RES-2006-306,,(new),"WOULD MINT"
40917,CON-RES-2006-329,,(new),"WOULD MINT"
40918,CON-RES-2006-345,,(new),"WOULD MINT"
40919,CON-RES-2010-113,,(new),"WOULD MINT"
40920,CON-RES-2010-112,,(new),"WOULD MINT"
40921,CON-RES-2004-187,,(new),"WOULD MINT"
40922,CON-RES-2010-107,,(new),"WOULD MINT"
40923,CON-RES-2010-641,,(new),"WOULD MINT"
40924,CON-RES-1995-592,,(new),"WOULD MINT"
40925,CON-RES-2010-108,,(new),"WOULD MINT"
40926,CON-RES-2003-257,,(new),"WOULD MINT"
40927,CON-RES-2010-352,,(new),"WOULD MINT"
40928,CON-RES-2010-397,,(new),"WOULD MINT"
40929,CON-RES-2004-83,,(new),"WOULD MINT"
40930,CON-RES-2010-129,,(new),"WOULD MINT"
40931,CON-RES-2003-259,,(new),"WOULD MINT"
40932,CON-RES-2010-414,,(new),"WOULD MINT"
40933,CON-RES-2007-278,,(new),"WOULD MINT"
40934,CON-RES-2010-1022,,(new),"WOULD MINT"
40935,CON-RES-2010-660,,(new),"WOULD MINT"
40936,CON-RES-2010-190,,(new),"WOULD MINT"
40937,CON-RES-2003-278,,(new),"WOULD MINT"
40938,CON-RES-2010-1021,,(new),"WOULD MINT"
40939,CON-RES-2010-890,,(new),"WOULD MINT"
40940,CON-RES-2010-891,,(new),"WOULD MINT"
40941,CON-RES-2010-888,,(new),"WOULD MINT"
40942,CON-RES-2003-281,,(new),"WOULD MINT"
40943,CON-RES-2010-887,,(new),"WOULD MINT"
40944,CON-RES-2003-254,,(new),"WOULD MINT"
40945,CON-RES-2010-1026,,(new),"WOULD MINT"
40946,CON-RES-2010-886,,(new),"WOULD MINT"
40947,CON-RES-2010-394,,(new),"WOULD MINT"
40948,CON-RES-2003-155,,(new),"WOULD MINT"
40949,CON-RES-2010-889,,(new),"WOULD MINT"
40950,CON-RES-2010-899,,(new),"WOULD MINT"
40952,CON-RES-2010-885,,(new),"WOULD MINT"
40953,CON-RES-2010-546,,(new),"WOULD MINT"
40954,CON-RES-2010-624,,(new),"WOULD MINT"
40955,CON-RES-2010-398,,(new),"WOULD MINT"
40956,CON-RES-2010-942,,(new),"WOULD MINT"
40957,CON-RES-2010-646,,(new),"WOULD MINT"
40958,CON-RES-2010-625,,(new),"WOULD MINT"
40960,CON-RES-2010-833,,(new),"WOULD MINT"
40961,CON-RES-2010-869,,(new),"WOULD MINT"
40962,CON-RES-2010-756,,(new),"WOULD MINT"
40963,CON-RES-2010-1136,,(new),"WOULD MINT"
40964,CON-RES-2010-928,,(new),"WOULD MINT"
40965,CON-RES-2010-832,,(new),"WOULD MINT"
40966,CON-RES-2015-295,,(new),"WOULD MINT"
40967,CON-RES-2010-755,,(new),"WOULD MINT"
40968,CON-RES-2010-622,,(new),"WOULD MINT"
40969,CON-RES-2010-831,,(new),"WOULD MINT"
40970,CON-RES-2010-902,,(new),"WOULD MINT"
40971,CON-RES-2010-301,,(new),"WOULD MINT"
40972,CON-RES-2003-169,,(new),"WOULD MINT"
40973,CON-RES-2010-829,,(new),"WOULD MINT"
40974,CON-RES-2010-619,,(new),"WOULD MINT"
40975,CON-RES-2010-387,,(new),"WOULD MINT"
40976,CON-RES-2010-912,,(new),"WOULD MINT"
40977,CON-RES-2007-270,,(new),"WOULD MINT"
40978,CON-RES-2010-305,,(new),"WOULD MINT"
40979,CON-RES-2010-828,,(new),"WOULD MINT"
40980,CON-RES-2010-620,,(new),"WOULD MINT"
40981,CON-RES-2010-875,,(new),"WOULD MINT"
40982,CON-RES-2010-911,,(new),"WOULD MINT"
40983,CON-RES-2015-289,,(new),"WOULD MINT"
40984,CON-RES-2010-623,,(new),"WOULD MINT"
40985,CON-RES-2010-1074,,(new),"WOULD MINT"
40986,CON-RES-2010-307,,(new),"WOULD MINT"
40987,CON-RES-2010-1135,,(new),"WOULD MINT"
40988,CON-RES-2015-294,,(new),"WOULD MINT"
40989,CON-RES-2010-824,,(new),"WOULD MINT"
40990,CON-RES-2010-657,,(new),"WOULD MINT"
40991,CON-RES-2010-818,,(new),"WOULD MINT"
40992,CON-RES-2007-271,,(new),"WOULD MINT"
40993,CON-RES-2010-803,,(new),"WOULD MINT"
40994,CON-RES-2010-817,,(new),"WOULD MINT"
40995,CON-RES-2010-360,,(new),"WOULD MINT"
40996,CON-RES-2003-170,,(new),"WOULD MINT"
40997,CON-RES-2010-330,,(new),"WOULD MINT"
40998,CON-RES-2010-645,,(new),"WOULD MINT"
40999,CON-RES-2010-1138,,(new),"WOULD MINT"
41000,CON-RES-2010-904,,(new),"WOULD MINT"
41001,CON-RES-2010-816,,(new),"WOULD MINT"
41002,CON-RES-2010-211,,(new),"WOULD MINT"
41004,CON-RES-2010-349,,(new),"WOULD MINT"
41005,CON-RES-2006-424,,(new),"WOULD MINT"
41006,CON-RES-2010-903,,(new),"WOULD MINT"
41007,CON-RES-2010-804,,(new),"WOULD MINT"
41008,CON-RES-2010-159,,(new),"WOULD MINT"
41009,CON-RES-2010-1144,,(new),"WOULD MINT"
41010,CON-RES-2010-151,,(new),"WOULD MINT"
41011,CON-RES-2010-805,,(new),"WOULD MINT"
41012,CON-RES-2010-180,,(new),"WOULD MINT"
41014,CON-RES-2006-336,,(new),"WOULD MINT"
41015,CON-RES-2010-807,,(new),"WOULD MINT"
41016,CON-RES-2010-621,,(new),"WOULD MINT"
41017,CON-RES-2010-808,,(new),"WOULD MINT"
41018,CON-RES-2010-364,,(new),"WOULD MINT"
41019,CON-RES-2010-275,,(new),"WOULD MINT"
41020,CON-RES-2010-363,,(new),"WOULD MINT"
41021,CON-RES-2010-276,,(new),"WOULD MINT"
41022,CON-RES-2010-153,,(new),"WOULD MINT"
41023,CON-RES-2010-362,,(new),"WOULD MINT"
41024,CON-RES-2010-809,,(new),"WOULD MINT"
41025,CON-RES-2006-384,,(new),"WOULD MINT"
41026,CON-RES-2010-1075,,(new),"WOULD MINT"
41027,CON-RES-2010-812,,(new),"WOULD MINT"
41028,CON-RES-2010-42,,(new),"WOULD MINT"
41029,CON-RES-2010-157,,(new),"WOULD MINT"
41030,CON-RES-2010-250,,(new),"WOULD MINT"
41031,CON-RES-2010-813,,(new),"WOULD MINT"
41032,CON-RES-2010-1065,,(new),"WOULD MINT"
41033,CON-RES-2010-814,,(new),"WOULD MINT"
41034,CON-RES-2010-130,,(new),"WOULD MINT"
41035,CON-RES-2010-905,,(new),"WOULD MINT"
41036,CON-RES-2010-815,,(new),"WOULD MINT"
41037,CON-RES-2010-1142,,(new),"WOULD MINT"
41038,CON-RES-2006-417,,(new),"WOULD MINT"
41039,CON-RES-2010-802,,(new),"WOULD MINT"
41040,CON-RES-2010-1078,,(new),"WOULD MINT"
41041,CON-RES-2010-892,,(new),"WOULD MINT"
41042,CON-RES-2006-369,,(new),"WOULD MINT"
41043,CON-RES-2010-913,,(new),"WOULD MINT"
41044,CON-RES-2006-435,,(new),"WOULD MINT"
41045,CON-RES-2010-894,,(new),"WOULD MINT"
41046,CON-RES-2010-844,,(new),"WOULD MINT"
41047,CON-RES-2010-895,,(new),"WOULD MINT"
41048,CON-RES-2010-825,,(new),"WOULD MINT"
41049,CON-RES-2006-323,,(new),"WOULD MINT"
41050,CON-RES-2010-846,,(new),"WOULD MINT"
41051,CON-RES-2010-240,,(new),"WOULD MINT"
41052,CON-RES-2006-339,,(new),"WOULD MINT"
41053,CON-RES-2010-757,,(new),"WOULD MINT"
41054,CON-RES-2006-372,,(new),"WOULD MINT"
41055,CON-RES-2010-941,,(new),"WOULD MINT"
41056,CON-RES-2010-268,,(new),"WOULD MINT"
41057,CON-RES-2006-432,,(new),"WOULD MINT"
41058,CON-RES-2010-938,,(new),"WOULD MINT"
41059,CON-RES-2010-244,,(new),"WOULD MINT"
41060,CON-RES-2006-258,,(new),"WOULD MINT"
41061,CON-RES-2010-453,,(new),"WOULD MINT"
41062,CON-RES-2010-96,,(new),"WOULD MINT"
41063,CON-RES-2010-916,,(new),"WOULD MINT"
41064,CON-RES-2006-260,,(new),"WOULD MINT"
41065,CON-RES-2010-901,,(new),"WOULD MINT"
41066,CON-RES-2003-171,,(new),"WOULD MINT"
41067,CON-RES-2010-273,,(new),"WOULD MINT"
41068,CON-RES-2010-243,,(new),"WOULD MINT"
41069,CON-RES-2010-932,,(new),"WOULD MINT"
41070,CON-RES-2010-354,,(new),"WOULD MINT"
41071,CON-RES-2010-1024,,(new),"WOULD MINT"
41072,CON-RES-2010-908,,(new),"WOULD MINT"
41073,CON-RES-2006-210,,(new),"WOULD MINT"
41074,CON-RES-2006-201,,(new),"WOULD MINT"
41075,CON-RES-2010-914,,(new),"WOULD MINT"
41076,CON-RES-2003-168,,(new),"WOULD MINT"
41077,CON-RES-2006-115,,(new),"WOULD MINT"
41078,CON-RES-2010-907,,(new),"WOULD MINT"
41079,CON-RES-2003-156,,(new),"WOULD MINT"
41080,CON-RES-2006-379,,(new),"WOULD MINT"
41081,CON-RES-2009-38,,(new),"WOULD MINT"
41082,CON-RES-2006-381,,(new),"WOULD MINT"
41083,CON-RES-2006-291,,(new),"WOULD MINT"
41084,CON-RES-2006-416,,(new),"WOULD MINT"
41085,CON-RES-2010-333,,(new),"WOULD MINT"
41086,CON-RES-2006-396,,(new),"WOULD MINT"
41087,CON-RES-2006-310,,(new),"WOULD MINT"
41088,CON-RES-2006-281,,(new),"WOULD MINT"
41089,CON-RES-2010-259,,(new),"WOULD MINT"
41090,CON-RES-2006-389,,(new),"WOULD MINT"
41091,CON-RES-2006-344,,(new),"WOULD MINT"
41092,CON-RES-2006-338,,(new),"WOULD MINT"
41093,CON-RES-2006-95,,(new),"WOULD MINT"
41094,CON-RES-2010-392,,(new),"WOULD MINT"
41095,CON-RES-2006-422,,(new),"WOULD MINT"
41096,CON-RES-2006-213,,(new),"WOULD MINT"
41097,CON-RES-2010-393,,(new),"WOULD MINT"
41098,CON-RES-2006-294,,(new),"WOULD MINT"
41099,CON-RES-2010-289,,(new),"WOULD MINT"
41100,CON-RES-2006-395,,(new),"WOULD MINT"
41101,CON-RES-2006-392,,(new),"WOULD MINT"
41102,CON-RES-2010-288,,(new),"WOULD MINT"
41103,CON-RES-2006-254,,(new),"WOULD MINT"
41104,CON-RES-2010-1141,,(new),"WOULD MINT"
41105,CON-RES-2006-393,,(new),"WOULD MINT"
41106,CON-RES-2010-291,,(new),"WOULD MINT"
41107,CON-RES-2006-428,,(new),"WOULD MINT"
41108,CON-RES-2010-1137,,(new),"WOULD MINT"
41109,CON-RES-2006-276,,(new),"WOULD MINT"
41110,CON-RES-2010-1133,,(new),"WOULD MINT"
41111,CON-RES-2010-1027,,(new),"WOULD MINT"
41112,CON-RES-2006-117,,(new),"WOULD MINT"
41113,CON-RES-2010-656,,(new),"WOULD MINT"
41114,CON-RES-2010-161,,(new),"WOULD MINT"
41115,CON-RES-2006-391,,(new),"WOULD MINT"
41117,CON-RES-2006-288,,(new),"WOULD MINT"
41118,CON-RES-2006-327,,(new),"WOULD MINT"
41119,CON-RES-2006-429,,(new),"WOULD MINT"
41120,CON-RES-2003-157,,(new),"WOULD MINT"
41121,CON-RES-2006-343,,(new),"WOULD MINT"
41122,CON-RES-2003-158,,(new),"WOULD MINT"
41123,CON-RES-2006-418,,(new),"WOULD MINT"
41124,CON-RES-2003-159,,(new),"WOULD MINT"
41125,CON-RES-2003-172,,(new),"WOULD MINT"
41126,CON-RES-2003-260,,(new),"WOULD MINT"
41127,CON-RES-2003-167,,(new),"WOULD MINT"
41128,CON-RES-2010-427,,(new),"WOULD MINT"
41129,CON-RES-2011-648,,(new),"WOULD MINT"
41130,CON-RES-2011-704,,(new),"WOULD MINT"
41131,CON-RES-2003-261,,(new),"WOULD MINT"
41132,CON-RES-2011-705,,(new),"WOULD MINT"
41133,CON-RES-2011-1854,,(new),"WOULD MINT"
41134,CON-RES-2011-600,,(new),"WOULD MINT"
41135,CON-RES-2011-1010,,(new),"WOULD MINT"
41136,CON-RES-2011-1557,,(new),"WOULD MINT"
41137,CON-RES-2003-263,,(new),"WOULD MINT"
41138,CON-RES-2011-706,,(new),"WOULD MINT"
41139,CON-RES-2011-1855,,(new),"WOULD MINT"
41140,CON-RES-2011-612,,(new),"WOULD MINT"
41141,CON-RES-2011-1032,,(new),"WOULD MINT"
41142,CON-RES-2011-713,,(new),"WOULD MINT"
41143,CON-RES-2003-262,,(new),"WOULD MINT"
41144,CON-RES-2011-1856,,(new),"WOULD MINT"
41145,CON-RES-2011-1011,,(new),"WOULD MINT"
41146,CON-RES-2011-714,,(new),"WOULD MINT"
41147,CON-RES-2011-1421,,(new),"WOULD MINT"
41148,CON-RES-2011-1033,,(new),"WOULD MINT"
41149,CON-RES-2011-607,,(new),"WOULD MINT"
41150,CON-RES-2011-1857,,(new),"WOULD MINT"
41151,CON-RES-2011-1002,,(new),"WOULD MINT"
41152,CON-RES-2011-613,,(new),"WOULD MINT"
41153,CON-RES-2011-771,,(new),"WOULD MINT"
41154,CON-RES-2011-1012,,(new),"WOULD MINT"
41155,CON-RES-2011-1884,,(new),"WOULD MINT"
41156,CON-RES-2011-1559,,(new),"WOULD MINT"
41157,CON-RES-2011-1004,,(new),"WOULD MINT"
41158,CON-RES-2011-632,,(new),"WOULD MINT"
41159,CON-RES-2011-611,,(new),"WOULD MINT"
41160,CON-RES-2011-1013,,(new),"WOULD MINT"
41161,CON-RES-2011-1558,,(new),"WOULD MINT"
41162,CON-RES-2011-1441,,(new),"WOULD MINT"
41163,CON-RES-2011-634,,(new),"WOULD MINT"
41164,CON-RES-2011-1005,,(new),"WOULD MINT"
41165,CON-RES-2011-1885,,(new),"WOULD MINT"
41166,CON-RES-2011-1014,,(new),"WOULD MINT"
41167,CON-RES-2011-1442,,(new),"WOULD MINT"
41168,CON-RES-2011-1006,,(new),"WOULD MINT"
41169,CON-RES-2021-1422,,(new),"WOULD MINT"
41170,CON-RES-2011-1887,,(new),"WOULD MINT"
41171,CON-RES-2011-1259,,(new),"WOULD MINT"
41172,CON-RES-2011-796,,(new),"WOULD MINT"
41173,CON-RES-2011-643,,(new),"WOULD MINT"
41174,CON-RES-2011-1443,,(new),"WOULD MINT"
41175,CON-RES-2011-1018,,(new),"WOULD MINT"
41176,CON-RES-2011-1007,,(new),"WOULD MINT"
41177,CON-RES-2011-1423,,(new),"WOULD MINT"
41178,CON-RES-2011-1560,,(new),"WOULD MINT"
41179,CON-RES-2011-1888,,(new),"WOULD MINT"
41180,CON-RES-2011-799,,(new),"WOULD MINT"
41181,CON-RES-2011-1444,,(new),"WOULD MINT"
41182,CON-RES-2011-1038,,(new),"WOULD MINT"
41183,CON-RES-2011-1008,,(new),"WOULD MINT"
41184,CON-RES-2011-1020,,(new),"WOULD MINT"
41185,CON-RES-2011-1561,,(new),"WOULD MINT"
41186,CON-RES-2011-644,,(new),"WOULD MINT"
41187,CON-RES-2011-1445,,(new),"WOULD MINT"
41188,CON-RES-2011-1424,,(new),"WOULD MINT"
41189,CON-RES-2011-1890,,(new),"WOULD MINT"
41190,CON-RES-2011-803,,(new),"WOULD MINT"
41191,CON-RES-2011-1446,,(new),"WOULD MINT"
41192,CON-RES-2011-1022,,(new),"WOULD MINT"
41193,CON-RES-2011-1563,,(new),"WOULD MINT"
41194,CON-RES-2011-2099,,(new),"WOULD MINT"
41195,CON-RES-2011-1447,,(new),"WOULD MINT"
41196,CON-RES-2011-1425,,(new),"WOULD MINT"
41197,CON-RES-2011-1043,,(new),"WOULD MINT"
41198,CON-RES-2011-1564,,(new),"WOULD MINT"
41199,CON-RES-2003-160,,(new),"WOULD MINT"
41200,CON-RES-2011-1023,,(new),"WOULD MINT"
41201,CON-RES-2011-641,,(new),"WOULD MINT"
41202,CON-RES-2011-645,,(new),"WOULD MINT"
41203,CON-RES-2011-1448,,(new),"WOULD MINT"
41204,CON-RES-2011-1565,,(new),"WOULD MINT"
41205,CON-RES-2011-1045,,(new),"WOULD MINT"
41206,CON-RES-2011-1426,,(new),"WOULD MINT"
41207,CON-RES-2003-161,,(new),"WOULD MINT"
41208,CON-RES-2011-1891,,(new),"WOULD MINT"
41209,CON-RES-2011-1401,,(new),"WOULD MINT"
41210,CON-RES-2011-805,,(new),"WOULD MINT"
41211,CON-RES-2011-646,,(new),"WOULD MINT"
41212,CON-RES-2011-1050,,(new),"WOULD MINT"
41213,CON-RES-2011-1582,,(new),"WOULD MINT"
41214,CON-RES-2011-1024,,(new),"WOULD MINT"
41215,CON-RES-2011-1427,,(new),"WOULD MINT"
41216,CON-RES-2003-162,,(new),"WOULD MINT"
41217,CON-RES-2011-1402,,(new),"WOULD MINT"
41218,CON-RES-2011-1892,,(new),"WOULD MINT"
41219,CON-RES-2011-1573,,(new),"WOULD MINT"
41220,CON-RES-2011-809,,(new),"WOULD MINT"
41221,CON-RES-2011-1026,,(new),"WOULD MINT"
41222,CON-RES-2011-1403,,(new),"WOULD MINT"
41223,CON-RES-2011-1893,,(new),"WOULD MINT"
41224,CON-RES-2011-1576,,(new),"WOULD MINT"
41225,CON-RES-2011-1070,,(new),"WOULD MINT"
41226,CON-RES-2011-1429,,(new),"WOULD MINT"
41227,CON-RES-2011-838,,(new),"WOULD MINT"
41228,CON-RES-2011-1577,,(new),"WOULD MINT"
41229,CON-RES-2011-1894,,(new),"WOULD MINT"
41230,CON-RES-2011-1404,,(new),"WOULD MINT"
41231,CON-RES-2011-1431,,(new),"WOULD MINT"
41232,CON-RES-2011-1027,,(new),"WOULD MINT"
41233,CON-RES-2011-1895,,(new),"WOULD MINT"
41234,CON-RES-2011-1405,,(new),"WOULD MINT"
41235,CON-RES-2011-1087,,(new),"WOULD MINT"
41236,CON-RES-2011-1432,,(new),"WOULD MINT"
41237,CON-RES-2011-1896,,(new),"WOULD MINT"
41238,CON-RES-2011-1406,,(new),"WOULD MINT"
41239,CON-RES-2011-1088,,(new),"WOULD MINT"
41240,CON-RES-2011-872,,(new),"WOULD MINT"
41241,CON-RES-2011-1474,,(new),"WOULD MINT"
41242,CON-RES-2011-1433,,(new),"WOULD MINT"
41243,CON-RES-2011-1449,,(new),"WOULD MINT"
41244,CON-RES-2011-1897,,(new),"WOULD MINT"
41245,CON-RES-2011-1407,,(new),"WOULD MINT"
41246,CON-RES-2011-1578,,(new),"WOULD MINT"
41247,CON-RES-2011-840,,(new),"WOULD MINT"
41248,CON-RES-2011-1434,,(new),"WOULD MINT"
41249,CON-RES-2011-1089,,(new),"WOULD MINT"
41250,CON-RES-2011-1899,,(new),"WOULD MINT"
41251,CON-RES-2003-163,,(new),"WOULD MINT"
41252,CON-RES-2011-406,,(new),"WOULD MINT"
41253,CON-RES-2011-1454,,(new),"WOULD MINT"
41254,CON-RES-2011-1579,,(new),"WOULD MINT"
41255,CON-RES-2011-1028,,(new),"WOULD MINT"
41256,CON-RES-2011-426,,(new),"WOULD MINT"
41257,CON-RES-2003-164,,(new),"WOULD MINT"
41258,CON-RES-2011-1435,,(new),"WOULD MINT"
41259,CON-RES-2011-1880,,(new),"WOULD MINT"
41260,CON-RES-2011-1562,,(new),"WOULD MINT"
41261,CON-RES-2011-1455,,(new),"WOULD MINT"
41262,CON-RES-2011-417,,(new),"WOULD MINT"
41263,CON-RES-2011-1476,,(new),"WOULD MINT"
41264,CON-RES-2011-1457,,(new),"WOULD MINT"
41265,CON-RES-2011-427,,(new),"WOULD MINT"
41266,CON-RES-2011-1030,,(new),"WOULD MINT"
41267,CON-RES-2011-1882,,(new),"WOULD MINT"
41268,CON-RES-2011-1566,,(new),"WOULD MINT"
41269,CON-RES-2011-1090,,(new),"WOULD MINT"
41270,CON-RES-2011-1456,,(new),"WOULD MINT"
41271,CON-RES-2011-1477,,(new),"WOULD MINT"
41272,CON-RES-2011-1567,,(new),"WOULD MINT"
41273,CON-RES-2011-1469,,(new),"WOULD MINT"
41274,CON-RES-2011-1883,,(new),"WOULD MINT"
41275,CON-RES-2011-418,,(new),"WOULD MINT"
41276,CON-RES-2011-1436,,(new),"WOULD MINT"
41277,CON-RES-2011-1458,,(new),"WOULD MINT"
41278,CON-RES-2003-165,,(new),"WOULD MINT"
41279,CON-RES-2011-1092,,(new),"WOULD MINT"
41280,CON-RES-2011-1460,,(new),"WOULD MINT"
41281,CON-RES-2011-1568,,(new),"WOULD MINT"
41282,CON-RES-2011-1478,,(new),"WOULD MINT"
41283,CON-RES-2011-50,,(new),"WOULD MINT"
41284,CON-RES-2011-429,,(new),"WOULD MINT"
41285,CON-RES-2011-1461,,(new),"WOULD MINT"
41286,CON-RES-2011-1569,,(new),"WOULD MINT"
41287,CON-RES-2011-1475,,(new),"WOULD MINT"
41288,CON-RES-2011-1471,,(new),"WOULD MINT"
41289,CON-RES-2011-1,,(new),"WOULD MINT"
41290,CON-RES-2011-1437,,(new),"WOULD MINT"
41291,CON-RES-2011-430,,(new),"WOULD MINT"
41292,CON-RES-2011-1479,,(new),"WOULD MINT"
41293,CON-RES-2011-1481,,(new),"WOULD MINT"
41294,CON-RES-2011-52,,(new),"WOULD MINT"
41295,CON-RES-2011-1570,,(new),"WOULD MINT"
41296,CON-RES-2011-1093,,(new),"WOULD MINT"
41297,CON-RES-2003-166,,(new),"WOULD MINT"
41298,CON-RES-2011-1472,,(new),"WOULD MINT"
41299,CON-RES-2011-407,,(new),"WOULD MINT"
41300,CON-RES-2011-1480,,(new),"WOULD MINT"
41301,CON-RES-2011-1438,,(new),"WOULD MINT"
41302,CON-RES-2011-431,,(new),"WOULD MINT"
41303,CON-RES-2011-1571,,(new),"WOULD MINT"
41304,CON-RES-2011-105,,(new),"WOULD MINT"
41305,CON-RES-2011-58,,(new),"WOULD MINT"
41306,CON-RES-2011-1473,,(new),"WOULD MINT"
41307,CON-RES-2011-1487,,(new),"WOULD MINT"
41308,CON-RES-2011-408,,(new),"WOULD MINT"
41309,CON-RES-2011-1439,,(new),"WOULD MINT"
41310,CON-RES-2011-3,,(new),"WOULD MINT"
41311,CON-RES-2011-60,,(new),"WOULD MINT"
41312,CON-RES-2011-1488,,(new),"WOULD MINT"
41313,CON-RES-2003-255,,(new),"WOULD MINT"
41314,CON-RES-2011-107,,(new),"WOULD MINT"
41315,CON-RES-2011-409,,(new),"WOULD MINT"
41316,CON-RES-2011-1572,,(new),"WOULD MINT"
41317,CON-RES-2011-1440,,(new),"WOULD MINT"
41318,CON-RES-2011-109,,(new),"WOULD MINT"
41319,CON-RES-2011-432,,(new),"WOULD MINT"
41320,CON-RES-2011-1462,,(new),"WOULD MINT"
41321,CON-RES-2011-433,,(new),"WOULD MINT"
41322,CON-RES-2011-1463,,(new),"WOULD MINT"
41323,CON-RES-2011-110,,(new),"WOULD MINT"
41324,CON-RES-2011-438,,(new),"WOULD MINT"
41325,CON-RES-2011-1464,,(new),"WOULD MINT"
41326,CON-RES-2011-111,,(new),"WOULD MINT"
41327,CON-RES-2011-1590,,(new),"WOULD MINT"
41328,CON-RES-2011-117,,(new),"WOULD MINT"
41329,CON-RES-2011-1465,,(new),"WOULD MINT"
41330,CON-RES-2011-1466,,(new),"WOULD MINT"
41331,CON-RES-2011-1591,,(new),"WOULD MINT"
41332,CON-RES-2011-118,,(new),"WOULD MINT"
41333,CON-RES-2011-5,,(new),"WOULD MINT"
41334,CON-RES-2011-112,,(new),"WOULD MINT"
41335,CON-RES-2011-119,,(new),"WOULD MINT"
41336,CON-RES-2011-113,,(new),"WOULD MINT"
41337,CON-RES-2011-6,,(new),"WOULD MINT"
41338,CON-RES-2011-1467,,(new),"WOULD MINT"
41339,CON-RES-2011-440,,(new),"WOULD MINT"
41340,CON-RES-2011-1592,,(new),"WOULD MINT"
41341,CON-RES-2011-114,,(new),"WOULD MINT"
41342,CON-RES-2011-120,,(new),"WOULD MINT"
41343,CON-RES-2011-1468,,(new),"WOULD MINT"
41344,CON-RES-2011-7,,(new),"WOULD MINT"
41345,CON-RES-2011-115,,(new),"WOULD MINT"
41346,CON-RES-2011-1482,,(new),"WOULD MINT"
41347,CON-RES-2011-393,,(new),"WOULD MINT"
41348,CON-RES-2011-9,,(new),"WOULD MINT"
41349,CON-RES-2011-116,,(new),"WOULD MINT"
41350,CON-RES-2011-122,,(new),"WOULD MINT"
41351,CON-RES-2011-1483,,(new),"WOULD MINT"
41352,CON-RES-2011-62,,(new),"WOULD MINT"
41353,CON-RES-2011-1484,,(new),"WOULD MINT"
41354,CON-RES-2011-181,,(new),"WOULD MINT"
41355,CON-RES-2011-123,,(new),"WOULD MINT"
41356,CON-RES-2011-128,,(new),"WOULD MINT"
41357,CON-RES-2011-10,,(new),"WOULD MINT"
41358,CON-RES-2011-1485,,(new),"WOULD MINT"
41359,CON-RES-2011-63,,(new),"WOULD MINT"
41360,CON-RES-2011-188,,(new),"WOULD MINT"
41361,CON-RES-2011-125,,(new),"WOULD MINT"
41362,CON-RES-2011-419,,(new),"WOULD MINT"
41363,CON-RES-2011-11,,(new),"WOULD MINT"
41364,CON-RES-2011-1489,,(new),"WOULD MINT"
41365,CON-RES-2011-133,,(new),"WOULD MINT"
41366,CON-RES-2011-1486,,(new),"WOULD MINT"
41367,CON-RES-2011-410,,(new),"WOULD MINT"
41368,CON-RES-2011-190,,(new),"WOULD MINT"
41369,CON-RES-2011-1490,,(new),"WOULD MINT"
41370,CON-RES-2011-66,,(new),"WOULD MINT"
41371,CON-RES-2011-1556,,(new),"WOULD MINT"
41372,CON-RES-2011-1491,,(new),"WOULD MINT"
41373,CON-RES-2011-126,,(new),"WOULD MINT"
41374,CON-RES-2011-411,,(new),"WOULD MINT"
41375,CON-RES-2011-15,,(new),"WOULD MINT"
41376,CON-RES-2011-134,,(new),"WOULD MINT"
41377,CON-RES-2011-1250,,(new),"WOULD MINT"
41378,CON-RES-2011-420,,(new),"WOULD MINT"
41379,CON-RES-2011-169,,(new),"WOULD MINT"
41380,CON-RES-2011-67,,(new),"WOULD MINT"
41381,CON-RES-2011-1493,,(new),"WOULD MINT"
41382,CON-RES-2011-1251,,(new),"WOULD MINT"
41383,CON-RES-2011-1492,,(new),"WOULD MINT"
41384,CON-RES-2011-16,,(new),"WOULD MINT"
41385,CON-RES-2011-168,,(new),"WOULD MINT"
41386,CON-RES-2011-135,,(new),"WOULD MINT"
41387,CON-RES-2011-1495,,(new),"WOULD MINT"
41388,CON-RES-2011-74,,(new),"WOULD MINT"
41389,CON-RES-2011-1494,,(new),"WOULD MINT"
41390,CON-RES-2011-1260,,(new),"WOULD MINT"
41391,CON-RES-2011-412,,(new),"WOULD MINT"
41392,CON-RES-2011-421,,(new),"WOULD MINT"
41393,CON-RES-2011-1414,,(new),"WOULD MINT"
41394,CON-RES-2011-167,,(new),"WOULD MINT"
41395,CON-RES-2011-1261,,(new),"WOULD MINT"
41396,CON-RES-2011-86,,(new),"WOULD MINT"
41397,CON-RES-2011-136,,(new),"WOULD MINT"
41398,CON-RES-2011-1498,,(new),"WOULD MINT"
41399,CON-RES-2011-166,,(new),"WOULD MINT"
41400,CON-RES-2011-1262,,(new),"WOULD MINT"
41401,CON-RES-2011-17,,(new),"WOULD MINT"
41402,CON-RES-2011-1430,,(new),"WOULD MINT"
41403,CON-RES-2011-172,,(new),"WOULD MINT"
41404,CON-RES-2011-1263,,(new),"WOULD MINT"
41405,CON-RES-2011-1450,,(new),"WOULD MINT"
41406,CON-RES-2011-1499,,(new),"WOULD MINT"
41407,CON-RES-2011-1451,,(new),"WOULD MINT"
41408,CON-RES-2011-413,,(new),"WOULD MINT"
41409,CON-RES-2011-171,,(new),"WOULD MINT"
41410,CON-RES-2011-1500,,(new),"WOULD MINT"
41411,CON-RES-2011-88,,(new),"WOULD MINT"
41412,CON-RES-2011-20,,(new),"WOULD MINT"
41413,CON-RES-2011-414,,(new),"WOULD MINT"
41414,CON-RES-2011-1410,,(new),"WOULD MINT"
41415,CON-RES-2011-415,,(new),"WOULD MINT"
41416,CON-RES-2011-1470,,(new),"WOULD MINT"
41417,CON-RES-2011-129,,(new),"WOULD MINT"
41418,CON-RES-2011-23,,(new),"WOULD MINT"
41419,CON-RES-2011-80,,(new),"WOULD MINT"
41420,CON-RES-2011-178,,(new),"WOULD MINT"
41421,CON-RES-2011-2074,,(new),"WOULD MINT"
41422,CON-RES-2011-416,,(new),"WOULD MINT"
41423,CON-RES-2011-1415,,(new),"WOULD MINT"
41424,CON-RES-2011-82,,(new),"WOULD MINT"
41425,CON-RES-2011-179,,(new),"WOULD MINT"
41426,CON-RES-2011-1416,,(new),"WOULD MINT"
41427,CON-RES-2011-422,,(new),"WOULD MINT"
41428,CON-RES-2011-24,,(new),"WOULD MINT"
41429,CON-RES-2011-145,,(new),"WOULD MINT"
41430,CON-RES-2011-2075,,(new),"WOULD MINT"
41431,CON-RES-2011-83,,(new),"WOULD MINT"
41432,CON-RES-2011-1417,,(new),"WOULD MINT"
41433,CON-RES-2011-423,,(new),"WOULD MINT"
41434,CON-RES-2011-1276,,(new),"WOULD MINT"
41435,CON-RES-2011-2077,,(new),"WOULD MINT"
41436,CON-RES-2011-1418,,(new),"WOULD MINT"
41437,CON-RES-2011-85,,(new),"WOULD MINT"
41438,CON-RES-2011-147,,(new),"WOULD MINT"
41439,CON-RES-2011-424,,(new),"WOULD MINT"
41440,CON-RES-2011-1419,,(new),"WOULD MINT"
41441,CON-RES-2011-1279,,(new),"WOULD MINT"
41442,CON-RES-2011-26,,(new),"WOULD MINT"
41443,CON-RES-2011-2078,,(new),"WOULD MINT"
41444,CON-RES-2011-149,,(new),"WOULD MINT"
41445,CON-RES-2011-89,,(new),"WOULD MINT"
41446,CON-RES-2011-1420,,(new),"WOULD MINT"
41447,CON-RES-2011-1277,,(new),"WOULD MINT"
41448,CON-RES-2011-37,,(new),"WOULD MINT"
41449,CON-RES-2011-1029,,(new),"WOULD MINT"
41450,CON-RES-2011-155,,(new),"WOULD MINT"
41451,CON-RES-2011-425,,(new),"WOULD MINT"
41452,CON-RES-2011-1553,,(new),"WOULD MINT"
41453,CON-RES-2011-1594,,(new),"WOULD MINT"
41454,CON-RES-2011-99,,(new),"WOULD MINT"
41455,CON-RES-2011-29,,(new),"WOULD MINT"
41456,CON-RES-2011-161,,(new),"WOULD MINT"
41457,CON-RES-2010-1584,,(new),"WOULD MINT"
41458,CON-RES-2011-100,,(new),"WOULD MINT"
41459,CON-RES-2011-34,,(new),"WOULD MINT"
41460,CON-RES-2010-1583,,(new),"WOULD MINT"
41461,CON-RES-2011-91,,(new),"WOULD MINT"
41462,CON-RES-2011-182,,(new),"WOULD MINT"
41463,CON-RES-2010-1252,,(new),"WOULD MINT"
41464,CON-RES-2011-36,,(new),"WOULD MINT"
41465,CON-RES-2011-92,,(new),"WOULD MINT"
41466,CON-RES-2011-98,,(new),"WOULD MINT"
41467,CON-RES-2010-1587,,(new),"WOULD MINT"
41468,CON-RES-2011-185,,(new),"WOULD MINT"
41469,CON-RES-2011-38,,(new),"WOULD MINT"
41470,CON-RES-2011-187,,(new),"WOULD MINT"
41471,CON-RES-2011-93,,(new),"WOULD MINT"
41472,CON-RES-2011-39,,(new),"WOULD MINT"
41473,CON-RES-2011-94,,(new),"WOULD MINT"
41474,CON-RES-2011-165,,(new),"WOULD MINT"
41475,CON-RES-2011-95,,(new),"WOULD MINT"
41476,CON-RES-2011-97,,(new),"WOULD MINT"
41477,CON-RES-2011-1313,,(new),"WOULD MINT"
41478,CON-RES-2011-1386,,(new),"WOULD MINT"
41479,CON-RES-2011-1312,,(new),"WOULD MINT"
41480,CON-RES-2011-1310,,(new),"WOULD MINT"
41481,CON-RES-2011-1847,,(new),"WOULD MINT"
41482,CON-RES-2011-836,,(new),"WOULD MINT"
41483,CON-RES-2011-807,,(new),"WOULD MINT"
41484,CON-RES-2011-1314,,(new),"WOULD MINT"
41485,CON-RES-2011-806,,(new),"WOULD MINT"
41486,CON-RES-2011-810,,(new),"WOULD MINT"
41487,CON-RES-2011-894,,(new),"WOULD MINT"
41488,CON-RES-2011-808,,(new),"WOULD MINT"
41489,CON-RES-2011-841,,(new),"WOULD MINT"
41490,CON-RES-2011-2174,,(new),"WOULD MINT"
41491,CON-RES-2011-814,,(new),"WOULD MINT"
41492,CON-RES-2011-804,,(new),"WOULD MINT"
41493,CON-RES-2011-2172,,(new),"WOULD MINT"
41494,CON-RES-2011-842,,(new),"WOULD MINT"
41495,CON-RES-2011-2163,,(new),"WOULD MINT"
41496,CON-RES-2011-802,,(new),"WOULD MINT"
41497,CON-RES-2011-846,,(new),"WOULD MINT"
41498,CON-RES-2011-2166,,(new),"WOULD MINT"
41499,CON-RES-2011-871,,(new),"WOULD MINT"
41500,CON-RES-2011-888,,(new),"WOULD MINT"
41501,CON-RES-2011-811,,(new),"WOULD MINT"
41502,CON-RES-2011-815,,(new),"WOULD MINT"
41503,CON-RES-2011-880,,(new),"WOULD MINT"
41504,CON-RES-2011-904,,(new),"WOULD MINT"
41505,CON-RES-2011-905,,(new),"WOULD MINT"
41506,CON-RES-2011-907,,(new),"WOULD MINT"
41507,CON-RES-2011-911,,(new),"WOULD MINT"
41508,CON-RES-2011-879,,(new),"WOULD MINT"
41509,CON-RES-2011-916,,(new),"WOULD MINT"
41510,CON-RES-2011-917,,(new),"WOULD MINT"
41511,CON-RES-2011-877,,(new),"WOULD MINT"
41512,CON-RES-2011-918,,(new),"WOULD MINT"
41513,CON-RES-2011-919,,(new),"WOULD MINT"
41514,CON-RES-2011-920,,(new),"WOULD MINT"
41515,CON-RES-2011-897,,(new),"WOULD MINT"
41516,CON-RES-2011-922,,(new),"WOULD MINT"
41517,CON-RES-2011-921,,(new),"WOULD MINT"
41518,CON-RES-2011-878,,(new),"WOULD MINT"
41519,CON-RES-2011-923,,(new),"WOULD MINT"
41520,CON-RES-2011-914,,(new),"WOULD MINT"
41521,CON-RES-2011-895,,(new),"WOULD MINT"
41522,CON-RES-2011-915,,(new),"WOULD MINT"
41523,CON-RES-2011-912,,(new),"WOULD MINT"
41524,CON-RES-2011-913,,(new),"WOULD MINT"
41525,CON-RES-2011-930,,(new),"WOULD MINT"
41526,CON-RES-2011-929,,(new),"WOULD MINT"
41527,CON-RES-2011-222,,(new),"WOULD MINT"
41528,CON-RES-2011-934,,(new),"WOULD MINT"
41529,CON-RES-2011-1095,,(new),"WOULD MINT"
41530,CON-RES-2011-299,,(new),"WOULD MINT"
41531,CON-RES-2011-1094,,(new),"WOULD MINT"
41532,CON-RES-2011-1098,,(new),"WOULD MINT"
41533,CON-RES-2011-252,,(new),"WOULD MINT"
41534,CON-RES-2011-1097,,(new),"WOULD MINT"
41535,CON-RES-2011-1096,,(new),"WOULD MINT"
41536,CON-RES-2011-939,,(new),"WOULD MINT"
41537,CON-RES-2011-235,,(new),"WOULD MINT"
41538,CON-RES-2011-936,,(new),"WOULD MINT"
41539,CON-RES-2011-947,,(new),"WOULD MINT"
41540,CON-RES-2011-236,,(new),"WOULD MINT"
41541,CON-COM-2011-1040,,(new),"WOULD MINT"
41542,CON-RES-2011-906,,(new),"WOULD MINT"
41543,CON-RES-2011-40,,(new),"WOULD MINT"
41544,CON-RES-2011-41,,(new),"WOULD MINT"
41545,CON-RES-2011-1099,,(new),"WOULD MINT"
41546,CON-RES-2011-910,,(new),"WOULD MINT"
41547,CON-RES-2011-42,,(new),"WOULD MINT"
41548,CON-RES-2011-909,,(new),"WOULD MINT"
41549,CON-RES-2011-43,,(new),"WOULD MINT"
41550,CON-RES-2011-908,,(new),"WOULD MINT"
41552,CON-RES-2011-691,,(new),"WOULD MINT"
41553,CON-RES-2011-45,,(new),"WOULD MINT"
41554,CON-RES-2011-692,,(new),"WOULD MINT"
41555,CON-RES-2011-693,,(new),"WOULD MINT"
41556,CON-RES-2011-694,,(new),"WOULD MINT"
41557,CON-RES-2011-46,,(new),"WOULD MINT"
41558,CON-RES-2011-689,,(new),"WOULD MINT"
41559,CON-RES-2011-687,,(new),"WOULD MINT"
41560,CON-RES-2011-945,,(new),"WOULD MINT"
41561,CON-RES-2011-1765,,(new),"WOULD MINT"
41562,CON-RES-2011-1716,,(new),"WOULD MINT"
41563,CON-RES-2011-1168,,(new),"WOULD MINT"
41564,CON-RES-2011-1715,,(new),"WOULD MINT"
41565,CON-RES-2011-1711,,(new),"WOULD MINT"
41566,CON-RES-2011-1585,,(new),"WOULD MINT"
41567,CON-RES-2011-1785,,(new),"WOULD MINT"
41568,CON-RES-2011-1001,,(new),"WOULD MINT"
41569,CON-RES-2011-1552,,(new),"WOULD MINT"
41570,CON-RES-2011-1900,,(new),"WOULD MINT"
41571,CON-RES-2011-1086,,(new),"WOULD MINT"
41572,CON-RES-2011-1867,,(new),"WOULD MINT"
41573,CON-RES-2011-1074,,(new),"WOULD MINT"
41574,CON-RES-2011-1019,,(new),"WOULD MINT"
41575,CON-RES-2011-1326,,(new),"WOULD MINT"
41576,CON-RES-2011-1399,,(new),"WOULD MINT"
41577,CON-RES-2011-1889,,(new),"WOULD MINT"
41578,CON-RES-2011-1392,,(new),"WOULD MINT"
41579,CON-RES-2011-1866,,(new),"WOULD MINT"
41580,CON-RES-2010-167,,(new),"WOULD MINT"
41581,CON-RES-2010-169,,(new),"WOULD MINT"
41582,CON-RES-2010-173,,(new),"WOULD MINT"
41583,CON-RES-2010-177,,(new),"WOULD MINT"
41584,CON-RES-2010-181,,(new),"WOULD MINT"
41585,CON-RES-2010-208,,(new),"WOULD MINT"
41586,CON-RES-2010-176,,(new),"WOULD MINT"
41587,CON-RES-2010-294,,(new),"WOULD MINT"
41588,CON-RES-2007-348,,(new),"WOULD MINT"
41589,CON-RES-2010-909,,(new),"WOULD MINT"
41590,CON-RES-2010-1130,,(new),"WOULD MINT"
41591,CON-RES-2010-918,,(new),"WOULD MINT"
41592,CON-RES-2010-929,,(new),"WOULD MINT"
41593,CON-RES-2010-934,,(new),"WOULD MINT"
41594,CON-RES-2010-246,,(new),"WOULD MINT"
41595,CON-RES-2007-55,,(new),"WOULD MINT"
41596,CON-RES-2011-668,,(new),"WOULD MINT"
41597,CON-RES-2010-1067,,(new),"WOULD MINT"
41598,CON-RES-2011-671,,(new),"WOULD MINT"
41599,CON-RES-2011-672,,(new),"WOULD MINT"
41600,CON-RES-2010-233,,(new),"WOULD MINT"
41601,CON-RES-2010-1082,,(new),"WOULD MINT"
41602,CON-RES-2007-164,,(new),"WOULD MINT"
41603,CON-RES-2010-826,,(new),"WOULD MINT"
41604,CON-RES-2011-651,,(new),"WOULD MINT"
41605,CON-RES-2010-207,,(new),"WOULD MINT"
41606,CON-RES-2011-679,,(new),"WOULD MINT"
41607,CON-RES-2010-216,,(new),"WOULD MINT"
41608,CON-RES-2007-82,,(new),"WOULD MINT"
41609,CON-RES-2010-238,,(new),"WOULD MINT"
41610,CON-RES-2011-695,,(new),"WOULD MINT"
41611,CON-RES-2010-287,,(new),"WOULD MINT"
41612,CON-RES-2011-688,,(new),"WOULD MINT"
41613,CON-RES-2010-249,,(new),"WOULD MINT"
41614,CON-RES-2007-275,,(new),"WOULD MINT"
41615,CON-RES-2010-293,,(new),"WOULD MINT"
41616,CON-RES-2011-669,,(new),"WOULD MINT"
41617,CON-RES-2010-206,,(new),"WOULD MINT"
41618,CON-RES-2010-335,,(new),"WOULD MINT"
41619,CON-RES-2011-700,,(new),"WOULD MINT"
41620,CON-RES-2011-685,,(new),"WOULD MINT"
41621,CON-RES-2010-337,,(new),"WOULD MINT"
41622,CON-RES-2011-664,,(new),"WOULD MINT"
41623,CON-RES-2011-219,,(new),"WOULD MINT"
41624,CON-RES-2010-315,,(new),"WOULD MINT"
41625,CON-RES-2010-219,,(new),"WOULD MINT"
41626,CON-RES-2011-215,,(new),"WOULD MINT"
41627,CON-RES-2007-94,,(new),"WOULD MINT"
41628,CON-RES-2011-227,,(new),"WOULD MINT"
41629,CON-RES-2011-253,,(new),"WOULD MINT"
41630,CON-RES-2010-1087,,(new),"WOULD MINT"
41631,CON-RES-2011-686,,(new),"WOULD MINT"
41632,CON-RES-2010-376,,(new),"WOULD MINT"
41633,CON-RES-2007-76,,(new),"WOULD MINT"
41634,CON-RES-2011-496,,(new),"WOULD MINT"
41635,CON-RES-2011-265,,(new),"WOULD MINT"
41636,CON-RES-2011-284,,(new),"WOULD MINT"
41637,CON-RES-2010-375,,(new),"WOULD MINT"
41638,CON-RES-2007-65,,(new),"WOULD MINT"
41639,CON-RES-2011-684,,(new),"WOULD MINT"
41640,CON-RES-2011-291,,(new),"WOULD MINT"
41641,CON-RES-2010-189,,(new),"WOULD MINT"
41642,CON-RES-2011-697,,(new),"WOULD MINT"
41643,CON-RES-2011-293,,(new),"WOULD MINT"
41644,CON-RES-2011-676,,(new),"WOULD MINT"
41645,CON-RES-2011-698,,(new),"WOULD MINT"
41646,CON-RES-2007-52,,(new),"WOULD MINT"
41647,CON-RES-2011-670,,(new),"WOULD MINT"
41648,CON-RES-2011-295,,(new),"WOULD MINT"
41649,CON-RES-2011-660,,(new),"WOULD MINT"
41650,CON-RES-2010-1086,,(new),"WOULD MINT"
41651,CON-RES-2011-680,,(new),"WOULD MINT"
41652,CON-RES-2011-887,,(new),"WOULD MINT"
41653,CON-RES-2011-2155,,(new),"WOULD MINT"
41654,CON-RES-2011-886,,(new),"WOULD MINT"
41655,CON-RES-2011-296,,(new),"WOULD MINT"
41656,CON-RES-2011-273,,(new),"WOULD MINT"
41657,CON-RES-2011-885,,(new),"WOULD MINT"
41658,CON-RES-2011-1975,,(new),"WOULD MINT"
41659,CON-RES-2010-896,,(new),"WOULD MINT"
41660,CON-RES-2011-428,,(new),"WOULD MINT"
41661,CON-RES-2011-276,,(new),"WOULD MINT"
41662,CON-RES-2011-884,,(new),"WOULD MINT"
41663,CON-RES-2011-1969,,(new),"WOULD MINT"
41664,CON-RES-2011-297,,(new),"WOULD MINT"
41665,CON-RES-2010-366,,(new),"WOULD MINT"
41666,CON-RES-2011-482,,(new),"WOULD MINT"
41667,CON-RES-2011-277,,(new),"WOULD MINT"
41668,CON-RES-2011-1953,,(new),"WOULD MINT"
41669,CON-RES-2010-369,,(new),"WOULD MINT"
41670,CON-RES-2011-434,,(new),"WOULD MINT"
41671,CON-RES-2011-211,,(new),"WOULD MINT"
41672,CON-RES-2011-1952,,(new),"WOULD MINT"
41673,CON-RES-2010-312,,(new),"WOULD MINT"
41674,CON-RES-2011-865,,(new),"WOULD MINT"
41675,CON-RES-2001-210,,(new),"WOULD MINT"
41676,CON-RES-2011-892,,(new),"WOULD MINT"
41677,CON-RES-2011-435,,(new),"WOULD MINT"
41678,CON-RES-2011-226,,(new),"WOULD MINT"
41679,CON-RES-2011-470,,(new),"WOULD MINT"
41680,CON-RES-2011-437,,(new),"WOULD MINT"
41681,CON-RES-2011-283,,(new),"WOULD MINT"
41682,CON-RES-2011-1999,,(new),"WOULD MINT"
41683,CON-RES-2011-528,,(new),"WOULD MINT"
41684,CON-RES-2011-436,,(new),"WOULD MINT"
41685,CON-RES-2011-225,,(new),"WOULD MINT"
41686,CON-RES-2010-310,,(new),"WOULD MINT"
41687,CON-RES-2010-248,,(new),"WOULD MINT"
41688,CON-RES-2011-546,,(new),"WOULD MINT"
41689,CON-RES-2011-439,,(new),"WOULD MINT"
41690,CON-RES-2011-816,,(new),"WOULD MINT"
41691,CON-RES-2011-248,,(new),"WOULD MINT"
41692,CON-RES-2011-442,,(new),"WOULD MINT"
41693,CON-RES-2011-224,,(new),"WOULD MINT"
41694,CON-RES-2011-817,,(new),"WOULD MINT"
41695,CON-RES-2010-378,,(new),"WOULD MINT"
41696,CON-RES-2011-209,,(new),"WOULD MINT"
41697,CON-RES-2011-818,,(new),"WOULD MINT"
41698,CON-RES-2010-388,,(new),"WOULD MINT"
41699,CON-RES-2011-540,,(new),"WOULD MINT"
41700,CON-RES-2011-231,,(new),"WOULD MINT"
41701,CON-RES-2011-819,,(new),"WOULD MINT"
41702,CON-RES-2011-230,,(new),"WOULD MINT"
41703,CON-RES-2011-282,,(new),"WOULD MINT"
41704,CON-RES-2011-820,,(new),"WOULD MINT"
41705,CON-RES-2011-558,,(new),"WOULD MINT"
41706,CON-RES-2011-229,,(new),"WOULD MINT"
41707,CON-RES-2011-1996,,(new),"WOULD MINT"
41708,CON-RES-2011-821,,(new),"WOULD MINT"
41709,CON-RES-2010-374,,(new),"WOULD MINT"
41710,CON-RES-2011-500,,(new),"WOULD MINT"
41711,CON-RES-2011-285,,(new),"WOULD MINT"
41712,CON-RES-2011-1993,,(new),"WOULD MINT"
41713,CON-RES-2011-822,,(new),"WOULD MINT"
41714,CON-RES-2011-541,,(new),"WOULD MINT"
41715,CON-RES-2011-504,,(new),"WOULD MINT"
41716,CON-RES-2011-542,,(new),"WOULD MINT"
41717,CON-RES-2011-228,,(new),"WOULD MINT"
41718,CON-RES-2011-823,,(new),"WOULD MINT"
41719,CON-RES-2010-373,,(new),"WOULD MINT"
41720,CON-RES-2011-1992,,(new),"WOULD MINT"
41721,CON-RES-2011-212,,(new),"WOULD MINT"
41722,CON-RES-2011-824,,(new),"WOULD MINT"
41723,CON-RES-2011-505,,(new),"WOULD MINT"
41724,CON-RES-2011-563,,(new),"WOULD MINT"
41725,CON-RES-2010-384,,(new),"WOULD MINT"
41726,CON-RES-2011-825,,(new),"WOULD MINT"
41727,CON-RES-2011-262,,(new),"WOULD MINT"
41728,CON-RES-2011-286,,(new),"WOULD MINT"
41729,CON-RES-2011-827,,(new),"WOULD MINT"
41730,CON-RES-2010-385,,(new),"WOULD MINT"
41731,CON-RES-2011-829,,(new),"WOULD MINT"
41732,CON-RES-2011-261,,(new),"WOULD MINT"
41733,CON-RES-2011-543,,(new),"WOULD MINT"
41734,CON-RES-2011-287,,(new),"WOULD MINT"
41735,CON-RES-2010-386,,(new),"WOULD MINT"
41736,CON-RES-2011-443,,(new),"WOULD MINT"
41737,CON-RES-2011-444,,(new),"WOULD MINT"
41738,CON-RES-2011-1991,,(new),"WOULD MINT"
41739,CON-RES-2011-445,,(new),"WOULD MINT"
41740,CON-RES-2011-830,,(new),"WOULD MINT"
41741,CON-RES-2010-382,,(new),"WOULD MINT"
41742,CON-RES-2011-544,,(new),"WOULD MINT"
41743,CON-RES-2011-288,,(new),"WOULD MINT"
41744,CON-RES-2011-446,,(new),"WOULD MINT"
41745,CON-RES-2011-1990,,(new),"WOULD MINT"
41746,CON-RES-2011-831,,(new),"WOULD MINT"
41747,CON-RES-2011-447,,(new),"WOULD MINT"
41748,CON-RES-2011-448,,(new),"WOULD MINT"
41749,CON-RES-2011-290,,(new),"WOULD MINT"
41750,CON-RES-2011-449,,(new),"WOULD MINT"
41751,CON-RES-2011-835,,(new),"WOULD MINT"
41752,CON-RES-2011-450,,(new),"WOULD MINT"
41753,CON-RES-2011-547,,(new),"WOULD MINT"
41754,CON-RES-2011-454,,(new),"WOULD MINT"
41755,CON-RES-2011-837,,(new),"WOULD MINT"
41756,CON-RES-2011-459,,(new),"WOULD MINT"
41757,CON-RES-2011-461,,(new),"WOULD MINT"
41758,CON-RES-2011-551,,(new),"WOULD MINT"
41759,CON-RES-2011-460,,(new),"WOULD MINT"
41760,CON-RES-2011-216,,(new),"WOULD MINT"
41761,CON-RES-2011-1989,,(new),"WOULD MINT"
41762,CON-RES-2011-468,,(new),"WOULD MINT"
41763,CON-RES-2011-552,,(new),"WOULD MINT"
41764,CON-RES-2007-455,,(new),"WOULD MINT"
41765,CON-RES-2011-469,,(new),"WOULD MINT"
41766,CON-RES-2011-1988,,(new),"WOULD MINT"
41767,CON-RES-2011-472,,(new),"WOULD MINT"
41768,CON-RES-2011-556,,(new),"WOULD MINT"
41769,CON-RES-2011-1528,,(new),"WOULD MINT"
41770,CON-RES-2011-477,,(new),"WOULD MINT"
41771,CON-RES-2011-850,,(new),"WOULD MINT"
41772,CON-RES-2011-481,,(new),"WOULD MINT"
41773,CON-RES-2011-557,,(new),"WOULD MINT"
41774,CON-RES-2011-488,,(new),"WOULD MINT"
41775,CON-RES-2011-1527,,(new),"WOULD MINT"
41776,CON-RES-2011-851,,(new),"WOULD MINT"
41777,CON-RES-2011-486,,(new),"WOULD MINT"
41778,CON-RES-2011-571,,(new),"WOULD MINT"
41779,CON-RES-2011-490,,(new),"WOULD MINT"
41780,CON-RES-2011-853,,(new),"WOULD MINT"
41781,CON-RES-2011-491,,(new),"WOULD MINT"
41782,CON-RES-2011-1971,,(new),"WOULD MINT"
41783,CON-RES-2011-854,,(new),"WOULD MINT"
41784,CON-RES-2011-583,,(new),"WOULD MINT"
41785,CON-RES-2011-494,,(new),"WOULD MINT"
41786,CON-RES-2011-1526,,(new),"WOULD MINT"
41787,CON-RES-2011-495,,(new),"WOULD MINT"
41788,CON-RES-2011-855,,(new),"WOULD MINT"
41789,CON-RES-2011-498,,(new),"WOULD MINT"
41790,CON-RES-2011-584,,(new),"WOULD MINT"
41791,CON-RES-2011-1525,,(new),"WOULD MINT"
41792,CON-RES-2011-499,,(new),"WOULD MINT"
41793,CON-RES-2011-857,,(new),"WOULD MINT"
41794,CON-RES-2011-1987,,(new),"WOULD MINT"
41795,CON-RES-2011-858,,(new),"WOULD MINT"
41796,CON-RES-2011-47,,(new),"WOULD MINT"
41797,CON-RES-2011-263,,(new),"WOULD MINT"
41798,CON-RES-2011-1524,,(new),"WOULD MINT"
41799,CON-RES-2011-862,,(new),"WOULD MINT"
41800,CON-RES-2011-593,,(new),"WOULD MINT"
41801,CON-RES-2011-452,,(new),"WOULD MINT"
41802,CON-RES-2011-864,,(new),"WOULD MINT"
41803,CON-RES-2011-1523,,(new),"WOULD MINT"
41804,CON-RES-2011-268,,(new),"WOULD MINT"
41805,CON-RES-2011-866,,(new),"WOULD MINT"
41806,CON-RES-2011-594,,(new),"WOULD MINT"
41807,CON-RES-2011-1522,,(new),"WOULD MINT"
41808,CON-RES-2011-868,,(new),"WOULD MINT"
41809,CON-RES-2011-1986,,(new),"WOULD MINT"
41810,CON-RES-2011-595,,(new),"WOULD MINT"
41811,CON-RES-2011-255,,(new),"WOULD MINT"
41812,CON-RES-2011-1521,,(new),"WOULD MINT"
41813,CON-RES-2011-870,,(new),"WOULD MINT"
41814,CON-RES-2011-257,,(new),"WOULD MINT"
41815,CON-RES-2011-596,,(new),"WOULD MINT"
41816,CON-RES-2011-516,,(new),"WOULD MINT"
41817,CON-RES-2011-901,,(new),"WOULD MINT"
41818,CON-RES-2011-1600,,(new),"WOULD MINT"
41819,CON-RES-2011-941,,(new),"WOULD MINT"
41820,CON-RES-2011-1936,,(new),"WOULD MINT"
41821,CON-RES-2011-597,,(new),"WOULD MINT"
41822,CON-RES-2011-1533,,(new),"WOULD MINT"
41823,CON-RES-2011-873,,(new),"WOULD MINT"
41824,CON-RES-2011-521,,(new),"WOULD MINT"
41825,CON-RES-2011-256,,(new),"WOULD MINT"
41826,CON-RES-2011-874,,(new),"WOULD MINT"
41827,CON-RES-2011-942,,(new),"WOULD MINT"
41828,CON-RES-2011-1532,,(new),"WOULD MINT"
41829,CON-RES-2011-1985,,(new),"WOULD MINT"
41830,CON-RES-2011-404,,(new),"WOULD MINT"
41831,CON-RES-2011-970,,(new),"WOULD MINT"
41832,CON-RES-2011-514,,(new),"WOULD MINT"
41833,CON-RES-2011-598,,(new),"WOULD MINT"
41834,CON-RES-2011-972,,(new),"WOULD MINT"
41835,CON-RES-2011-875,,(new),"WOULD MINT"
41836,CON-RES-2011-1535,,(new),"WOULD MINT"
41837,CON-RES-2011-513,,(new),"WOULD MINT"
41838,CON-RES-2011-457,,(new),"WOULD MINT"
41839,CON-RES-2011-973,,(new),"WOULD MINT"
41840,CON-RES-2011-462,,(new),"WOULD MINT"
41841,CON-RES-2011-511,,(new),"WOULD MINT"
41842,CON-RES-2011-801,,(new),"WOULD MINT"
41843,CON-RES-2011-463,,(new),"WOULD MINT"
41844,CON-RES-2011-510,,(new),"WOULD MINT"
41845,CON-RES-2011-935,,(new),"WOULD MINT"
41846,CON-RES-2011-599,,(new),"WOULD MINT"
41847,CON-RES-2011-1534,,(new),"WOULD MINT"
41848,CON-RES-2011-464,,(new),"WOULD MINT"
41849,CON-RES-2011-251,,(new),"WOULD MINT"
41850,CON-RES-2011-512,,(new),"WOULD MINT"
41851,CON-RES-2011-848,,(new),"WOULD MINT"
41852,CON-RES-2011-466,,(new),"WOULD MINT"
41853,CON-RES-2011-522,,(new),"WOULD MINT"
41854,CON-RES-2011-969,,(new),"WOULD MINT"
41855,CON-RES-2011-467,,(new),"WOULD MINT"
41856,CON-RES-2011-849,,(new),"WOULD MINT"
41857,CON-RES-2011-524,,(new),"WOULD MINT"
41858,CON-RES-2011-473,,(new),"WOULD MINT"
41859,CON-RES-2011-525,,(new),"WOULD MINT"
41860,CON-RES-2011-234,,(new),"WOULD MINT"
41861,CON-RES-2011-478,,(new),"WOULD MINT"
41862,CON-RES-2011-967,,(new),"WOULD MINT"
41863,CON-RES-2011-534,,(new),"WOULD MINT"
41864,CON-RES-2011-1520,,(new),"WOULD MINT"
41865,CON-RES-2011-489,,(new),"WOULD MINT"
41866,CON-RES-2011-876,,(new),"WOULD MINT"
41867,CON-RES-2011-497,,(new),"WOULD MINT"
41868,CON-RES-2011-535,,(new),"WOULD MINT"
41869,CON-RES-2011-532,,(new),"WOULD MINT"
41870,CON-RES-2011-1519,,(new),"WOULD MINT"
41871,CON-RES-2011-537,,(new),"WOULD MINT"
41872,CON-RES-2011-966,,(new),"WOULD MINT"
41873,CON-RES-2011-538,,(new),"WOULD MINT"
41874,CON-RES-2011-503,,(new),"WOULD MINT"
41875,CON-RES-2011-1503,,(new),"WOULD MINT"
41876,CON-RES-2011-881,,(new),"WOULD MINT"
41877,CON-RES-2011-965,,(new),"WOULD MINT"
41878,CON-RES-2011-539,,(new),"WOULD MINT"
41879,CON-RES-2011-882,,(new),"WOULD MINT"
41880,CON-RES-2011-531,,(new),"WOULD MINT"
41881,CON-RES-2011-964,,(new),"WOULD MINT"
41882,CON-RES-2011-1502,,(new),"WOULD MINT"
41883,CON-RES-2011-883,,(new),"WOULD MINT"
41884,CON-RES-2011-963,,(new),"WOULD MINT"
41885,CON-RES-2011-1501,,(new),"WOULD MINT"
41886,CON-RES-2011-271,,(new),"WOULD MINT"
41887,CON-RES-2011-889,,(new),"WOULD MINT"
41888,CON-RES-2011-903,,(new),"WOULD MINT"
41889,CON-RES-2011-1595,,(new),"WOULD MINT"
41890,CON-RES-2011-890,,(new),"WOULD MINT"
41891,CON-RES-2011-575,,(new),"WOULD MINT"
41892,CON-RES-2011-572,,(new),"WOULD MINT"
41893,CON-RES-2011-554,,(new),"WOULD MINT"
41894,CON-RES-2011-1596,,(new),"WOULD MINT"
41895,CON-RES-2011-891,,(new),"WOULD MINT"
41896,CON-RES-2011-501,,(new),"WOULD MINT"
41897,CON-RES-2011-1597,,(new),"WOULD MINT"
41898,CON-RES-2011-570,,(new),"WOULD MINT"
41899,CON-RES-2011-550,,(new),"WOULD MINT"
41900,CON-RES-2011-527,,(new),"WOULD MINT"
41901,CON-RES-2011-548,,(new),"WOULD MINT"
41902,CON-RES-2011-260,,(new),"WOULD MINT"
41903,CON-RES-2011-567,,(new),"WOULD MINT"
41904,CON-RES-2011-565,,(new),"WOULD MINT"
41905,CON-RES-2011-549,,(new),"WOULD MINT"
41906,CON-RES-2011-1598,,(new),"WOULD MINT"
41907,CON-RES-2011-585,,(new),"WOULD MINT"
41908,CON-RES-2011-1599,,(new),"WOULD MINT"
41909,CON-RES-2011-566,,(new),"WOULD MINT"
41910,CON-RES-2011-555,,(new),"WOULD MINT"
41911,CON-RES-2011-893,,(new),"WOULD MINT"
41912,CON-RES-2011-553,,(new),"WOULD MINT"
41913,CON-RES-2011-1529,,(new),"WOULD MINT"
41914,CON-RES-2011-568,,(new),"WOULD MINT"
41915,CON-RES-2011-898,,(new),"WOULD MINT"
41916,CON-RES-2011-270,,(new),"WOULD MINT"
41917,CON-RES-2011-577,,(new),"WOULD MINT"
41918,CON-RES-2011-1531,,(new),"WOULD MINT"
41919,CON-RES-2011-564,,(new),"WOULD MINT"
41920,CON-RES-2011-578,,(new),"WOULD MINT"
41921,CON-RES-2011-242,,(new),"WOULD MINT"
41922,CON-RES-2011-569,,(new),"WOULD MINT"
41923,CON-RES-2011-900,,(new),"WOULD MINT"
41924,CON-RES-2011-520,,(new),"WOULD MINT"
41925,CON-RES-2011-519,,(new),"WOULD MINT"
41926,CON-RES-2011-243,,(new),"WOULD MINT"
41927,CON-RES-2011-518,,(new),"WOULD MINT"
41928,CON-RES-2011-1504,,(new),"WOULD MINT"
41929,CON-RES-2011-536,,(new),"WOULD MINT"
41930,CON-RES-2011-1508,,(new),"WOULD MINT"
41931,CON-RES-2011-213,,(new),"WOULD MINT"
41932,CON-RES-2011-573,,(new),"WOULD MINT"
41933,CON-RES-2011-214,,(new),"WOULD MINT"
41934,CON-RES-2011-1507,,(new),"WOULD MINT"
41935,CON-RES-2011-1510,,(new),"WOULD MINT"
41936,CON-RES-2011-1959,,(new),"WOULD MINT"
41937,CON-RES-2011-1978,,(new),"WOULD MINT"
41938,CON-RES-2011-1973,,(new),"WOULD MINT"
41939,CON-RES-2011-1977,,(new),"WOULD MINT"
41940,CON-RES-2011-1995,,(new),"WOULD MINT"
41941,CON-RES-2011-523,,(new),"WOULD MINT"
41942,CON-RES-2011-1980,,(new),"WOULD MINT"
41943,CON-RES-2011-517,,(new),"WOULD MINT"
41944,CON-RES-2011-533,,(new),"WOULD MINT"
41945,CON-RES-2011-1963,,(new),"WOULD MINT"
41946,CON-RES-2011-545,,(new),"WOULD MINT"
41947,CON-RES-2011-1509,,(new),"WOULD MINT"
41948,CON-RES-2011-1974,,(new),"WOULD MINT"
41949,CON-RES-2011-529,,(new),"WOULD MINT"
41950,CON-RES-2011-1972,,(new),"WOULD MINT"
41951,CON-RES-2011-515,,(new),"WOULD MINT"
41952,CON-RES-2011-1954,,(new),"WOULD MINT"
41953,CON-RES-2011-561,,(new),"WOULD MINT"
41954,CON-RES-2011-560,,(new),"WOULD MINT"
41955,CON-RES-2011-1514,,(new),"WOULD MINT"
41956,CON-RES-2011-1951,,(new),"WOULD MINT"
41957,CON-RES-2011-1950,,(new),"WOULD MINT"
41958,CON-RES-2011-1970,,(new),"WOULD MINT"
41959,CON-RES-2011-1513,,(new),"WOULD MINT"
41960,CON-RES-2011-1512,,(new),"WOULD MINT"
41961,CON-RES-2011-1960,,(new),"WOULD MINT"
41962,CON-RES-2011-1511,,(new),"WOULD MINT"
41963,CON-RES-2011-1958,,(new),"WOULD MINT"
41964,CON-RES-2011-1515,,(new),"WOULD MINT"
41965,CON-RES-2011-1518,,(new),"WOULD MINT"
41966,CON-RES-2011-1955,,(new),"WOULD MINT"
41967,CON-RES-2011-1517,,(new),"WOULD MINT"
41968,CON-RES-2011-1957,,(new),"WOULD MINT"
41969,CON-RES-2011-1516,,(new),"WOULD MINT"
41970,CON-RES-2011-1506,,(new),"WOULD MINT"
41971,CON-RES-2011-1956,,(new),"WOULD MINT"
41972,CON-RES-2011-1505,,(new),"WOULD MINT"
41973,CON-RES-2011-1965,,(new),"WOULD MINT"
41974,CON-RES-2011-1230,,(new),"WOULD MINT"
41975,CON-RES-2011-1205,,(new),"WOULD MINT"
41976,CON-RES-2011-1218,,(new),"WOULD MINT"
41977,CON-RES-2011-1204,,(new),"WOULD MINT"
41978,CON-RES-2011-1203,,(new),"WOULD MINT"
41979,CON-RES-2011-1206,,(new),"WOULD MINT"
41980,CON-RES-2011-1207,,(new),"WOULD MINT"
41981,CON-RES-2011-1208,,(new),"WOULD MINT"
41982,CON-RES-2011-1209,,(new),"WOULD MINT"
41983,CON-RES-2011-1236,,(new),"WOULD MINT"
41984,CON-RES-2011-1231,,(new),"WOULD MINT"
41985,CON-RES-2011-32,,(new),"WOULD MINT"
41986,CON-RES-2011-1233,,(new),"WOULD MINT"
41987,CON-RES-2011-1234,,(new),"WOULD MINT"
41988,CON-RES-2011-1235,,(new),"WOULD MINT"
41989,CON-RES-2011-1216,,(new),"WOULD MINT"
41990,CON-RES-2011-1215,,(new),"WOULD MINT"
41991,CON-RES-2011-1214,,(new),"WOULD MINT"
41992,CON-RES-2011-1296,,(new),"WOULD MINT"
41993,CON-RES-2011-1290,,(new),"WOULD MINT"
41994,CON-RES-2011-1291,,(new),"WOULD MINT"
41995,CON-RES-2011-1292,,(new),"WOULD MINT"
41996,CON-RES-2011-1270,,(new),"WOULD MINT"
41997,CON-RES-2011-1227,,(new),"WOULD MINT"
41998,CON-RES-2011-1226,,(new),"WOULD MINT"
41999,CON-RES-2011-1212,,(new),"WOULD MINT"
42000,CON-RES-2011-1211,,(new),"WOULD MINT"
42001,CON-RES-2011-1210,,(new),"WOULD MINT"
42002,CON-RES-2011-1219,,(new),"WOULD MINT"
42003,CON-RES-2011-1225,,(new),"WOULD MINT"
42004,CON-RES-2011-1224,,(new),"WOULD MINT"
42005,CON-RES-2011-1223,,(new),"WOULD MINT"
42006,CON-RES-2011-1222,,(new),"WOULD MINT"
42007,CON-RES-2011-1248,,(new),"WOULD MINT"
42008,CON-RES-2011-1247,,(new),"WOULD MINT"
42009,CON-RES-2011-1246,,(new),"WOULD MINT"
42010,CON-RES-2011-1245,,(new),"WOULD MINT"
42011,CON-RES-2011-1244,,(new),"WOULD MINT"
42012,CON-RES-2011-1243,,(new),"WOULD MINT"
42013,CON-RES-2011-1242,,(new),"WOULD MINT"
42014,CON-RES-2011-1241,,(new),"WOULD MINT"
42015,CON-RES-2011-1284,,(new),"WOULD MINT"
42016,CON-RES-2011-1283,,(new),"WOULD MINT"
42017,CON-RES-2011-1282,,(new),"WOULD MINT"
42018,CON-RES-2011-1254,,(new),"WOULD MINT"
42019,CON-RES-2011-1253,,(new),"WOULD MINT"
42020,CON-RES-2011-1213,,(new),"WOULD MINT"
42021,CON-RES-2011-1229,,(new),"WOULD MINT"
42022,CON-RES-2011-1228,,(new),"WOULD MINT"
42023,CON-RES-2011-1200,,(new),"WOULD MINT"
42024,CON-RES-2011-1199,,(new),"WOULD MINT"
42025,CON-RES-2011-786,,(new),"WOULD MINT"
42026,CON-RES-2011-787,,(new),"WOULD MINT"
42027,CON-RES-2011-764,,(new),"WOULD MINT"
42028,CON-RES-2011-769,,(new),"WOULD MINT"
42029,CON-RES-2011-770,,(new),"WOULD MINT"
42030,CON-RES-2011-777,,(new),"WOULD MINT"
42031,CON-RES-2011-779,,(new),"WOULD MINT"
42032,CON-RES-2011-780,,(new),"WOULD MINT"
42033,CON-RES-2011-355,,(new),"WOULD MINT"
42034,CON-RES-2011-723,,(new),"WOULD MINT"
42035,CON-RES-2011-788,,(new),"WOULD MINT"
42036,CON-RES-2011-781,,(new),"WOULD MINT"
42037,CON-RES-2011-778,,(new),"WOULD MINT"
42038,CON-RES-2011-776,,(new),"WOULD MINT"
42039,CON-RES-2011-774,,(new),"WOULD MINT"
42040,CON-RES-2011-742,,(new),"WOULD MINT"
42041,CON-RES-2011-732,,(new),"WOULD MINT"
42042,CON-RES-2011-762,,(new),"WOULD MINT"
42043,CON-RES-2011-794,,(new),"WOULD MINT"
42044,CON-RES-2011-795,,(new),"WOULD MINT"
42045,CON-RES-2011-789,,(new),"WOULD MINT"
42046,CON-RES-2011-790,,(new),"WOULD MINT"
42047,CON-RES-2011-791,,(new),"WOULD MINT"
42048,CON-RES-2011-1720,,(new),"WOULD MINT"
42049,CON-RES-2011-1718,,(new),"WOULD MINT"
42050,CON-RES-2011-1725,,(new),"WOULD MINT"
42051,CON-RES-2011-1727,,(new),"WOULD MINT"
42052,CON-RES-2011-1300,,(new),"WOULD MINT"
42053,CON-RES-2011-1288,,(new),"WOULD MINT"
42054,CON-RES-2011-1289,,(new),"WOULD MINT"
42055,CON-RES-2011-1286,,(new),"WOULD MINT"
42056,CON-RES-2011-1285,,(new),"WOULD MINT"
42057,CON-RES-2011-1287,,(new),"WOULD MINT"
42058,CON-RES-2011-1299,,(new),"WOULD MINT"
42059,CON-RES-2011-1249,,(new),"WOULD MINT"
42060,CON-RES-2011-1240,,(new),"WOULD MINT"
42061,CON-RES-2011-1264,,(new),"WOULD MINT"
42062,CON-RES-2011-1295,,(new),"WOULD MINT"
42063,CON-RES-2011-1298,,(new),"WOULD MINT"
42064,CON-RES-2011-1221,,(new),"WOULD MINT"
42065,CON-RES-2011-1220,,(new),"WOULD MINT"
42066,CON-RES-2011-1239,,(new),"WOULD MINT"
42067,CON-RES-2011-1238,,(new),"WOULD MINT"
42068,CON-RES-2011-1237,,(new),"WOULD MINT"
42069,CON-RES-2011-1297,,(new),"WOULD MINT"
42070,CON-RES-2011-1275,,(new),"WOULD MINT"
42071,CON-RES-2011-1271,,(new),"WOULD MINT"
42072,CON-RES-2011-1272,,(new),"WOULD MINT"
42073,CON-RES-2011-1273,,(new),"WOULD MINT"
42074,CON-RES-2011-1274,,(new),"WOULD MINT"
42075,CON-RES-2011-1280,,(new),"WOULD MINT"
42076,CON-RES-2011-1281,,(new),"WOULD MINT"
42077,CON-RES-2011-1258,,(new),"WOULD MINT"
42078,CON-RES-2011-1256,,(new),"WOULD MINT"
42079,CON-RES-2011-1257,,(new),"WOULD MINT"
42080,CON-RES-2011-1255,,(new),"WOULD MINT"
42081,CON-RES-2011-1217,,(new),"WOULD MINT"
42082,CON-RES-2011-1293,,(new),"WOULD MINT"
42083,CON-RES-2011-1294,,(new),"WOULD MINT"
42084,CON-RES-2011-1265,,(new),"WOULD MINT"
42085,CON-RES-2011-1266,,(new),"WOULD MINT"
42086,CON-RES-2011-1267,,(new),"WOULD MINT"
42087,CON-RES-2011-1268,,(new),"WOULD MINT"
42088,CON-RES-2011-1269,,(new),"WOULD MINT"
42089,CON-RES-2011-1278,,(new),"WOULD MINT"
42090,CON-RES-2011-1743,,(new),"WOULD MINT"
42091,CON-RES-2011-1742,,(new),"WOULD MINT"
42092,CON-RES-2011-1744,,(new),"WOULD MINT"
42093,CON-RES-2011-1745,,(new),"WOULD MINT"
42094,CON-RES-2011-1799,,(new),"WOULD MINT"
42095,CON-RES-2011-389,,(new),"WOULD MINT"
42096,CON-RES-2011-381,,(new),"WOULD MINT"
42097,CON-RES-2011-382,,(new),"WOULD MINT"
42098,CON-RES-2011-383,,(new),"WOULD MINT"
42099,CON-RES-2011-384,,(new),"WOULD MINT"
42100,CON-RES-2011-385,,(new),"WOULD MINT"
42101,CON-RES-2011-386,,(new),"WOULD MINT"
42102,CON-RES-2011-387,,(new),"WOULD MINT"
42103,CON-RES-2011-388,,(new),"WOULD MINT"
42104,CON-RES-2011-1663,,(new),"WOULD MINT"
42105,CON-RES-2011-1698,,(new),"WOULD MINT"
42106,CON-RES-2011-1679,,(new),"WOULD MINT"
42107,CON-RES-2011-1684,,(new),"WOULD MINT"
42108,CON-RES-2011-1630,,(new),"WOULD MINT"
42109,CON-RES-2011-1638,,(new),"WOULD MINT"
42110,CON-RES-2011-1664,,(new),"WOULD MINT"
42111,CON-RES-2011-1662,,(new),"WOULD MINT"
42112,CON-RES-2011-1661,,(new),"WOULD MINT"
42113,CON-RES-2011-1680,,(new),"WOULD MINT"
42114,CON-RES-2011-1688,,(new),"WOULD MINT"
42115,CON-RES-2011-1687,,(new),"WOULD MINT"
42116,CON-RES-2011-1686,,(new),"WOULD MINT"
42117,CON-RES-2011-1685,,(new),"WOULD MINT"
42118,CON-RES-2011-1673,,(new),"WOULD MINT"
42119,CON-RES-2011-1640,,(new),"WOULD MINT"
42120,CON-RES-2011-1637,,(new),"WOULD MINT"
42121,CON-RES-2011-1635,,(new),"WOULD MINT"
42122,CON-RES-2011-1634,,(new),"WOULD MINT"
42123,CON-RES-2011-1633,,(new),"WOULD MINT"
42124,CON-RES-2011-1629,,(new),"WOULD MINT"
42125,CON-RES-2011-1628,,(new),"WOULD MINT"
42126,CON-RES-2011-1627,,(new),"WOULD MINT"
42127,CON-RES-2011-1626,,(new),"WOULD MINT"
42128,CON-RES-2011-1625,,(new),"WOULD MINT"
42129,CON-RES-2011-1624,,(new),"WOULD MINT"
42130,CON-RES-2011-1623,,(new),"WOULD MINT"
42131,CON-RES-2011-1622,,(new),"WOULD MINT"
42132,CON-RES-2011-1621,,(new),"WOULD MINT"
42133,CON-RES-2011-1650,,(new),"WOULD MINT"
42134,CON-RES-2011-1677,,(new),"WOULD MINT"
42135,CON-RES-2011-1676,,(new),"WOULD MINT"
42136,CON-RES-2011-1675,,(new),"WOULD MINT"
42137,CON-RES-2011-1674,,(new),"WOULD MINT"
42138,CON-RES-2011-1772,,(new),"WOULD MINT"
42139,CON-RES-2011-1771,,(new),"WOULD MINT"
42140,CON-RES-2011-1770,,(new),"WOULD MINT"
42141,CON-RES-2011-1769,,(new),"WOULD MINT"
42142,CON-RES-2011-1768,,(new),"WOULD MINT"
42143,CON-RES-2011-1398,,(new),"WOULD MINT"
42144,CON-RES-2011-1750,,(new),"WOULD MINT"
42145,CON-RES-2011-1747,,(new),"WOULD MINT"
42146,CON-RES-2011-1776,,(new),"WOULD MINT"
42147,CON-RES-2011-1350,,(new),"WOULD MINT"
42148,CON-RES-2011-1706,,(new),"WOULD MINT"
42149,CON-RES-2011-1719,,(new),"WOULD MINT"
42150,CON-RES-2011-1700,,(new),"WOULD MINT"
42151,CON-RES-2011-1695,,(new),"WOULD MINT"
42152,CON-RES-2011-1696,,(new),"WOULD MINT"
42153,CON-RES-2011-1671,,(new),"WOULD MINT"
42154,CON-RES-2011-1690,,(new),"WOULD MINT"
42155,CON-RES-2011-1689,,(new),"WOULD MINT"
42156,CON-RES-2011-1672,,(new),"WOULD MINT"
42157,CON-RES-2011-1699,,(new),"WOULD MINT"
42158,CON-RES-2011-1681,,(new),"WOULD MINT"
42159,CON-RES-2011-1682,,(new),"WOULD MINT"
42160,CON-RES-2011-1683,,(new),"WOULD MINT"
42161,CON-RES-2011-1778,,(new),"WOULD MINT"
42162,CON-RES-2011-1777,,(new),"WOULD MINT"
42163,CON-RES-2011-1780,,(new),"WOULD MINT"
42164,CON-RES-2011-1784,,(new),"WOULD MINT"
42165,CON-RES-2011-1781,,(new),"WOULD MINT"
42166,CON-RES-2011-1782,,(new),"WOULD MINT"
42167,CON-RES-2011-1786,,(new),"WOULD MINT"
42168,CON-RES-2011-1795,,(new),"WOULD MINT"
42169,CON-RES-2011-1796,,(new),"WOULD MINT"
42170,CON-RES-2011-1797,,(new),"WOULD MINT"
42171,CON-RES-2011-1798,,(new),"WOULD MINT"
42172,CON-RES-2011-1788,,(new),"WOULD MINT"
42173,CON-RES-2011-1794,,(new),"WOULD MINT"
42174,CON-RES-2011-1793,,(new),"WOULD MINT"
42175,CON-RES-2011-1789,,(new),"WOULD MINT"
42176,CON-RES-2011-1790,,(new),"WOULD MINT"
42177,CON-RES-2011-1791,,(new),"WOULD MINT"
42178,CON-RES-2011-1792,,(new),"WOULD MINT"
42179,CON-RES-2011-1767,,(new),"WOULD MINT"
42180,CON-RES-2011-1766,,(new),"WOULD MINT"
42181,CON-RES-2011-1774,,(new),"WOULD MINT"
42182,CON-RES-2011-1773,,(new),"WOULD MINT"
42183,CON-RES-2011-1723,,(new),"WOULD MINT"
42184,CON-RES-2011-1728,,(new),"WOULD MINT"
42185,CON-RES-2011-1729,,(new),"WOULD MINT"
42186,CON-RES-2011-1734,,(new),"WOULD MINT"
42187,CON-RES-2011-1721,,(new),"WOULD MINT"
42188,CON-RES-2011-1710,,(new),"WOULD MINT"
42189,CON-RES-2011-1738,,(new),"WOULD MINT"
42190,CON-RES-2011-1726,,(new),"WOULD MINT"
42191,CON-RES-2011-1758,,(new),"WOULD MINT"
42192,CON-RES-2011-1759,,(new),"WOULD MINT"
42193,CON-RES-2011-1757,,(new),"WOULD MINT"
42194,CON-RES-2011-1756,,(new),"WOULD MINT"
42195,CON-RES-2011-1755,,(new),"WOULD MINT"
42196,CON-RES-2011-1760,,(new),"WOULD MINT"
42197,CON-RES-2011-1761,,(new),"WOULD MINT"
42198,CON-RES-2011-1762,,(new),"WOULD MINT"
42199,CON-RES-2011-1763,,(new),"WOULD MINT"
42200,CON-RES-2011-1764,,(new),"WOULD MINT"
42201,CON-RES-2011-1717,,(new),"WOULD MINT"
42202,CON-RES-2011-1746,,(new),"WOULD MINT"
42203,CON-RES-2011-1753,,(new),"WOULD MINT"
42204,CON-RES-2011-1739,,(new),"WOULD MINT"
42205,CON-RES-2011-1707,,(new),"WOULD MINT"
42206,CON-RES-2011-1748,,(new),"WOULD MINT"
42207,CON-RES-2011-1749,,(new),"WOULD MINT"
42208,CON-RES-2011-1736,,(new),"WOULD MINT"
42209,CON-RES-2011-1304,,(new),"WOULD MINT"
42210,CON-RES-2011-1359,,(new),"WOULD MINT"
42211,CON-RES-2011-1366,,(new),"WOULD MINT"
42212,CON-RES-2011-1309,,(new),"WOULD MINT"
42213,CON-RES-2011-1308,,(new),"WOULD MINT"
42214,CON-RES-2011-1307,,(new),"WOULD MINT"
42215,CON-RES-2011-1306,,(new),"WOULD MINT"
42216,CON-RES-2011-1305,,(new),"WOULD MINT"
42217,CON-RES-2011-1360,,(new),"WOULD MINT"
42218,CON-RES-2011-1361,,(new),"WOULD MINT"
42219,CON-RES-2011-1364,,(new),"WOULD MINT"
42220,CON-RES-2011-1365,,(new),"WOULD MINT"
42221,CON-RES-2011-1371,,(new),"WOULD MINT"
42222,CON-RES-2011-1370,,(new),"WOULD MINT"
42223,CON-RES-2011-1369,,(new),"WOULD MINT"
42224,CON-RES-2011-1368,,(new),"WOULD MINT"
42225,CON-RES-2011-1367,,(new),"WOULD MINT"
42226,CON-RES-2011-1808,,(new),"WOULD MINT"
42227,CON-RES-2011-1321,,(new),"WOULD MINT"
42228,CON-RES-2011-1322,,(new),"WOULD MINT"
42229,CON-RES-2011-1381,,(new),"WOULD MINT"
42230,CON-RES-2011-1380,,(new),"WOULD MINT"
42231,CON-RES-2011-1705,,(new),"WOULD MINT"
42232,CON-RES-2011-1722,,(new),"WOULD MINT"
42233,CON-RES-2011-1724,,(new),"WOULD MINT"
42234,CON-RES-2011-2114,,(new),"WOULD MINT"
42235,CON-RES-2011-1325,,(new),"WOULD MINT"
42236,CON-RES-2011-1997,,(new),"WOULD MINT"
42237,CON-RES-2011-1800,,(new),"WOULD MINT"
42238,CON-RES-2011-2117,,(new),"WOULD MINT"
42239,CON-RES-2011-1324,,(new),"WOULD MINT"
42240,CON-RES-2011-1998,,(new),"WOULD MINT"
42241,CON-RES-2011-2116,,(new),"WOULD MINT"
42242,CON-RES-2011-1318,,(new),"WOULD MINT"
42243,CON-RES-2011-2181,,(new),"WOULD MINT"
42244,CON-RES-2011-1922,,(new),"WOULD MINT"
42245,CON-RES-2011-1189,,(new),"WOULD MINT"
42246,CON-RES-2011-2182,,(new),"WOULD MINT"
42247,CON-RES-2011-1801,,(new),"WOULD MINT"
42248,CON-RES-2011-1317,,(new),"WOULD MINT"
42249,CON-RES-2011-1921,,(new),"WOULD MINT"
42250,CON-RES-2011-1316,,(new),"WOULD MINT"
42251,CON-RES-2011-2141,,(new),"WOULD MINT"
42252,CON-RES-2011-1920,,(new),"WOULD MINT"
42253,CON-RES-2011-1802,,(new),"WOULD MINT"
42254,CON-RES-2011-1919,,(new),"WOULD MINT"
42255,CON-RES-2011-1803,,(new),"WOULD MINT"
42256,CON-RES-2011-1918,,(new),"WOULD MINT"
42257,CON-RES-2011-673,,(new),"WOULD MINT"
42258,CON-RES-2011-1198,,(new),"WOULD MINT"
42259,CON-RES-2011-2143,,(new),"WOULD MINT"
42260,CON-RES-2011-2185,,(new),"WOULD MINT"
42261,CON-RES-2011-1937,,(new),"WOULD MINT"
42262,CON-RES-2011-1826,,(new),"WOULD MINT"
42263,CON-RES-2011-1315,,(new),"WOULD MINT"
42264,CON-RES-2011-1964,,(new),"WOULD MINT"
42265,CON-RES-2011-353,,(new),"WOULD MINT"
42266,CON-RES-2011-2142,,(new),"WOULD MINT"
42267,CON-RES-2011-1968,,(new),"WOULD MINT"
42268,CON-RES-2011-1330,,(new),"WOULD MINT"
42269,CON-RES-2011-1065,,(new),"WOULD MINT"
42270,CON-RES-2011-1967,,(new),"WOULD MINT"
42271,CON-RES-2011-1332,,(new),"WOULD MINT"
42272,CON-RES-2011-312,,(new),"WOULD MINT"
42273,CON-RES-2011-1917,,(new),"WOULD MINT"
42274,CON-RES-2011-1333,,(new),"WOULD MINT"
42275,CON-RES-2011-311,,(new),"WOULD MINT"
42276,CON-RES-2011-1017,,(new),"WOULD MINT"
42277,CON-RES-2011-1335,,(new),"WOULD MINT"
42278,CON-RES-2011-1916,,(new),"WOULD MINT"
42279,CON-RES-2011-2102,,(new),"WOULD MINT"
42280,CON-RES-2011-1966,,(new),"WOULD MINT"
42281,CON-RES-2011-1187,,(new),"WOULD MINT"
42282,CON-RES-2011-1073,,(new),"WOULD MINT"
42283,CON-RES-2011-1334,,(new),"WOULD MINT"
42284,CON-RES-2011-306,,(new),"WOULD MINT"
42285,CON-RES-2011-1915,,(new),"WOULD MINT"
42286,CON-RES-2011-307,,(new),"WOULD MINT"
42287,CON-RES-2011-1188,,(new),"WOULD MINT"
42288,CON-RES-2011-2161,,(new),"WOULD MINT"
42289,CON-RES-2011-1994,,(new),"WOULD MINT"
42290,CON-RES-2011-1331,,(new),"WOULD MINT"
42291,CON-RES-2011-313,,(new),"WOULD MINT"
42292,CON-RES-2011-1303,,(new),"WOULD MINT"
42293,CON-RES-2011-2083,,(new),"WOULD MINT"
42294,CON-RES-2011-1981,,(new),"WOULD MINT"
42295,CON-RES-2011-1311,,(new),"WOULD MINT"
42296,CON-RES-2011-1301,,(new),"WOULD MINT"
42297,CON-RES-2011-360,,(new),"WOULD MINT"
42298,CON-RES-2011-1914,,(new),"WOULD MINT"
42299,CON-RES-2011-1825,,(new),"WOULD MINT"
42300,CON-RES-2011-1302,,(new),"WOULD MINT"
42301,CON-RES-2011-1982,,(new),"WOULD MINT"
42302,CON-RES-2011-2082,,(new),"WOULD MINT"
42303,CON-RES-2011-350,,(new),"WOULD MINT"
42304,CON-RES-2011-1913,,(new),"WOULD MINT"
42305,CON-RES-2011-1824,,(new),"WOULD MINT"
42306,CON-RES-2011-1319,,(new),"WOULD MINT"
42307,CON-RES-2011-319,,(new),"WOULD MINT"
42308,CON-RES-2011-1912,,(new),"WOULD MINT"
42309,CON-RES-2011-1983,,(new),"WOULD MINT"
42310,CON-RES-2011-1823,,(new),"WOULD MINT"
42311,CON-RES-2011-1911,,(new),"WOULD MINT"
42312,CON-RES-2011-317,,(new),"WOULD MINT"
42313,CON-RES-2011-1787,,(new),"WOULD MINT"
42314,CON-RES-2011-103,,(new),"WOULD MINT"
42315,CON-RES-2011-1910,,(new),"WOULD MINT"
42316,CON-RES-2011-1984,,(new),"WOULD MINT"
42317,CON-RES-2011-1071,,(new),"WOULD MINT"
42318,CON-RES-2011-2081,,(new),"WOULD MINT"
42319,CON-RES-2011-1822,,(new),"WOULD MINT"
42320,CON-RES-2011-318,,(new),"WOULD MINT"
42321,CON-RES-2011-1783,,(new),"WOULD MINT"
42322,CON-RES-2011-1909,,(new),"WOULD MINT"
42323,CON-RES-2011-1821,,(new),"WOULD MINT"
42324,CON-RES-2011-2080,,(new),"WOULD MINT"
42325,CON-RES-2011-1377,,(new),"WOULD MINT"
42326,CON-RES-2011-1908,,(new),"WOULD MINT"
42327,CON-RES-2011-1820,,(new),"WOULD MINT"
42328,CON-RES-2011-1907,,(new),"WOULD MINT"
42329,CON-RES-2011-2063,,(new),"WOULD MINT"
42330,CON-RES-2011-1068,,(new),"WOULD MINT"
42331,CON-RES-2011-1819,,(new),"WOULD MINT"
42332,CON-RES-2011-1375,,(new),"WOULD MINT"
42333,CON-RES-2011-1906,,(new),"WOULD MINT"
42334,CON-RES-2011-1603,,(new),"WOULD MINT"
42335,CON-RES-2011-1818,,(new),"WOULD MINT"
42336,CON-RES-2011-370,,(new),"WOULD MINT"
42337,"CON-RES-2011- 2159",,(new),"WOULD MINT"
42338,CON-RES-2011-1069,,(new),"WOULD MINT"
42339,CON-RES-2011-1905,,(new),"WOULD MINT"
42340,CON-RES-2011-1817,,(new),"WOULD MINT"
42341,CON-RES-2011-316,,(new),"WOULD MINT"
42342,CON-RES-2011-1604,,(new),"WOULD MINT"
42343,CON-RES-2011-1336,,(new),"WOULD MINT"
42344,CON-RES-2011-1904,,(new),"WOULD MINT"
42345,CON-RES-2011-1816,,(new),"WOULD MINT"
42346,CON-RES-2011-305,,(new),"WOULD MINT"
42347,CON-RES-2011-1606,,(new),"WOULD MINT"
42348,CON-RES-2011-1775,,(new),"WOULD MINT"
42349,CON-RES-2011-1903,,(new),"WOULD MINT"
42350,CON-RES-2011-2062,,(new),"WOULD MINT"
42351,CON-RES-2011-2111,,(new),"WOULD MINT"
42352,CON-RES-2011-363,,(new),"WOULD MINT"
42353,CON-RES-2011-1620,,(new),"WOULD MINT"
42354,CON-RES-2011-1320,,(new),"WOULD MINT"
42355,CON-RES-2011-1009,,(new),"WOULD MINT"
42356,CON-RES-2011-1815,,(new),"WOULD MINT"
42357,CON-RES-2011-1607,,(new),"WOULD MINT"
42358,CON-RES-2011-1323,,(new),"WOULD MINT"
42359,CON-RES-2011-2061,,(new),"WOULD MINT"
42360,CON-RES-2011-362,,(new),"WOULD MINT"
42361,CON-RES-2011-1393,,(new),"WOULD MINT"
42362,CON-RES-2011-364,,(new),"WOULD MINT"
42363,CON-RES-2011-2060,,(new),"WOULD MINT"
42364,CON-RES-2011-1807,,(new),"WOULD MINT"
42365,CON-RES-2011-1031,,(new),"WOULD MINT"
42366,CON-RES-2011-1779,,(new),"WOULD MINT"
42367,CON-RES-2011-2108,,(new),"WOULD MINT"
42368,CON-RES-2011-1809,,(new),"WOULD MINT"
42369,CON-RES-2011-365,,(new),"WOULD MINT"
42370,CON-RES-2011-2059,,(new),"WOULD MINT"
42371,CON-RES-2011-1810,,(new),"WOULD MINT"
42372,CON-RES-2011-2189,,(new),"WOULD MINT"
42373,CON-RES-2011-1814,,(new),"WOULD MINT"
42374,CON-RES-2011-1902,,(new),"WOULD MINT"
42375,CON-RES-2011-1044,,(new),"WOULD MINT"
42376,CON-RES-2011-303,,(new),"WOULD MINT"
42377,CON-RES-2011-1811,,(new),"WOULD MINT"
42378,CON-RES-2011-2195,,(new),"WOULD MINT"
42379,CON-RES-2011-1901,,(new),"WOULD MINT"
42380,CON-RES-2011-2058,,(new),"WOULD MINT"
42381,CON-RES-2011-1812,,(new),"WOULD MINT"
42382,CON-RES-2011-309,,(new),"WOULD MINT"
42383,CON-RES-2011-1938,,(new),"WOULD MINT"
42384,CON-RES-2011-1025,,(new),"WOULD MINT"
42385,CON-RES-2011-2145,,(new),"WOULD MINT"
42386,CON-RES-2011-1813,,(new),"WOULD MINT"
42387,CON-RES-2011-1863,,(new),"WOULD MINT"
42388,CON-RES-2011-49,,(new),"WOULD MINT"
42389,CON-RES-2011-2057,,(new),"WOULD MINT"
42390,CON-RES-2011-1868,,(new),"WOULD MINT"
42391,CON-RES-2011-1939,,(new),"WOULD MINT"
42392,CON-RES-2011-304,,(new),"WOULD MINT"
42393,CON-RES-2011-2144,,(new),"WOULD MINT"
42394,CON-RES-2011-1862,,(new),"WOULD MINT"
42395,CON-RES-2011-1179,,(new),"WOULD MINT"
42396,CON-RES-2011-1940,,(new),"WOULD MINT"
42397,CON-RES-2011-1869,,(new),"WOULD MINT"
42398,CON-RES-2011-324,,(new),"WOULD MINT"
42399,CON-RES-2011-1870,,(new),"WOULD MINT"
42400,CON-RES-2011-1861,,(new),"WOULD MINT"
42401,CON-RES-2011-1941,,(new),"WOULD MINT"
42402,CON-RES-2011-2056,,(new),"WOULD MINT"
42403,CON-RES-2011-2176,,(new),"WOULD MINT"
42404,CON-RES-2011-1871,,(new),"WOULD MINT"
42405,CON-RES-2011-1082,,(new),"WOULD MINT"
42406,CON-RES-2011-1942,,(new),"WOULD MINT"
42407,CON-RES-2011-2065,,(new),"WOULD MINT"
42408,CON-RES-2011-1872,,(new),"WOULD MINT"
42409,CON-RES-2011-1067,,(new),"WOULD MINT"
42410,CON-RES-2011-2175,,(new),"WOULD MINT"
42411,CON-RES-2011-2066,,(new),"WOULD MINT"
42412,CON-RES-2011-1943,,(new),"WOULD MINT"
42413,CON-RES-2011-1873,,(new),"WOULD MINT"
42414,CON-RES-2011-1021,,(new),"WOULD MINT"
42415,CON-RES-2011-1931,,(new),"WOULD MINT"
42416,CON-RES-2011-104,,(new),"WOULD MINT"
42417,CON-RES-2011-1860,,(new),"WOULD MINT"
42418,CON-RES-2011-1874,,(new),"WOULD MINT"
42419,CON-RES-2011-1944,,(new),"WOULD MINT"
42420,CON-RES-2011-320,,(new),"WOULD MINT"
42421,CON-RES-2011-1042,,(new),"WOULD MINT"
42422,CON-RES-2011-2130,,(new),"WOULD MINT"
42423,CON-RES-2011-1875,,(new),"WOULD MINT"
42424,CON-RES-2011-1859,,(new),"WOULD MINT"
42425,CON-RES-2011-2064,,(new),"WOULD MINT"
42426,CON-RES-2011-1945,,(new),"WOULD MINT"
42427,CON-RES-2011-1876,,(new),"WOULD MINT"
42428,CON-RES-2011-391,,(new),"WOULD MINT"
42429,CON-RES-2011-2035,,(new),"WOULD MINT"
42430,CON-RES-2011-1830,,(new),"WOULD MINT"
42431,CON-RES-2011-1047,,(new),"WOULD MINT"
42432,CON-RES-2008-850,,(new),"WOULD MINT"
42433,CON-RES-2011-2131,,(new),"WOULD MINT"
42434,CON-RES-2011-1831,,(new),"WOULD MINT"
42435,CON-RES-2011-1858,,(new),"WOULD MINT"
42436,CON-RES-2011-2019,,(new),"WOULD MINT"
42437,CON-RES-2011-392,,(new),"WOULD MINT"
42438,CON-RES-2011-1832,,(new),"WOULD MINT"
42439,CON-RES-2011-1183,,(new),"WOULD MINT"
42440,CON-RES-2011-1080,,(new),"WOULD MINT"
42441,CON-RES-2011-1829,,(new),"WOULD MINT"
42442,CON-RES-2011-925,,(new),"WOULD MINT"
42443,CON-RES-2008-848,,(new),"WOULD MINT"
42444,CON-RES-2011-394,,(new),"WOULD MINT"
42445,CON-RES-2011-1833,,(new),"WOULD MINT"
42446,CON-RES-2011-1828,,(new),"WOULD MINT"
42447,CON-RES-2011-1170,,(new),"WOULD MINT"
42448,CON-RES-2011-926,,(new),"WOULD MINT"
42449,CON-RES-2011-1081,,(new),"WOULD MINT"
42450,CON-RES-2011-396,,(new),"WOULD MINT"
42451,CON-RES-2011-1827,,(new),"WOULD MINT"
42452,CON-RES-2011-1834,,(new),"WOULD MINT"
42453,CON-RES-2011-397,,(new),"WOULD MINT"
42454,CON-RES-2011-1835,,(new),"WOULD MINT"
42455,CON-RES-2008-817,,(new),"WOULD MINT"
42456,CON-RES-2011-924,,(new),"WOULD MINT"
42457,CON-RES-2011-1836,,(new),"WOULD MINT"
42458,CON-RES-2011-1865,,(new),"WOULD MINT"
42459,CON-RES-2011-1837,,(new),"WOULD MINT"
42460,CON-RES-2011-300,,(new),"WOULD MINT"
42461,CON-RES-2011-1864,,(new),"WOULD MINT"
42462,CON-RES-2011-2133,,(new),"WOULD MINT"
42463,CON-RES-2011-944,,(new),"WOULD MINT"
42464,CON-RES-2011-1838,,(new),"WOULD MINT"
42465,CON-RES-2011-1192,,(new),"WOULD MINT"
42466,CON-RES-2011-1839,,(new),"WOULD MINT"
42467,CON-RES-2011-1853,,(new),"WOULD MINT"
42468,CON-RES-2011-223,,(new),"WOULD MINT"
42469,CON-RES-2011-1453,,(new),"WOULD MINT"
42470,CON-RES-2011-1840,,(new),"WOULD MINT"
42471,CON-RES-2011-1197,,(new),"WOULD MINT"
42472,CON-RES-2011-1852,,(new),"WOULD MINT"
42473,CON-RES-2011-1841,,(new),"WOULD MINT"
42474,CON-RES-2011-1015,,(new),"WOULD MINT"
42475,CON-RES-2011-946,,(new),"WOULD MINT"
42476,CON-RES-2011-1842,,(new),"WOULD MINT"
42477,CON-RES-2011-2168,,(new),"WOULD MINT"
42478,CON-RES-2011-1843,,(new),"WOULD MINT"
42479,CON-RES-2011-198,,(new),"WOULD MINT"
42480,CON-RES-2011-1034,,(new),"WOULD MINT"
42481,CON-RES-2011-1844,,(new),"WOULD MINT"
42482,CON-RES-2011-2005,,(new),"WOULD MINT"
42483,CON-RES-2011-1850,,(new),"WOULD MINT"
42484,CON-RES-2011-1846,,(new),"WOULD MINT"
42485,CON-RES-2011-2006,,(new),"WOULD MINT"
42486,CON-RES-2011-2194,,(new),"WOULD MINT"
42487,CON-RES-2011-194,,(new),"WOULD MINT"
42488,CON-RES-2011-1849,,(new),"WOULD MINT"
42489,CON-RES-2011-1182,,(new),"WOULD MINT"
42490,CON-RES-2011-1035,,(new),"WOULD MINT"
42491,CON-RES-2011-2002,,(new),"WOULD MINT"
42492,CON-RES-2011-1804,,(new),"WOULD MINT"
42493,CON-RES-2011-2009,,(new),"WOULD MINT"
42494,CON-RES-2008-840,,(new),"WOULD MINT"
42495,CON-RES-2011-949,,(new),"WOULD MINT"
42496,CON-RES-2011-1848,,(new),"WOULD MINT"
42497,CON-RES-2011-1805,,(new),"WOULD MINT"
42498,CON-RES-2011-2008,,(new),"WOULD MINT"
42499,CON-RES-2011-2156,,(new),"WOULD MINT"
42500,CON-RES-2011-1036,,(new),"WOULD MINT"
42501,CON-RES-2011-2128,,(new),"WOULD MINT"
42502,CON-RES-2011-2003,,(new),"WOULD MINT"
42503,CON-RES-2011-2007,,(new),"WOULD MINT"
42504,CON-RES-2011-1878,,(new),"WOULD MINT"
42505,CON-RES-2011-2029,,(new),"WOULD MINT"
42506,CON-RES-2011-2001,,(new),"WOULD MINT"
42507,CON-RES-2011-2101,,(new),"WOULD MINT"
42508,CON-RES-2011-2129,,(new),"WOULD MINT"
42509,CON-RES-2011-1886,,(new),"WOULD MINT"
42510,CON-RES-2011-2042,,(new),"WOULD MINT"
42511,CON-RES-2011-195,,(new),"WOULD MINT"
42512,CON-RES-2011-2085,,(new),"WOULD MINT"
42513,CON-RES-2011-1037,,(new),"WOULD MINT"
42514,CON-RES-2011-2217,,(new),"WOULD MINT"
42515,CON-RES-2011-2028,,(new),"WOULD MINT"
42516,CON-RES-2011-139,,(new),"WOULD MINT"
42517,CON-RES-2011-938,,(new),"WOULD MINT"
42518,CON-RES-2011-2034,,(new),"WOULD MINT"
42519,CON-RES-2011-2076,,(new),"WOULD MINT"
42520,CON-RES-2011-1039,,(new),"WOULD MINT"
42521,CON-RES-2011-2124,,(new),"WOULD MINT"
42522,CON-RES-2011-154,,(new),"WOULD MINT"
42523,CON-RES-2011-1806,,(new),"WOULD MINT"
42524,CON-RES-2011-1879,,(new),"WOULD MINT"
42525,CON-RES-2011-950,,(new),"WOULD MINT"
42526,CON-RES-2011-2026,,(new),"WOULD MINT"
42527,CON-RES-2011-2123,,(new),"WOULD MINT"
42528,CON-RES-2011-483,,(new),"WOULD MINT"
42529,CON-RES-2011-158,,(new),"WOULD MINT"
42530,CON-RES-2011-2094,,(new),"WOULD MINT"
42531,CON-RES-2011-1066,,(new),"WOULD MINT"
42532,CON-RES-2011-940,,(new),"WOULD MINT"
42533,CON-RES-2011-2196,,(new),"WOULD MINT"
42534,CON-RES-2011-1175,,(new),"WOULD MINT"
42535,CON-RES-2011-932,,(new),"WOULD MINT"
42536,CON-RES-2011-2990,,(new),"WOULD MINT"
42537,CON-RES-2011-162,,(new),"WOULD MINT"
42538,CON-RES-2011-2030,,(new),"WOULD MINT"
42539,CON-RES-2011-193,,(new),"WOULD MINT"
42540,CON-RES-2011-933,,(new),"WOULD MINT"
42541,CON-RES-2011-2151,,(new),"WOULD MINT"
42542,CON-RES-2011-931,,(new),"WOULD MINT"
42543,CON-RES-2011-2051,,(new),"WOULD MINT"
42544,CON-RES-2011-308,,(new),"WOULD MINT"
42545,CON-RES-2011-977,,(new),"WOULD MINT"
42546,CON-RES-2011-1100,,(new),"WOULD MINT"
42547,CON-RES-2011-975,,(new),"WOULD MINT"
42548,CON-RES-2011-2150,,(new),"WOULD MINT"
42549,CON-RES-2011-1737,,(new),"WOULD MINT"
42550,CON-RES-2011-2160,,(new),"WOULD MINT"
42551,CON-RES-2011-2011,,(new),"WOULD MINT"
42552,CON-RES-2011-998,,(new),"WOULD MINT"
42553,CON-RES-2011-1709,,(new),"WOULD MINT"
42554,CON-RES-2011-2119,,(new),"WOULD MINT"
42555,CON-RES-2011-989,,(new),"WOULD MINT"
42556,CON-RES-2011-2012,,(new),"WOULD MINT"
42557,CON-RES-2011-156,,(new),"WOULD MINT"
42558,CON-RES-2011-1708,,(new),"WOULD MINT"
42559,CON-RES-2011-988,,(new),"WOULD MINT"
42560,CON-RES-2011-2154,,(new),"WOULD MINT"
42561,CON-RES-2008-845,,(new),"WOULD MINT"
42562,CON-RES-2011-2027,,(new),"WOULD MINT"
42563,CON-RES-2011-59,,(new),"WOULD MINT"
42564,CON-RES-2011-2126,,(new),"WOULD MINT"
42565,CON-RES-2011-1337,,(new),"WOULD MINT"
42566,CON-RES-2011-2031,,(new),"WOULD MINT"
42567,CON-RES-2011-1701,,(new),"WOULD MINT"
42568,CON-RES-2011-186,,(new),"WOULD MINT"
42569,CON-RES-2011-2020,,(new),"WOULD MINT"
42570,CON-RES-2011-326,,(new),"WOULD MINT"
42571,CON-RES-2011-2088,,(new),"WOULD MINT"
42572,CON-RES-2011-1126,,(new),"WOULD MINT"
42573,CON-RES-2011-1702,,(new),"WOULD MINT"
42574,CON-RES-2011-2040,,(new),"WOULD MINT"
42575,CON-RES-2011-2158,,(new),"WOULD MINT"
42576,CON-RES-2011-327,,(new),"WOULD MINT"
42577,CON-RES-2011-2041,,(new),"WOULD MINT"
42578,CON-RES-2011-1703,,(new),"WOULD MINT"
42579,CON-RES-2011-164,,(new),"WOULD MINT"
42580,CON-RES-2011-943,,(new),"WOULD MINT"
42581,CON-RES-2011-984,,(new),"WOULD MINT"
42582,CON-RES-2011-2177,,(new),"WOULD MINT"
42583,CON-RES-2011-976,,(new),"WOULD MINT"
42584,CON-RES-2011-2016,,(new),"WOULD MINT"
42585,CON-RES-2011-343,,(new),"WOULD MINT"
42586,CON-RES-2011-2021,,(new),"WOULD MINT"
42587,CON-RES-2011-1704,,(new),"WOULD MINT"
42588,CON-RES-2011-620,,(new),"WOULD MINT"
42589,CON-RES-2011-127,,(new),"WOULD MINT"
42590,CON-RES-2011-937,,(new),"WOULD MINT"
42591,CON-RES-2011-2043,,(new),"WOULD MINT"
42592,CON-RES-2011-2047,,(new),"WOULD MINT"
42593,CON-RES-2011-955,,(new),"WOULD MINT"
42594,CON-RES-2011-2010,,(new),"WOULD MINT"
42595,CON-RES-2011-323,,(new),"WOULD MINT"
42596,CON-RES-2011-1349,,(new),"WOULD MINT"
42597,CON-RES-2011-1052,,(new),"WOULD MINT"
42598,CON-RES-2011-1536,,(new),"WOULD MINT"
42599,CON-RES-2011-2048,,(new),"WOULD MINT"
42600,CON-RES-2011-1053,,(new),"WOULD MINT"
42601,CON-RES-2011-1348,,(new),"WOULD MINT"
42602,CON-RES-2011-958,,(new),"WOULD MINT"
42603,CON-RES-2011-170,,(new),"WOULD MINT"
42604,CON-RES-2011-1551,,(new),"WOULD MINT"
42605,CON-RES-2011-953,,(new),"WOULD MINT"
42606,CON-RES-2011-2033,,(new),"WOULD MINT"
42607,CON-RES-2011-1054,,(new),"WOULD MINT"
42608,CON-RES-2011-1347,,(new),"WOULD MINT"
42609,CON-RES-2011-2073,,(new),"WOULD MINT"
42610,CON-RES-2011-72,,(new),"WOULD MINT"
42611,CON-RES-2011-1158,,(new),"WOULD MINT"
42612,CON-RES-2011-1058,,(new),"WOULD MINT"
42613,CON-RES-2011-2098,,(new),"WOULD MINT"
42614,CON-RES-201-131,,(new),"WOULD MINT"
42615,CON-RES-2011-1346,,(new),"WOULD MINT"
42616,CON-RES-2011-322,,(new),"WOULD MINT"
42617,CON-RES-2011-2038,,(new),"WOULD MINT"
42618,CON-RES-2011-2072,,(new),"WOULD MINT"
42619,CON-RES-2011-64,,(new),"WOULD MINT"
42620,CON-RES-2011-1055,,(new),"WOULD MINT"
42621,CON-RES-2011-631,,(new),"WOULD MINT"
42622,CON-RES-2011-1345,,(new),"WOULD MINT"
42623,CON-RES-2011-2071,,(new),"WOULD MINT"
42624,CON-RES-2011-2039,,(new),"WOULD MINT"
42625,CON-RES-2011-321,,(new),"WOULD MINT"
42626,CON-RES-2011-623,,(new),"WOULD MINT"
42627,CON-RES-2011-12,,(new),"WOULD MINT"
42628,CON-RES-2011-1056,,(new),"WOULD MINT"
42629,CON-RES-2011-1344,,(new),"WOULD MINT"
42630,CON-RES-2011-2070,,(new),"WOULD MINT"
42631,CON-RES-2011-1057,,(new),"WOULD MINT"
42632,CON-RES-2011-2046,,(new),"WOULD MINT"
42633,CON-RES-2011-2069,,(new),"WOULD MINT"
42634,CON-RES-2011-361,,(new),"WOULD MINT"
42635,CON-RES-2011-1127,,(new),"WOULD MINT"
42636,CON-RES-2011-1338,,(new),"WOULD MINT"
42637,CON-RES-2011-1134,,(new),"WOULD MINT"
42638,CON-RES-2011-1388,,(new),"WOULD MINT"
42639,CON-RES-2011-2036,,(new),"WOULD MINT"
42640,CON-RES-2011-14,,(new),"WOULD MINT"
42641,CON-RES-2011-1387,,(new),"WOULD MINT"
42643,CON-RES-2011-1752,,(new),"WOULD MINT"
42644,CON-RES-2011-1195,,(new),"WOULD MINT"
42645,CON-RES-2011-1072,,(new),"WOULD MINT"
42652,CON-RES-2011-509,,(new),"WOULD MINT"
42653,CON-RES-2011-1186,,(new),"WOULD MINT"
42654,CON-RES-2011-2107,,(new),"WOULD MINT"
42655,CON-RES-2011-606,,(new),"WOULD MINT"
42656,CON-RES-2011-506,,(new),"WOULD MINT"
42657,CON-RES-2011-1184,,(new),"WOULD MINT"
42658,CON-RES-2011-359,,(new),"WOULD MINT"
42659,CON-RES-2011-616,,(new),"WOULD MINT"
42660,CON-RES-2011-1362,,(new),"WOULD MINT"
42661,CON-RES-2011-2105,,(new),"WOULD MINT"
42662,CON-RES-2011-1109,,(new),"WOULD MINT"
42663,CON-RES-2011-356,,(new),"WOULD MINT"
42664,CON-RES-2011-1194,,(new),"WOULD MINT"
42665,CON-RES-2011-1064,,(new),"WOULD MINT"
42666,CON-RES-2011-2104,,(new),"WOULD MINT"
42667,CON-RES-2011-2135,,(new),"WOULD MINT"
42668,CON-RES-2011-1110,,(new),"WOULD MINT"
42669,CON-RES-2011-1063,,(new),"WOULD MINT"
42670,CON-RES-2011-1363,,(new),"WOULD MINT"
42671,CON-RES-2011-2055,,(new),"WOULD MINT"
42672,CON-RES-2011-1129,,(new),"WOULD MINT"
42673,CON-RES-2011-1062,,(new),"WOULD MINT"
42674,CON-RES-2011-2068,,(new),"WOULD MINT"
42675,CON-RES-2011-2134,,(new),"WOULD MINT"
42676,CON-RES-2011-344,,(new),"WOULD MINT"
42677,CON-RES-2010-237,,(new),"WOULD MINT"
42678,CON-RES-2011-638,,(new),"WOULD MINT"
42679,CON-RES-2011-1060,,(new),"WOULD MINT"
42680,CON-RES-2011-2067,,(new),"WOULD MINT"
42681,CON-RES-2011-2054,,(new),"WOULD MINT"
42682,CON-RES-2011-1191,,(new),"WOULD MINT"
42683,CON-RES-2011-474,,(new),"WOULD MINT"
42684,CON-RES-2011-639,,(new),"WOULD MINT"
42685,CON-RES-2011-325,,(new),"WOULD MINT"
42686,CON-RES-2011-2053,,(new),"WOULD MINT"
42687,CON-RES-2011-1061,,(new),"WOULD MINT"
42688,CON-RES-2011-2127,,(new),"WOULD MINT"
42689,CON-RES-2011-2052,,(new),"WOULD MINT"
42690,CON-RES-2011-507,,(new),"WOULD MINT"
42691,CON-RES-2011-2209,,(new),"WOULD MINT"
42692,CON-RES-2011-2121,,(new),"WOULD MINT"
42693,CON-RES-2011-1115,,(new),"WOULD MINT"
42694,CON-RES-2011-765,,(new),"WOULD MINT"
42695,CON-RES-2011-1497,,(new),"WOULD MINT"
42696,CON-RES-2011-1059,,(new),"WOULD MINT"
42697,CON-RES-2011-44,,(new),"WOULD MINT"
42698,CON-RES-2011-1632,,(new),"WOULD MINT"
42699,CON-RES-2011-1574,,(new),"WOULD MINT"
42700,CON-RES-2011-1190,,(new),"WOULD MINT"
42701,CON-RES-2011-1669,,(new),"WOULD MINT"
42702,CON-RES-2011-2214,,(new),"WOULD MINT"
42703,CON-RES-2011-1413,,(new),"WOULD MINT"
42704,CON-RES-2011-1668,,(new),"WOULD MINT"
42705,CON-RES-2011-1077,,(new),"WOULD MINT"
42706,CON-RES-2011-1586,,(new),"WOULD MINT"
42707,CON-RES-2011-768,,(new),"WOULD MINT"
42708,CON-RES-2011-982,,(new),"WOULD MINT"
42709,CON-RES-2011-1078,,(new),"WOULD MINT"
42710,CON-RES-2011-1412,,(new),"WOULD MINT"
42711,CON-RES-2011-2110,,(new),"WOULD MINT"
42712,CON-RES-2011-980,,(new),"WOULD MINT"
42713,CON-RES-2011-767,,(new),"WOULD MINT"
42714,CON-RES-2011-1411,,(new),"WOULD MINT"
42715,CON-RES-2011-1079,,(new),"WOULD MINT"
42716,CON-RES-2011-983,,(new),"WOULD MINT"
42717,CON-RES-2011-2186,,(new),"WOULD MINT"
42718,CON-RES-2011-1177,,(new),"WOULD MINT"
42719,CON-RES-2011-1409,,(new),"WOULD MINT"
42720,CON-RES-2011-2213,,(new),"WOULD MINT"
42721,CON-RES-2011-1714,,(new),"WOULD MINT"
42722,CON-RES-2011-1076,,(new),"WOULD MINT"
42723,CON-RES-2011-699,,(new),"WOULD MINT"
42724,CON-RES-2011-1408,,(new),"WOULD MINT"
42725,CON-RES-2011-766,,(new),"WOULD MINT"
42726,CON-RES-2011-1075,,(new),"WOULD MINT"
42727,CON-RES-2011-1165,,(new),"WOULD MINT"
42728,CON-RES-2011-1580,,(new),"WOULD MINT"
42729,CON-RES-2011-1713,,(new),"WOULD MINT"
42730,CON-RES-2011-2188,,(new),"WOULD MINT"
42731,CON-RES-2011-986,,(new),"WOULD MINT"
42732,CON-RES-2011-2208,,(new),"WOULD MINT"
42733,CON-RES-2011-1166,,(new),"WOULD MINT"
42734,CON-RES-2011-1581,,(new),"WOULD MINT"
42735,CON-RES-2011-310,,(new),"WOULD MINT"
42736,CON-RES-2011-1741,,(new),"WOULD MINT"
42737,CON-RES-2011-1639,,(new),"WOULD MINT"
42738,CON-RES-2011-1575,,(new),"WOULD MINT"
42739,CON-RES-2011-650,,(new),"WOULD MINT"
42740,CON-RES-2011-2212,,(new),"WOULD MINT"
42741,CON-RES-2011-1933,,(new),"WOULD MINT"
42742,CON-RES-2011-315,,(new),"WOULD MINT"
42743,CON-RES-2011-1740,,(new),"WOULD MINT"
42744,CON-RES-2011-1667,,(new),"WOULD MINT"
42745,CON-RES-2011-1171,,(new),"WOULD MINT"
42746,CON-RES-2011-2140,,(new),"WOULD MINT"
42747,CON-RES-2011-1932,,(new),"WOULD MINT"
42748,CON-RES-2011-314,,(new),"WOULD MINT"
42749,CON-RES-2011-1666,,(new),"WOULD MINT"
42750,CON-RES-2011-1712,,(new),"WOULD MINT"
42751,CON-RES-2011-2086,,(new),"WOULD MINT"
42752,CON-RES-2011-1665,,(new),"WOULD MINT"
42753,CON-RES-2011-1636,,(new),"WOULD MINT"
42754,CON-RES-2011-647,,(new),"WOULD MINT"
42755,CON-RES-2011-2202,,(new),"WOULD MINT"
42756,CON-RES-2011-1612,,(new),"WOULD MINT"
42757,CON-RES-2011-1927,,(new),"WOULD MINT"
42758,CON-RES-2011-2139,,(new),"WOULD MINT"
42759,CON-RES-2011-1613,,(new),"WOULD MINT"
42760,CON-RES-2011-709,,(new),"WOULD MINT"
42761,CON-RES-2011-1614,,(new),"WOULD MINT"
42762,CON-RES-2011-1926,,(new),"WOULD MINT"
42763,CON-RES-2011-1615,,(new),"WOULD MINT"
42764,CON-RES-2011-979,,(new),"WOULD MINT"
42765,CON-RES-2011-2037,,(new),"WOULD MINT"
42766,CON-RES-2011-1616,,(new),"WOULD MINT"
42767,CON-RES-2011-1162,,(new),"WOULD MINT"
42768,CON-RES-2011-1617,,(new),"WOULD MINT"
42769,CON-RES-2011-1925,,(new),"WOULD MINT"
42770,CON-RES-2011-2224,,(new),"WOULD MINT"
42771,CON-RES-2011-2138,,(new),"WOULD MINT"
42772,CON-RES-2011-1400,,(new),"WOULD MINT"
42773,CON-RES-2011-1618,,(new),"WOULD MINT"
42774,CON-RES-2011-1176,,(new),"WOULD MINT"
42775,CON-RES-2011-1924,,(new),"WOULD MINT"
42776,CON-RES-2011-2045,,(new),"WOULD MINT"
42777,CON-RES-2011-1161,,(new),"WOULD MINT"
42778,CON-RES-2011-1619,,(new),"WOULD MINT"
42779,CON-RES-2011-2136,,(new),"WOULD MINT"
42780,CON-RES-2011-2044,,(new),"WOULD MINT"
42781,CON-RES-2011-1610,,(new),"WOULD MINT"
42782,CON-RES-2011-453,,(new),"WOULD MINT"
42783,CON-RES-2011-1611,,(new),"WOULD MINT"
42784,CON-RES-2011-1923,,(new),"WOULD MINT"
42785,CON-RES-2011-1151,,(new),"WOULD MINT"
42786,CON-RES-2011-1104,,(new),"WOULD MINT"
42787,CON-RES-2011-2018,,(new),"WOULD MINT"
42788,CON-RES-2011-640,,(new),"WOULD MINT"
42789,CON-RES-2011-1930,,(new),"WOULD MINT"
42790,CON-RES-2011-2193,,(new),"WOULD MINT"
42791,CON-RES-2011-987,,(new),"WOULD MINT"
42792,CON-RES-2011-1160,,(new),"WOULD MINT"
42793,CON-RES-2011-1733,,(new),"WOULD MINT"
42794,CON-RES-2011-635,,(new),"WOULD MINT"
42795,CON-RES-2011-1929,,(new),"WOULD MINT"
42796,CON-RES-2011-2017,,(new),"WOULD MINT"
42797,CON-RES-2011-630,,(new),"WOULD MINT"
42798,CON-RES-2011-1928,,(new),"WOULD MINT"
42799,CON-RES-2011-636,,(new),"WOULD MINT"
42800,CON-RES-2011-1139,,(new),"WOULD MINT"
42801,CON-RES-2011-2014,,(new),"WOULD MINT"
42802,CON-RES-2011-1649,,(new),"WOULD MINT"
42803,CON-RES-2011-199,,(new),"WOULD MINT"
42804,CON-RES-2011-621,,(new),"WOULD MINT"
42805,CON-RES-2011-1946,,(new),"WOULD MINT"
42806,CON-RES-2011-1648,,(new),"WOULD MINT"
42807,CON-RES-2011-628,,(new),"WOULD MINT"
42808,CON-RES-2011-398,,(new),"WOULD MINT"
42809,CON-RES-2011-1947,,(new),"WOULD MINT"
42810,CON-RES-2011-1117,,(new),"WOULD MINT"
42811,CON-RES-2011-2013,,(new),"WOULD MINT"
42812,CON-RES-2011-1157,,(new),"WOULD MINT"
42813,CON-RES-2011-619,,(new),"WOULD MINT"
42814,CON-RES-2011-658,,(new),"WOULD MINT"
42815,CON-RES-2011-191,,(new),"WOULD MINT"
42816,CON-RES-2011-2015,,(new),"WOULD MINT"
42817,CON-RES-2011-1647,,(new),"WOULD MINT"
42818,CON-RES-2011-576,,(new),"WOULD MINT"
42819,CON-RES-2011-1156,,(new),"WOULD MINT"
42820,CON-RES-2011-637,,(new),"WOULD MINT"
42821,CON-RES-2011-1118,,(new),"WOULD MINT"
42822,CON-RES-2011-657,,(new),"WOULD MINT"
42823,CON-RES-2011-2152,,(new),"WOULD MINT"
42824,CON-RES-2011-1948,,(new),"WOULD MINT"
42825,CON-RES-2011-1132,,(new),"WOULD MINT"
42826,CON-RES-2011-1949,,(new),"WOULD MINT"
42827,CON-RES-2011-1153,,(new),"WOULD MINT"
42828,CON-RES-2011-624,,(new),"WOULD MINT"
42829,CON-RES-2011-586,,(new),"WOULD MINT"
42830,CON-RES-2011-1646,,(new),"WOULD MINT"
42831,CON-RES-2011-1119,,(new),"WOULD MINT"
42832,CON-RES-2011-2184,,(new),"WOULD MINT"
42833,CON-RES-2011-1152,,(new),"WOULD MINT"
42834,CON-RES-2011-1732,,(new),"WOULD MINT"
42835,CON-RES-2011-1694,,(new),"WOULD MINT"
42836,CON-RES-2011-1645,,(new),"WOULD MINT"
42837,CON-RES-2011-625,,(new),"WOULD MINT"
42838,CON-RES-2009-941,,(new),"WOULD MINT"
42839,CON-RES-2011-1693,,(new),"WOULD MINT"
42840,CON-RES-2011-968,,(new),"WOULD MINT"
42841,CON-RES-2011-1644,,(new),"WOULD MINT"
42842,CON-RES-2011-73,,(new),"WOULD MINT"
42843,CON-RES-2011-1731,,(new),"WOULD MINT"
42844,CON-RES-2011-654,,(new),"WOULD MINT"
42845,CON-RES-2011-1643,,(new),"WOULD MINT"
42846,CON-RES-2011-1692,,(new),"WOULD MINT"
42847,CON-RES-2011-2171,,(new),"WOULD MINT"
42848,CON-RES-2011-1120,,(new),"WOULD MINT"
42849,CON-RES-2011-1642,,(new),"WOULD MINT"
42850,CON-RES-2011-609,,(new),"WOULD MINT"
42851,CON-RES-2011-2109,,(new),"WOULD MINT"
42852,CON-RES-2011-1730,,(new),"WOULD MINT"
42853,CON-RES-2011-985,,(new),"WOULD MINT"
42854,CON-RES-2011-1641,,(new),"WOULD MINT"
42855,CON-RES-2011-1051,,(new),"WOULD MINT"
42856,CON-RES-2011-981,,(new),"WOULD MINT"
42857,CON-RES-2011-1935,,(new),"WOULD MINT"
42858,CON-RES-2011-1691,,(new),"WOULD MINT"
42859,CON-RES-2011-371,,(new),"WOULD MINT"
42860,CON-RES-2011-674,,(new),"WOULD MINT"
42861,CON-RES-2011-971,,(new),"WOULD MINT"
42862,CON-RES-2011-1934,,(new),"WOULD MINT"
42863,CON-RES-2011-301,,(new),"WOULD MINT"
42864,CON-RES-2011-954,,(new),"WOULD MINT"
42865,CON-RES-2011-2103,,(new),"WOULD MINT"
42866,CON-RES-2011-1961,,(new),"WOULD MINT"
42867,CON-RES-2011-677,,(new),"WOULD MINT"
42868,CON-RES-2011-335,,(new),"WOULD MINT"
42869,CON-RES-2011-956,,(new),"WOULD MINT"
42870,CON-RES-2011-1979,,(new),"WOULD MINT"
42871,CON-RES-2011-2199,,(new),"WOULD MINT"
42872,CON-RES-2011-246,,(new),"WOULD MINT"
42873,CON-RES-2011-995,,(new),"WOULD MINT"
42875,CON-RES-2011-974,,(new),"WOULD MINT"
42876,CON-RES-2011-667,,(new),"WOULD MINT"
42877,CON-RES-2011-992,,(new),"WOULD MINT"
42878,CON-RES-2011-245,,(new),"WOULD MINT"
42879,CON-RES-2011-2191,,(new),"WOULD MINT"
42880,CON-RES-2011-990,,(new),"WOULD MINT"
42881,CON-RES-2011-960,,(new),"WOULD MINT"
42882,CON-RES-2011-951,,(new),"WOULD MINT"
42883,CON-RES-2008-847,,(new),"WOULD MINT"
42884,CON-RES-2011-999,,(new),"WOULD MINT"
42885,CON-RES-2011-390,,(new),"WOULD MINT"
42886,CON-RES-2008-816,,(new),"WOULD MINT"
42887,CON-RES-2011-1133,,(new),"WOULD MINT"
42888,CON-RES-2008-873,,(new),"WOULD MINT"
42889,CON-RES-2011-959,,(new),"WOULD MINT"
42890,CON-RES-2008-842,,(new),"WOULD MINT"
42891,CON-RES-2011-618,,(new),"WOULD MINT"
42892,CON-RES-2011-626,,(new),"WOULD MINT"
42893,CON-RES-2011-1123,,(new),"WOULD MINT"
42894,CON-RES-2011-666,,(new),"WOULD MINT"
42895,CON-RES-2008-896,,(new),"WOULD MINT"
42896,CON-RES-2011-241,,(new),"WOULD MINT"
42897,CON-RES-2011-1142,,(new),"WOULD MINT"
42898,CON-RES-2011-1116,,(new),"WOULD MINT"
42899,CON-RES-2010-674,,(new),"WOULD MINT"
42900,CON-RES-2011-1121,,(new),"WOULD MINT"
42901,CON-RES-2011-1113,,(new),"WOULD MINT"
42902,CON-RES-2011-681,,(new),"WOULD MINT"
42903,CON-RES-2011-244,,(new),"WOULD MINT"
42904,CON-RES-2010-633,,(new),"WOULD MINT"
42905,CON-RES-2011-1656,,(new),"WOULD MINT"
42906,CON-RES-2011-1114,,(new),"WOULD MINT"
42907,CON-RES-2011-1735,,(new),"WOULD MINT"
42908,CON-RES-2010-672,,(new),"WOULD MINT"
42909,CON-RES-2011-1751,,(new),"WOULD MINT"
42910,CON-RES-2011-1136,,(new),"WOULD MINT"
42911,CON-RES-2011-682,,(new),"WOULD MINT"
42912,CON-RES-2011-1138,,(new),"WOULD MINT"
42913,CON-RES-2011-1122,,(new),"WOULD MINT"
42914,CON-RES-2011-1112,,(new),"WOULD MINT"
42915,CON-RES-2011-1111,,(new),"WOULD MINT"
42916,CON-RES-2008-853,,(new),"WOULD MINT"
42917,CON-RES-2010-630,,(new),"WOULD MINT"
42918,CON-RES-2011-1125,,(new),"WOULD MINT"
42919,CON-RES-2008-833,,(new),"WOULD MINT"
42920,CON-RES-2018-1107,,(new),"WOULD MINT"
42921,CON-RES-2011-656,,(new),"WOULD MINT"
42922,CON-RES-2011-1754,,(new),"WOULD MINT"
42923,CON-RES-2010-687,,(new),"WOULD MINT"
42924,CON-RES-2008-875,,(new),"WOULD MINT"
42925,CON-IND-2011-653,,(new),"WOULD MINT"
42926,CON-RES-2011-1343,,(new),"WOULD MINT"
42927,CON-RES-2010-739,,(new),"WOULD MINT"
42928,CON-RES-2008-859,,(new),"WOULD MINT"
42929,CON-RES-2011-1342,,(new),"WOULD MINT"
42930,CON-RES-2011-675,,(new),"WOULD MINT"
42931,CON-RES-2010-736,,(new),"WOULD MINT"
42932,CON-RES-2008-869,,(new),"WOULD MINT"
42933,CON-RES-2011-1341,,(new),"WOULD MINT"
42934,CON-RES-2010-737,,(new),"WOULD MINT"
42935,CON-RES-2011-1340,,(new),"WOULD MINT"
42936,CON-RES-2010-740,,(new),"WOULD MINT"
42937,CON-RES-2010-741,,(new),"WOULD MINT"
42938,CON-RES-2011-678,,(new),"WOULD MINT"
42939,CON-RES-2010-742,,(new),"WOULD MINT"
42940,CON-RES-2008-866,,(new),"WOULD MINT"
42941,CON-RES-2010-743,,(new),"WOULD MINT"
42942,CON-RES-2010-738,,(new),"WOULD MINT"
42943,CON-RES-2011-655,,(new),"WOULD MINT"
42944,CON-RES-2011-952,,(new),"WOULD MINT"
42945,CON-RES-2010-673,,(new),"WOULD MINT"
42946,CON-RES-2010-729,,(new),"WOULD MINT"
42947,CON-RES-2010-730,,(new),"WOULD MINT"
42948,CON-RES-2010-731,,(new),"WOULD MINT"
42949,CON-RES-2010-732,,(new),"WOULD MINT"
42950,CON-RES-2008-827,,(new),"WOULD MINT"
42951,CON-RES-2010-733,,(new),"WOULD MINT"
42952,CON-RES-2010-734,,(new),"WOULD MINT"
42953,CON-RES-2010-744,,(new),"WOULD MINT"
42954,CON-RES-2010-745,,(new),"WOULD MINT"
42955,CON-RES-2010-1080,,(new),"WOULD MINT"
42956,CON-RES-2010-689,,(new),"WOULD MINT"
42957,CON-RES-2011-1655,,(new),"WOULD MINT"
42958,CON-RES-2011-1654,,(new),"WOULD MINT"
42959,CON-RES-2011-1653,,(new),"WOULD MINT"
42960,CON-RES-2011-574,,(new),"WOULD MINT"
42961,CON-RES-2011-1652,,(new),"WOULD MINT"
42962,CON-RES-2008-1014,,(new),"WOULD MINT"
42963,CON-RES-2008-826,,(new),"WOULD MINT"
42964,CON-RES-2011-997,,(new),"WOULD MINT"
42965,CON-RES-2011-1651,,(new),"WOULD MINT"
42966,CON-RES-2011-996,,(new),"WOULD MINT"
42967,CON-RES-2011-1660,,(new),"WOULD MINT"
42968,CON-RES-2011-994,,(new),"WOULD MINT"
42969,CON-RES-2011-1659,,(new),"WOULD MINT"
42970,CON-RES-2011-1658,,(new),"WOULD MINT"
42971,CON-RES-2011-993,,(new),"WOULD MINT"
42972,CON-RES-2011-1657,,(new),"WOULD MINT"
42973,CON-RES-2008-1013,,(new),"WOULD MINT"
42974,CON-RES-2011-258,,(new),"WOULD MINT"
42975,CON-RES-2011-991,,(new),"WOULD MINT"
42976,CON-RES-2011-218,,(new),"WOULD MINT"
42977,CON-RES-2008-1100,,(new),"WOULD MINT"
42978,CON-RES-2008-872,,(new),"WOULD MINT"
42979,CON-RES-2011-1000,,(new),"WOULD MINT"
42980,CON-RES-2011-204,,(new),"WOULD MINT"
42981,CON-RES-2011-1631,,(new),"WOULD MINT"
42982,CON-RES-2011-254,,(new),"WOULD MINT"
42983,CON-RES-2011-1670,,(new),"WOULD MINT"
42984,CON-RES-2011-240,,(new),"WOULD MINT"
42985,CON-RES-2011-1144,,(new),"WOULD MINT"
42986,CON-RES-2011-238,,(new),"WOULD MINT"
42987,CON-RES-2011-1101,,(new),"WOULD MINT"
42988,CON-RES-2011-1102,,(new),"WOULD MINT"
42989,CON-RES-2011-340,,(new),"WOULD MINT"
42990,CON-RES-2011-328,,(new),"WOULD MINT"
42991,CON-RES-2011-341,,(new),"WOULD MINT"
42992,CON-RES-2011-342,,(new),"WOULD MINT"
42993,CON-RES-2011-345,,(new),"WOULD MINT"
42994,CON-RES-2011-346,,(new),"WOULD MINT"
42995,CON-RES-2011-347,,(new),"WOULD MINT"
42996,CON-RES-2011-330,,(new),"WOULD MINT"
42997,CON-RES-2011-333,,(new),"WOULD MINT"
42998,CON-RES-2011-334,,(new),"WOULD MINT"
42999,CON-RES-2011-336,,(new),"WOULD MINT"
43000,CON-RES-2011-337,,(new),"WOULD MINT"
43001,CON-RES-2011-338,,(new),"WOULD MINT"
43002,CON-RES-2011-339,,(new),"WOULD MINT"
43003,CON-RES-2011-349,,(new),"WOULD MINT"
43004,CON-RES-2011-1588,,(new),"WOULD MINT"
43005,CON-RES-2011-1548,,(new),"WOULD MINT"
43006,CON-RES-2011-1549,,(new),"WOULD MINT"
43007,CON-RES-2011-329,,(new),"WOULD MINT"
43008,CON-RES-2011-2032,,(new),"WOULD MINT"
43009,CON-RES-2011-2025,,(new),"WOULD MINT"
43010,CON-RES-2011-1452,,(new),"WOULD MINT"
43011,CON-RES-2011-1390,,(new),"WOULD MINT"
43012,CON-RES-2011-1391,,(new),"WOULD MINT"
43013,CON-RES-2011-1459,,(new),"WOULD MINT"
43014,CON-RES-2011-1389,,(new),"WOULD MINT"
43015,CON-RES-2011-1542,,(new),"WOULD MINT"
43016,CON-RES-2011-1541,,(new),"WOULD MINT"
43017,CON-RES-2011-1540,,(new),"WOULD MINT"
43018,CON-RES-2011-1538,,(new),"WOULD MINT"
43019,CON-RES-2011-1539,,(new),"WOULD MINT"
43020,CON-RES-2011-1496,,(new),"WOULD MINT"
43021,CON-RES-2011-1555,,(new),"WOULD MINT"
43022,CON-RES-2011-1554,,(new),"WOULD MINT"
43023,CON-RES-2011-2024,,(new),"WOULD MINT"
43024,CON-RES-2011-2022,,(new),"WOULD MINT"
43025,CON-RES-2011-2023,,(new),"WOULD MINT"
43026,CON-RES-2011-1545,,(new),"WOULD MINT"
43027,CON-RES-2011-1546,,(new),"WOULD MINT"
43028,CON-RES-2011-1547,,(new),"WOULD MINT"
43029,CON-RES-2011-1543,,(new),"WOULD MINT"
43030,CON-RES-2011-1544,,(new),"WOULD MINT"
43031,CON-RES-2011-1550,,(new),"WOULD MINT"
43032,CON-RES-2011-2049,,(new),"WOULD MINT"
43033,CON-RES-2011-2050,,(new),"WOULD MINT"
43034,CON-RES-2011-1881,,(new),"WOULD MINT"
43035,CON-RES-2011-1877,,(new),"WOULD MINT"
43036,CON-RES-2011-351,,(new),"WOULD MINT"
43037,CON-RES-2011-352,,(new),"WOULD MINT"
43038,CON-RES-2011-354,,(new),"WOULD MINT"
43039,CON-RES-2011-357,,(new),"WOULD MINT"
43040,CON-RES-2011-358,,(new),"WOULD MINT"
43041,CON-RES-2011-348,,(new),"WOULD MINT"
43042,CON-RES-2011-1537,,(new),"WOULD MINT"
43043,CON-RES-2011-1851,,(new),"WOULD MINT"
43044,CON-RES-2011-1169,,(new),"WOULD MINT"
43045,CON-RES-2011-712,,(new),"WOULD MINT"
43046,CON-RES-2011-1107,,(new),"WOULD MINT"
43047,CON-RES-2011-1103,,(new),"WOULD MINT"
43048,CON-RES-2011-1105,,(new),"WOULD MINT"
43049,CON-RES-2011-502,,(new),"WOULD MINT"
43050,CON-RES-2011-1084,,(new),"WOULD MINT"
43051,CON-RES-2011-526,,(new),"WOULD MINT"
43052,CON-RES-2011-1091,,(new),"WOULD MINT"
43053,CON-RES-2011-1085,,(new),"WOULD MINT"
43054,CON-RES-2011-588,,(new),"WOULD MINT"
43055,CON-RES-2011-1048,,(new),"WOULD MINT"
43056,CON-RES-2011-1046,,(new),"WOULD MINT"
43057,CON-RES-2011-579,,(new),"WOULD MINT"
43058,CON-RES-2011-1016,,(new),"WOULD MINT"
43059,CON-RES-2012-165,,(new),"WOULD MINT"
43060,CON-RES-2011-1049,,(new),"WOULD MINT"
43061,CON-RES-2011-581,,(new),"WOULD MINT"
43062,CON-RES-2011-1041,,(new),"WOULD MINT"
43063,CON-RES-2012-285,,(new),"WOULD MINT"
43064,CON-RES-2012-101,,(new),"WOULD MINT"
43065,CON-RES-2012-503,,(new),"WOULD MINT"
43066,CON-RES-2011-589,,(new),"WOULD MINT"
43067,CON-RES-2012-261,,(new),"WOULD MINT"
43068,CON-RES-2012-561,,(new),"WOULD MINT"
43069,CON-RES-2012-104,,(new),"WOULD MINT"
43070,CON-RES-2011-715,,(new),"WOULD MINT"
43071,CON-RES-2012-252,,(new),"WOULD MINT"
43072,CON-RES-2011-847,,(new),"WOULD MINT"
43073,CON-RES-2012-541,,(new),"WOULD MINT"
43074,CON-RES-2012-251,,(new),"WOULD MINT"
43075,CON-RES-2011-508,,(new),"WOULD MINT"
43076,CON-RES-1982-1500,,(new),"WOULD MINT"
43077,CON-RES-2011-380,,(new),"WOULD MINT"
43078,CON-RES-2012-85,,(new),"WOULD MINT"
43079,CON-RES-2012-516,,(new),"WOULD MINT"
43080,CON-RES-2012-105,,(new),"WOULD MINT"
43081,CON-RES-2012-267,,(new),"WOULD MINT"
43082,CON-RES-2011-661,,(new),"WOULD MINT"
43083,CON-RES-2012-518,,(new),"WOULD MINT"
43084,CON-RES-2012-454,,(new),"WOULD MINT"
43085,CON-RES-2011-331,,(new),"WOULD MINT"
43086,CON-RES-2012-247,,(new),"WOULD MINT"
43087,CON-RES-2012-457,,(new),"WOULD MINT"
43088,CON-RES-2011-1382,,(new),"WOULD MINT"
43089,CON-RES-2012-575,,(new),"WOULD MINT"
43090,CON-RES-2012-249,,(new),"WOULD MINT"
43091,CON-RES-2011-2223,,(new),"WOULD MINT"
43092,CON-RES-2012-53,,(new),"WOULD MINT"
43093,CON-RES-2012-470,,(new),"WOULD MINT"
43094,CON-RES-2011-2004,,(new),"WOULD MINT"
43095,CON-RES-2012-566,,(new),"WOULD MINT"
43096,CON-RES-2011-378,,(new),"WOULD MINT"
43097,CON-RES-2012-82,,(new),"WOULD MINT"
43098,CON-RES-2012-485,,(new),"WOULD MINT"
43099,CON-RES-2011-379,,(new),"WOULD MINT"
43100,CON-RES-2012-536,,(new),"WOULD MINT"
43101,CON-RES-2011-2000,,(new),"WOULD MINT"
43102,CON-RES-2012-106,,(new),"WOULD MINT"
43103,CON-RES-2012-415,,(new),"WOULD MINT"
43104,CON-RES-2011-843,,(new),"WOULD MINT"
43105,CON-RES-2012-224,,(new),"WOULD MINT"
43106,CON-RES-2012-7,,(new),"WOULD MINT"
43107,CON-RES-2012-574,,(new),"WOULD MINT"
43108,CON-RES-2012-418,,(new),"WOULD MINT"
43109,CON-RES-2011-587,,(new),"WOULD MINT"
43110,CON-RES-2011-1589,,(new),"WOULD MINT"
43111,CON-RES-2012-229,,(new),"WOULD MINT"
43112,CON-RES-2012-109,,(new),"WOULD MINT"
43113,CON-RES-2012-8,,(new),"WOULD MINT"
43114,CON-RES-2011-590,,(new),"WOULD MINT"
43115,CON-RES-2012-417,,(new),"WOULD MINT"
43116,CON-RES-2012-9,,(new),"WOULD MINT"
43117,CON-RES-2012-231,,(new),"WOULD MINT"
43118,CON-RES-2012-383,,(new),"WOULD MINT"
43119,CON-RES-2012-420,,(new),"WOULD MINT"
43120,CON-RES-2011-902,,(new),"WOULD MINT"
43121,CON-RES-2006-102,,(new),"WOULD MINT"
43122,CON-RES-2012-10,,(new),"WOULD MINT"
43123,CON-RES-2012-203,,(new),"WOULD MINT"
43124,CON-RES-2012-110,,(new),"WOULD MINT"
43125,CON-RES-2012-14,,(new),"WOULD MINT"
43126,CON-RES-2012-404,,(new),"WOULD MINT"
43127,CON-RES-2011-928,,(new),"WOULD MINT"
43128,CON-RES-2012-232,,(new),"WOULD MINT"
43129,CON-RES-2012-402,,(new),"WOULD MINT"
43130,CON-RES-2006-132,,(new),"WOULD MINT"
43131,CON-RES-2012-113,,(new),"WOULD MINT"
43132,CON-RES-2011-77,,(new),"WOULD MINT"
43133,CON-RES-2012-15,,(new),"WOULD MINT"
43134,CON-RES-2012-211,,(new),"WOULD MINT"
43135,CON-RES-2006-300,,(new),"WOULD MINT"
43136,CON-RES-2011-1003,,(new),"WOULD MINT"
43137,CON-RES-2012-496,,(new),"WOULD MINT"
43138,CON-RES-2012-16,,(new),"WOULD MINT"
43139,CON-RES-2012-511,,(new),"WOULD MINT"
43140,CON-RES-2012-382,,(new),"WOULD MINT"
43141,CON-RES-2012-213,,(new),"WOULD MINT"
43142,CON-RES-2011-2092,,(new),"WOULD MINT"
43143,CON-RES-2012-17,,(new),"WOULD MINT"
43144,CON-RES-2010-292,,(new),"WOULD MINT"
43145,CON-RES-2011-927,,(new),"WOULD MINT"
43146,CON-RES-2012-18,,(new),"WOULD MINT"
43147,CON-RES-2012-520,,(new),"WOULD MINT"
43148,CON-RES-2011-2089,,(new),"WOULD MINT"
43149,CON-RES-2012-312,,(new),"WOULD MINT"
43150,CON-RES-2012-114,,(new),"WOULD MINT"
43151,CON-RES-2012-519,,(new),"WOULD MINT"
43152,CON-RES-2012-19,,(new),"WOULD MINT"
43153,CON-RES-2011-374,,(new),"WOULD MINT"
43154,CON-RES-2011-2095,,(new),"WOULD MINT"
43155,CON-RES-2012-549,,(new),"WOULD MINT"
43156,CON-RES-2001-312,,(new),"WOULD MINT"
43157,CON-RES-2012-20,,(new),"WOULD MINT"
43158,CON-RES-2012-551,,(new),"WOULD MINT"
43159,CON-RES-2011-580,,(new),"WOULD MINT"
43160,CON-RES-2012-26,,(new),"WOULD MINT"
43161,CON-RES-2011-375,,(new),"WOULD MINT"
43162,CON-RES-2011-592,,(new),"WOULD MINT"
43163,CON-RES-2012-222,,(new),"WOULD MINT"
43164,CON-RES-2012-115,,(new),"WOULD MINT"
43165,CON-RES-2012-512,,(new),"WOULD MINT"
43166,CON-RES-2012-27,,(new),"WOULD MINT"
43167,CON-RES-2011-591,,(new),"WOULD MINT"
43168,CON-RES-2003-283,,(new),"WOULD MINT"
43169,CON-RES-2011-372,,(new),"WOULD MINT"
43170,CON-RES-2012-517,,(new),"WOULD MINT"
43171,CON-RES-2012-28,,(new),"WOULD MINT"
43172,CON-RES-2011-582,,(new),"WOULD MINT"
43173,CON-RES-2012-233,,(new),"WOULD MINT"
43174,CON-RES-2012-323,,(new),"WOULD MINT"
43175,CON-RES-2011-373,,(new),"WOULD MINT"
43176,CON-RES-2012-29,,(new),"WOULD MINT"
43177,CON-RES-2011-845,,(new),"WOULD MINT"
43178,CON-RES-2012-118,,(new),"WOULD MINT"
43179,CON-RES-2012-466,,(new),"WOULD MINT"
43180,CON-RES-2012-236,,(new),"WOULD MINT"
43181,CON-RES-2012-30,,(new),"WOULD MINT"
43182,CON-RES-2010-400,,(new),"WOULD MINT"
43183,CON-RES-2012-565,,(new),"WOULD MINT"
43184,CON-RES-2011-130,,(new),"WOULD MINT"
43185,CON-RES-2012-31,,(new),"WOULD MINT"
43186,CON-RES-2012-237,,(new),"WOULD MINT"
43187,CON-RES-2012-309,,(new),"WOULD MINT"
43188,CON-RES-2011-377,,(new),"WOULD MINT"
43189,CON-RES-2012-33,,(new),"WOULD MINT"
43190,CON-RES-2012-225,,(new),"WOULD MINT"
43191,CON-RES-2006-8,,(new),"WOULD MINT"
43193,CON-RES-2012-116,,(new),"WOULD MINT"
43194,CON-RES-2012-537,,(new),"WOULD MINT"
43195,CON-RES-2012-207,,(new),"WOULD MINT"
43196,CON-RES-2013-54,,(new),"WOULD MINT"
43197,CON-RES-2012-535,,(new),"WOULD MINT"
43198,CON-RES-2013-59,,(new),"WOULD MINT"
43199,CON-RES-2001-122,,(new),"WOULD MINT"
43200,CON-RES-2012-223,,(new),"WOULD MINT"
43201,CON-RES-2012-120,,(new),"WOULD MINT"
43202,CON-RES-2013-60,,(new),"WOULD MINT"
43203,CON-RES-2012-540,,(new),"WOULD MINT"
43204,CON-RES-2012-266,,(new),"WOULD MINT"
43205,CON-RES-2012-305,,(new),"WOULD MINT"
43206,CON-RES-2013-63,,(new),"WOULD MINT"
43207,CON-RES-2012-465,,(new),"WOULD MINT"
43208,CON-RES-2002-204,,(new),"WOULD MINT"
43209,CON-RES-2012-39,,(new),"WOULD MINT"
43210,CON-RES-2012-557,,(new),"WOULD MINT"
43211,CON-RES-2013-58,,(new),"WOULD MINT"
43212,CON-RES-2012-464,,(new),"WOULD MINT"
43213,CON-RES-2012-121,,(new),"WOULD MINT"
43214,CON-RES-2012-40,,(new),"WOULD MINT"
43215,CON-RES-2012-524,,(new),"WOULD MINT"
43216,CON-RES-2013-189,,(new),"WOULD MINT"
43217,CON-RES-2012-268,,(new),"WOULD MINT"
43218,CON-RES-2012-463,,(new),"WOULD MINT"
43219,CON-RES-2006-9,,(new),"WOULD MINT"
43220,CON-RES-2012-43,,(new),"WOULD MINT"
43221,CON-RES-2013-55,,(new),"WOULD MINT"
43222,CON-RES-2012-513,,(new),"WOULD MINT"
43223,CON-RES-2011-376,,(new),"WOULD MINT"
43224,CON-RES-2012-317,,(new),"WOULD MINT"
43225,CON-RES-2006-50,,(new),"WOULD MINT"
43226,CON-RES-2013-198,,(new),"WOULD MINT"
43227,CON-RES-2010-57,,(new),"WOULD MINT"
43228,CON-RES-2012-245,,(new),"WOULD MINT"
43229,CON-RES-2011-2216,,(new),"WOULD MINT"
43230,CON-RES-2012-460,,(new),"WOULD MINT"
43231,CON-RES-2012-44,,(new),"WOULD MINT"
43232,CON-RES-2011-2226,,(new),"WOULD MINT"
43233,CON-RES-2002-99,,(new),"WOULD MINT"
43234,CON-RES-2012-458,,(new),"WOULD MINT"
43235,CON-RES-2013-181,,(new),"WOULD MINT"
43236,CON-RES-2006-156,,(new),"WOULD MINT"
43237,CON-RES-2012-515,,(new),"WOULD MINT"
43238,CON-RES-2013-191,,(new),"WOULD MINT"
43239,CON-RES-2012-438,,(new),"WOULD MINT"
43240,CON-RES-2012-297,,(new),"WOULD MINT"
43241,CON-RES-2011-150,,(new),"WOULD MINT"
43242,CON-RES-2006-159,,(new),"WOULD MINT"
43243,CON-RES-2012-46,,(new),"WOULD MINT"
43244,CON-RES-2012-546,,(new),"WOULD MINT"
43245,CON-RES-2012-277,,(new),"WOULD MINT"
43246,CON-RES-2012-430,,(new),"WOULD MINT"
43247,CON-RES-2013-385,,(new),"WOULD MINT"
43248,CON-RES-2012-47,,(new),"WOULD MINT"
43249,CON-RES-2010-14,,(new),"WOULD MINT"
43250,CON-RES-2000-119,,(new),"WOULD MINT"
43251,CON-RES-2012-429,,(new),"WOULD MINT"
43252,CON-RES-2012-508,,(new),"WOULD MINT"
43253,CON-RES-2013-341,,(new),"WOULD MINT"
43254,CON-RES-2012-291,,(new),"WOULD MINT"
43255,CON-RES-2012-49,,(new),"WOULD MINT"
43256,CON-RES-2012-548,,(new),"WOULD MINT"
43257,CON-RES-2013-340,,(new),"WOULD MINT"
43258,CON-RES-2010-89,,(new),"WOULD MINT"
43259,CON-RES-2012-54,,(new),"WOULD MINT"
43260,CON-RES-2012-510,,(new),"WOULD MINT"
43261,CON-RES-2006-166,,(new),"WOULD MINT"
43262,CON-RES-2011-151,,(new),"WOULD MINT"
43263,CON-RES-2001-268,,(new),"WOULD MINT"
43264,CON-RES-2012-521,,(new),"WOULD MINT"
43265,CON-RES-2013-193,,(new),"WOULD MINT"
43266,CON-RES-2006-167,,(new),"WOULD MINT"
43267,CON-RES-2010-95,,(new),"WOULD MINT"
43268,CON-RES-2012-522,,(new),"WOULD MINT"
43269,CON-RES-2012-55,,(new),"WOULD MINT"
43270,CON-RES-2012-122,,(new),"WOULD MINT"
43271,CON-RES-2012-427,,(new),"WOULD MINT"
43272,CON-RES-2008-837,,(new),"WOULD MINT"
43273,CON-RES-2012-152,,(new),"WOULD MINT"
43274,CON-RES-2012-243,,(new),"WOULD MINT"
43275,CON-RES-2012-474,,(new),"WOULD MINT"
43276,CON-RES-2012-56,,(new),"WOULD MINT"
43277,CON-RES-2012-428,,(new),"WOULD MINT"
43278,CON-RES-2012-525,,(new),"WOULD MINT"
43279,CON-RES-2011-1181,,(new),"WOULD MINT"
43280,CON-RES-2009-630,,(new),"WOULD MINT"
43281,CON-RES-2012-123,,(new),"WOULD MINT"
43282,CON-RES-2013-353,,(new),"WOULD MINT"
43283,CON-RES-2012-241,,(new),"WOULD MINT"
43284,CON-RES-2012-426,,(new),"WOULD MINT"
43285,CON-RES-2002-81,,(new),"WOULD MINT"
43286,CON-RES-2012-226,,(new),"WOULD MINT"
43287,CON-RES-2012-547,,(new),"WOULD MINT"
43288,CON-RES-2011-101,,(new),"WOULD MINT"
43289,CON-RES-2008-97,,(new),"WOULD MINT"
43290,CON-RES-2012-425,,(new),"WOULD MINT"
43291,CON-RES-2013-304,,(new),"WOULD MINT"
43292,CON-RES-2012-84,,(new),"WOULD MINT"
43293,CON-RES-2012-124,,(new),"WOULD MINT"
43294,CON-RES-2012-564,,(new),"WOULD MINT"
43295,CON-RES-2012-274,,(new),"WOULD MINT"
43296,CON-RES-2011-720,,(new),"WOULD MINT"
43297,CON-RES-2012-6,,(new),"WOULD MINT"
43298,CON-RES-2012-423,,(new),"WOULD MINT"
43299,CON-RES-2012-272,,(new),"WOULD MINT"
43300,CON-RES-2009-298,,(new),"WOULD MINT"
43301,CON-RES-2012-568,,(new),"WOULD MINT"
43302,CON-RES-2012-57,,(new),"WOULD MINT"
43303,CON-RES-2012-125,,(new),"WOULD MINT"
43304,CON-RES-2012-424,,(new),"WOULD MINT"
43305,CON-RES-2011-2206,,(new),"WOULD MINT"
43306,CON-RES-2008-1087,,(new),"WOULD MINT"
43307,CON-RES-2012-271,,(new),"WOULD MINT"
43308,CON-RES-2012-400,,(new),"WOULD MINT"
43309,CON-RES-2012-59,,(new),"WOULD MINT"
43310,CON-RES-2012-563,,(new),"WOULD MINT"
43311,CON-RES-2012-360,,(new),"WOULD MINT"
43312,CON-RES-2012-498,,(new),"WOULD MINT"
43313,CON-RES-2011-2222,,(new),"WOULD MINT"
43314,CON-RES-2012-294,,(new),"WOULD MINT"
43315,CON-RES-2012-567,,(new),"WOULD MINT"
43316,CON-RES-2012-494,,(new),"WOULD MINT"
43317,CON-RES-2012-60,,(new),"WOULD MINT"
43318,CON-RES-2012-126,,(new),"WOULD MINT"
43319,CON-RES-2010-638,,(new),"WOULD MINT"
43320,CON-RES-2012-495,,(new),"WOULD MINT"
43321,CON-RES-2012-289,,(new),"WOULD MINT"
43322,CON-RES-2012-61,,(new),"WOULD MINT"
43323,CON-RES-2012-572,,(new),"WOULD MINT"
43324,CON-RES-2009-651,,(new),"WOULD MINT"
43325,CON-RES-2012-127,,(new),"WOULD MINT"
43326,CON-RES-2012-296,,(new),"WOULD MINT"
43327,CON-RES-2011-2205,,(new),"WOULD MINT"
43328,CON-RES-2010-123,,(new),"WOULD MINT"
43329,CON-RES-2006-414,,(new),"WOULD MINT"
43330,CON-RES-2012-453,,(new),"WOULD MINT"
43331,CON-RES-2012-413,,(new),"WOULD MINT"
43332,CON-RES-2012-573,,(new),"WOULD MINT"
43333,CON-RES-2012-295,,(new),"WOULD MINT"
43334,CON-RES-2006-200,,(new),"WOULD MINT"
43335,CON-RES-2011-2204,,(new),"WOULD MINT"
43336,CON-RES-2006-308,,(new),"WOULD MINT"
43337,CON-RES-2012-422,,(new),"WOULD MINT"
43338,CON-RES-2013-323,,(new),"WOULD MINT"
43339,CON-RES-2006-161,,(new),"WOULD MINT"
43340,CON-RES-2004-259,,(new),"WOULD MINT"
43341,CON-RES-2012-129,,(new),"WOULD MINT"
43342,CON-RES-2013-322,,(new),"WOULD MINT"
43343,CON-RES-2012-468,,(new),"WOULD MINT"
43344,CON-RES-2012-238,,(new),"WOULD MINT"
43345,CON-RES-2006-157,,(new),"WOULD MINT"
43346,CON-RES-2013-356,,(new),"WOULD MINT"
43347,CON-RES-2012-440,,(new),"WOULD MINT"
43348,CON-RES-2012-130,,(new),"WOULD MINT"
43349,CON-RES-2006-165,,(new),"WOULD MINT"
43350,CON-RES-2009-48,,(new),"WOULD MINT"
43351,CON-RES-2011-2097,,(new),"WOULD MINT"
43352,CON-RES-2012-481,,(new),"WOULD MINT"
43353,CON-RES-2013-302,,(new),"WOULD MINT"
43354,CON-RES-2012-63,,(new),"WOULD MINT"
43355,CON-RES-2012-132,,(new),"WOULD MINT"
43356,CON-RES-2012-455,,(new),"WOULD MINT"
43357,CON-RES-2013-310,,(new),"WOULD MINT"
43358,CON-RES-2004-263,,(new),"WOULD MINT"
43359,CON-RES-2013-489,,(new),"WOULD MINT"
43360,CON-RES-2006-31,,(new),"WOULD MINT"
43361,CON-RES-2012-269,,(new),"WOULD MINT"
43362,CON-RES-2011-2100,,(new),"WOULD MINT"
43363,CON-RES-2013-312,,(new),"WOULD MINT"
43364,CON-RES-2012-482,,(new),"WOULD MINT"
43365,CON-RES-2012-248,,(new),"WOULD MINT"
43366,CON-RES-2013-492,,(new),"WOULD MINT"
43367,CON-RES-2012-577,,(new),"WOULD MINT"
43368,CON-RES-2012-414,,(new),"WOULD MINT"
43369,CON-RES-2013-349,,(new),"WOULD MINT"
43370,CON-RES-2013-493,,(new),"WOULD MINT"
43371,CON-RES-2006-32,,(new),"WOULD MINT"
43372,CON-RES-2012-246,,(new),"WOULD MINT"
43373,CON-RES-2012-133,,(new),"WOULD MINT"
43374,CON-RES-2013-563,,(new),"WOULD MINT"
43375,CON-RES-2012-476,,(new),"WOULD MINT"
43376,CON-RES-2013-346,,(new),"WOULD MINT"
43377,CON-RES-2012-242,,(new),"WOULD MINT"
43378,CON-RES-2006-29,,(new),"WOULD MINT"
43379,CON-RES-2013-146,,(new),"WOULD MINT"
43380,CON-RES-2012-499,,(new),"WOULD MINT"
43381,CON-RES-2011-601,,(new),"WOULD MINT"
43382,CON-RES-2012-570,,(new),"WOULD MINT"
43383,CON-RES-2012-410,,(new),"WOULD MINT"
43384,CON-RES-2012-290,,(new),"WOULD MINT"
43385,CON-RES-2012-469,,(new),"WOULD MINT"
43386,CON-RES-2011-1602,,(new),"WOULD MINT"
43387,CON-RES-2013-155,,(new),"WOULD MINT"
43388,CON-RES-2006-164,,(new),"WOULD MINT"
43389,CON-RES-2012-134,,(new),"WOULD MINT"
43390,CON-RES-2004-210,,(new),"WOULD MINT"
43391,CON-RES-2012-69,,(new),"WOULD MINT"
43392,CON-RES-2013-497,,(new),"WOULD MINT"
43393,CON-RES-2013-345,,(new),"WOULD MINT"
43394,CON-RES-2013-112,,(new),"WOULD MINT"
43395,CON-RES-2011-1605,,(new),"WOULD MINT"
43396,CON-RES-2012-135,,(new),"WOULD MINT"
43397,CON-RES-2012-70,,(new),"WOULD MINT"
43398,CON-RES-2012-288,,(new),"WOULD MINT"
43399,CON-RES-2013-160,,(new),"WOULD MINT"
43400,CON-RES-2004-208,,(new),"WOULD MINT"
43401,CON-RES-2011-1608,,(new),"WOULD MINT"
43402,CON-RES-2013-418,,(new),"WOULD MINT"
43403,CON-RES-2013-308,,(new),"WOULD MINT"
43404,CON-RES-2012-71,,(new),"WOULD MINT"
43405,CON-RES-2012-287,,(new),"WOULD MINT"
43406,CON-RES-2006-30,,(new),"WOULD MINT"
43407,CON-RES-2013-421,,(new),"WOULD MINT"
43408,CON-RES-2012-72,,(new),"WOULD MINT"
43409,CON-RES-2013-122,,(new),"WOULD MINT"
43410,CON-RES-2011-1609,,(new),"WOULD MINT"
43411,CON-RES-2012-286,,(new),"WOULD MINT"
43412,CON-RES-2013-499,,(new),"WOULD MINT"
43413,CON-RES-2013-306,,(new),"WOULD MINT"
43414,CON-RES-2013-103,,(new),"WOULD MINT"
43415,CON-RES-2012-73,,(new),"WOULD MINT"
43416,CON-RES-2013-307,,(new),"WOULD MINT"
43417,CON-RES-2012-278,,(new),"WOULD MINT"
43418,CON-RES-2011-1962,,(new),"WOULD MINT"
43419,CON-RES-2013-572,,(new),"WOULD MINT"
43420,CON-RES-2012-136,,(new),"WOULD MINT"
43421,CON-RES-2012-74,,(new),"WOULD MINT"
43422,CON-RES-2013-530,,(new),"WOULD MINT"
43423,CON-RES-2006-160,,(new),"WOULD MINT"
43424,CON-RES-2011-1678,,(new),"WOULD MINT"
43425,CON-RES-2012-273,,(new),"WOULD MINT"
43426,CON-RES-2013-314,,(new),"WOULD MINT"
43427,CON-RES-2012-77,,(new),"WOULD MINT"
43428,CON-RES-2006-114,,(new),"WOULD MINT"
43429,CON-RES-2013-535,,(new),"WOULD MINT"
43430,CON-RES-2012-137,,(new),"WOULD MINT"
43431,CON-RES-2011-484,,(new),"WOULD MINT"
43432,CON-RES-2004-50,,(new),"WOULD MINT"
43433,CON-RES-2013-299,,(new),"WOULD MINT"
43434,CON-RES-2012-78,,(new),"WOULD MINT"
43435,CON-RES-2012-250,,(new),"WOULD MINT"
43436,CON-RES-2013-484,,(new),"WOULD MINT"
43437,CON-RES-2013-333,,(new),"WOULD MINT"
43438,CON-RES-2006-5,,(new),"WOULD MINT"
43439,CON-RES-2013-554,,(new),"WOULD MINT"
43440,CON-RES-2011-465,,(new),"WOULD MINT"
43441,CON-RES-2012-79,,(new),"WOULD MINT"
43442,CON-RES-2004-54,,(new),"WOULD MINT"
43443,CON-RES-2013-331,,(new),"WOULD MINT"
43444,CON-RES-2013-464,,(new),"WOULD MINT"
43445,CON-RES-2011-711,,(new),"WOULD MINT"
43446,CON-RES-2013-88,,(new),"WOULD MINT"
43447,CON-RES-2012-80,,(new),"WOULD MINT"
43448,CON-RES-2002-210,,(new),"WOULD MINT"
43449,CON-RES-2013-330,,(new),"WOULD MINT"
43450,CON-RES-2013-474,,(new),"WOULD MINT"
43451,CON-RES-2004-53,,(new),"WOULD MINT"
43452,CON-RES-2013-48,,(new),"WOULD MINT"
43453,CON-RES-2006-187,,(new),"WOULD MINT"
43454,CON-RES-2012-149,,(new),"WOULD MINT"
43455,CON-RES-2013-454,,(new),"WOULD MINT"
43456,CON-RES-2011-608,,(new),"WOULD MINT"
43457,CON-RES-2013-50,,(new),"WOULD MINT"
43458,CON-RES-2011-157,,(new),"WOULD MINT"
43459,CON-RES-2013-496,,(new),"WOULD MINT"
43460,CON-RES-2011-602,,(new),"WOULD MINT"
43461,CON-RES-2012-150,,(new),"WOULD MINT"
43462,CON-RES-2013-52,,(new),"WOULD MINT"
43463,CON-RES-2006-186,,(new),"WOULD MINT"
43464,CON-RES-2012-216,,(new),"WOULD MINT"
43465,CON-RES-2013-412,,(new),"WOULD MINT"
43466,CON-RES-2011-405,,(new),"WOULD MINT"
43467,CON-RES-2013-53,,(new),"WOULD MINT"
43468,CON-RES-2012-155,,(new),"WOULD MINT"
43469,CON-RES-2006-184,,(new),"WOULD MINT"
43470,CON-RES-2013-145,,(new),"WOULD MINT"
43471,CON-RES-2004-42,,(new),"WOULD MINT"
43472,CON-RES-2011-701,,(new),"WOULD MINT"
43473,CON-RES-2013-411,,(new),"WOULD MINT"
43474,CON-RES-2002-208,,(new),"WOULD MINT"
43475,CON-RES-2012-158,,(new),"WOULD MINT"
43476,CON-RES-2013-109,,(new),"WOULD MINT"
43477,CON-RES-2011-604,,(new),"WOULD MINT"
43478,CON-RES-2013-144,,(new),"WOULD MINT"
43479,CON-RES-2004-48,,(new),"WOULD MINT"
43480,CON-RES-2013-463,,(new),"WOULD MINT"
43481,CON-RES-2012-159,,(new),"WOULD MINT"
43482,CON-RES-2013-153,,(new),"WOULD MINT"
43483,CON-RES-2011-479,,(new),"WOULD MINT"
43484,CON-RES-2013-357,,(new),"WOULD MINT"
43485,CON-RES-2009-987,,(new),"WOULD MINT"
43486,CON-RES-2013-147,,(new),"WOULD MINT"
43487,CON-RES-2012-265,,(new),"WOULD MINT"
43488,CON-RES-2011-471,,(new),"WOULD MINT"
43489,CON-RES-2012-160,,(new),"WOULD MINT"
43490,CON-RES-2013-80,,(new),"WOULD MINT"
43491,CON-RES-2013-557,,(new),"WOULD MINT"
43492,CON-RES-2012-86,,(new),"WOULD MINT"
43493,CON-RES-2012-161,,(new),"WOULD MINT"
43494,CON-RES-2013-89,,(new),"WOULD MINT"
43495,CON-RES-2009-984,,(new),"WOULD MINT"
43496,CON-RES-2012-89,,(new),"WOULD MINT"
43497,CON-RES-2011-480,,(new),"WOULD MINT"
43498,CON-RES-2012-162,,(new),"WOULD MINT"
43499,CON-RES-2006-28,,(new),"WOULD MINT"
43500,CON-RES-2013-142,,(new),"WOULD MINT"
43501,CON-RES-2012-87,,(new),"WOULD MINT"
43502,CON-RES-2011-2218,,(new),"WOULD MINT"
43503,CON-RES-2013-471,,(new),"WOULD MINT"
43504,CON-RES-2011-19,,(new),"WOULD MINT"
43505,CON-RES-2012-90,,(new),"WOULD MINT"
43506,CON-RES-2001-322,,(new),"WOULD MINT"
43507,CON-RES-2006-191,,(new),"WOULD MINT"
43508,CON-RES-2013-81,,(new),"WOULD MINT"
43509,CON-RES-2004-49,,(new),"WOULD MINT"
43510,CON-RES-2013-101,,(new),"WOULD MINT"
43511,CON-RES-2012-91,,(new),"WOULD MINT"
43512,CON-RES-2013-351,,(new),"WOULD MINT"
43513,CON-RES-2012-215,,(new),"WOULD MINT"
43514,CON-RES-2001-309,,(new),"WOULD MINT"
43515,CON-RES-2011-280,,(new),"WOULD MINT"
43516,CON-RES-2006-190,,(new),"WOULD MINT"
43517,CON-RES-2013-329,,(new),"WOULD MINT"
43518,CON-RES-2013-398,,(new),"WOULD MINT"
43519,CON-RES-2013-400,,(new),"WOULD MINT"
43520,CON-RES-2001-102,,(new),"WOULD MINT"
43521,CON-RES-2011-1172,,(new),"WOULD MINT"
43522,CON-RES-2013-143,,(new),"WOULD MINT"
43523,CON-RES-2013-501,,(new),"WOULD MINT"
43524,CON-RES-2013-65,,(new),"WOULD MINT"
43525,CON-RES-2013-607,,(new),"WOULD MINT"
43526,CON-RES-2006-188,,(new),"WOULD MINT"
43527,CON-RES-2013-611,,(new),"WOULD MINT"
43529,CON-RES-2013-73,,(new),"WOULD MINT"
43530,CON-RES-2013-301,,(new),"WOULD MINT"
43531,CON-RES-2013-320,,(new),"WOULD MINT"
43532,CON-RES-2013-8,,(new),"WOULD MINT"
43533,CON-RES-2006-173,,(new),"WOULD MINT"
43534,CON-RES-2013-87,,(new),"WOULD MINT"
43535,CON-RES-2006-138,,(new),"WOULD MINT"
43536,CON-RES-2013-347,,(new),"WOULD MINT"
43537,CON-RES-2013-141,,(new),"WOULD MINT"
43538,CON-RES-2013-344,,(new),"WOULD MINT"
43539,CON-RES-2013-92,,(new),"WOULD MINT"
43540,CON-RES-2013-614,,(new),"WOULD MINT"
43541,CON-RES-2013-41,,(new),"WOULD MINT"
43542,CON-RES-2006-168,,(new),"WOULD MINT"
43543,CON-RES-2013-354,,(new),"WOULD MINT"
43544,CON-RES-2013-606,,(new),"WOULD MINT"
43545,CON-RES-2013-137,,(new),"WOULD MINT"
43546,CON-RES-2013-605,,(new),"WOULD MINT"
43547,CON-RES-2013-387,,(new),"WOULD MINT"
43548,CON-RES-2013-42,,(new),"WOULD MINT"
43549,CON-RES-2013-701,,(new),"WOULD MINT"
43550,CON-RES-2001-103,,(new),"WOULD MINT"
43551,CON-RES-2013-430,,(new),"WOULD MINT"
43552,CON-RES-2013-43,,(new),"WOULD MINT"
43553,CON-RES-2013-397,,(new),"WOULD MINT"
43554,CON-RES-2001-104,,(new),"WOULD MINT"
43555,CON-RES-2013-99,,(new),"WOULD MINT"
43556,CON-RES-2013-432,,(new),"WOULD MINT"
43557,CON-RES-2001-106,,(new),"WOULD MINT"
43558,CON-RES-2006-169,,(new),"WOULD MINT"
43559,CON-RES-2013-96,,(new),"WOULD MINT"
43560,CON-RES-2013-467,,(new),"WOULD MINT"
43561,CON-RES-2001-116,,(new),"WOULD MINT"
43562,CON-RES-2013-556,,(new),"WOULD MINT"
43563,CON-RES-2013-163,,(new),"WOULD MINT"
43564,CON-RES-2013-95,,(new),"WOULD MINT"
43565,CON-RES-2013-431,,(new),"WOULD MINT"
43566,CON-RES-2013-76,,(new),"WOULD MINT"
43567,CON-RES-2013-435,,(new),"WOULD MINT"
43568,CON-RES-2013-94,,(new),"WOULD MINT"
43569,CON-RES-2013-93,,(new),"WOULD MINT"
43570,CON-RES-2011-289,,(new),"WOULD MINT"
43571,CON-RES-2013-69,,(new),"WOULD MINT"
43572,CON-RES-2013-2,,(new),"WOULD MINT"
43573,CON-RES-2013-402,,(new),"WOULD MINT"
43574,CON-RES-2013-67,,(new),"WOULD MINT"
43575,CON-RES-2013-371,,(new),"WOULD MINT"
43576,CON-RES-2013-1,,(new),"WOULD MINT"
43577,CON-RES-2013-438,,(new),"WOULD MINT"
43578,CON-RES-2013-29,,(new),"WOULD MINT"
43579,CON-RES-2013-384,,(new),"WOULD MINT"
43580,CON-RES-2011-978,,(new),"WOULD MINT"
43581,CON-RES-2013-440,,(new),"WOULD MINT"
43582,CON-RES-2013-335,,(new),"WOULD MINT"
43583,CON-RES-2013-615,,(new),"WOULD MINT"
43584,CON-RES-2011-957,,(new),"WOULD MINT"
43585,CON-RES-2013-405,,(new),"WOULD MINT"
43586,CON-RES-2012-214,,(new),"WOULD MINT"
43587,CON-RES-2013-114,,(new),"WOULD MINT"
43588,CON-RES-2011-961,,(new),"WOULD MINT"
43589,CON-RES-2004-51,,(new),"WOULD MINT"
43590,CON-RES-2013-352,,(new),"WOULD MINT"
43591,CON-RES-2011-962,,(new),"WOULD MINT"
43592,CON-RES-2013-500,,(new),"WOULD MINT"
43593,CON-RES-2013-136,,(new),"WOULD MINT"
43594,CON-RES-2013-104,,(new),"WOULD MINT"
43595,CON-RES-2006-6,,(new),"WOULD MINT"
43596,CON-RES-2013-138,,(new),"WOULD MINT"
43597,CON-RES-2006-172,,(new),"WOULD MINT"
43598,CON-RES-2011-2147,,(new),"WOULD MINT"
43599,CON-RES-2013-16,,(new),"WOULD MINT"
43600,CON-RES-2013-620,,(new),"WOULD MINT"
43601,CON-RES-2008-118,,(new),"WOULD MINT"
43602,CON-RES-2013-3,,(new),"WOULD MINT"
43603,CON-RES-2013-462,,(new),"WOULD MINT"
43604,CON-RES-2011-207,,(new),"WOULD MINT"
43605,CON-RES-2013-420,,(new),"WOULD MINT"
43606,CON-RES-2004-207,,(new),"WOULD MINT"
43607,CON-RES-2013-154,,(new),"WOULD MINT"
43608,CON-RES-2013-64,,(new),"WOULD MINT"
43609,CON-RES-2012-339,,(new),"WOULD MINT"
43610,CON-RES-2013-151,,(new),"WOULD MINT"
43611,CON-RES-2013-436,,(new),"WOULD MINT"
43612,CON-RES-2013-549,,(new),"WOULD MINT"
43613,CON-RES-2013-44,,(new),"WOULD MINT"
43614,CON-RES-2013-437,,(new),"WOULD MINT"
43615,CON-RES-2013-429,,(new),"WOULD MINT"
43616,CON-RES-2008-150,,(new),"WOULD MINT"
43617,CON-RES-2012-340,,(new),"WOULD MINT"
43618,CON-RES-2013-74,,(new),"WOULD MINT"
43619,CON-RES-2013-426,,(new),"WOULD MINT"
43620,CON-RES-2013-425,,(new),"WOULD MINT"
43621,CON-RES-2013-195,,(new),"WOULD MINT"
43622,CON-RES-2007-158,,(new),"WOULD MINT"
43623,CON-RES-2006-175,,(new),"WOULD MINT"
43624,CON-RES-2013-513,,(new),"WOULD MINT"
43625,CON-RES-2013-13,,(new),"WOULD MINT"
43626,CON-RES-2013-424,,(new),"WOULD MINT"
43627,CON-RES-2013-423,,(new),"WOULD MINT"
43628,CON-RES-2013-7,,(new),"WOULD MINT"
43629,CON-RES-2007-47,,(new),"WOULD MINT"
43630,CON-RES-2013-422,,(new),"WOULD MINT"
43631,CON-RES-2013-601,,(new),"WOULD MINT"
43632,CON-RES-2013-461,,(new),"WOULD MINT"
43633,CON-RES-2013-39,,(new),"WOULD MINT"
43634,CON-RES-2013-46,,(new),"WOULD MINT"
43635,CON-RES-2006-305,,(new),"WOULD MINT"
43636,CON-RES-2013-602,,(new),"WOULD MINT"
43637,CON-RES-2013-162,,(new),"WOULD MINT"
43638,CON-RES-2013-30,,(new),"WOULD MINT"
43639,CON-RES-2006-42,,(new),"WOULD MINT"
43640,CON-RES-2013-616,,(new),"WOULD MINT"
43641,CON-RES-2013-327,,(new),"WOULD MINT"
43642,CON-RES-2013-458,,(new),"WOULD MINT"
43643,CON-RES-2013-78,,(new),"WOULD MINT"
43644,CON-RES-2013-409,,(new),"WOULD MINT"
43645,CON-RES-2013-339,,(new),"WOULD MINT"
43646,CON-RES-2006-41,,(new),"WOULD MINT"
43647,CON-RES-2013-473,,(new),"WOULD MINT"
43648,CON-RES-2013-608,,(new),"WOULD MINT"
43649,CON-RES-2006-330,,(new),"WOULD MINT"
43650,CON-RES-2013-439,,(new),"WOULD MINT"
43651,CON-RES-2013-152,,(new),"WOULD MINT"
43652,CON-RES-2013-374,,(new),"WOULD MINT"
43653,CON-RES-2013-375,,(new),"WOULD MINT"
43654,CON-RES-2011-1178,,(new),"WOULD MINT"
43655,CON-RES-2013-612,,(new),"WOULD MINT"
43656,CON-RES-2011-1174,,(new),"WOULD MINT"
43657,CON-RES-2013-617,,(new),"WOULD MINT"
43658,CON-RES-2013-125,,(new),"WOULD MINT"
43659,CON-RES-2013-131,,(new),"WOULD MINT"
43660,CON-RES-2013-159,,(new),"WOULD MINT"
43661,CON-RES-2013-140,,(new),"WOULD MINT"
43662,CON-RES-2013-102,,(new),"WOULD MINT"
43663,CON-RES-2013-110,,(new),"WOULD MINT"
43664,CON-RES-2013-111,,(new),"WOULD MINT"
43665,CON-RES-2013-603,,(new),"WOULD MINT"
43666,CON-RES-2012-370,,(new),"WOULD MINT"
43667,CON-RES-2013-188,,(new),"WOULD MINT"
43668,CON-RES-2006-126,,(new),"WOULD MINT"
43669,CON-RES-2012-366,,(new),"WOULD MINT"
43670,CON-RES-2013-49,,(new),"WOULD MINT"
43671,CON-RES-2006-45,,(new),"WOULD MINT"
43672,CON-RES-2012-320,,(new),"WOULD MINT"
43673,CON-RES-2013-150,,(new),"WOULD MINT"
43674,CON-RES-2013-483,,(new),"WOULD MINT"
43675,CON-RES-2006-49,,(new),"WOULD MINT"
43676,CON-RES-2012-328,,(new),"WOULD MINT"
43677,CON-RES-2012-380,,(new),"WOULD MINT"
43678,CON-RES-2006-47,,(new),"WOULD MINT"
43679,CON-RES-2006-10,,(new),"WOULD MINT"
43680,CON-RES-2013-401,,(new),"WOULD MINT"
43681,CON-RES-2012-329,,(new),"WOULD MINT"
43682,CON-RES-2006-40,,(new),"WOULD MINT"
43683,CON-RES-2012-330,,(new),"WOULD MINT"
43684,CON-RES-2013-404,,(new),"WOULD MINT"
43685,CON-RES-2012-217,,(new),"WOULD MINT"
43686,CON-RES-2012-332,,(new),"WOULD MINT"
43687,CON-RES-2013-403,,(new),"WOULD MINT"
43688,CON-RES-2006-12,,(new),"WOULD MINT"
43689,CON-RES-2006-16,,(new),"WOULD MINT"
43690,CON-RES-2006-319,,(new),"WOULD MINT"
43691,CON-RES-2012-393,,(new),"WOULD MINT"
43692,CON-RES-2013-488,,(new),"WOULD MINT"
43693,CON-RES-2013-134,,(new),"WOULD MINT"
43694,CON-RES-2012-389,,(new),"WOULD MINT"
43695,CON-RES-2006-141,,(new),"WOULD MINT"
43696,CON-RES-2012-388,,(new),"WOULD MINT"
43697,CON-RES-2013-487,,(new),"WOULD MINT"
43698,CON-RES-2012-387,,(new),"WOULD MINT"
43700,CON-RES-2013-485,,(new),"WOULD MINT"
43701,CON-RES-2012-386,,(new),"WOULD MINT"
43702,CON-RES-2012-398,,(new),"WOULD MINT"
43703,CON-RES-2006-113,,(new),"WOULD MINT"
43704,CON-RES-2013-427,,(new),"WOULD MINT"
43705,CON-RES-2012-385,,(new),"WOULD MINT"
43706,CON-RES-2013-457,,(new),"WOULD MINT"
43707,CON-RES-2012-316,,(new),"WOULD MINT"
43708,CON-RES-2013-456,,(new),"WOULD MINT"
43709,CON-RES-2013-164,,(new),"WOULD MINT"
43710,CON-RES-2012-327,,(new),"WOULD MINT"
43711,CON-RES-2013-455,,(new),"WOULD MINT"
43712,CON-RES-1994-622,,(new),"WOULD MINT"
43713,CON-RES-2012-326,,(new),"WOULD MINT"
43714,CON-RES-2013-148,,(new),"WOULD MINT"
43715,CON-RES-2012-325,,(new),"WOULD MINT"
43716,CON-RES-2013-453,,(new),"WOULD MINT"
43717,CON-RES-2006-152,,(new),"WOULD MINT"
43718,CON-RES-2013-184,,(new),"WOULD MINT"
43719,CON-RES-2012-324,,(new),"WOULD MINT"
43720,CON-RES-2012-376,,(new),"WOULD MINT"
43721,CON-RES-2013-480,,(new),"WOULD MINT"
43722,CON-RES-2012-331,,(new),"WOULD MINT"
43723,CON-RES-2013-482,,(new),"WOULD MINT"
43724,CON-RES-2009-315,,(new),"WOULD MINT"
43725,CON-RES-2009-675,,(new),"WOULD MINT"
43726,CON-RES-2009-666,,(new),"WOULD MINT"
43727,CON-RES-2009-665,,(new),"WOULD MINT"
43728,CON-RES-2009-682,,(new),"WOULD MINT"
43729,CON-RES-2009-950,,(new),"WOULD MINT"
43730,CON-RES-2009-930,,(new),"WOULD MINT"
43731,CON-RES-2009-934,,(new),"WOULD MINT"
43732,CON-RES-2009-964,,(new),"WOULD MINT"
43733,CON-RES-2009-1077,,(new),"WOULD MINT"
43734,CON-RES-2009-332,,(new),"WOULD MINT"
43735,CON-RES-2009-677,,(new),"WOULD MINT"
43736,CON-RES-2009-939,,(new),"WOULD MINT"
43737,CON-RES-2009-609,,(new),"WOULD MINT"
43738,CON-RES-2009-608,,(new),"WOULD MINT"
43739,CON-RES-2009-667,,(new),"WOULD MINT"
43740,CON-RES-2009-164,,(new),"WOULD MINT"
43741,CON-RES-2009-958,,(new),"WOULD MINT"
43742,CON-RES-2009-379,,(new),"WOULD MINT"
43743,CON-RES-2009-340,,(new),"WOULD MINT"
43744,CON-RES-2009-343,,(new),"WOULD MINT"
43745,CON-RES-2009-400,,(new),"WOULD MINT"
43746,CON-RES-2009-396,,(new),"WOULD MINT"
43747,CON-RES-2009-347,,(new),"WOULD MINT"
43748,CON-RES-2009-1080,,(new),"WOULD MINT"
43749,CON-RES-2009-450,,(new),"WOULD MINT"
43750,CON-RES-2009-324,,(new),"WOULD MINT"
43751,CON-RES-2009-994,,(new),"WOULD MINT"
43752,CON-RES-2009-996,,(new),"WOULD MINT"
43753,CON-RES-2009-428,,(new),"WOULD MINT"
43754,CON-RES-2009-956,,(new),"WOULD MINT"
43755,CON-RES-2009-670,,(new),"WOULD MINT"
43756,CON-RES-2009-453,,(new),"WOULD MINT"
43757,CON-RES-2009-648,,(new),"WOULD MINT"
43758,CON-RES-2009-330,,(new),"WOULD MINT"
43759,CON-RES-2009-331,,(new),"WOULD MINT"
43760,CON-RES-2009-467,,(new),"WOULD MINT"
43761,CON-RES-2009-307,,(new),"WOULD MINT"
43762,CON-RES-2009-957,,(new),"WOULD MINT"
43763,CON-RES-2009-165,,(new),"WOULD MINT"
43764,CON-RES-2009-167,,(new),"WOULD MINT"
43765,CON-RES-2009-318,,(new),"WOULD MINT"
43766,CON-RES-2009-314,,(new),"WOULD MINT"
43767,CON-RES-2009-1075,,(new),"WOULD MINT"
43768,CON-RES-2009-961,,(new),"WOULD MINT"
43769,CON-RES-2009-690,,(new),"WOULD MINT"
43770,CON-RES-2009-322,,(new),"WOULD MINT"
43771,CON-RES-2009-932,,(new),"WOULD MINT"
43772,CON-RES-2009-998,,(new),"WOULD MINT"
43773,CON-RES-2009-995,,(new),"WOULD MINT"
43774,CON-RES-2009-960,,(new),"WOULD MINT"
43775,CON-RES-2009-451,,(new),"WOULD MINT"
43776,CON-RES-2006-318,,(new),"WOULD MINT"
43777,CON-RES-2012-396,,(new),"WOULD MINT"
43778,CON-RES-2013-928,,(new),"WOULD MINT"
43779,CON-RES-2012-307,,(new),"WOULD MINT"
43780,CON-RES-2006-158,,(new),"WOULD MINT"
43781,CON-RES-2014-32,,(new),"WOULD MINT"
43782,CON-RES-2014-1251,,(new),"WOULD MINT"
43783,CON-RES-2006-397,,(new),"WOULD MINT"
43784,CON-RES-2014-147,,(new),"WOULD MINT"
43785,CON-RES-2012-318,,(new),"WOULD MINT"
43786,CON-RES-2019-702,,(new),"WOULD MINT"
43787,CON-RES-2006-182,,(new),"WOULD MINT"
43788,CON-RES-2014-168,,(new),"WOULD MINT"
43789,CON-RES-2014-29,,(new),"WOULD MINT"
43790,CON-RES-2006-101,,(new),"WOULD MINT"
43791,CON-RES-2012-322,,(new),"WOULD MINT"
43792,CON-RES-2014-169,,(new),"WOULD MINT"
43793,CON-RES-2012-302,,(new),"WOULD MINT"
43794,CON-RES-2014-171,,(new),"WOULD MINT"
43795,CON-RES-2014-146,,(new),"WOULD MINT"
43796,CON-RES-2006-110,,(new),"WOULD MINT"
43797,CON-RES-2010-735,,(new),"WOULD MINT"
43798,CON-RES-2014-148,,(new),"WOULD MINT"
43799,CON-RES-2006-44,,(new),"WOULD MINT"
43800,CON-RES-2012-365,,(new),"WOULD MINT"
43801,CON-RES-2014-592,,(new),"WOULD MINT"
43802,CON-RES-2012-315,,(new),"WOULD MINT"
43803,CON-RES-2006-136,,(new),"WOULD MINT"
43804,CON-RES-2014-594,,(new),"WOULD MINT"
43805,CON-RES-2012-361,,(new),"WOULD MINT"
43806,CON-RES-2014-733,,(new),"WOULD MINT"
43807,CON-RES-2012-304,,(new),"WOULD MINT"
43808,CON-RES-2014-295,,(new),"WOULD MINT"
43809,CON-RES-2012-347,,(new),"WOULD MINT"
43810,CON-RES-2012-359,,(new),"WOULD MINT"
43811,CON-RES-2012-342,,(new),"WOULD MINT"
43812,CON-RES-2013-417,,(new),"WOULD MINT"
43813,CON-RES-2012-310,,(new),"WOULD MINT"
43814,CON-RES-2014-244,,(new),"WOULD MINT"
43815,CON-RES-2006-419,,(new),"WOULD MINT"
43816,CON-RES-2012-364,,(new),"WOULD MINT"
43817,CON-RES-2012-337,,(new),"WOULD MINT"
43818,CON-RES-2014-228,,(new),"WOULD MINT"
43819,CON-RES-2006-355,,(new),"WOULD MINT"
43820,CON-RES-2011-663,,(new),"WOULD MINT"
43821,CON-RES-2014-366,,(new),"WOULD MINT"
43822,CON-RES-2013-132,,(new),"WOULD MINT"
43823,CON-RES-2010-991,,(new),"WOULD MINT"
43824,CON-RES-2005-304,,(new),"WOULD MINT"
43825,CON-RES-2010-989,,(new),"WOULD MINT"
43826,CON-RES-2014-387,,(new),"WOULD MINT"
43827,CON-RES-2012-336,,(new),"WOULD MINT"
43828,CON-RES-2010-988,,(new),"WOULD MINT"
43829,CON-RES-2014-383,,(new),"WOULD MINT"
43830,CON-RES-2013-129,,(new),"WOULD MINT"
43831,CON-RES-2005-123,,(new),"WOULD MINT"
43832,CON-RES-2010-423,,(new),"WOULD MINT"
43833,CON-RES-2014-325,,(new),"WOULD MINT"
43834,CON-RES-2010-424,,(new),"WOULD MINT"
43835,CON-RES-2005-589,,(new),"WOULD MINT"
43836,CON-RES-2007-269,,(new),"WOULD MINT"
43837,CON-RES-2010-419,,(new),"WOULD MINT"
43838,CON-RES-2014-326,,(new),"WOULD MINT"
43839,CON-RES-2012-369,,(new),"WOULD MINT"
43840,CON-RES-1996-301,,(new),"WOULD MINT"
43841,CON-RES-2014-328,,(new),"WOULD MINT"
43842,CON-RES-2012-311,,(new),"WOULD MINT"
43843,CON-RES-2007-159,,(new),"WOULD MINT"
43844,CON-RES-2014-329,,(new),"WOULD MINT"
43845,CON-RES-1994-422,,(new),"WOULD MINT"
43846,CON-RES-2010-188,,(new),"WOULD MINT"
43847,CON-RES-2014-604,,(new),"WOULD MINT"
43848,CON-RES-2014-575,,(new),"WOULD MINT"
43849,CON-RES-2014-338,,(new),"WOULD MINT"
43850,CON-RES-2012-363,,(new),"WOULD MINT"
43851,CON-RES-2012-373,,(new),"WOULD MINT"
43852,CON-RES-2013-528,,(new),"WOULD MINT"
43853,CON-RES-2014-510,,(new),"WOULD MINT"
43854,CON-RES-2012-374,,(new),"WOULD MINT"
43855,CON-RES-2014-337,,(new),"WOULD MINT"
43856,CON-RES-2014-523,,(new),"WOULD MINT"
43857,CON-RES-2014-41,,(new),"WOULD MINT"
43858,CON-RES-2014-318,,(new),"WOULD MINT"
43859,CON-RES-2014-38,,(new),"WOULD MINT"
43860,CON-RES-2014-529,,(new),"WOULD MINT"
43861,CON-RES-2014-187,,(new),"WOULD MINT"
43862,CON-RES-2014-324,,(new),"WOULD MINT"
43863,CON-RES-2014-590,,(new),"WOULD MINT"
43864,CON-RES-2006-23,,(new),"WOULD MINT"
43865,CON-RES-2010-87,,(new),"WOULD MINT"
43866,CON-RES-2007-448,,(new),"WOULD MINT"
43867,CON-RES-2012-633,,(new),"WOULD MINT"
43868,CON-RES-2012-348,,(new),"WOULD MINT"
43869,CON-RES-2014-39,,(new),"WOULD MINT"
43870,CON-RES-2014-535,,(new),"WOULD MINT"
43871,CON-RES-2014-591,,(new),"WOULD MINT"
43872,CON-RES-2014-161,,(new),"WOULD MINT"
43873,CON-RES-2014-334,,(new),"WOULD MINT"
43874,CON-RES-2014-31,,(new),"WOULD MINT"
43875,CON-RES-2014-551,,(new),"WOULD MINT"
43876,CON-RES-2010-52,,(new),"WOULD MINT"
43877,CON-RES-2007-450,,(new),"WOULD MINT"
43878,CON-RES-2014-628,,(new),"WOULD MINT"
43879,CON-RES-2014-28,,(new),"WOULD MINT"
43880,CON-RES-2014-453,,(new),"WOULD MINT"
43881,CON-RES-2014-555,,(new),"WOULD MINT"
43882,CON-RES-2007-482,,(new),"WOULD MINT"
43883,CON-RES-2014-524,,(new),"WOULD MINT"
43884,CON-RES-2014-626,,(new),"WOULD MINT"
43885,CON-RES-2014-446,,(new),"WOULD MINT"
43886,CON-RES-2014-512,,(new),"WOULD MINT"
43887,CON-RES-2010-981,,(new),"WOULD MINT"
43888,CON-RES-2014-454,,(new),"WOULD MINT"
43889,CON-RES-2012-349,,(new),"WOULD MINT"
43890,CON-RES-2014-549,,(new),"WOULD MINT"
43891,CON-RES-2014-455,,(new),"WOULD MINT"
43892,CON-RES-2014-114,,(new),"WOULD MINT"
43893,CON-RES-2014-50,,(new),"WOULD MINT"
43894,CON-RES-2014-458,,(new),"WOULD MINT"
43895,CON-RES-2014-616,,(new),"WOULD MINT"
43896,CON-RES-2007-449,,(new),"WOULD MINT"
43897,CON-RES-2012-354,,(new),"WOULD MINT"
43898,CON-RES-2014-595,,(new),"WOULD MINT"
43899,CON-RES-2012-367,,(new),"WOULD MINT"
43900,CON-RES-2014-525,,(new),"WOULD MINT"
43901,CON-RES-2014-106,,(new),"WOULD MINT"
43902,CON-RES-2014-459,,(new),"WOULD MINT"
43903,CON-RES-2009-153,,(new),"WOULD MINT"
43904,CON-RES-2010-962,,(new),"WOULD MINT"
43905,CON-RES-2014-34,,(new),"WOULD MINT"
43906,CON-RES-2012-381,,(new),"WOULD MINT"
43907,CON-RES-2014-631,,(new),"WOULD MINT"
43908,CON-RES-2014-460,,(new),"WOULD MINT"
43909,CON-RES-2014-108,,(new),"WOULD MINT"
43910,CON-RES-2010-74,,(new),"WOULD MINT"
43911,CON-RES-2014-588,,(new),"WOULD MINT"
43912,CON-RES-2014-343,,(new),"WOULD MINT"
43913,CON-RES-2013-428,,(new),"WOULD MINT"
43914,CON-RES-2012-353,,(new),"WOULD MINT"
43915,CON-RES-2014-498,,(new),"WOULD MINT"
43916,CON-RES-2014-526,,(new),"WOULD MINT"
43917,CON-RES-2014-36,,(new),"WOULD MINT"
43918,CON-RES-2010-72,,(new),"WOULD MINT"
43919,CON-RES-2014-607,,(new),"WOULD MINT"
43920,CON-RES-2014-546,,(new),"WOULD MINT"
43921,CON-RES-2014-344,,(new),"WOULD MINT"
43922,CON-RES-2014-40,,(new),"WOULD MINT"
43923,CON-RES-2012-355,,(new),"WOULD MINT"
43924,CON-RES-2014-117,,(new),"WOULD MINT"
43925,CON-RES-2014-465,,(new),"WOULD MINT"
43926,CON-RES-2010-71,,(new),"WOULD MINT"
43927,CON-RES-2013-126,,(new),"WOULD MINT"
43928,CON-RES-2014-557,,(new),"WOULD MINT"
43929,CON-RES-2014-42,,(new),"WOULD MINT"
43930,CON-RES-2014-361,,(new),"WOULD MINT"
43931,CON-RES-2014-603,,(new),"WOULD MINT"
43932,CON-RES-2010-25,,(new),"WOULD MINT"
43933,CON-RES-2014-376,,(new),"WOULD MINT"
43934,CON-RES-2014-47,,(new),"WOULD MINT"
43935,CON-RES-2014-542,,(new),"WOULD MINT"
43936,CON-RES-2014-118,,(new),"WOULD MINT"
43937,CON-RES-1990-457,,(new),"WOULD MINT"
43938,CON-RES-2010-106,,(new),"WOULD MINT"
43939,CON-RES-2014-545,,(new),"WOULD MINT"
43940,CON-RES-2014-345,,(new),"WOULD MINT"
43941,CON-RES-2014-55,,(new),"WOULD MINT"
43942,CON-RES-1991-496,,(new),"WOULD MINT"
43943,CON-RES-2014-648,,(new),"WOULD MINT"
43944,CON-RES-2014-478,,(new),"WOULD MINT"
43945,CON-RES-2014-116,,(new),"WOULD MINT"
43946,CON-RES-2014-527,,(new),"WOULD MINT"
43947,CON-RES-2014-534,,(new),"WOULD MINT"
43948,CON-RES-2014-346,,(new),"WOULD MINT"
43949,CON-RES-2014-487,,(new),"WOULD MINT"
43950,CON-RES-2002-24,,(new),"WOULD MINT"
43951,CON-RES-2014-541,,(new),"WOULD MINT"
43952,CON-RES-2014-115,,(new),"WOULD MINT"
43953,CON-RES-2014-530,,(new),"WOULD MINT"
43954,CON-RES-2014-486,,(new),"WOULD MINT"
43955,CON-RES-2014-643,,(new),"WOULD MINT"
43956,CON-RES-2014-349,,(new),"WOULD MINT"
43957,CON-RES-2007-474,,(new),"WOULD MINT"
43958,CON-RES-2014-597,,(new),"WOULD MINT"
43959,CON-RES-2014-56,,(new),"WOULD MINT"
43960,CON-RES-2014-491,,(new),"WOULD MINT"
43961,CON-RES-2011-665,,(new),"WOULD MINT"
43962,CON-RES-2014-615,,(new),"WOULD MINT"
43963,CON-RES-2014-492,,(new),"WOULD MINT"
43964,CON-RES-2013-358,,(new),"WOULD MINT"
43965,CON-RES-2014-550,,(new),"WOULD MINT"
43966,CON-RES-2014-119,,(new),"WOULD MINT"
43967,CON-RES-2014-238,,(new),"WOULD MINT"
43968,CON-RES-2014-57,,(new),"WOULD MINT"
43969,CON-RES-2014-531,,(new),"WOULD MINT"
43970,CON-RES-2014-350,,(new),"WOULD MINT"
43971,CON-RES-2011-662,,(new),"WOULD MINT"
43972,CON-RES-2014-493,,(new),"WOULD MINT"
43973,CON-RES-2014-58,,(new),"WOULD MINT"
43974,CON-RES-2014-613,,(new),"WOULD MINT"
43975,CON-RES-2014-494,,(new),"WOULD MINT"
43976,CON-RES-2009-944,,(new),"WOULD MINT"
43977,CON-RES-2007-161,,(new),"WOULD MINT"
43978,CON-RES-2014-330,,(new),"WOULD MINT"
43979,CON-RES-2014-553,,(new),"WOULD MINT"
43980,CON-RES-2014-113,,(new),"WOULD MINT"
43981,CON-RES-2014-207,,(new),"WOULD MINT"
43982,CON-RES-2014-59,,(new),"WOULD MINT"
43983,CON-RES-2014-479,,(new),"WOULD MINT"
43984,CON-RES-2014-533,,(new),"WOULD MINT"
43985,CON-RES-2014-260,,(new),"WOULD MINT"
43986,CON-RES-2014-480,,(new),"WOULD MINT"
43987,CON-RES-2014-629,,(new),"WOULD MINT"
43988,CON-RES-2014-332,,(new),"WOULD MINT"
43989,CON-RES-2014-60,,(new),"WOULD MINT"
43990,CON-RES-2014-299,,(new),"WOULD MINT"
43991,CON-RES-2014-481,,(new),"WOULD MINT"
43992,CON-RES-2014-61,,(new),"WOULD MINT"
43993,CON-RES-2014-339,,(new),"WOULD MINT"
43994,CON-RES-2014-298,,(new),"WOULD MINT"
43995,CON-RES-2007-395,,(new),"WOULD MINT"
43996,CON-RES-2011-1193,,(new),"WOULD MINT"
43997,CON-RES-2014-484,,(new),"WOULD MINT"
43998,CON-RES-2014-565,,(new),"WOULD MINT"
43999,CON-RES-2013-388,,(new),"WOULD MINT"
44000,CON-RES-2014-63,,(new),"WOULD MINT"
44001,CON-RES-2011-1196,,(new),"WOULD MINT"
44002,CON-RES-2014-235,,(new),"WOULD MINT"
44003,CON-RES-2014-302,,(new),"WOULD MINT"
44004,CON-RES-2011-1530,,(new),"WOULD MINT"
44005,CON-RES-2014-64,,(new),"WOULD MINT"
44006,CON-RES-2014-571,,(new),"WOULD MINT"
44007,CON-RES-2011-1383,,(new),"WOULD MINT"
44008,CON-RES-2014-495,,(new),"WOULD MINT"
44009,CON-RES-2014-234,,(new),"WOULD MINT"
44010,CON-RES-2011-184,,(new),"WOULD MINT"
44011,CON-RES-2011-1384,,(new),"WOULD MINT"
44012,CON-RES-2014-236,,(new),"WOULD MINT"
44013,CON-RES-2014-496,,(new),"WOULD MINT"
44014,CON-RES-2014-303,,(new),"WOULD MINT"
44015,CON-RES-2014-583,,(new),"WOULD MINT"
44016,CON-RES-2014-497,,(new),"WOULD MINT"
44017,CON-RES-2014-35,,(new),"WOULD MINT"
44018,CON-RES-2014-490,,(new),"WOULD MINT"
44019,CON-RES-2014-606,,(new),"WOULD MINT"
44020,CON-RES-2010-1118,,(new),"WOULD MINT"
44021,CON-RES-2012-356,,(new),"WOULD MINT"
44022,CON-RES-2014-37,,(new),"WOULD MINT"
44023,CON-RES-2014-370,,(new),"WOULD MINT"
44024,CON-RES-2010-1109,,(new),"WOULD MINT"
44025,CON-RES-2014-485,,(new),"WOULD MINT"
44026,CON-RES-2014-580,,(new),"WOULD MINT"
44027,CON-RES-2014-536,,(new),"WOULD MINT"
44028,CON-RES-2012-601,,(new),"WOULD MINT"
44029,CON-RES-2012-357,,(new),"WOULD MINT"
44030,CON-RES-2014-279,,(new),"WOULD MINT"
44031,CON-RES-2014-469,,(new),"WOULD MINT"
44032,CON-RES-2014-66,,(new),"WOULD MINT"
44033,CON-RES-2013-37,,(new),"WOULD MINT"
44034,CON-RES-2014-378,,(new),"WOULD MINT"
44035,CON-RES-2014-562,,(new),"WOULD MINT"
44036,CON-RES-2010-874,,(new),"WOULD MINT"
44037,CON-RES-2014-602,,(new),"WOULD MINT"
44038,CON-RES-2014-472,,(new),"WOULD MINT"
44039,CON-RES-2012-358,,(new),"WOULD MINT"
44040,CON-RES-2014-539,,(new),"WOULD MINT"
44041,CON-RES-2010-345,,(new),"WOULD MINT"
44042,CON-RES-2007-400,,(new),"WOULD MINT"
44043,CON-RES-2014-281,,(new),"WOULD MINT"
44044,CON-RES-2014-471,,(new),"WOULD MINT"
44045,CON-RES-2014-46,,(new),"WOULD MINT"
44046,CON-RES-2011-1083,,(new),"WOULD MINT"
44047,CON-RES-2010-949,,(new),"WOULD MINT"
44048,CON-RES-2014-488,,(new),"WOULD MINT"
44049,CON-RES-2014-537,,(new),"WOULD MINT"
44050,CON-RES-2012-314,,(new),"WOULD MINT"
44051,CON-RES-2014-624,,(new),"WOULD MINT"
44052,CON-RES-2014-282,,(new),"WOULD MINT"
44053,CON-RES-2014-379,,(new),"WOULD MINT"
44054,CON-RES-2014-54,,(new),"WOULD MINT"
44055,CON-RES-2014-475,,(new),"WOULD MINT"
44056,CON-RES-2014-283,,(new),"WOULD MINT"
44057,CON-RES-2013-34,,(new),"WOULD MINT"
44058,CON-RES-2012-313,,(new),"WOULD MINT"
44059,CON-RES-2014-654,,(new),"WOULD MINT"
44060,CON-RES-2014-719,,(new),"WOULD MINT"
44061,CON-RES-2014-371,,(new),"WOULD MINT"
44062,CON-RES-2014-451,,(new),"WOULD MINT"
44063,CON-RES-2012-379,,(new),"WOULD MINT"
44064,CON-RES-2009-680,,(new),"WOULD MINT"
44065,CON-RES-2014-280,,(new),"WOULD MINT"
44066,CON-RES-2014-450,,(new),"WOULD MINT"
44067,CON-RES-2014-377,,(new),"WOULD MINT"
44068,CON-RES-2012-399,,(new),"WOULD MINT"
44069,CON-RES-2007-7,,(new),"WOULD MINT"
44070,CON-RES-2014-284,,(new),"WOULD MINT"
44071,CON-RES-2009-959,,(new),"WOULD MINT"
44072,CON-RES-2014-442,,(new),"WOULD MINT"
44073,CON-RES-2014-386,,(new),"WOULD MINT"
44074,CON-RES-2014-287,,(new),"WOULD MINT"
44075,CON-RES-2012-375,,(new),"WOULD MINT"
44076,CON-RES-2014-732,,(new),"WOULD MINT"
44077,CON-RES-2013-33,,(new),"WOULD MINT"
44078,CON-RES-2012-394,,(new),"WOULD MINT"
44079,CON-RES-2014-380,,(new),"WOULD MINT"
44080,CON-RES-2014-759,,(new),"WOULD MINT"
44081,CON-RES-2009-316,,(new),"WOULD MINT"
44082,CON-RES-2014-289,,(new),"WOULD MINT"
44083,CON-RES-2014-443,,(new),"WOULD MINT"
44084,CON-RES-2014-362,,(new),"WOULD MINT"
44085,CON-RES-1993-336,,(new),"WOULD MINT"
44086,CON-RES-2009-683,,(new),"WOULD MINT"
44087,CON-RES-2014-290,,(new),"WOULD MINT"
44088,CON-RES-2014-746,,(new),"WOULD MINT"
44090,CON-RES-2014-360,,(new),"WOULD MINT"
44091,CON-RES-2014-352,,(new),"WOULD MINT"
44093,CON-RES-2014-291,,(new),"WOULD MINT"
44094,CON-RES-2009-681,,(new),"WOULD MINT"
44095,CON-RES-2009-952,,(new),"WOULD MINT"
44096,CON-RES-2014-739,,(new),"WOULD MINT"
44097,CON-RES-2014-355,,(new),"WOULD MINT"
44098,CON-RES-2014-292,,(new),"WOULD MINT"
44099,CON-RES-2009-951,,(new),"WOULD MINT"
44101,CON-RES-2007-137,,(new),"WOULD MINT"
44102,CON-RES-2009-997,,(new),"WOULD MINT"
44103,CON-RES-2014-721,,(new),"WOULD MINT"
44104,CON-RES-2014-278,,(new),"WOULD MINT"
44105,CON-RES-2014-357,,(new),"WOULD MINT"
44106,CON-RES-2013-156,,(new),"WOULD MINT"
44107,CON-RES-1994-284,,(new),"WOULD MINT"
44108,CON-RES-2007-283,,(new),"WOULD MINT"
44109,CON-RES-2014-445,,(new),"WOULD MINT"
44110,CON-RES-2014-277,,(new),"WOULD MINT"
44111,CON-RES-2014-723,,(new),"WOULD MINT"
44112,CON-RES-2014-369,,(new),"WOULD MINT"
44113,CON-RES-2013-386,,(new),"WOULD MINT"
44114,CON-RES-1994-297,,(new),"WOULD MINT"
44115,CON-RES-2014-275,,(new),"WOULD MINT"
44116,CON-RES-1994-280,,(new),"WOULD MINT"
44117,CON-RES-2013-355,,(new),"WOULD MINT"
44118,CON-RES-2014-365,,(new),"WOULD MINT"
44119,CON-RES-2014-727,,(new),"WOULD MINT"
44120,CON-RES-2007-387,,(new),"WOULD MINT"
44121,CON-RES-1994-282,,(new),"WOULD MINT"
44122,CON-RES-2014-276,,(new),"WOULD MINT"
44123,CON-RES-2014-728,,(new),"WOULD MINT"
44124,CON-RES-2014-363,,(new),"WOULD MINT"
44125,CON-RES-2014-259,,(new),"WOULD MINT"
44126,CON-RES-2014-503,,(new),"WOULD MINT"
44127,CON-RES-2014-364,,(new),"WOULD MINT"
44128,CON-RES-1994-281,,(new),"WOULD MINT"
44129,CON-RES-2014-257,,(new),"WOULD MINT"
44130,CON-RES-2014-317,,(new),"WOULD MINT"
44131,CON-RES-2014-736,,(new),"WOULD MINT"
44132,CON-RES-1993-593,,(new),"WOULD MINT"
44133,CON-RES-2014-258,,(new),"WOULD MINT"
44134,CON-RES-2014-734,,(new),"WOULD MINT"
44135,CON-RES-2014-509,,(new),"WOULD MINT"
44136,CON-RES-1993-592,,(new),"WOULD MINT"
44137,CON-RES-2014-351,,(new),"WOULD MINT"
44138,CON-RES-2014-256,,(new),"WOULD MINT"
44139,CON-RES-2014-731,,(new),"WOULD MINT"
44140,CON-RES-2007-356,,(new),"WOULD MINT"
44141,CON-RES-2014-447,,(new),"WOULD MINT"
44142,CON-RES-1993-559,,(new),"WOULD MINT"
44143,CON-RES-2014-226,,(new),"WOULD MINT"
44144,CON-RES-2014-743,,(new),"WOULD MINT"
44145,CON-RES-2014-304,,(new),"WOULD MINT"
44146,CON-RES-2014-224,,(new),"WOULD MINT"
44147,CON-RES-1993-547,,(new),"WOULD MINT"
44148,CON-RES-2014-448,,(new),"WOULD MINT"
44149,CON-RES-2014-358,,(new),"WOULD MINT"
44150,CON-RES-2014-305,,(new),"WOULD MINT"
44151,CON-RES-2014-741,,(new),"WOULD MINT"
44152,CON-RES-2014-223,,(new),"WOULD MINT"
44153,CON-RES-2014-468,,(new),"WOULD MINT"
44154,CON-RES-2014-482,,(new),"WOULD MINT"
44155,CON-RES-2014-742,,(new),"WOULD MINT"
44156,CON-RES-2006-83,,(new),"WOULD MINT"
44157,CON-RES-2014-744,,(new),"WOULD MINT"
44159,"CON-RES-2014- 745",,(new),"WOULD MINT"
44160,CON-RES-2014-569,,(new),"WOULD MINT"
44161,CON-RES-1996-303,,(new),"WOULD MINT"
44162,CON-RES-2006-233,,(new),"WOULD MINT"
44163,CON-RES-2014-307,,(new),"WOULD MINT"
44164,CON-RES-1999-435,,(new),"WOULD MINT"
44165,CON-RES-2014-751,,(new),"WOULD MINT"
44166,CON-RES-2013-72,,(new),"WOULD MINT"
44167,CON-RES-1991-418,,(new),"WOULD MINT"
44168,CON-RES-2013-38,,(new),"WOULD MINT"
44169,CON-RES-1991-421,,(new),"WOULD MINT"
44170,CON-RES-2014-308,,(new),"WOULD MINT"
44171,CON-RES-2013-161,,(new),"WOULD MINT"
44172,CON-RES-1991-434,,(new),"WOULD MINT"
44173,CON-RES-2013-135,,(new),"WOULD MINT"
44174,CON-RES-2006-309,,(new),"WOULD MINT"
44175,CON-RES-2014-309,,(new),"WOULD MINT"
44176,CON-RES-2013-197,,(new),"WOULD MINT"
44177,CON-RES-2014-310,,(new),"WOULD MINT"
44178,CON-RES-2014-757,,(new),"WOULD MINT"
44179,CON-RES-1991-428,,(new),"WOULD MINT"
44180,CON-RES-2014-756,,(new),"WOULD MINT"
44181,CON-RES-2014-315,,(new),"WOULD MINT"
44182,CON-RES-2013-478,,(new),"WOULD MINT"
44183,CON-RES-2001-314,,(new),"WOULD MINT"
44184,CON-RES-2007-365,,(new),"WOULD MINT"
44185,CON-RES-2010-4,,(new),"WOULD MINT"
44186,CON-RES-2001-315,,(new),"WOULD MINT"
44187,CON-RES-2014-750,,(new),"WOULD MINT"
44188,CON-RES-2006-234,,(new),"WOULD MINT"
44189,CON-RES-2000-85,,(new),"WOULD MINT"
44190,CON-RES-2014-301,,(new),"WOULD MINT"
44191,CON-RES-2014-753,,(new),"WOULD MINT"
44192,CON-RES-2010-422,,(new),"WOULD MINT"
44193,CON-RES-2013-334,,(new),"WOULD MINT"
44194,CON-RES-2006-437,,(new),"WOULD MINT"
44195,CON-RES-2010-5,,(new),"WOULD MINT"
44196,CON-RES-2014-570,,(new),"WOULD MINT"
44197,CON-RES-2014-561,,(new),"WOULD MINT"
44198,CON-RES-2005-47,,(new),"WOULD MINT"
44199,CON-RES-2010-728,,(new),"WOULD MINT"
44200,CON-RES-2003-243,,(new),"WOULD MINT"
44201,CON-RES-2014-372,,(new),"WOULD MINT"
44202,CON-RES-2014-572,,(new),"WOULD MINT"
44203,CON-RES-2010-727,,(new),"WOULD MINT"
44204,CON-RES-2000-14,,(new),"WOULD MINT"
44205,CON-RES-2007-381,,(new),"WOULD MINT"
44206,CON-RES-2003-223,,(new),"WOULD MINT"
44207,CON-RES-2014-618,,(new),"WOULD MINT"
44208,CON-RES-1995-70,,(new),"WOULD MINT"
44209,CON-RES-2002-201,,(new),"WOULD MINT"
44210,CON-RES-2014-630,,(new),"WOULD MINT"
44211,CON-RES-2002-202,,(new),"WOULD MINT"
44212,CON-RES-2003-224,,(new),"WOULD MINT"
44213,CON-RES-2005-54,,(new),"WOULD MINT"
44214,CON-RES-2014-651,,(new),"WOULD MINT"
44215,CON-RES-2014-560,,(new),"WOULD MINT"
44216,CON-RES-2011-530,,(new),"WOULD MINT"
44217,CON-RES-2014-375,,(new),"WOULD MINT"
44218,CON-RES-2014-623,,(new),"WOULD MINT"
44219,CON-RES-2000-34,,(new),"WOULD MINT"
44220,CON-RES-2014-558,,(new),"WOULD MINT"
44221,CON-RES-2011-1135,,(new),"WOULD MINT"
44222,CON-RES-2007-361,,(new),"WOULD MINT"
44223,CON-RES-2014-634,,(new),"WOULD MINT"
44224,CON-RES-2000-43,,(new),"WOULD MINT"
44225,CON-RES-2014-582,,(new),"WOULD MINT"
44226,CON-RES-2001-80,,(new),"WOULD MINT"
44227,CON-RES-2014-240,,(new),"WOULD MINT"
44228,CON-RES-2007-19,,(new),"WOULD MINT"
44229,CON-RES-2003-233,,(new),"WOULD MINT"
44230,CON-RES-2001-109,,(new),"WOULD MINT"
44231,CON-RES-1995-310,,(new),"WOULD MINT"
44232,CON-RES-2007-369,,(new),"WOULD MINT"
44233,CON-RES-2009-550,,(new),"WOULD MINT"
44234,CON-RES-2014-293,,(new),"WOULD MINT"
44235,CON-RES-2014-501,,(new),"WOULD MINT"
44236,CON-RES-2008-1141,,(new),"WOULD MINT"
44237,CON-RES-2014-564,,(new),"WOULD MINT"
44238,CON-RES-2010-447,,(new),"WOULD MINT"
44239,CON-RES-2007-368,,(new),"WOULD MINT"
44240,CON-RES-2014-635,,(new),"WOULD MINT"
44241,CON-RES-2014-261,,(new),"WOULD MINT"
44242,CON-RES-2009-229,,(new),"WOULD MINT"
44243,CON-RES-2014-532,,(new),"WOULD MINT"
44244,CON-RES-2014-237,,(new),"WOULD MINT"
44245,CON-RES-2012-212,,(new),"WOULD MINT"
44246,CON-RES-2014-637,,(new),"WOULD MINT"
44247,CON-RES-2007-371,,(new),"WOULD MINT"
44248,CON-RES-2007-372,,(new),"WOULD MINT"
44249,CON-RES-2014-638,,(new),"WOULD MINT"
44250,CON-RES-2014-589,,(new),"WOULD MINT"
