file_indexing_id,file_number,old_prop_id,new_prop_id,action
81776,SLTR-10577,,(new),"WOULD MINT"
81781,SLTR-10552,,(new),"WOULD MINT"
81796,SLTR-10575,,(new),"WOULD MINT"
81873,SLTR-10641,,(new),"WOULD MINT"
81892,SLTR-10648,,(new),"WOULD MINT"
81896,SLTR-10877,,(new),"WOULD MINT"
81925,SLTR-10859,,(new),"WOULD MINT"
81956,SLTR-10928,,(new),"WOULD MINT"
82067,SLTR-20008,,(new),"WOULD MINT"
82082,SLTR-20080,,(new),"WOULD MINT"
82090,SLTR-20002,,(new),"WOULD MINT"
82103,SLTR-20017,,(new),"WOULD MINT"
82115,SLTR-20044,,(new),"WOULD MINT"
82128,SLTR-20063,,(new),"WOULD MINT"
82136,SLTR-20064,,(new),"WOULD MINT"
82141,SLTR-20065,,(new),"WOULD MINT"
82150,SLTR-20066,,(new),"WOULD MINT"
82157,SLTR-20067,,(new),"WOULD MINT"
82168,SLTR-20068,,(new),"WOULD MINT"
82175,SLTR-20096,,(new),"WOULD MINT"
82179,SLTR-20134,,(new),"WOULD MINT"
82185,SLTR-20150,,(new),"WOULD MINT"
82193,SLTR-20151,,(new),"WOULD MINT"
82199,SLTR-20208,,(new),"WOULD MINT"
82203,SLTR-20204,,(new),"WOULD MINT"
82206,SLTR-20251,,(new),"WOULD MINT"
82209,SLTR-20314,,(new),"WOULD MINT"
82215,SLTR-20339,,(new),"WOULD MINT"
82219,SLTR-20366,,(new),"WOULD MINT"
82221,SLTR-20385,,(new),"WOULD MINT"
82222,SLTR-20387,,(new),"WOULD MINT"
82224,SLTR-20389,,(new),"WOULD MINT"
82244,SLTR-20425,,(new),"WOULD MINT"
82250,SLTR-20464,,(new),"WOULD MINT"
82253,SLTR-20478,,(new),"WOULD MINT"
82258,SLTR-20403,,(new),"WOULD MINT"
82262,SLTR-20446,,(new),"WOULD MINT"
82265,SLTR-20541,,(new),"WOULD MINT"
82272,SLTR-20542,,(new),"WOULD MINT"
82281,SLTR-20553,,(new),"WOULD MINT"
82288,SLTR-20560,,(new),"WOULD MINT"
82303,SLTR-20561,,(new),"WOULD MINT"
82317,SLTR-20567,,(new),"WOULD MINT"
82332,SLTR-20583,,(new),"WOULD MINT"
82336,SLTR-20584,,(new),"WOULD MINT"
82343,SLTR-20605,,(new),"WOULD MINT"
82351,SLTR-20603,,(new),"WOULD MINT"
82353,SLTR-20607,,(new),"WOULD MINT"
82368,SLTR-20615,,(new),"WOULD MINT"
82375,SLTR-20616,,(new),"WOULD MINT"
82381,SLTR-20617,,(new),"WOULD MINT"
82390,SLTR-20618,,(new),"WOULD MINT"
82421,SLTR-20633,,(new),"WOULD MINT"
82427,SLTR-20624,,(new),"WOULD MINT"
82433,SLTR-20629,,(new),"WOULD MINT"
82439,SLTR-20636,,(new),"WOULD MINT"
82441,SLTR-20642,,(new),"WOULD MINT"
82444,SLTR-20660,,(new),"WOULD MINT"
82447,SLTR-20661,,(new),"WOULD MINT"
82454,SLTR-20664,,(new),"WOULD MINT"
82462,SLTR-20668,,(new),"WOULD MINT"
82472,SLTR-20669,,(new),"WOULD MINT"
82480,SLTR-20675,,(new),"WOULD MINT"
82488,SLTR-20676,,(new),"WOULD MINT"
82499,SLTR-20696,,(new),"WOULD MINT"
82505,SLTR-20699,,(new),"WOULD MINT"
82510,SLTR-20729,,(new),"WOULD MINT"
82522,SLTR-20724,,(new),"WOULD MINT"
82535,SLTR-20725,,(new),"WOULD MINT"
82550,SLTR-20706,,(new),"WOULD MINT"
82702,SLTR-20756,,(new),"WOULD MINT"
82705,SLTR-20721,,(new),"WOULD MINT"
82711,SLTR-20735,,(new),"WOULD MINT"
82719,SLTR-20753,,(new),"WOULD MINT"
82724,SLTR-20744,,(new),"WOULD MINT"
82733,SLTR-20743,,(new),"WOULD MINT"
82740,SLTR-20727,,(new),"WOULD MINT"
82750,SLTR-20726,,(new),"WOULD MINT"
82755,SLTR-20739,,(new),"WOULD MINT"
82760,SLTR-20728,,(new),"WOULD MINT"
82763,SLTR-20702,,(new),"WOULD MINT"
82769,SLTR-20708,,(new),"WOULD MINT"
82789,SLTR-20722,,(new),"WOULD MINT"
82800,SLTR-20723,,(new),"WOULD MINT"
82809,SLTR-20731,,(new),"WOULD MINT"
82825,SLTR-20736,,(new),"WOULD MINT"
82833,SLTR-20749,,(new),"WOULD MINT"
82843,SLTR-20769,,(new),"WOULD MINT"
82847,SLTR-20813,,(new),"WOULD MINT"
82850,SLTR-20804,,(new),"WOULD MINT"
82852,SLTR-20811,,(new),"WOULD MINT"
82881,SLTR-20988,,(new),"WOULD MINT"
82898,SLTR-20913,,(new),"WOULD MINT"
82902,SLTR-20989,,(new),"WOULD MINT"
82905,SLTR-21005,,(new),"WOULD MINT"
82909,SLTR-21089,,(new),"WOULD MINT"
82913,SLTR-21020,,(new),"WOULD MINT"
82916,SLTR-21071,,(new),"WOULD MINT"
82919,SLTR-21036,,(new),"WOULD MINT"
82965,SLTR-21015,,(new),"WOULD MINT"
82968,SLTR-21095,,(new),"WOULD MINT"
82971,SLTR-21014,,(new),"WOULD MINT"
82980,SLTR-20812,,(new),"WOULD MINT"
82988,SLTR-21074,,(new),"WOULD MINT"
82998,SLTR-21093,,(new),"WOULD MINT"
83021,SLTR-61760,,(new),"WOULD MINT"
83031,SLTR-21075,,(new),"WOULD MINT"
83034,SLTR-21080,,(new),"WOULD MINT"
83041,SLTR-21082,,(new),"WOULD MINT"
83048,SLTR-21076,,(new),"WOULD MINT"
83051,SLTR-21079,,(new),"WOULD MINT"
83055,SLTR-21130,,(new),"WOULD MINT"
83060,SLTR-21101,,(new),"WOULD MINT"
83064,SLTR-21102,,(new),"WOULD MINT"
83071,SLTR-21103,,(new),"WOULD MINT"
83089,SLTR-21104,,(new),"WOULD MINT"
83100,SLTR-21105,,(new),"WOULD MINT"
83107,SLTR-21107,,(new),"WOULD MINT"
83113,SLTR-21120,,(new),"WOULD MINT"
83122,SLTR-21124,,(new),"WOULD MINT"
83123,SLTR-21128,,(new),"WOULD MINT"
83125,SLTR-21136,,(new),"WOULD MINT"
83127,SLTR-21138,,(new),"WOULD MINT"
83133,SLTR-21139,,(new),"WOULD MINT"
83137,SLTR-21140,,(new),"WOULD MINT"
83149,SLTR-21141,,(new),"WOULD MINT"
83155,SLTR-21142,,(new),"WOULD MINT"
83159,SLTR-21149,,(new),"WOULD MINT"
83163,SLTR-21150,,(new),"WOULD MINT"
83168,SLTR-21151,,(new),"WOULD MINT"
83169,SLTR-21158,,(new),"WOULD MINT"
83170,SLTR-21167,,(new),"WOULD MINT"
83567,SLTR-213317,,(new),"WOULD MINT"
83591,SLTR-21165,,(new),"WOULD MINT"
83597,SLTR-21157,,(new),"WOULD MINT"
83609,SLTR-211511,,(new),"WOULD MINT"
83615,SLTR-21169,,(new),"WOULD MINT"
83626,SLTR-21174,,(new),"WOULD MINT"
83638,SLTR-194775,,(new),"WOULD MINT"
83648,SLTR-21172,,(new),"WOULD MINT"
83659,SLTR-21188,,(new),"WOULD MINT"
83668,SLTR-21192,,(new),"WOULD MINT"
83673,SLTR-21195,,(new),"WOULD MINT"
83696,SLTR-21196,,(new),"WOULD MINT"
83705,SLTR-21197,,(new),"WOULD MINT"
83727,SLTR-11044,,(new),"WOULD MINT"
83827,SLTR-11485,,(new),"WOULD MINT"
83918,SLTR-11491,,(new),"WOULD MINT"
83932,SLTR-51787,,(new),"WOULD MINT"
83956,SLTR-11490,,(new),"WOULD MINT"
83977,SLTR-11496,,(new),"WOULD MINT"
84012,SLTR-11499,,(new),"WOULD MINT"
84028,SLTR-11510,,(new),"WOULD MINT"
84029,SLTR-11529,,(new),"WOULD MINT"
84109,SLTR-11673,,(new),"WOULD MINT"
84183,SLTR-11530,,(new),"WOULD MINT"
84210,SLTR-11674,,(new),"WOULD MINT"
84220,SLTR-11649,,(new),"WOULD MINT"
84257,SLTR-11667,,(new),"WOULD MINT"
84317,SLTR-11729,,(new),"WOULD MINT"
84438,SLTR-11751,,(new),"WOULD MINT"
84447,SLTR-11759,,(new),"WOULD MINT"
84466,SLTR-11740,,(new),"WOULD MINT"
84493,SLTR-11840,,(new),"WOULD MINT"
84506,SLTR-11893,,(new),"WOULD MINT"
84545,SLTR-11897,,(new),"WOULD MINT"
84554,SLTR-11839,,(new),"WOULD MINT"
84575,SLTR-11900,,(new),"WOULD MINT"
84733,SLTR-11906,,(new),"WOULD MINT"
84751,SLTR-11907,,(new),"WOULD MINT"
84765,SLTR-12117,,(new),"WOULD MINT"
84845,SLTR-12121,,(new),"WOULD MINT"
84900,SLTR-12191,,(new),"WOULD MINT"
84925,SLTR-12151,,(new),"WOULD MINT"
84998,SLTR-12287,,(new),"WOULD MINT"
85017,SLTR-36141,,(new),"WOULD MINT"
85037,SLTR-199493,,(new),"WOULD MINT"
85540,SLTR-12871,,(new),"WOULD MINT"
85817,SLTR-12326,,(new),"WOULD MINT"
85825,SLTR-13177,,(new),"WOULD MINT"
85888,SLTR-13733,,(new),"WOULD MINT"
85896,SLTR-13798,,(new),"WOULD MINT"
85902,SLTR-13613,,(new),"WOULD MINT"
85908,SLTR-13764,,(new),"WOULD MINT"
85922,SLTR-13712,,(new),"WOULD MINT"
85943,SLTR-13702,,(new),"WOULD MINT"
86048,SLTR-13795,,(new),"WOULD MINT"
86102,SLTR-13895,,(new),"WOULD MINT"
86377,SLTR-14000,,(new),"WOULD MINT"
86397,SLTR-14007,,(new),"WOULD MINT"
86475,SLTR-14228,,(new),"WOULD MINT"
86648,SLTR-14434,,(new),"WOULD MINT"
86723,SLTR-14667,,(new),"WOULD MINT"
86815,SLTR-14540,,(new),"WOULD MINT"
86902,SLTR-14558,,(new),"WOULD MINT"
86980,SLTR-14666,,(new),"WOULD MINT"
87040,SLTR-15537,,(new),"WOULD MINT"
87095,SLTR-14573,,(new),"WOULD MINT"
87270,SLTR-15953,,(new),"WOULD MINT"
87426,SLTR-15759,,(new),"WOULD MINT"
87541,SLTR-15971,,(new),"WOULD MINT"
87634,SLTR-16393,,(new),"WOULD MINT"
87643,SLTR-16367,,(new),"WOULD MINT"
87894,SLTR-16418,,(new),"WOULD MINT"
87993,SLTR-16461,,(new),"WOULD MINT"
88180,SLTR-17368,,(new),"WOULD MINT"
88255,SLTR-17386,,(new),"WOULD MINT"
88337,SLTR-16883,,(new),"WOULD MINT"
88727,SLTR-17744,,(new),"WOULD MINT"
88744,SLTR-17720,,(new),"WOULD MINT"
88755,SLTR-17721,,(new),"WOULD MINT"
88984,SLTR-17815,,(new),"WOULD MINT"
89058,SLTR-17897,,(new),"WOULD MINT"
89097,SLTR-212059,,(new),"WOULD MINT"
89099,SLTR-36299,,(new),"WOULD MINT"
90300,SLTR-17095,,(new),"WOULD MINT"
90315,SLTR-17145,,(new),"WOULD MINT"
90426,SLTR-18086,,(new),"WOULD MINT"
90436,SLTR-18057,,(new),"WOULD MINT"
90439,SLTR-18001,,(new),"WOULD MINT"
90454,SLTR-18094,,(new),"WOULD MINT"
90464,SLTR-18112,,(new),"WOULD MINT"
90478,SLTR-18115,,(new),"WOULD MINT"
90484,SLTR-18107,,(new),"WOULD MINT"
90491,SLTR-18131,,(new),"WOULD MINT"
90494,SLTR-18123,,(new),"WOULD MINT"
90559,SLTR-18524,,(new),"WOULD MINT"
90562,SLTR-18117,,(new),"WOULD MINT"
90572,SLTR-18114,,(new),"WOULD MINT"
90595,SLTR-18116,,(new),"WOULD MINT"
90596,SLTR-18561,,(new),"WOULD MINT"
90607,SLTR-18278,,(new),"WOULD MINT"
90613,SLTR-18589,,(new),"WOULD MINT"
90628,SLTR-18264,,(new),"WOULD MINT"
90631,SLTR-18538,,(new),"WOULD MINT"
90639,SLTR-18576,,(new),"WOULD MINT"
90646,SLTR-18265,,(new),"WOULD MINT"
90656,SLTR-18268,,(new),"WOULD MINT"
90657,SLTR-18539,,(new),"WOULD MINT"
90663,SLTR-18542,,(new),"WOULD MINT"
90669,SLTR-18288,,(new),"WOULD MINT"
90676,SLTR-18564,,(new),"WOULD MINT"
90679,SLTR-18263,,(new),"WOULD MINT"
90701,SLTR-18546,,(new),"WOULD MINT"
90703,SLTR-18298,,(new),"WOULD MINT"
90728,SLTR-18299,,(new),"WOULD MINT"
90736,SLTR-18548,,(new),"WOULD MINT"
90749,SLTR-18311,,(new),"WOULD MINT"
90750,SLTR-18537,,(new),"WOULD MINT"
90775,SLTR-18501,,(new),"WOULD MINT"
90806,SLTR-18616,,(new),"WOULD MINT"
90818,SLTR-18373,,(new),"WOULD MINT"
90826,SLTR-18606,,(new),"WOULD MINT"
90830,SLTR-18366,,(new),"WOULD MINT"
90839,SLTR-18356,,(new),"WOULD MINT"
90853,SLTR-18399,,(new),"WOULD MINT"
90859,SLTR-18391,,(new),"WOULD MINT"
90862,SLTR-18607,,(new),"WOULD MINT"
90868,SLTR-18387,,(new),"WOULD MINT"
90883,SLTR-18312,,(new),"WOULD MINT"
90888,SLTR-18601,,(new),"WOULD MINT"
90890,SLTR-18381,,(new),"WOULD MINT"
90897,SLTR-18328,,(new),"WOULD MINT"
90902,SLTR-18602,,(new),"WOULD MINT"
90910,SLTR-18378,,(new),"WOULD MINT"
90915,SLTR-18623,,(new),"WOULD MINT"
90919,SLTR-18377,,(new),"WOULD MINT"
90925,SLTR-18612,,(new),"WOULD MINT"
90926,SLTR-18370,,(new),"WOULD MINT"
90940,SLTR-18333,,(new),"WOULD MINT"
90941,SLTR-18654,,(new),"WOULD MINT"
90950,SLTR-18330,,(new),"WOULD MINT"
90957,SLTR-18682,,(new),"WOULD MINT"
90958,SLTR-18310,,(new),"WOULD MINT"
90963,SLTR-18360,,(new),"WOULD MINT"
90969,SLTR-18383,,(new),"WOULD MINT"
90970,SLTR-18641,,(new),"WOULD MINT"
90978,SLTR-18382,,(new),"WOULD MINT"
90992,SLTR-18614,,(new),"WOULD MINT"
90996,SLTR-18300,,(new),"WOULD MINT"
91009,SLTR-18313,,(new),"WOULD MINT"
91010,SLTR-18603,,(new),"WOULD MINT"
91021,SLTR-18322,,(new),"WOULD MINT"
91023,SLTR-18627,,(new),"WOULD MINT"
91027,SLTR-18321,,(new),"WOULD MINT"
91035,SLTR-18646,,(new),"WOULD MINT"
91037,SLTR-18633,,(new),"WOULD MINT"
91039,SLTR-18327,,(new),"WOULD MINT"
91042,SLTR-18605,,(new),"WOULD MINT"
91043,SLTR-18395,,(new),"WOULD MINT"
91046,SLTR-18687,,(new),"WOULD MINT"
91047,SLTR-18335,,(new),"WOULD MINT"
91053,SLTR-18655,,(new),"WOULD MINT"
91055,SLTR-18661,,(new),"WOULD MINT"
91061,SLTR-18688,,(new),"WOULD MINT"
91062,SLTR-18699,,(new),"WOULD MINT"
91063,SLTR-18622,,(new),"WOULD MINT"
91064,SLTR-18697,,(new),"WOULD MINT"
91070,SLTR-18726,,(new),"WOULD MINT"
91071,SLTR-18756,,(new),"WOULD MINT"
91073,SLTR-18706,,(new),"WOULD MINT"
91080,SLTR-18713,,(new),"WOULD MINT"
91083,SLTR-18711,,(new),"WOULD MINT"
91088,SLTR-18712,,(new),"WOULD MINT"
91098,SLTR-18796,,(new),"WOULD MINT"
91117,SLTR-18754,,(new),"WOULD MINT"
91135,SLTR-18794,,(new),"WOULD MINT"
91154,SLTR-18763,,(new),"WOULD MINT"
91173,SLTR-18764,,(new),"WOULD MINT"
91209,SLTR-18715,,(new),"WOULD MINT"
91231,SLTR-18755,,(new),"WOULD MINT"
91241,SLTR-18701,,(new),"WOULD MINT"
91246,SLTR-18823,,(new),"WOULD MINT"
91260,SLTR-18853,,(new),"WOULD MINT"
91267,SLTR-18819,,(new),"WOULD MINT"
91276,SLTR-18822,,(new),"WOULD MINT"
91284,SLTR-18803,,(new),"WOULD MINT"
91295,SLTR-18825,,(new),"WOULD MINT"
91305,SLTR-18811,,(new),"WOULD MINT"
91352,SLTR-18309,,(new),"WOULD MINT"
91396,SLTR-18544,,(new),"WOULD MINT"
91406,SLTR-18396,,(new),"WOULD MINT"
91422,SLTR-18386,,(new),"WOULD MINT"
91428,SLTR-18394,,(new),"WOULD MINT"
91436,SLTR-18565,,(new),"WOULD MINT"
91439,SLTR-18485,,(new),"WOULD MINT"
91457,SLTR-18498,,(new),"WOULD MINT"
91460,SLTR-18560,,(new),"WOULD MINT"
91468,SLTR-18499,,(new),"WOULD MINT"
91480,SLTR-18474,,(new),"WOULD MINT"
91490,SLTR-18588,,(new),"WOULD MINT"
91493,SLTR-18459,,(new),"WOULD MINT"
91501,SLTR-18587,,(new),"WOULD MINT"
91508,SLTR-18497,,(new),"WOULD MINT"
91519,SLTR-18541,,(new),"WOULD MINT"
91521,SLTR-18456,,(new),"WOULD MINT"
91525,SLTR-18445,,(new),"WOULD MINT"
91527,SLTR-18510,,(new),"WOULD MINT"
91531,SLTR-18417,,(new),"WOULD MINT"
91533,SLTR-18427,,(new),"WOULD MINT"
91534,SLTR-18511,,(new),"WOULD MINT"
91541,SLTR-18519,,(new),"WOULD MINT"
91563,SLTR-18555,,(new),"WOULD MINT"
91569,SLTR-18475,,(new),"WOULD MINT"
91571,SLTR-18518,,(new),"WOULD MINT"
91580,SLTR-18416,,(new),"WOULD MINT"
91591,SLTR-18409,,(new),"WOULD MINT"
91597,SLTR-18426,,(new),"WOULD MINT"
91604,SLTR-18486,,(new),"WOULD MINT"
91605,SLTR-18462,,(new),"WOULD MINT"
91615,SLTR-18523,,(new),"WOULD MINT"
91633,SLTR-19675,,(new),"WOULD MINT"
91638,SLTR-19190,,(new),"WOULD MINT"
91640,SLTR-18989,,(new),"WOULD MINT"
91661,SLTR-19776,,(new),"WOULD MINT"
91663,SLTR-18918,,(new),"WOULD MINT"
91675,SLTR-19771,,(new),"WOULD MINT"
91678,SLTR-18988,,(new),"WOULD MINT"
91686,SLTR-19719,,(new),"WOULD MINT"
91693,SLTR-18990,,(new),"WOULD MINT"
91702,SLTR-19732,,(new),"WOULD MINT"
91705,SLTR-19722,,(new),"WOULD MINT"
91707,SLTR-19098,,(new),"WOULD MINT"
91709,SLTR-19778,,(new),"WOULD MINT"
91712,SLTR-19782,,(new),"WOULD MINT"
91713,SLTR-19183,,(new),"WOULD MINT"
91716,SLTR-19794,,(new),"WOULD MINT"
91720,SLTR-19716,,(new),"WOULD MINT"
91722,SLTR-19142,,(new),"WOULD MINT"
91725,SLTR-19136,,(new),"WOULD MINT"
91727,SLTR-19727,,(new),"WOULD MINT"
91728,SLTR-19196,,(new),"WOULD MINT"
91731,SLTR-19755,,(new),"WOULD MINT"
91732,SLTR-19195,,(new),"WOULD MINT"
91734,SLTR-19708,,(new),"WOULD MINT"
91738,SLTR-19139,,(new),"WOULD MINT"
91739,SLTR-19756,,(new),"WOULD MINT"
91744,SLTR-19770,,(new),"WOULD MINT"
91745,SLTR-19179,,(new),"WOULD MINT"
91746,SLTR-19763,,(new),"WOULD MINT"
91747,SLTR-19188,,(new),"WOULD MINT"
91748,SLTR-19728,,(new),"WOULD MINT"
91750,SLTR-191211,,(new),"WOULD MINT"
91751,SLTR-19769,,(new),"WOULD MINT"
91753,SLTR-19795,,(new),"WOULD MINT"
91754,SLTR-19820,,(new),"WOULD MINT"
91755,SLTR-19189,,(new),"WOULD MINT"
91756,SLTR-19801,,(new),"WOULD MINT"
91757,SLTR-19802,,(new),"WOULD MINT"
91758,SLTR-19181,,(new),"WOULD MINT"
91760,SLTR-19897,,(new),"WOULD MINT"
91763,SLTR-19255,,(new),"WOULD MINT"
91766,SLTR-19826,,(new),"WOULD MINT"
91770,SLTR-19891,,(new),"WOULD MINT"
91771,SLTR-19249,,(new),"WOULD MINT"
91777,SLTR-19827,,(new),"WOULD MINT"
91789,SLTR-19818,,(new),"WOULD MINT"
91824,SLTR-19894,,(new),"WOULD MINT"
91831,SLTR-19240,,(new),"WOULD MINT"
91853,SLTR-19251,,(new),"WOULD MINT"
91906,SLTR-19250,,(new),"WOULD MINT"
91914,SLTR-19200,,(new),"WOULD MINT"
91918,SLTR-19281,,(new),"WOULD MINT"
91958,SLTR-19288,,(new),"WOULD MINT"
91970,SLTR-19323,,(new),"WOULD MINT"
91988,SLTR-19490,,(new),"WOULD MINT"
92041,SLTR-19461,,(new),"WOULD MINT"
92055,SLTR-19804,,(new),"WOULD MINT"
92063,SLTR-19472,,(new),"WOULD MINT"
92080,SLTR-19496,,(new),"WOULD MINT"
92106,SLTR-19491,,(new),"WOULD MINT"
92121,SLTR-19911,,(new),"WOULD MINT"
92124,SLTR-19434,,(new),"WOULD MINT"
92135,SLTR-19987,,(new),"WOULD MINT"
92142,SLTR-19525,,(new),"WOULD MINT"
92145,SLTR-19910,,(new),"WOULD MINT"
92156,SLTR-19916,,(new),"WOULD MINT"
92159,SLTR-19562,,(new),"WOULD MINT"
92166,SLTR-19984,,(new),"WOULD MINT"
92170,SLTR-19540,,(new),"WOULD MINT"
92180,SLTR-19919,,(new),"WOULD MINT"
92190,SLTR-19566,,(new),"WOULD MINT"
92195,SLTR-19945,,(new),"WOULD MINT"
92200,SLTR-19982,,(new),"WOULD MINT"
92209,SLTR-19999,,(new),"WOULD MINT"
92221,SLTR-19988,,(new),"WOULD MINT"
92227,SLTR-19990,,(new),"WOULD MINT"
92228,SLTR-19917,,(new),"WOULD MINT"
92241,SLTR-110984,,(new),"WOULD MINT"
92250,SLTR-111084,,(new),"WOULD MINT"
92251,SLTR-110827,,(new),"WOULD MINT"
92266,SLTR-100816,,(new),"WOULD MINT"
92276,SLTR-111150,,(new),"WOULD MINT"
92282,SLTR-110468,,(new),"WOULD MINT"
92289,SLTR-111105,,(new),"WOULD MINT"
92292,SLTR-110453,,(new),"WOULD MINT"
92301,SLTR-111176,,(new),"WOULD MINT"
92306,SLTR-110460,,(new),"WOULD MINT"
92311,SLTR-110461,,(new),"WOULD MINT"
92312,SLTR-111570,,(new),"WOULD MINT"
92317,SLTR-110455,,(new),"WOULD MINT"
92323,SLTR-111122,,(new),"WOULD MINT"
92325,SLTR-110772,,(new),"WOULD MINT"
92333,SLTR-113562,,(new),"WOULD MINT"
92334,SLTR-110612,,(new),"WOULD MINT"
92338,SLTR-110610,,(new),"WOULD MINT"
92341,SLTR-113610,,(new),"WOULD MINT"
92344,SLTR-110763,,(new),"WOULD MINT"
92355,SLTR-113548,,(new),"WOULD MINT"
92357,SLTR-110467,,(new),"WOULD MINT"
92362,SLTR-113525,,(new),"WOULD MINT"
92363,SLTR-110433,,(new),"WOULD MINT"
92369,SLTR-110450,,(new),"WOULD MINT"
92372,SLTR-113480,,(new),"WOULD MINT"
92374,SLTR-110473,,(new),"WOULD MINT"
92379,SLTR-113537,,(new),"WOULD MINT"
92380,SLTR-110518,,(new),"WOULD MINT"
92384,SLTR-113526,,(new),"WOULD MINT"
92388,SLTR-110451,,(new),"WOULD MINT"
92392,SLTR-113900,,(new),"WOULD MINT"
92394,SLTR-110463,,(new),"WOULD MINT"
92396,SLTR-113538,,(new),"WOULD MINT"
92398,SLTR-113570,,(new),"WOULD MINT"
92399,SLTR-110581,,(new),"WOULD MINT"
92403,SLTR-113543,,(new),"WOULD MINT"
92404,SLTR-110778,,(new),"WOULD MINT"
92405,SLTR-111047,,(new),"WOULD MINT"
92406,SLTR-113540,,(new),"WOULD MINT"
92407,SLTR-111571,,(new),"WOULD MINT"
92410,SLTR-111572,,(new),"WOULD MINT"
92411,SLTR-113536,,(new),"WOULD MINT"
92413,SLTR-113517,,(new),"WOULD MINT"
92414,SLTR-111089,,(new),"WOULD MINT"
92421,SLTR-128858,,(new),"WOULD MINT"
92429,SLTR-121754,,(new),"WOULD MINT"
92436,SLTR-128589,,(new),"WOULD MINT"
92439,SLTR-121775,,(new),"WOULD MINT"
92442,SLTR-128861,,(new),"WOULD MINT"
92443,SLTR-121505,,(new),"WOULD MINT"
92450,SLTR-121049,,(new),"WOULD MINT"
92451,SLTR-128556,,(new),"WOULD MINT"
92454,SLTR-121344,,(new),"WOULD MINT"
92461,SLTR-128583,,(new),"WOULD MINT"
92462,SLTR-122256,,(new),"WOULD MINT"
92470,SLTR-122421,,(new),"WOULD MINT"
92471,SLTR-128930,,(new),"WOULD MINT"
92478,SLTR-122034,,(new),"WOULD MINT"
92484,SLTR-128417,,(new),"WOULD MINT"
92490,SLTR-122045,,(new),"WOULD MINT"
92497,SLTR-128643,,(new),"WOULD MINT"
92500,SLTR-122956,,(new),"WOULD MINT"
92507,SLTR-128647,,(new),"WOULD MINT"
92511,SLTR-128843,,(new),"WOULD MINT"
92515,SLTR-122654,,(new),"WOULD MINT"
92520,SLTR-122961,,(new),"WOULD MINT"
92525,SLTR-128931,,(new),"WOULD MINT"
92561,SLTR-122937,,(new),"WOULD MINT"
92566,SLTR-122938,,(new),"WOULD MINT"
92568,SLTR-128648,,(new),"WOULD MINT"
92576,SLTR-122959,,(new),"WOULD MINT"
92584,SLTR-128579,,(new),"WOULD MINT"
92590,SLTR-122275,,(new),"WOULD MINT"
92598,SLTR-122414,,(new),"WOULD MINT"
92605,SLTR-129707,,(new),"WOULD MINT"
92612,SLTR-122274,,(new),"WOULD MINT"
92614,SLTR-129369,,(new),"WOULD MINT"
92617,SLTR-122271,,(new),"WOULD MINT"
92622,SLTR-122273,,(new),"WOULD MINT"
92626,SLTR-129708,,(new),"WOULD MINT"
92635,SLTR-122276,,(new),"WOULD MINT"
92646,SLTR-129078,,(new),"WOULD MINT"
92649,SLTR-122254,,(new),"WOULD MINT"
92659,SLTR-123447,,(new),"WOULD MINT"
92662,SLTR-129053,,(new),"WOULD MINT"
92678,SLTR-129137,,(new),"WOULD MINT"
92683,SLTR-123519,,(new),"WOULD MINT"
92689,SLTR-129700,,(new),"WOULD MINT"
92690,SLTR-123056,,(new),"WOULD MINT"
92700,SLTR-123508,,(new),"WOULD MINT"
92705,SLTR-129728,,(new),"WOULD MINT"
92708,SLTR-123446,,(new),"WOULD MINT"
92719,SLTR-129680,,(new),"WOULD MINT"
92724,SLTR-123510,,(new),"WOULD MINT"
92740,SLTR-123509,,(new),"WOULD MINT"
92748,SLTR-129739,,(new),"WOULD MINT"
92754,SLTR-123526,,(new),"WOULD MINT"
92759,SLTR-129694,,(new),"WOULD MINT"
92768,SLTR-123527,,(new),"WOULD MINT"
92774,SLTR-129106,,(new),"WOULD MINT"
92775,SLTR-123528,,(new),"WOULD MINT"
92786,SLTR-129112,,(new),"WOULD MINT"
92787,SLTR-123529,,(new),"WOULD MINT"
92797,SLTR-123530,,(new),"WOULD MINT"
92807,SLTR-124251,,(new),"WOULD MINT"
92808,SLTR-129514,,(new),"WOULD MINT"
92817,SLTR-124590,,(new),"WOULD MINT"
92827,SLTR-129560,,(new),"WOULD MINT"
92841,SLTR-129620,,(new),"WOULD MINT"
92845,SLTR-124737,,(new),"WOULD MINT"
92865,SLTR-124589,,(new),"WOULD MINT"
92872,SLTR-124759,,(new),"WOULD MINT"
92877,SLTR-128649,,(new),"WOULD MINT"
92879,SLTR-124425,,(new),"WOULD MINT"
92886,SLTR-124446,,(new),"WOULD MINT"
92893,SLTR-124447,,(new),"WOULD MINT"
92898,SLTR-128338,,(new),"WOULD MINT"
92904,SLTR-128644,,(new),"WOULD MINT"
92918,SLTR-128595,,(new),"WOULD MINT"
92921,SLTR-128641,,(new),"WOULD MINT"
92929,SLTR-128642,,(new),"WOULD MINT"
92934,SLTR-128596,,(new),"WOULD MINT"
92998,SLTR-112966,,(new),"WOULD MINT"
93000,SLTR-112018,,(new),"WOULD MINT"
93001,SLTR-112113,,(new),"WOULD MINT"
93003,SLTR-112962,,(new),"WOULD MINT"
93005,SLTR-112106,,(new),"WOULD MINT"
93006,SLTR-112116,,(new),"WOULD MINT"
93008,SLTR-112930,,(new),"WOULD MINT"
93015,SLTR-112112,,(new),"WOULD MINT"
93017,SLTR-112023,,(new),"WOULD MINT"
93024,SLTR-112958,,(new),"WOULD MINT"
93030,SLTR-112121,,(new),"WOULD MINT"
93034,SLTR-112972,,(new),"WOULD MINT"
93040,SLTR-112895,,(new),"WOULD MINT"
93041,SLTR-112691,,(new),"WOULD MINT"
93048,SLTR-112828,,(new),"WOULD MINT"
93053,SLTR-112929,,(new),"WOULD MINT"
93061,SLTR-112110,,(new),"WOULD MINT"
93070,SLTR-112108,,(new),"WOULD MINT"
93072,SLTR-112658,,(new),"WOULD MINT"
93083,SLTR-112680,,(new),"WOULD MINT"
93085,SLTR-112109,,(new),"WOULD MINT"
93093,SLTR-112961,,(new),"WOULD MINT"
93098,SLTR-112115,,(new),"WOULD MINT"
93106,SLTR-112579,,(new),"WOULD MINT"
93110,SLTR-112967,,(new),"WOULD MINT"
93543,SLTR-112114,,(new),"WOULD MINT"
93556,SLTR-112667,,(new),"WOULD MINT"
93574,SLTR-112378,,(new),"WOULD MINT"
93602,SLTR-112391,,(new),"WOULD MINT"
93618,SLTR-112379,,(new),"WOULD MINT"
93621,SLTR-112897,,(new),"WOULD MINT"
93625,SLTR-112912,,(new),"WOULD MINT"
93639,SLTR-112971,,(new),"WOULD MINT"
93642,SLTR-112340,,(new),"WOULD MINT"
93653,SLTR-128270,,(new),"WOULD MINT"
93657,SLTR-112111,,(new),"WOULD MINT"
93663,SLTR-112688,,(new),"WOULD MINT"
93691,SLTR-125647,,(new),"WOULD MINT"
93702,SLTR-124454,,(new),"WOULD MINT"
93722,SLTR-125462,,(new),"WOULD MINT"
93731,SLTR-125905,,(new),"WOULD MINT"
93743,SLTR-125452,,(new),"WOULD MINT"
93757,SLTR-125446,,(new),"WOULD MINT"
93771,SLTR-125363,,(new),"WOULD MINT"
93782,SLTR-125973,,(new),"WOULD MINT"
93791,SLTR-125977,,(new),"WOULD MINT"
93805,SLTR-125972,,(new),"WOULD MINT"
93814,SLTR-125907,,(new),"WOULD MINT"
93815,SLTR-125455,,(new),"WOULD MINT"
93821,SLTR-125460,,(new),"WOULD MINT"
93824,SLTR-125908,,(new),"WOULD MINT"
93830,SLTR-125461,,(new),"WOULD MINT"
93842,SLTR-125654,,(new),"WOULD MINT"
93843,SLTR-125456,,(new),"WOULD MINT"
93853,SLTR-125650,,(new),"WOULD MINT"
93863,SLTR-125457,,(new),"WOULD MINT"
93864,SLTR-125970,,(new),"WOULD MINT"
93869,SLTR-125652,,(new),"WOULD MINT"
93875,SLTR-125974,,(new),"WOULD MINT"
93879,SLTR-125648,,(new),"WOULD MINT"
93885,SLTR-125848,,(new),"WOULD MINT"
93893,SLTR-125978,,(new),"WOULD MINT"
93899,SLTR-125909,,(new),"WOULD MINT"
93910,SLTR-125659,,(new),"WOULD MINT"
93919,SLTR-125845,,(new),"WOULD MINT"
93920,SLTR-125979,,(new),"WOULD MINT"
93926,SLTR-125976,,(new),"WOULD MINT"
93934,SLTR-125352,,(new),"WOULD MINT"
93937,SLTR-125450,,(new),"WOULD MINT"
93940,SLTR-125351,,(new),"WOULD MINT"
93945,SLTR-125353,,(new),"WOULD MINT"
93949,SLTR-125451,,(new),"WOULD MINT"
93951,SLTR-125906,,(new),"WOULD MINT"
93957,SLTR-125646,,(new),"WOULD MINT"
93965,SLTR-125447,,(new),"WOULD MINT"
93986,SLTR-127783,,(new),"WOULD MINT"
93996,SLTR-127262,,(new),"WOULD MINT"
94001,SLTR-126277,,(new),"WOULD MINT"
94005,SLTR-126106,,(new),"WOULD MINT"
94007,SLTR-127261,,(new),"WOULD MINT"
94013,SLTR-126974,,(new),"WOULD MINT"
94024,SLTR-127021,,(new),"WOULD MINT"
94034,SLTR-126905,,(new),"WOULD MINT"
94043,SLTR-126501,,(new),"WOULD MINT"
94046,SLTR-127265,,(new),"WOULD MINT"
94057,SLTR-126497,,(new),"WOULD MINT"
94062,SLTR-127258,,(new),"WOULD MINT"
94068,SLTR-126023,,(new),"WOULD MINT"
94079,SLTR-127257,,(new),"WOULD MINT"
94083,SLTR-126021,,(new),"WOULD MINT"
94092,SLTR-126022,,(new),"WOULD MINT"
94093,SLTR-127266,,(new),"WOULD MINT"
94100,SLTR-126011,,(new),"WOULD MINT"
94111,SLTR-126020,,(new),"WOULD MINT"
94115,SLTR-127255,,(new),"WOULD MINT"
94122,SLTR-126003,,(new),"WOULD MINT"
94134,SLTR-126808,,(new),"WOULD MINT"
94136,SLTR-127256,,(new),"WOULD MINT"
94144,SLTR-126805,,(new),"WOULD MINT"
94149,SLTR-127903,,(new),"WOULD MINT"
94153,SLTR-126807,,(new),"WOULD MINT"
94156,SLTR-126006,,(new),"WOULD MINT"
94157,SLTR-127020,,(new),"WOULD MINT"
94161,SLTR-127784,,(new),"WOULD MINT"
94194,SLTR-127818,,(new),"WOULD MINT"
94225,SLTR-127267,,(new),"WOULD MINT"
94246,SLTR-127254,,(new),"WOULD MINT"
94262,SLTR-127908,,(new),"WOULD MINT"
94278,SLTR-127022,,(new),"WOULD MINT"
94297,SLTR-127682,,(new),"WOULD MINT"
94299,SLTR-126004,,(new),"WOULD MINT"
94333,SLTR-128593,,(new),"WOULD MINT"
94342,SLTR-126010,,(new),"WOULD MINT"
94374,SLTR-126007,,(new),"WOULD MINT"
94377,SLTR-128227,,(new),"WOULD MINT"
94401,SLTR-126016,,(new),"WOULD MINT"
94408,SLTR-128587,,(new),"WOULD MINT"
94425,SLTR-126108,,(new),"WOULD MINT"
94435,SLTR-128580,,(new),"WOULD MINT"
94444,SLTR-126635,,(new),"WOULD MINT"
94459,SLTR-128585,,(new),"WOULD MINT"
94485,SLTR-128582,,(new),"WOULD MINT"
94492,SLTR-126015,,(new),"WOULD MINT"
94496,SLTR-128590,,(new),"WOULD MINT"
94527,SLTR-126014,,(new),"WOULD MINT"
94536,SLTR-128588,,(new),"WOULD MINT"
94565,SLTR-126017,,(new),"WOULD MINT"
94567,SLTR-128577,,(new),"WOULD MINT"
94581,SLTR-126107,,(new),"WOULD MINT"
94589,SLTR-128977,,(new),"WOULD MINT"
94594,SLTR-126116,,(new),"WOULD MINT"
94604,SLTR-128160,,(new),"WOULD MINT"
94615,SLTR-126813,,(new),"WOULD MINT"
94627,SLTR-128173,,(new),"WOULD MINT"
94632,SLTR-126811,,(new),"WOULD MINT"
94646,SLTR-128645,,(new),"WOULD MINT"
94649,SLTR-126115,,(new),"WOULD MINT"
94655,SLTR-126940,,(new),"WOULD MINT"
94676,SLTR-128584,,(new),"WOULD MINT"
94695,SLTR-128581,,(new),"WOULD MINT"
94748,SLTR-126176,,(new),"WOULD MINT"
94751,SLTR-128591,,(new),"WOULD MINT"
94768,SLTR-128592,,(new),"WOULD MINT"
94782,SLTR-126012,,(new),"WOULD MINT"
94783,SLTR-128852,,(new),"WOULD MINT"
94785,SLTR-127253,,(new),"WOULD MINT"
94788,SLTR-128884,,(new),"WOULD MINT"
94789,SLTR-127263,,(new),"WOULD MINT"
94791,SLTR-127317,,(new),"WOULD MINT"
94792,SLTR-128916,,(new),"WOULD MINT"
94793,SLTR-127787,,(new),"WOULD MINT"
94794,SLTR-128911,,(new),"WOULD MINT"
94796,SLTR-127259,,(new),"WOULD MINT"
94798,SLTR-127650,,(new),"WOULD MINT"
94802,SLTR-127260,,(new),"WOULD MINT"
94803,SLTR-128810,,(new),"WOULD MINT"
94806,SLTR-128907,,(new),"WOULD MINT"
94822,SLTR-128409,,(new),"WOULD MINT"
94991,SLTR-127168,,(new),"WOULD MINT"
95005,SLTR-127251,,(new),"WOULD MINT"
95021,SLTR-127270,,(new),"WOULD MINT"
95032,SLTR-127264,,(new),"WOULD MINT"
95049,SLTR-127643,,(new),"WOULD MINT"
95059,SLTR-127826,,(new),"WOULD MINT"
95078,SLTR-127268,,(new),"WOULD MINT"
95090,SLTR-127817,,(new),"WOULD MINT"
95099,SLTR-127019,,(new),"WOULD MINT"
95111,SLTR-127405,,(new),"WOULD MINT"
95121,SLTR-127785,,(new),"WOULD MINT"
95126,SLTR-127709,,(new),"WOULD MINT"
95132,SLTR-127018,,(new),"WOULD MINT"
95602,SLTR-127786,,(new),"WOULD MINT"
95617,SLTR-127252,,(new),"WOULD MINT"
95632,SLTR-127658,,(new),"WOULD MINT"
95682,SLTR-129744,,(new),"WOULD MINT"
95694,SLTR-129738,,(new),"WOULD MINT"
95698,SLTR-129724,,(new),"WOULD MINT"
95709,SLTR-129695,,(new),"WOULD MINT"
95736,SLTR-129116,,(new),"WOULD MINT"
95761,SLTR-129077,,(new),"WOULD MINT"
95765,SLTR-129692,,(new),"WOULD MINT"
95773,SLTR-129745,,(new),"WOULD MINT"
95780,SLTR-129730,,(new),"WOULD MINT"
95781,SLTR-129138,,(new),"WOULD MINT"
95782,SLTR-129184,,(new),"WOULD MINT"
95783,SLTR-129185,,(new),"WOULD MINT"
95790,SLTR-129685,,(new),"WOULD MINT"
95811,SLTR-129723,,(new),"WOULD MINT"
95855,SLTR-129353,,(new),"WOULD MINT"
95878,SLTR-129683,,(new),"WOULD MINT"
95894,SLTR-129665,,(new),"WOULD MINT"
95920,SLTR-129687,,(new),"WOULD MINT"
95946,SLTR-129355,,(new),"WOULD MINT"
95968,SLTR-129747,,(new),"WOULD MINT"
96094,SLTR-129693,,(new),"WOULD MINT"
96119,SLTR-129709,,(new),"WOULD MINT"
96132,SLTR-12904,,(new),"WOULD MINT"
96141,SLTR-129750,,(new),"WOULD MINT"
96154,SLTR-129729,,(new),"WOULD MINT"
96161,SLTR-129731,,(new),"WOULD MINT"
96171,SLTR-129641,,(new),"WOULD MINT"
96219,SLTR-129440,,(new),"WOULD MINT"
96238,SLTR-129697,,(new),"WOULD MINT"
96274,SLTR-129360,,(new),"WOULD MINT"
96296,SLTR-129701,,(new),"WOULD MINT"
96329,SLTR-129853,,(new),"WOULD MINT"
96361,SLTR-129703,,(new),"WOULD MINT"
96393,SLTR-129706,,(new),"WOULD MINT"
96414,SLTR-129705,,(new),"WOULD MINT"
96444,SLTR-129698,,(new),"WOULD MINT"
96465,SLTR-129725,,(new),"WOULD MINT"
96493,SLTR-129628,,(new),"WOULD MINT"
96528,SLTR-129749,,(new),"WOULD MINT"
96591,SLTR-129640,,(new),"WOULD MINT"
96620,SLTR-129735,,(new),"WOULD MINT"
96628,SLTR-129719,,(new),"WOULD MINT"
96633,SLTR-129727,,(new),"WOULD MINT"
96634,SLTR-129300,,(new),"WOULD MINT"
96641,SLTR-129630,,(new),"WOULD MINT"
96668,SLTR-129629,,(new),"WOULD MINT"
96715,SLTR-129627,,(new),"WOULD MINT"
96737,SLTR-129626,,(new),"WOULD MINT"
96782,SLTR-129686,,(new),"WOULD MINT"
96819,SLTR-129854,,(new),"WOULD MINT"
96838,SLTR-129817,,(new),"WOULD MINT"
96866,SLTR-129677,,(new),"WOULD MINT"
96919,SLTR-129359,,(new),"WOULD MINT"
96932,SLTR-129733,,(new),"WOULD MINT"
96957,SLTR-129689,,(new),"WOULD MINT"
96988,SLTR-129358,,(new),"WOULD MINT"
97077,SLTR-129681,,(new),"WOULD MINT"
97090,SLTR-129734,,(new),"WOULD MINT"
97101,SLTR-129139,,(new),"WOULD MINT"
97128,SLTR-129748,,(new),"WOULD MINT"
97147,SLTR-129354,,(new),"WOULD MINT"
97170,SLTR-129684,,(new),"WOULD MINT"
97187,SLTR-129732,,(new),"WOULD MINT"
97202,SLTR-129726,,(new),"WOULD MINT"
97235,SLTR-129357,,(new),"WOULD MINT"
97493,SLTR-108976,,(new),"WOULD MINT"
97523,SLTR-108987,,(new),"WOULD MINT"
97569,SLTR-108063,,(new),"WOULD MINT"
97601,SLTR-108065,,(new),"WOULD MINT"
97628,SLTR-108978,,(new),"WOULD MINT"
97645,SLTR-108980,,(new),"WOULD MINT"
97657,SLTR-108992,,(new),"WOULD MINT"
97677,SLTR-108977,,(new),"WOULD MINT"
97700,SLTR-106757,,(new),"WOULD MINT"
97720,SLTR-106813,,(new),"WOULD MINT"
97729,SLTR-106027,,(new),"WOULD MINT"
97730,SLTR-107523,,(new),"WOULD MINT"
97732,SLTR-107963,,(new),"WOULD MINT"
97733,SLTR-107324,,(new),"WOULD MINT"
97751,SLTR-107255,,(new),"WOULD MINT"
97805,SLTR-107277,,(new),"WOULD MINT"
97889,SLTR-107258,,(new),"WOULD MINT"
98045,SLTR-107918,,(new),"WOULD MINT"
98145,SLTR-107917,,(new),"WOULD MINT"
98152,SLTR-102044,,(new),"WOULD MINT"
98166,SLTR-102043,,(new),"WOULD MINT"
98181,SLTR-103918,,(new),"WOULD MINT"
98193,SLTR-103093,,(new),"WOULD MINT"
98197,SLTR-100743,,(new),"WOULD MINT"
98245,SLTR-105755,,(new),"WOULD MINT"
98265,SLTR-105249,,(new),"WOULD MINT"
98284,SLTR-105160,,(new),"WOULD MINT"
98299,SLTR-105632,,(new),"WOULD MINT"
98316,SLTR-105633,,(new),"WOULD MINT"
98326,SLTR-105477,,(new),"WOULD MINT"
98336,SLTR-105756,,(new),"WOULD MINT"
98349,SLTR-105217,,(new),"WOULD MINT"
98374,SLTR-105251,,(new),"WOULD MINT"
98398,SLTR-101426,,(new),"WOULD MINT"
98412,SLTR-101368,,(new),"WOULD MINT"
98425,SLTR-101593,,(new),"WOULD MINT"
98455,SLTR-101372,,(new),"WOULD MINT"
98469,SLTR-109291,,(new),"WOULD MINT"
98492,SLTR-109488,,(new),"WOULD MINT"
98508,SLTR-109481,,(new),"WOULD MINT"
98538,SLTR-109492,,(new),"WOULD MINT"
98562,SLTR-109486,,(new),"WOULD MINT"
98583,SLTR-109485,,(new),"WOULD MINT"
98584,SLTR-109592,,(new),"WOULD MINT"
98587,SLTR-109506,,(new),"WOULD MINT"
98657,SLTR-109482,,(new),"WOULD MINT"
98671,SLTR-109564,,(new),"WOULD MINT"
98687,SLTR-109501,,(new),"WOULD MINT"
98707,SLTR-109503,,(new),"WOULD MINT"
98720,SLTR-109502,,(new),"WOULD MINT"
98731,SLTR-109288,,(new),"WOULD MINT"
98738,SLTR-109283,,(new),"WOULD MINT"
98742,SLTR-109289,,(new),"WOULD MINT"
98748,SLTR-109290,,(new),"WOULD MINT"
98760,SLTR-109504,,(new),"WOULD MINT"
98768,SLTR-109588,,(new),"WOULD MINT"
98804,SLTR-109508,,(new),"WOULD MINT"
98813,SLTR-109055,,(new),"WOULD MINT"
98817,SLTR-109016,,(new),"WOULD MINT"
98825,SLTR-109054,,(new),"WOULD MINT"
98826,SLTR-109042,,(new),"WOULD MINT"
98998,SLTR-109499,,(new),"WOULD MINT"
99026,SLTR-109498,,(new),"WOULD MINT"
99036,SLTR-109497,,(new),"WOULD MINT"
99049,SLTR-109509,,(new),"WOULD MINT"
99089,SLTR-109507,,(new),"WOULD MINT"
99105,SLTR-109511,,(new),"WOULD MINT"
99123,SLTR-109505,,(new),"WOULD MINT"
99254,SLTR-130161,,(new),"WOULD MINT"
99266,SLTR-130119,,(new),"WOULD MINT"
99275,SLTR-130120,,(new),"WOULD MINT"
99284,SLTR-130123,,(new),"WOULD MINT"
99294,SLTR-130156,,(new),"WOULD MINT"
99307,SLTR-130160,,(new),"WOULD MINT"
99321,SLTR-130159,,(new),"WOULD MINT"
99337,SLTR-130913,,(new),"WOULD MINT"
99355,SLTR-130074,,(new),"WOULD MINT"
99361,SLTR-130166,,(new),"WOULD MINT"
99375,SLTR-130109,,(new),"WOULD MINT"
99386,SLTR-130118,,(new),"WOULD MINT"
99662,SLTR-131226,,(new),"WOULD MINT"
99677,SLTR-131369,,(new),"WOULD MINT"
99683,SLTR-131017,,(new),"WOULD MINT"
99690,SLTR-131861,,(new),"WOULD MINT"
99702,SLTR-131385,,(new),"WOULD MINT"
99708,SLTR-131856,,(new),"WOULD MINT"
99715,SLTR-131552,,(new),"WOULD MINT"
99724,SLTR-131384,,(new),"WOULD MINT"
99735,SLTR-131383,,(new),"WOULD MINT"
99747,SLTR-131531,,(new),"WOULD MINT"
99752,SLTR-131223,,(new),"WOULD MINT"
99755,SLTR-131858,,(new),"WOULD MINT"
99764,SLTR-131216,,(new),"WOULD MINT"
99768,SLTR-131796,,(new),"WOULD MINT"
99775,SLTR-131478,,(new),"WOULD MINT"
99778,SLTR-131284,,(new),"WOULD MINT"
99782,SLTR-131917,,(new),"WOULD MINT"
99792,SLTR-131916,,(new),"WOULD MINT"
99813,SLTR-131014,,(new),"WOULD MINT"
99829,SLTR-131253,,(new),"WOULD MINT"
99838,SLTR-131550,,(new),"WOULD MINT"
99850,SLTR-131366,,(new),"WOULD MINT"
99861,SLTR-131507,,(new),"WOULD MINT"
99876,SLTR-131372,,(new),"WOULD MINT"
99887,SLTR-131499,,(new),"WOULD MINT"
99896,SLTR-131784,,(new),"WOULD MINT"
99903,SLTR-131946,,(new),"WOULD MINT"
99910,SLTR-131229,,(new),"WOULD MINT"
99922,SLTR-131241,,(new),"WOULD MINT"
99935,SLTR-131245,,(new),"WOULD MINT"
99945,SLTR-131280,,(new),"WOULD MINT"
99953,SLTR-131918,,(new),"WOULD MINT"
99962,SLTR-131217,,(new),"WOULD MINT"
99970,SLTR-131368,,(new),"WOULD MINT"
99979,SLTR-131370,,(new),"WOULD MINT"
99993,SLTR-131945,,(new),"WOULD MINT"
100003,SLTR-131921,,(new),"WOULD MINT"
100013,SLTR-131225,,(new),"WOULD MINT"
100020,SLTR-131561,,(new),"WOULD MINT"
100029,SLTR-131671,,(new),"WOULD MINT"
100038,SLTR-121282,,(new),"WOULD MINT"
100048,SLTR-131373,,(new),"WOULD MINT"
100115,SLTR-131222,,(new),"WOULD MINT"
100116,SLTR-131227,,(new),"WOULD MINT"
100117,SLTR-131228,,(new),"WOULD MINT"
100121,SLTR-131230,,(new),"WOULD MINT"
100143,SLTR-131231,,(new),"WOULD MINT"
100180,SLTR-131219,,(new),"WOULD MINT"
100194,SLTR-131930,,(new),"WOULD MINT"
100207,SLTR-131466,,(new),"WOULD MINT"
100217,SLTR-131480,,(new),"WOULD MINT"
100225,SLTR-131505,,(new),"WOULD MINT"
100252,SLTR-131558,,(new),"WOULD MINT"
100265,SLTR-131563,,(new),"WOULD MINT"
100284,SLTR-131557,,(new),"WOULD MINT"
100341,SLTR-131559,,(new),"WOULD MINT"
100351,SLTR-131906,,(new),"WOULD MINT"
100355,SLTR-131215,,(new),"WOULD MINT"
100395,SLTR-131920,,(new),"WOULD MINT"
100396,SLTR-131919,,(new),"WOULD MINT"
100398,SLTR-131943,,(new),"WOULD MINT"
100402,SLTR-131506,,(new),"WOULD MINT"
100410,SLTR-131508,,(new),"WOULD MINT"
100418,SLTR-130296,,(new),"WOULD MINT"
100427,SLTR-130761,,(new),"WOULD MINT"
100432,SLTR-130735,,(new),"WOULD MINT"
100446,SLTR-130073,,(new),"WOULD MINT"
100449,SLTR-130158,,(new),"WOULD MINT"
100454,SLTR-130167,,(new),"WOULD MINT"
100457,SLTR-130380,,(new),"WOULD MINT"
100463,SLTR-130016,,(new),"WOULD MINT"
100470,SLTR-130017,,(new),"WOULD MINT"
100472,SLTR-130163,,(new),"WOULD MINT"
100484,SLTR-130682,,(new),"WOULD MINT"
100485,SLTR-130153,,(new),"WOULD MINT"
100505,SLTR-130758,,(new),"WOULD MINT"
100515,SLTR-130155,,(new),"WOULD MINT"
100524,SLTR-130361,,(new),"WOULD MINT"
100536,SLTR-131232,,(new),"WOULD MINT"
100543,SLTR-130582,,(new),"WOULD MINT"
100561,SLTR-131218,,(new),"WOULD MINT"
100590,SLTR-131233,,(new),"WOULD MINT"
100593,SLTR-130958,,(new),"WOULD MINT"
100616,SLTR-130572,,(new),"WOULD MINT"
100617,SLTR-131345,,(new),"WOULD MINT"
100632,SLTR-130154,,(new),"WOULD MINT"
100658,SLTR-130171,,(new),"WOULD MINT"
100669,SLTR-131570,,(new),"WOULD MINT"
100684,SLTR-130076,,(new),"WOULD MINT"
100704,SLTR-130015,,(new),"WOULD MINT"
100725,SLTR-130336,,(new),"WOULD MINT"
100747,SLTR-131637,,(new),"WOULD MINT"
100762,SLTR-130323,,(new),"WOULD MINT"
100768,SLTR-131638,,(new),"WOULD MINT"
100785,SLTR-131639,,(new),"WOULD MINT"
100789,SLTR-130524,,(new),"WOULD MINT"
100812,SLTR-131640,,(new),"WOULD MINT"
100820,SLTR-130157,,(new),"WOULD MINT"
100829,SLTR-131653,,(new),"WOULD MINT"
100835,SLTR-131660,,(new),"WOULD MINT"
100841,SLTR-130172,,(new),"WOULD MINT"
100849,SLTR-130955,,(new),"WOULD MINT"
100853,SLTR-131661,,(new),"WOULD MINT"
100859,SLTR-130932,,(new),"WOULD MINT"
100862,SLTR-131365,,(new),"WOULD MINT"
100865,SLTR-130877,,(new),"WOULD MINT"
100870,SLTR-131435,,(new),"WOULD MINT"
100877,SLTR-130369,,(new),"WOULD MINT"
100886,SLTR-131224,,(new),"WOULD MINT"
100891,SLTR-130581,,(new),"WOULD MINT"
100905,SLTR-130419,,(new),"WOULD MINT"
100918,SLTR-130523,,(new),"WOULD MINT"
100925,SLTR-130165,,(new),"WOULD MINT"
100931,SLTR-130162,,(new),"WOULD MINT"
101013,SLTR-131931,,(new),"WOULD MINT"
101058,SLTR-132149,,(new),"WOULD MINT"
101078,SLTR-132143,,(new),"WOULD MINT"
101080,SLTR-132196,,(new),"WOULD MINT"
101098,SLTR-132406,,(new),"WOULD MINT"
101110,SLTR-132154,,(new),"WOULD MINT"
101123,SLTR-132168,,(new),"WOULD MINT"
101126,SLTR-132251,,(new),"WOULD MINT"
101142,SLTR-132139,,(new),"WOULD MINT"
101157,SLTR-132812,,(new),"WOULD MINT"
101161,SLTR-132536,,(new),"WOULD MINT"
101168,SLTR-132172,,(new),"WOULD MINT"
101173,SLTR-132199,,(new),"WOULD MINT"
101176,SLTR-132166,,(new),"WOULD MINT"
101182,SLTR-132198,,(new),"WOULD MINT"
101192,SLTR-132184,,(new),"WOULD MINT"
101193,SLTR-132958,,(new),"WOULD MINT"
101203,SLTR-132975,,(new),"WOULD MINT"
101209,SLTR-132567,,(new),"WOULD MINT"
101221,SLTR-132047,,(new),"WOULD MINT"
101229,SLTR-132397,,(new),"WOULD MINT"
101247,SLTR-132147,,(new),"WOULD MINT"
101248,SLTR-132959,,(new),"WOULD MINT"
101257,SLTR-132186,,(new),"WOULD MINT"
101271,SLTR-132214,,(new),"WOULD MINT"
101288,SLTR-132164,,(new),"WOULD MINT"
101368,SLTR-132187,,(new),"WOULD MINT"
101378,SLTR-132191,,(new),"WOULD MINT"
101411,SLTR-132156,,(new),"WOULD MINT"
101431,SLTR-132017,,(new),"WOULD MINT"
101447,SLTR-132185,,(new),"WOULD MINT"
101456,SLTR-132538,,(new),"WOULD MINT"
101468,SLTR-132175,,(new),"WOULD MINT"
101480,SLTR-132163,,(new),"WOULD MINT"
101487,SLTR-132207,,(new),"WOULD MINT"
101497,SLTR-132209,,(new),"WOULD MINT"
101508,SLTR-132046,,(new),"WOULD MINT"
101512,SLTR-132446,,(new),"WOULD MINT"
101547,SLTR-132159,,(new),"WOULD MINT"
101561,SLTR-132208,,(new),"WOULD MINT"
101566,SLTR-132141,,(new),"WOULD MINT"
101574,SLTR-132202,,(new),"WOULD MINT"
101580,SLTR-132205,,(new),"WOULD MINT"
101586,SLTR-132206,,(new),"WOULD MINT"
101596,SLTR-132148,,(new),"WOULD MINT"
101604,SLTR-132155,,(new),"WOULD MINT"
101617,SLTR-132145,,(new),"WOULD MINT"
101625,SLTR-132960,,(new),"WOULD MINT"
101631,SLTR-132408,,(new),"WOULD MINT"
101637,SLTR-132242,,(new),"WOULD MINT"
101642,SLTR-132956,,(new),"WOULD MINT"
101649,SLTR-132396,,(new),"WOULD MINT"
101659,SLTR-132961,,(new),"WOULD MINT"
101668,SLTR-132957,,(new),"WOULD MINT"
101690,SLTR-133016,,(new),"WOULD MINT"
101697,SLTR-133032,,(new),"WOULD MINT"
101704,SLTR-133012,,(new),"WOULD MINT"
101708,SLTR-133013,,(new),"WOULD MINT"
101852,SLTR-132182,,(new),"WOULD MINT"
101867,SLTR-132200,,(new),"WOULD MINT"
101882,SLTR-132181,,(new),"WOULD MINT"
101897,SLTR-132179,,(new),"WOULD MINT"
101930,SLTR-132178,,(new),"WOULD MINT"
101938,SLTR-132204,,(new),"WOULD MINT"
101948,SLTR-132190,,(new),"WOULD MINT"
101957,SLTR-132165,,(new),"WOULD MINT"
101963,SLTR-132167,,(new),"WOULD MINT"
101968,SLTR-132144,,(new),"WOULD MINT"
101973,SLTR-132158,,(new),"WOULD MINT"
101979,SLTR-132838,,(new),"WOULD MINT"
101984,SLTR-132183,,(new),"WOULD MINT"
102009,SLTR-132234,,(new),"WOULD MINT"
102021,SLTR-132150,,(new),"WOULD MINT"
102029,SLTR-132077,,(new),"WOULD MINT"
102043,SLTR-132188,,(new),"WOULD MINT"
102048,SLTR-132142,,(new),"WOULD MINT"
102214,SLTR-114597,,(new),"WOULD MINT"
102217,SLTR-114153,,(new),"WOULD MINT"
102227,SLTR-114602,,(new),"WOULD MINT"
102232,SLTR-114735,,(new),"WOULD MINT"
102240,SLTR-114736,,(new),"WOULD MINT"
102249,SLTR-114513,,(new),"WOULD MINT"
102258,SLTR-114595,,(new),"WOULD MINT"
102264,SLTR-114364,,(new),"WOULD MINT"
102269,SLTR-114365,,(new),"WOULD MINT"
102279,SLTR-114742,,(new),"WOULD MINT"
102284,SLTR-114368,,(new),"WOULD MINT"
102288,SLTR-114503,,(new),"WOULD MINT"
102295,SLTR-114280,,(new),"WOULD MINT"
102303,SLTR-114737,,(new),"WOULD MINT"
102308,SLTR-114377,,(new),"WOULD MINT"
102315,SLTR-114501,,(new),"WOULD MINT"
102324,SLTR-114102,,(new),"WOULD MINT"
102333,SLTR-114105,,(new),"WOULD MINT"
102340,SLTR-114532,,(new),"WOULD MINT"
102349,SLTR-114739,,(new),"WOULD MINT"
102365,SLTR-114702,,(new),"WOULD MINT"
102379,SLTR-114533,,(new),"WOULD MINT"
102386,SLTR-114740,,(new),"WOULD MINT"
102406,SLTR-114741,,(new),"WOULD MINT"
102414,SLTR-114261,,(new),"WOULD MINT"
102499,SLTR-114265,,(new),"WOULD MINT"
102513,SLTR-114552,,(new),"WOULD MINT"
102522,SLTR-114877,,(new),"WOULD MINT"
102530,SLTR-114259,,(new),"WOULD MINT"
102542,SLTR-114278,,(new),"WOULD MINT"
102549,SLTR-114106,,(new),"WOULD MINT"
102554,SLTR-114500,,(new),"WOULD MINT"
102567,SLTR-114376,,(new),"WOULD MINT"
102588,SLTR-114738,,(new),"WOULD MINT"
102594,SLTR-114604,,(new),"WOULD MINT"
102603,SLTR-114496,,(new),"WOULD MINT"
102613,SLTR-114743,,(new),"WOULD MINT"
102621,SLTR-114734,,(new),"WOULD MINT"
102999,SLTR-114596,,(new),"WOULD MINT"
103015,SLTR-114600,,(new),"WOULD MINT"
103089,SLTR-114764,,(new),"WOULD MINT"
103337,SLTR-114599,,(new),"WOULD MINT"
103340,SLTR-114539,,(new),"WOULD MINT"
103345,SLTR-115224,,(new),"WOULD MINT"
103366,SLTR-115747,,(new),"WOULD MINT"
103375,SLTR-115787,,(new),"WOULD MINT"
103377,SLTR-115984,,(new),"WOULD MINT"
103383,SLTR-115858,,(new),"WOULD MINT"
103390,SLTR-115727,,(new),"WOULD MINT"
103396,SLTR-115231,,(new),"WOULD MINT"
103408,SLTR-115614,,(new),"WOULD MINT"
103415,SLTR-115127,,(new),"WOULD MINT"
103692,SLTR-115124,,(new),"WOULD MINT"
103740,SLTR-115925,,(new),"WOULD MINT"
103744,SLTR-115125,,(new),"WOULD MINT"
103749,SLTR-115474,,(new),"WOULD MINT"
103756,SLTR-115909,,(new),"WOULD MINT"
103761,SLTR-115164,,(new),"WOULD MINT"
103766,SLTR-115926,,(new),"WOULD MINT"
103772,SLTR-115123,,(new),"WOULD MINT"
103775,SLTR-115710,,(new),"WOULD MINT"
103786,SLTR-115222,,(new),"WOULD MINT"
103794,SLTR-116289,,(new),"WOULD MINT"
103799,SLTR-116241,,(new),"WOULD MINT"
103811,SLTR-116575,,(new),"WOULD MINT"
103819,SLTR-116231,,(new),"WOULD MINT"
103824,SLTR-116252,,(new),"WOULD MINT"
103829,SLTR-116302,,(new),"WOULD MINT"
103834,SLTR-116609,,(new),"WOULD MINT"
103840,SLTR-116237,,(new),"WOULD MINT"
103850,SLTR-116242,,(new),"WOULD MINT"
103855,SLTR-116429,,(new),"WOULD MINT"
103860,SLTR-116433,,(new),"WOULD MINT"
103867,SLTR-166238,,(new),"WOULD MINT"
103872,SLTR-116217,,(new),"WOULD MINT"
103881,SLTR-116218,,(new),"WOULD MINT"
103905,SLTR-116898,,(new),"WOULD MINT"
103909,SLTR-116232,,(new),"WOULD MINT"
103915,SLTR-116253,,(new),"WOULD MINT"
103946,SLTR-116234,,(new),"WOULD MINT"
103955,SLTR-116248,,(new),"WOULD MINT"
103965,SLTR-116751,,(new),"WOULD MINT"
103975,SLTR-116908,,(new),"WOULD MINT"
103984,SLTR-116235,,(new),"WOULD MINT"
103999,SLTR-116472,,(new),"WOULD MINT"
104009,SLTR-116288,,(new),"WOULD MINT"
104017,SLTR-116230,,(new),"WOULD MINT"
104018,SLTR-116244,,(new),"WOULD MINT"
104020,SLTR-116251,,(new),"WOULD MINT"
104022,SLTR-116888,,(new),"WOULD MINT"
104027,SLTR-116239,,(new),"WOULD MINT"
104029,SLTR-116593,,(new),"WOULD MINT"
104033,SLTR-116249,,(new),"WOULD MINT"
104042,SLTR-116464,,(new),"WOULD MINT"
104048,SLTR-116236,,(new),"WOULD MINT"
104055,SLTR-116291,,(new),"WOULD MINT"
104063,SLTR-116306,,(new),"WOULD MINT"
104073,SLTR-116228,,(new),"WOULD MINT"
104079,SLTR-116290,,(new),"WOULD MINT"
104094,SLTR-116245,,(new),"WOULD MINT"
104103,SLTR-116220,,(new),"WOULD MINT"
104116,SLTR-116468,,(new),"WOULD MINT"
104131,SLTR-116250,,(new),"WOULD MINT"
104138,SLTR-116467,,(new),"WOULD MINT"
104148,SLTR-116246,,(new),"WOULD MINT"
104157,SLTR-116247,,(new),"WOULD MINT"
104179,SLTR-116305,,(new),"WOULD MINT"
104182,SLTR-116681,,(new),"WOULD MINT"
104189,SLTR-116225,,(new),"WOULD MINT"
104194,SLTR-116243,,(new),"WOULD MINT"
104222,SLTR-116574,,(new),"WOULD MINT"
104231,SLTR-116373,,(new),"WOULD MINT"
104252,SLTR-117795,,(new),"WOULD MINT"
104259,SLTR-117715,,(new),"WOULD MINT"
104277,SLTR-117812,,(new),"WOULD MINT"
104281,SLTR-117545,,(new),"WOULD MINT"
104286,SLTR-117814,,(new),"WOULD MINT"
104295,SLTR-117813,,(new),"WOULD MINT"
104299,SLTR-117635,,(new),"WOULD MINT"
104302,SLTR-117647,,(new),"WOULD MINT"
104305,SLTR-117358,,(new),"WOULD MINT"
104306,SLTR-117810,,(new),"WOULD MINT"
104319,SLTR-117634,,(new),"WOULD MINT"
104325,SLTR-117794,,(new),"WOULD MINT"
104333,SLTR-118382,,(new),"WOULD MINT"
104338,SLTR-118613,,(new),"WOULD MINT"
104344,SLTR-118088,,(new),"WOULD MINT"
104349,SLTR-118320,,(new),"WOULD MINT"
104352,SLTR-118688,,(new),"WOULD MINT"
104358,SLTR-118596,,(new),"WOULD MINT"
104363,SLTR-118251,,(new),"WOULD MINT"
104380,SLTR-118677,,(new),"WOULD MINT"
104386,SLTR-118913,,(new),"WOULD MINT"
104399,SLTR-119717,,(new),"WOULD MINT"
104409,SLTR-119171,,(new),"WOULD MINT"
104481,SLTR-119691,,(new),"WOULD MINT"
104487,SLTR-119787,,(new),"WOULD MINT"
104492,SLTR-119900,,(new),"WOULD MINT"
104503,SLTR-119376,,(new),"WOULD MINT"
104515,SLTR-119898,,(new),"WOULD MINT"
104551,SLTR-119175,,(new),"WOULD MINT"
104556,SLTR-119377,,(new),"WOULD MINT"
104562,SLTR-119679,,(new),"WOULD MINT"
104595,SLTR-119114,,(new),"WOULD MINT"
104610,SLTR-119170,,(new),"WOULD MINT"
104615,SLTR-119674,,(new),"WOULD MINT"
104633,SLTR-119788,,(new),"WOULD MINT"
104641,SLTR-119115,,(new),"WOULD MINT"
104651,SLTR-119690,,(new),"WOULD MINT"
104655,SLTR-120677,,(new),"WOULD MINT"
104657,SLTR-120654,,(new),"WOULD MINT"
104669,SLTR-120686,,(new),"WOULD MINT"
104690,SLTR-120672,,(new),"WOULD MINT"
104701,SLTR-120742,,(new),"WOULD MINT"
104715,SLTR-120674,,(new),"WOULD MINT"
104721,SLTR-120688,,(new),"WOULD MINT"
104729,SLTR-120689,,(new),"WOULD MINT"
104740,SLTR-120739,,(new),"WOULD MINT"
104756,SLTR-120657,,(new),"WOULD MINT"
104767,SLTR-120655,,(new),"WOULD MINT"
104779,SLTR-120490,,(new),"WOULD MINT"
104785,SLTR-120669,,(new),"WOULD MINT"
104795,SLTR-120665,,(new),"WOULD MINT"
104812,SLTR-121050,,(new),"WOULD MINT"
104826,SLTR-120747,,(new),"WOULD MINT"
104832,SLTR-120745,,(new),"WOULD MINT"
104839,SLTR-120746,,(new),"WOULD MINT"
104844,SLTR-120741,,(new),"WOULD MINT"
104853,SLTR-120748,,(new),"WOULD MINT"
104867,SLTR-120678,,(new),"WOULD MINT"
104890,SLTR-120671,,(new),"WOULD MINT"
104905,SLTR-120070,,(new),"WOULD MINT"
104935,SLTR-120656,,(new),"WOULD MINT"
104940,SLTR-120673,,(new),"WOULD MINT"
104951,SLTR-120662,,(new),"WOULD MINT"
104962,SLTR-120660,,(new),"WOULD MINT"
104968,SLTR-120661,,(new),"WOULD MINT"
104976,SLTR-120073,,(new),"WOULD MINT"
104980,SLTR-120084,,(new),"WOULD MINT"
105094,SLTR-120679,,(new),"WOULD MINT"
105121,SLTR-214723,,(new),"WOULD MINT"
105123,SLTR-120680,,(new),"WOULD MINT"
105139,SLTR-214087,,(new),"WOULD MINT"
105144,SLTR-120729,,(new),"WOULD MINT"
105155,SLTR-120635,,(new),"WOULD MINT"
105168,SLTR-120693,,(new),"WOULD MINT"
105188,SLTR-120692,,(new),"WOULD MINT"
105200,SLTR-214807,,(new),"WOULD MINT"
105201,SLTR-120691,,(new),"WOULD MINT"
105207,SLTR-214106,,(new),"WOULD MINT"
105218,SLTR-120690,,(new),"WOULD MINT"
105226,SLTR-214206,,(new),"WOULD MINT"
105230,SLTR-214687,,(new),"WOULD MINT"
105256,SLTR-214107,,(new),"WOULD MINT"
105258,SLTR-120658,,(new),"WOULD MINT"
105262,SLTR-214759,,(new),"WOULD MINT"
105266,SLTR-120670,,(new),"WOULD MINT"
105273,SLTR-214215,,(new),"WOULD MINT"
105277,SLTR-120943,,(new),"WOULD MINT"
105279,SLTR-214625,,(new),"WOULD MINT"
105285,SLTR-214782,,(new),"WOULD MINT"
105292,SLTR-120687,,(new),"WOULD MINT"
105293,SLTR-214715,,(new),"WOULD MINT"
105304,SLTR-215650,,(new),"WOULD MINT"
105313,SLTR-215218,,(new),"WOULD MINT"
105315,SLTR-125893,,(new),"WOULD MINT"
105323,SLTR-215217,,(new),"WOULD MINT"
105329,SLTR-215551,,(new),"WOULD MINT"
105333,SLTR-216782,,(new),"WOULD MINT"
105337,SLTR-215552,,(new),"WOULD MINT"
105340,SLTR-215553,,(new),"WOULD MINT"
105344,SLTR-216280,,(new),"WOULD MINT"
105383,SLTR-216419,,(new),"WOULD MINT"
105604,SLTR-215580,,(new),"WOULD MINT"
105617,SLTR-215223,,(new),"WOULD MINT"
105629,SLTR-215201,,(new),"WOULD MINT"
105630,SLTR-216742,,(new),"WOULD MINT"
105684,SLTR-215224,,(new),"WOULD MINT"
105693,SLTR-216219,,(new),"WOULD MINT"
105716,SLTR-215403,,(new),"WOULD MINT"
105719,SLTR-216293,,(new),"WOULD MINT"
105725,SLTR-215871,,(new),"WOULD MINT"
105727,SLTR-216283,,(new),"WOULD MINT"
105728,SLTR-215681,,(new),"WOULD MINT"
105737,SLTR-216257,,(new),"WOULD MINT"
105739,SLTR-216281,,(new),"WOULD MINT"
105745,SLTR-216826,,(new),"WOULD MINT"
105750,SLTR-216199,,(new),"WOULD MINT"
105754,SLTR-216282,,(new),"WOULD MINT"
105777,SLTR-216311,,(new),"WOULD MINT"
105781,SLTR-216853,,(new),"WOULD MINT"
105790,SLTR-216873,,(new),"WOULD MINT"
105792,SLTR-216244,,(new),"WOULD MINT"
105795,SLTR-216243,,(new),"WOULD MINT"
105805,SLTR-217411,,(new),"WOULD MINT"
105806,SLTR-216422,,(new),"WOULD MINT"
105812,SLTR-216421,,(new),"WOULD MINT"
105819,SLTR-217215,,(new),"WOULD MINT"
105828,SLTR-217551,,(new),"WOULD MINT"
105831,SLTR-217387,,(new),"WOULD MINT"
105839,SLTR-202135,,(new),"WOULD MINT"
105846,SLTR-202048,,(new),"WOULD MINT"
105848,SLTR-202142,,(new),"WOULD MINT"
105851,SLTR-202265,,(new),"WOULD MINT"
105856,SLTR-202266,,(new),"WOULD MINT"
106012,SLTR-202267,,(new),"WOULD MINT"
106020,SLTR-202268,,(new),"WOULD MINT"
106029,SLTR-202582,,(new),"WOULD MINT"
106038,SLTR-202157,,(new),"WOULD MINT"
106042,SLTR-202300,,(new),"WOULD MINT"
106048,SLTR-202304,,(new),"WOULD MINT"
106054,SLTR-202691,,(new),"WOULD MINT"
106056,SLTR-202303,,(new),"WOULD MINT"
106066,SLTR-202306,,(new),"WOULD MINT"
106074,SLTR-202594,,(new),"WOULD MINT"
106078,SLTR-202978,,(new),"WOULD MINT"
106089,SLTR-202979,,(new),"WOULD MINT"
106092,SLTR-202980,,(new),"WOULD MINT"
106109,SLTR-202308,,(new),"WOULD MINT"
106115,SLTR-202940,,(new),"WOULD MINT"
106116,SLTR-202243,,(new),"WOULD MINT"
106131,SLTR-202458,,(new),"WOULD MINT"
106132,SLTR-202141,,(new),"WOULD MINT"
106140,SLTR-202353,,(new),"WOULD MINT"
106144,SLTR-202123,,(new),"WOULD MINT"
106145,SLTR-202354,,(new),"WOULD MINT"
106151,SLTR-202355,,(new),"WOULD MINT"
106153,SLTR-202957,,(new),"WOULD MINT"
106158,SLTR-202464,,(new),"WOULD MINT"
106164,SLTR-202051,,(new),"WOULD MINT"
106168,SLTR-202049,,(new),"WOULD MINT"
106173,SLTR-202714,,(new),"WOULD MINT"
106177,SLTR-202045,,(new),"WOULD MINT"
106183,SLTR-202920,,(new),"WOULD MINT"
106188,SLTR-202062,,(new),"WOULD MINT"
106192,SLTR-202054,,(new),"WOULD MINT"
106198,SLTR-202129,,(new),"WOULD MINT"
106202,SLTR-202060,,(new),"WOULD MINT"
106206,SLTR-202126,,(new),"WOULD MINT"
106212,SLTR-202131,,(new),"WOULD MINT"
106219,SLTR-202269,,(new),"WOULD MINT"
106226,SLTR-202050,,(new),"WOULD MINT"
106233,SLTR-202052,,(new),"WOULD MINT"
106243,SLTR-202139,,(new),"WOULD MINT"
106247,SLTR-202352,,(new),"WOULD MINT"
106262,SLTR-202127,,(new),"WOULD MINT"
106267,SLTR-202143,,(new),"WOULD MINT"
106275,SLTR-202981,,(new),"WOULD MINT"
106282,SLTR-202943,,(new),"WOULD MINT"
106289,SLTR-202463,,(new),"WOULD MINT"
106306,SLTR-202584,,(new),"WOULD MINT"
106317,SLTR-202309,,(new),"WOULD MINT"
106327,SLTR-202055,,(new),"WOULD MINT"
106330,SLTR-203668,,(new),"WOULD MINT"
106344,SLTR-203268,,(new),"WOULD MINT"
106349,SLTR-203053,,(new),"WOULD MINT"
106362,SLTR-203048,,(new),"WOULD MINT"
106379,SLTR-203657,,(new),"WOULD MINT"
106394,SLTR-203638,,(new),"WOULD MINT"
106398,SLTR-202128,,(new),"WOULD MINT"
108300,SLTR-209514,,(new),"WOULD MINT"
110663,SLTR-217797,,(new),"WOULD MINT"
110675,SLTR-221403,,(new),"WOULD MINT"
110681,SLTR-36185,,(new),"WOULD MINT"
110690,SLTR-216777,,(new),"WOULD MINT"
110693,SLTR-217148,,(new),"WOULD MINT"
110698,SLTR-120039,,(new),"WOULD MINT"
110702,SLTR-221015,,(new),"WOULD MINT"
110709,SLTR-221014,,(new),"WOULD MINT"
110715,SLTR-216802,,(new),"WOULD MINT"
110720,SLTR-217774,,(new),"WOULD MINT"
110722,SLTR-194578,,(new),"WOULD MINT"
110729,SLTR-219893,,(new),"WOULD MINT"
110733,SLTR-217538,,(new),"WOULD MINT"
110737,SLTR-220902,,(new),"WOULD MINT"
110742,SLTR-220411,,(new),"WOULD MINT"
110744,SLTR-212664,,(new),"WOULD MINT"
110748,SLTR-217706,,(new),"WOULD MINT"
110788,SLTR-216262,,(new),"WOULD MINT"
110796,SLTR-220315,,(new),"WOULD MINT"
110797,SLTR-16250,,(new),"WOULD MINT"
110804,SLTR-221760,,(new),"WOULD MINT"
110808,SLTR-71220,,(new),"WOULD MINT"
110814,SLTR-218343,,(new),"WOULD MINT"
110819,SLTR-216946,,(new),"WOULD MINT"
110821,SLTR-222340,,(new),"WOULD MINT"
110826,SLTR-216261,,(new),"WOULD MINT"
110833,SLTR-215714,,(new),"WOULD MINT"
110834,SLTR-221804,,(new),"WOULD MINT"
110841,SLTR-219439,,(new),"WOULD MINT"
110853,SLTR-220782,,(new),"WOULD MINT"
110859,SLTR-194333,,(new),"WOULD MINT"
110864,SLTR-218313,,(new),"WOULD MINT"
110868,SLTR-204415,,(new),"WOULD MINT"
110873,SLTR-206065,,(new),"WOULD MINT"
110879,SLTR-46274,,(new),"WOULD MINT"
110881,SLTR-20432,,(new),"WOULD MINT"
110888,SLTR-204757,,(new),"WOULD MINT"
110892,SLTR-195636,,(new),"WOULD MINT"
110900,SLTR-65095,,(new),"WOULD MINT"
110903,SLTR-214426,,(new),"WOULD MINT"
110911,SLTR-195368,,(new),"WOULD MINT"
110915,SLTR-221231,,(new),"WOULD MINT"
110917,SLTR-195357,,(new),"WOULD MINT"
110920,SLTR-222386,,(new),"WOULD MINT"
110925,SLTR-190573,,(new),"WOULD MINT"
110930,SLTR-214207,,(new),"WOULD MINT"
110935,SLTR-216564,,(new),"WOULD MINT"
110938,SLTR-48597,,(new),"WOULD MINT"
110941,SLTR-220943,,(new),"WOULD MINT"
110948,SLTR-218475,,(new),"WOULD MINT"
110953,SLTR-219801,,(new),"WOULD MINT"
110961,SLTR-219090,,(new),"WOULD MINT"
110967,SLTR-221025,,(new),"WOULD MINT"
110974,SLTR-220851,,(new),"WOULD MINT"
110993,SLTR-202085,,(new),"WOULD MINT"
112696,SLTR-220145,,(new),"WOULD MINT"
112703,SLTR-70838,,(new),"WOULD MINT"
112717,SLTR-70839,,(new),"WOULD MINT"
112729,SLTR-70840,,(new),"WOULD MINT"
112739,SLTR-70837,,(new),"WOULD MINT"
113797,SLTR-132501,,(new),"WOULD MINT"
113803,SLTR-24569,,(new),"WOULD MINT"
113812,SLTR-195371,,(new),"WOULD MINT"
113825,SLTR-221989,,(new),"WOULD MINT"
113833,SLTR-221990,,(new),"WOULD MINT"
115377,SLTR-71297,,(new),"WOULD MINT"
115389,SLTR-188118,,(new),"WOULD MINT"
115401,SLTR-215711,,(new),"WOULD MINT"
115406,SLTR-20803,,(new),"WOULD MINT"
115412,SLTR-71316,,(new),"WOULD MINT"
115418,SLTR-23867,,(new),"WOULD MINT"
115428,SLTR-198077,,(new),"WOULD MINT"
115431,SLTR-57188,,(new),"WOULD MINT"
115436,SLTR-215704,,(new),"WOULD MINT"
115442,SLTR-64488,,(new),"WOULD MINT"
115444,SLTR-71193,,(new),"WOULD MINT"
115452,SLTR-71184,,(new),"WOULD MINT"
115454,SLTR-64487,,(new),"WOULD MINT"
115463,SLTR-64480,,(new),"WOULD MINT"
115474,SLTR-71170,,(new),"WOULD MINT"
115475,SLTR-64545,,(new),"WOULD MINT"
115491,SLTR-26911,,(new),"WOULD MINT"
115493,SLTR-71191,,(new),"WOULD MINT"
115511,SLTR-220641,,(new),"WOULD MINT"
115520,SLTR-220348,,(new),"WOULD MINT"
115534,SLTR-48590,,(new),"WOULD MINT"
115535,SLTR-26907,,(new),"WOULD MINT"
115551,SLTR-66588,,(new),"WOULD MINT"
115553,SLTR-221448,,(new),"WOULD MINT"
115558,SLTR-57183,,(new),"WOULD MINT"
115561,SLTR-210828,,(new),"WOULD MINT"
115573,SLTR-220475,,(new),"WOULD MINT"
115586,SLTR-218072,,(new),"WOULD MINT"
115599,SLTR-215022,,(new),"WOULD MINT"
115600,SLTR-221345,,(new),"WOULD MINT"
115610,SLTR-64507,,(new),"WOULD MINT"
115612,SLTR-57161,,(new),"WOULD MINT"
115620,SLTR-220828,,(new),"WOULD MINT"
115622,SLTR-26910,,(new),"WOULD MINT"
115626,SLTR-220449,,(new),"WOULD MINT"
115627,SLTR-26912,,(new),"WOULD MINT"
115642,SLTR-26913,,(new),"WOULD MINT"
115654,SLTR-23868,,(new),"WOULD MINT"
115662,SLTR-203091,,(new),"WOULD MINT"
115663,SLTR-212879,,(new),"WOULD MINT"
115667,SLTR-220732,,(new),"WOULD MINT"
115676,SLTR-220758,,(new),"WOULD MINT"
115684,SLTR-54120,,(new),"WOULD MINT"
115686,SLTR-75380,,(new),"WOULD MINT"
115694,SLTR-220757,,(new),"WOULD MINT"
115695,SLTR-203090,,(new),"WOULD MINT"
115724,SLTR-64479,,(new),"WOULD MINT"
115754,SLTR-211356,,(new),"WOULD MINT"
115757,SLTR-85395,,(new),"WOULD MINT"
115772,SLTR-212883,,(new),"WOULD MINT"
115775,SLTR-206189,,(new),"WOULD MINT"
115781,SLTR-57184,,(new),"WOULD MINT"
115791,SLTR-55692,,(new),"WOULD MINT"
115799,SLTR-210129,,(new),"WOULD MINT"
115805,SLTR-54581,,(new),"WOULD MINT"
115809,SLTR-205036,,(new),"WOULD MINT"
115815,SLTR-196244,,(new),"WOULD MINT"
115825,SLTR-113552,,(new),"WOULD MINT"
115830,SLTR-220677,,(new),"WOULD MINT"
115841,SLTR-85396,,(new),"WOULD MINT"
115847,SLTR-216558,,(new),"WOULD MINT"
115862,SLTR-26908,,(new),"WOULD MINT"
115879,SLTR-205319,,(new),"WOULD MINT"
115892,SLTR-209704,,(new),"WOULD MINT"
115897,SLTR-214240,,(new),"WOULD MINT"
115901,SLTR-212509,,(new),"WOULD MINT"
115916,SLTR-197912,,(new),"WOULD MINT"
115923,SLTR-221331,,(new),"WOULD MINT"
115931,SLTR-208741,,(new),"WOULD MINT"
115943,SLTR-221021,,(new),"WOULD MINT"
115946,SLTR-221213,,(new),"WOULD MINT"
115998,SLTR-15846,,(new),"WOULD MINT"
116004,SLTR-130023,,(new),"WOULD MINT"
116014,SLTR-195988,,(new),"WOULD MINT"
116016,SLTR-219046,,(new),"WOULD MINT"
116018,SLTR-219830,,(new),"WOULD MINT"
116024,SLTR-46271,,(new),"WOULD MINT"
116025,SLTR-120088,,(new),"WOULD MINT"
116035,SLTR-221333,,(new),"WOULD MINT"
116044,SLTR-79825,,(new),"WOULD MINT"
116051,SLTR-218917,,(new),"WOULD MINT"
116059,SLTR-36667,,(new),"WOULD MINT"
116063,SLTR-37341,,(new),"WOULD MINT"
116065,SLTR-198037,,(new),"WOULD MINT"
116073,SLTR-207034,,(new),"WOULD MINT"
116077,SLTR-214097,,(new),"WOULD MINT"
116080,SLTR-216343,,(new),"WOULD MINT"
116082,SLTR-214109,,(new),"WOULD MINT"
116087,SLTR-222218,,(new),"WOULD MINT"
116091,SLTR-48952,,(new),"WOULD MINT"
116140,SLTR-204714,,(new),"WOULD MINT"
116153,SLTR-219158,,(new),"WOULD MINT"
116161,SLTR-220044,,(new),"WOULD MINT"
116185,SLTR-212582,,(new),"WOULD MINT"
116189,SLTR-218855,,(new),"WOULD MINT"
116201,SLTR-218603,,(new),"WOULD MINT"
116208,SLTR-204412,,(new),"WOULD MINT"
116225,SLTR-218793,,(new),"WOULD MINT"
116234,SLTR-109513,,(new),"WOULD MINT"
116243,SLTR-217713,,(new),"WOULD MINT"
116248,SLTR-221459,,(new),"WOULD MINT"
116286,SLTR-221068,,(new),"WOULD MINT"
116298,SLTR-221012,,(new),"WOULD MINT"
116303,SLTR-218712,,(new),"WOULD MINT"
116316,SLTR-205959,,(new),"WOULD MINT"
116327,SLTR-33494,,(new),"WOULD MINT"
116333,SLTR-219233,,(new),"WOULD MINT"
116344,SLTR-219176,,(new),"WOULD MINT"
116349,SLTR-66175,,(new),"WOULD MINT"
116363,SLTR-203545,,(new),"WOULD MINT"
116372,SLTR-213938,,(new),"WOULD MINT"
116389,SLTR-127841,,(new),"WOULD MINT"
116395,SLTR-220760,,(new),"WOULD MINT"
116415,SLTR-209856,,(new),"WOULD MINT"
116419,SLTR-213528,,(new),"WOULD MINT"
116452,SLTR-208104,,(new),"WOULD MINT"
116621,SLTR-215686,,(new),"WOULD MINT"
116669,SLTR-220027,,(new),"WOULD MINT"
116679,SLTR-221248,,(new),"WOULD MINT"
116685,SLTR-15557,,(new),"WOULD MINT"
116697,SLTR-217759,,(new),"WOULD MINT"
116718,SLTR-215612,,(new),"WOULD MINT"
116733,SLTR-66164,,(new),"WOULD MINT"
116757,SLTR-219202,,(new),"WOULD MINT"
116771,SLTR-217488,,(new),"WOULD MINT"
116783,SLTR-214760,,(new),"WOULD MINT"
116785,SLTR-220515,,(new),"WOULD MINT"
116801,SLTR-210386,,(new),"WOULD MINT"
116808,SLTR-220826,,(new),"WOULD MINT"
116811,SLTR-215611,,(new),"WOULD MINT"
116817,SLTR-220980,,(new),"WOULD MINT"
116825,SLTR-218516,,(new),"WOULD MINT"
116830,SLTR-219142,,(new),"WOULD MINT"
116842,SLTR-218925,,(new),"WOULD MINT"
116854,SLTR-219027,,(new),"WOULD MINT"
116909,SLTR-221783,,(new),"WOULD MINT"
116910,SLTR-131070,,(new),"WOULD MINT"
116918,SLTR-221233,,(new),"WOULD MINT"
116919,SLTR-207556,,(new),"WOULD MINT"
116923,SLTR-213917,,(new),"WOULD MINT"
116924,SLTR-213327,,(new),"WOULD MINT"
116927,SLTR-220514,,(new),"WOULD MINT"
116929,SLTR-203528,,(new),"WOULD MINT"
116930,SLTR-220756,,(new),"WOULD MINT"
116933,SLTR-221449,,(new),"WOULD MINT"
116936,SLTR-219576,,(new),"WOULD MINT"
116944,SLTR-218594,,(new),"WOULD MINT"
116959,SLTR-220246,,(new),"WOULD MINT"
116963,SLTR-221061,,(new),"WOULD MINT"
116968,SLTR-220694,,(new),"WOULD MINT"
116975,SLTR-205034,,(new),"WOULD MINT"
116981,SLTR-218159,,(new),"WOULD MINT"
116986,SLTR-206502,,(new),"WOULD MINT"
116989,SLTR-218924,,(new),"WOULD MINT"
116993,SLTR-215060,,(new),"WOULD MINT"
116994,SLTR-217953,,(new),"WOULD MINT"
116995,SLTR-220164,,(new),"WOULD MINT"
117034,SLTR-219393,,(new),"WOULD MINT"
117041,SLTR-202047,,(new),"WOULD MINT"
117042,SLTR-218878,,(new),"WOULD MINT"
117049,SLTR-212075,,(new),"WOULD MINT"
117051,SLTR-218328,,(new),"WOULD MINT"
117072,SLTR-221224,,(new),"WOULD MINT"
117078,SLTR-218753,,(new),"WOULD MINT"
117086,SLTR-218392,,(new),"WOULD MINT"
117092,SLTR-60237,,(new),"WOULD MINT"
117097,SLTR-206062,,(new),"WOULD MINT"
117102,SLTR-216934,,(new),"WOULD MINT"
117108,SLTR-221249,,(new),"WOULD MINT"
117110,SLTR-213651,,(new),"WOULD MINT"
117119,SLTR-220073,,(new),"WOULD MINT"
117125,SLTR-33501,,(new),"WOULD MINT"
117128,SLTR-220528,,(new),"WOULD MINT"
117134,SLTR-218216,,(new),"WOULD MINT"
117138,SLTR-220163,,(new),"WOULD MINT"
117144,SLTR-200200,,(new),"WOULD MINT"
117148,SLTR-117149,,(new),"WOULD MINT"
117150,SLTR-213114,,(new),"WOULD MINT"
117152,SLTR-79824,,(new),"WOULD MINT"
117154,SLTR-214198,,(new),"WOULD MINT"
117158,SLTR-218217,,(new),"WOULD MINT"
117160,SLTR-220258,,(new),"WOULD MINT"
117164,SLTR-220939,,(new),"WOULD MINT"
117169,SLTR-218687,,(new),"WOULD MINT"
117173,SLTR-220524,,(new),"WOULD MINT"
117174,SLTR-199752,,(new),"WOULD MINT"
117177,SLTR-204978,,(new),"WOULD MINT"
117185,SLTR-199759,,(new),"WOULD MINT"
117191,SLTR-220132,,(new),"WOULD MINT"
117193,SLTR-208335,,(new),"WOULD MINT"
117195,SLTR-220954,,(new),"WOULD MINT"
117200,SLTR-215874,,(new),"WOULD MINT"
117203,SLTR-221553,,(new),"WOULD MINT"
117209,SLTR-215577,,(new),"WOULD MINT"
117229,SLTR-30163,,(new),"WOULD MINT"
117267,SLTR-218711,,(new),"WOULD MINT"
117275,SLTR-219591,,(new),"WOULD MINT"
117284,SLTR-195564,,(new),"WOULD MINT"
117290,SLTR-221269,,(new),"WOULD MINT"
117296,SLTR-214425,,(new),"WOULD MINT"
117303,SLTR-215401,,(new),"WOULD MINT"
117331,SLTR-206494,,(new),"WOULD MINT"
117332,SLTR-218693,,(new),"WOULD MINT"
117335,SLTR-197877,,(new),"WOULD MINT"
117336,SLTR-189392,,(new),"WOULD MINT"
117339,SLTR-215039,,(new),"WOULD MINT"
117343,SLTR-206103,,(new),"WOULD MINT"
117346,SLTR-221039,,(new),"WOULD MINT"
117351,SLTR-221215,,(new),"WOULD MINT"
117359,SLTR-219749,,(new),"WOULD MINT"
117365,SLTR-131855,,(new),"WOULD MINT"
117369,SLTR-219178,,(new),"WOULD MINT"
117376,SLTR-207281,,(new),"WOULD MINT"
117377,SLTR-220546,,(new),"WOULD MINT"
117382,SLTR-215578,,(new),"WOULD MINT"
117387,SLTR-217873,,(new),"WOULD MINT"
117389,SLTR-120080,,(new),"WOULD MINT"
117394,SLTR-216342,,(new),"WOULD MINT"
117400,SLTR-217710,,(new),"WOULD MINT"
117404,SLTR-221216,,(new),"WOULD MINT"
117408,SLTR-217967,,(new),"WOULD MINT"
117411,SLTR-47141,,(new),"WOULD MINT"
117416,SLTR-220850,,(new),"WOULD MINT"
117420,SLTR-219531,,(new),"WOULD MINT"
117423,SLTR-219028,,(new),"WOULD MINT"
117438,SLTR-220944,,(new),"WOULD MINT"
117471,SLTR-219481,,(new),"WOULD MINT"
117474,SLTR-204295,,(new),"WOULD MINT"
117477,SLTR-211609,,(new),"WOULD MINT"
117483,SLTR-214284,,(new),"WOULD MINT"
117484,SLTR-66452,,(new),"WOULD MINT"
117488,SLTR-214566,,(new),"WOULD MINT"
117489,SLTR-220482,,(new),"WOULD MINT"
117491,SLTR-216909,,(new),"WOULD MINT"
117493,SLTR-220747,,(new),"WOULD MINT"
117495,SLTR-220813,,(new),"WOULD MINT"
117497,SLTR-221218,,(new),"WOULD MINT"
117500,SLTR-207249,,(new),"WOULD MINT"
117501,SLTR-203215,,(new),"WOULD MINT"
117505,SLTR-10751,,(new),"WOULD MINT"
117508,SLTR-213090,,(new),"WOULD MINT"
117510,SLTR-219145,,(new),"WOULD MINT"
117514,SLTR-198086,,(new),"WOULD MINT"
117516,SLTR-220476,,(new),"WOULD MINT"
117535,SLTR-62483,,(new),"WOULD MINT"
117538,SLTR-15052,,(new),"WOULD MINT"
117547,SLTR-214098,,(new),"WOULD MINT"
117550,SLTR-201783,,(new),"WOULD MINT"
117558,SLTR-34798,,(new),"WOULD MINT"
117559,SLTR-220947,,(new),"WOULD MINT"
117620,SLTR-66450,,(new),"WOULD MINT"
117621,SLTR-218509,,(new),"WOULD MINT"
117624,SLTR-221825,,(new),"WOULD MINT"
117627,SLTR-215626,,(new),"WOULD MINT"
117630,SLTR-213505,,(new),"WOULD MINT"
117633,SLTR-220516,,(new),"WOULD MINT"
117635,SLTR-220205,,(new),"WOULD MINT"
117641,SLTR-64310,,(new),"WOULD MINT"
117644,SLTR-201040,,(new),"WOULD MINT"
117647,SLTR-216854,,(new),"WOULD MINT"
117654,SLTR-219612,,(new),"WOULD MINT"
117658,SLTR-212549,,(new),"WOULD MINT"
117678,SLTR-218714,,(new),"WOULD MINT"
117679,SLTR-77574,,(new),"WOULD MINT"
117680,SLTR-220936,,(new),"WOULD MINT"
117681,SLTR-220942,,(new),"WOULD MINT"
117682,SLTR-220519,,(new),"WOULD MINT"
117683,SLTR-216904,,(new),"WOULD MINT"
117685,SLTR-221214,,(new),"WOULD MINT"
117686,SLTR-199763,,(new),"WOULD MINT"
117687,SLTR-218296,,(new),"WOULD MINT"
117695,SLTR-215627,,(new),"WOULD MINT"
117696,SLTR-27451,,(new),"WOULD MINT"
117699,SLTR-213890,,(new),"WOULD MINT"
117700,SLTR-219472,,(new),"WOULD MINT"
117706,SLTR-198085,,(new),"WOULD MINT"
117750,SLTR-219159,,(new),"WOULD MINT"
117757,SLTR-221024,,(new),"WOULD MINT"
117759,SLTR-219420,,(new),"WOULD MINT"
117764,SLTR-221026,,(new),"WOULD MINT"
117769,SLTR-206058,,(new),"WOULD MINT"
117772,SLTR-216945,,(new),"WOULD MINT"
117775,SLTR-27672,,(new),"WOULD MINT"
117776,SLTR-219947,,(new),"WOULD MINT"
117777,SLTR-216903,,(new),"WOULD MINT"
117778,SLTR-216835,,(new),"WOULD MINT"
117780,SLTR-221017,,(new),"WOULD MINT"
117784,SLTR-221019,,(new),"WOULD MINT"
117787,SLTR-45167,,(new),"WOULD MINT"
117791,SLTR-218390,,(new),"WOULD MINT"
117793,SLTR-221018,,(new),"WOULD MINT"
117799,SLTR-218391,,(new),"WOULD MINT"
117806,SLTR-216615,,(new),"WOULD MINT"
117833,SLTR-194780,,(new),"WOULD MINT"
117834,SLTR-199052,,(new),"WOULD MINT"
117836,SLTR-206071,,(new),"WOULD MINT"
117840,SLTR-120065,,(new),"WOULD MINT"
117841,SLTR-46273,,(new),"WOULD MINT"
117845,SLTR-212969,,(new),"WOULD MINT"
117846,SLTR-220318,,(new),"WOULD MINT"
117849,SLTR-208780,,(new),"WOULD MINT"
117853,SLTR-218715,,(new),"WOULD MINT"
117862,SLTR-220319,,(new),"WOULD MINT"
117867,SLTR-216368,,(new),"WOULD MINT"
117868,SLTR-220350,,(new),"WOULD MINT"
117870,SLTR-220517,,(new),"WOULD MINT"
117874,SLTR-210769,,(new),"WOULD MINT"
117879,SLTR-221022,,(new),"WOULD MINT"
117883,SLTR-219896,,(new),"WOULD MINT"
117885,SLTR-50574,,(new),"WOULD MINT"
117924,SLTR-190514,,(new),"WOULD MINT"
117925,SLTR-220532,,(new),"WOULD MINT"
117929,SLTR-220946,,(new),"WOULD MINT"
117932,SLTR-220681,,(new),"WOULD MINT"
117935,SLTR-215857,,(new),"WOULD MINT"
117936,SLTR-218716,,(new),"WOULD MINT"
117942,SLTR-218717,,(new),"WOULD MINT"
117945,SLTR-220520,,(new),"WOULD MINT"
117948,SLTR-193692,,(new),"WOULD MINT"
117954,SLTR-196032,,(new),"WOULD MINT"
117956,SLTR-214784,,(new),"WOULD MINT"
117957,SLTR-218215,,(new),"WOULD MINT"
117960,SLTR-212631,,(new),"WOULD MINT"
117962,SLTR-206504,,(new),"WOULD MINT"
117968,SLTR-221217,,(new),"WOULD MINT"
117973,SLTR-221011,,(new),"WOULD MINT"
117976,SLTR-220941,,(new),"WOULD MINT"
117987,SLTR-220940,,(new),"WOULD MINT"
118013,SLTR-57163,,(new),"WOULD MINT"
118049,SLTR-209044,,(new),"WOULD MINT"
118050,SLTR-221451,,(new),"WOULD MINT"
118051,SLTR-219894,,(new),"WOULD MINT"
118052,SLTR-77476,,(new),"WOULD MINT"
118053,SLTR-47138,,(new),"WOULD MINT"
118054,SLTR-217890,,(new),"WOULD MINT"
118056,SLTR-46272,,(new),"WOULD MINT"
118057,SLTR-221866,,(new),"WOULD MINT"
118059,SLTR-216249,,(new),"WOULD MINT"
118060,SLTR-220948,,(new),"WOULD MINT"
118062,SLTR-203214,,(new),"WOULD MINT"
118063,SLTR-216344,,(new),"WOULD MINT"
118064,SLTR-18813,,(new),"WOULD MINT"
118065,SLTR-18128,,(new),"WOULD MINT"
118066,SLTR-214908,,(new),"WOULD MINT"
118067,SLTR-221027,,(new),"WOULD MINT"
118068,SLTR-220784,,(new),"WOULD MINT"
118069,SLTR-220405,,(new),"WOULD MINT"
118070,SLTR-215993,,(new),"WOULD MINT"
118071,SLTR-218713,,(new),"WOULD MINT"
118072,SLTR-215699,,(new),"WOULD MINT"
118074,SLTR-218489,,(new),"WOULD MINT"
118075,SLTR-218140,,(new),"WOULD MINT"
118076,SLTR-196873,,(new),"WOULD MINT"
118077,SLTR-220525,,(new),"WOULD MINT"
118078,SLTR-120077,,(new),"WOULD MINT"
118084,SLTR-217523,,(new),"WOULD MINT"
118087,SLTR-110432,,(new),"WOULD MINT"
118090,SLTR-57159,,(new),"WOULD MINT"
118091,SLTR-220421,,(new),"WOULD MINT"
118095,SLTR-131870,,(new),"WOULD MINT"
118098,SLTR-120064,,(new),"WOULD MINT"
118099,SLTR-120057,,(new),"WOULD MINT"
118102,SLTR-206070,,(new),"WOULD MINT"
118106,SLTR-217041,,(new),"WOULD MINT"
118108,SLTR-200084,,(new),"WOULD MINT"
118114,SLTR-220938,,(new),"WOULD MINT"
118124,SLTR-220518,,(new),"WOULD MINT"
118131,SLTR-211376,,(new),"WOULD MINT"
118136,SLTR-220523,,(new),"WOULD MINT"
118138,SLTR-197620,,(new),"WOULD MINT"
118141,SLTR-25831,,(new),"WOULD MINT"
118146,SLTR-115726,,(new),"WOULD MINT"
118149,SLTR-195268,,(new),"WOULD MINT"
118153,SLTR-130999,,(new),"WOULD MINT"
118157,SLTR-193761,,(new),"WOULD MINT"
118162,SLTR-205678,,(new),"WOULD MINT"
118165,SLTR-213837,,(new),"WOULD MINT"
118169,SLTR-216314,,(new),"WOULD MINT"
118171,SLTR-110821,,(new),"WOULD MINT"
118173,SLTR-112123,,(new),"WOULD MINT"
118174,SLTR-191133,,(new),"WOULD MINT"
118177,SLTR-131854,,(new),"WOULD MINT"
118179,SLTR-206506,,(new),"WOULD MINT"
118180,SLTR-129103,,(new),"WOULD MINT"
118201,SLTR-214774,,(new),"WOULD MINT"
118260,SLTR-218799,,(new),"WOULD MINT"
118267,SLTR-220667,,(new),"WOULD MINT"
118276,SLTR-213859,,(new),"WOULD MINT"
118279,SLTR-208106,,(new),"WOULD MINT"
118291,SLTR-217448,,(new),"WOULD MINT"
118297,SLTR-194632,,(new),"WOULD MINT"
118302,SLTR-128989,,(new),"WOULD MINT"
118307,SLTR-220759,,(new),"WOULD MINT"
118316,SLTR-202991,,(new),"WOULD MINT"
118318,SLTR-219828,,(new),"WOULD MINT"
118326,SLTR-218395,,(new),"WOULD MINT"
118330,SLTR-125458,,(new),"WOULD MINT"
118388,SLTR-65564,,(new),"WOULD MINT"
118428,SLTR-213472,,(new),"WOULD MINT"
118439,SLTR-220353,,(new),"WOULD MINT"
118445,SLTR-221761,,(new),"WOULD MINT"
118446,SLTR-197889,,(new),"WOULD MINT"
118455,SLTR-202996,,(new),"WOULD MINT"
118459,SLTR-216765,,(new),"WOULD MINT"
118470,SLTR-207515,,(new),"WOULD MINT"
118479,SLTR-208059,,(new),"WOULD MINT"
118482,SLTR-214414,,(new),"WOULD MINT"
118487,SLTR-218351,,(new),"WOULD MINT"
118491,SLTR-36105,,(new),"WOULD MINT"
118500,SLTR-218352,,(new),"WOULD MINT"
118502,SLTR-86281,,(new),"WOULD MINT"
118512,SLTR-216855,,(new),"WOULD MINT"
118521,SLTR-218289,,(new),"WOULD MINT"
118528,SLTR-205667,,(new),"WOULD MINT"
118533,SLTR-218344,,(new),"WOULD MINT"
118544,SLTR-202998,,(new),"WOULD MINT"
118553,SLTR-199764,,(new),"WOULD MINT"
118653,SLTR-195629,,(new),"WOULD MINT"
118654,SLTR-64629,,(new),"WOULD MINT"
118656,SLTR-195626,,(new),"WOULD MINT"
118664,SLTR-70624,,(new),"WOULD MINT"
118666,SLTR-74295,,(new),"WOULD MINT"
118667,SLTR-75425,,(new),"WOULD MINT"
118668,SLTR-74266,,(new),"WOULD MINT"
118669,SLTR-70622,,(new),"WOULD MINT"
118670,SLTR-70623,,(new),"WOULD MINT"
118671,SLTR-70625,,(new),"WOULD MINT"
118672,SLTR-75426,,(new),"WOULD MINT"
118673,SLTR-75414,,(new),"WOULD MINT"
118778,SLTR-191208,,(new),"WOULD MINT"
118876,SLTR-219837,,(new),"WOULD MINT"
118877,SLTR-219528,,(new),"WOULD MINT"
118882,SLTR-50003,,(new),"WOULD MINT"
118883,SLTR-218613,,(new),"WOULD MINT"
118885,SLTR-219937,,(new),"WOULD MINT"
118886,SLTR-219475,,(new),"WOULD MINT"
118888,SLTR-219936,,(new),"WOULD MINT"
118890,SLTR-120085,,(new),"WOULD MINT"
118892,SLTR-219037,,(new),"WOULD MINT"
118896,SLTR-220082,,(new),"WOULD MINT"
118899,SLTR-220549,,(new),"WOULD MINT"
118902,SLTR-220552,,(new),"WOULD MINT"
118904,SLTR-219727,,(new),"WOULD MINT"
118906,SLTR-220271,,(new),"WOULD MINT"
118908,SLTR-219840,,(new),"WOULD MINT"
118910,SLTR-220376,,(new),"WOULD MINT"
118912,SLTR-120090,,(new),"WOULD MINT"
118951,SLTR-219615,,(new),"WOULD MINT"
118991,SLTR-216901,,(new),"WOULD MINT"
118994,SLTR-217887,,(new),"WOULD MINT"
118998,SLTR-219474,,(new),"WOULD MINT"
119002,SLTR-268879,,(new),"WOULD MINT"
119007,SLTR-220550,,(new),"WOULD MINT"
119012,SLTR-218139,,(new),"WOULD MINT"
119016,SLTR-219227,,(new),"WOULD MINT"
119026,SLTR-219156,,(new),"WOULD MINT"
119031,SLTR-218288,,(new),"WOULD MINT"
119038,SLTR-220336,,(new),"WOULD MINT"
119043,SLTR-218633,,(new),"WOULD MINT"
119158,SLTR-215170,,(new),"WOULD MINT"
119159,SLTR-219715,,(new),"WOULD MINT"
119343,SLTR-204705,,(new),"WOULD MINT"
119358,SLTR-17540,,(new),"WOULD MINT"
119363,SLTR-195618,,(new),"WOULD MINT"
119370,SLTR-77175,,(new),"WOULD MINT"
119375,SLTR-203567,,(new),"WOULD MINT"
119381,SLTR-204704,,(new),"WOULD MINT"
119386,SLTR-212171,,(new),"WOULD MINT"
119393,SLTR-212170,,(new),"WOULD MINT"
119396,SLTR-215175,,(new),"WOULD MINT"
119401,SLTR-53034,,(new),"WOULD MINT"
119405,SLTR-53040,,(new),"WOULD MINT"
119451,SLTR-209675,,(new),"WOULD MINT"
119487,SLTR-222155,,(new),"WOULD MINT"
119492,SLTR-222156,,(new),"WOULD MINT"
119496,SLTR-221988,,(new),"WOULD MINT"
119501,SLTR-221007,,(new),"WOULD MINT"
119507,SLTR-222182,,(new),"WOULD MINT"
119513,SLTR-202944,,(new),"WOULD MINT"
119517,SLTR-200155,,(new),"WOULD MINT"
119520,SLTR-211801,,(new),"WOULD MINT"
119525,SLTR-220663,,(new),"WOULD MINT"
119530,SLTR-70841,,(new),"WOULD MINT"
119552,SLTR-217627,,(new),"WOULD MINT"
119554,SLTR-89880,,(new),"WOULD MINT"
119560,SLTR-221520,,(new),"WOULD MINT"
119573,SLTR-209568,,(new),"WOULD MINT"
119610,SLTR-88506,,(new),"WOULD MINT"
119615,SLTR-130048,,(new),"WOULD MINT"
119622,SLTR-29852,,(new),"WOULD MINT"
119629,SLTR-207909,,(new),"WOULD MINT"
119633,SLTR-206474,,(new),"WOULD MINT"
119663,SLTR-208448,,(new),"WOULD MINT"
119678,SLTR-62894,,(new),"WOULD MINT"
119682,SLTR-82810,,(new),"WOULD MINT"
119694,SLTR-215302,,(new),"WOULD MINT"
119699,SLTR-208443,,(new),"WOULD MINT"
119703,SLTR-217789,,(new),"WOULD MINT"
119869,SLTR-206596,,(new),"WOULD MINT"
119872,SLTR-213060,,(new),"WOULD MINT"
120022,SLTR-205166,,(new),"WOULD MINT"
120040,SLTR-205850,,(new),"WOULD MINT"
120055,SLTR-205215,,(new),"WOULD MINT"
120084,SLTR-205706,,(new),"WOULD MINT"
120103,SLTR-205188,,(new),"WOULD MINT"
120116,SLTR-205954,,(new),"WOULD MINT"
120126,SLTR-205141,,(new),"WOULD MINT"
120134,SLTR-206597,,(new),"WOULD MINT"
120143,SLTR-205210,,(new),"WOULD MINT"
120167,SLTR-205735,,(new),"WOULD MINT"
120173,SLTR-205700,,(new),"WOULD MINT"
120178,SLTR-205985,,(new),"WOULD MINT"
120192,SLTR-205170,,(new),"WOULD MINT"
120218,SLTR-205689,,(new),"WOULD MINT"
120259,SLTR-205212,,(new),"WOULD MINT"
120265,SLTR-205680,,(new),"WOULD MINT"
120266,SLTR-205187,,(new),"WOULD MINT"
120271,SLTR-205207,,(new),"WOULD MINT"
120278,SLTR-205225,,(new),"WOULD MINT"
120280,SLTR-205214,,(new),"WOULD MINT"
120284,SLTR-205191,,(new),"WOULD MINT"
120285,SLTR-205223,,(new),"WOULD MINT"
120289,SLTR-205186,,(new),"WOULD MINT"
120293,SLTR-205195,,(new),"WOULD MINT"
120299,SLTR-205197,,(new),"WOULD MINT"
120304,SLTR-205172,,(new),"WOULD MINT"
120313,SLTR-205147,,(new),"WOULD MINT"
120319,SLTR-205854,,(new),"WOULD MINT"
120321,SLTR-205969,,(new),"WOULD MINT"
120327,SLTR-205978,,(new),"WOULD MINT"
120331,SLTR-205208,,(new),"WOULD MINT"
120339,SLTR-205200,,(new),"WOULD MINT"
120343,SLTR-205167,,(new),"WOULD MINT"
120349,SLTR-205720,,(new),"WOULD MINT"
120352,SLTR-205701,,(new),"WOULD MINT"
120357,SLTR-205979,,(new),"WOULD MINT"
120360,SLTR-205737,,(new),"WOULD MINT"
120370,SLTR-205144,,(new),"WOULD MINT"
120373,SLTR-205160,,(new),"WOULD MINT"
120381,SLTR-205185,,(new),"WOULD MINT"
120386,SLTR-205021,,(new),"WOULD MINT"
120389,SLTR-205962,,(new),"WOULD MINT"
120392,SLTR-205196,,(new),"WOULD MINT"
120400,SLTR-205146,,(new),"WOULD MINT"
120403,SLTR-205324,,(new),"WOULD MINT"
120409,SLTR-205988,,(new),"WOULD MINT"
120410,SLTR-205143,,(new),"WOULD MINT"
120418,SLTR-205911,,(new),"WOULD MINT"
120422,SLTR-205149,,(new),"WOULD MINT"
120443,SLTR-205977,,(new),"WOULD MINT"
120446,SLTR-205211,,(new),"WOULD MINT"
120451,SLTR-205909,,(new),"WOULD MINT"
120456,SLTR-205982,,(new),"WOULD MINT"
120461,SLTR-205733,,(new),"WOULD MINT"
120465,SLTR-205192,,(new),"WOULD MINT"
120474,SLTR-205724,,(new),"WOULD MINT"
120478,SLTR-205964,,(new),"WOULD MINT"
120486,SLTR-205849,,(new),"WOULD MINT"
120493,SLTR-205858,,(new),"WOULD MINT"
120497,SLTR-205717,,(new),"WOULD MINT"
120498,SLTR-205715,,(new),"WOULD MINT"
120502,SLTR-205711,,(new),"WOULD MINT"
120631,SLTR-202056,,(new),"WOULD MINT"
120641,SLTR-205856,,(new),"WOULD MINT"
120647,SLTR-205584,,(new),"WOULD MINT"
120652,SLTR-205864,,(new),"WOULD MINT"
120656,SLTR-205173,,(new),"WOULD MINT"
120663,SLTR-205971,,(new),"WOULD MINT"
120666,SLTR-205965,,(new),"WOULD MINT"
120722,SLTR-205202,,(new),"WOULD MINT"
120723,SLTR-205953,,(new),"WOULD MINT"
120726,SLTR-205890,,(new),"WOULD MINT"
120729,SLTR-205836,,(new),"WOULD MINT"
120734,SLTR-221612,,(new),"WOULD MINT"
120737,SLTR-219684,,(new),"WOULD MINT"
120741,SLTR-219683,,(new),"WOULD MINT"
120743,SLTR-205785,,(new),"WOULD MINT"
120745,SLTR-205206,,(new),"WOULD MINT"
120748,SLTR-205157,,(new),"WOULD MINT"
120749,SLTR-205151,,(new),"WOULD MINT"
120750,SLTR-205004,,(new),"WOULD MINT"
120801,SLTR-213882,,(new),"WOULD MINT"
120821,SLTR-205970,,(new),"WOULD MINT"
120828,SLTR-205719,,(new),"WOULD MINT"
120832,SLTR-205163,,(new),"WOULD MINT"
120837,SLTR-205179,,(new),"WOULD MINT"
120838,SLTR-205586,,(new),"WOULD MINT"
120842,SLTR-205725,,(new),"WOULD MINT"
120847,SLTR-205159,,(new),"WOULD MINT"
120850,SLTR-205686,,(new),"WOULD MINT"
120854,SLTR-205980,,(new),"WOULD MINT"
120857,SLTR-205910,,(new),"WOULD MINT"
120859,SLTR-205976,,(new),"WOULD MINT"
120863,SLTR-205726,,(new),"WOULD MINT"
120869,SLTR-205184,,(new),"WOULD MINT"
120874,SLTR-205009,,(new),"WOULD MINT"
120878,SLTR-205247,,(new),"WOULD MINT"
120884,SLTR-205955,,(new),"WOULD MINT"
120892,SLTR-205309,,(new),"WOULD MINT"
120898,SLTR-205199,,(new),"WOULD MINT"
120901,SLTR-205169,,(new),"WOULD MINT"
120904,SLTR-205692,,(new),"WOULD MINT"
120907,SLTR-205852,,(new),"WOULD MINT"
120910,SLTR-205189,,(new),"WOULD MINT"
120912,SLTR-205713,,(new),"WOULD MINT"
120922,SLTR-205220,,(new),"WOULD MINT"
120933,SLTR-205712,,(new),"WOULD MINT"
120943,SLTR-205862,,(new),"WOULD MINT"
120948,SLTR-205716,,(new),"WOULD MINT"
120960,SLTR-212685,,(new),"WOULD MINT"
120964,SLTR-212390,,(new),"WOULD MINT"
120971,SLTR-212398,,(new),"WOULD MINT"
120974,SLTR-222244,,(new),"WOULD MINT"
120979,SLTR-190530,,(new),"WOULD MINT"
120980,SLTR-196446,,(new),"WOULD MINT"
120981,SLTR-64703,,(new),"WOULD MINT"
120985,SLTR-49724,,(new),"WOULD MINT"
120986,SLTR-222419,,(new),"WOULD MINT"
120988,SLTR-132716,,(new),"WOULD MINT"
120993,SLTR-132499,,(new),"WOULD MINT"
121031,SLTR-212684,,(new),"WOULD MINT"
121036,SLTR-195346,,(new),"WOULD MINT"
121042,SLTR-203556,,(new),"WOULD MINT"
121045,SLTR-195336,,(new),"WOULD MINT"
121057,SLTR-195339,,(new),"WOULD MINT"
121060,SLTR-203546,,(new),"WOULD MINT"
121061,SLTR-195344,,(new),"WOULD MINT"
121066,SLTR-195342,,(new),"WOULD MINT"
121077,SLTR-195334,,(new),"WOULD MINT"
121088,SLTR-195345,,(new),"WOULD MINT"
121091,SLTR-195341,,(new),"WOULD MINT"
121095,SLTR-195340,,(new),"WOULD MINT"
121096,SLTR-203654,,(new),"WOULD MINT"
121181,SLTR-195335,,(new),"WOULD MINT"
121187,SLTR-195347,,(new),"WOULD MINT"
121191,SLTR-195343,,(new),"WOULD MINT"
121196,SLTR-222417,,(new),"WOULD MINT"
121198,SLTR-222241,,(new),"WOULD MINT"
121201,SLTR-203270,,(new),"WOULD MINT"
121203,SLTR-71264,,(new),"WOULD MINT"
121205,SLTR-203580,,(new),"WOULD MINT"
121209,SLTR-208324,,(new),"WOULD MINT"
121223,SLTR-203472,,(new),"WOULD MINT"
121225,SLTR-203636,,(new),"WOULD MINT"
121226,SLTR-197671,,(new),"WOULD MINT"
121228,SLTR-216420,,(new),"WOULD MINT"
121233,SLTR-191259,,(new),"WOULD MINT"
121292,SLTR-203033,,(new),"WOULD MINT"
121300,SLTR-203050,,(new),"WOULD MINT"
121303,SLTR-203634,,(new),"WOULD MINT"
121307,SLTR-203426,,(new),"WOULD MINT"
121312,SLTR-203271,,(new),"WOULD MINT"
121315,SLTR-203658,,(new),"WOULD MINT"
121316,SLTR-203400,,(new),"WOULD MINT"
121319,SLTR-203582,,(new),"WOULD MINT"
121322,SLTR-203120,,(new),"WOULD MINT"
121325,SLTR-203416,,(new),"WOULD MINT"
121326,SLTR-203534,,(new),"WOULD MINT"
121356,SLTR-203649,,(new),"WOULD MINT"
121363,SLTR-203648,,(new),"WOULD MINT"
121369,SLTR-203547,,(new),"WOULD MINT"
121373,SLTR-203413,,(new),"WOULD MINT"
121378,SLTR-203406,,(new),"WOULD MINT"
121381,SLTR-203544,,(new),"WOULD MINT"
121384,SLTR-203047,,(new),"WOULD MINT"
121385,SLTR-203666,,(new),"WOULD MINT"
121388,SLTR-203422,,(new),"WOULD MINT"
121391,SLTR-203635,,(new),"WOULD MINT"
121430,SLTR-3450,,(new),"WOULD MINT"
121462,SLTR-203124,,(new),"WOULD MINT"
121485,SLTR-203123,,(new),"WOULD MINT"
121487,SLTR-203125,,(new),"WOULD MINT"
121488,SLTR-203665,,(new),"WOULD MINT"
121489,SLTR-203419,,(new),"WOULD MINT"
121491,SLTR-203643,,(new),"WOULD MINT"
121492,SLTR-203126,,(new),"WOULD MINT"
121493,SLTR-203583,,(new),"WOULD MINT"
121494,SLTR-203571,,(new),"WOULD MINT"
121495,SLTR-203660,,(new),"WOULD MINT"
121496,SLTR-203570,,(new),"WOULD MINT"
121497,SLTR-203550,,(new),"WOULD MINT"
121498,SLTR-203573,,(new),"WOULD MINT"
121499,SLTR-203122,,(new),"WOULD MINT"
121501,SLTR-203052,,(new),"WOULD MINT"
121506,SLTR-203565,,(new),"WOULD MINT"
121509,SLTR-203633,,(new),"WOULD MINT"
121514,SLTR-203118,,(new),"WOULD MINT"
121516,SLTR-203543,,(new),"WOULD MINT"
121521,SLTR-203133,,(new),"WOULD MINT"
121527,SLTR-203471,,(new),"WOULD MINT"
121528,SLTR-203536,,(new),"WOULD MINT"
121532,SLTR-203395,,(new),"WOULD MINT"
121533,SLTR-14909,,(new),"WOULD MINT"
121538,SLTR-203396,,(new),"WOULD MINT"
121541,SLTR-203630,,(new),"WOULD MINT"
121544,SLTR-203663,,(new),"WOULD MINT"
121549,SLTR-203535,,(new),"WOULD MINT"
121552,SLTR-203425,,(new),"WOULD MINT"
121554,SLTR-203652,,(new),"WOULD MINT"
121558,SLTR-203421,,(new),"WOULD MINT"
121560,SLTR-203653,,(new),"WOULD MINT"
121564,SLTR-203632,,(new),"WOULD MINT"
121565,SLTR-203568,,(new),"WOULD MINT"
121567,SLTR-203631,,(new),"WOULD MINT"
121568,SLTR-203656,,(new),"WOULD MINT"
121574,SLTR-203275,,(new),"WOULD MINT"
121579,SLTR-203345,,(new),"WOULD MINT"
121614,SLTR-203644,,(new),"WOULD MINT"
121616,SLTR-203562,,(new),"WOULD MINT"
121618,SLTR-203664,,(new),"WOULD MINT"
121620,SLTR-203667,,(new),"WOULD MINT"
121781,SLTR-203137,,(new),"WOULD MINT"
121787,SLTR-203541,,(new),"WOULD MINT"
121791,SLTR-203313,,(new),"WOULD MINT"
121800,SLTR-203553,,(new),"WOULD MINT"
121807,SLTR-203659,,(new),"WOULD MINT"
121810,SLTR-203410,,(new),"WOULD MINT"
121811,SLTR-203470,,(new),"WOULD MINT"
121820,SLTR-203412,,(new),"WOULD MINT"
121822,SLTR-203132,,(new),"WOULD MINT"
121861,SLTR-203574,,(new),"WOULD MINT"
121862,SLTR-203405,,(new),"WOULD MINT"
121869,SLTR-203645,,(new),"WOULD MINT"
121873,SLTR-203563,,(new),"WOULD MINT"
121875,SLTR-203056,,(new),"WOULD MINT"
121883,SLTR-203537,,(new),"WOULD MINT"
121885,SLTR-203637,,(new),"WOULD MINT"
121887,SLTR-203311,,(new),"WOULD MINT"
121894,SLTR-203423,,(new),"WOULD MINT"
121902,SLTR-203274,,(new),"WOULD MINT"
121916,SLTR-203414,,(new),"WOULD MINT"
121928,SLTR-203427,,(new),"WOULD MINT"
121940,SLTR-203054,,(new),"WOULD MINT"
121949,SLTR-203655,,(new),"WOULD MINT"
121981,SLTR-187956,,(new),"WOULD MINT"
121987,SLTR-187335,,(new),"WOULD MINT"
121988,SLTR-188777,,(new),"WOULD MINT"
121990,SLTR-187707,,(new),"WOULD MINT"
121994,SLTR-187572,,(new),"WOULD MINT"
121995,SLTR-188874,,(new),"WOULD MINT"
122009,SLTR-187929,,(new),"WOULD MINT"
122016,SLTR-188776,,(new),"WOULD MINT"
122023,SLTR-187336,,(new),"WOULD MINT"
122061,SLTR-187934,,(new),"WOULD MINT"
122068,SLTR-187341,,(new),"WOULD MINT"
122076,SLTR-187930,,(new),"WOULD MINT"
122084,SLTR-187575,,(new),"WOULD MINT"
122090,SLTR-187667,,(new),"WOULD MINT"
122094,SLTR-187571,,(new),"WOULD MINT"
122097,SLTR-187935,,(new),"WOULD MINT"
122100,SLTR-187684,,(new),"WOULD MINT"
122103,SLTR-187743,,(new),"WOULD MINT"
122113,SLTR-187931,,(new),"WOULD MINT"
122116,SLTR-188769,,(new),"WOULD MINT"
122119,SLTR-187666,,(new),"WOULD MINT"
122123,SLTR-188783,,(new),"WOULD MINT"
122125,SLTR-187549,,(new),"WOULD MINT"
122210,SLTR-187574,,(new),"WOULD MINT"
122215,SLTR-187933,,(new),"WOULD MINT"
122219,SLTR-188762,,(new),"WOULD MINT"
122285,SLTR-188760,,(new),"WOULD MINT"
122329,SLTR-188773,,(new),"WOULD MINT"
122338,SLTR-188761,,(new),"WOULD MINT"
122344,SLTR-188799,,(new),"WOULD MINT"
122349,SLTR-188800,,(new),"WOULD MINT"
122360,SLTR-188767,,(new),"WOULD MINT"
122365,SLTR-188779,,(new),"WOULD MINT"
122369,SLTR-188787,,(new),"WOULD MINT"
122380,SLTR-204730,,(new),"WOULD MINT"
122386,SLTR-204731,,(new),"WOULD MINT"
122399,SLTR-204732,,(new),"WOULD MINT"
122407,SLTR-204733,,(new),"WOULD MINT"
122409,SLTR-17355,,(new),"WOULD MINT"
122414,SLTR-188108,,(new),"WOULD MINT"
122472,SLTR-188781,,(new),"WOULD MINT"
122473,SLTR-188691,,(new),"WOULD MINT"
122477,SLTR-188786,,(new),"WOULD MINT"
122482,SLTR-219561,,(new),"WOULD MINT"
122484,SLTR-188789,,(new),"WOULD MINT"
122489,SLTR-188771,,(new),"WOULD MINT"
122495,SLTR-188797,,(new),"WOULD MINT"
122506,SLTR-188793,,(new),"WOULD MINT"
122510,SLTR-188791,,(new),"WOULD MINT"
122516,SLTR-188798,,(new),"WOULD MINT"
122520,SLTR-188875,,(new),"WOULD MINT"
122524,SLTR-188794,,(new),"WOULD MINT"
122530,SLTR-188759,,(new),"WOULD MINT"
122536,SLTR-188770,,(new),"WOULD MINT"
122540,SLTR-188199,,(new),"WOULD MINT"
122546,SLTR-188764,,(new),"WOULD MINT"
122551,SLTR-188788,,(new),"WOULD MINT"
122556,SLTR-188795,,(new),"WOULD MINT"
122565,SLTR-188782,,(new),"WOULD MINT"
122568,SLTR-188388,,(new),"WOULD MINT"
122572,SLTR-188763,,(new),"WOULD MINT"
122589,SLTR-188513,,(new),"WOULD MINT"
122595,SLTR-188775,,(new),"WOULD MINT"
122600,SLTR-188790,,(new),"WOULD MINT"
122607,SLTR-188780,,(new),"WOULD MINT"
122612,SLTR-188221,,(new),"WOULD MINT"
122706,SLTR-211052,,(new),"WOULD MINT"
122884,SLTR-189211,,(new),"WOULD MINT"
122888,SLTR-189218,,(new),"WOULD MINT"
122898,SLTR-189331,,(new),"WOULD MINT"
122900,SLTR-189220,,(new),"WOULD MINT"
122952,SLTR-189455,,(new),"WOULD MINT"
122976,SLTR-189214,,(new),"WOULD MINT"
123051,SLTR-189932,,(new),"WOULD MINT"
123055,SLTR-189227,,(new),"WOULD MINT"
123062,SLTR-189270,,(new),"WOULD MINT"
123070,SLTR-189212,,(new),"WOULD MINT"
123072,SLTR-189158,,(new),"WOULD MINT"
123088,SLTR-192307,,(new),"WOULD MINT"
123102,SLTR-222396,,(new),"WOULD MINT"
123105,SLTR-192302,,(new),"WOULD MINT"
123109,SLTR-213475,,(new),"WOULD MINT"
123112,SLTR-192305,,(new),"WOULD MINT"
123115,SLTR-189148,,(new),"WOULD MINT"
123118,SLTR-192306,,(new),"WOULD MINT"
123124,SLTR-192304,,(new),"WOULD MINT"
123125,SLTR-189236,,(new),"WOULD MINT"
123129,SLTR-192303,,(new),"WOULD MINT"
123132,SLTR-189254,,(new),"WOULD MINT"
123137,SLTR-189746,,(new),"WOULD MINT"
123152,SLTR-189938,,(new),"WOULD MINT"
123159,SLTR-189870,,(new),"WOULD MINT"
123242,SLTR-189233,,(new),"WOULD MINT"
123250,SLTR-189272,,(new),"WOULD MINT"
123265,SLTR-189207,,(new),"WOULD MINT"
123267,SLTR-189159,,(new),"WOULD MINT"
123277,SLTR-189764,,(new),"WOULD MINT"
123286,SLTR-189079,,(new),"WOULD MINT"
123290,SLTR-189244,,(new),"WOULD MINT"
123299,SLTR-189613,,(new),"WOULD MINT"
123310,SLTR-189516,,(new),"WOULD MINT"
123329,SLTR-189231,,(new),"WOULD MINT"
123344,SLTR-189217,,(new),"WOULD MINT"
123354,SLTR-189722,,(new),"WOULD MINT"
123356,SLTR-189260,,(new),"WOULD MINT"
123367,SLTR-189249,,(new),"WOULD MINT"
123386,SLTR-189723,,(new),"WOULD MINT"
123391,SLTR-189229,,(new),"WOULD MINT"
123410,SLTR-189458,,(new),"WOULD MINT"
123423,SLTR-189456,,(new),"WOULD MINT"
123438,SLTR-189222,,(new),"WOULD MINT"
123450,SLTR-189213,,(new),"WOULD MINT"
123469,SLTR-189324,,(new),"WOULD MINT"
123482,SLTR-141131,,(new),"WOULD MINT"
123502,SLTR-11131,,(new),"WOULD MINT"
123512,SLTR-113966,,(new),"WOULD MINT"
123520,SLTR-222428,,(new),"WOULD MINT"
123536,SLTR-222242,,(new),"WOULD MINT"
123544,SLTR-53682,,(new),"WOULD MINT"
123550,SLTR-222473,,(new),"WOULD MINT"
123552,SLTR-189269,,(new),"WOULD MINT"
123554,SLTR-222418,,(new),"WOULD MINT"
123562,SLTR-189246,,(new),"WOULD MINT"
123563,SLTR-189202,,(new),"WOULD MINT"
123571,SLTR-189332,,(new),"WOULD MINT"
123669,SLTR-189937,,(new),"WOULD MINT"
123676,SLTR-189240,,(new),"WOULD MINT"
123683,SLTR-189457,,(new),"WOULD MINT"
123696,SLTR-189225,,(new),"WOULD MINT"
123705,SLTR-189228,,(new),"WOULD MINT"
123712,SLTR-189901,,(new),"WOULD MINT"
123720,SLTR-189347,,(new),"WOULD MINT"
123731,SLTR-189253,,(new),"WOULD MINT"
123736,SLTR-189770,,(new),"WOULD MINT"
123746,SLTR-189237,,(new),"WOULD MINT"
123781,SLTR-64766,,(new),"WOULD MINT"
123783,SLTR-64767,,(new),"WOULD MINT"
123930,SLTR-189216,,(new),"WOULD MINT"
123937,SLTR-189243,,(new),"WOULD MINT"
123944,SLTR-189234,,(new),"WOULD MINT"
123946,SLTR-189264,,(new),"WOULD MINT"
123951,SLTR-189273,,(new),"WOULD MINT"
123957,SLTR-189268,,(new),"WOULD MINT"
123963,SLTR-189245,,(new),"WOULD MINT"
123966,SLTR-189203,,(new),"WOULD MINT"
123975,SLTR-189223,,(new),"WOULD MINT"
123976,SLTR-189843,,(new),"WOULD MINT"
123985,SLTR-189204,,(new),"WOULD MINT"
123990,SLTR-189263,,(new),"WOULD MINT"
123991,SLTR-189221,,(new),"WOULD MINT"
124003,SLTR-189209,,(new),"WOULD MINT"
124008,SLTR-189241,,(new),"WOULD MINT"
124013,SLTR-189258,,(new),"WOULD MINT"
124022,SLTR-189206,,(new),"WOULD MINT"
124024,SLTR-189242,,(new),"WOULD MINT"
124031,SLTR-189763,,(new),"WOULD MINT"
124036,SLTR-189256,,(new),"WOULD MINT"
124049,SLTR-189235,,(new),"WOULD MINT"
124061,SLTR-189238,,(new),"WOULD MINT"
124070,SLTR-189496,,(new),"WOULD MINT"
124084,SLTR-189741,,(new),"WOULD MINT"
124094,SLTR-189739,,(new),"WOULD MINT"
124102,SLTR-189239,,(new),"WOULD MINT"
124109,SLTR-189230,,(new),"WOULD MINT"
124117,SLTR-189210,,(new),"WOULD MINT"
124123,SLTR-21797,,(new),"WOULD MINT"
124279,SLTR-190908,,(new),"WOULD MINT"
124284,SLTR-190507,,(new),"WOULD MINT"
124285,SLTR-190835,,(new),"WOULD MINT"
124290,SLTR-190815,,(new),"WOULD MINT"
124291,SLTR-191232,,(new),"WOULD MINT"
124298,SLTR-191245,,(new),"WOULD MINT"
124301,SLTR-190814,,(new),"WOULD MINT"
124307,SLTR-190846,,(new),"WOULD MINT"
124313,SLTR-191913,,(new),"WOULD MINT"
124330,SLTR-222431,,(new),"WOULD MINT"
124334,SLTR-190411,,(new),"WOULD MINT"
124344,SLTR-191072,,(new),"WOULD MINT"
124346,SLTR-190440,,(new),"WOULD MINT"
124356,SLTR-190442,,(new),"WOULD MINT"
124360,SLTR-191236,,(new),"WOULD MINT"
124370,SLTR-190824,,(new),"WOULD MINT"
124371,SLTR-191248,,(new),"WOULD MINT"
124378,SLTR-191251,,(new),"WOULD MINT"
124381,SLTR-190020,,(new),"WOULD MINT"
124385,SLTR-190412,,(new),"WOULD MINT"
124386,SLTR-191261,,(new),"WOULD MINT"
124392,SLTR-190811,,(new),"WOULD MINT"
124398,SLTR-191249,,(new),"WOULD MINT"
124402,SLTR-190808,,(new),"WOULD MINT"
124415,SLTR-190434,,(new),"WOULD MINT"
124498,SLTR-203267,,(new),"WOULD MINT"
124843,SLTR-191210,,(new),"WOULD MINT"
124864,SLTR-191265,,(new),"WOULD MINT"
124876,SLTR-191221,,(new),"WOULD MINT"
124880,SLTR-191227,,(new),"WOULD MINT"
124886,SLTR-191228,,(new),"WOULD MINT"
124894,SLTR-191219,,(new),"WOULD MINT"
124901,SLTR-191250,,(new),"WOULD MINT"
124904,SLTR-191357,,(new),"WOULD MINT"
124912,SLTR-191646,,(new),"WOULD MINT"
124918,SLTR-191258,,(new),"WOULD MINT"
124921,SLTR-191836,,(new),"WOULD MINT"
124926,SLTR-209250,,(new),"WOULD MINT"
124931,SLTR-191239,,(new),"WOULD MINT"
124933,SLTR-191257,,(new),"WOULD MINT"
124944,SLTR-191256,,(new),"WOULD MINT"
124946,SLTR-191220,,(new),"WOULD MINT"
124956,SLTR-191209,,(new),"WOULD MINT"
124960,SLTR-191501,,(new),"WOULD MINT"
124970,SLTR-191254,,(new),"WOULD MINT"
124973,SLTR-191645,,(new),"WOULD MINT"
124981,SLTR-191264,,(new),"WOULD MINT"
124987,SLTR-191262,,(new),"WOULD MINT"
124991,SLTR-191266,,(new),"WOULD MINT"
124996,SLTR-191263,,(new),"WOULD MINT"
125006,SLTR-190496,,(new),"WOULD MINT"
125010,SLTR-191212,,(new),"WOULD MINT"
125025,SLTR-190498,,(new),"WOULD MINT"
125035,SLTR-190807,,(new),"WOULD MINT"
125037,SLTR-190499,,(new),"WOULD MINT"
125043,SLTR-190994,,(new),"WOULD MINT"
125045,SLTR-190497,,(new),"WOULD MINT"
125054,SLTR-190002,,(new),"WOULD MINT"
125055,SLTR-190668,,(new),"WOULD MINT"
125068,SLTR-190306,,(new),"WOULD MINT"
125070,SLTR-190353,,(new),"WOULD MINT"
125080,SLTR-190482,,(new),"WOULD MINT"
125087,SLTR-190341,,(new),"WOULD MINT"
125096,SLTR-190484,,(new),"WOULD MINT"
125099,SLTR-190483,,(new),"WOULD MINT"
125109,SLTR-190922,,(new),"WOULD MINT"
125112,SLTR-190505,,(new),"WOULD MINT"
125122,SLTR-190508,,(new),"WOULD MINT"
125124,SLTR-190816,,(new),"WOULD MINT"
125130,SLTR-190102,,(new),"WOULD MINT"
125134,SLTR-190526,,(new),"WOULD MINT"
125145,SLTR-190494,,(new),"WOULD MINT"
125151,SLTR-190501,,(new),"WOULD MINT"
125159,SLTR-190449,,(new),"WOULD MINT"
125168,SLTR-190037,,(new),"WOULD MINT"
125172,SLTR-190439,,(new),"WOULD MINT"
125181,SLTR-190617,,(new),"WOULD MINT"
125186,SLTR-190344,,(new),"WOULD MINT"
125194,SLTR-190510,,(new),"WOULD MINT"
125201,SLTR-190923,,(new),"WOULD MINT"
125206,SLTR-190640,,(new),"WOULD MINT"
125232,SLTR-120068,,(new),"WOULD MINT"
125238,SLTR-61527,,(new),"WOULD MINT"
125244,SLTR-194830,,(new),"WOULD MINT"
125247,SLTR-85650,,(new),"WOULD MINT"
125250,SLTR-72253,,(new),"WOULD MINT"
125252,SLTR-218378,,(new),"WOULD MINT"
125253,SLTR-58940,,(new),"WOULD MINT"
125258,SLTR-85646,,(new),"WOULD MINT"
125259,SLTR-215590,,(new),"WOULD MINT"
125262,SLTR-18545,,(new),"WOULD MINT"
125264,SLTR-215385,,(new),"WOULD MINT"
125269,SLTR-25833,,(new),"WOULD MINT"
125270,SLTR-82811,,(new),"WOULD MINT"
125275,SLTR-85652,,(new),"WOULD MINT"
125276,SLTR-57171,,(new),"WOULD MINT"
125280,SLTR-211266,,(new),"WOULD MINT"
125281,SLTR-213098,,(new),"WOULD MINT"
125286,SLTR-16646,,(new),"WOULD MINT"
125287,SLTR-197435,,(new),"WOULD MINT"
125290,SLTR-128284,,(new),"WOULD MINT"
125291,SLTR-203725,,(new),"WOULD MINT"
125294,SLTR-192781,,(new),"WOULD MINT"
125295,SLTR-218380,,(new),"WOULD MINT"
125299,SLTR-216716,,(new),"WOULD MINT"
125441,SLTR-190019,,(new),"WOULD MINT"
125448,SLTR-85658,,(new),"WOULD MINT"
125455,SLTR-212188,,(new),"WOULD MINT"
125461,SLTR-127855,,(new),"WOULD MINT"
125465,SLTR-51044,,(new),"WOULD MINT"
125468,SLTR-213355,,(new),"WOULD MINT"
125474,SLTR-194811,,(new),"WOULD MINT"
125481,SLTR-85640,,(new),"WOULD MINT"
125485,SLTR-193286,,(new),"WOULD MINT"
125489,SLTR-203720,,(new),"WOULD MINT"
125492,SLTR-194142,,(new),"WOULD MINT"
125495,SLTR-197436,,(new),"WOULD MINT"
125497,SLTR-194832,,(new),"WOULD MINT"
125499,SLTR-215658,,(new),"WOULD MINT"
125501,SLTR-218381,,(new),"WOULD MINT"
125503,SLTR-217624,,(new),"WOULD MINT"
125510,SLTR-204837,,(new),"WOULD MINT"
125512,SLTR-232471,,(new),"WOULD MINT"
125515,SLTR-194831,,(new),"WOULD MINT"
125517,SLTR-218379,,(new),"WOULD MINT"
125520,SLTR-216916,,(new),"WOULD MINT"
125525,SLTR-16645,,(new),"WOULD MINT"
125528,SLTR-218382,,(new),"WOULD MINT"
125529,SLTR-215386,,(new),"WOULD MINT"
125532,SLTR-213099,,(new),"WOULD MINT"
125533,SLTR-190057,,(new),"WOULD MINT"
125537,SLTR-217207,,(new),"WOULD MINT"
125540,SLTR-16636,,(new),"WOULD MINT"
125544,SLTR-128269,,(new),"WOULD MINT"
125545,SLTR-215381,,(new),"WOULD MINT"
125547,SLTR-194138,,(new),"WOULD MINT"
125548,SLTR-189405,,(new),"WOULD MINT"
125797,SLTR-194815,,(new),"WOULD MINT"
125808,SLTR-194575,,(new),"WOULD MINT"
125812,SLTR-72242,,(new),"WOULD MINT"
125818,SLTR-16644,,(new),"WOULD MINT"
125819,SLTR-215657,,(new),"WOULD MINT"
125829,SLTR-196672,,(new),"WOULD MINT"
125830,SLTR-85647,,(new),"WOULD MINT"
125836,SLTR-215593,,(new),"WOULD MINT"
125841,SLTR-212910,,(new),"WOULD MINT"
125844,SLTR-190380,,(new),"WOULD MINT"
125848,SLTR-85867,,(new),"WOULD MINT"
125853,SLTR-54181,,(new),"WOULD MINT"
125861,SLTR-16639,,(new),"WOULD MINT"
125864,SLTR-215185,,(new),"WOULD MINT"
125871,SLTR-66725,,(new),"WOULD MINT"
125874,SLTR-194812,,(new),"WOULD MINT"
125888,SLTR-194814,,(new),"WOULD MINT"
125891,SLTR-16643,,(new),"WOULD MINT"
125895,SLTR-194813,,(new),"WOULD MINT"
125900,SLTR-215181,,(new),"WOULD MINT"
125904,SLTR-203564,,(new),"WOULD MINT"
125906,SLTR-85657,,(new),"WOULD MINT"
125917,SLTR-212389,,(new),"WOULD MINT"
125921,SLTR-85636,,(new),"WOULD MINT"
125923,SLTR-16638,,(new),"WOULD MINT"
125926,SLTR-215592,,(new),"WOULD MINT"
125931,SLTR-213205,,(new),"WOULD MINT"
125941,SLTR-57168,,(new),"WOULD MINT"
125951,SLTR-192519,,(new),"WOULD MINT"
125957,SLTR-192183,,(new),"WOULD MINT"
125961,SLTR-192723,,(new),"WOULD MINT"
125977,SLTR-192721,,(new),"WOULD MINT"
125981,SLTR-192989,,(new),"WOULD MINT"
125990,SLTR-192720,,(new),"WOULD MINT"
125993,SLTR-192186,,(new),"WOULD MINT"
126000,SLTR-192972,,(new),"WOULD MINT"
126002,SLTR-192203,,(new),"WOULD MINT"
126012,SLTR-192967,,(new),"WOULD MINT"
126014,SLTR-192216,,(new),"WOULD MINT"
126020,SLTR-192044,,(new),"WOULD MINT"
126027,SLTR-192987,,(new),"WOULD MINT"
126028,SLTR-192996,,(new),"WOULD MINT"
126037,SLTR-192961,,(new),"WOULD MINT"
126039,SLTR-192970,,(new),"WOULD MINT"
126046,SLTR-192178,,(new),"WOULD MINT"
126049,SLTR-192169,,(new),"WOULD MINT"
126054,SLTR-192176,,(new),"WOULD MINT"
126061,SLTR-192971,,(new),"WOULD MINT"
126068,SLTR-192771,,(new),"WOULD MINT"
126070,SLTR-192195,,(new),"WOULD MINT"
126075,SLTR-192170,,(new),"WOULD MINT"
126080,SLTR-192995,,(new),"WOULD MINT"
126083,SLTR-192944,,(new),"WOULD MINT"
126092,SLTR-192979,,(new),"WOULD MINT"
126094,SLTR-192983,,(new),"WOULD MINT"
126100,SLTR-192724,,(new),"WOULD MINT"
126102,SLTR-192172,,(new),"WOULD MINT"
126103,SLTR-192190,,(new),"WOULD MINT"
126105,SLTR-192546,,(new),"WOULD MINT"
126106,SLTR-192994,,(new),"WOULD MINT"
126108,SLTR-192545,,(new),"WOULD MINT"
126109,SLTR-192214,,(new),"WOULD MINT"
126112,SLTR-192934,,(new),"WOULD MINT"
126113,SLTR-192991,,(new),"WOULD MINT"
126114,SLTR-50097,,(new),"WOULD MINT"
126115,SLTR-192958,,(new),"WOULD MINT"
126116,SLTR-192959,,(new),"WOULD MINT"
126118,SLTR-192939,,(new),"WOULD MINT"
126119,SLTR-192969,,(new),"WOULD MINT"
126120,SLTR-192941,,(new),"WOULD MINT"
126121,SLTR-18964,,(new),"WOULD MINT"
126123,SLTR-192547,,(new),"WOULD MINT"
126127,SLTR-192727,,(new),"WOULD MINT"
126132,SLTR-192940,,(new),"WOULD MINT"
126133,SLTR-192931,,(new),"WOULD MINT"
126141,SLTR-192200,,(new),"WOULD MINT"
126146,SLTR-192261,,(new),"WOULD MINT"
126150,SLTR-192932,,(new),"WOULD MINT"
126154,SLTR-192182,,(new),"WOULD MINT"
126155,SLTR-192957,,(new),"WOULD MINT"
126167,SLTR-192990,,(new),"WOULD MINT"
126169,SLTR-192960,,(new),"WOULD MINT"
126179,SLTR-192175,,(new),"WOULD MINT"
126182,SLTR-192206,,(new),"WOULD MINT"
126193,SLTR-192194,,(new),"WOULD MINT"
126198,SLTR-192988,,(new),"WOULD MINT"
126209,SLTR-192968,,(new),"WOULD MINT"
126212,SLTR-192982,,(new),"WOULD MINT"
126219,SLTR-192184,,(new),"WOULD MINT"
126222,SLTR-192936,,(new),"WOULD MINT"
126228,SLTR-192953,,(new),"WOULD MINT"
126232,SLTR-192942,,(new),"WOULD MINT"
126235,SLTR-192209,,(new),"WOULD MINT"
126237,SLTR-192193,,(new),"WOULD MINT"
126239,SLTR-192173,,(new),"WOULD MINT"
126243,SLTR-192187,,(new),"WOULD MINT"
126244,SLTR-192726,,(new),"WOULD MINT"
126248,SLTR-192728,,(new),"WOULD MINT"
126251,SLTR-192196,,(new),"WOULD MINT"
126252,SLTR-192198,,(new),"WOULD MINT"
126258,SLTR-192849,,(new),"WOULD MINT"
126260,SLTR-192208,,(new),"WOULD MINT"
126267,SLTR-192965,,(new),"WOULD MINT"
126269,SLTR-192197,,(new),"WOULD MINT"
126273,SLTR-192947,,(new),"WOULD MINT"
126279,SLTR-192177,,(new),"WOULD MINT"
126282,SLTR-192933,,(new),"WOULD MINT"
126284,SLTR-192328,,(new),"WOULD MINT"
126288,SLTR-192966,,(new),"WOULD MINT"
126289,SLTR-192935,,(new),"WOULD MINT"
126291,SLTR-192205,,(new),"WOULD MINT"
126296,SLTR-192215,,(new),"WOULD MINT"
126302,SLTR-192722,,(new),"WOULD MINT"
126306,SLTR-192951,,(new),"WOULD MINT"
126314,SLTR-192725,,(new),"WOULD MINT"
126317,SLTR-192954,,(new),"WOULD MINT"
126319,SLTR-102,,(new),"WOULD MINT"
126320,SLTR-192202,,(new),"WOULD MINT"
126449,SLTR-217217,,(new),"WOULD MINT"
126450,SLTR-210556,,(new),"WOULD MINT"
126456,SLTR-218692,,(new),"WOULD MINT"
126457,SLTR-196033,,(new),"WOULD MINT"
126462,SLTR-218686,,(new),"WOULD MINT"
126464,SLTR-220007,,(new),"WOULD MINT"
126468,SLTR-219870,,(new),"WOULD MINT"
126469,SLTR-218902,,(new),"WOULD MINT"
126477,SLTR-48344,,(new),"WOULD MINT"
126480,SLTR-217756,,(new),"WOULD MINT"
126483,SLTR-212966,,(new),"WOULD MINT"
126490,SLTR-218597,,(new),"WOULD MINT"
126493,SLTR-211248,,(new),"WOULD MINT"
126499,SLTR-217895,,(new),"WOULD MINT"
126504,SLTR-212570,,(new),"WOULD MINT"
126505,SLTR-218910,,(new),"WOULD MINT"
126512,SLTR-218751,,(new),"WOULD MINT"
126516,SLTR-218913,,(new),"WOULD MINT"
126521,SLTR-218513,,(new),"WOULD MINT"
126527,SLTR-218906,,(new),"WOULD MINT"
126530,SLTR-214681,,(new),"WOULD MINT"
126538,SLTR-215009,,(new),"WOULD MINT"
126542,SLTR-195623,,(new),"WOULD MINT"
126544,SLTR-211058,,(new),"WOULD MINT"
126546,SLTR-132689,,(new),"WOULD MINT"
126548,SLTR-50192,,(new),"WOULD MINT"
126553,SLTR-213656,,(new),"WOULD MINT"
126554,SLTR-219297,,(new),"WOULD MINT"
126560,SLTR-218899,,(new),"WOULD MINT"
126566,SLTR-213081,,(new),"WOULD MINT"
126573,SLTR-203523,,(new),"WOULD MINT"
126578,SLTR-218758,,(new),"WOULD MINT"
126581,SLTR-218747,,(new),"WOULD MINT"
126586,SLTR-217736,,(new),"WOULD MINT"
126587,SLTR-221961,,(new),"WOULD MINT"
126589,SLTR-218689,,(new),"WOULD MINT"
126592,SLTR-203525,,(new),"WOULD MINT"
126597,SLTR-218604,,(new),"WOULD MINT"
126602,SLTR-213563,,(new),"WOULD MINT"
126607,SLTR-63171,,(new),"WOULD MINT"
126610,SLTR-217722,,(new),"WOULD MINT"
126616,SLTR-58942,,(new),"WOULD MINT"
126622,SLTR-207048,,(new),"WOULD MINT"
126626,SLTR-219487,,(new),"WOULD MINT"
126631,SLTR-217670,,(new),"WOULD MINT"
126632,SLTR-218691,,(new),"WOULD MINT"
126638,SLTR-218227,,(new),"WOULD MINT"
126641,SLTR-222072,,(new),"WOULD MINT"
126642,SLTR-218754,,(new),"WOULD MINT"
126648,SLTR-219055,,(new),"WOULD MINT"
126651,SLTR-221225,,(new),"WOULD MINT"
126652,SLTR-219050,,(new),"WOULD MINT"
126656,SLTR-213679,,(new),"WOULD MINT"
126659,SLTR-214273,,(new),"WOULD MINT"
126662,SLTR-213155,,(new),"WOULD MINT"
126666,SLTR-188226,,(new),"WOULD MINT"
126669,SLTR-126420,,(new),"WOULD MINT"
126673,SLTR-198537,,(new),"WOULD MINT"
126675,SLTR-221957,,(new),"WOULD MINT"
126677,SLTR-213686,,(new),"WOULD MINT"
126678,SLTR-221960,,(new),"WOULD MINT"
126680,SLTR-218698,,(new),"WOULD MINT"
126681,SLTR-203524,,(new),"WOULD MINT"
126682,SLTR-218916,,(new),"WOULD MINT"
126683,SLTR-203519,,(new),"WOULD MINT"
126705,SLTR-218601,,(new),"WOULD MINT"
126712,SLTR-219939,,(new),"WOULD MINT"
126716,SLTR-216165,,(new),"WOULD MINT"
126722,SLTR-218595,,(new),"WOULD MINT"
126729,SLTR-207875,,(new),"WOULD MINT"
126733,SLTR-207877,,(new),"WOULD MINT"
126737,SLTR-207876,,(new),"WOULD MINT"
126739,SLTR-193142,,(new),"WOULD MINT"
126740,SLTR-218606,,(new),"WOULD MINT"
126742,SLTR-216315,,(new),"WOULD MINT"
126744,SLTR-195167,,(new),"WOULD MINT"
126745,SLTR-216275,,(new),"WOULD MINT"
126747,SLTR-219054,,(new),"WOULD MINT"
126748,SLTR-195184,,(new),"WOULD MINT"
126750,SLTR-209045,,(new),"WOULD MINT"
126751,SLTR-217723,,(new),"WOULD MINT"
126753,SLTR-218755,,(new),"WOULD MINT"
126755,SLTR-218589,,(new),"WOULD MINT"
126758,SLTR-217835,,(new),"WOULD MINT"
126759,SLTR-216845,,(new),"WOULD MINT"
126769,SLTR-204144,,(new),"WOULD MINT"
126773,SLTR-204030,,(new),"WOULD MINT"
126776,SLTR-204085,,(new),"WOULD MINT"
126780,SLTR-204531,,(new),"WOULD MINT"
126782,SLTR-204172,,(new),"WOULD MINT"
126786,SLTR-204681,,(new),"WOULD MINT"
126788,SLTR-204164,,(new),"WOULD MINT"
126790,SLTR-204217,,(new),"WOULD MINT"
126794,SLTR-204138,,(new),"WOULD MINT"
126796,SLTR-204168,,(new),"WOULD MINT"
126800,SLTR-204340,,(new),"WOULD MINT"
126801,SLTR-204153,,(new),"WOULD MINT"
126802,SLTR-204964,,(new),"WOULD MINT"
126803,SLTR-204046,,(new),"WOULD MINT"
126806,SLTR-204237,,(new),"WOULD MINT"
126807,SLTR-204160,,(new),"WOULD MINT"
126810,SLTR-204043,,(new),"WOULD MINT"
126811,SLTR-204171,,(new),"WOULD MINT"
126812,SLTR-204741,,(new),"WOULD MINT"
126813,SLTR-204338,,(new),"WOULD MINT"
126815,SLTR-204045,,(new),"WOULD MINT"
126816,SLTR-204339,,(new),"WOULD MINT"
126818,SLTR-204156,,(new),"WOULD MINT"
126819,SLTR-204141,,(new),"WOULD MINT"
126820,SLTR-204035,,(new),"WOULD MINT"
126862,SLTR-204253,,(new),"WOULD MINT"
126870,SLTR-204389,,(new),"WOULD MINT"
126880,SLTR-204960,,(new),"WOULD MINT"
126902,SLTR-204387,,(new),"WOULD MINT"
126906,SLTR-204494,,(new),"WOULD MINT"
126910,SLTR-204031,,(new),"WOULD MINT"
126923,SLTR-204537,,(new),"WOULD MINT"
126930,SLTR-204251,,(new),"WOULD MINT"
126938,SLTR-204241,,(new),"WOULD MINT"
126944,SLTR-217758,,(new),"WOULD MINT"
126952,SLTR-217757,,(new),"WOULD MINT"
126958,SLTR-210239,,(new),"WOULD MINT"
126965,SLTR-210240,,(new),"WOULD MINT"
126974,SLTR-204337,,(new),"WOULD MINT"
126984,SLTR-204336,,(new),"WOULD MINT"
126988,SLTR-204536,,(new),"WOULD MINT"
126998,SLTR-204936,,(new),"WOULD MINT"
127006,SLTR-204538,,(new),"WOULD MINT"
127014,SLTR-204038,,(new),"WOULD MINT"
127024,SLTR-204439,,(new),"WOULD MINT"
127030,SLTR-204173,,(new),"WOULD MINT"
127035,SLTR-204146,,(new),"WOULD MINT"
127040,SLTR-204037,,(new),"WOULD MINT"
127042,SLTR-204202,,(new),"WOULD MINT"
127050,SLTR-204158,,(new),"WOULD MINT"
127058,SLTR-204157,,(new),"WOULD MINT"
127071,SLTR-204161,,(new),"WOULD MINT"
127076,SLTR-204181,,(new),"WOULD MINT"
127078,SLTR-204036,,(new),"WOULD MINT"
127083,SLTR-204165,,(new),"WOULD MINT"
127090,SLTR-204032,,(new),"WOULD MINT"
127091,SLTR-204242,,(new),"WOULD MINT"
127094,SLTR-204748,,(new),"WOULD MINT"
127096,SLTR-204252,,(new),"WOULD MINT"
127097,SLTR-204438,,(new),"WOULD MINT"
127125,SLTR-204979,,(new),"WOULD MINT"
127131,SLTR-204967,,(new),"WOULD MINT"
127132,SLTR-50566,,(new),"WOULD MINT"
127136,SLTR-204900,,(new),"WOULD MINT"
127141,SLTR-204143,,(new),"WOULD MINT"
127145,SLTR-204137,,(new),"WOULD MINT"
127153,SLTR-204498,,(new),"WOULD MINT"
127158,SLTR-204209,,(new),"WOULD MINT"
127163,SLTR-204504,,(new),"WOULD MINT"
127167,SLTR-204334,,(new),"WOULD MINT"
127175,SLTR-204306,,(new),"WOULD MINT"
127182,SLTR-204493,,(new),"WOULD MINT"
127190,SLTR-204980,,(new),"WOULD MINT"
127192,SLTR-204238,,(new),"WOULD MINT"
127197,SLTR-204216,,(new),"WOULD MINT"
127199,SLTR-204135,,(new),"WOULD MINT"
127204,SLTR-204233,,(new),"WOULD MINT"
127210,SLTR-204151,,(new),"WOULD MINT"
127213,SLTR-204335,,(new),"WOULD MINT"
127214,SLTR-204250,,(new),"WOULD MINT"
127215,SLTR-204962,,(new),"WOULD MINT"
127217,SLTR-204968,,(new),"WOULD MINT"
127219,SLTR-204042,,(new),"WOULD MINT"
127222,SLTR-204110,,(new),"WOULD MINT"
127228,SLTR-204203,,(new),"WOULD MINT"
127231,SLTR-204180,,(new),"WOULD MINT"
127237,SLTR-204163,,(new),"WOULD MINT"
127239,SLTR-204048,,(new),"WOULD MINT"
127244,SLTR-204033,,(new),"WOULD MINT"
127247,SLTR-204034,,(new),"WOULD MINT"
127250,SLTR-204147,,(new),"WOULD MINT"
127254,SLTR-204437,,(new),"WOULD MINT"
127257,SLTR-204047,,(new),"WOULD MINT"
127275,SLTR-193045,,(new),"WOULD MINT"
127284,SLTR-193030,,(new),"WOULD MINT"
127292,SLTR-193334,,(new),"WOULD MINT"
127297,SLTR-193342,,(new),"WOULD MINT"
127302,SLTR-193027,,(new),"WOULD MINT"
127307,SLTR-193032,,(new),"WOULD MINT"
127321,SLTR-193041,,(new),"WOULD MINT"
127329,SLTR-193050,,(new),"WOULD MINT"
127331,SLTR-193352,,(new),"WOULD MINT"
127336,SLTR-193705,,(new),"WOULD MINT"
127347,SLTR-193345,,(new),"WOULD MINT"
127359,SLTR-193682,,(new),"WOULD MINT"
127378,SLTR-193704,,(new),"WOULD MINT"
127387,SLTR-193007,,(new),"WOULD MINT"
127405,SLTR-193718,,(new),"WOULD MINT"
127410,SLTR-193765,,(new),"WOULD MINT"
127419,SLTR-193708,,(new),"WOULD MINT"
127429,SLTR-193003,,(new),"WOULD MINT"
127437,SLTR-193049,,(new),"WOULD MINT"
127441,SLTR-193904,,(new),"WOULD MINT"
127444,SLTR-193048,,(new),"WOULD MINT"
127453,SLTR-193002,,(new),"WOULD MINT"
127461,SLTR-193039,,(new),"WOULD MINT"
127471,SLTR-193339,,(new),"WOULD MINT"
127472,SLTR-193703,,(new),"WOULD MINT"
127480,SLTR-193350,,(new),"WOULD MINT"
127489,SLTR-193335,,(new),"WOULD MINT"
127494,SLTR-193691,,(new),"WOULD MINT"
127499,SLTR-193338,,(new),"WOULD MINT"
127511,SLTR-193349,,(new),"WOULD MINT"
127517,SLTR-193020,,(new),"WOULD MINT"
127518,SLTR-193697,,(new),"WOULD MINT"
127528,SLTR-193707,,(new),"WOULD MINT"
127533,SLTR-193698,,(new),"WOULD MINT"
127542,SLTR-193351,,(new),"WOULD MINT"
127546,SLTR-193001,,(new),"WOULD MINT"
127554,SLTR-193043,,(new),"WOULD MINT"
127564,SLTR-193701,,(new),"WOULD MINT"
127565,SLTR-193346,,(new),"WOULD MINT"
127573,SLTR-193037,,(new),"WOULD MINT"
127575,SLTR-193789,,(new),"WOULD MINT"
127580,SLTR-193022,,(new),"WOULD MINT"
127587,SLTR-193340,,(new),"WOULD MINT"
127588,SLTR-193931,,(new),"WOULD MINT"
127599,SLTR-193006,,(new),"WOULD MINT"
127605,SLTR-193693,,(new),"WOULD MINT"
127607,SLTR-193051,,(new),"WOULD MINT"
127611,SLTR-193706,,(new),"WOULD MINT"
127614,SLTR-193347,,(new),"WOULD MINT"
127617,SLTR-193702,,(new),"WOULD MINT"
127623,SLTR-193771,,(new),"WOULD MINT"
127634,SLTR-193700,,(new),"WOULD MINT"
127637,SLTR-193699,,(new),"WOULD MINT"
127671,SLTR-193009,,(new),"WOULD MINT"
127674,SLTR-193052,,(new),"WOULD MINT"
127686,SLTR-193019,,(new),"WOULD MINT"
127692,SLTR-193365,,(new),"WOULD MINT"
127694,SLTR-193713,,(new),"WOULD MINT"
127701,SLTR-193026,,(new),"WOULD MINT"
127704,SLTR-193751,,(new),"WOULD MINT"
127706,SLTR-193714,,(new),"WOULD MINT"
127712,SLTR-193749,,(new),"WOULD MINT"
127713,SLTR-193677,,(new),"WOULD MINT"
127720,SLTR-193017,,(new),"WOULD MINT"
127727,SLTR-193044,,(new),"WOULD MINT"
127742,SLTR-193790,,(new),"WOULD MINT"
127750,SLTR-193671,,(new),"WOULD MINT"
127751,SLTR-193360,,(new),"WOULD MINT"
127760,SLTR-193336,,(new),"WOULD MINT"
127763,SLTR-193046,,(new),"WOULD MINT"
127766,SLTR-193715,,(new),"WOULD MINT"
127771,SLTR-193337,,(new),"WOULD MINT"
127773,SLTR-193766,,(new),"WOULD MINT"
127780,SLTR-193011,,(new),"WOULD MINT"
127782,SLTR-193780,,(new),"WOULD MINT"
127788,SLTR-193361,,(new),"WOULD MINT"
127789,SLTR-193010,,(new),"WOULD MINT"
127792,SLTR-193028,,(new),"WOULD MINT"
127794,SLTR-193025,,(new),"WOULD MINT"
127796,SLTR-193453,,(new),"WOULD MINT"
127800,SLTR-193890,,(new),"WOULD MINT"
127801,SLTR-193053,,(new),"WOULD MINT"
127802,SLTR-193029,,(new),"WOULD MINT"
127803,SLTR-193000,,(new),"WOULD MINT"
127805,SLTR-193344,,(new),"WOULD MINT"
127809,SLTR-193366,,(new),"WOULD MINT"
127812,SLTR-193750,,(new),"WOULD MINT"
127824,SLTR-193694,,(new),"WOULD MINT"
127829,SLTR-193341,,(new),"WOULD MINT"
127831,SLTR-193310,,(new),"WOULD MINT"
127832,SLTR-193695,,(new),"WOULD MINT"
127834,SLTR-193716,,(new),"WOULD MINT"
127835,SLTR-193033,,(new),"WOULD MINT"
127837,SLTR-193008,,(new),"WOULD MINT"
127849,SLTR-193696,,(new),"WOULD MINT"
127852,SLTR-193016,,(new),"WOULD MINT"
127853,SLTR-194036,,(new),"WOULD MINT"
127855,SLTR-193018,,(new),"WOULD MINT"
127858,SLTR-194742,,(new),"WOULD MINT"
127859,SLTR-194760,,(new),"WOULD MINT"
127862,SLTR-194770,,(new),"WOULD MINT"
127864,SLTR-194122,,(new),"WOULD MINT"
127875,SLTR-194743,,(new),"WOULD MINT"
127880,SLTR-194773,,(new),"WOULD MINT"
127894,SLTR-194781,,(new),"WOULD MINT"
127895,SLTR-194715,,(new),"WOULD MINT"
127909,SLTR-194279,,(new),"WOULD MINT"
127910,SLTR-194704,,(new),"WOULD MINT"
127919,SLTR-194736,,(new),"WOULD MINT"
127922,SLTR-194127,,(new),"WOULD MINT"
127931,SLTR-218602,,(new),"WOULD MINT"
127934,SLTR-194828,,(new),"WOULD MINT"
127935,SLTR-218607,,(new),"WOULD MINT"
127939,SLTR-218593,,(new),"WOULD MINT"
127942,SLTR-217790,,(new),"WOULD MINT"
127944,SLTR-194590,,(new),"WOULD MINT"
127948,SLTR-215227,,(new),"WOULD MINT"
127951,SLTR-218699,,(new),"WOULD MINT"
127955,SLTR-219048,,(new),"WOULD MINT"
127957,SLTR-194520,,(new),"WOULD MINT"
127958,SLTR-216886,,(new),"WOULD MINT"
127960,SLTR-218904,,(new),"WOULD MINT"
127961,SLTR-218912,,(new),"WOULD MINT"
127964,SLTR-194418,,(new),"WOULD MINT"
127967,SLTR-218752,,(new),"WOULD MINT"
127968,SLTR-217735,,(new),"WOULD MINT"
127969,SLTR-218588,,(new),"WOULD MINT"
127971,SLTR-194819,,(new),"WOULD MINT"
127975,SLTR-216300,,(new),"WOULD MINT"
127977,SLTR-219057,,(new),"WOULD MINT"
127980,SLTR-218592,,(new),"WOULD MINT"
127984,SLTR-194708,,(new),"WOULD MINT"
127985,SLTR-218685,,(new),"WOULD MINT"
127986,SLTR-218750,,(new),"WOULD MINT"
127989,SLTR-194824,,(new),"WOULD MINT"
127991,SLTR-35373,,(new),"WOULD MINT"
127995,SLTR-213562,,(new),"WOULD MINT"
127997,SLTR-218600,,(new),"WOULD MINT"
128000,SLTR-194768,,(new),"WOULD MINT"
128001,SLTR-213646,,(new),"WOULD MINT"
128004,SLTR-218590,,(new),"WOULD MINT"
128005,SLTR-194039,,(new),"WOULD MINT"
128010,SLTR-218741,,(new),"WOULD MINT"
128017,SLTR-218901,,(new),"WOULD MINT"
128018,SLTR-194745,,(new),"WOULD MINT"
128021,SLTR-218694,,(new),"WOULD MINT"
128025,SLTR-218688,,(new),"WOULD MINT"
128026,SLTR-194834,,(new),"WOULD MINT"
128027,SLTR-213445,,(new),"WOULD MINT"
128032,SLTR-194836,,(new),"WOULD MINT"
128033,SLTR-218702,,(new),"WOULD MINT"
128036,SLTR-217907,,(new),"WOULD MINT"
128040,SLTR-194278,,(new),"WOULD MINT"
128042,SLTR-215228,,(new),"WOULD MINT"
128045,SLTR-194774,,(new),"WOULD MINT"
128047,SLTR-194837,,(new),"WOULD MINT"
128051,SLTR-194729,,(new),"WOULD MINT"
128052,SLTR-194731,,(new),"WOULD MINT"
128056,SLTR-194281,,(new),"WOULD MINT"
128061,SLTR-194817,,(new),"WOULD MINT"
128064,SLTR-194286,,(new),"WOULD MINT"
128072,SLTR-194822,,(new),"WOULD MINT"
128073,SLTR-194294,,(new),"WOULD MINT"
128077,SLTR-194293,,(new),"WOULD MINT"
128082,SLTR-194823,,(new),"WOULD MINT"
128083,SLTR-194839,,(new),"WOULD MINT"
128087,SLTR-194763,,(new),"WOULD MINT"
128090,SLTR-194034,,(new),"WOULD MINT"
128092,SLTR-194042,,(new),"WOULD MINT"
128094,SLTR-194285,,(new),"WOULD MINT"
128095,SLTR-194721,,(new),"WOULD MINT"
128100,SLTR-194840,,(new),"WOULD MINT"
128101,SLTR-194521,,(new),"WOULD MINT"
128105,SLTR-194722,,(new),"WOULD MINT"
128106,SLTR-194744,,(new),"WOULD MINT"
128107,SLTR-194923,,(new),"WOULD MINT"
128110,SLTR-194762,,(new),"WOULD MINT"
128112,SLTR-194672,,(new),"WOULD MINT"
128113,SLTR-194741,,(new),"WOULD MINT"
128115,SLTR-194212,,(new),"WOULD MINT"
128117,SLTR-194757,,(new),"WOULD MINT"
128119,SLTR-194135,,(new),"WOULD MINT"
128133,SLTR-194761,,(new),"WOULD MINT"
128136,SLTR-194740,,(new),"WOULD MINT"
128140,SLTR-194771,,(new),"WOULD MINT"
128143,SLTR-194782,,(new),"WOULD MINT"
128145,SLTR-194714,,(new),"WOULD MINT"
128151,SLTR-194779,,(new),"WOULD MINT"
128153,SLTR-194772,,(new),"WOULD MINT"
128154,SLTR-194519,,(new),"WOULD MINT"
128160,SLTR-194752,,(new),"WOULD MINT"
128165,SLTR-194789,,(new),"WOULD MINT"
128169,SLTR-194753,,(new),"WOULD MINT"
128172,SLTR-194778,,(new),"WOULD MINT"
128178,SLTR-194827,,(new),"WOULD MINT"
128179,SLTR-194835,,(new),"WOULD MINT"
128185,SLTR-194579,,(new),"WOULD MINT"
128187,SLTR-194754,,(new),"WOULD MINT"
128193,SLTR-194712,,(new),"WOULD MINT"
128197,SLTR-194751,,(new),"WOULD MINT"
128199,SLTR-194833,,(new),"WOULD MINT"
128203,SLTR-194716,,(new),"WOULD MINT"
128211,SLTR-194776,,(new),"WOULD MINT"
128212,SLTR-194749,,(new),"WOULD MINT"
128217,SLTR-194623,,(new),"WOULD MINT"
128223,SLTR-194711,,(new),"WOULD MINT"
128229,SLTR-194730,,(new),"WOULD MINT"
128237,SLTR-194037,,(new),"WOULD MINT"
128238,SLTR-194566,,(new),"WOULD MINT"
128239,SLTR-194031,,(new),"WOULD MINT"
128240,SLTR-194197,,(new),"WOULD MINT"
128246,SLTR-194756,,(new),"WOULD MINT"
128248,SLTR-194717,,(new),"WOULD MINT"
128251,SLTR-194126,,(new),"WOULD MINT"
128253,SLTR-194767,,(new),"WOULD MINT"
128256,SLTR-194710,,(new),"WOULD MINT"
128258,SLTR-194331,,(new),"WOULD MINT"
128260,SLTR-194226,,(new),"WOULD MINT"
128261,SLTR-194713,,(new),"WOULD MINT"
128262,SLTR-194215,,(new),"WOULD MINT"
128264,SLTR-194035,,(new),"WOULD MINT"
128266,SLTR-194738,,(new),"WOULD MINT"
128268,SLTR-194033,,(new),"WOULD MINT"
128269,SLTR-194750,,(new),"WOULD MINT"
128270,SLTR-194854,,(new),"WOULD MINT"
128414,SLTR-194821,,(new),"WOULD MINT"
128427,SLTR-194044,,(new),"WOULD MINT"
128428,SLTR-194846,,(new),"WOULD MINT"
128437,SLTR-194724,,(new),"WOULD MINT"
128442,SLTR-194706,,(new),"WOULD MINT"
128457,SLTR-194723,,(new),"WOULD MINT"
128462,SLTR-194739,,(new),"WOULD MINT"
128496,SLTR-194748,,(new),"WOULD MINT"
128507,SLTR-194842,,(new),"WOULD MINT"
128543,SLTR-195102,,(new),"WOULD MINT"
128553,SLTR-195871,,(new),"WOULD MINT"
128561,SLTR-195985,,(new),"WOULD MINT"
128568,SLTR-195708,,(new),"WOULD MINT"
128572,SLTR-195889,,(new),"WOULD MINT"
128592,SLTR-195928,,(new),"WOULD MINT"
128594,SLTR-195624,,(new),"WOULD MINT"
128607,SLTR-195873,,(new),"WOULD MINT"
128612,SLTR-195101,,(new),"WOULD MINT"
128613,SLTR-195023,,(new),"WOULD MINT"
128631,SLTR-195929,,(new),"WOULD MINT"
128633,SLTR-195095,,(new),"WOULD MINT"
128644,SLTR-195402,,(new),"WOULD MINT"
128646,SLTR-195103,,(new),"WOULD MINT"
128658,SLTR-195901,,(new),"WOULD MINT"
128659,SLTR-195024,,(new),"WOULD MINT"
128671,SLTR-195105,,(new),"WOULD MINT"
128679,SLTR-195720,,(new),"WOULD MINT"
128682,SLTR-195761,,(new),"WOULD MINT"
128697,SLTR-195523,,(new),"WOULD MINT"
128710,SLTR-195362,,(new),"WOULD MINT"
128726,SLTR-195662,,(new),"WOULD MINT"
128763,SLTR-195503,,(new),"WOULD MINT"
128764,SLTR-195620,,(new),"WOULD MINT"
128765,SLTR-195515,,(new),"WOULD MINT"
128766,SLTR-195785,,(new),"WOULD MINT"
128768,SLTR-195521,,(new),"WOULD MINT"
128771,SLTR-195022,,(new),"WOULD MINT"
128784,SLTR-217418,,(new),"WOULD MINT"
128798,SLTR-195649,,(new),"WOULD MINT"
128835,SLTR-195982,,(new),"WOULD MINT"
128836,SLTR-195178,,(new),"WOULD MINT"
128837,SLTR-195100,,(new),"WOULD MINT"
128844,SLTR-195517,,(new),"WOULD MINT"
128846,SLTR-195522,,(new),"WOULD MINT"
128847,SLTR-195661,,(new),"WOULD MINT"
128864,SLTR-195085,,(new),"WOULD MINT"
128876,SLTR-195712,,(new),"WOULD MINT"
128890,SLTR-195876,,(new),"WOULD MINT"
128904,SLTR-196428,,(new),"WOULD MINT"
128914,SLTR-196521,,(new),"WOULD MINT"
128922,SLTR-196868,,(new),"WOULD MINT"
128937,SLTR-196526,,(new),"WOULD MINT"
128938,SLTR-196407,,(new),"WOULD MINT"
128939,SLTR-196366,,(new),"WOULD MINT"
128940,SLTR-196137,,(new),"WOULD MINT"
128941,SLTR-196441,,(new),"WOULD MINT"
128949,SLTR-196432,,(new),"WOULD MINT"
128950,SLTR-196299,,(new),"WOULD MINT"
128964,SLTR-196255,,(new),"WOULD MINT"
128965,SLTR-196430,,(new),"WOULD MINT"
128973,SLTR-196421,,(new),"WOULD MINT"
128981,SLTR-196240,,(new),"WOULD MINT"
128987,SLTR-196392,,(new),"WOULD MINT"
128995,SLTR-196514,,(new),"WOULD MINT"
128997,SLTR-196252,,(new),"WOULD MINT"
129003,SLTR-196468,,(new),"WOULD MINT"
129009,SLTR-196484,,(new),"WOULD MINT"
129014,SLTR-196497,,(new),"WOULD MINT"
129015,SLTR-196053,,(new),"WOULD MINT"
129021,SLTR-196183,,(new),"WOULD MINT"
129027,SLTR-196888,,(new),"WOULD MINT"
129028,SLTR-196869,,(new),"WOULD MINT"
129041,SLTR-196469,,(new),"WOULD MINT"
129043,SLTR-196540,,(new),"WOULD MINT"
129045,SLTR-196347,,(new),"WOULD MINT"
129046,SLTR-196336,,(new),"WOULD MINT"
129056,SLTR-196434,,(new),"WOULD MINT"
129061,SLTR-196877,,(new),"WOULD MINT"
129063,SLTR-196146,,(new),"WOULD MINT"
129068,SLTR-196265,,(new),"WOULD MINT"
129085,SLTR-196136,,(new),"WOULD MINT"
129088,SLTR-196439,,(new),"WOULD MINT"
129109,SLTR-196288,,(new),"WOULD MINT"
129115,SLTR-196361,,(new),"WOULD MINT"
129125,SLTR-196257,,(new),"WOULD MINT"
129136,SLTR-196292,,(new),"WOULD MINT"
129144,SLTR-196325,,(new),"WOULD MINT"
129151,SLTR-196145,,(new),"WOULD MINT"
129158,SLTR-196144,,(new),"WOULD MINT"
129163,SLTR-196426,,(new),"WOULD MINT"
129167,SLTR-196143,,(new),"WOULD MINT"
129174,SLTR-196295,,(new),"WOULD MINT"
129177,SLTR-196477,,(new),"WOULD MINT"
129185,SLTR-196419,,(new),"WOULD MINT"
129189,SLTR-196232,,(new),"WOULD MINT"
129190,SLTR-196768,,(new),"WOULD MINT"
129194,SLTR-196865,,(new),"WOULD MINT"
129216,SLTR-196052,,(new),"WOULD MINT"
129217,SLTR-196502,,(new),"WOULD MINT"
129228,SLTR-196593,,(new),"WOULD MINT"
129229,SLTR-196080,,(new),"WOULD MINT"
129241,SLTR-196258,,(new),"WOULD MINT"
129243,SLTR-196863,,(new),"WOULD MINT"
129248,SLTR-196475,,(new),"WOULD MINT"
129252,SLTR-196373,,(new),"WOULD MINT"
129256,SLTR-196390,,(new),"WOULD MINT"
129263,SLTR-196887,,(new),"WOULD MINT"
129268,SLTR-196348,,(new),"WOULD MINT"
129275,SLTR-196334,,(new),"WOULD MINT"
129280,SLTR-196763,,(new),"WOULD MINT"
129281,SLTR-196397,,(new),"WOULD MINT"
129289,SLTR-196298,,(new),"WOULD MINT"
129295,SLTR-196249,,(new),"WOULD MINT"
129302,SLTR-196209,,(new),"WOULD MINT"
129308,SLTR-196293,,(new),"WOULD MINT"
129319,SLTR-222070,,(new),"WOULD MINT"
129330,SLTR-196248,,(new),"WOULD MINT"
129331,SLTR-196302,,(new),"WOULD MINT"
129332,SLTR-23923,,(new),"WOULD MINT"
129340,SLTR-213575,,(new),"WOULD MINT"
129347,SLTR-212635,,(new),"WOULD MINT"
129355,SLTR-213261,,(new),"WOULD MINT"
129368,SLTR-196519,,(new),"WOULD MINT"
129371,SLTR-196859,,(new),"WOULD MINT"
129375,SLTR-196131,,(new),"WOULD MINT"
129377,SLTR-196404,,(new),"WOULD MINT"
129387,SLTR-196351,,(new),"WOULD MINT"
129393,SLTR-196314,,(new),"WOULD MINT"
129395,SLTR-196425,,(new),"WOULD MINT"
129397,SLTR-196242,,(new),"WOULD MINT"
129403,SLTR-196518,,(new),"WOULD MINT"
129406,SLTR-196346,,(new),"WOULD MINT"
129413,SLTR-196330,,(new),"WOULD MINT"
129424,SLTR-196478,,(new),"WOULD MINT"
129431,SLTR-196332,,(new),"WOULD MINT"
129453,SLTR-196247,,(new),"WOULD MINT"
129456,SLTR-196694,,(new),"WOULD MINT"
129459,SLTR-196313,,(new),"WOULD MINT"
129464,SLTR-196340,,(new),"WOULD MINT"
129469,SLTR-196489,,(new),"WOULD MINT"
129471,SLTR-196495,,(new),"WOULD MINT"
129473,SLTR-196358,,(new),"WOULD MINT"
129485,SLTR-196513,,(new),"WOULD MINT"
129486,SLTR-196619,,(new),"WOULD MINT"
129491,SLTR-196517,,(new),"WOULD MINT"
129492,SLTR-196308,,(new),"WOULD MINT"
129496,SLTR-196462,,(new),"WOULD MINT"
129500,SLTR-196762,,(new),"WOULD MINT"
129503,SLTR-196134,,(new),"WOULD MINT"
129504,SLTR-196765,,(new),"WOULD MINT"
129506,SLTR-196364,,(new),"WOULD MINT"
129772,SLTR-196307,,(new),"WOULD MINT"
129803,SLTR-196253,,(new),"WOULD MINT"
129810,SLTR-196331,,(new),"WOULD MINT"
129818,SLTR-196322,,(new),"WOULD MINT"
129822,SLTR-196312,,(new),"WOULD MINT"
129834,SLTR-196291,,(new),"WOULD MINT"
129847,SLTR-196254,,(new),"WOULD MINT"
129864,SLTR-196087,,(new),"WOULD MINT"
129878,SLTR-196875,,(new),"WOULD MINT"
129894,SLTR-196141,,(new),"WOULD MINT"
129924,SLTR-196224,,(new),"WOULD MINT"
129957,SLTR-196304,,(new),"WOULD MINT"
129991,SLTR-196617,,(new),"WOULD MINT"
130025,SLTR-196290,,(new),"WOULD MINT"
130028,SLTR-196470,,(new),"WOULD MINT"
130034,SLTR-196309,,(new),"WOULD MINT"
130041,SLTR-196616,,(new),"WOULD MINT"
130045,SLTR-196395,,(new),"WOULD MINT"
130050,SLTR-196481,,(new),"WOULD MINT"
130052,SLTR-196174,,(new),"WOULD MINT"
130065,SLTR-196889,,(new),"WOULD MINT"
130072,SLTR-196342,,(new),"WOULD MINT"
130081,SLTR-196764,,(new),"WOULD MINT"
130092,SLTR-196264,,(new),"WOULD MINT"
130101,SLTR-196235,,(new),"WOULD MINT"
130113,SLTR-196490,,(new),"WOULD MINT"
130121,SLTR-196420,,(new),"WOULD MINT"
130132,SLTR-196589,,(new),"WOULD MINT"
130142,SLTR-196028,,(new),"WOULD MINT"
130151,SLTR-196431,,(new),"WOULD MINT"
130156,SLTR-196463,,(new),"WOULD MINT"
130162,SLTR-196233,,(new),"WOULD MINT"
130168,SLTR-196210,,(new),"WOULD MINT"
130176,SLTR-196139,,(new),"WOULD MINT"
130186,SLTR-196482,,(new),"WOULD MINT"
130187,SLTR-196769,,(new),"WOULD MINT"
130188,SLTR-196326,,(new),"WOULD MINT"
130189,SLTR-196287,,(new),"WOULD MINT"
130193,SLTR-196140,,(new),"WOULD MINT"
130194,SLTR-196679,,(new),"WOULD MINT"
130246,SLTR-196384,,(new),"WOULD MINT"
130267,SLTR-196360,,(new),"WOULD MINT"
130269,SLTR-196520,,(new),"WOULD MINT"
130291,SLTR-196329,,(new),"WOULD MINT"
130301,SLTR-196594,,(new),"WOULD MINT"
130303,SLTR-196250,,(new),"WOULD MINT"
130316,SLTR-196509,,(new),"WOULD MINT"
130329,SLTR-196318,,(new),"WOULD MINT"
130332,SLTR-196890,,(new),"WOULD MINT"
130346,SLTR-196372,,(new),"WOULD MINT"
130360,SLTR-196524,,(new),"WOULD MINT"
130363,SLTR-196289,,(new),"WOULD MINT"
130365,SLTR-196587,,(new),"WOULD MINT"
130369,SLTR-196379,,(new),"WOULD MINT"
130384,SLTR-196363,,(new),"WOULD MINT"
130390,SLTR-196501,,(new),"WOULD MINT"
130405,SLTR-196427,,(new),"WOULD MINT"
130409,SLTR-196483,,(new),"WOULD MINT"
130411,SLTR-196992,,(new),"WOULD MINT"
130419,SLTR-196996,,(new),"WOULD MINT"
130435,SLTR-196135,,(new),"WOULD MINT"
130457,SLTR-196746,,(new),"WOULD MINT"
130462,SLTR-71205,,(new),"WOULD MINT"
130466,SLTR-196422,,(new),"WOULD MINT"
130472,SLTR-196223,,(new),"WOULD MINT"
130473,SLTR-196319,,(new),"WOULD MINT"
130476,SLTR-71171,,(new),"WOULD MINT"
130483,SLTR-188115,,(new),"WOULD MINT"
130496,SLTR-196365,,(new),"WOULD MINT"
130506,SLTR-196236,,(new),"WOULD MINT"
130507,SLTR-196382,,(new),"WOULD MINT"
130514,SLTR-196516,,(new),"WOULD MINT"
130522,SLTR-196383,,(new),"WOULD MINT"
130530,SLTR-196870,,(new),"WOULD MINT"
130532,SLTR-196867,,(new),"WOULD MINT"
130543,SLTR-196181,,(new),"WOULD MINT"
130550,SLTR-196374,,(new),"WOULD MINT"
130551,SLTR-196064,,(new),"WOULD MINT"
130559,SLTR-196766,,(new),"WOULD MINT"
130560,SLTR-196184,,(new),"WOULD MINT"
130572,SLTR-196451,,(new),"WOULD MINT"
130579,SLTR-196491,,(new),"WOULD MINT"
130584,SLTR-196345,,(new),"WOULD MINT"
130589,SLTR-196385,,(new),"WOULD MINT"
130598,SLTR-196391,,(new),"WOULD MINT"
130600,SLTR-196473,,(new),"WOULD MINT"
130610,SLTR-196533,,(new),"WOULD MINT"
130633,SLTR-197043,,(new),"WOULD MINT"
130647,SLTR-197771,,(new),"WOULD MINT"
130651,SLTR-196538,,(new),"WOULD MINT"
130656,SLTR-197203,,(new),"WOULD MINT"
130665,SLTR-197597,,(new),"WOULD MINT"
130677,SLTR-197180,,(new),"WOULD MINT"
130683,SLTR-197871,,(new),"WOULD MINT"
130696,SLTR-197186,,(new),"WOULD MINT"
130699,SLTR-197951,,(new),"WOULD MINT"
130718,SLTR-197119,,(new),"WOULD MINT"
130719,SLTR-197950,,(new),"WOULD MINT"
130725,SLTR-196300,,(new),"WOULD MINT"
130733,SLTR-197751,,(new),"WOULD MINT"
130742,SLTR-197891,,(new),"WOULD MINT"
130753,SLTR-197200,,(new),"WOULD MINT"
130754,SLTR-197197,,(new),"WOULD MINT"
130756,SLTR-197168,,(new),"WOULD MINT"
130779,SLTR-196537,,(new),"WOULD MINT"
130781,SLTR-197153,,(new),"WOULD MINT"
130782,SLTR-197757,,(new),"WOULD MINT"
130785,SLTR-197125,,(new),"WOULD MINT"
130814,SLTR-196378,,(new),"WOULD MINT"
130853,SLTR-17666,,(new),"WOULD MINT"
130869,SLTR-197192,,(new),"WOULD MINT"
130876,SLTR-197613,,(new),"WOULD MINT"
130878,SLTR-197166,,(new),"WOULD MINT"
130883,SLTR-197313,,(new),"WOULD MINT"
130897,SLTR-197807,,(new),"WOULD MINT"
130911,SLTR-197911,,(new),"WOULD MINT"
130918,SLTR-197169,,(new),"WOULD MINT"
130930,SLTR-197170,,(new),"WOULD MINT"
130934,SLTR-197160,,(new),"WOULD MINT"
130948,SLTR-197029,,(new),"WOULD MINT"
130949,SLTR-208725,,(new),"WOULD MINT"
130953,SLTR-197562,,(new),"WOULD MINT"
130967,SLTR-197049,,(new),"WOULD MINT"
130981,SLTR-197312,,(new),"WOULD MINT"
130992,SLTR-197190,,(new),"WOULD MINT"
131002,SLTR-197782,,(new),"WOULD MINT"
131011,SLTR-197136,,(new),"WOULD MINT"
131015,SLTR-197221,,(new),"WOULD MINT"
131033,SLTR-197206,,(new),"WOULD MINT"
131042,SLTR-197161,,(new),"WOULD MINT"
131043,SLTR-197615,,(new),"WOULD MINT"
131044,SLTR-197181,,(new),"WOULD MINT"
131054,SLTR-197173,,(new),"WOULD MINT"
131059,SLTR-197208,,(new),"WOULD MINT"
131064,SLTR-197152,,(new),"WOULD MINT"
131075,SLTR-197167,,(new),"WOULD MINT"
131083,SLTR-197207,,(new),"WOULD MINT"
131085,SLTR-197130,,(new),"WOULD MINT"
131090,SLTR-197165,,(new),"WOULD MINT"
131106,SLTR-197890,,(new),"WOULD MINT"
131107,SLTR-197225,,(new),"WOULD MINT"
131113,SLTR-197183,,(new),"WOULD MINT"
131123,SLTR-197164,,(new),"WOULD MINT"
131135,SLTR-197226,,(new),"WOULD MINT"
131146,SLTR-197120,,(new),"WOULD MINT"
131147,SLTR-197184,,(new),"WOULD MINT"
131162,SLTR-197135,,(new),"WOULD MINT"
131172,SLTR-197194,,(new),"WOULD MINT"
131184,SLTR-197138,,(new),"WOULD MINT"
131188,SLTR-197949,,(new),"WOULD MINT"
131202,SLTR-197311,,(new),"WOULD MINT"
131207,SLTR-197159,,(new),"WOULD MINT"
131216,SLTR-197059,,(new),"WOULD MINT"
131232,SLTR-197762,,(new),"WOULD MINT"
131235,SLTR-197178,,(new),"WOULD MINT"
131237,SLTR-197490,,(new),"WOULD MINT"
131239,SLTR-197592,,(new),"WOULD MINT"
131241,SLTR-197129,,(new),"WOULD MINT"
131242,SLTR-197172,,(new),"WOULD MINT"
131244,SLTR-197174,,(new),"WOULD MINT"
131245,SLTR-197752,,(new),"WOULD MINT"
131250,SLTR-197201,,(new),"WOULD MINT"
131253,SLTR-197133,,(new),"WOULD MINT"
131263,SLTR-197220,,(new),"WOULD MINT"
131272,SLTR-197123,,(new),"WOULD MINT"
131280,SLTR-197755,,(new),"WOULD MINT"
131288,SLTR-197134,,(new),"WOULD MINT"
131299,SLTR-197599,,(new),"WOULD MINT"
131300,SLTR-197270,,(new),"WOULD MINT"
131310,SLTR-197140,,(new),"WOULD MINT"
131314,SLTR-197756,,(new),"WOULD MINT"
131320,SLTR-197151,,(new),"WOULD MINT"
131332,SLTR-197118,,(new),"WOULD MINT"
131334,SLTR-197137,,(new),"WOULD MINT"
131340,SLTR-197126,,(new),"WOULD MINT"
131350,SLTR-197196,,(new),"WOULD MINT"
131359,SLTR-197179,,(new),"WOULD MINT"
131366,SLTR-197222,,(new),"WOULD MINT"
131416,SLTR-198092,,(new),"WOULD MINT"
131420,SLTR-198682,,(new),"WOULD MINT"
131430,SLTR-197108,,(new),"WOULD MINT"
131434,SLTR-198747,,(new),"WOULD MINT"
131437,SLTR-198281,,(new),"WOULD MINT"
131445,SLTR-198110,,(new),"WOULD MINT"
131452,SLTR-198036,,(new),"WOULD MINT"
131460,SLTR-198082,,(new),"WOULD MINT"
131461,SLTR-197761,,(new),"WOULD MINT"
131467,SLTR-198039,,(new),"WOULD MINT"
131486,SLTR-198116,,(new),"WOULD MINT"
131492,SLTR-197131,,(new),"WOULD MINT"
131496,SLTR-198111,,(new),"WOULD MINT"
131517,SLTR-13640,,(new),"WOULD MINT"
131518,SLTR-198145,,(new),"WOULD MINT"
131521,SLTR-198139,,(new),"WOULD MINT"
131525,SLTR-197182,,(new),"WOULD MINT"
131539,SLTR-198053,,(new),"WOULD MINT"
131542,SLTR-198187,,(new),"WOULD MINT"
131554,SLTR-198686,,(new),"WOULD MINT"
131559,SLTR-198091,,(new),"WOULD MINT"
131560,SLTR-212581,,(new),"WOULD MINT"
131563,SLTR-197205,,(new),"WOULD MINT"
131567,SLTR-222432,,(new),"WOULD MINT"
131576,SLTR-198024,,(new),"WOULD MINT"
131577,SLTR-221006,,(new),"WOULD MINT"
131578,SLTR-198090,,(new),"WOULD MINT"
131584,SLTR-220142,,(new),"WOULD MINT"
131596,SLTR-212839,,(new),"WOULD MINT"
131598,SLTR-198026,,(new),"WOULD MINT"
131600,SLTR-198029,,(new),"WOULD MINT"
131605,SLTR-217594,,(new),"WOULD MINT"
131613,SLTR-197057,,(new),"WOULD MINT"
131619,SLTR-198542,,(new),"WOULD MINT"
131621,SLTR-22007,,(new),"WOULD MINT"
131626,SLTR-198122,,(new),"WOULD MINT"
131641,SLTR-197185,,(new),"WOULD MINT"
131650,SLTR-198025,,(new),"WOULD MINT"
131652,SLTR-126109,,(new),"WOULD MINT"
131654,SLTR-198121,,(new),"WOULD MINT"
131671,SLTR-12118,,(new),"WOULD MINT"
131679,SLTR-197162,,(new),"WOULD MINT"
131684,SLTR-198124,,(new),"WOULD MINT"
131703,SLTR-197886,,(new),"WOULD MINT"
131711,SLTR-198126,,(new),"WOULD MINT"
131714,SLTR-11495,,(new),"WOULD MINT"
131715,SLTR-198188,,(new),"WOULD MINT"
131727,SLTR-197831,,(new),"WOULD MINT"
131740,SLTR-198311,,(new),"WOULD MINT"
131749,SLTR-198186,,(new),"WOULD MINT"
131750,SLTR-198305,,(new),"WOULD MINT"
131755,SLTR-197707,,(new),"WOULD MINT"
131761,SLTR-198106,,(new),"WOULD MINT"
131762,SLTR-198136,,(new),"WOULD MINT"
131772,SLTR-198057,,(new),"WOULD MINT"
131785,SLTR-198933,,(new),"WOULD MINT"
131792,SLTR-198094,,(new),"WOULD MINT"
131803,SLTR-198119,,(new),"WOULD MINT"
131807,SLTR-198138,,(new),"WOULD MINT"
131809,SLTR-198687,,(new),"WOULD MINT"
131810,SLTR-198114,,(new),"WOULD MINT"
131817,SLTR-198093,,(new),"WOULD MINT"
131824,SLTR-198115,,(new),"WOULD MINT"
131831,SLTR-198117,,(new),"WOULD MINT"
131832,SLTR-198103,,(new),"WOULD MINT"
131842,SLTR-198104,,(new),"WOULD MINT"
131843,SLTR-198309,,(new),"WOULD MINT"
131863,SLTR-198118,,(new),"WOULD MINT"
131868,SLTR-198120,,(new),"WOULD MINT"
131869,SLTR-198096,,(new),"WOULD MINT"
131870,SLTR-198688,,(new),"WOULD MINT"
131871,SLTR-198189,,(new),"WOULD MINT"
131872,SLTR-198128,,(new),"WOULD MINT"
131874,SLTR-198689,,(new),"WOULD MINT"
131875,SLTR-198123,,(new),"WOULD MINT"
131876,SLTR-198028,,(new),"WOULD MINT"
131878,SLTR-198143,,(new),"WOULD MINT"
131879,SLTR-198031,,(new),"WOULD MINT"
131880,SLTR-198030,,(new),"WOULD MINT"
131882,SLTR-198805,,(new),"WOULD MINT"
131883,SLTR-198806,,(new),"WOULD MINT"
131884,SLTR-198105,,(new),"WOULD MINT"
131885,SLTR-198147,,(new),"WOULD MINT"
131886,SLTR-198190,,(new),"WOULD MINT"
131888,SLTR-198185,,(new),"WOULD MINT"
131890,SLTR-198130,,(new),"WOULD MINT"
131891,SLTR-198178,,(new),"WOULD MINT"
131892,SLTR-199471,,(new),"WOULD MINT"
131894,SLTR-199613,,(new),"WOULD MINT"
131897,SLTR-199479,,(new),"WOULD MINT"
131900,SLTR-199529,,(new),"WOULD MINT"
131905,SLTR-199095,,(new),"WOULD MINT"
131906,SLTR-199543,,(new),"WOULD MINT"
131910,SLTR-199809,,(new),"WOULD MINT"
131916,SLTR-199463,,(new),"WOULD MINT"
131918,SLTR-199430,,(new),"WOULD MINT"
131927,SLTR-199532,,(new),"WOULD MINT"
131933,SLTR-199459,,(new),"WOULD MINT"
131934,SLTR-199437,,(new),"WOULD MINT"
131936,SLTR-199436,,(new),"WOULD MINT"
131939,SLTR-199474,,(new),"WOULD MINT"
131942,SLTR-199489,,(new),"WOULD MINT"
131949,SLTR-199998,,(new),"WOULD MINT"
131951,SLTR-199426,,(new),"WOULD MINT"
131952,SLTR-199517,,(new),"WOULD MINT"
131961,SLTR-199547,,(new),"WOULD MINT"
131966,SLTR-199559,,(new),"WOULD MINT"
131969,SLTR-199096,,(new),"WOULD MINT"
131971,SLTR-199561,,(new),"WOULD MINT"
131974,SLTR-199416,,(new),"WOULD MINT"
131979,SLTR-199555,,(new),"WOULD MINT"
131986,SLTR-199548,,(new),"WOULD MINT"
131987,SLTR-199993,,(new),"WOULD MINT"
131990,SLTR-199455,,(new),"WOULD MINT"
131991,SLTR-199608,,(new),"WOULD MINT"
132000,SLTR-199456,,(new),"WOULD MINT"
132009,SLTR-199453,,(new),"WOULD MINT"
132013,SLTR-199996,,(new),"WOULD MINT"
132018,SLTR-199569,,(new),"WOULD MINT"
132025,SLTR-199256,,(new),"WOULD MINT"
132029,SLTR-199477,,(new),"WOULD MINT"
132031,SLTR-199556,,(new),"WOULD MINT"
132038,SLTR-199866,,(new),"WOULD MINT"
132039,SLTR-199564,,(new),"WOULD MINT"
132044,SLTR-199472,,(new),"WOULD MINT"
132053,SLTR-199605,,(new),"WOULD MINT"
132065,SLTR-199483,,(new),"WOULD MINT"
132071,SLTR-199525,,(new),"WOULD MINT"
132073,SLTR-199460,,(new),"WOULD MINT"
132115,SLTR-199544,,(new),"WOULD MINT"
132145,SLTR-199432,,(new),"WOULD MINT"
132167,SLTR-199421,,(new),"WOULD MINT"
132174,SLTR-199467,,(new),"WOULD MINT"
132178,SLTR-199560,,(new),"WOULD MINT"
132184,SLTR-199615,,(new),"WOULD MINT"
132189,SLTR-199505,,(new),"WOULD MINT"
132195,SLTR-199500,,(new),"WOULD MINT"
132198,SLTR-199994,,(new),"WOULD MINT"
132199,SLTR-199870,,(new),"WOULD MINT"
132200,SLTR-199465,,(new),"WOULD MINT"
132209,SLTR-199941,,(new),"WOULD MINT"
132216,SLTR-199610,,(new),"WOULD MINT"
132217,SLTR-199553,,(new),"WOULD MINT"
132223,SLTR-199601,,(new),"WOULD MINT"
132225,SLTR-199491,,(new),"WOULD MINT"
132226,SLTR-199785,,(new),"WOULD MINT"
132237,SLTR-199602,,(new),"WOULD MINT"
132247,SLTR-199424,,(new),"WOULD MINT"
132248,SLTR-199504,,(new),"WOULD MINT"
132249,SLTR-199420,,(new),"WOULD MINT"
132250,SLTR-199446,,(new),"WOULD MINT"
132254,SLTR-199444,,(new),"WOULD MINT"
132259,SLTR-199097,,(new),"WOULD MINT"
132265,SLTR-199418,,(new),"WOULD MINT"
132269,SLTR-199413,,(new),"WOULD MINT"
132271,SLTR-199448,,(new),"WOULD MINT"
132276,SLTR-199521,,(new),"WOULD MINT"
132280,SLTR-199458,,(new),"WOULD MINT"
132281,SLTR-199425,,(new),"WOULD MINT"
132286,SLTR-199859,,(new),"WOULD MINT"
132287,SLTR-199995,,(new),"WOULD MINT"
132289,SLTR-199588,,(new),"WOULD MINT"
132290,SLTR-199551,,(new),"WOULD MINT"
132291,SLTR-199550,,(new),"WOULD MINT"
132724,SLTR-200030,,(new),"WOULD MINT"
132726,SLTR-200412,,(new),"WOULD MINT"
132730,SLTR-200816,,(new),"WOULD MINT"
132732,SLTR-200584,,(new),"WOULD MINT"
132735,SLTR-200293,,(new),"WOULD MINT"
132736,SLTR-200312,,(new),"WOULD MINT"
132739,SLTR-200379,,(new),"WOULD MINT"
132741,SLTR-200810,,(new),"WOULD MINT"
132745,SLTR-200593,,(new),"WOULD MINT"
132747,SLTR-200034,,(new),"WOULD MINT"
132748,SLTR-200514,,(new),"WOULD MINT"
132749,SLTR-200580,,(new),"WOULD MINT"
132750,SLTR-200592,,(new),"WOULD MINT"
132753,SLTR-200550,,(new),"WOULD MINT"
132754,SLTR-200819,,(new),"WOULD MINT"
132755,SLTR-200551,,(new),"WOULD MINT"
132756,SLTR-200804,,(new),"WOULD MINT"
132757,SLTR-200585,,(new),"WOULD MINT"
132792,SLTR-201173,,(new),"WOULD MINT"
132809,SLTR-200025,,(new),"WOULD MINT"
132814,SLTR-200808,,(new),"WOULD MINT"
132821,SLTR-200587,,(new),"WOULD MINT"
132833,SLTR-200037,,(new),"WOULD MINT"
132836,SLTR-200814,,(new),"WOULD MINT"
132848,SLTR-200436,,(new),"WOULD MINT"
132875,SLTR-200513,,(new),"WOULD MINT"
132881,SLTR-200597,,(new),"WOULD MINT"
132902,SLTR-200512,,(new),"WOULD MINT"
132909,SLTR-200582,,(new),"WOULD MINT"
132912,SLTR-200807,,(new),"WOULD MINT"
132924,SLTR-219460,,(new),"WOULD MINT"
132943,SLTR-200581,,(new),"WOULD MINT"
132953,SLTR-200802,,(new),"WOULD MINT"
132962,SLTR-200803,,(new),"WOULD MINT"
132982,SLTR-200036,,(new),"WOULD MINT"
132990,SLTR-200035,,(new),"WOULD MINT"
132999,SLTR-200033,,(new),"WOULD MINT"
133016,SLTR-200326,,(new),"WOULD MINT"
133017,SLTR-200608,,(new),"WOULD MINT"
133021,SLTR-200546,,(new),"WOULD MINT"
133030,SLTR-200604,,(new),"WOULD MINT"
133033,SLTR-200982,,(new),"WOULD MINT"
133034,SLTR-200591,,(new),"WOULD MINT"
133036,SLTR-200609,,(new),"WOULD MINT"
133042,SLTR-200812,,(new),"WOULD MINT"
133062,SLTR-200818,,(new),"WOULD MINT"
133068,SLTR-200813,,(new),"WOULD MINT"
133076,SLTR-200806,,(new),"WOULD MINT"
133095,SLTR-200594,,(new),"WOULD MINT"
133117,SLTR-222179,,(new),"WOULD MINT"
133148,SLTR-222180,,(new),"WOULD MINT"
133169,SLTR-65852,,(new),"WOULD MINT"
133679,SLTR-199392,,(new),"WOULD MINT"
133690,SLTR-199549,,(new),"WOULD MINT"
133698,SLTR-199570,,(new),"WOULD MINT"
133702,SLTR-199867,,(new),"WOULD MINT"
133710,SLTR-199051,,(new),"WOULD MINT"
133719,SLTR-199391,,(new),"WOULD MINT"
133727,SLTR-221834,,(new),"WOULD MINT"
133758,SLTR-221634,,(new),"WOULD MINT"
133768,SLTR-202995,,(new),"WOULD MINT"
133783,SLTR-199538,,(new),"WOULD MINT"
133785,SLTR-199535,,(new),"WOULD MINT"
133789,SLTR-201125,,(new),"WOULD MINT"
133807,SLTR-112133,,(new),"WOULD MINT"
133813,SLTR-199450,,(new),"WOULD MINT"
133824,SLTR-199451,,(new),"WOULD MINT"
133826,SLTR-203693,,(new),"WOULD MINT"
133846,SLTR-199490,,(new),"WOULD MINT"
133869,SLTR-199545,,(new),"WOULD MINT"
133897,SLTR-199462,,(new),"WOULD MINT"
133909,SLTR-199586,,(new),"WOULD MINT"
133935,SLTR-208419,,(new),"WOULD MINT"
133939,SLTR-199869,,(new),"WOULD MINT"
133953,SLTR-195004,,(new),"WOULD MINT"
133965,SLTR-199533,,(new),"WOULD MINT"
133969,SLTR-204709,,(new),"WOULD MINT"
133985,SLTR-199510,,(new),"WOULD MINT"
133998,SLTR-221150,,(new),"WOULD MINT"
134011,SLTR-199468,,(new),"WOULD MINT"
134014,SLTR-199554,,(new),"WOULD MINT"
134019,SLTR-221152,,(new),"WOULD MINT"
134036,SLTR-221153,,(new),"WOULD MINT"
134040,SLTR-199611,,(new),"WOULD MINT"
134067,SLTR-221151,,(new),"WOULD MINT"
134086,SLTR-201874,,(new),"WOULD MINT"
134101,SLTR-201171,,(new),"WOULD MINT"
134109,SLTR-218746,,(new),"WOULD MINT"
134121,SLTR-201876,,(new),"WOULD MINT"
134134,SLTR-201869,,(new),"WOULD MINT"
134137,SLTR-218918,,(new),"WOULD MINT"
134149,SLTR-201185,,(new),"WOULD MINT"
134162,SLTR-201870,,(new),"WOULD MINT"
134176,SLTR-201877,,(new),"WOULD MINT"
134193,SLTR-220041,,(new),"WOULD MINT"
134201,SLTR-201710,,(new),"WOULD MINT"
134205,SLTR-201931,,(new),"WOULD MINT"
134209,SLTR-218905,,(new),"WOULD MINT"
134221,SLTR-216306,,(new),"WOULD MINT"
134222,SLTR-201916,,(new),"WOULD MINT"
134232,SLTR-201163,,(new),"WOULD MINT"
134235,SLTR-201717,,(new),"WOULD MINT"
134236,SLTR-216937,,(new),"WOULD MINT"
134242,SLTR-218599,,(new),"WOULD MINT"
134249,SLTR-201704,,(new),"WOULD MINT"
134253,SLTR-201678,,(new),"WOULD MINT"
134260,SLTR-218690,,(new),"WOULD MINT"
134263,SLTR-201174,,(new),"WOULD MINT"
134265,SLTR-201733,,(new),"WOULD MINT"
134268,SLTR-215586,,(new),"WOULD MINT"
134269,SLTR-201767,,(new),"WOULD MINT"
134271,SLTR-21085,,(new),"WOULD MINT"
134272,SLTR-218066,,(new),"WOULD MINT"
134273,SLTR-216846,,(new),"WOULD MINT"
134274,SLTR-207464,,(new),"WOULD MINT"
134275,SLTR-200786,,(new),"WOULD MINT"
134283,SLTR-281058,,(new),"WOULD MINT"
134285,SLTR-201883,,(new),"WOULD MINT"
134287,SLTR-187824,,(new),"WOULD MINT"
134311,SLTR-217315,,(new),"WOULD MINT"
134328,SLTR-213003,,(new),"WOULD MINT"
134396,SLTR-50598,,(new),"WOULD MINT"
134420,SLTR-216214,,(new),"WOULD MINT"
134425,SLTR-201736,,(new),"WOULD MINT"
134428,SLTR-201878,,(new),"WOULD MINT"
134439,SLTR-218058,,(new),"WOULD MINT"
134451,SLTR-201865,,(new),"WOULD MINT"
134456,SLTR-213477,,(new),"WOULD MINT"
134459,SLTR-201241,,(new),"WOULD MINT"
134471,SLTR-217408,,(new),"WOULD MINT"
134494,SLTR-201723,,(new),"WOULD MINT"
134498,SLTR-201184,,(new),"WOULD MINT"
134501,SLTR-218172,,(new),"WOULD MINT"
134516,SLTR-201302,,(new),"WOULD MINT"
134533,SLTR-125645,,(new),"WOULD MINT"
134541,SLTR-201713,,(new),"WOULD MINT"
134545,SLTR-201039,,(new),"WOULD MINT"
134551,SLTR-58022,,(new),"WOULD MINT"
134566,SLTR-201690,,(new),"WOULD MINT"
134567,SLTR-201721,,(new),"WOULD MINT"
134569,SLTR-130571,,(new),"WOULD MINT"
134578,SLTR-33087,,(new),"WOULD MINT"
134579,SLTR-201730,,(new),"WOULD MINT"
134580,SLTR-201175,,(new),"WOULD MINT"
134585,SLTR-202467,,(new),"WOULD MINT"
134588,SLTR-201246,,(new),"WOULD MINT"
134593,SLTR-200045,,(new),"WOULD MINT"
134598,SLTR-129371,,(new),"WOULD MINT"
134604,SLTR-201645,,(new),"WOULD MINT"
134627,SLTR-85656,,(new),"WOULD MINT"
134629,SLTR-201158,,(new),"WOULD MINT"
134632,SLTR-201871,,(new),"WOULD MINT"
134645,SLTR-57642,,(new),"WOULD MINT"
134652,SLTR-201714,,(new),"WOULD MINT"
134659,SLTR-187961,,(new),"WOULD MINT"
134669,SLTR-201183,,(new),"WOULD MINT"
134672,SLTR-203650,,(new),"WOULD MINT"
134680,SLTR-129614,,(new),"WOULD MINT"
134683,SLTR-30970,,(new),"WOULD MINT"
134734,SLTR-212998,,(new),"WOULD MINT"
134746,SLTR-208257,,(new),"WOULD MINT"
134748,SLTR-208618,,(new),"WOULD MINT"
134761,SLTR-11747,,(new),"WOULD MINT"
134762,SLTR-208400,,(new),"WOULD MINT"
134768,SLTR-208453,,(new),"WOULD MINT"
134774,SLTR-219843,,(new),"WOULD MINT"
134781,SLTR-208835,,(new),"WOULD MINT"
134789,SLTR-215587,,(new),"WOULD MINT"
134790,SLTR-208888,,(new),"WOULD MINT"
134799,SLTR-208752,,(new),"WOULD MINT"
134800,SLTR-217698,,(new),"WOULD MINT"
134807,SLTR-208233,,(new),"WOULD MINT"
134819,SLTR-216330,,(new),"WOULD MINT"
134822,SLTR-208764,,(new),"WOULD MINT"
134829,SLTR-208384,,(new),"WOULD MINT"
134834,SLTR-214707,,(new),"WOULD MINT"
134847,SLTR-208460,,(new),"WOULD MINT"
134849,SLTR-208581,,(new),"WOULD MINT"
134854,SLTR-97453,,(new),"WOULD MINT"
134869,SLTR-213501,,(new),"WOULD MINT"
134876,SLTR-208929,,(new),"WOULD MINT"
134886,SLTR-213331,,(new),"WOULD MINT"
134892,SLTR-208868,,(new),"WOULD MINT"
134926,SLTR-208629,,(new),"WOULD MINT"
134927,SLTR-214704,,(new),"WOULD MINT"
134947,SLTR-217544,,(new),"WOULD MINT"
134971,SLTR-208306,,(new),"WOULD MINT"
134997,SLTR-218059,,(new),"WOULD MINT"
135012,SLTR-31062,,(new),"WOULD MINT"
135016,SLTR-208779,,(new),"WOULD MINT"
135032,SLTR-221655,,(new),"WOULD MINT"
135036,SLTR-208858,,(new),"WOULD MINT"
135044,SLTR-208754,,(new),"WOULD MINT"
135051,SLTR-220337,,(new),"WOULD MINT"
135058,SLTR-208601,,(new),"WOULD MINT"
135067,SLTR-208607,,(new),"WOULD MINT"
135076,SLTR-219842,,(new),"WOULD MINT"
135082,SLTR-208320,,(new),"WOULD MINT"
135092,SLTR-208502,,(new),"WOULD MINT"
135107,SLTR-220928,,(new),"WOULD MINT"
135115,SLTR-208476,,(new),"WOULD MINT"
135122,SLTR-208563,,(new),"WOULD MINT"
135126,SLTR-220956,,(new),"WOULD MINT"
135130,SLTR-208468,,(new),"WOULD MINT"
135132,SLTR-221008,,(new),"WOULD MINT"
135158,SLTR-208856,,(new),"WOULD MINT"
135159,SLTR-126157,,(new),"WOULD MINT"
135160,SLTR-208769,,(new),"WOULD MINT"
135162,SLTR-217598,,(new),"WOULD MINT"
135164,SLTR-208834,,(new),"WOULD MINT"
135165,SLTR-220827,,(new),"WOULD MINT"
135168,SLTR-208586,,(new),"WOULD MINT"
135171,SLTR-208545,,(new),"WOULD MINT"
135172,SLTR-208260,,(new),"WOULD MINT"
135176,SLTR-220157,,(new),"WOULD MINT"
135182,SLTR-208446,,(new),"WOULD MINT"
135190,SLTR-208891,,(new),"WOULD MINT"
135197,SLTR-208750,,(new),"WOULD MINT"
135204,SLTR-208097,,(new),"WOULD MINT"
135218,SLTR-208605,,(new),"WOULD MINT"
135231,SLTR-208362,,(new),"WOULD MINT"
135233,SLTR-208756,,(new),"WOULD MINT"
135263,SLTR-213219,,(new),"WOULD MINT"
135264,SLTR-208802,,(new),"WOULD MINT"
135278,SLTR-208125,,(new),"WOULD MINT"
135285,SLTR-207919,,(new),"WOULD MINT"
135287,SLTR-208102,,(new),"WOULD MINT"
135305,SLTR-208745,,(new),"WOULD MINT"
135306,SLTR-208935,,(new),"WOULD MINT"
135310,SLTR-64782,,(new),"WOULD MINT"
135435,SLTR-208510,,(new),"WOULD MINT"
135440,SLTR-220359,,(new),"WOULD MINT"
135457,SLTR-203205,,(new),"WOULD MINT"
135468,SLTR-203206,,(new),"WOULD MINT"
135473,SLTR-208637,,(new),"WOULD MINT"
135479,SLTR-203207,,(new),"WOULD MINT"
135480,SLTR-208430,,(new),"WOULD MINT"
135587,SLTR-208837,,(new),"WOULD MINT"
135594,SLTR-203208,,(new),"WOULD MINT"
135598,SLTR-208972,,(new),"WOULD MINT"
135604,SLTR-216717,,(new),"WOULD MINT"
135605,SLTR-208703,,(new),"WOULD MINT"
135607,SLTR-208592,,(new),"WOULD MINT"
135609,SLTR-217668,,(new),"WOULD MINT"
135612,SLTR-220538,,(new),"WOULD MINT"
135613,SLTR-208577,,(new),"WOULD MINT"
135614,SLTR-208836,,(new),"WOULD MINT"
135615,SLTR-210493,,(new),"WOULD MINT"
135618,SLTR-208617,,(new),"WOULD MINT"
135619,SLTR-220584,,(new),"WOULD MINT"
135622,SLTR-208570,,(new),"WOULD MINT"
135633,SLTR-216939,,(new),"WOULD MINT"
135663,SLTR-208721,,(new),"WOULD MINT"
135664,SLTR-208162,,(new),"WOULD MINT"
135688,SLTR-208755,,(new),"WOULD MINT"
135689,SLTR-208517,,(new),"WOULD MINT"
135691,SLTR-208350,,(new),"WOULD MINT"
135701,SLTR-203217,,(new),"WOULD MINT"
135714,SLTR-208303,,(new),"WOULD MINT"
135731,SLTR-208582,,(new),"WOULD MINT"
135733,SLTR-208377,,(new),"WOULD MINT"
135735,SLTR-208500,,(new),"WOULD MINT"
135741,SLTR-208906,,(new),"WOULD MINT"
135742,SLTR-208503,,(new),"WOULD MINT"
135752,SLTR-208621,,(new),"WOULD MINT"
135759,SLTR-208800,,(new),"WOULD MINT"
135760,SLTR-208472,,(new),"WOULD MINT"
135768,SLTR-208772,,(new),"WOULD MINT"
135769,SLTR-208899,,(new),"WOULD MINT"
135777,SLTR-208652,,(new),"WOULD MINT"
135781,SLTR-208113,,(new),"WOULD MINT"
135782,SLTR-208234,,(new),"WOULD MINT"
135787,SLTR-208378,,(new),"WOULD MINT"
135793,SLTR-208632,,(new),"WOULD MINT"
135794,SLTR-208831,,(new),"WOULD MINT"
135800,SLTR-208783,,(new),"WOULD MINT"
135813,SLTR-208382,,(new),"WOULD MINT"
135816,SLTR-208426,,(new),"WOULD MINT"
135833,SLTR-208613,,(new),"WOULD MINT"
135837,SLTR-208518,,(new),"WOULD MINT"
135839,SLTR-208679,,(new),"WOULD MINT"
135857,SLTR-208509,,(new),"WOULD MINT"
135864,SLTR-208861,,(new),"WOULD MINT"
135872,SLTR-208240,,(new),"WOULD MINT"
135879,SLTR-208413,,(new),"WOULD MINT"
135888,SLTR-208609,,(new),"WOULD MINT"
135903,SLTR-208961,,(new),"WOULD MINT"
135905,SLTR-208662,,(new),"WOULD MINT"
135909,SLTR-208242,,(new),"WOULD MINT"
135932,SLTR-208519,,(new),"WOULD MINT"
135935,SLTR-208442,,(new),"WOULD MINT"
135942,SLTR-208094,,(new),"WOULD MINT"
135953,SLTR-208499,,(new),"WOULD MINT"
135961,SLTR-208495,,(new),"WOULD MINT"
135971,SLTR-208422,,(new),"WOULD MINT"
135978,SLTR-208956,,(new),"WOULD MINT"
135983,SLTR-208595,,(new),"WOULD MINT"
135992,SLTR-208451,,(new),"WOULD MINT"
135995,SLTR-208466,,(new),"WOULD MINT"
136016,SLTR-208379,,(new),"WOULD MINT"
136022,SLTR-208458,,(new),"WOULD MINT"
136025,SLTR-208984,,(new),"WOULD MINT"
136045,SLTR-208687,,(new),"WOULD MINT"
136048,SLTR-208828,,(new),"WOULD MINT"
136054,SLTR-208720,,(new),"WOULD MINT"
136080,SLTR-208498,,(new),"WOULD MINT"
136093,SLTR-208514,,(new),"WOULD MINT"
136102,SLTR-208804,,(new),"WOULD MINT"
136110,SLTR-208501,,(new),"WOULD MINT"
136126,SLTR-208936,,(new),"WOULD MINT"
136133,SLTR-208598,,(new),"WOULD MINT"
136155,SLTR-208635,,(new),"WOULD MINT"
136156,SLTR-208808,,(new),"WOULD MINT"
136166,SLTR-208099,,(new),"WOULD MINT"
136173,SLTR-215196,,(new),"WOULD MINT"
136178,SLTR-196498,,(new),"WOULD MINT"
136187,SLTR-208092,,(new),"WOULD MINT"
136193,SLTR-220479,,(new),"WOULD MINT"
136197,SLTR-208462,,(new),"WOULD MINT"
136211,SLTR-222388,,(new),"WOULD MINT"
136214,SLTR-208421,,(new),"WOULD MINT"
136225,SLTR-208407,,(new),"WOULD MINT"
136238,SLTR-208657,,(new),"WOULD MINT"
136251,SLTR-208259,,(new),"WOULD MINT"
136255,SLTR-208556,,(new),"WOULD MINT"
136280,SLTR-208918,,(new),"WOULD MINT"
136284,SLTR-208639,,(new),"WOULD MINT"
136285,SLTR-208427,,(new),"WOULD MINT"
136302,SLTR-208230,,(new),"WOULD MINT"
136305,SLTR-208986,,(new),"WOULD MINT"
136312,SLTR-208911,,(new),"WOULD MINT"
136313,SLTR-208939,,(new),"WOULD MINT"
136315,SLTR-208520,,(new),"WOULD MINT"
136322,SLTR-208456,,(new),"WOULD MINT"
136324,SLTR-208743,,(new),"WOULD MINT"
136326,SLTR-208415,,(new),"WOULD MINT"
136328,SLTR-208580,,(new),"WOULD MINT"
136329,SLTR-208195,,(new),"WOULD MINT"
136330,SLTR-208965,,(new),"WOULD MINT"
136331,SLTR-208596,,(new),"WOULD MINT"
136332,SLTR-221717,,(new),"WOULD MINT"
136333,SLTR-221956,,(new),"WOULD MINT"
136334,SLTR-221636,,(new),"WOULD MINT"
136341,SLTR-221759,,(new),"WOULD MINT"
136350,SLTR-208610,,(new),"WOULD MINT"
136351,SLTR-220042,,(new),"WOULD MINT"
136362,SLTR-221943,,(new),"WOULD MINT"
136366,SLTR-208159,,(new),"WOULD MINT"
136379,SLTR-221605,,(new),"WOULD MINT"
136390,SLTR-208522,,(new),"WOULD MINT"
136397,SLTR-221722,,(new),"WOULD MINT"
136427,SLTR-208494,,(new),"WOULD MINT"
136442,SLTR-220563,,(new),"WOULD MINT"
136455,SLTR-208983,,(new),"WOULD MINT"
136467,SLTR-208674,,(new),"WOULD MINT"
136478,SLTR-221986,,(new),"WOULD MINT"
136498,SLTR-208953,,(new),"WOULD MINT"
136504,SLTR-208152,,(new),"WOULD MINT"
136511,SLTR-221959,,(new),"WOULD MINT"
136528,SLTR-208493,,(new),"WOULD MINT"
136530,SLTR-219813,,(new),"WOULD MINT"
136532,SLTR-208626,,(new),"WOULD MINT"
136562,SLTR-208238,,(new),"WOULD MINT"
136576,SLTR-208252,,(new),"WOULD MINT"
136590,SLTR-221529,,(new),"WOULD MINT"
136597,SLTR-208251,,(new),"WOULD MINT"
136608,SLTR-208470,,(new),"WOULD MINT"
136612,SLTR-221962,,(new),"WOULD MINT"
136625,SLTR-208880,,(new),"WOULD MINT"
136632,SLTR-205022,,(new),"WOULD MINT"
136640,SLTR-208565,,(new),"WOULD MINT"
136657,SLTR-208237,,(new),"WOULD MINT"
136658,SLTR-204296,,(new),"WOULD MINT"
136675,SLTR-208600,,(new),"WOULD MINT"
136689,SLTR-215579,,(new),"WOULD MINT"
136702,SLTR-220783,,(new),"WOULD MINT"
136704,SLTR-208558,,(new),"WOULD MINT"
136706,SLTR-208606,,(new),"WOULD MINT"
136711,SLTR-208109,,(new),"WOULD MINT"
136714,SLTR-208954,,(new),"WOULD MINT"
136722,SLTR-221327,,(new),"WOULD MINT"
136730,SLTR-221608,,(new),"WOULD MINT"
136748,SLTR-219495,,(new),"WOULD MINT"
136756,SLTR-208646,,(new),"WOULD MINT"
136762,SLTR-221681,,(new),"WOULD MINT"
136795,SLTR-220647,,(new),"WOULD MINT"
136802,SLTR-208678,,(new),"WOULD MINT"
136813,SLTR-220648,,(new),"WOULD MINT"
136819,SLTR-208433,,(new),"WOULD MINT"
136829,SLTR-208955,,(new),"WOULD MINT"
136835,SLTR-220646,,(new),"WOULD MINT"
136852,SLTR-220645,,(new),"WOULD MINT"
136862,SLTR-208675,,(new),"WOULD MINT"
136866,SLTR-208938,,(new),"WOULD MINT"
136874,SLTR-219493,,(new),"WOULD MINT"
136893,SLTR-50189,,(new),"WOULD MINT"
136897,SLTR-219496,,(new),"WOULD MINT"
136904,SLTR-221688,,(new),"WOULD MINT"
136909,SLTR-219811,,(new),"WOULD MINT"
136913,SLTR-208236,,(new),"WOULD MINT"
138711,SLTR-214368,,(new),"WOULD MINT"
138729,SLTR-214367,,(new),"WOULD MINT"
138737,SLTR-208441,,(new),"WOULD MINT"
138749,SLTR-208308,,(new),"WOULD MINT"
138752,SLTR-208604,,(new),"WOULD MINT"
138764,SLTR-208634,,(new),"WOULD MINT"
138771,SLTR-208423,,(new),"WOULD MINT"
138790,SLTR-208111,,(new),"WOULD MINT"
138794,SLTR-208611,,(new),"WOULD MINT"
138797,SLTR-208676,,(new),"WOULD MINT"
138812,SLTR-208667,,(new),"WOULD MINT"
138818,SLTR-208963,,(new),"WOULD MINT"
138829,SLTR-208865,,(new),"WOULD MINT"
138832,SLTR-208761,,(new),"WOULD MINT"
138838,SLTR-208777,,(new),"WOULD MINT"
138852,SLTR-208589,,(new),"WOULD MINT"
138853,SLTR-208091,,(new),"WOULD MINT"
138859,SLTR-208590,,(new),"WOULD MINT"
138876,SLTR-208329,,(new),"WOULD MINT"
138885,SLTR-208933,,(new),"WOULD MINT"
138888,SLTR-208497,,(new),"WOULD MINT"
138896,SLTR-208602,,(new),"WOULD MINT"
138908,SLTR-208254,,(new),"WOULD MINT"
138910,SLTR-208314,,(new),"WOULD MINT"
138911,SLTR-208434,,(new),"WOULD MINT"
138930,SLTR-219745,,(new),"WOULD MINT"
138945,SLTR-208253,,(new),"WOULD MINT"
138948,SLTR-208952,,(new),"WOULD MINT"
138954,SLTR-217874,,(new),"WOULD MINT"
138967,SLTR-221936,,(new),"WOULD MINT"
138978,SLTR-208450,,(new),"WOULD MINT"
138981,SLTR-207494,,(new),"WOULD MINT"
138983,SLTR-209542,,(new),"WOULD MINT"
138996,SLTR-219910,,(new),"WOULD MINT"
139006,SLTR-207492,,(new),"WOULD MINT"
139010,SLTR-220495,,(new),"WOULD MINT"
139013,SLTR-207493,,(new),"WOULD MINT"
139026,SLTR-219604,,(new),"WOULD MINT"
139029,SLTR-207901,,(new),"WOULD MINT"
139043,SLTR-219603,,(new),"WOULD MINT"
139045,SLTR-207654,,(new),"WOULD MINT"
139054,SLTR-207479,,(new),"WOULD MINT"
139055,SLTR-220499,,(new),"WOULD MINT"
139065,SLTR-219605,,(new),"WOULD MINT"
139067,SLTR-207897,,(new),"WOULD MINT"
139073,SLTR-207489,,(new),"WOULD MINT"
139078,SLTR-220501,,(new),"WOULD MINT"
139089,SLTR-207990,,(new),"WOULD MINT"
139091,SLTR-208516,,(new),"WOULD MINT"
139101,SLTR-221624,,(new),"WOULD MINT"
139119,SLTR-220502,,(new),"WOULD MINT"
139122,SLTR-207932,,(new),"WOULD MINT"
139123,SLTR-20720,,(new),"WOULD MINT"
139134,SLTR-220500,,(new),"WOULD MINT"
139146,SLTR-221625,,(new),"WOULD MINT"
139147,SLTR-114607,,(new),"WOULD MINT"
139160,SLTR-207729,,(new),"WOULD MINT"
139161,SLTR-220656,,(new),"WOULD MINT"
139168,SLTR-220058,,(new),"WOULD MINT"
139171,SLTR-207534,,(new),"WOULD MINT"
139274,SLTR-219607,,(new),"WOULD MINT"
139277,SLTR-207930,,(new),"WOULD MINT"
139278,SLTR-20970,,(new),"WOULD MINT"
139281,SLTR-36035,,(new),"WOULD MINT"
139282,SLTR-207801,,(new),"WOULD MINT"
139288,SLTR-190093,,(new),"WOULD MINT"
139294,SLTR-208597,,(new),"WOULD MINT"
139295,SLTR-208567,,(new),"WOULD MINT"
139299,SLTR-208853,,(new),"WOULD MINT"
139304,SLTR-208235,,(new),"WOULD MINT"
139307,SLTR-208316,,(new),"WOULD MINT"
139313,SLTR-208714,,(new),"WOULD MINT"
139314,SLTR-208740,,(new),"WOULD MINT"
139316,SLTR-208454,,(new),"WOULD MINT"
139329,SLTR-208712,,(new),"WOULD MINT"
139337,SLTR-208948,,(new),"WOULD MINT"
139354,SLTR-208098,,(new),"WOULD MINT"
139358,SLTR-208457,,(new),"WOULD MINT"
139362,SLTR-208733,,(new),"WOULD MINT"
139379,SLTR-208417,,(new),"WOULD MINT"
139393,SLTR-208940,,(new),"WOULD MINT"
139406,SLTR-208444,,(new),"WOULD MINT"
139417,SLTR-208487,,(new),"WOULD MINT"
139439,SLTR-208927,,(new),"WOULD MINT"
139458,SLTR-208358,,(new),"WOULD MINT"
139477,SLTR-208403,,(new),"WOULD MINT"
139483,SLTR-208588,,(new),"WOULD MINT"
139504,SLTR-221573,,(new),"WOULD MINT"
139521,SLTR-208126,,(new),"WOULD MINT"
139526,SLTR-208496,,(new),"WOULD MINT"
139545,SLTR-49464,,(new),"WOULD MINT"
139553,SLTR-208594,,(new),"WOULD MINT"
139557,SLTR-208330,,(new),"WOULD MINT"
139572,SLTR-50927,,(new),"WOULD MINT"
139579,SLTR-208669,,(new),"WOULD MINT"
139584,SLTR-208313,,(new),"WOULD MINT"
139593,SLTR-208351,,(new),"WOULD MINT"
139612,SLTR-208328,,(new),"WOULD MINT"
139624,SLTR-208431,,(new),"WOULD MINT"
139626,SLTR-208690,,(new),"WOULD MINT"
139635,SLTR-49206,,(new),"WOULD MINT"
139636,SLTR-208381,,(new),"WOULD MINT"
139643,SLTR-208964,,(new),"WOULD MINT"
139657,SLTR-208988,,(new),"WOULD MINT"
139658,SLTR-208256,,(new),"WOULD MINT"
139686,SLTR-208564,,(new),"WOULD MINT"
139695,SLTR-208258,,(new),"WOULD MINT"
139704,SLTR-20843,,(new),"WOULD MINT"
139706,SLTR-208855,,(new),"WOULD MINT"
139720,SLTR-208869,,(new),"WOULD MINT"
139722,SLTR-208504,,(new),"WOULD MINT"
139734,SLTR-208465,,(new),"WOULD MINT"
139742,SLTR-208715,,(new),"WOULD MINT"
139747,SLTR-208150,,(new),"WOULD MINT"
139748,SLTR-208428,,(new),"WOULD MINT"
139749,SLTR-208713,,(new),"WOULD MINT"
139750,SLTR-208829,,(new),"WOULD MINT"
140781,SLTR-212003,,(new),"WOULD MINT"
140788,SLTR-208873,,(new),"WOULD MINT"
140800,SLTR-218857,,(new),"WOULD MINT"
140810,SLTR-208668,,(new),"WOULD MINT"
140819,SLTR-218852,,(new),"WOULD MINT"
140820,SLTR-208327,,(new),"WOULD MINT"
140829,SLTR-213291,,(new),"WOULD MINT"
140839,SLTR-218851,,(new),"WOULD MINT"
140840,SLTR-208650,,(new),"WOULD MINT"
140857,SLTR-218853,,(new),"WOULD MINT"
140862,SLTR-208599,,(new),"WOULD MINT"
140864,SLTR-208890,,(new),"WOULD MINT"
140867,SLTR-216143,,(new),"WOULD MINT"
140891,SLTR-208966,,(new),"WOULD MINT"
140896,SLTR-221721,,(new),"WOULD MINT"
140905,SLTR-208566,,(new),"WOULD MINT"
140909,SLTR-208334,,(new),"WOULD MINT"
140916,SLTR-190619,,(new),"WOULD MINT"
140921,SLTR-208647,,(new),"WOULD MINT"
140929,SLTR-208193,,(new),"WOULD MINT"
140947,SLTR-221637,,(new),"WOULD MINT"
140954,SLTR-208568,,(new),"WOULD MINT"
140972,SLTR-222003,,(new),"WOULD MINT"
140979,SLTR-208663,,(new),"WOULD MINT"
140990,SLTR-208759,,(new),"WOULD MINT"
141004,SLTR-203134,,(new),"WOULD MINT"
141015,SLTR-208760,,(new),"WOULD MINT"
141019,SLTR-48145,,(new),"WOULD MINT"
141034,SLTR-208560,,(new),"WOULD MINT"
141038,SLTR-222248,,(new),"WOULD MINT"
141053,SLTR-208749,,(new),"WOULD MINT"
141059,SLTR-216601,,(new),"WOULD MINT"
141067,SLTR-208194,,(new),"WOULD MINT"
141083,SLTR-208664,,(new),"WOULD MINT"
141093,SLTR-208603,,(new),"WOULD MINT"
141099,SLTR-197851,,(new),"WOULD MINT"
141113,SLTR-216354,,(new),"WOULD MINT"
141132,SLTR-208766,,(new),"WOULD MINT"
141135,SLTR-216621,,(new),"WOULD MINT"
141136,SLTR-208464,,(new),"WOULD MINT"
141153,SLTR-216622,,(new),"WOULD MINT"
141174,SLTR-208716,,(new),"WOULD MINT"
141178,SLTR-216623,,(new),"WOULD MINT"
141190,SLTR-216624,,(new),"WOULD MINT"
141202,SLTR-214237,,(new),"WOULD MINT"
141206,SLTR-208445,,(new),"WOULD MINT"
141212,SLTR-216625,,(new),"WOULD MINT"
141213,SLTR-208557,,(new),"WOULD MINT"
141237,SLTR-216795,,(new),"WOULD MINT"
141244,SLTR-208833,,(new),"WOULD MINT"
141262,SLTR-57189,,(new),"WOULD MINT"
141266,SLTR-208435,,(new),"WOULD MINT"
141279,SLTR-208481,,(new),"WOULD MINT"
141283,SLTR-194577,,(new),"WOULD MINT"
141301,SLTR-218419,,(new),"WOULD MINT"
141302,SLTR-208463,,(new),"WOULD MINT"
141312,SLTR-208932,,(new),"WOULD MINT"
141317,SLTR-218082,,(new),"WOULD MINT"
141350,SLTR-208406,,(new),"WOULD MINT"
141358,SLTR-216203,,(new),"WOULD MINT"
141379,SLTR-219299,,(new),"WOULD MINT"
141392,SLTR-208087,,(new),"WOULD MINT"
141405,SLTR-131922,,(new),"WOULD MINT"
141414,SLTR-208985,,(new),"WOULD MINT"
141443,SLTR-208471,,(new),"WOULD MINT"
141453,SLTR-208636,,(new),"WOULD MINT"
141454,SLTR-221549,,(new),"WOULD MINT"
141474,SLTR-208859,,(new),"WOULD MINT"
141475,SLTR-60239,,(new),"WOULD MINT"
141489,SLTR-221548,,(new),"WOULD MINT"
141490,SLTR-208579,,(new),"WOULD MINT"
141495,SLTR-215187,,(new),"WOULD MINT"
141496,SLTR-208332,,(new),"WOULD MINT"
141499,SLTR-221267,,(new),"WOULD MINT"
141501,SLTR-208508,,(new),"WOULD MINT"
141503,SLTR-208467,,(new),"WOULD MINT"
141504,SLTR-195584,,(new),"WOULD MINT"
141506,SLTR-208532,,(new),"WOULD MINT"
141507,SLTR-208711,,(new),"WOULD MINT"
141508,SLTR-195566,,(new),"WOULD MINT"
141509,SLTR-208096,,(new),"WOULD MINT"
141510,SLTR-67851,,(new),"WOULD MINT"
141511,SLTR-205040,,(new),"WOULD MINT"
141514,SLTR-48956,,(new),"WOULD MINT"
141519,SLTR-77126,,(new),"WOULD MINT"
141521,SLTR-220630,,(new),"WOULD MINT"
141522,SLTR-213442,,(new),"WOULD MINT"
141524,SLTR-222232,,(new),"WOULD MINT"
141529,SLTR-222260,,(new),"WOULD MINT"
141533,SLTR-226115,,(new),"WOULD MINT"
141534,SLTR-222259,,(new),"WOULD MINT"
144379,SLTR-33499,,(new),"WOULD MINT"
144380,SLTR-208892,,(new),"WOULD MINT"
144384,SLTR-208887,,(new),"WOULD MINT"
144386,SLTR-208840,,(new),"WOULD MINT"
144388,SLTR-77578,,(new),"WOULD MINT"
144389,SLTR-208786,,(new),"WOULD MINT"
144392,SLTR-208569,,(new),"WOULD MINT"
144396,SLTR-132153,,(new),"WOULD MINT"
144397,SLTR-208807,,(new),"WOULD MINT"
144399,SLTR-221777,,(new),"WOULD MINT"
144401,SLTR-112189,,(new),"WOULD MINT"
144406,SLTR-208889,,(new),"WOULD MINT"
144407,SLTR-23653,,(new),"WOULD MINT"
144413,SLTR-205326,,(new),"WOULD MINT"
144414,SLTR-112182,,(new),"WOULD MINT"
144416,SLTR-204423,,(new),"WOULD MINT"
144417,SLTR-208425,,(new),"WOULD MINT"
144427,SLTR-112183,,(new),"WOULD MINT"
144440,SLTR-208893,,(new),"WOULD MINT"
144441,SLTR-112188,,(new),"WOULD MINT"
144456,SLTR-77310,,(new),"WOULD MINT"
144469,SLTR-208530,,(new),"WOULD MINT"
144479,SLTR-222005,,(new),"WOULD MINT"
144480,SLTR-221615,,(new),"WOULD MINT"
144497,SLTR-221978,,(new),"WOULD MINT"
144507,SLTR-208529,,(new),"WOULD MINT"
144508,SLTR-43645,,(new),"WOULD MINT"
144539,SLTR-208943,,(new),"WOULD MINT"
144540,SLTR-214999,,(new),"WOULD MINT"
144546,SLTR-208949,,(new),"WOULD MINT"
144564,SLTR-112187,,(new),"WOULD MINT"
144566,SLTR-134490,,(new),"WOULD MINT"
144570,SLTR-208093,,(new),"WOULD MINT"
144580,SLTR-211903,,(new),"WOULD MINT"
144587,SLTR-46275,,(new),"WOULD MINT"
144598,SLTR-211904,,(new),"WOULD MINT"
144604,SLTR-45170,,(new),"WOULD MINT"
144614,SLTR-208881,,(new),"WOULD MINT"
144621,SLTR-63578,,(new),"WOULD MINT"
144636,SLTR-201989,,(new),"WOULD MINT"
144638,SLTR-197906,,(new),"WOULD MINT"
144652,SLTR-208995,,(new),"WOULD MINT"
144653,SLTR-207045,,(new),"WOULD MINT"
144655,SLTR-22084,,(new),"WOULD MINT"
144669,SLTR-220958,,(new),"WOULD MINT"
144675,SLTR-112120,,(new),"WOULD MINT"
144686,SLTR-208408,,(new),"WOULD MINT"
144696,SLTR-208401,,(new),"WOULD MINT"
144697,SLTR-98499,,(new),"WOULD MINT"
144714,SLTR-208688,,(new),"WOULD MINT"
144717,SLTR-27676,,(new),"WOULD MINT"
144718,SLTR-208101,,(new),"WOULD MINT"
144734,SLTR-64024,,(new),"WOULD MINT"
144741,SLTR-298941,,(new),"WOULD MINT"
144748,SLTR-208633,,(new),"WOULD MINT"
144752,SLTR-68485,,(new),"WOULD MINT"
144772,SLTR-208383,,(new),"WOULD MINT"
144774,SLTR-58161,,(new),"WOULD MINT"
144778,SLTR-208461,,(new),"WOULD MINT"
144797,SLTR-214438,,(new),"WOULD MINT"
144804,SLTR-208917,,(new),"WOULD MINT"
144813,SLTR-195562,,(new),"WOULD MINT"
144832,SLTR-45171,,(new),"WOULD MINT"
144843,SLTR-208854,,(new),"WOULD MINT"
144855,SLTR-131866,,(new),"WOULD MINT"
144857,SLTR-208857,,(new),"WOULD MINT"
144870,SLTR-208738,,(new),"WOULD MINT"
144986,SLTR-208576,,(new),"WOULD MINT"
144992,SLTR-205860,,(new),"WOULD MINT"
145097,SLTR-28994,,(new),"WOULD MINT"
145099,SLTR-54201,,(new),"WOULD MINT"
145203,SLTR-205556,,(new),"WOULD MINT"
145306,SLTR-214045,,(new),"WOULD MINT"
145315,SLTR-206498,,(new),"WOULD MINT"
145323,SLTR-199109,,(new),"WOULD MINT"
145326,SLTR-77564,,(new),"WOULD MINT"
145328,SLTR-200586,,(new),"WOULD MINT"
145329,SLTR-220950,,(new),"WOULD MINT"
145479,SLTR-199762,,(new),"WOULD MINT"
145489,SLTR-196301,,(new),"WOULD MINT"
145497,SLTR-208593,,(new),"WOULD MINT"
145518,SLTR-51500,,(new),"WOULD MINT"
145521,SLTR-208438,,(new),"WOULD MINT"
145541,SLTR-204411,,(new),"WOULD MINT"
145546,SLTR-208573,,(new),"WOULD MINT"
145551,SLTR-207988,,(new),"WOULD MINT"
145558,SLTR-199567,,(new),"WOULD MINT"
145574,SLTR-22194,,(new),"WOULD MINT"
145592,SLTR-207290,,(new),"WOULD MINT"
145593,SLTR-207915,,(new),"WOULD MINT"
145599,SLTR-130087,,(new),"WOULD MINT"
145612,SLTR-207285,,(new),"WOULD MINT"
145624,SLTR-207094,,(new),"WOULD MINT"
145625,SLTR-206423,,(new),"WOULD MINT"
145631,SLTR-17759,,(new),"WOULD MINT"
145640,SLTR-120047,,(new),"WOULD MINT"
145646,SLTR-207116,,(new),"WOULD MINT"
145654,SLTR-205030,,(new),"WOULD MINT"
145657,SLTR-207490,,(new),"WOULD MINT"
145674,SLTR-207113,,(new),"WOULD MINT"
145684,SLTR-31049,,(new),"WOULD MINT"
145685,SLTR-207903,,(new),"WOULD MINT"
145703,SLTR-207535,,(new),"WOULD MINT"
145707,SLTR-75803,,(new),"WOULD MINT"
145715,SLTR-207938,,(new),"WOULD MINT"
145722,SLTR-207199,,(new),"WOULD MINT"
145724,SLTR-204300,,(new),"WOULD MINT"
145729,SLTR-214442,,(new),"WOULD MINT"
145733,SLTR-207288,,(new),"WOULD MINT"
145734,SLTR-207295,,(new),"WOULD MINT"
145736,SLTR-22197,,(new),"WOULD MINT"
145738,SLTR-207229,,(new),"WOULD MINT"
145741,SLTR-195554,,(new),"WOULD MINT"
145745,SLTR-207953,,(new),"WOULD MINT"
145752,SLTR-22199,,(new),"WOULD MINT"
145763,SLTR-207908,,(new),"WOULD MINT"
145767,SLTR-22198,,(new),"WOULD MINT"
145769,SLTR-207874,,(new),"WOULD MINT"
145788,SLTR-62084,,(new),"WOULD MINT"
145800,SLTR-207803,,(new),"WOULD MINT"
145803,SLTR-221253,,(new),"WOULD MINT"
145817,SLTR-120081,,(new),"WOULD MINT"
145825,SLTR-207016,,(new),"WOULD MINT"
145834,SLTR-200853,,(new),"WOULD MINT"
145849,SLTR-207022,,(new),"WOULD MINT"
145863,SLTR-207501,,(new),"WOULD MINT"
145868,SLTR-194777,,(new),"WOULD MINT"
145872,SLTR-207912,,(new),"WOULD MINT"
145881,SLTR-214430,,(new),"WOULD MINT"
145891,SLTR-207491,,(new),"WOULD MINT"
145898,SLTR-33487,,(new),"WOULD MINT"
145986,SLTR-207539,,(new),"WOULD MINT"
145995,SLTR-207251,,(new),"WOULD MINT"
146003,SLTR-205070,,(new),"WOULD MINT"
146017,SLTR-195550,,(new),"WOULD MINT"
146038,SLTR-207920,,(new),"WOULD MINT"
146043,SLTR-51754,,(new),"WOULD MINT"
146052,SLTR-207933,,(new),"WOULD MINT"
146077,SLTR-207484,,(new),"WOULD MINT"
146079,SLTR-204833,,(new),"WOULD MINT"
146101,SLTR-207499,,(new),"WOULD MINT"
146102,SLTR-213681,,(new),"WOULD MINT"
146103,SLTR-207014,,(new),"WOULD MINT"
146127,SLTR-67313,,(new),"WOULD MINT"
146130,SLTR-207907,,(new),"WOULD MINT"
146133,SLTR-207100,,(new),"WOULD MINT"
146140,SLTR-22196,,(new),"WOULD MINT"
146149,SLTR-207675,,(new),"WOULD MINT"
146152,SLTR-207486,,(new),"WOULD MINT"
146156,SLTR-197863,,(new),"WOULD MINT"
146158,SLTR-207456,,(new),"WOULD MINT"
146164,SLTR-207509,,(new),"WOULD MINT"
146169,SLTR-221464,,(new),"WOULD MINT"
146176,SLTR-207173,,(new),"WOULD MINT"
146182,SLTR-207446,,(new),"WOULD MINT"
146185,SLTR-60246,,(new),"WOULD MINT"
146193,SLTR-207609,,(new),"WOULD MINT"
146200,SLTR-27430,,(new),"WOULD MINT"
146202,SLTR-207478,,(new),"WOULD MINT"
146207,SLTR-207824,,(new),"WOULD MINT"
146213,SLTR-207252,,(new),"WOULD MINT"
146214,SLTR-206225,,(new),"WOULD MINT"
146225,SLTR-207950,,(new),"WOULD MINT"
146227,SLTR-207948,,(new),"WOULD MINT"
146228,SLTR-202667,,(new),"WOULD MINT"
146229,SLTR-207475,,(new),"WOULD MINT"
146238,SLTR-207164,,(new),"WOULD MINT"
146240,SLTR-207913,,(new),"WOULD MINT"
146246,SLTR-202670,,(new),"WOULD MINT"
146247,SLTR-207246,,(new),"WOULD MINT"
146253,SLTR-207505,,(new),"WOULD MINT"
146258,SLTR-14070,,(new),"WOULD MINT"
146260,SLTR-207248,,(new),"WOULD MINT"
146261,SLTR-207247,,(new),"WOULD MINT"
146262,SLTR-221490,,(new),"WOULD MINT"
146266,SLTR-27426,,(new),"WOULD MINT"
146275,SLTR-17495,,(new),"WOULD MINT"
146277,SLTR-207911,,(new),"WOULD MINT"
146279,SLTR-14068,,(new),"WOULD MINT"
146285,SLTR-221420,,(new),"WOULD MINT"
146286,SLTR-14069,,(new),"WOULD MINT"
146289,SLTR-207504,,(new),"WOULD MINT"
146296,SLTR-219812,,(new),"WOULD MINT"
146301,SLTR-220754,,(new),"WOULD MINT"
146302,SLTR-220751,,(new),"WOULD MINT"
146306,SLTR-207073,,(new),"WOULD MINT"
146309,SLTR-207095,,(new),"WOULD MINT"
146313,SLTR-207924,,(new),"WOULD MINT"
146314,SLTR-222460,,(new),"WOULD MINT"
146316,SLTR-207959,,(new),"WOULD MINT"
146322,SLTR-207905,,(new),"WOULD MINT"
146323,SLTR-207243,,(new),"WOULD MINT"
146325,SLTR-207445,,(new),"WOULD MINT"
146329,SLTR-207234,,(new),"WOULD MINT"
146330,SLTR-207198,,(new),"WOULD MINT"
146334,SLTR-221929,,(new),"WOULD MINT"
146336,SLTR-207417,,(new),"WOULD MINT"
146337,SLTR-207557,,(new),"WOULD MINT"
146339,SLTR-120083,,(new),"WOULD MINT"
146343,SLTR-207232,,(new),"WOULD MINT"
146349,SLTR-207226,,(new),"WOULD MINT"
146350,SLTR-220006,,(new),"WOULD MINT"
146356,SLTR-207447,,(new),"WOULD MINT"
146362,SLTR-207206,,(new),"WOULD MINT"
146364,SLTR-207481,,(new),"WOULD MINT"
146371,SLTR-207242,,(new),"WOULD MINT"
146373,SLTR-218977,,(new),"WOULD MINT"
146377,SLTR-207510,,(new),"WOULD MINT"
146379,SLTR-207482,,(new),"WOULD MINT"
146384,SLTR-219650,,(new),"WOULD MINT"
146388,SLTR-207951,,(new),"WOULD MINT"
146397,SLTR-20757,,(new),"WOULD MINT"
146404,SLTR-207902,,(new),"WOULD MINT"
146413,SLTR-218240,,(new),"WOULD MINT"
146415,SLTR-207730,,(new),"WOULD MINT"
146423,SLTR-207925,,(new),"WOULD MINT"
146424,SLTR-218785,,(new),"WOULD MINT"
146426,SLTR-207926,,(new),"WOULD MINT"
146433,SLTR-206515,,(new),"WOULD MINT"
146448,SLTR-207276,,(new),"WOULD MINT"
146452,SLTR-207961,,(new),"WOULD MINT"
146461,SLTR-207927,,(new),"WOULD MINT"
146468,SLTR-207250,,(new),"WOULD MINT"
146472,SLTR-207294,,(new),"WOULD MINT"
146477,SLTR-203199,,(new),"WOULD MINT"
146486,SLTR-207503,,(new),"WOULD MINT"
146488,SLTR-207500,,(new),"WOULD MINT"
146496,SLTR-207279,,(new),"WOULD MINT"
146497,SLTR-207590,,(new),"WOULD MINT"
146512,SLTR-207960,,(new),"WOULD MINT"
146523,SLTR-207476,,(new),"WOULD MINT"
146524,SLTR-219141,,(new),"WOULD MINT"
146532,SLTR-207195,,(new),"WOULD MINT"
146533,SLTR-207203,,(new),"WOULD MINT"
146539,SLTR-218737,,(new),"WOULD MINT"
146541,SLTR-207228,,(new),"WOULD MINT"
146543,SLTR-207225,,(new),"WOULD MINT"
146545,SLTR-216320,,(new),"WOULD MINT"
146546,SLTR-221489,,(new),"WOULD MINT"
146547,SLTR-222451,,(new),"WOULD MINT"
146548,SLTR-221877,,(new),"WOULD MINT"
146634,SLTR-219729,,(new),"WOULD MINT"
146660,SLTR-207866,,(new),"WOULD MINT"
146665,SLTR-219810,,(new),"WOULD MINT"
146675,SLTR-190058,,(new),"WOULD MINT"
146677,SLTR-219679,,(new),"WOULD MINT"
146679,SLTR-207291,,(new),"WOULD MINT"
146687,SLTR-190532,,(new),"WOULD MINT"
146688,SLTR-218726,,(new),"WOULD MINT"
146690,SLTR-207608,,(new),"WOULD MINT"
146696,SLTR-120082,,(new),"WOULD MINT"
146698,SLTR-205859,,(new),"WOULD MINT"
146702,SLTR-207297,,(new),"WOULD MINT"
146709,SLTR-219036,,(new),"WOULD MINT"
146715,SLTR-215713,,(new),"WOULD MINT"
146723,SLTR-207931,,(new),"WOULD MINT"
146724,SLTR-16950,,(new),"WOULD MINT"
146736,SLTR-221790,,(new),"WOULD MINT"
146740,SLTR-207800,,(new),"WOULD MINT"
146744,SLTR-221023,,(new),"WOULD MINT"
146748,SLTR-16921,,(new),"WOULD MINT"
146751,SLTR-215667,,(new),"WOULD MINT"
146754,SLTR-218484,,(new),"WOULD MINT"
146758,SLTR-207991,,(new),"WOULD MINT"
146766,SLTR-207282,,(new),"WOULD MINT"
146769,SLTR-221766,,(new),"WOULD MINT"
146770,SLTR-218524,,(new),"WOULD MINT"
146775,SLTR-14074,,(new),"WOULD MINT"
146779,SLTR-222127,,(new),"WOULD MINT"
146780,SLTR-220065,,(new),"WOULD MINT"
146786,SLTR-219123,,(new),"WOULD MINT"
146787,SLTR-207906,,(new),"WOULD MINT"
146793,SLTR-222126,,(new),"WOULD MINT"
146796,SLTR-218635,,(new),"WOULD MINT"
146801,SLTR-220496,,(new),"WOULD MINT"
146807,SLTR-220064,,(new),"WOULD MINT"
146811,SLTR-14393,,(new),"WOULD MINT"
146816,SLTR-207936,,(new),"WOULD MINT"
146822,SLTR-14430,,(new),"WOULD MINT"
146827,SLTR-14401,,(new),"WOULD MINT"
146832,SLTR-15197,,(new),"WOULD MINT"
146840,SLTR-14425,,(new),"WOULD MINT"
146845,SLTR-220544,,(new),"WOULD MINT"
146855,SLTR-219313,,(new),"WOULD MINT"
146865,SLTR-207455,,(new),"WOULD MINT"
146881,SLTR-218979,,(new),"WOULD MINT"
146882,SLTR-207448,,(new),"WOULD MINT"
146891,SLTR-87233,,(new),"WOULD MINT"
146893,SLTR-212445,,(new),"WOULD MINT"
146895,SLTR-219839,,(new),"WOULD MINT"
146898,SLTR-217335,,(new),"WOULD MINT"
146900,SLTR-221073,,(new),"WOULD MINT"
146902,SLTR-221075,,(new),"WOULD MINT"
146903,SLTR-221074,,(new),"WOULD MINT"
146904,SLTR-216792,,(new),"WOULD MINT"
146905,SLTR-215998,,(new),"WOULD MINT"
146906,SLTR-217903,,(new),"WOULD MINT"
146907,SLTR-219518,,(new),"WOULD MINT"
146908,SLTR-220431,,(new),"WOULD MINT"
146909,SLTR-213480,,(new),"WOULD MINT"
146910,SLTR-217908,,(new),"WOULD MINT"
146911,SLTR-207872,,(new),"WOULD MINT"
146912,SLTR-207502,,(new),"WOULD MINT"
146913,SLTR-217607,,(new),"WOULD MINT"
146914,SLTR-207099,,(new),"WOULD MINT"
146915,SLTR-207963,,(new),"WOULD MINT"
146916,SLTR-213335,,(new),"WOULD MINT"
146926,SLTR-222233,,(new),"WOULD MINT"
146927,SLTR-15188,,(new),"WOULD MINT"
146928,SLTR-211154,,(new),"WOULD MINT"
146934,SLTR-14392,,(new),"WOULD MINT"
146937,SLTR-31901,,(new),"WOULD MINT"
146940,SLTR-207196,,(new),"WOULD MINT"
146942,SLTR-16791,,(new),"WOULD MINT"
146946,SLTR-217901,,(new),"WOULD MINT"
146952,SLTR-15189,,(new),"WOULD MINT"
146957,SLTR-219122,,(new),"WOULD MINT"
146961,SLTR-207873,,(new),"WOULD MINT"
146964,SLTR-27428,,(new),"WOULD MINT"
146973,SLTR-218427,,(new),"WOULD MINT"
146976,SLTR-64316,,(new),"WOULD MINT"
146981,SLTR-218738,,(new),"WOULD MINT"
146994,SLTR-220665,,(new),"WOULD MINT"
146998,SLTR-218188,,(new),"WOULD MINT"
147000,SLTR-207244,,(new),"WOULD MINT"
147012,SLTR-213089,,(new),"WOULD MINT"
147018,SLTR-213487,,(new),"WOULD MINT"
147019,SLTR-207964,,(new),"WOULD MINT"
147026,SLTR-48755,,(new),"WOULD MINT"
147031,SLTR-220002,,(new),"WOULD MINT"
147035,SLTR-16948,,(new),"WOULD MINT"
147043,SLTR-222265,,(new),"WOULD MINT"
147046,SLTR-207853,,(new),"WOULD MINT"
147052,SLTR-218191,,(new),"WOULD MINT"
147054,SLTR-213741,,(new),"WOULD MINT"
147056,SLTR-207521,,(new),"WOULD MINT"
147061,SLTR-222080,,(new),"WOULD MINT"
147062,SLTR-217725,,(new),"WOULD MINT"
147067,SLTR-207962,,(new),"WOULD MINT"
147076,SLTR-22192,,(new),"WOULD MINT"
147081,SLTR-14050,,(new),"WOULD MINT"
147086,SLTR-207952,,(new),"WOULD MINT"
147090,SLTR-218494,,(new),"WOULD MINT"
147092,SLTR-22193,,(new),"WOULD MINT"
147101,SLTR-207071,,(new),"WOULD MINT"
147103,SLTR-220152,,(new),"WOULD MINT"
147104,SLTR-212690,,(new),"WOULD MINT"
147112,SLTR-220869,,(new),"WOULD MINT"
147116,SLTR-207289,,(new),"WOULD MINT"
147117,SLTR-212729,,(new),"WOULD MINT"
147118,SLTR-215691,,(new),"WOULD MINT"
147119,SLTR-14073,,(new),"WOULD MINT"
147123,SLTR-14045,,(new),"WOULD MINT"
147131,SLTR-192772,,(new),"WOULD MINT"
147133,SLTR-27427,,(new),"WOULD MINT"
147138,SLTR-207781,,(new),"WOULD MINT"
147149,SLTR-128874,,(new),"WOULD MINT"
147151,SLTR-216340,,(new),"WOULD MINT"
147162,SLTR-212641,,(new),"WOULD MINT"
147166,SLTR-207658,,(new),"WOULD MINT"
147170,SLTR-95658,,(new),"WOULD MINT"
147178,SLTR-214728,,(new),"WOULD MINT"
147190,SLTR-215731,,(new),"WOULD MINT"
147193,SLTR-207070,,(new),"WOULD MINT"
147206,SLTR-213075,,(new),"WOULD MINT"
147209,SLTR-214432,,(new),"WOULD MINT"
147215,SLTR-220474,,(new),"WOULD MINT"
148164,SLTR-52622,,(new),"WOULD MINT"
148229,SLTR-69766,,(new),"WOULD MINT"
148246,SLTR-14637,,(new),"WOULD MINT"
148260,SLTR-33504,,(new),"WOULD MINT"
148261,SLTR-208842,,(new),"WOULD MINT"
148268,SLTR-131865,,(new),"WOULD MINT"
148275,SLTR-218070,,(new),"WOULD MINT"
148278,SLTR-218605,,(new),"WOULD MINT"
148288,SLTR-66170,,(new),"WOULD MINT"
148290,SLTR-215246,,(new),"WOULD MINT"
148298,SLTR-207552,,(new),"WOULD MINT"
148304,SLTR-206480,,(new),"WOULD MINT"
148307,SLTR-220857,,(new),"WOULD MINT"
148318,SLTR-216920,,(new),"WOULD MINT"
148319,SLTR-131463,,(new),"WOULD MINT"
148328,SLTR-212548,,(new),"WOULD MINT"
148336,SLTR-212583,,(new),"WOULD MINT"
148347,SLTR-217776,,(new),"WOULD MINT"
148356,SLTR-202415,,(new),"WOULD MINT"
148391,SLTR-202662,,(new),"WOULD MINT"
148393,SLTR-218068,,(new),"WOULD MINT"
148403,SLTR-207007,,(new),"WOULD MINT"
148404,SLTR-220768,,(new),"WOULD MINT"
148419,SLTR-221325,,(new),"WOULD MINT"
148423,SLTR-19593,,(new),"WOULD MINT"
148427,SLTR-221303,,(new),"WOULD MINT"
148437,SLTR-218931,,(new),"WOULD MINT"
148441,SLTR-213884,,(new),"WOULD MINT"
148450,SLTR-220696,,(new),"WOULD MINT"
148451,SLTR-52520,,(new),"WOULD MINT"
148459,SLTR-213581,,(new),"WOULD MINT"
148481,SLTR-35111,,(new),"WOULD MINT"
148491,SLTR-218181,,(new),"WOULD MINT"
148498,SLTR-20915,,(new),"WOULD MINT"
148501,SLTR-204524,,(new),"WOULD MINT"
148506,SLTR-213077,,(new),"WOULD MINT"
148516,SLTR-48754,,(new),"WOULD MINT"
148520,SLTR-213583,,(new),"WOULD MINT"
148522,SLTR-213529,,(new),"WOULD MINT"
148525,SLTR-218947,,(new),"WOULD MINT"
148530,SLTR-212347,,(new),"WOULD MINT"
148535,SLTR-123521,,(new),"WOULD MINT"
149473,SLTR-215555,,(new),"WOULD MINT"
149477,SLTR-215184,,(new),"WOULD MINT"
149479,SLTR-217880,,(new),"WOULD MINT"
149483,SLTR-220769,,(new),"WOULD MINT"
149486,SLTR-218174,,(new),"WOULD MINT"
149491,SLTR-213481,,(new),"WOULD MINT"
149492,SLTR-16647,,(new),"WOULD MINT"
149496,SLTR-216940,,(new),"WOULD MINT"
149503,SLTR-219708,,(new),"WOULD MINT"
149505,SLTR-15983,,(new),"WOULD MINT"
149510,SLTR-219957,,(new),"WOULD MINT"
149517,SLTR-220676,,(new),"WOULD MINT"
149523,SLTR-15548,,(new),"WOULD MINT"
149528,SLTR-220045,,(new),"WOULD MINT"
149534,SLTR-24557,,(new),"WOULD MINT"
149541,SLTR-220477,,(new),"WOULD MINT"
149547,SLTR-211812,,(new),"WOULD MINT"
149551,SLTR-218180,,(new),"WOULD MINT"
149558,SLTR-218333,,(new),"WOULD MINT"
149559,SLTR-218025,,(new),"WOULD MINT"
149564,SLTR-196138,,(new),"WOULD MINT"
149568,SLTR-203762,,(new),"WOULD MINT"
149577,SLTR-214702,,(new),"WOULD MINT"
149579,SLTR-220133,,(new),"WOULD MINT"
149582,SLTR-218193,,(new),"WOULD MINT"
149589,SLTR-220770,,(new),"WOULD MINT"
149592,SLTR-219100,,(new),"WOULD MINT"
149600,SLTR-195627,,(new),"WOULD MINT"
149612,SLTR-207753,,(new),"WOULD MINT"
149614,SLTR-50850,,(new),"WOULD MINT"
149621,SLTR-220222,,(new),"WOULD MINT"
149630,SLTR-217981,,(new),"WOULD MINT"
149642,SLTR-19253,,(new),"WOULD MINT"
149652,SLTR-222403,,(new),"WOULD MINT"
149662,SLTR-222148,,(new),"WOULD MINT"
149664,SLTR-206927,,(new),"WOULD MINT"
149670,SLTR-206174,,(new),"WOULD MINT"
149672,SLTR-221388,,(new),"WOULD MINT"
149675,SLTR-206240,,(new),"WOULD MINT"
149682,SLTR-206417,,(new),"WOULD MINT"
149683,SLTR-206724,,(new),"WOULD MINT"
149714,SLTR-206781,,(new),"WOULD MINT"
149725,SLTR-206778,,(new),"WOULD MINT"
149727,SLTR-206945,,(new),"WOULD MINT"
149734,SLTR-206401,,(new),"WOULD MINT"
149736,SLTR-206616,,(new),"WOULD MINT"
149744,SLTR-206519,,(new),"WOULD MINT"
149746,SLTR-206134,,(new),"WOULD MINT"
149747,SLTR-206321,,(new),"WOULD MINT"
149757,SLTR-206415,,(new),"WOULD MINT"
149759,SLTR-206247,,(new),"WOULD MINT"
149773,SLTR-206801,,(new),"WOULD MINT"
149774,SLTR-206521,,(new),"WOULD MINT"
149789,SLTR-206614,,(new),"WOULD MINT"
149796,SLTR-206420,,(new),"WOULD MINT"
149804,SLTR-206767,,(new),"WOULD MINT"
149808,SLTR-206765,,(new),"WOULD MINT"
149810,SLTR-206151,,(new),"WOULD MINT"
149817,SLTR-206906,,(new),"WOULD MINT"
149826,SLTR-201653,,(new),"WOULD MINT"
149830,SLTR-206780,,(new),"WOULD MINT"
149844,SLTR-206678,,(new),"WOULD MINT"
149845,SLTR-206419,,(new),"WOULD MINT"
149863,SLTR-206951,,(new),"WOULD MINT"
149864,SLTR-206381,,(new),"WOULD MINT"
149874,SLTR-206031,,(new),"WOULD MINT"
149876,SLTR-206285,,(new),"WOULD MINT"
149888,SLTR-206416,,(new),"WOULD MINT"
149898,SLTR-206948,,(new),"WOULD MINT"
149902,SLTR-206406,,(new),"WOULD MINT"
149906,SLTR-206949,,(new),"WOULD MINT"
149911,SLTR-206397,,(new),"WOULD MINT"
149924,SLTR-206398,,(new),"WOULD MINT"
149928,SLTR-206598,,(new),"WOULD MINT"
149934,SLTR-206926,,(new),"WOULD MINT"
149945,SLTR-206932,,(new),"WOULD MINT"
149947,SLTR-206907,,(new),"WOULD MINT"
149953,SLTR-206908,,(new),"WOULD MINT"
149964,SLTR-206418,,(new),"WOULD MINT"
149966,SLTR-206392,,(new),"WOULD MINT"
149969,SLTR-206322,,(new),"WOULD MINT"
149981,SLTR-206053,,(new),"WOULD MINT"
149992,SLTR-206946,,(new),"WOULD MINT"
149994,SLTR-206152,,(new),"WOULD MINT"
149998,SLTR-206387,,(new),"WOULD MINT"
150015,SLTR-206389,,(new),"WOULD MINT"
150021,SLTR-206414,,(new),"WOULD MINT"
150027,SLTR-206931,,(new),"WOULD MINT"
150034,SLTR-206773,,(new),"WOULD MINT"
150042,SLTR-206403,,(new),"WOULD MINT"
150047,SLTR-206952,,(new),"WOULD MINT"
150050,SLTR-206578,,(new),"WOULD MINT"
150057,SLTR-206619,,(new),"WOULD MINT"
150058,SLTR-206930,,(new),"WOULD MINT"
150059,SLTR-206377,,(new),"WOULD MINT"
150064,SLTR-206681,,(new),"WOULD MINT"
150065,SLTR-206177,,(new),"WOULD MINT"
150066,SLTR-206399,,(new),"WOULD MINT"
150069,SLTR-206386,,(new),"WOULD MINT"
150079,SLTR-206376,,(new),"WOULD MINT"
150150,SLTR-206929,,(new),"WOULD MINT"
150154,SLTR-206617,,(new),"WOULD MINT"
150159,SLTR-206413,,(new),"WOULD MINT"
150166,SLTR-206776,,(new),"WOULD MINT"
150170,SLTR-206802,,(new),"WOULD MINT"
150172,SLTR-206402,,(new),"WOULD MINT"
150178,SLTR-206325,,(new),"WOULD MINT"
150190,SLTR-206771,,(new),"WOULD MINT"
150196,SLTR-206679,,(new),"WOULD MINT"
150202,SLTR-206729,,(new),"WOULD MINT"
150205,SLTR-206612,,(new),"WOULD MINT"
150206,SLTR-206613,,(new),"WOULD MINT"
150210,SLTR-206409,,(new),"WOULD MINT"
150217,SLTR-206291,,(new),"WOULD MINT"
150223,SLTR-206150,,(new),"WOULD MINT"
150224,SLTR-206425,,(new),"WOULD MINT"
150233,SLTR-206615,,(new),"WOULD MINT"
150247,SLTR-206391,,(new),"WOULD MINT"
150267,SLTR-206626,,(new),"WOULD MINT"
150268,SLTR-206410,,(new),"WOULD MINT"
150279,SLTR-222411,,(new),"WOULD MINT"
150283,SLTR-206149,,(new),"WOULD MINT"
150287,SLTR-206910,,(new),"WOULD MINT"
150290,SLTR-206763,,(new),"WOULD MINT"
150301,SLTR-206622,,(new),"WOULD MINT"
150304,SLTR-215192,,(new),"WOULD MINT"
150309,SLTR-202663,,(new),"WOULD MINT"
150310,SLTR-205062,,(new),"WOULD MINT"
150314,SLTR-60154,,(new),"WOULD MINT"
150315,SLTR-206219,,(new),"WOULD MINT"
150320,SLTR-120066,,(new),"WOULD MINT"
150326,SLTR-202665,,(new),"WOULD MINT"
150327,SLTR-120087,,(new),"WOULD MINT"
150332,SLTR-193021,,(new),"WOULD MINT"
150334,SLTR-112122,,(new),"WOULD MINT"
150335,SLTR-209733,,(new),"WOULD MINT"
150337,SLTR-217665,,(new),"WOULD MINT"
150342,SLTR-199755,,(new),"WOULD MINT"
150344,SLTR-214443,,(new),"WOULD MINT"
150345,SLTR-112130,,(new),"WOULD MINT"
150382,SLTR-12519,,(new),"WOULD MINT"
150383,SLTR-114171,,(new),"WOULD MINT"
150396,SLTR-131206,,(new),"WOULD MINT"
150401,SLTR-221069,,(new),"WOULD MINT"
150411,SLTR-33505,,(new),"WOULD MINT"
150414,SLTR-221976,,(new),"WOULD MINT"
150423,SLTR-216771,,(new),"WOULD MINT"
150430,SLTR-214406,,(new),"WOULD MINT"
150435,SLTR-220312,,(new),"WOULD MINT"
150491,SLTR-27675,,(new),"WOULD MINT"
150496,SLTR-222162,,(new),"WOULD MINT"
150521,SLTR-46277,,(new),"WOULD MINT"
150523,SLTR-220272,,(new),"WOULD MINT"
150534,SLTR-222400,,(new),"WOULD MINT"
150538,SLTR-220078,,(new),"WOULD MINT"
150545,SLTR-33486,,(new),"WOULD MINT"
150562,SLTR-220208,,(new),"WOULD MINT"
150572,SLTR-214405,,(new),"WOULD MINT"
150573,SLTR-67393,,(new),"WOULD MINT"
150581,SLTR-199999,,(new),"WOULD MINT"
150598,SLTR-210483,,(new),"WOULD MINT"
150613,SLTR-215197,,(new),"WOULD MINT"
150615,SLTR-210082,,(new),"WOULD MINT"
150616,SLTR-220432,,(new),"WOULD MINT"
150686,SLTR-218430,,(new),"WOULD MINT"
150690,SLTR-22195,,(new),"WOULD MINT"
150691,SLTR-219103,,(new),"WOULD MINT"
150694,SLTR-20998,,(new),"WOULD MINT"
150706,SLTR-213729,,(new),"WOULD MINT"
150710,SLTR-220209,,(new),"WOULD MINT"
150717,SLTR-204298,,(new),"WOULD MINT"
150723,SLTR-127851,,(new),"WOULD MINT"
150732,SLTR-218429,,(new),"WOULD MINT"
150741,SLTR-214761,,(new),"WOULD MINT"
150754,SLTR-221532,,(new),"WOULD MINT"
150762,SLTR-209165,,(new),"WOULD MINT"
150778,SLTR-221715,,(new),"WOULD MINT"
150793,SLTR-219527,,(new),"WOULD MINT"
150799,SLTR-220814,,(new),"WOULD MINT"
150802,SLTR-27707,,(new),"WOULD MINT"
150811,SLTR-220433,,(new),"WOULD MINT"
150819,SLTR-27455,,(new),"WOULD MINT"
150828,SLTR-129874,,(new),"WOULD MINT"
150835,SLTR-216346,,(new),"WOULD MINT"
150847,SLTR-129115,,(new),"WOULD MINT"
150863,SLTR-222093,,(new),"WOULD MINT"
150873,SLTR-213739,,(new),"WOULD MINT"
150882,SLTR-201985,,(new),"WOULD MINT"
150883,SLTR-48205,,(new),"WOULD MINT"
150886,SLTR-222216,,(new),"WOULD MINT"
150919,SLTR-220917,,(new),"WOULD MINT"
150936,SLTR-91204,,(new),"WOULD MINT"
150946,SLTR-221999,,(new),"WOULD MINT"
150954,SLTR-221995,,(new),"WOULD MINT"
150955,SLTR-95275,,(new),"WOULD MINT"
150964,SLTR-220792,,(new),"WOULD MINT"
150975,SLTR-221530,,(new),"WOULD MINT"
150980,SLTR-99463,,(new),"WOULD MINT"
150994,SLTR-220644,,(new),"WOULD MINT"
150995,SLTR-221994,,(new),"WOULD MINT"
151000,SLTR-196878,,(new),"WOULD MINT"
151004,SLTR-222166,,(new),"WOULD MINT"
151007,SLTR-215177,,(new),"WOULD MINT"
151009,SLTR-222085,,(new),"WOULD MINT"
151010,SLTR-98975,,(new),"WOULD MINT"
151014,SLTR-187749,,(new),"WOULD MINT"
151015,SLTR-190841,,(new),"WOULD MINT"
151115,SLTR-216352,,(new),"WOULD MINT"
151128,SLTR-198048,,(new),"WOULD MINT"
151136,SLTR-112965,,(new),"WOULD MINT"
151157,SLTR-213728,,(new),"WOULD MINT"
151181,SLTR-196872,,(new),"WOULD MINT"
151187,SLTR-221847,,(new),"WOULD MINT"
151197,SLTR-222183,,(new),"WOULD MINT"
151203,SLTR-98976,,(new),"WOULD MINT"
151211,SLTR-221967,,(new),"WOULD MINT"
151213,SLTR-202669,,(new),"WOULD MINT"
151223,SLTR-196770,,(new),"WOULD MINT"
151226,SLTR-220210,,(new),"WOULD MINT"
151243,SLTR-197710,,(new),"WOULD MINT"
151248,SLTR-221716,,(new),"WOULD MINT"
151250,SLTR-60159,,(new),"WOULD MINT"
151255,SLTR-196389,,(new),"WOULD MINT"
151257,SLTR-48828,,(new),"WOULD MINT"
151262,SLTR-219494,,(new),"WOULD MINT"
151268,SLTR-197158,,(new),"WOULD MINT"
151275,SLTR-219847,,(new),"WOULD MINT"
151278,SLTR-197553,,(new),"WOULD MINT"
151293,SLTR-196452,,(new),"WOULD MINT"
151294,SLTR-197910,,(new),"WOULD MINT"
151299,SLTR-219872,,(new),"WOULD MINT"
151301,SLTR-221139,,(new),"WOULD MINT"
151307,SLTR-196534,,(new),"WOULD MINT"
151308,SLTR-220063,,(new),"WOULD MINT"
151312,SLTR-213887,,(new),"WOULD MINT"
151313,SLTR-218634,,(new),"WOULD MINT"
151315,SLTR-222077,,(new),"WOULD MINT"
151370,SLTR-210335,,(new),"WOULD MINT"
151432,SLTR-215726,,(new),"WOULD MINT"
151440,SLTR-64769,,(new),"WOULD MINT"
151468,SLTR-71199,,(new),"WOULD MINT"
151484,SLTR-220886,,(new),"WOULD MINT"
151485,SLTR-219859,,(new),"WOULD MINT"
151486,SLTR-221955,,(new),"WOULD MINT"
151503,SLTR-204417,,(new),"WOULD MINT"
151520,SLTR-221565,,(new),"WOULD MINT"
151522,SLTR-221487,,(new),"WOULD MINT"
151542,SLTR-33488,,(new),"WOULD MINT"
151544,SLTR-221580,,(new),"WOULD MINT"
151555,SLTR-201835,,(new),"WOULD MINT"
151558,SLTR-66174,,(new),"WOULD MINT"
151570,SLTR-199754,,(new),"WOULD MINT"
151571,SLTR-220031,,(new),"WOULD MINT"
151579,SLTR-219954,,(new),"WOULD MINT"
151582,SLTR-219820,,(new),"WOULD MINT"
151586,SLTR-219429,,(new),"WOULD MINT"
151591,SLTR-220753,,(new),"WOULD MINT"
151596,SLTR-219324,,(new),"WOULD MINT"
151615,SLTR-221933,,(new),"WOULD MINT"
151630,SLTR-112174,,(new),"WOULD MINT"
151634,SLTR-218781,,(new),"WOULD MINT"
151639,SLTR-212464,,(new),"WOULD MINT"
151646,SLTR-219503,,(new),"WOULD MINT"
151653,SLTR-112119,,(new),"WOULD MINT"
151679,SLTR-221072,,(new),"WOULD MINT"
151716,SLTR-27425,,(new),"WOULD MINT"
151726,SLTR-216276,,(new),"WOULD MINT"
151727,SLTR-218218,,(new),"WOULD MINT"
151729,SLTR-213738,,(new),"WOULD MINT"
151744,SLTR-47720,,(new),"WOULD MINT"
151750,SLTR-24602,,(new),"WOULD MINT"
151752,SLTR-54146,,(new),"WOULD MINT"
151761,SLTR-205037,,(new),"WOULD MINT"
151765,SLTR-91003,,(new),"WOULD MINT"
151771,SLTR-220360,,(new),"WOULD MINT"
151773,SLTR-209794,,(new),"WOULD MINT"
151777,SLTR-206501,,(new),"WOULD MINT"
151778,SLTR-48948,,(new),"WOULD MINT"
151780,SLTR-67311,,(new),"WOULD MINT"
151785,SLTR-45172,,(new),"WOULD MINT"
151789,SLTR-198220,,(new),"WOULD MINT"
151791,SLTR-120072,,(new),"WOULD MINT"
151794,SLTR-219063,,(new),"WOULD MINT"
151795,SLTR-195551,,(new),"WOULD MINT"
151797,SLTR-98572,,(new),"WOULD MINT"
151801,SLTR-27673,,(new),"WOULD MINT"
151802,SLTR-27452,,(new),"WOULD MINT"
151805,SLTR-33507,,(new),"WOULD MINT"
151822,SLTR-54163,,(new),"WOULD MINT"
151823,SLTR-67396,,(new),"WOULD MINT"
151826,SLTR-216006,,(new),"WOULD MINT"
151839,SLTR-213937,,(new),"WOULD MINT"
151844,SLTR-33489,,(new),"WOULD MINT"
151864,SLTR-219112,,(new),"WOULD MINT"
151873,SLTR-22191,,(new),"WOULD MINT"
151931,SLTR-116466,,(new),"WOULD MINT"
151934,SLTR-210133,,(new),"WOULD MINT"
151944,SLTR-120685,,(new),"WOULD MINT"
151948,SLTR-116233,,(new),"WOULD MINT"
151955,SLTR-116238,,(new),"WOULD MINT"
151956,SLTR-210158,,(new),"WOULD MINT"
151963,SLTR-116286,,(new),"WOULD MINT"
151964,SLTR-210279,,(new),"WOULD MINT"
151969,SLTR-18500,,(new),"WOULD MINT"
151970,SLTR-18314,,(new),"WOULD MINT"
151971,SLTR-18371,,(new),"WOULD MINT"
151985,SLTR-18379,,(new),"WOULD MINT"
151990,SLTR-210280,,(new),"WOULD MINT"
152021,SLTR-18608,,(new),"WOULD MINT"
152060,SLTR-125303,,(new),"WOULD MINT"
152090,SLTR-210943,,(new),"WOULD MINT"
152095,SLTR-125454,,(new),"WOULD MINT"
152114,SLTR-33502,,(new),"WOULD MINT"
152119,SLTR-210899,,(new),"WOULD MINT"
152146,SLTR-19779,,(new),"WOULD MINT"
152174,SLTR-210021,,(new),"WOULD MINT"
152212,SLTR-129704,,(new),"WOULD MINT"
152224,SLTR-210569,,(new),"WOULD MINT"
152231,SLTR-210865,,(new),"WOULD MINT"
152242,SLTR-210141,,(new),"WOULD MINT"
152261,SLTR-210849,,(new),"WOULD MINT"
152268,SLTR-210233,,(new),"WOULD MINT"
152273,SLTR-210753,,(new),"WOULD MINT"
152280,SLTR-210980,,(new),"WOULD MINT"
152283,SLTR-210154,,(new),"WOULD MINT"
152286,SLTR-210345,,(new),"WOULD MINT"
152306,SLTR-210810,,(new),"WOULD MINT"
152329,SLTR-210908,,(new),"WOULD MINT"
152361,SLTR-210566,,(new),"WOULD MINT"
152504,SLTR-210242,,(new),"WOULD MINT"
152523,SLTR-210558,,(new),"WOULD MINT"
152542,SLTR-210532,,(new),"WOULD MINT"
152551,SLTR-210881,,(new),"WOULD MINT"
152562,SLTR-210525,,(new),"WOULD MINT"
152563,SLTR-210542,,(new),"WOULD MINT"
152586,SLTR-210400,,(new),"WOULD MINT"
152597,SLTR-210289,,(new),"WOULD MINT"
152608,SLTR-210897,,(new),"WOULD MINT"
152613,SLTR-210791,,(new),"WOULD MINT"
152628,SLTR-210241,,(new),"WOULD MINT"
152632,SLTR-210053,,(new),"WOULD MINT"
152636,SLTR-210243,,(new),"WOULD MINT"
152655,SLTR-210171,,(new),"WOULD MINT"
152678,SLTR-210858,,(new),"WOULD MINT"
152679,SLTR-210484,,(new),"WOULD MINT"
152695,SLTR-210004,,(new),"WOULD MINT"
152706,SLTR-210948,,(new),"WOULD MINT"
152711,SLTR-210550,,(new),"WOULD MINT"
152714,SLTR-210944,,(new),"WOULD MINT"
152727,SLTR-210134,,(new),"WOULD MINT"
152730,SLTR-210845,,(new),"WOULD MINT"
152752,SLTR-210416,,(new),"WOULD MINT"
152754,SLTR-210519,,(new),"WOULD MINT"
152761,SLTR-210061,,(new),"WOULD MINT"
152768,SLTR-210862,,(new),"WOULD MINT"
152780,SLTR-210336,,(new),"WOULD MINT"
152787,SLTR-210429,,(new),"WOULD MINT"
152797,SLTR-210479,,(new),"WOULD MINT"
152816,SLTR-210929,,(new),"WOULD MINT"
152828,SLTR-210968,,(new),"WOULD MINT"
152833,SLTR-210128,,(new),"WOULD MINT"
152838,SLTR-210507,,(new),"WOULD MINT"
152840,SLTR-210001,,(new),"WOULD MINT"
152843,SLTR-210307,,(new),"WOULD MINT"
152845,SLTR-210888,,(new),"WOULD MINT"
152846,SLTR-210530,,(new),"WOULD MINT"
152848,SLTR-210477,,(new),"WOULD MINT"
152849,SLTR-210461,,(new),"WOULD MINT"
152851,SLTR-210502,,(new),"WOULD MINT"
152860,SLTR-210073,,(new),"WOULD MINT"
152869,SLTR-210907,,(new),"WOULD MINT"
152898,SLTR-210072,,(new),"WOULD MINT"
152914,SLTR-210238,,(new),"WOULD MINT"
152926,SLTR-210796,,(new),"WOULD MINT"
152934,SLTR-210776,,(new),"WOULD MINT"
152939,SLTR-210848,,(new),"WOULD MINT"
152949,SLTR-210875,,(new),"WOULD MINT"
152954,SLTR-210290,,(new),"WOULD MINT"
152967,SLTR-210068,,(new),"WOULD MINT"
152970,SLTR-210767,,(new),"WOULD MINT"
152980,SLTR-210017,,(new),"WOULD MINT"
152993,SLTR-210334,,(new),"WOULD MINT"
153006,SLTR-210885,,(new),"WOULD MINT"
153007,SLTR-112276,,(new),"WOULD MINT"
153035,SLTR-210747,,(new),"WOULD MINT"
153038,SLTR-210824,,(new),"WOULD MINT"
153055,SLTR-210773,,(new),"WOULD MINT"
153100,SLTR-210268,,(new),"WOULD MINT"
153104,SLTR-210480,,(new),"WOULD MINT"
153112,SLTR-210844,,(new),"WOULD MINT"
153121,SLTR-210320,,(new),"WOULD MINT"
153122,SLTR-210969,,(new),"WOULD MINT"
153127,SLTR-210481,,(new),"WOULD MINT"
153134,SLTR-210931,,(new),"WOULD MINT"
153138,SLTR-210127,,(new),"WOULD MINT"
153158,SLTR-210024,,(new),"WOULD MINT"
153167,SLTR-210768,,(new),"WOULD MINT"
153482,SLTR-210183,,(new),"WOULD MINT"
153505,SLTR-210065,,(new),"WOULD MINT"
153527,SLTR-210503,,(new),"WOULD MINT"
153535,SLTR-210282,,(new),"WOULD MINT"
153540,SLTR-210795,,(new),"WOULD MINT"
153546,SLTR-210306,,(new),"WOULD MINT"
153564,SLTR-210144,,(new),"WOULD MINT"
153569,SLTR-210478,,(new),"WOULD MINT"
153589,SLTR-210023,,(new),"WOULD MINT"
153595,SLTR-210787,,(new),"WOULD MINT"
153602,SLTR-210195,,(new),"WOULD MINT"
153613,SLTR-210370,,(new),"WOULD MINT"
153624,SLTR-210435,,(new),"WOULD MINT"
153629,SLTR-210069,,(new),"WOULD MINT"
153633,SLTR-210545,,(new),"WOULD MINT"
153643,SLTR-210535,,(new),"WOULD MINT"
153649,SLTR-210836,,(new),"WOULD MINT"
153658,SLTR-210775,,(new),"WOULD MINT"
153659,SLTR-210135,,(new),"WOULD MINT"
153661,SLTR-210972,,(new),"WOULD MINT"
153676,SLTR-205665,,(new),"WOULD MINT"
153699,SLTR-205666,,(new),"WOULD MINT"
153701,SLTR-210455,,(new),"WOULD MINT"
153709,SLTR-210835,,(new),"WOULD MINT"
153729,SLTR-210003,,(new),"WOULD MINT"
153746,SLTR-210125,,(new),"WOULD MINT"
153753,SLTR-210878,,(new),"WOULD MINT"
153765,SLTR-210448,,(new),"WOULD MINT"
153776,SLTR-210019,,(new),"WOULD MINT"
153787,SLTR-210976,,(new),"WOULD MINT"
153791,SLTR-210561,,(new),"WOULD MINT"
153797,SLTR-210051,,(new),"WOULD MINT"
153813,SLTR-210744,,(new),"WOULD MINT"
153816,SLTR-210724,,(new),"WOULD MINT"
153820,SLTR-210521,,(new),"WOULD MINT"
153829,SLTR-210299,,(new),"WOULD MINT"
153836,SLTR-210749,,(new),"WOULD MINT"
153845,SLTR-210847,,(new),"WOULD MINT"
153851,SLTR-210746,,(new),"WOULD MINT"
153863,SLTR-210329,,(new),"WOULD MINT"
153869,SLTR-210916,,(new),"WOULD MINT"
153889,SLTR-210450,,(new),"WOULD MINT"
153905,SLTR-210456,,(new),"WOULD MINT"
153909,SLTR-210344,,(new),"WOULD MINT"
153910,SLTR-210384,,(new),"WOULD MINT"
153929,SLTR-210220,,(new),"WOULD MINT"
153939,SLTR-210751,,(new),"WOULD MINT"
153945,SLTR-210742,,(new),"WOULD MINT"
153951,SLTR-210449,,(new),"WOULD MINT"
153954,SLTR-210930,,(new),"WOULD MINT"
153966,SLTR-210531,,(new),"WOULD MINT"
153971,SLTR-210765,,(new),"WOULD MINT"
153972,SLTR-210741,,(new),"WOULD MINT"
153976,SLTR-210745,,(new),"WOULD MINT"
153983,SLTR-210269,,(new),"WOULD MINT"
153984,SLTR-210886,,(new),"WOULD MINT"
153986,SLTR-210981,,(new),"WOULD MINT"
153995,SLTR-210080,,(new),"WOULD MINT"
154008,SLTR-210079,,(new),"WOULD MINT"
154039,SLTR-210879,,(new),"WOULD MINT"
154047,SLTR-210964,,(new),"WOULD MINT"
154060,SLTR-210423,,(new),"WOULD MINT"
154070,SLTR-210883,,(new),"WOULD MINT"
154074,SLTR-210126,,(new),"WOULD MINT"
154085,SLTR-210797,,(new),"WOULD MINT"
154108,SLTR-210534,,(new),"WOULD MINT"
154110,SLTR-210533,,(new),"WOULD MINT"
154118,SLTR-210066,,(new),"WOULD MINT"
154132,SLTR-210264,,(new),"WOULD MINT"
154142,SLTR-210149,,(new),"WOULD MINT"
154144,SLTR-210557,,(new),"WOULD MINT"
154153,SLTR-210459,,(new),"WOULD MINT"
154168,SLTR-210281,,(new),"WOULD MINT"
154171,SLTR-210225,,(new),"WOULD MINT"
154186,SLTR-210911,,(new),"WOULD MINT"
154190,SLTR-210059,,(new),"WOULD MINT"
154210,SLTR-210915,,(new),"WOULD MINT"
154218,SLTR-210376,,(new),"WOULD MINT"
154229,SLTR-210934,,(new),"WOULD MINT"
154234,SLTR-210283,,(new),"WOULD MINT"
154243,SLTR-210906,,(new),"WOULD MINT"
154255,SLTR-210442,,(new),"WOULD MINT"
154261,SLTR-210421,,(new),"WOULD MINT"
154266,SLTR-210527,,(new),"WOULD MINT"
154274,SLTR-210579,,(new),"WOULD MINT"
154279,SLTR-210864,,(new),"WOULD MINT"
154297,SLTR-210137,,(new),"WOULD MINT"
154303,SLTR-210341,,(new),"WOULD MINT"
154309,SLTR-210518,,(new),"WOULD MINT"
154312,SLTR-210378,,(new),"WOULD MINT"
154327,SLTR-210752,,(new),"WOULD MINT"
154331,SLTR-210750,,(new),"WOULD MINT"
154344,SLTR-210323,,(new),"WOULD MINT"
154347,SLTR-210070,,(new),"WOULD MINT"
154356,SLTR-210497,,(new),"WOULD MINT"
154357,SLTR-210447,,(new),"WOULD MINT"
154384,SLTR-210221,,(new),"WOULD MINT"
154385,SLTR-210806,,(new),"WOULD MINT"
154397,SLTR-210511,,(new),"WOULD MINT"
154398,SLTR-210904,,(new),"WOULD MINT"
154408,SLTR-210452,,(new),"WOULD MINT"
154417,SLTR-210071,,(new),"WOULD MINT"
154420,SLTR-210546,,(new),"WOULD MINT"
154432,SLTR-210946,,(new),"WOULD MINT"
154447,SLTR-210460,,(new),"WOULD MINT"
154514,SLTR-216955,,(new),"WOULD MINT"
154516,SLTR-210846,,(new),"WOULD MINT"
154529,SLTR-210974,,(new),"WOULD MINT"
154540,SLTR-210863,,(new),"WOULD MINT"
154549,SLTR-210499,,(new),"WOULD MINT"
154562,SLTR-210444,,(new),"WOULD MINT"
154563,SLTR-210748,,(new),"WOULD MINT"
154573,SLTR-210420,,(new),"WOULD MINT"
154583,SLTR-210170,,(new),"WOULD MINT"
154598,SLTR-210482,,(new),"WOULD MINT"
154600,SLTR-210942,,(new),"WOULD MINT"
154616,SLTR-210933,,(new),"WOULD MINT"
154624,SLTR-210982,,(new),"WOULD MINT"
154633,SLTR-210160,,(new),"WOULD MINT"
154637,SLTR-210309,,(new),"WOULD MINT"
154645,SLTR-210932,,(new),"WOULD MINT"
154661,SLTR-210950,,(new),"WOULD MINT"
154674,SLTR-210415,,(new),"WOULD MINT"
154679,SLTR-210234,,(new),"WOULD MINT"
154682,SLTR-210385,,(new),"WOULD MINT"
154696,SLTR-210052,,(new),"WOULD MINT"
154700,SLTR-210850,,(new),"WOULD MINT"
154712,SLTR-210544,,(new),"WOULD MINT"
154732,SLTR-210837,,(new),"WOULD MINT"
154733,SLTR-210048,,(new),"WOULD MINT"
154739,SLTR-210288,,(new),"WOULD MINT"
154746,SLTR-210373,,(new),"WOULD MINT"
154760,SLTR-210526,,(new),"WOULD MINT"
154767,SLTR-210517,,(new),"WOULD MINT"
154777,SLTR-210880,,(new),"WOULD MINT"
154805,SLTR-210060,,(new),"WOULD MINT"
154811,SLTR-210222,,(new),"WOULD MINT"
154814,SLTR-210949,,(new),"WOULD MINT"
154826,SLTR-210399,,(new),"WOULD MINT"
154835,SLTR-210422,,(new),"WOULD MINT"
154840,SLTR-210457,,(new),"WOULD MINT"
154844,SLTR-210431,,(new),"WOULD MINT"
154862,SLTR-210977,,(new),"WOULD MINT"
154872,SLTR-210121,,(new),"WOULD MINT"
154899,SLTR-117276,,(new),"WOULD MINT"
154900,SLTR-217458,,(new),"WOULD MINT"
154913,SLTR-222459,,(new),"WOULD MINT"
154917,SLTR-221320,,(new),"WOULD MINT"
154954,SLTR-221140,,(new),"WOULD MINT"
154957,SLTR-220829,,(new),"WOULD MINT"
154975,SLTR-221767,,(new),"WOULD MINT"
154978,SLTR-221317,,(new),"WOULD MINT"
154980,SLTR-217782,,(new),"WOULD MINT"
154995,SLTR-219783,,(new),"WOULD MINT"
154998,SLTR-221531,,(new),"WOULD MINT"
155008,SLTR-210866,,(new),"WOULD MINT"
155021,SLTR-210076,,(new),"WOULD MINT"
155029,SLTR-210759,,(new),"WOULD MINT"
155030,SLTR-222483,,(new),"WOULD MINT"
155036,SLTR-210081,,(new),"WOULD MINT"
155037,SLTR-131282,,(new),"WOULD MINT"
155046,SLTR-210896,,(new),"WOULD MINT"
155047,SLTR-210062,,(new),"WOULD MINT"
155051,SLTR-210425,,(new),"WOULD MINT"
155067,SLTR-210025,,(new),"WOULD MINT"
155076,SLTR-210427,,(new),"WOULD MINT"
155083,SLTR-210327,,(new),"WOULD MINT"
155089,SLTR-210348,,(new),"WOULD MINT"
155090,SLTR-210321,,(new),"WOULD MINT"
155092,SLTR-210372,,(new),"WOULD MINT"
155099,SLTR-210223,,(new),"WOULD MINT"
155101,SLTR-210453,,(new),"WOULD MINT"
155107,SLTR-210172,,(new),"WOULD MINT"
155123,SLTR-210815,,(new),"WOULD MINT"
155125,SLTR-210529,,(new),"WOULD MINT"
155127,SLTR-210454,,(new),"WOULD MINT"
155147,SLTR-210085,,(new),"WOULD MINT"
155148,SLTR-210451,,(new),"WOULD MINT"
155158,SLTR-210965,,(new),"WOULD MINT"
155170,SLTR-210567,,(new),"WOULD MINT"
155171,SLTR-210920,,(new),"WOULD MINT"
155221,SLTR-210867,,(new),"WOULD MINT"
155232,SLTR-210967,,(new),"WOULD MINT"
155258,SLTR-210490,,(new),"WOULD MINT"
155269,SLTR-210578,,(new),"WOULD MINT"
155273,SLTR-210882,,(new),"WOULD MINT"
155290,SLTR-210504,,(new),"WOULD MINT"
155295,SLTR-210945,,(new),"WOULD MINT"
155318,SLTR-210224,,(new),"WOULD MINT"
155333,SLTR-210196,,(new),"WOULD MINT"
155347,SLTR-210084,,(new),"WOULD MINT"
155394,SLTR-210935,,(new),"WOULD MINT"
155416,SLTR-221309,,(new),"WOULD MINT"
155432,SLTR-220934,,(new),"WOULD MINT"
155445,SLTR-221780,,(new),"WOULD MINT"
155683,SLTR-210139,,(new),"WOULD MINT"
155696,SLTR-210138,,(new),"WOULD MINT"
155714,SLTR-210278,,(new),"WOULD MINT"
155730,SLTR-210015,,(new),"WOULD MINT"
155741,SLTR-210136,,(new),"WOULD MINT"
155750,SLTR-210434,,(new),"WOULD MINT"
155767,SLTR-210328,,(new),"WOULD MINT"
155770,SLTR-210428,,(new),"WOULD MINT"
155788,SLTR-210971,,(new),"WOULD MINT"
155795,SLTR-210807,,(new),"WOULD MINT"
155808,SLTR-210551,,(new),"WOULD MINT"
155817,SLTR-210037,,(new),"WOULD MINT"
155831,SLTR-210086,,(new),"WOULD MINT"
155835,SLTR-210838,,(new),"WOULD MINT"
155854,SLTR-210539,,(new),"WOULD MINT"
155867,SLTR-210463,,(new),"WOULD MINT"
155885,SLTR-210900,,(new),"WOULD MINT"
155889,SLTR-210236,,(new),"WOULD MINT"
155905,SLTR-210973,,(new),"WOULD MINT"
155915,SLTR-210559,,(new),"WOULD MINT"
155924,SLTR-210975,,(new),"WOULD MINT"
155942,SLTR-210873,,(new),"WOULD MINT"
155945,SLTR-210552,,(new),"WOULD MINT"
155973,SLTR-210140,,(new),"WOULD MINT"
156020,SLTR-210568,,(new),"WOULD MINT"
156028,SLTR-210349,,(new),"WOULD MINT"
156061,SLTR-210430,,(new),"WOULD MINT"
156074,SLTR-210465,,(new),"WOULD MINT"
156123,SLTR-210760,,(new),"WOULD MINT"
156216,SLTR-211976,,(new),"WOULD MINT"
156223,SLTR-211632,,(new),"WOULD MINT"
156225,SLTR-211185,,(new),"WOULD MINT"
156234,SLTR-211428,,(new),"WOULD MINT"
156278,SLTR-211743,,(new),"WOULD MINT"
156301,SLTR-211636,,(new),"WOULD MINT"
156317,SLTR-211289,,(new),"WOULD MINT"
156335,SLTR-211291,,(new),"WOULD MINT"
156340,SLTR-211288,,(new),"WOULD MINT"
156356,SLTR-211657,,(new),"WOULD MINT"
156362,SLTR-211063,,(new),"WOULD MINT"
156363,SLTR-211171,,(new),"WOULD MINT"
156378,SLTR-211706,,(new),"WOULD MINT"
156397,SLTR-211423,,(new),"WOULD MINT"
156435,SLTR-211045,,(new),"WOULD MINT"
156449,SLTR-211977,,(new),"WOULD MINT"
156464,SLTR-211043,,(new),"WOULD MINT"
156473,SLTR-211415,,(new),"WOULD MINT"
156497,SLTR-211430,,(new),"WOULD MINT"
156507,SLTR-211281,,(new),"WOULD MINT"
156536,SLTR-211047,,(new),"WOULD MINT"
156537,SLTR-211824,,(new),"WOULD MINT"
156557,SLTR-211080,,(new),"WOULD MINT"
156563,SLTR-211091,,(new),"WOULD MINT"
156580,SLTR-211156,,(new),"WOULD MINT"
156585,SLTR-211286,,(new),"WOULD MINT"
156588,SLTR-211360,,(new),"WOULD MINT"
156595,SLTR-211668,,(new),"WOULD MINT"
156597,SLTR-211016,,(new),"WOULD MINT"
156600,SLTR-211475,,(new),"WOULD MINT"
156612,SLTR-211837,,(new),"WOULD MINT"
156631,SLTR-211660,,(new),"WOULD MINT"
156861,SLTR-61020,,(new),"WOULD MINT"
156868,SLTR-126820,,(new),"WOULD MINT"
156871,SLTR-190721,,(new),"WOULD MINT"
156873,SLTR-99289,,(new),"WOULD MINT"
156905,SLTR-216456,,(new),"WOULD MINT"
156931,SLTR-71729,,(new),"WOULD MINT"
156933,SLTR-196880,,(new),"WOULD MINT"
156938,SLTR-126819,,(new),"WOULD MINT"
156952,SLTR-197879,,(new),"WOULD MINT"
156957,SLTR-204737,,(new),"WOULD MINT"
156962,SLTR-206108,,(new),"WOULD MINT"
156963,SLTR-216828,,(new),"WOULD MINT"
156966,SLTR-204738,,(new),"WOULD MINT"
156969,SLTR-17409,,(new),"WOULD MINT"
156979,SLTR-197594,,(new),"WOULD MINT"
156982,SLTR-189567,,(new),"WOULD MINT"
156989,SLTR-214961,,(new),"WOULD MINT"
156993,SLTR-215397,,(new),"WOULD MINT"
156996,SLTR-52617,,(new),"WOULD MINT"
157001,SLTR-29280,,(new),"WOULD MINT"
157008,SLTR-214315,,(new),"WOULD MINT"
157021,SLTR-17374,,(new),"WOULD MINT"
157022,SLTR-214787,,(new),"WOULD MINT"
157040,SLTR-70320,,(new),"WOULD MINT"
157048,SLTR-70283,,(new),"WOULD MINT"
157050,SLTR-210777,,(new),"WOULD MINT"
157059,SLTR-71088,,(new),"WOULD MINT"
157066,SLTR-46027,,(new),"WOULD MINT"
157073,SLTR-60211,,(new),"WOULD MINT"
157081,SLTR-209421,,(new),"WOULD MINT"
157089,SLTR-21063,,(new),"WOULD MINT"
157092,SLTR-15483,,(new),"WOULD MINT"
157106,SLTR-48951,,(new),"WOULD MINT"
157119,SLTR-52618,,(new),"WOULD MINT"
157121,SLTR-18640,,(new),"WOULD MINT"
157128,SLTR-16571,,(new),"WOULD MINT"
157133,SLTR-16570,,(new),"WOULD MINT"
157136,SLTR-51499,,(new),"WOULD MINT"
157140,SLTR-64615,,(new),"WOULD MINT"
157145,SLTR-21062,,(new),"WOULD MINT"
157150,SLTR-58046,,(new),"WOULD MINT"
157153,SLTR-50578,,(new),"WOULD MINT"
157155,SLTR-207498,,(new),"WOULD MINT"
157160,SLTR-208437,,(new),"WOULD MINT"
157162,SLTR-18653,,(new),"WOULD MINT"
157170,SLTR-190840,,(new),"WOULD MINT"
157176,SLTR-16635,,(new),"WOULD MINT"
157180,SLTR-198926,,(new),"WOULD MINT"
157188,SLTR-194563,,(new),"WOULD MINT"
157191,SLTR-112504,,(new),"WOULD MINT"
157192,SLTR-215635,,(new),"WOULD MINT"
157196,SLTR-17522,,(new),"WOULD MINT"
157201,SLTR-192779,,(new),"WOULD MINT"
157206,SLTR-48312,,(new),"WOULD MINT"
157209,SLTR-84996,,(new),"WOULD MINT"
157210,SLTR-23116,,(new),"WOULD MINT"
157212,SLTR-209026,,(new),"WOULD MINT"
157216,SLTR-187970,,(new),"WOULD MINT"
157218,SLTR-206509,,(new),"WOULD MINT"
157221,SLTR-211905,,(new),"WOULD MINT"
157224,SLTR-215910,,(new),"WOULD MINT"
157225,SLTR-212836,,(new),"WOULD MINT"
157226,SLTR-213138,,(new),"WOULD MINT"
157227,SLTR-127665,,(new),"WOULD MINT"
157228,SLTR-92651,,(new),"WOULD MINT"
157231,SLTR-211752,,(new),"WOULD MINT"
157238,SLTR-210509,,(new),"WOULD MINT"
157258,SLTR-15484,,(new),"WOULD MINT"
157264,SLTR-129266,,(new),"WOULD MINT"
157270,SLTR-61175,,(new),"WOULD MINT"
157272,SLTR-30238,,(new),"WOULD MINT"
157274,SLTR-190374,,(new),"WOULD MINT"
157283,SLTR-216458,,(new),"WOULD MINT"
157284,SLTR-200072,,(new),"WOULD MINT"
157285,SLTR-53558,,(new),"WOULD MINT"
157295,SLTR-196054,,(new),"WOULD MINT"
157300,SLTR-27188,,(new),"WOULD MINT"
157307,SLTR-20802,,(new),"WOULD MINT"
157312,SLTR-24738,,(new),"WOULD MINT"
157316,SLTR-202245,,(new),"WOULD MINT"
157326,SLTR-64619,,(new),"WOULD MINT"
157331,SLTR-206200,,(new),"WOULD MINT"
157342,SLTR-30295,,(new),"WOULD MINT"
157344,SLTR-194726,,(new),"WOULD MINT"
157350,SLTR-216797,,(new),"WOULD MINT"
157352,SLTR-199000,,(new),"WOULD MINT"
157353,SLTR-17519,,(new),"WOULD MINT"
157361,SLTR-77311,,(new),"WOULD MINT"
157370,SLTR-216706,,(new),"WOULD MINT"
157371,SLTR-214969,,(new),"WOULD MINT"
157376,SLTR-50580,,(new),"WOULD MINT"
157382,SLTR-116610,,(new),"WOULD MINT"
157390,SLTR-204139,,(new),"WOULD MINT"
157405,SLTR-196492,,(new),"WOULD MINT"
157412,SLTR-120040,,(new),"WOULD MINT"
157418,SLTR-206623,,(new),"WOULD MINT"
157419,SLTR-205946,,(new),"WOULD MINT"
157438,SLTR-191136,,(new),"WOULD MINT"
157446,SLTR-209543,,(new),"WOULD MINT"
157448,SLTR-214374,,(new),"WOULD MINT"
157452,SLTR-129561,,(new),"WOULD MINT"
157453,SLTR-73678,,(new),"WOULD MINT"
157462,SLTR-209423,,(new),"WOULD MINT"
157465,SLTR-218786,,(new),"WOULD MINT"
157467,SLTR-198081,,(new),"WOULD MINT"
157470,SLTR-51571,,(new),"WOULD MINT"
157472,SLTR-29800,,(new),"WOULD MINT"
157474,SLTR-31518,,(new),"WOULD MINT"
157477,SLTR-190206,,(new),"WOULD MINT"
157480,SLTR-48560,,(new),"WOULD MINT"
157490,SLTR-191051,,(new),"WOULD MINT"
157491,SLTR-217639,,(new),"WOULD MINT"
157499,SLTR-132116,,(new),"WOULD MINT"
157508,SLTR-27284,,(new),"WOULD MINT"
157516,SLTR-60476,,(new),"WOULD MINT"
157525,SLTR-52615,,(new),"WOULD MINT"
157528,SLTR-49445,,(new),"WOULD MINT"
157529,SLTR-205242,,(new),"WOULD MINT"
157582,SLTR-211208,,(new),"WOULD MINT"
157616,SLTR-211219,,(new),"WOULD MINT"
157630,SLTR-211686,,(new),"WOULD MINT"
157731,SLTR-211267,,(new),"WOULD MINT"
157740,SLTR-211817,,(new),"WOULD MINT"
157747,SLTR-211044,,(new),"WOULD MINT"
157760,SLTR-211667,,(new),"WOULD MINT"
157771,SLTR-211771,,(new),"WOULD MINT"
157786,SLTR-211952,,(new),"WOULD MINT"
157820,SLTR-211024,,(new),"WOULD MINT"
157821,SLTR-211172,,(new),"WOULD MINT"
157837,SLTR-211243,,(new),"WOULD MINT"
157848,SLTR-211504,,(new),"WOULD MINT"
157860,SLTR-211779,,(new),"WOULD MINT"
157869,SLTR-211226,,(new),"WOULD MINT"
157878,SLTR-211484,,(new),"WOULD MINT"
157889,SLTR-211495,,(new),"WOULD MINT"
157898,SLTR-211223,,(new),"WOULD MINT"
157900,SLTR-211089,,(new),"WOULD MINT"
157917,SLTR-211139,,(new),"WOULD MINT"
157925,SLTR-211882,,(new),"WOULD MINT"
157931,SLTR-211254,,(new),"WOULD MINT"
157939,SLTR-211651,,(new),"WOULD MINT"
157942,SLTR-211129,,(new),"WOULD MINT"
157954,SLTR-211827,,(new),"WOULD MINT"
157957,SLTR-211252,,(new),"WOULD MINT"
157965,SLTR-211398,,(new),"WOULD MINT"
157990,SLTR-211656,,(new),"WOULD MINT"
157996,SLTR-211131,,(new),"WOULD MINT"
158012,SLTR-211209,,(new),"WOULD MINT"
158023,SLTR-211017,,(new),"WOULD MINT"
158047,SLTR-211685,,(new),"WOULD MINT"
158050,SLTR-211446,,(new),"WOULD MINT"
158080,SLTR-211777,,(new),"WOULD MINT"
158098,SLTR-211581,,(new),"WOULD MINT"
158102,SLTR-211498,,(new),"WOULD MINT"
158126,SLTR-211655,,(new),"WOULD MINT"
158147,SLTR-211221,,(new),"WOULD MINT"
158156,SLTR-211400,,(new),"WOULD MINT"
158167,SLTR-211764,,(new),"WOULD MINT"
158188,SLTR-211826,,(new),"WOULD MINT"
158198,SLTR-211417,,(new),"WOULD MINT"
158199,SLTR-211187,,(new),"WOULD MINT"
158207,SLTR-211177,,(new),"WOULD MINT"
158208,SLTR-211304,,(new),"WOULD MINT"
158227,SLTR-211246,,(new),"WOULD MINT"
158238,SLTR-211084,,(new),"WOULD MINT"
158243,SLTR-211819,,(new),"WOULD MINT"
158250,SLTR-211760,,(new),"WOULD MINT"
158259,SLTR-211093,,(new),"WOULD MINT"
158267,SLTR-211377,,(new),"WOULD MINT"
158269,SLTR-211831,,(new),"WOULD MINT"
158277,SLTR-211670,,(new),"WOULD MINT"
158282,SLTR-211808,,(new),"WOULD MINT"
158287,SLTR-211205,,(new),"WOULD MINT"
158289,SLTR-211483,,(new),"WOULD MINT"
158303,SLTR-211723,,(new),"WOULD MINT"
158306,SLTR-211159,,(new),"WOULD MINT"
158311,SLTR-211725,,(new),"WOULD MINT"
158319,SLTR-211320,,(new),"WOULD MINT"
158320,SLTR-211242,,(new),"WOULD MINT"
158326,SLTR-211603,,(new),"WOULD MINT"
158329,SLTR-211116,,(new),"WOULD MINT"
158335,SLTR-211295,,(new),"WOULD MINT"
158397,SLTR-112184,,(new),"WOULD MINT"
158507,SLTR-211433,,(new),"WOULD MINT"
158516,SLTR-211946,,(new),"WOULD MINT"
158524,SLTR-211708,,(new),"WOULD MINT"
158548,SLTR-211027,,(new),"WOULD MINT"
158555,SLTR-211712,,(new),"WOULD MINT"
158576,SLTR-219419,,(new),"WOULD MINT"
158583,SLTR-211879,,(new),"WOULD MINT"
158584,SLTR-211313,,(new),"WOULD MINT"
158620,SLTR-211344,,(new),"WOULD MINT"
158625,SLTR-214219,,(new),"WOULD MINT"
158637,SLTR-211765,,(new),"WOULD MINT"
158641,SLTR-78193,,(new),"WOULD MINT"
158648,SLTR-211629,,(new),"WOULD MINT"
158655,SLTR-211237,,(new),"WOULD MINT"
158671,SLTR-211616,,(new),"WOULD MINT"
158678,SLTR-211197,,(new),"WOULD MINT"
158701,SLTR-211583,,(new),"WOULD MINT"
158703,SLTR-211391,,(new),"WOULD MINT"
158717,SLTR-211728,,(new),"WOULD MINT"
158724,SLTR-211493,,(new),"WOULD MINT"
158730,SLTR-211301,,(new),"WOULD MINT"
158751,SLTR-21878,,(new),"WOULD MINT"
158755,SLTR-211806,,(new),"WOULD MINT"
158764,SLTR-211790,,(new),"WOULD MINT"
158773,SLTR-211453,,(new),"WOULD MINT"
158784,SLTR-211671,,(new),"WOULD MINT"
158796,SLTR-211445,,(new),"WOULD MINT"
158805,SLTR-211444,,(new),"WOULD MINT"
158808,SLTR-211096,,(new),"WOULD MINT"
158811,SLTR-211426,,(new),"WOULD MINT"
158914,SLTR-211290,,(new),"WOULD MINT"
158936,SLTR-211452,,(new),"WOULD MINT"
158946,SLTR-211296,,(new),"WOULD MINT"
158947,SLTR-211382,,(new),"WOULD MINT"
158957,SLTR-211881,,(new),"WOULD MINT"
158966,SLTR-211494,,(new),"WOULD MINT"
158973,SLTR-211206,,(new),"WOULD MINT"
158982,SLTR-211285,,(new),"WOULD MINT"
158996,SLTR-211620,,(new),"WOULD MINT"
158999,SLTR-211669,,(new),"WOULD MINT"
159015,SLTR-211741,,(new),"WOULD MINT"
159019,SLTR-211215,,(new),"WOULD MINT"
159031,SLTR-211042,,(new),"WOULD MINT"
159048,SLTR-211999,,(new),"WOULD MINT"
159051,SLTR-211182,,(new),"WOULD MINT"
159062,SLTR-211834,,(new),"WOULD MINT"
159064,SLTR-211135,,(new),"WOULD MINT"
159078,SLTR-211299,,(new),"WOULD MINT"
159087,SLTR-211023,,(new),"WOULD MINT"
159097,SLTR-211137,,(new),"WOULD MINT"
159101,SLTR-211770,,(new),"WOULD MINT"
159107,SLTR-211300,,(new),"WOULD MINT"
159108,SLTR-211151,,(new),"WOULD MINT"
159113,SLTR-211321,,(new),"WOULD MINT"
159118,SLTR-211551,,(new),"WOULD MINT"
159123,SLTR-211917,,(new),"WOULD MINT"
159125,SLTR-211710,,(new),"WOULD MINT"
159126,SLTR-211397,,(new),"WOULD MINT"
159128,SLTR-211899,,(new),"WOULD MINT"
159132,SLTR-211138,,(new),"WOULD MINT"
159133,SLTR-211302,,(new),"WOULD MINT"
159186,SLTR-211731,,(new),"WOULD MINT"
159187,SLTR-211880,,(new),"WOULD MINT"
159192,SLTR-211094,,(new),"WOULD MINT"
159194,SLTR-211850,,(new),"WOULD MINT"
159196,SLTR-211404,,(new),"WOULD MINT"
159204,SLTR-211659,,(new),"WOULD MINT"
159208,SLTR-211456,,(new),"WOULD MINT"
159209,SLTR-211842,,(new),"WOULD MINT"
159215,SLTR-211050,,(new),"WOULD MINT"
159219,SLTR-211395,,(new),"WOULD MINT"
159222,SLTR-211284,,(new),"WOULD MINT"
159227,SLTR-211393,,(new),"WOULD MINT"
159229,SLTR-211665,,(new),"WOULD MINT"
159234,SLTR-211034,,(new),"WOULD MINT"
159236,SLTR-211550,,(new),"WOULD MINT"
159243,SLTR-211032,,(new),"WOULD MINT"
159246,SLTR-211090,,(new),"WOULD MINT"
159254,SLTR-222399,,(new),"WOULD MINT"
159258,SLTR-211747,,(new),"WOULD MINT"
159260,SLTR-211322,,(new),"WOULD MINT"
159269,SLTR-211232,,(new),"WOULD MINT"
159271,SLTR-206947,,(new),"WOULD MINT"
159272,SLTR-211081,,(new),"WOULD MINT"
159277,SLTR-211183,,(new),"WOULD MINT"
159279,SLTR-212093,,(new),"WOULD MINT"
159286,SLTR-220494,,(new),"WOULD MINT"
159287,SLTR-211704,,(new),"WOULD MINT"
159292,SLTR-221240,,(new),"WOULD MINT"
159298,SLTR-211910,,(new),"WOULD MINT"
159301,SLTR-219784,,(new),"WOULD MINT"
159304,SLTR-204211,,(new),"WOULD MINT"
159307,SLTR-211709,,(new),"WOULD MINT"
159314,SLTR-221043,,(new),"WOULD MINT"
159323,SLTR-211627,,(new),"WOULD MINT"
159335,SLTR-216221,,(new),"WOULD MINT"
159338,SLTR-211438,,(new),"WOULD MINT"
159347,SLTR-220785,,(new),"WOULD MINT"
159369,SLTR-216241,,(new),"WOULD MINT"
159371,SLTR-211570,,(new),"WOULD MINT"
159376,SLTR-211883,,(new),"WOULD MINT"
159389,SLTR-211512,,(new),"WOULD MINT"
159399,SLTR-211757,,(new),"WOULD MINT"
159406,SLTR-211316,,(new),"WOULD MINT"
159411,SLTR-211160,,(new),"WOULD MINT"
159415,SLTR-204966,,(new),"WOULD MINT"
159418,SLTR-211707,,(new),"WOULD MINT"
159424,SLTR-211188,,(new),"WOULD MINT"
159428,SLTR-211233,,(new),"WOULD MINT"
159435,SLTR-211701,,(new),"WOULD MINT"
159438,SLTR-204145,,(new),"WOULD MINT"
159445,SLTR-211332,,(new),"WOULD MINT"
159449,SLTR-204719,,(new),"WOULD MINT"
159452,SLTR-213235,,(new),"WOULD MINT"
159459,SLTR-217839,,(new),"WOULD MINT"
159465,SLTR-204444,,(new),"WOULD MINT"
159472,SLTR-211947,,(new),"WOULD MINT"
159473,SLTR-204899,,(new),"WOULD MINT"
159477,SLTR-211287,,(new),"WOULD MINT"
159483,SLTR-206589,,(new),"WOULD MINT"
159489,SLTR-206584,,(new),"WOULD MINT"
159508,SLTR-206775,,(new),"WOULD MINT"
159518,SLTR-206431,,(new),"WOULD MINT"
159524,SLTR-206768,,(new),"WOULD MINT"
159537,SLTR-206148,,(new),"WOULD MINT"
159560,SLTR-211833,,(new),"WOULD MINT"
159576,SLTR-211025,,(new),"WOULD MINT"
159581,SLTR-211902,,(new),"WOULD MINT"
159589,SLTR-207610,,(new),"WOULD MINT"
159590,SLTR-207506,,(new),"WOULD MINT"
159597,SLTR-207966,,(new),"WOULD MINT"
159600,SLTR-207818,,(new),"WOULD MINT"
159610,SLTR-207133,,(new),"WOULD MINT"
159621,SLTR-207280,,(new),"WOULD MINT"
159629,SLTR-204658,,(new),"WOULD MINT"
159657,SLTR-211436,,(new),"WOULD MINT"
159676,SLTR-211577,,(new),"WOULD MINT"
159688,SLTR-201648,,(new),"WOULD MINT"
159703,SLTR-211672,,(new),"WOULD MINT"
159727,SLTR-207488,,(new),"WOULD MINT"
159747,SLTR-194032,,(new),"WOULD MINT"
159758,SLTR-211333,,(new),"WOULD MINT"
159776,SLTR-207917,,(new),"WOULD MINT"
159801,SLTR-207965,,(new),"WOULD MINT"
159810,SLTR-207495,,(new),"WOULD MINT"
159853,SLTR-211859,,(new),"WOULD MINT"
159884,SLTR-194038,,(new),"WOULD MINT"
159902,SLTR-204645,,(new),"WOULD MINT"
159966,SLTR-211703,,(new),"WOULD MINT"
159980,SLTR-211439,,(new),"WOULD MINT"
160000,SLTR-211394,,(new),"WOULD MINT"
160007,SLTR-211662,,(new),"WOULD MINT"
160012,SLTR-211941,,(new),"WOULD MINT"
160027,SLTR-211954,,(new),"WOULD MINT"
160034,SLTR-211150,,(new),"WOULD MINT"
160045,SLTR-211341,,(new),"WOULD MINT"
160046,SLTR-211584,,(new),"WOULD MINT"
160061,SLTR-211945,,(new),"WOULD MINT"
160064,SLTR-211013,,(new),"WOULD MINT"
160069,SLTR-211713,,(new),"WOULD MINT"
160071,SLTR-211780,,(new),"WOULD MINT"
160086,SLTR-211820,,(new),"WOULD MINT"
160087,SLTR-211975,,(new),"WOULD MINT"
160101,SLTR-211492,,(new),"WOULD MINT"
160114,SLTR-211729,,(new),"WOULD MINT"
160115,SLTR-211074,,(new),"WOULD MINT"
160132,SLTR-211410,,(new),"WOULD MINT"
160145,SLTR-211133,,(new),"WOULD MINT"
160161,SLTR-211792,,(new),"WOULD MINT"
160168,SLTR-211623,,(new),"WOULD MINT"
160176,SLTR-211913,,(new),"WOULD MINT"
160187,SLTR-211198,,(new),"WOULD MINT"
160193,SLTR-211403,,(new),"WOULD MINT"
160212,SLTR-211421,,(new),"WOULD MINT"
160227,SLTR-211604,,(new),"WOULD MINT"
160237,SLTR-211364,,(new),"WOULD MINT"
160247,SLTR-211374,,(new),"WOULD MINT"
160254,SLTR-211807,,(new),"WOULD MINT"
160266,SLTR-211429,,(new),"WOULD MINT"
160270,SLTR-211634,,(new),"WOULD MINT"
160287,SLTR-211385,,(new),"WOULD MINT"
160293,SLTR-211119,,(new),"WOULD MINT"
160304,SLTR-211102,,(new),"WOULD MINT"
160314,SLTR-211810,,(new),"WOULD MINT"
160327,SLTR-211769,,(new),"WOULD MINT"
160333,SLTR-211628,,(new),"WOULD MINT"
160339,SLTR-211589,,(new),"WOULD MINT"
160342,SLTR-211679,,(new),"WOULD MINT"
160347,SLTR-192938,,(new),"WOULD MINT"
160355,SLTR-211427,,(new),"WOULD MINT"
160356,SLTR-211283,,(new),"WOULD MINT"
160360,SLTR-211613,,(new),"WOULD MINT"
160366,SLTR-211744,,(new),"WOULD MINT"
160367,SLTR-211369,,(new),"WOULD MINT"
160387,SLTR-211953,,(new),"WOULD MINT"
160404,SLTR-222149,,(new),"WOULD MINT"
160410,SLTR-211897,,(new),"WOULD MINT"
160425,SLTR-211082,,(new),"WOULD MINT"
160445,SLTR-211898,,(new),"WOULD MINT"
160456,SLTR-211644,,(new),"WOULD MINT"
160465,SLTR-211294,,(new),"WOULD MINT"
160481,SLTR-211390,,(new),"WOULD MINT"
160489,SLTR-211841,,(new),"WOULD MINT"
160497,SLTR-211282,,(new),"WOULD MINT"
160503,SLTR-211213,,(new),"WOULD MINT"
160512,SLTR-211682,,(new),"WOULD MINT"
160521,SLTR-211919,,(new),"WOULD MINT"
160527,SLTR-211683,,(new),"WOULD MINT"
160538,SLTR-192937,,(new),"WOULD MINT"
160579,SLTR-112647,,(new),"WOULD MINT"
160610,SLTR-48588,,(new),"WOULD MINT"
160611,SLTR-36428,,(new),"WOULD MINT"
160618,SLTR-36434,,(new),"WOULD MINT"
160620,SLTR-36435,,(new),"WOULD MINT"
160659,SLTR-211365,,(new),"WOULD MINT"
160665,SLTR-211431,,(new),"WOULD MINT"
160674,SLTR-211995,,(new),"WOULD MINT"
160686,SLTR-211051,,(new),"WOULD MINT"
160690,SLTR-211306,,(new),"WOULD MINT"
160698,SLTR-211307,,(new),"WOULD MINT"
160702,SLTR-211204,,(new),"WOULD MINT"
160708,SLTR-211998,,(new),"WOULD MINT"
160719,SLTR-211115,,(new),"WOULD MINT"
160721,SLTR-211340,,(new),"WOULD MINT"
160730,SLTR-211635,,(new),"WOULD MINT"
160732,SLTR-211389,,(new),"WOULD MINT"
160744,SLTR-211684,,(new),"WOULD MINT"
160747,SLTR-211835,,(new),"WOULD MINT"
160757,SLTR-211061,,(new),"WOULD MINT"
160759,SLTR-211650,,(new),"WOULD MINT"
160780,SLTR-211380,,(new),"WOULD MINT"
160783,SLTR-211593,,(new),"WOULD MINT"
160803,SLTR-211853,,(new),"WOULD MINT"
160804,SLTR-211742,,(new),"WOULD MINT"
160827,SLTR-211663,,(new),"WOULD MINT"
160855,SLTR-211293,,(new),"WOULD MINT"
160856,SLTR-211207,,(new),"WOULD MINT"
160897,SLTR-211673,,(new),"WOULD MINT"
160917,SLTR-211124,,(new),"WOULD MINT"
160920,SLTR-211702,,(new),"WOULD MINT"
160945,SLTR-21700,,(new),"WOULD MINT"
160949,SLTR-211727,,(new),"WOULD MINT"
160960,SLTR-211486,,(new),"WOULD MINT"
160968,SLTR-211184,,(new),"WOULD MINT"
160979,SLTR-211399,,(new),"WOULD MINT"
161001,SLTR-211334,,(new),"WOULD MINT"
161004,SLTR-211681,,(new),"WOULD MINT"
161013,SLTR-211247,,(new),"WOULD MINT"
161021,SLTR-211497,,(new),"WOULD MINT"
161022,SLTR-211877,,(new),"WOULD MINT"
161032,SLTR-211437,,(new),"WOULD MINT"
161033,SLTR-211888,,(new),"WOULD MINT"
161040,SLTR-211887,,(new),"WOULD MINT"
161050,SLTR-211199,,(new),"WOULD MINT"
161053,SLTR-211496,,(new),"WOULD MINT"
161058,SLTR-211314,,(new),"WOULD MINT"
161062,SLTR-211915,,(new),"WOULD MINT"
161064,SLTR-211425,,(new),"WOULD MINT"
161074,SLTR-211422,,(new),"WOULD MINT"
161097,SLTR-219907,,(new),"WOULD MINT"
161128,SLTR-211079,,(new),"WOULD MINT"
161132,SLTR-211263,,(new),"WOULD MINT"
161138,SLTR-211064,,(new),"WOULD MINT"
161159,SLTR-211759,,(new),"WOULD MINT"
161163,SLTR-211825,,(new),"WOULD MINT"
161180,SLTR-211732,,(new),"WOULD MINT"
161184,SLTR-211866,,(new),"WOULD MINT"
161191,SLTR-211788,,(new),"WOULD MINT"
161195,SLTR-211748,,(new),"WOULD MINT"
161209,SLTR-211033,,(new),"WOULD MINT"
161212,SLTR-211816,,(new),"WOULD MINT"
161223,SLTR-211815,,(new),"WOULD MINT"
161227,SLTR-211503,,(new),"WOULD MINT"
161229,SLTR-211885,,(new),"WOULD MINT"
161234,SLTR-211388,,(new),"WOULD MINT"
161238,SLTR-211664,,(new),"WOULD MINT"
161250,SLTR-211130,,(new),"WOULD MINT"
161276,SLTR-211481,,(new),"WOULD MINT"
161384,SLTR-216796,,(new),"WOULD MINT"
161436,SLTR-218765,,(new),"WOULD MINT"
161466,SLTR-218762,,(new),"WOULD MINT"
161480,SLTR-218763,,(new),"WOULD MINT"
161489,SLTR-212743,,(new),"WOULD MINT"
161492,SLTR-218764,,(new),"WOULD MINT"
161494,SLTR-212137,,(new),"WOULD MINT"
161505,SLTR-212154,,(new),"WOULD MINT"
161506,SLTR-218767,,(new),"WOULD MINT"
161513,SLTR-212247,,(new),"WOULD MINT"
161518,SLTR-218768,,(new),"WOULD MINT"
161522,SLTR-212606,,(new),"WOULD MINT"
161529,SLTR-212242,,(new),"WOULD MINT"
161539,SLTR-212413,,(new),"WOULD MINT"
161541,SLTR-218766,,(new),"WOULD MINT"
161543,SLTR-212346,,(new),"WOULD MINT"
161550,SLTR-212073,,(new),"WOULD MINT"
161555,SLTR-206379,,(new),"WOULD MINT"
161557,SLTR-212139,,(new),"WOULD MINT"
161564,SLTR-212102,,(new),"WOULD MINT"
161566,SLTR-212935,,(new),"WOULD MINT"
161581,SLTR-212829,,(new),"WOULD MINT"
161583,SLTR-212898,,(new),"WOULD MINT"
161603,SLTR-212618,,(new),"WOULD MINT"
161606,SLTR-212975,,(new),"WOULD MINT"
161607,SLTR-212900,,(new),"WOULD MINT"
161623,SLTR-212270,,(new),"WOULD MINT"
161633,SLTR-212386,,(new),"WOULD MINT"
161641,SLTR-212564,,(new),"WOULD MINT"
161649,SLTR-212216,,(new),"WOULD MINT"
161657,SLTR-212262,,(new),"WOULD MINT"
161678,SLTR-212565,,(new),"WOULD MINT"
161686,SLTR-212085,,(new),"WOULD MINT"
161696,SLTR-212337,,(new),"WOULD MINT"
161710,SLTR-212893,,(new),"WOULD MINT"
161712,SLTR-212243,,(new),"WOULD MINT"
161722,SLTR-212287,,(new),"WOULD MINT"
161753,SLTR-212763,,(new),"WOULD MINT"
161769,SLTR-212853,,(new),"WOULD MINT"
161772,SLTR-212053,,(new),"WOULD MINT"
161788,SLTR-212611,,(new),"WOULD MINT"
161806,SLTR-212528,,(new),"WOULD MINT"
161808,SLTR-212852,,(new),"WOULD MINT"
161827,SLTR-212638,,(new),"WOULD MINT"
161835,SLTR-212086,,(new),"WOULD MINT"
161839,SLTR-212090,,(new),"WOULD MINT"
161853,SLTR-212560,,(new),"WOULD MINT"
161863,SLTR-212251,,(new),"WOULD MINT"
161866,SLTR-190613,,(new),"WOULD MINT"
161874,SLTR-203128,,(new),"WOULD MINT"
161879,SLTR-207514,,(new),"WOULD MINT"
161881,SLTR-213566,,(new),"WOULD MINT"
161891,SLTR-219042,,(new),"WOULD MINT"
161892,SLTR-207516,,(new),"WOULD MINT"
161896,SLTR-203130,,(new),"WOULD MINT"
161901,SLTR-205989,,(new),"WOULD MINT"
161904,SLTR-219041,,(new),"WOULD MINT"
161909,SLTR-131000,,(new),"WOULD MINT"
161911,SLTR-203115,,(new),"WOULD MINT"
161919,SLTR-196256,,(new),"WOULD MINT"
161944,SLTR-54007,,(new),"WOULD MINT"
161945,SLTR-131213,,(new),"WOULD MINT"
161946,SLTR-213567,,(new),"WOULD MINT"
161947,SLTR-131204,,(new),"WOULD MINT"
161948,SLTR-131207,,(new),"WOULD MINT"
161953,SLTR-212232,,(new),"WOULD MINT"
162052,SLTR-212040,,(new),"WOULD MINT"
162097,SLTR-212241,,(new),"WOULD MINT"
162118,SLTR-212041,,(new),"WOULD MINT"
162130,SLTR-212573,,(new),"WOULD MINT"
162133,SLTR-212145,,(new),"WOULD MINT"
162144,SLTR-212175,,(new),"WOULD MINT"
162159,SLTR-212679,,(new),"WOULD MINT"
162161,SLTR-212116,,(new),"WOULD MINT"
162178,SLTR-212418,,(new),"WOULD MINT"
162179,SLTR-212049,,(new),"WOULD MINT"
162190,SLTR-212036,,(new),"WOULD MINT"
162193,SLTR-212832,,(new),"WOULD MINT"
162206,SLTR-212240,,(new),"WOULD MINT"
162214,SLTR-212432,,(new),"WOULD MINT"
162223,SLTR-212956,,(new),"WOULD MINT"
162227,SLTR-212338,,(new),"WOULD MINT"
162236,SLTR-212153,,(new),"WOULD MINT"
162242,SLTR-212659,,(new),"WOULD MINT"
162266,SLTR-212015,,(new),"WOULD MINT"
162269,SLTR-212681,,(new),"WOULD MINT"
162273,SLTR-212339,,(new),"WOULD MINT"
162287,SLTR-212115,,(new),"WOULD MINT"
162304,SLTR-212121,,(new),"WOULD MINT"
162311,SLTR-212678,,(new),"WOULD MINT"
162324,SLTR-212136,,(new),"WOULD MINT"
162411,SLTR-212610,,(new),"WOULD MINT"
162417,SLTR-212563,,(new),"WOULD MINT"
162425,SLTR-212414,,(new),"WOULD MINT"
162430,SLTR-212524,,(new),"WOULD MINT"
162446,SLTR-212621,,(new),"WOULD MINT"
162452,SLTR-218880,,(new),"WOULD MINT"
162455,SLTR-212072,,(new),"WOULD MINT"
162463,SLTR-214272,,(new),"WOULD MINT"
162469,SLTR-221881,,(new),"WOULD MINT"
162473,SLTR-212104,,(new),"WOULD MINT"
162480,SLTR-217816,,(new),"WOULD MINT"
162487,SLTR-199822,,(new),"WOULD MINT"
162489,SLTR-217808,,(new),"WOULD MINT"
162494,SLTR-215605,,(new),"WOULD MINT"
162497,SLTR-217811,,(new),"WOULD MINT"
162502,SLTR-210853,,(new),"WOULD MINT"
162503,SLTR-218076,,(new),"WOULD MINT"
162508,SLTR-212930,,(new),"WOULD MINT"
162512,SLTR-212579,,(new),"WOULD MINT"
162517,SLTR-214708,,(new),"WOULD MINT"
162520,SLTR-222292,,(new),"WOULD MINT"
162521,SLTR-220960,,(new),"WOULD MINT"
162525,SLTR-212106,,(new),"WOULD MINT"
162530,SLTR-217810,,(new),"WOULD MINT"
162533,SLTR-216930,,(new),"WOULD MINT"
162537,SLTR-218881,,(new),"WOULD MINT"
162538,SLTR-216251,,(new),"WOULD MINT"
162541,SLTR-217805,,(new),"WOULD MINT"
162545,SLTR-216884,,(new),"WOULD MINT"
162548,SLTR-217812,,(new),"WOULD MINT"
162555,SLTR-215723,,(new),"WOULD MINT"
162556,SLTR-214717,,(new),"WOULD MINT"
162563,SLTR-219296,,(new),"WOULD MINT"
162564,SLTR-211791,,(new),"WOULD MINT"
162568,SLTR-214407,,(new),"WOULD MINT"
162576,SLTR-221268,,(new),"WOULD MINT"
162582,SLTR-211775,,(new),"WOULD MINT"
162586,SLTR-25780,,(new),"WOULD MINT"
162590,SLTR-219411,,(new),"WOULD MINT"
162603,SLTR-220260,,(new),"WOULD MINT"
162606,SLTR-219676,,(new),"WOULD MINT"
162611,SLTR-215585,,(new),"WOULD MINT"
162614,SLTR-217815,,(new),"WOULD MINT"
162623,SLTR-29749,,(new),"WOULD MINT"
162637,SLTR-212749,,(new),"WOULD MINT"
162645,SLTR-192770,,(new),"WOULD MINT"
162652,SLTR-212007,,(new),"WOULD MINT"
162661,SLTR-217662,,(new),"WOULD MINT"
162666,SLTR-212899,,(new),"WOULD MINT"
162667,SLTR-220509,,(new),"WOULD MINT"
162672,SLTR-219649,,(new),"WOULD MINT"
162674,SLTR-212603,,(new),"WOULD MINT"
162680,SLTR-219410,,(new),"WOULD MINT"
162681,SLTR-212187,,(new),"WOULD MINT"
162685,SLTR-212123,,(new),"WOULD MINT"
162686,SLTR-221568,,(new),"WOULD MINT"
162687,SLTR-212632,,(new),"WOULD MINT"
162688,SLTR-212751,,(new),"WOULD MINT"
162689,SLTR-215229,,(new),"WOULD MINT"
162690,SLTR-216954,,(new),"WOULD MINT"
162735,SLTR-212125,,(new),"WOULD MINT"
162752,SLTR-212529,,(new),"WOULD MINT"
162779,SLTR-212202,,(new),"WOULD MINT"
162785,SLTR-212091,,(new),"WOULD MINT"
162787,SLTR-212269,,(new),"WOULD MINT"
162793,SLTR-212185,,(new),"WOULD MINT"
162798,SLTR-212014,,(new),"WOULD MINT"
162800,SLTR-212649,,(new),"WOULD MINT"
162814,SLTR-212750,,(new),"WOULD MINT"
162817,SLTR-212281,,(new),"WOULD MINT"
162826,SLTR-212151,,(new),"WOULD MINT"
162836,SLTR-212284,,(new),"WOULD MINT"
162843,SLTR-212728,,(new),"WOULD MINT"
162865,SLTR-212762,,(new),"WOULD MINT"
162882,SLTR-212286,,(new),"WOULD MINT"
162888,SLTR-212218,,(new),"WOULD MINT"
162894,SLTR-212917,,(new),"WOULD MINT"
162905,SLTR-212172,,(new),"WOULD MINT"
162931,SLTR-212113,,(new),"WOULD MINT"
162944,SLTR-212150,,(new),"WOULD MINT"
162966,SLTR-212006,,(new),"WOULD MINT"
162973,SLTR-212118,,(new),"WOULD MINT"
162983,SLTR-212559,,(new),"WOULD MINT"
163001,SLTR-212602,,(new),"WOULD MINT"
163004,SLTR-212114,,(new),"WOULD MINT"
163124,SLTR-212283,,(new),"WOULD MINT"
163160,SLTR-212250,,(new),"WOULD MINT"
163200,SLTR-212005,,(new),"WOULD MINT"
163206,SLTR-212434,,(new),"WOULD MINT"
163239,SLTR-212903,,(new),"WOULD MINT"
163271,SLTR-212495,,(new),"WOULD MINT"
163275,SLTR-212257,,(new),"WOULD MINT"
163302,SLTR-212256,,(new),"WOULD MINT"
163315,SLTR-212490,,(new),"WOULD MINT"
163328,SLTR-212258,,(new),"WOULD MINT"
163336,SLTR-212084,,(new),"WOULD MINT"
163370,SLTR-212498,,(new),"WOULD MINT"
163373,SLTR-212405,,(new),"WOULD MINT"
163385,SLTR-212433,,(new),"WOULD MINT"
163413,SLTR-212555,,(new),"WOULD MINT"
163431,SLTR-212622,,(new),"WOULD MINT"
163446,SLTR-212290,,(new),"WOULD MINT"
163451,SLTR-212016,,(new),"WOULD MINT"
163483,SLTR-212496,,(new),"WOULD MINT"
163488,SLTR-212296,,(new),"WOULD MINT"
163495,SLTR-212043,,(new),"WOULD MINT"
163519,SLTR-212233,,(new),"WOULD MINT"
163527,SLTR-212568,,(new),"WOULD MINT"
163541,SLTR-212530,,(new),"WOULD MINT"
163547,SLTR-212020,,(new),"WOULD MINT"
163549,SLTR-212938,,(new),"WOULD MINT"
163559,SLTR-212197,,(new),"WOULD MINT"
163566,SLTR-212203,,(new),"WOULD MINT"
163571,SLTR-17967,,(new),"WOULD MINT"
163584,SLTR-212078,,(new),"WOULD MINT"
163604,SLTR-212077,,(new),"WOULD MINT"
163611,SLTR-212134,,(new),"WOULD MINT"
163647,SLTR-212080,,(new),"WOULD MINT"
163654,SLTR-212884,,(new),"WOULD MINT"
163665,SLTR-212971,,(new),"WOULD MINT"
163667,SLTR-212157,,(new),"WOULD MINT"
163685,SLTR-212667,,(new),"WOULD MINT"
163689,SLTR-212637,,(new),"WOULD MINT"
163695,SLTR-212974,,(new),"WOULD MINT"
163701,SLTR-212526,,(new),"WOULD MINT"
163706,SLTR-212970,,(new),"WOULD MINT"
163709,SLTR-212246,,(new),"WOULD MINT"
163712,SLTR-212727,,(new),"WOULD MINT"
163732,SLTR-212144,,(new),"WOULD MINT"
163735,SLTR-212235,,(new),"WOULD MINT"
163771,SLTR-212607,,(new),"WOULD MINT"
163828,SLTR-212107,,(new),"WOULD MINT"
163833,SLTR-212045,,(new),"WOULD MINT"
163843,SLTR-212553,,(new),"WOULD MINT"
163853,SLTR-212159,,(new),"WOULD MINT"
163854,SLTR-212348,,(new),"WOULD MINT"
163870,SLTR-212127,,(new),"WOULD MINT"
163885,SLTR-212071,,(new),"WOULD MINT"
163891,SLTR-212886,,(new),"WOULD MINT"
163901,SLTR-212576,,(new),"WOULD MINT"
163911,SLTR-217553,,(new),"WOULD MINT"
163936,SLTR-212204,,(new),"WOULD MINT"
163938,SLTR-212096,,(new),"WOULD MINT"
163963,SLTR-212484,,(new),"WOULD MINT"
163970,SLTR-212249,,(new),"WOULD MINT"
163988,SLTR-212419,,(new),"WOULD MINT"
163992,SLTR-212662,,(new),"WOULD MINT"
164006,SLTR-212569,,(new),"WOULD MINT"
164014,SLTR-212336,,(new),"WOULD MINT"
164017,SLTR-212263,,(new),"WOULD MINT"
164020,SLTR-212441,,(new),"WOULD MINT"
164037,SLTR-212725,,(new),"WOULD MINT"
164081,SLTR-212656,,(new),"WOULD MINT"
164082,SLTR-212673,,(new),"WOULD MINT"
164121,SLTR-212412,,(new),"WOULD MINT"
164143,SLTR-212087,,(new),"WOULD MINT"
164176,SLTR-212430,,(new),"WOULD MINT"
164196,SLTR-219841,,(new),"WOULD MINT"
164206,SLTR-205867,,(new),"WOULD MINT"
164218,SLTR-121443,,(new),"WOULD MINT"
164236,SLTR-212965,,(new),"WOULD MINT"
164247,SLTR-220095,,(new),"WOULD MINT"
164260,SLTR-218389,,(new),"WOULD MINT"
164271,SLTR-208105,,(new),"WOULD MINT"
164279,SLTR-207049,,(new),"WOULD MINT"
164286,SLTR-216182,,(new),"WOULD MINT"
164289,SLTR-213479,,(new),"WOULD MINT"
164302,SLTR-212977,,(new),"WOULD MINT"
164323,SLTR-212932,,(new),"WOULD MINT"
164324,SLTR-196891,,(new),"WOULD MINT"
164339,SLTR-218744,,(new),"WOULD MINT"
164347,SLTR-213473,,(new),"WOULD MINT"
164350,SLTR-218130,,(new),"WOULD MINT"
164363,SLTR-218617,,(new),"WOULD MINT"
164365,SLTR-215575,,(new),"WOULD MINT"
164370,SLTR-221057,,(new),"WOULD MINT"
164380,SLTR-38818,,(new),"WOULD MINT"
164405,SLTR-212619,,(new),"WOULD MINT"
164414,SLTR-219119,,(new),"WOULD MINT"
164424,SLTR-213484,,(new),"WOULD MINT"
164436,SLTR-215008,,(new),"WOULD MINT"
164443,SLTR-213384,,(new),"WOULD MINT"
164454,SLTR-16650,,(new),"WOULD MINT"
164460,SLTR-221223,,(new),"WOULD MINT"
164478,SLTR-213508,,(new),"WOULD MINT"
164479,SLTR-194734,,(new),"WOULD MINT"
164484,SLTR-37690,,(new),"WOULD MINT"
164494,SLTR-131924,,(new),"WOULD MINT"
164496,SLTR-212320,,(new),"WOULD MINT"
164507,SLTR-215597,,(new),"WOULD MINT"
164514,SLTR-217467,,(new),"WOULD MINT"
164518,SLTR-54137,,(new),"WOULD MINT"
164525,SLTR-57153,,(new),"WOULD MINT"
164529,SLTR-219716,,(new),"WOULD MINT"
164530,SLTR-216800,,(new),"WOULD MINT"
164534,SLTR-188687,,(new),"WOULD MINT"
164538,SLTR-217828,,(new),"WOULD MINT"
164541,SLTR-88194,,(new),"WOULD MINT"
164545,SLTR-221242,,(new),"WOULD MINT"
164561,SLTR-218854,,(new),"WOULD MINT"
164562,SLTR-217875,,(new),"WOULD MINT"
164574,SLTR-220914,,(new),"WOULD MINT"
164576,SLTR-220583,,(new),"WOULD MINT"
164584,SLTR-212546,,(new),"WOULD MINT"
164599,SLTR-216951,,(new),"WOULD MINT"
164609,SLTR-219995,,(new),"WOULD MINT"
164616,SLTR-216785,,(new),"WOULD MINT"
164626,SLTR-212443,,(new),"WOULD MINT"
164628,SLTR-212680,,(new),"WOULD MINT"
164635,SLTR-196245,,(new),"WOULD MINT"
164644,SLTR-212630,,(new),"WOULD MINT"
164660,SLTR-221243,,(new),"WOULD MINT"
164665,SLTR-212285,,(new),"WOULD MINT"
164678,SLTR-221992,,(new),"WOULD MINT"
164683,SLTR-191218,,(new),"WOULD MINT"
164687,SLTR-212074,,(new),"WOULD MINT"
164689,SLTR-191217,,(new),"WOULD MINT"
164690,SLTR-219508,,(new),"WOULD MINT"
164691,SLTR-215717,,(new),"WOULD MINT"
164692,SLTR-219506,,(new),"WOULD MINT"
164696,SLTR-218586,,(new),"WOULD MINT"
164706,SLTR-212001,,(new),"WOULD MINT"
164725,SLTR-212024,,(new),"WOULD MINT"
164763,SLTR-212362,,(new),"WOULD MINT"
164787,SLTR-212431,,(new),"WOULD MINT"
164791,SLTR-212554,,(new),"WOULD MINT"
164811,SLTR-212011,,(new),"WOULD MINT"
164813,SLTR-212067,,(new),"WOULD MINT"
164821,SLTR-212176,,(new),"WOULD MINT"
164833,SLTR-212158,,(new),"WOULD MINT"
164834,SLTR-212079,,(new),"WOULD MINT"
164852,SLTR-212149,,(new),"WOULD MINT"
164864,SLTR-212491,,(new),"WOULD MINT"
164884,SLTR-212831,,(new),"WOULD MINT"
164887,SLTR-212282,,(new),"WOULD MINT"
164902,SLTR-212248,,(new),"WOULD MINT"
164904,SLTR-212462,,(new),"WOULD MINT"
164913,SLTR-212794,,(new),"WOULD MINT"
164919,SLTR-212585,,(new),"WOULD MINT"
164929,SLTR-212403,,(new),"WOULD MINT"
164937,SLTR-212052,,(new),"WOULD MINT"
164944,SLTR-212660,,(new),"WOULD MINT"
164954,SLTR-212408,,(new),"WOULD MINT"
164957,SLTR-212322,,(new),"WOULD MINT"
164969,SLTR-212640,,(new),"WOULD MINT"
164982,SLTR-212037,,(new),"WOULD MINT"
164983,SLTR-212868,,(new),"WOULD MINT"
165002,SLTR-212792,,(new),"WOULD MINT"
165003,SLTR-217820,,(new),"WOULD MINT"
165006,SLTR-212309,,(new),"WOULD MINT"
165015,SLTR-212633,,(new),"WOULD MINT"
165020,SLTR-215996,,(new),"WOULD MINT"
165024,SLTR-213727,,(new),"WOULD MINT"
165031,SLTR-199001,,(new),"WOULD MINT"
165034,SLTR-215992,,(new),"WOULD MINT"
165056,SLTR-213889,,(new),"WOULD MINT"
165177,SLTR-212869,,(new),"WOULD MINT"
165194,SLTR-215617,,(new),"WOULD MINT"
165200,SLTR-212674,,(new),"WOULD MINT"
165214,SLTR-213017,,(new),"WOULD MINT"
165221,SLTR-212742,,(new),"WOULD MINT"
165231,SLTR-212152,,(new),"WOULD MINT"
165235,SLTR-190607,,(new),"WOULD MINT"
165252,SLTR-214775,,(new),"WOULD MINT"
165256,SLTR-214710,,(new),"WOULD MINT"
165260,SLTR-212668,,(new),"WOULD MINT"
165278,SLTR-212841,,(new),"WOULD MINT"
165283,SLTR-28045,,(new),"WOULD MINT"
165284,SLTR-221482,,(new),"WOULD MINT"
165301,SLTR-212340,,(new),"WOULD MINT"
165302,SLTR-213722,,(new),"WOULD MINT"
165313,SLTR-212761,,(new),"WOULD MINT"
165315,SLTR-212479,,(new),"WOULD MINT"
165317,SLTR-216878,,(new),"WOULD MINT"
165336,SLTR-216780,,(new),"WOULD MINT"
165339,SLTR-212508,,(new),"WOULD MINT"
165346,SLTR-218700,,(new),"WOULD MINT"
165351,SLTR-212051,,(new),"WOULD MINT"
165356,SLTR-210445,,(new),"WOULD MINT"
165361,SLTR-214794,,(new),"WOULD MINT"
165370,SLTR-77570,,(new),"WOULD MINT"
165371,SLTR-203116,,(new),"WOULD MINT"
165373,SLTR-216178,,(new),"WOULD MINT"
165379,SLTR-131859,,(new),"WOULD MINT"
165383,SLTR-215186,,(new),"WOULD MINT"
165389,SLTR-208642,,(new),"WOULD MINT"
165395,SLTR-212781,,(new),"WOULD MINT"
165401,SLTR-218856,,(new),"WOULD MINT"
165405,SLTR-213711,,(new),"WOULD MINT"
165411,SLTR-212050,,(new),"WOULD MINT"
165419,SLTR-211822,,(new),"WOULD MINT"
165426,SLTR-217410,,(new),"WOULD MINT"
165437,SLTR-128692,,(new),"WOULD MINT"
165447,SLTR-212223,,(new),"WOULD MINT"
165450,SLTR-219550,,(new),"WOULD MINT"
165457,SLTR-205618,,(new),"WOULD MINT"
165465,SLTR-217755,,(new),"WOULD MINT"
165474,SLTR-212918,,(new),"WOULD MINT"
165478,SLTR-131392,,(new),"WOULD MINT"
165486,SLTR-218914,,(new),"WOULD MINT"
165487,SLTR-219415,,(new),"WOULD MINT"
165497,SLTR-131927,,(new),"WOULD MINT"
165510,SLTR-219507,,(new),"WOULD MINT"
165514,SLTR-212760,,(new),"WOULD MINT"
165519,SLTR-213345,,(new),"WOULD MINT"
165524,SLTR-221250,,(new),"WOULD MINT"
165534,SLTR-220056,,(new),"WOULD MINT"
165538,SLTR-211384,,(new),"WOULD MINT"
165542,SLTR-220057,,(new),"WOULD MINT"
165547,SLTR-215226,,(new),"WOULD MINT"
165564,SLTR-218584,,(new),"WOULD MINT"
165568,SLTR-217597,,(new),"WOULD MINT"
165576,SLTR-219737,,(new),"WOULD MINT"
165582,SLTR-212572,,(new),"WOULD MINT"
165587,SLTR-219560,,(new),"WOULD MINT"
165589,SLTR-220066,,(new),"WOULD MINT"
165603,SLTR-217791,,(new),"WOULD MINT"
165606,SLTR-220055,,(new),"WOULD MINT"
165607,SLTR-217669,,(new),"WOULD MINT"
165618,SLTR-206499,,(new),"WOULD MINT"
165625,SLTR-212838,,(new),"WOULD MINT"
165627,SLTR-218192,,(new),"WOULD MINT"
165636,SLTR-73673,,(new),"WOULD MINT"
165647,SLTR-217882,,(new),"WOULD MINT"
165651,SLTR-218908,,(new),"WOULD MINT"
165654,SLTR-212891,,(new),"WOULD MINT"
165670,SLTR-212401,,(new),"WOULD MINT"
165671,SLTR-213821,,(new),"WOULD MINT"
165687,SLTR-58939,,(new),"WOULD MINT"
165688,SLTR-191127,,(new),"WOULD MINT"
165693,SLTR-212133,,(new),"WOULD MINT"
165698,SLTR-216831,,(new),"WOULD MINT"
165699,SLTR-205035,,(new),"WOULD MINT"
165708,SLTR-219942,,(new),"WOULD MINT"
165710,SLTR-212030,,(new),"WOULD MINT"
165714,SLTR-213471,,(new),"WOULD MINT"
165729,SLTR-85671,,(new),"WOULD MINT"
165730,SLTR-36092,,(new),"WOULD MINT"
165731,SLTR-48940,,(new),"WOULD MINT"
165735,SLTR-60230,,(new),"WOULD MINT"
165745,SLTR-198888,,(new),"WOULD MINT"
165760,SLTR-60218,,(new),"WOULD MINT"
165804,SLTR-216120,,(new),"WOULD MINT"
165839,SLTR-202249,,(new),"WOULD MINT"
165842,SLTR-211357,,(new),"WOULD MINT"
165854,SLTR-218207,,(new),"WOULD MINT"
165861,SLTR-213004,,(new),"WOULD MINT"
165872,SLTR-85674,,(new),"WOULD MINT"
165874,SLTR-126832,,(new),"WOULD MINT"
165877,SLTR-60216,,(new),"WOULD MINT"
165885,SLTR-215092,,(new),"WOULD MINT"
165903,SLTR-46582,,(new),"WOULD MINT"
165913,SLTR-212132,,(new),"WOULD MINT"
165914,SLTR-212793,,(new),"WOULD MINT"
165928,SLTR-208103,,(new),"WOULD MINT"
165935,SLTR-212119,,(new),"WOULD MINT"
165937,SLTR-212525,,(new),"WOULD MINT"
165945,SLTR-85672,,(new),"WOULD MINT"
165951,SLTR-211359,,(new),"WOULD MINT"
165958,SLTR-212683,,(new),"WOULD MINT"
165966,SLTR-85673,,(new),"WOULD MINT"
165968,SLTR-216950,,(new),"WOULD MINT"
165978,SLTR-212013,,(new),"WOULD MINT"
165985,SLTR-48949,,(new),"WOULD MINT"
165993,SLTR-196789,,(new),"WOULD MINT"
165995,SLTR-6021,,(new),"WOULD MINT"
166001,SLTR-48946,,(new),"WOULD MINT"
166006,SLTR-48941,,(new),"WOULD MINT"
166020,SLTR-208107,,(new),"WOULD MINT"
166029,SLTR-48942,,(new),"WOULD MINT"
166142,SLTR-46583,,(new),"WOULD MINT"
166144,SLTR-48954,,(new),"WOULD MINT"
166149,SLTR-36013,,(new),"WOULD MINT"
166152,SLTR-218314,,(new),"WOULD MINT"
166153,SLTR-48943,,(new),"WOULD MINT"
166159,SLTR-218317,,(new),"WOULD MINT"
166163,SLTR-218206,,(new),"WOULD MINT"
166168,SLTR-218021,,(new),"WOULD MINT"
166173,SLTR-60228,,(new),"WOULD MINT"
166184,SLTR-211793,,(new),"WOULD MINT"
166189,SLTR-211795,,(new),"WOULD MINT"
166190,SLTR-209970,,(new),"WOULD MINT"
166201,SLTR-216565,,(new),"WOULD MINT"
166203,SLTR-54184,,(new),"WOULD MINT"
166210,SLTR-218329,,(new),"WOULD MINT"
166214,SLTR-218022,,(new),"WOULD MINT"
166220,SLTR-201356,,(new),"WOULD MINT"
166226,SLTR-36090,,(new),"WOULD MINT"
166239,SLTR-212410,,(new),"WOULD MINT"
166258,SLTR-13340,,(new),"WOULD MINT"
166260,SLTR-110816,,(new),"WOULD MINT"
166272,SLTR-214733,,(new),"WOULD MINT"
166282,SLTR-191359,,(new),"WOULD MINT"
166303,SLTR-220393,,(new),"WOULD MINT"
166307,SLTR-193679,,(new),"WOULD MINT"
166323,SLTR-220391,,(new),"WOULD MINT"
166328,SLTR-193031,,(new),"WOULD MINT"
166338,SLTR-193689,,(new),"WOULD MINT"
166342,SLTR-60233,,(new),"WOULD MINT"
166352,SLTR-193678,,(new),"WOULD MINT"
166358,SLTR-193675,,(new),"WOULD MINT"
166360,SLTR-223992,,(new),"WOULD MINT"
166377,SLTR-46261,,(new),"WOULD MINT"
166385,SLTR-193367,,(new),"WOULD MINT"
166386,SLTR-193744,,(new),"WOULD MINT"
166400,SLTR-191267,,(new),"WOULD MINT"
166406,SLTR-190502,,(new),"WOULD MINT"
166433,SLTR-202942,,(new),"WOULD MINT"
166453,SLTR-202945,,(new),"WOULD MINT"
166465,SLTR-46260,,(new),"WOULD MINT"
166504,SLTR-203312,,(new),"WOULD MINT"
166508,SLTR-132576,,(new),"WOULD MINT"
166526,SLTR-197139,,(new),"WOULD MINT"
166534,SLTR-202347,,(new),"WOULD MINT"
166545,SLTR-211778,,(new),"WOULD MINT"
166550,SLTR-205851,,(new),"WOULD MINT"
166569,SLTR-205714,,(new),"WOULD MINT"
166570,SLTR-194829,,(new),"WOULD MINT"
166581,SLTR-203428,,(new),"WOULD MINT"
166592,SLTR-199442,,(new),"WOULD MINT"
166605,SLTR-199531,,(new),"WOULD MINT"
166620,SLTR-189490,,(new),"WOULD MINT"
166627,SLTR-189205,,(new),"WOULD MINT"
166635,SLTR-222513,,(new),"WOULD MINT"
166636,SLTR-189491,,(new),"WOULD MINT"
166646,SLTR-199488,,(new),"WOULD MINT"
166649,SLTR-221921,,(new),"WOULD MINT"
166652,SLTR-199603,,(new),"WOULD MINT"
166653,SLTR-129240,,(new),"WOULD MINT"
167561,SLTR-207900,,(new),"WOULD MINT"
167566,SLTR-199439,,(new),"WOULD MINT"
167577,SLTR-221922,,(new),"WOULD MINT"
167582,SLTR-202362,,(new),"WOULD MINT"
167606,SLTR-202305,,(new),"WOULD MINT"
167607,SLTR-202310,,(new),"WOULD MINT"
167635,SLTR-202456,,(new),"WOULD MINT"
167637,SLTR-202465,,(new),"WOULD MINT"
167643,SLTR-41150,,(new),"WOULD MINT"
167650,SLTR-41151,,(new),"WOULD MINT"
167671,SLTR-207024,,(new),"WOULD MINT"
167680,SLTR-130910,,(new),"WOULD MINT"
167686,SLTR-190017,,(new),"WOULD MINT"
167690,SLTR-199091,,(new),"WOULD MINT"
167693,SLTR-85626,,(new),"WOULD MINT"
167696,SLTR-221284,,(new),"WOULD MINT"
167700,SLTR-216602,,(new),"WOULD MINT"
167701,SLTR-211269,,(new),"WOULD MINT"
167706,SLTR-45165,,(new),"WOULD MINT"
167712,SLTR-57167,,(new),"WOULD MINT"
167715,SLTR-57158,,(new),"WOULD MINT"
167725,SLTR-204718,,(new),"WOULD MINT"
167732,SLTR-85625,,(new),"WOULD MINT"
167740,SLTR-80555,,(new),"WOULD MINT"
167742,SLTR-193949,,(new),"WOULD MINT"
167754,SLTR-201868,,(new),"WOULD MINT"
167756,SLTR-203418,,(new),"WOULD MINT"
167758,SLTR-85683,,(new),"WOULD MINT"
167790,SLTR-202311,,(new),"WOULD MINT"
167797,SLTR-199201,,(new),"WOULD MINT"
167811,SLTR-202134,,(new),"WOULD MINT"
167821,SLTR-199487,,(new),"WOULD MINT"
167826,SLTR-206153,,(new),"WOULD MINT"
167833,SLTR-16637,,(new),"WOULD MINT"
167838,SLTR-199438,,(new),"WOULD MINT"
167841,SLTR-211268,,(new),"WOULD MINT"
167842,SLTR-207957,,(new),"WOULD MINT"
167843,SLTR-217384,,(new),"WOULD MINT"
167855,SLTR-207200,,(new),"WOULD MINT"
167867,SLTR-207286,,(new),"WOULD MINT"
167868,SLTR-199566,,(new),"WOULD MINT"
167875,SLTR-215868,,(new),"WOULD MINT"
167877,SLTR-199457,,(new),"WOULD MINT"
167889,SLTR-202122,,(new),"WOULD MINT"
167892,SLTR-202125,,(new),"WOULD MINT"
167897,SLTR-199872,,(new),"WOULD MINT"
167903,SLTR-202244,,(new),"WOULD MINT"
