prop_id,files_sharing,verdict,file_indexing_id,file_number,registry,file_title
7358,27,collision,21046,RES-1992-3557,2,"MAJE AHMED DURBUNDE"
7358,27,collision,175774,RES-2005-427,2,"ABUBAKAR G. MUSA & CO."
7358,27,collision,175777,RES-2005-426,2,"ABUBAKAR G. MUSA & CO."
7358,27,collision,175793,RES-2005-474,2,"ABUBAKAR G. MUSA & CO"
7358,27,collision,175807,RES-2005-464,2,"ABUBAKAR G. MUSA & CO"
7358,27,collision,175810,RES-2005-463,2,"ABUBAKAR G. MUSA & CO"
7358,27,collision,175817,RES-2005-462,2,"ABUBAKAR G. MUSA & CO"
7358,27,collision,175831,RES-2005-461,2,"ABUBAKAR G. MUSA & CO"
7358,27,collision,175838,RES-2005-460,2,"ABUBAKAR G. MUSA & CO"
7358,27,collision,175861,RES-2005-450,2,"ABUBAKAR G. MUSA & CO"
7358,27,collision,175977,RES-2005-454,2,"ABUBAKAR G. MUSA & CO."
7358,27,collision,175209,RES-2005-470,2,"ABUBAKAR G. MUSA & CO"
7358,27,collision,175219,RES-2005-428,2,"ABUBAKAR G. MUSA & CO"
7358,27,collision,175412,RES-2005-448,2,"ABUBAKAR G. MUSA & CO."
7358,27,collision,176274,RES-2005-451,2,"ABUBAKAR G. MUSA & C0"
7358,27,collision,174588,RES-2005-446,2,"ABUBAKAR G. MUSA & CO"
7358,27,collision,174592,RES-2005-447,2,"ABUBAKAR G. MUSA & CO."
7358,27,collision,174593,RES-2005-432,2,"ABUBAKAR G. MUSA & CO"
7358,27,collision,174598,RES-2005-431,2,"ABUBAKAR G. MUSA & CO"
7358,27,collision,174600,RES-2005-442,2,"ABUBAKAR G. MUSA & CO."
7358,27,collision,174601,RES-2005-444,2,"ABUBAKAR G. MUSA & CO"
7358,27,collision,174602,RES-2005-445,2,"ABUBAKAR G. MUSA & CO."
7358,27,collision,174606,RES-2005-440,2,"ABUBAKAR G. MUSA & CO"
7358,27,collision,174607,RES-2005-443,2,"ABUBAKAR G. MUSA & CO."
7358,27,collision,174614,RES-2005-435,2,"ABUBAKAR G. MUSA & CO."
7358,27,collision,174617,RES-2005-433,2,"ABUBAKAR G. MUSA & CO"
7358,27,collision,174619,RES-2005-434,2,"ABUBAKAR G. MUSA & CO"
106219,24,legitimate-linked,192380,RES-2009-6201,2,"PROF. AUWALU H. YADUDU"
106219,24,legitimate-linked,194239,RES-2009-6169,2,"PROF. AUWALU HAMISU YADUDU"
106219,24,legitimate-linked,194244,RES-2009-6129,2,"PROF. AUWALU HAMISU YADUDU"
106219,24,legitimate-linked,194247,RES-2009-6128,2,"PROF. AUWALU HAMISU YADUDU"
106219,24,legitimate-linked,194254,RES-2009-6196,2,"PROF. AUWALU HAMISU YADUDU"
106219,24,legitimate-linked,194259,RES-2009-6195,2,"PROF. AUWALU HAMISU YADUDU"
106219,24,legitimate-linked,194262,RES-2009-6140,2,"PROF. AUWALU HAMISU YADUDU"
106219,24,legitimate-linked,194266,RES-2009-6139,2,"PROF. AUWALU HAMISU YADUDU"
106219,24,legitimate-linked,194295,RES-2009-6193,2,"PROF. AUWALU HAMISU YADUDU"
106219,24,legitimate-linked,194304,RES-2009-6156,2,"PROF. AUWALU HAMISU YADUDU"
106219,24,legitimate-linked,194310,RES-2009-6200,2,"PROF. AUWALU HAMISU YADUDU"
106219,24,legitimate-linked,194982,RES-2009-6206,2,"PROF. AUWALU HAMISU YADUDU"
106219,24,legitimate-linked,195591,RES-2009-6132,2,"PROF. AUWALU HAMISU YADUDU"
106219,24,legitimate-linked,195668,RES-2009-6188,2,"PROF AUWALU HAMISU YADUDU"
106219,24,legitimate-linked,195682,RES-2009-6143,2,"PR0F. AUWALU HAMISU YADUDU"
106219,24,legitimate-linked,195902,RES-2009-6141,2,"PROF. AUWALU HAMISU YADUDU"
106219,24,legitimate-linked,195905,RES-2009-6147,2,"PROF. AUWALU H. YADUDU"
106219,24,legitimate-linked,195915,RES-2009-6142,2,"PROF. AUWALU H. YADUDU"
106219,24,legitimate-linked,195575,RES-2009-6190,2,"PROF AUWALU HAMISU YADUDU"
106219,24,legitimate-linked,195579,RES-2009-6207,2,"PROF AUWALU HAMISU YADUDU"
106219,24,legitimate-linked,195580,RES-2009-6208,2,"PROF AUWALU HAMISU YADUDU"
106219,24,legitimate-linked,196921,RES-2009-6168,2,"PROF AUWALU HAMISU YADUDUD"
106219,24,legitimate-linked,197187,RES-2009-6167,2,"PROF. AUWALU HAMISU YADUDU"
106219,24,legitimate-linked,197209,RES-2009-6165,2,"PROF. AUWALU HAMISU YADUDU"
10228,18,collision,175805,RES-2005-1733,2,"ALHAJI YAHAYA ZAKARI MUHAMMAD"
10228,18,collision,175819,RES-2005-1746,2,"ALHAJI YAHAYA ZAKARI MUHAMMAD"
10228,18,collision,175822,RES-2005-1751,2,"ALH YAHAYA ZAKARI MOHD"
10228,18,collision,175837,RES-2005-1749,2,"ALH YAHAYA ZAKARI MOHD"
10228,18,collision,175844,RES-2005-1725,2,"ALHAJI YAHAYA ZAKARI MUHAMMAD"
10228,18,collision,175855,RES-2005-1748,2,"ALH YAHAYA ZAKARI MOHD"
10228,18,collision,175344,RES-2005-1732,2,"ALH YAHAYA ZAKARI MOHD"
10228,18,collision,175359,RES-2005-1743,2,"ALH YAHAYA ZAKARI MOHD"
10228,18,collision,175404,RES-2005-1755,2,"ALH YAHAYA ZAKARI MOHD"
10228,18,collision,175415,RES-2005-1758,2,"ALH YAHAYA ZAKARI MOHD"
10228,18,collision,175430,RES-2005-1750,2,"ALH YAHAYA ZAKARI MUHD"
10228,18,collision,175537,RES-2005-1747,2,"ALH. YAHAYA ZAKARI MOHD"
10228,18,collision,176261,RES-2005-1735,2,"ALH. YAHAYA ZAKARI MOHD"
10228,18,collision,176265,RES-2005-1752,2,"ALHAJI YAHAYA ZAKARI MOHD"
10228,18,collision,176269,RES-2005-1726,2,"ALH. YAHAYA ZAKARI MOHD"
10228,18,collision,23930,CON-RES-1982-1200,3,"MUHAMMADU BELLO SALIHI"
10228,18,collision,174708,RES-2005-1756,2,"YAHAYA ZAKARI MOHD"
10228,18,collision,174720,RES-2005-1754,2,"ALH YAHAYA ZAKARI MOHD"
160531,15,collision,183989,CON-RES-2025-294,3,"DAN'UMMA WORLD WIDE BIZ VENTURES"
160531,15,collision,183998,CON-RES-2025-281,3,"DAN'UMMA WORLD WIDE BIZ VENTURES"
160531,15,collision,184004,CON-RES-2025-337,3,"DAN'UMMA WORLD WIDE BIZ VENTURES"
160531,15,collision,184014,CON-RES-2025-335,3,"DAN'UMMA WORLD WIDE BIZ VENTURES"
160531,15,collision,184024,CON-RES-2025-336,3,"DAN'UMMA WORLD WIDE BIZ VENTURES"
160531,15,collision,184059,CON-RES-2025-334,3,"DAN'UMMA WORLD WIDE BIZ VENTURES"
160531,15,collision,184067,CON-RES-2025-333,3,"DAN'UMMA WORLD WIDE BIZ VENTURES"
160531,15,collision,184077,CON-RES-2025-332,3,"DAN'UMMA WORLD WIDE BIZ VENTURES"
160531,15,collision,184109,CON-RES-2025-328,3,"DAN'UMMA WORLD WIDE BIZ VENTURES"
160531,15,collision,184125,CON-RES-2025-327,3,"DAN'UMMA WORLD WIDE BIZ VENTURES"
160531,15,collision,184139,CON-RES-2025-296,3,"DAN'UMMA WORLD WIDE BIZ VENTURES"
160531,15,collision,184178,CON-RES-2025-300,3,"DAN'UMMA WORLD WIDE BIZ VENTURES"
160531,15,collision,184190,CON-RES-2025-312,3,"DAN'UMMA WORLD WIDE BIZ VENTURES"
160531,15,collision,184245,CON-RES-2025-313,3,"DAN'UMMA WORLD WIDE BIZ VENTURES"
160531,15,collision,184278,CON-RES-2025-314,3,"DAN'UMMA WORLD WIDE BIZ VENTURES"
172830,12,legitimate-linked,193153,CON-RES-2022-683,3,"BASHIR MUSA ABDULLAHI"
172830,12,legitimate-linked,193158,CON-RES-2022-670,3,"BASHIR MUSA ABDULLAHI"
172830,12,legitimate-linked,193167,CON-RES-2022-669,3,"BASHIR MUSA ABDULLAHI"
172830,12,legitimate-linked,193171,CON-RES-2022-667,3,"BASHIR MUSA ABDULLAHI"
172830,12,legitimate-linked,193177,CON-RES-2022-666,3,"BASHIR MUSA ABDULLAHI"
172830,12,legitimate-linked,193182,CON-RES-2022-665,3,"BASHIR MUSA ABDULLAHI"
172830,12,legitimate-linked,193188,CON-RES-2022-664,3,"BASHIR MUSA ABDULLAHI"
172830,12,legitimate-linked,193192,CON-RES-2022-663,3,"BASHIR MUSA ABDULLAHI"
172830,12,legitimate-linked,193250,CON-RES-2022-682,3,"BASHIR MUSA ABDULLAHI"
172830,12,legitimate-linked,193257,RES-2022-661,2,"BASHIR MUSA ABDULLAHI"
172830,12,legitimate-linked,193265,CON-RES-2022-660,3,"BASHIR MUSA ABDULLAHI"
172830,12,legitimate-linked,193273,CON-RES-2022-659,3,"BASHIR MUSA ABDULLAHI"
7886,10,legitimate-linked,190165,RES-2008-1216,2,"MOHD BALA SOYE"
7886,10,legitimate-linked,191351,RES-2008-1776,2,"ALHAJI TASIU MOHD"
7886,10,legitimate-linked,190842,RES-2008-1781,2,"ALHAJI GARBA MOHAMMED"
7886,10,legitimate-linked,190848,RES-2008-1778,2,"ALHAJI ASHIRU MOHD"
7886,10,legitimate-linked,190854,RES-2008-1779,2,"ALHAJI SAMINU MEMAI"
7886,10,legitimate-linked,190861,RES-2008-1775,2,"ALHAJI ABDULLAHI MOHD"
7886,10,legitimate-linked,190927,RES-2008-1774,2,"ALHAJI RABIU MOHAMMED"
7886,10,legitimate-linked,190929,RES-2008-1773,2,"ALHAJI AMINU MUHD"
7886,10,legitimate-linked,190930,RES-2008-1777,2,"ALHAJI SABO MOHD"
7886,10,legitimate-linked,21578,RES-1992-4588,2,"GARBA ALHAJI SHEHU"
54544,8,collision,183082,RES-2019-773,2,"M.H GANO ENP. & CONSTRUCTION COMPANY NIG. LTD."
54544,8,collision,183091,RES-2019-772,2,"M.H GANO ENP. & CONSTRUCTION COMPANY NIG. LTD."
54544,8,collision,183112,RES-2019-775,2,"M.H GANO ENP. & CONSTRUCTION COMPANY NIG. LTD."
54544,8,collision,182924,RES-2019-777,2,"M.H GANO ENP. & CONSTRUCTION COMPANY NIG. LTD."
54544,8,collision,183060,RES-2019-779,2,"M.H GANO ENP. & CONSTRUCTION COMPANY NIG. LTD."
54544,8,collision,183067,RES-2019-776,2,"M.H GANO ENP. & CONSTRUCTION COMPANY NIG. LTD."
54544,8,collision,183072,RES-2019-774,2,"M.H GANO ENP. & CONSTRUCTION COMPANY NIG. LTD."
54544,8,collision,182595,RES-2019-778,2,"M.H. GANO ENP. & CONSTRUCTION COMPANY NIG. LTD."
18875,7,legitimate-linked,192420,RES-2009-4343,2,"MODERN PROGRESSIVE FOODS LIMITED"
18875,7,legitimate-linked,192435,RES-2009-4342,2,"MODERN PROGRESSIVE FOODS LIMITED"
18875,7,legitimate-linked,192445,RES-2009-4304,2,"MODERN PROGRESSIVE FOODS LIMITED"
18875,7,legitimate-linked,192459,RES-2009-4358,2,"MODERN PROGRESSIVE FOODS LIMITED"
18875,7,legitimate-linked,192473,RES-2009-4346,2,"MODERN PROGRESSIVE FOODS LIMITED"
18875,7,legitimate-linked,195590,RES-2009-4305,2,"MODERN PROGRESSIVE FOOD LIMITED"
18875,7,legitimate-linked,32680,CON-COM-1997-50,3,"ALHAJI IBRAHIM MAI GORO"
124599,7,legitimate-linked,187112,CON-AG-2010-165,3,"ALHAJI ABDU SHEHU"
124599,7,legitimate-linked,197161,CON-RES-2010-220,3,"AHMED MOHAMMED SABITU"
124599,7,legitimate-linked,197182,"KNML 4170",KANGIS,"AHMED MOHAMMED SABITU"
124599,7,legitimate-linked,197207,CON-RES-2010-221,3,"AHMED MOHAMMED SABITU"
124599,7,legitimate-linked,197213,"KNML 4169",KANGIS,"AHMED MOHAMMED SABITU"
124599,7,legitimate-linked,197306,CON-RES-2010-223,3,"AHMED MOHAMMED SABITU"
124599,7,legitimate-linked,197309,"KNML 4168",KANGIS,"AHMED MOHAMMED SABITU"
2735,7,legitimate-linked,16405,RES-1992-2284,2,"SANUSU AHMED"
2735,7,legitimate-linked,180196,COM-2024-710,1,"KHALID SANI KABARA"
2735,7,legitimate-linked,180211,COM-2024-711,1,"KHALID SANI KABARA"
2735,7,legitimate-linked,180222,COM-2024-712,1,"KHALID SANI KABARA"
2735,7,legitimate-linked,180244,COM-2004-24,1,"KHALID SANI KABARA"
2735,7,legitimate-linked,180189,COM-2024-708,1,"KHALID SANI KABARA"
2735,7,legitimate-linked,180193,COM-2024-709,1,"KHALID SANI KABARA"
10169,6,legitimate-linked,182288,CON-COM-2026-15,3,"OSUNAGRI COMMODITIES AND EXPORT LTD"
10169,6,legitimate-linked,23871,CON-RES-1983-292,3,"ALHAJI MA'AZU NADANGI CHIKAWA"
10169,6,legitimate-linked,193391,CON-COM-2021-263,3,"ALH. BUKAR MAKODA"
10169,6,legitimate-linked,193395,CON-COM-2021-266,3,"ALH. BUKAR MAKODA"
10169,6,legitimate-linked,193402,CON-COM-2021-264,3,"ALH. BUKAR MAKODA"
10169,6,legitimate-linked,196261,CON-COM-2021-265,3,"ALH BUKAR MAKODA"
7088,6,legitimate-optot,20774,RES-1982-1866,1,"DR DAVID OLANIYI OYEDERE"
7088,6,legitimate-optot,186120,CON-RES-1999-145,3,"ALH. SA'IDU D. ADHAMA"
7088,6,legitimate-optot,186142,CON-RES-1999-144,3,"ALH. SA'IDU D. ADHAMA"
7088,6,legitimate-optot,186174,CON-RES-1999-143,3,"ALH. SA'IDU D. ADHAMA"
7088,6,legitimate-optot,186191,CON-RES-1999-146,3,"ALH. SA'IDU D. ADHAMA"
7088,6,legitimate-optot,186223,CON-RES-1999-147,3,"ALH. SA'IDU D. ADHAMA"
17573,6,collision,31376,CON-COM-1995-37,3,"ALHAJI MUHAMMADU ABDULLAHI KOYA"
17573,6,collision,182698,KN4592_3,KANGIS,"MURTALA ABDULLAHI JEGA"
17573,6,collision,184619,KN4592_5,KANGIS,"MURTALA ABDULLAHI JEGA"
17573,6,collision,185487,KN4592_6,KANGIS,"MURTALA ABDULLAHI JEGA"
17573,6,collision,180400,KN4592_1,KANGIS,"MURTALA ABDULLAHI JEGA"
17573,6,collision,180402,KN4592_2,KANGIS,"MURTALA ABDULLAHI JEGA"
1445,6,collision,15107,RES-1981-937,1,"ABDULLAHI YAHAYA"
1445,6,collision,179601,RES-2006-1116,2,"USAMA MUHAMMAD AHMAD"
1445,6,collision,179609,RES-2006-1115,2,"USAMA MUHAMMAD AHMAD"
1445,6,collision,179282,RES-2006-1120,2,"USAMA MUHAMMED AHMAD"
1445,6,collision,179834,RES-2006-1118,2,"USAMA MUHAMMAD AHMAD"
1445,6,collision,179839,RES-2006-1107,2,"USAMA MUHAMMAD AHMAD"
16694,5,legitimate-linked,30494,CON-AG-1987-68,3,"ALHAJI MASA'ABU MOHAMMED"
16694,5,legitimate-linked,186335,"KNML 8718_1_2",KANGIS,"ANAYO OKONKWO"
16694,5,legitimate-linked,176304,CON-RES-2019-844,3,"ANAYO OKONKWO"
16694,5,legitimate-linked,176306,"KNML 8718_1_1",KANGIS,"ANAYO OKONKWO"
16694,5,legitimate-linked,178695,"KNML 8718_2",KANGIS,"ANAYO OKONKWO"
9118,5,legitimate-linked,174528,CON-COM-2025-458,3,"AL-MADINA INTERGRATED FARM LTD"
9118,5,legitimate-linked,174539,CON-COM-2009-411,3,"AL-MADINA INTERGRATED FARM LTD"
9118,5,legitimate-linked,174547,CON-AG-2021-178,3,"AL-MADINA INTERGRATED FARM  LIMITED"
9118,5,legitimate-linked,174550,KN3787,KANGIS,"AL-MADINA INTERGRATED FARM  LIMITED"
9118,5,legitimate-linked,22819,CON-AG-1990-57,3,"ALHAJI NASIDI INUWA"
18799,5,legitimate-linked,32604,CON-RES-1985-262,3,"MALAMA FATIMA MOHAMMED BELLO"
18799,5,legitimate-linked,175218,IND-1982-75,1,"GONGONI COMPANY LIMITED"
18799,5,legitimate-linked,175298,"MLKN 158",KANGIS,"GONGONI COMPANY LIMITED"
18799,5,legitimate-linked,175330,IND-2020-20,1,"GONGONI COMPANY LIMITED"
18799,5,legitimate-linked,175369,"MLKN 3266",KANGIS,"GONGONI COMPANY LIMITED"
19547,5,legitimate-linked,175335,IND-2021-11,1,"INTERTEX LIMITED"
19547,5,legitimate-linked,175374,IND-RC-1982-89,1,"INTERTEX LIMITED"
19547,5,legitimate-linked,175423,"MLKN 2858",KANGIS,"INTERTEX LIMITED"
19547,5,legitimate-linked,175438,"MLKN 3366",KANGIS,"INTERTEX LIMITED"
19547,5,legitimate-linked,33352,CON-COM-1990-69,3,"LAWAL ABDULAZEEZ"
238,4,legitimate-linked,13893,CON-COM-1982-289,3,"ALH. KABIRU SANI YAKASAI"
238,4,legitimate-linked,187385,CON-COM-2016-342,3,"ISHAQ MUSA"
238,4,legitimate-linked,187411,AG-RC-1982-5,1,"ALH. SHEHU SHA'AIBU"
238,4,legitimate-linked,187419,"MLKN 1745",KANGIS,"ISHAQ MUSA"
9944,4,legitimate-linked,182480,"MLKN 3338",KANGIS,"OSUN AGRI COMMODITIES AND EXPORT LTD"
9944,4,legitimate-linked,182490,CON-COM-2026-17,3,"OSUN AGRI COMMODITIES AND EXPORT LTD"
9944,4,legitimate-linked,198388,CON-COM-2021-267,3,"OSUN AGRIC COMMODITIES & EXPORT LIMITED"
9944,4,legitimate-linked,23646,AG-RC-1981-72,1,"ALHAJI SANUSI DANTATA"
66500,4,legitimate-linked,190858,RES-2008-4673,2,"ENGR NASIRU  A.S DANTATA"
66500,4,legitimate-linked,191584,RES-2008-4672,2,"ENGR. NASIRU A. S. DANTATA"
66500,4,legitimate-linked,173366,RES-RC-1982-717,1,"ABDULKADIR S.A. DANTATA"
66500,4,legitimate-linked,191952,RES-2008-4670,2,"SUNUSI ABDULKADIR S.A. DANTATA"
19102,4,legitimate-linked,32907,CON-COM-2003-95,3,"ABDULLAHI AHMAD"
19102,4,legitimate-linked,175414,IND-2023-354,1,"PETRIOCHOR INDUSTRIES LIMITED"
19102,4,legitimate-linked,175424,"MLKN 421",KANGIS,"PETRIOCHOR INDUSTRIES LIMITED"
19102,4,legitimate-linked,196222,IND-2009-6,1,"PETRIOCHOR INDUSTRIES LIMITED"
14094,4,legitimate-linked,27881,RES-1993-702,2,"HAJIYA NANA SANI BABURA"
14094,4,legitimate-linked,198268,RES-2022-801,2,"ABDU MALAM BABA"
14094,4,legitimate-linked,198280,"KNML 8832",KANGIS,"ABDU MALAM BABA"
14094,4,legitimate-linked,198179,CON-RES-1992-492,3,"ABDU MALAM BABA"
7747,4,legitimate-linked,172333,CON-COM-1982-166,3,"CHALLAWA OIL & GAS LTD"
7747,4,legitimate-linked,172383,CON-COM-2014-83,3,"CHALLAWA OIL AND GAS LIMITED"
7747,4,legitimate-linked,172415,"MLKN 447",KANGIS,"CHALLAWA OIL AND GAS LIMITED"
7747,4,legitimate-linked,21438,RES-1992-4505,2,"INUWA IBRAHIM GAYA"
9945,4,legitimate-linked,23647,CON-AG-1999-27,3,"IBRAHIM ABUBAKAR KARAYE"
9945,4,legitimate-linked,182323,"MLKN 3337",KANGIS,"OSUN AGRI COMMODITIES AND EXPORT LTD"
9945,4,legitimate-linked,182337,CON-COM-2026-16,3,"OSUN AGRI COMMODITIES AND EXPORT LTD"
9945,4,legitimate-linked,198399,CON-COM-2021-268,3,"OSUN AGRIC COMMODITIES & EXPORT LIMITED"
7286,4,legitimate-linked,194144,CON-COM-2015-108,3,"SALNUHA INVESTMENT LTD"
7286,4,legitimate-linked,194165,CON-AG-1988-103,3,"SALNUHA INVESTMENT LTD"
7286,4,legitimate-linked,194176,"MLKN 2610",KANGIS,"SALNUHA INVESTMENT LTD"
7286,4,legitimate-linked,20973,RES-1992-3458,2,"LAWAN BELLO"
66958,4,legitimate-linked,180945,"KNML 7950",KANGIS,"MUSBAHU M BASHIR"
66958,4,legitimate-linked,180842,RES-2021-203,2,"MUSBAHU M BASHIR"
66958,4,legitimate-linked,180897,RES-RC-1983-37,1,"ALHAJI M.M. BASHIR"
66958,4,legitimate-linked,180932,RES-2021-1203,2,"MUSBAHU M BASHIR"
1266,4,legitimate-linked,191012,RES-2008-129,2,"ALH HAMZA BELLO"
1266,4,legitimate-linked,191176,RES-2008-128,2,"ALH. HAMZA BELLO"
1266,4,legitimate-linked,176180,RES-2005-1086,2,"LEADER TEXTILE MILL LIMITED"
1266,4,legitimate-linked,14927,RES-1992-1352,2,"IBRAHIM ABDU"
118402,4,legitimate-linked,194204,CON-RES-2012-42,3,"ALHAJI AMINU BALA SALISU"
118402,4,legitimate-linked,194221,"KNML 738",KANGIS,"ALHAJI AMINU BALA SALISU"
118402,4,legitimate-linked,194230,RES-2025-43,2,"ALHAJI AMINU BALA SALISU"
118402,4,legitimate-linked,194238,RES-2025-44,2,"ALHAJI AMINU BALA SALISU"
4728,4,legitimate-linked,18403,RES-1992-5474,2,"ALHAJI SHEHU ADAMU"
4728,4,legitimate-linked,187851,COM-2019-64,1,"AL-HALAL TRAVEL & TOURS LIMITED"
4728,4,legitimate-linked,187873,RES-2001-2518,2,"GAMBO ABDULLAHI HASSAN"
4728,4,legitimate-linked,187890,"MLKN 2760",KANGIS,"AL-HALAL TRAVEL & TOURS LIMITED"
18760,4,legitimate-optot,32565,CON-COM-RC-1982-33,3,"GERAWA GLOBAL ENGINEERING LIMITED"
18760,4,legitimate-optot,195161,IND-2020-15,1,"W.J BUSH AND CO. NIGERIA LIMITED"
18760,4,legitimate-optot,195171,"MLKN 120",KANGIS,"W.J BUSH AND CO. NIGERIA LIMITED"
18760,4,legitimate-optot,196220,IND-1982-34,1,"W.J BUSH AND CO. NIGERIA LIMITED"
66113,4,legitimate-linked,171914,RES-2021-2520,2,"USMAN USMAN DANTATA"
66113,4,legitimate-linked,171925,KN5517,KANGIS,"USMAN USMAN DANTATA"
66113,4,legitimate-linked,171458,RES-2021-2519,2,"USMAN USMAN DANTATA"
66113,4,legitimate-linked,171472,KN5516,KANGIS,"USMAN USMAN DANTATA"
9298,4,legitimate-linked,22999,CON-RES-1984-215,3,"MADAM MAGRET ADUKI TINDE"
9298,4,legitimate-linked,182029,CON-COM-2011-108,3,"DAWANAU AGRO COMMODITIES LTD"
9298,4,legitimate-linked,182044,CON-IND-2025-252,3,"DAWANAU AGRO COMMODITIES LTD"
9298,4,legitimate-linked,182047,KN4476,KANGIS,"DAWANAU AGRO COMMODITIES LTD"
171087,4,legitimate-linked,191793,KN4601_1,,"MURTALA ABADULLAHI JEGA"
171087,4,legitimate-linked,191794,KN2803,,"ABBA MAMMAN TOR HABIB"
171087,4,legitimate-linked,194579,CON-RES-2023-7176,3,"FAIZU MUHAMMAD GALADIMA"
171087,4,legitimate-linked,194610,KN3365,,"KABIRU MOHAMMED SARKI"
18747,4,legitimate-linked,181377,"MLKN 422",KANGIS,"PETRICHOR INDS. LTD"
18747,4,legitimate-linked,32552,CON-IND-1982-4,3,"MERSSRS FAHA ENTERPRISES NIGERIA LIMITED"
18747,4,legitimate-linked,196221,IND-1982-22,1,"PETRICHOR INDS. LTD"
18747,4,legitimate-linked,181368,IND-2023-351,1,"PETRICHOR INDS. LTD"
57615,4,legitimate-linked,168857,"MLKN 3623",KANGIS,"MARYAM ABACHA AMERICAN UNIVERSITY OF NIGERIA"
57615,4,legitimate-linked,168334,COM-2022-323,1,"MARYAM ABACHA AMERICAN UNIVERSITY OF NIGERIA"
57615,4,legitimate-linked,168356,RES-2017-65,2,"MARYAM ABACHA AMERICAN UNIVERSITY OF NIGERIA"
57615,4,legitimate-linked,168376,"KNGP 267",KANGIS,"MARYAM ABACHA AMERICAN UNIVERSITY OF NIGERIA"
247,4,legitimate-linked,181687,CON-RES-2023-7598,3,"ALHAJI AMADU KWANDASTA"
247,4,legitimate-linked,181715,CON-RES-2022-5572,3,"ALHAJI AMADU KWANDASTA"
247,4,legitimate-linked,193131,CON-RES-2023-7596,3,"ALHAJI AMADU KWANDASTA"
247,4,legitimate-linked,13902,CON-COM-1982-202,3,"SANI MUHAMMAD MA'AJI"
10621,4,legitimate-linked,24324,CON-RES-1988-16,3,"DANJUMA AMINA"
10621,4,legitimate-linked,184205,CON-IND-2025-281,3,"LIGHT CONE NIGERIA COMPANY LTD"
10621,4,legitimate-linked,184403,CON-AG-2022-31,3,"MUSSAFI NIG LTD."
10621,4,legitimate-linked,184443,KN4673,KANGIS,"LIGHT CONE NIGERIA COMPANY LTD."
17541,4,legitimate-linked,189764,KN5151_1,,"MURTALA ABDULLAHI JEGA"
17541,4,legitimate-linked,189766,"KNML 1730",,"RASHID JAFFAR"
17541,4,legitimate-linked,189778,"KNML 2657",,"YAHUZA SUYA SPOT"
17541,4,legitimate-linked,31344,CON-RES-1995-551,3,"ABDULLAHI L. SAID"
9720,4,legitimate-linked,23422,CON-RES-1984-550,3,"UMARU KOKI"
9720,4,legitimate-linked,193222,CON-COM-2017-182,3,"DAWOOD STEEL CONSTRUCTION CO"
9720,4,legitimate-linked,193255,CON-COM-1987-65,3,"DAWOOD STEEL CONSTRUCTION"
9720,4,legitimate-linked,193279,"MLKN 3234",KANGIS,"AUDU MANAGER & SONS NIG LTD"
3930,4,legitimate-linked,17604,RES-1982-1543,1,"MOHAMMAD RABO IBRAHIM"
3930,4,legitimate-linked,179681,RES-2021-4560,2,"BINTA IBRAHIM LIMAN"
3930,4,legitimate-linked,179686,RES-2021-4561,2,"BINTA IBRAHIM LIMAN"
3930,4,legitimate-linked,179690,RES-2021-4562,2,"BINTA IBRAHIM LIMAN"
178715,4,legitimate-linked,197367,CON-RES-2012-95,3,"NU'UMAN BARAU DANBATTA"
178715,4,legitimate-linked,197381,CON-RES-2009-1082,3,"NU'UMAN BARAU DANBATTA"
178715,4,legitimate-linked,197389,"KNML 2111",KANGIS,"NU'UMAN BARAU DANBATTA"
178715,4,legitimate-linked,197346,CON-RES-2014-180,3,"NU'UMAN BARAU DANBATTA"
649,3,legitimate-linked,14308,RES-1981-333,1,"MUHAMMED LAMIDO"
649,3,legitimate-linked,174431,COM-1983-424,1,"RICHARD ABDULMASIH & CARLOS ABDULMASIH"
649,3,legitimate-linked,174488,"MLKN 2603",KANGIS,"RICHARD ABDULMASIH & CARLOS ABDULMASIH"
7515,3,legitimate-linked,21206,RES-1992-4258,2,"ALH ALIKO INUWA"
7515,3,legitimate-linked,169972,CON-AG-2011-66,3,"ALH IBRAHIM YUSUF DINGIM"
7515,3,legitimate-linked,169995,KN4472,KANGIS,"ALH IBRAHIM YUSUF DINGIM"
49193,3,legitimate-linked,175944,RES-2002-4967,2,"ADAMU MOHAMMED BARDE"
49193,3,legitimate-linked,175967,"KNML 2791",KANGIS,"ADAMU MOHAMMED BARDE"
49193,3,legitimate-linked,186502,"KNML 2793",KANGIS,"ADAMU MOHAMMED BARDE"
10646,3,legitimate-linked,24349,CON-RES-1988-2,3,"ALHAJI SHEHU BALA"
10646,3,legitimate-linked,195407,CON-IND-RC-1982-18,3,"NORJUICE AND MILK IND LTD"
10646,3,legitimate-linked,195410,"MLKN 125",KANGIS,"NORJUICE AND MILK IND LTD"
7927,3,legitimate-linked,174594,CON-COM-1984-176,3,"UNITY BANK PLC"
7927,3,legitimate-linked,174595,"MLKN 2825",KANGIS,"UNITY BANK PLC"
7927,3,legitimate-linked,21619,RES-1992-4737,2,"ALHAJIAHMED ISMAIL DANDAGO"
1476,3,legitimate-linked,177365,COM-1995-121,1,"ABDULLAHI ADAMU DANGONGOLA"
1476,3,legitimate-linked,177416,KN3039,KANGIS,"ABDULLAHI ADAMU DANGONGOLA"
1476,3,legitimate-linked,15138,RES-1992-1295,2,"ABDULHAMEED MOHD ALIYU"
16662,3,legitimate-linked,186697,CON-RES-2018-153,3,"ALH GARBA MAMUDA"
16662,3,legitimate-linked,186709,"KNML 5579",KANGIS,"ALH GARBA MAMUDA USMAN"
16662,3,legitimate-linked,30462,CON-RES-1985-109,3,"ALHAJI MOHAMMED BAKALE"
66407,3,collision,168038,RES-2024-3913,2,"ALH. SANI BABURA"
66407,3,collision,180263,RES-2024-3912,2,"ALH SANI BABURA"
66407,3,collision,180282,RES-2024-3911,2,"ALH SANI BABURA"
11976,3,legitimate-linked,25681,CON-RES-1989-201,3,"ALH. HAMZA OLADIMEJI OSHODI"
11976,3,legitimate-linked,187189,CON-RES-1983-420,3,"ALH MOHD MUSA SHEHU"
11976,3,legitimate-linked,187235,"KNML 275",KANGIS,"ALH MOHD MUSA  SHEHU"
12099,3,legitimate-linked,25804,CON-RES-1983-679,3,"ALHAJI SANI BUHARI"
12099,3,legitimate-linked,195780,CON-RES-1983-803,3,"ALHAJI ABBA GARBA"
12099,3,legitimate-linked,195929,"MLKN 4530",KANGIS,"ALHAJI ABBA GARBA"
9706,3,legitimate-linked,23408,CON-RES-1982-1161,3,"ALHAJI SULE LABBO"
9706,3,legitimate-linked,171626,CON-COM-2016-70,3,"MAIKASSU GENERAL ENTERPRISES"
9706,3,legitimate-linked,171636,"MLKN 2700",KANGIS,"MAIKASSU OIL & GAS NIGERIA LIMITED"
15442,3,legitimate-linked,29240,CON-RES-1984-403,3,"ALHAJI DAN AZUMI ROGO"
15442,3,legitimate-linked,170070,CON-RES-2004-330,3,"NURA ISYAKU RABIU"
15442,3,legitimate-linked,170079,"KNML 8399",KANGIS,"BASHIR ADAMU"
45448,3,legitimate-optot,190603,RES-1997-402,2,"SOJUNA NIGERIA LIMITED"
45448,3,legitimate-optot,190616,"KNML 524",KANGIS,"SOJUNA NIGERIA LIMITED"
45448,3,legitimate-optot,190627,COM-2023-30,1,"SOJUNA LIMITED"
14189,3,legitimate-linked,183231,CON-RES-1993-150,3,"DALHATU ABUBAKAR ISAH"
14189,3,legitimate-linked,183242,"KNML 1928",KANGIS,"DALHATU ABUBAKAR ISAH"
14189,3,legitimate-linked,27976,RES-1993-1457,2,"ALHAJI SAMMANI IBRAHIM"
9529,3,legitimate-linked,173152,CON-COM-2024-656,3,"NABILA OIL MILLS NIG. LTD"
9529,3,legitimate-linked,173163,KN3357,KANGIS,"NABILA OIL MILLS NIG. LTD"
9529,3,legitimate-linked,23231,RES-1992-7119,2,"UMARU USAINI"
10531,3,legitimate-linked,180471,CON-IND-2014-16,3,"HAYUCO ALUMINIUM PRODUCTS"
10531,3,legitimate-linked,180472,"MLKN 1559",KANGIS,"HAYUCO ALUMINIUM PRODUCTS"
10531,3,legitimate-linked,24234,CON-RES-1988-63,3,"ALH. YUSUF ABDULLAHI"
16423,3,legitimate-linked,30222,CON-RES-1993-20,3,"ALHAJI IBRAHIM HARUNA"
16423,3,legitimate-linked,187166,CON-RES-2010-91,3,"ABDU SHEHU"
16423,3,legitimate-linked,187167,"KNML 2851",KANGIS,"MR GALLET STEPHANE"
18489,3,legitimate-linked,193044,CON-RES-2004-357,3,"YAR-MUTAN NIGERIA LIMITED"
18489,3,legitimate-linked,193051,"KNML 8422",KANGIS,"YAR-MUTAN NIGERIA LIMITED"
18489,3,legitimate-linked,32294,CON-RES-1987-227,3,"ALHAJI LAWAN GASHUA"
7590,3,legitimate-linked,175275,CON-AG-2024-27,3,"ABDU AHMAD SAYE"
7590,3,legitimate-linked,175286,KN3968,KANGIS,"ABDU AHMAD SAYE"
7590,3,legitimate-linked,21281,CON-AG-1986-73,3,"ALH NUHU GARBA"
2602,3,legitimate-linked,176273,COM-2002-911,1,"NURUDDEEN ABUBAKAR BATURE"
2602,3,legitimate-linked,176285,KN3321,KANGIS,"NURUDDEEN ABDULKADIR BATURE"
2602,3,legitimate-linked,16270,RES-1981-1793,1,"ALHAJI IDI IBRAHIM"
147268,3,legitimate-linked,170345,CON-RES-2017-617,3,"BASHIR ABUBAKAR"
147268,3,legitimate-linked,170369,KN8835,KANGIS,"BASHIR ABUBAKAR"
147268,3,legitimate-linked,172397,"KNML 8835",KANGIS,"BASHIR ABUBAKAR"
176172,3,legitimate-optot,195367,RES-2018-83,2,"AL-HASSAN SAMA'ILA"
176172,3,legitimate-optot,195386,RES-2021-4434,2,"AL-HASSAN SAMA'ILA"
176172,3,legitimate-optot,195395,"KNML 9837",KANGIS,"AL-HASSAN SAMA'ILA"
7546,3,legitimate-linked,21237,RES-1992-4316,2,"SADI YUSUF/AMINU SANI"
7546,3,legitimate-linked,171143,CON-AG-2016-26,3,"IBRAHIM BELLO SALIHU"
7546,3,legitimate-linked,171167,KN2236,KANGIS,"IBRAHIM BELLO SALIHU"
1325,3,legitimate-linked,14986,CON-RES-1981-615,3,"ALHAJI  HASSAN NA A KUKI"
1325,3,legitimate-linked,168775,COM-1993-210,1,"DR BASHIR ALHAJI UMAR"
1325,3,legitimate-linked,168790,"MLKN 2867",KANGIS,"DR BASHIR ALHAJI UMAR"
9058,3,legitimate-linked,173601,CON-COM-2009-222,3,"ALHAJI BARAU ABDURRAHMAN"
9058,3,legitimate-linked,173638,"MLKN 1704",KANGIS,"ALHAJI BARAU ABDURRAHMAN"
9058,3,legitimate-linked,22759,CON-RES-1995-532,3,"ABUBAKAR D. SALIHU"
1043,3,legitimate-linked,14704,RES-1992-1041,2,"TANKO SARKIN FAWA KOFAR KABUGA"
1043,3,legitimate-linked,187003,COM-2002-434,1,"CRISS-CROSS LIMITED"
1043,3,legitimate-linked,187064,COM-2002-433,1,"CRISS-CROSS LIMITED"
7669,3,legitimate-linked,172107,CON-COM-1981-14,3,"DANKAWU OIL & GAS"
7669,3,legitimate-linked,172141,KN3792,KANGIS,"AL_YAMAN OIL & GAS LIMITED"
7669,3,legitimate-linked,21360,CON-AG-1984-117,3,"HAJIYA MAIRO HARUNA R. YUSUF (MRS)"
8737,3,legitimate-linked,22436,RES-1992-6486,2,"BALA YUSUF"
8737,3,legitimate-linked,193511,CON-COM-2009-390,3,"AZMAN OIL & GAS LIMITED"
8737,3,legitimate-linked,193519,CON-COM-2009-389,3,"AZMAN OIL & GAS LIMITED"
5165,3,legitimate-linked,18841,RES-1992-6652,2,"BASHIR UMARU"
5165,3,legitimate-linked,196975,COM-2022-539,1,"ALH. LAWAN SULEIMAN DAURA"
5165,3,legitimate-linked,196997,"MLKN 4291",KANGIS,"ALH. LAWAN SULEIMAN DAURA"
16478,3,legitimate-linked,30277,CON-COM-1999-14,3,"BASHAB NIGERIA LIMITED"
16478,3,legitimate-linked,179145,CON-RES-2011-2169,3,"DALIL MOHAMMED WANKA"
16478,3,legitimate-linked,179162,"KNML 1831",KANGIS,"DALIL MOHAMMED WANKA"
18840,3,legitimate-linked,175402,IND-2021-14,1,"TURARE N HAUSAWA LIMITED"
18840,3,legitimate-linked,175426,"MLKN 115_2",KANGIS,"TURARE N HAUSAWA LIMITED"
18840,3,legitimate-linked,32645,CON-RES-1997-380,3,"ALHAJI JAMILU BAITA"
940,3,legitimate-linked,181960,COM-1989-102,1,"AL-HAMSAD INVESTMENT LTD"
940,3,legitimate-linked,181991,"MLKN 790",KANGIS,"AL-HAMSAD INVESTMENT LTD"
940,3,legitimate-linked,14600,RES-1981-622,1,"ALH MUHTARI MAIKUDI"
1161,3,legitimate-linked,168100,COM-1991-8,1,"ALHAJI MUAZU SALE"
1161,3,legitimate-linked,184105,COM-RC-1983-11,1,"A.H SULAIMAN & BROS (NIG) LTD"
1161,3,legitimate-linked,14822,RES-1981-556,1,"MR DELE OLUKOYE"
5304,3,legitimate-linked,182979,COM-2023-307,1,"MUKHTAR SAAD SAID"
5304,3,legitimate-linked,183029,KN4690,KANGIS,"MUKHTAR SAAD SAID"
5304,3,legitimate-linked,18981,RES-1992-6700,2,"MUHAMMAD WAZIRI"
44954,3,legitimate-optot,192622,RES-1996-706,2,"SHEHU LIMAN WAN"
44954,3,legitimate-optot,192635,"KNML 3012_1",KANGIS,"SHEHU LIMAN WAN"
44954,3,legitimate-optot,192638,"KNML 3012_2",KANGIS,"SHEHU LIMAN WAN"
39893,3,legitimate-linked,194642,RES-2009-8176,2,"ALHAJI UMARU ABDULLAHI"
39893,3,legitimate-linked,194655,RES-2009-8177,2,"ALHAJI UMARU ABDULLAHI"
39893,3,legitimate-linked,194671,RES-2009-8178,2,"ALHAJI UMARU ABDULLAHI"
11755,3,legitimate-linked,25459,CON-RES-1989-97,3,"BINTA SANI"
11755,3,legitimate-linked,187249,CON-RES-1982-833,3,"ALH MUHD MUSA"
11755,3,legitimate-linked,187266,"KNML 278",KANGIS,"ALH MOHD MUSA SHAEHU"
15245,3,legitimate-linked,29043,RES-1993-2935,2,"ABDULMALIK ADO DANDOLO"
15245,3,legitimate-linked,186431,CON-RES-2002-176,3,"MU'AZZAM ADO YAKASAI"
15245,3,legitimate-linked,186447,"KNML 9789",KANGIS,"MU'AZZAM ADO"
3565,3,legitimate-linked,17239,RES-1992-2673,2,"MOHD ISA KABUGA"
3565,3,legitimate-linked,173590,COM-2010-420,1,"ABBA DANBABA SANI"
3565,3,legitimate-linked,173608,KN2654,KANGIS,"ABBA SANI DANBABA"
11606,3,legitimate-linked,25310,CON-RES-1984-380,3,"MALLAM SANGO IBRAHIM KWARU"
11606,3,legitimate-linked,179093,CON-RES-1982-555,3,"BASHIR OTHMAN TOFA"
11606,3,legitimate-linked,179115,"KNML 1222",KANGIS,"BASHIR OTHMAN TOFA"
8658,3,legitimate-linked,195567,CON-COM-2004-65,3,"ALH. SANI SAIDU"
8658,3,legitimate-linked,195568,"MLKN 1163",KANGIS,"ALH. SANI SA'IDU"
8658,3,legitimate-linked,22357,RES-1992-6244,2,"INUSA YAMU"
15863,3,legitimate-linked,198216,"KNML 8418",KANGIS,"DR. NASIRDEEN USMAN"
15863,3,legitimate-linked,29662,CON-RES-1982-1040,3,"HAJIYA BINTA YAHAYA"
15863,3,legitimate-linked,198172,CON-RES-2007-57,3,"DR. NASIRDEEN USMAN"
1413,3,legitimate-linked,15075,RES-1981-845,1,"ALHAJI YAHAYA LAWAN"
1413,3,legitimate-linked,189313,COM-1994-119,1,"A I CONSULTING AND INVESTIMENT LTD"
1413,3,legitimate-linked,189340,KN3807,KANGIS,"A I CONSULTING AND INVESTIMENT LTD"
13272,3,legitimate-linked,191804,CON-RES-1987-934,3,"ALH. SHEHU NA KWARAI"
13272,3,legitimate-linked,191883,"KNML 3063",KANGIS,"ALHAJI SHEHU NA KWARAI"
13272,3,legitimate-linked,27045,RES-1982-2239,1,"UMAR SHEHU MINJIBAR"
11986,3,legitimate-linked,25691,CON-RES-1984-629,3,"ALHAJI MUHAMMADU UMARU"
11986,3,legitimate-linked,179931,CON-RES-1983-438,3,"HAJIYA MARIYA SANUSI DANTATA"
11986,3,legitimate-linked,179997,"KNML 1467",KANGIS,"HAJIYA MARIYA SANUSI DANTATA"
8712,3,legitimate-linked,173668,CON-COM-2005-7,3,"MEATS ""R"" US LIMITED"
8712,3,legitimate-linked,173679,KN5014,KANGIS,"MEATS ""R"" US LIMITED"
8712,3,legitimate-linked,22411,RES-1992-6439,2,"ALHAJI SALISU MUSA SAMBAJO"
12532,3,legitimate-linked,26238,CON-AG-1984-47,3,"ISA ADEJO"
12532,3,legitimate-linked,186732,CON-RES-1985-65,3,"ALHAHI AUWALU SHARIF BALA"
12532,3,legitimate-linked,186744,"KNML 267",KANGIS,"ALHAHI AUWALU SHARIF BALA"
16561,3,legitimate-linked,193649,CON-RES-2013-165,3,"UMAR ISHAQ"
16561,3,legitimate-linked,193675,"KNML 515",KANGIS,"UMAR ISHAQ ALIYU"
16561,3,legitimate-linked,30361,CON-AG-1991-19,3,"ALHAJI TAJU AMINU DANTATA"
9898,3,collision,23600,CON-RES-1982-1056,3,"ALHAJI K. LAWAL GAMBO"
9898,3,collision,179627,"MLKN 2786",KANGIS,"ULTIMATE GAS LIMITED"
9898,3,collision,179239,CON-COM-2020-456,3,"NURA AHMAD"
19361,3,legitimate-linked,33166,CON-AG-1993-72,3,"ALHAJI USMAN DAN AGEGE"
19361,3,legitimate-linked,169097,IND-RC-1982-103,1,"H. H. F AND SONS NIG. LTD"
19361,3,legitimate-linked,170034,"MLKN 3709",KANGIS,"H. H. F AND SON NIG LTD."
5602,3,legitimate-optot,19279,RES-1982-531,1,"ALH UMARU DAN-SABO ISMA'IL"
5602,3,legitimate-optot,169923,COM-2025-582,1,"SHEIKH BASHIR EL-RAYYAH SCHOOL COMPLEX"
5602,3,legitimate-optot,169942,KN4971,KANGIS,"SHEIKH BASHIR EL-RAYYAH SCHOOL COMPLEX"
148745,3,legitimate-linked,172176,CON-RES-2014-762,3,"SAMINU  KHALID ABDULLAHI"
148745,3,legitimate-linked,172182,"KNML 3142",KANGIS,"SAMINU  KHALID ABDULLAH"
148745,3,legitimate-linked,172227,"KNML 3143_2",KANGIS,"SAMINU  KHALID ABDULLAHI"
14571,3,legitimate-linked,184151,CON-RES-1995-191,3,"DALHATU ABUBAKAR ISAH"
14571,3,legitimate-linked,184153,"KNML 1926",KANGIS,"DALHATU ABUBAKAR ISAH"
14571,3,legitimate-linked,28358,RES-1992-7365,2,"MUHAMMAD ABDU"
9813,3,legitimate-linked,23515,CON-RES-1981-462,3,"ALHAJI NUHU ALI"
9813,3,legitimate-linked,186674,CON-COM-2018-45,3,"ALH GARBA MAMUDA"
9813,3,legitimate-linked,186686,"MLKN 1852",KANGIS,"ALH GARBA MAMUDA"
157181,3,legitimate-linked,181436,RES-2013-318,2,"ISA YAHAYA"
157181,3,legitimate-linked,181437,"KNML 1980",KANGIS,"ISA YAHAYA"
157181,3,legitimate-linked,181675,RES-2008-1604,2,"YAHAYA MAMMAN & ISA YAHAYA"
34857,3,legitimate-optot,174743,RES-2025-2323,2,"ABDULKARIM DAN'AZUMI"
34857,3,legitimate-optot,174748,RES-2025-2324,2,"ABDULKARIM DAN'AZUMI"
34857,3,legitimate-optot,180560,RES-1990-1170,1,"ABDULKARIM DAN'AZUMI"
11456,3,legitimate-linked,25160,CON-RES-1982-1529,3,"ALHAJI ALASAN HABU"
11456,3,legitimate-linked,183033,CON-RES-1982-318,3,"BASAHIR TIJJANI  RABIU"
11456,3,legitimate-linked,183131,"MLKN 2810",KANGIS,"BASHIR  TIJJJANI RABI'U"
7547,3,legitimate-linked,182929,CON-AG-2016-79,3,"MUHAMMAD LAWAN U/GINI"
7547,3,legitimate-linked,182947,"MLKN 1816",KANGIS,"KABIRU IMAM MUKTHAR"
7547,3,legitimate-linked,21238,RES-1992-4317,2,"KABIRU YAHAYA"
145906,3,legitimate-linked,170068,KN4218,KANGIS,"IBRAHIM AMINU AHMED"
145906,3,legitimate-linked,168902,CON-COM-2025-275,3,"IBRAHIM AMINU AHMED"
145906,3,legitimate-linked,168914,KN4128,KANGIS,"IBRAHIM AMINU AHMED"
13024,3,legitimate-optot,26796,RES-1991-111,1,"MAHMUD SANI"
13024,3,legitimate-optot,188952,CON-RES-1987-348,3,"AHMED SHITU ABUBAKAR"
13024,3,legitimate-optot,188994,"KNML 5351",KANGIS,"AHMAD SHITU ABUBAKAR"
1233,3,legitimate-optot,14894,RES-1992-932,2,"MAHMUDA SALISU HAIBA"
1233,3,legitimate-optot,196616,COM-1992-291,1,"SAAD SHITU SHARUBUTU"
1233,3,legitimate-optot,196681,"MLKN 251",KANGIS,"SAAD SHITU SHARUBUTU"
10599,3,legitimate-linked,24302,CON-RES-1988-697,3,"ALHAJI IBRAHIM ADAMU"
10599,3,legitimate-linked,176311,CON-IND-2022-15,3,"RICE FIELD AGRIC INDUSTRY"
10599,3,legitimate-linked,176326,"MLKN 3799",KANGIS,"RICE FIELD AGRI IND LTD"
12274,3,legitimate-linked,175958,CON-RES-1984-555,3,"SALEH NAGERO AND SONS LTD"
12274,3,legitimate-linked,175984,"KNML 1866",KANGIS,"SALEH NAGERO AND SONS LTD"
12274,3,legitimate-linked,25979,CON-RES-1983-59,3,"ALHAJI LAWAN UBALE"
494,3,legitimate-optot,14151,RES-1992-635,2,"ALH HAMIDU YAKUBU"
494,3,legitimate-optot,193231,COM-1982-187,1,"ALH. YAKUBU IBRAHIM"
494,3,legitimate-optot,193251,KN4050,KANGIS,"ALH. YAKUBU IBRAHIM"
5872,3,legitimate-linked,184843,COM-1995-91,1,"OSMAN EL TAYEB EL-RAYAH"
5872,3,legitimate-linked,19549,CON-RES-RC-1982-85,3,"ALH. MAIKUDI MUHAMMED"
5872,3,legitimate-linked,196195,COM-RC-1982-110,1,"OSMAN EL-TAYEB EL-RAYAH"
149,3,legitimate-optot,13804,RES-1992-155,2,"MOHAMMED KABIR ALI"
149,3,legitimate-optot,182018,AG-RC-1982-130,1,"DR. ABDULLAHI SA'ED"
149,3,legitimate-optot,182037,"MLKN 2897",KANGIS,"DR. ABDULLAHI SA'ED"
3797,3,legitimate-linked,17471,CON-RES-1993-11,3,"ALHAJI AHMED ABDU HOTORO"
3797,3,legitimate-linked,179123,COM-2012-145,1,"AMSHET GLOBAL RESOURCES LTD"
3797,3,legitimate-linked,179143,KN3850,KANGIS,"AMSHET GLOBAL RESOURCES LTD"
142297,3,legitimate-linked,191266,"MLKN 3841",KANGIS,"HASSAN ILIYASU"
142297,3,legitimate-linked,195953,COM-2024-51,1,"NAMADI INUWA"
142297,3,legitimate-linked,195955,KN1772,KANGIS,"NAMADI INUWA"
161530,3,legitimate-linked,184948,CON-COM-2015-252,3,"W.A.A RANO NIG LTD"
161530,3,legitimate-linked,184964,"MLKN 318",KANGIS,"W.A.A RANO NIG LTD"
161530,3,legitimate-linked,185001,CON-COM-2008-250,3,"W.A.A RANO NIG LTD"
172311,3,legitimate-linked,192714,CON-IND-2025-122,3,"SARMAN INTEGRATED FARM AND SOLUTION LTD"
172311,3,legitimate-linked,192730,CON-AG-2017-39,3,"SARMAN INTEGRATED FARM AND SOLUTION LTD"
172311,3,legitimate-linked,192749,"MLKN 2478",KANGIS,"AUWALU SARKI"
11818,3,legitimate-linked,25522,CON-RES-1999-314,3,"MRS AISHATU ADO GARBA"
11818,3,legitimate-linked,184526,CON-RES-1982-947,3,"ALHAJI ISYAKU UMAR"
11818,3,legitimate-linked,184541,"KNML 1742",KANGIS,"ISYAKU UMAR TOFA"
16072,3,legitimate-linked,29871,CON-RES-1994-611,3,"ABDULLAHI INUSA KURNA"
16072,3,legitimate-linked,197026,CON-RES-2009-178,3,"MR. PETER EFUGHU"
16072,3,legitimate-linked,197042,"KNML 8428",KANGIS,"MR. PETER EFUGHU"
49483,3,legitimate-linked,180063,RES-2002-7520,2,"BASHIR ADO KIBIYA"
49483,3,legitimate-linked,180068,"KNML 1471_1",KANGIS,"BASHIR ADO KIBIYA"
49483,3,legitimate-linked,180069,"KNML 1471_2",KANGIS,"BASHIR ADO KIBIYA"
4785,3,legitimate-linked,18460,RES-1992-5685,2,"BALA AMINU MUSA"
4785,3,legitimate-linked,175155,COM-2024-726,1,"SHARIF USMAN HASSAN"
4785,3,legitimate-linked,175159,KN3983,KANGIS,"SHARIF USMAN HASSAN"
6444,3,legitimate-linked,20127,CON-AG-1986-18,3,"ALH. AHMAD YARO"
6444,3,legitimate-linked,194832,COM-RC-1985-25,1,"GIWA DYNAMIC OIL & GAS LTD"
6444,3,legitimate-linked,194853,"MLKN 4548",KANGIS,"GIWA DYNAMIC OIL & GAS LTD"
43389,3,legitimate-linked,192702,RES-2016-2741,2,"TAHIR GUEST PALACE"
43389,3,legitimate-linked,192713,RES-1995-1546,2,"TAHIR GUESS PALACE"
43389,3,legitimate-linked,192751,"KNGP 273",KANGIS,"TAHIR GUEST PALACE"
18104,3,legitimate-linked,179305,CON-RES-RC-1982-379,3,"MR G.M POPOOLA"
18104,3,legitimate-linked,179310,"KNML 1837",KANGIS,"ABDULWAHID OLORUNTOYIN POPOOLA"
18104,3,legitimate-linked,31908,CON-RES-1985-434,3,"ALHAJI YUSUF AMINU"
5451,3,legitimate-linked,19128,CON-RES-1981-368,3,"ALHAJI ABBAS MOHAMMED"
5451,3,legitimate-linked,179180,COM-2024-796,1,"UMAR MUSA"
5451,3,legitimate-linked,179203,KN2894,KANGIS,"UMAR MUSA"
2236,3,legitimate-linked,15900,CON-RES-1981-204,3,"ALHAJI ILIYASU RIMIN KIRA"
2236,3,legitimate-linked,197113,,1,"NURUDDEEN ABDULKADIR BATURE"
2236,3,legitimate-linked,197189,"MLKN 3807",KANGIS,"NURUDDEEN ABDULKADIR BATURE"
1353,3,legitimate-linked,15014,CON-COM-1981-88,3,"KWAIRANGA LIMITED"
1353,3,legitimate-linked,196326,COM-1993-317,1,"W. J. BUSH & COMPANY NIGERIA LIMITED"
1353,3,legitimate-linked,196352,"MLKN 118",KANGIS,"W. J. BUSH & COMPANY NIGERIA LIMITED"
4240,3,legitimate-linked,17915,RES-1992-3851,2,"ALHAJI GARBA A. INUWA"
4240,3,legitimate-linked,194356,COM-2016-194,1,"IBRAHIM ISYAKU NA'ABBA"
4240,3,legitimate-linked,194373,"MLKN 2650",KANGIS,"IBRAHIM ISYAKU NA'ABBA"
1230,3,legitimate-linked,14891,RES-1992-929,2,"ALHAJI SANI GAMBO"
1230,3,legitimate-linked,196882,COM-1992-280,1,"SALNUHA INVESTMENT COMPANY LIMITED"
1230,3,legitimate-linked,196980,"MLKN 3442",KANGIS,"SALNUHA INVESTMENT COMPANY LIMITED"
2995,3,legitimate-linked,16665,RES-1992-2071,2,"ALH SULE"
2995,3,legitimate-linked,172965,,1,"AMANALLAH AHMED GETSO"
2995,3,legitimate-linked,173021,"MLKN 3068",,"AMANALLAH AHMED GETSO"
15657,3,legitimate-linked,29456,CON-RES-1982-164,3,"ABDULMUMINI YUSUF"
15657,3,legitimate-linked,187334,CON-RES-2006-18,3,"MUHAMMED BADARU UMAR"
15657,3,legitimate-linked,187344,"KNML 2864",KANGIS,"MUHAMMED BADARU UMAR"
12457,3,legitimate-optot,26163,CON-RES-1989-265,3,"DIMSON DAVE"
12457,3,legitimate-optot,197224,CON-RES-1985-460,3,"MUJITTAPHA BABALLE ILA"
12457,3,legitimate-optot,197285,"KNML 6557",KANGIS,"MUJITTAFA BABALLE ILA"
9830,3,legitimate-linked,173770,CON-COM-2019-153,3,"NURA JAMILU BABA LOLO"
9830,3,legitimate-linked,174143,KN5011,KANGIS,"NURA JAMILU BABA LOLO"
9830,3,legitimate-linked,23532,CON-RES-1982-885,3,"ALHAJI FARUKU LABARAN"
17550,3,legitimate-linked,31353,CON-RES-1995-564,3,"HAJIYA ABU ALH TANKO"
17550,3,legitimate-linked,188000,KN5160,KANGIS,"MURTALA ABDULLAHI JEGA"
17550,3,legitimate-linked,181081,KN5118,KANGIS,"MURTALA ABDULLAHI JEGA"
58132,3,legitimate-linked,191995,RES-2018-2819,2,"ALHAJI YUSUF KJ NJIE"
58132,3,legitimate-linked,192007,"KNML 5862",KANGIS,"ALHAJI YUSUF KJ NJIE"
58132,3,legitimate-linked,196225,RES-RC-1987-34,1,"ALHAJI YUSUF KJ NJIE"
15077,3,legitimate-linked,184345,CON-RES-1999-71,3,"RUFA'I UMAR NA-ABBA"
15077,3,legitimate-linked,184380,"KNML 1728",KANGIS,"RUFA'I UMAR NA-ABBA"
15077,3,legitimate-linked,28872,RES-1993-3185,2,"ISHAQ MATAWALLE"
9607,3,legitimate-linked,23309,RES-1992-7265,2,"A SANI IDI"
9607,3,legitimate-linked,180949,CON-COM-2015-107,3,"HABIBU ABDULLAHI MAHMUD"
9607,3,legitimate-linked,181016,"MLKN 1117",KANGIS,"ALREN CONSTRUCTION COMPANY"
18838,3,legitimate-linked,32643,CON-RES-1997-378,3,"ABUBAKAR ABDU"
18838,3,legitimate-linked,170185,IND-1985-1,1,"MARIO JOSE ENTERPRISES LTD"
18838,3,legitimate-linked,170207,"MLKN 2625",KANGIS,"MARIO JOSE ENTERPRISES LTD"
17651,3,legitimate-linked,31454,CON-RES-1994-729,3,"ALHAJI WADA BABBA AZARE"
17651,3,legitimate-linked,196783,CON-RES-2023-7505,3,"MARYAM MUSA"
17651,3,legitimate-linked,196804,KN3367,KANGIS,"MARYAM MUSA"
14102,3,legitimate-linked,193027,CON-RES-1992-504,3,"ALHAJI AHMED ABUBAKAR NAKURA"
14102,3,legitimate-linked,27889,RES-1993-710,2,"HAFSATU AHMED"
14102,3,legitimate-linked,193031,"KNML 942",KANGIS,"ALHAJI AHMED ABUBAKAR NAKURA"
9671,3,legitimate-linked,23373,CON-RES-1982-402,3,"MU'AZU MUHAMMED"
9671,3,legitimate-linked,176148,CON-COM-2016-280,3,"HAMISU RABIU JINGAU"
9671,3,legitimate-linked,176155,"MLKN 1832",KANGIS,"HAMISU RABIU JINGAU"
5450,3,legitimate-linked,19127,CON-RES-1981-341,3,"ALHAJI AUWALU HABU"
5450,3,legitimate-linked,178627,COM-2024-795,1,"UMAR MUSA"
5450,3,legitimate-linked,178648,KN2893,KANGIS,"UMAR MUSA"
1040,3,legitimate-linked,182088,COM-1991-107,1,"AL-HAMSAD INVESTMENT LTD"
1040,3,legitimate-linked,182096,"MLKN 792",KANGIS,"AL-HAMSAD INVESTMENT LIMITED"
1040,3,legitimate-linked,14701,RES-1992-1037,2,"NASIRU ZUBAIRU"
1105,3,legitimate-optot,190776,COM-1991-259,1,"BASHIR HASSAN HANGA"
1105,3,legitimate-optot,190795,"MLKN 4376",KANGIS,"BASHIR HASSAN HANGA"
1105,3,legitimate-optot,14766,RES-1981-402,1,"ALH. NABABA ABDULMUMINI"
15572,3,legitimate-linked,29370,CON-RES-1987-814,3,"KABIRU ABUBAKAR"
15572,3,legitimate-linked,179025,CON-RES-2005-255,3,"SUNNY OHILEBO EVBOGAME"
15572,3,legitimate-linked,179031,"KNML 1768",KANGIS,"SUNNY OHILEBO EVBOGAME"
175021,3,legitimate-optot,194604,RES-2021-857,2,"ASHIRU AMINU LIMAN"
175021,3,legitimate-optot,194624,KN2789_1,KANGIS,"ASHIRU AMINU LIMAN"
175021,3,legitimate-optot,194625,KN2789_2,KANGIS,"ASHIRU AMINU LIMAN"
5156,3,legitimate-linked,18832,RES-1992-6638,2,"ALH BALA IDRIS"
5156,3,legitimate-linked,175071,COM-2022-503,1,"CHALLAWA OIL & GAS LTD"
5156,3,legitimate-linked,175083,KN4261,KANGIS,"CHALLAWA OIL & GAS LTD"
15645,3,legitimate-linked,29444,CON-RES-1982-190,3,"ALHAJI BATURE SANDA"
15645,3,legitimate-linked,187270,CON-RES-2006-15,3,"MUHAMMED BADARU UMAR"
15645,3,legitimate-linked,187271,"KNML 2865",KANGIS,"MUHAMMED BADARU UMAR"
12340,3,legitimate-optot,26045,CON-RES-1982-531,3,"DANGI PHARMACY & GENERAL ENTERPRISES LTD"
12340,3,legitimate-optot,180473,CON-RES-1985-11,3,"YUSUF AHMAD TIJJANI"
12340,3,legitimate-optot,180474,"KNML 1126",KANGIS,"YUSUF AHMAD TIJJANI"
12510,3,legitimate-linked,26216,CON-RES-1984-335,3,"ALHAJI ADO MOHAMMED"
12510,3,legitimate-linked,172425,CON-RES-1985-588,3,"CHIGOZIE ONWUKWALU"
12510,3,legitimate-linked,172452,KN972,KANGIS,"CHIGOZIE ONWUKWALU."
14848,3,legitimate-linked,175986,CON-RES-1997-335,3,"BARR FELIX C EZE"
14848,3,legitimate-linked,175993,"KNML 6679",KANGIS,"BARR FELIX C EZE"
14848,3,legitimate-linked,28639,RES-1993-1708,2,"MUHAMMAD NA'ABBA"
45177,3,legitimate-optot,191541,RES-1997-1164,2,"ALH ABUBAKAR I SADAUKI"
45177,3,legitimate-optot,191587,"KNML 2467_1",KANGIS,"ALBASU BASHIR"
45177,3,legitimate-optot,191588,"KNML 2467_2",KANGIS,"ALBASU BASHIR"
7391,3,legitimate-linked,172201,CON-AG-1995-100,3,"NASIRU ABDULLAHI AHMAD"
7391,3,legitimate-linked,172218,"MLKN 4224",KANGIS,"NASIRU ABDULLAHI AHMAD"
7391,3,legitimate-linked,21081,CON-RES-1995-412,3,"BELLO MUKHTAR"
13017,3,legitimate-linked,26789,RES-1991-103,1,"MUSBAHU Z. MAHMOUD"
13017,3,legitimate-linked,187197,CON-RES-1987-338,3,"ALH DANLAMI AUDU ZANGO"
13017,3,legitimate-linked,187208,"KNML 291",KANGIS,"ALH DANLAMI AUDU ZANGO"
10825,3,legitimate-linked,24529,CON-RES-1987-894,3,"ALHAJI UBA SALE CHAMO"
10825,3,legitimate-linked,186496,CON-RES-1981-265,3,"DR AYUBA MUSA"
10825,3,legitimate-linked,186497,"KNML 1536",KANGIS,"DR AYUBA MUSA"
158424,3,legitimate-linked,182375,CON-RES-2023-7248,3,"FAIZU MUHAMMAD GALADIMA"
158424,3,legitimate-linked,182383,KN5134,KANGIS,"MURTALA ABDULLAHI JEGA"
158424,3,legitimate-linked,191582,KN4536,KANGIS,"MURTALA ABDULLAHI JEGA"
7772,3,legitimate-linked,172033,CON-COM-1982-223,3,"WATSON'S BAKERY NIGERIA LTD"
7772,3,legitimate-linked,172059,"MLKN 25",KANGIS,"WATSON'S BAKERY NIGERIA LTD"
7772,3,legitimate-linked,21463,RES-1992-4542,2,"ALAJA SALIFATU ABUBAKAR"
2070,3,collision,15734,RES-1992-1708,2,"ABUBAKAR A. KASSIM"
2070,3,collision,171172,COM-2018-37,1,"PRINCE EMEKA ONYIDO"
2070,3,collision,171191,,1,"PRINCE EMEKA ONYIDO"
10617,3,legitimate-linked,24320,CON-RES-1988-267,3,"ALH. ABDU HAMIDU"
10617,3,legitimate-linked,169884,CON-IND-2024-61,3,"SUHAIL TECH ENGINEERING LTD"
10617,3,legitimate-linked,169895,KN3118,KANGIS,"SUHAIL TECH ENGINEERING LTD"
8133,3,legitimate-linked,192551,"MLKN 462",KANGIS,"A.D.S INVESTMENT LTD"
8133,3,legitimate-linked,21829,RES-1992-5040,2,"ABDULLAHI A. UMAR"
8133,3,legitimate-linked,196213,CON-COM-1990-78,3,"A.D.S INVESTMENT LTD"
10020,3,legitimate-linked,23722,CON-AG-1985-10,3,"ALHAJI SHEHU DAWAKI"
10020,3,legitimate-linked,192677,CON-COM-2021-695,3,"MAFA RICE MILL LTD"
10020,3,legitimate-linked,192699,KN3650,KANGIS,"MAFA RICE MILL LTD"
14872,3,legitimate-linked,181227,CON-RES-1997-99,3,"BASHIR BELLO"
14872,3,legitimate-linked,181233,"KNML 1963",KANGIS,"BASHIR BELLO"
14872,3,legitimate-linked,28663,RES-1993-1748,2,"ALHAJI BALA ADAMU"
3665,3,collision,17339,RES-1982-1080,1,"ALHAJI MAIGIDA MOHAMMED WARURE"
3665,3,collision,174987,,1,"ALH. MUKHTAR ABUBAKAR"
3665,3,collision,175001,KN5069,KANGIS,"ALH. MUKHTAR ABUBAKAR"
1608,3,legitimate-linked,173367,COM-1996-17,1,"ABDULLAHI ADAMU DANGONGOLA"
1608,3,legitimate-linked,173404,KN3037,KANGIS,"ABDULLAHI ADAMU DANGONGOLA"
1608,3,legitimate-linked,15270,CON-COM-1981-101,3,"ALHAJI YUSUFU BELLO"
17878,3,legitimate-linked,31682,CON-RES-1986-153,3,"ALHAJI SADI BALA"
17878,3,legitimate-linked,170449,CON-RES-RC-1982-117,3,"AYMAN GHASSAN JAMMAL"
17878,3,legitimate-linked,170504,KN4588,KANGIS,"AYMAN GHASSAN JAMMAL"
4078,3,legitimate-optot,17752,RES-1992-4081,2,"SALLAU TSOHO"
4078,3,legitimate-optot,175983,COM-2015-424,1,"RUFA'I SULE BICHI"
4078,3,legitimate-optot,176003,"MLKN 2724",KANGIS,"RUSBI AGRICULTURAL PROCESSING COMPANY LIMITED"
2465,3,legitimate-linked,16133,CON-COM-1990-29,3,"ALHAJI LAWAN GWARZO"
2465,3,legitimate-linked,180793,,1,"SAGIRU IBRAHIM GARBA"
2465,3,legitimate-linked,180818,KN4492,KANGIS,"SAGIRU IBRAHIM GARBA"
11982,3,legitimate-linked,174322,CON-RES-1983-432,3,"MISBAHU ZUBAIR MAHMUD."
11982,3,legitimate-linked,174362,"KNML 443",KANGIS,"MISBAHU Z. MAHMUD."
11982,3,legitimate-linked,25687,CON-RES-RC-1982-167,3,"ALHAJI SAFIYANU MADUGU"
5061,3,legitimate-linked,18737,CON-RES-RC-1982-513,3,"ALHAJI NABABA BADAMASI"
5061,3,legitimate-linked,169315,"MLKN 3638",KANGIS,"LAWAN YUSIF ILIYASU & SULEIMAN IBRAHIM"
5061,3,legitimate-linked,169229,COM-2022-333,1,"LAWAN YUSIF ILIYASU & SULEIMAN IBRAHIM"
3913,3,legitimate-optot,17587,RES-1982-1393,1,"DANLAMI ALHASSAN & SONS NIGERIA LIMITED"
3913,3,legitimate-optot,188184,COM-2014-50,1,"ALHAJI MUHAMMAD SULAIMAN"
3913,3,legitimate-optot,188224,COM-RC-1982-415,1,"ALHAJI SANI BABURA"
5960,3,legitimate-linked,174841,COM-RC-1982-200,1,"MOHAMMED SADANU ISMA"
5960,3,legitimate-linked,174861,"MLKN 379",,"MOHAMMED SADANU ISMA"
5960,3,legitimate-linked,19637,RES-1982-842,1,"MAHADI JIBRIN"
1688,3,legitimate-linked,181703,COM-1997-208,1,"ARMADA INT. LTD"
1688,3,legitimate-linked,181744,"MLKN 2205",KANGIS,"ARMADA INT. LTD"
1688,3,legitimate-linked,15351,RES-1981-1047,1,"ALHAJI GARBA MUHAMMED"
18723,3,legitimate-linked,32528,CON-COM-RC-1981-36,3,"ADEJUMO FAM (NIGERIA) LIMITED"
18723,3,legitimate-linked,177429,IND-1982-10,1,"ANGLE SPINNING & DYEING LIMITED"
18723,3,legitimate-linked,177513,"MLKN 573",KANGIS,"ANGLE SPINNING & DYEING LIMITED"
8509,3,legitimate-linked,182120,CON-COM-2001-47,3,"SA'IDU ILIYASU"
8509,3,legitimate-linked,182136,KN2974,KANGIS,"SA'IDU ILIYASU"
8509,3,legitimate-linked,22208,RES-1992-6136,2,"ABDULLAHI SHARU"
11579,3,legitimate-linked,193225,CON-RES-1982-517,3,"ALH. AUWALU RANO."
11579,3,legitimate-linked,193268,KN4083,KANGIS,"ALH. AUWALU RANO."
11579,3,legitimate-linked,25283,CON-RES-1983-583,3,"ALH MAKAMA SHEHU"
3819,3,legitimate-linked,17493,CON-RES-1993-36,3,"ALHAJI IBRAHIM AHMED"
3819,3,legitimate-linked,186279,COM-2012-48,1,"ABDULLAHI ADAMU"
3819,3,legitimate-linked,186292,KN3041,KANGIS,"ABDULLAHI ADAMU"
11553,3,legitimate-linked,25257,CON-RES-1983-277,3,"ALHAJI ABDU FARI"
11553,3,legitimate-linked,178323,CON-RES-1982-476,3,"ALHAJI MURAINO ADEOYE SHOSANWO"
11553,3,legitimate-linked,178362,"KNML 1215",KANGIS,"ALHAJI IDRIS ISA"
14729,3,legitimate-optot,193232,CON-RES-1996-237,3,"MUHAMMAD GARBA"
14729,3,legitimate-optot,193256,"KNML 1377_1_2",KANGIS,"MUHAMMAD GARBA"
14729,3,legitimate-optot,28517,RES-1993-1180,2,"HAJIYA YAHANASU AHMAD"
7915,3,legitimate-linked,194581,CON-COM-2021-439,3,"ADVANCE LINK PETROLEUM"
7915,3,legitimate-linked,194596,KN4124,KANGIS,"ADVANCE LINK PETROLEUM LTD"
7915,3,legitimate-linked,21607,RES-1992-4696,2,"MUHAMMAD LAWAL SHUAIBU"
18835,3,legitimate-linked,172087,IND-1984-8,1,"MAMUDA FOODS NIG LTD."
18835,3,legitimate-linked,172135,KN3967,KANGIS,"MAMUDA FOOD NIG. LTD"
18835,3,legitimate-linked,32640,CON-RES-1997-363,3,"ALHAJI GARBA YUSUF ABDULMUMINI"
15588,3,legitimate-linked,184524,CON-RES-2005-300,3,"MUSA MUHAMMAD ACICINGAM"
15588,3,legitimate-linked,184528,"KNML 1914",KANGIS,"MUSA MUHAMMAD ACICINGAM"
15588,3,legitimate-linked,29387,CON-RES-1987-481,3,"MR.V.ADEKUNLE JOHNSON"
6652,3,legitimate-linked,20336,RES-1992-3101,2,"ABDULLAHI MOHD DARMA"
6652,3,legitimate-linked,184840,COM-2018-14,1,"ALHAJI LABARAN NA KYAUTA"
6652,3,legitimate-linked,196202,COM-RC-2004-2,1,"ALH. LABARAN NA KYAUTA"
18933,3,legitimate-linked,179177,IND-1991-4,1,"ULTIMATE GAS AND PRODUCTS"
18933,3,legitimate-linked,179241,"MLKN 591_1",KANGIS,"ULTIMATE GAS LIMITED"
18933,3,legitimate-linked,32738,CON-COM-1998-57,3,"BARKIDI OIL NIGERIA LIMITED"
1403,3,legitimate-linked,175258,COM-1993-86,1,"GOLD AND SILVER INTERNATIONAL SUITE LIMITED"
1403,3,legitimate-linked,175299,"MLKN 211",KANGIS,"T-RELIANCE GLOBAL RESOURCES LIMITED"
1403,3,legitimate-linked,15065,RES-1981-882,1,"ALHAJI GAMBO NA KAUSU"
4075,3,legitimate-optot,17749,RES-1992-4078,2,"HAJIYA BINTA DANBABA"
4075,3,legitimate-optot,176089,COM-2015-421,1,"RUFA'I SULE BICHI"
4075,3,legitimate-optot,176146,"MLKN 2720",KANGIS,"RUSBI AGRICULTURAL PROCESSING COMPANY LIMITED"
161677,3,legitimate-linked,185088,DCIV-2026-303,DCIV,"B.I SALISU CHAMBERS"
161677,3,legitimate-linked,185751,,2,"HAMZA GAMBO"
161677,3,legitimate-linked,186022,DCIV-2025-484,DCIV,"HAJIYA BARIRA MUHAMMAD NATA'ALA"
10508,3,collision,172932,,3,"WATSONS BAKERY NIG LTD"
10508,3,collision,172941,"MLKN 32",KANGIS,"WATSONS BAKERY NIG LTD"
10508,3,collision,24211,CON-RES-1988-142,3,"ALH. UMARU SARKI MAISANGO & HAMISU MAISANGO"
10942,3,legitimate-linked,24646,CON-RES-1988-225,3,"ALHAJI IBRAHIM AHMED"
10942,3,legitimate-linked,197180,CON-RES-1981-46,3,"YANKABA INVESTMENT NIG LTD"
10942,3,legitimate-linked,197191,"KNML 9483",KANGIS,"YANKABA INVESTMENT NIG LTD"
8576,3,legitimate-linked,88299,CON-RES-2026-2924,3,"NATA'ALA PROPERTIES & INVESTMENT LIMITED"
8576,3,legitimate-linked,22275,CON-RES-1982-515,3,"FRANCIS CHUKWUDI AGWE"
8576,3,legitimate-linked,197525,CON-COM-2003-118,3,"NATA'ALA PROPERTIES & INVESTMENT LIMITED"
18935,3,legitimate-linked,32740,CON-COM-1998-59,3,"PAKI UNITED TRADING & TRANSPORT LTD"
18935,3,legitimate-linked,195017,IND-1991-52,1,"CROWN LEATHER COMPANY LTD"
18935,3,legitimate-linked,195068,KN3535,KANGIS,"CROWN LEATHER COMPANY LTD"
56460,3,legitimate-linked,168673,RES-2016-1790,2,"NASIDI A G/DUTSE"
56460,3,legitimate-linked,168710,COM-2020-17,1,"ALH NASIDI ABUBAKAR"
56460,3,legitimate-linked,168730,"MLKN 2783",KANGIS,"ALH NASIDI ABUBAKAR"
18924,3,legitimate-linked,32729,CON-COM-1998-29,3,"ALHAJI HARUNA IBRAHIM"
18924,3,legitimate-linked,181341,IND-1991-10,1,"HK IMPERIO NIGERIA LIMITED"
18924,3,legitimate-linked,181371,"MLKN 770",KANGIS,"CMYK PRINTING NIG LTD"
6543,3,legitimate-optot,20227,RES-1982-1347,1,"ALH SANI ALHASSAN"
6543,3,legitimate-optot,189751,COM-2012-86,1,"ALH. DALHA GARBA"
6543,3,legitimate-optot,189760,KN4283,KANGIS,"ALH. DALHA GARBA"
6104,3,legitimate-linked,19782,CON-RES-RC-1982-648,3,"ALHAJI ABDULKADIR BELLO"
6104,3,legitimate-linked,172504,CON-COM-2016-173,3,"DANTATA&SAWOE CONSTRUCTION COMPANY NIG LTD"
6104,3,legitimate-linked,172523,"MLKN 1582",KANGIS,"DANTTA & SAWOE CONSTRUCION COMPANY"
148770,3,legitimate-linked,174052,"KNML 3143_1_2",KANGIS,"SAMINU KHALID ABDULLAHI"
148770,3,legitimate-linked,172211,CON-RES-2014-763,3,"SAMINU  KHALID ABDULLAHI"
148770,3,legitimate-linked,172216,"KNML 3143_1_1",KANGIS,"SAMINU  KHALID ABDULLAHI"
19430,3,legitimate-optot,172916,IND-RC-1982-17,1,"ANGEL SPINING & DYEING LIMITED"
19430,3,legitimate-optot,173011,"MLKN 558",KANGIS,"ANGEL SPINNING & DYEING LIMITED"
19430,3,legitimate-optot,33235,CON-RES-1994-485,3,"ALH SANI USMAN"
11240,3,legitimate-linked,24944,CON-RES-1982-542,3,"NASIRU USMAN HAMZA"
11240,3,legitimate-linked,186468,CON-RES-1982-1384,3,"MUHAMMED AMINU KANI"
11240,3,legitimate-linked,186488,"KNML 263",KANGIS,"MUHAMMED AMINU KANI"
17948,3,legitimate-optot,31752,CON-COM-1984-125,3,"MR. AUGUSTINE EDOSA"
17948,3,legitimate-optot,186787,CON-RES-RC-1982-175,3,"BASHIR HAYATU ABUBAKAR"
17948,3,legitimate-optot,186809,"KNML 271",KANGIS,"BASHIR HAYATU ABUBAKAR"
1687,3,legitimate-linked,181853,COM-1997-207,1,"ARMADA INTERNATIONAL LTD"
1687,3,legitimate-linked,182245,"MLKN 2204",KANGIS,"ARMADA INTERNATIONAL LTD"
1687,3,legitimate-linked,15350,RES-1981-1046,1,"ALHAJI BASHIR GARBA"
132576,3,legitimate-linked,188135,CON-RES-2014-20,3,"ALH ABUBAKAR ABDU"
132576,3,legitimate-linked,188157,CON-RES-1982-1207,3,"ALH ABUBAKAR ABDU"
132576,3,legitimate-linked,188163,"KNML 2886",KANGIS,"ALH ABUBAKAR ABDU"
4080,3,legitimate-optot,17754,RES-1992-4086,2,"RABIU LADODO"
4080,3,legitimate-optot,175579,COM-2015-433,1,"RUFA'I SULE BICHI"
4080,3,legitimate-optot,175585,"MLKN 2721",KANGIS,"RUSBI AGRICULTURAL PROCESSING COMPANY LIITED"
5181,3,legitimate-linked,18857,RES-1992-6671,2,"MUHAMMAD TUKUR HOTORO"
5181,3,legitimate-linked,196582,COM-2022-592,1,"ORIZU CHRISTIAN OLUCHUKWU"
5181,3,legitimate-linked,196608,"MLKN 4502",KANGIS,"ORIZU CHRISTIAN OLUCHUKWU"
13748,3,legitimate-linked,27525,RES-1991-590,1,"UMAR ABDU MARIRI"
13748,3,legitimate-linked,188039,CON-RES-1990-297,3,"YUSUF ABDULMUMIN"
13748,3,legitimate-linked,188283,"KNML 8141",KANGIS,"YUSUF ABDULMUMIN"
4267,3,legitimate-optot,17942,RES-1992-3906,2,"DAYEKH H. MUSTAPHA MR"
4267,3,legitimate-optot,168151,COM-2016-243,1,"ALI KIME MOHAMMED"
4267,3,legitimate-optot,168167,KN5046,KANGIS,"ALI KIME MOHAMMED"
11046,3,legitimate-linked,24750,CON-RES-1985-466,3,"MUHAMMAD ABUBAKAR"
11046,3,legitimate-linked,181056,CON-RES-1981-9,3,"ALHAJI BATURE YAKUBU"
11046,3,legitimate-linked,181073,"KNML 1702",KANGIS,"ALHAJI BATURE YAKUBU"
14570,3,legitimate-linked,183269,CON-RES-1995-190,3,"DALHATU ABUBAKAR ISAH"
14570,3,legitimate-linked,183271,"KNML 1927",KANGIS,"DALHATU ABUBAKAR ISAH"
14570,3,legitimate-linked,28357,RES-1992-7361,2,"UMARU ALI"
4074,3,legitimate-optot,17748,RES-1992-4077,2,"HAJIYA BINTA DANBABA"
4074,3,legitimate-optot,175507,COM-2015-420,1,"RUSBI AGRICULTURAL PROCESSING COMPANY LTD"
4074,3,legitimate-optot,175519,"MLKN 2722",KANGIS,"RUFA'I SULE BICHI"
60382,3,legitimate-linked,172780,"KNML 8853",KANGIS,"BELLO SANI AMINU"
60382,3,legitimate-linked,171081,RES-2020-1361,2,"BELLO SANI AMINU"
60382,3,legitimate-linked,171083,KN8853,KANGIS,"BELLO SANI AMINU"
4293,3,legitimate-linked,17968,RES-1992-3970,2,"SHARU KANKAROFI"
4293,3,legitimate-linked,195577,COM-2016-292,1,"DANKULLU VENTURES NIGERIA LIMITED"
4293,3,legitimate-linked,195588,"MLKN 1778",KANGIS,"DANKULLU VENTURES NIGERIA LIMITED"
18537,3,legitimate-optot,32342,CON-RES-1987-1112,3,"A. ADO SANI AMADU"
18537,3,legitimate-optot,174950,CON-RES-RC-1984-28,3,"ALH. ISMA'ILA ABDULLAHI YUSUF"
18537,3,legitimate-optot,174965,KN5486,KANGIS,"ALH. ISMA'ILA ABDULLAHI YUSUF"
4402,3,legitimate-linked,18077,CON-AG-1985-150,3,"ALHAJI GAMBO IBRAHIM"
4402,3,legitimate-linked,170473,"MLKN 2524",KANGIS,"ALHAJI BARA'U ABDULRAHMAN"
4402,3,legitimate-linked,170352,COM-2017-15,1,"ALHAJI MUHAMMAD NASIRU HAMZA"
10778,3,legitimate-linked,181238,CON-RES-1981-189,3,"SAAD ASAD MUHAMMAD"
10778,3,legitimate-linked,181280,"KNML 1281",KANGIS,"SALEEM MOHAMMAD ASAD"
10778,3,legitimate-linked,24481,CON-RES-1987-176,3,"ALHAJI SALISU ISA"
9555,3,legitimate-linked,190381,CON-COM-2014-13,3,"KANO FASHION CITY"
9555,3,legitimate-linked,190412,"MLKN 1099",KANGIS,"KANO FASHION CITY"
9555,3,legitimate-linked,23257,RES-1992-7109,2,"UMARU DAN DAUDA"
3094,3,legitimate-linked,16764,CON-AG-1982-211,3,"ALHAJI MALLAM KAWU"
3094,3,legitimate-linked,186975,COM-2008-132,1,"ABDULLAHI A SARKI"
3094,3,legitimate-linked,186985,KN889,KANGIS,"ABDULLAHI SARKI"
7497,3,legitimate-linked,183401,CON-AG-2008-50,3,"ALH BELLO GARBA JA'EN"
7497,3,legitimate-linked,144759,CON-COM-2026-546,3,"ALH BELLO GARBA JA'EN"
7497,3,legitimate-linked,21188,RES-1992-4239,2,"MUTARI YARO"
3417,3,legitimate-linked,17088,RES-1982-356,1,"ALHAJI ISYA IBRAHIM GUMEL"
3417,3,legitimate-linked,178551,"MLKN 4554",KANGIS,"SA'AD SHITU SHARUBUTU."
3417,3,legitimate-linked,178485,COM-2010-214,1,"SA'AD SHITU SHARUBUTU."
17608,3,legitimate-linked,31411,CON-RES-1997-364,3,"ALHAJI ABDULRAHMAN ADO BAYERO"
17608,3,legitimate-linked,186231,KN4530,KANGIS,"MURTALA ABDULLAHI JEGA"
17608,3,legitimate-linked,189514,KN4583,KANGIS,"MURTALA ABDULLAHI JEGA"
16340,3,legitimate-linked,30139,CON-RES-1991-194,3,"ALHAJI ALHASSAN SULE"
16340,3,legitimate-linked,188802,CON-RES-2010-203,3,"OLAWALE FATOKUN"
16340,3,legitimate-linked,188821,"KNML 2460",KANGIS,"OLAWALE FATOKUN"
17918,3,legitimate-linked,31722,CON-IND-1984-10,3,"ALHAJI SIR MUHAMMADU SANUSI"
17918,3,legitimate-linked,185723,CON-COM-2023-390,3,"AYMAN JAMMAL"
17918,3,legitimate-linked,185728,"MLKN 4387",KANGIS,"AYMAN JAMMAL"
18910,3,legitimate-linked,174857,IND-1989-19,1,"HAMZA ABDULLAHI UMAR"
18910,3,legitimate-linked,174875,KN959,KANGIS,"HAMZA ABDULLAHI UMAR"
18910,3,legitimate-linked,32715,CON-RES-1996-106,3,"MUHAMMAD MUHAMMAD"
17535,3,legitimate-linked,191916,KN5172,,"MURTALA ABDULLAHI JEGA"
17535,3,legitimate-linked,191918,KN4592,,"MURTALA ABDULLAHI JEGA"
17535,3,legitimate-linked,31338,CON-RES-1995-483,3,"ALHAJI MAHMOUD ABUBAKAR LIMAN"
24959,3,legitimate-linked,181216,RES-2011-2311,2,"NURA AHMED"
24959,3,legitimate-linked,181242,RES-RC-1982-299,1,"NURA AHMED"
24959,3,legitimate-linked,181271,"KNML 1234",KANGIS,"ALI EL-HAGE"
7949,3,legitimate-linked,180892,CON-COM-1984-6,3,"VICINANZA CONSTRUCTIONS LIMITED"
7949,3,legitimate-linked,180908,"MLKN 1171",KANGIS,"ALPEN CONSTRUCTION COMPANY"
7949,3,legitimate-linked,21642,RES-1992-4778,2,"ABDULSALAM RABIU"
1860,3,legitimate-linked,169208,COM-1999-47,1,"ULTIMATE GAS LTD"
1860,3,legitimate-linked,15523,RES-1992-1534,2,"ALHAJI ABDU GARBA"
1860,3,legitimate-linked,169287,KN3920,KANGIS,"ULTIMATE GAS LIMITED"
3879,3,legitimate-linked,175441,COM-2014-140,1,"BASHIR ABDULLAHI YAKUDIMA"
3879,3,legitimate-linked,175462,"MLKN 1086",KANGIS,"BASHIR ABDULLAHI YAKUDIMA"
3879,3,legitimate-linked,17553,CON-RES-1994-614,3,"ALHAJI SANI MU'AWIYYA"
18878,3,legitimate-linked,192362,RES-2009-4361,2,"MODERN PROGRESSIVE FOODS LIMITED"
18878,3,legitimate-linked,192367,RES-2009-4362,2,"MODERN PROGRESSIVE FOODS LIMITED"
18878,3,legitimate-linked,32683,CON-COM-1997-30,3,"A. A. WUDIL NIGERIA LTD"
4506,3,legitimate-linked,18181,RES-1992-5128,2,"ABDULKADIR DAUDA AHMED (KULIYA)"
4506,3,legitimate-linked,175531,COM-2018-181,1,"BALA KASA SULAIMAN NURA"
4506,3,legitimate-linked,175545,KN3149,KANGIS,"BALA KASA SULAIMAN NURA"
3337,3,legitimate-linked,17008,CON-COM-1986-31,3,"ALH SA'ADU ABUBAKAR TSANGAYAWA"
3337,3,legitimate-linked,195010,COM-2024-49,1,"ALH YUSUF SALISU ABDULLAHI"
3337,3,legitimate-linked,195022,KN1771,KANGIS,"ALH YUSUF SALISU ABDULLAHI"
175269,3,legitimate-linked,194759,RES-2014-2326,2,"ISAH USMAN GARBA"
175269,3,legitimate-linked,194788,KN885_1,KANGIS,"ISAH GARBA USMAN"
175269,3,legitimate-linked,194789,KN885_2,,"ISAH GARBA USMAN"
25426,3,legitimate-linked,185488,RES-2017-840,2,"CHUKUWUMA IKARA"
25426,3,legitimate-linked,185508,"KNML 4859",KANGIS,"CHUKUWUMA IKARA"
25426,3,legitimate-linked,47368,CON-RES-2008-27,3,"ISMAIL DALHAT ABDULLAHI"
7509,3,legitimate-linked,183338,CON-AG-2010-44,3,"UNIVERSAL AGRO PROCESSING"
7509,3,legitimate-linked,183349,"MLKN 813",KANGIS,"AL-AHFAD POLYTECHNIC LIMITED"
7509,3,legitimate-linked,21200,RES-1992-4252,2,"ALH BALA MAILALLE"
10584,3,legitimate-linked,24287,CON-RES-1988-497,3,"ALH. ABDULMUMINI HAMIDU"
10584,3,legitimate-linked,197222,CON-IND-2019-11,3,"BREEZE INDUSTRIES LIMITED"
10584,3,legitimate-linked,197236,KN3071,KANGIS,"BREEZE INDUSTRIES LIMITED"
18197,3,legitimate-linked,32001,CON-RES-1983-614,3,"MR OLUMUYIWA OPE"
18197,3,legitimate-linked,184570,CON-RES-RC-1982-472,3,"ALHAJI ISYAKU UMAR"
18197,3,legitimate-linked,184592,"KNML 1737",KANGIS,"ISYAKU UMAR TOFA"
2794,3,legitimate-linked,172292,COM-2005-101,1,"WADA ABDULLAHI KACHAKO"
2794,3,legitimate-linked,172307,"MLKN 360",KANGIS,"WADA ABDULLAHI KACHAKO"
2794,3,legitimate-linked,16464,CON-COM-1990-55,3,"TRIACTA NIGERIA LIMITED"
18711,3,collision,32516,CON-COM-RC-1981-14,3,"ALHAJI BALA TAKAI"
18711,3,collision,180476,,1,"LOQUAT CLASSIC NIG. LTD"
18711,3,collision,180477,,KANGIS,"LOQUAT CLASSIC NIG. LTD"
3160,3,legitimate-optot,181929,RES-2007-786,2,"M. SALISU MUHAMMAD B/MALAMI & OTHERS"
3160,3,legitimate-optot,16830,RES-1982-248,1,"ALHAJI ILIYASU MOHAMMED"
3160,3,legitimate-optot,180076,RES-2007-784,2,"M. SALISU MUHAMMAD B. MALAM & OTHERS"
5603,3,legitimate-optot,172873,COM-2025-584,1,"SALIHU BADAMASI ABDULLAHI"
5603,3,legitimate-optot,172878,KN4832,KANGIS,"SALIHU BADAMASI ABDULLAHI"
5603,3,legitimate-optot,19280,RES-1982-533,1,"SADI SHA'AIBU"
8461,3,legitimate-linked,175416,CON-COM-2000-29,3,"DANBIRNI PROPERTIES LTD"
8461,3,legitimate-linked,175418,KN2557,KANGIS,"DANBIRNI PROPERTIES LTD"
8461,3,legitimate-linked,22160,RES-1992-6091,2,"A BALA HARUNA TARAUNI"
11383,3,legitimate-linked,25087,CON-AG-1984-9,3,"ALHAJI ISMAILA MUHTARI"
11383,3,legitimate-linked,186976,CON-RES-1982-208,3,"ALH DANLAMI AUDU ZANGO"
11383,3,legitimate-linked,186980,"KNML 288",KANGIS,"ALH DANLAMI AUDU ZANGO"
9078,3,legitimate-linked,22779,CON-RES-1995-51,3,"ALHAJI YAHAYA BALA"
9078,3,legitimate-linked,187788,CON-COM-2009-307,3,"NASSAR DAYEKH"
9078,3,legitimate-linked,187810,"KNML 280",KANGIS,"NASSAR DAYEKH"
15945,3,legitimate-linked,176223,CON-RES-2008-247,3,"ABUBAKAR ZAKARI"
15945,3,legitimate-linked,176240,"KNML 108",KANGIS,"ABUBAKAR ZAKARI"
15945,3,legitimate-linked,29744,CON-COM-1989-50,3,"ALHAJI ABDU FREEMAN"
18421,3,legitimate-optot,32226,CON-RES-1987-212,3,"CHRISTIAN O. UCHENDU"
18421,3,legitimate-optot,173374,CON-RES-RC-1982-709,3,"MRS JULIANAH LAWSON"
18421,3,legitimate-optot,173415,"KNML 1200",KANGIS,"MRS JULIANAH LAWSON"
25443,3,legitimate-linked,182562,RES-2003-1509,2,"AHMAD YUSUF TAURA"
25443,3,legitimate-linked,182581,"KNML 910",KANGIS,"NPF PENSIONS LIMITED"
25443,3,legitimate-linked,47385,CON-RES-2008-1172,3,"ALHAJI BALA YARO INUWA"
16543,3,legitimate-linked,193620,CON-RES-2012-488,3,"MR ODO LINUS OKONWO"
16543,3,legitimate-linked,193634,"KNML 511",KANGIS,"MR ODO LINUS OKONWO"
16543,3,legitimate-linked,30343,CON-RES-1999-115,3,"ALH MUSTAPHA USMAN USMAN ABBAKAR"
1686,3,legitimate-linked,182805,COM-1997-206,1,"ARMADA INTERNATIONAL LTD"
1686,3,legitimate-linked,182819,"MLKN 2206",KANGIS,"ARMADA INTERNATIONAL LTD"
1686,3,legitimate-linked,15349,RES-1981-1045,1,"ADAMU ALKASSIM SHESHE"
9554,3,legitimate-linked,23256,RES-1992-7108,2,"UMARU DAN DAUDA"
9554,3,legitimate-linked,197379,CON-COM-2014-123,3,"ALMUSUL & SONS NIG LIMITED"
9554,3,legitimate-linked,197383,"MLKN 799_2",KANGIS,"DANSI ENERGY SERVICES LTD"
67140,3,legitimate-optot,196985,RES-RC-1984-204,1,"ALH ABDULLAHI A MINJIBIR"
67140,3,legitimate-optot,197054,"KNML 6474",,"ALH ABDULLAHI A MINJIBIR"
67140,3,legitimate-optot,197102,RES-2023-1436,2,"ALH ABDULLAHI A MINJIBIR"
16682,3,legitimate-linked,30482,CON-RES-1985-196,3,"ALHAJI UMARU DANBATTA"
16682,3,legitimate-linked,175534,CON-RES-2019-108,3,"EMMA GUSKU INTERNATIONAL LTD."
16682,3,legitimate-linked,175547,KN5074,KANGIS,"EMM GUSAU INTL LTD"
15653,3,legitimate-linked,29452,CON-RES-1982-179,3,"ADO KHALEEL"
15653,3,legitimate-linked,187954,CON-RES-2006-17,3,"MUHAMMED BADARU UMAR"
15653,3,legitimate-linked,187960,"KNML 2873",KANGIS,"MUHAMMED BADARU UMAR"
16518,3,legitimate-linked,193617,CON-RES-2012-22,3,"BABA A DANJUMA"
16518,3,legitimate-linked,193632,"KNML 513",KANGIS,"ALH BABA A DANJUMA"
16518,3,legitimate-linked,30318,CON-COM-1999-60,3,"YAHSAR VENTURES"
6156,3,legitimate-linked,175949,COM-2018-154,1,"OANDO NIGERIA PLC"
6156,3,legitimate-linked,19834,CON-RES-RC-1982-207,3,"ABDULKADIR MAIDUGU"
6156,3,legitimate-linked,196203,COM-RC-1982-413,1,"UNIPETROL NIG PLC"
153410,3,legitimate-linked,181800,KN5095,KANGIS,"MURTALA ABDULLAHI JEGA"
153410,3,legitimate-linked,177727,CON-RES-2023-7229,3,"FAIZU MUHAMMAD GALADIMA"
153410,3,legitimate-linked,187970,KN4554,KANGIS,"MURTALA ABDULLAHI JEGA"
147930,3,legitimate-linked,171151,RES-1998-310,2,"TAHIR FADALLAH"
147930,3,legitimate-linked,171183,COM-2003-517,1,"TAHIR GUEST PALACE"
147930,3,legitimate-linked,171195,"MLKN 387",KANGIS,"TAHIR GUEST PALACE"
10594,3,legitimate-linked,169523,CON-IND-2021-38,3,"JALAL FADEL SHAFIQ TAHA"
10594,3,legitimate-linked,171095,"MLKN 3388",KANGIS,"JALAL FADEL SHAFIQ TAHA"
10594,3,legitimate-linked,24297,CON-RES-1988-500,3,"UMAR MOHAMMED"
18942,3,legitimate-linked,32747,CON-COM-1998-73,3,"ALHAJI HAMZA SULE K/WAMBAI"
18942,3,legitimate-linked,170057,IND-1992-24,1,"ALH. HAMZA A. UMAR"
18942,3,legitimate-linked,170116,"MLKN 445",KANGIS,"HAMZA ABDULLAAHI UMAR"
13082,3,legitimate-optot,26855,RES-1991-173,1,"ALHAJI NUHU HABU DANBATTA"
13082,3,legitimate-optot,196917,CON-RES-1987-471,3,"NU'UMAN BARAU DANBATTA"
13082,3,legitimate-optot,196925,"KNML 8925",KANGIS,"NU'UMAN BARAU DANBATTA"
1210,3,legitimate-linked,14871,RES-1992-926,2,"HADIZA MUSA"
1210,3,legitimate-linked,169096,COM-1992-200,1,"A.G.Y.L. MERCHANDISE NIG LTD"
1210,3,legitimate-linked,169145,"MLKN 3625",KANGIS,"A.G.Y.L MERCHANDISE NIGERIA LTD"
7381,3,legitimate-optot,21071,CON-RES-1995-520,3,"ALHAJI YUSUF SALISU ABDULLAHI"
7381,3,legitimate-optot,177740,CON-AG-1994-38,3,"ALH BASHIR SUNUSI DANTATA"
7381,3,legitimate-optot,177749,"KNML 39_2",KANGIS,"ALH BASHIR SUNUSI DANTATA"
777,3,legitimate-linked,14437,RES-1992-790,2,"MRS TASIDI SAI'DU ZAKARI"
777,3,legitimate-linked,197899,COM-1986-133,1,"AMA-ZUMA OIL & GAS NIG LTD"
777,3,legitimate-linked,197929,"MLKN 3203",,"AMA-ZUMA OIL & GAS NIG LTD"
20852,3,legitimate-linked,193879,RES-RC-1990-16,1,"ALH ISA NA BABA AGBA"
20852,3,legitimate-linked,193898,"KNML 2124",KANGIS,"AMBASSADOR NURA ALIYU"
20852,3,legitimate-linked,34664,CON-RES-2004-164,3,"UMAR GARBA KOKI"
3418,3,legitimate-linked,17089,RES-1982-354,1,"IBRAHIM UMAR"
3418,3,legitimate-linked,195145,COM-2010-215,1,"DAN HAUSA NIG LTD"
3418,3,legitimate-linked,195181,"MLKN 4553",KANGIS,"SA'AD SHITU SHARUBUTU"
7748,3,legitimate-linked,195557,CON-COM-1982-167,3,"RUFA'I SULE BICHI"
7748,3,legitimate-linked,195558,"MLKN 4339",KANGIS,"RUFA'I SULE BICHI"
7748,3,legitimate-linked,21439,RES-1992-4507,2,"UMARU MAILAFIA"
16619,3,legitimate-linked,172004,CON-RES-2015-286,3,"ENGR DAU ADAMU ALIYU"
16619,3,legitimate-linked,172088,"KNML 3635_2",KANGIS,"ENGR DAU ADAMU ALIYU"
16619,3,legitimate-linked,30419,CON-IND-1985-2,3,"MAINASARA & SONS LTD"
4064,3,legitimate-linked,185309,COM-2015-388,1,"JAMILU ALI BALA GEN. ENT."
4064,3,legitimate-linked,185336,"MLKN 3755",KANGIS,"JAMILU ALI BALA GEN. ENT."
4064,3,legitimate-linked,17738,RES-1992-4064,2,"ALHAJI NAIYA"
10042,3,legitimate-linked,175444,CON-COM-2022-495,3,"MRS EBELE KATE DILINYELINE"
10042,3,legitimate-linked,23744,CON-AG-1984-161,3,"ALHAJI HUSAINI MOHAMMED"
10042,3,legitimate-linked,171619,KN4694,KANGIS,"MRS EBELE KATE DILINYELIBE"
778,3,legitimate-linked,14438,RES-1992-792,2,"SALISU IBRAHIM"
778,3,legitimate-linked,174850,COM-1986-135,1,"MR EMMANUEL NNAJI"
778,3,legitimate-linked,176316,KN3513,KANGIS,"MR. EMMANUEL NNAJI"
18135,3,legitimate-optot,181835,CON-RES-RC-1982-409,3,"AMINU MUDALLABI"
18135,3,legitimate-optot,181868,"KNML 9567",KANGIS,"AMINU MUDALLABI"
18135,3,legitimate-optot,31939,CON-RES-1982-820,3,"ALHAJI IBRAHIM DANWAKILI"
13846,3,legitimate-linked,193269,CON-RES-1991-176,3,"ALH AHMAD ABUBAKAR NA KURA"
13846,3,legitimate-linked,193286,"KNML 943",KANGIS,"ALHAJI AHMED ABUBAKAR NAKURA"
13846,3,legitimate-linked,27624,RES-1991-703,1,"KENNETH EDWARD GREY"
15589,3,legitimate-linked,184492,CON-RES-2005-301,3,"MUSA MUHAMMAD ACICINGAM"
15589,3,legitimate-linked,184494,"KNML 1915",KANGIS,"ALH SAHABI UMAR"
15589,3,legitimate-linked,29388,CON-RES-1987-480,3,"MADAM NIMATA SHOGE"
19388,3,legitimate-optot,33193,CON-RES-1994-384,3,"ALH USMAN SHEHU INUSA"
19388,3,legitimate-optot,176227,IND-RC-1982-128,1,"MAHAZA COMPANY LIMITED"
19388,3,legitimate-optot,176259,KN2940,KANGIS,"MAHAZA COMPANY LIMITED"
16321,3,legitimate-linked,189527,CON-RES-2010-168,3,"MR STEPHANE GALLET"
16321,3,legitimate-linked,189546,"KNML 7060",KANGIS,"MR STEPHANE GALLET"
16321,3,legitimate-linked,30120,CON-RES-1990-234,3,"AHMED ABDULLAHI"
5180,3,legitimate-linked,172266,COM-2022-591,1,"ALH MUHAMMAD SANI ABDULHAMID"
5180,3,legitimate-linked,172276,"MLKN 4506",KANGIS,"ALH MUHAMMAD SANI ABDULHAMID"
5180,3,legitimate-linked,18856,RES-1992-6670,2,"JAMILU MOHAMMED T/WADA"
132772,3,legitimate-linked,189701,DCIV-2026-420,DCIV,"KANO STATE JUDICIARY"
132772,3,legitimate-linked,189707,DCIV-2026-422,DCIV,"KANO STATE JUDICIARY"
132772,3,legitimate-linked,194935,DCIV-2026-387,DCIV,"KANO STATE JUDICIARY"
9625,3,legitimate-linked,169170,CON-COM-2015-263,3,"ALHAJI UMAR MUHAMMED DATALLAH"
9625,3,legitimate-linked,169189,"MLKN 3618",KANGIS,"ALHAJI UMAR MUHAMMED DATALLAH"
9625,3,legitimate-linked,23327,RES-1992-7314,2,"ADAMU ALI ABDULLAHI"
16429,3,legitimate-linked,30228,CON-RES-1993-14,3,"ALHASSAN BABA"
16429,3,legitimate-linked,186970,CON-RES-2010-94,3,"ALH ABDU SHEHU"
16429,3,legitimate-linked,186971,"KNML 2854",KANGIS,"MR GALLET STAPHANE"
10546,3,legitimate-linked,24249,CON-RES-1988-242,3,"WALTER WARIGON AHREY"
10546,3,legitimate-linked,173966,CON-IND-2008-14,3,"BALLY PLASTICS AND FOOTWEAR INDUSTRY (NIG) LTD"
10546,3,legitimate-linked,173981,"MLKN 30",KANGIS,"BALLY PLASTICS AND FOOTWEAR INDUSTRY (NIG) LTD"
9897,3,legitimate-linked,23599,CON-RES-1982-1054,3,"ALHAJI SULE ABUBAKAR"
9897,3,legitimate-linked,181918,CON-COM-2020-452,3,"ALHAJI IBRAHIM SANI YALO"
9897,3,legitimate-linked,185349,"MLKN 3579",KANGIS,"ALHAJI IBRAHIM SANI YALO"
2302,3,legitimate-optot,184007,COM-2002-1278,1,"ALH JAMILU SALISU SARKI"
2302,3,legitimate-optot,195942,DCIV-2026-432,,"ABBA AMINU SA'ID"
2302,3,legitimate-optot,15970,RES-1981-1784,1,"ABDULLAHI UMAR"
151076,3,legitimate-linked,174302,RES-2007-10,2,"SUNUSI SALISU"
151076,3,legitimate-linked,174305,"KNML 5914",KANGIS,"TAYYEB NA'ABBA"
151076,3,legitimate-linked,174306,"KNML 8681_2",KANGIS,"MUHD BASHIR ALHASSAN"
7831,3,legitimate-optot,21523,CON-RES-1982-302,3,"ISAAC DEJO AKANBI"
7831,3,legitimate-optot,196738,CON-COM-1982-60,3,"ALHAJI ABBAS LAWAL"
7831,3,legitimate-optot,196780,"MLKN 300",KANGIS,"MOHAMMAD SANI ABDULLAHI"
14382,3,legitimate-linked,28169,RES-1993-2138,2,"ALH INU ABDU"
14382,3,legitimate-linked,185528,CON-RES-1994-290,3,"ALH BADAMASI UBA JOGANA"
14382,3,legitimate-linked,185534,"KNML 1510",KANGIS,"ALH BADAMASI UBA JOGANA"
18985,3,legitimate-linked,32790,CON-RES-2005-134,3,"IBRAHIM ILU KURA"
18985,3,legitimate-linked,176331,IND-1997-20,1,"ALH. ABDULLAHI ADAMU DANGONGOLA."
18985,3,legitimate-linked,176333,KN3047,KANGIS,"ALH. ABDULLAHI ADAMU DANGONGOLA"
802,3,legitimate-linked,172285,COM-1986-197,1,"ALHAJI ALI AHMED"
802,3,legitimate-linked,172294,"MLKN 516",KANGIS,"ALHAJI ALI AHMED"
802,3,legitimate-linked,14462,CON-RES-1981-554,3,"ALHAJI MUHTARI UBA"
9730,3,legitimate-linked,170448,"MLKN 2502",KANGIS,"ALHASSAN ABDULKADIR DANTATA"
9730,3,legitimate-linked,23432,CON-RES-1984-529,3,"MRS FLORENCE ODULE"
9730,3,legitimate-linked,170356,CON-COM-2017-236,3,"ALHASSAN ABDULKADIR DANTATA"
9471,3,legitimate-linked,176000,KN2573,KANGIS,"PROFESSOR MUKHTAR A YUSUF"
9471,3,legitimate-linked,175560,CON-COM-2012-67,3,"PROFESSOR MUKHTAR A YUSUF"
9471,3,legitimate-linked,23173,RES-1992-7055,2,"M. BALA DAUDA"
7753,3,legitimate-linked,21444,RES-1992-4512,2,"MUSTAPHA MAILAFIA"
7753,3,legitimate-linked,170054,CON-COM-1982-178,3,"AMFUCO VENTURES & INDUSTRIES LIMITED"
7753,3,legitimate-linked,170120,"MLKN 1553",KANGIS,"AMFUCO VENTURES AND IND LTD"
4292,3,legitimate-linked,17967,RES-1992-3969,2,"ALHAJI SUNUSI ZUBAIRU"
4292,3,legitimate-linked,180729,COM-2016-29,1,"BAHA'UDDEEN MUHD. AL-AMEEN"
4292,3,legitimate-linked,180775,"MLKN 2150",KANGIS,"BAHA'UDDEEEN MUHAMMAD AL-AMEEN"
9617,3,legitimate-linked,173649,CON-COM-2015-197,3,"ADAMU S. ABUBAKAR ."
9617,3,legitimate-linked,174181,"MLKN 3353",KANGIS,"HAMZA ABDULLAHI UMAR"
9617,3,legitimate-linked,23319,RES-1992-7289,2,"GARBA FAGGE"
167764,3,legitimate-linked,189987,CON-RES-2013-569,3,"IBRAHIM SHUAIBU"
167764,3,legitimate-linked,189994,"KNML 2484_1",KANGIS,"IBRAHIM SHUAIBU"
167764,3,legitimate-linked,189995,"KNML 2484_2",KANGIS,"IBRAHIM SHUAIBU"
153955,2,legitimate-linked,189614,KN4582,KANGIS,"MURTALA ABDULLAHI JEGA"
153955,2,legitimate-linked,178293,CON-RES-2023-7346,3,"FAIZU MUHAMMAD GALADIMA"
151314,2,legitimate-linked,174552,CON-RES-2012-142,3,"ALH IDRIS HARUNA ZUBAIRU"
151314,2,legitimate-linked,174580,"KNML 1250",KANGIS,"ALH IDRIS HARUNA ZUBAIRU"
24050,2,collision,47017,CON-RES-2000-83,3,"ALHAJI MUHAMMADU DAUDA"
24050,2,collision,47067,CON-RES-1999-264,3,"ALH M.A USMAN"
148952,2,legitimate-linked,172308,CON-COM-2022-149,3,"ALHAJI ALI BALARABE GORA"
148952,2,legitimate-linked,172315,"MLKN 4561",KANGIS,"ALHAJI ALI BALARABE GORA"
63322,2,legitimate-linked,195073,RES-2025-171,2,"AHMAD AMINU DAWAKI"
63322,2,legitimate-linked,195085,KN2765,KANGIS,"AHMAD AMINU DAWAKI"
152129,2,legitimate-linked,175400,CON-AG-2023-70,3,"AHMAD YAHAYA IBRAHIM"
152129,2,legitimate-linked,175410,KN4426,KANGIS,"AHMAD YAHAYA IBRAHIM"
51479,2,legitimate-linked,187879,RES-2007-37,2,"GARBA MUSA DAN DALAMA"
51479,2,legitimate-linked,187899,"KNML 2405",KANGIS,"ALH GARBA MUSA DAN DALAMA"
155981,2,legitimate-linked,180303,RES-2000-3428,2,"MUSA BABA GUMAWA"
155981,2,legitimate-linked,180368,"KNML 1202",KANGIS,"MUSA BABA GUMAWA"
154834,2,legitimate-linked,179161,RES-2009-6021,2,"AIR COMM. ISYAKU UMAR"
154834,2,legitimate-linked,179171,KN4734,KANGIS,"AIR COMM. ISYAKU UMAR"
14020,2,collision,183177,CON-RES-1992-214,3,"ALH YUSUF TAYO"
14020,2,collision,27807,RES-1993-164,2,"YUSUF ALIKO"
30965,2,legitimate-linked,179637,RES-1985-586,1,"ALH KABIRU UBA ALI"
30965,2,legitimate-linked,179640,"KNML 1463",KANGIS,"ALH KABIRU UBA ALI"
47863,2,legitimate-linked,182703,RES-2000-970,2,"FAUZIYYA MUHAMMAD HASSAN"
47863,2,legitimate-linked,182709,KN4738,KANGIS,"FAUZIYYA MUHAMMAD HASSAN"
47292,2,legitimate-linked,192478,RES-2000-3826,2,"TIJJANI BASHIR MAHMOUD"
47292,2,legitimate-linked,192503,"KNML 349",KANGIS,"TIJJANI BASHIR MAHMOUD"
53677,2,legitimate-optot,180599,RES-2010-593,2,"MR. FRANCIS SOPURUCHI WILLIAMS MBAH"
53677,2,legitimate-optot,180620,"KNML 7082",KANGIS,"MR. FRANCIS SOPURUCHI WILLIAMS MBAH"
20666,2,collision,34476,CON-RES-1984-515,3,"MRS SUNDAY OCHICO OGBAH"
20666,2,collision,182957,RES-RC-1982-970,1,"HAJIYA RAKIYA SHARU BALARABE"
17588,2,legitimate-linked,31391,CON-RES-1997-165,3,"ALHAJI GUDA ABDULLAHI"
17588,2,legitimate-linked,186184,KN4538,KANGIS,"MURTALA ABDULLAHI JEGA"
11067,2,legitimate-optot,190750,CON-RES-1982-102,3,"ALH. TASI'U IBRAHIM"
11067,2,legitimate-optot,24771,CON-RES-1985-583,3,"EZE GABRIEL EMELOGU"
175858,2,legitimate-linked,195122,IND-RC-2023-1,1,"DANGADO PLASTIC LIMITED"
175858,2,legitimate-linked,195127,KN2462,KANGIS,"DANGADO PLASTIC LIMITED"
54529,2,legitimate-linked,177524,"MLKN 3095_2",KANGIS,"MUDATEX MUDASSIR & BROTHERS"
54529,2,legitimate-linked,177549,RES-2014-2831,2,"MUDATEX MUDASSIR & BROTHERS"
56062,2,legitimate-linked,192089,RES-2015-753,2,"MR IFEANYI EZE ASOIBE"
56062,2,legitimate-linked,192099,"KNML 3482",,"MR IFEANYI EZE ASOIBE"
157608,2,legitimate-linked,181743,RES-2014-1627,2,"ALH YAKUBU AMINU"
157608,2,legitimate-linked,181756,"KNML 1986",KANGIS,"YAKUBU AMINU"
55457,2,legitimate-optot,170119,RES-2015-4706,2,"SALEH HARUNA INUWA"
55457,2,legitimate-optot,170149,"KNML 4573",KANGIS,"SALEH HARUNA INUWA"
24041,2,collision,47008,CON-RES-1994-760,3,"AHMED MUHAMMED BILAL"
24041,2,collision,47058,CON-RES-1999-173,3,"IBRAHIM ISMAIL"
27203,2,legitimate-linked,197046,RES-1981-189,1,"HAUWA ALIYU"
27203,2,legitimate-linked,197070,"KNML 8604",KANGIS,"HAUWA ALIYU"
66837,2,legitimate-linked,169955,RES-RC-1983-139,1,"ALH MOHAMMED SANI SHARIFF"
66837,2,legitimate-linked,170022,KN4675,KANGIS,"ALH MOHAMMED SANI SHARIFF"
170677,2,legitimate-linked,191449,RES-2008-5301,2,"ZUWAIRA ZAKARI YA'U"
170677,2,legitimate-linked,191451,"KNML 1622",KANGIS,"ZUWAIRA ZAKARI YA'U"
17490,2,collision,185457,KN5437,KANGIS,"MURTALA ABDULLAHI JEGA"
17490,2,collision,31293,CON-COM-1995-83,3,"NIGERIAN INTERPRISES"
61111,2,legitimate-linked,180286,KN3238,KANGIS,"MEENAL YAKUBU MUSA"
61111,2,legitimate-linked,180050,RES-2022-337,2,"MEENAL YAKUBU MUSA"
164341,2,legitimate-linked,187169,RES-2010-1019,2,"DAHIRU & MAL SHEHU"
164341,2,legitimate-linked,187173,"KNML 1571",KANGIS,"ABDULHAYAT MUHAMMAD UMAR"
17431,2,collision,31234,CON-RES-1995-453,3,"ALH. ALI BALA"
17431,2,collision,184393,KN5454,KANGIS,"MURTALA ABDULLAHI JEGA"
154125,2,legitimate-linked,178477,RES-2012-1823,2,"FLOUR MILLS OF NIGERIA PLC"
154125,2,legitimate-linked,178521,"KNML 5005",KANGIS,"FLOUR MILLS OF NIGERIA PLC"
154342,2,legitimate-linked,178644,RES-2021-1598,2,"MUSA AHMAD"
154342,2,legitimate-linked,178688,KN3929,KANGIS,"MUSA AHMAD."
35295,2,legitimate-linked,187391,RES-1990-2339,1,"ALH MOHAMMAD MUSA SHEHU"
35295,2,legitimate-linked,187404,"KNML 277",KANGIS,"ALH MOHAMMAD MUSA SHEHU"
145257,2,legitimate-linked,168168,CON-RES-2003-93,3,"ALH SADI ABDU"
145257,2,legitimate-linked,168186,"KNML 3714",KANGIS,"ALH SADI ABDU"
2773,2,collision,16443,CON-AG-1982-269,3,"ALHAJI SAIDU ALHASAN"
2773,2,collision,171681,COM-2004-75,1,"CHINIGE TECH. SERVICE LTD"
13079,2,collision,182494,KN3009,KANGIS,"NKEIRUKA OKOLI"
13079,2,collision,26852,RES-1991-169,1,"BINTA F. NURAINI"
156500,2,legitimate-linked,180890,RES-1992-2403,2,"DR SANDA MOHAMMED"
156500,2,legitimate-linked,180896,"KNML 1496",KANGIS,"ABDULLAHI UMAR SANDA"
166178,2,legitimate-linked,188863,CON-RES-2017-414,3,"ENGR (DR) KAFILU BARAU DANBATTA"
166178,2,legitimate-linked,188864,"KNML 5627",KANGIS,"ENGR (DR) KAFILU BARAU DANBATTA"
4160,2,legitimate-linked,170275,"MLKN 3358",KANGIS,"SADDI KEMIL YAU YAU KAZAURE & SONS"
4160,2,legitimate-linked,17834,CON-RES-1993-284,3,"ALH. MUHAMMAD USMAN RIMI"
51010,2,legitimate-linked,171520,RES-2006-1480,2,"AUWALU HASSAN YOLA"
51010,2,legitimate-linked,171539,"KNML 8986",KANGIS,"AUWALU HASSAN YOLA"
64895,2,legitimate-optot,182054,RES-RC-1981-317,1,"DAU ADAMU ALIYU"
64895,2,legitimate-optot,182062,"KNML 1994",KANGIS,"DAU ADAMU ALIYU"
17422,2,collision,31225,CON-RES-1995-288,3,"IBRAHIM JIRIN"
17422,2,collision,185288,KN5438,KANGIS,"MURTALA ABDULLAHI JEGA"
37737,2,legitimate-linked,188837,RES-2008-4676,2,"MUKHTARI A.S DANTATA"
37737,2,legitimate-linked,188896,RES-2008-4677,2,"MUKHTARI A. S. DANTATA"
17637,2,legitimate-linked,31440,CON-RES-1994-335,3,"ALHAJI SABO LAWAN KABARA"
17637,2,legitimate-linked,189530,KN4614,KANGIS,"MURTALA ABDULLAHI JEGA"
4230,2,collision,17905,RES-1992-3834,2,"ALHAJI ABBAS SARKIN HAUSAWA"
4230,2,collision,179484,COM-2016-174,1,"AMINU SANI KABARA"
150854,2,legitimate-linked,174113,RES-2013-532,2,"BABALE AND KASIMU DANLAMI"
150854,2,legitimate-linked,174533,KN3869,KANGIS,"BABALE AND KASIMU DANLAMI"
44107,2,legitimate-optot,180366,RES-1995-3081,2,"GAMBO M SHAMSUDEEN"
44107,2,legitimate-optot,180398,"KNML 1478",KANGIS,"ZAINAB MUHD ABDULLAHI"
6456,2,collision,20139,CON-AG-1986-2,3,"MESSR J R FARMS (NIG) LTD"
6456,2,collision,180021,COM-RC-1982-318,1,"ALHAJI ABDULLAH GASHASH"
7037,2,collision,192557,CON-AG-1982-560,3,"ALHAJI SANI ALI"
7037,2,collision,20723,CON-RES-1995-243,3,"ALH. SADISU A U"
1016,2,collision,181849,RES-RC-1982-1401,1,"DE FRIENDSHIP CATERING SERVICE"
1016,2,collision,14677,RES-1992-988,2,"SANI TASIU MAITANGARAN"
10137,2,collision,175057,KN5052,KANGIS,"ISYAKU IBRAHIM TSURUTAWA"
10137,2,collision,23839,CON-RES-1983-311,3,"ALHAJI UMARU SABON GARI"
24035,2,collision,47002,CON-RES-1999-76,3,"SHARIF HAMISU BABA"
24035,2,collision,47051,CON-RES-1998-270,3,"ALH HAMISU MUSA"
149972,2,legitimate-linked,173307,CON-COM-2023-510,3,"NASLINA VENTURES AND SERVICE LTD"
149972,2,legitimate-linked,173308,KN3172,KANGIS,"NASLINA VENTURES AND SERVICE LTD"
6025,2,collision,19702,RES-1992-2829,2,"UMAR YAHAYA"
6025,2,collision,185290,COM-RC-1982-277,1,"ALH BUKAR BOLORI"
27157,2,legitimate-linked,186834,RES-1981-1760,1,"DANLAMI MOHAMMED ABUBAKAR"
27157,2,legitimate-linked,186839,"KNML 1550",KANGIS,"DANLAMI MOHAMMED ABUBAKAR"
112438,2,legitimate-linked,169086,CON-RES-2022-97,3,"ABDULLAHI SHEHU AYAGI"
112438,2,legitimate-linked,169102,KN3660,KANGIS,"ABDULLAHI SHEHU AYAGI"
178419,2,legitimate-linked,197105,CON-COM-2023-623,3,"HAFIZ ABUBAKAR RINGIM"
178419,2,legitimate-linked,197107,KN985,KANGIS,"HAFIZ ABUBAKAR RINGIM"
40326,2,legitimate-linked,186222,RES-1992-6392,2,"ABDULRAHAMAN MOHAMMED"
40326,2,legitimate-linked,186239,"KNML 8599",KANGIS,"ABDULRAHAMAN MOHAMMED"
26854,2,collision,178215,,1,"AL-BASHOMA NIGERIA LIMITED"
26854,2,collision,178271,"KNML 1919",KANGIS,"AL-BASHOMA NIGERIA LIMITED"
19081,2,collision,181440,"MLKN 2769",KANGIS,"KURA BROTHERS NIG. LTD"
19081,2,collision,32886,CON-RES-2003-128,3,"DR. MOHAMMED DUHU"
151714,2,legitimate-linked,174939,CON-COM-2023-496,3,"REAR ADMIRAL MURTALA MARMONI BASHIR"
151714,2,legitimate-linked,174962,KN5459,KANGIS,"REAR ADMIRAL MURTALA MARMONI BASHIR"
19872,2,collision,33677,CON-RES-1987-1256,3,"ALHAJI SANI BABA"
19872,2,collision,179972,COM-RC-1982-501,1,"ALHAJI AMINU DANTATA"
145401,2,legitimate-linked,168350,RES-2021-2401,2,"YAKUBU DANTANI"
145401,2,legitimate-linked,168360,"KNML 8524",KANGIS,"YAKUBU DANTANI"
148796,2,legitimate-linked,172239,RES-2010-2596,2,"ALH. ABDULLAHI SAMBO."
148796,2,legitimate-linked,172242,KN3844,KANGIS,"ALH. ABDULLAHI SAMBO."
179787,2,legitimate-linked,198257,CON-COM-2021-27,3,"ABDULKARIM MUSA"
179787,2,legitimate-linked,198288,"MLKN 4337",KANGIS,"ABDULKARIM MUSA"
17630,2,legitimate-linked,190342,KN5240,KANGIS,"MURTALA ABDULLAHI JEGA"
17630,2,legitimate-linked,31433,CON-RES-1994-320,3,"ALHAJI SABO LAWAN KABARA"
148865,2,legitimate-linked,172269,CON-RES-2023-3878,3,"FAUZIYYA BUBA IDRIS"
148865,2,legitimate-linked,172271,KN2613,KANGIS,"FAUZIYYA BUBA IDRIS"
47923,2,legitimate-linked,175932,RES-2001-1740,2,"KAWU MUHAMMAD MA'AJI"
47923,2,legitimate-linked,175950,"KNML 1239",KANGIS,"KAWU MUHAMMAD MA'AJI"
146941,2,legitimate-linked,170017,CON-AG-2021-173,3,"ISYAKU AUWALU"
146941,2,legitimate-linked,170039,"MLKN 3891",KANGIS,"ISYAKU AUWALU"
153374,2,legitimate-linked,177688,CON-RES-2023-7277,3,"FAIZU MUHAMMAD GALADIMA"
153374,2,legitimate-linked,189446,KN5237,KANGIS,"MURTALA ABDULLAHI JEGA"
24048,2,collision,47015,CON-RES-2000-122,3,"HON. JUSTICE MOHD SHEHU"
24048,2,collision,47065,CON-RES-1999-184,3,"ALHAJI IBRAHIM SANI"
17466,2,collision,31269,CON-COM-1995-9,3,"ALHAJI SHEHU ABUBAKAR"
17466,2,collision,185512,KN5386,KANGIS,"MURTALA ABDULLAHI JEGA"
55410,2,legitimate-optot,171009,RES-2015-4551,2,"AMINU ABDULLAHI ARDO"
55410,2,legitimate-optot,171029,KN4589,KANGIS,"AMINU ABDULLAHI ARDO"
67266,2,legitimate-linked,183273,RES-RC-1985-13,1,"ALH MAMUDA YAKASAI"
67266,2,legitimate-linked,183299,"KNML 9498",KANGIS,"ALH MUSA  MALLAHA"
148329,2,legitimate-linked,172351,LPCC-2017-336,DCIV,"MUSTAPHA UMAR"
148329,2,legitimate-linked,171688,RES-2002-6479,2,"ALH. UMAR MAISALULA"
175293,2,legitimate-linked,194781,CON-COM-2024-208,3,"AMINU SALEH"
175293,2,legitimate-linked,194787,KN5359,KANGIS,"AMINU SALEH"
31277,2,legitimate-linked,181318,RES-1986-146,1,"ALI MOHAMMED ALI"
31277,2,legitimate-linked,181333,"KNML 2577",KANGIS,"ALI MOHAMMED ALI"
115466,2,legitimate-linked,169162,CON-COM-2021-679,3,"SADAM ALI MUHAMMAD"
115466,2,legitimate-linked,169199,KN3108,KANGIS,"SADAM ALI MUHAMMAD"
55542,2,legitimate-optot,181702,RES-2015-4911,2,"YUSUF MAITAMA ABUBAKAR"
55542,2,legitimate-optot,181728,"KNML 3891",KANGIS,"YUSUF MAITAMA ABUBAKAR"
171180,2,legitimate-linked,191852,CON-AG-2021-64,3,"AUWALU ALI ABDULLAHI"
171180,2,legitimate-linked,191913,"MLKN 4391",KANGIS,"AUWALU ALI ABDULLAHI"
156164,2,legitimate-linked,180469,CON-IND-2022-67,3,"SADEEP MANGOTRA"
156164,2,legitimate-linked,180470,"MLKN 3710",KANGIS,"SADEEP MANGOTRA"
145223,2,legitimate-optot,168121,RES-2015-4672,2,"ABDULLAHI ADO BAYERO"
145223,2,legitimate-optot,168122,"KNML 4055",KANGIS,"ABDULLAHI ADO BAYERO"
178699,2,legitimate-linked,197332,CON-RES-2015-65,3,"NU'UMAN BARA'U DANBATTA"
178699,2,legitimate-linked,197347,"KNML 6067",KANGIS,"NU'UMAN BARAU DANBATTA"
163652,2,legitimate-linked,186652,COM-2014-76,1,"USMAN RABIU DAN SUTTUR"
163652,2,legitimate-linked,186655,"MLKN 1235",KANGIS,"USMAN RABIU DAN SUTTUR"
6114,2,legitimate-optot,176246,COM-RC-1982-372,1,"ALH. KASSIM UMAR"
6114,2,legitimate-optot,19792,CON-RES-RC-1982-64,3,"AHMED TUKUR"
156945,2,legitimate-linked,181260,CON-RES-2023-7327,3,"FAIZU MUHAMMAD GALADIMA"
156945,2,legitimate-linked,181273,KN4780,KANGIS,"MRTALA ABDULLAHI JEGA"
176371,2,legitimate-linked,195565,CON-RES-2014-333,3,"NAZIFI IDRIS GARBA"
176371,2,legitimate-linked,195566,"KNML 3565",KANGIS,"NAZIFI IDRIS GARBA"
24046,2,collision,47013,CON-RES-1997-267,3,"ALHAJI RASLAN GAGARE"
24046,2,collision,47063,CON-RES-1999-186,3,"KABIRU SANI YAKASAI"
154451,2,legitimate-linked,178741,RES-2000-2752,2,"SANI RABI'U"
154451,2,legitimate-linked,178791,"KNML 1210",KANGIS,"SANI RABI'U"
166984,2,legitimate-linked,189422,RES-2014-67,2,"HAMISU RABI'U JINGAU"
166984,2,legitimate-linked,189442,KN3789,KANGIS,"HAMISU RABI'U JINGAU"
24045,2,collision,47012,CON-RES-1997-259,3,"MALLAM YUSUF ZUBAIRU"
24045,2,collision,47062,CON-RES-1999-183,3,"ALH HARUNA ISAH"
176193,2,legitimate-linked,195383,COM-2021-457,1,"ABDULAZIZ ADAMU"
176193,2,legitimate-linked,195388,"MLKN 4485",KANGIS,"ABDULAZIZ ADAMU"
51491,2,legitimate-linked,183193,RES-2007-416,2,"BILKISU A LAMIDO"
51491,2,legitimate-linked,183290,"KNML 7165",KANGIS,"BILKISU AHMAD LAMIDO"
145638,2,legitimate-linked,168615,RES-2003-2209,2,"ENGR. MOHD SARKI BELLO"
145638,2,legitimate-linked,170297,DCIV-2026-234,DCIV,"NASIR ABDU DANGIRI, SAN & CO"
18125,2,legitimate-linked,31929,CON-RES-1982-1359,3,"ALHAJI KASSIM YAKASAI"
18125,2,legitimate-linked,188329,CON-RES-RC-1982-40,3,"TOTAL NIGERIA PLC"
17237,2,collision,23551,CON-RES-1982-623,3,"HALADU ISA"
17237,2,collision,31040,CON-RES-RC-1982-215,3,"ALHAJI ZAKARI MAIGORO"
42193,2,legitimate-linked,189374,RES-1993-8239,2,"HASSAN MUHAMMED"
42193,2,legitimate-linked,189381,"KNML 2462",KANGIS,"HASSAN MUHAMMED"
164440,2,legitimate-linked,187300,CON-RES-2014-25,3,"MUHAMMAD NAFI'U LAWAN"
164440,2,legitimate-linked,187331,KN1782,KANGIS,"MUHAMMAD NAFI'U LAWAN"
32927,2,legitimate-linked,185678,RES-1988-1053,1,"ABUBAKAR YUSUF"
32927,2,legitimate-linked,185696,"KNML 9383",KANGIS,"ABUBAKAR YUSUF"
165992,2,legitimate-linked,188698,COM-2025-67,1,"MUSA HARUNA TAHIR"
165992,2,legitimate-linked,188714,KN4122,KANGIS,"MUSA HARUNA TAHIR"
58168,2,legitimate-linked,185256,RES-2018-2897,2,"SENATOR BELLO HAYATU GWARZO"
58168,2,legitimate-linked,185286,"KNGP 261",KANGIS,"SENATOR BELLO HAYATU GWARZO"
30871,2,legitimate-linked,182094,RES-1985-429,1,"HALIMA ABUBAKAR MAHE"
30871,2,legitimate-linked,182121,"KNML 1709",KANGIS,"HALIMA ABUBAKAR MAHE"
178551,2,legitimate-linked,197237,CON-RES-2020-35,3,"ABBA MAMMAN TOR HABIB"
178551,2,legitimate-linked,197240,KN2810,KANGIS,"ABBA MAMMAN TOR HABIB"
63743,2,legitimate-optot,172464,RES-2025-3839,2,"SALIHU BADAMASI ABDULLAHI"
63743,2,legitimate-optot,172472,KN4831,KANGIS,"SALIHU BADAMASI ABDULLAHI"
40814,2,legitimate-linked,198260,RES-1992-812,2,"KOKIYA PETROL. PRODUCT & HAULAGE LTD"
40814,2,legitimate-linked,198301,"KNML 1434",KANGIS,"KOKIYA PETROLEUM & HAULAGE LTD"
158815,2,legitimate-linked,182668,RES-2025-2222,2,"HON. MUHAMMAD BELLO BUTU BUTU"
158815,2,legitimate-linked,182673,KN4649,KANGIS,"HON. MUHAMMAD BELLO BUTU BUTU"
20034,2,collision,33839,CON-RES-1987-1310,3,"DANIEL YUSUF IJAJA"
20034,2,collision,182415,RES-RC-1982-1024,1,"SANI DAHIRU YAKASAI"
41957,2,legitimate-linked,175461,RES-1993-6240,2,"KABIRU YAHAYA"
41957,2,legitimate-linked,175470,KN2998,KANGIS,"KABIRU YAHAYA"
57514,2,legitimate-linked,175086,RES-2017-1502,2,"NAMAMU ADAMU"
57514,2,legitimate-linked,175101,KN3651,KANGIS,"NAMAMU ADAMU"
147018,2,legitimate-optot,170113,RES-2023-5466,2,"EMMANUEL NWAJI"
147018,2,legitimate-optot,170125,KN4890,KANGIS,"EMMANUEL NWAJI"
169570,2,legitimate-linked,191374,RES-2016-2498,2,"ABUBAKAR SAHABO BARURO"
169570,2,legitimate-linked,191383,"KNML 8947",KANGIS,"ABUBAKAR SAHABO BARURO"
170832,2,legitimate-linked,191586,RES-2000-2214,2,"NASSIRU ABDULLAHI MACCIDO"
170832,2,legitimate-linked,191593,"KNML 2483",KANGIS,"NASSIRU ABDULLAHI MACCIDO"
147850,2,collision,171058,,2,"NASIRU DANGONGOLA"
147850,2,collision,171076,KN5058,KANGIS,"NASIRU DANGONGOLA"
65092,2,legitimate-linked,180730,RES-RC-1982-1075,1,"ALI USMAN GEIDAM"
65092,2,legitimate-linked,180765,"KNML 9466",KANGIS,"ALI USMAN GEIDAM"
145413,2,legitimate-linked,168364,CON-AG-2018-41,3,"JAYA FARM"
145413,2,legitimate-linked,168380,"MLKN 2533",KANGIS,"JAYA FARM"
166766,2,legitimate-linked,189258,CON-COM-2018-106,3,"DANLITI SHU'AIBU ADAMU"
166766,2,legitimate-linked,189317,"MLKN 3392",KANGIS,"DANLITI SHU'AIBU ADAMU"
52040,2,legitimate-optot,172785,RES-2009-1441,2,"SANI SULEIMAN AUWALU"
52040,2,legitimate-optot,172794,"KNML 3359",KANGIS,"SANI SULEIMAN AUWALU"
153386,2,legitimate-linked,177699,CON-RES-2023-7230,3,"FAIZU MUHAMMAD GALADIMA"
153386,2,legitimate-linked,179516,KN5165,KANGIS,"MURTALA ABDULLAHI JEGA"
166039,2,legitimate-linked,189049,KN4104,KANGIS,"NAZIRU MUKHTAR MUSA"
166039,2,legitimate-linked,188751,CON-RES-2025-1324,3,"NAZIRU MUKHTAR MUSA"
146464,2,legitimate-linked,169511,CON-COM-2022-130,3,"PRIME WAVES LTD"
146464,2,legitimate-linked,169521,"MLKN 3889",KANGIS,"PRIME WAVES LTD"
41423,2,legitimate-linked,175974,RES-1993-2508,2,"ALHAJI SHERU DOKINA"
41423,2,legitimate-linked,175987,"KNML 1238",KANGIS,"ABUBAKAR SHEHU USMAN"
156903,2,legitimate-linked,181213,CON-RES-2023-7196,3,"FAIZU MUHAMMAD GALADIMA"
156903,2,legitimate-linked,181224,KN5096,KANGIS,"MURTALA ABDULLAHI JEGA"
156470,2,legitimate-linked,180855,CON-RES-2018-400,3,"MR SAMSON OLUGBEMI OLAOGUN"
156470,2,legitimate-linked,180872,"KNML 7697",KANGIS,"MR SAMSON OLUGBEMI OLAOGUN"
17493,2,collision,184322,KN5453,KANGIS,"MURTALA ABDULLAHI JEGA"
17493,2,collision,31296,CON-AG-1995-56,3,"YUNUSA SHUAIBU WAZIRI"
29588,2,legitimate-linked,184298,RES-1983-1174,1,"SA'IDU IBRAHIM"
29588,2,legitimate-linked,184321,"KNML 1727",KANGIS,"RUFA'I MAI YAKI ABDULMALIK"
147359,2,legitimate-linked,170437,CON-COM-2020-233,3,"GREAT TEDECO CONCEPT NIG LTD"
147359,2,legitimate-linked,170439,"MLKN 3416",KANGIS,"GREAT TEDECO CONCEPT NIG LTD"
157744,2,legitimate-linked,181867,CON-RES-2013-494,3,"YAHAYA YAKUBU"
157744,2,legitimate-linked,181871,"KNML 1990",KANGIS,"YAHAYA YAKUBU"
160985,2,legitimate-linked,184441,CON-RES-1983-443,3,"MR AND MRS IGNATUS NWOSU"
160985,2,legitimate-linked,184450,"KNML 1731",KANGIS,"MR AND MRS IGNATUS NWOSU"
174749,2,legitimate-linked,194452,RES-2000-2807,2,"MAIKUDI DAMBATTA"
174749,2,legitimate-linked,194453,"KNML 543",KANGIS,"DORAYI TUKUR UMAR"
164550,2,legitimate-linked,187408,CON-RES-2013-413,3,"ISMAILA SHUAIBU MAIGYARA"
164550,2,legitimate-linked,187410,"KNML 2879",KANGIS,"ISMAILA SHUAIBU MAIGYARA"
165390,2,legitimate-linked,188179,RES-2004-426,2,"YAZEED IBRAHIM GAYA"
165390,2,legitimate-linked,188183,"KNML 2900",KANGIS,"YAZEED IBRAHIM GAYA"
505,2,collision,181272,COM-1982-20,1,"ALHAJI A.M MAIKANO"
505,2,collision,14162,CON-RES-1981-239,3,"A SA'ADU MAI CHALAWA"
177096,2,legitimate-linked,196162,IND-2008-18,1,"DEPI NIGERIA LIMITED"
177096,2,legitimate-linked,196164,"MLKN 569",KANGIS,"DEPI NIGERIA LIMITED"
161566,2,legitimate-linked,184995,COM-2018-20,1,"ALHAJI AMINU IBRAHIM AND SONS"
161566,2,legitimate-linked,196204,COM-RC-1982-192,1,"ALHAJI AMINU IBRAHIM AND SONS"
56310,2,legitimate-optot,178732,RES-2016-1116,2,"IBRAHIM MUHAMMAD"
56310,2,legitimate-optot,178749,KN2631,KANGIS,"IBRAHIM MUHAMMAD"
32603,2,legitimate-optot,178774,RES-1987-417,1,"BELKASSIM MOHAMMED"
32603,2,legitimate-optot,178775,"KNML 1770",KANGIS,"BELKASSIM MOHAMMED"
27590,2,legitimate-linked,179537,RES-1981-596,1,"ALH GIMBA T.K. BAJOGA"
27590,2,legitimate-linked,179547,"KNML 1228",KANGIS,"NAJIB  ALHAJI ABDULLAHI"
162192,2,legitimate-linked,185556,CON-RES-2009-11,3,"OLA BABALOLA"
162192,2,legitimate-linked,185566,"KNML 4851",KANGIS,"OLA BABALOLA"
3635,2,collision,17309,RES-1982-1024,1,"ALHASSAN MOHAMED DAWAKI"
3635,2,collision,171622,COM-2011-1,1,"RAUDAH TRAVELS & TOURS"
40867,2,legitimate-linked,186361,RES-1992-876,2,"NURADDEEN ABUBAKAR SADIQ"
40867,2,legitimate-linked,186362,"KNML 1528",KANGIS,"NURADDEEN ABUBAKAR SADIQ"
115309,2,legitimate-linked,168296,RES-2021-2747,2,"MUKHTAR ABDULHAMID"
115309,2,legitimate-linked,168317,"KNGP 348",KANGIS,"MUKHTAR ABDULHAMID"
1928,2,collision,15592,CON-AG-1982-171,3,"ALHAJI ALI ALHASSAN"
1928,2,collision,171563,COM-2000-23,1,"HAJIYA (DR) SUNUSI DANTATA"
155723,2,legitimate-linked,180036,CON-RES-2010-482,3,"HAJIYA MARIYA SUNUSI DANTATA"
155723,2,legitimate-linked,180039,"KNML 1469",KANGIS,"HAJIYA MARIYA SUNUSI DANTATA"
49547,2,legitimate-linked,195730,RES-2022-1608,2,"ALH ALI NUHU INDABO"
49547,2,legitimate-linked,195751,"KNML 9857",,"ALH ALI NUHU INDABO"
33338,2,legitimate-linked,170139,RES-1988-728,1,"ALH. KABIRU TANIMU TURAKI, SAN"
33338,2,legitimate-linked,170179,"KNML 2827",KANGIS,"KABIRU TANIMU TURAKI SAN"
30303,2,legitimate-optot,171220,RES-1985-113,1,"CHIEF EMEKA ONYIDO"
30303,2,legitimate-optot,171274,"MLKN 2504",KANGIS,"PRINCE EMEKA ONYIDO"
148195,2,legitimate-linked,171483,CON-AG-2009-66,3,"FAROUK BABA KOKI"
148195,2,legitimate-linked,171493,KN3657,KANGIS,"FAROUK BABA KOKI"
150077,2,legitimate-linked,173429,CON-COM-2022-604,3,"IBRAHIM KABIR"
150077,2,legitimate-linked,173453,"MLKN 4341",KANGIS,"IBRAHIM KABIR"
161925,2,legitimate-optot,185320,RES-2022-7207,2,"NAFISA TIJJANI ALKALI"
161925,2,legitimate-optot,185345,KN1961,KANGIS,"NAFISA TIJJANI ALKALI"
65096,2,legitimate-linked,175996,RES-RC-1982-1079,1,"MOHAMMAD HASSAN KOGUNA"
65096,2,legitimate-linked,175999,"KNML 1886",KANGIS,"MOHAMMAD HASSAN KOGUNA"
30578,2,legitimate-linked,179550,RES-1985-1850,1,"HUSSEINI LAWAL ATANA"
30578,2,legitimate-linked,179578,KN4206,KANGIS,"HUSSEINI LAWAL ATANA"
16728,2,collision,30528,CON-AG-1987-128,3,"MR HASSAN KAMAL"
16728,2,collision,175407,CON-RES-2020-478,3,"PROF. LAWAN SANI TAURA"
149059,2,legitimate-linked,172435,CON-COM-2025-738,3,"SAMUEL BUKOLA AJAYI"
149059,2,legitimate-linked,172448,KN5335,KANGIS,"SAMUEL BUKOLA AJAYI"
160883,2,collision,184347,RES-2008-2691,2,"MUHAMMADU TATUWA"
160883,2,collision,184383,RES-2008-2693,2,"MUHAMMADU TATUWA"
50661,2,legitimate-linked,184578,RES-2005-181,2,"IDRIS SANI MUHAMMAD"
50661,2,legitimate-linked,184584,"KNML 1909",KANGIS,"IDRIS SANI MUHAMMAD"
24051,2,collision,47018,CON-RES-2000-121,3,"ALHAJI AMINU ALHASSAN DANTATA"
24051,2,collision,47068,CON-RES-1999-263,3,"ALH ADAMU ABUBAKAR"
7909,2,collision,174347,CON-COM-1984-108,3,"UMAR ADAMU YARO"
7909,2,collision,21601,RES-1992-4686,2,"YUSUFU ALHAJI MUDI BAJA"
42757,2,legitimate-optot,186196,RES-1994-2256,2,"BABA NASIRU LAWAL"
42757,2,legitimate-optot,186240,"KNML 255",KANGIS,"BABA NASIRU LAWAL"
155175,2,legitimate-linked,179511,CON-COM-2022-243,3,"NURA RABI'U"
155175,2,legitimate-linked,179514,"MLKN 4514",KANGIS,"NURA RABI'U"
163487,2,legitimate-linked,186580,CON-RES-2010-706,3,"IBRAHIM YUNUSA ABDULLAHI"
163487,2,legitimate-linked,195013,LPCC-2012-311,DCIV,"IBRAHIM YUNUSA ABDULLAHI"
24057,2,collision,47025,CON-RES-2000-4,3,"ALHAJI ABDU UMARU"
24057,2,collision,47074,CON-RES-1999-288,3,"ALH BALA DANEJI"
43586,2,legitimate-optot,173722,RES-1995-2158,2,"UMAR BALA SANDA"
43586,2,legitimate-optot,173766,"KNML 2491",KANGIS,"UMAR BALA SANDA"
46773,2,legitimate-optot,187859,RES-2000-2111,2,"SANI EL-YAKUB"
46773,2,legitimate-optot,187893,"KNML 2402",KANGIS,"SANI EL-YAKUB"
5676,2,legitimate-linked,19353,RES-1982-630,1,"ALHAJI BASHARI ISA GARKE"
5676,2,legitimate-linked,100259,COM-2026-123,1,"GREAT UNITED ELITES SPORTING CLUB"
39022,2,legitimate-optot,181527,RES-1992-2226,2,"MUAMMAD YUNUS"
39022,2,legitimate-optot,181547,"KNML 7311",KANGIS,"MUHAMMAD YUNUS"
30631,2,legitimate-linked,193687,RES-1985-2005,1,"AMINU MUHAMMADA ALA"
30631,2,legitimate-linked,193704,"KNML 1433",KANGIS,"ALLH MUHAMMAD AMINU ALA"
154459,2,legitimate-linked,178747,RES-2009-1768,2,"NASIRU ISA"
154459,2,legitimate-linked,178760,"KNML 1769",KANGIS,"NASIRU ISA"
153363,2,legitimate-linked,190258,KN4535,KANGIS,"MURTALA ABDULLAHI JEGA"
153363,2,legitimate-linked,177669,CON-RES-2023-7255,3,"FAIZU MUHAMMAD GALADIMA"
14329,2,collision,28116,RES-1993-1770,2,"YAHAYA HOTORO"
14329,2,collision,178960,CON-COM-2010-347,3,"ALHAJI HABIBU YUSUF"
168229,2,legitimate-linked,190375,CON-RES-2023-7856,3,"MURTALA ABDULLAHI JEGA"
168229,2,legitimate-linked,190499,KN5251,KANGIS,"MURTALA ABDULLAHI JEGA"
27952,2,legitimate-linked,189947,RES-1982-1076,1,"SULEIMAN ZANGINA"
27952,2,legitimate-linked,189961,"KNML 2474",KANGIS,"SULEIMAN ZANGINA"
40325,2,legitimate-linked,186197,RES-1992-6391,2,"ABDULRAHAMAN MOHAMMED"
40325,2,legitimate-linked,186248,"KNML 8598",KANGIS,"ABDULRAHAMAN MOHAMMED"
54592,2,legitimate-linked,181240,RES-2014-88,2,"MUHAMMAD BALARABE YUSIF"
54592,2,legitimate-linked,181255,"KNML 1967",KANGIS,"MUHAMMAD BALARABE YUSUF"
153998,2,legitimate-linked,189702,KN4581,KANGIS,"MURTALA ABDULLAHI JEGA"
153998,2,legitimate-linked,178346,CON-RES-2023-7347,3,"FAIZU MUHAMMAD GALADIMA"
15962,2,collision,29761,CON-RES-1989-111,3,"ALHAJI ISIYAKU YAHAYA"
15962,2,collision,179053,CON-RES-2008-345,3,"ALHAJI SALISU ADAMU"
17441,2,collision,185513,KN5457,KANGIS,"MURTALA ABDULLAHI JEGA"
17441,2,collision,31244,CON-RES-1995-467,3,"ALHAJI SANINSHA'AIBU"
155270,2,legitimate-linked,179618,CON-RES-2008-306,3,"ALTINE MUHAMMAD KURA"
155270,2,legitimate-linked,179620,"KNML 1461",KANGIS,"ALTINE MUHAMMAD KURA"
154881,2,legitimate-linked,179216,COM-2025-15,1,"NORTHWEST DEVELOPMENT COMMISSION"
154881,2,legitimate-linked,179223,SIT-2025-6,2,"NORTHWEST DEVELOPMENT COMMISSION"
154043,2,legitimate-linked,180985,KN5124,KANGIS,"MURTALA ABDULLAHI JEGA"
154043,2,legitimate-linked,178386,CON-RES-2023-7246,3,"FAIZU MUHAMMAD GALADIMA"
32140,2,legitimate-linked,168226,RES-1987-1741,1,"ALHAJI LABARAN JEGA"
32140,2,legitimate-linked,168256,"KNML 5235",KANGIS,"ALH SANI YUSUF YAKASAI"
153979,2,legitimate-linked,181939,KN4827,KANGIS,"MURTALA ABDULLAHI JEGA"
153979,2,legitimate-linked,178326,CON-RES-2023-7315,3,"FAIZU MUHAMMAD GALADIMA"
172899,2,legitimate-optot,193209,RES-2021-1224,2,"IBRAHIM BALA"
172899,2,legitimate-optot,193214,KN2366,KANGIS,"ABDULLAHI SANI USMAN"
17552,2,legitimate-linked,31355,CON-RES-1995-568,3,"SHEHU HASSAN"
17552,2,legitimate-linked,187162,KN5181,KANGIS,"MURTALA ABDULLAHI JEGA"
153981,2,legitimate-linked,178327,RES-2000-2203,2,"DR. ALABI IBRAHIM ABOLAJI."
153981,2,legitimate-linked,178360,KN4157,KANGIS,"DR. ALABI IBRAHIM ABOLAJI"
60393,2,legitimate-linked,172302,KN3060,KANGIS,"ABDULLAHI IBRAHIM"
60393,2,legitimate-linked,186523,RES-2007-826,2,"ALH AMINU ALHASSAN DANTATA"
176218,2,legitimate-linked,195392,RES-2000-1770,2,"BADAMASI YAHAYA"
176218,2,legitimate-linked,195404,"KNML 1414",KANGIS,"MUHAMMAD AHMAD"
51326,2,legitimate-linked,181323,RES-2006-941,2,"DR. JAMILU TUKUR"
51326,2,legitimate-linked,181345,KN3340,KANGIS,"DR. JAMILU TUKUR"
119952,2,legitimate-linked,174941,CON-AG-2022-11,3,"ALHAJI LAWAN ZAKARI"
119952,2,legitimate-linked,174955,KN2671,KANGIS,"ALHAJI LAWAN ZAKARI"
54413,2,legitimate-linked,189589,RES-2014-2359,2,"YUSUF BELLO DANBATTA"
54413,2,legitimate-linked,189597,"KNML 2419",KANGIS,"YUSUF BELLO DANBATTA"
52101,2,legitimate-linked,186553,RES-2009-1950,2,"RAKIYA AND AMINA USMAN INUSA"
52101,2,legitimate-linked,186556,"KNML 1544",KANGIS,"RAKIYA AND AMINA USMAN INUSA"
63744,2,legitimate-optot,173290,RES-2025-3840,2,"SALIHU BADAMASI ABDULLAHI"
63744,2,legitimate-optot,173320,KN4833,KANGIS,"SALIHU BADAMASI ABDULLAHI"
17643,2,legitimate-linked,190426,KN5256,KANGIS,"MURTALA ABDULLAHI JEGA"
17643,2,legitimate-linked,31446,CON-RES-1994-344,3,"ALHAJI SABO LAWAN KABARA"
68357,2,legitimate-linked,196986,RES-RC-2014-2,1,"HAJIYA HAUWA SANI MARSHAL"
68357,2,legitimate-linked,197015,KN3610,KANGIS,"SAGIR AHMAD MUHAMMAD"
168531,2,legitimate-linked,190601,RES-2010-4128,2,"HASSAN INDABAWA"
168531,2,legitimate-linked,190607,"KNML 4669",KANGIS,"HASSAN INDABAWA"
54357,2,legitimate-optot,196698,RES-2014-2029,2,"MUHAMMAD SANI NAMADI"
54357,2,legitimate-optot,196707,KN3856,KANGIS,"MUHAMMAD SANI NAMADI"
17590,2,legitimate-linked,31393,CON-RES-1997-170,3,"ALHAJI UMAR ARZIKA"
17590,2,legitimate-linked,186167,KN4540,KANGIS,"MURTALA ABDULLAHI JEGA"
158837,2,legitimate-linked,182689,RES-2000-1197,2,"BASHIR K ADO"
158837,2,legitimate-linked,182690,"KNML 1940",KANGIS,"BASHIR K ADO"
66250,2,legitimate-optot,192597,RES-RC-1982-49,1,"ABDULQADIR  MUHAMMAD JIKA"
66250,2,legitimate-optot,192610,"KNML 9574",KANGIS,"ABDULQADIR MUHAMMAD JIKA"
16279,2,legitimate-linked,30078,CON-RES-1990-198,3,"MR JIMOH OAMEN"
16279,2,legitimate-linked,168295,KN5346,KANGIS,"MUKHTAR USMAN YAKUBU"
56382,2,legitimate-optot,175010,RES-2016-1455,2,"MARWAN ABDULKADIR HUSSAIN IBRAHIM"
56382,2,legitimate-optot,175033,KN3332,KANGIS,"M MUSA ABUBAKAR"
173711,2,legitimate-linked,193738,CON-RES-2012-151,3,"ABDUSSALAM MUHAMMAD DAL"
173711,2,legitimate-linked,193739,"KNML 519",KANGIS,"ABDUSSALAM MUHAMMAD DAL"
17520,2,legitimate-linked,187182,KN4869,KANGIS,"MURTALA ABDULLAHI JEGA"
17520,2,legitimate-linked,31323,CON-RES-1995-196,3,"MALLAM DAN-AZUMI BALARABE"
160784,2,legitimate-linked,184260,SLTR-221155,SLTR,"MUSA AUWAL  KAMFUT"
160784,2,legitimate-linked,184268,KN5506,KANGIS,"MUSA AUWAL  KAMFUT"
43308,2,legitimate-optot,168374,RES-1995-1379,2,"KUSOTO  ESTATE LIMITED"
43308,2,legitimate-optot,169278,KN3493,KANGIS,"KUSOTO  ESTATE LIMITED"
64670,2,legitimate-optot,170133,RES-RC-1981-128,1,"ALH MOHAMMED SANI SHARIFF"
64670,2,legitimate-optot,170170,KN4678,KANGIS,"ALH MOHAMMED SANI SHARIFF"
17638,2,legitimate-linked,31441,CON-RES-1994-332,3,"ALHAJI SABO LAWAN KABARA"
17638,2,legitimate-linked,189557,KN4613,KANGIS,"MURTALA ABDULLAHI JEGA"
67179,2,legitimate-linked,196350,RES-RC-1984-50,1,"ALH. ALI ABUBAKAR"
67179,2,legitimate-linked,196378,"KNML 8695",KANGIS,"ALH. ALI ABUBAKAR"
17549,2,legitimate-linked,188022,KN5161,KANGIS,"MURTALA ABDULLAHI JEGA"
17549,2,legitimate-linked,31352,CON-RES-1995-563,3,"HAJIYA ZUWAIRA HABIB DABA"
54148,2,legitimate-linked,194516,RES-2013-432,2,"ALH BALA UMAR MOHAMMED"
54148,2,legitimate-linked,194539,"KNML 544",KANGIS,"UMAR BALA MOHAMMAD"
5953,2,collision,19630,RES-1982-833,1,"ALHAJI USMAN SANI"
5953,2,collision,170400,COM-RC-1982-196,1,"ALHAJI MOHAMMED NASIRU HAMZA"
171038,2,legitimate-linked,191759,CON-RES-2014-483,3,"PLUS OKOYE"
171038,2,legitimate-linked,191760,"KNML 2492",KANGIS,"PLUS OKOYE"
161090,2,legitimate-linked,184531,SLTR-219743,SLTR,"SAID MOHAMAD AL-RAICHOUNI"
161090,2,legitimate-linked,184539,KN5503,KANGIS,"SAID MOHAMAD AL-RAICHOUNI"
19148,2,collision,32953,CON-AG-2003-33,3,"ALHAJI MANSUR MAHMUD"
19148,2,collision,196217,IND-2013-8,1,"BSV INDUSTREIS LTD"
147441,2,legitimate-linked,170511,CON-AG-2008-59,3,"ALH BABA MOHD"
147441,2,legitimate-linked,170538,"MLKN 539",KANGIS,"ALH BABA MOHAMMED"
234,2,legitimate-linked,13889,CON-COM-1985-113,3,"ALHAJI YUSUF HASSAN"
234,2,legitimate-linked,168347,KN5342,KANGIS,"MUSTAPHA MUHAMMAD DISO."
17511,2,collision,185539,KN5390,KANGIS,"MURTALA ABDULLAHI JEGA"
17511,2,collision,31314,CON-COM-1995-77,3,"ALHAJI USAINI IBRAHIM YAU"
24073,2,collision,47041,CON-RES-2000-49,3,"AUWAL UMAR ALI"
24073,2,collision,47090,CON-RES-2000-168,3,"ADO MUHAMMAD ABDULLAHI"
171030,2,legitimate-linked,191754,CON-RES-2011-250,3,"RABI'U ABDULLAHI"
171030,2,legitimate-linked,191769,"KNML 2408",KANGIS,"RABI'U ABDULLAHI"
178799,2,legitimate-optot,197421,RES-2009-680,2,"DANKADA FARM LTD"
178799,2,legitimate-optot,197425,RES-2009-6244,2,"DANKADA FARM LTD"
65217,2,legitimate-optot,172234,RES-RC-1982-1197,1,"MR FRANSCIS EMEKA"
65217,2,legitimate-optot,172244,KN3604,KANGIS,"MR FRANSCIS EMEKA"
179724,2,legitimate-linked,198273,"MLKN 4421",KANGIS,"SANUSI USMAN MANDAWARI"
179724,2,legitimate-linked,198192,CON-COM-2017-170,3,"SANUSI USMAN MANDAWARI"
5918,2,legitimate-optot,175818,COM-1993-237,1,"ALH. HAMZA AHMED"
5918,2,legitimate-optot,19595,RES-1982-778,1,"MR . SONNY ASUELINMEN ALOS"
157066,2,legitimate-linked,181358,CON-COM-2010-133,3,"IBRAHIM ZAKARI"
157066,2,legitimate-linked,181404,"MLKN 668",KANGIS,"IBRAHIM ZAKARI"
55662,2,legitimate-optot,181063,RES-2015-5214,2,"MOHAMMED H MUKHTAR"
55662,2,legitimate-optot,181075,"KNML 2734",KANGIS,"MOHAMMED H MUKHTAR"
174445,2,legitimate-linked,194206,CON-RES-2001-303,3,"ALH HAMISU MUSA"
174445,2,legitimate-linked,194207,"KNML 547",KANGIS,"ALH HAMISU MUSA"
49897,2,legitimate-linked,168850,RES-2003-2343,2,"YUSUF DANKETA SANI"
49897,2,legitimate-linked,168859,"KNML 8496",KANGIS,"YUSUF DANKETA SANI"
171685,2,legitimate-linked,192203,CON-AG-2016-44,3,"ENG AHMED GAZALI INUWA"
171685,2,legitimate-linked,192213,"MLKN 2779",KANGIS,"ENG AHMED GAZALI INUWA"
49102,2,legitimate-optot,192044,RES-2002-4044,2,"DANIEL KENNEDY"
49102,2,legitimate-optot,192050,"KNML 4490",KANGIS,"JOHN OGOCHUKWU ONWUKWALU UFONDU"
148943,2,legitimate-linked,172301,IND-2018-22,1,"BSV INDUSTRIES LTD"
148943,2,legitimate-linked,172309,"MLKN 2176",KANGIS,"BSV INDUSTRIES LTD"
158647,2,legitimate-linked,182568,COM-2022-616,1,"LAGAF SERVICES"
158647,2,legitimate-linked,182580,"MLKN 4515",KANGIS,"LAGAF SERVICES"
66685,2,legitimate-linked,170360,RES-RC-1982-9,1,"AHMAD UMAR"
66685,2,legitimate-linked,170389,KN1955,KANGIS,"AHMAD UMAR"
158457,2,legitimate-linked,182405,"KNML 1711",KANGIS,"DAN-ASABE ABDULLAHI"
158457,2,legitimate-linked,198116,RES-2009-2328,2,"SHARU KABIRU"
17445,2,collision,184433,KN5378,KANGIS,"MURTALA ABDULLAHI JEGA"
17445,2,collision,31248,CON-RES-1995-472,3,"RABI ALI GALADIMA"
150891,2,legitimate-linked,174146,CON-RES-2022-560,3,"ALH BALARABE YARO"
150891,2,legitimate-linked,174154,KN3687,KANGIS,"ALH BALARABE YARO"
152646,2,legitimate-linked,176083,RES-2009-6444,2,"AYUBA ISA"
152646,2,legitimate-linked,176093,"KNML 1244",KANGIS,"MUHAMMAD AKIBU AHMAD"
34312,2,legitimate-optot,178404,RES-1989-295,1,"ALIYU HALIDU"
34312,2,legitimate-optot,178433,"KNML 1790",KANGIS,"ALIYU HALIDU"
20701,2,collision,34511,CON-RES-1981-486,3,"ALHAJI ABUBAKAR YABAGI BIDA"
20701,2,collision,185187,RES-RC-1987-24,1,"JAMILU HAMISU DANKAKA"
49885,2,legitimate-linked,190336,RES-2003-2304,2,"ALH GARBA DAN DALAMA"
49885,2,legitimate-linked,190379,"KNML 2406",KANGIS,"ALH GARBA MUSA DAN DALAMA"
17474,2,collision,31277,CON-COM-1995-56,3,"ALHAJI MOHAMMADU JIBRIN"
17474,2,collision,184717,KN5422,KANGIS,"MURTALA ABDULLAHI JEGA"
116922,2,legitimate-optot,175117,RES-2020-549,2,"DR ABDULLAHI GAMBO"
116922,2,legitimate-optot,175130,KN3444,KANGIS,"DR ABDULLAHI GAMBO"
2185,2,collision,175405,KN3094,KANGIS,"ULTIMATE GAS LTD."
2185,2,collision,15849,CON-COM-1982-267,3,"ALHAJI ALI BALARABE ABDULRAZAK"
156479,2,legitimate-linked,180867,CON-COM-2019-860,3,"YUSUF SAID MUHAMMAD"
156479,2,legitimate-linked,180879,KN4474,KANGIS,"YUSUF SAID MUHAMMAD"
11026,2,legitimate-optot,189890,CON-RES-1981-617,3,"ALHAJI INUWA AKWA"
11026,2,legitimate-optot,24730,CON-RES-1985-346,3,"MR GABRIEL AWOYELU"
173493,2,legitimate-linked,193569,RES-2011-1596,2,"NASIRU HASSAN MAI AFAKU"
173493,2,legitimate-linked,193577,"KNML 937",KANGIS,"TIRMIZI ABDULKARIM GETSO"
17595,2,legitimate-linked,31398,CON-RES-1997-184,3,"ALHAJI UBA LIGIDI KORE"
17595,2,legitimate-linked,189569,KN4619,KANGIS,"MURTALA ABDULLAHI JEGA"
17607,2,collision,31410,CON-RES-1997-358,3,"HADI USMAN"
17607,2,collision,179477,KN5244,KANGIS,"MURTALA ABDULLAHI JEGA"
65505,2,legitimate-linked,180465,RES-RC-1982-1470,1,"ALH. NAJIB JA'AFAR ABUBAKAR KOGUNA"
65505,2,legitimate-linked,180466,"KNML 7373",KANGIS,"ALH. NAJIB JA'AFAR ABUBAKAR KOGUNA"
46294,2,legitimate-linked,186427,RES-1999-623,2,"ABBA IBRAHIM BADAMASI"
46294,2,legitimate-linked,186434,"KNML 1530",KANGIS,"ABBA IBRAHIM BADAMASI"
172823,2,legitimate-linked,193147,RES-2005-878,2,"LABARAN SADIQ"
172823,2,legitimate-linked,193157,"KNML 936",KANGIS,"SALIM ABDULKARIM GETSO"
147624,2,legitimate-linked,170818,RES-2023-127,2,"IBRAHIM ADAMU GUMEL"
147624,2,legitimate-linked,170829,KN2672,KANGIS,"IBRAHIM GUMEL ADAMU"
153391,2,legitimate-linked,177704,CON-RES-2023-7247,3,"FAIZU MUHAMMAD GALADIMA"
153391,2,legitimate-linked,186249,KN4528,KANGIS,"MURTALA ABDULLAHI JEGA"
17480,2,collision,184668,KN5444,KANGIS,"MURTALA ABDULLAHI JEGA"
17480,2,collision,31283,CON-COM-1995-62,3,"ALHAJI MUSA IBRAHIM"
48174,2,legitimate-linked,178684,RES-2001-3733,2,"ISYAKU RABIU CLINIC"
48174,2,legitimate-linked,178686,"KNML 1773",KANGIS,"ISYAKU RABIU CLINIC"
48370,2,legitimate-linked,192800,RES-2001-5044,2,"UMAR ADAMU DAHO"
48370,2,legitimate-linked,192821,"KNML 931",KANGIS,"UMAR ADAMU DAHO"
51168,2,legitimate-linked,181701,RES-2006-521,2,"ABDUL'AZIZ MUHAMMAD K/MATA"
51168,2,legitimate-linked,181713,"KNML 1982",KANGIS,"ABDUL'AZIZ MUHAMMAD K/MATA"
17621,2,legitimate-linked,187846,KN4821,KANGIS,"MURTALA ABDULLAHI JEGA"
17621,2,legitimate-linked,31424,CON-RES-1994-302,3,"ALHAJI SULAIMAN MOHD WALI"
46530,2,legitimate-optot,179980,RES-2000-157,2,"AHMED GAMBO FAGGE"
46530,2,legitimate-optot,179991,"KNML 1468",KANGIS,"AHMED GAMBO FAGGE"
153370,2,legitimate-linked,177680,RES-2001-5725,2,"ALIYU DAHIRU"
153370,2,legitimate-linked,177694,"KNML 1810",KANGIS,"SHARURAMADAN UBA"
38571,2,legitimate-linked,179011,RES-1992-1342,2,"SANI KATSINA"
38571,2,legitimate-linked,179038,"KNML 1765",KANGIS,"SANI KATSINA"
55196,2,legitimate-optot,176317,RES-2015-3923,2,"AHMAD ABDULKARIN ALI"
55196,2,legitimate-optot,176325,KN3608,KANGIS,"AHMAD ABDULKARIN ALI"
176368,2,legitimate-linked,195555,CON-RES-2012-262,3,"ALH. IBRAHIM USMAN"
176368,2,legitimate-linked,195556,"KNML 5506",KANGIS,"ALH. IBRAHIM USMAN"
17561,2,collision,31364,CON-RES-1995-586,3,"HAJIYA HALIMA SULE"
17561,2,collision,180376,KN5133,KANGIS,"MURTALA ABDULLAHI JEGA"
47385,2,legitimate-linked,175326,RES-2000-4295,2,"HAMISU INUWA"
47385,2,legitimate-linked,175376,KN3305,KANGIS,"HAMISU INUWA"
167221,2,legitimate-linked,194603,KN4602,KANGIS,"MURTALA ABDULLAHI JEGA"
167221,2,legitimate-linked,189608,CON-RES-2023-7177,3,"FAIZU MUHAMMAD GALADIMA"
14206,2,legitimate-linked,27993,RES-1993-1496,2,"ALH TANKO GAMBAGA"
14206,2,legitimate-linked,189843,KN3254,KANGIS,"ISA HUDU SHU'AIBU"
154951,2,legitimate-linked,179300,CON-RES-2007-156,3,"ABDULLAHI BASHIR MUKHTAR"
154951,2,legitimate-linked,179301,"KNML 1752",KANGIS,"ABDULLAHI BASHIR MUKHTAR"
175742,2,legitimate-linked,195563,CON-COM-2019-295,3,"SHARU RABI'U INUWA"
175742,2,legitimate-linked,195564,"MLKN 3730",KANGIS,"SHARU RABI'U INUWA"
141136,2,legitimate-linked,194650,COM-1998-180,1,"ALH YAHAYA ISYAKU"
141136,2,legitimate-linked,194677,COM-2022-489,1,"ALH. YAHAYA ISYAKA"
56154,2,legitimate-linked,173584,RES-2015-7766,2,"SALE UMAR"
56154,2,legitimate-linked,173633,KN4503,KANGIS,"SALE UMAR"
156008,2,legitimate-linked,180331,RES-2010-4097,2,"HUSSAINI MAI RIGA"
156008,2,legitimate-linked,180339,"KNML 1488",KANGIS,"MUFTAHU USMAN LABARAN"
166698,2,legitimate-linked,189216,CON-COM-2015-203,3,"AL-MUSTAPHA ZANGO NIGERIA LIMITED"
166698,2,legitimate-linked,189234,"MLKN 2772",KANGIS,"AL-MUSTAPHA ZANGO NIGERIA LIMITED"
46059,2,legitimate-linked,193003,RES-1998-837,2,"ALHAJI AHMED ABUBAKAR NAKURA"
46059,2,legitimate-linked,193006,"KNML 940",KANGIS,"ALHAJI AHMED ABUBAKAR NAKURA"
65563,2,legitimate-linked,198043,RES-RC-1982-1522,1,"GHASSAN ALI TAHER"
65563,2,legitimate-linked,198084,KN934,KANGIS,"GHASSAN ALI TAHER"
176444,2,legitimate-linked,195633,,1,"A.B MAHMOUD"
176444,2,legitimate-linked,195652,"MLKN 3783",KANGIS,"A.B MAHMOUD"
16359,2,legitimate-linked,186042,LPCC-2018-357,DCIV,"ALH MUHAMMAD DAN HADEJIA"
16359,2,legitimate-linked,30158,CON-RES-1991-158,3,"MOHAMMED MANGA BABA"
153319,2,legitimate-linked,177610,CON-RES-2023-7260,3,"FAIZU MUHAMMAD GALADIMA"
153319,2,legitimate-linked,186777,KN5122,KANGIS,"MURTALA ABDULLAHI JEGA"
174007,2,legitimate-linked,193916,RES-2000-2698,2,"ABUBAKAR INUWA"
174007,2,legitimate-linked,193917,"KNML 535",KANGIS,"ABUBAKAR INUWA"
152162,2,legitimate-linked,175449,CON-RES-2023-7550,3,"MU'AZU YUNUSA RIRUWAI"
152162,2,legitimate-linked,175453,KN4715,KANGIS,"MU'AZU YUNUSA RIRUWAI"
155825,2,collision,180973,SLTR-217732,SLTR,"SHEHU GARBA"
155825,2,collision,180138,SLTR-217737,SLTR,"YUSUF WADA YUNUSA"
58946,2,legitimate-optot,194154,RES-2019-1088,2,"IBRAHIM ISYAKU NA ABBA"
58946,2,legitimate-optot,194164,"KNML 6499",KANGIS,"IBRAHIM ISYAKU NA ABBA"
17555,2,legitimate-linked,31358,CON-RES-1995-580,3,"ALHAJI AHMADU IDRIS"
17555,2,legitimate-linked,188007,KN5179,KANGIS,"MURTALA ABDULLAHI JEGA"
2909,2,collision,16579,RES-1982-82,1,"AMINU A. DABO"
2909,2,collision,184928,COM-2006-34,1,"BARR FELIX C.EZE (ESQ)"
169393,2,legitimate-linked,191237,CON-RES-2012-139,3,"ALH IDRIS H. ZUBAIRU"
169393,2,legitimate-linked,191248,"KNML 1212",KANGIS,"ALH IDRIS H. ZUBAIRU"
152610,2,legitimate-optot,176019,RES-2014-1622,2,"MUHAMMAD MUKHTAR."
152610,2,legitimate-optot,176039,KN4657,KANGIS,"MUHAMMAD MUKHTAR"
6000,2,collision,19677,RES-1992-2799,2,"SUNUSI UBA"
6000,2,collision,184893,COM-RC-1982-25,1,"ALHAJI MUHAMMAD MUNNIR G. NAKURA"
40622,2,legitimate-linked,172773,RES-1992-7057,2,"SALMANU ISIYAKU KIRU"
40622,2,legitimate-linked,172796,"KNML 4550",KANGIS,"SALMANU ISYAKU KIRU"
1491,2,legitimate-linked,191239,DCIV-2026-421,DCIV,"INVESTIGATION ACTIVITIES"
1491,2,legitimate-linked,15153,RES-1992-1454,2,"SHEHU ALH ADO"
11725,2,collision,194134,CON-RES-1982-772,3,"SEN. ABDULLAHI A. GUMEL"
11725,2,collision,25429,CON-RES-1984-641,3,"AHMED IBRAHIM"
31931,2,legitimate-linked,180088,RES-1987-1289,1,"ALH KABIR UBA ALI"
31931,2,legitimate-linked,180105,"KNML 1475",KANGIS,"ALH KABIR UBA ALI"
22635,2,legitimate-linked,181762,RES-RC-1985-63,1,"MRS. RITA FADDUL"
22635,2,legitimate-linked,36372,CON-RES-1992-194,3,"HAJIYA KULU ALASAN"
46421,2,legitimate-linked,192808,RES-2000-119,2,"IBRAHIM AHAMD KASSIM"
46421,2,legitimate-linked,192817,"KNML 932",KANGIS,"IBRAHIM AHAMD KASSIM"
152092,2,legitimate-optot,175358,RES-2023-5469,2,"EMMANUEL NNAJI"
152092,2,legitimate-optot,175379,KN4988,KANGIS,"EMMANUEL NNAJI"
46920,2,legitimate-linked,191545,RES-2000-2572,2,"MUHAMMAD GAZZALI ABUBAKAR"
46920,2,legitimate-linked,191572,"KNML 4103",KANGIS,"MUHAMMAD GAZZALI ABUBAKAR"
44267,2,legitimate-linked,187424,RES-1995-530,2,"NASIR IBRAHIM"
44267,2,legitimate-linked,187429,"KNML 2862",KANGIS,"NASIR IBRAHIM"
151548,2,legitimate-linked,174723,CON-COM-2019-49,3,"KINGALE GLOBAL VENTURES LTD"
151548,2,legitimate-linked,174730,KN5084,KANGIS,"KINGALE GLOBAL VENTURES LTD"
118776,2,legitimate-linked,174976,CON-COM-2009-19,3,"HABIB HASSAN EL-YAKUB"
118776,2,legitimate-linked,175005,KN3042,KANGIS,"HABIB HASSAN EL-YAKUB"
62754,2,legitimate-linked,174804,RES-2024-4049,2,"HAMISU MUHD GANO"
62754,2,legitimate-linked,174834,KN2598,KANGIS,"HAMISU GANO MOHAMMED"
64888,2,legitimate-optot,172906,RES-RC-1981-310,1,"MOHAMMED SANI SHARIFF"
64888,2,legitimate-optot,172937,KN4676,KANGIS,"MOHAMMED SANI SHARIFF"
10620,2,collision,183406,CON-IND-2025-251,3,"ARN GROUP INTERNATIONAL CON. LIMITED"
10620,2,collision,24323,CON-RES-1988-13,3,"BASIL DAN OSHIOKAMEL"
163181,2,legitimate-optot,186316,RES-2011-591,2,"HASHIM ABDULLAHI AYAGI"
163181,2,legitimate-optot,186323,"KNML 1525",KANGIS,"HASHIM ABDULLAHI AYAGI"
146456,2,legitimate-linked,169502,CON-COM-2022-463,3,"ALH UBA A IBRAHIM INUWA"
146456,2,legitimate-linked,169531,"MLKN 3890",KANGIS,"ALH UBA .A. IBRAHIM INUWA"
167236,2,legitimate-linked,189620,CON-RES-2023-7292,3,"FAIZU MUHAMMAD GALADIMA"
167236,2,legitimate-linked,189633,KN5227,KANGIS,"MURTALA ABDULLAHI JEGA"
25398,2,collision,47340,CON-RES-2007-238,3,"ALHAJI NASIRU AHALI"
25398,2,collision,180319,"KNML 7380",KANGIS,"ABUBAKAR IBRAHIM"
24575,2,legitimate-linked,184674,KN5625,KANGIS,"OPENTECH ENGINEERING & MAINTENANCE COMPANY LIMITED"
24575,2,legitimate-linked,184608,SLTR-220067,SLTR,"OPENTECH ENGINEERING & MAINTENANCE COMPANY LIMITED"
17553,2,legitimate-linked,31356,CON-RES-1995-569,3,"BABASOLA ODUTOLA AJAYI"
17553,2,legitimate-linked,188019,KN5180,KANGIS,"MURTALA ABDULLAHI JEGA"
164391,2,legitimate-optot,187243,RES-2014-416,2,"HARUNA SALEH ASHURA"
164391,2,legitimate-optot,187247,"KNML 7782",KANGIS,"MAHBUB G. WAKILI"
17568,2,collision,180857,KN5099,KANGIS,"MURTALA ABDULLAHI JEGA"
17568,2,collision,31371,CON-RES-1995-598,3,"ALHAJI LITI JIBRIN MAHMOUD"
31885,2,legitimate-linked,196770,RES-1987-1185,1,"AMINU SULEIMAN ABUBAKAR"
31885,2,legitimate-linked,196811,KN4126,KANGIS,"AMINU SULEIMAN ABUBAKAR"
176634,2,legitimate-linked,195809,CON-RES-2018-356,3,"SHAMSUDDEEN IBRAHIM SHAWAI"
176634,2,legitimate-linked,195810,"KNML 7981",KANGIS,"SHAMSUDDEEN IBRAHIM SHAWAI"
145741,2,legitimate-linked,168716,CON-RES-2011-159,3,"MASALAHA DEVELOPMENT ASSOCIATION"
145741,2,legitimate-linked,168718,"KNML 9674",KANGIS,"MASALAHA DEVELOPMENT ASSOCIATION"
1181,2,legitimate-optot,185203,LPCC-2022-285,DCIV,"M.A BULAMA & CO"
1181,2,legitimate-optot,14842,RES-1981-591,1,"ALHAJI MUHAMMADU DAN MADAMI"
162987,2,legitimate-optot,186137,RES-2011-593,2,"MAGAJI MOHAMMED WARURE"
162987,2,legitimate-optot,186140,"KNML 1519",KANGIS,"MAGAJI MOHAMMED WARURE"
24064,2,collision,47032,CON-RES-2000-157,3,"M. DAHIRU A. IBRAHIM"
24064,2,collision,47081,CON-RES-1999-377,3,"ALH USMAN SHA'AIBU"
17615,2,legitimate-linked,31418,CON-RES-1994-316,3,"ALHAJI SABO LAWAN KABARA"
17615,2,legitimate-linked,187251,KN4816,KANGIS,"MURTALA ABDULLAHI JEGA"
60470,2,legitimate-linked,173315,RES-2020-2485,2,"YUNUSA MUSTAPHA NAMADI"
60470,2,legitimate-linked,173375,"KNML 7779",KANGIS,"YUNUSA MUSTAPHA NAMADI"
177107,2,legitimate-linked,196175,CON-IND-2023-38,3,"AMESTA AGRO COMMODITIES L.T.D"
177107,2,legitimate-linked,196193,KN3402,KANGIS,"AMESTA AGRO COMMODITIES L.T.D"
161350,2,legitimate-linked,184784,CON-RES-2006-420,3,"HAJIYA LAMI MUSTAPHA"
161350,2,legitimate-linked,184786,"KNML 1901",KANGIS,"HAJIYA LAMI MUSTAPHA"
17513,2,collision,184604,KN5394,KANGIS,"MURTALA ABDULLAHI JEGA"
17513,2,collision,31316,CON-AG-1995-84,3,"ALH. ABDULLAHI M. MUSA"
8351,2,collision,22050,RES-1992-5907,2,"A. IBRAHIM UMAR DAN HASSAN KURA"
8351,2,collision,180781,CON-COM-1996-40,3,"ALH YA'U MIKO"
36864,2,legitimate-optot,182023,RES-1991-3586,1,"USAINI ALHAJI ALASAN"
36864,2,legitimate-optot,182034,"KNML 9769",KANGIS,"USAINI ALHAJI ALASAN"
60803,2,legitimate-linked,174060,RES-2021-2860,2,"ALH. UMAR ADAMU DAHO"
60803,2,legitimate-linked,174075,KN4633,KANGIS,"ALH. UMAR ADAMU DAHO"
176489,2,legitimate-linked,195684,RES-RC-2024-8,1,"ABUBAKAR KABIR ABUBAKAR"
176489,2,legitimate-linked,195718,KN3971,KANGIS,"ABUBAKAR KABIR ABUBAKAR"
149718,2,legitimate-optot,173014,RES-2022-1074,2,"NASIRU MUHAMMAD DANFARANSHI"
149718,2,legitimate-optot,173015,"KNML 9786",KANGIS,"NASIRU MUHAMMAD DANFARANSHI"
177663,2,legitimate-linked,196619,CON-IND-1998-13,3,"SALNUHA INVESTMENTS COMPANY NIG. LTD"
177663,2,legitimate-linked,196628,"MLKN 3659",KANGIS,"SALNUHA INVESTMENTS COMPANY NIG. LTD"
21734,2,legitimate-linked,194384,RES-RC-1982-1259,1,"ALHAJI J.A KOGUNA"
21734,2,legitimate-linked,35533,CON-RES-2020-881,3,"SHUAIBU DAHIRU UMAR"
155636,2,legitimate-linked,179952,RES-2000-3006,2,"UBA ISYAKU"
155636,2,legitimate-linked,179983,"KNML 1209",KANGIS,"UBA ISYAKU"
47753,2,legitimate-linked,194760,RES-2000-692,2,"ABDULLAHI MUSA IDRIS"
47753,2,legitimate-linked,194786,KN4752,KANGIS,"ABDULLAHI MUSA IDRIS"
18759,2,legitimate-linked,32564,CON-COM-RC-1982-32,3,"MALLAM USMAN ABDU"
18759,2,legitimate-linked,196756,"MLKN 552",KANGIS,"ANGEL SPINNING & DYEING LIMITED"
45339,2,legitimate-linked,186297,RES-1997-224,2,"SANUSI IBRAHIM"
45339,2,legitimate-linked,186299,"KNML 1524",KANGIS,"SANUSI IBRAHIM"
37437,2,legitimate-linked,197221,RES-1991-5670,1,"KABIRU ABDU"
37437,2,legitimate-linked,197230,"KNML 9808",KANGIS,"KABIRU ABDU"
24559,2,legitimate-linked,184620,SLTR-219130,SLTR,"ALHAJI AMINU ALHASSAN"
24559,2,legitimate-linked,184650,KN5504,KANGIS,"ALH AMINU ALHASSAN"
37191,2,legitimate-linked,185732,RES-1991-455,1,"MUHAMMAD S. ISMA"
37191,2,legitimate-linked,185734,"KNML 299",KANGIS,"MUHAMMAD SADANU ISMA"
60386,2,legitimate-linked,173622,RES-2020-1408,2,"AHMAD SANI AMINU"
60386,2,legitimate-linked,192786,"KNML 8854",KANGIS,"AHMAD SANI AMINU"
46472,2,legitimate-linked,193883,RES-2000-1386,2,"UMAR SHEHU MINJIBIR"
46472,2,legitimate-linked,193893,"KNML 530",KANGIS,"UMAR SHEHU MINJIBIR"
8761,2,collision,172476,CON-COM-2006-49,3,"B.B.S.Y GENERAL MERCHANT LIMITED"
8761,2,collision,22460,CON-RES-1995-45,3,"MALLAM CHIROMA AYAGA"
47733,2,legitimate-linked,171894,RES-2000-6856,2,"NURA SANI SHUAIBU"
47733,2,legitimate-linked,171936,KN3344,KANGIS,"NURA SANI SHUAIBU"
2304,2,legitimate-optot,15972,RES-1981-1610,1,"ALH KABIRU ABUBAKAR"
2304,2,legitimate-optot,184030,COM-2002-1280,1,"ALH JAMILU SALISU SARKI"
24056,2,collision,47024,CON-RES-2000-32,3,"CHIEF EZE NWOSU"
24056,2,collision,47073,CON-RES-1999-284,3,"ALH DANJUMA GARBA"
54708,2,legitimate-linked,173994,RES-2015-1625,2,"HAMZA ABDULLAHI UMAR"
54708,2,legitimate-linked,174026,KN3596,KANGIS,"HAMZA ABDULLAHI UMAR"
167371,2,legitimate-linked,189686,DCIV-2026-362,DCIV,"INVESTIGATION ACTIVITIES"
167371,2,legitimate-linked,193447,RES-1993-6311,2,"ALHAJI ILIYASU MUHAMMED"
17433,2,collision,184467,KN5373,KANGIS,"MURTALA ABDULLAHI JEGA"
17433,2,collision,31236,CON-RES-1995-456,3,"ALHAJI MUHAMMED BASHIR KHALID"
159767,2,legitimate-linked,183378,SLTR-221410,,"MAHMUD HAFIZ"
159767,2,legitimate-linked,183388,KN5593,KANGIS,"MAHMUD HAFIZ"
17605,2,collision,31408,CON-RES-1997-355,3,"ALHAJI DANLADI MOHD KETAWA"
17605,2,collision,181055,KN5139,KANGIS,"MURTALA ABDULLAHI JEGA"
29967,2,legitimate-linked,186883,RES-1983-875,1,"ALI ALI MOHAMMED"
29967,2,legitimate-linked,186901,"KNML 9608",KANGIS,"ALI ALI MOHAMMED"
65,2,legitimate-linked,191251,AG-RC-1981-33,1,"MESSR TRUSCO CHEMICAL LIMITED"
65,2,legitimate-linked,13720,RES-1981-78,1,"ALH SAIDU MOHAMMED"
51946,2,legitimate-linked,174952,RES-2008-683,2,"NAUWASI HAMISU"
51946,2,legitimate-linked,174980,"KNML 7039",KANGIS,"ABDULMUMINI YUNUSA DANSAUKA"
24078,2,collision,47046,CON-RES-2001-305,3,"ALHAJI SHEHU MUSA"
24078,2,collision,47095,CON-RES-2000-205,3,"ALH BELLO SANI"
151645,2,legitimate-linked,174860,RES-2010-766,2,"ALH. MUKHTAR ABUBAKAR"
151645,2,legitimate-linked,174895,KN4878,KANGIS,"ALH. MUKHTAR ABUBAKAR"
158025,2,legitimate-linked,182073,"KNML 1708",KANGIS,"DAN-ASABE ABDULLAHI"
158025,2,legitimate-linked,192969,RES-2009-2429,2,"MAL ALI GARBA"
3783,2,collision,180011,COM-RC-1982-427,1,"ALHAJI SHARU GAMBO,ALHAJI ABDULAZIZ,ALHAJI ALI MAIWAKE & ALH SANI ABDULLAHI"
3783,2,collision,17457,RES-1992-3768,2,"NURA A HAMISU"
17556,2,legitimate-linked,31359,CON-RES-1995-581,3,"ALHAJI AHMADU IDRIS"
17556,2,legitimate-linked,187999,KN5177,KANGIS,"MURTALA ABDULLAHI JEGA"
7785,2,collision,185448,CON-COM-1982-251,3,"VIVA METAL AND PLASTIC INDUSTRY LIMITED"
7785,2,collision,21476,CON-RES-RC-1982-475,3,"ALHAJI ABDULKARIM ALI"
170976,2,legitimate-linked,191707,COM-2016-70,1,"ABDULLAHI ALFA"
170976,2,legitimate-linked,191730,"MLKN 1956",KANGIS,"ABDULLAHI ALFA"
145530,2,legitimate-linked,168502,COM-2021-318,1,"DR MOHAMMED MUSA ZANGO"
145530,2,legitimate-linked,168529,"MLKN 3451",KANGIS,"DR MOHAMMED MUSA ZANGO"
150739,2,legitimate-linked,174011,CON-RES-2010-1048,3,"HAJIYA RAKIYA SULE GARO"
150739,2,legitimate-linked,174039,"KNML 175",KANGIS,"HAJIYA RAKIYA SULE GARO"
24042,2,collision,47009,CON-RES-1994-406,3,"ALHAJI MUHAMMADU ADAMU"
24042,2,collision,47059,CON-RES-1999-191,3,"UMARU TALLO GWARZO"
10329,2,collision,24031,CON-RES-1989-442,3,"MUSTAPHA SULE BALARABE"
10329,2,collision,185802,CON-COM-RC-1982-81,3,"ALH. HARUNA TAHIR"
145260,2,legitimate-optot,168171,RES-2013-283,2,"ALH IBRAHIM ADAMU AND ISYAKU"
145260,2,legitimate-optot,168172,"KNML 1592",KANGIS,"MUSTAPHA YAHAYA IBRAHIM"
7069,2,collision,20755,RES-1982-1820,1,"MARYAMU A.S. DANTATA"
7069,2,collision,194799,CON-AG-1982-79,3,"ALHAJI BABAN GIDA MOHAMMED"
167784,2,legitimate-linked,190002,RES-2011-3349,2,"SALISU SULAIMAN"
167784,2,legitimate-linked,190007,"KNML 2480",KANGIS,"ENGR SALISU SULEIMAN"
154864,2,legitimate-linked,179193,RES-1996-947,2,"ALHAJI MUNTARI MUHAMMED AHMED"
154864,2,legitimate-linked,179208,"KNML 1834",KANGIS,"ALHAJI MUNTARI MUHAMMED AHMED"
31636,2,legitimate-linked,186720,RES-1986-565,1,"BILKISU LAMIDO DODO"
31636,2,legitimate-linked,186739,"KNML 268",KANGIS,"BILKISU MALIKA DODO"
24508,2,legitimate-linked,174696,CON-RES-2023-6607,3,"UYMEAGHADI  MMADUBUCHI SUNDAY"
24508,2,legitimate-linked,174717,KN4805,KANGIS,"UYMEAGHADI  MMADUBUCHI SUNDAY"
145323,2,legitimate-linked,168239,IND-1997-18,1,"GREAT NORTHERN FOOT WEAR IND. NIG. LTD"
145323,2,legitimate-linked,168254,"MLKN 13",KANGIS,"GREAT NORTHERN FOOT WEAR IND. NIG. LTD"
35931,2,legitimate-optot,187252,RES-1990-4302,1,"HUSSAINI KANKAROFI MUHAMMAD"
35931,2,legitimate-optot,187255,"KNML 2866",KANGIS,"HUSSAINI KANKAROFI MUHAMMAD"
65182,2,legitimate-linked,176053,RES-RC-1982-1162,1,"SADIQ SULAIMAN WALI"
65182,2,legitimate-linked,176073,"KNML 1888",KANGIS,"SADIQ SULAIMAN WALI"
156175,2,legitimate-linked,180490,CON-IND-2015-6,3,"GERAWA ASPHALT & QUARRY LTD"
156175,2,legitimate-linked,180494,"MLKN 2664",KANGIS,"GERAWA ASPHALT & QUARRY LTD"
161661,2,legitimate-linked,185074,CON-RES-2022-209,3,"ABUBAKAR ADAMU ABUBAKAR"
161661,2,legitimate-linked,185089,"KNML 9871",KANGIS,"ABUBAKAR ADAMU ABUBAKAR"
8770,2,legitimate-linked,193532,CON-COM-2006-64,3,"IDRIS ABUBAKAR"
8770,2,legitimate-linked,22469,CON-RES-1995-142,3,"PRINCE ADEDAPO OLANREWAJU OSIYEMI"
1716,2,collision,184824,COM-RC-1982-379,1,"SALISU B.B NA SAMBO"
1716,2,collision,15379,RES-1981-1092,1,"A. MANSUR DATTI"
171726,2,legitimate-linked,192246,RES-2003-2401,2,"SANI KABIRU HARUNA"
171726,2,legitimate-linked,192274,KN3209_2,KANGIS,"SANI KABIRU HARUNA"
45537,2,legitimate-linked,192763,RES-1997-592,2,"AHMAD AMINU"
45537,2,legitimate-linked,192766,"KNML 918",KANGIS,"AHMAD AMINU"
26940,2,legitimate-linked,187781,RES-1981-1469,1,"AHMAD MAHMOUD LAWI"
26940,2,legitimate-linked,187811,"KNML 2878",KANGIS,"AHMAD MAHMOUD LAWI"
157639,2,legitimate-linked,181773,RES-2014-1626,2,"MUKTAR MUHAMMAD"
157639,2,legitimate-linked,181774,"KNML 1984",KANGIS,"MUKTAR MUHAMMAD"
149606,2,legitimate-linked,172896,CON-COM-2018-299,3,"ALH YAHAYA DAN IDI SULE"
149606,2,legitimate-linked,172898,KN3469,KANGIS,"ALH YAHAYA DAN IDI SULE"
24039,2,collision,47006,CON-RES-1999-83,3,"ALHAJI SANI IDRIS"
24039,2,collision,47056,CON-RES-1998-281,3,"MUHAMMAD BABA SURAJO"
15704,2,collision,29503,CON-COM-1983-45,3,"ALHAJI DAUDA GARBA"
15704,2,collision,174498,RES-2005-1522,2,"ALHAJI MUKTARI YAKASAI"
17526,2,legitimate-linked,31329,CON-RES-1995-286,3,"ALH. MUSTAPHA MADU"
17526,2,legitimate-linked,186936,KN4997,KANGIS,"MURTALA ABDULLAHI JEGA"
153351,2,legitimate-linked,186510,KN4525,KANGIS,"MURTALA ABDULLAHI JEGA"
153351,2,legitimate-linked,177654,CON-RES-2023-7264,3,"FAIZU MUHAMMAD GALADIMA"
29859,2,legitimate-linked,187326,RES-1983-633,1,"ALH MOHD MUSA SHEHU"
29859,2,legitimate-linked,187375,"KNML 276",KANGIS,"ALH MOHD MUSA SHEHU"
165214,2,legitimate-linked,188003,CON-RES-2012-351,3,"ALH YAKUBU SHU'AIBU"
165214,2,legitimate-linked,188015,"KNML 2444",KANGIS,"ALH YAKUBU SHU'AIBU"
46030,2,legitimate-linked,189326,RES-1998-701,2,"MUSA ABBAS ALHASSAN"
46030,2,legitimate-linked,189348,"KNML 8619",KANGIS,"MUSA ABBAS ALHASSAN"
147773,2,legitimate-linked,170978,CON-RES-1992-590,3,"MUNZALI AHMAD"
147773,2,legitimate-linked,170988,KN4586,KANGIS,"MUNZALI AHMAD"
6371,2,legitimate-linked,20053,RES-1992-2992,2,"RABIU AUWALU"
6371,2,legitimate-linked,186737,COM-2020-150,1,"YUSUF USMAN GALADIMA"
162368,2,legitimate-linked,185676,CON-COM-2016-200,3,"ALH IBRAHIM AHMAD BABA"
162368,2,legitimate-linked,185686,"MLKN 2574",KANGIS,"ALH IBRAHIM AHMAD BABA"
51093,2,legitimate-optot,194571,RES-2006-300,2,"EMEKA OKPALA"
51093,2,legitimate-optot,194573,KN2652,KANGIS,"EMEKA OKPALA"
164380,2,legitimate-linked,188101,"MLKN 3386",KANGIS,"ALH RABIU A LEKO"
164380,2,legitimate-linked,187230,CON-COM-2020-381,3,"ALH. RABI'U A. LEKO"
17648,2,collision,31451,CON-RES-1994-706,3,"MOHAMMED KHAMISU SHEIK"
17648,2,collision,184647,KN5451,KANGIS,"MURTALA ABDULLAHI JEGA"
7152,2,collision,173990,CON-AG-1984-35,3,"ALH HAMZA ABDULKADIR UMAR"
7152,2,collision,20839,RES-1992-3263,2,"BELLO MOHMOUD"
153408,2,legitimate-linked,177724,RES-1982-1702,1,"KABIRU BEN UMAR"
153408,2,legitimate-linked,177769,"KNML 1812",KANGIS,"KABIRU BEN UMAR"
148223,2,legitimate-linked,171515,RES-2025-5405,2,"ALH UMAR BELLO SALIHU"
148223,2,legitimate-linked,171528,KN5039,KANGIS,"ALH UMAR BELLO SALIHU"
20314,2,collision,181290,RES-RC-1983-170,1,"ALHAJI UBA DOGO"
20314,2,collision,34121,CON-RES-2017-624,3,"ENGR SA'ID MUHAMMAD TAHIR"
17571,2,collision,31374,CON-COM-1995-29,3,"ALHAJI NAFIU HARUNA"
17571,2,collision,179527,KN5182,KANGIS,"MURTALA ABDULLAHI JEGA"
17562,2,collision,31365,CON-RES-1995-587,3,"DR. RABIU SULAIMAN"
17562,2,collision,181004,KN5105,KANGIS,"MURTALA ABDULLAHI JEGA"
173933,2,legitimate-linked,193872,CON-RES-2014-356,3,"IBRAHIM S AHMED"
173933,2,legitimate-linked,193887,"KNML 1423",KANGIS,"IBRAHIM AHMED SULE"
45807,2,legitimate-optot,189605,RES-1998-1167,2,"SAGIR ALHASSAN"
45807,2,legitimate-optot,189616,"KNML 1934",KANGIS,"SAGIR ALHASSAN"
62203,2,legitimate-linked,174877,RES-2023-760,2,"MUHAMMAD ISYAKU"
62203,2,legitimate-linked,174896,KN3926,KANGIS,"MUHAMMAD ISYAKU"
30800,2,legitimate-linked,192117,RES-1985-300,1,"MU'AWIYA MUHAMMAD NA'IBI"
30800,2,legitimate-linked,192136,KN4290,KANGIS,"MU'AWIYA MUHAMMAD NA'IBI"
60073,2,legitimate-linked,181705,RES-2019-4341,2,"KANAWA VENTURE PARK AND EVENT CENTRE"
60073,2,legitimate-linked,181717,KN2696,KANGIS,"KANAWA VENTURE PARK AND EVENT CENTRE"
168382,2,collision,190485,RES-2008-570,2,"RABI'U MUSA"
168382,2,collision,190492,RES-2008-569,2,"MUKTAR RABI'U"
29107,2,legitimate-optot,190309,RES-1982-47,1,"SULEIMAN ZANGINA"
29107,2,legitimate-optot,190314,"KNML 2476",KANGIS,"SULEIMAN ZANGINA"
165064,2,legitimate-linked,187839,CON-RES-2008-403,3,"ABUBAKAR MALAMI ESQ"
165064,2,legitimate-linked,187853,"KNML 2861",KANGIS,"ABUBAKAR MALAMI ESQ"
45094,2,legitimate-optot,171970,RES-1996-964,2,"AUWAL ADAM  SANI"
45094,2,legitimate-optot,172220,"KNML 9612",KANGIS,"AUWAL ADAM  SANI"
5281,2,collision,18958,CON-RES-RC-1982-280,3,"BASHARI MANSUR BELLO"
5281,2,collision,175972,KN3349,KANGIS,"LAWI ALI SADAUKI"
43327,2,legitimate-optot,177853,RES-1995-1410,2,"LAWAN SAYYADI"
43327,2,legitimate-optot,177854,"KNML 44",KANGIS,"LAWAN SAYYADI"
178014,2,legitimate-linked,196829,RES-1999-65,2,"UMAR ABUBAKAR"
178014,2,legitimate-linked,196837,KN3313,KANGIS,"UMAR ABUBAKAR"
17622,2,collision,31425,CON-RES-1994-304,3,"ALHAJI BELLO NUHU"
17622,2,collision,180804,KN4812,KANGIS,"MURTALA ABDULLAHI JEGA"
152063,2,legitimate-linked,175323,RES-2020-1809,2,"ALH USMAN MUHAMMAD HASKE"
152063,2,legitimate-linked,175327,KN3647,KANGIS,"ALH USMAN MUHAMMAD HASKE"
155712,2,legitimate-linked,180025,CON-RES-2023-7366,3,"FAIZU MUHAMMAD GALADIMA"
155712,2,legitimate-linked,180046,KN5128,KANGIS,"MURTALA ABDULLAHI JEGA"
17470,2,collision,183239,KN5387,KANGIS,"MURTALA ABDULLAHI JEGA"
17470,2,collision,31273,CON-AG-1995-23,3,"CHARO HOLDINGS (NIGERIA) LTD"
157916,2,legitimate-linked,181980,RES-2009-2142,2,"DAN ASABE ABDULLAHI"
157916,2,legitimate-linked,181981,"KNML 1998",KANGIS,"MUHAMMAD MUSA AUWAL"
17628,2,legitimate-linked,31431,CON-RES-1994-322,3,"ALHAJI SABO LAWAN KABARA"
17628,2,legitimate-linked,186918,KN4773,KANGIS,"MURTALA ABDULLAHI JEGA"
153292,2,legitimate-linked,177580,RES-1993-6013,2,"NURA MUSA & ALH GARBA"
153292,2,legitimate-linked,177583,"KNML 31",KANGIS,"ABDULRAHMAN MOHAMMED"
53989,2,legitimate-linked,192385,RES-2012-2125,2,"AHMAD AHMAD LAMIDO"
53989,2,legitimate-linked,192427,"KNML 7209",KANGIS,"AHMAD AHMAD LAMIDO"
145402,2,legitimate-linked,168351,CON-RES-2022-59,3,"MUHAMMED YUSUF MUHAMMED"
145402,2,legitimate-linked,168378,"KNML 9828",KANGIS,"MUHAMMED YUSUF MUHAMMED"
178668,2,legitimate-linked,197305,CON-RES-2013-532,3,"HISHAM BARAU DANBATTA"
178668,2,legitimate-linked,197320,"KNML 2114",KANGIS,"HISHAM BARAU DANBATTA"
160698,2,legitimate-linked,184168,CON-RES-2009-193,3,"ALH NABABA ABDULMUMINI"
160698,2,legitimate-linked,184182,"KNML 1734",KANGIS,"GODWING UMEANULUGWO"
24037,2,collision,47004,CON-RES-1999-81,3,"AMINU MUHAMMAD YAKASAI"
24037,2,collision,47054,CON-RES-1998-291,3,"ALH TUKUR ABDULKADIR"
51237,2,legitimate-linked,180352,RES-2006-706,2,"PROF SHEHU AHMAD SAID GALADANCHI"
51237,2,legitimate-linked,180359,"KNML 1477",KANGIS,"PROF SHEHU AHMAD SAID GALADANCHI"
161850,2,legitimate-linked,185239,CON-RES-2011-2183,3,"CHINEDU AMASI"
161850,2,legitimate-linked,185266,KN3721,KANGIS,"CHINEDU AMASI"
161864,2,legitimate-linked,185251,RES-2022-1837,2,"DR ALI MUSTAPHA KURAYSH"
161864,2,legitimate-linked,185273,KN1071,KANGIS,"DR ALI MUSTAPHA KURAYSH"
35972,2,legitimate-linked,179602,RES-1990-4363,1,"ALHAJI UMARU YAHAYA"
35972,2,legitimate-linked,179604,"KNML 1458",KANGIS,"ALHAJI UMARU YAHAYA"
148117,2,legitimate-linked,171384,CON-AG-2025-197,3,"MUSA IBRAHIM"
148117,2,legitimate-linked,171387,KN5059,KANGIS,"MUSA IBRAHIM"
160938,2,legitimate-linked,184395,SLTR-215651,SLTR,"NASIR BASHIR AHMAD"
160938,2,legitimate-linked,184408,KN5333,KANGIS,"NASIR BASHIR AHMAD"
36813,2,legitimate-linked,193219,RES-1991-3482,1,"AKIBU IBRAHIM DALHATU"
36813,2,legitimate-linked,193233,"KNML 944",KANGIS,"AKIBU IBRAHIM DALHATU"
59489,2,legitimate-linked,197108,RES-2019-2519,2,"ALHAJI YAKUBU MUSA"
59489,2,legitimate-linked,197122,"KNML 9617",KANGIS,"ALHAJI YAKUBU MUSA"
50365,2,legitimate-linked,192745,RES-2004-72,2,"TRUSCO INDUSTRIES LTD"
50365,2,legitimate-linked,192753,"KNML 192",KANGIS,"TRUSCO INDUSTRIES LTD"
154048,2,legitimate-linked,178394,CON-RES-2012-141,3,"ALH IDRIS H. ZUBAIRU"
154048,2,legitimate-linked,178409,"KNML 1214",KANGIS,"ALH IDRIS H. ZUBAIRU"
54762,2,legitimate-linked,180000,RES-2015-1807,2,"IBRAHIM IDRIS"
54762,2,legitimate-linked,180106,"KNML 4951",KANGIS,"IBRAHIM IDRIS"
148953,2,legitimate-linked,172310,KN2577,KANGIS,"BSV INDUSTRIES LTD"
148953,2,legitimate-linked,191783,CON-COM-2024-152,3,"BASHIR UMAR TOFA"
155641,2,legitimate-linked,179957,CON-RES-2023-7332,3,"FAIZU MUHAMMAD GALADIMA"
155641,2,legitimate-linked,179981,KN5127,KANGIS,"MURTALA ABDULLAHI JEGA"
164081,2,legitimate-linked,186983,CON-RES-2020-507,3,"NNAJI EMMANUEL"
164081,2,legitimate-linked,187149,KN3801,KANGIS,"NNAJI EMMANUEL"
821,2,legitimate-optot,14481,CON-RES-1981-570,3,"MR JOSEPH OLADAPO ALUKO"
821,2,legitimate-optot,139697,COM-1986-5,1,"BASHIR, IBRAHIM, ABUBAKAR, BINTA HADIZA, RUQAYYA, UMMI, & SADIYA IBRAHIM LIMAN"
171703,2,legitimate-linked,192223,RES-2000-2573,2,"ALHAJI IBRAHIM MIJINYAWA S/DINKI"
171703,2,legitimate-linked,192224,"KNML 904",KANGIS,"ALHAJI IBRAHIM MIJINYAWA S/DINKI"
167022,2,legitimate-linked,189452,CON-COM-2018-251,3,"ALHAJI ADAMU SHUAIBU"
167022,2,legitimate-linked,189551,"MLKN 2774",KANGIS,"ALHAJI ADAMU SHUAIBU"
162162,2,legitimate-linked,185525,CON-RES-2012-559,3,"HAFIZU SANI MAIDAJI"
162162,2,legitimate-linked,185542,"KNML 4896",KANGIS,"HAFIZU SANI MAIDAJI"
32546,2,legitimate-optot,168215,RES-1987-302,1,"ABOOU NOUHU"
32546,2,legitimate-optot,168231,"KNML 5238",KANGIS,"ABOOU NOUHU"
151045,2,legitimate-linked,174291,CON-COM-2022-611,3,"JAMA'ATUL IZALATIL BID'A WA'IKAMATISSUNNA"
151045,2,legitimate-linked,174295,KN4412,KANGIS,"JAMA'ATUL IZALATIL BID'A WA'IKAMATISSUNNA"
153793,2,legitimate-linked,178114,CON-RES-2023-7232,3,"FAIZU MUHAMMAD GALADIMA"
153793,2,legitimate-linked,179471,KN5111,KANGIS,"MURTALA ABDULLAHI JEGA"
11204,2,collision,24908,CON-RES-1983-808,3,"UMAR ABDULKADIR"
11204,2,collision,197809,CON-RES-1982-1305,3,"ALHAJI HAMISU BICHI"
168558,2,legitimate-linked,190615,RES-2008-5299,2,"ASHIRU YA'U"
168558,2,legitimate-linked,190626,"KNML 1624",KANGIS,"ASHIRU YA'U"
153875,2,legitimate-linked,179676,KN5110,KANGIS,"MURTALA ABDULLAHI JEGA"
153875,2,legitimate-linked,178205,CON-RES-2023-7215,3,"FAIZU MUHAMMAD GALADIMA"
152528,2,legitimate-linked,175907,RES-2015-2755,2,"HAMZA ABDULLAHI UMAR"
152528,2,legitimate-linked,175914,KN3595,KANGIS,"HAMZA ABDULLAHI UMAR"
37607,2,legitimate-linked,179277,RES-1991-7035,1,"KABIR MUHAMMAD YARI"
37607,2,legitimate-linked,179304,"KNML 1755",KANGIS,"KABIR MUHAMMAD YARI"
145319,2,legitimate-linked,168235,CON-RES-2005-72,3,"FELIX CHUKWUEKA EZE"
145319,2,legitimate-linked,168263,"KNML 6681",KANGIS,"FELIX CHUKWUEKA EZE"
6261,2,legitimate-optot,19942,RES-1982-980,1,"ALHAJI GARBA YUSUFU"
6261,2,legitimate-optot,177468,COM-RC-1982-524,1,"ALHAJI ASHIRU ALI YAMMUSA"
148983,2,legitimate-linked,172344,RES-2004-446,2,"WASILA TIJJANI KHALIL"
148983,2,legitimate-linked,181877,"KNML 1993",KANGIS,"DA'U ADAMU ALIYU"
154036,2,legitimate-linked,186225,KN4519,KANGIS,"MURTALA ABDULLAHI JEGA"
154036,2,legitimate-linked,178378,CON-RES-2023-7250,3,"FAIZU MUHAMMAD GALADIMA"
10653,2,legitimate-linked,186823,CON-IND-RC-1982-27,3,"ALHAJI ISMA'ILA MUNTARI"
10653,2,legitimate-linked,24356,CON-RES-1988-50,3,"EVA IFELAYO .O."
155649,2,legitimate-linked,179965,CON-COM-2021-621,3,"ABDURRAHMAN MUSA AHMAD"
155649,2,legitimate-linked,180002,KN120,KANGIS,"ABDURRAHMAN MUSA AHMAD"
161155,2,legitimate-linked,184598,SLTR-219456,SLTR,"SABI'U BABANGIDA"
161155,2,legitimate-linked,184607,KN5331,KANGIS,"SABI'U BABANGIDA"
162911,2,legitimate-linked,186075,CON-COM-2019-289,3,"GREEN FOREST INTERNATIONAL FARM & FOOD LIMITED"
162911,2,legitimate-linked,186085,"MLKN 3298",KANGIS,"GREEN FOREST INTERNATIONAL FARM & FOOD LIMITED"
177792,2,legitimate-optot,196685,COM-2022-126,1,"NASIRU MUHD DANFARANSHI"
177792,2,legitimate-optot,196701,"MLKN 4470",KANGIS,"NASIRU MUHD DANFARANSHI"
158828,2,legitimate-linked,182684,CON-RES-2025-118,3,"AIMAK PROPERTIES LIMITED"
158828,2,legitimate-linked,182693,KN4747,KANGIS,"AIMAK PROPERTIES LIMITED"
165528,2,legitimate-linked,188298,CON-RES-2014-368,3,"IDRIS YUNUSA"
165528,2,legitimate-linked,188300,"KNML 2895",KANGIS,"IDRIS YUNUSA"
152588,2,legitimate-optot,175980,RES-2022-5485,2,"SANI RABI'U"
152588,2,legitimate-optot,175990,KN4487,KANGIS,"SANI RABI'U"
23914,2,collision,38662,CON-RES-1999-62,3,"ALHAJI ABUBAKAR ALHASSAN"
23914,2,collision,171170,KN1143,KANGIS,"A. GARBA YUSUF ABDULMUMINI"
17598,2,legitimate-linked,31401,CON-RES-1997-193,3,"MALLAM DANTINE NASIRU"
17598,2,legitimate-linked,186772,KN4620,KANGIS,"MURTALA ABDULLAHI JEGA"
50654,2,legitimate-linked,184729,RES-2005-1786,2,"ABBA UMAR KUKUMA"
50654,2,legitimate-linked,184731,"KNML 1904",KANGIS,"ABBA UMAR KUKUMA"
153434,2,legitimate-linked,186800,KN4772,KANGIS,"MURTALA ABDULLAHI JEGA"
153434,2,legitimate-linked,177750,CON-RES-2023-7319,3,"FAIZU MUHAMMAD GALADIMA"
558,2,collision,195615,COM-1982-73,1,"ALHAJI HAFIZ A RINGIM"
558,2,collision,14216,CON-RES-1981-224,3,"ALHAJI SALE DANBABA"
33187,2,legitimate-linked,170459,RES-1988-2829,1,"AMEENA PINDAR ABUBAKAR"
33187,2,legitimate-linked,170494,KN3816,KANGIS,"AMEENA PINDAR ABUBAKAR"
31014,2,legitimate-linked,179175,RES-2011-675,2,"MUHAMMAD SANI ABDULLAHI"
31014,2,legitimate-linked,179190,"KNML 1758",KANGIS,"MUHAMMAD SANI ABDULLAHI"
46506,2,legitimate-linked,196423,RES-2000-1510,2,"ABUBAKAR BALARABE MAHMOUD"
46506,2,legitimate-linked,196436,KN3873,KANGIS,"ABUBAKAR BALARABE MAHMOUD"
17455,2,collision,185302,KN5405,KANGIS,"MURTALA ABDULLAHI JEGA"
17455,2,collision,31258,CON-RES-1995-491,3,"ALHAJI ISA IBRAHIM"
152627,2,legitimate-optot,176045,RES-2021-856,2,"ASHIRU AMINU LAWAN"
152627,2,legitimate-optot,176046,KN2790,KANGIS,"ASHIRU AMINU LAWAN"
17537,2,legitimate-linked,31340,CON-RES-1995-485,3,"ALHAJI GARBA ABUBAKAR ISA BAGOBIRI"
17537,2,legitimate-linked,187200,KN5157,KANGIS,"MURTALA ABDULLAHI JEGA"
33552,2,legitimate-optot,191678,RES-1989-1284,1,"ALH SANUSI ADAMU"
33552,2,legitimate-optot,191683,"KNML 2487",KANGIS,"ALH SANUSI ADAMU"
146291,2,legitimate-linked,169334,RES-2015-916,2,"ADO DAHIRU"
146291,2,legitimate-linked,169357,KN2699,KANGIS,"ADO DAHIRU"
156475,2,legitimate-linked,180862,CON-RES-2023-7326,3,"FAIZU MUHAMMAD GALADIMA"
156475,2,legitimate-linked,180918,KN4781,KANGIS,"MURTALA ABDULLAHI JEGA"
8932,2,collision,22633,RES-1992-6974,2,"ADAMU GARBA"
8932,2,collision,174049,"KNML 68",KANGIS,"ALH.HAMZA ABDULLAHI UMAR"
17524,2,legitimate-linked,186921,KN4995,KANGIS,"MURTALA ABDULLAHI JEGA"
17524,2,legitimate-linked,31327,CON-RES-1995-263,3,"SULEIMAN IBRAHIM"
33927,2,legitimate-optot,194714,RES-1989-1845,1,"MR OLUCHUKWU C ORIZU"
33927,2,legitimate-optot,194724,"KNML 1591",KANGIS,"BATULA IBRAHIM WARU"
153814,2,legitimate-linked,181880,KN5108,KANGIS,"MURTALA ABDULLAHI JEGA"
153814,2,legitimate-linked,178136,CON-RES-2023-7270,3,"FAIZU MUHAMMAD GALADIMA"
31438,2,legitimate-linked,186504,RES-1986-2193,1,"ALHAJI ALI MUHAMMED"
31438,2,legitimate-linked,186531,"KNML 265",KANGIS,"ISMAIL YUSUF MUHAMMED"
146892,2,legitimate-linked,169962,RES-2020-1810,2,"ALH USMANMOHD HASKE"
146892,2,legitimate-linked,169984,KN3649,KANGIS,"ALH USMAN MUHAMMAD HASKE"
6263,2,collision,19944,RES-1982-984,1,"IBRAHIM YUSUF"
6263,2,collision,179857,COM-RC-1982-526,1,"MR JOSEPH ABDALLAH"
153357,2,legitimate-linked,177664,CON-RES-2023-7263,3,"FAIZU MUHAMMAD GALADIMA"
153357,2,legitimate-linked,180875,KN5106,KANGIS,"MURTALA ABDULLAHI JEGA"
17599,2,legitimate-linked,31402,CON-RES-1997-194,3,"MRS. KATE BOSA"
17599,2,legitimate-linked,187345,KN4546,KANGIS,"MURTALA ABDULLAHI JEGA"
24213,2,legitimate-linked,194563,CON-RES-2016-870,3,"HADIZA BASHIR"
24213,2,legitimate-linked,194589,"KNML 8438",KANGIS,"HADIZA BASHIR"
10616,2,collision,181165,CON-IND-2024-6,3,"HAJARA IHSAN NIG LTD"
10616,2,collision,24319,CON-RES-1988-250,3,"DAVID ABAYOMI ODUKOYA"
13432,2,legitimate-linked,189865,CON-RES-1988-428,3,"ALHAJI LILI GABARI"
13432,2,legitimate-linked,27206,RES-1991-418,1,"ALHAJI BELLO DAN AZUMI ROGO"
49892,2,legitimate-linked,197752,RES-2003-2334,2,"ABDULFATAH MUHAMMAD"
49892,2,legitimate-linked,197774,"KNML 9178",KANGIS,"ABDULFATAH MUHAMMAD"
1286,2,collision,182262,RES-RC-1982-1261,1,"MR JOSEPH ABDULLAHI MOUKTHAR"
1286,2,collision,14947,CON-RES-1981-597,3,"ALHAJI BABALLE ILA"
16529,2,legitimate-linked,30329,CON-COM-1999-72,3,"ABDULLAHI MOHAMMAD"
16529,2,legitimate-linked,189369,"KNML 2443",KANGIS,"ALHAJI YAKUBU SHU'AIBU"
152865,2,legitimate-linked,176297,RES-2018-3076,2,"HALILU AHMED AHMADU"
152865,2,legitimate-linked,176299,"KNML 8778",KANGIS,"ABBAS UMAR"
154835,2,legitimate-linked,179163,CON-RES-1997-36,3,"IBRAHIM ADAMU"
154835,2,legitimate-linked,179164,"KNML 1760",KANGIS,"IBRAHIM ADAMU"
24071,2,collision,47039,CON-RES-2000-165,3,"MUKHTAR ISA MAIDABINO"
24071,2,collision,47088,CON-RES-1997-41,3,"UMARU MUHAMMAD SHU'AIBU"
46882,2,legitimate-linked,191501,RES-2000-2456,2,"MUHAMMAD GAZALI ABUBAKAR"
46882,2,legitimate-linked,191528,"KNML 4102",KANGIS,"MUHAMMAD GAZZALI ABUBAKAR"
852,2,legitimate-linked,192770,RES-2014-1272,2,"S.D.F. NIGERIA LIMITED"
852,2,legitimate-linked,14512,CON-RES-1981-517,3,"ALHAJI USMAN ABDU BICHI"
5362,2,collision,173327,COM-2023-489,1,"YUSUF SHU'AIBU DANGUGUWA"
5362,2,collision,19039,RES-1992-6783,2,"HAJIYA YARINYA AMINU"
146992,2,legitimate-linked,170085,CON-COM-2017-154,3,"ALH SALISU MUHAMMAD MAIKEKE"
146992,2,legitimate-linked,170086,KN4861,KANGIS,"ALH SALISU MUHAMMAD MAIKEKE"
149320,2,legitimate-linked,172607,RES-2003-407,2,"BELLO ABDULLAHI"
149320,2,legitimate-linked,186028,LPCC-2017-143,DCIV,"M.M SANI & CO"
25363,2,collision,182491,"KNML 5905",KANGIS,"BASHIR USMAN YALO"
25363,2,collision,47305,CON-RES-2007-288,3,"ALHAJI NASIRU AHALI"
58490,2,legitimate-optot,177611,RES-2018-464,2,"MUHAMMAD MUKHTAR"
58490,2,legitimate-optot,177625,KN4656,KANGIS,"MUHAMMAD MUKHTAR"
152208,2,legitimate-linked,175509,CON-COM-2021-454,3,"BAJIRA FARM GENERAL ENTERPRISES"
152208,2,legitimate-linked,175515,KN3151,KANGIS,"BAJIRA FARM GENERAL ENTERPRISES"
803,2,collision,186749,COM-1986-198,1,"HAMZA MOTORS LIMITED"
803,2,collision,14463,CON-RES-1981-579,3,"ALHAJI AMADU ANAS"
176283,2,legitimate-linked,195433,RES-2005-1197,2,"HAJIYA HABIBA ABUBAKAR"
176283,2,legitimate-linked,195443,"KNML 2284",KANGIS,"NASIRU SHITTU IDRIS"
153317,2,legitimate-linked,186411,KN5166,KANGIS,"MURTALA ABDULLAHI JEGA"
153317,2,legitimate-linked,177608,CON-RES-2023-7201,3,"FAIZU MUHAMMAD GALADIMA"
156984,2,legitimate-linked,181298,RES-1995-1809,2,"WALI MANSOOR KURAWA"
156984,2,legitimate-linked,181300,"KNML 1973",KANGIS,"WALI MANSOOR KURAWA"
29930,2,legitimate-linked,182554,RES-1983-80,1,"ISMAILA USMAN"
29930,2,legitimate-linked,182560,"KNML 1948",KANGIS,"ISMAILA USMAN"
150030,2,legitimate-optot,173371,RES-2020-3952,2,"LUKMAN SULAIMAN ADAMU"
150030,2,legitimate-optot,173382,"KNML 9813",KANGIS,"LUKMAN SULAIMAN ADAMU"
50079,2,legitimate-linked,184755,RES-2003-4298,2,"ALHAJI TIJJANI AYUBA INDABAWA"
50079,2,legitimate-linked,184760,"KNML 1750",KANGIS,"ALHAJI TIJJANI AYUBA INDABAWA"
148961,2,legitimate-linked,172318,RES-2021-1599,2,"MUSA AHMAD"
148961,2,legitimate-linked,172327,KN3981,KANGIS,"MUSA AHMAD"
17499,2,collision,31302,CON-COM-1995-20,3,"DALHATU SABO INUWA"
17499,2,collision,185275,KN5401,KANGIS,"MURTALA ABDULLAHI JEGA"
43429,2,legitimate-linked,183320,RES-1995-1743,2,"ALH AMINU ALHASSAN"
43429,2,legitimate-linked,183333,"KNML 1920",KANGIS,"ALH AMINU ALHASSAN"
24059,2,collision,47027,CON-RES-2000-3,3,"MALLAM YUSUFU SALIHU"
24059,2,collision,47076,CON-RES-1999-61,3,"ALH ABUBAKAR ALHASSAN"
55059,2,legitimate-optot,188084,RES-2015-337,2,"MR & MRS ELIJAH AKANNI"
55059,2,legitimate-optot,188105,"KNML 2884",KANGIS,"MR & MRS ELIJAH AKANNI"
6451,2,legitimate-optot,20134,CON-AG-1986-44,3,"ABDULLAHI LIVESTOCK & ARABLE FARM"
6451,2,legitimate-optot,173135,COM-RC-1985-31,1,"UMAR ENGR DAHIRU DAWAKI"
147109,2,legitimate-optot,170212,RES-2022-2139,2,"MAMUDA ISA MUSA"
147109,2,legitimate-optot,170260,"KNML 9800",KANGIS,"MAMUDA ISA MUSA"
10048,2,collision,192947,CON-COM-2022-586,3,"ALH MAIWADA ABUBAKAR"
10048,2,collision,23750,CON-AG-1984-197,3,"ALHAJI ABDULKADIR AHMED"
34354,2,legitimate-optot,170378,RES-1989-314,1,"ABDULLAHI ABDU HO"
34354,2,legitimate-optot,170555,KN3066,KANGIS,"ABDULLAHI ABDU HO"
178501,2,legitimate-linked,197174,RES-2015-3098,2,"SAAD SHITU SHARUBUTU"
178501,2,legitimate-linked,197200,"KNML 9250",KANGIS,"SAAD SHITU SHARUBUTU"
67529,2,legitimate-linked,180369,RES-RC-1987-38,1,"HAJIYA AMINA RABIU"
67529,2,legitimate-linked,180377,"KNML 1489",KANGIS,"HAJIYA AMINA RABIU"
1156,2,collision,181920,COM-RC-1982-538,1,"CINEMA DISTRIBUTION CIRCUIT"
1156,2,collision,14817,RES-1981-494,1,"ALH BABA MUHAMMED"
7671,2,collision,21362,CON-AG-1984-147,3,"ALHAJI INUWA MUSA"
7671,2,collision,174464,CON-COM-1981-15,3,"BEHA PETROLEUM COMPANY NIG LTD"
153517,2,legitimate-linked,181720,KN5117,KANGIS,"MURTALA ABDULLAHI JEGA"
153517,2,legitimate-linked,177827,CON-RES-2023-7365,3,"FAIZU MUHAMMAD GALADIMA"
155222,2,legitimate-linked,179554,RES-2000-2830,2,"ABDULLAHI IBRAHIM MAGASHI"
155222,2,legitimate-linked,179561,"KNML 1457",KANGIS,"ABDULLAHI LADAN"
17418,2,collision,185173,KN5383,KANGIS,"MURTALA ABDULLAHI JEGA"
17418,2,collision,31221,CON-RES-1995-281,3,"ALHAJI ADO SANI KIBIYA"
2941,2,collision,16611,RES-1992-2656,2,"ALH ALI A ADAMU"
2941,2,collision,172836,"MLKN 1583",KANGIS,"IBRAHIM ALI SADIQ"
32890,2,legitimate-optot,184648,RES-1987-964,1,"SADIYA ABDU BICHI"
32890,2,legitimate-optot,184655,"KNML 1911",KANGIS,"SADIYA ABDU BICHI"
149638,2,legitimate-linked,172935,COM-2023-49,1,"HARUNA BABANGIDA"
149638,2,legitimate-linked,172968,"MLKN 3831",KANGIS,"HARUNA BABANGIDA"
62200,2,legitimate-linked,189275,RES-2023-751,2,"MUHAMMAD ISYAKU"
62200,2,legitimate-linked,189289,KN3925,KANGIS,"MUHAMMAD ISYAKU"
19527,2,collision,176171,IND-RC-1982-7,1,"ALI NUHU INDABO"
19527,2,collision,33332,CON-RES-1988-326,3,"MR ADE OREDORE"
1020,2,legitimate-optot,14681,RES-1992-992,2,"ALH MUKTAR YARI ABUBAKAR"
1020,2,legitimate-optot,178427,COM-1990-33,1,"ALH. SHARIFF A. IBRAHIM"
164152,2,legitimate-linked,193110,DCIV-2023-171,DCIV,"MAL. AUDU WANZAM"
164152,2,legitimate-linked,187020,RES-2018-1284,2,"MALAM AUDU WANZAMI"
152896,2,legitimate-linked,176330,CON-AG-2021-117,3,"MUJITTAFA AYUBA"
152896,2,legitimate-linked,176332,"MLKN 4417",KANGIS,"MUJITTAFA AYUBA"
30623,2,legitimate-linked,182530,RES-1985-1969,1,"ALH RUFA'I  MAIYAKI ABDULMALIK"
30623,2,legitimate-linked,182567,"KNML 1714",KANGIS,"ALH RUFA'I  MAIYAKI ABDULMALIK"
2723,2,legitimate-linked,16392,RES-1992-2250,2,"MALLAM ZAKARI MUSA"
2723,2,legitimate-linked,195571,COM-2004-123,1,"GAHAM CONSTRUCTION (NIG) LIMITED"
151655,2,legitimate-linked,174871,CON-RES-2017-4,3,"IBRAHIM ABDULKARIM ADAMU"
151655,2,legitimate-linked,174886,KN5321,KANGIS,"IBRAHIM ABDULKARIM ADAMU"
17475,2,collision,185458,KN5397,KANGIS,"MURTALA ABDULLAHI JEGA"
17475,2,collision,31278,CON-AG-1995-57,3,"MUKTAR AHMAD"
52424,2,legitimate-optot,181809,RES-2009-5007,2,"GODWIN UMEANULUGWO"
52424,2,legitimate-optot,181845,KN1244,KANGIS,"GODWIN UMEANULUGWO"
5993,2,collision,185853,COM-RC-1982-24,1,"MAZAF MINE DEPOT STORE LIMITED"
5993,2,collision,19670,RES-1992-2792,2,"AUWALU USMAN"
56776,2,legitimate-optot,174350,RES-2016-2992,2,"KANTO ABBA SULUM"
56776,2,legitimate-optot,174386,"KNML 5179",KANGIS,"KANTO ABBA SULUM"
7895,2,collision,182519,KN2251,KANGIS,"RISIKAT HARUNA"
7895,2,collision,21587,RES-1992-4628,2,"MOHAMMED TUKUR"
156069,2,legitimate-optot,180404,RES-2023-5777,2,"SANI ALI SHEHU"
156069,2,legitimate-optot,180408,KN4477,KANGIS,"SANI ALI SHEHU"
153427,2,legitimate-linked,177743,CON-RES-2012-270,3,"AMINU IBRAHIM GARBA"
153427,2,legitimate-linked,177757,"KNML 41",KANGIS,"AMINU IBRAHIM GARBA"
30380,2,legitimate-linked,194253,RES-1985-1325,1,"ALIYU MAHMOUD GALADANCI"
30380,2,legitimate-linked,194361,"MLKN 1581",KANGIS,"ALIYU MAHMOUD GALADANCI"
176028,2,legitimate-linked,195249,CON-IND-2022-53,3,"ABUBAKAR AHMED ZIMIT"
176028,2,legitimate-linked,195268,"MLKN 4465",KANGIS,"ABUBAKAR AHMED ZIMIT"
153519,2,legitimate-linked,177828,CON-RES-2023-7376,3,"FAIZU MUHAMMAD GALADIMA"
153519,2,legitimate-linked,186207,KN4563,KANGIS,"MURTALA ABDULLAHI JEGA"
66201,2,legitimate-linked,182189,RES-RC-1982-443,1,"IBRAHIM SALISU BUHARI"
66201,2,legitimate-linked,182209,"KNML 2000",KANGIS,"IBRAHIM SALISU BUHARI"
28170,2,legitimate-optot,194762,RES-1982-1373,1,"ALIYU MAHMOUD GALADANCI"
28170,2,legitimate-optot,194795,"KNML 1587",KANGIS,"ALIYU MAHMOUD GALADANCI"
17512,2,collision,31315,CON-COM-1995-81,3,"QUA IBOE CHURCH OF NIGERIA"
17512,2,collision,185540,KN5391,KANGIS,"MURTALA ABDULLAHI JEGA"
7862,2,collision,185096,CON-COM-2018-191,3,"MUNNIR BABBA DAN AGUNDI"
7862,2,collision,21554,CON-RES-RC-1982-30,3,"ALHAJI SHEHU A. BABA ABU"
154870,2,legitimate-optot,179201,RES-2021-4547,2,"AHMED ABDULLAHI SIDI"
154870,2,legitimate-optot,179219,KN3962,KANGIS,"AHMED ABDULLAHI SIDI"
17566,2,legitimate-linked,191695,KN5169,KANGIS,"MURTALA ABDULLAHI JEGA"
17566,2,legitimate-linked,31369,CON-RES-1995-595,3,"ASABE ALIYU"
153384,2,legitimate-linked,177697,CON-RES-2023-7252,3,"FAIZU MUHAMMAD GALADIMA"
153384,2,legitimate-linked,186401,KN4531,KANGIS,"MURTALA ABDULLAHI JEGA"
161301,2,legitimate-linked,184751,RES-2000-2706,2,"HADIZA ABUBAKAR"
161301,2,legitimate-linked,184752,"KNML 1910",KANGIS,"MAGAJI LADAN KIRI"
11652,2,collision,193506,CON-RES-1982-622,3,"ONEHI JOHN UDEH"
11652,2,collision,25356,CON-RES-RC-1982-5,3,"ALHAJI IBRAHIM MOHAMMED"
17567,2,legitimate-linked,31370,CON-RES-1995-596,3,"ALHAJI ABUBAKAR IBRAHIM"
17567,2,legitimate-linked,187981,KN5120,KANGIS,"MURTALA ABDULLAHI JEGA"
171069,2,legitimate-linked,191780,RES-2002-4719,2,"MOHAMMED ALIYU AND 3 OTHERS"
171069,2,legitimate-linked,191786,"KNML 2415",KANGIS,"NAZAFI SULEIMAN"
30365,2,legitimate-linked,177627,RES-1985-1290,1,"MR FELIX AWAGU"
30365,2,legitimate-linked,177643,"KNML 1808",KANGIS,"MR FELIX AWAGU"
31235,2,legitimate-linked,175210,RES-1986-1289,1,"LT COL. SALIHU ZAWAY UBA"
31235,2,legitimate-linked,175265,KN4729,KANGIS,"AISHA SURAIYA MUHAMMED"
17533,2,legitimate-linked,31336,CON-RES-1995-478,3,"AISHATU UMAR BELLO"
17533,2,legitimate-linked,187930,KN5174,KANGIS,"MURTALA ABDULLAHI JEGA"
148908,2,legitimate-linked,172274,COM-2015-575,1,"BELLO ABDULLAHI."
148908,2,legitimate-linked,172284,KN3492,KANGIS,"BELLO ABDULLAHI."
40363,2,legitimate-linked,185606,RES-1992-651,2,"ENGR. SALISU SULEIMAN AHMED"
40363,2,legitimate-linked,185614,"KNML 294",KANGIS,"ENGR. SALISU SULEIMAN AHMED"
177547,2,legitimate-linked,196535,CON-RES-2017-70,3,"HASSANA SADIQ"
177547,2,legitimate-linked,196546,"KNML 4706",KANGIS,"HASSANA SADIQ"
37031,2,legitimate-linked,187256,RES-1991-3943,1,"ABDULJALAL HUSSAINI MAIKARFE"
37031,2,legitimate-linked,187260,"KNML 272",KANGIS,"ABDULJALAL HUSSAINI MAIKARFE"
156396,2,legitimate-optot,181783,RES-2007-1857,2,"RUQAYYA MOHAMMED"
156396,2,legitimate-optot,180773,RES-2007-1856,2,"USMAN SANI HALADU"
44479,2,legitimate-linked,184640,KN3478,KANGIS,"IDRIS AHMAD MUSA"
44479,2,legitimate-linked,177673,RES-1995-949,2,"IDRIS AHMAD MUSA"
178332,2,legitimate-linked,197038,CON-RES-2011-203,3,"NU'UMAN A. BARAU DANBATTA"
178332,2,legitimate-linked,197082,"KNML 7065",KANGIS,"NU'UMAN A. BARAU DANBATTA"
1310,2,collision,14971,CON-RES-1981-601,3,"HAJIYA A'I NAGODA"
1310,2,collision,186552,COM-1993-177,1,"MR SHEWAK UTUMAL MANWANI"
17617,2,collision,31420,CON-RES-1994-312,3,"ALHAJI SABO LAWAN KABARA"
17617,2,collision,181253,KN4814,KANGIS,"MURTALA ABDULLAHI JEGA"
17469,2,collision,185497,KN5377,KANGIS,"MURTALA ABDULLAHI JEGA"
17469,2,collision,31272,CON-AG-1995-21,3,"ALHAJI ALI YUSUF"
50208,2,legitimate-linked,184340,RES-2004-187,2,"ABUBAKAR SADIQ MUHAMMED"
50208,2,legitimate-linked,184341,"KNML 1917",KANGIS,"ABUBAKAR SADIQ MUHAMMED"
157018,2,legitimate-linked,181326,RES-1985-1013,1,"JUMMAI FATIMA MANSOOR"
157018,2,legitimate-linked,181327,"KNML 1974",KANGIS,"JUMMAI FATIMA MANSOOR"
153409,2,legitimate-linked,177726,CON-RES-2023-7337,3,"FAIZU MUHAMMAD GALADIMA"
153409,2,legitimate-linked,187178,KN4775,KANGIS,"MURTALA ABDULLAHI JEGA"
49266,2,legitimate-linked,183110,RES-2002-5769,2,"DR FARUK UMAR"
49266,2,legitimate-linked,183136,"KNML 1725",KANGIS,"DR SAUDAT GARBA HABIB"
54799,2,legitimate-linked,179487,RES-2015-1958,2,"MUSA YUSUF GIWA"
54799,2,legitimate-linked,179503,KN3988,KANGIS,"MUSA YUSUF GIWA"
50167,2,legitimate-optot,188773,RES-2003-97,2,"ABDULLAHI D SHUAIBU"
50167,2,legitimate-optot,188788,"KNML 2455",KANGIS,"ABDULLAHI DANJUMA SHUAIBU"
147195,2,legitimate-linked,170265,CON-IND-1994-7,3,"VIVA METAL AND PLASTIC IND LTD"
147195,2,legitimate-linked,170277,"MLKN 51",KANGIS,"VIVA METAL AND PLASTIC IND LTD"
35971,2,legitimate-linked,179658,RES-1990-4362,1,"YAHAYA MADUGU TASIU"
35971,2,legitimate-linked,179659,"KNML 1465",KANGIS,"YAHAYA MADUGU TASIU"
151868,2,legitimate-linked,175114,RES-2017-2760,2,"ALH. KASSIM MAIKORE."
151868,2,legitimate-linked,175132,"KNML 9042",KANGIS,"""ALH. KASSIM MAIKORE."""
147900,2,legitimate-linked,171116,RES-2007-843,2,"TEEMCO MULTI-TRADE VENTURES"
147900,2,legitimate-linked,171156,KN3324,KANGIS,"TEEMCO MULTI-TRADE VENTURES"
151726,2,legitimate-linked,174957,CON-RES-2022-100,3,"SANI UMAR"
151726,2,legitimate-linked,193275,CON-RES-2023-3271,3,"SANI UMAR"
46193,2,legitimate-linked,190319,RES-1999-1346,2,"RABILU LAWAL"
46193,2,legitimate-linked,190332,"KNML 9551",KANGIS,"RABILU LAWAL"
152005,2,legitimate-linked,175256,CON-RES-2011-2197,3,"NIGERIAN SECURITY & CIVIC DEFENCE CORPS"
152005,2,legitimate-linked,175266,KN3956,KANGIS,"NIGERIAN SECURITY & CIVIC DEFENCE CORPS"
3873,2,collision,17547,CON-RES-1994-438,3,"ALHAJI SARKI ABDUSSALAM INDABAWA"
3873,2,collision,184884,RES-2007-1620,2,"ANAS ALH ADO DANDOLO"
15009,2,collision,28803,RES-1993-2611,2,"MOHD MUHTARI"
15009,2,collision,187451,CON-RES-1999-222,3,"ABBAS IBRAHIM"
149918,2,legitimate-linked,173245,CON-IND-2022-3,3,"ANDO RICE MILL NIGERIA LIMITED."
149918,2,legitimate-linked,173316,"MLKN 3569",KANGIS,"ANDO RICE MILL NIGERIA LIMITED."
17424,2,collision,184293,KN5439,KANGIS,"MURTALA ABDULLAHI JEGA"
17424,2,collision,31227,CON-RES-1995-290,3,"ALH. ISYAKU IDRIS ABU ALHASSAN"
17644,2,legitimate-linked,31447,CON-RES-1994-343,3,"ALHAJI SABO LAWAN KABARA"
17644,2,legitimate-linked,186505,KN5114,KANGIS,"MURTALA ABDULLAHI JEGA"
17632,2,legitimate-linked,31435,CON-RES-1994-340,3,"ALHAJI SABO LAWAN KABARA"
17632,2,legitimate-linked,191991,KN5249,KANGIS,"MURTALA ABDULLAHI JEGA"
17440,2,collision,31243,CON-RES-1995-465,3,"ALHAJI ISA ALIYU MAIDAJI"
17440,2,collision,185555,KN5436,KANGIS,"MURTALA ABDULLAHI JEGA"
145784,2,legitimate-linked,168760,CON-RES-2023-7424,3,"ISA DAWUD JIDDA"
145784,2,legitimate-linked,168780,KN5433,KANGIS,"ISA DAWUD JIDDA"
33172,2,legitimate-linked,181054,RES-1988-277,1,"IDRIS AHMAD"
33172,2,legitimate-linked,181097,"KNML 650",KANGIS,"IDRIS AHMED"
153340,2,legitimate-linked,189814,KN5261,KANGIS,"MURTALA ABDULLAHI JEGA"
153340,2,legitimate-linked,177641,CON-RES-2023-7266,3,"FAIZU MUHAMMAD GALADIMA"
15328,2,collision,29126,RES-1993-3499,2,"DELA ABDULLAHI"
15328,2,collision,180022,CON-RES-2003-185,3,"HAJIYA TALATU .I. IBRAHIM"
157706,2,legitimate-linked,181833,RES-2010-4246,2,"WAKEEL IMAM"
157706,2,legitimate-linked,181841,"KNML 1989",KANGIS,"WAKEEL IMAM"
48843,2,legitimate-optot,176319,RES-2002-2470,2,"AMNA IBRAHIM A OTHMAN"
48843,2,legitimate-optot,176320,KN3928,KANGIS,"AMNA IBRAHIM A OTHMAN"
22713,2,legitimate-linked,191789,RES-RC-1982-1222,1,"HAJ MARIYA SANUSI DANTATA"
22713,2,legitimate-linked,36450,CON-RES-1992-219,3,"SULAIMAN ABDULKADIR"
153510,2,legitimate-linked,177818,CON-RES-2023-7216,3,"FAIZU MUHAMMAD GALADIMA"
153510,2,legitimate-linked,187340,KN4550,KANGIS,"MURTALA ABDULLAHI JEGA"
31910,2,legitimate-optot,178299,RES-1987-1233,1,"SALE ALI NAGERO"
31910,2,legitimate-optot,178306,"KNML 1782",KANGIS,"SALE ALI NAGERO"
58291,2,legitimate-optot,172317,RES-2018-3398,2,"RABI'U BABA SANI"
58291,2,legitimate-optot,172328,"KNML 8015",KANGIS,"RABI'U BABA SANI"
51843,2,legitimate-linked,194735,RES-2008-4514,2,"NASIR SAID ADAHAMA"
51843,2,legitimate-linked,194741,KN3017,KANGIS,"NASIRU ADAHAMA SAID"
24062,2,collision,47030,CON-RES-2000-169,3,"ISA USMAN INUSA"
24062,2,collision,47079,CON-RES-1999-383,3,"ALH HARISU ALI DANJA"
153942,2,legitimate-linked,191776,KN5250,KANGIS,"MURTALA ABDULLAHI JEGA"
153942,2,legitimate-linked,178277,CON-RES-2023-7334,3,"FAIZU MUHAMMAD GALADIMA"
153509,2,legitimate-linked,177816,RES-2011-3671,2,"YUSUF BALARABE"
153509,2,legitimate-linked,177817,"KNML 42",KANGIS,"YUSUF BALARABE"
17544,2,collision,31347,CON-RES-1995-554,3,"ALHAJI GAMBO HASSAN"
17544,2,collision,179696,KN5211,KANGIS,"MURTALA ABDULLAHI JEGA"
54905,2,legitimate-linked,173387,RES-2015-2483,2,"UBA MUHD SANI"
54905,2,legitimate-linked,173419,"KNML 4298",KANGIS,"AHMED BELLO MAUDE"
3778,2,collision,184841,COM-2012-1,1,"EMERGING MARKET TELECOMMUNICATION SERVICES LTD"
3778,2,collision,17452,RES-1992-3762,2,"ALHAJI MOHAMMED METCHO"
178774,2,legitimate-linked,197402,RES-2001-4381,2,"SANI SULAIMAN"
178774,2,legitimate-linked,197406,KN917,KANGIS,"SULEIMAN UMAR SANI"
19413,2,legitimate-optot,33218,CON-COM-1994-81,3,"ALH MAMMADA YAKUBU"
19413,2,legitimate-optot,177661,IND-RC-1982-154,1,"CATHOLIC CHURCH KANO"
47835,2,legitimate-linked,182220,RES-2000-842,2,"ALH KABIRU RUFA'E"
47835,2,legitimate-linked,182222,"KNML 9665",KANGIS,"HASSAN SHU'AIBU"
152770,2,legitimate-linked,176190,RES-1991-2457,1,"ABDULLAHI ALHASSAN"
152770,2,legitimate-linked,176198,"KNML 1863",KANGIS,"ABDULLAHI ALHASSAN"
145196,2,legitimate-linked,168089,RES-2011-3317,2,"ALH SULEIMAN SANI"
145196,2,legitimate-linked,168118,KN913,KANGIS,"ALH SULEIMAN SANI"
47208,2,legitimate-linked,195231,RES-2000-3556,2,"SABIU AND SANI BROTHERS LTD"
47208,2,legitimate-linked,195232,"KNML 8216",KANGIS,"SABIU AND SANI BROTHERS LTD"
172472,2,legitimate-linked,192853,CON-RES-2003-282,3,"BASHIRU SANI GAMBO"
172472,2,legitimate-linked,192854,"KNML 934",KANGIS,"BASHIRU SANI GAMBO"
58167,2,legitimate-linked,185408,RES-2018-2895,2,"SENATOR BELLO HAYATU GWARZO"
58167,2,legitimate-linked,185439,"KNGP 259",KANGIS,"SENATOR BELLO HAYATU GWARZO"
35433,2,legitimate-optot,169252,RES-1990-2620,1,"KABIR YUSUF BAKORI"
35433,2,legitimate-optot,169294,KN3296,KANGIS,"KABIR YUSUF BAKORI"
34937,2,legitimate-optot,185351,RES-1990-1481,1,"AUWALU ISA"
34937,2,legitimate-optot,185352,"KNML 1506",KANGIS,"AUWALU ISA"
52836,2,legitimate-optot,184699,RES-2009-7559,2,"PETRICHOR IND LIMITED"
52836,2,legitimate-optot,184705,"KNML 1906",KANGIS,"PETRICHOR IND LIMITED"
147469,2,legitimate-linked,170540,KN4666,KANGIS,"MR OLINYA SAMUEL"
147469,2,legitimate-linked,170541,CON-COM-2023-599,3,"MR OLINYA SAMUEL"
151232,2,legitimate-linked,174466,CON-RES-1987-875,3,"SALE ALI"
151232,2,legitimate-linked,174490,"KNML 1868",KANGIS,"SALE ALI NAGERO"
47031,2,legitimate-linked,192708,RES-2000-2953,2,"AMINU AHMAD ADAMU"
47031,2,legitimate-linked,192723,"KNML 914_1",,"SUFIAN LAWAL"
177497,2,legitimate-linked,196487,CON-AG-1983-278,3,"NU'UMAN BARAU DANBATTA"
177497,2,legitimate-linked,196510,"MLKN 2609",KANGIS,"NU'UMAN BARAU DANBATTA"
17570,2,legitimate-linked,31373,CON-COM-1995-15,3,"MR. EUGENE OGBUJI"
17570,2,legitimate-linked,187257,KN5183,KANGIS,"MURTALA ABDULLAHI JEGA"
32065,2,legitimate-linked,172146,RES-1987-1596,1,"GROUP CAPTAIN MAHMOUD EL-HAJI AHMED"
32065,2,legitimate-linked,172222,KN3731,KANGIS,"GROUP CAPTAIN MAHMOUD EL-HAJI AHMED"
47022,2,legitimate-optot,176050,KN3824,KANGIS,"FAS AGRO INDUSTRIAL COMPANY LIMITED"
47022,2,legitimate-optot,174349,RES-2000-293,2,"FAS AGRO INDUSTRIAL COMPANY LIMITED"
151174,2,legitimate-linked,174397,,1,"NURA YUSUF IBRAHIM"
151174,2,legitimate-linked,174415,KN2234,KANGIS,"NURA YUSUF IBRAHIM"
51365,2,legitimate-linked,182987,RES-2007-1115,2,"NAJIB J.A KOGUNA"
51365,2,legitimate-linked,183019,"KNML 7355",KANGIS,"ALHAJI NAJIB JA'AFAR ABUBAKAR KOGUNA"
57618,2,legitimate-optot,182884,RES-2017-743,2,"AHMAD SALISU BEBEJI"
57618,2,legitimate-optot,182900,"KNML 8450",KANGIS,"AHMAD SALISU BEBEJI"
42018,2,legitimate-linked,195148,RES-1993-6626,2,"RABIU HAMISU ISAH"
42018,2,legitimate-linked,195170,"KNML 9708",KANGIS,"RABIU ISAH HAMISU"
26973,2,legitimate-linked,179273,RES-1981-1519,1,"ISHAQ MAHMOUD UMAR"
26973,2,legitimate-linked,179299,"KNML 1219",KANGIS,"ISHAQ MAHMOUD UMAR"
151264,2,legitimate-optot,174502,RES-2016-2314,2,"MUSA BABAYO"
151264,2,legitimate-optot,174531,KN4228,KANGIS,"MUSA BABAYO"
168097,2,legitimate-linked,190257,CON-RES-2014-348,3,"GAMBO HALLIRU GAYA"
168097,2,legitimate-linked,190265,"KNML 2466",KANGIS,"GAMBO HALLIRU GAYA"
167526,2,legitimate-linked,189801,CON-RES-2020-291,3,"MRS. GRACE OLUBUNMI FEHINTOLA"
167526,2,legitimate-linked,189819,KN4291,KANGIS,"MRS. GRACE OLUBUNMI FEHINTOLA"
11063,2,collision,190725,CON-RES-1982-101,3,"ALHAJI ALI DAN ZARIA"
11063,2,collision,24767,CON-RES-1985-574,3,"ALHAJI ABDU UMARU"
10612,2,collision,172823,CON-IND-2023-54,3,"JAMILU MUHAMMAD DAHIRU"
10612,2,collision,24315,CON-RES-1988-45,3,"ALHAJI DANWAWU YANDOYA"
11203,2,collision,24907,CON-RES-1983-802,3,"ALHAJI ABUBAKAR B. RAJI"
11203,2,collision,197799,CON-RES-1982-1303,3,"ALH. YUSUF MOHAMMED"
41835,2,legitimate-linked,174555,RES-1993-4483,2,"ALH HUSSAIN MUHAMAD"
41835,2,legitimate-linked,174563,KN3678,KANGIS,"ALH HUSSAIN MUHAMAD"
179395,2,legitimate-linked,197908,CON-AG-2007-40,3,"SANI AMINU"
179395,2,legitimate-linked,197934,KN1779,KANGIS,"SANI AMINU"
155240,2,legitimate-linked,179575,CON-RES-2023-7316,3,"MURTALA ABDULLAHI JEGA"
155240,2,legitimate-linked,179597,KN5113,KANGIS,"MURTALA ABDULLLAHI JEGA"
18705,2,legitimate-optot,182101,IND-1981-2,1,"PATERSON ZOCH IND LIMITED"
18705,2,legitimate-optot,32510,CON-RES-RC-1981-6,3,"ALHAJI ABDUL GANIYU BELLO"
17521,2,legitimate-linked,31324,CON-RES-1995-197,3,"MALLAM DAN-AZUMI BALARABE"
17521,2,legitimate-linked,186822,KN4870,KANGIS,"MURTALA ABDULLAHI JEGA"
159470,2,legitimate-linked,183159,CON-RES-1999-189,3,"ALH. RUFA'I MAIYAKI ABDULMALIK"
159470,2,legitimate-linked,183164,"KNML 1729",KANGIS,"ALH RUFA'I MAIYAKI ABDULMALIK"
55086,2,legitimate-optot,193156,RES-2015-3449,2,"BASHIR TIJJANI ALIYU"
55086,2,legitimate-optot,193170,KN4265,KANGIS,"BASHIR TIJJANI ALIYU"
17477,2,collision,31280,CON-COM-1995-58,3,"ABDULLAHI LAWAL ADARAYE"
17477,2,collision,185276,KN5374,KANGIS,"MURTALA ABDULLAHI JEGA"
61320,2,legitimate-linked,191943,RES-2022-643,2,"INUWA WAYA"
61320,2,legitimate-linked,191953,"KNML 8920",KANGIS,"INUWA WAYA"
150926,2,legitimate-optot,174175,RES-2016-1536,2,"MUSTAFA MUSA ALI"
150926,2,legitimate-optot,174209,KN3862,KANGIS,"MUSTAFA MUSA ALI"
54488,2,legitimate-optot,181750,RES-2014-2694,2,"ALH. HASSAN MUSTAPHA"
54488,2,legitimate-optot,181770,"KNML 9632",KANGIS,"ALH. HASSAN MUSTAPHA"
164346,2,legitimate-linked,187174,CON-RES-2014-27,3,"MUHAMMAD LAWAN NAFI'U"
164346,2,legitimate-linked,187196,KN1778,KANGIS,"MUHAMMAD NAFI'U LAWAN"
29717,2,legitimate-linked,184772,RES-1983-33,1,"TOFA GENERAL ENTERPRISES LTD"
29717,2,legitimate-linked,184787,"KNML 1741",KANGIS,"TOFA GENERAL ENTERPRISES LTD"
116909,2,legitimate-linked,175522,CON-COM-2023-8,3,"AMINU ABDURAHMAN UMAR"
116909,2,legitimate-linked,175524,KN2712,KANGIS,"AMINU ABDURAHMAN UMAR"
173908,2,legitimate-linked,193855,CON-RES-2011-2179,3,"SULAIMAN ALIYU MUHAMMAD"
173908,2,legitimate-linked,193856,"KNML 528",KANGIS,"SULAIMAN ALIYU MUHAMMAD"
151263,2,legitimate-linked,174501,CON-COM-2018-175,3,"MR INNOCENT UDEMEZUE"
151263,2,legitimate-linked,174537,KN3692,KANGIS,"MR INNOCENT UDEMEZUE"
65255,2,legitimate-linked,184746,RES-RC-1982-1231,1,"SALISU AMINU ALIYU"
65255,2,legitimate-linked,184762,"KNML 2971",KANGIS,"SALISU AMINU ALIYU"
17454,2,collision,31257,CON-RES-1995-489,3,"SALISU MOHAMMAD NAGANGARE"
17454,2,collision,184757,KN5443,KANGIS,"MURTALA ABDULLAHI JEGA"
153884,2,legitimate-linked,178214,CON-RES-2023-7202,3,"FAIZU MUHAMMAD GALADIMA"
153884,2,legitimate-linked,181093,KN5144,KANGIS,"MURTALA ABDULLAHI JEGA"
152832,2,legitimate-linked,176270,RES-2002-8022,2,"MAIKANO ABDULLAHI"
152832,2,legitimate-linked,176279,KN3923,KANGIS,"MAIKANO ABDULLAHI"
164566,2,legitimate-linked,187417,RES-2002-8113,2,"BALA MAMUDA"
164566,2,legitimate-linked,187423,"KNML 1588",KANGIS,"BATULA IBRAHIM WARU"
17464,2,collision,184741,KN5375,KANGIS,"MURTALA ABDULLAHI JEGA"
17464,2,collision,31267,CON-COM-1995-6,3,"ALHAJI BATURE YAHAYA"
10968,2,collision,24672,CON-RES-1983-853,3,"MR. FRIDAY AKPAN IBANGA"
10968,2,collision,189491,CON-RES-1981-519,3,"ALHAJI SALISU SANI"
17593,2,legitimate-linked,186793,KN4543,KANGIS,"MURTALA ABDULLAHI JEGA"
17593,2,legitimate-linked,31396,CON-RES-1997-181,3,"ALHAJI JAMILU UBA HAKIMI"
154954,2,legitimate-optot,179303,RES-2018-2574,2,"ADAMU ABDULLAHI DANJUMMAI"
154954,2,legitimate-optot,179309,KN4480,KANGIS,"ADAMU ABDULLAHI DANJUMAI"
15290,2,collision,192938,CON-RES-2002-52,3,"ALHAJI SANI ALI"
15290,2,collision,29088,RES-1993-3386,2,"A SANI ISA FAGGE"
48080,2,legitimate-optot,194675,RES-2001-2802,2,"AMINU S SODA"
48080,2,legitimate-optot,194679,KN4200,KANGIS,"AMINU S SODA"
175069,2,legitimate-linked,194646,CON-COM-2009-329,3,"DR. SANI ALHASSAN"
175069,2,legitimate-linked,194653,KN4423,KANGIS,"DR. SANI ALHASSAN"
158868,2,legitimate-linked,182705,CON-COM-2014-234,3,"UMAR HAMZA"
158868,2,legitimate-linked,182717,"MLKN 679",KANGIS,"ALH ALI MUHAMMAD"
151717,2,legitimate-linked,174944,RES-2008-174,2,"ABUBAKAR MAHARAZU ALIYU"
151717,2,legitimate-linked,174959,KN3817,KANGIS,"ABUBAKAR MAHARAZU ALIYU"
60938,2,legitimate-linked,177434,RES-2021-619,2,"USMAN ALIYU GORA"
60938,2,legitimate-linked,177455,KN3500,KANGIS,"USMAN ALIYU GORA"
155236,2,legitimate-linked,179571,CON-RES-2023-7135,3,"MURTALA ABDULLAHI JEGA"
155236,2,legitimate-linked,179579,KN5208,KANGIS,"MURTALA ABDULLAHI JEGA"
19432,2,legitimate-optot,33237,CON-RES-1994-448,3,"ABDULLAHI DANJUMA SHUAIBU"
19432,2,legitimate-optot,186305,IND-RC-1982-171,1,"NORTHERN INDUSTRIES LIMITED."
43369,2,legitimate-linked,182980,RES-1995-1504,2,"SALAMATU SABO BAKIN ZUWO"
43369,2,legitimate-linked,182984,"KNML 1931",KANGIS,"SALAMATU SABO BAKIN ZUWO"
158684,2,legitimate-linked,182596,CON-RES-1991-102,3,"CHIEF IGNATIUS NWOSU"
158684,2,legitimate-linked,182603,"KNML 1715",KANGIS,"IGNATIUS OKECHUKWU NWOSU CHIEF"
145959,2,legitimate-linked,168964,RES-1992-3430,2,"ANAS MANNIR RINGIM"
145959,2,legitimate-linked,168992,KN4064,KANGIS,"ANAS MANNIR RINGIM"
68119,2,legitimate-linked,193148,RES-RC-1998-5,1,"CATHOLIC CHUCH KANO"
68119,2,legitimate-linked,193163,"KNML 1406",KANGIS,"CATHOLIC CHURCH KANO"
153329,2,legitimate-linked,177624,CON-RES-2023-7258,3,"FAIZU MUHAMMAD GALADIMA"
153329,2,legitimate-linked,186762,KN4526,KANGIS,"MURTALA ABDULLAHI JEGA"
155140,2,legitimate-linked,179466,RES-1994-1892,2,"COMRADE HAMISU ZANGO"
155140,2,legitimate-linked,179479,"KNML 9937",KANGIS,"ABDULHADI SABO"
178359,2,legitimate-linked,197059,"MLKN 2434",KANGIS,"BKI BUILDING & CIVIL ENG CO LTD"
178359,2,legitimate-linked,197061,COM-2020-96,1,"BKI BUILDING & CIVIL ENG CO LTD"
17613,2,collision,180995,KN5126,KANGIS,"MURTALA ABDULLAHI JEGA"
17613,2,collision,31416,CON-RES-1994-318,3,"ALHAJI SABO LAWAN KABARA"
161824,2,legitimate-linked,185216,COM-2002-1571,1,"ZAKARI IBRAHIM BAGWAI"
161824,2,legitimate-linked,185237,DCIV-2026-412,DCIV,PCACC
179864,2,legitimate-linked,198320,CON-COM-2022-419,3,"MR VICENT UMEAMOZIE"
179864,2,legitimate-linked,198389,"MLKN 4193",KANGIS,"MR VICENT UMEAMOZIE"
6088,2,collision,172311,COM-RC-1982-343,1,"ALHAJI ISYAKU UMAR"
6088,2,collision,19766,CON-RES-RC-1982-406,3,"ALHAJI IBRAHIM ZUBAIRU"
171056,2,legitimate-linked,191770,RES-2011-3434,2,"DANJUMA ADAMU MOHAMMED"
171056,2,legitimate-linked,191773,"KNML 2496",KANGIS,"DANJUMA ADAMU MOHAMMED"
176683,2,legitimate-linked,195850,CON-RES-1987-564,3,"MR EMEAFU NKECHI OGBUJI"
176683,2,legitimate-linked,195855,KN3782,KANGIS,"MR EMEAFU NKECHI OGBUJI"
155277,2,legitimate-linked,179626,COM-2015-49,1,"TRANSCURE LIMITED"
155277,2,legitimate-linked,179645,"MLKN 686",KANGIS,"TRANSCURE LIMITED"
178521,2,legitimate-linked,197197,RES-2014-1377,2,"DR ABUBAKAR L YUSUF"
178521,2,legitimate-linked,197210,"KNGP 29",KANGIS,"ABUBAKAR LABARAN YUSUF"
17542,2,legitimate-linked,31345,CON-RES-1995-552,3,"MALLAM IBRAHIM MAI GADI"
17542,2,legitimate-linked,191685,KN5213,KANGIS,"MURTALA ABDULLAHI JEGA"
49488,2,legitimate-linked,186917,RES-2002-7531,2,"BASHIR ADO KIBIYA"
49488,2,legitimate-linked,186922,"KNML 290",KANGIS,"BASHIR ADO KIBIYA"
152651,2,legitimate-linked,176100,COM-2012-39,1,"ALHAJI ADO SHEHU MAIBARGO"
152651,2,legitimate-linked,196198,COM-RC-1983-58,1,"ALHAJI ADO SHEHU MAIBARGO"
161120,2,legitimate-linked,184561,SLTR-112129,SLTR,"RHEMCHI GLOBAL RESOURCES LTD"
161120,2,legitimate-linked,184576,KN5505,KANGIS,"RHEMCHI GLOBAL RESOURCES LTD"
164358,2,legitimate-linked,187191,CON-RES-2013-113,3,"MUHAMMAD HADI SALISU"
164358,2,legitimate-linked,187192,"KNML 2868",KANGIS,"MUHAMMAD HADI SALISU"
35698,2,legitimate-linked,173916,RES-1990-3071,1,"MUSBAHU HABIBU GARBA"
35698,2,legitimate-linked,173949,KN4042,KANGIS,"MUSBAHU HABIBU GARBA"
154454,2,legitimate-linked,179159,"KNML 570",KANGIS,"UMAR SHAWAI"
154454,2,legitimate-linked,178743,CON-RES-2009-402,3,"UMAR SHAWAI"
33911,2,legitimate-linked,183022,RES-1989-1829,1,"MUSTAPHA AMINU"
33911,2,legitimate-linked,183026,"KNML 1930",KANGIS,"MUSTAPHA AMINU"
150359,2,legitimate-optot,173685,RES-2020-3278,2,"INUWA BELLO"
150359,2,legitimate-optot,173692,"KNML 9757",KANGIS,"INUWA BELLO"
169417,2,legitimate-linked,191258,DCIV-2026-396,DCIV,"INVESTIGATION ACTIVITIES"
169417,2,legitimate-linked,196858,RES-2016-4093,2,"ALIYU S/FADA"
17432,2,collision,184634,KN5380,KANGIS,"MURTALA ABDULLAHI JEGA"
17432,2,collision,31235,CON-RES-1995-455,3,"AHMAD MOHAMMAD AHMAD"
45181,2,legitimate-optot,170130,RES-1997-1172,2,"TAHIR GUEST PALACE"
45181,2,legitimate-optot,170159,KN3533,KANGIS,"TAHIR GUEST PALACE LTD"
48726,2,legitimate-linked,175992,RES-2002-1838,2,"ALH MAI UNGUWA SALE"
48726,2,legitimate-linked,176042,"KNML 1248",KANGIS,"HALIMA & SAUDAT ILIYASU MANDAWARI"
11791,2,collision,190231,CON-RES-1982-9,3,"ALHAJI SALISU SANI"
11791,2,collision,25495,CON-COM-1996-14,3,"ALHAJI SHAFI'U AND SONS"
17489,2,collision,31292,CON-COM-1995-80,3,"KABORAK (NIG) LTD"
17489,2,collision,184474,KN5455,KANGIS,"MURTALA ABDULLAHI JEGA"
17525,2,legitimate-linked,31328,CON-RES-1995-265,3,"ALHAJI SABIU ABDULKADIR"
17525,2,legitimate-linked,186931,KN4996,KANGIS,"MURTALA ABDULLAHI JEGA"
159376,2,legitimate-linked,183102,CON-RES-2025-122,3,"AIMAK PROPERTIES LIMITED"
159376,2,legitimate-linked,183118,KN4748,KANGIS,"AIMAK PROPERTIES LIMITED"
53548,2,legitimate-linked,180974,RES-2010-4126,2,"BASHIR YAHAYA SHUIABU"
53548,2,legitimate-linked,180996,"KNML 1953",KANGIS,"BASHIR YAHAYA SHUAIBU"
51292,2,legitimate-linked,183317,RES-2006-861,2,"UMAR MUHAMMMAD IBRAHIM"
51292,2,legitimate-linked,183331,"KNML 9516",KANGIS,"UMAR MUHAMMAD IBRAHIM"
8643,2,legitimate-linked,22342,CON-RES-1982-1018,3,"ALHAJI BALA HARUNA"
8643,2,legitimate-linked,187471,DCIV-2026-328,DCIV,"KANO STATE JUDICIARY"
26791,2,legitimate-optot,177766,RES-1981-1231,1,"BASHIR OTHMAN TOFA"
26791,2,legitimate-optot,177793,"KNML 1231",KANGIS,"BASHIR OTHMAN TOFA"
20798,2,legitimate-linked,191677,RES-RC-1986-41,1,"ALHAJI BABA DANBAPPA LIMITED"
20798,2,legitimate-linked,34610,CON-RES-1988-245,3,"MR FRANCIS I OGWURUNBA"
115953,2,collision,174757,,2,"ALH SANI BAKO"
115953,2,collision,174771,KN3490,KANGIS,"ALH SANI BAKO"
153822,2,legitimate-linked,192239,KN4574,KANGIS,"MURTALA ABDULLAHI JEGA"
153822,2,legitimate-linked,178145,CON-RES-2023-7355,3,"FAIZU MUHAMMAD GALADIMA"
148820,2,legitimate-linked,172253,CON-RES-2019-812,3,"MRS OGECHUKWU PATRICK OKEKE"
148820,2,legitimate-linked,172255,"KNML 7541",KANGIS,"MRS OGECHUKWU PATRICK OKEKE"
38009,2,legitimate-linked,191908,RES-1991-7992,1,"AMINU DANJUMA JAFARU"
38009,2,legitimate-linked,191917,"KNML 1444",KANGIS,"AMINU DANJUMA JA'AFARU"
58188,2,legitimate-optot,194137,RES-2018-3029,2,"IBRAHIM ISYAKU NA'ABBA"
58188,2,legitimate-optot,194149,"KNML 7192",KANGIS,"IBRAHIM ISYAKU NA'ABBA"
161907,2,legitimate-linked,185300,RES-2018-2896,2,"SENATOR BELLO HAYATU GWARZO"
161907,2,legitimate-linked,185321,"KNGP 260",KANGIS,"SENATOR BELLO HAYATU GWARZO"
52441,2,legitimate-optot,178160,RES-2009-5029,2,"MR MBA EMEKA"
52441,2,legitimate-optot,178182,"KNML 49",KANGIS,"MR MBA EMEKA"
153810,2,legitimate-linked,178133,CON-RES-2023-7254,3,"FAIZU MUHAMMAD GALADIMA"
153810,2,legitimate-linked,186418,KN5188,KANGIS,"MURTALA ABDULLAHI JEGA"
160942,2,legitimate-linked,184398,SLTR-221265,,"ABBA MUSA  ALI"
160942,2,legitimate-linked,184417,KN5328,KANGIS,"ABBA MUSA  ALI"
49380,2,legitimate-linked,188148,RES-2002-6812,2,"ABDULWAHED ISMAIL ISA"
49380,2,legitimate-linked,188152,"KNML 2880",KANGIS,"ABDULWAHED ISMAIL ISA"
167759,2,legitimate-linked,189984,CON-RES-2017-119,3,"UMMI KABIR"
167759,2,legitimate-linked,189997,"KNML 4759",KANGIS,"UMMI KABIR"
158677,2,legitimate-linked,182591,CON-RES-2001-101,3,"HADIZAT LAWAL AUDI"
158677,2,legitimate-linked,182592,"KNML 1944",KANGIS,"HADIZAT LAWAL AUDI"
158784,2,legitimate-linked,182645,CON-COM-2023-434,3,"KHATAMUL ANBIYA UNIVERSITY"
158784,2,legitimate-linked,182649,KN2003,KANGIS,"KHATAMUL ANBIYA UNIVERSITY"
24040,2,collision,47007,CON-RES-1999-42,3,"ALHAJI NUHU WARURE"
24040,2,collision,47057,CON-RES-1998-276,3,"ALI USMAN"
65344,2,legitimate-optot,175002,RES-RC-1982-1313,1,"MR ETHELBERT A ONUOHA"
65344,2,legitimate-optot,175032,KN3125,KANGIS,"MR ETHELBERT A ONUOHA"
60414,2,legitimate-linked,188255,"MLKN 4368",KANGIS,"RAID JAFFAR"
60414,2,legitimate-linked,187398,RES-2020-2016,2,"RAID JAFFAR"
17532,2,legitimate-linked,31335,CON-RES-1995-457,3,"MR. JOHNSON O. B. DADA"
17532,2,legitimate-linked,187198,KN5197,KANGIS,"MURTALA ABDULLAHI JEGA"
24081,2,collision,47049,CON-RES-1991-486,3,"ZUBAIRU INUWA IBRAHIM"
24081,2,collision,47097,CON-RES-2002-317,3,"ALH HAMISU UBA"
6057,2,collision,19734,RES-1992-2862,2,"SUNUSI BALA"
6057,2,collision,178903,COM-RC-1982-312,1,"JOHN HOLT LIMITED"
60936,2,legitimate-linked,177615,RES-2021-610,2,"ABDULQADIR ABDULWAHID"
60936,2,legitimate-linked,177637,"KNML 9260",KANGIS,"ABDULQADIR ABDULWAHID"
148785,2,legitimate-optot,172230,RES-2020-4093,2,"OLUWREBI OLAWALE TAOFEEK"
148785,2,legitimate-optot,172262,KN3103,KANGIS,"OLUWREBI OLAWALE TAOFEEK"
177824,2,legitimate-linked,196709,CON-COM-2024-654,3,"EMMANUEL CHIJIOKE"
177824,2,legitimate-linked,196719,KN3303,KANGIS,"EMMANUEL CHIJIOKE"
155136,2,legitimate-linked,179462,CON-RES-2004-103,3,"HAJIYA NANA SALE ABUBAKAR"
155136,2,legitimate-linked,179475,"KNML 1451",KANGIS,"HAJIYA NANA SALE ABUBAKAR"
11206,2,collision,24910,CON-RES-1983-813,3,"ALH SHEHU MOHAMMED"
11206,2,collision,197818,CON-RES-1982-1307,3,"ALHAJI HAMISU BICHI"
150835,2,legitimate-linked,174096,RES-1986-242,1,"CHIROMA A BUBA"
150835,2,legitimate-linked,174118,KN4219,KANGIS,"CHIROMA A BUBA"
154867,2,legitimate-optot,179197,RES-2023-1447,2,"TANIMU ADAMU"
154867,2,legitimate-optot,179205,KN4402,KANGIS,"TANIMU ADAMU"
42101,2,legitimate-linked,187390,RES-1993-7107,2,"SABO MUHAMMED"
42101,2,legitimate-linked,187396,"KNML 2863",KANGIS,"SABO MUHAMMED"
6317,2,collision,174126,COM-RC-1982-79,1,"ALH MUHAMMAD MUSA SHEHU"
6317,2,collision,19999,RES-1992-2932,2,"ABBAS AMINU"
3232,2,legitimate-linked,194421,RES-2009-4199,2,"MU'AZU Y. HAMZA"
3232,2,legitimate-linked,16903,RES-1992-2457,2,"ABDU MOHAMMED"
168823,2,legitimate-linked,190809,RES-2008-1844,2,"ABDULAZIZ BALA TALLAI"
168823,2,legitimate-linked,192692,"KNML 913",KANGIS,"HARUNA MOHD (MAI GARANTI)"
175963,2,legitimate-linked,195204,CON-COM-2009-139,3,"ALH SURAJO SANI MARSHAL"
175963,2,legitimate-linked,195211,KN4829,KANGIS,"ALH SURAJO SANI MARSHAL"
40324,2,legitimate-linked,186165,RES-1992-6390,2,"ABDULRAHAMAN MOHAMMED"
40324,2,legitimate-linked,186264,"KNML 8600",KANGIS,"ABDULRAHAMAN MOHAMMED"
53953,2,legitimate-optot,189405,RES-2012-1383,2,"AHMAD IBRAHIM ABDULLAHI"
53953,2,legitimate-optot,189433,"KNML 2441",KANGIS,"AHMAD IBRAHIM ABDULLAHI"
24068,2,collision,47036,CON-RES-2000-162,3,"ALHAJI IBRAHIM BAKO"
24068,2,collision,47085,CON-RES-1997-303,3,"ALH HAMISU MOHD DANTINKI"
146473,2,legitimate-linked,169520,CON-IND-2025-2,3,"PRIME PLASTIC AND SACKS NIG LTD."
146473,2,legitimate-linked,169535,KN2855,KANGIS,"PRIME PLASTIC AND SACKS NIG LTD"
163157,2,legitimate-linked,186290,CON-AG-2022-131,3,"ALIYU IBRAHIM GAYA"
163157,2,legitimate-linked,186296,KN3951,KANGIS,"ALIYU IBRAHIM GAYA"
24065,2,collision,47033,CON-RES-2000-207,3,"STANDARD CONSTRUCTION"
24065,2,collision,47082,CON-RES-1999-353,3,"ADAMU MUHAMMED"
159291,2,legitimate-linked,183023,COM-2019-111,1,"WADA ABDULLAHI KACHAKO"
159291,2,legitimate-linked,183030,"MLKN 2755",KANGIS,"WADA ABDULLAHI KACHAKO"
170911,2,legitimate-optot,191654,RES-2020-546,2,"DR. ABDULLAHI GAMBO"
170911,2,legitimate-optot,191660,KN3554,KANGIS,"DR. ABDULLAHI GAMBO"
165264,2,legitimate-optot,188053,RES-2012-3990,2,"SABIU UMAR"
165264,2,legitimate-optot,188055,"KNML 2887",KANGIS,"SABIU UMAR"
177390,2,legitimate-optot,196388,RES-2022-1073,2,"NASIRU MUHD DANFARANSHI"
177390,2,legitimate-optot,196402,"KNML 9785",KANGIS,"NASIRU MUHD DANFARANSHI"
54151,2,legitimate-optot,194246,RES-2013-454,2,"ALIYU TIJJANI MATO"
54151,2,legitimate-optot,194270,"KNML 533",KANGIS,"ALIYU TIJJANI MATO"
50397,2,legitimate-linked,191663,RES-2004-782,2,"GARBA MUSA DANDALAMA"
50397,2,legitimate-linked,191696,"KNML 2411",KANGIS,"GARBA MUSA DANDALAMA"
8028,2,legitimate-optot,21722,CON-RES-1982-68,3,"ABDULLAHI DELE IBRAHIM"
8028,2,legitimate-optot,196850,CON-COM-1986-79,3,"SANI DAHIRU YAKASAI"
52289,2,legitimate-linked,178147,"KNML 1218",KANGIS,"ALHAJI AMINU BABA"
52289,2,legitimate-linked,196759,RES-2009-4426,2,"AUWALU ABDULLAHI"
152635,2,legitimate-linked,176062,CON-IND-2023-17,3,"ALH BABBAN GIDA HASHIM"
152635,2,legitimate-linked,176078,KN4768,KANGIS,"ALH BABBAN GIDA HASHIM"
176450,2,legitimate-linked,195636,CON-RES-2017-54,3,"MUHAMMAD TABET ABDULKADIR"
176450,2,legitimate-linked,195660,"KNML 4592",KANGIS,"TABET ABDULKADIR MUHAMMAD"
15783,2,collision,29582,CON-COM-1984-82,3,"KAMILU ALI YAMMUSA"
15783,2,collision,185983,CON-RES-2007-22,3,"MR. SUNDAY AUGUSTINE UZU"
760,2,collision,14419,RES-1992-736,2,"HAJIYA MARIYA A. KOTE"
760,2,collision,185058,COM-RC-1982-75,1,"AISHA, FATIMA AND FAWZIYYA"
60687,2,legitimate-linked,196319,RES-2021-1522,2,"ALH MUHD MAI KWAKWA"
60687,2,legitimate-linked,196365,"KNML 8893",KANGIS,"ALH MUHD MAI KWAKWA"
56270,2,legitimate-linked,174797,RES-2015-917,2,"MUHAMMED HASSAN YAKASAI"
56270,2,legitimate-linked,174816,KN3895,KANGIS,"MUHAMMED HASSAN YAKASAI"
169578,2,legitimate-linked,191385,RES-2016-2499,2,"ABUBAKAR SAHABO BAWURO"
169578,2,legitimate-linked,191393,"KNML 8946",KANGIS,"ABUBAKAR SAHABO BAWURO"
152878,2,legitimate-optot,176318,RES-2012-3457,2,"MUHTARI MOHD WARA"
152878,2,legitimate-optot,176327,KN3924,KANGIS,"MUHTARI MUHAMMAD WARA"
46861,2,legitimate-linked,193685,RES-2000-2401,2,"YUNUSA AHMAD LAWAL"
46861,2,legitimate-linked,193691,"KNML 514",KANGIS,"YUNUSA AHMAD LAWAL"
149723,2,legitimate-linked,173018,COM-2023-71,1,"AISHA UMAR"
149723,2,legitimate-linked,173020,"MLKN 3828",KANGIS,"AISHA UMAR"
51177,2,legitimate-optot,176264,RES-2006-547,2,"AHMAD MUHAMMAD KARO"
51177,2,legitimate-optot,176282,KN2228,KANGIS,"AHMAD MUHAMMAD KARO"
45427,2,legitimate-linked,195837,RES-1997-375,2,"ALH AUWALU MUHAMMAD"
45427,2,legitimate-linked,195868,KN2601,KANGIS,"AUWALU MUHAMMAD"
178900,2,legitimate-linked,197521,CON-COM-2026-639,3,"NATA'ALA PROPERTIES & INVESTMENT LIMITED"
178900,2,legitimate-linked,197534,CON-RES-2026-3006,3,"NATA'ALA PROPERTIES & INVESTMENT LIMITED"
156759,2,legitimate-linked,181108,CON-RES-2002-73,3,"INDO TIJJANI  HAJ BICHI"
156759,2,legitimate-linked,181116,"KNML 1703",KANGIS,"INDO TIJJANI  HAJ BICHI"
17543,2,legitimate-linked,187991,KN5212,KANGIS,"MURTALA ABDULLAHI JEGA"
17543,2,legitimate-linked,31346,CON-RES-1995-553,3,"SAMINU YAKUBU"
152901,2,legitimate-linked,182660,"KNML 1701",KANGIS,"KAWU ABUBAKAR JAKADA"
152901,2,legitimate-linked,176335,RES-2006-1279,2,"MOHAMMED BASHIR"
3482,2,collision,192542,COM-2010-304,1,"ALHAJI SANI ALI"
3482,2,collision,17154,RES-1982-507,1,"ADAMU BALA TALLE"
46211,2,legitimate-linked,185596,RES-1999-23,2,"KABIRU TURAJO ABUBAKAR"
46211,2,legitimate-linked,185663,KN3053,KANGIS,"KABIRU ABUBAKAR TURAJO"
166931,2,legitimate-linked,189386,CON-COM-2018-107,3,"DANLITI SHU'AIBU ADAMU"
166931,2,legitimate-linked,189404,"MLKN 3391",KANGIS,"DANLITI SHU'AIBU ADAMU"
25342,2,legitimate-linked,47284,CON-RES-2007-197,3,"ABDULSALAM RABIU TANKO"
25342,2,legitimate-linked,193838,"KNML 523",KANGIS,"SOJUNA NIGERIA LIMITED"
68297,2,legitimate-linked,169461,RES-RC-2007-4,1,"NIGERIA SPANNISH ENGINEERING LTD"
68297,2,legitimate-linked,169482,"KNML 186",KANGIS,"NIGERIA SPANNISH ENGINEERING LTD"
6408,2,legitimate-linked,20091,CON-AG-1993-54,3,"ALHAJI HAMISU MOHAMMED ZARA"
6408,2,legitimate-linked,186660,COM-RC-1984-36,1,"ISYAKA RABI'U AND SONS LTD"
58509,2,legitimate-optot,181261,RES-2018-4695,2,"JUWAIRIYYA AHMAD LAMIDO"
58509,2,legitimate-optot,181283,"KNML 7166",KANGIS,"JUWAIRIYYA AHMAD LAMIDO"
46617,2,legitimate-linked,194877,RES-2000-1788,2,"HAJIYA LADI S/DINKI"
46617,2,legitimate-linked,194897,KN912,KANGIS,"NAS NURA WADA"
165227,2,legitimate-linked,188021,RES-2015-2867,2,"HON. JUSTICE AMINA A ALIYU"
165227,2,legitimate-linked,188029,"KNML 2883",KANGIS,"HON. JUSTICE AMINA A ALIYU"
153369,2,legitimate-linked,186490,KN4559,KANGIS,"MURTALA ABDULLAHI JEGA"
153369,2,legitimate-linked,177678,CON-RES-2023-7239,3,"FAIZU MUHAMMAD GALADIMA"
158825,2,legitimate-linked,182680,RES-1992-1790,2,"MAIRO LIMAN & MAIMUNA USMAN"
158825,2,legitimate-linked,182681,"KNML 1941",KANGIS,"MOHAMMED  KAMALDEEN LUKMAN"
159777,2,legitimate-linked,183386,SLTR-196238,,"NNADIRI UGOCHUKWU SUNDAY"
159777,2,legitimate-linked,183391,KN5500,KANGIS,"NNADIRI UGOCHUKWU SUNDAY"
177531,2,legitimate-linked,196519,CON-COM-2021-238,3,"ISYAKU SANI ISMA'IL"
177531,2,legitimate-linked,196554,"MLKN 3600",KANGIS,"ISYAKU SANI ISMA'IL"
152866,2,legitimate-linked,176298,RES-2018-3057,2,"ASIYA UMAR ABDULLHAI"
152866,2,legitimate-linked,176307,KN4791,KANGIS,"ASIYA UMAR ABDULLAHI"
154884,2,legitimate-linked,179220,RES-2000-5295,2,"ADO  MOHAMMED WUDIL"
154884,2,legitimate-linked,179248,"KNML 1223",KANGIS,"BASHIR NUKKEL"
1006,2,collision,181802,RES-2022-3123,2,"MERRS FERTILIZER PROCESSING COMPANY LIMITED"
1006,2,collision,14667,RES-1992-976,2,"ALH BALA USMAN"
42780,2,legitimate-linked,182526,RES-1994-2322,2,"ISMAILA USMAN"
42780,2,legitimate-linked,182527,"KNML 1949",KANGIS,"ISMAILA USMAN"
40831,2,legitimate-optot,193185,RES-1992-845,2,"SALISU Y MARAYA"
40831,2,legitimate-optot,193203,"KNML 935",KANGIS,"SALISU YAHAYA MARAYA"
17427,2,collision,185314,KN5408,KANGIS,"MURTALA ABDULLAHI JEGA"
17427,2,collision,31230,CON-RES-1995-299,3,"ALHAJI TIJJANI BALA"
28902,2,legitimate-linked,178656,RES-1982-2379,1,"FARUK ALIYU GARKO"
28902,2,legitimate-linked,178668,"KNML 1778",KANGIS,"FARUK ALIYU GARKO"
161193,2,legitimate-linked,184642,CON-COM-2021-134,3,"PRINCE EMEKA BENFRANK ONYIDO"
161193,2,legitimate-linked,184661,"MLKN 4519",KANGIS,"PRINCE EMEKA BENFRANK ONYIDO"
46311,2,legitimate-optot,180308,RES-1999-696,2,"HAUWA ALA MUHAMMAD"
46311,2,legitimate-optot,180317,"KNML 1485",KANGIS,"HAUWA ALA MUHAMMAD"
149667,2,legitimate-linked,172971,CON-IND-2017-1,3,"ALH. BABANGIDA HASHIM."
149667,2,legitimate-linked,173005,KN4767,KANGIS,"ALH. BABANGIDA HASHIM"
37683,2,legitimate-linked,175162,RES-1991-7218,1,"MUHAMMAD HALIRU ABDULLAHI"
37683,2,legitimate-linked,175164,KN3838,KANGIS,"MUHAMMAD HALIRU ABDULLAHI"
36363,2,legitimate-linked,192232,RES-1991-2363,1,"DR NASIRDEEN USMAN"
36363,2,legitimate-linked,192242,"KNML 7512",KANGIS,"DR NASIRDEEN USMAN"
6252,2,collision,183300,COM-RC-1982-515,1,"L. AMBROSINI LIMITED"
6252,2,collision,19933,RES-1982-957,1,"ADO SULEIMAN BABURA"
171052,2,legitimate-linked,191768,CON-COM-2021-176,3,"TASIU YAHAYA ZUGA"
171052,2,legitimate-linked,191778,KN4192,KANGIS,"TASIU YAHAYA ZUGA"
158512,2,legitimate-linked,182461,RES-2002-2932,2,"SADI ISAH IBRAHIM"
158512,2,legitimate-linked,182481,KN3993,KANGIS,"SADI ISAH IBRAHIM"
150222,2,legitimate-optot,173557,RES-2010-2891,2,"SHASUDDEEN MANSUR"
150222,2,legitimate-optot,173570,KN2972,KANGIS,"SHAMSUDDEEN MANSUR"
151029,2,legitimate-linked,174278,CON-RES-2011-797,3,"UMAR SHAWAI"
151029,2,legitimate-linked,174285,"KNML 569",KANGIS,"UMAR SHAWAI"
145826,2,legitimate-linked,168805,COM-2023-43,1,"ALH MUHAMMAD ABUBAKAR"
145826,2,legitimate-linked,168822,KN5336,KANGIS,"ALH MUHAMMAD ABUBAKAR"
58290,2,legitimate-optot,171448,RES-2018-3397,2,"RABI'U BABA SANI"
58290,2,legitimate-optot,171475,"KNML 8008",KANGIS,"RABI'U BABA SANI"
153475,2,legitimate-linked,177786,CON-RES-2013-533,3,"MUHAMMAD SULAIMAN"
153475,2,legitimate-linked,177797,"KNML 1813",KANGIS,"SULAIMAN MUHAMMAD"
16229,2,collision,30028,CON-RES-1990-67,3,"ALHAJI IBRAHIM MUHAMMAD"
16229,2,collision,184745,DCIV-2024-236,DCIV,"INVESTIGATION ACTIVITIES"
3000,2,collision,16670,RES-1992-2077,2,"MOHAMMED MUSTAPHA"
3000,2,collision,190424,COM-2007-17,1,"GAS TERMINALLING AND DISTRIBUTION LIMITED"
17442,2,collision,184300,KN5385,KANGIS,"MURTALA ABDULLAHI JEGA"
17442,2,collision,31245,CON-RES-1995-468,3,"ALHAJI SANI YAHAYA"
153342,2,legitimate-linked,177644,RES-2010-4282,2,"TIJJANI ZAKIRAI"
153342,2,legitimate-linked,177657,"KNML 35",KANGIS,"TIJJANI ZAKIRAI"
17438,2,collision,31241,CON-RES-1995-463,3,"SHAMSIDDEEN NURA"
17438,2,collision,185472,KN5402,KANGIS,"MURTALA ABDULLAHI JEGA"
52107,2,legitimate-linked,179228,RES-2009-200,2,"MUHAMMAD ADAMU FAGGE"
52107,2,legitimate-linked,179254,"KNML 1835",KANGIS,"SHARURAMDAN  UBA"
60837,2,legitimate-optot,173687,RES-2021-3523,2,"ALHAJI TIJJANI UMAR MUSA"
60837,2,legitimate-optot,173694,KN4328,KANGIS,"ALHAJI TIJJANI UMAR MUSA"
171287,2,legitimate-linked,191924,CON-RES-2012-292,3,"ABBA SALISU KURAWA"
171287,2,legitimate-linked,191948,"KNML 5842",KANGIS,"ABBA SALISU KURAWA"
36139,2,legitimate-linked,174066,RES-1990-910,1,"DAYYABU TIJJANI"
36139,2,legitimate-linked,174083,KN4038,KANGIS,"DAYYABU TIJJANI"
171869,2,legitimate-linked,192400,CON-RES-2023-7220,3,"FAIZU MUHAMMAD GALADIMA"
171869,2,legitimate-linked,192407,KN5257,KANGIS,"MURTALA ABDULLAHI JEGA"
2219,2,legitimate-linked,15883,CON-COM-1981-130,3,"ISA BROTHERS PHARMACEUTICAL LIMITED"
2219,2,legitimate-linked,196948,COM-2001-648,1,"AVM NURA IMAM (RTD) & UNITED BANK FOR AFRICA (UBA) PLC"
146244,2,legitimate-linked,169281,IND-2001-12,1,"ISMAIL LABARAN NUHU"
146244,2,legitimate-linked,169316,KN2260,KANGIS,"ISMAIL LABARAN NUHU"
52693,2,legitimate-linked,168234,RES-2009-7113,2,"IBRAHIM SADIQ OTHMAN"
52693,2,legitimate-linked,168272,KN5020,KANGIS,"IBRAHIM SADIQ OTHMAN"
46308,2,legitimate-optot,191469,RES-1999-689,2,"AHMAD NASIR"
46308,2,legitimate-optot,191519,"KNML 8024",KANGIS,"AHMAD NASIR"
153862,2,legitimate-linked,181692,KN5115,KANGIS,"MURTALA ABDULLAHI JEGA"
153862,2,legitimate-linked,178190,CON-RES-2023-7377,3,"FAIZU MUHAMMAD GALADIMA"
156447,2,legitimate-linked,180831,RES-2010-4288,2,"HALIMA ADAMU"
156447,2,legitimate-linked,180843,"KNML 1497",KANGIS,"HALIMA ADAMU"
25442,2,collision,181497,"KNML 9096",KANGIS,"ALH. AMINU ABUBAKAR"
25442,2,collision,47384,CON-RES-2008-1173,3,"ALHAJI BALA YARO INUWA"
172987,2,legitimate-linked,193264,RES-2001-4199,2,"ABDULLAHI MUSA"
172987,2,legitimate-linked,193300,"KNML 1425",KANGIS,"SATOMI ABDULLAHI AHMED"
25572,2,legitimate-linked,197361,IND-1997-11,1,"STANDARD FOOTWAER NIGERIA LIMITED"
25572,2,legitimate-linked,197374,"MLKN 12",KANGIS,"STANDARD FOOTWAER NIGERIA LIMITED"
17616,2,legitimate-linked,31419,CON-RES-1994-314,3,"ALHAJI SABO LAWAN KABARA"
17616,2,legitimate-linked,187253,KN4815,KANGIS,"MURTALA ABDULLAHI JEGA"
158657,2,legitimate-linked,182575,CON-RES-1991-103,3,"CHEIF IGNATIUS OKECHUKWU NWOSU"
158657,2,legitimate-linked,182598,"KNML 1718",KANGIS,"CHEIF IGNATIUS OKECHUKWU NWOSU"
116950,2,legitimate-linked,174903,CON-IND-2023-8,3,"RUFA'I SALE BICHI"
116950,2,legitimate-linked,174919,KN3155,KANGIS,"RUFA'I SALE BICHI"
17602,2,collision,31405,CON-RES-1997-198,3,"SA'AD ASAD MOHAMMED"
17602,2,collision,181943,KN5150,KANGIS,"MURTALA ABDULLAHI JEGA"
150537,2,legitimate-linked,173798,COM-2019-8,1,"UMAR UMAR"
150537,2,legitimate-linked,173833,"MLKN 2196",KANGIS,"UMAR UMAR"
24055,2,collision,47023,CON-RES-2000-24,3,"DANLAMI UWAISU"
24055,2,collision,47072,CON-RES-1999-296,3,"ALIYU SHA'AIBU RINGIM"
148934,2,legitimate-optot,172296,RES-2016-1417,2,"BASHIR GATARI AND SA'ADATU RIMI."
148934,2,legitimate-optot,172303,"KNML 4684",KANGIS,"BASHIR GATARI AND SA'ADATU"
12321,2,collision,173433,KN2899,KANGIS,"MUHAMMAD ADO"
12321,2,collision,26026,CON-AG-1982-280,3,"ALHAJI MUSA DANKOLI"
159173,2,legitimate-optot,182926,RES-2020-1767,2,"AHMAD SALISU BEBEJI"
159173,2,legitimate-optot,182964,"KNML 8276",KANGIS,"AHMAD SALISU BEBEJI"
179398,2,legitimate-linked,197911,COM-2011-150,1,"AFRO CASE & CO."
179398,2,legitimate-linked,197924,"MLKN 2442",KANGIS,"AFRO CASE & CO."
151802,2,legitimate-optot,175042,RES-2020-540,2,"DR ABDULLAHI GAMBO"
151802,2,legitimate-optot,175044,KN3568,KANGIS,"DR ABDULLAHI GAMBO"
176148,2,legitimate-linked,195347,RES-2022-1076,2,"NASIRU MUHAMMAD DANFARANSHI"
176148,2,legitimate-linked,195365,"KNML 9788",KANGIS,"NASIRU MUHAMMAD DANFARANSHI"
51485,2,legitimate-optot,195377,RES-2007-404,2,"SALE ALI NAGERO"
51485,2,legitimate-optot,195394,KN3589,KANGIS,"SALE ALI NAGERO"
54411,2,legitimate-linked,195035,RES-2014-2340,2,"JAMILU ALIYU BALA"
54411,2,legitimate-linked,195056,"KNML 9570",KANGIS,"JAMILU ALIYU BALA"
178445,2,legitimate-linked,197126,RES-1992-4343,2,"BADAMASI MUSA TAHIR"
178445,2,legitimate-linked,197140,KN3468,KANGIS,"BADAMASI MUSA TAHIR"
152034,2,legitimate-optot,175291,RES-2020-536,2,"DR ABDULLAHI GAMBO"
152034,2,legitimate-optot,175292,KN3571,KANGIS,"DR ABDULLAHI GAMBO"
151324,2,legitimate-linked,174556,CON-COM-2022-314,3,"JAMILU USMAN KURNA"
151324,2,legitimate-linked,174584,KN4415,KANGIS,"JAMILU USMAN KURNA"
3339,2,collision,17010,CON-AG-1985-41,3,"ALH AMADU ABUBAKAR BABURA"
3339,2,collision,184835,COM-RC-1982-500,1,"ALH SALISU MUSA SAMBAJO"
154904,2,legitimate-linked,179249,CON-RES-2024-77,3,"FAHAD MUHAMMAD HALILU"
154904,2,legitimate-linked,179253,KN4703,KANGIS,"FAHAD MUHAMMAD HALILU"
38641,2,legitimate-linked,181359,RES-1992-1422,2,"ALH MUNZALI SANI MUSA"
38641,2,legitimate-linked,181376,"KNML 1964",KANGIS,"ALH MUNZALI SANI MUSA"
159536,2,legitimate-linked,183184,RES-2021-1526,2,"BARR HAMISU SANI"
159536,2,legitimate-linked,183214,KN4721,KANGIS,"BARR HAMISU SANI"
65095,2,legitimate-linked,174608,RES-RC-1982-1078,1,"MOHAMMED HASSAN KOGUNA"
65095,2,legitimate-linked,174610,"KNML 1896",KANGIS,"MOHAMMED HASSAN KOGUNA"
42064,2,legitimate-linked,192192,RES-1993-6949,2,"IDRIS AHMED BABAN HAJIYA"
42064,2,legitimate-linked,192201,"KNML 903",KANGIS,"IDRIS AHMED BABAN HAJIYA"
927,2,collision,14587,RES-1981-604,1,"ALH KABIRU SANI YAKASAI"
927,2,collision,184962,COM-1988-32,1,"FELIX C. EZE"
66613,2,legitimate-linked,184334,RES-RC-1982-834,1,"WADA YUNUSA"
66613,2,legitimate-linked,184342,"KNML 9734",KANGIS,"WADA YUNUSA"
156710,2,legitimate-linked,181059,CON-RES-2023-7109,3,"FAIZU MUHAMMAD GALADIMA"
156710,2,legitimate-linked,181090,KN4992,KANGIS,"MURTALA ABDULLAHI JEGA"
159351,2,legitimate-linked,183089,"MLKN 2753",KANGIS,"WADA ABDULLAHI KACHAKO"
159351,2,legitimate-linked,183078,COM-2019-112,1,"WADA ABDULLAHI KACHAKO"
53064,2,legitimate-linked,197091,RES-2010-1199,2,"ALH. ALIYU MUHAMMAD"
53064,2,legitimate-linked,197103,"KNML 9489",KANGIS,"ALH. ALIYU MUHAMMAD"
151993,2,legitimate-linked,175244,CON-AG-2025-138,3,"UMAR ISAH ZAI"
151993,2,legitimate-linked,175257,KN5162,KANGIS,"UMAR ISAH ZAI"
25998,2,legitimate-linked,181330,CON-IND-2020-46,3,"GERAWA RICE MILLS"
25998,2,legitimate-linked,181343,"MLKN 2987",KANGIS,"GERAWA RICE MILLS"
49880,2,legitimate-linked,183226,RES-2003-2277,2,"USMAN UBA MUSA"
49880,2,legitimate-linked,183285,"KNML 5827",KANGIS,"USMAN UBA MUSA"
178492,2,legitimate-linked,197165,CON-RES-2011-200,3,"NU'UMAN BARAU DANBATTA"
178492,2,legitimate-linked,197184,"KNML 7066",KANGIS,"NU'UMAN BARAU DANBATTA"
8362,2,collision,22061,CON-RES-2009-1030,3,"ALH. MANNIR ISYAKU RABIU"
8362,2,collision,195572,CON-COM-1997-12,3,"KANO TRANSPORT INTERNATIONAL LIMITED"
149812,2,legitimate-linked,173095,RES-2015-258,2,"AMINA SHEHU"
149812,2,legitimate-linked,173110,KN5315,KANGIS,"AMINA SHEHU"
159354,2,legitimate-linked,183096,"MLKN 2752",KANGIS,"WADA ABDULLAHI KACHAKO"
159354,2,legitimate-linked,183080,COM-2019-109,1,"WADA ABDULLAHI KACHAKO"
161613,2,legitimate-linked,185028,CON-COM-2020-198,3,"BADAMASI GARBA IDI"
161613,2,legitimate-linked,185042,KN4267,KANGIS,"BADAMASI GARBA IDI"
25095,2,legitimate-linked,195833,RES-2015-563,2,"DR. KABIR ABUBAKAR"
25095,2,legitimate-linked,195946,"KNML 2633",KANGIS,"KABIR ABUBAKAR"
28032,2,legitimate-linked,196592,RES-1982-1173,1,"SAMHA DAYEKH"
28032,2,legitimate-linked,196664,"KNML 4644",KANGIS,"SAMHA DAYEKH"
7591,2,collision,21282,CON-AG-1986-69,3,"ALH SHITU GADAN"
7591,2,collision,175139,CON-AG-2024-28,3,"ABDU AHMAD SAYE"
24067,2,collision,47035,CON-RES-2000-159,3,"ALHAJI GARBA INDABAWA"
24067,2,collision,47084,CON-RES-1999-253,3,"ALHAJI SANI ABDULLAHI"
17584,2,legitimate-linked,189300,KN4610,KANGIS,"MURTALA ABDULLAHI JEGA"
17584,2,legitimate-linked,31387,CON-RES-1997-158,3,"ALHAJI AMINU ABBA"
163873,2,legitimate-linked,186813,RES-1998-693,2,"ALHAJI ALIYU MAHMOUD GALADANCHI"
163873,2,legitimate-linked,186828,"KNML 1578",KANGIS,"ALHAJI ALIYU MAHMOUD GALADANCHI"
17633,2,legitimate-linked,31436,CON-RES-1994-339,3,"ALHAJI SABO LAWAN KABARA"
17633,2,legitimate-linked,189590,KN4578,KANGIS,"MURTALA ABDULLAHI JEGA"
150393,2,legitimate-optot,173705,RES-2021-2949,2,"YAKUBU HAMZA DANDAGO"
150393,2,legitimate-optot,173710,KN3360,KANGIS,"YAKUBU HAMZA DANDAGO"
110401,2,collision,174745,,1,"YUNUSA AUWALU AHMAD"
110401,2,collision,174768,KN2997,KANGIS,"YUNUSA AUWALU AHMAD"
167775,2,legitimate-linked,189996,RES-1995-1726,2,"AHMED MUTARI DANGANA"
167775,2,legitimate-linked,189999,"KNML 2427",KANGIS,"AHMED MUTARI DANGANA"
156459,2,legitimate-optot,180844,RES-2023-1448,2,"TANIMU ADAMU"
156459,2,legitimate-optot,180853,KN4397,KANGIS,"TANIMU ADAMU"
17425,2,collision,184714,KN5441,KANGIS,"MURTALA ABDULLAHI JEGA"
17425,2,collision,31228,CON-RES-1995-291,3,"MESSRS TRUSCO INDUSTRIES LIMITED"
56152,2,legitimate-optot,192100,RES-2015-7764,2,"SALE UMAR"
56152,2,legitimate-optot,192112,KN4506,KANGIS,"SALE UMAR"
151352,2,legitimate-linked,174578,RES-2001-5024,2,"ALH SALEH HASSAN"
151352,2,legitimate-linked,174579,KN3488,KANGIS,"ALH SALEH HASSAN"
178767,2,legitimate-linked,197394,COM-1999-39,1,"MUHAMMAD MUJIBU"
178767,2,legitimate-linked,197395,KN1795,KANGIS,"MUHAMMAD MUJIBU"
146222,2,legitimate-optot,169257,RES-2015-4912,2,"BASHIR HUSSAINI"
146222,2,legitimate-optot,169282,KN5071,KANGIS,"BASHIR HUSSAINI"
66037,2,legitimate-linked,197805,RES-RC-1982-295,1,"NURA JAFARU $ RAKIYA JAFARU"
66037,2,legitimate-linked,197848,KN1964,KANGIS,"NURA JAFARU $ RAKIYA JAFARU"
35969,2,legitimate-linked,195762,RES-1990-4360,1,"HAMISU MUSA"
35969,2,legitimate-linked,195775,"KNML 1450",KANGIS,"SABI'U YAHAYYA"
160746,2,legitimate-linked,184242,CON-RES-2009-190,3,"ALH NABABA ABDULMUMINI"
160746,2,legitimate-linked,184264,"KNML 1733",KANGIS,"GODWING UMEANULUGWO"
178642,2,legitimate-linked,197280,RES-2007-1935,2,"YAHAYA BARAU DANBATTA"
178642,2,legitimate-linked,197288,"KNML 2112",KANGIS,"YAHAYA BARAU DANBATTA"
169451,2,legitimate-linked,191291,DCIV-2025-97,,"INVESTIGATION ACTIVITIES"
169451,2,legitimate-linked,191309,SLTR-211396,SLTR,"IBRAHIM MUSTAPHA SANI"
36963,2,legitimate-optot,180486,RES-1991-3771,1,"AHMED ABUBAKAR MAISONG"
36963,2,legitimate-optot,180488,"KNML 7101",KANGIS,"AHMED ABUBAKAR MAISONG"
19012,2,collision,32817,CON-COM-2005-40,3,"MTL INTERNATIONAL CONCEPT LIMITED"
19012,2,collision,172870,"MLKN 157",KANGIS,"GONGONI COMPANY LTD"
49366,2,legitimate-linked,191863,RES-2002-67,2,"UMAR MUSA MUHAMMAD"
49366,2,legitimate-linked,191871,"KNML 2499",KANGIS,"UMAR MUSA MUHAMMAD"
179642,2,legitimate-linked,198115,RES-2022-1838,2,"DR. ALI MUSTAPHA KURAYSH"
179642,2,legitimate-linked,198126,KN1072,KANGIS,"DR. ALI MUSTAPHA KURAYSH"
17458,2,collision,184466,KN5407,KANGIS,"MURTALA ABDULLAHI JEGA"
17458,2,collision,31261,CON-RES-1995-494,3,"MR. L. F. B. DUKE"
166045,2,legitimate-linked,188756,CON-RES-2006-269,3,"ALHAJI YA'U MUHAMMAD"
166045,2,legitimate-linked,188766,"KNML 2428",KANGIS,"ALHAJI YA'U MUHAMMAD"
158838,2,legitimate-linked,182691,CON-COM-2024-40,3,"BY PAINTS & GENERAL ENT. LTD"
158838,2,legitimate-linked,182694,KN4166,KANGIS,"BY PAINTS & GENERAL ENT. LTD"
50543,2,legitimate-optot,193670,RES-2005-1315,2,"ALA HAUWA MUHAMMAD"
50543,2,legitimate-optot,193692,"KNML 1395",KANGIS,"ALA HAUWA MUHAMMAD"
17468,2,collision,31271,CON-AG-1995-19,3,"KASSIM T. AHMED"
17468,2,collision,184707,KN5435,KANGIS,"MURTALA ABDULLAHI JEGA"
17467,2,collision,31270,CON-COM-1995-11,3,"ALHAJI ISYAKU ABDULLAHI BEBEJI"
17467,2,collision,184480,KN5411,KANGIS,"MURTALA ABDULLAHI JEGA"
11181,2,collision,24885,CON-RES-1983-516,3,"ABDULKADIR ADO"
11181,2,collision,181907,"KNML 1707",KANGIS,"AHMAD BARAU T. SALISU"
178742,2,legitimate-linked,197373,CON-COM-2022-719,3,"HON. MUHAMMAD HASSAN"
178742,2,legitimate-linked,197387,"MLKN 4570",KANGIS,"HON. MUHAMMAD HASSAN"
67762,2,legitimate-linked,168568,RES-RC-1990-7,1,"MODU TAHIR BOLORI,MOHD TAHIR BOLORI & ABDULLAHI TAHIR BOLORI"
67762,2,legitimate-linked,168580,KN4655,KANGIS,"MODU TAHIR BOLORI,MOHD TAHIR BOLORI & ABDULLAHI TAHIR BOLORI"
17539,2,legitimate-linked,31342,CON-RES-1995-495,3,"ALHAJI JAMILU SUNUSI"
17539,2,legitimate-linked,187263,KN5153,KANGIS,"MURTALA ABDULLAHI JEGA"
34984,2,legitimate-linked,191734,RES-1990-1661,1,"ALH SANUSI A ABUBAKAR"
34984,2,legitimate-linked,191752,"MLKN 2490_2",KANGIS,"SANUSI ADAMU ABUBAKAR"
153932,2,legitimate-linked,178266,COM-2002-1739,1,"HABEEBY HEALTH LIMITED"
153932,2,legitimate-linked,178305,KN4098,KANGIS,"HABEEBY HEALTH LIMITED"
171058,2,legitimate-linked,191772,CON-RES-2009-649,3,"NWOBA EMMANUEL ONYEBUCHI"
171058,2,legitimate-linked,191775,"KNML 5058",KANGIS,"NWOBA EMMANUEL ONYEBUCHI"
17583,2,legitimate-linked,189329,KN4611,KANGIS,"MURTALA ABDULLAHI JEGA"
17583,2,legitimate-linked,31386,CON-RES-1997-155,3,"TIJJANI SABIU RABIU"
6170,2,legitimate-optot,19848,CON-AG-1982-62,3,"HAMZAT MOHAMMED TURABU"
6170,2,legitimate-optot,179937,COM-RC-1982-428,1,"ALHAJI SHARU GAMBO,ALHAJI ABDULAZIZ,ALHAJI ALI MAIWAKE & ALH SANI ABDULLAHI"
21772,2,collision,181263,RES-RC-1982-1152,1,"MUHAMMAD BADARU ABUBAKAR"
21772,2,collision,35571,CON-COM-2020-116,3,"ALASAN AMINU ABUBAKAR"
28253,2,legitimate-linked,185263,DCIV-2023-187,DCIV,"THE NIGERIAN POLICE"
28253,2,legitimate-linked,195505,RES-1982-1505,1,"SAFIYANU UMAR"
146500,2,legitimate-linked,169544,CON-IND-2018-14,3,"PRIME PLASTIC AND SACKS NIG LTD"
146500,2,legitimate-linked,169886,"MLKN 3183",KANGIS,"PRIME PLASTIC AND SACKS NIG LTD."
163415,2,legitimate-linked,186524,RES-2009-1949,2,"AYUBA HASSAN A"
163415,2,legitimate-linked,186530,"KNML 1539",KANGIS,"ADAMU USMAN INUSA"
32101,2,legitimate-optot,179577,RES-1987-1703,1,"KABIRU SANI DAGI"
32101,2,legitimate-optot,179595,"KNML 1225",KANGIS,"ALHAJI AMINU BABA"
7713,2,collision,193352,CON-COM-1981-96,3,"MAL. DAYYABU  USMAN SULAIMAN"
7713,2,collision,21404,RES-1992-4413,2,"ZUWAIRA SULE"
2468,2,collision,182286,,1,"ALH MUSTAPHA BABA"
2468,2,collision,16136,CON-COM-1990-39,3,"ALHAJI LAWAN GWARZO"
37224,2,legitimate-optot,185579,RES-1991-489,1,"FATIMA MUSTAPHA"
37224,2,legitimate-optot,185581,"KNML 1511",KANGIS,"FATIMA MUSTAPHA"
151695,2,legitimate-linked,174920,CON-COM-2025-250,3,"HAMZA SALISU GARBA"
151695,2,legitimate-linked,174927,KN5429,KANGIS,"HAMZA SALISU GARBA"
162252,2,legitimate-linked,185603,CON-COM-2014-270,3,"ISMAIL BASHIR"
162252,2,legitimate-linked,185610,"MLKN 1368",KANGIS,"ISMAIL BASHIR"
161264,2,legitimate-linked,184711,SLTR-216721,SLTR,"ADAMU IDRIS"
161264,2,legitimate-linked,184718,KN5508,KANGIS,"ADAMU IDRIS"
172194,2,legitimate-linked,192639,COM-2001-227,1,"FARIDAH A. MOHD"
172194,2,legitimate-linked,192646,"MLKN 4461",KANGIS,"FARIDAH A. MOHD"
155717,2,legitimate-linked,180030,RES-2002-3590,2,"BARR TAHIR IBRAHIM"
155717,2,legitimate-linked,180052,"KNML 1470",KANGIS,"BARR TAHIR IBRAHIM"
173100,2,legitimate-optot,193341,RES-2022-1061,2,"NASIRU MUHD DANFARANSHI"
173100,2,legitimate-optot,193376,KN4024,KANGIS,"NASIRU MUHD DANFARANSHI"
16427,2,legitimate-linked,30226,CON-RES-1993-15,3,"ALH AMINU ISYAKU"
16427,2,legitimate-linked,186991,"KNML 2853",KANGIS,"MR GALLET STAPHANE"
147,2,collision,172279,"MLKN 353",KANGIS,"MUHAMMAD INUWA IBRAHIM"
147,2,collision,13802,RES-1992-151,2,"GHALI MUHAMMAD ISMA'IL"
24080,2,collision,47048,CON-RES-1991-483,3,"MR BENJAMIN ONYILOKU"
24080,2,collision,38917,CON-RES-2009-22,3,"ALH ABDULLAHI ADAMU DANGONGOLA"
153940,2,legitimate-linked,182714,KN5245,KANGIS,"MURTALA ABDULLAHI JEGA"
153940,2,legitimate-linked,178275,CON-RES-2023-7382,3,"FAIZU MUHAMMAD GALADIMA"
6009,2,legitimate-linked,186780,COM-RC-1982-26,1,"UNION TRADING CO. LTD"
6009,2,legitimate-linked,19686,RES-1992-2810,2,"ABDULLAHI ZAKARI"
60633,2,legitimate-linked,173140,RES-2020-488,2,"ALI DAYEKH MOHAMMED"
60633,2,legitimate-linked,173195,"KNML 7895",KANGIS,"ALI DAYEKH MOHAMMED"
155239,2,legitimate-linked,179573,CON-RES-2011-2120,3,"DR SHEHU UMAR ABDULLAHI"
155239,2,legitimate-linked,179589,"KNML 1453",KANGIS,"DR SHEHU UMAR ABDULLAHI"
172275,2,legitimate-linked,192685,RES-2009-5516,2,"SANI SULAIMAN"
172275,2,legitimate-linked,192739,RES-2009-5517,2,"SANI SULAIMAN"
150955,2,legitimate-optot,174205,RES-2021-4545,2,"AHMED ABDULLAHI SIDI"
150955,2,legitimate-optot,174229,KN3970,KANGIS,"AHMED ABDULLAHI SIDI"
47713,2,legitimate-linked,171550,RES-2000-6769,2,"FAUZIYYA MUHAMMAD HASSAN"
47713,2,legitimate-linked,171553,KN4741,KANGIS,"FAUZIYYA MUHAMMAD HASSAN"
54847,2,legitimate-linked,175583,RES-2015-2108,2,"YASIR MUHAMMAD SAID ABDULLAHI."
54847,2,legitimate-linked,175587,KN5088,KANGIS,"YASIR MUHAMMAD SAID ABDULLAHI."
158478,2,legitimate-linked,182426,RES-2021-618,2,"USMAN ALIYU GORA"
158478,2,legitimate-linked,182445,KN3501,KANGIS,"USMAN ALIYU GORA"
12956,2,collision,173625,"KNML 139",KANGIS,"MAIKANO BASHIR YOLA"
12956,2,collision,26728,RES-1991-12,1,"ADAMU TANIMU"
24069,2,collision,47037,CON-RES-2000-204,3,"BALA MUHAMMED"
24069,2,collision,47086,CON-RES-1997-257,3,"JUSTUS AROH"
156773,2,legitimate-linked,181121,CON-IND-2012-16,3,"SEED TECHNOLOGY IND LTD"
156773,2,legitimate-linked,181185,"MLKN 2763",KANGIS,"SEED TECHNOLOGY IND LTD"
157730,2,legitimate-linked,181857,RES-2014-1628,2,"ISMA'EL ABBA"
157730,2,legitimate-linked,181863,"KNML 1985",KANGIS,"ISMA'EL ABBA"
168077,2,legitimate-linked,190238,CON-RES-2023-7383,3,"FAIZU MUHAMMAD GALADIMA"
168077,2,legitimate-linked,190261,KN4573,KANGIS,"MURTALA ABDULLAHI JEGA"
22593,2,collision,181691,RES-RC-1982-1202,1,"MR INALEGWU ELLA"
22593,2,collision,36330,CON-RES-1991-70,3,"ALHAJI UBA LAWAN"
37329,2,legitimate-linked,183061,RES-1991-5210,1,"IBRAHIM ADO"
37329,2,legitimate-linked,183075,"KNML 1724",KANGIS,"IBRAHIM ADO"
167957,2,legitimate-linked,190128,RES-2016-4097,2,"MUHAMMAD SHEHU NA'ALLAH (KURA)"
167957,2,legitimate-linked,190136,"KNML 8461",KANGIS,"MUHAMMAD SHEHU NA'ALLAH (KURA)"
14720,2,collision,174818,KN896,KANGIS,"ALHAJI DANLAMI ALI KAURA"
14720,2,collision,28508,RES-1993-1043,2,"NASIRU YUSUF AND SHEHU USMAN KABARA"
5948,2,legitimate-optot,19625,RES-1982-827,1,"BALA MOHAMMED KAZAURE"
5948,2,legitimate-optot,190982,COM-RC-1982-187,1,"ALH ABDULLAHI ZAKARIYYA"
59446,2,legitimate-linked,194203,RES-2019-2197,2,"IBRAHIM ISYAKU NA ABBA"
59446,2,legitimate-linked,194219,"KNML 6674",KANGIS,"IBRAHIM ISYAKU NA ABBA"
4582,2,legitimate-linked,18257,RES-1992-5320,2,"DR ABU ALASAN"
4582,2,legitimate-linked,170049,"MLKN 2686",KANGIS,"ABDULKADIR AMINU IBRAHIM"
154868,2,legitimate-linked,179198,CON-RES-2012-221,3,"FAROUK ALIYU GARKO"
154868,2,legitimate-linked,179200,"KNML 1754",KANGIS,"FAROUK ALIYU GARKO"
163834,2,legitimate-linked,186781,RES-1998-1059,2,"ABDULKADIR MOHAMMAD CAPT"
163834,2,legitimate-linked,186783,"KNML 1547",KANGIS,"ABBA IBRAHIM BABA"
155167,2,legitimate-linked,179501,CON-RES-2023-7361,3,"MURTALA ABDULLAHI JEGA"
155167,2,legitimate-linked,179509,KN5112,KANGIS,"MURTALA ABDULLAHI JEGA"
55854,2,legitimate-linked,185647,RES-2015-5945,2,"SABI'U BELLO ABUBAKAR"
55854,2,legitimate-linked,185657,"KNML 295",KANGIS,"SABI'U BELLO ABUBAKAR"
30443,2,legitimate-linked,187891,RES-1985-1481,1,"ALIYU ALI IBRAHIM"
30443,2,legitimate-linked,187922,"KNML 2876",KANGIS,"ALIYU ALI IBRAHIM"
26928,2,legitimate-linked,173346,RES-2019-3534,2,"KABIRU SANI"
26928,2,legitimate-linked,173372,KN3097,KANGIS,"KABIRU SANI"
172173,2,legitimate-linked,195078,CON-IND-2024-37,3,"GAMA QUERRY NIGERIA LTD"
172173,2,legitimate-linked,195087,KN1059,KANGIS,"GAMA QUERRY NIGERIA LTD"
48203,2,legitimate-linked,177681,RES-2001-397,2,"ALH SHEHU ZUBAIRU K/NAISA"
48203,2,legitimate-linked,177683,"KNML 36",KANGIS,"ALH SHEHU ZUBAIRU K/NAISA"
25680,2,legitimate-linked,197307,IND-1997-9,1,"STANDARD FOOTWAER NIGERIA LIMITED"
25680,2,legitimate-linked,197327,"MLKN 15",KANGIS,"STANDARD FOOTWAER NIGERIA LIMITED"
146175,2,legitimate-linked,169200,CON-RES-2024-72,3,"AMINU SANI KABARA"
146175,2,legitimate-linked,169220,KN5320,KANGIS,"AMINU SANI KABARA"
67654,2,legitimate-linked,197355,,1,"SATATIMA PROJECT DEVELOPMENT"
67654,2,legitimate-linked,197390,KN3150,KANGIS,"SATATIMA PROJECT DEVELOPMENT"
17606,2,legitimate-linked,31409,CON-RES-1997-357,3,"JOAB AND COMPANY LIMITED"
17606,2,legitimate-linked,187225,KN4558,KANGIS,"MURTALA ABDULLAHI JEGA"
17459,2,collision,31262,CON-RES-1995-498,3,"ALHAJI SANI ABDULLAHI"
17459,2,collision,185421,KN5362,KANGIS,"MURTALA ABDULLAHI JEGA"
4618,2,legitimate-linked,18293,CON-AG-1987-88,3,"AHMAD GARBA RIRUWAI"
4618,2,legitimate-linked,195132,COM-2019-125,1,"KHAIRUN UNIVERSITY"
48772,2,legitimate-linked,179431,RES-2002-2054,2,"ALIYU RABI'U"
48772,2,legitimate-linked,179470,"KNML 1841",KANGIS,"ALIYU BALA RABI'U"
155111,2,legitimate-optot,179430,RES-2014-1605,2,"IBRAHIM ABUBAKAR"
155111,2,legitimate-optot,179454,KN4417,KANGIS,"IBRAHIM ABUBAKAR"
64877,2,legitimate-optot,170053,RES-RC-1981-30,1,"ALH MOHAMMED SANI SHARIFF"
64877,2,legitimate-optot,170090,KN4677,KANGIS,"ALH MOHAMMED SANI SHARIFF"
24897,2,legitimate-linked,182041,RES-2016-2215,2,"ISA MUSA GARKO"
24897,2,legitimate-linked,182046,"KNGP 189",KANGIS,"ISA MUSA GARKO"
155804,2,legitimate-linked,180124,"KNML 1476",KANGIS,"ALTINE MUHAMMAD KAURA"
155804,2,legitimate-linked,180127,CON-RES-2008-81,3,"ALTINE MUHAMMAD KAURA"
41551,2,legitimate-linked,190281,RES-1993-3,2,"BALA SULE SHUAIBU"
41551,2,legitimate-linked,190301,"KNML 2471",KANGIS,"BALA SULE SHUAIBU"
151744,2,legitimate-linked,174979,CON-RES-2023-4025,3,"SABIU HARUNA DUNDU"
151744,2,legitimate-linked,174981,KN4800,KANGIS,"SABIU HARUNA DUNDU"
48852,2,legitimate-linked,179570,RES-2002-2493,2,"BILKISU ILYASU MUHAMMAD"
48852,2,legitimate-linked,179593,"KNML 1844",KANGIS,"ALH. YAKUBU MOHAMMED NAKUDU"
24074,2,collision,47042,CON-RES-2000-23,3,"SUNUSI ABDULLAHI ZANGO"
24074,2,collision,47091,CON-RES-2000-167,3,"COSMAS NWADIKE"
149663,2,legitimate-linked,172966,COM-2023-70,1,"HADIZA USAINI"
149663,2,legitimate-linked,173010,"MLKN 3829",KANGIS,"HADIZA USAINI"
42658,2,legitimate-linked,198086,RES-1994-2047,2,"UMAR ALI"
42658,2,legitimate-linked,198135,"KNML 1410",KANGIS,"MUTTAKA G. WAKILI"
17457,2,collision,184215,KN5384,KANGIS,"MURTALA ABDULLAHI JEGA"
17457,2,collision,31260,CON-RES-1995-493,3,"MR. RUFUS E. CHIBUEZE"
151598,2,legitimate-linked,174796,RES-2015-2109,2,"YASIR MUHD SAID ABDALLAH"
151598,2,legitimate-linked,174812,KN5087,KANGIS,"YASIR MUHD SAID ABDALLAH"
23888,2,collision,174577,KN1110,KANGIS,"SAIDU ILIYASU"
23888,2,collision,38636,CON-RES-1992-613,3,"AWWALU ABBA"
17504,2,collision,185227,KN5414,KANGIS,"MURTALA ABDULLAHI JEGA"
17504,2,collision,31307,CON-AG-1995-55,3,"YUNUSA SHUAIBU WAZIRI"
45731,2,legitimate-linked,174658,RES-1997-954,2,"TAHIR FADLALLAH"
45731,2,legitimate-linked,174659,KN3538,KANGIS,"TAHIR FADLALLAH"
150337,2,legitimate-linked,173665,COM-2018-272,1,"MUHUYI MAGAJI"
150337,2,legitimate-linked,173672,"MLKN 2228",KANGIS,"MUHUYI MAGAJI"
152114,2,legitimate-linked,175388,RES-2016-4166,2,"GARBA ISAH"
152114,2,legitimate-linked,175401,KN3497,KANGIS,"GARBA ISAH"
150259,2,legitimate-optot,173588,RES-2007-1492,2,"ABDULLAHI UMAR YARO"
150259,2,legitimate-optot,173615,KN2330,KANGIS,"ABDULLAHI UMAR YARO"
165098,2,legitimate-optot,187877,RES-2014-756,2,"ISMAIL AMINU SALEH"
165098,2,legitimate-optot,187895,"KNML 2875",KANGIS,"ISMAIL AMINU SALEH"
29932,2,legitimate-linked,175533,RES-1983-801,1,"MR. DIALA FIDELIS NNAMDI"
29932,2,legitimate-linked,175546,KN2414,KANGIS,"MR. DIALA FIDELIS NNAMDI"
17530,2,legitimate-linked,31333,CON-RES-1995-298,3,"GARBA MOHAMMED ROGO"
17530,2,legitimate-linked,187269,KN5203,KANGIS,"MURTALA ABDULLAHI JEGA"
153495,2,legitimate-linked,189459,KN5241,KANGIS,"MURTALA ABDULLAHI JEGA"
153495,2,legitimate-linked,177803,CON-RES-2023-7226,3,"FAIZU MUHAMMAD GALADIMA"
57654,2,legitimate-linked,189542,RES-2018-1194,2,"SANI KABIRU HARUNA"
57654,2,legitimate-linked,189554,KN4093,KANGIS,"SANI KABIRU HARUNA"
46338,2,legitimate-optot,180789,RES-1999-879,2,"DR SANDA MOHAMMED"
46338,2,legitimate-optot,180816,"KNML 1495",KANGIS,"DR SANDA MOHAMMED"
178676,2,legitimate-linked,197349,"MLKN 3040",KANGIS,"A.S ALIYU"
178676,2,legitimate-linked,197314,CON-AG-2016-50,3,"A.S ALIYU"
171240,2,legitimate-linked,191888,CON-COM-2021-370,3,"ADO MUDASSIR"
171240,2,legitimate-linked,191899,KN2903,KANGIS,"ADO MUDASSIR"
177534,2,legitimate-optot,196521,RES-2022-1065,2,"NASIRU MUHD DANFARANSHI"
177534,2,legitimate-optot,196532,"KNML 9777",KANGIS,"NASIRU MUHD DANFARANSHI"
13696,2,collision,184825,CON-RES-1989-98,3,"IDRIS ZUBAIRU & KAZEEM O. SADIQ"
13696,2,collision,27473,RES-1990-4074,1,"ADO IDRIS"
641,2,legitimate-optot,194198,COM-1983-344,1,"DAKATA CLINIC"
641,2,legitimate-optot,14300,RES-1981-325,1,"BABANDI NA MUSA"
66495,2,legitimate-linked,181198,RES-RC-1982-712,1,"AMINU CHUBADO BELLO"
66495,2,legitimate-linked,181202,"KNML 1951",KANGIS,"AMINU CHUBADO BELLO"
179545,2,legitimate-linked,198050,RES-1984-122,1,"NU'UMAN BARAU DANBATTA"
179545,2,legitimate-linked,198080,"KNML 6610",KANGIS,"NU'UMAN BARAU DANBATTA"
24054,2,collision,47022,CON-RES-2000-8,3,"SHEHU S. IMAM"
24054,2,collision,47071,CON-RES-1999-214,3,"ALHAJI MUNKAIU IDRIS"
145879,2,legitimate-linked,168865,IND-2004-2,1,"VIVA METAL & PLASTIC IND LTD"
145879,2,legitimate-linked,168875,"MLKN 80",KANGIS,"VIVA METAL & PLASTIC IND LTD"
6604,2,collision,20288,RES-1992-3050,2,"ALH AMADU MADAKIN GINI"
6604,2,collision,184046,COM-RC-1995-3,1,"MALLAM MUHAMMED AMINU"
40666,2,legitimate-optot,195739,RES-1992-7161,2,"RUMBU INDUSTRIES LTD"
40666,2,legitimate-optot,195764,"KNML 9522",KANGIS,"RUMBU INDUSTRIES LTD"
151000,2,legitimate-optot,174249,RES-2015-2656,2,"ARABI MUBARAK ABUBAKAR"
151000,2,legitimate-optot,174267,"KNML 5180",KANGIS,"ARABI MUBARAK ABUBAKAR"
42758,2,legitimate-optot,186253,RES-1994-2257,2,"BABA NASIRU LAWAL"
42758,2,legitimate-optot,186268,"KNML 256",KANGIS,"BABA NASIRU LAWAL"
153403,2,legitimate-linked,190232,KN4580,KANGIS,"MURTALA ABDULLAHI JEGA"
153403,2,legitimate-linked,177718,CON-RES-2023-7348,3,"FAIZU MUHAMMAD GALADIMA"
168041,2,legitimate-linked,190200,RES-1994-88,2,"AMINU USMAN"
168041,2,legitimate-linked,190210,"KNML 6984",KANGIS,"AMINU USMAN"
17582,2,legitimate-linked,31385,CON-RES-1997-154,3,"IDRIS IBRAHIM IDRIS"
17582,2,legitimate-linked,189588,KN4605,KANGIS,"MURTALA ABDULLAHI JEGA"
13874,2,collision,27652,RES-1991-741,1,"HAJIYA AMINA IBRAHIM"
13874,2,collision,177629,"KNML 33",KANGIS,"ALHAJI UBA GWANDU"
152226,2,legitimate-linked,175548,CON-COM-2014-4,3,"SUYUDI ABDULLAHI BATURE"
152226,2,legitimate-linked,175555,"MLKN 510",KANGIS,"SUYUDI ABDULLAHI BATURE"
150151,2,legitimate-optot,173501,RES-2023-5468,2,"EMMANUEL NNAJI"
150151,2,legitimate-optot,173504,KN4689,KANGIS,"EMMANUEL NNAJI"
178713,2,legitimate-linked,198133,CON-COM-2014-163,3,"ISAH MUSA IBRAHIM"
178713,2,legitimate-linked,198145,KN988,KANGIS,"ISAH MUSA IBRAHIM"
17604,2,legitimate-linked,31407,CON-RES-1997-354,3,"ALHAJI UBA TANKO MIJINYAWA"
17604,2,legitimate-linked,187233,KN4555,KANGIS,"MURTALA ABDULLAHI JEGA"
149925,2,legitimate-linked,173252,CON-COM-2023-615,3,"FIDELIS EBAREKPEN"
149925,2,legitimate-linked,173253,KN3737,KANGIS,"FIDELIS EBAREKPEN"
6205,2,collision,192884,COM-RC-1982-463,1,"ALH SANI ALI AHMED"
6205,2,collision,19884,RES-1982-903,1,"DAUDA NUHU"
161708,2,legitimate-linked,185114,COM-2010-384,1,"HERBAL POINT SERVICES"
161708,2,legitimate-linked,185128,"MLKN 389",KANGIS,"HERBAL POINT SERVICES"
153840,2,legitimate-linked,189789,KN4575,KANGIS,"MURTALA ABDULLAHI JEGA"
153840,2,legitimate-linked,178164,CON-RES-2023-7354,3,"FAIZU MUHAMMAD GALADIMA"
146936,2,legitimate-linked,170011,CON-RES-1987-1210,3,"EMME GUSAU INTERNATIONAL LIMITED"
146936,2,legitimate-linked,170042,KN3804,KANGIS,"EMME GUSAU INTERNATIONAL LIMITED"
54802,2,legitimate-optot,195360,RES-2015-1972,2,"ABBA ALHAJI GARBA"
54802,2,legitimate-optot,195376,KN1511,KANGIS,"ABBA ALHAJI GARBA"
45197,2,legitimate-linked,170338,KN4434,KANGIS,"BABANGIDA HASSAN A SULE"
45197,2,legitimate-linked,169505,RES-1997-124,2,"BABANGIDA HASSAN A SULE"
19496,2,collision,33301,CON-RES-1988-406,3,"ABDULKADIR HARUNA"
19496,2,collision,183054,IND-RC-1982-41,1,"B AND B LEATHER LIMITED"
17591,2,legitimate-linked,31394,CON-RES-1997-177,3,"GARBA ALIYU"
17591,2,legitimate-linked,186788,KN4541,KANGIS,"MURTALA ABDULLAHI JEGA"
147821,2,legitimate-optot,171028,RES-2022-632,2,"GONI SALISU TALBA"
147821,2,legitimate-optot,171036,KN4851,KANGIS,"GONI SALISU TALBA"
29509,2,legitimate-linked,194224,RES-1982-995,1,"NASIRU BALARABE ZAHRADEEN"
29509,2,legitimate-linked,194237,"KNML 1556",KANGIS,"NASIRU BALARABE ZAHRADEEN"
36175,2,legitimate-optot,184454,RES-1991-10009,1,"ABDULRRAUF IBRAHIM DANWAKILI"
36175,2,legitimate-optot,184462,"KNML 1916",KANGIS,"ABDULRRAUF IBRAHIM DANWAKILI"
153881,2,legitimate-linked,186802,KN5195,KANGIS,"MURTALA ABDULLAHI JEGA"
153881,2,legitimate-linked,178211,CON-RES-2023-7369,3,"FAIZU MUHAMMAD GALADIMA"
167530,2,legitimate-linked,189809,CON-COM-2024-398,3,"MUBARAK NASIR ABDULMUMINI"
167530,2,legitimate-linked,189817,KN4213,KANGIS,"MUBARAK NASIR ABDULMUMINI"
34180,2,legitimate-optot,195791,RES-1989-247,1,"ALIYU LAWAN"
34180,2,legitimate-optot,195862,KN3653,KANGIS,"ALIYU LAWAN"
153935,2,legitimate-linked,187917,KN4779,KANGIS,"MURTALA ABDULLAHI JEGA"
153935,2,legitimate-linked,178268,CON-RES-2023-7328,3,"FAIZU MUHAMMAD GALADIMA"
148775,2,legitimate-linked,172219,RES-1993-4492,2,"MOHAMMED SANI ISMA'IL"
148775,2,legitimate-linked,172228,KN70,KANGIS,"MUHAMMED SANI ISMAIL."
179846,2,legitimate-optot,198307,RES-2023-1446,2,"TANIMU ADAMU"
179846,2,legitimate-optot,198318,KN4398,KANGIS,"TANIMU ADAMU"
154266,2,legitimate-linked,178578,CON-RES-2009-641,3,"KABIRU AHMAD YAKASAI"
154266,2,legitimate-linked,178596,"KNML 2510",KANGIS,"KABIR AHMAD YAKASAI"
149560,2,legitimate-linked,181883,"KNML 1995",KANGIS,"DAU ADAMU ALIYU"
149560,2,legitimate-linked,172841,RES-2004-484,2,"SALISU M. GARBA"
153375,2,legitimate-linked,189576,KN5253,KANGIS,"MURTALA ABDULLAHI JEGA"
153375,2,legitimate-linked,177690,CON-RES-2023-7294,3,"FAIZU MUHAMMAD GALADIMA"
27257,2,legitimate-linked,189332,RES-1981-24,1,"MUKTAR HONOURABLE IBRAHIM"
27257,2,legitimate-linked,189353,"KNML 2442",KANGIS,"MUKTAR HONOURABLE IBRAHIM"
153913,2,legitimate-linked,190224,KN5230,KANGIS,"MURTALA ABDULLAHI JEGA"
153913,2,legitimate-linked,178246,CON-RES-2023-7283,3,"FAIZU MUHAMMAD GALADIMA"
60469,2,legitimate-linked,182199,COM-2023-474,1,"ABUBAKAR SAHABA BAWURO"
60469,2,legitimate-linked,182207,"MLKN 4222",KANGIS,"ABUBAKAR SAHABA BAWURO"
32312,2,legitimate-linked,179110,RES-1987-2062,1,"ENGR MUHAMMED OVAINO IDRIS"
32312,2,legitimate-linked,179137,"KNML 1761",KANGIS,"MUHAMMED OVAINO IDRIS"
150978,2,legitimate-linked,174228,CON-AG-2020-71,3,"NURA SANI AHMAD"
150978,2,legitimate-linked,174239,KN2762,KANGIS,"NURA SANI AHMAD"
24036,2,collision,47003,CON-RES-1999-75,3,"AHMED MOHAMMED JEGA"
24036,2,collision,47052,CON-RES-1998-292,3,"ALH TUKUR ABDULKADIR"
27868,2,legitimate-linked,190268,RES-1981-982,1,"SULEIMAN ZANGINA"
27868,2,legitimate-linked,190270,"KNML 2475",KANGIS,"SULEIMAN ZANGINA"
51139,2,legitimate-linked,198045,RES-2006-440,2,"MUJTABA IBRAHIM ABUBAKAR"
51139,2,legitimate-linked,198075,"KNML 8311",KANGIS,"MUJTABA IBRAHIM ABUBAKAR"
2755,2,legitimate-linked,16425,CON-AG-1983-81,3,"ALHAJI AHMED ISMAILA"
2755,2,legitimate-linked,170480,COM-2004-56,1,"MAMUDAA INDUSTRIES NIG LTD."
50428,2,legitimate-linked,191625,RES-2004-842,2,"GARBA MUSA DAN-DALAMA"
50428,2,legitimate-linked,191675,"KNML 2407",KANGIS,"ALH GARBA MUSA DANDALAMA"
62201,2,legitimate-linked,173487,RES-2023-758,2,"MUHAMMAD ISYAKU"
62201,2,legitimate-linked,173507,KN3927,KANGIS,"MUHAMMAD ISYAKU"
40625,2,legitimate-linked,172838,RES-1992-7060,2,"SALMANU ISYAKU KIRU"
40625,2,legitimate-linked,172845,"KNML 4548",KANGIS,"SALMANU ISYAKU KIRU"
47965,2,legitimate-linked,195043,RES-2001-2051,2,"SHEHU BELLO DISO"
47965,2,legitimate-linked,195074,"KNML 1413",KANGIS,"SHEHU BELLO DISO"
53489,2,legitimate-optot,171630,RES-2010-2938,2,"AISHA UMAR"
53489,2,legitimate-optot,171640,"KNML 8121",KANGIS,"AISHA UMAR"
168479,2,legitimate-optot,190566,RES-2016-3261,2,"SA'ADATU ADO KURAWA"
168479,2,legitimate-optot,190585,"KNML 8046",KANGIS,"SA'ADATU ADO KURAWA"
53000,2,legitimate-linked,189849,RES-2009-959,2,"IDRIS ISMA'IL"
53000,2,legitimate-linked,186899,"KNML 2859",KANGIS,"ZAINAB MUHAMMED ABUBAKAR"
166109,2,legitimate-linked,188809,CON-RES-2014-241,3,"MAHMUDA HARUNA"
166109,2,legitimate-linked,188834,"KNML 2433",KANGIS,"MAHMUDA HARUNA"
24052,2,collision,47019,CON-RES-2000-138,3,"ALHAJI BALA NA'IYA"
24052,2,collision,47069,CON-RES-1999-216,3,"DR IBRAHIM GAMBARI KAREEM"
104649,2,legitimate-linked,168843,CON-COM-2024-397,3,"SANUSI ABDULKADIR DANTATA"
104649,2,legitimate-linked,168869,KN5352,KANGIS,"SANUSI ABDULKADIR DANTATA"
17503,2,collision,184636,KN5447,KANGIS,"MURTALA ABDULLAHI JEGA"
17503,2,collision,31306,CON-AG-1995-54,3,"ALHAJI ABDULLAHI SARKI IBRAHIM MAKAMAN KANO"
698,2,collision,184901,COM-1984-82,1,"SABIU BAKO TRADING COMPANY LIMITED"
698,2,collision,14357,RES-1992-791,2,"SAHALU S. FAWA"
11207,2,collision,24911,CON-RES-1983-826,3,"ALHAJI BABBA MAIGOGE"
11207,2,collision,197827,CON-RES-1982-1308,3,"ALHAJI HAMISU BICHI"
171622,2,legitimate-linked,192140,CON-RES-2023-7380,3,"FAIZU MUHAMMAD GALADIMA"
171622,2,legitimate-linked,192152,KN4585,KANGIS,"MURTALA ABDULLAHI JEGA"
148942,2,legitimate-linked,172300,RES-2020-1322,2,"ALIYU AMINU USMAN"
148942,2,legitimate-linked,172306,KN4514,KANGIS,"ALIYU AMINU USMAN"
38640,2,legitimate-linked,178586,RES-1992-1419,2,"BINTA RABIU SPEAKING"
38640,2,legitimate-linked,178604,"KNML 1792",KANGIS,"BINTA RABIU SPEAKING"
159215,2,legitimate-linked,182960,CON-COM-2022-329,3,"NUHU BALA MUKHTAR"
159215,2,legitimate-linked,182970,KN4736,KANGIS,"NUHU BALA MUKHTAR"
146842,2,legitimate-linked,169904,CON-IND-2025-3,3,"PRIME PLASTIC AND SACKS NIG LTD"
146842,2,legitimate-linked,169944,KN2858,KANGIS,"PRIME PLASTIC AND SACKS NIG LTD"
179721,2,legitimate-linked,198226,"MLKN 4324",KANGIS,"H.D.F INTERGRATED AGRO LTD"
179721,2,legitimate-linked,198189,CON-IND-2022-63,3,"H.D.F INTERGRATED AGRO LTD"
33067,2,legitimate-linked,186365,RES-1988-2149,1,"BELLO BABA YOLA"
33067,2,legitimate-linked,186375,"KNML 253",KANGIS,"BELLO BABA YOLA"
67237,2,legitimate-linked,193939,RES-RC-1985-105,1,"MR. TAHIR ALI TAHIR"
67237,2,legitimate-linked,193958,KN933,KANGIS,"TAHIR ALI TAHIR"
17581,2,legitimate-linked,31384,CON-RES-1997-152,3,"IDRIS IBRAHIM IDRIS"
17581,2,legitimate-linked,191829,KN4600,KANGIS,"MURTALA ABDULLAHI JEGA"
41037,2,legitimate-linked,186812,RES-1993-1309,2,"BALA MUSA"
41037,2,legitimate-linked,186814,"KNML 1549",KANGIS,"ALHAJI MUTARI SANI"
17534,2,legitimate-linked,31337,CON-RES-1995-481,3,"MR. EBEAGWU CHINEZIE VINCENT"
17534,2,legitimate-linked,188031,KN5173,KANGIS,"MURTALA ABDULLAHI JEGA"
17603,2,legitimate-linked,31406,CON-RES-1997-298,3,"MUTARI GARBA"
17603,2,legitimate-linked,189440,KN5167,KANGIS,"MURTALA ABDULLAHI JEGA"
17519,2,legitimate-linked,31322,CON-AG-1995-116,3,"SAIDU MADAKI MUHAMMAD"
17519,2,legitimate-linked,186803,KN4868,KANGIS,"MURTALA ABDULLAHI JEGA"
52130,2,legitimate-optot,182007,RES-2009-2144,2,"ALH AMINU GURJIYA"
52130,2,legitimate-optot,182008,"KNML 1999",KANGIS,"MUHAMMAD MUSA AUWAL"
156665,2,legitimate-optot,181022,RES-2014-1537,2,"MUNIR NASIDI DANEJI"
156665,2,legitimate-optot,181024,"KNML 1959",KANGIS,"MUNIR NASIDI DANEJI"
145477,2,legitimate-linked,168450,RES-2022-1165,2,"IBRAHIM BELLO"
145477,2,legitimate-linked,168461,KN3481,KANGIS,"IBRAHIM BELLO"
47033,2,legitimate-optot,179213,RES-2000-2956,2,"MAL. MOHAMMED WADA MANSUR"
47033,2,legitimate-optot,179238,"KNML 1757",KANGIS,"MUHAMMADU WADA MANSUR"
152215,2,legitimate-linked,175525,CON-RES-2023-7426,3,"DAWUD JIDDA JIDDA"
152215,2,legitimate-linked,175528,KN5434,KANGIS,"DAWUD JIDDA JIDDA"
54481,2,legitimate-optot,195901,RES-2014-2680,2,"ABUBAKAR KABIRU"
54481,2,legitimate-optot,195910,"KNML 4948",KANGIS,"ABUBAKAR KABIRU"
153302,2,legitimate-linked,177591,CON-RES-2023-7336,3,"FAIZU MUHAMMAD GALADIMA"
153302,2,legitimate-linked,187164,KN4776,KANGIS,"MURTALA ABDULLAHI JEGA"
167153,2,legitimate-linked,189543,RES-1992-867,2,"ALH. SULE DANLADI"
167153,2,legitimate-linked,189556,KN3223,KANGIS,"ALH. SULE DANLADI"
151031,2,legitimate-linked,174279,RES-2023-733,2,"SHEHU KHAMIS"
151031,2,legitimate-linked,174383,KN4960,KANGIS,"SHEHU KHAMIS"
150682,2,legitimate-linked,173955,CON-COM-2024-34,3,"MR EUGENE EZIKE"
150682,2,legitimate-linked,173964,KN4079,KANGIS,"MR EUGENE EZIKE"
155190,2,legitimate-linked,179524,CON-RES-2023-7198,3,"FAIZU MUHAMMAD GALADIMA"
155190,2,legitimate-linked,179530,KN5143,KANGIS,"MURTALA ABDULLAHI JEGA"
155952,2,legitimate-linked,180272,RES-2007-958,2,"IBRAHIM A.M KURA"
155952,2,legitimate-linked,180293,"KNML 1483",KANGIS,"IBRAHIM A.M KURA"
150659,2,legitimate-optot,173934,RES-2022-4770,2,"ZAINAB TALATU GARBA"
150659,2,legitimate-optot,173943,KN4182,KANGIS,"ZAINAB TALATU GARBA"
45865,2,legitimate-optot,172843,RES-1998-15,2,"ALH HUSSAINI MUHAMMAD"
45865,2,legitimate-optot,172851,KN3677,KANGIS,"ALH HUSSAIN MUHAMMADF"
48173,2,legitimate-linked,178698,RES-2001-3732,2,"ISYAKU RABIU & SONS"
48173,2,legitimate-linked,178713,"KNML 1771",KANGIS,"ISYAKU RABIU & SONS"
153800,2,legitimate-linked,190432,KN5232,KANGIS,"MURTALA ABDULLAHI JEGA"
153800,2,legitimate-linked,178120,CON-RES-2023-7267,3,"FAIZU MUHAMMAD GALADIMA"
60934,2,legitimate-linked,180641,RES-2021-608,2,"ABDULQADIR ABDULWAHID"
60934,2,legitimate-linked,180665,"KNML 9262",KANGIS,"ABDULQADIR ABDULWAHID"
49888,2,legitimate-linked,181083,"KNML 1956",KANGIS,"ABDULLAHI TUKUR"
49888,2,legitimate-linked,169856,RES-2003-2321,2,"MOHAMMED SANI"
56222,2,legitimate-optot,192457,RES-2015-807,2,"MUHAMMAD NURADDEEN YARO"
56222,2,legitimate-optot,192484,KN4270,KANGIS,"MUHAMMAD NURADDEEN YARO"
19146,2,collision,32951,CON-AG-2003-30,3,"ALHAJI IDI BAGWANJE"
19146,2,collision,185897,IND-2013-13,1,"ALREN CONSTRUCTION COMPANY LTD"
175912,2,legitimate-linked,195164,COM-2025-1,1,"ABUBAKAR SAIDU SUFI"
175912,2,legitimate-linked,195166,KN2715,KANGIS,"ABUBAKAR SAIDU SUFI"
49947,2,legitimate-linked,194241,RES-2003-2756,2,"IBRAHIM ISYAKU NA ABBA"
49947,2,legitimate-linked,194256,"KNML 258",KANGIS,"SANI ABDULKADIR"
43962,2,legitimate-optot,189816,RES-1995-2832,2,"DR MAMMAN LAWAN"
43962,2,legitimate-optot,189829,"KNML 2470",KANGIS,"DR MAMMAN LAWAN"
51998,2,legitimate-linked,195637,RES-2009-111,2,"NAFI'U IBRAHIM"
51998,2,legitimate-linked,195667,"KNML 1443",KANGIS,"NAFI'U IBRAHIM"
152839,2,legitimate-optot,176277,RES-2015-3533,2,"ABDU JIBRIL"
152839,2,legitimate-optot,176289,"KNML 3950",KANGIS,"ABDU JIBRIN"
178271,2,legitimate-linked,196990,CON-COM-2021-706,3,"RT HON ISIYAKU ALI DANJA"
178271,2,legitimate-linked,196991,KN93,KANGIS,"ISIYAKU ALI DANJA"
11361,2,legitimate-linked,191152,CON-RES-1982-183,3,"ALH. MUNZALI IBRAHIM"
11361,2,legitimate-linked,25065,CON-RES-1984-339,3,"ALHAJI MUSA ADAMU"
24063,2,collision,47031,CON-RES-2000-166,3,"ABDULKADIR SULAIMAN"
24063,2,collision,47080,CON-RES-1999-378,3,"ALH DATTI ADAMU"
30373,2,legitimate-linked,179245,RES-1985-1311,1,"ALHAJI ISYAKU UMAR TOFA (DAN'ADALAN KANO)"
30373,2,legitimate-linked,179258,"KNML 1836",KANGIS,"ALHAJI ISYAKU UMAR TOFA (DAN'ADALAN KANO)"
151844,2,legitimate-linked,175089,COM-1991-257,1,"UMAR HAMZA"
151844,2,legitimate-linked,175092,KN3472,KANGIS,"UMAR HAMZA"
17587,2,legitimate-linked,31390,CON-RES-1997-164,3,"ALHAJI HAMISU UMAR MAI UNGUWA"
17587,2,legitimate-linked,189464,KN4607,KANGIS,"MURTALA ABDULLAHI JEGA"
178637,2,legitimate-linked,197277,COM-2015-73,1,"HUSSEIN MANSOUR GAZI"
178637,2,legitimate-linked,197283,"MLKN 1168",KANGIS,"HUSSEIN MANSOUR GAZI"
156054,2,legitimate-linked,180382,CON-IND-2025-246,3,"USMAN MUSA WALAWA"
156054,2,legitimate-linked,180388,KN4449,KANGIS,"USMAN MUSA WALAWA"
17502,2,collision,185546,KN5399,KANGIS,"MURTALA ABDULLAHI JEGA"
17502,2,collision,31305,CON-AG-1995-53,3,"SALHUNA INVESTMENT LIMITED"
154501,2,legitimate-linked,178790,CON-RES-2012-335,3,"HUSSAINI ABUBAKAR EL-NAFATY"
154501,2,legitimate-linked,178795,"KNML 1829",KANGIS,"HUSSAINI ABUBAKAR EL-NAFATY"
43952,2,legitimate-linked,182915,RES-1995-2818,2,"SALAMATU SABO BAKIN ZUWO"
43952,2,legitimate-linked,182916,"KNML 1933",KANGIS,"SALAMATU SABO BAKIN ZUWO"
151892,2,legitimate-linked,175145,COM-2022-708,1,"PROCO LTD"
151892,2,legitimate-linked,175150,KN5499,KANGIS,"PROCO LTD"
61819,2,legitimate-linked,176014,RES-2023-5517,2,"MR MOHAMMAD FANAZ"
61819,2,legitimate-linked,176022,KN3769,KANGIS,"MR MOHAMMAD FAWAZ"
164017,2,legitimate-linked,186925,RES-2014-331,2,"PETER SUNDAY C  ECHETABU"
164017,2,legitimate-linked,186928,"KNML 2858",KANGIS,"PETER SUNDAY C  ECHETABU"
17557,2,legitimate-linked,31360,CON-RES-1995-582,3,"ALHAJI AHMADU IDRIS"
17557,2,legitimate-linked,187883,KN5176,KANGIS,"MURTALA ABDULLAHI JEGA"
56271,2,legitimate-linked,174878,RES-2015-918,2,"MUHAMMED HASSAN YAKASAI"
56271,2,legitimate-linked,174893,KN3894,KANGIS,"MUHAMMED HASSAN YAKASAI"
162397,2,legitimate-optot,185700,RES-2012-5675,2,"DR USMAN MUHAMMAD BELLO"
162397,2,legitimate-optot,185717,"KNML 296",KANGIS,"DR USMAN MUHAMMAD BELLO"
53215,2,legitimate-linked,177839,RES-2010-1940,2,"AMINU MUKHTAR UMAR"
53215,2,legitimate-linked,177842,"KNML 43",KANGIS,"AMINU MUKHTAR UMAR"
175116,2,legitimate-linked,194678,CON-COM-2025-538,3,"ABDULRAHMAN MUHAMMAD GARBA"
175116,2,legitimate-linked,194686,KN4894,KANGIS,"ABDULRAHMAN MUHAMMAD GARBA"
60501,2,legitimate-linked,178593,RES-2020-3106,2,"AHAMD ABUBAKAR GHALI"
60501,2,legitimate-linked,178600,KN4803,KANGIS,"AHAMD ABUBAKAR GHALI"
18946,2,collision,32751,CON-COM-1998-78,3,"ALHAJI BABALLE ILA"
18946,2,collision,171313,IND-1993-1,1,"FAS AGRO INDUSTRIAL LTD"
38895,2,legitimate-linked,180406,RES-1992-1909,2,"ENGR ISYAKU LAWAN"
38895,2,legitimate-linked,180409,"KNML 1491",KANGIS,"ENGR ISYAKU LAWAN"
66600,2,legitimate-linked,192412,RES-RC-1982-821,1,"MAL. AHAMAD SALIM"
66600,2,legitimate-linked,192449,"KNML 5087",KANGIS,"MAL. BELLO AHAMAD SALIM"
156892,2,legitimate-optot,181201,RES-2014-1538,2,"MUNIR NASIDI DANEJI"
156892,2,legitimate-optot,181219,"KNML 1958",KANGIS,"MUNIR NASIDI DANEJI"
171848,2,legitimate-linked,192381,CON-COM-2019-38,3,"KANO FASHION CITY"
171848,2,legitimate-linked,192410,"MLKN 4487",KANGIS,"KANO FASHION CITY"
46314,2,legitimate-linked,188735,RES-1999-751,2,"ALH SIRAJO TSOHO MUSA"
46314,2,legitimate-linked,188740,"KNML 2890",KANGIS,"ALH SIRAJO TSOHO MUSA"
24053,2,collision,47020,CON-RES-2000-139,3,"ALHAJI BALA NA'IYA"
24053,2,collision,47070,CON-RES-1999-215,3,"MR. ELIJAH J. UDOH"
127999,2,legitimate-linked,169367,CON-IND-2022-61,3,"ILERA MILLS LTD."
127999,2,legitimate-linked,169462,"MLKN 4481",KANGIS,"ILERA MILLS LTD."
36965,2,collision,172324,,1,"BALARABE IBRAHIM"
36965,2,collision,172336,"KNML 9055",KANGIS,"BALARABE IBRAHIM"
8629,2,collision,185863,CON-COM-2004-105,3,"ALH. ADAMU"
8629,2,collision,22328,CON-RES-1982-1481,3,"ALHAJI ALIYU YAHAYA"
153562,2,legitimate-linked,177872,CON-COM-2013-169,3,"KINGSLEY UDOFIA UKON"
153562,2,legitimate-linked,177874,"KNML 47",KANGIS,"KINGSLEY UDOFIA UKON"
17635,2,legitimate-linked,31438,CON-RES-1994-337,3,"ALHAJI SABO LAWAN KABARA"
17635,2,legitimate-linked,186933,KN5196,KANGIS,"MURTALA ABDULLAHI JEGA"
12647,2,collision,26353,CON-RES-1983-397,3,"M.BELLO MUSA"
12647,2,collision,198380,CON-RES-1986-355,3,"MUSTAPHA TUKUR"
33799,2,legitimate-linked,186380,RES-1989-1664,1,"NUHU HALLIRU"
33799,2,legitimate-linked,186382,"KNML 1529",KANGIS,"BATULA IBRAHIM WARU"
150593,2,collision,174237,COM-2022-532,1,"ALH ISAMAILA ABDULLAHI YUSUF"
150593,2,collision,173862,COM-2019-9,1,"MOYUGA GENERAL ENTERPRISES LIMITED"
18210,2,collision,32014,CON-RES-1983-162,3,"HABIB-UD-DEEN SULAIMAN"
18210,2,collision,169664,CON-RES-RC-1982-486,3,"ALHAJI USMAN GARBA"
179440,2,legitimate-linked,197947,CON-RES-2013-536,3,"ATIKA BARAU DANBATTA"
179440,2,legitimate-linked,198056,"KNML 6068",KANGIS,"ATIKA BARAU DANBATTA"
158829,2,legitimate-linked,182685,RES-2009-1038,2,"MUKHTAR FATIHU HAMZA"
158829,2,legitimate-linked,182692,KN4625,KANGIS,"MUKHTAR FATIHU HAMZA"
156519,2,legitimate-linked,180910,CON-RES-1987-153,3,"ALHAJI AISARU HARISU"
156519,2,legitimate-linked,180929,KN4191,KANGIS,"ALHAJI AISARU HARISU"
17624,2,collision,31427,CON-RES-1994-327,3,"ALHAJI SABO LAWAN KABARA"
17624,2,collision,179458,KN4811,KANGIS,"MURTALA ABDULLAHI JEGA"
17548,2,legitimate-linked,31351,CON-RES-1995-562,3,"ALHAJI YUNUSA A. SULE"
17548,2,legitimate-linked,187265,KN5205,KANGIS,"MURTALA ABDULLAHI JEGA"
2889,2,collision,184826,COM-RC-1982-376,1,"P.S MANDRIDES AND CO. LTD"
2889,2,collision,16559,RES-1982-57,1,"DR. HAUWA IBRAHIM IMAM"
1788,2,collision,15451,RES-1992-1520,2,"SANI AMADU"
1788,2,collision,184827,COM-RC-1982-401,1,"MESSRS MADRATEX LIMITED"
146433,2,legitimate-linked,169477,CON-IND-2022-86,3,"HAJIYA KARIMA I BABANGIDA"
146433,2,legitimate-linked,169491,"MLKN 3887",KANGIS,"HAJIYA KARIMA I BABANGIDA"
6006,2,legitimate-optot,171422,COM-RC-1982-257,1,"ALH. MUHAMMAD SANI."
6006,2,legitimate-optot,19683,RES-1992-2807,2,"MAGAJI ISAH"
155148,2,legitimate-linked,179478,CON-RES-2012-138,3,"ALHAJI IDRIS H. ZUBAIRU"
155148,2,legitimate-linked,179499,"KNML 1229",KANGIS,"ALHAJI IDRIS H. ZUBAIRU"
17618,2,collision,181246,KN4813,KANGIS,"MURTALA ABDULLAHI JEGA"
17618,2,collision,31421,CON-RES-1994-311,3,"IBUKUN OLU (OYO) ATIBA CICU LTD"
149546,2,legitimate-linked,172820,IND-1997-13,1,"STANDARD PLASTICS INDUSTRY (NIG) LTD"
149546,2,legitimate-linked,172831,"MLKN 16",KANGIS,"STANDARD PLASTICS INDUSTRY (NIG) LTD"
38465,2,legitimate-optot,196703,RES-1992-1191,2,"HAFIZ MUHAMMAD BALA"
38465,2,legitimate-optot,196718,KN3601,KANGIS,"HAFIZ MUHAMMAD BALA"
17540,2,legitimate-linked,31343,CON-RES-1995-499,3,"YAHAYA A. OKPANACHI"
17540,2,legitimate-linked,187220,KN5152,KANGIS,"MURTALA ABDULLAHI JEGA"
10291,2,collision,23993,CON-RES-1989-27,3,"ALHAJI ISAYAKU AHMED"
10291,2,collision,178782,CON-COM-RC-1982-39,3,"MR. ESSAM ALI ELMIR"
175592,2,legitimate-linked,194985,"KNML 7399",KANGIS,"ABDULLAHI SULEIMAN YARO"
175592,2,legitimate-linked,195111,RES-2019-4325,2,"FUTURE BRAND"
151709,2,legitimate-linked,174933,CON-AG-2021-61,3,"JAMILU ABDULLAHI GALADIMA"
151709,2,legitimate-linked,174934,KN3619,KANGIS,"JAMILU ABDULLAHI GALADIMA"
156166,2,legitimate-linked,180478,COM-2001-568,1,"UBA MUSA MAIKAMFALA"
156166,2,legitimate-linked,180479,"MLKN 2636",KANGIS,"UBA MUSA MAIKAMFALA"
17531,2,legitimate-linked,31334,CON-RES-1995-454,3,"ABDULKADIR HAMZA KABARA"
17531,2,legitimate-linked,187210,KN5200,KANGIS,"MURTALA ABDULLAHI JEGA"
17453,2,collision,31256,CON-RES-1995-488,3,"SALISU MOHAMMAD NAGANGARE"
17453,2,collision,185291,KN5416,KANGIS,"MURTALA ABDULLAHI JEGA"
17509,2,legitimate-linked,184458,KN5406,KANGIS,"MURTALA ABDULLAHI JEGA"
17509,2,legitimate-linked,31312,CON-RES-1995-79,3,"USTAZ TASIU ABDULRAHMAN"
53470,2,legitimate-linked,181356,RES-2010-2820,2,"BAKO MAMUDA SITTI"
53470,2,legitimate-linked,181361,"KNML 1975",KANGIS,"BAKO MAMUDA SITTI"
1487,2,collision,15149,RES-1992-1461,2,"IBRAHIM SALISU AYAGI"
1487,2,collision,193540,COM-1995-178,1,"ALHAJI IDRIS MOHAMMED"
69653,2,legitimate-linked,184532,SLTR-196386,,"SA'IDU SULEIMAN DAMISA"
69653,2,legitimate-linked,184563,KN5507,KANGIS,"SA'IDU SULEIMAN DAMISA"
32782,2,legitimate-linked,188699,,1,"AHMED IDRIS"
32782,2,legitimate-linked,188715,"KNML 2438",KANGIS,"AHMED IDRIS"
2960,2,collision,16630,RES-1992-2028,2,"IBRAHIM YUSUF"
2960,2,collision,179762,COM-RC-1982-510,1,"ALHASSAN DANTATA & SONS"
158527,2,legitimate-linked,182475,CON-RES-2012-107,3,"MALLAM YAKUBU SABIU"
158527,2,legitimate-linked,182513,"KNML 1710",KANGIS,"MALLAM YAKUBU SABI'U"
146386,2,legitimate-linked,182514,"KNML 1713",KANGIS,"TIJJANI MOHAMMED BORODO"
146386,2,legitimate-linked,169425,RES-2003-2449,2,"TIJJANI MOHAMMED BORODO"
151179,2,legitimate-linked,174403,CON-COM-2018-174,3,"MR INNOCENT UDEMEZUE"
151179,2,legitimate-linked,174546,KN3693,KANGIS,"MR INNOCENT UDEMEZUE"
148051,2,legitimate-optot,171298,RES-2014-20,2,"SANI DAHA ISA"
148051,2,legitimate-optot,171353,KN3307,KANGIS,"SANI ISA DAHA"
17614,2,legitimate-linked,31417,CON-RES-1994-317,3,"ALHAJI SABO LAWAN  KABARA"
17614,2,legitimate-linked,187384,KN4818,KANGIS,"MURTALA ABDULLAHI JEGA"
53324,2,legitimate-optot,184768,RES-2010-2233,2,"SUWAID SAID SUWAID"
53324,2,legitimate-optot,184774,"KNML 1902",KANGIS,"SUWAID SAID SUWAID"
13847,2,legitimate-linked,193017,"KNML 941",KANGIS,"ALHAJI AHMED ABUBAKAR NAKURA"
13847,2,legitimate-linked,27625,RES-1991-704,1,"KEN GREY"
11512,2,collision,192907,CON-RES-1982-413,3,"ALH. KASSIM IBRAHIM BATAIYA"
11512,2,collision,25216,CON-RES-1984-481,3,"ALHAJI ISAH MOHAMMED"
176783,2,legitimate-linked,195909,CON-RES-2013-124,3,"AUWALU MUHAMMAD INUWA"
176783,2,legitimate-linked,195912,"KNML 2563",KANGIS,"AUWALU MUHAMMAD INUWA"
54709,2,legitimate-linked,182371,RES-2015-1626,2,"HAMZA ABDULLAHI UMAR"
54709,2,legitimate-linked,182381,KN3620,KANGIS,"HAMZA ABDULLAHI UMAR"
19608,2,collision,33413,CON-COM-1992-69,3,"ABDULKADIR SABIU JIBRIN"
19608,2,collision,171363,KN4708,KANGIS,"BULK OIL TERMINAL COMPANY"
157008,2,legitimate-linked,181315,CON-COM-2016-128,3,"UMAR BALA YUSUF"
157008,2,legitimate-linked,181328,KN4301,KANGIS,"UMAR BALA YUSUF"
33554,2,legitimate-optot,191687,RES-1989-1286,1,"ALH SANUSI ADAMU"
33554,2,legitimate-optot,191708,"KNML 2488",KANGIS,"SANUSI ADAMU ALH"
155211,2,legitimate-linked,179542,RES-1998-653,2,"UMAR RUKKAYA IBRAHIM"
155211,2,legitimate-linked,179553,"KNML 1456",KANGIS,"UMAR RUKKAYA IBRAHIM"
54006,2,legitimate-optot,194214,RES-2012-2468,2,"IBRAHIM ISYAKU NA'ABBA"
54006,2,legitimate-optot,194233,"KNML 7038",KANGIS,"IBRAHIM ISYAKU NA'ABBA"
56261,2,legitimate-linked,180379,KN4482,KANGIS,"ABDULLAHI DALHATU ISA"
56261,2,legitimate-linked,180042,RES-2015-881,2,"ABDULLAHI DALHATU ISA"
37601,2,legitimate-optot,178272,RES-1991-7017,1,"AHMAD S MUHD"
37601,2,legitimate-optot,178316,"KNML 1796",KANGIS,"AHMAD S MUHAMMAD"
2731,2,legitimate-linked,16400,RES-1992-2271,2,"M. IBRAHIM INUWA"
2731,2,legitimate-linked,187223,"KNML 274",KANGIS,"ALH MOHD MUSA SHEHU"
17631,2,legitimate-linked,31434,CON-RES-1994-319,3,"ALHAJI SABO LAWAN KABARA"
17631,2,legitimate-linked,191538,KN5252,KANGIS,"MURTALA ABDULLAHI JEGA"
34125,2,legitimate-optot,186285,RES-1989-2232,1,"ALHAJI ALIYU MAHMOUD GALADANCHI QTRS KANO CITY"
34125,2,legitimate-optot,186302,"KNML 1594",KANGIS,"CITY EXPRESS PLAZA"
158709,2,legitimate-linked,182611,RES-1992-6928,2,"MUHAMMED AMINU HARUNA"
158709,2,legitimate-linked,182654,KN4963,KANGIS,"MUHAMMED AMINU HARUNA"
169203,2,legitimate-linked,191102,CON-RES-2017-343,3,"ALH. ALI YUSUF"
169203,2,legitimate-linked,191113,"KNML 5380",KANGIS,"ALH. ALI YUSUF"
24038,2,collision,47005,CON-RES-1999-82,3,"HAJIYA BINTA KASSIM"
24038,2,collision,47055,CON-RES-1998-290,3,"ALH BATURE YAHAYA"
48631,2,legitimate-optot,181265,RES-2002-1375,2,"BASHIR ADAMU ALIYU"
48631,2,legitimate-optot,181287,"KNML 9110",KANGIS,"BASHIR ADAMU ALIYU"
146265,2,legitimate-linked,169304,CON-RES-2023-7425,3,"YAKUBU DAWUD JIDDA"
146265,2,legitimate-linked,169318,KN5432,KANGIS,"YAKUBU DAWUD JIDDA"
17620,2,legitimate-linked,31423,CON-RES-1994-309,3,"LIEUTENANT JIBRIN IDRIS ISA"
17620,2,legitimate-linked,186904,KN4822,KANGIS,"MURTALA ABDULLAHI JEGA"
165350,2,legitimate-linked,188141,CON-AG-2016-8,3,"SAAD ABUBAKAR ADAMS"
165350,2,legitimate-linked,188158,"MLKN 2768",KANGIS,"SAAD ABUBAKAR ADAMS"
24049,2,collision,47016,CON-RES-2000-123,3,"ALHAJI ADO MUSA"
24049,2,collision,47066,CON-RES-1999-182,3,"ALH MUTARI A. GARBA"
17639,2,legitimate-linked,186811,KN5193,KANGIS,"MURTALA ABDULLAHI JEGA"
17639,2,legitimate-linked,31442,CON-RES-1994-331,3,"ALHAJI SABO LAWAN KABARA"
17577,2,collision,31380,CON-RES-1997-129,3,"ALHAJI IBRAHIM BALA"
17577,2,collision,180031,KN4596,KANGIS,"MURTALA ABDULLAHI JEGA"
153356,2,legitimate-linked,177660,COM-2022-449,1,"ALH SANI HUSSAINI MUHAMMAD"
153356,2,legitimate-linked,177685,"MLKN 4556",KANGIS,"ALH SANI HUSSAINI MUHAMMAD"
51155,2,legitimate-linked,193895,RES-2006-50,2,"UMAR SHEHU MINJIBIR"
51155,2,legitimate-linked,193897,"KNML 531",KANGIS,"UMAR SHEHU MINJIBIR"
158492,2,legitimate-optot,182441,RES-2022-1960,2,"OLUNREBI TAOFEEK OLAWALE"
158492,2,legitimate-optot,182457,KN3106,KANGIS,"OLUNREBI TAOFEEK OLAWALE"
12376,2,collision,26081,CON-RES-1989-274,3,"ALHAJI AHMED MUHAMMED"
12376,2,collision,185617,CON-RES-1985-222,3,"WARAWA AND COMPANY NIGERIA LIMITED"
3677,2,collision,17351,RES-1982-1092,1,"ALIYU ADUNANU"
3677,2,collision,194484,COM-2011-186,1,"ABUBAKAR SADDIK"
24075,2,collision,47043,CON-RES-2000-40,3,"HAYATU ABBO MAJIDADI"
24075,2,collision,47092,CON-RES-2000-156,3,"NEW LIFE GOSPEL CHURCH"
46802,2,legitimate-linked,192301,RES-2000-2225,2,"ALHAJI MUSA AHMED HAIDO"
46802,2,legitimate-linked,192302,"KNML 909",KANGIS,"ALHAJI MUSA AHMED HAIDO"
53962,2,legitimate-optot,194231,RES-2012-1498,2,"IBRAHIM ISYAKU"
53962,2,legitimate-optot,194245,"KNML 7641",KANGIS,"IBRAHIM ISYAKU"
166954,2,legitimate-linked,189401,CON-RES-2023-7282,3,"FAIZU MUHAMMAD GALADIMA"
166954,2,legitimate-linked,189411,KN5236,KANGIS,"MURTALA ABDULLAHI JEGA"
7701,2,collision,182050,,3,"LONGMA CONSTRUCTION LIMITED"
7701,2,collision,21392,RES-1992-4399,2,"LIMAN UMARU"
176480,2,legitimate-linked,195670,CON-COM-2016-247,3,"AL-TASLIM PETROLEUM LTD"
176480,2,legitimate-linked,195696,"MLKN 2443",KANGIS,"AL-TASLIM PETROLEUM LTD"
154791,2,legitimate-linked,179112,RES-2009-2089,2,"ALH ISAH DA'U"
154791,2,legitimate-linked,179136,"KNML 1830",KANGIS,"AMINU MUKTAR"
10181,2,collision,172054,CON-COM-2024-732,3,"AL_YAMAN OIL & GAS LIMITED"
10181,2,collision,23883,CON-RES-1983-288,3,"RABIU HUSAINI"
157770,2,legitimate-linked,181885,CON-RES-2014-511,3,"ABUBAKAR ALIYU"
157770,2,legitimate-linked,181896,"KNML 2915",KANGIS,"ABUBAKAR ALIYU"
146986,2,legitimate-optot,170077,RES-2022-7029,2,"MUSA MUHAMMAD YAKASAI"
146986,2,legitimate-optot,170098,KN5007,KANGIS,"MUSA MUHAMMAD YAKASAI"
167455,2,legitimate-linked,189748,CON-RES-2023-7222,3,"FAIZU MUHAMMAD GALADIMA"
167455,2,legitimate-linked,189756,KN5225,KANGIS,"MURTALA ABDULLAHI JEGA"
16399,2,collision,30198,CON-RES-1993-240,3,"ABODUNKIN TAL TUNJI"
16399,2,collision,151901,CON-COM-2026-426,3,"IBRAHIM BAKA MAI BULO"
104158,2,legitimate-linked,175491,CON-COM-2025-311,3,"UMAR ADAMU YARO"
104158,2,legitimate-linked,174364,KN3806,KANGIS,"UMAR ADAMU YARO"
168144,2,legitimate-linked,190299,CON-RES-2023-7388,3,"FAIZU MUHAMMAD GALADIMA"
168144,2,legitimate-linked,190313,KN4617,KANGIS,"MURTALA ABDULLAHI JEGA"
27440,2,legitimate-optot,186944,RES-1981-432,1,"NASIR ALI YAKASAI"
27440,2,legitimate-optot,186954,"KNML 286",KANGIS,"DAHIRU SHA'AIBU ABDULLAHI"
54597,2,legitimate-linked,178487,RES-2014-931,2,"KHALIFA ISYAKU RABIU"
54597,2,legitimate-linked,178488,"KNML 1774",KANGIS,"KHALIFA ISYAKU RABIU"
149693,2,legitimate-linked,172989,CON-COM-2023-424,3,"NASIR ABUBAKAR"
149693,2,legitimate-linked,172990,KN4986,KANGIS,"NASIR ABUBAKAR"
52661,2,legitimate-linked,196140,RES-2009-6570,2,"SA'AD SHITU SHARUBUTU"
52661,2,legitimate-linked,197789,"KNML 1402",KANGIS,"SA'AD SHITU SHARUBUTU"
60977,2,legitimate-linked,168434,RES-2022-1175,2,"AHMED MUAZU HOTORO"
60977,2,legitimate-linked,168437,"KNML 9480",KANGIS,"AHMED MUAZU HOTORO"
17565,2,legitimate-linked,31368,CON-RES-1995-593,3,"ALHAJI SHARIF UBA SALIHU"
17565,2,legitimate-linked,188257,KN5171,KANGIS,"MURTALA ABDULLAHI JEGA"
47648,2,legitimate-linked,168284,RES-2000-630,2,"NAFISA KASSIM AHMED"
47648,2,legitimate-linked,168312,KN894,KANGIS,"NAFISA KASSIM AHMED"
154433,2,legitimate-linked,178724,CON-RES-1982-1115,3,"ALH BASHIR USMAN TOFA"
154433,2,legitimate-linked,179090,"KNML 1240",KANGIS,"BASHIR OTHMAN TOFA"
171037,2,legitimate-linked,191757,CON-RES-2023-7279,3,"FAIZU MUHAMMAD GALADIMA"
171037,2,legitimate-linked,191765,KN5234,KANGIS,"MURTALA ABDULLAHI JEGA"
65969,2,legitimate-linked,178401,RES-RC-1982-233,1,"MOHAMMED LAMEEN METTEDEN"
65969,2,legitimate-linked,178414,KN4404,KANGIS,"MOHAMMED LAMEEN METTEDEN"
167011,2,legitimate-optot,189445,RES-2022-2115,2,"SULEIMAN ABUBAKAR"
167011,2,legitimate-optot,189467,KN3128,KANGIS,"SULEIMAN ABUBAKAR"
6264,2,collision,178538,,1,"ALHAJI UMAR NA'ABBA"
6264,2,collision,19945,RES-1982-987,1,"IDIRISU ABUBAKAR"
17592,2,legitimate-linked,31395,CON-RES-1997-178,3,"MR. ADEOLA IBRAHIM"
17592,2,legitimate-linked,186782,KN4542,KANGIS,"MURTALA ABDULLAHI JEGA"
33208,2,legitimate-linked,184706,RES-1988-2922,1,"FAROUK ALIYU GARKO"
33208,2,legitimate-linked,184744,"KNML 1749",KANGIS,"FAROUK ALIYU GARKO"
151201,2,legitimate-linked,174427,RES-2002-7776,2,"ALH. MUKHTAR ABUBAKAR"
151201,2,legitimate-linked,174451,KN4713,KANGIS,"ALH. MUKHTAR ABUBAKAR"
166850,2,legitimate-linked,189327,CON-COM-2018-108,3,"AL-IHSAN TRANSPORT NIGERIA LIMITED"
166850,2,legitimate-linked,189423,"MLKN 2773",KANGIS,"AL-IHSAN TRANSPORT NIGERIA LIMITED"
155555,2,legitimate-linked,179877,CON-RES-2012-293,3,"ABBA SALISU KURAWA"
155555,2,legitimate-linked,179890,"KNML 5843",KANGIS,"ABBA SALISU KURAWA"
165296,2,legitimate-linked,188085,CON-RES-2014-476,3,"SABIU MUSA NABARUMA"
165296,2,legitimate-linked,188086,"KNML 2882",KANGIS,"SABIU MUSA NABARUMA"
19203,2,collision,33008,CON-COM-2000-34,3,"FAMUS INTERNATIONAL NIG. LTD"
19203,2,collision,179669,IND-2019-28,1,"ULTIMATE GAS LIMITED"
44738,2,legitimate-linked,192265,RES-1996-359,2,"ALHAJI YA'U IDRIS GARBA"
44738,2,legitimate-linked,192300,KN4470,KANGIS,"ALHAJI YA'U IDRIS GARBA"
26757,2,legitimate-optot,186476,RES-1981-117,1,"HAJIYA JAMILAH SALEH"
26757,2,legitimate-optot,186495,"KNML 1560",KANGIS,"JAMILA IFEYINWA SALEH"
151965,2,legitimate-linked,175208,CON-COM-2025-274,3,"IBRAHIM AMINU AHMED"
151965,2,legitimate-linked,175216,KN4217,KANGIS,"IBRAHIM AMINU AHMED"
147549,2,legitimate-optot,170744,RES-2020-2394,2,"DR JIBRILLA MUHAMMAD"
147549,2,legitimate-optot,170746,KN4758,KANGIS,"DR JIBRILLA MUHAMMAD"
159318,2,legitimate-linked,183039,COM-2019-110,1,"WADA ABDULLAHI KACHAKO"
159318,2,legitimate-linked,183058,"MLKN 2754",KANGIS,"WADA ABDULLAHI KACHAKO"
154800,2,legitimate-linked,179121,CON-COM-2016-149,3,"UMZA OIL MILL LIMITED"
154800,2,legitimate-linked,179139,KN4188,KANGIS,"UMZA OIL MILL LIMITED"
19529,2,collision,33334,CON-RES-1988-103,3,"J.C. MONEKE"
19529,2,collision,180984,COM-2013-104,1,"TROPICAL TARPAULIN INDUSTRIES NIGERIA LTD"
56272,2,legitimate-linked,168848,RES-2015-919,2,"MUHAMMED HASSAN YAKASAI"
56272,2,legitimate-linked,168872,KN3893,KANGIS,"MUHAMMED HASSAN YAKASAI"
58288,2,legitimate-optot,172839,RES-2018-3395,2,"RABI'U BABA SANI"
58288,2,legitimate-optot,172865,"KNML 8011",KANGIS,"RABI'U BABA SANI"
157508,2,legitimate-linked,181649,RES-2013-317,2,"YAHAYA MAMMAN"
157508,2,legitimate-linked,181658,"KNML 1981",KANGIS,"YAHAYA MAMMAN"
153512,2,legitimate-linked,177820,CON-RES-2023-7219,3,"FAIZU MUHAMMAD GALADIMA"
153512,2,legitimate-linked,189747,KN5226,KANGIS,"MURTALA ABDULLAHI JEGA"
173513,2,legitimate-optot,193585,RES-2012-3297,2,"MUHAMMAD IBRAHIM"
173513,2,legitimate-optot,193601,"KNML 1327_2",KANGIS,"RABI'A M. GARBA"
161048,2,legitimate-linked,184491,CON-RES-2009-191,3,"ALH NABABA ABDULMUMINI"
161048,2,legitimate-linked,184493,"KNML 1735",KANGIS,"GODWIN UMEANULUGWO"
16586,2,legitimate-linked,30386,CON-RES-1986-83,3,"ALHAJI LAWAL ATANA BEBEGI"
16586,2,legitimate-linked,154284,"KNML 3900",KANGIS,"ALH. RASHID JAFFAR"
164508,2,legitimate-optot,187371,RES-1990-809,1,"ALH MUHAMMAD MUSA SHEHU"
164508,2,legitimate-optot,187388,"KNML 279",KANGIS,"ALH MUHAMMAD MUSA SHEHU"
148545,2,legitimate-optot,171938,RES-2015-618,2,"HAMZA GARBA BELLO"
148545,2,legitimate-optot,171955,KN4845,KANGIS,"HAMZA GARBA BELLO"
160660,2,legitimate-linked,184128,SLTR-112128,SLTR,"NWOSU OBINNA"
160660,2,legitimate-linked,184137,KN5501,KANGIS,"NWOSU OBINNA"
11220,2,collision,24924,CON-COM-1985-44,3,"ALH. USMAN MAHMOUD YOLA"
11220,2,collision,198106,CON-RES-1982-1337,3,"IBRAHIM ABDULLAHI ZANGO"
41165,2,legitimate-linked,191568,RES-1993-1570,2,"GARBA MUSA DANDALAMA"
41165,2,legitimate-linked,191600,"KNML 2413",KANGIS,"GARBA MUSA DANDALAMA"
153204,2,legitimate-linked,177460,CON-COM-2025-14,3,"ALH. BUKAR MUSTAPHA"
153204,2,legitimate-linked,177477,KN4090,KANGIS,"ALH. BUKAR MUSTAPHA"
163316,2,legitimate-optot,186444,RES-2014-2,2,"ALHAJI ALIYU ABDULLAHI BRATHERS"
163316,2,legitimate-optot,186454,"KNML 1590",KANGIS,"YA'U YAKUBU AHMED"
17560,2,collision,181038,KN5149,KANGIS,"MURTALA ABDULLAHI JEGA"
17560,2,collision,31363,CON-RES-1995-585,3,"ALHAJI AHMADU IDRIS"
7420,2,collision,185780,CON-AG-1997-22,3,"LAND AGRIC CO. LTD"
7420,2,collision,21111,CON-RES-1995-72,3,"MUHAMMADU AUWALU"
53371,2,legitimate-optot,170332,RES-2010-2469,2,"EMMAMUEL OZOADINDE"
53371,2,legitimate-optot,170340,"KNML 4563",KANGIS,"EMMAMUEL OZOADINDE"
154495,2,legitimate-linked,178783,CON-RES-1997-240,3,"FAROUK ALIYU GARKO"
154495,2,legitimate-linked,178784,"KNML 1766",KANGIS,"FAROUK ALIYU GARKO"
177485,2,legitimate-optot,196472,RES-2020-3842,2,"ALHAJI SADI IBRAHIM K/WAIKA"
177485,2,legitimate-optot,196497,"KNML 9683",KANGIS,"ALHAJI SADI IBRAHIM K/WAIKA"
148915,2,legitimate-linked,172281,CON-RES-2023-4029,3,"SHEHU MUHAMMAD ALA"
148915,2,legitimate-linked,172287,KN4478,KANGIS,"SHEHU MUHAMMAD ALA"
17476,2,collision,184629,KN5369,KANGIS,"MURTALA ABDULLAHI JEGA"
17476,2,collision,31279,CON-AG-1995-58,3,"BABA USMAN TOFA"
28761,2,legitimate-linked,178165,RES-1982-2174,1,"SURAJU TIJJANI."
28761,2,legitimate-linked,178197,KN4636,KANGIS,"SURAJU TIJJANI"
150697,2,legitimate-linked,173971,CON-COM-2016-369,3,"GREAT ASPIRATION"
150697,2,legitimate-linked,173985,"MLKN 2440",KANGIS,"GREAT ASPIRATION"
50793,2,legitimate-linked,190435,RES-2005-796,2,"KABIRU AYAGI & 2 OTHERS"
50793,2,legitimate-linked,190436,"KNML 2481",KANGIS,"KABIRU AYAGI & 2 OTHERS"
166835,2,legitimate-linked,189315,RES-1983-501,1,"MUHTARI ALIYU DANGANA"
166835,2,legitimate-linked,189316,"KNML 2464",KANGIS,"HADIZA MUHTARI DANGANA"
153552,2,legitimate-linked,177860,RES-1995-1434,2,"LAWAN SAYYADI"
153552,2,legitimate-linked,177863,"KNML 45",KANGIS,"LAWAN SAYYADI"
161695,2,legitimate-linked,185104,RES-2022-1836,2,"DR ALI MUSTAPHA KURAYSH"
161695,2,legitimate-linked,185189,KN1070,KANGIS,"DR ALI MUSTAPHA KURAYSH"
28942,2,legitimate-linked,182701,RES-1982-269,1,"ALH RABI'U ADAMU MURI"
28942,2,legitimate-linked,182706,"KNML 1719",KANGIS,"RABI'U ADAMU MURI"
2486,2,collision,38969,CON-RES-1997-238,3,"OSCAR LUCAS NIGERIA LIMITED"
2486,2,collision,16154,CON-COM-1990-35,3,"ALHAJI ALI DANBAGADAZA"
174402,2,legitimate-linked,194179,CON-RES-2009-458,3,"N U R T W TIPPER BRANCH"
174402,2,legitimate-linked,194180,"KNML 539",KANGIS,"N U R T W TIPPER BRANCH"
11129,2,collision,24833,CON-RES-1986-216,3,"PETER BOLU SOBOWALE"
11129,2,collision,196650,CON-RES-1982-1150,3,"ALHAJI IBRAHIM YAHAYA"
31576,2,legitimate-linked,175314,RES-1986-400,1,"AISHA SURAIYA MUHAMMED ABDULQADIR"
31576,2,legitimate-linked,175349,KN4651,KANGIS,"AISHA SURAIYA MUHAMMED ABDULQADIR"
44599,2,legitimate-linked,186831,RES-1996-1183,2,"YUSUF MUSA"
44599,2,legitimate-linked,186842,"KNML 281",KANGIS,"YUSUF MUSA"
158792,2,legitimate-linked,182650,CON-RES-2013-57,3,"MUSTAPHA ABDULRASHEED DARMA"
158792,2,legitimate-linked,182651,"KNML 1946",KANGIS,"MUSTAPHA ABDULRASHEED DARMA"
37185,2,legitimate-linked,187977,RES-1991-4520,1,"SIRAJO TSOHO MUSA"
37185,2,legitimate-linked,187983,"KNML 2889",KANGIS,"SIRAJO TSOHO MUSA"
52009,2,legitimate-optot,189821,RES-2009-1212,2,"IBRAHIM USMAN AUYO"
52009,2,legitimate-optot,189825,"KNML 2424",KANGIS,"IBRAHIM USMAN AUYO"
104494,2,legitimate-linked,169459,CON-RES-2022-385,3,"SUNUSI ABDULLAHI KUK"
104494,2,legitimate-linked,169464,KN4704,KANGIS,"SUNUSI ABDULLAHI KUK"
167482,2,legitimate-linked,189769,CON-RES-2025-7288,3,"FAIZU MUHAMMAD GALADIMA"
167482,2,legitimate-linked,189787,KN5238,KANGIS,"MURTALA ABDULLAHI JEGA"
50162,2,legitimate-optot,189783,"KNML 2456",KANGIS,"ABDULLAHI DAJUMA SHUAIBU"
50162,2,legitimate-optot,188806,RES-2003-95,2,"ABDULLAHI D SHUAIBU"
32345,2,legitimate-linked,189646,RES-1987-2201,1,"ALHAJI TIJJANI MUHAMMAD"
32345,2,legitimate-linked,189648,"KNML 2452",KANGIS,"ALHAJI TIJJANI MUHAMMAD"
112291,2,legitimate-linked,173236,RES-2025-642,2,"SARKI ABDULLAHI IBRAHIM"
112291,2,legitimate-linked,173249,KN4899,KANGIS,"SARKI ABDULLAHI IBRAHIM"
163118,2,legitimate-optot,186255,RES-2011-590,2,"HASHIM ABDULLAHI AYAGI"
163118,2,legitimate-optot,186261,"KNML 1522",KANGIS,"HASHIM ABDULLAHI AYAGI"
2444,2,collision,16112,RES-1992-1184,2,"AYUBA MUSA"
2444,2,collision,182840,COM-2002-2330,1,"ALI MUSA (NIGERIA) LIMITED"
175527,2,legitimate-linked,194949,RES-2002-2983,2,"ALH ABUBAKAR ALIYU"
175527,2,legitimate-linked,194955,"KNML 9916",KANGIS,"ALH ABUBAKAR ALIYU"
17426,2,collision,184743,KN5445,KANGIS,"MURTALA ABDULLAHI JEGA"
17426,2,collision,31229,CON-RES-1995-295,3,"MUSTAPHA I. JOGANA"
46722,2,legitimate-optot,197353,"KNML 9794",KANGIS,"MURTALA ADHAMA"
46722,2,legitimate-optot,197335,RES-2000-1981,2,"MURTALA ADHAMA"
17434,2,collision,31237,CON-RES-1995-458,3,"ALIYU ABDU"
17434,2,collision,184742,KN5363,KANGIS,"MURTALA ABDULLAHI JEGA"
34872,2,legitimate-optot,191630,RES-1990-1263,1,"ALH SANUSI ADAMU"
34872,2,legitimate-optot,191667,"KNML 2486",KANGIS,"SANUSI ADAMU ALHAJI"
166804,2,legitimate-linked,189293,CON-RES-2013-98,3,"ALH WADA ABDULLAHI RANO"
166804,2,legitimate-linked,189308,"KNML 2417",KANGIS,"ALH WADA ABDULLAHI RANO"
176766,2,legitimate-linked,195903,RES-1986-2113,1,"ALH SALISU ABDULLAHI IDRIS"
176766,2,legitimate-linked,195927,KN2959,KANGIS,"ABDULLAHI IDRIS SALISU"
157977,2,legitimate-linked,182027,COM-2006-52,1,"ALHAJI AHMADU UBA GWALE"
157977,2,legitimate-linked,182038,"MLKN 731",KANGIS,"ALHAJI AHMADU UBA GWALE"
38726,2,legitimate-linked,174549,RES-1992-1553,2,"AMINU SALISU ILIYASU"
38726,2,legitimate-linked,174553,"KNML 1806",KANGIS,"MUHAMMAD SALIM GARBA"
148966,2,legitimate-linked,172321,RES-2019-4321,2,"MUHAMMED KABIR ABDULLAHI"
148966,2,legitimate-linked,172335,KN4888,KANGIS,"MUHAMMED KABIR ABDULLAHI"
60156,2,legitimate-linked,192064,RES-2019-505,2,"EMMANUEL ONYEBUCHI"
60156,2,legitimate-linked,192069,"KNML 6565",KANGIS,"EMMANUEL ONYEBUCHI"
60555,2,legitimate-linked,174224,RES-2020-3949,2,"BINASMA'A BUSINESS ENTERPRISEWS"
60555,2,legitimate-linked,174255,KN976,KANGIS,"BINASMA'A BUSINESS ENTERPRISEWS"
165319,2,legitimate-linked,188108,RES-2006-1293,2,"YUSUF ABDULKARIM ABDULLAHI"
165319,2,legitimate-linked,188115,"KNML 2881",KANGIS,"YUSUF ABDULKARIM ABDULLAHI"
151919,2,legitimate-linked,175167,CON-AG-2024-78,3,"ABUBAKAR IBRAHIM YUNUSA"
151919,2,legitimate-linked,175169,KN5491,KANGIS,"ABUBAKAR IBRAHIM YUNUSA"
25061,2,legitimate-linked,183134,RES-1983-903,1,"ABUBAKAR AHMED USMAN"
25061,2,legitimate-linked,183149,"KNML 1929",KANGIS,"ABUBAKAR AHMED USMAN"
41787,2,legitimate-linked,181805,RES-1993-4212,2,"RABIU HASSAN IBRAHIM"
41787,2,legitimate-linked,181811,"KNML 1988",KANGIS,"RABIU HASSAN IBRAHIM"
24070,2,collision,47038,CON-RES-2000-160,3,"MUHAMMADU HUSSAINI"
24070,2,collision,47087,CON-RES-1997-244,3,"HAJIYA SADIQ A. DANTATA"
160702,2,legitimate-linked,184173,SLTR-75349,SLTR,"HAYATUDEEN AMINU"
160702,2,legitimate-linked,184238,KN5509,KANGIS,"HAYATUDEEN AMINU"
17465,2,collision,31268,CON-COM-1995-7,3,"ALHAJI ABDULLAHI SARKI IBRAHIM"
17465,2,collision,184296,KN5381,KANGIS,"MURTALA ABDULLAHI JEGA"
156625,2,legitimate-linked,180990,RES-2009-4430,2,"ABDULLAHI DAUDA"
156625,2,legitimate-linked,180993,"KNML 1230",KANGIS,"ALHAJI AMINU BABA"
17559,2,collision,31362,CON-RES-1995-584,3,"ALHAJI AHMADU IDRIS"
17559,2,collision,180976,KN5147,KANGIS,"MURTALA ABDULLAHI JEGA"
158955,2,collision,182740,"KNML 7964_1",KANGIS,"MUHAMMED SHAMAKI ZUBAIRU"
158955,2,collision,182741,"KNML 7964_2",KANGIS,"MUHAMMED SHAMAKI ZUBAIRU"
60704,2,legitimate-linked,168278,RES-2021-1712,2,"HARUNA IBRAHIM"
60704,2,legitimate-linked,168288,"KNML 7937",KANGIS,"HARUNA IBRAHIM"
178464,2,legitimate-linked,197143,CON-COM-2022-168,3,"ALH. DANDAUDA GIDAN SHANU CHIRANCHI"
178464,2,legitimate-linked,197167,"MLKN 3846",KANGIS,"ALH. DANDAUDA GIDAN SHANU CHIRANCHI"
10963,2,collision,182152,CON-RES-1981-508,3,"ALHAJI MUZAMMIL RUFAI HANGA"
10963,2,collision,24667,CON-RES-1983-532,3,"ALHAJI SALIHU MOHD UMAR"
150072,2,legitimate-linked,173422,CON-RES-2025-120,3,"AIMAK PROPERTIES LIMITED"
150072,2,legitimate-linked,173441,KN4745,KANGIS,"AIMAK PROPERTIES LIMITED"
179303,2,legitimate-linked,197829,CON-IND-2023-18,3,"AHMAD AND SALE DASUKI BABBA"
179303,2,legitimate-linked,197845,KN1063,KANGIS,"AHMAD AND SALE DASUKI BABBA"
177473,2,legitimate-linked,196485,"KNML 9856",KANGIS,"ALH ALI NUHU INDABO"
177473,2,legitimate-linked,196460,RES-2022-1606,2,"ALH ALI NUHU INDABO"
58066,2,legitimate-linked,180503,RES-2018-249,2,"DR. MOHAMMED IDRIS YAHAYA"
58066,2,legitimate-linked,180504,"KNML 5878",KANGIS,"DR. MOHAMMED IDRIS YAHAYA"
145922,2,legitimate-linked,168927,CON-RES-2023-7427,3,"UMAR YAKUBU JIDDA"
145922,2,legitimate-linked,168931,KN5431,KANGIS,"UMAR YAKUBU JIDDA"
158525,2,legitimate-linked,182474,CON-RES-1991-101,3,"CHIEF IGNATIUS OKECHUKU NWOSU"
158525,2,legitimate-linked,182496,"KNML 1712",KANGIS,"CHIEF IGNATIUS OKECHUKU NWOSU"
48090,2,legitimate-optot,194662,RES-2001-2877,2,"AMINU S SODA"
48090,2,legitimate-optot,194681,KN4201,KANGIS,"AMINU S SABO"
45732,2,legitimate-linked,168310,RES-1997-955,2,"TAHIR FADALLAH"
45732,2,legitimate-linked,168324,KN3536,KANGIS,"TAHIR FADALLAH"
37285,2,legitimate-linked,180883,RES-1991-5083,1,"ALH UMAR SALISU UMAR"
37285,2,legitimate-linked,180912,"KNML 1213",KANGIS,"NASIR FAGGE LABARAN"
153977,2,legitimate-linked,181828,KN5246,KANGIS,"MURTALA ABDULLAHI JEGA"
153977,2,legitimate-linked,178321,CON-RES-2023-7379,3,"FAIZU MUHAMMAD GALADIMA"
15757,2,collision,29556,CON-COM-1984-35,3,"ALHAJI ADO ABDULLAHI"
15757,2,collision,173304,KN3464,KANGIS,"LAMBERT IZUEKWE"
177330,2,legitimate-linked,196329,CON-COM-2023-161,3,"RUFAI SULE BICHI"
177330,2,legitimate-linked,196372,KN3153,KANGIS,"RUFAI SULE BICHI"
6248,2,collision,19929,RES-1982-952,1,"IBRAHIM MAHMOUD"
6248,2,collision,172559,COM-RC-1982-51,1,"M/S AFRICA & OVERSEAS LTD"
52989,2,legitimate-optot,169203,RES-2009-861,2,"IMAMU NASIR"
52989,2,legitimate-optot,169227,"KNML 2393",KANGIS,"USMAN YUSUF USMAN"
49568,2,legitimate-linked,174795,RES-2002-7785,2,"NASIRU SAMINU"
49568,2,legitimate-linked,174802,KN3590,KANGIS,"NASIRU SAMINU"
17387,2,legitimate-linked,189715,DCIV-2025-474,DCIV,"INVESTIGATION ACTIVITIES"
17387,2,legitimate-linked,31190,CON-RES-1995-183,3,"MIC MERAH INTERNATIONAL AGENCY LTD"
41633,2,collision,180947,,2,"ZABUKA  NIG LTD"
41633,2,collision,181029,"KNML 2473",KANGIS,"ZABUKA NIG LTD"
164014,2,legitimate-linked,186923,CON-RES-1996-218,3,"ALHAJI ABDULKAREEM ALI MANSUR"
164014,2,legitimate-linked,186934,"KNML 1569",KANGIS,"ALHAJI ABDULKAREEM ALI MANSUR"
37734,2,legitimate-optot,195118,RES-1991-739,1,"ALH ALTINE MUHD KAURA"
37734,2,legitimate-optot,195167,"KNML 1446",KANGIS,"ALTINE MOHAMMED KAURA"
170887,2,legitimate-linked,191633,RES-2002-4718,2,"IBRAHIM ABUBAKAR RAMADAN $ 3 OTHERS"
170887,2,legitimate-linked,191647,"KNML 2412",KANGIS,"NAZIFI SULEIMAN"
17575,2,collision,31378,CON-COM-1997-40,3,"BABANNAN USMAN JALO"
17575,2,collision,181248,KN4594,KANGIS,"MURTALA ABDULLAHI JEGA"
16606,2,legitimate-linked,30406,CON-RES-1986-265,3,"ALHAJI ABUBAKAR MUSA"
16606,2,legitimate-linked,196674,"KNML 3844",KANGIS,"REUBEN A.A ALHASSAN"
17515,2,collision,31318,CON-COM-1995-91,3,"ALH. A. B. MUKHTAR"
17515,2,collision,185554,KN5404,KANGIS,"MURTALA ABDULLAHI JEGA"
56539,2,legitimate-linked,175433,RES-2016-2087,2,"BUHARI ISA HUDU"
56539,2,legitimate-linked,175458,KN3059,KANGIS,"BUHARI ISA HUDU"
171577,2,legitimate-linked,192108,CON-COM-2018-250,3,"ALH ADAMU SHU'AIBU"
171577,2,legitimate-linked,192114,"MLKN 2775",KANGIS,"ALH ADAMU SHU'AIBU"
115845,2,legitimate-optot,174798,RES-2015-1123,2,"DR IDRIS SULAIMAN ABUBAKAR"
115845,2,legitimate-optot,174806,KN3266,KANGIS,"DR IDRIS SULAIMAN ABUBAKAR"
17642,2,legitimate-linked,31445,CON-RES-1994-345,3,"ALHAJI SABO LAWAN KABARA"
17642,2,legitimate-linked,189545,KN4615,KANGIS,"MURLATA ABDULLAHI JEGA"
174459,2,legitimate-linked,194226,CON-RES-2001-304,3,"ALH HAMISU MUSA"
174459,2,legitimate-linked,194227,"KNML 549",KANGIS,"ALH HAMISU MUSA"
54770,2,legitimate-linked,176002,RES-2015-1835,2,"WADA ABDULLAHI RANO"
54770,2,legitimate-linked,176020,KN3784,KANGIS,"WADA ABDULLAHI RANO"
176162,2,legitimate-linked,195356,CON-AG-2022-126,3,"ALH SURAJO JIBRIN"
176162,2,legitimate-linked,195375,KN1857,KANGIS,"ALH SURAJO JIBRIN"
116973,2,legitimate-linked,175521,CON-IND-2022-84,3,"MASFARAD DYNAMIC MERCHANTS LIMITED"
116973,2,legitimate-linked,175523,KN3768,KANGIS,"MASFARAD DYNAMIC MERCHANTS LIMITED"
17640,2,legitimate-linked,31443,CON-RES-1994-330,3,"ALHAJI SABO LAWAN KABARA"
17640,2,legitimate-linked,189598,KN5255,KANGIS,"MURTALA ABDULLAHI JEGA"
32324,2,legitimate-optot,182710,RES-1987-2104,1,"YUSUF BELLO SULEIMAN"
32324,2,legitimate-optot,182713,"KNML 1937",KANGIS,"YUSUF BELLO SULEIMAN"
65959,2,legitimate-linked,196580,RES-RC-1982-227,1,"AHMED N.B DANBATTA"
65959,2,legitimate-linked,196600,"KNML 8603",KANGIS,"AHMED N.B DANBATTA"
48599,2,legitimate-linked,177649,RES-2002-1268,2,"NASIRU ALI YAKASAI"
48599,2,legitimate-linked,177653,"KNML 34",KANGIS,"NASIRU ALI YAKASAI"
163289,2,legitimate-linked,186408,CON-RES-2012-257,3,"ALHAJI UMAR MOHAMMED ALIYU"
163289,2,legitimate-linked,186419,"KNML 1579",KANGIS,"ALHAJI UMAR MOHAMMED ALIYU"
17586,2,legitimate-linked,31389,CON-RES-1997-163,3,"ALHAJI HAMISU UMAR MAI UNGUWA"
17586,2,legitimate-linked,189854,KN4608,KANGIS,"MURTALA ABDULLAHI JEGA"
46167,2,legitimate-optot,194707,RES-1999-1239,2,"ALI JECHI"
46167,2,legitimate-optot,194709,KN2704,KANGIS,"ALI JECHI"
15700,2,collision,174483,RES-2005-1521,2,"ALHAJI MUKTARI YAKASAI"
15700,2,collision,29499,CON-COM-1983-36,3,"ALHAJI SALE LIMAN"
155635,2,legitimate-linked,179951,COM-2019-108,1,"WADA ABDULLAHI KACHAKO"
155635,2,legitimate-linked,179962,"MLKN 2751",KANGIS,"RIZZOLIN INDUSTRIAL LIMITED"
34996,2,legitimate-linked,191729,RES-1990-1705,1,"ALH SANUSI ADAMU ABUBAKAR"
34996,2,legitimate-linked,191733,"KNML 2489",KANGIS,"ALH SANUSI ADAMU ABUBAKAR"
152809,2,legitimate-linked,176245,CON-RES-2015-71,3,"MUSA MUHAMMAD ACICINGAM"
152809,2,legitimate-linked,176260,KN3958,KANGIS,"MUSA MUHAMMAD ACICINGAM"
148752,2,legitimate-linked,172188,COM-2022-163,1,"HAMISU RABI'U JINGAU/UMAR BUBA"
148752,2,legitimate-linked,172198,KN2638,KANGIS,"HAMISU RABI'U JINGAU/UMAR BUBA"
154063,2,legitimate-linked,178410,CON-RES-2012-220,3,"ABDULKADIR FAROUK ALIYU"
154063,2,legitimate-linked,178411,"KNML 1781",KANGIS,"ABDULKADIR FAROUK ALIYU"
178733,2,legitimate-linked,197368,RES-2001-2450,2,"NASIRU IBRAHIM"
178733,2,legitimate-linked,197413,"KNML 2150",KANGIS,"NASIRU IBRAHIM"
33553,2,legitimate-optot,191643,RES-1989-1285,1,"ALH SANUSI ADAMU"
33553,2,legitimate-optot,191649,"KNML 2485",KANGIS,"ALH SANUSI ADAMU"
19628,2,collision,33433,CON-COM-1992-6,3,"ALH YUSUF TIGER"
19628,2,collision,177928,IND-RC-1993-1,1,"SIYKA CHEMICAL INDUSTRIAL LTD"
7793,2,legitimate-linked,21484,CON-RES-RC-1981-63,3,"ALHAJI BABA NABEGU"
7793,2,legitimate-linked,195608,CON-COM-1987-94,3,"ALHAJI BUKAR MAKODA"
11835,2,collision,25540,CON-RES-1999-282,3,"ALHAJI UMAR MOHAMMED DOGO"
11835,2,collision,195158,CON-RES-1982-996,3,"ALHAJI SANI MUSA"
149633,2,legitimate-linked,172929,COM-2023-47,1,"AMADU HALILU"
149633,2,legitimate-linked,172945,"MLKN 3830",KANGIS,"AMADU HALILU"
146961,2,legitimate-linked,170044,RES-2002-2589,2,"MR CHIJIOKE STEPHEN ONOTA"
146961,2,legitimate-linked,170056,KN4705,KANGIS,"MR CHIJIOKE STEPHEN ONOVO"
29079,2,legitimate-linked,168565,KN4094,KANGIS,"KABIRU TANIMU TURAKI."
29079,2,legitimate-linked,168528,RES-1982-434,1,"KABIRU TANIMU TURAKI."
534,2,legitimate-optot,14191,CON-RES-1981-217,3,"ALHAJI AWAISU AHMED"
534,2,legitimate-optot,177969,COM-1982-36,1,"ALH. SANI DANGOTE"
53131,2,legitimate-optot,197199,RES-2010-1515,2,"MICHEAL VINCENT"
53131,2,legitimate-optot,197214,"KNML 9180",KANGIS,"MICHEAL VINCENT"
151921,2,legitimate-linked,175170,CON-COM-2023-495,3,"ADAMU LABARAN USMAN"
151921,2,legitimate-linked,175171,KN5461,KANGIS,"ADAMU LABARAN USMAN"
152760,2,legitimate-linked,176179,CON-RES-2008-202,3,"MAJ GEN GARBA ALI MOHAMMED"
152760,2,legitimate-linked,176196,"KNML 4032",KANGIS,"MAJ GEN GARBA ALI MOHAMMED"
1305,2,legitimate-optot,14966,CON-RES-1981-113,3,"ALHAJI AUWALU ILU"
1305,2,legitimate-optot,171428,"MLKN 230_2",KANGIS,"SA'AD SHITU SHARUBUTU"
58169,2,legitimate-linked,185337,RES-2018-2898,2,"SENATOR BELLO HAYATU GWARZO"
58169,2,legitimate-linked,185356,"KNGP 262",KANGIS,"SENATOR BELLO HAYATU GWARZO"
654,2,legitimate-linked,14313,RES-1981-342,1,"HASHIMU AMAR"
654,2,legitimate-linked,187155,RES-2007-1617,2,"YAKAMATA MOTORS LIMITED"
147037,2,legitimate-optot,170146,RES-2020-2391,2,"DR JIBRILLA MUHAMMAD"
147037,2,legitimate-optot,170147,KN4761,KANGIS,"DR JIBRILLA MUHAMMAD"
17494,2,collision,31297,CON-IND-1995-1,3,"ALHAJI ABUBAKAR MIJINYAWA"
17494,2,collision,185281,KN5448,KANGIS,"MURTALA ABDULLAHI JEGA"
153958,2,legitimate-linked,178298,RES-1998-231,2,"YUSIF DIKKO"
153958,2,legitimate-linked,178374,"KNML 1241",KANGIS,"YUSUF DIKKO"
147916,2,legitimate-optot,171134,RES-2023-5467,2,"EMMANUEL NNAJI"
147916,2,legitimate-optot,171147,KN4688,KANGIS,"EMMANUEL NNAJI"
66376,2,legitimate-optot,188118,RES-RC-1982-603,1,"ALH IBRAHIM YAKUBU"
66376,2,legitimate-optot,188172,"KNML 2445",KANGIS,"SA'IDU ISMA'IL"
148043,2,legitimate-optot,171290,RES-2022-6021,2,"SULEIMAN ABUBAKAR"
148043,2,legitimate-optot,171320,KN3404,KANGIS,"SULEIMAN ABUBAKAR"
17551,2,legitimate-linked,31354,CON-RES-1995-566,3,"DR. ABDU GARBA"
17551,2,legitimate-linked,186494,KN5159,KANGIS,"MURTALA ABDULLAHI JEGA"
162378,2,legitimate-linked,185681,CON-COM-2017-282,3,"ALH DIKKO FULATAN"
162378,2,legitimate-linked,185695,"MLKN 2678",KANGIS,"ALH DIKKO FULATAN"
148912,2,legitimate-linked,172278,CON-COM-2014-138,3,"ISMAILA UBA ABDU"
148912,2,legitimate-linked,172286,"MLKN 4538",KANGIS,"ISMAILA UBA ABDU"
153492,2,legitimate-linked,190348,KN5258,KANGIS,"MURTALA ABDULLAHI JEGA"
153492,2,legitimate-linked,177800,CON-RES-2023-7285,3,"FAIZU MUHAMMAD GALADIMA"
174434,2,legitimate-linked,194197,CON-RES-2001-300,3,"ALH HAMISU MUSA"
174434,2,legitimate-linked,194199,"KNML 546",KANGIS,"ALH HAMISU MUSA"
17612,2,legitimate-linked,186111,KN5132,KANGIS,"MURTALA ABDULLAHI JEGA"
17612,2,legitimate-linked,31415,CON-AG-1994-17,3,"ALHAJI BASHIR DANDAWAKI"
51926,2,legitimate-linked,181209,RES-2008-5617,2,"ALH DAHIRU ISMAIL YUSUF"
51926,2,legitimate-linked,181226,"KNML 9379",KANGIS,"ALH DAHIRU ISMAIL YUSUF"
17594,2,legitimate-linked,31397,CON-RES-1997-183,3,"ALHAJI UMARU A.  DANDIBI"
17594,2,legitimate-linked,190283,KN4618,KANGIS,"MURTALA ABDULLAHI JEGA"
166963,2,legitimate-linked,189408,RES-2000-5044,2,"UMAR ABDULLAHI KURUGU"
166963,2,legitimate-linked,189410,"KNML 2461",KANGIS,"MUKTAR ABUBAKAR TAHIR"
147163,2,legitimate-linked,170230,COM-2022-519,1,"ADAMU YAHAYA MAIKIFI"
147163,2,legitimate-linked,170258,"MLKN 3673",KANGIS,"ALHAJI MAGAJI ILU"
162401,2,legitimate-linked,185703,CON-COM-2015-281,3,"NASNUR COMMERCIAL WAREHOUSE"
162401,2,legitimate-linked,185711,"MLKN 1641",KANGIS,"NASNUR COMMERCIAL WAREHOUSE"
17554,2,legitimate-linked,31357,CON-RES-1995-577,3,"ALHAJI ABDULKADIR KABIR"
17554,2,legitimate-linked,188010,KN5178,KANGIS,"MURTALA ABDULLAHI JEGA"
18779,2,legitimate-linked,156531,"MLKN 855",KANGIS,"H.D.F & SONS LIMITED"
18779,2,legitimate-linked,32584,CON-RES-1985-47,3,"ALHAJI TIJJANI YAHAYA"
24066,2,collision,47034,CON-RES-2000-154,3,"ALHAJI ABDULRAHAMAN ISA"
24066,2,collision,47083,CON-RES-1999-362,3,"ALH HARUANA Y. SAN MAIUNGUWA"
65418,2,legitimate-linked,181257,RES-RC-1982-1383,1,"AHMED MOHAMMED ESHAK"
65418,2,legitimate-linked,181266,"KNML 1972",KANGIS,"AHMED MOHAMMED ESHAK"
152507,2,legitimate-linked,175886,RES-2021-3537,2,"ALH ASHIRU ALI YAMMUSA"
152507,2,legitimate-linked,175916,"KNML 9756",KANGIS,"ALH ASHIRU ALI YAMMUSA"
153792,2,legitimate-linked,178113,RES-2018-1159,2,"SANI KABIRU HARUNA"
153792,2,legitimate-linked,178131,KN4102,KANGIS,"SANI KABIRU HARUNA"
158037,2,legitimate-linked,182084,COM-2025-583,1,"MUFTAHU MUHAMMAD"
158037,2,legitimate-linked,182095,KN4174,KANGIS,"MUFTAHU MUHAMMAD"
145850,2,legitimate-linked,169156,"KNML 4123",KANGIS,"MUZAMMIL HAMZA IDRIS"
145850,2,legitimate-linked,168830,RES-2011-4046,2,"MUZAMMIL HAMZA IDRIS"
171736,2,legitimate-linked,192258,CON-AG-2012-17,3,"KANO FASHION CITY"
171736,2,legitimate-linked,192294,"MLKN 990",KANGIS,"KANO FASHION CITY"
26737,2,legitimate-optot,198225,"KNML 8671",KANGIS,"ALIYU NU'UMAN DANBATTA"
26737,2,legitimate-optot,198094,RES-1981-1133,1,"ALIYU NU'UMAN DANBATTA"
150351,2,legitimate-linked,173677,CON-COM-2023-512,3,"NASLINA VENTURE AND SERVICES LTD"
150351,2,legitimate-linked,173678,KN3228,KANGIS,"NASLINA VENTURE AND SERVICES LTD"
153421,2,legitimate-linked,177737,CON-RES-2023-7225,3,"FAIZU MUHAMMAD GALADIMA"
153421,2,legitimate-linked,187982,KN4553,KANGIS,"MURTALA ABDULLAHI JEGA"
17496,2,collision,31299,CON-IND-1995-6,3,"THREE BROTHERS OIL & GAS LIMITED"
17496,2,collision,184416,KN5452,KANGIS,"MURTALA ABDULLAHI JEGA"
41637,2,legitimate-linked,173553,RES-1993-3254,2,"ABDULLAHI HASSAN IBRAHIM MOHAMMED"
41637,2,legitimate-linked,173572,"KNML 2175",KANGIS,"ALH AUWALU YUSIF RIMI"
12320,2,collision,192899,CON-RES-1984-704,3,"ALHAJI SANI ALI"
12320,2,collision,26025,CON-AG-1982-281,3,"MAIKOGI ABDU"
43605,2,collision,181996,RES-2007-689,2,"ALHAJI LABARAN BABA"
43605,2,collision,182066,RES-2007-688,2,"ALHAJI LABARAN BABA"
59411,2,legitimate-linked,175355,RES-2019-209,2,"ABUBAKAR ABDULLAHI UNGOGGO"
59411,2,legitimate-linked,175356,KN3314,KANGIS,"ABUBAKAR ABDULLAHI UNGOGGO"
176369,2,legitimate-linked,195559,CON-COM-2015-160,3,"BALARABE TALLEH"
176369,2,legitimate-linked,195560,"MLKN 3688",KANGIS,"BALARABE TALLEH"
6034,2,legitimate-linked,19711,RES-1992-2838,2,"ALH LADAN DANBABA"
6034,2,legitimate-linked,186930,COM-RC-1982-288,1,"NIGERIAN LABOUR CONGRESS"
162339,2,legitimate-optot,185659,RES-2011-592,2,"A MAGAJI MOHAMMED WARURE"
162339,2,legitimate-optot,185660,"KNML 1516",KANGIS,"A MAGAJI MOHAMMED WARURE"
145487,2,legitimate-linked,168460,CON-COM-2021-38,3,"ALHAJI DANLAMI DAUDA HUSSAINI"
145487,2,legitimate-linked,168476,KN3134,KANGIS,"ALHAJI DANLAMI DAUDA HUSSAINI"
11357,2,legitimate-linked,25061,CON-RES-1984-295,3,"ALHAJI LAWAN TELA"
11357,2,legitimate-linked,192678,"KNML 912",KANGIS,"USMAN AYUBA"
47457,2,legitimate-linked,188349,,2,"SALEH HASSAN"
47457,2,legitimate-linked,188355,"KNML 8841",KANGIS,"SALEH HASSAN"
153104,2,legitimate-linked,177343,COM-2021-211,1,"YUSUF GARBA MUSA"
153104,2,legitimate-linked,177350,KN4052,KANGIS,"YUSUF GARBA MUSA"
32465,2,legitimate-optot,184618,RES-1987-250,1,"ALHAJI ISYAKU UMAR TOFA"
32465,2,legitimate-optot,184643,"KNML 1738",KANGIS,"ALHAJI ISYAKU UMAR TOFA"
32447,2,legitimate-linked,179329,RES-1987-2438,1,"SALE ALI NAGERO & SONS LTD"
32447,2,legitimate-linked,179332,"KNML 1751",KANGIS,"SALE ALI NAGERO & SONS LTD"
162189,2,legitimate-optot,185553,RES-2017-1170,2,"SHITU ISAH"
162189,2,legitimate-optot,185568,"KNML 9196",KANGIS,"SHITU ISAH"
112307,2,legitimate-linked,174192,RES-2025-644,2,"SARKI ABDULLAHI IBRAHIM"
112307,2,legitimate-linked,174203,KN4898,KANGIS,"SARKI ABDULLAHI IBRAHIM"
17634,2,collision,180893,KN5248,KANGIS,"MURTALA ABDULLAHI JEGA"
17634,2,collision,31437,CON-RES-1994-338,3,"ALHAJI SABO LAWAN KABARA"
17484,2,collision,31287,CON-COM-1995-71,3,"HAJIYA SAUDE A. ALIYU"
17484,2,collision,184713,KN5415,KANGIS,"MURTALA ABDULLAHI JEGA"
156700,2,legitimate-linked,181048,CON-RES-1996-327,3,"ADEKUNLE ODUSOLE"
156700,2,legitimate-linked,181057,"KNML 1955",KANGIS,"ADEKUNLE ODUSOLE"
179356,2,legitimate-linked,197877,COM-2011-151,1,"CUSO INVESTMENT & PROP"
179356,2,legitimate-linked,197884,"MLKN 2441",KANGIS,"CUSO INVESTMENT & PROP"
155683,2,legitimate-linked,179998,CON-COM-2024-291,3,"ALHAJI MUHAMMADU KAMSUSI"
155683,2,legitimate-linked,180006,KN4510,KANGIS,"ALHAJI MUHAMMADU KAMSUSI"
31665,2,legitimate-linked,171160,RES-1986-667,1,"SADDAM MUSTAPHA ADO"
31665,2,legitimate-linked,171171,KN4711,KANGIS,"SADDAM MUSTAPHA ADO"
171616,2,legitimate-linked,192135,CON-AG-2017-52,3,"PROF ISAH HASHIM"
171616,2,legitimate-linked,192141,"MLKN 2776",KANGIS,"PROF ISAH HASHIM"
162008,2,legitimate-linked,185374,RES-2015-2873,2,"HON JUSTICE AISHA YAU"
162008,2,legitimate-linked,185375,"KNML 1508",KANGIS,"HON JUSTICE AISHA YAU"
146321,2,legitimate-linked,169363,COM-2021-92,1,"MUNZALI  MUHAMMAD ZAKARI"
146321,2,legitimate-linked,169467,"MLKN 3896",KANGIS,"MUNZALI MUHAMMAD ZAKAR"
30863,2,legitimate-linked,196692,RES-1985-410,1,"ALHAJI AMINU NABEGU"
30863,2,legitimate-linked,196715,"KNML 2102",KANGIS,"ALHAJI AMINU NABEGU"
9771,2,collision,23473,CON-RES-1982-425,3,"ALHAJI GARBA MAIMAGANI"
9771,2,collision,185123,CON-COM-2025-636,3,"MUNNIR BABBA DAN AGUNDI"
146978,2,legitimate-linked,170065,CON-RES-1997-258,3,"SULEIMAN UBA"
146978,2,legitimate-linked,170066,KN4850,KANGIS,"SULEIMAN UBA"
176318,2,legitimate-linked,195467,RES-2004-721,2,"TANIMU .Y. ISAH"
176318,2,legitimate-linked,195470,"KNML 1538",KANGIS,"AHMAD T SALISU BARAU"
178540,2,legitimate-linked,197225,CON-RES-2011-206,3,"YAHAYA NU'UMAN BARAU DANBATTA"
178540,2,legitimate-linked,197234,"KNML 6611",KANGIS,"YAHAYA NU'UMAN BARAU DANBATTA"
45539,2,legitimate-linked,171349,RES-1997-594,2,"FATIMA HABU MUHD, KHADIJA HABU MUHD & MARYAM HABU MUHD"
45539,2,legitimate-linked,171352,KN4765,KANGIS,"FATIMA HABU MUHD, KHADIJA HABU MUHD & MARYAM HABU MUHD"
24047,2,collision,47014,CON-RES-1997-19,3,"MR. KENNETH NWANGWU"
24047,2,collision,47064,CON-RES-1999-185,3,"ABDU GARBA"
17487,2,collision,31290,CON-COM-1995-76,3,"JABCO NIGERIA LIMITED"
17487,2,collision,185437,KN5372,KANGIS,"MURTALA ABDULLAHI JEGA"
17619,2,collision,31422,CON-RES-1994-310,3,"MR CHIKWUDI ANEROBI"
17619,2,collision,181913,KN5116,KANGIS,"MURTALA ABDULLAHI JEGA"
27979,2,legitimate-linked,178337,RES-1982-1110,1,"MALLAM KABIR BIN UMAR"
27979,2,legitimate-linked,178381,"KNML 1821",KANGIS,"KABIR BIN UMAR"
24076,2,collision,47044,CON-RES-2000-22,3,"ALHAJI MAMUDA MUSA IBRAHIM"
24076,2,collision,47093,CON-RES-2000-164,3,"MUJITABA BABALLE ILA"
152570,2,legitimate-linked,175953,RES-1986-472,1,"UMAR ADAMU MUHAMMAD"
152570,2,legitimate-linked,175961,KN4044,KANGIS,"UMAR ADAMU MUHAMMAD"
36123,2,legitimate-linked,176026,RES-1990-841,1,"BASHIR OTHAMAN TOFA"
36123,2,legitimate-linked,176037,"KNML 1236",KANGIS,"BASHIR OTHAMAN TOFA"
65727,2,legitimate-linked,195921,RES-2023-1462,2,"BASHIR IBRAHIM AHMAD"
65727,2,legitimate-linked,195932,"KNML 9829",KANGIS,"BASHIR IBRAHIM AHMAD"
171664,2,legitimate-linked,192179,RES-2015-2124,2,"BUHARI KABIR BUHARI"
171664,2,legitimate-linked,192190,KN3052,KANGIS,"BUHARI KABIR BUHARI"
171743,2,legitimate-linked,192266,RES-2023-6893,2,"DANJUMA MAHMOUD"
171743,2,legitimate-linked,192291,"KNGP 340",KANGIS,"DANJUMA MAHMOUD"
65729,2,legitimate-linked,198391,RES-RC-1982-1692,1,"ARCHBISHOP OF KADUNA"
65729,2,legitimate-linked,198398,"KNML 1405",KANGIS,"ARCHBISHOP OF KADUNA"
166918,2,legitimate-linked,189375,COM-2025-66,1,"MUSA HARUNA TAHIR"
166918,2,legitimate-linked,189388,KN4121,KANGIS,"MUSA HARUNA TAHIR"
163205,2,legitimate-linked,186341,CON-RES-1994-445,3,"ALH BADAMASI UBA JOGANA"
163205,2,legitimate-linked,186342,"KNML 1527",KANGIS,"ALH BADAMASI UBA JOGANA"
40574,2,legitimate-linked,173423,RES-1992-6960,2,"ABUBAKAR ABDULLAHI ALIYU"
40574,2,legitimate-linked,173448,KN4316,KANGIS,"ABUBAKAR ABDULLAHI ALIYU"
116938,2,legitimate-linked,175160,RES-2020-523,2,"DR GAMBO"
116938,2,legitimate-linked,175165,KN3581,KANGIS,"DR GAMBO"
19804,2,collision,33609,CON-RES-1987-680,3,"MR FRANCIS AYUBA AYIVOR"
19804,2,collision,179891,RES-RC-1982-1733,1,"ALHAJI MOHAMMADU GAUYAMA"
38563,2,legitimate-optot,187929,RES-1992-1333,2,"ALH MUHAMMAD BADARU UMAR"
38563,2,legitimate-optot,187955,"KNML 2874",KANGIS,"ALH MUHAMMAD BADARU UMAR"
155963,2,legitimate-linked,180289,CON-COM-2014-20,3,"ALH SALISU HUSSAINI"
155963,2,legitimate-linked,180335,"MLKN 1226",KANGIS,"ALH SALISU HUSSAINI"
149598,2,legitimate-linked,172889,RES-2015-2106,2,"HAJIYA RAKIYA MUHAMMAD SUNUSI 2"
149598,2,legitimate-linked,172901,KN4639,KANGIS,"MUHAMMAD NURUDDEEN AMINU"
50291,2,legitimate-linked,186232,RES-2004-490,2,"ENGINEER AMINU SHEHU"
50291,2,legitimate-linked,186260,"KNML 1598",KANGIS,"ENGINEER AMINU SHEHU"
37038,2,legitimate-optot,179308,RES-1991-3959,1,"NAZIRU RABIU IBRAHIM"
37038,2,legitimate-optot,179318,"KNML 1759",KANGIS,"NAZIRU RABIU IBRAHIM"
176977,2,legitimate-optot,196051,COM-2024-665,1,"DAHIRU SAIDU"
176977,2,legitimate-optot,196053,KN954,KANGIS,"DAHIRU SAIDU"
164406,2,legitimate-optot,187274,RES-2014-415,2,"UMAR MALO"
164406,2,legitimate-optot,187275,"KNML 7781",KANGIS,"MAHBUB G. WAKILI"
17529,2,legitimate-linked,31332,CON-RES-1995-294,3,"MUSTAPHA I. JOGANA"
17529,2,legitimate-linked,186941,KN4994,KANGIS,"MURTALA ABDULLAHI JEGA"
54593,2,legitimate-linked,180467,RES-2014-89,2,"MUSTAPHA BALA DAWAKI"
54593,2,legitimate-linked,180468,"KNML 1969",KANGIS,"MUSTAPHA BALA DAWAKI"
19332,2,collision,33137,CON-AG-1991-28,3,"ALH BALARABE ABDULLAHI"
19332,2,collision,179084,IND-RC-1981-19,1,"TERYTEX NIGERIA LIMITED"
20497,2,collision,34305,CON-RES-1989-554,3,"ALHAJMOHAMMADU BASHIR GARBA"
20497,2,collision,179869,RES-RC-1985-56,1,"ALH AMINU DANTATA"
52523,2,legitimate-linked,179080,RES-2009-5402,2,"ISYAKU RABIU & SONS LIMITED"
52523,2,legitimate-linked,179091,"KNML 1763",KANGIS,"ISYAKU RABIU & SONS LIMITED"
51996,2,legitimate-linked,189750,RES-2009-11,2,"HALADU MUHAMMAD"
51996,2,legitimate-linked,189777,"KNML 2418",KANGIS,"HALASU MUHAMMAD"
168109,2,legitimate-linked,190274,CON-RES-2017-81,3,"ALI ISAH JITA"
168109,2,legitimate-linked,190285,"KNML 4720",KANGIS,"ALI ISAH JITA"
176178,2,legitimate-linked,195372,CON-RES-2008-810,3,"ALI NUHU WALI"
176178,2,legitimate-linked,195382,"KNML 1404",KANGIS,"ALI NUHU WALI"
58947,2,legitimate-linked,194398,RES-2019-1090,2,"IBRAHIM ISYAKU NA'ABBA"
58947,2,legitimate-linked,194413,"KNML 6548",KANGIS,"IBRAHIM ISYAKU NA'ABBA"
149937,2,legitimate-linked,173262,CON-COM-2022-553,3,"IKENA HOUSE OF DISCIPLINE KANO BRANCH"
149937,2,legitimate-linked,173280,KN3645,KANGIS,"IKENA HOUSE OF DISCIPLINE KANO BRANCH"
17536,2,legitimate-linked,188002,KN5158,KANGIS,"MURTALA ABDULLAHI JEGA"
17536,2,legitimate-linked,31339,CON-RES-1995-484,3,"ALHAJI YARO ABUBAKAR"
17505,2,collision,31308,CON-AG-1995-60,3,"ALHAJI TIJJANI SANI"
17505,2,collision,185529,KN5400,KANGIS,"MURTALA ABDULLAHI JEGA"
47634,2,legitimate-linked,194987,"KNML 2931",KANGIS,"MUHAMMAD INUWA IBRAHIM"
47634,2,legitimate-linked,195180,RES-2000-6166,2,"MUHAMMED INUWA IBRAHIM"
151191,2,legitimate-linked,174418,CON-COM-2025-134,3,"MR EMMANUEL CHIJIOKE"
151191,2,legitimate-linked,174435,KN5339,KANGIS,"MR EMMANUEL CHIJIOKE"
66205,2,legitimate-linked,184497,RES-RC-1982-447,1,"ALHAJI ISYAKU UMAR"
66205,2,legitimate-linked,184499,"KNML 1739",KANGIS,"ISYAKU UMAR TOFA"
146302,2,legitimate-linked,169345,CON-COM-2020-234,3,"GREAT TEDECO CONCEPT NIG LTD"
146302,2,legitimate-linked,169376,"MLKN 3415",KANGIS,"GREAT TEDECO CONCEPT NIG LTD"
15036,2,collision,192506,CON-RES-1999-297,3,"ALHAJI SANI ALI"
15036,2,collision,28831,RES-1993-2792,2,"MUHAMMAD YAYA KARKASARA"
60455,2,legitimate-optot,195399,KN5357,KANGIS,"IBRAHIM AMINU AHMAD"
60455,2,legitimate-optot,189098,RES-2020-2420,2,"IBRAHIM AMINU AHMAD"
17546,2,collision,31349,CON-RES-1995-557,3,"ALHAJI NUHU ALARAMMA"
17546,2,collision,179603,KN5209,KANGIS,"MURTALA ABDULLAHI JEGA"
45959,2,legitimate-optot,171206,RES-1998-433,2,"AKHIM PLUS NIGERIA LIMITED."
45959,2,legitimate-optot,171244,"KNML 1133",KANGIS,"ODETTE MARY AND MARIE CHRISTINA FADOUL."
1036,2,collision,14697,RES-1992-1033,2,"ALH DAHIRU IBRAHIM"
1036,2,collision,186131,COM-1990-98,1,"ALHAJI SULEIMAN MOHAMMED"
43360,2,legitimate-linked,193480,RES-2009-4013,2,"ALHAJI AMINU ADO"
43360,2,legitimate-linked,193484,RES-2009-4015,2,"ALHAJI AMINU ADO"
17472,2,collision,31275,CON-AG-1995-52,3,"ZAKARI MUHAMMAD BELLO"
17472,2,collision,185500,KN5376,KANGIS,"MURTALA ABDULLAHI JEGA"
163481,2,legitimate-linked,186569,CON-RES-2003-79,3,"ABDULSALAM IBRAHIM GASHASH"
163481,2,legitimate-linked,186570,"KNML 1545",KANGIS,"ABDULSALAM IBRAHIM GASHASH"
166767,2,legitimate-linked,189259,CON-COM-2018-228,3,"SHEHU WAKILI"
166767,2,legitimate-linked,189271,"MLKN 2771",KANGIS,"SHEHU WAKILI"
17492,2,collision,31295,CON-COM-1995-86,3,"ALHAJI MAGAJI JIBRIN YAKASAI"
17492,2,collision,185471,KN5396,KANGIS,"MURTALA ABDULLAHI JEGA"
112304,2,legitimate-linked,172824,RES-2025-643,2,"SARKI ABDULLAHI IBRAHIM"
112304,2,legitimate-linked,172833,KN4895,KANGIS,"SARKI ABDULLAHI IBRAHIM"
154051,2,legitimate-linked,178396,CON-RES-2023-7233,3,"FAIZU MUHAMMAD GALADIMA"
154051,2,legitimate-linked,187231,KN4556,KANGIS,"MURTALA ABDULLAHI JEGA"
151855,2,legitimate-optot,175102,RES-2021-4543,2,"ALHAJI MUHAMMAD SALIHU"
151855,2,legitimate-optot,175108,KN4883,KANGIS,"ALHAJI MUHAMMADU SALIHU"
60935,2,legitimate-linked,177695,RES-2021-609,2,"ABDULQADIR ABDULWAHID"
60935,2,legitimate-linked,177719,"KNML 9259",KANGIS,"ABDULQADIR ABDULWAHID"
146939,2,legitimate-linked,170014,RES-2000-2575,2,"ALH MANSUR IDRIS"
146939,2,legitimate-linked,170018,KN4842,KANGIS,"ALH MANSUR IDRIS"
26744,2,legitimate-linked,190370,RES-1981-1144,1,"SULEIMAN ZANGINA"
26744,2,legitimate-linked,190378,"KNML 2477",KANGIS,"SULEIMAN ZANGINA"
17483,2,collision,185440,KN5388,KANGIS,"MURTALA ABDULLAHI JEGA"
17483,2,collision,31286,CON-COM-1995-70,3,"ALHAJI GARBA UBA DANSAJA"
42997,2,legitimate-linked,186210,RES-1994-643,2,"SANUSI IBRAHIM"
42997,2,legitimate-linked,186217,"KNML 1521",KANGIS,"SANUSI IBRAHIM"
56532,2,legitimate-optot,169137,RES-2016-2051,2,"MUSA DANLAMI ALHASSAN"
56532,2,legitimate-optot,169179,KN2461,KANGIS,"MUSA DANLAMI ALHASSAN"
178354,2,legitimate-optot,197055,RES-2021-2402,2,"YAKUBU DANTANI"
178354,2,legitimate-optot,197086,"KNML 8523",KANGIS,"YAKUBU DANTANI"
14930,2,legitimate-linked,192421,CON-COM-2011-235,3,"ALHAJI SANI ALI"
14930,2,legitimate-linked,28722,RES-1993-1939,2,"ALHAJI DANLADI SIDI"
153887,2,legitimate-linked,178219,RES-2000-2037,2,"SAUDE MUHAMMAD UMAR MRS"
153887,2,legitimate-linked,178253,"KNML 1242",KANGIS,"SAUDE MAHMOUD UMAR"
24060,2,collision,47028,CON-RES-2000-202,3,"ALHAJI ADO AMMANI MAI ZARE"
24060,2,collision,47077,CON-RES-1999-11,3,"DR ALI MOHAMMED"
17456,2,collision,31259,CON-RES-1995-492,3,"MR. RUFUS E. CHIBUEZE"
17456,2,collision,185436,KN5456,KANGIS,"MURTALA ABDULLAHI JEGA"
173868,2,legitimate-linked,193828,CON-COM-2011-347,3,"MOHAMMED SANI SHUAIBU"
173868,2,legitimate-linked,193836,"KNML 526",KANGIS,"MOHAMMED SANI SHUAIBU"
153497,2,legitimate-linked,189794,KN5259,KANGIS,"MURTALA ABDULLAHI JEGA"
153497,2,legitimate-linked,177805,CON-RES-2023-7278,3,"FAIZU MUHAMMAD GALADIMA"
819,2,legitimate-optot,191044,COM-1986-45,1,"ALHAJI YUSUF K. UMARU"
819,2,legitimate-optot,14479,CON-RES-1981-578,3,"ALH AMINU MUSA"
53468,2,legitimate-linked,181379,RES-2010-2819,2,"ALHAJI HASSAN MOHAMMED"
53468,2,legitimate-linked,181380,"KNML 1976",KANGIS,"ALHAJI HASSAN MOHAMMED"
65799,2,legitimate-linked,179069,RES-RC-1982-1768,1,"ABBA HALIRU"
65799,2,legitimate-linked,179081,"KNML 1764",KANGIS,"ALH ABBA HALIRU"
17420,2,collision,184702,KN5361,KANGIS,"MURTALA ABDULLAHI JEGA"
17420,2,collision,31223,CON-RES-1995-285,3,"ALHAJI SALE KADAWA"
6105,2,collision,182590,COM-RC-1982-362,1,"ALHAJI NUHU SALISU"
6105,2,collision,19783,CON-RES-RC-1982-649,3,"ALHAJI SHAZALI ALI"
17498,2,collision,31301,CON-IND-1995-8,3,"A. A. RANO NIGERIA LIMITED"
17498,2,collision,185518,KN5364,KANGIS,"MURTALA ABDULLAHI JEGA"
6268,2,collision,182934,COM-RC-1982-533,1,"S. RACCAH LIMITED"
6268,2,collision,19949,RES-1982-997,1,"ALHAJI ADAMU TASSAWA"
173604,2,legitimate-linked,193640,RES-1993-2734,2,"HAJIYA MARIYA SUNUSI DAN TATA"
173604,2,legitimate-linked,193668,"KNML 1407",KANGIS,"HAJIYA MARIYA SUNUSI DANTATA"
58945,2,legitimate-linked,194185,RES-2019-1086,2,"IBRAHIM ISYAKU NA ABBA"
58945,2,legitimate-linked,194193,"KNML 6547",KANGIS,"IBRAHIM ISYAKU NA ABBA"
22172,2,legitimate-linked,186987,COM-RC-1982-285,1,"MOUKARIM BROTHERS (KANO) LIMITED"
22172,2,legitimate-linked,35909,CON-RES-1992-156,3,"MADAM KANDE DAN ABU"
147313,2,legitimate-linked,170420,"KNML 9278",KANGIS,"GALADIMA K/WAIKA"
147313,2,legitimate-linked,170390,RES-2001-3253,2,"GALADIMA K/WAIKA"
162112,2,legitimate-linked,185474,CON-RES-1990-397,3,"MALLAM BASHIR MUSA"
162112,2,legitimate-linked,185475,"KNML 1509",KANGIS,"MALLAM BASHIR MUSA"
67611,2,legitimate-optot,186306,RES-RC-1988-35,1,"ABDULLAHI HALILU"
67611,2,legitimate-optot,186321,"KNML 260",KANGIS,"ABDULLAHI HALILU"
153337,2,legitimate-linked,181205,KN5145,KANGIS,"MURTALA ABDULLAHI JEGA"
153337,2,legitimate-linked,177634,CON-RES-2023-7265,3,"FAIZU MUHAMMAD GALADIMA"
153312,2,legitimate-linked,177601,CON-RES-2023-7335,3,"FAIZU MUHAMMAD GALADIMA"
153312,2,legitimate-linked,187924,KN4777,KANGIS,"MURTALA ABDULLAHI JEGA"
17564,2,collision,181236,KN5103,KANGIS,"MURTALA ABDULLAHI JEGA"
17564,2,collision,31367,CON-RES-1995-590,3,"ALI MOHAMMED GWAGWARWA"
151370,2,legitimate-optot,174599,RES-2020-548,2,"DR ABDULLAHI GAMBO"
151370,2,legitimate-optot,174604,KN3452,KANGIS,"DR ABDULLAHI GAMBO"
157675,2,legitimate-optot,181807,RES-2015-7874,2,"MUBARAK ABDULLAHI UMAR"
157675,2,legitimate-optot,181813,KN4268,KANGIS,"MUBARAK ABDULLAHI UMAR"
44440,2,legitimate-optot,190727,RES-1995-880,2,"AHMAD MUHAMMAD NASIR"
44440,2,legitimate-optot,190733,"KNML 8761",KANGIS,"AHMAD MUHAMMAD NASIR"
167119,2,legitimate-linked,189512,CON-RES-2023-7227,3,"FAIZU MUHAMMAD GALADIMA"
167119,2,legitimate-linked,189521,KN5242,KANGIS,"MURTALA ABDULLAHI JEGA"
17421,2,collision,184333,KN5440,KANGIS,"MURTALA ABDULLAHI JEGA"
17421,2,collision,31224,CON-RES-1995-287,3,"ALHAJI ABUBAKAR USMAN"
177830,2,legitimate-linked,196712,CON-RES-2005-155,3,"MAGAJI ILU AHMAD"
177830,2,legitimate-linked,196731,"KNML 720",KANGIS,"MAGAJI ILU AHMAD"
60802,2,legitimate-linked,174014,RES-2021-2858,2,"ALH. UMAR ADAMU DAHO"
60802,2,legitimate-linked,174032,KN4632,KANGIS,"ALH. UMAR ADAMU DAHO"
101292,2,legitimate-linked,169542,CON-IND-2023-12,3,"ROBUST INTERNATIONAL COMMODITIES"
101292,2,legitimate-linked,169548,"MLKN 3892",KANGIS,"ROBUST INTERNATIONAL COMMODITIES"
177470,2,legitimate-linked,196455,RES-2000-2199,2,"SANUSI MUHAMMED ISA"
177470,2,legitimate-linked,196466,"KNML 6828",KANGIS,"ABDUL-AZIZ TIJJANI TANKO"
15485,2,collision,181852,"KNML 1705",KANGIS,"INDO TIJJANI BICHI"
15485,2,collision,29283,CON-RES-1985-428,3,"ALHAJI ABDULLAHI S. MADUGU"
27174,2,legitimate-linked,168208,RES-1981-1781,1,"SADI BAATURE ABDUL-AZIZ"
27174,2,legitimate-linked,168253,"KNML 7628",KANGIS,"SADI BATURE ABDULAZIZ."
17578,2,collision,181723,KN4597,KANGIS,"MURTALA ABDULLAHI JEGA"
17578,2,collision,31381,CON-RES-1997-130,3,"NURA MOHAMMED DANKADAI"
163796,2,legitimate-linked,186755,,3,"TUKUR IBRAHIM"
163796,2,legitimate-linked,186761,"KNML 269",KANGIS,"TUKUR IBRAHIM"
174374,2,legitimate-linked,194158,RES-1982-564,1,"HADIZA SULEIMAN SHEHU"
174374,2,legitimate-linked,194160,"KNML 538",KANGIS,"HADIZA SULEIMAN SHEHU"
165500,2,legitimate-optot,192682,KN4221,KANGIS,"MUHAMMAD INUWA KAILA"
165500,2,legitimate-optot,188278,RES-2024-2360,2,"MUHAMMAD INUWA KAILA"
33081,2,legitimate-optot,186360,"KNML 252",KANGIS,"BELLO BABA YOLA"
33081,2,legitimate-optot,186333,RES-1988-2339,1,"BELLO BABA YOLA"
157777,2,legitimate-linked,181891,CON-RES-1995-216,3,"GHALI IBRAHIM KHALIL"
157777,2,legitimate-linked,181897,"KNML 1992",KANGIS,"GHALI IBRAHIM KHALIL"
48476,2,legitimate-linked,180323,RES-2001-5712,2,"SA'AD SHITU SHARUBUTU"
48476,2,legitimate-linked,180336,"KNML 1480",KANGIS,"SA'AD SHITU SHARUBUTU"
5675,2,legitimate-linked,100250,COM-2026-122,1,"GREAT UNITED ELITES SPORTING CLUB"
5675,2,legitimate-linked,19352,RES-1982-629,1,"MR ADEWALE ABBAS"
150115,2,legitimate-linked,173466,CON-COM-2023-417,3,"SHUAIBU GARBA"
150115,2,legitimate-linked,173474,KN4806,KANGIS,"SHUAIBU GARBA"
49203,2,legitimate-optot,185479,RES-2002-5054,2,"BALA BELLO SULAIMAN"
49203,2,legitimate-optot,185527,"KNML 4148",KANGIS,"BALA BELLO SULAIMAN"
146914,2,legitimate-linked,169986,CON-COM-2020-35,3,"HAMZA UBA ADAMU"
146914,2,legitimate-linked,169988,KN4865,KANGIS,"HAMZA UBA ADAMU"
17589,2,legitimate-linked,31392,CON-RES-1997-169,3,"NUHU ABUBAKAR"
17589,2,legitimate-linked,186178,KN4539,KANGIS,"MURTALA ABDULLAHI JEGA"
164019,2,legitimate-linked,186929,RES-2015-2214,2,"ABUBAKAR BASHIR"
164019,2,legitimate-linked,186950,KN3730,KANGIS,"ABUBAKAR BASHIR"
48542,2,legitimate-optot,184195,RES-2001-943,2,"IBRAHIM BABANGARI"
48542,2,legitimate-optot,184235,"MLKN 1924_2",KANGIS,"IBRAHIM BABANGARI"
156991,2,legitimate-linked,181304,CON-RES-2023-7325,3,"FAIZU MUHAMMAD GALADIMA"
156991,2,legitimate-linked,181312,KN4782,KANGIS,"MURTALA ABDULLAHI JEGA"
44113,2,legitimate-optot,174749,RES-1995-3104,2,"MAHMOUD IBRAHIM"
44113,2,legitimate-optot,174754,KN1093,KANGIS,"MAHMOUD IBRAHIM"
17547,2,legitimate-linked,31350,CON-RES-1995-560,3,"ALHAJI GARBA IBRAHIM"
17547,2,legitimate-linked,187267,KN5206,KANGIS,"MURTALA ABDULLAHI JEGA"
171949,2,legitimate-linked,192474,CON-RES-2023-7381,3,"FAIZU MUHAMMAD GALADIMA"
171949,2,legitimate-linked,192492,KN4584,KANGIS,"MURTALA ABDULLAHI JEGA"
49633,2,legitimate-linked,182721,RES-2002-828,2,"SALAMATU SABO BAKIN ZOWU"
49633,2,legitimate-linked,182722,"KNML 1936",KANGIS,"SALAMATU SABO BAKIN ZOWU"
45498,2,legitimate-linked,181276,RES-1997-504,2,"BASHIR M SHARIFF"
45498,2,legitimate-linked,181309,"KNML 1971",KANGIS,"BASHIR M SHARIFF"
170994,2,legitimate-linked,191722,RES-2002-4717,2,"ABUBAKAR GARBA AND 2 OTHERS"
170994,2,legitimate-linked,191751,"KNML 2414",KANGIS,"NAZIFI SULEMAN"
65049,2,legitimate-linked,169943,RES-RC-1982-1032,1,"ALH AUWALU ILU"
65049,2,legitimate-linked,171182,"KNML 3743",KANGIS,"ALH AUWALU ILU AHMED"
152842,2,legitimate-optot,176278,RES-2012-2203,2,"ALH MUDI AHMED WARU"
152842,2,legitimate-optot,176287,"KNML 1232",KANGIS,"IBRAHIM KHALIL ADAMU"
58129,2,legitimate-linked,172099,RES-2018-2816,2,"BELLO & BROTHERS"
58129,2,legitimate-linked,172151,"KNML 7795",KANGIS,"SHAMSUDDEEN USMAN AHMAD"
150327,2,legitimate-linked,173653,CON-COM-2017-198,3,"PROF ALIYU SULAIMAN KANTUDU"
150327,2,legitimate-linked,173666,KN3495,KANGIS,"PROF ALIYU SULAIMAN KANTUDU"
178899,2,legitimate-linked,197520,CON-COM-2026-638,3,"NATA'ALA PROPERTIES & INVESTMENT LIMITED"
178899,2,legitimate-linked,197533,CON-RES-2026-3005,3,"NATA'ALA PROPERTIES & INVESTMENT LIMITED"
3187,2,legitimate-optot,16858,RES-1982-283,1,"MR NIYI OMODEHIN"
3187,2,legitimate-optot,180568,COM-RC-1982-525,1,"AMINU DANTATA"
10138,2,collision,23840,CON-RES-1983-312,3,"ALHAJI UMARU SABON GARI"
10138,2,collision,174779,KN5051,KANGIS,"ISYAKU IBRAHIM TSURUTAWA"
155077,2,legitimate-linked,179392,CON-IND-2021-29,3,"SANI ADAM IBRAHIM"
155077,2,legitimate-linked,179396,KN4215,KANGIS,"SANI ADAM IBRAHIM"
153429,2,legitimate-linked,181677,KN4823,KANGIS,"MURTALA ABDULLAHI JEGA"
153429,2,legitimate-linked,177745,CON-RES-2023-7333,3,"FAIZU MUHAMMAD GALADIMA"
153323,2,legitimate-linked,177617,CON-RES-2023-7256,3,"FAIZU MUHAMMAD GALADIMA"
153323,2,legitimate-linked,186760,KN4527,KANGIS,"MURTALA ABDULLAHI JEGA"
149603,2,legitimate-linked,172894,COM-2023-50,1,"SADIYA IDRIS"
149603,2,legitimate-linked,172905,"MLKN 3832",KANGIS,"SADIYA IDRIS"
58170,2,legitimate-linked,185462,RES-2018-2899,2,"SENATOR BELLO HAYATU GWARZO"
58170,2,legitimate-linked,185502,"KNGP 263",KANGIS,"SENATOR BELLO HAYATU GWARZO"
16574,2,collision,30374,CON-RES-1986-99,3,"ALHAJI AUDU GYADI GYADI"
16574,2,collision,186314,CON-RES-2013-522,3,"UDOCHUKWU KEVIN OBIEFUNA"
50164,2,legitimate-optot,189622,RES-2003-96,2,"ABDULLAHI DANJUMA SHUAIBU"
50164,2,legitimate-optot,189629,"KNML 2454",KANGIS,"ABDULLAHI DANJUMA SHUAIBU"
41397,2,legitimate-linked,177481,RES-1993-2216,2,"MOHAMMED KABIR UMAR"
41397,2,legitimate-linked,177499,"KNML 1827",KANGIS,"MOHAMMED KABIR BEN UMAR"
172745,2,legitimate-linked,193090,RES-2009-4154,2,"YAU HARUNA"
172745,2,legitimate-linked,193092,RES-2009-4153,2,"YAU HARUNA"
65314,2,legitimate-linked,169166,RES-RC-1982-1287,1,"MR FRANK NWOSU CHUKWUNEMELU"
65314,2,legitimate-linked,169244,"KNML 7277",KANGIS,"MR FRANK NWOSU CHUKWUNEMELU"
145406,2,legitimate-linked,168355,CON-IND-2017-4,3,"SAOAKIN (NIGERIA) LIMITED."
145406,2,legitimate-linked,168373,KN3781,KANGIS,"SAOAKIN NIGERIA LIMITED."
24077,2,collision,47045,CON-RES-2000-7,3,"MARYAM GARBA"
24077,2,collision,47094,CON-RES-2000-201,3,"ALHAJI RABI'U ABDULLAHI"
179833,2,legitimate-linked,198295,CON-RES-2011-202,3,"NU'UMAN BARAU DANBATTA"
179833,2,legitimate-linked,198312,"KNML 7067",KANGIS,"NU'UMAN BARAU DANBATTA"
57489,2,legitimate-linked,195822,RES-2017-1109,2,"BASHIR NASIR"
57489,2,legitimate-linked,195839,"KNML 9533",KANGIS,"BASHIR NASIR"
17435,2,collision,31238,CON-RES-1995-459,3,"MR. SAINT C. OKORAFOR"
17435,2,collision,184653,KN5410,KANGIS,"MURTALA ABDULLAHI JEGA"
176021,2,legitimate-linked,195243,COM-1990-151,1,"ALHAJI ILA MAI ITACHE"
176021,2,legitimate-linked,195247,KN1922,KANGIS,"ALHAJI ILA MAI ITACHE"
150061,2,legitimate-optot,173410,RES-2014-1157,2,"MUSTAPHA ABDULLAHI IBRAHIM"
150061,2,legitimate-optot,173463,"KNML 9944",KANGIS,"MUSTAPHA ABDULLAHI IBRAHIM"
17500,2,collision,31303,CON-AG-1995-33,3,"ALHAJI NASIRU MUDI IBRAHIM"
17500,2,collision,185346,KN5367,KANGIS,"MURTALA ABDULLAHI JEGA"
148789,2,legitimate-linked,172232,CON-RES-2014-764,3,"SAMINU  KHALID ABDULLAHI"
148789,2,legitimate-linked,172236,"KNML 3144",KANGIS,"SAMINU  KHALID ABDULLAHI"
147971,2,legitimate-linked,171201,CON-AG-2024-95,3,"ALH TIJJANI RABI'U USAMAN"
147971,2,legitimate-linked,171223,KN2321,KANGIS,"ALH TIJJANI RABI'U USAMAN"
152531,2,legitimate-linked,175909,COM-2002-377,1,"SHARU AUWALU BALA"
152531,2,legitimate-linked,175917,"MLKN 4295",KANGIS,"SHARU AUWALU BALA"
8078,2,collision,21773,RES-1992-4870,2,"ADAMU GAMBO"
8078,2,collision,174565,CON-COM-1988-63,3,"SAIDU ILIYASU"
57414,2,legitimate-optot,175201,RES-2016-893,2,"BUKAR MUSA ABUBAKAR"
57414,2,legitimate-optot,175220,KN5082,KANGIS,"BUKAR MUSA ABUBAKAR"
158470,2,legitimate-optot,182419,RES-2024-4530,2,"SANI ABUBAKAR SANI"
158470,2,legitimate-optot,182433,KN3724,KANGIS,"SANI ABUBAKAR SANI"
38727,2,legitimate-linked,178372,RES-1992-1556,2,"AMINU SALISU ILIYASU"
38727,2,legitimate-linked,178391,"KNML 1793",KANGIS,"AMINU SALISU ILIYASU"
43957,2,legitimate-linked,182724,RES-1995-2823,2,"SALAMATU SABO BAKIN ZUWO"
43957,2,legitimate-linked,182725,"KNML 1935",KANGIS,"SALAMATU SABO BAKIN ZUWO"
51380,2,legitimate-optot,187624,RES-2008-5515,2,"NUHU AHMAD"
51380,2,legitimate-optot,187670,RES-2007-1205,2,"AUDU MANAGER ANSD SONS"
150634,2,legitimate-linked,173908,"MLKN 2195",KANGIS,"MOHAMMED YUSUF"
150634,2,legitimate-linked,173962,COM-2019-10,1,"MOHAMMED YUSUF"
166846,2,legitimate-linked,189324,CON-RES-2023-7251,3,"FAIZU MUHAMMAD GALADIMA"
166846,2,legitimate-linked,189335,KN5235,KANGIS,"MURTALA ABDULLAHI JEGA"
68112,2,legitimate-linked,176143,RES-RC-1998-24,1,"MOHAMMED HASSAN KOGUNA"
68112,2,legitimate-linked,176170,"KNML 1898",KANGIS,"MOHAMMED HASSAN KOGUNA"
166247,2,legitimate-linked,188904,CON-RES-2009-1067,3,"MUSTAPHA A IBRAHIM"
166247,2,legitimate-linked,189002,"KNML 2423",KANGIS,"MUSTAPHA A IBRAHIM"
49057,2,legitimate-optot,175551,RES-2002-3654,2,"ALHAI AHMED ALIYU"
49057,2,legitimate-optot,175574,"KNML 6637",KANGIS,"ALHAJI AHMED ALIYU"
160907,2,legitimate-linked,184366,SLTR-48537,SLTR,"NNADIRI UGOCHUKWU SUNDAY"
160907,2,legitimate-linked,184378,KN5592,KANGIS,"NNADIRI UGOCHUKWU SUNDAY"
150483,2,legitimate-linked,173784,CON-RES-2006-177,3,"MR FRANCIS EKEKA"
150483,2,legitimate-linked,173785,KN3848,KANGIS,"MR FRANCIS EKEKA"
177411,2,legitimate-linked,196406,CON-RES-2015-510,3,"SA'ADU USMAN"
177411,2,legitimate-linked,196424,"KNML 4915",KANGIS,"SA'ADU USMAN"
65271,2,legitimate-optot,186548,RES-RC-1982-1247,1,"ALH AUWALU SHAREEF BALA"
65271,2,legitimate-optot,186579,"KNML 266",KANGIS,"ALH AUWALU SHAREEF BALA"
39840,2,legitimate-optot,190229,RES-1992-4868,2,"AMINU SABO ABUBAKAR"
39840,2,legitimate-optot,190245,"KNML 2468",KANGIS,"AMINU SABO ABUBAKAR"
150428,2,legitimate-optot,173738,RES-2020-530,2,"DR GAMBO"
150428,2,legitimate-optot,173739,KN3544,KANGIS,"DR GAMBO"
174226,2,legitimate-linked,194058,RES-2000-6771,2,"ADAMU GAJERE"
174226,2,legitimate-linked,194196,"KNML 537",KANGIS,"ZAHRAU RABIU MUDI"
157713,2,legitimate-linked,181840,RES-2014-1601,2,"ENGR MOHAMMED ABDULLAHI SANI"
157713,2,legitimate-linked,181847,"KNML 1987",KANGIS,"MOHAMMED ABDULLAHI SANI"
7392,2,collision,21082,CON-RES-1995-419,3,"ALH. MUKHTAR BELLO"
7392,2,collision,179167,CON-AG-1995-103,3,"VIVA METAL AND PLASTIC INDUSTRY LIMITED"
11823,2,collision,25527,CON-RES-1999-324,3,"MURTALA HABIB YAHAYA"
11823,2,collision,195363,CON-RES-1982-970,3,"SHUAIBU IBRAHIM NUHU"
162693,2,legitimate-linked,185900,CON-COM-2015-200,3,"ALH. SAMMANI MUHD ABDULMUMINI"
162693,2,legitimate-linked,185901,"MLKN 2221",KANGIS,"ALH. SAMMANI MUHD ABDULMUMINI"
152009,2,legitimate-linked,175262,RES-1983-1064,1,"KOLO AUDU"
152009,2,legitimate-linked,175287,KN4587,KANGIS,"KOLO AUDU"
153968,2,legitimate-linked,178310,CON-RES-2023-7209,3,"FAIZU MUHAMMAD GALADIMA"
153968,2,legitimate-linked,189268,KN5229,KANGIS,"MURTALA ABDULLAHI JEGA"
176370,2,legitimate-linked,195561,CON-COM-2016-93,3,"AJJUS MTF PETROLEUM NIG. LTD"
176370,2,legitimate-linked,195562,"MLKN 2820",KANGIS,"AJJUS MTF PETROLEUM NIG. LTD"
47187,2,legitimate-linked,192727,KN3663,KANGIS,"AHMAD MOHAMMAD ADAM"
47187,2,legitimate-linked,186551,RES-2000-3466,2,"AHMAD MOHAMMAD ADAM"
176490,2,legitimate-linked,195685,CON-AG-2020-82,3,"NAZIFI MUHAMMED SANI"
176490,2,legitimate-linked,195689,"MLKN 3171",KANGIS,"NAZIFI MUHAMMED SANI"
160949,2,legitimate-linked,184406,CON-RES-2012-143,3,"A IDRIS HARUNA ZUBAIR"
160949,2,legitimate-linked,184409,"KNML 1921",KANGIS,"A IDRIS HARUNA ZUBAIR"
148103,2,legitimate-linked,171366,CON-COM-2024-482,3,"SHEHU WAKILI"
148103,2,legitimate-linked,171371,KN3690,KANGIS,"SHEHU WAKILI"
149867,2,legitimate-linked,173177,RES-2020-2487,2,"PROF AGBOOLA IBRAHIM GAMBARI"
149867,2,legitimate-linked,173179,"KNML 8551",KANGIS,"PROF AGBOOLA IBRAHIM GAMBARI"
175441,2,legitimate-linked,194888,RES-1985-2197,1,"AISHA MUHAMMAD SURAIYA"
175441,2,legitimate-linked,194894,KN3031,KANGIS,"AISHA MUHAMMAD SURAIYA"
154087,2,legitimate-linked,178437,CON-RES-2012-219,3,"HAIDAR FAROUK ALIYU"
154087,2,legitimate-linked,178439,"KNML 1780",KANGIS,"HAIDAR FAROUK ALIYU"
6365,2,collision,171537,COM-RC-1983-38,1,"ALHAJI SALISU SABO GARIN GABAS"
6365,2,collision,20047,RES-1992-2986,2,"SALIHU ADO"
146931,2,legitimate-linked,170006,RES-1991-572,1,"KABIRU ALHASSAN IDRIS"
146931,2,legitimate-linked,170024,KN4866,KANGIS,"KABIRU ALHASSAN IDRIS"
17574,2,collision,31377,CON-IND-1997-10,3,"NAKUDU NIGERIA LTD"
17574,2,collision,180811,KN4593,KANGIS,"MURTALA ABDULLAHI JEGA"
156364,2,legitimate-linked,180739,CON-RES-2023-7290,3,"FAIZU MUHAMMAD GALADIMA"
156364,2,legitimate-linked,180760,KN5107,KANGIS,"MURTALA ABDULLAHI JEGA"
40550,2,legitimate-linked,173806,RES-1992-6906,2,"TAHIR SADISU BUHARI"
40550,2,legitimate-linked,173824,KN4416,KANGIS,"TAHIR SADISU BUHARI"
24043,2,collision,47010,CON-RES-1994-436,3,"SHEIK MALLAM NASIR KABARA"
24043,2,collision,47060,CON-RES-1999-192,3,"A.K. ABOSI"
55851,2,legitimate-linked,195029,RES-2015-5933,2,"BASHIR ADAMU ALIYU"
55851,2,legitimate-linked,195042,"KNML 9420",,"BASHIR ADAMU ALIYU"
6302,2,collision,19983,RES-1992-2915,2,"HAJIYA SALAMATU BELLO"
6302,2,collision,184828,COM-RC-1982-69,1,"ALH AHMED, HINDE, BINTA, GWAGGO & HAFSATU RINGIM"
47904,2,legitimate-linked,187194,,2,"UMAR SULAIMAN MUHAMMAD"
47904,2,legitimate-linked,187203,"KNML 1558",KANGIS,"UMAR SULAIMAN MUHAMMAD"
166886,2,legitimate-linked,189352,RES-2014-2197,2,"ALIKO OIL NIG LTD"
166886,2,legitimate-linked,189354,"KNML 2463",KANGIS,"ALIKO OIL NIG LTD"
51590,2,legitimate-optot,190155,RES-2008-1574,2,"IBRAHIM USMAN AUYO"
51590,2,legitimate-optot,190169,"KNML 248",KANGIS,"IBRAHIM USMAN AUYO"
178519,2,legitimate-linked,197195,CON-RES-2020-1090,3,"BINTA SANI YAKUBU"
178519,2,legitimate-linked,197205,"KNML 9791",KANGIS,"BINTA SANI YAKUBU"
61763,2,legitimate-linked,169398,RES-2023-5064,2,"ALH USMAN IBRAHIM BELLO"
61763,2,legitimate-linked,169444,KN4989,KANGIS,"ALH USMAN IBRAHIM BELLO"
32033,2,legitimate-optot,181103,RES-1987-1506,1,"ABDURRAHMAN IBRAHIM"
32033,2,legitimate-optot,181115,"KNML 1960",KANGIS,"ABDURRAHMAN IBRAHIM"
49053,2,legitimate-linked,192057,RES-2002-3628,2,"AHMAD TIJJANI USMAN"
49053,2,legitimate-linked,192065,"KNML 7869",KANGIS,"AHMAD TIJJANI USMAN"
37187,2,legitimate-linked,169480,RES-1991-4530,1,"MUSTAPHA SHEHU BABA"
37187,2,legitimate-linked,169515,KN4272,KANGIS,"MUSTAPHA SHEHU BABA"
17569,2,collision,181810,KN5098,KANGIS,"MURTALA ABDULLAHI JEGA"
17569,2,collision,31372,CON-RES-1995-599,3,"LARAI AUWALU HARUNA (MRS)"
148648,2,legitimate-linked,172064,RES-1985-385,1,"LAWALI IBRAHIM JEGA"
148648,2,legitimate-linked,172080,KN4889,KANGIS,"LAWALI IBRAHIM JEGA"
16470,2,collision,191280,CON-RES-2011-205,3,"ALH MUSTAFA SHEHU BABA"
16470,2,collision,30269,CON-COM-1999-4,3,"A Y MAIKIFI OIL & GAS LIMITED"
171043,2,legitimate-linked,191763,RES-2013-560,2,"USMAN MUHAMMED"
171043,2,legitimate-linked,191781,"KNML 2495",KANGIS,"USMAN MUHAMMED"
49386,2,legitimate-linked,176066,RES-2002-6865,2,"ALH ABDULBAKI BELLO ADAMU"
49386,2,legitimate-linked,176068,KN3659,KANGIS,"ALH ABDULBAKI BELLO ADAMU"
62776,2,legitimate-linked,192426,RES-2024-4109,2,"MUSTAPHA MUHAMMAD ADO"
62776,2,legitimate-linked,192450,KN3275,KANGIS,"MUSTAPHA MUHAMMAD ADO"
9132,2,collision,22833,CON-AG-1990-76,3,"MALLAM ABDURAHIM UNGOGO"
9132,2,collision,195650,CON-COM-2009-72,3,"MU'UMEN ENERGY FLEET LTD"
106556,2,legitimate-optot,175530,RES-2016-4426,2,"NAZIRU BASHIR"
106556,2,legitimate-optot,175539,KN3147,KANGIS,"NAZIRU BASHIR"
150646,2,legitimate-linked,173922,"MLKN 2194",KANGIS,"MOHAMMED ABDULLAHI"
150646,2,legitimate-linked,173954,COM-2019-11,1,"MOHAMMED ABDULLAHI"
1657,2,legitimate-linked,15320,CON-COM-1982-40,3,"ADEL TOUFIC SULAIMAN"
1657,2,legitimate-linked,195261,"MLKN 784",KANGIS,"KABIRU TANIMU TURAKI"
17641,2,legitimate-linked,31444,CON-RES-1994-329,3,"ALHAJI SABO LAWAN KABARA"
17641,2,legitimate-linked,192130,KN4616,KANGIS,"MURTALA ABDULLAHI JEGA"
145330,2,legitimate-linked,168248,RES-2000-2274,2,"MUHAMMAD YARO IBRAHIM"
145330,2,legitimate-linked,168273,"KNML 1290",KANGIS,"MUHAMMAD YARO IBRAHIM"
179306,2,legitimate-optot,197831,RES-2021-2948,2,"YAKUBU HAMZA DANDAGO"
179306,2,legitimate-optot,197840,"KNML 9283",KANGIS,"YAKUBU HAMZA DANDAGO"
117422,2,legitimate-linked,174911,CON-COM-2021-707,3,"RT HON ISYAKU ALI DANJA"
117422,2,legitimate-linked,174918,KN94,KANGIS,"RT HON ISYAKU ALI DANJA"
45982,2,legitimate-linked,182941,RES-1998-550,2,"SALAMATU SABO BAKIN ZUWO"
45982,2,legitimate-linked,182942,"KNML 1932",KANGIS,"SALAMATU SABO BAKIN ZUWO"
43548,2,legitimate-linked,181015,RES-1995-2044,2,"ALI ADAMU TARFA"
43548,2,legitimate-linked,181035,"KNML 1954",KANGIS,"ALI ADAMU TARFA"
6093,2,legitimate-linked,19771,CON-RES-RC-1982-422,3,"S.B. INTERNATIONAL PHASE"
6093,2,legitimate-linked,193501,COM-RC-1982-349,1,"ALH . NUHU SALISU"
171057,2,legitimate-optot,191771,RES-2015-2183,2,"ISHA GARBA USMAN"
171057,2,legitimate-optot,191779,KN884,KANGIS,"ISHA GARBA USMAN"
176276,2,legitimate-linked,195424,CON-COM-2024-667,3,"A Y ROMO NIGERIA LIMITED"
176276,2,legitimate-linked,195425,KN3586,KANGIS,"A Y ROMO NIGERIA LIMITED"
37850,2,legitimate-linked,196318,RES-1991-7687,1,"RUMBU INDUSTRIES LIMITED"
37850,2,legitimate-linked,196337,"KNML 9524",KANGIS,"RUMBU INDUSTRIES LIMITED"
4079,2,collision,17753,RES-1992-4082,2,"HAMISU TSOHO"
4079,2,collision,175586,"MLKN 2723",KANGIS,"RUSBI AGRICULTURAL PROCESSING COMPANY LIMITED"
39819,2,legitimate-linked,180864,RES-1992-4802,2,"DR SANDA MOHAMMED"
39819,2,legitimate-linked,180914,"KNML 1498",KANGIS,"DR SANDA MOHAMMED"
6316,2,collision,19998,RES-1992-2929,2,"ALH AMINU MUSA"
6316,2,collision,179785,COM-RC-1982-78,1,"ALHAJI TSALHATU ZANGI"
153826,2,legitimate-linked,190445,KN5231,KANGIS,"MURTALA ABDULLAHI JEGA"
153826,2,legitimate-linked,178151,CON-RES-2023-7271,3,"FAIZU MUHAMMAD GALADIMA"
28396,2,legitimate-linked,180090,RES-1982-1672,1,"HAJIYA MARIYA SANUSI DANTATA"
28396,2,legitimate-linked,180128,"KNML 1474",KANGIS,"HAJIYA MARIYA SANUSI DANTATA"
10601,2,collision,24304,CON-RES-1988-32,3,"MALLAM ZUBAIRU UZAIRU"
10601,2,collision,175341,CON-IND-2022-54,3,"NURADDEEN SANI GWARZO"
162437,2,legitimate-linked,185725,CON-IND-2021-22,3,"N.B CERAMICS LIMITED"
162437,2,legitimate-linked,185727,"MLKN 3198",KANGIS,"N.B CERAMICS LIMITED"
26282,2,legitimate-linked,182049,,1,"AL-HAMSAD RICE MILL LIMITED"
26282,2,legitimate-linked,182065,"MLKN 4255",KANGIS,"AL-HAMSAD RICE MILL LTD"
172867,2,legitimate-linked,193191,CON-IND-2023-34,3,"VIVA METAL & PLASTIC INDUSTRY LTD"
172867,2,legitimate-linked,193194,KN3459,KANGIS,"VIVA METAL & PLASTIC INDUSTRY LTD"
8449,2,legitimate-optot,22041,RES-1992-5895,2,"HABIBU TANKO MAIZARE"
8449,2,legitimate-optot,194033,CON-COM-2000-10,3,"ALH. IBRAHIM GARBA HOTORO"
47184,2,legitimate-linked,173642,RES-2000-3457,2,"ALH TIJJANI ABDULLAHI"
47184,2,legitimate-linked,173662,KN3735,KANGIS,"ALH TIJJANI ABDULLAHI"
150785,2,legitimate-linked,174054,RES-2001-3254,2,"ALHAJI SHARU TANKO"
150785,2,legitimate-linked,174071,"KNML 9277",KANGIS,"ALHAJI SHARU TANKO"
172660,2,legitimate-linked,192995,CON-RES-2009-849,3,"SULEIMAN TANKO YAKASAI"
172660,2,legitimate-linked,193026,"KNML 1586",KANGIS,"SULEIMAN TANKO YAKASAI"
161557,2,legitimate-linked,184975,COM-2002-1107,1,"UWANI, SAUDE AND AISHA MUHTAR"
161557,2,legitimate-linked,185041,LPCC-2015-428,DCIV,"ALHAJI ABUBAKAR USMAN"
6338,2,collision,20020,RES-1992-2957,2,"DAN LADI ABBA"
6338,2,collision,178146,COM-RC-1982-98,1,"FAMAZ ENTERPRISES LIMITED"
65990,2,legitimate-linked,182623,RES-RC-1982-250,1,"REGISTERED TRUSTEES OF ECWA (YORUBA)"
65990,2,legitimate-linked,182624,"KNML 1947",KANGIS,"REGISTERED TRUSTEES OF ECWA (YORUBA)"
38570,2,legitimate-linked,179264,RES-1992-1341,2,"SANI KATSINA"
38570,2,legitimate-linked,179268,"KNML 1753",KANGIS,"SANI KATSINA"
17627,2,collision,31430,CON-RES-1994-324,3,"ALHAJI SABO LAWAN KABARA"
17627,2,collision,181218,KN5100,KANGIS,"MURTALA ABDULLAHI JEGA"
16424,2,legitimate-linked,30223,CON-RES-1993-21,3,"ALHAJI ABUBAKAR ABDU"
16424,2,legitimate-linked,187013,"KNML 2852",KANGIS,"MR GALLET STAPHANE"
153864,2,legitimate-linked,178192,CON-RES-2023-7378,3,"FAIZU MUHAMMAD GALADIMA"
153864,2,legitimate-linked,186959,KN5247,KANGIS,"MURTALA ABDULLAHI JEGA"
161325,2,legitimate-linked,184771,SLTR-217709,SLTR,"ABDULLAHI J. MUHAMMAD"
161325,2,legitimate-linked,184779,KN5332,KANGIS,"ABDULLAHI J. MUHAMMAD"
17572,2,collision,31375,CON-COM-1995-40,3,"ALHAJI RABIU ABDULRA'UF ADAMU"
17572,2,collision,181173,KN5121,KANGIS,"MURTALA ABDULLAHI JEGA"
160983,2,legitimate-linked,184439,RES-2023-7464,2,"HUSSAINI UMAR"
160983,2,legitimate-linked,184583,KN3246,KANGIS,"HUSSAINI UMAR"
167203,2,legitimate-linked,189594,CON-RES-2023-7178,3,"FAIZU MUHAMMAD GALADIMA"
167203,2,legitimate-linked,189601,KN4603,KANGIS,"MURTALA ABDULLAHI JEGA"
24034,2,collision,47001,CON-RES-1999-10,3,"YUSIF MUHAMMAD INDABAWA"
24034,2,collision,47021,CON-RES-1998-269,3,"ALH HAMISU MUSA"
14036,2,collision,27823,RES-1993-205,2,"A SAIDU MAIAKU"
14036,2,collision,180411,CON-RES-1992-279,3,"KHALID SANI KABARA"
153413,2,legitimate-linked,177729,RES-2003-2776,2,"MUKHTARI MUHAMMAD WARAWA"
153413,2,legitimate-linked,178053,KN4100,KANGIS,"MUKHTARI MUHAMMAD WAIRA"
156406,2,legitimate-linked,180784,CON-RES-1988-457,3,"DR SANDA MOHAMMED"
156406,2,legitimate-linked,180788,"KNML 1493",KANGIS,"DR SANDA MOHAMMED"
146431,2,legitimate-linked,169474,CON-COM-2023-616,3,"MUAZU YUNUSA RIRUWAI"
146431,2,legitimate-linked,169475,KN4717,KANGIS,"MUAZU YUNUSA RIRUWAI"
19467,2,collision,33272,CON-RES-1990-84,3,"ALHAJI MUSA ALHASSAN"
19467,2,collision,177635,IND-RC-1982-206,1,"MESSRS HERWA LIMITED"
17579,2,collision,181733,KN4598,KANGIS,"MURTALA ABDULLAHI JEGA"
17579,2,collision,31382,CON-RES-1997-131,3,"ALHAJI KASSIM UMAR"
10294,2,legitimate-linked,23996,CON-RES-1989-4,3,"ALHAJI ALHASSAN DOGARA"
10294,2,legitimate-linked,188331,"KNML 2893",KANGIS,"TOTAL NIGERIA PLC"
51490,2,legitimate-linked,182398,RES-2007-413,2,"ABDULLAHI RAKIYA ZUBAIRU"
51490,2,legitimate-linked,189788,"KNML 2465",KANGIS,"ABDULLAHI RAKIYA ZUBAIRU"
17430,2,collision,31233,CON-RES-1995-452,3,"AHMED MOHAMMED"
17430,2,collision,185327,KN5442,KANGIS,"MURTALA ABDULLAHI JEGA"
171587,2,legitimate-linked,192115,CON-RES-2023-7352,3,"FAIZU MUHAMMAD GALADIMA"
171587,2,legitimate-linked,192125,KN4577,KANGIS,"MURTALA ABDULLAHI JEGA"
178624,2,legitimate-linked,197269,RES-2016-976,2,"NASIRU SHEHU SIDI"
178624,2,legitimate-linked,197296,"KNGP 249",KANGIS,"NASIRU SHEHU SIDI"
17443,2,collision,183232,KN5379,KANGIS,"MURTALA ABDULLAHI JEGA"
17443,2,collision,31246,CON-RES-1995-469,3,"ALH. SHEHU AHMADU"
42544,2,legitimate-linked,179543,RES-1994-1871,2,"SANI MOHAMMED LAWAL"
42544,2,legitimate-linked,179566,"KNML 6460",KANGIS,"SANI MOHAMMED LAWAL"
1831,2,collision,193505,,1,"ALHAJI AMINU SULE GARO"
1831,2,collision,15494,RES-1992-1689,2,"LAWAN UMAR"
59750,2,legitimate-optot,182061,RES-2019-333,2,"BASHIR TIJJANI ALIYU"
59750,2,legitimate-optot,182079,KN4274,KANGIS,"BASHIR TIJJANI ALIYU"
17491,2,collision,31294,CON-COM-1995-84,3,"ALHAJI RABIU AHMED MAI ROBA"
17491,2,collision,185195,KN5368,KANGIS,"MURTALA ABDULLAHI JEGA"
174458,2,legitimate-linked,194222,CON-RES-2001-302,3,"ALH HAMISU MUSA"
174458,2,legitimate-linked,194234,"KNML 550",KANGIS,"ALH HAMISU MUSA"
41452,2,legitimate-linked,192146,RES-1993-2580,2,"USMAN ALIYU GORA"
41452,2,legitimate-linked,192169,KN3940,KANGIS,"USMAN ALIYU GORA"
17636,2,legitimate-linked,31439,CON-RES-1994-336,3,"ALHAJI SABO LAWAN KABARA"
17636,2,legitimate-linked,192124,KN5243,KANGIS,"MURTALA ABDULLAHI JEGA"
146410,2,legitimate-linked,169451,CON-RES-2023-7549,3,"MUAZU YUNUSA RIRUWAI"
146410,2,legitimate-linked,169452,KN4712,KANGIS,"MUAZU YUNUSA RIRUWAI"
158953,2,legitimate-optot,182737,RES-2016-3232,2,"NURA AHMED TAFIDA"
158953,2,legitimate-optot,184508,LPCC-2022-149,DCIV,"KANO STATE JUDICIARY"
38734,2,legitimate-linked,174529,RES-1992-1563,2,"AMINU SALISU ILIYASU"
38734,2,legitimate-linked,174538,"KNML 1805",KANGIS,"AMINU SALISU ILIYASU"
3046,2,legitimate-linked,16716,CON-AG-1983-244,3,"KASSIM MUSA BICHI"
3046,2,legitimate-linked,178285,COM-2007-52,1,"BABA DAN BAPPA NIG. LTD"
145206,2,legitimate-optot,168101,RES-2020-253,2,"AISHA MUKHTAR"
145206,2,legitimate-optot,168124,KN5327,KANGIS,"AISHA MUKHTAR"
27751,2,legitimate-optot,197127,RES-1981-80,1,"AMINA BARAU DANBATTA"
27751,2,legitimate-optot,197142,"KNML 8605",KANGIS,"AMINA BARAU DANBATTA"
7657,2,collision,182534,KN3295,KANGIS,"BROS ANJATOR ENTERPRISES"
7657,2,collision,21348,CON-AG-1989-106,3,"IDRIS S KAZAURE"
6090,2,collision,19768,CON-RES-RC-1982-447,3,"ALHAJI ISYAKU KOKORI"
6090,2,collision,178657,COM-RC-1982-346,1,"SMARTEX TEXTILE LTD"
165324,2,legitimate-linked,188113,COM-2010-373,1,"AWA COMPANY LIMITED"
165324,2,legitimate-linked,188125,"MLKN 2770",KANGIS,"AWA COMPANY LIMITED"
38730,2,legitimate-linked,177603,RES-1992-1559,2,"AMINU SALISU ILIYASU"
38730,2,legitimate-linked,177613,"KNML 1807",KANGIS,"AMINU SALISU ILIYASU"
37600,2,legitimate-optot,178722,RES-1991-7016,1,"MURTALA S MUHAMMAD"
37600,2,legitimate-optot,178738,"KNML 1828",KANGIS,"MURTALA S MUHAMMAD"
171655,2,legitimate-linked,192168,CON-RES-2023-7212,3,"FAIZU MUHAMMAD GALADIMA"
171655,2,legitimate-linked,192175,KN5260,KANGIS,"MURTALA ABDULLAHI JEGA"
147391,2,legitimate-optot,170468,RES-2022-3632,2,"RABI JIBRILLA MUHAMMAD"
147391,2,legitimate-optot,170476,KN4491,KANGIS,"RABI JIBRILLA MUHAMMAD"
17558,2,legitimate-linked,31361,CON-RES-1995-583,3,"ALHAJI AHMADU IDRIS"
17558,2,legitimate-linked,188193,KN5175,KANGIS,"MURTALA ABDULLAHI JEGA"
28441,2,legitimate-optot,188685,RES-1982-1729,1,"ALH SIRAJO TSOHO MUSA"
28441,2,legitimate-optot,188717,"KNML 2892",KANGIS,"ALH SIRAJO TSOHO MUSA"
17623,2,legitimate-linked,31426,CON-RES-1994-328,3,"ALHAJI SABO LAWAN KABARA"
17623,2,legitimate-linked,189393,KN4534,KANGIS,"MURTALA ABDULLAHI JEGA"
156468,2,legitimate-linked,183383,SLTR-209043,,"MUHAMMAD HASSAN ABAKAR"
156468,2,legitimate-linked,183387,KN5502,KANGIS,"MUHAMMAD HASSAN ABAKAR"
163827,2,legitimate-linked,186774,RES-2002-8117,2,"SADI SULMANU"
163827,2,legitimate-linked,186794,"KNML 270",KANGIS,"GARBA YAKASAI SANI"
51813,2,legitimate-optot,194988,"KNML 5879",KANGIS,"DR MOHAMMED IDRIS YAHAYA"
51813,2,legitimate-optot,195095,RES-2008-4197,2,"DR MOHAMMED IDRIS YAHAYA"
55474,2,collision,174222,,2,"MARYAM NYAKO ISAH"
55474,2,collision,174252,"KNML 5212",KANGIS,"MARYAM NYAKO ISAH"
30539,2,legitimate-linked,188264,RES-1985-1745,1,"UMAR LAWAL K/GANUWA"
30539,2,legitimate-linked,188322,"KNML 2898",KANGIS,"UMAR LAWAL K/GANUWA"
24058,2,collision,47026,CON-RES-2000-104,3,"DAUDA GARBA"
24058,2,collision,47075,CON-RES-1999-20,3,"MUTARI LAWAN"
156060,2,legitimate-linked,180390,RES-1983-1136,1,"ALHAJI ABDUMOHAMMED DANGADO"
156060,2,legitimate-linked,180407,"KNML 1479",KANGIS,"HAJIYA MARIYA SANUSI DANTATA"
66127,2,legitimate-linked,174275,RES-RC-1982-378,1,"NSUKKA UNIQUE BROTHERS"
66127,2,legitimate-linked,174293,"KNML 7580",KANGIS,"NSUKKA UNIQUE BROTHERS"
58904,2,legitimate-linked,171367,RES-2018-969,2,"ALH. ALIYU MUSTAPHA IDRIS"
58904,2,legitimate-linked,171370,KN2854,KANGIS,"ALH. ALIYU MUSTAPHA IDRIS"
178673,2,legitimate-linked,197311,CON-COM-2022-417,3,"MUAZU INUSA ALIYU"
178673,2,legitimate-linked,197333,KN3828,KANGIS,"MUAZU INUSA ALIYU"
178766,2,legitimate-linked,197393,CON-COM-2021-310,3,"NASIR ABUBAKAR"
178766,2,legitimate-linked,197398,"MLKN 4354",KANGIS,"NASIR ABUBAKAR"
172281,2,legitimate-linked,192688,CON-RES-2016-418,3,"MUKHTAR .A. KURAWA"
172281,2,legitimate-linked,192701,"KNML 5230",KANGIS,"YUSHAU ABDULLAHI YUSHAU"
153232,2,legitimate-linked,177505,COM-2023-34,1,"XU XIAOMING"
153232,2,legitimate-linked,177541,KN3978,KANGIS,"XU XIAOMING"
152638,2,legitimate-linked,176069,RES-1993-6569,2,"SHAMSU USMAN YUSUF"
152638,2,legitimate-linked,176087,KN4058,KANGIS,"SHAMSU USMAN YUSUF"
155272,2,legitimate-linked,179621,RES-1986-1199,1,"ALHAJI HAMZA BELLO"
155272,2,legitimate-linked,179635,"KNML 1845",KANGIS,"ALHAJI YAKUBU MOHAMMED NAKUDU"
178449,2,legitimate-optot,197131,RES-2015-5194,2,"NU'UMAN BARAU DANBATTA"
178449,2,legitimate-optot,197137,"KNML 8337",KANGIS,"NU'UMAN BARAU DANBATTA"
106633,2,legitimate-linked,175107,CON-COM-2023-160,3,"RUSBI AGRO CHEMICAL & ALLIED"
106633,2,legitimate-linked,175119,KN3170,KANGIS,"RUSBI AGRO CHEMICAL & ALLIED"
175593,2,legitimate-optot,194986,"KNML 3540",,"DR. ABUBAKAR DANJUMA SALISU"
175593,2,legitimate-optot,195156,RES-2015-1023,2,"DR ABUBAKAR D SALISU"
25337,2,collision,47279,CON-RES-2007-231,3,"ALHAJI NASIRU AHALI"
25337,2,collision,178212,"KNML 50",KANGIS,"IBRAHIM UMAR"
67309,2,legitimate-optot,185119,RES-RC-1985-32,1,"MOHAMMED KANTI MADOBI"
67309,2,legitimate-optot,185151,"KNML 1745",KANGIS,"MOHAMMED KANTI MADOBI"
48172,2,legitimate-linked,194833,RES-2001-3726,2,"AHMAD AMINU AHLI"
48172,2,legitimate-linked,194876,"KNML 1561",KANGIS,"AHMAD AMINU AHLI"
152107,2,legitimate-linked,175382,CON-RES-2022-153,3,"USMAN UMAR BAFFALO"
152107,2,legitimate-linked,175383,KN3575,KANGIS,"USMAN UMAR BAFFALO"
151574,2,legitimate-linked,174762,CON-RES-2024-1469,3,"DR. SULAIMAN MUDI HAMZA"
151574,2,legitimate-linked,174780,KN4569,KANGIS,"DR. SULAIMAN MUDI HAMZA"
17596,2,legitimate-linked,31399,CON-RES-1997-190,3,"BALA LAWAN LOKON MAKERA"
17596,2,legitimate-linked,186770,KN5093,KANGIS,"MURTALA ABDULLAHI JEGA"
17585,2,legitimate-linked,31388,CON-RES-1997-162,3,"ALHAJI HAMISU UMAR MAI UNGUWA"
17585,2,legitimate-linked,189283,KN4609,KANGIS,"MURTALA ABDULLAHI JEGA"
157889,2,legitimate-linked,181956,CON-COM-2010-95,3,"NIDI INDUSTRIES LIMITED"
157889,2,legitimate-linked,181970,KN4565,KANGIS,"NIDI INDUSTRIES LIMITED"
29103,2,legitimate-linked,176075,RES-1982-464,1,"UMARU MUSA ZANDAM"
29103,2,legitimate-linked,176082,"KNML 1235",KANGIS,"MUHAMMED LAWAL ABDULLAHI"
175750,2,legitimate-linked,195049,RES-2001-2567,2,"IBRAHIM SHARIFF K/NASSARAWA"
175750,2,legitimate-linked,195060,"KNML 1204",KANGIS,"ABDUL'AZIZ HABIB MAHMUD"
177188,2,legitimate-linked,196567,CON-AG-2020-44,3,"ABDULLAHI SANI MUAZU"
177188,2,legitimate-linked,196594,"MLKN 4442",KANGIS,"ABDULLAHI SANI MUAZU"
161738,2,legitimate-linked,185139,RES-2005-1397,2,"ABDURRAHMAN SHUAIBU"
161738,2,legitimate-linked,185142,"KNML 1502",KANGIS,"ABDURRAHMAN SHUAIBU"
154920,2,legitimate-linked,179267,COM-2025-65,1,"MUSA HARUNA TAHIR"
154920,2,legitimate-linked,179286,KN4120,KANGIS,"MUSA HARUNA TAHIR"
152550,2,legitimate-optot,175930,RES-2022-3951,2,"BELLO IBRAHIM GWANGWAZO"
152550,2,legitimate-optot,175946,KN3689,KANGIS,"BELLO IBRAHIM GWANGWAZO"
32884,2,legitimate-linked,182985,RES-1987-956,1,"BABA ADAMU IYAM"
32884,2,legitimate-linked,182989,"KNML 905",KANGIS,"BABA ADAMU IYAM"
24072,2,collision,47040,CON-RES-2000-2,3,"ALHAJI IBRHIM MOHAMMED"
24072,2,collision,47089,CON-RES-2000-163,3,"KABIRU M. RANGAZA"
178898,2,legitimate-linked,197519,CON-COM-2026-636,3,"NATA'ALA PROPERTIES & INVESTMENT LIMITED"
178898,2,legitimate-linked,197526,CON-RES-2026-3004,3,"NATA'ALA PROPERTIES & INVESTMENT LIMITED"
171649,2,legitimate-linked,192163,CON-COM-2011-58,3,"MU'AZU IBRAHIM YUSUF"
171649,2,legitimate-linked,192174,"MLKN 2777",KANGIS,"MU'AZU IBRAHIM YUSUF"
157813,2,legitimate-linked,181921,RES-2009-2145,2,"ALH AMINU GURJIYA"
157813,2,legitimate-linked,181922,"KNML 1997",KANGIS,"MUHAMMAD MUSA AUWAL"
157614,2,legitimate-linked,181749,CON-RES-2023-7125,3,"FAIZU MUHAMMAD GALADIMA"
157614,2,legitimate-linked,181766,KN5155,,"MURTALA ABDULLAHI JEGA"
49881,2,legitimate-linked,183212,RES-2003-2279,2,"USMAN UBA MUSA"
49881,2,legitimate-linked,183251,"KNML 5828",KANGIS,"USMAN UBA MUSA"
146375,2,legitimate-optot,169413,RES-2016-1445,2,"MURTALA SUFI"
146375,2,legitimate-optot,169414,KN4428,KANGIS,"MURTALA SUFI"
11076,2,collision,24780,CON-RES-1985-658,3,"ALHAJI AUDU FAGWALAWA"
11076,2,collision,195656,CON-RES-1982-1032,3,"ALH. SANI YA'U"
15540,2,collision,29338,CON-RES-1985-227,3,"ABUBAKAR UMARU"
15540,2,collision,185680,"KNML 1526",KANGIS,"MR JACOB EGBOLUCHI"
152867,2,legitimate-optot,176301,RES-2021-4548,2,"AHMED ABDULLAHI SIDI"
152867,2,legitimate-optot,176310,KN3963,KANGIS,"AHMED ABDULLAHI SIDI"
54493,2,legitimate-linked,195740,RES-2014-2700,2,"FATIMA MOHAMMED"
54493,2,legitimate-linked,195758,"KNML 9671",KANGIS,"FATIMA MOHAMMED"
148800,2,legitimate-optot,172241,RES-2023-6421,2,"SHARU USMAN HASSAN"
148800,2,legitimate-optot,172246,KN4237,KANGIS,"SHARU USMAN HASSAN"
6099,2,collision,19777,CON-RES-RC-1982-693,3,"ALHAJI SHEHU ALI"
6099,2,collision,171468,COM-RC-1982-356,1,"ALH. HAMZA ABDULLAHI UMAR"
153307,2,legitimate-linked,190269,KN5233,KANGIS,"MURTALA ABDULLAHI JEGA"
153307,2,legitimate-linked,177596,CON-RES-2023-7281,3,"FAIZU MUHAMMAD GALADIMA"
17538,2,legitimate-linked,188112,KN5156,KANGIS,"MURTALA ABDULLAHI JEGA"
17538,2,legitimate-linked,31341,CON-RES-1995-487,3,"BALA MUHAMMAD SHEHU"
162585,2,legitimate-linked,185806,COM-2018-274,1,"SHARADA FEDERAL HOUSING ESTATE RESIDENTS ASSOCIATION"
162585,2,legitimate-linked,185812,"MLKN 2102",KANGIS,"SHARADA FEDERAL HOUSING ESTATE RESIDENTS ASSOCIATION"
42125,2,legitimate-linked,185621,RES-1993-796,2,"SANUSI IBRAHIM"
42125,2,legitimate-linked,185623,"KNML 1512",KANGIS,"SANUSI IBRAHIM"
156056,2,legitimate-linked,180384,RES-2002-2372,2,"ALH AHMADU A BAYERO"
156056,2,legitimate-linked,180385,"KNML 1490",KANGIS,"HAJIYA MARIYA YAKUBU"
43965,2,legitimate-linked,192249,RES-1995-2835,2,"GR CAPT BABA ADAMU IYAM"
43965,2,legitimate-linked,192250,"KNML 906",KANGIS,"GR CAPT BABA ADAMU IYAM"
27204,2,legitimate-linked,177353,RES-1981-19,1,"AMIR S INT NIG LTD"
27204,2,legitimate-linked,177373,"KNML 9439",KANGIS,"AMIRS INTERNATIONAL NIG LTD"
5231,2,legitimate-linked,18907,CON-RES-RC-1982-634,3,"ALHAJI MOHAMMED HARUNA"
5231,2,legitimate-linked,191353,KN5053,KANGIS,"ABUBABAKAR BELLO ARABI"
19626,2,collision,177949,IND-RC-1990-2,1,"AFRICAN AFRO COMMODITIES LTD"
19626,2,collision,33431,CON-COM-1992-13,3,"SANI ADAMU GANO"
150920,2,legitimate-linked,174170,CON-COM-2025-133,3,"NDUBUSI JOHNSON AMUKAH"
150920,2,legitimate-linked,174186,KN5338,KANGIS,"NDUBUSI JOHNSON AMUKAH"
51829,2,legitimate-linked,176294,RES-2008-4403,2,"AMINU JAURO SULEIMAN"
51829,2,legitimate-linked,176295,"KNML 7995",KANGIS,"AMINU JAURO SULEIMAN"
12054,2,collision,25759,CON-RES-1983-821,3,"ALHAJI AMADU NA ALHAJI AUDU DANBATTA"
12054,2,collision,185585,CON-RES-1983-652,3,"ALHAHI MUHAMMAD KALOMA ALI"
8065,2,collision,182676,KN943,KANGIS,"S C E OIL LTD"
8065,2,collision,21759,RES-1992-4810,2,"SHARUBUTU SALIHU"
63313,2,legitimate-linked,194612,RES-2025-1680,2,"HALIMA MAHMOUD MUSA GASHASH"
63313,2,legitimate-linked,194617,KN4234,KANGIS,"HALIMA MAHMOUD MUSA GASHASH"
153838,2,legitimate-linked,186392,KN4532,KANGIS,"MURTALA ABDULLAHI JEGA"
153838,2,legitimate-linked,178162,CON-RES-2023-7208,3,"FAIZU MUHAMMAD GALADIMA"
175295,2,legitimate-linked,194783,RES-2016-3944,2,"ABDUL AHMED"
175295,2,legitimate-linked,194797,"KNML 5271",KANGIS,"IBRAHIM JIBRIL WUDIL"
57515,2,legitimate-linked,175048,RES-2017-1503,2,"NAMANU ADAMU"
57515,2,legitimate-linked,175069,KN3839,KANGIS,"NAMANU ADAMU"
17611,2,legitimate-linked,31414,CON-RES-1997-369,3,"ASTUTE PROPERTIES LIMITED"
17611,2,legitimate-linked,187831,KN4820,KANGIS,"MURTALA ABDULLAHI JEGA"
60057,2,legitimate-linked,171973,RES-2019-4318,2,"MOHAMMED KABIR ABDULLAHI"
60057,2,legitimate-linked,171988,KN4886,KANGIS,"MOHAMMED KABIRU ABDULLAHI"
164410,2,legitimate-optot,187279,RES-2014-413,2,"YAHAYA IDRIS"
164410,2,legitimate-optot,187281,"KNML 7780",KANGIS,"MAHBUB G. WAKILI"
1306,2,legitimate-linked,174765,COM-1993-167,1,"SA'AD SHITU SHARUBUTU"
1306,2,legitimate-linked,14967,CON-RES-1981-85,3,"ALHAJI DAN INU GARBA"
55594,2,legitimate-linked,175963,RES-2015-5031,2,"HAMZA SULE WURO"
55594,2,legitimate-linked,175988,"KNGP 137",KANGIS,"HAMZA SULE WURO BOKKI"
53478,2,legitimate-optot,177620,RES-2010-2873,2,"NAZIRU SADAUKI ABUBAKAR."
53478,2,legitimate-optot,177636,KN2612,KANGIS,"NAZIRU SADAUKI ABUBAKAR"
37718,2,legitimate-optot,194882,RES-1991-7336,1,"HAMZA UMAR KULO"
37718,2,legitimate-optot,194930,KN1614,KANGIS,"HAMZA UMAR KULO"
39850,2,legitimate-linked,197869,RES-1992-4893,2,"NASIDI ABUBAKAR MOHD"
39850,2,legitimate-linked,197901,"KNML 1441",KANGIS,"ALH NASIDI ABUBAKAR MUHAMMAD"
55333,2,legitimate-optot,195638,RES-2015-4310,2,"ABDULKAREEM SHEHU GEZAWA"
55333,2,legitimate-optot,195642,KN2374,KANGIS,"ABDULKAREEM SHEHU GEZAWA"
12070,2,collision,171435,RES-RC-1983-717,1,"ALHAJI LAWAL MUSA"
12070,2,collision,25775,CON-RES-1989-171,3,"ALH. ISA IDRIS S/GADON KAYA"
60436,2,legitimate-optot,194720,RES-2020-2041,2,"AHMAD ABUBAKAR GHALI"
60436,2,legitimate-optot,194722,KN4802,KANGIS,"AHMAD ABUBAKAR GHALI"
319,2,collision,13974,RES-1981-197,1,"ALH ADO CHIGARI"
319,2,collision,179437,CON-RES-2022-2096,3,"BIBA INTEGRATED REVELOTION FARM LTD."
163886,2,legitimate-linked,186821,CON-COM-2023-408,3,"EDEH OSMONO"
163886,2,legitimate-linked,186916,KN3996,KANGIS,"EDEH OSMOND"
156155,2,legitimate-linked,183390,SLTR-70536,,"MAHARAZI SALISU ABUBKAR"
156155,2,legitimate-linked,183394,KN5595,KANGIS,"MAHARAZU SALISU ABUBAKAR"
17601,2,legitimate-linked,31404,CON-RES-1997-196,3,"ALHAJI ISHAKA SULEIMAN"
17601,2,legitimate-linked,197056,KN4547,KANGIS,"MURTALA ABDULLAHI JEGA"
38208,2,legitimate-linked,171449,RES-1991-846,1,"SABIU ALI ISAKA"
38208,2,legitimate-linked,171455,KN4885,KANGIS,"SABIU ALI ISAKA"
11167,2,collision,24871,CON-RES-1986-399,3,"ALHAJI MUHAMMED GWANDU"
11167,2,collision,197035,CON-RES-1982-1226,3,"ABBAS MAJE ADANANU"
38067,2,legitimate-linked,181406,RES-1991-8168,1,"FATIMA MUKHTAR"
38067,2,legitimate-linked,181412,"KNML 1977",KANGIS,"FATIMA MUKHTAR"
178635,2,legitimate-linked,197276,CON-COM-2021-468,3,"GARZALI SANI ABDULLAH"
178635,2,legitimate-linked,197315,"MLKN 3502",KANGIS,"GARZALI SANI ABDULLAH"
155581,2,legitimate-linked,179901,RES-2002-4321,2,"ABDULLAHI B SHARADA/BABA ABDULLAHI & MALAM USMAN"
155581,2,legitimate-linked,179910,"KNML 1466",KANGIS,"ABDULLAHI B SHARADA/BABA ABDULLAHI & MALAM USMAN"
104610,2,legitimate-linked,170132,CON-AG-2021-156,3,"ALHAJI LAWAN ABDULRAHMAN"
104610,2,legitimate-linked,170141,KN3674,KANGIS,"ALHAJI LAWAN ABDULRAHMAN"
35685,2,legitimate-linked,187153,RES-1990-3037,1,"ALH MOHD MUSA SHEHI"
35685,2,legitimate-linked,187176,"KNML 273",KANGIS,"ALH MOHD MUSA SHEHI"
47490,2,legitimate-linked,181132,RES-2000-5018,2,"AMMARU KABIRU"
47490,2,legitimate-linked,181134,"KNML 1962",KANGIS,"AMMARU KABIRU"
29607,2,legitimate-linked,180102,RES-1983-124,1,"HAJIYA HAUWA BASHIR TOFA"
29607,2,legitimate-linked,180126,"KNML 1206",KANGIS,"HAJIYA HAUWA BASHIR TOFA"
49393,2,legitimate-linked,180056,RES-2002-6964,2,"ALHAJI LABARAN SHAMBA"
49393,2,legitimate-linked,180067,"KNML 1207",KANGIS,"ALHAJI LABARAN SHAMBA"
52500,2,legitimate-linked,195168,RES-2009-5316,2,"KASSIM YAKASAI MUHAMMAD"
52500,2,legitimate-linked,195190,"KNML 1103",KANGIS,"KASSIM YAKASAI MUHAMMAD"
65710,2,legitimate-linked,193853,RES-RC-1982-167,1,"ALH MOHAMMED GALI UMAR"
65710,2,legitimate-linked,193869,"KNML 525",KANGIS,"ALH MUHAMMAD GALI UMAR"
52689,2,legitimate-linked,169059,RES-2009-7096,2,"IBRAHIM SADIQ OTHMAN"
52689,2,legitimate-linked,169098,KN5019,KANGIS,"IBRAHIM SADIQ OTHMAN"
169225,2,legitimate-linked,191122,CON-RES-2017-342,3,"ALH. ALI YUSUF"
169225,2,legitimate-linked,191127,"KNML 5379",KANGIS,"ALH. ALI YUSUF"
45017,2,legitimate-linked,174384,RES-1996-819,2,"RUFAI SULE BICHI"
45017,2,legitimate-linked,174443,"KNML 7699",KANGIS,"RUFAI SULE BICHI"
46643,2,legitimate-linked,176086,RES-2000-1830,2,"LAWAN KOGUNA"
46643,2,legitimate-linked,176091,"KNML 1895",KANGIS,"MOHAMMED HASSAN KOGUNA"
8131,2,collision,173786,CON-COM-1990-75,3,"JAZZAF GLOBAL RESOUCES NIG LTD"
8131,2,collision,21827,RES-1992-5038,2,"RABIU A. UMAR"
145358,2,legitimate-linked,168285,CON-COM-2022-490,3,"MUSA ALHASSAN ABUBAKAR"
145358,2,legitimate-linked,168307,"MLKN 4279",KANGIS,"MUSA ALHASSAN ABUBAKAR"
157750,2,legitimate-linked,181874,RES-1991-891,1,"HASSAN MUHAMMAD"
157750,2,legitimate-linked,181889,"KNML 1706",KANGIS,"HASSAN MUHAMMAD"
17545,2,collision,31348,CON-RES-1995-556,3,"ALHAJI ASHIRU SALISU ABDULJALALI"
17545,2,collision,179986,KN5210,KANGIS,"MURTALA ABDULLAHI JEGA"
65334,2,legitimate-linked,178457,RES-RC-1982-1304,1,"COMBINED SERVICES CO NIG LTD"
65334,2,legitimate-linked,178469,"KNML 1775",KANGIS,"ISYAKA RABIU"
40358,2,legitimate-linked,196820,RES-1992-6496,2,"RUMBU INDUSTRIES LTD"
40358,2,legitimate-linked,196830,"KNML 9519",KANGIS,"RUMBU INDUSTRIES LTD"
46518,2,legitimate-linked,185535,RES-2000-1541,2,"ENGR. SALISU SULEIMAN AHMED"
46518,2,legitimate-linked,185564,"KNML 293",KANGIS,"ENGR. SALISU SULEIMAN AHMED"
24079,2,collision,47047,CON-RES-2001-117,3,"BILYAMINU ADAMU"
24079,2,collision,47096,CON-RES-2000-209,3,"ALIYU ABDULLAHI ABUBAKAR"
12696,2,legitimate-optot,192038,CON-RES-1986-74,3,"ALH. RABI'U ISYAKU"
12696,2,legitimate-optot,26402,RES-1982-1885,1,"ALHAJI SHARU SULEIMAN"
24568,2,legitimate-linked,183363,SLTR-218701,,"BAKUR MUHAMMAD GONI KASIM"
24568,2,legitimate-linked,183371,KN5591,KANGIS,"BAKUR MUHAMMAD GONI KASIM"
46390,2,legitimate-linked,187234,RES-2000-1110,2,"ENGE. SALISU SULAIMAN AHMED"
46390,2,legitimate-linked,187244,"KNML 292",KANGIS,"ENGE. SALISU SULAIMAN AHMED"
66083,2,legitimate-optot,196861,RES-RC-1982-336,1,"NU'UMAN BARAU DANBATTA"
66083,2,legitimate-optot,196886,"KNML 8672",KANGIS,"NU'UMAN BARAU DANBATTA"
11396,2,collision,47466,CON-RES-RC-1982-381,3,"ALHAJI HARUNA TAHIR"
11396,2,collision,25100,CON-RES-1984-276,3,"ALH SA'IDU ALI HAMID"
15093,2,collision,191784,CON-RES-2000-136,3,"ALH AUWALU ETHOKHANA"
15093,2,collision,28888,RES-1993-3146,2,"BASHIR MOHD"
147533,2,legitimate-linked,170726,RES-2008-354,2,"ALH MANSUR IDRIS"
147533,2,legitimate-linked,170731,KN4841,KANGIS,"ALH MANSUR IDRIS"
146282,2,legitimate-optot,169325,RES-2020-2393,2,"DR  JIBRILLA MUHAMMAD"
146282,2,legitimate-optot,169327,KN4760,KANGIS,"DR  JIBRILLA MUHAMMAD"
25077,2,legitimate-linked,180764,RES-RC-1981-114,1,"ABBA SALISU KURAWA"
25077,2,legitimate-linked,180858,"KNML 2220",KANGIS,"ABBA SALISU KURAWA"
24061,2,collision,47029,CON-RES-2000-206,3,"YAHUZA MUHAMMAD GAYA"
24061,2,collision,47078,CON-RES-1999-37,3,"ALH LAWAN S. GARO"
68233,2,legitimate-linked,182072,RES-2025-1965,2,"SULEIMAN BELLO ADAMU"
68233,2,legitimate-linked,182083,KN4658,KANGIS,"SULEIMAN BELLO ADAMU"
17576,2,collision,181697,KN4595,KANGIS,"MURTALA ABDULLAHI JEGA"
17576,2,collision,31379,CON-COM-1997-46,3,"BARKINDO ENTERPRISES OF NIGERIA"
50944,2,collision,173030,,2,"AHMED IBRAHIM YAHAYA"
50944,2,collision,173032,"KNML 6648",KANGIS,"AHMED IBRAHIM YAHAYA"
156130,2,legitimate-linked,183392,SLTR-217742,,"AQUARICH INTERGRATED LIMITED"
156130,2,legitimate-linked,183393,KN5594,KANGIS,"AQUARICH INTERGRATED LIMITED"
171693,2,legitimate-linked,192212,CON-RES-2023-7291,3,"FAIZU MUHAMMAD GALADIMA"
171693,2,legitimate-linked,192231,KN5168,KANGIS,"MURTALA ABDULLAHI JEGA"
53049,2,legitimate-optot,174455,RES-2010-116,2,"DR ILEBIE VALENTINE"
53049,2,legitimate-optot,174480,KN2859,KANGIS,"DR IHEBIE VALENTINE"
21517,2,legitimate-optot,35314,CON-RES-1982-1366,3,"ALHAJI SULE ISYAKU"
21517,2,legitimate-optot,179445,RES-RC-1982-993,1,"ALHAJI MUDI ATTAHIR"
27074,2,legitimate-linked,188227,RES-1981-1657,1,"SANI BELLO ABUBAKAR"
27074,2,legitimate-linked,188235,"KNML 2897",KANGIS,"SANI BELLO ABUBAKAR"
39665,2,legitimate-linked,185317,RES-1992-4177,2,"SUNUSI IBRAHIM"
39665,2,legitimate-linked,185324,"KNML 1505",KANGIS,"SUNUSI IBRAHIM"
40956,2,legitimate-linked,178662,RES-1992-983,2,"MUHAMMAD SALEH"
40956,2,legitimate-linked,178667,"KNML 1779",KANGIS,"MUHAMMAD SALEH"
17600,2,legitimate-linked,31403,CON-RES-1997-195,3,"HAJIYA ASABE YAU"
17600,2,legitimate-linked,186499,KN5094,KANGIS,"MURTALA ABDULLAHI JEGA"
115465,2,legitimate-linked,168454,RES-2023-6423,2,"KABIRU DAN ASABE"
115465,2,legitimate-linked,168490,KN3454,KANGIS,"KABIRU DAN ASABE"
160634,2,legitimate-linked,184098,SLTR-199760,SLTR,"HAFSA BALA SULE, MAIMUNA BALA SULE , HASSANA BALA SULE"
160634,2,legitimate-linked,184110,KN5596,KANGIS,"HAFSA BALA SULE, MAIMUNA BALA SULE , HASSANA BALA SULE"
65992,2,legitimate-optot,177542,RES-RC-1982-253,1,"ALH SHEHU NAKWARAI"
65992,2,legitimate-optot,177566,"KNML 3062",KANGIS,"SHEHU NAKWARAI"
4166,2,collision,17840,CON-RES-1993-428,3,"ALHAJI MUSA YARWA"
4166,2,collision,186679,COM-2015-576,1,"ABDULLAHI BALA"
145340,2,legitimate-linked,168262,CON-RES-2025-1403,3,"AMINU AHMAD DAWAKI"
145340,2,legitimate-linked,168277,KN5348,KANGIS,"AMINU AHMAD DAWAKI"
51589,2,legitimate-optot,189792,RES-2008-1573,2,"IBRAHIM USMAN AUYO"
51589,2,legitimate-optot,189798,"KNML 2422",KANGIS,"IBRAHIM USMAN AUYO"
57401,2,legitimate-linked,185194,RES-2016-840,2,"UMAR ADAMU BAPPAN"
57401,2,legitimate-linked,185213,"KNML 8795",KANGIS,"UMAR ADAMU BAPPAN"
154957,2,legitimate-linked,179306,RES-2014-2866,2,"FORTUNE INTERNATIONAL OIL LTD"
154957,2,legitimate-linked,179311,DCIV-2023-281,DCIV,"ADO DAHIRU"
66695,2,legitimate-linked,184669,RES-RC-1982-908,1,"ALPHA NOVA LIMITED"
66695,2,legitimate-linked,184688,"KNML 1736",KANGIS,"ALPHA NOVA LIMITED"
163278,2,legitimate-linked,186396,RES-1985-533,1,"MUHAMMED AMINU KANI"
163278,2,legitimate-linked,186417,"KNML 261",KANGIS,"MUHAMMED AMINU KANI"
149100,2,legitimate-linked,172482,CON-COM-2024-165,3,"D. S. H GLOBAL INVESTMENT LTD."
149100,2,legitimate-linked,172506,KN2262,KANGIS,"""D. S. H GLOBAL INVESTMENT LTD."""
66504,2,legitimate-linked,189851,RES-2015-1567,2,"SILVERWORLD INTERGRATED DEVELOPMENT COMPANY"
66504,2,legitimate-linked,189873,"KNML 3151",KANGIS,"SILVERWORLD INTERGRATED DEVELOPMENT COMPANY"
24044,2,collision,47011,CON-RES-1997-94,3,"ALHAJI IBRAHIM KANO"
24044,2,collision,47061,CON-RES-1999-190,3,"ISMAILA BELLO"
49601,2,legitimate-linked,175474,RES-2002-8085,2,"BASHIR SULEIMAN DAUDA"
49601,2,legitimate-linked,175520,KN5086,KANGIS,"BASHIR SULEIMAN DAUDA"
8506,2,collision,194167,CON-COM-2001-35,3,"AMKAR GENERAL GET MERCHANDISES  LTD"
8506,2,collision,22205,RES-1992-6148,2,"ALHAJI ISMA'ILA SULE GWARZO"
10067,2,collision,172927,KN5341,KANGIS,"ALKALI MUHAMMAD INUWA GAYAWA"
10067,2,collision,23769,CON-AG-1992-3,3,"ALHAJI DAUDA HUSAINI"
40627,2,legitimate-linked,172813,RES-1992-7062,2,"SALMANU ISYAKU KIRU"
40627,2,legitimate-linked,172822,"KNML 4549",KANGIS,"SALMANU ISYAKU KIRU"
149605,2,legitimate-linked,172895,CON-IND-2021-32,3,"AL-AMEER FOOD AND TOBACCO INDUSTRIAL LTD."
149605,2,legitimate-linked,172939,"MLKN 3385",KANGIS,"AL-AMEER FOOD AND TOBACCO INDUSTRIAL LTD."
