prop_id,files_sharing,verdict,file_indexing_id,file_number,registry,file_title
106219,27,legitimate-linked,192380,RES-2009-6201,2,"PROF. AUWALU H. YADUDU"
106219,27,legitimate-linked,194239,RES-2009-6169,2,"PROF. AUWALU HAMISU YADUDU"
106219,27,legitimate-linked,194244,RES-2009-6129,2,"PROF. AUWALU HAMISU YADUDU"
106219,27,legitimate-linked,194247,RES-2009-6128,2,"PROF. AUWALU HAMISU YADUDU"
106219,27,legitimate-linked,194254,RES-2009-6196,2,"PROF. AUWALU HAMISU YADUDU"
106219,27,legitimate-linked,194259,RES-2009-6195,2,"PROF. AUWALU HAMISU YADUDU"
106219,27,legitimate-linked,194262,RES-2009-6140,2,"PROF. AUWALU HAMISU YADUDU"
106219,27,legitimate-linked,194266,RES-2009-6139,2,"PROF. AUWALU HAMISU YADUDU"
106219,27,legitimate-linked,194295,RES-2009-6193,2,"PROF. AUWALU HAMISU YADUDU"
106219,27,legitimate-linked,194304,RES-2009-6156,2,"PROF. AUWALU HAMISU YADUDU"
106219,27,legitimate-linked,194310,RES-2009-6200,2,"PROF. AUWALU HAMISU YADUDU"
106219,27,legitimate-linked,194982,RES-2009-6206,2,"PROF. AUWALU HAMISU YADUDU"
106219,27,legitimate-linked,195591,RES-2009-6132,2,"PROF. AUWALU HAMISU YADUDU"
106219,27,legitimate-linked,195668,RES-2009-6188,2,"PROF AUWALU HAMISU YADUDU"
106219,27,legitimate-linked,195682,RES-2009-6143,2,"PR0F. AUWALU HAMISU YADUDU"
106219,27,legitimate-linked,195902,RES-2009-6141,2,"PROF. AUWALU HAMISU YADUDU"
106219,27,legitimate-linked,195905,RES-2009-6147,2,"PROF. AUWALU H. YADUDU"
106219,27,legitimate-linked,195915,RES-2009-6142,2,"PROF. AUWALU H. YADUDU"
106219,27,legitimate-linked,195575,RES-2009-6190,2,"PROF AUWALU HAMISU YADUDU"
106219,27,legitimate-linked,195579,RES-2009-6207,2,"PROF AUWALU HAMISU YADUDU"
106219,27,legitimate-linked,195580,RES-2009-6208,2,"PROF AUWALU HAMISU YADUDU"
106219,27,legitimate-linked,198726,RES-2009-6192,2,"PROF. AUWALU HAMISU YADUDU"
106219,27,legitimate-linked,196921,RES-2009-6168,2,"PROF AUWALU HAMISU YADUDUD"
106219,27,legitimate-linked,197187,RES-2009-6167,2,"PROF. AUWALU HAMISU YADUDU"
106219,27,legitimate-linked,197209,RES-2009-6165,2,"PROF. AUWALU HAMISU YADUDU"
106219,27,legitimate-linked,198593,RES-2009-6159,2,"PROF. AUWALU HAMISU YADUDU"
106219,27,legitimate-linked,198645,RES-2009-6161,2,"PROF. AUWALU HAMISU YADUDU"
7358,26,collision,175774,RES-2005-427,2,"ABUBAKAR G. MUSA & CO."
7358,26,collision,175777,RES-2005-426,2,"ABUBAKAR G. MUSA & CO."
7358,26,collision,175793,RES-2005-474,2,"ABUBAKAR G. MUSA & CO"
7358,26,collision,175807,RES-2005-464,2,"ABUBAKAR G. MUSA & CO"
7358,26,collision,175810,RES-2005-463,2,"ABUBAKAR G. MUSA & CO"
7358,26,collision,175817,RES-2005-462,2,"ABUBAKAR G. MUSA & CO"
7358,26,collision,175831,RES-2005-461,2,"ABUBAKAR G. MUSA & CO"
7358,26,collision,175838,RES-2005-460,2,"ABUBAKAR G. MUSA & CO"
7358,26,collision,175861,RES-2005-450,2,"ABUBAKAR G. MUSA & CO"
7358,26,collision,175977,RES-2005-454,2,"ABUBAKAR G. MUSA & CO."
7358,26,collision,175209,RES-2005-470,2,"ABUBAKAR G. MUSA & CO"
7358,26,collision,175219,RES-2005-428,2,"ABUBAKAR G. MUSA & CO"
7358,26,collision,175412,RES-2005-448,2,"ABUBAKAR G. MUSA & CO."
7358,26,collision,176274,RES-2005-451,2,"ABUBAKAR G. MUSA & C0"
7358,26,collision,174588,RES-2005-446,2,"ABUBAKAR G. MUSA & CO"
7358,26,collision,174592,RES-2005-447,2,"ABUBAKAR G. MUSA & CO."
7358,26,collision,174593,RES-2005-432,2,"ABUBAKAR G. MUSA & CO"
7358,26,collision,174598,RES-2005-431,2,"ABUBAKAR G. MUSA & CO"
7358,26,collision,174600,RES-2005-442,2,"ABUBAKAR G. MUSA & CO."
7358,26,collision,174601,RES-2005-444,2,"ABUBAKAR G. MUSA & CO"
7358,26,collision,174602,RES-2005-445,2,"ABUBAKAR G. MUSA & CO."
7358,26,collision,174606,RES-2005-440,2,"ABUBAKAR G. MUSA & CO"
7358,26,collision,174607,RES-2005-443,2,"ABUBAKAR G. MUSA & CO."
7358,26,collision,174614,RES-2005-435,2,"ABUBAKAR G. MUSA & CO."
7358,26,collision,174617,RES-2005-433,2,"ABUBAKAR G. MUSA & CO"
7358,26,collision,174619,RES-2005-434,2,"ABUBAKAR G. MUSA & CO"
10228,18,collision,175805,RES-2005-1733,2,"ALHAJI YAHAYA ZAKARI MUHAMMAD"
10228,18,collision,175819,RES-2005-1746,2,"ALHAJI YAHAYA ZAKARI MUHAMMAD"
10228,18,collision,175822,RES-2005-1751,2,"ALH YAHAYA ZAKARI MOHD"
10228,18,collision,175837,RES-2005-1749,2,"ALH YAHAYA ZAKARI MOHD"
10228,18,collision,175844,RES-2005-1725,2,"ALHAJI YAHAYA ZAKARI MUHAMMAD"
10228,18,collision,175855,RES-2005-1748,2,"ALH YAHAYA ZAKARI MOHD"
10228,18,collision,23930,CON-RES-1982-1200,3,"MUHAMMADU BELLO SALIHI"
10228,18,collision,176261,RES-2005-1735,2,"ALH. YAHAYA ZAKARI MOHD"
10228,18,collision,176265,RES-2005-1752,2,"ALHAJI YAHAYA ZAKARI MOHD"
10228,18,collision,176269,RES-2005-1726,2,"ALH. YAHAYA ZAKARI MOHD"
10228,18,collision,175344,RES-2005-1732,2,"ALH YAHAYA ZAKARI MOHD"
10228,18,collision,175359,RES-2005-1743,2,"ALH YAHAYA ZAKARI MOHD"
10228,18,collision,175404,RES-2005-1755,2,"ALH YAHAYA ZAKARI MOHD"
10228,18,collision,175415,RES-2005-1758,2,"ALH YAHAYA ZAKARI MOHD"
10228,18,collision,175430,RES-2005-1750,2,"ALH YAHAYA ZAKARI MUHD"
10228,18,collision,175537,RES-2005-1747,2,"ALH. YAHAYA ZAKARI MOHD"
10228,18,collision,174708,RES-2005-1756,2,"YAHAYA ZAKARI MOHD"
10228,18,collision,174720,RES-2005-1754,2,"ALH YAHAYA ZAKARI MOHD"
160531,15,collision,183989,CON-RES-2025-294,3,"DAN'UMMA WORLD WIDE BIZ VENTURES"
160531,15,collision,183998,CON-RES-2025-281,3,"DAN'UMMA WORLD WIDE BIZ VENTURES"
160531,15,collision,184004,CON-RES-2025-337,3,"DAN'UMMA WORLD WIDE BIZ VENTURES"
160531,15,collision,184014,CON-RES-2025-335,3,"DAN'UMMA WORLD WIDE BIZ VENTURES"
160531,15,collision,184024,CON-RES-2025-336,3,"DAN'UMMA WORLD WIDE BIZ VENTURES"
160531,15,collision,184059,CON-RES-2025-334,3,"DAN'UMMA WORLD WIDE BIZ VENTURES"
160531,15,collision,184067,CON-RES-2025-333,3,"DAN'UMMA WORLD WIDE BIZ VENTURES"
160531,15,collision,184077,CON-RES-2025-332,3,"DAN'UMMA WORLD WIDE BIZ VENTURES"
160531,15,collision,184109,CON-RES-2025-328,3,"DAN'UMMA WORLD WIDE BIZ VENTURES"
160531,15,collision,184125,CON-RES-2025-327,3,"DAN'UMMA WORLD WIDE BIZ VENTURES"
160531,15,collision,184139,CON-RES-2025-296,3,"DAN'UMMA WORLD WIDE BIZ VENTURES"
160531,15,collision,184178,CON-RES-2025-300,3,"DAN'UMMA WORLD WIDE BIZ VENTURES"
160531,15,collision,184190,CON-RES-2025-312,3,"DAN'UMMA WORLD WIDE BIZ VENTURES"
160531,15,collision,184245,CON-RES-2025-313,3,"DAN'UMMA WORLD WIDE BIZ VENTURES"
160531,15,collision,184278,CON-RES-2025-314,3,"DAN'UMMA WORLD WIDE BIZ VENTURES"
172830,12,legitimate-linked,193153,CON-RES-2022-683,3,"BASHIR MUSA ABDULLAHI"
172830,12,legitimate-linked,193158,CON-RES-2022-670,3,"BASHIR MUSA ABDULLAHI"
172830,12,legitimate-linked,193167,CON-RES-2022-669,3,"BASHIR MUSA ABDULLAHI"
172830,12,legitimate-linked,193171,CON-RES-2022-667,3,"BASHIR MUSA ABDULLAHI"
172830,12,legitimate-linked,193177,CON-RES-2022-666,3,"BASHIR MUSA ABDULLAHI"
172830,12,legitimate-linked,193182,CON-RES-2022-665,3,"BASHIR MUSA ABDULLAHI"
172830,12,legitimate-linked,193188,CON-RES-2022-664,3,"BASHIR MUSA ABDULLAHI"
172830,12,legitimate-linked,193192,CON-RES-2022-663,3,"BASHIR MUSA ABDULLAHI"
172830,12,legitimate-linked,193250,CON-RES-2022-682,3,"BASHIR MUSA ABDULLAHI"
172830,12,legitimate-linked,193257,RES-2022-661,2,"BASHIR MUSA ABDULLAHI"
172830,12,legitimate-linked,193265,CON-RES-2022-660,3,"BASHIR MUSA ABDULLAHI"
172830,12,legitimate-linked,193273,CON-RES-2022-659,3,"BASHIR MUSA ABDULLAHI"
7886,9,legitimate-linked,191351,RES-2008-1776,2,"ALHAJI TASIU MOHD"
7886,9,legitimate-linked,190165,RES-2008-1216,2,"MOHD BALA SOYE"
7886,9,legitimate-linked,190842,RES-2008-1781,2,"ALHAJI GARBA MOHAMMED"
7886,9,legitimate-linked,190848,RES-2008-1778,2,"ALHAJI ASHIRU MOHD"
7886,9,legitimate-linked,190854,RES-2008-1779,2,"ALHAJI SAMINU MEMAI"
7886,9,legitimate-linked,190861,RES-2008-1775,2,"ALHAJI ABDULLAHI MOHD"
7886,9,legitimate-linked,190927,RES-2008-1774,2,"ALHAJI RABIU MOHAMMED"
7886,9,legitimate-linked,190929,RES-2008-1773,2,"ALHAJI AMINU MUHD"
7886,9,legitimate-linked,190930,RES-2008-1777,2,"ALHAJI SABO MOHD"
54544,8,collision,182924,RES-2019-777,2,"M.H GANO ENP. & CONSTRUCTION COMPANY NIG. LTD."
54544,8,collision,183060,RES-2019-779,2,"M.H GANO ENP. & CONSTRUCTION COMPANY NIG. LTD."
54544,8,collision,183067,RES-2019-776,2,"M.H GANO ENP. & CONSTRUCTION COMPANY NIG. LTD."
54544,8,collision,183072,RES-2019-774,2,"M.H GANO ENP. & CONSTRUCTION COMPANY NIG. LTD."
54544,8,collision,183082,RES-2019-773,2,"M.H GANO ENP. & CONSTRUCTION COMPANY NIG. LTD."
54544,8,collision,183091,RES-2019-772,2,"M.H GANO ENP. & CONSTRUCTION COMPANY NIG. LTD."
54544,8,collision,183112,RES-2019-775,2,"M.H GANO ENP. & CONSTRUCTION COMPANY NIG. LTD."
54544,8,collision,182595,RES-2019-778,2,"M.H. GANO ENP. & CONSTRUCTION COMPANY NIG. LTD."
124599,7,legitimate-linked,187112,CON-AG-2010-165,3,"ALHAJI ABDU SHEHU"
124599,7,legitimate-linked,197161,CON-RES-2010-220,3,"AHMED MOHAMMED SABITU"
124599,7,legitimate-linked,197182,"KNML 4170",KANGIS,"AHMED MOHAMMED SABITU"
124599,7,legitimate-linked,197207,CON-RES-2010-221,3,"AHMED MOHAMMED SABITU"
124599,7,legitimate-linked,197213,"KNML 4169",KANGIS,"AHMED MOHAMMED SABITU"
124599,7,legitimate-linked,197306,CON-RES-2010-223,3,"AHMED MOHAMMED SABITU"
124599,7,legitimate-linked,197309,"KNML 4168",KANGIS,"AHMED MOHAMMED SABITU"
7088,7,legitimate-optot,21516,CON-AG-1983-172,3,"SAIDU DATTIJO ADHAMA"
7088,7,legitimate-optot,186120,CON-RES-1999-145,3,"ALH. SA'IDU D. ADHAMA"
7088,7,legitimate-optot,186142,CON-RES-1999-144,3,"ALH. SA'IDU D. ADHAMA"
7088,7,legitimate-optot,186174,CON-RES-1999-143,3,"ALH. SA'IDU D. ADHAMA"
7088,7,legitimate-optot,186191,CON-RES-1999-146,3,"ALH. SA'IDU D. ADHAMA"
7088,7,legitimate-optot,186223,CON-RES-1999-147,3,"ALH. SA'IDU D. ADHAMA"
7088,7,legitimate-optot,20774,RES-1982-1866,1,"DR DAVID OLANIYI OYEDERE"
2735,7,legitimate-linked,180189,COM-2024-708,1,"KHALID SANI KABARA"
2735,7,legitimate-linked,180193,COM-2024-709,1,"KHALID SANI KABARA"
2735,7,legitimate-linked,180196,COM-2024-710,1,"KHALID SANI KABARA"
2735,7,legitimate-linked,180211,COM-2024-711,1,"KHALID SANI KABARA"
2735,7,legitimate-linked,180222,COM-2024-712,1,"KHALID SANI KABARA"
2735,7,legitimate-linked,180244,COM-2004-24,1,"KHALID SANI KABARA"
2735,7,legitimate-linked,16405,RES-1992-2284,2,"SANUSU AHMED"
10169,6,legitimate-linked,23871,CON-RES-1983-292,3,"ALHAJI MA'AZU NADANGI CHIKAWA"
10169,6,legitimate-linked,182288,CON-COM-2026-15,3,"OSUNAGRI COMMODITIES AND EXPORT LTD"
10169,6,legitimate-linked,193391,CON-COM-2021-263,3,"ALH. BUKAR MAKODA"
10169,6,legitimate-linked,193395,CON-COM-2021-266,3,"ALH. BUKAR MAKODA"
10169,6,legitimate-linked,193402,CON-COM-2021-264,3,"ALH. BUKAR MAKODA"
10169,6,legitimate-linked,196261,CON-COM-2021-265,3,"ALH BUKAR MAKODA"
18875,6,legitimate-linked,192420,RES-2009-4343,2,"MODERN PROGRESSIVE FOODS LIMITED"
18875,6,legitimate-linked,192435,RES-2009-4342,2,"MODERN PROGRESSIVE FOODS LIMITED"
18875,6,legitimate-linked,192445,RES-2009-4304,2,"MODERN PROGRESSIVE FOODS LIMITED"
18875,6,legitimate-linked,192459,RES-2009-4358,2,"MODERN PROGRESSIVE FOODS LIMITED"
18875,6,legitimate-linked,192473,RES-2009-4346,2,"MODERN PROGRESSIVE FOODS LIMITED"
18875,6,legitimate-linked,195590,RES-2009-4305,2,"MODERN PROGRESSIVE FOOD LIMITED"
16694,5,legitimate-linked,30494,CON-AG-1987-68,3,"ALHAJI MASA'ABU MOHAMMED"
16694,5,legitimate-linked,176304,CON-RES-2019-844,3,"ANAYO OKONKWO"
16694,5,legitimate-linked,176306,"KNML 8718_1_1",KANGIS,"ANAYO OKONKWO"
16694,5,legitimate-linked,186335,"KNML 8718_1_2",KANGIS,"ANAYO OKONKWO"
16694,5,legitimate-linked,178695,"KNML 8718_2",KANGIS,"ANAYO OKONKWO"
25566,5,legitimate-linked,198664,RES-2011-1737,2,"SAAD SHITU SHARUBUTU"
25566,5,legitimate-linked,198720,RES-2011-1732,2,"SAAD SHITU SHARUBUTU"
25566,5,legitimate-linked,198747,"MLKN 1164",KANGIS,"SAAD SHITU SHARUBUTU"
25566,5,legitimate-linked,198594,COM-2016-19,1,"SAAD SHITU SHARUBUTU"
25566,5,legitimate-linked,198621,RES-2011-1733,2,"SAAD SHITU SHARUBUTU"
17573,5,collision,182698,KN4592_3,KANGIS,"MURTALA ABDULLAHI JEGA"
17573,5,collision,184619,KN4592_5,KANGIS,"MURTALA ABDULLAHI JEGA"
17573,5,collision,185487,KN4592_6,KANGIS,"MURTALA ABDULLAHI JEGA"
17573,5,collision,180400,KN4592_1,KANGIS,"MURTALA ABDULLAHI JEGA"
17573,5,collision,180402,KN4592_2,KANGIS,"MURTALA ABDULLAHI JEGA"
18799,5,legitimate-linked,32604,CON-RES-1985-262,3,"MALAMA FATIMA MOHAMMED BELLO"
18799,5,legitimate-linked,175218,IND-1982-75,1,"GONGONI COMPANY LIMITED"
18799,5,legitimate-linked,175298,"MLKN 158",KANGIS,"GONGONI COMPANY LIMITED"
18799,5,legitimate-linked,175330,IND-2020-20,1,"GONGONI COMPANY LIMITED"
18799,5,legitimate-linked,175369,"MLKN 3266",KANGIS,"GONGONI COMPANY LIMITED"
19547,5,legitimate-linked,175335,IND-2021-11,1,"INTERTEX LIMITED"
19547,5,legitimate-linked,175374,IND-RC-1982-89,1,"INTERTEX LIMITED"
19547,5,legitimate-linked,175423,"MLKN 2858",KANGIS,"INTERTEX LIMITED"
19547,5,legitimate-linked,175438,"MLKN 3366",KANGIS,"INTERTEX LIMITED"
19547,5,legitimate-linked,33352,CON-COM-1990-69,3,"LAWAL ABDULAZEEZ"
238,4,legitimate-linked,13893,CON-COM-1982-289,3,"ALH. KABIRU SANI YAKASAI"
238,4,legitimate-linked,187385,CON-COM-2016-342,3,"ISHAQ MUSA"
238,4,legitimate-linked,187411,AG-RC-1982-5,1,"ALH. SHEHU SHA'AIBU"
238,4,legitimate-linked,187419,"MLKN 1745",KANGIS,"ISHAQ MUSA"
39893,4,legitimate-linked,21834,RES-1992-5058,2,"ALHAJI UMARU ABDULLAHI"
39893,4,legitimate-linked,194642,RES-2009-8176,2,"ALHAJI UMARU ABDULLAHI"
39893,4,legitimate-linked,194655,RES-2009-8177,2,"ALHAJI UMARU ABDULLAHI"
39893,4,legitimate-linked,194671,RES-2009-8178,2,"ALHAJI UMARU ABDULLAHI"
9945,4,legitimate-linked,182323,"MLKN 3337",KANGIS,"OSUN AGRI COMMODITIES AND EXPORT LTD"
9945,4,legitimate-linked,182337,CON-COM-2026-16,3,"OSUNAGRI COMMODITIES AND EXPORT LTD"
9945,4,legitimate-linked,23647,CON-AG-1999-27,3,"IBRAHIM ABUBAKAR KARAYE"
9945,4,legitimate-linked,198399,CON-COM-2021-268,3,"OSUN AGRIC COMMODITIES & EXPORT LIMITED"
19102,4,legitimate-linked,32907,CON-COM-2003-95,3,"ABDULLAHI AHMAD"
19102,4,legitimate-linked,175414,IND-2023-354,1,"PETRIOCHOR INDUSTRIES LIMITED"
19102,4,legitimate-linked,175424,"MLKN 421",KANGIS,"PETRIOCHOR INDUSTRIES LIMITED"
19102,4,legitimate-linked,196222,IND-2009-6,1,"PETRIOCHOR INDUSTRIES LIMITED"
118402,4,legitimate-linked,194204,CON-RES-2012-42,3,"ALHAJI AMINU BALA SALISU"
118402,4,legitimate-linked,194221,"KNML 738",KANGIS,"ALHAJI AMINU BALA SALISU"
118402,4,legitimate-linked,194230,RES-2025-43,2,"ALHAJI AMINU BALA SALISU"
118402,4,legitimate-linked,194238,RES-2025-44,2,"ALHAJI AMINU BALA SALISU"
9944,4,legitimate-linked,23646,AG-RC-1981-72,1,"ALHAJI SANUSI DANTATA"
9944,4,legitimate-linked,182480,"MLKN 3338",KANGIS,"OSUN AGRI COMMODITIES AND EXPORT LTD"
9944,4,legitimate-linked,182490,CON-COM-2026-17,3,"OSUNAGRI COMMODITIES AND EXPORT LTD"
9944,4,legitimate-linked,198388,CON-COM-2021-267,3,"OSUN AGRIC COMMODITIES & EXPORT LIMITED"
18830,4,legitimate-linked,32635,CON-RES-1985-675,3,"SULEMAN B. MUHAMMAD"
18830,4,legitimate-linked,198648,IND-1997-3,1,"GONGONI COMPANY LIMITED"
18830,4,legitimate-linked,198661,"MLKN 163",KANGIS,"GONGONI COMPANY LIMITED"
18830,4,legitimate-linked,198613,IND-1984-1,1,"SAHARA FLOUR MILLS NIG LTD"
7286,4,legitimate-linked,194144,CON-COM-2015-108,3,"SALNUHA INVESTMENT LTD"
7286,4,legitimate-linked,194165,CON-AG-1988-103,3,"SALNUHA INVESTMENT LTD"
7286,4,legitimate-linked,194176,"MLKN 2610",KANGIS,"SALNUHA INVESTMENT LTD"
7286,4,legitimate-linked,20973,RES-1992-3458,2,"LAWAN BELLO"
9298,4,legitimate-linked,182029,CON-COM-2011-108,3,"DAWANAU AGRO COMMODITIES LTD"
9298,4,legitimate-linked,182044,CON-IND-2025-252,3,"DAWANAU AGRO COMMODITIES LTD"
9298,4,legitimate-linked,182047,KN4476,KANGIS,"DAWANAU AGRO COMMODITIES LTD"
9298,4,legitimate-linked,22999,CON-RES-1984-215,3,"MADAM MAGRET ADUKI TINDE"
7747,4,legitimate-linked,21438,RES-1992-4505,2,"INUWA IBRAHIM GAYA"
7747,4,legitimate-linked,172333,CON-COM-1982-166,3,"CHALLAWA OIL & GAS LTD"
7747,4,legitimate-linked,172383,CON-COM-2014-83,3,"CHALLAWA OIL AND GAS LIMITED"
7747,4,legitimate-linked,172415,"MLKN 447",KANGIS,"CHALLAWA OIL AND GAS LIMITED"
14094,4,legitimate-linked,27881,RES-1993-702,2,"HAJIYA NANA SANI BABURA"
14094,4,legitimate-linked,198179,CON-RES-1992-492,3,"ABDU MALAM BABA"
14094,4,legitimate-linked,198268,RES-2022-801,2,"ABDU MALAM BABA"
14094,4,legitimate-linked,198280,"KNML 8832",KANGIS,"ABDU MALAM BABA"
4728,4,legitimate-linked,187851,COM-2019-64,1,"AL-HALAL TRAVEL & TOURS LIMITED"
4728,4,legitimate-linked,187873,RES-2001-2518,2,"GAMBO ABDULLAHI HASSAN"
4728,4,legitimate-linked,187890,"MLKN 2760",KANGIS,"AL-HALAL TRAVEL & TOURS LIMITED"
4728,4,legitimate-linked,18403,RES-1992-5474,2,"ALHAJI SHEHU ADAMU"
18747,4,legitimate-linked,181377,"MLKN 422",KANGIS,"PETRICHOR INDS. LTD"
18747,4,legitimate-linked,32552,CON-IND-1982-4,3,"MERSSRS FAHA ENTERPRISES NIGERIA LIMITED"
18747,4,legitimate-linked,181368,IND-2023-351,1,"PETRICHOR INDS. LTD"
18747,4,legitimate-linked,196221,IND-1982-22,1,"PETRICHOR INDS. LTD"
178715,4,legitimate-linked,197367,CON-RES-2012-95,3,"NU'UMAN BARAU DANBATTA"
178715,4,legitimate-linked,197381,CON-RES-2009-1082,3,"NU'UMAN BARAU DANBATTA"
178715,4,legitimate-linked,197389,"KNML 2111",KANGIS,"NU'UMAN BARAU DANBATTA"
178715,4,legitimate-linked,197346,CON-RES-2014-180,3,"NU'UMAN BARAU DANBATTA"
66958,4,legitimate-linked,180842,RES-2021-203,2,"MUSBAHU M BASHIR"
66958,4,legitimate-linked,180897,RES-RC-1983-37,1,"ALHAJI M.M. BASHIR"
66958,4,legitimate-linked,180932,RES-2021-1203,2,"MUSBAHU M BASHIR"
66958,4,legitimate-linked,180945,"KNML 7950",KANGIS,"MUSBAHU M BASHIR"
17541,4,legitimate-linked,31344,CON-RES-1995-551,3,"ABDULLAHI L. SAID"
17541,4,legitimate-linked,189764,KN5151,,"MURTALA ABDULLAHI JEGA"
17541,4,legitimate-linked,189766,"KNML 1730",,"RASHID JAFFAR"
17541,4,legitimate-linked,189778,"KNML 2657",,"YAHUZA SUYA SPOT"
18760,4,legitimate-optot,32565,CON-COM-RC-1982-33,3,"GERAWA GLOBAL ENGINEERING LIMITED"
18760,4,legitimate-optot,195161,IND-2020-15,1,"W.J BUSH AND CO. NIGERIA LIMITED"
18760,4,legitimate-optot,195171,"MLKN 120",KANGIS,"W.J BUSH AND CO. NIGERIA LIMITED"
18760,4,legitimate-optot,196220,IND-1982-34,1,"W.J BUSH AND CO. NIGERIA LIMITED"
9118,4,legitimate-linked,174528,CON-COM-2025-458,3,"AL-MADINA INTERGRATED FARM LTD"
9118,4,legitimate-linked,174539,CON-COM-2009-411,3,"AL-MADINA INTERGRATED FARM LTD"
9118,4,legitimate-linked,174547,CON-AG-2021-178,3,"AL-MADINA INTERGRATED FARM  LIMITED"
9118,4,legitimate-linked,174550,KN3787,KANGIS,"AL-MADINA INTERGRATED FARM  LIMITED"
247,4,legitimate-linked,181687,CON-RES-2023-7598,3,"ALHAJI AMADU KWANDASTA"
247,4,legitimate-linked,181715,CON-RES-2022-5572,3,"ALHAJI AMADU KWANDASTA"
247,4,legitimate-linked,193131,CON-RES-2023-7596,3,"ALHAJI AMADU KWANDASTA"
247,4,legitimate-linked,13902,CON-COM-1982-202,3,"SANI MUHAMMAD MA'AJI"
57615,4,legitimate-linked,168857,"MLKN 3623",KANGIS,"MARYAM ABACHA AMERICAN UNIVERSITY OF NIGERIA"
57615,4,legitimate-linked,168334,COM-2022-323,1,"MARYAM ABACHA AMERICAN UNIVERSITY OF NIGERIA"
57615,4,legitimate-linked,168356,RES-2017-65,2,"MARYAM ABACHA AMERICAN UNIVERSITY OF NIGERIA"
57615,4,legitimate-linked,168376,"KNGP 267",KANGIS,"MARYAM ABACHA AMERICAN UNIVERSITY OF NIGERIA"
66113,4,legitimate-linked,171914,RES-2021-2520,2,"USMAN USMAN DANTATA"
66113,4,legitimate-linked,171925,KN5517,KANGIS,"USMAN USMAN DANTATA"
66113,4,legitimate-linked,171458,RES-2021-2519,2,"USMAN USMAN DANTATA"
66113,4,legitimate-linked,171472,KN5516,KANGIS,"USMAN USMAN DANTATA"
9720,4,legitimate-linked,193222,CON-COM-2017-182,3,"DAWOOD STEEL CONSTRUCTION CO"
9720,4,legitimate-linked,193255,CON-COM-1987-65,3,"DAWOOD STEEL CONSTRUCTION"
9720,4,legitimate-linked,193279,"MLKN 3234",KANGIS,"AUDU MANAGER & SONS NIG LTD"
9720,4,legitimate-linked,23422,CON-RES-1984-550,3,"UMARU KOKI"
10621,4,legitimate-linked,24324,CON-RES-1988-16,3,"DANJUMA AMINA"
10621,4,legitimate-linked,184205,CON-IND-2025-281,3,"LIGHT CONE NIGERIA COMPANY LTD"
10621,4,legitimate-linked,184403,CON-AG-2022-31,3,"MUSSAFI NIG LTD."
10621,4,legitimate-linked,184443,KN4673,KANGIS,"LIGHT CONE NIGERIA COMPANY LTD."
1445,4,collision,179601,RES-2006-1116,2,"USAMA MUHAMMAD AHMAD"
1445,4,collision,179609,RES-2006-1115,2,"USAMA MUHAMMAD AHMAD"
1445,4,collision,179282,RES-2006-1120,2,"USAMA MUHAMMED AHMAD"
1445,4,collision,179839,RES-2006-1107,2,"USAMA MUHAMMAD AHMAD"
649,3,legitimate-linked,14308,RES-1981-333,1,"MUHAMMED LAMIDO"
649,3,legitimate-linked,174431,COM-1983-424,1,"RICHARD ABDULMASIH & CARLOS ABDULMASIH"
649,3,legitimate-linked,174488,"MLKN 2603",KANGIS,"RICHARD ABDULMASIH & CARLOS ABDULMASIH"
7515,3,legitimate-linked,21206,RES-1992-4258,2,"ALH ALIKO INUWA"
7515,3,legitimate-linked,169972,CON-AG-2011-66,3,"ALH IBRAHIM YUSUF DINGIM"
7515,3,legitimate-linked,169995,KN4472,KANGIS,"ALH IBRAHIM YUSUF DINGIM"
6104,3,legitimate-linked,172504,CON-COM-2016-173,3,"DANTATA&SAWOE CONSTRUCTION COMPANY NIG LTD"
6104,3,legitimate-linked,172523,"MLKN 1582",KANGIS,"DANTTA & SAWOE CONSTRUCION COMPANY"
6104,3,legitimate-linked,19782,CON-RES-RC-1982-648,3,"ALHAJI ABDULKADIR BELLO"
142297,3,legitimate-linked,191266,"MLKN 3841",KANGIS,"HASSAN ILIYASU"
142297,3,legitimate-linked,195953,COM-2024-51,1,"NAMADI INUWA"
142297,3,legitimate-linked,195955,KN1772,KANGIS,"NAMADI INUWA"
1233,3,legitimate-optot,14894,RES-1992-932,2,"MAHMUDA SALISU HAIBA"
1233,3,legitimate-optot,196616,COM-1992-291,1,"SAAD SHITU SHARUBUTU"
1233,3,legitimate-optot,196681,"MLKN 251",KANGIS,"SAAD SHITU SHARUBUTU"
14189,3,legitimate-linked,183231,CON-RES-1993-150,3,"DALHATU ABUBAKAR ISAH"
14189,3,legitimate-linked,183242,"KNML 1928",KANGIS,"DALHATU ABUBAKAR ISAH"
14189,3,legitimate-linked,27976,RES-1993-1457,2,"ALHAJI SAMMANI IBRAHIM"
11818,3,legitimate-linked,25522,CON-RES-1999-314,3,"MRS AISHATU ADO GARBA"
11818,3,legitimate-linked,184526,CON-RES-1982-947,3,"ALHAJI ISYAKU UMAR"
11818,3,legitimate-linked,184541,"KNML 1742",KANGIS,"ISYAKU UMAR TOFA"
25443,3,legitimate-linked,47385,CON-RES-2008-1172,3,"ALHAJI BALA YARO INUWA"
25443,3,legitimate-linked,182562,RES-2003-1509,2,"AHMAD YUSUF TAURA"
25443,3,legitimate-linked,182581,"KNML 910",KANGIS,"NPF PENSIONS LIMITED"
45177,3,legitimate-optot,191541,RES-1997-1164,2,"ALH ABUBAKAR I SADAUKI"
45177,3,legitimate-optot,191587,"KNML 2467_1",KANGIS,"ALBASU BASHIR"
45177,3,legitimate-optot,191588,"KNML 2467_2",KANGIS,"ALBASU BASHIR"
15572,3,legitimate-linked,179025,CON-RES-2005-255,3,"SUNNY OHILEBO EVBOGAME"
15572,3,legitimate-linked,179031,"KNML 1768",KANGIS,"SUNNY OHILEBO EVBOGAME"
15572,3,legitimate-linked,29370,CON-RES-1987-814,3,"KABIRU ABUBAKAR"
13847,3,legitimate-linked,193017,"KNML 941",KANGIS,"ALHAJI AHMED ABUBAKAR NAKURA"
13847,3,legitimate-linked,27625,RES-1991-704,1,"KEN GREY"
13847,3,legitimate-linked,19090,CON-RES-1991-177,3,"ALHAJI IBRAHIM ISA"
13748,3,legitimate-linked,27525,RES-1991-590,1,"UMAR ABDU MARIRI"
13748,3,legitimate-linked,188039,CON-RES-1990-297,3,"YUSUF ABDULMUMIN"
13748,3,legitimate-linked,188283,"KNML 8141",KANGIS,"YUSUF ABDULMUMIN"
19430,3,legitimate-optot,172916,IND-RC-1982-17,1,"ANGEL SPINING & DYEING LIMITED"
19430,3,legitimate-optot,173011,"MLKN 558",KANGIS,"ANGEL SPINNING & DYEING LIMITED"
19430,3,legitimate-optot,33235,CON-RES-1994-485,3,"ALH SANI USMAN"
9813,3,legitimate-linked,186674,CON-COM-2018-45,3,"ALH GARBA MAMUDA"
9813,3,legitimate-linked,186686,"MLKN 1852",KANGIS,"ALH GARBA MAMUDA"
9813,3,legitimate-linked,23515,CON-RES-1981-462,3,"ALHAJI NUHU ALI"
12321,3,legitimate-linked,31902,CON-RES-1984-709,3,"ALHAJI  LAWAN D/ZUNGURA"
12321,3,legitimate-linked,26026,CON-AG-1982-280,3,"ALHAJI MUSA DANKOLI"
12321,3,legitimate-linked,173433,KN2899,KANGIS,"MUHAMMAD ADO"
56460,3,legitimate-linked,168673,RES-2016-1790,2,"NASIDI A G/DUTSE"
56460,3,legitimate-linked,168710,COM-2020-17,1,"ALH NASIDI ABUBAKAR"
56460,3,legitimate-linked,168730,"MLKN 2783",KANGIS,"ALH NASIDI ABUBAKAR"
16423,3,legitimate-linked,30222,CON-RES-1993-20,3,"ALHAJI IBRAHIM HARUNA"
16423,3,legitimate-linked,187166,CON-RES-2010-91,3,"ABDU SHEHU"
16423,3,legitimate-linked,187167,"KNML 2851",KANGIS,"MR GALLET STEPHANE"
18489,3,legitimate-linked,193044,CON-RES-2004-357,3,"YAR-MUTAN NIGERIA LIMITED"
18489,3,legitimate-linked,193051,"KNML 8422",KANGIS,"YAR-MUTAN NIGERIA LIMITED"
18489,3,legitimate-linked,32294,CON-RES-1987-227,3,"ALHAJI LAWAN GASHUA"
44954,3,legitimate-optot,192622,RES-1996-706,2,"SHEHU LIMAN WAN"
44954,3,legitimate-optot,192635,"KNML 3012_1",KANGIS,"SHEHU LIMAN WAN"
44954,3,legitimate-optot,192638,"KNML 3012_2",KANGIS,"SHEHU LIMAN WAN"
9554,3,legitimate-linked,197379,CON-COM-2014-123,3,"ALMUSUL & SONS NIG LIMITED"
9554,3,legitimate-linked,197383,"MLKN 799_2",KANGIS,"DANSI ENERGY SERVICES LTD"
9554,3,legitimate-linked,23256,RES-1992-7108,2,"UMARU DAN DAUDA"
13874,3,legitimate-linked,36425,CON-RES-1991-290,3,"ALHAJI UBA GWANDU"
13874,3,legitimate-linked,27652,RES-1991-741,1,"HAJIYA AMINA IBRAHIM"
13874,3,legitimate-linked,177629,"KNML 33",KANGIS,"ALHAJI UBA GWANDU"
171087,3,legitimate-linked,191793,KN4601,,"MURTALA ABADULLAHI JEGA"
171087,3,legitimate-linked,191794,KN2803,,"ABBA MAMMAN TOR HABIB"
171087,3,legitimate-linked,194579,CON-RES-2023-7176,3,"FAIZU MUHAMMAD GALADIMA"
14570,3,legitimate-linked,183269,CON-RES-1995-190,3,"DALHATU ABUBAKAR ISAH"
14570,3,legitimate-linked,183271,"KNML 1927",KANGIS,"DALHATU ABUBAKAR ISAH"
14570,3,legitimate-linked,28357,RES-1992-7361,2,"UMARU ALI"
58132,3,legitimate-linked,191995,RES-2018-2819,2,"ALHAJI YUSUF KJ NJIE"
58132,3,legitimate-linked,192007,"KNML 5862",KANGIS,"ALHAJI YUSUF KJ NJIE"
58132,3,legitimate-linked,196225,RES-RC-1987-34,1,"ALHAJI YUSUF KJ NJIE"
11982,3,legitimate-linked,25687,CON-RES-RC-1982-167,3,"ALHAJI SAFIYANU MADUGU"
11982,3,legitimate-linked,174322,CON-RES-1983-432,3,"MISBAHU ZUBAIR MAHMUD."
11982,3,legitimate-linked,174362,"KNML 443",KANGIS,"MISBAHU Z. MAHMUD."
7391,3,legitimate-linked,172201,CON-AG-1995-100,3,"NASIRU ABDULLAHI AHMAD"
7391,3,legitimate-linked,172218,"MLKN 4224",KANGIS,"NASIRU ABDULLAHI AHMAD"
7391,3,legitimate-linked,21081,CON-RES-1995-412,3,"BELLO MUKHTAR"
13017,3,legitimate-linked,26789,RES-1991-103,1,"MUSBAHU Z. MAHMOUD"
13017,3,legitimate-linked,187197,CON-RES-1987-338,3,"ALH DANLAMI AUDU ZANGO"
13017,3,legitimate-linked,187208,"KNML 291",KANGIS,"ALH DANLAMI AUDU ZANGO"
13272,3,legitimate-linked,27045,RES-1982-2239,1,"UMAR SHEHU MINJIBAR"
13272,3,legitimate-linked,191804,CON-RES-1987-934,3,"ALH. SHEHU NA KWARAI"
13272,3,legitimate-linked,191883,"KNML 3063",KANGIS,"ALHAJI SHEHU NA KWARAI"
18835,3,legitimate-linked,32640,CON-RES-1997-363,3,"ALHAJI GARBA YUSUF ABDULMUMINI"
18835,3,legitimate-linked,172087,IND-1984-8,1,"MAMUDA FOODS NIG LTD."
18835,3,legitimate-linked,172135,KN3967,KANGIS,"MAMUDA FOOD NIG. LTD"
12340,3,legitimate-optot,26045,CON-RES-1982-531,3,"DANGI PHARMACY & GENERAL ENTERPRISES LTD"
12340,3,legitimate-optot,180473,CON-RES-1985-11,3,"YUSUF AHMAD TIJJANI"
12340,3,legitimate-optot,180474,"KNML 1126",KANGIS,"YUSUF AHMAD TIJJANI"
12532,3,legitimate-linked,26238,CON-AG-1984-47,3,"ISA ADEJO"
12532,3,legitimate-linked,186732,CON-RES-1985-65,3,"ALHAHI AUWALU SHARIF BALA"
12532,3,legitimate-linked,186744,"KNML 267",KANGIS,"ALHAHI AUWALU SHARIF BALA"
18197,3,legitimate-linked,184570,CON-RES-RC-1982-472,3,"ALHAJI ISYAKU UMAR"
18197,3,legitimate-linked,184592,"KNML 1737",KANGIS,"ISYAKU UMAR TOFA"
18197,3,legitimate-linked,32001,CON-RES-1983-614,3,"MR OLUMUYIWA OPE"
4240,3,legitimate-linked,17915,RES-1992-3851,2,"ALHAJI GARBA A. INUWA"
4240,3,legitimate-linked,194356,COM-2016-194,1,"IBRAHIM ISYAKU NA'ABBA"
4240,3,legitimate-linked,194373,"MLKN 2650",KANGIS,"IBRAHIM ISYAKU NA'ABBA"
19361,3,legitimate-linked,33166,CON-AG-1993-72,3,"ALHAJI USMAN DAN AGEGE"
19361,3,legitimate-linked,169097,IND-RC-1982-103,1,"H. H. F AND SONS NIG. LTD"
19361,3,legitimate-linked,170034,"MLKN 3709",KANGIS,"H. H. F AND SON NIG LTD."
3797,3,legitimate-linked,17471,CON-RES-1993-11,3,"ALHAJI AHMED ABDU HOTORO"
3797,3,legitimate-linked,179123,COM-2012-145,1,"AMSHET GLOBAL RESOURCES LTD"
3797,3,legitimate-linked,179143,KN3850,KANGIS,"AMSHET GLOBAL RESOURCES LTD"
10646,3,legitimate-linked,195407,CON-IND-RC-1982-18,3,"NORJUICE AND MILK IND LTD"
10646,3,legitimate-linked,195410,"MLKN 125",KANGIS,"NORJUICE AND MILK IND LTD"
10646,3,legitimate-linked,24349,CON-RES-1988-2,3,"ALHAJI SHEHU BALA"
11986,3,legitimate-linked,25691,CON-RES-1984-629,3,"ALHAJI MUHAMMADU UMARU"
11986,3,legitimate-linked,179931,CON-RES-1983-438,3,"HAJIYA MARIYA SANUSI DANTATA"
11986,3,legitimate-linked,179997,"KNML 1467",KANGIS,"HAJIYA MARIYA SANUSI DANTATA"
18723,3,legitimate-linked,32528,CON-COM-RC-1981-36,3,"ADEJUMO FAM (NIGERIA) LIMITED"
18723,3,legitimate-linked,177429,IND-1982-10,1,"ANGLE SPINNING & DYEING LIMITED"
18723,3,legitimate-linked,177513,"MLKN 573",KANGIS,"ANGLE SPINNING & DYEING LIMITED"
4078,3,legitimate-optot,175983,COM-2015-424,1,"RUFA'I SULE BICHI"
4078,3,legitimate-optot,176003,"MLKN 2724",KANGIS,"RUSBI AGRICULTURAL PROCESSING COMPANY LIMITED"
4078,3,legitimate-optot,17752,RES-1992-4081,2,"SALLAU TSOHO"
18135,3,legitimate-optot,181835,CON-RES-RC-1982-409,3,"AMINU MUDALLABI"
18135,3,legitimate-optot,181868,"KNML 9567",KANGIS,"AMINU MUDALLABI"
18135,3,legitimate-optot,31939,CON-RES-1982-820,3,"ALHAJI IBRAHIM DANWAKILI"
11456,3,legitimate-linked,183131,"MLKN 2810",KANGIS,"BASHIR  TIJJJANI RABI'U"
11456,3,legitimate-linked,183033,CON-RES-1982-318,3,"BASAHIR TIJJANI  RABIU"
11456,3,legitimate-linked,25160,CON-RES-1982-1529,3,"ALHAJI ALASAN HABU"
11553,3,legitimate-linked,25257,CON-RES-1983-277,3,"ALHAJI ABDU FARI"
11553,3,legitimate-linked,178323,CON-RES-1982-476,3,"ALHAJI MURAINO ADEOYE SHOSANWO"
11553,3,legitimate-linked,178362,"KNML 1215",KANGIS,"ALHAJI IDRIS ISA"
11181,3,legitimate-linked,181907,"KNML 1707",KANGIS,"AHMAD BARAU T. SALISU"
11181,3,legitimate-linked,29679,CON-RES-1982-1262,3,"ALHAJI NASIDI YUSUFU"
11181,3,legitimate-linked,24885,CON-RES-1983-516,3,"ABDULKADIR ADO"
5950,3,legitimate-optot,19627,RES-1982-829,1,"CAPT S.A. FOLORUNSHO"
5950,3,legitimate-optot,198704,COM-2017-16,1,"ALH BALA MUHTARI"
5950,3,legitimate-optot,198636,COM-RC-1982-189,1,"ALH BALA MUHTARI"
18537,3,legitimate-optot,32342,CON-RES-1987-1112,3,"A. ADO SANI AMADU"
18537,3,legitimate-optot,174950,CON-RES-RC-1984-28,3,"ALH. ISMA'ILA ABDULLAHI YUSUF"
18537,3,legitimate-optot,174965,KN5486,KANGIS,"ALH. ISMA'ILA ABDULLAHI YUSUF"
176172,3,legitimate-optot,195367,RES-2018-83,2,"AL-HASSAN SAMA'ILA"
176172,3,legitimate-optot,195386,RES-2021-4434,2,"AL-HASSAN SAMA'ILA"
176172,3,legitimate-optot,195395,"KNML 9837",KANGIS,"AL-HASSAN SAMA'ILA"
12274,3,legitimate-linked,175958,CON-RES-1984-555,3,"SALEH NAGERO AND SONS LTD"
12274,3,legitimate-linked,175984,"KNML 1866",KANGIS,"SALEH NAGERO AND SONS LTD"
12274,3,legitimate-linked,25979,CON-RES-1983-59,3,"ALHAJI LAWAN UBALE"
16561,3,legitimate-linked,193649,CON-RES-2013-165,3,"UMAR ISHAQ"
16561,3,legitimate-linked,193675,"KNML 515",KANGIS,"UMAR ISHAQ ALIYU"
16561,3,legitimate-linked,30361,CON-AG-1991-19,3,"ALHAJI TAJU AMINU DANTATA"
1105,3,legitimate-optot,190776,COM-1991-259,1,"BASHIR HASSAN HANGA"
1105,3,legitimate-optot,190795,"MLKN 4376",KANGIS,"BASHIR HASSAN HANGA"
1105,3,legitimate-optot,14766,RES-1981-402,1,"ALH. NABABA ABDULMUMINI"
149,3,legitimate-optot,182018,AG-RC-1982-130,1,"DR. ABDULLAHI SA'ED"
149,3,legitimate-optot,182037,"MLKN 2897",KANGIS,"DR. ABDULLAHI SA'ED"
149,3,legitimate-optot,13804,RES-1992-155,2,"MOHAMMED KABIR ALI"
7590,3,legitimate-linked,175275,CON-AG-2024-27,3,"ABDU AHMAD SAYE"
7590,3,legitimate-linked,175286,KN3968,KANGIS,"ABDU AHMAD SAYE"
7590,3,legitimate-linked,21281,CON-AG-1986-73,3,"ALH NUHU GARBA"
4506,3,legitimate-linked,18181,RES-1992-5128,2,"ABDULKADIR DAUDA AHMED (KULIYA)"
4506,3,legitimate-linked,175531,COM-2018-181,1,"BALA KASA SULAIMAN NURA"
4506,3,legitimate-linked,175545,KN3149,KANGIS,"BALA KASA SULAIMAN NURA"
5165,3,legitimate-linked,18841,RES-1992-6652,2,"BASHIR UMARU"
5165,3,legitimate-linked,196975,COM-2022-539,1,"ALH. LAWAN SULEIMAN DAURA"
5165,3,legitimate-linked,196997,"MLKN 4291",KANGIS,"ALH. LAWAN SULEIMAN DAURA"
10599,3,legitimate-linked,176311,CON-IND-2022-15,3,"RICE FIELD AGRIC INDUSTRY"
10599,3,legitimate-linked,176326,"MLKN 3799",KANGIS,"RICE FIELD AGRI IND LTD"
10599,3,legitimate-linked,24302,CON-RES-1988-697,3,"ALHAJI IBRAHIM ADAMU"
17550,3,legitimate-linked,188000,KN5160,KANGIS,"MURTALA ABDULLAHI JEGA"
17550,3,legitimate-linked,31353,CON-RES-1995-564,3,"HAJIYA ABU ALH TANKO"
17550,3,legitimate-linked,181081,KN5118,KANGIS,"MURTALA ABDULLAHI JEGA"
1687,3,legitimate-linked,181853,COM-1997-207,1,"ARMADA INTERNATIONAL LTD"
1687,3,legitimate-linked,182245,"MLKN 2204",KANGIS,"ARMADA INTERNATIONAL LTD"
1687,3,legitimate-linked,15350,RES-1981-1046,1,"ALHAJI BASHIR GARBA"
1403,3,legitimate-linked,175258,COM-1993-86,1,"GOLD AND SILVER INTERNATIONAL SUITE LIMITED"
1403,3,legitimate-linked,175299,"MLKN 211",KANGIS,"T-RELIANCE GLOBAL RESOURCES LIMITED"
1403,3,legitimate-linked,15065,RES-1981-882,1,"ALHAJI GAMBO NA KAUSU"
12099,3,legitimate-linked,25804,CON-RES-1983-679,3,"ALHAJI SANI BUHARI"
12099,3,legitimate-linked,195780,CON-RES-1983-803,3,"ALHAJI ABBA GARBA"
12099,3,legitimate-linked,195929,"MLKN 4530",KANGIS,"ALHAJI ABBA GARBA"
18838,3,legitimate-linked,32643,CON-RES-1997-378,3,"ABUBAKAR ABDU"
18838,3,legitimate-linked,170185,IND-1985-1,1,"MARIO JOSE ENTERPRISES LTD"
18838,3,legitimate-linked,170207,"MLKN 2625",KANGIS,"MARIO JOSE ENTERPRISES LTD"
10508,3,collision,24211,CON-RES-1988-142,3,"ALH. UMARU SARKI MAISANGO & HAMISU MAISANGO"
10508,3,collision,172932,,3,"WATSONS BAKERY NIG LTD"
10508,3,collision,172941,"MLKN 32",KANGIS,"WATSONS BAKERY NIG LTD"
25426,3,legitimate-linked,47368,CON-RES-2008-27,3,"ISMAIL DALHAT ABDULLAHI"
25426,3,legitimate-linked,185488,RES-2017-840,2,"CHUKUWUMA IKARA"
25426,3,legitimate-linked,185508,"KNML 4859",KANGIS,"CHUKUWUMA IKARA"
11240,3,legitimate-linked,24944,CON-RES-1982-542,3,"NASIRU USMAN HAMZA"
11240,3,legitimate-linked,186468,CON-RES-1982-1384,3,"MUHAMMED AMINU KANI"
11240,3,legitimate-linked,186488,"KNML 263",KANGIS,"MUHAMMED AMINU KANI"
2236,3,legitimate-linked,15900,CON-RES-1981-204,3,"ALHAJI ILIYASU RIMIN KIRA"
2236,3,legitimate-linked,197113,,1,"NURUDDEEN ABDULKADIR BATURE"
2236,3,legitimate-linked,197189,"MLKN 3807",KANGIS,"NURUDDEEN ABDULKADIR BATURE"
15653,3,legitimate-linked,29452,CON-RES-1982-179,3,"ADO KHALEEL"
15653,3,legitimate-linked,187954,CON-RES-2006-17,3,"MUHAMMED BADARU UMAR"
15653,3,legitimate-linked,187960,"KNML 2873",KANGIS,"MUHAMMED BADARU UMAR"
8133,3,legitimate-linked,192551,"MLKN 462",KANGIS,"A.D.S INVESTMENT LTD"
8133,3,legitimate-linked,196213,CON-COM-1990-78,3,"A.D.S INVESTMENT LTD"
8133,3,legitimate-linked,21829,RES-1992-5040,2,"ABDULLAHI A. UMAR"
1230,3,legitimate-linked,14891,RES-1992-929,2,"ALHAJI SANI GAMBO"
1230,3,legitimate-linked,196882,COM-1992-280,1,"SALNUHA INVESTMENT COMPANY LIMITED"
1230,3,legitimate-linked,196980,"MLKN 3442",KANGIS,"SALNUHA INVESTMENT COMPANY LIMITED"
2995,3,legitimate-linked,172965,,1,"AMANALLAH AHMED GETSO"
2995,3,legitimate-linked,173021,"MLKN 3068",,"AMANALLAH AHMED GETSO"
2995,3,legitimate-linked,16665,RES-1992-2071,2,"ALH SULE"
12070,3,legitimate-linked,25775,CON-RES-1989-171,3,"ALH. ISA IDRIS S/GADON KAYA"
12070,3,legitimate-linked,171435,RES-RC-1983-717,1,"ALHAJI LAWAL MUSA"
12070,3,legitimate-linked,25376,CON-RES-1983-717,3,"USMAN MAMUDA"
45448,3,legitimate-optot,190603,RES-1997-402,2,"SOJUNA NIGERIA LIMITED"
45448,3,legitimate-optot,190616,"KNML 524",KANGIS,"SOJUNA NIGERIA LIMITED"
45448,3,legitimate-optot,190627,COM-2023-30,1,"SOJUNA LIMITED"
9671,3,legitimate-linked,23373,CON-RES-1982-402,3,"MU'AZU MUHAMMED"
9671,3,legitimate-linked,176148,CON-COM-2016-280,3,"HAMISU RABIU JINGAU"
9671,3,legitimate-linked,176155,"MLKN 1832",KANGIS,"HAMISU RABIU JINGAU"
157181,3,legitimate-linked,181436,RES-2013-318,2,"ISA YAHAYA"
157181,3,legitimate-linked,181437,"KNML 1980",KANGIS,"ISA YAHAYA"
157181,3,legitimate-linked,181675,RES-2008-1604,2,"YAHAYA MAMMAN & ISA YAHAYA"
66407,3,collision,168038,RES-2024-3913,2,"ALH. SANI BABURA"
66407,3,collision,180263,RES-2024-3912,2,"ALH SANI BABURA"
66407,3,collision,180282,RES-2024-3911,2,"ALH SANI BABURA"
49483,3,legitimate-linked,180063,RES-2002-7520,2,"BASHIR ADO KIBIYA"
49483,3,legitimate-linked,180068,"KNML 1471_1",KANGIS,"BASHIR ADO KIBIYA"
49483,3,legitimate-linked,180069,"KNML 1471_2",KANGIS,"BASHIR ADO KIBIYA"
1043,3,legitimate-linked,187003,COM-2002-434,1,"CRISS-CROSS LIMITED"
1043,3,legitimate-linked,187064,COM-2002-433,1,"CRISS-CROSS LIMITED"
1043,3,legitimate-linked,14704,RES-1992-1041,2,"TANKO SARKIN FAWA KOFAR KABUGA"
7669,3,legitimate-linked,172107,CON-COM-1981-14,3,"DANKAWU OIL & GAS"
7669,3,legitimate-linked,172141,KN3792,KANGIS,"AL_YAMAN OIL & GAS LIMITED"
7669,3,legitimate-linked,21360,CON-AG-1984-117,3,"HAJIYA MAIRO HARUNA R. YUSUF (MRS)"
9771,3,legitimate-linked,23473,CON-RES-1982-425,3,"ALHAJI GARBA MAIMAGANI"
9771,3,legitimate-linked,185096,CON-COM-2018-191,3,"MUNNIR BABBA DAN AGUNDI"
9771,3,legitimate-linked,185123,CON-COM-2025-636,3,"MUNNIR BABBA DAN AGUNDI"
24959,3,legitimate-linked,181216,RES-2011-2311,2,"NURA AHMED"
24959,3,legitimate-linked,181242,RES-RC-1982-299,1,"NURA AHMED"
24959,3,legitimate-linked,181271,"KNML 1234",KANGIS,"ALI EL-HAGE"
17878,3,legitimate-linked,31682,CON-RES-1986-153,3,"ALHAJI SADI BALA"
17878,3,legitimate-linked,170449,CON-RES-RC-1982-117,3,"AYMAN GHASSAN JAMMAL"
17878,3,legitimate-linked,170504,KN4588,KANGIS,"AYMAN GHASSAN JAMMAL"
18840,3,legitimate-linked,32645,CON-RES-1997-380,3,"ALHAJI JAMILU BAITA"
18840,3,legitimate-linked,175402,IND-2021-14,1,"TURARE N HAUSAWA LIMITED"
18840,3,legitimate-linked,175426,"MLKN 115_2",KANGIS,"TURARE N HAUSAWA LIMITED"
10617,3,legitimate-linked,24320,CON-RES-1988-267,3,"ALH. ABDU HAMIDU"
10617,3,legitimate-linked,169884,CON-IND-2024-61,3,"SUHAIL TECH ENGINEERING LTD"
10617,3,legitimate-linked,169895,KN3118,KANGIS,"SUHAIL TECH ENGINEERING LTD"
3819,3,legitimate-linked,17493,CON-RES-1993-36,3,"ALHAJI IBRAHIM AHMED"
3819,3,legitimate-linked,186279,COM-2012-48,1,"ABDULLAHI ADAMU"
3819,3,legitimate-linked,186292,KN3041,KANGIS,"ABDULLAHI ADAMU"
4630,3,legitimate-linked,18305,CON-AG-1982-442,3,"ALHAJI WADA KABIR"
4630,3,legitimate-linked,198851,COM-2019-144,1,"NAFISA L. ABDULLAHI"
4630,3,legitimate-linked,198876,"MLKN 3355",KANGIS,"NAFISA LAWAN ABDULLAHI"
49193,3,legitimate-linked,175944,RES-2002-4967,2,"ADAMU MOHAMMED BARDE"
49193,3,legitimate-linked,175967,"KNML 2791",KANGIS,"ADAMU MOHAMMED BARDE"
49193,3,legitimate-linked,186502,"KNML 2793",KANGIS,"ADAMU MOHAMMED BARDE"
14930,3,legitimate-linked,38459,CON-RES-1998-313,3,"ALHAJI SANI ALI"
14930,3,legitimate-linked,192421,CON-COM-2011-235,3,"ALHAJI SANI ALI"
14930,3,legitimate-linked,28722,RES-1993-1939,2,"ALHAJI DANLADI SIDI"
158424,3,legitimate-linked,182375,CON-RES-2023-7248,3,"FAIZU MUHAMMAD GALADIMA"
158424,3,legitimate-linked,182383,KN5134,KANGIS,"MURTALA ABDULLAHI JEGA"
158424,3,legitimate-linked,191582,KN4536,KANGIS,"MURTALA ABDULLAHI JEGA"
7772,3,legitimate-linked,21463,RES-1992-4542,2,"ALAJA SALIFATU ABUBAKAR"
7772,3,legitimate-linked,172033,CON-COM-1982-223,3,"WATSON'S BAKERY NIGERIA LTD"
7772,3,legitimate-linked,172059,"MLKN 25",KANGIS,"WATSON'S BAKERY NIGERIA LTD"
16662,3,legitimate-linked,30462,CON-RES-1985-109,3,"ALHAJI MOHAMMED BAKALE"
16662,3,legitimate-linked,186697,CON-RES-2018-153,3,"ALH GARBA MAMUDA"
16662,3,legitimate-linked,186709,"KNML 5579",KANGIS,"ALH GARBA MAMUDA USMAN"
2465,3,legitimate-linked,16133,CON-COM-1990-29,3,"ALHAJI LAWAN GWARZO"
2465,3,legitimate-linked,180793,,1,"SAGIRU IBRAHIM GARBA"
2465,3,legitimate-linked,180818,KN4492,KANGIS,"SAGIRU IBRAHIM GARBA"
15077,3,legitimate-linked,184345,CON-RES-1999-71,3,"RUFA'I UMAR NA-ABBA"
15077,3,legitimate-linked,184380,"KNML 1728",KANGIS,"RUFA'I UMAR NA-ABBA"
15077,3,legitimate-linked,28872,RES-1993-3185,2,"ISHAQ MATAWALLE"
7547,3,legitimate-linked,182929,CON-AG-2016-79,3,"MUHAMMAD LAWAN U/GINI"
7547,3,legitimate-linked,182947,"MLKN 1816",KANGIS,"KABIRU IMAM MUKTHAR"
7547,3,legitimate-linked,21238,RES-1992-4317,2,"KABIRU YAHAYA"
9706,3,legitimate-linked,23408,CON-RES-1982-1161,3,"ALHAJI SULE LABBO"
9706,3,legitimate-linked,171626,CON-COM-2016-70,3,"MAIKASSU GENERAL ENTERPRISES"
9706,3,legitimate-linked,171636,"MLKN 2700",KANGIS,"MAIKASSU OIL & GAS NIGERIA LIMITED"
15442,3,legitimate-linked,29240,CON-RES-1984-403,3,"ALHAJI DAN AZUMI ROGO"
15442,3,legitimate-linked,170070,CON-RES-2004-330,3,"NURA ISYAKU RABIU"
15442,3,legitimate-linked,170079,"KNML 8399",KANGIS,"BASHIR ADAMU"
16340,3,legitimate-linked,30139,CON-RES-1991-194,3,"ALHAJI ALHASSAN SULE"
16340,3,legitimate-linked,188802,CON-RES-2010-203,3,"OLAWALE FATOKUN"
16340,3,legitimate-linked,188821,"KNML 2460",KANGIS,"OLAWALE FATOKUN"
172311,3,legitimate-linked,192714,CON-IND-2025-122,3,"SARMAN INTEGRATED FARM AND SOLUTION LTD"
172311,3,legitimate-linked,192730,CON-AG-2017-39,3,"SARMAN INTEGRATED FARM AND SOLUTION LTD"
172311,3,legitimate-linked,192749,"MLKN 2478",KANGIS,"AUWALU SARKI"
17948,3,legitimate-optot,31752,CON-COM-1984-125,3,"MR. AUGUSTINE EDOSA"
17948,3,legitimate-optot,186787,CON-RES-RC-1982-175,3,"BASHIR HAYATU ABUBAKAR"
17948,3,legitimate-optot,186809,"KNML 271",KANGIS,"BASHIR HAYATU ABUBAKAR"
1210,3,legitimate-linked,14871,RES-1992-926,2,"HADIZA MUSA"
1210,3,legitimate-linked,169096,COM-1992-200,1,"A.G.Y.L. MERCHANDISE NIG LTD"
1210,3,legitimate-linked,169145,"MLKN 3625",KANGIS,"A.G.Y.L MERCHANDISE NIGERIA LTD"
18924,3,legitimate-linked,181341,IND-1991-10,1,"HK IMPERIO NIGERIA LIMITED"
18924,3,legitimate-linked,181371,"MLKN 770",KANGIS,"CMYK PRINTING NIG LTD"
18924,3,legitimate-linked,32729,CON-COM-1998-29,3,"ALHAJI HARUNA IBRAHIM"
10020,3,legitimate-linked,192677,CON-COM-2021-695,3,"MAFA RICE MILL LTD"
10020,3,legitimate-linked,192699,KN3650,KANGIS,"MAFA RICE MILL LTD"
10020,3,legitimate-linked,23722,CON-AG-1985-10,3,"ALHAJI SHEHU DAWAKI"
11357,3,legitimate-linked,22875,CON-RES-1982-176,3,"ALHAJI MUDI ADAMU"
11357,3,legitimate-linked,192678,"KNML 912",KANGIS,"USMAN AYUBA"
11357,3,legitimate-linked,25061,CON-RES-1984-295,3,"ALHAJI LAWAN TELA"
13079,3,legitimate-linked,26852,RES-1991-169,1,"BINTA F. NURAINI"
13079,3,legitimate-linked,182494,KN3009,KANGIS,"NKEIRUKA OKOLI"
13079,3,legitimate-linked,30543,CON-RES-1987-460,3,"MR CLETUS OKOLI"
18104,3,legitimate-linked,31908,CON-RES-1985-434,3,"ALHAJI YUSUF AMINU"
18104,3,legitimate-linked,179305,CON-RES-RC-1982-379,3,"MR G.M POPOOLA"
18104,3,legitimate-linked,179310,"KNML 1837",KANGIS,"ABDULWAHID OLORUNTOYIN POPOOLA"
8576,3,legitimate-linked,88299,CON-RES-2026-2924,3,"NATA'ALA PROPERTIES & INVESTMENT LIMITED"
8576,3,legitimate-linked,22275,CON-RES-1982-515,3,"FRANCIS CHUKWUDI AGWE"
8576,3,legitimate-linked,197525,CON-COM-2003-118,3,"NATA'ALA PROPERTIES & INVESTMENT LIMITED"
6652,3,legitimate-linked,184840,COM-2018-14,1,"ALHAJI LABARAN NA KYAUTA"
6652,3,legitimate-linked,20336,RES-1992-3101,2,"ABDULLAHI MOHD DARMA"
6652,3,legitimate-linked,196202,COM-RC-2004-2,1,"ALH. LABARAN NA KYAUTA"
11606,3,legitimate-linked,25310,CON-RES-1984-380,3,"MALLAM SANGO IBRAHIM KWARU"
11606,3,legitimate-linked,179093,CON-RES-1982-555,3,"BASHIR OTHMAN TOFA"
11606,3,legitimate-linked,179115,"KNML 1222",KANGIS,"BASHIR OTHMAN TOFA"
8658,3,legitimate-linked,22357,RES-1992-6244,2,"INUSA YAMU"
8658,3,legitimate-linked,195567,CON-COM-2004-65,3,"ALH. SANI SAIDU"
8658,3,legitimate-linked,195568,"MLKN 1163",KANGIS,"ALH. SANI SA'IDU"
5061,3,legitimate-linked,169229,COM-2022-333,1,"LAWAN YUSIF ILIYASU & SULEIMAN IBRAHIM"
5061,3,legitimate-linked,169315,"MLKN 3638",KANGIS,"LAWAN YUSIF ILIYASU & SULEIMAN IBRAHIM"
5061,3,legitimate-linked,18737,CON-RES-RC-1982-513,3,"ALHAJI NABABA BADAMASI"
1413,3,legitimate-linked,15075,RES-1981-845,1,"ALHAJI YAHAYA LAWAN"
1413,3,legitimate-linked,189313,COM-1994-119,1,"A I CONSULTING AND INVESTIMENT LTD"
1413,3,legitimate-linked,189340,KN3807,KANGIS,"A I CONSULTING AND INVESTIMENT LTD"
5960,3,legitimate-linked,19637,RES-1982-842,1,"MAHADI JIBRIN"
5960,3,legitimate-linked,174841,COM-RC-1982-200,1,"MOHAMMED SADANU ISMA"
5960,3,legitimate-linked,174861,"MLKN 379",,"MOHAMMED SADANU ISMA"
10584,3,legitimate-linked,24287,CON-RES-1988-497,3,"ALH. ABDULMUMINI HAMIDU"
10584,3,legitimate-linked,197222,CON-IND-2019-11,3,"BREEZE INDUSTRIES LIMITED"
10584,3,legitimate-linked,197236,KN3071,KANGIS,"BREEZE INDUSTRIES LIMITED"
15588,3,legitimate-linked,184524,CON-RES-2005-300,3,"MUSA MUHAMMAD ACICINGAM"
15588,3,legitimate-linked,184528,"KNML 1914",KANGIS,"MUSA MUHAMMAD ACICINGAM"
15588,3,legitimate-linked,29387,CON-RES-1987-481,3,"MR.V.ADEKUNLE JOHNSON"
3565,3,legitimate-linked,173590,COM-2010-420,1,"ABBA DANBABA SANI"
3565,3,legitimate-linked,173608,KN2654,KANGIS,"ABBA SANI DANBABA"
3565,3,legitimate-linked,17239,RES-1992-2673,2,"MOHD ISA KABUGA"
10531,3,legitimate-linked,24234,CON-RES-1988-63,3,"ALH. YUSUF ABDULLAHI"
10531,3,legitimate-linked,180471,CON-IND-2014-16,3,"HAYUCO ALUMINIUM PRODUCTS"
10531,3,legitimate-linked,180472,"MLKN 1559",KANGIS,"HAYUCO ALUMINIUM PRODUCTS"
132576,3,legitimate-linked,188135,CON-RES-2014-20,3,"ALH ABUBAKAR ABDU"
132576,3,legitimate-linked,188157,CON-RES-1982-1207,3,"ALH ABUBAKAR ABDU"
132576,3,legitimate-linked,188163,"KNML 2886",KANGIS,"ALH ABUBAKAR ABDU"
9607,3,legitimate-linked,23309,RES-1992-7265,2,"A SANI IDI"
9607,3,legitimate-linked,180949,CON-COM-2015-107,3,"HABIBU ABDULLAHI MAHMUD"
9607,3,legitimate-linked,181016,"MLKN 1117",KANGIS,"ALREN CONSTRUCTION COMPANY"
5602,3,legitimate-optot,19279,RES-1982-531,1,"ALH UMARU DAN-SABO ISMA'IL"
5602,3,legitimate-optot,169923,COM-2025-582,1,"SHEIKH BASHIR EL-RAYYAH SCHOOL COMPLEX"
5602,3,legitimate-optot,169942,KN4971,KANGIS,"SHEIKH BASHIR EL-RAYYAH SCHOOL COMPLEX"
148770,3,legitimate-linked,172211,CON-RES-2014-763,3,"SAMINU  KHALID ABDULLAHI"
148770,3,legitimate-linked,172216,"KNML 3143_1_1",KANGIS,"SAMINU  KHALID ABDULLAHI"
148770,3,legitimate-linked,174052,"KNML 3143_1_2",KANGIS,"SAMINU KHALID ABDULLAHI"
14102,3,legitimate-linked,193027,CON-RES-1992-504,3,"ALHAJI AHMED ABUBAKAR NAKURA"
14102,3,legitimate-linked,27889,RES-1993-710,2,"HAFSATU AHMED"
14102,3,legitimate-linked,193031,"KNML 942",KANGIS,"ALHAJI AHMED ABUBAKAR NAKURA"
11046,3,legitimate-linked,24750,CON-RES-1985-466,3,"MUHAMMAD ABUBAKAR"
11046,3,legitimate-linked,181056,CON-RES-1981-9,3,"ALHAJI BATURE YAKUBU"
11046,3,legitimate-linked,181073,"KNML 1702",KANGIS,"ALHAJI BATURE YAKUBU"
7546,3,legitimate-linked,21237,RES-1992-4316,2,"SADI YUSUF/AMINU SANI"
7546,3,legitimate-linked,171143,CON-AG-2016-26,3,"IBRAHIM BELLO SALIHU"
7546,3,legitimate-linked,171167,KN2236,KANGIS,"IBRAHIM BELLO SALIHU"
15540,3,legitimate-linked,29338,CON-RES-1985-227,3,"ABUBAKAR UMARU"
15540,3,legitimate-linked,185680,"KNML 1526",KANGIS,"MR JACOB EGBOLUCHI"
15540,3,legitimate-linked,34856,CON-RES-2005-185,3,"MR JACOB EGBOLUCHE"
66500,3,legitimate-linked,191584,RES-2008-4672,2,"ENGR. NASIRU A. S. DANTATA"
66500,3,legitimate-linked,191952,RES-2008-4670,2,"SUNUSI ABDULKADIR S.A. DANTATA"
66500,3,legitimate-linked,173366,RES-RC-1982-717,1,"ABDULKADIR S.A. DANTATA"
4075,3,legitimate-optot,17749,RES-1992-4078,2,"HAJIYA BINTA DANBABA"
4075,3,legitimate-optot,176089,COM-2015-421,1,"RUFA'I SULE BICHI"
4075,3,legitimate-optot,176146,"MLKN 2720",KANGIS,"RUSBI AGRICULTURAL PROCESSING COMPANY LIMITED"
6444,3,legitimate-linked,20127,CON-AG-1986-18,3,"ALH. AHMAD YARO"
6444,3,legitimate-linked,194832,COM-RC-1985-25,1,"GIWA DYNAMIC OIL & GAS LTD"
6444,3,legitimate-linked,194853,"MLKN 4548",KANGIS,"GIWA DYNAMIC OIL & GAS LTD"
43389,3,legitimate-linked,192702,RES-2016-2741,2,"TAHIR GUEST PALACE"
43389,3,legitimate-linked,192713,RES-1995-1546,2,"TAHIR GUESS PALACE"
43389,3,legitimate-linked,192751,"KNGP 273",KANGIS,"TAHIR GUEST PALACE"
161530,3,legitimate-linked,184948,CON-COM-2015-252,3,"W.A.A RANO NIG LTD"
161530,3,legitimate-linked,184964,"MLKN 318",KANGIS,"W.A.A RANO NIG LTD"
161530,3,legitimate-linked,185001,CON-COM-2008-250,3,"W.A.A RANO NIG LTD"
9555,3,legitimate-linked,23257,RES-1992-7109,2,"UMARU DAN DAUDA"
9555,3,legitimate-linked,190381,CON-COM-2014-13,3,"KANO FASHION CITY"
9555,3,legitimate-linked,190412,"MLKN 1099",KANGIS,"KANO FASHION CITY"
175021,3,legitimate-optot,194604,RES-2021-857,2,"ASHIRU AMINU LIMAN"
175021,3,legitimate-optot,194624,KN2789_1,KANGIS,"ASHIRU AMINU LIMAN"
175021,3,legitimate-optot,194625,KN2789_2,KANGIS,"ASHIRU AMINU LIMAN"
940,3,legitimate-linked,181960,COM-1989-102,1,"AL-HAMSAD INVESTMENT LTD"
940,3,legitimate-linked,181991,"MLKN 790",KANGIS,"AL-HAMSAD INVESTMENT LTD"
940,3,legitimate-linked,14600,RES-1981-622,1,"ALH MUHTARI MAIKUDI"
60382,3,legitimate-linked,172780,"KNML 8853",KANGIS,"BELLO SANI AMINU"
60382,3,legitimate-linked,171081,RES-2020-1361,2,"BELLO SANI AMINU"
60382,3,legitimate-linked,171083,KN8853,KANGIS,"BELLO SANI AMINU"
6543,3,legitimate-optot,20227,RES-1982-1347,1,"ALH SANI ALHASSAN"
6543,3,legitimate-optot,189751,COM-2012-86,1,"ALH. DALHA GARBA"
6543,3,legitimate-optot,189760,KN4283,KANGIS,"ALH. DALHA GARBA"
161677,3,legitimate-linked,185088,DCIV-2026-303,DCIV,"B.I SALISU CHAMBERS"
161677,3,legitimate-linked,185751,,2,"HAMZA GAMBO"
161677,3,legitimate-linked,186022,DCIV-2025-484,DCIV,"HAJIYA BARIRA MUHAMMAD NATA'ALA"
4402,3,legitimate-linked,170352,COM-2017-15,1,"ALHAJI MUHAMMAD NASIRU HAMZA"
4402,3,legitimate-linked,18077,CON-AG-1985-150,3,"ALHAJI GAMBO IBRAHIM"
4402,3,legitimate-linked,170473,"MLKN 2524",KANGIS,"ALHAJI BARA'U ABDULRAHMAN"
7895,3,legitimate-linked,182519,KN2251,KANGIS,"RISIKAT HARUNA"
7895,3,legitimate-linked,21587,RES-1992-4628,2,"MOHAMMED TUKUR"
7895,3,legitimate-linked,29512,CON-COM-1983-59,3,"ALHAJI IBRAHIM YAKUB"
17608,3,legitimate-linked,31411,CON-RES-1997-364,3,"ALHAJI ABDULRAHMAN ADO BAYERO"
17608,3,legitimate-linked,186231,KN4530,KANGIS,"MURTALA ABDULLAHI JEGA"
17608,3,legitimate-linked,189514,KN4583,KANGIS,"MURTALA ABDULLAHI JEGA"
14872,3,legitimate-linked,28663,RES-1993-1748,2,"ALHAJI BALA ADAMU"
14872,3,legitimate-linked,181227,CON-RES-1997-99,3,"BASHIR BELLO"
14872,3,legitimate-linked,181233,"KNML 1963",KANGIS,"BASHIR BELLO"
16072,3,legitimate-linked,29871,CON-RES-1994-611,3,"ABDULLAHI INUSA KURNA"
16072,3,legitimate-linked,197026,CON-RES-2009-178,3,"MR. PETER EFUGHU"
16072,3,legitimate-linked,197042,"KNML 8428",KANGIS,"MR. PETER EFUGHU"
11976,3,legitimate-linked,25681,CON-RES-1989-201,3,"ALH. HAMZA OLADIMEJI OSHODI"
11976,3,legitimate-linked,187189,CON-RES-1983-420,3,"ALH MOHD MUSA SHEHU"
11976,3,legitimate-linked,187235,"KNML 275",KANGIS,"ALH MOHD MUSA  SHEHU"
4080,3,legitimate-optot,175579,COM-2015-433,1,"RUFA'I SULE BICHI"
4080,3,legitimate-optot,175585,"MLKN 2721",KANGIS,"RUSBI AGRICULTURAL PROCESSING COMPANY LIITED"
4080,3,legitimate-optot,17754,RES-1992-4086,2,"RABIU LADODO"
145906,3,legitimate-linked,168902,CON-COM-2025-275,3,"IBRAHIM AMINU AHMED"
145906,3,legitimate-linked,168914,KN4128,KANGIS,"IBRAHIM AMINU AHMED"
145906,3,legitimate-linked,170068,KN4218,KANGIS,"IBRAHIM AMINU AHMED"
13024,3,legitimate-optot,26796,RES-1991-111,1,"MAHMUD SANI"
13024,3,legitimate-optot,188952,CON-RES-1987-348,3,"AHMED SHITU ABUBAKAR"
13024,3,legitimate-optot,188994,"KNML 5351",KANGIS,"AHMAD SHITU ABUBAKAR"
14571,3,legitimate-linked,184151,CON-RES-1995-191,3,"DALHATU ABUBAKAR ISAH"
14571,3,legitimate-linked,184153,"KNML 1926",KANGIS,"DALHATU ABUBAKAR ISAH"
14571,3,legitimate-linked,28358,RES-1992-7365,2,"MUHAMMAD ABDU"
9830,3,legitimate-linked,174143,KN5011,KANGIS,"NURA JAMILU BABA LOLO"
9830,3,legitimate-linked,173770,CON-COM-2019-153,3,"NURA JAMILU BABA LOLO"
9830,3,legitimate-linked,23532,CON-RES-1982-885,3,"ALHAJI FARUKU LABARAN"
14729,3,legitimate-optot,193232,CON-RES-1996-237,3,"MUHAMMAD GARBA"
14729,3,legitimate-optot,193256,"KNML 1377_1_2",KANGIS,"MUHAMMAD GARBA"
14729,3,legitimate-optot,28517,RES-1993-1180,2,"HAJIYA YAHANASU AHMAD"
7949,3,legitimate-linked,21642,RES-1992-4778,2,"ABDULSALAM RABIU"
7949,3,legitimate-linked,180892,CON-COM-1984-6,3,"VICINANZA CONSTRUCTIONS LIMITED"
7949,3,legitimate-linked,180908,"MLKN 1171",KANGIS,"ALPEN CONSTRUCTION COMPANY"
9058,3,legitimate-linked,173601,CON-COM-2009-222,3,"ALHAJI BARAU ABDURRAHMAN"
9058,3,legitimate-linked,173638,"MLKN 1704",KANGIS,"ALHAJI BARAU ABDURRAHMAN"
9058,3,legitimate-linked,22759,CON-RES-1995-532,3,"ABUBAKAR D. SALIHU"
8088,3,legitimate-linked,21783,RES-1992-4896,2,"MOHAMMED SANI HAMID"
8088,3,legitimate-linked,198550,"CON-COM-1989-23 AND EXTENSION",3,"SAHJID GENERAL VENTURES"
8088,3,legitimate-linked,198599,"MLKN 4352",KANGIS,"SAHJID GENERAL VENTURES"
5181,3,legitimate-linked,18857,RES-1992-6671,2,"MUHAMMAD TUKUR HOTORO"
5181,3,legitimate-linked,196582,COM-2022-592,1,"ORIZU CHRISTIAN OLUCHUKWU"
5181,3,legitimate-linked,196608,"MLKN 4502",KANGIS,"ORIZU CHRISTIAN OLUCHUKWU"
12956,3,legitimate-linked,173625,"KNML 139",KANGIS,"MAIKANO BASHIR YOLA"
12956,3,legitimate-linked,26728,RES-1991-12,1,"ADAMU TANIMU"
12956,3,legitimate-linked,24517,CON-RES-1987-211,3,"HAFSATU YELWA DAU"
10942,3,legitimate-linked,24646,CON-RES-1988-225,3,"ALHAJI IBRAHIM AHMED"
10942,3,legitimate-linked,197180,CON-RES-1981-46,3,"YANKABA INVESTMENT NIG LTD"
10942,3,legitimate-linked,197191,"KNML 9483",KANGIS,"YANKABA INVESTMENT NIG LTD"
16478,3,legitimate-linked,30277,CON-COM-1999-14,3,"BASHAB NIGERIA LIMITED"
16478,3,legitimate-linked,179145,CON-RES-2011-2169,3,"DALIL MOHAMMED WANKA"
16478,3,legitimate-linked,179162,"KNML 1831",KANGIS,"DALIL MOHAMMED WANKA"
60393,3,legitimate-linked,172291,RES-2020-1548,2,"ABDULLAHI IBRAHIM"
60393,3,legitimate-linked,186523,RES-2007-826,2,"ALH AMINU ALHASSAN DANTATA"
60393,3,legitimate-linked,172302,KN3060,KANGIS,"ABDULLAHI IBRAHIM"
34857,3,legitimate-optot,174743,RES-2025-2323,2,"ABDULKARIM DAN'AZUMI"
34857,3,legitimate-optot,174748,RES-2025-2324,2,"ABDULKARIM DAN'AZUMI"
34857,3,legitimate-optot,180560,RES-1990-1170,1,"ABDULKARIM DAN'AZUMI"
7927,3,legitimate-linked,21619,RES-1992-4737,2,"ALHAJIAHMED ISMAIL DANDAGO"
7927,3,legitimate-linked,174594,CON-COM-1984-176,3,"UNITY BANK PLC"
7927,3,legitimate-linked,174595,"MLKN 2825",KANGIS,"UNITY BANK PLC"
4293,3,legitimate-linked,17968,RES-1992-3970,2,"SHARU KANKAROFI"
4293,3,legitimate-linked,195577,COM-2016-292,1,"DANKULLU VENTURES NIGERIA LIMITED"
4293,3,legitimate-linked,195588,"MLKN 1778",KANGIS,"DANKULLU VENTURES NIGERIA LIMITED"
8932,3,legitimate-linked,174049,"KNML 68",KANGIS,"ALH.HAMZA ABDULLAHI UMAR"
8932,3,legitimate-linked,16178,CON-COM-2008-164,3,"ALH.HAMZA ABDULLAHI UMAR"
8932,3,legitimate-linked,22633,RES-1992-6974,2,"ADAMU GARBA"
10825,3,legitimate-linked,24529,CON-RES-1987-894,3,"ALHAJI UBA SALE CHAMO"
10825,3,legitimate-linked,186496,CON-RES-1981-265,3,"DR AYUBA MUSA"
10825,3,legitimate-linked,186497,"KNML 1536",KANGIS,"DR AYUBA MUSA"
12457,3,legitimate-optot,26163,CON-RES-1989-265,3,"DIMSON DAVE"
12457,3,legitimate-optot,197224,CON-RES-1985-460,3,"MUJITTAPHA BABALLE ILA"
12457,3,legitimate-optot,197285,"KNML 6557",KANGIS,"MUJITTAFA BABALLE ILA"
15245,3,legitimate-linked,186431,CON-RES-2002-176,3,"MU'AZZAM ADO YAKASAI"
15245,3,legitimate-linked,186447,"KNML 9789",KANGIS,"MU'AZZAM ADO"
15245,3,legitimate-linked,29043,RES-1993-2935,2,"ABDULMALIK ADO DANDOLO"
18910,3,legitimate-linked,174857,IND-1989-19,1,"HAMZA ABDULLAHI UMAR"
18910,3,legitimate-linked,174875,KN959,KANGIS,"HAMZA ABDULLAHI UMAR"
18910,3,legitimate-linked,32715,CON-RES-1996-106,3,"MUHAMMAD MUHAMMAD"
494,3,legitimate-optot,193231,COM-1982-187,1,"ALH. YAKUBU IBRAHIM"
494,3,legitimate-optot,193251,KN4050,KANGIS,"ALH. YAKUBU IBRAHIM"
494,3,legitimate-optot,14151,RES-1992-635,2,"ALH HAMIDU YAKUBU"
11755,3,legitimate-linked,25459,CON-RES-1989-97,3,"BINTA SANI"
11755,3,legitimate-linked,187249,CON-RES-1982-833,3,"ALH MUHD MUSA"
11755,3,legitimate-linked,187266,"KNML 278",KANGIS,"ALH MOHD MUSA SHAEHU"
15863,3,legitimate-linked,29662,CON-RES-1982-1040,3,"HAJIYA BINTA YAHAYA"
15863,3,legitimate-linked,198172,CON-RES-2007-57,3,"DR. NASIRDEEN USMAN"
15863,3,legitimate-linked,198216,"KNML 8418",KANGIS,"DR. NASIRDEEN USMAN"
3417,3,legitimate-linked,178551,"MLKN 4554",KANGIS,"SA'AD SHITU SHARUBUTU."
3417,3,legitimate-linked,178485,COM-2010-214,1,"SA'AD SHITU SHARUBUTU."
3417,3,legitimate-linked,17088,RES-1982-356,1,"ALHAJI ISYA IBRAHIM GUMEL"
18421,3,legitimate-optot,32226,CON-RES-1987-212,3,"CHRISTIAN O. UCHENDU"
18421,3,legitimate-optot,173374,CON-RES-RC-1982-709,3,"MRS JULIANAH LAWSON"
18421,3,legitimate-optot,173415,"KNML 1200",KANGIS,"MRS JULIANAH LAWSON"
147268,3,legitimate-linked,170345,CON-RES-2017-617,3,"BASHIR ABUBAKAR"
147268,3,legitimate-linked,170369,KN8835,KANGIS,"BASHIR ABUBAKAR"
147268,3,legitimate-linked,172397,"KNML 8835",KANGIS,"BASHIR ABUBAKAR"
3879,3,legitimate-linked,175441,COM-2014-140,1,"BASHIR ABDULLAHI YAKUDIMA"
3879,3,legitimate-linked,175462,"MLKN 1086",KANGIS,"BASHIR ABDULLAHI YAKUDIMA"
3879,3,legitimate-linked,17553,CON-RES-1994-614,3,"ALHAJI SANI MU'AWIYYA"
10778,3,legitimate-linked,24481,CON-RES-1987-176,3,"ALHAJI SALISU ISA"
10778,3,legitimate-linked,181238,CON-RES-1981-189,3,"SAAD ASAD MUHAMMAD"
10778,3,legitimate-linked,181280,"KNML 1281",KANGIS,"SALEEM MOHAMMAD ASAD"
151076,3,legitimate-linked,174302,RES-2007-10,2,"SUNUSI SALISU"
151076,3,legitimate-linked,174305,"KNML 5914",KANGIS,"TAYYEB NA'ABBA"
151076,3,legitimate-linked,174306,"KNML 8681_2",KANGIS,"MUHD BASHIR ALHASSAN"
15645,3,legitimate-linked,29444,CON-RES-1982-190,3,"ALHAJI BATURE SANDA"
15645,3,legitimate-linked,187270,CON-RES-2006-15,3,"MUHAMMED BADARU UMAR"
15645,3,legitimate-linked,187271,"KNML 2865",KANGIS,"MUHAMMED BADARU UMAR"
17651,3,legitimate-linked,31454,CON-RES-1994-729,3,"ALHAJI WADA BABBA AZARE"
17651,3,legitimate-linked,196783,CON-RES-2023-7505,3,"MARYAM MUSA"
17651,3,legitimate-linked,196804,KN3367,KANGIS,"MARYAM MUSA"
1688,3,legitimate-linked,181703,COM-1997-208,1,"ARMADA INT. LTD"
1688,3,legitimate-linked,181744,"MLKN 2205",KANGIS,"ARMADA INT. LTD"
1688,3,legitimate-linked,15351,RES-1981-1047,1,"ALHAJI GARBA MUHAMMED"
1686,3,legitimate-linked,182805,COM-1997-206,1,"ARMADA INTERNATIONAL LTD"
1686,3,legitimate-linked,182819,"MLKN 2206",KANGIS,"ARMADA INTERNATIONAL LTD"
1686,3,legitimate-linked,15349,RES-1981-1045,1,"ADAMU ALKASSIM SHESHE"
7748,3,legitimate-linked,195557,CON-COM-1982-167,3,"RUFA'I SULE BICHI"
7748,3,legitimate-linked,195558,"MLKN 4339",KANGIS,"RUFA'I SULE BICHI"
7748,3,legitimate-linked,21439,RES-1992-4507,2,"UMARU MAILAFIA"
175269,3,legitimate-linked,194759,RES-2014-2326,2,"ISAH USMAN GARBA"
175269,3,legitimate-linked,194788,KN885_1,KANGIS,"ISAH GARBA USMAN"
175269,3,legitimate-linked,194789,KN885_2,,"ISAH GARBA USMAN"
13846,3,legitimate-linked,27624,RES-1991-703,1,"KENNETH EDWARD GREY"
13846,3,legitimate-linked,193269,CON-RES-1991-176,3,"ALH AHMAD ABUBAKAR NA KURA"
13846,3,legitimate-linked,193286,"KNML 943",KANGIS,"ALHAJI AHMED ABUBAKAR NAKURA"
4074,3,legitimate-optot,17748,RES-1992-4077,2,"HAJIYA BINTA DANBABA"
4074,3,legitimate-optot,175507,COM-2015-420,1,"RUSBI AGRICULTURAL PROCESSING COMPANY LTD"
4074,3,legitimate-optot,175519,"MLKN 2722",KANGIS,"RUFA'I SULE BICHI"
2794,3,legitimate-linked,172292,COM-2005-101,1,"WADA ABDULLAHI KACHAKO"
2794,3,legitimate-linked,16464,CON-COM-1990-55,3,"TRIACTA NIGERIA LIMITED"
2794,3,legitimate-linked,172307,"MLKN 360",KANGIS,"WADA ABDULLAHI KACHAKO"
16429,3,legitimate-linked,30228,CON-RES-1993-14,3,"ALHASSAN BABA"
16429,3,legitimate-linked,186970,CON-RES-2010-94,3,"ALH ABDU SHEHU"
16429,3,legitimate-linked,186971,"KNML 2854",KANGIS,"MR GALLET STAPHANE"
9078,3,legitimate-linked,22779,CON-RES-1995-51,3,"ALHAJI YAHAYA BALA"
9078,3,legitimate-linked,187788,CON-COM-2009-307,3,"NASSAR DAYEKH"
9078,3,legitimate-linked,187810,"KNML 280",KANGIS,"NASSAR DAYEKH"
1353,3,legitimate-linked,15014,CON-COM-1981-88,3,"KWAIRANGA LIMITED"
1353,3,legitimate-linked,196326,COM-1993-317,1,"W. J. BUSH & COMPANY NIGERIA LIMITED"
1353,3,legitimate-linked,196352,"MLKN 118",KANGIS,"W. J. BUSH & COMPANY NIGERIA LIMITED"
8461,3,legitimate-linked,22160,RES-1992-6091,2,"A BALA HARUNA TARAUNI"
8461,3,legitimate-linked,175416,CON-COM-2000-29,3,"DANBIRNI PROPERTIES LTD"
8461,3,legitimate-linked,175418,KN2557,KANGIS,"DANBIRNI PROPERTIES LTD"
16321,3,legitimate-linked,30120,CON-RES-1990-234,3,"AHMED ABDULLAHI"
16321,3,legitimate-linked,189527,CON-RES-2010-168,3,"MR STEPHANE GALLET"
16321,3,legitimate-linked,189546,"KNML 7060",KANGIS,"MR STEPHANE GALLET"
19388,3,legitimate-optot,176227,IND-RC-1982-128,1,"MAHAZA COMPANY LIMITED"
19388,3,legitimate-optot,176259,KN2940,KANGIS,"MAHAZA COMPANY LIMITED"
19388,3,legitimate-optot,33193,CON-RES-1994-384,3,"ALH USMAN SHEHU INUSA"
1040,3,legitimate-linked,182088,COM-1991-107,1,"AL-HAMSAD INVESTMENT LTD"
1040,3,legitimate-linked,182096,"MLKN 792",KANGIS,"AL-HAMSAD INVESTMENT LIMITED"
1040,3,legitimate-linked,14701,RES-1992-1037,2,"NASIRU ZUBAIRU"
16518,3,legitimate-linked,193617,CON-RES-2012-22,3,"BABA A DANJUMA"
16518,3,legitimate-linked,193632,"KNML 513",KANGIS,"ALH BABA A DANJUMA"
16518,3,legitimate-linked,30318,CON-COM-1999-60,3,"YAHSAR VENTURES"
14382,3,legitimate-linked,28169,RES-1993-2138,2,"ALH INU ABDU"
14382,3,legitimate-linked,185528,CON-RES-1994-290,3,"ALH BADAMASI UBA JOGANA"
14382,3,legitimate-linked,185534,"KNML 1510",KANGIS,"ALH BADAMASI UBA JOGANA"
4079,3,legitimate-linked,175578,COM-2015-426,1,"RUFA'I SULE BICHI"
4079,3,legitimate-linked,175586,"MLKN 2723",KANGIS,"RUSBI AGRICULTURAL PROCESSING COMPANY LIMITED"
4079,3,legitimate-linked,17753,RES-1992-4082,2,"HAMISU TSOHO"
5603,3,legitimate-optot,172873,COM-2025-584,1,"SALIHU BADAMASI ABDULLAHI"
5603,3,legitimate-optot,172878,KN4832,KANGIS,"SALIHU BADAMASI ABDULLAHI"
5603,3,legitimate-optot,19280,RES-1982-533,1,"SADI SHA'AIBU"
4015,3,legitimate-linked,17689,RES-1992-4182,2,"ABDU ALI, INUSA HALADU & AHMED TUKUR"
4015,3,legitimate-linked,198781,COM-2015-267,1,"MUHAMMAD INUWA KABIR"
4015,3,legitimate-linked,198790,"MLKN 2551",KANGIS,"MUHAMMAD INUWA KABIR"
1325,3,legitimate-linked,14986,CON-RES-1981-615,3,"ALHAJI  HASSAN NA A KUKI"
1325,3,legitimate-linked,168775,COM-1993-210,1,"DR BASHIR ALHAJI UMAR"
1325,3,legitimate-linked,168790,"MLKN 2867",KANGIS,"DR BASHIR ALHAJI UMAR"
5180,3,legitimate-linked,172266,COM-2022-591,1,"ALH MUHAMMAD SANI ABDULHAMID"
5180,3,legitimate-linked,172276,"MLKN 4506",KANGIS,"ALH MUHAMMAD SANI ABDULHAMID"
5180,3,legitimate-linked,18856,RES-1992-6670,2,"JAMILU MOHAMMED T/WADA"
15945,3,legitimate-linked,176223,CON-RES-2008-247,3,"ABUBAKAR ZAKARI"
15945,3,legitimate-linked,176240,"KNML 108",KANGIS,"ABUBAKAR ZAKARI"
15945,3,legitimate-linked,29744,CON-COM-1989-50,3,"ALHAJI ABDU FREEMAN"
7381,3,legitimate-optot,21071,CON-RES-1995-520,3,"ALHAJI YUSUF SALISU ABDULLAHI"
7381,3,legitimate-optot,177740,CON-AG-1994-38,3,"ALH BASHIR SUNUSI DANTATA"
7381,3,legitimate-optot,177749,"KNML 39_2",KANGIS,"ALH BASHIR SUNUSI DANTATA"
18933,3,legitimate-linked,32738,CON-COM-1998-57,3,"BARKIDI OIL NIGERIA LIMITED"
18933,3,legitimate-linked,179177,IND-1991-4,1,"ULTIMATE GAS AND PRODUCTS"
18933,3,legitimate-linked,179241,"MLKN 591_1",KANGIS,"ULTIMATE GAS LIMITED"
7509,3,legitimate-linked,183338,CON-AG-2010-44,3,"UNIVERSAL AGRO PROCESSING"
7509,3,legitimate-linked,183349,"MLKN 813",KANGIS,"AL-AHFAD POLYTECHNIC LIMITED"
7509,3,legitimate-linked,21200,RES-1992-4252,2,"ALH BALA MAILALLE"
147930,3,legitimate-linked,171151,RES-1998-310,2,"TAHIR FADALLAH"
147930,3,legitimate-linked,171183,COM-2003-517,1,"TAHIR GUEST PALACE"
147930,3,legitimate-linked,171195,"MLKN 387",KANGIS,"TAHIR GUEST PALACE"
15657,3,legitimate-linked,29456,CON-RES-1982-164,3,"ABDULMUMINI YUSUF"
15657,3,legitimate-linked,187334,CON-RES-2006-18,3,"MUHAMMED BADARU UMAR"
15657,3,legitimate-linked,187344,"KNML 2864",KANGIS,"MUHAMMED BADARU UMAR"
11383,3,legitimate-linked,186976,CON-RES-1982-208,3,"ALH DANLAMI AUDU ZANGO"
11383,3,legitimate-linked,186980,"KNML 288",KANGIS,"ALH DANLAMI AUDU ZANGO"
11383,3,legitimate-linked,25087,CON-AG-1984-9,3,"ALHAJI ISMAILA MUHTARI"
17918,3,legitimate-linked,185723,CON-COM-2023-390,3,"AYMAN JAMMAL"
17918,3,legitimate-linked,185728,"MLKN 4387",KANGIS,"AYMAN JAMMAL"
17918,3,legitimate-linked,31722,CON-IND-1984-10,3,"ALHAJI SIR MUHAMMADU SANUSI"
132772,3,legitimate-linked,189701,DCIV-2026-420,DCIV,"KANO STATE JUDICIARY"
132772,3,legitimate-linked,189707,DCIV-2026-422,DCIV,"KANO STATE JUDICIARY"
132772,3,legitimate-linked,194935,DCIV-2026-387,DCIV,"KANO STATE JUDICIARY"
10594,3,legitimate-linked,24297,CON-RES-1988-500,3,"UMAR MOHAMMED"
10594,3,legitimate-linked,169523,CON-IND-2021-38,3,"JALAL FADEL SHAFIQ TAHA"
10594,3,legitimate-linked,171095,"MLKN 3388",KANGIS,"JALAL FADEL SHAFIQ TAHA"
802,3,legitimate-linked,172294,"MLKN 516",KANGIS,"ALHAJI ALI AHMED"
802,3,legitimate-linked,172285,COM-1986-197,1,"ALHAJI ALI AHMED"
802,3,legitimate-linked,14462,CON-RES-1981-554,3,"ALHAJI MUHTARI UBA"
3930,3,legitimate-linked,179681,RES-2021-4560,2,"BINTA IBRAHIM LIMAN"
3930,3,legitimate-linked,179686,RES-2021-4561,2,"BINTA IBRAHIM LIMAN"
3930,3,legitimate-linked,179690,RES-2021-4562,2,"BINTA IBRAHIM LIMAN"
9897,3,legitimate-linked,23599,CON-RES-1982-1054,3,"ALHAJI SULE ABUBAKAR"
9897,3,legitimate-linked,181918,CON-COM-2020-452,3,"ALHAJI IBRAHIM SANI YALO"
9897,3,legitimate-linked,185349,"MLKN 3579",KANGIS,"ALHAJI IBRAHIM SANI YALO"
148745,3,legitimate-linked,172176,CON-RES-2014-762,3,"SAMINU  KHALID ABDULLAHI"
148745,3,legitimate-linked,172182,"KNML 3142",KANGIS,"SAMINU  KHALID ABDULLAH"
148745,3,legitimate-linked,172227,"KNML 3143_2",KANGIS,"SAMINU  KHALID ABDULLAHI"
67140,3,legitimate-optot,196985,RES-RC-1984-204,1,"ALH ABDULLAHI A MINJIBIR"
67140,3,legitimate-optot,197054,"KNML 6474",,"ALH ABDULLAHI A MINJIBIR"
67140,3,legitimate-optot,197102,RES-2023-1436,2,"ALH ABDULLAHI A MINJIBIR"
16543,3,legitimate-linked,193620,CON-RES-2012-488,3,"MR ODO LINUS OKONWO"
16543,3,legitimate-linked,193634,"KNML 511",KANGIS,"MR ODO LINUS OKONWO"
16543,3,legitimate-linked,30343,CON-RES-1999-115,3,"ALH MUSTAPHA USMAN USMAN ABBAKAR"
3418,3,legitimate-linked,17089,RES-1982-354,1,"IBRAHIM UMAR"
3418,3,legitimate-linked,195181,"MLKN 4553",KANGIS,"SA'AD SHITU SHARUBUTU"
3418,3,legitimate-linked,195145,COM-2010-215,1,"DAN HAUSA NIG LTD"
16682,3,legitimate-linked,175534,CON-RES-2019-108,3,"EMMA GUSKU INTERNATIONAL LTD."
16682,3,legitimate-linked,175547,KN5074,KANGIS,"EMM GUSAU INTL LTD"
16682,3,legitimate-linked,30482,CON-RES-1985-196,3,"ALHAJI UMARU DANBATTA"
67511,3,legitimate-linked,198688,COM-2023-3,1,"SAGIR MAITAMA YUSUF"
67511,3,legitimate-linked,198710,"MLKN 4441",KANGIS,"SAGIR MAITAMA YUSUF"
67511,3,legitimate-linked,198637,RES-RC-1987-26,1,"SAGIR MAITAMA YUSUF"
4064,3,legitimate-linked,185309,COM-2015-388,1,"JAMILU ALI BALA GEN. ENT."
4064,3,legitimate-linked,185336,"MLKN 3755",KANGIS,"JAMILU ALI BALA GEN. ENT."
4064,3,legitimate-linked,17738,RES-1992-4064,2,"ALHAJI NAIYA"
15589,3,legitimate-linked,184492,CON-RES-2005-301,3,"MUSA MUHAMMAD ACICINGAM"
15589,3,legitimate-linked,184494,"KNML 1915",KANGIS,"ALH SAHABI UMAR"
15589,3,legitimate-linked,29388,CON-RES-1987-480,3,"MADAM NIMATA SHOGE"
9625,3,legitimate-linked,23327,RES-1992-7314,2,"ADAMU ALI ABDULLAHI"
9625,3,legitimate-linked,169170,CON-COM-2015-263,3,"ALHAJI UMAR MUHAMMED DATALLAH"
9625,3,legitimate-linked,169189,"MLKN 3618",KANGIS,"ALHAJI UMAR MUHAMMED DATALLAH"
2302,3,legitimate-optot,15970,RES-1981-1784,1,"ABDULLAHI UMAR"
2302,3,legitimate-optot,184007,COM-2002-1278,1,"ALH JAMILU SALISU SARKI"
2302,3,legitimate-optot,195942,DCIV-2026-432,,"ABBA AMINU SA'ID"
10546,3,legitimate-linked,173966,CON-IND-2008-14,3,"BALLY PLASTICS AND FOOTWEAR INDUSTRY (NIG) LTD"
10546,3,legitimate-linked,173981,"MLKN 30",KANGIS,"BALLY PLASTICS AND FOOTWEAR INDUSTRY (NIG) LTD"
10546,3,legitimate-linked,24249,CON-RES-1988-242,3,"WALTER WARIGON AHREY"
777,3,legitimate-linked,14437,RES-1992-790,2,"MRS TASIDI SAI'DU ZAKARI"
777,3,legitimate-linked,197899,COM-1986-133,1,"AMA-ZUMA OIL & GAS NIG LTD"
777,3,legitimate-linked,197929,"MLKN 3203",,"AMA-ZUMA OIL & GAS NIG LTD"
153410,3,legitimate-linked,181800,KN5095,KANGIS,"MURTALA ABDULLAHI JEGA"
153410,3,legitimate-linked,177727,CON-RES-2023-7229,3,"FAIZU MUHAMMAD GALADIMA"
153410,3,legitimate-linked,187970,KN4554,KANGIS,"MURTALA ABDULLAHI JEGA"
18942,3,legitimate-linked,170057,IND-1992-24,1,"ALH. HAMZA A. UMAR"
18942,3,legitimate-linked,170116,"MLKN 445",KANGIS,"HAMZA ABDULLAAHI UMAR"
18942,3,legitimate-linked,32747,CON-COM-1998-73,3,"ALHAJI HAMZA SULE K/WAMBAI"
13082,3,legitimate-optot,26855,RES-1991-173,1,"ALHAJI NUHU HABU DANBATTA"
13082,3,legitimate-optot,196917,CON-RES-1987-471,3,"NU'UMAN BARAU DANBATTA"
13082,3,legitimate-optot,196925,"KNML 8925",KANGIS,"NU'UMAN BARAU DANBATTA"
14848,3,legitimate-linked,28639,RES-1993-1708,2,"MUHAMMAD NA'ABBA"
14848,3,legitimate-linked,175986,CON-RES-1997-335,3,"BARR FELIX C EZE"
14848,3,legitimate-linked,175993,"KNML 6679",KANGIS,"BARR FELIX C EZE"
20852,3,legitimate-linked,34664,CON-RES-2004-164,3,"UMAR GARBA KOKI"
20852,3,legitimate-linked,193879,RES-RC-1990-16,1,"ALH ISA NA BABA AGBA"
20852,3,legitimate-linked,193898,"KNML 2124",KANGIS,"AMBASSADOR NURA ALIYU"
16619,3,legitimate-linked,30419,CON-IND-1985-2,3,"MAINASARA & SONS LTD"
16619,3,legitimate-linked,172004,CON-RES-2015-286,3,"ENGR DAU ADAMU ALIYU"
16619,3,legitimate-linked,172088,"KNML 3635_2",KANGIS,"ENGR DAU ADAMU ALIYU"
7497,3,legitimate-linked,21188,RES-1992-4239,2,"MUTARI YARO"
7497,3,legitimate-linked,183401,CON-AG-2008-50,3,"ALH BELLO GARBA JA'EN"
7497,3,legitimate-linked,144759,CON-COM-2026-546,3,"ALH BELLO GARBA JA'EN"
7831,3,legitimate-optot,196738,CON-COM-1982-60,3,"ALHAJI ABBAS LAWAL"
7831,3,legitimate-optot,196780,"MLKN 300",KANGIS,"MOHAMMAD SANI ABDULLAHI"
7831,3,legitimate-optot,21523,CON-RES-1982-302,3,"ISAAC DEJO AKANBI"
18711,3,collision,180476,,1,"LOQUAT CLASSIC NIG. LTD"
18711,3,collision,180477,,KANGIS,"LOQUAT CLASSIC NIG. LTD"
18711,3,collision,32516,CON-COM-RC-1981-14,3,"ALHAJI BALA TAKAI"
18985,3,legitimate-linked,32790,CON-RES-2005-134,3,"IBRAHIM ILU KURA"
18985,3,legitimate-linked,176331,IND-1997-20,1,"ALH. ABDULLAHI ADAMU DANGONGOLA."
18985,3,legitimate-linked,176333,KN3047,KANGIS,"ALH. ABDULLAHI ADAMU DANGONGOLA"
9730,3,legitimate-linked,23432,CON-RES-1984-529,3,"MRS FLORENCE ODULE"
9730,3,legitimate-linked,170448,"MLKN 2502",KANGIS,"ALHASSAN ABDULKADIR DANTATA"
9730,3,legitimate-linked,170356,CON-COM-2017-236,3,"ALHASSAN ABDULKADIR DANTATA"
7753,3,legitimate-linked,21444,RES-1992-4512,2,"MUSTAPHA MAILAFIA"
7753,3,legitimate-linked,170054,CON-COM-1982-178,3,"AMFUCO VENTURES & INDUSTRIES LIMITED"
7753,3,legitimate-linked,170120,"MLKN 1553",KANGIS,"AMFUCO VENTURES AND IND LTD"
4292,3,legitimate-linked,17967,RES-1992-3969,2,"ALHAJI SUNUSI ZUBAIRU"
4292,3,legitimate-linked,180729,COM-2016-29,1,"BAHA'UDDEEN MUHD. AL-AMEEN"
4292,3,legitimate-linked,180775,"MLKN 2150",KANGIS,"BAHA'UDDEEEN MUHAMMAD AL-AMEEN"
9617,3,legitimate-linked,174181,"MLKN 3353",KANGIS,"HAMZA ABDULLAHI UMAR"
9617,3,legitimate-linked,23319,RES-1992-7289,2,"GARBA FAGGE"
9617,3,legitimate-linked,173649,CON-COM-2015-197,3,"ADAMU S. ABUBAKAR ."
167764,3,legitimate-linked,189987,CON-RES-2013-569,3,"IBRAHIM SHUAIBU"
167764,3,legitimate-linked,189994,"KNML 2484_1",KANGIS,"IBRAHIM SHUAIBU"
167764,3,legitimate-linked,189995,"KNML 2484_2",KANGIS,"IBRAHIM SHUAIBU"
11977,2,collision,25682,CON-AG-1984-184,3,"ALH. BABA MOHAMMED"
11977,2,collision,35243,CON-RES-1983-423,3,"IBRAHIM IGUDA"
14646,2,collision,28434,RES-1993-389,2,"UBA MAMUDA"
14646,2,collision,20695,CON-RES-1995-5,3,"ALHAJI AUDU GARBA"
18225,2,collision,32029,CON-RES-1983-364,3,"ALHAJI UBA SALISU CHAMO"
18225,2,collision,18959,CON-RES-RC-1982-499,3,"SHAMSUDDEEN IBRAHIM MIJINYAWA"
17590,2,legitimate-linked,186167,KN4540,KANGIS,"MURTALA ABDULLAHI JEGA"
17590,2,legitimate-linked,31393,CON-RES-1997-170,3,"ALHAJI UMAR ARZIKA"
11392,2,collision,25096,CON-RES-1984-338,3,"ELLA/WAZIRI ASSOCIATES"
11392,2,collision,31059,CON-RES-1982-219,3,"DR JIMOH O MOMODU"
13627,2,collision,23942,CON-RES-1989-412,3,"ALHAJI GARBA MAISAFETI"
13627,2,collision,27401,RES-1990-4482,1,"ALH ADO MAINAMA BALA"
12319,2,collision,26024,CON-AG-1982-284,3,"ALHAJI HAMZA HASSAN"
12319,2,collision,29205,CON-RES-1984-703,3,"ALHAJI ADAMU ABUBAKAR MARA"
13808,2,collision,27585,RES-1991-664,1,"USMAN SHUAIBU"
13808,2,collision,36073,CON-RES-1990-480,3,"BASHIR M. BARODO"
11903,2,collision,23886,CON-RES-1983-255,3,"ALHAJI UMARU DAN-SABO ISMAILA"
11903,2,collision,25608,CON-RES-1984-121,3,"JABIRU YUSUF"
18126,2,collision,31930,CON-RES-1982-946,3,"ALHAJI SULE AKANJI"
18126,2,collision,30692,CON-RES-RC-1982-400,3,"CHARLES N CHIANUMBA"
174402,2,legitimate-linked,194179,CON-RES-2009-458,3,"N U R T W TIPPER BRANCH"
174402,2,legitimate-linked,194180,"KNML 539",KANGIS,"N U R T W TIPPER BRANCH"
47863,2,legitimate-linked,182703,RES-2000-970,2,"FAUZIYYA MUHAMMAD HASSAN"
47863,2,legitimate-linked,182709,KN4738,KANGIS,"FAUZIYYA MUHAMMAD HASSAN"
173711,2,legitimate-linked,193738,CON-RES-2012-151,3,"ABDUSSALAM MUHAMMAD DAL"
173711,2,legitimate-linked,193739,"KNML 519",KANGIS,"ABDUSSALAM MUHAMMAD DAL"
12109,2,collision,25761,CON-RES-1983-827,3,"M. HARUNA MUSA"
12109,2,collision,25814,CON-RES-1983-722,3,"MALLAM SULEIMAN MOHAMMED"
8390,2,collision,22089,CON-RES-2009-1013,3,"ABDU SHARIF IDI"
8390,2,collision,32728,CON-COM-1998-20,3,"ALI ABDULLAHI JOGANA"
178354,2,legitimate-optot,197055,RES-2021-2402,2,"YAKUBU DANTANI"
178354,2,legitimate-optot,197086,"KNML 8523",KANGIS,"YAKUBU DANTANI"
8452,2,collision,32993,CON-COM-2000-14,3,"JABSAL OIL & GAS LTD"
8452,2,collision,22151,RES-1992-6069,2,"SANI MALAKOTIYO"
13879,2,collision,27657,RES-1991-746,1,"KALLAMU ADAMU"
13879,2,collision,36183,CON-RES-1991-305,3,"MUHAMMAD DAN SABO"
30965,2,legitimate-linked,179637,RES-1985-586,1,"ALH KABIRU UBA ALI"
30965,2,legitimate-linked,179640,"KNML 1463",KANGIS,"ALH KABIRU UBA ALI"
8136,2,collision,33351,CON-COM-1990-82,3,"MAJOR GENERAL M.B HALADU"
8136,2,collision,21832,RES-1992-5049,2,"HADIZA KABIRU"
12224,2,collision,25929,CON-RES-1982-1157,3,"KABIRU GARBA"
12224,2,collision,26206,CON-RES-1984-412,3,"MR SUNDAY ADEOYE OYEBISI"
7733,2,collision,21424,RES-1992-4468,2,"ALH DALLADI, HAJIYA SAFIYA DABA, HAJIYA ASABE IBRAHIM"
7733,2,collision,26062,CON-COM-1982-134,3,"AMMASCO INTERNATIONAL LTD."
4582,2,legitimate-linked,170049,"MLKN 2686",KANGIS,"ABDULKADIR AMINU IBRAHIM"
4582,2,legitimate-linked,18257,RES-1992-5320,2,"DR ABU ALASAN"
29967,2,legitimate-linked,186883,RES-1983-875,1,"ALI ALI MOHAMMED"
29967,2,legitimate-linked,186901,"KNML 9608",KANGIS,"ALI ALI MOHAMMED"
12715,2,legitimate-optot,26421,RES-1982-1968,1,"EL-TAYEB REAL ESTATE LTD"
12715,2,legitimate-optot,32289,CON-RES-1987-1017,3,"ALHAJI BALA NA DANLAMI"
14912,2,collision,28703,RES-1993-1882,2,"HAJIYA HALIMA ABACHA"
14912,2,collision,38354,CON-RES-1998-253,3,"MR ALBAERT C OKUDO"
46722,2,legitimate-optot,197353,"KNML 9794",KANGIS,"MURTALA ADHAMA"
46722,2,legitimate-optot,197335,RES-2000-1981,2,"MURTALA ADHAMA"
66790,2,legitimate-optot,198554,RES-RC-1982-999,1,"MARYAM ABUBAKAR BALLA"
66790,2,legitimate-optot,198560,"KNML 564",KANGIS,"MARYAM ABUBAKAR BALLA"
154834,2,legitimate-linked,179161,RES-2009-6021,2,"AIR COMM. ISYAKU UMAR"
154834,2,legitimate-linked,179171,KN4734,KANGIS,"AIR COMM. ISYAKU UMAR"
53677,2,legitimate-optot,180599,RES-2010-593,2,"MR. FRANCIS SOPURUCHI WILLIAMS MBAH"
53677,2,legitimate-optot,180620,"KNML 7082",KANGIS,"MR. FRANCIS SOPURUCHI WILLIAMS MBAH"
47753,2,legitimate-linked,194760,RES-2000-692,2,"ABDULLAHI MUSA IDRIS"
47753,2,legitimate-linked,194786,KN4752,KANGIS,"ABDULLAHI MUSA IDRIS"
11342,2,collision,25046,CON-RES-1984-294,3,"ALHAJI LAWAN TELA"
11342,2,collision,23916,CON-RES-1982-1630,3,"ALHAJI ARMA YA'U"
34872,2,legitimate-optot,191630,RES-1990-1263,1,"ALH SANUSI ADAMU"
34872,2,legitimate-optot,191667,"KNML 2486",KANGIS,"SANUSI ADAMU ALHAJI"
151314,2,legitimate-linked,174552,CON-RES-2012-142,3,"ALH IDRIS HARUNA ZUBAIRU"
151314,2,legitimate-linked,174580,"KNML 1250",KANGIS,"ALH IDRIS HARUNA ZUBAIRU"
11683,2,collision,25387,CON-RES-1983-713,3,"ALHAJI SANI ABDULLAHI"
11683,2,collision,30701,CON-RES-1982-680,3,"ALHAJI SANI DANDADA"
148952,2,legitimate-linked,172308,CON-COM-2022-149,3,"ALHAJI ALI BALARABE GORA"
148952,2,legitimate-linked,172315,"MLKN 4561",KANGIS,"ALHAJI ALI BALARABE GORA"
13416,2,collision,26199,CON-RES-1988-386,3,"ALHAJI ABUBAKAR ISAH"
13416,2,collision,27190,RES-1991-400,1,"MIJINYAWA ABDU"
15313,2,collision,29111,RES-1993-3450,2,"ALH HARUNA"
15313,2,collision,32983,CON-RES-2003-123,3,"IBRAHIM YAYI IDRIS"
11865,2,collision,32092,CON-RES-1983-164,3,"ALHAJI INUWA TANGAZA"
11865,2,collision,25570,CON-RES-1993-618,3,"ALHAJI MALIKI IBRAHIM GUNDUWAWA"
15332,2,collision,32903,CON-RES-2003-189,3,"SA'AD TIJJANI AND 3 OTHERS"
15332,2,collision,29130,RES-1993-3509,2,"SA'ADU HALADU"
14790,2,collision,28580,RES-1993-1354,2,"ALHAJI YAHAYA HABIBU KADEMI"
14790,2,collision,38672,CON-RES-1997-166,3,"MR BONIFACE E IBEKWE"
18080,2,collision,21746,CON-RES-RC-1982-352,3,"MR. B. OLAYINKA"
18080,2,collision,31884,CON-RES-1984-23,3,"MOHAMMED SANI AHMED"
12590,2,collision,24825,CON-RES-1986-207,3,"ALH. UMARU ABDUL-AZIZ, ALHAJI BATURE ABDUL-AZIZ & ALH. SADI ABDUL-AZIZ"
12590,2,collision,26296,CON-RES-1986-284,3,"ALHAJI SAGIR ISHAK"
12418,2,collision,26123,CON-RES-1989-268,3,"ALHAJI SANUSI RABIU ABUGA"
12418,2,collision,32579,CON-RES-1985-35,3,"ALHAJI ISA ADEJO"
66837,2,legitimate-linked,169955,RES-RC-1983-139,1,"ALH MOHAMMED SANI SHARIFF"
66837,2,legitimate-linked,170022,KN4675,KANGIS,"ALH MOHAMMED SANI SHARIFF"
11620,2,collision,25324,CON-RES-1984-485,3,"ALHAJI BABALLE ILA"
11620,2,collision,31082,CON-RES-1982-574,3,"ALHAJI BASHIR LABARAN"
13708,2,collision,17801,CON-RES-1990-144,3,"ALHAJI MOHAMMED USMAN"
13708,2,collision,27485,RES-1990-4086,1,"BADAMASI NUHU LIMAN"
53468,2,legitimate-linked,181379,RES-2010-2819,2,"ALHAJI HASSAN MOHAMMED"
53468,2,legitimate-linked,181380,"KNML 1976",KANGIS,"ALHAJI HASSAN MOHAMMED"
11260,2,collision,24964,CON-RES-1982-951,3,"ADAMU BAUCHI"
11260,2,collision,29688,CON-RES-1982-1422,3,"ALHAJI SHAZALI SHA'AIBU"
175858,2,legitimate-linked,195122,IND-RC-2023-1,1,"DANGADO PLASTIC LIMITED"
175858,2,legitimate-linked,195127,KN2462,KANGIS,"DANGADO PLASTIC LIMITED"
10635,2,collision,24338,CON-RES-1988-526,3,"ALHAJI HALIRU YAKUBU"
10635,2,collision,32553,CON-IND-RC-1982-1,3,"NIGERIAN COMBINE INDUSTRIAL LIMITED"
17539,2,legitimate-linked,31342,CON-RES-1995-495,3,"ALHAJI JAMILU SUNUSI"
17539,2,legitimate-linked,187263,KN5153,KANGIS,"MURTALA ABDULLAHI JEGA"
11642,2,collision,23525,CON-RES-1982-608,3,"ALHAJI AUWALU AHMED"
11642,2,collision,25346,CON-RES-1985-131,3,"ALHAJI GARBA AMINU"
24036,2,collision,47003,CON-RES-1999-75,3,"AHMED MOHAMMED JEGA"
24036,2,collision,47052,CON-RES-1998-292,3,"ALH TUKUR ABDULKADIR"
161144,2,legitimate-linked,191918,KN4592,,"MURTALA ABDULLAHI JEGA"
161144,2,legitimate-linked,184587,KN4592_4,KANGIS,"MURTALA ABDULLAHI JEGA"
8244,2,collision,21941,CON-RES-2009-1020,3,"ALHAJI DANLADI WADARI FAGGE"
8244,2,collision,33168,CON-COM-1993-49,3,"ALH HARUNA Y DANMAI UNGUWA"
13460,2,collision,33323,CON-RES-1988-499,3,"MR ARON AMALACHUKWU MOTUANYA"
13460,2,collision,27234,RES-1991-452,1,"SYLVESTER I. ANI"
10996,2,collision,24700,CON-RES-1985-85,3,"REDEEMED CHRISTAIN CHURCH OF GOD"
10996,2,collision,14524,CON-RES-1981-568,3,"ALH WADA AMINU"
11934,2,collision,25639,CON-RES-1985-560,3,"SAMUEL OLUSOLA"
11934,2,collision,25981,CON-RES-1983-315,3,"DESMOND O. UKAH"
171949,2,legitimate-linked,192474,CON-RES-2023-7381,3,"FAIZU MUHAMMAD GALADIMA"
171949,2,legitimate-linked,192492,KN4584,KANGIS,"MURTALA ABDULLAHI JEGA"
17996,2,collision,31800,CON-RES-1984-690,3,"IBRAHIM BAFFA"
17996,2,collision,20366,CON-RES-RC-1982-219,3,"ALHAJI ZAKARI MAI GORO"
17431,2,collision,31234,CON-RES-1995-453,3,"ALH. ALI BALA"
17431,2,collision,184393,KN5454,KANGIS,"MURTALA ABDULLAHI JEGA"
11645,2,collision,23410,CON-RES-1982-612,3,"YUNUSA ABDULLAHI"
11645,2,collision,25349,CON-RES-1985-150,3,"ALHAJI GARBA MAIKWANO SHESHE"
15338,2,collision,29136,RES-1993-3517,2,"DANJUMMAI FADA"
15338,2,collision,32901,CON-RES-2003-207,3,"ALHAJI YUSUF USMAN"
7186,2,collision,16988,CON-AG-1985-30,3,"ABDULMUMINI A YELWA"
7186,2,collision,20873,CON-AG-1983-9,3,"ABDULLAHI WADA LAWAN"
145257,2,legitimate-linked,168168,CON-RES-2003-93,3,"ALH SADI ABDU"
145257,2,legitimate-linked,168186,"KNML 3714",KANGIS,"ALH SADI ABDU"
17490,2,collision,185457,KN5437,KANGIS,"MURTALA ABDULLAHI JEGA"
17490,2,collision,31293,CON-COM-1995-83,3,"NIGERIAN INTERPRISES"
7128,2,collision,20815,RES-1992-3436,2,"MUSA LAWAN FAGGE"
7128,2,collision,16979,CON-AG-1983-96,3,"ALHAJI ABDULKADIR SANI"
13455,2,collision,27229,RES-1991-445,1,"MOHAMMED ABUBAKAR SADIQ"
13455,2,collision,33294,CON-RES-1988-481,3,"ALH NAZIRU RABI'U"
7872,2,collision,21564,RES-1992-4549,2,"LAMI IDRIS"
7872,2,collision,29484,CON-COM-1983-14,3,"ALHAJI SHEHU BABA KUSA"
155111,2,legitimate-optot,179430,RES-2014-1605,2,"IBRAHIM ABUBAKAR"
155111,2,legitimate-optot,179454,KN4417,KANGIS,"IBRAHIM ABUBAKAR"
15393,2,collision,34685,CON-RES-2004-155,3,"SULEIMAN UBA MOHAMMAD"
15393,2,collision,29191,RES-1993-3623,2,"AHMED BAFFA"
12361,2,legitimate-linked,26066,CON-RES-1982-337,3,"ALHAJI WADA AMINU"
12361,2,legitimate-linked,34389,CON-RES-1985-166,3,"DANMARNA PETROLEU  LIMITED"
14346,2,collision,21164,CON-RES-1994-218,3,"ALHAJI KABIRU SANI YAKASAI"
14346,2,collision,28133,RES-1993-1964,2,"MAL SULE SANI"
14321,2,collision,28108,RES-1993-1691,2,"HAMZA MAIJAKAI"
14321,2,collision,22265,CON-RES-1993-99,3,"ALH. SHARU GARBA ABDULLAHI"
12249,2,collision,25954,CON-IND-1982-30,3,"BEN ILODI"
12249,2,collision,25326,CON-RES-1984-497,3,"YAKUBU MU'AZU"
64895,2,legitimate-optot,182054,RES-RC-1981-317,1,"DAU ADAMU ALIYU"
64895,2,legitimate-optot,182062,"KNML 1994",KANGIS,"DAU ADAMU ALIYU"
13164,2,collision,33879,CON-RES-1987-691,3,"DAUDA AMINU"
13164,2,collision,26937,RES-1991-270,1,"UMARU MOHAMMAD BAFFA"
7832,2,collision,21524,CON-AG-1981-157,3,"ALHAJI IBRAHIM MAIMAI"
7832,2,collision,18176,CON-COM-1982-61,3,"KANAWA TRADING COMPANY LTD"
7010,2,collision,20694,CON-RES-1995-54,3,"ALH. DAUDA SHA'AIBU"
7010,2,collision,20374,CON-AG-1982-461,3,"BASHIR UBA KULO"
8509,2,collision,182120,CON-COM-2001-47,3,"SA'IDU ILIYASU"
8509,2,collision,22208,RES-1992-6136,2,"ABDULLAHI SHARU"
14324,2,collision,21127,CON-RES-1994-131,3,"MAI RABO HOTEL LTD"
14324,2,collision,28111,RES-1993-1694,2,"HAMZA MAIJAKAI"
26854,2,collision,178215,,1,"AL-BASHOMA NIGERIA LIMITED"
26854,2,collision,178271,"KNML 1919",KANGIS,"AL-BASHOMA NIGERIA LIMITED"
153307,2,legitimate-linked,190269,KN5233,KANGIS,"MURTALA ABDULLAHI JEGA"
153307,2,legitimate-linked,177596,CON-RES-2023-7281,3,"FAIZU MUHAMMAD GALADIMA"
11067,2,legitimate-optot,190750,CON-RES-1982-102,3,"ALH. TASI'U IBRAHIM"
11067,2,legitimate-optot,24771,CON-RES-1985-583,3,"EZE GABRIEL EMELOGU"
11162,2,collision,31025,CON-RES-1982-1213,3,"ALH. WADA AMINU"
11162,2,collision,24866,CON-RES-1986-274,3,"ALH. IDI ALIKO KOKI"
1608,2,legitimate-linked,173367,COM-1996-17,1,"ABDULLAHI ADAMU DANGONGOLA"
1608,2,legitimate-linked,173404,KN3037,KANGIS,"ABDULLAHI ADAMU DANGONGOLA"
11655,2,legitimate-optot,26069,CON-RES-1982-625,3,"ALHAJI DANLADI UMARU MAKERI"
11655,2,legitimate-optot,25359,CON-COM-RC-1982-28,3,"MUSA MAILAFIYA PETROLEUM (NIG) LTD"
165319,2,legitimate-linked,188108,RES-2006-1293,2,"YUSUF ABDULKARIM ABDULLAHI"
165319,2,legitimate-linked,188115,"KNML 2881",KANGIS,"YUSUF ABDULKARIM ABDULLAHI"
12349,2,collision,34536,CON-RES-1985-134,3,"ALHAJI RABIU DANGABI"
12349,2,collision,26054,CON-AG-1982-309,3,"ALHAJI USAINI IBRAHIM"
13044,2,collision,33885,CON-RES-1987-386,3,"AMINU KANO TEACHING HOSPITAL"
13044,2,collision,26816,RES-1991-135,1,"ALHAJI ASHIRU SULEIMAN"
10741,2,collision,14243,CON-RES-1981-116,3,"ALH MUHAMMED NURA"
10741,2,collision,24444,CON-RES-1987-655,3,"ALHAJI AUWALU NUHU"
12186,2,collision,25891,CON-RES-1988-543,3,"ALHAJI GAMBO DAN ZABUWA"
12186,2,collision,26229,CON-RES-1984-268,3,"ALHAJI NURA HARISU IBRAHIM"
150854,2,legitimate-linked,174113,RES-2013-532,2,"BABALE AND KASIMU DANLAMI"
150854,2,legitimate-linked,174533,KN3869,KANGIS,"BABALE AND KASIMU DANLAMI"
12497,2,collision,26203,CON-RES-1984-460,3,"ALHAJI KAWU NA AIYA"
12497,2,collision,33499,CON-RES-1985-56,3,"MOHAMMADU M.T FADALLAH & SON"
7416,2,collision,21107,CON-RES-1995-427,3,"ALHAJI LABARAN MOHD"
7416,2,collision,22694,CON-AG-1996-4,3,"SAUDE ABDULLAHI ALIYU"
17433,2,collision,184467,KN5373,KANGIS,"MURTALA ABDULLAHI JEGA"
17433,2,collision,31236,CON-RES-1995-456,3,"ALHAJI MUHAMMED BASHIR KHALID"
145223,2,legitimate-optot,168121,RES-2015-4672,2,"ABDULLAHI ADO BAYERO"
145223,2,legitimate-optot,168122,"KNML 4055",KANGIS,"ABDULLAHI ADO BAYERO"
37737,2,legitimate-linked,188837,RES-2008-4676,2,"MUKHTARI A.S DANTATA"
37737,2,legitimate-linked,188896,RES-2008-4677,2,"MUKHTARI A. S. DANTATA"
13059,2,collision,30881,CON-RES-1987-419,3,"KASIMU ISA"
13059,2,collision,26832,RES-1991-148,1,"ALHAJI MU`AZU ADAMU"
7278,2,collision,21347,CON-AG-1987-79,3,"SABO IBRAHIM"
7278,2,collision,20965,CON-RES-1994-783,3,"ALHAJI ABUBAKAR WADA"
10839,2,collision,14174,CON-RES-1981-288,3,"ALHAJI USAINI ZAKARI"
10839,2,collision,24543,CON-RES-1987-15,3,"MOHAMMED MAI YAN MAKARANTA"
152896,2,legitimate-linked,176330,CON-AG-2021-117,3,"MUJITTAFA AYUBA"
152896,2,legitimate-linked,176332,"MLKN 4417",KANGIS,"MUJITTAFA AYUBA"
15801,2,legitimate-optot,47182,CON-RES-2007-31,3,"JOSEPH UBA"
15801,2,legitimate-optot,29600,CON-COM-RC-1988-4,3,"UNIPETROL NIGERIA LIMITED"
12485,2,collision,26191,CON-RES-1988-351,3,"ALHAJI SULAIMAN MOHAMMED"
12485,2,collision,30446,CON-RES-1985-533,3,"JOSEPH ITAKPE"
178211,2,legitimate-linked,196942,COM-2023-82,1,"ABDULLAHI TANKO DANBABA"
178211,2,legitimate-linked,198589,"MLKN 4185",KANGIS,"ABDULLAHI TANKO DANBABA"
17465,2,collision,31268,CON-COM-1995-7,3,"ALHAJI ABDULLAHI SARKI IBRAHIM"
17465,2,collision,184296,KN5381,KANGIS,"MURTALA ABDULLAHI JEGA"
11133,2,collision,24837,CON-RES-1986-220,3,"ALHAJI ALI BABALE"
11133,2,collision,23921,CON-RES-1982-1155,3,"MUHAMMAD KABIR HARUNA"
27590,2,legitimate-linked,179537,RES-1981-596,1,"ALH GIMBA T.K. BAJOGA"
27590,2,legitimate-linked,179547,"KNML 1228",KANGIS,"NAJIB  ALHAJI ABDULLAHI"
11320,2,collision,25024,CON-RES-1983-344,3,"SANI MOHAMMED MADI"
11320,2,collision,31067,CON-RES-1982-156,3,"MR OLU OMIMIM"
149606,2,legitimate-linked,172896,CON-COM-2018-299,3,"ALH YAHAYA DAN IDI SULE"
149606,2,legitimate-linked,172898,KN3469,KANGIS,"ALH YAHAYA DAN IDI SULE"
22172,2,legitimate-linked,35909,CON-RES-1992-156,3,"MADAM KANDE DAN ABU"
22172,2,legitimate-linked,186987,COM-RC-1982-285,1,"MOUKARIM BROTHERS (KANO) LIMITED"
10244,2,collision,23946,CON-RES-1989-404,3,"MADAKI RABIU"
10244,2,collision,32530,CON-COM-RC-1981-40,3,"ALHAJI LUKUMAN ABUBAKAR"
6240,2,collision,19921,RES-1982-943,1,"ALHAJI ABUBAKAR NAMADI"
6240,2,collision,184835,COM-RC-1982-500,1,"ALH SALISU MUSA SAMBAJO"
12140,2,collision,31843,CON-RES-1984-113,3,"ALHAJI UMARU HUSAINI"
12140,2,collision,25845,CON-AG-1985-178,3,"ALFA WALI"
13547,2,collision,29767,CON-RES-1989-139,3,"MR. LIVINUS AZUOKWU"
13547,2,collision,27321,RES-1990-2961,1,"ABBAS SHEHU"
8193,2,collision,33408,CON-COM-1992-47,3,"ALH HABIBU ISA"
8193,2,collision,21890,CON-RES-2009-571,3,"ALHAJI SADUKU SALISU"
11924,2,collision,25629,CON-RES-1984-148,3,"ALHAJI ABDU ABUBAKAR"
11924,2,collision,23862,CON-RES-1983-294,3,"ALHAJI BAITA BALA TALLE"
14568,2,collision,28355,RES-1992-7359,2,"UMARU ALI"
14568,2,collision,31186,CON-RES-1995-178,3,"MR. ALPHONSUS C. ANULIGO"
18217,2,collision,32021,CON-RES-1983-603,3,"ABUBAKAR UMARU"
18217,2,collision,34522,CON-RES-RC-1982-492,3,"ALHAJI NURA TURAKI"
58066,2,legitimate-linked,180503,RES-2018-249,2,"DR. MOHAMMED IDRIS YAHAYA"
58066,2,legitimate-linked,180504,"KNML 5878",KANGIS,"DR. MOHAMMED IDRIS YAHAYA"
170677,2,legitimate-linked,191449,RES-2008-5301,2,"ZUWAIRA ZAKARI YA'U"
170677,2,legitimate-linked,191451,"KNML 1622",KANGIS,"ZUWAIRA ZAKARI YA'U"
16088,2,collision,35406,CON-RES-2009-23,3,"ALHAJI MAMUDA UMAR ALASSAN"
16088,2,collision,29887,CON-RES-1994-645,3,"DANLITI MUHAMMADU"
178899,2,legitimate-linked,197520,CON-COM-2026-638,3,"NATA'ALA PROPERTIES & INVESTMENT LIMITED"
178899,2,legitimate-linked,197533,CON-RES-2026-3005,3,"NATA'ALA PROPERTIES & INVESTMENT LIMITED"
149059,2,legitimate-linked,172435,CON-COM-2025-738,3,"SAMUEL BUKOLA AJAYI"
149059,2,legitimate-linked,172448,KN5335,KANGIS,"SAMUEL BUKOLA AJAYI"
115466,2,legitimate-linked,169162,CON-COM-2021-679,3,"SADAM ALI MUHAMMAD"
115466,2,legitimate-linked,169199,KN3108,KANGIS,"SADAM ALI MUHAMMAD"
15593,2,collision,29392,CON-RES-1987-474,3,"THE REGISTERED TRUSTEES OF ECWA"
15593,2,collision,32797,CON-RES-2005-308,3,"NWADIKE AMBROSE OGUZIE"
148796,2,legitimate-linked,172239,RES-2010-2596,2,"ALH. ABDULLAHI SAMBO."
148796,2,legitimate-linked,172242,KN3844,KANGIS,"ALH. ABDULLAHI SAMBO."
18206,2,collision,32010,CON-RES-1983-632,3,"HAJIYA BINTA ABDULAZIZ"
18206,2,collision,18972,CON-RES-RC-1982-482,3,"ALHAJI MOHAMMED INUWA"
164440,2,legitimate-linked,187300,CON-RES-2014-25,3,"MUHAMMAD NAFI'U LAWAN"
164440,2,legitimate-linked,187331,KN1782,KANGIS,"MUHAMMAD NAFI'U LAWAN"
14763,2,collision,37148,CON-RES-1996-557,3,"HAMZA ADO KALAIKU"
14763,2,collision,28552,RES-1993-1218,2,"SA'IDU MAI UNGUWA"
14053,2,collision,27840,RES-1993-512,2,"ALHAJI UMARU AHMED"
14053,2,collision,35774,CON-RES-1992-355,3,"ALHAJI AMINU GALADIMA"
153955,2,legitimate-linked,178293,CON-RES-2023-7346,3,"FAIZU MUHAMMAD GALADIMA"
153955,2,legitimate-linked,189614,KN4582,KANGIS,"MURTALA ABDULLAHI JEGA"
14152,2,legitimate-optot,27939,RES-1993-1189,2,"ZUBAIRU ABDULLAHI"
14152,2,legitimate-optot,23101,CON-RES-1992-639,3,"ALH. UMAR IBRAHIM"
17512,2,collision,185540,KN5391,KANGIS,"MURTALA ABDULLAHI JEGA"
17512,2,collision,31315,CON-COM-1995-81,3,"QUA IBOE CHURCH OF NIGERIA"
18353,2,collision,19831,CON-RES-RC-1982-632,3,"ABUBAKAR S. MOHAMMED"
18353,2,collision,32157,CON-RES-1987-1411,3,"MOSES I AYOOLA"
16233,2,collision,21934,CON-RES-2009-771,3,"SUNUSI ALKASIM"
16233,2,collision,30032,CON-RES-1990-77,3,"ALHAJI ABDULLAHI ISA"
176218,2,legitimate-linked,195392,RES-2000-1770,2,"BADAMASI YAHAYA"
176218,2,legitimate-linked,195404,"KNML 1414",KANGIS,"MUHAMMAD AHMAD"
153977,2,legitimate-linked,181828,KN5246,KANGIS,"MURTALA ABDULLAHI JEGA"
153977,2,legitimate-linked,178321,CON-RES-2023-7379,3,"FAIZU MUHAMMAD GALADIMA"
14703,2,collision,36831,CON-RES-1996-149,3,"ALHAJI IBRAHIM INUWA KOS"
14703,2,collision,28491,RES-1993-419,2,"ABDUL'AZIZ RABI'U"
18360,2,collision,19545,CON-RES-RC-1982-641,3,"ALHAJI NABABA ABDULMUMINI"
18360,2,collision,32164,CON-RES-1987-783,3,"HAJIYA AISHA FULANI"
11323,2,collision,25027,CON-RES-1983-775,3,"ALHAJI SANUSI MUSA DANDINDILE"
11323,2,collision,25110,CON-RES-1982-1572,3,"HAJIYA SARAUNIYA BABA"
6958,2,collision,18752,CON-AG-1982-28,3,"ALHAJI RABIU MARSHALL"
6958,2,collision,20642,RES-1992-3123,2,"BABAN SORO AHMADU"
12476,2,collision,26182,CON-RES-1988-185,3,"ALHAJI RAHEEM ALANI OLOJO"
12476,2,collision,22969,CON-RES-1985-509,3,"ALHAJI MOHAMMED BELLO & SONS"
17923,2,collision,31727,CON-IND-1984-13,3,"ALHAJI SIR MUHAMMADU SANUSI"
17923,2,collision,20353,CON-RES-RC-1982-149,3,"ALHAJI TURAWA YOLA"
18347,2,collision,32151,CON-RES-1987-738,3,"C.A. UDEFUNA"
18347,2,collision,19833,CON-RES-RC-1982-625,3,"ALHAJI ALI ABDULLAHI"
11479,2,collision,25183,CON-RES-1982-1144,3,"MALLAM YAHAYA LIMAN"
11479,2,collision,31095,CON-RES-1982-366,3,"ALHAJI IBRAHIM MOHAMMED"
12950,2,legitimate-optot,26722,RES-1982-228,1,"ALH. ILIYASU IDRISU ILLO"
12950,2,legitimate-optot,30825,CON-RES-1987-20,3,"ALH. IDRIS ISA"
11864,2,collision,32013,CON-RES-1983-163,3,"ALHAJI INUWA TANGAZA"
11864,2,collision,25569,CON-RES-1993-616,3,"HADI AHMED AND MAHADI AHMED"
12145,2,collision,25615,CON-RES-1984-127,3,"ALHAJI AHMED MOHAMMED HADEJIA"
12145,2,collision,25850,CON-AG-1985-104,3,"ALH KABIRU SHA'AIBU"
14940,2,collision,28732,RES-1993-1961,2,"ALHAJI TANKO GUZA"
14940,2,collision,38355,CON-RES-1998-350,3,"ALH IBRAHIM INUWA KABARA"
13215,2,legitimate-linked,26988,CON-RES-1982-1453,3,"ALHAJI SULE IBRAHIM"
13215,2,legitimate-linked,29426,CON-RES-1987-801,3,"MR. SYLVESTER I. NJIDEFFOR"
17769,2,collision,31573,CON-COM-2004-25,3,"ALHAJI GALI ALIYU GAYA"
17769,2,collision,16713,CON-RES-RC-1981-154,3,"HAJIYA BARA DANTATA"
12817,2,collision,26589,RES-1982-2415,1,"AUWALU ZUBAIRU DAN GORA"
12817,2,collision,32328,CON-RES-1987-1207,3,"MRS IBIDUN ADEDOKUN ASESO"
115845,2,legitimate-optot,174798,RES-2015-1123,2,"DR IDRIS SULAIMAN ABUBAKAR"
115845,2,legitimate-optot,174806,KN3266,KANGIS,"DR IDRIS SULAIMAN ABUBAKAR"
10898,2,collision,24602,CON-RES-1987-913,3,"MR.ADULFUS OHAYAGHA"
10898,2,collision,19140,CON-RES-1981-369,3,"ALHAJI YAYA SULEIMAN"
8718,2,legitimate-optot,32823,CON-COM-2005-77,3,"ALHAJI MAGAJI BELLO"
8718,2,legitimate-optot,22417,RES-1992-6454,2,"ALHAJI ABBA SHERIFF"
11016,2,collision,24720,CON-RES-1985-330,3,"AEXISONS ENTERPRISES NIG. LTD"
11016,2,collision,15017,CON-RES-1981-600,3,"HAJIYA GAJI NAGODA"
16091,2,collision,29890,CON-RES-1994-658,3,"ALHAJI IBRAHIM HALIL SULAIMAN"
16091,2,collision,22115,CON-RES-2009-233,3,"USMAN MAIKUDI HARUNA"
13405,2,collision,29974,CON-RES-1988-364,3,"BABA SHEHU MUHAMMAD"
13405,2,collision,27179,RES-1991-389,1,"ALH MOHAMMED ADAMU"
10338,2,collision,24040,CON-RES-1989-20,3,"ALHAJI MUHAMMADU GANA"
10338,2,collision,32571,CON-COM-RC-1982-94,3,"MRS. A. O.ADESANYA"
7882,2,collision,29496,CON-COM-1983-31,3,"ALHAJI SIRAJO A. HARISU"
7882,2,collision,21574,RES-1992-4579,2,"AMINU ADAMU GEZAWA"
13205,2,collision,26978,CON-RES-1982-1007,3,"AMANA AUDU JAMES"
13205,2,collision,30544,CON-RES-1987-786,3,"MR DWIN A JOHN"
8370,2,collision,22069,CON-RES-2009-226,3,"ALH. ABBAS SALE MACHIKA"
8370,2,collision,32679,CON-COM-1997-38,3,"A. A. RANO NIGERIA LIMITED"
13707,2,collision,27484,RES-1990-4090,1,"IDRISU MUHAMMADU"
13707,2,collision,36234,CON-RES-1990-14,3,"ALHAJI BALA DANMAFARA"
15428,2,collision,29226,CON-RES-1984-659,3,"ALHAJI SHEHU FAJEWA"
15428,2,collision,31595,CON-RES-2004-287,3,"BALA MOHAMMED GETSO"
156396,2,legitimate-optot,181783,RES-2007-1857,2,"RUQAYYA MOHAMMED"
156396,2,legitimate-optot,180773,RES-2007-1856,2,"USMAN SANI HALADU"
175912,2,legitimate-linked,195164,COM-2025-1,1,"ABUBAKAR SAIDU SUFI"
175912,2,legitimate-linked,195166,KN2715,KANGIS,"ABUBAKAR SAIDU SUFI"
7050,2,collision,20736,CON-RES-1995-205,3,"SALMANU ALI SHARADA"
7050,2,collision,18550,CON-AG-1982-590,3,"UBALE IBRAHIM"
11807,2,collision,25511,CON-RES-1999-333,3,"ALHAJI SHAHIR RAGEH"
11807,2,collision,24960,CON-RES-1982-924,3,"DAVID GBADEBO OLUROUSHOLA"
12055,2,collision,25760,CON-RES-1983-822,3,"ALHAJI SHARIF ABDU YAKASAI"
12055,2,collision,25751,CON-RES-1983-653,3,"ALHAJI SALISU USMAN"
14645,2,collision,28433,RES-1993-241,2,"ALHAJI UMARU YAKUBU"
14645,2,collision,36806,CON-RES-1995-497,3,"ALHAJI ISMAILA MUKTHARI"
14329,2,legitimate-linked,21162,CON-RES-1994-148,3,"ALHAJI HABIBU YUSUF"
14329,2,legitimate-linked,178960,CON-COM-2010-347,3,"ALHAJI HABIBU YUSUF"
13770,2,collision,36241,CON-RES-1990-35,3,"ABBA UWAISU MOHAMMED"
13770,2,collision,27547,RES-1991-614,1,"UMAR IBRAHIM"
11489,2,collision,25193,CON-RES-1984-317,3,"ALHAJI FATAI LEKAN AKOREDE"
11489,2,collision,35268,CON-RES-1982-38,3,"KAHARU BADIRU ZAKARI YA'U"
10886,2,collision,24590,CON-RES-1987-1414,3,"ABDULKADIR ANAS KOKI"
10886,2,collision,19107,CON-RES-1981-347,3,"ALHAJI YAHAYA SHU'AIBU"
6952,2,collision,16496,CON-AG-1982-264,3,"ALHAJI LAWAN UMAR"
6952,2,collision,20636,RES-1992-3455,2,"LAWAN BELLO"
65092,2,legitimate-linked,180730,RES-RC-1982-1075,1,"ALI USMAN GEIDAM"
65092,2,legitimate-linked,180765,"KNML 9466",KANGIS,"ALI USMAN GEIDAM"
8690,2,legitimate-optot,32820,CON-COM-2005-27,3,"MR. ERIC E. UKEJEH"
8690,2,legitimate-optot,22389,RES-1992-6400,2,"MALAMA LAMI GARBA"
14759,2,collision,28548,RES-1993-1208,2,"HASIYA SA'ADATU YUSUF BADAKO"
14759,2,collision,36837,CON-RES-1996-368,3,"ALHAJI SANI ALI"
13634,2,collision,24034,CON-RES-1989-437,3,"ALH. KABIRU SULE BALARABE"
13634,2,collision,27408,RES-1990-2026,1,"ALHAJI IBRAHIM DANKANI"
8268,2,collision,21967,RES-1992-5758,2,"MAMUDA MAGINI SA'ADU"
8268,2,collision,29816,CON-COM-1994-16,3,"SUNUSI ISAH"
151726,2,legitimate-linked,174957,CON-RES-2022-100,3,"SANI UMAR"
151726,2,legitimate-linked,193275,CON-RES-2023-3271,3,"SANI UMAR"
152063,2,legitimate-linked,175323,RES-2020-1809,2,"ALH USMAN MUHAMMAD HASKE"
152063,2,legitimate-linked,175327,KN3647,KANGIS,"ALH USMAN MUHAMMAD HASKE"
13280,2,collision,27053,RES-1982-2250,1,"ABDULLAHI MOHAMMED"
13280,2,collision,29431,CON-RES-1987-951,3,"ALHAJI ABDULAZIZ USMAN"
17520,2,legitimate-linked,31323,CON-RES-1995-196,3,"MALLAM DAN-AZUMI BALARABE"
17520,2,legitimate-linked,187182,KN4869,KANGIS,"MURTALA ABDULLAHI JEGA"
14295,2,collision,37222,CON-RES-1993-561,3,"ALHAJI SALISU MOHAMMED"
14295,2,collision,28082,RES-1993-1656,2,"ALH LAWAN HUSAINI"
16574,2,collision,30374,CON-RES-1986-99,3,"ALHAJI AUDU GYADI GYADI"
16574,2,collision,186314,CON-RES-2013-522,3,"UDOCHUKWU KEVIN OBIEFUNA"
13523,2,legitimate-optot,36288,CON-RES-1988-888,3,"ALHAJI ABBA A. GARBA"
13523,2,legitimate-optot,27297,RES-1991-540,1,"BAHIJJA A.S. DANTATA"
13871,2,collision,36260,CON-RES-1991-278,3,"ISAH ALHAJI SA'IDU"
13871,2,collision,27649,RES-1991-735,1,"YAKUBU MAIKANO"
148223,2,legitimate-linked,171515,RES-2025-5405,2,"ALH UMAR BELLO SALIHU"
148223,2,legitimate-linked,171528,KN5039,KANGIS,"ALH UMAR BELLO SALIHU"
12388,2,collision,26093,CON-RES-1989-254,3,"ALHAJI JIMOH WASIU BELLO"
12388,2,collision,29336,CON-RES-1985-260,3,"ALHAJI ADAMU MALALA"
13835,2,collision,27613,RES-1991-692,1,"YAHAYA ALH INUWA"
13835,2,collision,23500,CON-RES-1991-13,3,"ALHAJI ZAKARI ABUBAKAR"
7289,2,collision,17003,CON-AG-1988-111,3,"USMAN GINSAU"
7289,2,collision,20976,RES-1992-3466,2,"IBRAHIM ISMAILA"
10427,2,collision,24130,CON-RES-1983-868,3,"EMMANUEL F.OTETE"
10427,2,collision,29467,CON-IND-1983-17,3,"BAFFA A. HAMZA"
7124,2,collision,21335,CON-AG-1983-83,3,"ALHAJI AHMED ISMA'ILA"
7124,2,collision,20811,RES-1992-3431,2,"AMADU BABANDI"
35295,2,legitimate-linked,187391,RES-1990-2339,1,"ALH MOHAMMAD MUSA SHEHU"
35295,2,legitimate-linked,187404,"KNML 277",KANGIS,"ALH MOHAMMAD MUSA SHEHU"
11207,2,collision,24911,CON-RES-1983-826,3,"ALHAJI BABBA MAIGOGE"
11207,2,collision,197827,CON-RES-1982-1308,3,"ALHAJI HAMISU BICHI"
7056,2,collision,19846,CON-AG-1982-60,3,"A.R.A JAFARU"
7056,2,collision,20742,CON-RES-1995-236,3,"SALO NIG.LTD"
127999,2,legitimate-linked,169367,CON-IND-2022-61,3,"ILERA MILLS LTD."
127999,2,legitimate-linked,169462,"MLKN 4481",KANGIS,"ILERA MILLS LTD."
170887,2,legitimate-linked,191633,RES-2002-4718,2,"IBRAHIM ABUBAKAR RAMADAN $ 3 OTHERS"
170887,2,legitimate-linked,191647,"KNML 2412",KANGIS,"NAZIFI SULEIMAN"
171030,2,legitimate-linked,191754,CON-RES-2011-250,3,"RABI'U ABDULLAHI"
171030,2,legitimate-linked,191769,"KNML 2408",KANGIS,"RABI'U ABDULLAHI"
16186,2,collision,29985,CON-RES-1988-175,3,"ALHAJI NURADDEEN LIMAN"
16186,2,collision,35336,CON-RES-2009-549,3,"MARYAM B BELLO"
141136,2,legitimate-linked,194650,COM-1998-180,1,"ALH YAHAYA ISYAKU"
141136,2,legitimate-linked,194677,COM-2022-489,1,"ALH. YAHAYA ISYAKA"
13705,2,collision,35980,CON-RES-1990-131,3,"TUKUR A BELLO"
13705,2,collision,27482,RES-1990-4088,1,"NASIRU MOHAMMED"
11238,2,legitimate-optot,31092,CON-RES-1982-1380,3,"HABIB MOHAMMED"
11238,2,legitimate-optot,24942,CON-RES-1982-532,3,"ALHAJI LAMARA HAJIJI"
155825,2,collision,180973,SLTR-217732,SLTR,"SHEHU GARBA"
155825,2,collision,180138,SLTR-217737,SLTR,"YUSUF WADA YUNUSA"
157675,2,legitimate-optot,181807,RES-2015-7874,2,"MUBARAK ABDULLAHI UMAR"
157675,2,legitimate-optot,181813,KN4268,KANGIS,"MUBARAK ABDULLAHI UMAR"
26940,2,legitimate-linked,187781,RES-1981-1469,1,"AHMAD MAHMOUD LAWI"
26940,2,legitimate-linked,187811,"KNML 2878",KANGIS,"AHMAD MAHMOUD LAWI"
17849,2,collision,31653,CON-RES-1982-279,3,"ALHAJI AHMADU GWADABE DAWAKI"
17849,2,collision,34547,CON-RES-RC-1981-96,3,"A B H BROTHERS MOTORS"
148329,2,legitimate-linked,172351,LPCC-2017-336,DCIV,"MUSTAPHA UMAR"
148329,2,legitimate-linked,171688,RES-2002-6479,2,"ALH. UMAR MAISALULA"
19626,2,collision,33431,CON-COM-1992-13,3,"SANI ADAMU GANO"
19626,2,collision,177949,IND-RC-1990-2,1,"AFRICAN AFRO COMMODITIES LTD"
13390,2,collision,27164,RES-1991-374,1,"COL. M. ABBA"
13390,2,collision,36048,CON-RES-1988-323,3,"JAMILA BUHARI"
13688,2,collision,27464,RES-1990-4443,1,"GALADIMA TURE DIREBA"
13688,2,collision,26155,CON-RES-1989-608,3,"SAIDU GARBA S/YA"
7018,2,collision,20702,CON-RES-1995-133,3,"NUHU ADAMU"
7018,2,collision,15587,CON-AG-1982-482,3,"MARKIE COMPANY LIMITED"
24039,2,collision,47006,CON-RES-1999-83,3,"ALHAJI SANI IDRIS"
24039,2,collision,47056,CON-RES-1998-281,3,"MUHAMMAD BABA SURAJO"
7090,2,collision,20776,RES-1992-3357,2,"ALI MOHAMMED AHMED"
7090,2,collision,20888,CON-AG-1983-185,3,"ALHAJI IDRIS HASHIM"
11942,2,collision,25255,CON-RES-1983-347,3,"MUHAMMED ALI"
11942,2,collision,25647,CON-RES-1982-981,3,"ABDULLAHI SANI HANGA"
13780,2,collision,27557,RES-1991-631,1,"IDIRS GARBA SAKATA"
13780,2,collision,30124,CON-RES-1990-399,3,"ALHAJI GARBA BADAMASI"
15305,2,collision,32927,CON-RES-2003-102,3,"ALHAJI NASIRU AHALI"
15305,2,collision,29103,RES-1993-3442,2,"ALH SHUAIBU ADAMU"
17785,2,collision,31589,CON-RES-2004-144,3,"ALHAJI NURA MAHARAZ"
17785,2,collision,32511,CON-RES-RC-1981-25,3,"ALHAJI ZUBAIRU A. BELLO"
145638,2,legitimate-linked,168615,RES-2003-2209,2,"ENGR. MOHD SARKI BELLO"
145638,2,legitimate-linked,170297,DCIV-2026-234,DCIV,"NASIR ABDU DANGIRI, SAN & CO"
18276,2,collision,20351,CON-RES-RC-1982-550,3,"ALHAJI ALI ZAKARI"
18276,2,collision,32080,CON-RES-1983-506,3,"ALHAJI MAMUDA A. SHEHU"
160985,2,legitimate-linked,184441,CON-RES-1983-443,3,"MR AND MRS IGNATUS NWOSU"
160985,2,legitimate-linked,184450,"KNML 1731",KANGIS,"MR AND MRS IGNATUS NWOSU"
8435,2,collision,22135,CON-RES-2009-740,3,"MR KENETH ABAH"
8435,2,collision,30297,CON-COM-1999-37,3,"MESSRS URALO PETROLEUM LIMITED"
14080,2,collision,27867,RES-1993-635,2,"ADO MUHAMMAD"
14080,2,collision,46969,CON-RES-1992-457,3,"MUHTARI USMAN BABURA"
13384,2,collision,27158,RES-1991-362,1,"ALHAJI ALI GARINDA'U"
13384,2,collision,24355,CON-RES-1988-30,3,"NASIRU MUDI IBRAHIM"
10909,2,collision,24613,CON-RES-1987-112,3,"ALHAJI MUDI AMADU"
10909,2,collision,19079,CON-RES-1981-39,3,"YAR GADA LINE LTD"
11526,2,collision,23456,CON-RES-1982-433,3,"MOHAMMED MUJTAPHA ABDU"
11526,2,collision,25230,CON-RES-1984-206,3,"ALHAJI SABO A BABA"
18093,2,collision,31897,CON-RES-1984-237,3,"ALHAJI ALI MOHAMMED"
18093,2,collision,30682,CON-RES-RC-1982-364,3,"ALHAJI IBRAHIM JA'AFARU GAYA"
12450,2,collision,26156,CON-RES-1989-610,3,"MR. LUKE EBOS ODION OSEIKA"
12450,2,collision,29346,CON-RES-1985-438,3,"ALHAJI DABO IBRAHIM"
18191,2,collision,31995,CON-RES-1983-605,3,"ALHAJI UBA SUNUSI"
18191,2,collision,30667,CON-RES-RC-1982-467,3,"ALHAJI MUSA"
8338,2,collision,22037,RES-1992-5886,2,"ISYAKU MOHAMMED DAURAWA"
8338,2,collision,31321,CON-COM-1995-99,3,"ALHAJI DANASABE AHMED"
12171,2,collision,22963,CON-RES-1984-211,3,"MAITAMA IBRAHIM"
12171,2,collision,25876,CON-RES-1988-336,3,"BASHIRU BABA NABEGU"
7014,2,collision,20698,CON-RES-1995-403,3,"DR HABIBU AHMED DABA"
7014,2,collision,21540,CON-AG-1982-470,3,"ALHAJI TURADU A. DANTATA"
148103,2,legitimate-linked,171366,CON-COM-2024-482,3,"SHEHU WAKILI"
148103,2,legitimate-linked,171371,KN3690,KANGIS,"SHEHU WAKILI"
13103,2,collision,26876,RES-1991-196,1,"ABBAS MOHAMMED HASSAN"
13103,2,collision,33896,CON-RES-1987-531,3,"ALI ABDULLAHI"
13631,2,collision,23949,CON-RES-1989-433,3,"ALHAJI HALIRU IBRAHIM"
13631,2,collision,27405,RES-1990-4486,1,"SARKIN DAWAKI UBALE"
13186,2,collision,32234,CON-RES-1987-746,3,"ANTHONY OKONKWO"
13186,2,collision,26959,RES-1991-296,1,"AUWALU ABDUL-JALIL"
7426,2,collision,21117,CON-RES-1994-779,3,"ALH SA'ADU BADAMASI"
7426,2,collision,23681,CON-AG-1998-23,3,"YAHUZA MUHAMMAD GAYA"
18112,2,collision,21745,CON-RES-RC-1982-388,3,"AMINU ABDULLAHI"
18112,2,collision,31916,CON-RES-1985-446,3,"ALI YAHAYA"
14237,2,collision,28024,RES-1993-1540,2,"ALH ABDU NALADO"
14237,2,collision,36792,CON-RES-1993-340,3,"ALHAJI ABBA HASSAN"
7663,2,collision,21354,CON-COM-1982-146,3,"MALLAM GANA ABUBAKAR USMAN"
7663,2,collision,17046,CON-COM-1981-120,3,"DUTSINMA TRADING CO. LIMITED"
14043,2,collision,27830,RES-1993-244,2,"ALH MALLAM ADHAMA"
14043,2,collision,37035,CON-RES-1992-32,3,"ALHAJI IBRAHIM INUWA"
7037,2,collision,20723,CON-RES-1995-243,3,"ALH. SADISU A U"
7037,2,collision,192557,CON-AG-1982-560,3,"ALHAJI SANI ALI"
15476,2,collision,29274,CON-RES-1985-427,3,"SALISU MOHD SAGAGI"
15476,2,collision,47178,CON-RES-2004-374,3,"KANO ELECTRICITY DISTRIBUTION PLC."
11591,2,collision,26370,CON-RES-1982-533,3,"ALHAJI AMINU GABARI"
11591,2,collision,25295,CON-RES-1984-602,3,"UMARU BABA DANFULANI"
27203,2,legitimate-linked,197046,RES-1981-189,1,"HAUWA ALIYU"
27203,2,legitimate-linked,197070,"KNML 8604",KANGIS,"HAUWA ALIYU"
16232,2,collision,30031,CON-RES-1990-76,3,"ALHAJI ABDULLAHI ISA"
16232,2,collision,21856,CON-RES-2009-770,3,"SUNUSI ALKASIM"
14175,2,collision,36688,CON-RES-1993-107,3,"MR AUGUSTINE SUNDAY OJUKWU"
14175,2,collision,27962,RES-1993-859,2,"ALH LABARAN IBRAHIM"
13541,2,collision,27315,RES-1990-2042,1,"MALAMA KUBRA I SULE"
13541,2,collision,30959,CON-RES-1989-125,3,"MR AKINDELE OGUNBE"
15074,2,collision,47076,CON-RES-1999-61,3,"ALH ABUBAKAR ALHASSAN"
15074,2,collision,28869,RES-1993-3136,2,"HAMZA USMAN DARMA"
7709,2,collision,15015,CON-COM-1981-86,3,"J.B.S PETROLEUM NIGERIA LIMITED"
7709,2,collision,21400,RES-1992-4407,2,"LIMAN UMARU"
147018,2,legitimate-optot,170113,RES-2023-5466,2,"EMMANUEL NWAJI"
147018,2,legitimate-optot,170125,KN4890,KANGIS,"EMMANUEL NWAJI"
151548,2,legitimate-linked,174723,CON-COM-2019-49,3,"KINGALE GLOBAL VENTURES LTD"
151548,2,legitimate-linked,174730,KN5084,KANGIS,"KINGALE GLOBAL VENTURES LTD"
163487,2,legitimate-linked,186580,CON-RES-2010-706,3,"IBRAHIM YUNUSA ABDULLAHI"
163487,2,legitimate-linked,195013,LPCC-2012-311,DCIV,"IBRAHIM YUNUSA ABDULLAHI"
7152,2,collision,20839,RES-1992-3263,2,"BELLO MOHMOUD"
7152,2,collision,173990,CON-AG-1984-35,3,"ALH HAMZA ABDULKADIR UMAR"
12648,2,collision,26354,CON-RES-1983-398,3,"ALHAJI GARBA A.D. INUWA"
12648,2,collision,33366,CON-RES-1986-356,3,"ALH MUHAMMADU DAN SARARI"
15424,2,legitimate-linked,31578,CON-RES-2004-281,3,"HUSSAINI IBRAHIM"
15424,2,legitimate-linked,29222,CON-RES-1984-234,3,"ALHAJI AMINU LAWAN"
18305,2,collision,19507,CON-RES-RC-1982-582,3,"ALHAJI SHARU TANKO KYAURE"
18305,2,collision,32109,CON-RES-1983-624,3,"HAJIA ASEBE REZA"
179787,2,legitimate-linked,198257,CON-COM-2021-27,3,"ABDULKARIM MUSA"
179787,2,legitimate-linked,198288,"MLKN 4337",KANGIS,"ABDULKARIM MUSA"
12903,2,collision,30931,CON-RES-1987-145,3,"PETER A. DIMONYE"
12903,2,collision,26675,RES-1982-2198,1,"ALHAJI SANI AHMED"
47208,2,legitimate-linked,195231,RES-2000-3556,2,"SABIU AND SANI BROTHERS LTD"
47208,2,legitimate-linked,195232,"KNML 8216",KANGIS,"SABIU AND SANI BROTHERS LTD"
18268,2,collision,32072,CON-RES-1983-518,3,"DR YEMI OGUNBIYI"
18268,2,collision,18943,CON-RES-RC-1982-542,3,"ALH HARUNA KASSIM & SONS LTD"
163289,2,legitimate-linked,186408,CON-RES-2012-257,3,"ALHAJI UMAR MOHAMMED ALIYU"
163289,2,legitimate-linked,186419,"KNML 1579",KANGIS,"ALHAJI UMAR MOHAMMED ALIYU"
15052,2,collision,28847,RES-1993-3029,2,"ALHAJI IDRIS DANLADI"
15052,2,collision,46935,CON-RES-1999-40,3,"ALH ISYAKA ALI"
178637,2,legitimate-linked,197277,COM-2015-73,1,"HUSSEIN MANSOUR GAZI"
178637,2,legitimate-linked,197283,"MLKN 1168",KANGIS,"HUSSEIN MANSOUR GAZI"
40550,2,legitimate-linked,173806,RES-1992-6906,2,"TAHIR SADISU BUHARI"
40550,2,legitimate-linked,173824,KN4416,KANGIS,"TAHIR SADISU BUHARI"
14474,2,collision,28261,RES-1994-1905,2,"USSAINI ADAMU"
14474,2,collision,23040,CON-RES-1994-470,3,"ALH. MUHD ABDU GULYA"
12469,2,collision,26175,CON-IND-1989-7,3,"ALHAJI GARBA BICHI & SONS"
12469,2,collision,33545,CON-RES-1985-50,3,"KABIRU S SHA'AIBU"
12794,2,collision,26566,RES-1982-2339,1,"UMAR BELLO AJINGI"
12794,2,collision,33565,CON-RES-1987-1150,3,"ALHAJI ABBA ISMAIL"
15485,2,collision,181852,"KNML 1705",KANGIS,"INDO TIJJANI BICHI"
15485,2,collision,29283,CON-RES-1985-428,3,"ALHAJI ABDULLAHI S. MADUGU"
43327,2,legitimate-optot,177853,RES-1995-1410,2,"LAWAN SAYYADI"
43327,2,legitimate-optot,177854,"KNML 44",KANGIS,"LAWAN SAYYADI"
7480,2,collision,15578,CON-AG-2006-34,3,"ALH. RUFAI ABUBAKAR"
7480,2,collision,21171,RES-1992-4218,2,"GARBA SANI"
10342,2,collision,25034,CON-COM-RC-1983-1,3,"ALHAJI SHEHU AZARE"
10342,2,collision,24044,CON-RES-1989-21,3,"ALHAJI DAUDA MUSTAPHA"
57515,2,legitimate-linked,175048,RES-2017-1503,2,"NAMANU ADAMU"
57515,2,legitimate-linked,175069,KN3839,KANGIS,"NAMANU ADAMU"
156164,2,legitimate-linked,180469,CON-IND-2022-67,3,"SADEEP MANGOTRA"
156164,2,legitimate-linked,180470,"MLKN 3710",KANGIS,"SADEEP MANGOTRA"
14372,2,collision,28159,RES-1993-2126,2,"MALLAM HASHIMU SULAIMAN"
14372,2,collision,29846,CON-RES-1994-269,3,"ALHAJI HAMIDU MAIWAKE"
42018,2,legitimate-linked,195148,RES-1993-6626,2,"RABIU HAMISU ISAH"
42018,2,legitimate-linked,195170,"KNML 9708",KANGIS,"RABIU ISAH HAMISU"
13053,2,collision,26825,RES-1991-142,1,"ALHAJI MAI YAYA MUSA"
13053,2,collision,30896,CON-RES-1987-403,3,"ALHAJI ADO DATTI"
7001,2,collision,18357,CON-AG-1982-410,3,"ALH USMAN MAMA`O SAUNA"
7001,2,collision,20685,CON-RES-1995-381,3,"ISYAKU RABIU & SONS LTD"
11880,2,collision,32096,CON-RES-1983-197,3,"ALHAJI DANJUMAI GUNDUWAWA"
11880,2,collision,25585,CON-RES-1991-384,3,"ALHAJI AUWALU ABDULSALAM"
66600,2,legitimate-linked,192412,RES-RC-1982-821,1,"MAL. AHAMAD SALIM"
66600,2,legitimate-linked,192449,"KNML 5087",KANGIS,"MAL. BELLO AHAMAD SALIM"
57489,2,legitimate-linked,195822,RES-2017-1109,2,"BASHIR NASIR"
57489,2,legitimate-linked,195839,"KNML 9533",KANGIS,"BASHIR NASIR"
17484,2,collision,31287,CON-COM-1995-71,3,"HAJIYA SAUDE A. ALIYU"
17484,2,collision,184713,KN5415,KANGIS,"MURTALA ABDULLAHI JEGA"
11908,2,collision,25613,CON-RES-1984-134,3,"ALHAJI MUDI RIMIN DADA"
11908,2,collision,23900,CON-RES-1983-261,3,"MOHAMMED TUKUR YUNUSA YAKASAI"
10933,2,collision,19165,CON-RES-1981-442,3,"MR EBENZER ADEYINKA"
10933,2,collision,24637,CON-RES-1988-511,3,"ALHAJI ADO ALKALI WUDIL"
7412,2,collision,21103,CON-RES-1995-408,3,"ALHAJI ALHASSAN UMAR TRADER"
7412,2,collision,22672,CON-AG-1996-18,3,"ALHAJI MAIKUDI .A. BABA KABUGA"
11599,2,collision,25303,CON-RES-1985-519,3,"ALHAJI ABBA GEZAWA"
11599,2,collision,31980,CON-RES-1982-547,3,"PAULINE OGUEJIOFOR"
164550,2,legitimate-linked,187408,CON-RES-2013-413,3,"ISMAILA SHUAIBU MAIGYARA"
164550,2,legitimate-linked,187410,"KNML 2879",KANGIS,"ISMAILA SHUAIBU MAIGYARA"
14994,2,collision,28788,RES-1993-2633,2,"BELLO MOHAMMED"
14994,2,collision,46955,CON-RES-1999-165,3,"ALH SAIDU D.ADHAMA"
7263,2,collision,18496,CON-AG-1987-5,3,"ALIYU ISA DANMARAYA"
7263,2,collision,20950,CON-RES-1993-565,3,"ALHAJI AHMED AMINU"
10932,2,collision,24636,CON-RES-1988-520,3,"ALHAJI HAMZA ISA"
10932,2,collision,19171,CON-RES-1981-441,3,"ALHAJI MAI YAYA MUSA"
10896,2,collision,24600,CON-RES-1987-918,3,"MR.G.N. EZEKWEM"
10896,2,collision,19109,CON-RES-1981-367,3,"IBRAHIM MAHMOUD"
12192,2,collision,25075,CON-RES-1984-280,3,"BAYERO UNIVERSITY  TEACHING HOSPITAL MGT BOARD"
12192,2,collision,25897,CON-RES-1988-471,3,"ABDULLAHI MUDI DANJUMA"
13034,2,collision,26806,RES-1991-121,1,"BALA SA`IDU"
13034,2,collision,27010,CON-RES-1987-364,3,"PIUS NNADIRI"
11814,2,collision,25518,CON-RES-1999-321,3,"ALHAHI HAMZA ISA"
11814,2,collision,23370,CON-RES-1982-94,3,"MOHAMMED MODIBBO YUSIF"
15427,2,collision,34626,CON-RES-2004-284,3,"MR MACMANUS C MKADO"
15427,2,collision,29225,CON-RES-1984-699,3,"ALHAJI ADO ABDULKADIR D/IYA"
180428,2,legitimate-linked,198751,CON-COM-2022-557,3,"ISMA'ILA ABDULLAHI YUSUF"
180428,2,legitimate-linked,198771,"MLKN 4361",KANGIS,"ISMA'ILA ABDULLAHI YUSUF"
10982,2,collision,24686,CON-RES-1983-884,3,"MALLAM AHMAD IBRAHIM"
10982,2,collision,14970,CON-RES-1981-542,3,"ALHAJI MUHAMMAD DAN GUSAU"
30863,2,legitimate-linked,196692,RES-1985-410,1,"ALHAJI AMINU NABEGU"
30863,2,legitimate-linked,196715,"KNML 2102",KANGIS,"ALHAJI AMINU NABEGU"
147359,2,legitimate-linked,170437,CON-COM-2020-233,3,"GREAT TEDECO CONCEPT NIG LTD"
147359,2,legitimate-linked,170439,"MLKN 3416",KANGIS,"GREAT TEDECO CONCEPT NIG LTD"
12330,2,collision,26035,CON-AG-1982-252,3,"ALHAJI ALI A. B. RANO"
12330,2,collision,31847,CON-RES-1984-9,3,"MR.SAIYE KEHINDE"
15679,2,legitimate-linked,29478,CON-COM-1983-5,3,"ALHAJI ABDULKADIR MOHAMMED"
15679,2,legitimate-linked,198703,CON-RES-2006-267,3,"ENGR. SAGIR IBRAHIM KOKI"
14288,2,collision,17843,CON-RES-1993-524,3,"HAJIYA HALIMA TAWAKALI"
14288,2,collision,28075,RES-1993-1632,2,"RABIU AMADU"
30303,2,legitimate-optot,171220,RES-1985-113,1,"CHIEF EMEKA ONYIDO"
30303,2,legitimate-optot,171274,"MLKN 2504",KANGIS,"PRINCE EMEKA ONYIDO"
18377,2,collision,34519,CON-RES-RC-1982-660,3,"BASHARI MOHAMMED"
18377,2,collision,32181,CON-RES-1987-283,3,"OLUGBENGA OLADEINDE"
13591,2,collision,27365,RES-1990-2487,1,"AUWALU JIBRIN"
13591,2,collision,23993,CON-RES-1989-27,3,"ALHAJI ISAYAKU AHMED"
8137,2,collision,21833,RES-1992-5050,2,"LAWAN DAN AGUNDI"
8137,2,collision,33344,CON-COM-1990-83,3,"ALH NASIDI INUWA"
10499,2,collision,24202,CON-RES-1988-114,3,"ALHAJI INUWA MAIKADARA"
10499,2,collision,32755,CON-IND-1998-4,3,"NDUBUISI BROTHERS INDUSTRIES NIGERIA LIMITED"
10745,2,collision,24448,CON-RES-1987-647,3,"H.S. WILSON"
10745,2,collision,14232,CON-RES-1981-124,3,"ALHAJI GARBA DAU"
112438,2,legitimate-linked,169086,CON-RES-2022-97,3,"ABDULLAHI SHEHU AYAGI"
112438,2,legitimate-linked,169102,KN3660,KANGIS,"ABDULLAHI SHEHU AYAGI"
29079,2,legitimate-linked,168528,RES-1982-434,1,"KABIRU TANIMU TURAKI."
29079,2,legitimate-linked,168565,KN4094,KANGIS,"KABIRU TANIMU TURAKI."
10785,2,collision,24488,CON-RES-1987-187,3,"THE FAMILY OF ADO DALHA"
10785,2,collision,15029,CON-RES-1981-2,3,"ALHAJI MAITAMA S/TAFARKI"
156519,2,legitimate-linked,180910,CON-RES-1987-153,3,"ALHAJI AISARU HARISU"
156519,2,legitimate-linked,180929,KN4191,KANGIS,"ALHAJI AISARU HARISU"
17820,2,collision,21484,CON-RES-RC-1981-63,3,"ALHAJI BABA NABEGU"
17820,2,collision,31624,CON-RES-1982-1234,3,"AMINU SHARIFF BAFFA"
52009,2,legitimate-optot,189821,RES-2009-1212,2,"IBRAHIM USMAN AUYO"
52009,2,legitimate-optot,189825,"KNML 2424",KANGIS,"IBRAHIM USMAN AUYO"
18089,2,collision,31893,CON-RES-1984-551,3,"ALHAJI SANI ZAWACIKI"
18089,2,collision,30669,CON-RES-RC-1982-360,3,"ALHAJI GARBA HALILU"
18065,2,collision,31869,CON-RES-1984-51,3,"ALHAJI ABDU O. MOHAMMAD"
18065,2,collision,19806,CON-RES-RC-1982-335,3,"ALHAJI TSOHO MAI TABA"
6991,2,collision,18327,CON-AG-1982-389,3,"ALHAJI BALA MUHTARI MAI MAI"
6991,2,collision,20675,CON-RES-1995-122,3,"ALHAJI MUHAMMADU BUKAR"
16265,2,collision,30064,CON-RES-1990-179,3,"ALHAJI SULE ABBAS"
16265,2,collision,35385,CON-RES-2009-905,3,"ALHAJI BATURE YAHAYA"
13536,2,collision,27310,RES-1991-554,1,"ALHAJI IDI FARAWA"
13536,2,collision,29762,CON-RES-1989-112,3,"ALHAJI SHEHU DOMA"
244,2,collision,20104,AG-RC-1982-55,1,"ALHAJI BALARABE YAKASAI"
244,2,collision,13899,CON-RES-1981-140,3,"MR JAMES EKELE"
152092,2,legitimate-optot,175358,RES-2023-5469,2,"EMMANUEL NNAJI"
152092,2,legitimate-optot,175379,KN4988,KANGIS,"EMMANUEL NNAJI"
147850,2,collision,171058,,2,"NASIRU DANGONGOLA"
147850,2,collision,171076,KN5058,KANGIS,"NASIRU DANGONGOLA"
145477,2,legitimate-linked,168450,RES-2022-1165,2,"IBRAHIM BELLO"
145477,2,legitimate-linked,168461,KN3481,KANGIS,"IBRAHIM BELLO"
14838,2,collision,28629,RES-1993-1487,2,"ALHAJI MAGAJI RABI'U"
14838,2,collision,47085,CON-RES-1997-303,3,"ALH HAMISU MOHD DANTINKI"
11772,2,collision,25476,CON-RES-1989-13,3,"ALHAJI ISAMA'ILA OMOH ALHASSAN"
11772,2,collision,25970,CON-RES-1982-861,3,"ALHAJI MALLAM NA ABBA"
148912,2,legitimate-linked,172278,CON-COM-2014-138,3,"ISMAILA UBA ABDU"
148912,2,legitimate-linked,172286,"MLKN 4538",KANGIS,"ISMAILA UBA ABDU"
12557,2,collision,26263,CON-RES-1986-62,3,"ALHAJI SHEHU SALISU ABUBAKAR"
12557,2,collision,31692,CON-RES-1986-11,3,"ALHAJI AUDU MAIKIMA & SONS"
11272,2,collision,24976,CON-RES-1982-1008,3,"AHMED TIJJANI ZUBAIRU"
11272,2,collision,35317,CON-RES-1982-1448,3,"ALHAJI SANI DANJUMA"
12580,2,collision,26286,CON-RES-1986-320,3,"ALHAJI DAN ASABE ABDULLAHI"
12580,2,collision,33384,CON-RES-1986-186,3,"MAL YAHYA ADAMU"
18400,2,collision,23690,CON-RES-RC-1982-686,3,"AHMED MOHAMMED GALORU"
18400,2,collision,32204,CON-RES-1982-854,3,"HAJIYA NANA MUSA"
12350,2,collision,26055,CON-AG-1982-306,3,"ALHAJI AUWALU ADAMU"
12350,2,collision,32595,CON-RES-1985-137,3,"ALHAJI SADI MAKAFIN DALA"
1181,2,legitimate-optot,185203,LPCC-2022-285,DCIV,"M.A BULAMA & CO"
1181,2,legitimate-optot,14842,RES-1981-591,1,"ALHAJI MUHAMMADU DAN MADAMI"
13188,2,collision,26961,RES-1991-300,1,"ABDULLAHI ALH. BALA"
13188,2,collision,30894,CON-RES-1987-750,3,"ALHAJI MOHAMMED NAGANGARE"
8032,2,collision,19217,CON-COM-1986-89,3,"ALHAJI WADA ILIYASU"
8032,2,collision,21726,CON-RES-1981-482,3,"ALHAJI YUSIF ABUBAKAR"
154881,2,legitimate-linked,179216,COM-2025-15,1,"NORTHWEST DEVELOPMENT COMMISSION"
154881,2,legitimate-linked,179223,SIT-2025-6,2,"NORTHWEST DEVELOPMENT COMMISSION"
14696,2,collision,37157,CON-RES-1996-132,3,"ALHAJI JIBRIN UMAR"
14696,2,collision,28484,RES-1993-440,2,"ISYAKU IBRAHIM"
11734,2,collision,25438,CON-RES-1985-228,3,"ALHAJI ISYAKU HASSAN"
11734,2,collision,31641,CON-RES-1982-790,3,"ALHAJI ADAMU MOHAMMED"
42193,2,legitimate-linked,189374,RES-1993-8239,2,"HASSAN MUHAMMED"
42193,2,legitimate-linked,189381,"KNML 2462",KANGIS,"HASSAN MUHAMMED"
14671,2,collision,33255,CON-RES-1995-605,3,"ALH BALA NUHU"
14671,2,collision,28459,RES-1993-335,2,"HAMZA USMAN"
61320,2,legitimate-linked,191943,RES-2022-643,2,"INUWA WAYA"
61320,2,legitimate-linked,191953,"KNML 8920",KANGIS,"INUWA WAYA"
18316,2,collision,32062,CON-RES-RC-1982-592,3,"ALHAJI DAUDA KAZAURE"
18316,2,collision,32120,CON-RES-1987-728,3,"MRS AFFIONG I.W. EKPO"
145850,2,legitimate-linked,168830,RES-2011-4046,2,"MUZAMMIL HAMZA IDRIS"
145850,2,legitimate-linked,169156,"KNML 4123",KANGIS,"MUZAMMIL HAMZA IDRIS"
150891,2,legitimate-linked,174146,CON-RES-2022-560,3,"ALH BALARABE YARO"
150891,2,legitimate-linked,174154,KN3687,KANGIS,"ALH BALARABE YARO"
17531,2,legitimate-linked,187210,KN5200,KANGIS,"MURTALA ABDULLAHI JEGA"
17531,2,legitimate-linked,31334,CON-RES-1995-454,3,"ABDULKADIR HAMZA KABARA"
8078,2,collision,21773,RES-1992-4870,2,"ADAMU GAMBO"
8078,2,collision,174565,CON-COM-1988-63,3,"SAIDU ILIYASU"
38726,2,legitimate-linked,174549,RES-1992-1553,2,"AMINU SALISU ILIYASU"
38726,2,legitimate-linked,174553,"KNML 1806",KANGIS,"MUHAMMAD SALIM GARBA"
42757,2,legitimate-optot,186196,RES-1994-2256,2,"BABA NASIRU LAWAL"
42757,2,legitimate-optot,186240,"KNML 255",KANGIS,"BABA NASIRU LAWAL"
15130,2,collision,33048,CON-RES-2000-52,3,"AL-KASSIM UMAR"
15130,2,collision,28927,RES-1993-3277,2,"ALHAJI SULE DANBUZU"
11414,2,collision,23385,CON-RES-1982-255,3,"MRS CHRISTIANAH FEYI MAJIYAGBE"
11414,2,collision,25118,CON-RES-1982-1133,3,"ALI MOHAMMED"
161864,2,legitimate-linked,185251,RES-2022-1837,2,"DR ALI MUSTAPHA KURAYSH"
161864,2,legitimate-linked,185273,KN1071,KANGIS,"DR ALI MUSTAPHA KURAYSH"
43586,2,legitimate-optot,173722,RES-1995-2158,2,"UMAR BALA SANDA"
43586,2,legitimate-optot,173766,"KNML 2491",KANGIS,"UMAR BALA SANDA"
18215,2,collision,25964,CON-RES-RC-1982-490,3,"ALHAJI SANI BELLO"
18215,2,collision,32019,CON-RES-1983-390,3,"GARBA DANKANO G. ZANFARAWA"
177663,2,legitimate-linked,196619,CON-IND-1998-13,3,"SALNUHA INVESTMENTS COMPANY NIG. LTD"
177663,2,legitimate-linked,196628,"MLKN 3659",KANGIS,"SALNUHA INVESTMENTS COMPANY NIG. LTD"
12448,2,collision,20898,CON-RES-1985-431,3,"ALHAJI ISA SUKUNI"
12448,2,collision,26154,CON-RES-1989-603,3,"HASHIMU GARBA ADAKAWA"
12211,2,collision,25916,CON-RES-1988-399,3,"KABIRU YAU"
12211,2,collision,25065,CON-RES-1984-339,3,"ALHAJI MUSA ADAMU"
154954,2,legitimate-optot,179303,RES-2018-2574,2,"ADAMU ABDULLAHI DANJUMMAI"
154954,2,legitimate-optot,179309,KN4480,KANGIS,"ADAMU ABDULLAHI DANJUMAI"
13791,2,collision,27568,RES-1991-646,1,"MUHAMMED DADA BUHARI"
13791,2,collision,36245,CON-RES-1990-427,3,"CHIEF JOSIAH O. OGUNYEMI"
18477,2,collision,32282,CON-RES-1987-616,3,"MADAM B. OJOGWU"
18477,2,collision,20385,CON-RES-RC-1982-93,3,"ALHAJI LADIYO IBRAHIM"
13054,2,collision,26826,RES-1991-143,1,"MAGAJI YAHAYA"
13054,2,collision,33627,CON-RES-1987-404,3,"ALHAJI ALI BALA TALLE"
176783,2,legitimate-linked,195909,CON-RES-2013-124,3,"AUWALU MUHAMMAD INUWA"
176783,2,legitimate-linked,195912,"KNML 2563",KANGIS,"AUWALU MUHAMMAD INUWA"
49386,2,legitimate-linked,176066,RES-2002-6865,2,"ALH ABDULBAKI BELLO ADAMU"
49386,2,legitimate-linked,176068,KN3659,KANGIS,"ALH ABDULBAKI BELLO ADAMU"
10963,2,collision,182152,CON-RES-1981-508,3,"ALHAJI MUZAMMIL RUFAI HANGA"
10963,2,collision,24667,CON-RES-1983-532,3,"ALHAJI SALIHU MOHD UMAR"
1928,2,collision,15592,CON-AG-1982-171,3,"ALHAJI ALI ALHASSAN"
1928,2,collision,171563,COM-2000-23,1,"HAJIYA (DR) SUNUSI DANTATA"
12225,2,collision,23008,CON-RES-1984-417,3,"LAWAN GARBA"
12225,2,collision,25930,CON-RES-1982-1185,3,"SHEHU A. BALA"
48476,2,legitimate-linked,180323,RES-2001-5712,2,"SA'AD SHITU SHARUBUTU"
48476,2,legitimate-linked,180336,"KNML 1480",KANGIS,"SA'AD SHITU SHARUBUTU"
11104,2,collision,29664,CON-RES-1982-1099,3,"MALAM YAHAYA INUWA JAHUN"
11104,2,collision,24808,CON-RES-1986-123,3,"MALLAM AHMADU MAI DARASU"
14651,2,collision,20719,CON-RES-1995-543,3,"SANI NA ALLAH"
14651,2,collision,28439,RES-1993-330,2,"LADI AISHA KABIR DANTATA"
156470,2,legitimate-linked,180855,CON-RES-2018-400,3,"MR SAMSON OLUGBEMI OLAOGUN"
156470,2,legitimate-linked,180872,"KNML 7697",KANGIS,"MR SAMSON OLUGBEMI OLAOGUN"
11747,2,collision,25451,CON-RES-1989-85,3,"MR UGONNA UCHEGBULAM"
11747,2,collision,31964,CON-RES-1982-824,3,"MAHMOUD S. GWARZO"
7897,2,collision,29513,CON-COM-1983-60,3,"ALHAJI RABIU GAMBO"
7897,2,collision,21589,RES-1992-4632,2,"DANTSOHO ADAMU"
12342,2,collision,26047,CON-AG-1982-452,3,"ALHAJI SALEH CHIROMA"
12342,2,collision,25348,CON-RES-1985-115,3,"ALHAJI HAMZA BELLO"
10245,2,collision,32531,CON-COM-RC-1981-41,3,"ALHAJI MOHAMMED SANI"
10245,2,collision,23947,CON-RES-1989-432,3,"JARMAI MAGAJI"
16253,2,collision,30052,CON-RES-1990-159,3,"AISHATU HASSAN"
16253,2,collision,35417,CON-RES-2009-844,3,"ALHAJI UMARU ABDULWAHAB HOTORO"
10800,2,collision,14245,CON-RES-1981-22,3,"ALHAJI MOHAMMED IBRAHIM"
10800,2,collision,24504,CON-RES-1987-1015,3,"SYLVESTER OKULO OKOLIE"
8778,2,collision,22477,CON-RES-1995-330,3,"ABDULLAHI ABUBAKAR ALASAN"
8778,2,collision,34893,CON-COM-2006-72,3,"HON. ISA M. KUMURYA"
11638,2,collision,25342,CON-RES-1984-363,3,"ALHAJI NURADEEN AHMED LIMAN"
11638,2,collision,23364,CON-RES-1982-602,3,"ALHAJI LABARAN AHMED"
10782,2,collision,24485,CON-RES-1987-148,3,"MR. DOMINIC I. ASHIEN"
10782,2,collision,13925,CON-RES-1981-194,3,"ALH. MUHAMMADU MAKKI MASIGA"
11825,2,collision,25530,CON-RES-1999-281,3,"HADIZA IBRAHIM"
11825,2,collision,31940,CON-RES-1982-973,3,"GANDU AGRO ALLIED PRODUCTS LTD KANO"
11155,2,collision,31975,CON-RES-1982-1204,3,"ALHAJI AUWALU ALI"
11155,2,collision,24859,CON-RES-1986-243,3,"ALH BAKO KAUGAMA"
7044,2,collision,20655,CON-AG-1982-58,3,"ALHAJI DANLADI DAUDA"
7044,2,collision,20730,CON-RES-1995-222,3,"MESSR. UNITED AGRO VENTURES LTD"
55662,2,legitimate-optot,181063,RES-2015-5214,2,"MOHAMMED H MUKHTAR"
55662,2,legitimate-optot,181075,"KNML 2734",KANGIS,"MOHAMMED H MUKHTAR"
12198,2,collision,25903,CON-RES-1988-470,3,"ABDULLAHI M GASHASHI"
12198,2,collision,31828,CON-RES-1984-3,3,"MR. SUNDAY EDEWOR"
11547,2,collision,22313,CON-RES-1982-462,3,"MAGNUS EGIN ATIE"
11547,2,collision,25251,CON-RES-1984-286,3,"HAJIYA KADIJATU OMOTUNDE BAKARE"
7700,2,collision,21391,RES-1992-4398,2,"LIMAN UMARU"
7700,2,collision,14982,CON-COM-1981-54,3,"RASODIN NIGERIA LIMITED"
18311,2,collision,32063,CON-RES-RC-1982-588,3,"MALLAM ADO KURAWA"
18311,2,collision,32115,CON-RES-1987-754,3,"MR J.O. OGUNDARE"
12480,2,collision,26186,CON-RES-1988-188,3,"MOHAMMED NASIR IBRAHIM"
12480,2,collision,34336,CON-RES-1985-522,3,"ALHAJI MUSA ABDULMINI"
13569,2,collision,23992,CON-RES-1989-19,3,"ABUBAKAR ALHAJI IDI"
13569,2,collision,27343,RES-1990-4452,1,"LIMAN SABIU"
18474,2,collision,32279,CON-RES-1987-1024,3,"SANI LAWAN KOFAR MATA"
18474,2,collision,20384,CON-RES-RC-1982-90,3,"ALHAJI ABBAS IBRAHIM"
17577,2,collision,31380,CON-RES-1997-129,3,"ALHAJI IBRAHIM BALA"
17577,2,collision,180031,KN4596,KANGIS,"MURTALA ABDULLAHI JEGA"
10843,2,collision,24547,CON-RES-1987-42,3,"ALHAJI ADO DAUDA"
10843,2,collision,14190,CON-RES-1981-291,3,"ALHAJI DANLAMI BALARABE"
8781,2,collision,22480,CON-RES-1995-360,3,"ALHAJI SALISU MUSA"
8781,2,collision,34891,CON-COM-2006-76,3,"HON. JUSTICE SABI'U YAHUZA"
146265,2,legitimate-linked,169304,CON-RES-2023-7425,3,"YAKUBU DAWUD JIDDA"
146265,2,legitimate-linked,169318,KN5432,KANGIS,"YAKUBU DAWUD JIDDA"
11717,2,collision,25176,CON-RES-1982-756,3,"ALHAJI SALEH TAHIR"
11717,2,collision,25421,CON-RES-1985-692,3,"UMARU MOHAMMED"
13565,2,collision,30953,CON-RES-1989-185,3,"ALHAJI DAHIRU IDI"
13565,2,collision,27339,RES-1990-4459,1,"ALH ABDULKADIR BABURA"
12075,2,collision,25780,CON-RES-1989-182,3,"OLAYIWOLA AKANNI AKINOLA"
12075,2,collision,26344,CON-RES-1983-73,3,"ALHAJI ABUBAKAR .A. IBRAHIM"
11411,2,collision,31014,CON-RES-1982-252,3,"AHMED TIJJANI MUSAH"
11411,2,collision,25115,CON-RES-1982-1574,3,"ALHAJI AMINU YARO"
156991,2,legitimate-linked,181304,CON-RES-2023-7325,3,"FAIZU MUHAMMAD GALADIMA"
156991,2,legitimate-linked,181312,KN4782,KANGIS,"MURTALA ABDULLAHI JEGA"
32546,2,legitimate-optot,168215,RES-1987-302,1,"ABOOU NOUHU"
32546,2,legitimate-optot,168231,"KNML 5238",KANGIS,"ABOOU NOUHU"
11148,2,collision,23623,CON-RES-1982-1194,3,"ALHAJI ABUBAKAR SADAUKI"
11148,2,collision,24852,CON-RES-1986-236,3,"SGT MAJOR ALIYU ABDULLAHI"
8733,2,collision,34895,CON-COM-2006-102,3,"AL-ALI INVESTMENT LIMITED"
8733,2,collision,22432,RES-1992-6481,2,"BALA YUSUF"
32140,2,legitimate-linked,168226,RES-1987-1741,1,"ALHAJI LABARAN JEGA"
32140,2,legitimate-linked,168256,"KNML 5235",KANGIS,"ALH SANI YUSUF YAKASAI"
3913,2,legitimate-optot,17587,RES-1982-1393,1,"DANLAMI ALHASSAN & SONS NIGERIA LIMITED"
3913,2,legitimate-optot,188184,COM-2014-50,1,"ALHAJI MUHAMMAD SULAIMAN"
56222,2,legitimate-optot,192457,RES-2015-807,2,"MUHAMMAD NURADDEEN YARO"
56222,2,legitimate-optot,192484,KN4270,KANGIS,"MUHAMMAD NURADDEEN YARO"
11168,2,collision,31651,CON-RES-1982-1227,3,"ABDULLAHI BIDDA"
11168,2,collision,24872,CON-RES-1986-400,3,"ALHAJI GARBA MOHAMMED"
146464,2,legitimate-linked,169511,CON-COM-2022-130,3,"PRIME WAVES LTD"
146464,2,legitimate-linked,169521,"MLKN 3889",KANGIS,"PRIME WAVES LTD"
11893,2,collision,24061,CON-RES-1983-235,3,"ALHAJI MURTALA SANI"
11893,2,collision,25598,CON-RES-1984-344,3,"ALHAJI SHEHU AMADU"
40326,2,legitimate-linked,186222,RES-1992-6392,2,"ABDULRAHAMAN MOHAMMED"
40326,2,legitimate-linked,186239,"KNML 8599",KANGIS,"ABDULRAHAMAN MOHAMMED"
11225,2,collision,24929,CON-RES-1982-88,3,"ALHAJI GAMBO MA'AZU"
11225,2,collision,33448,CON-RES-1982-1342,3,"ALHAJI IBRAHIM SIRAJO"
11114,2,collision,23411,CON-RES-1982-1114,3,"ALH AUWALU ABDULLAHI KANO"
11114,2,collision,24818,CON-RES-1986-137,3,"ALH UBA MUSA"
6877,2,collision,20561,RES-1992-3201,2,"ALH UMAR MUHAMMED MAIGWANJO"
6877,2,collision,30656,CON-AG-1982-1,3,"ALHAJI MAHMUD ABUBAKAR"
8456,2,collision,22155,RES-1992-6086,2,"ALHAJI ADAMU GANO"
8456,2,collision,32997,CON-COM-2000-19,3,"ABDULLAHI MAI MASALLACI ISLAMIC FOUNDATION"
3337,2,legitimate-linked,195010,COM-2024-49,1,"ALH YUSUF SALISU ABDULLAHI"
3337,2,legitimate-linked,195022,KN1771,KANGIS,"ALH YUSUF SALISU ABDULLAHI"
9471,2,legitimate-linked,176000,KN2573,KANGIS,"PROFESSOR MUKHTAR A YUSUF"
9471,2,legitimate-linked,175560,CON-COM-2012-67,3,"PROFESSOR MUKHTAR A YUSUF"
10992,2,legitimate-linked,34269,CON-RES-1981-563,3,"ISIYAKA RABIU & SONS LTD"
10992,2,legitimate-linked,24696,CON-RES-1985-67,3,"ALHAJI IBRAHIM DAN BABA"
11234,2,legitimate-optot,24938,CON-RES-1982-479,3,"MUHAMMAD MUSA DLAKWA"
11234,2,legitimate-optot,31978,CON-RES-1982-1373,3,"ALHAJI MUHAMMADU INUSA WADA"
16142,2,collision,21923,CON-RES-2009-350,3,"ALHAJU UMARU AHMED"
16142,2,collision,29941,CON-AG-1988-274,3,"ALHAJI DAIYABU S. TAURA"
7996,2,collision,21690,CON-RES-1982-693,3,"ALHAJI SANI HANGA"
7996,2,collision,19226,CON-COM-1985-85,3,"ALHAJI HABIBU DAN KULLU"
11154,2,collision,29666,CON-RES-1982-1201,3,"ALHAJI AHMED ADAMU"
11154,2,collision,24858,CON-RES-1986-242,3,"ALH. KASSIM JAHUM"
154501,2,legitimate-linked,178790,CON-RES-2012-335,3,"HUSSAINI ABUBAKAR EL-NAFATY"
154501,2,legitimate-linked,178795,"KNML 1829",KANGIS,"HUSSAINI ABUBAKAR EL-NAFATY"
11763,2,collision,22882,CON-RES-1982-846,3,"ABDULMUMINI ADAMU WUDIL"
11763,2,collision,25467,CON-RES-1989-64,3,"ALH. WADO IBRAHIM DAHIRU"
8015,2,collision,21709,CON-RES-1982-320,3,"MADA ALICE LOLA"
8015,2,collision,19188,CON-COM-1986-51,3,"UMAR FARI PLASTIC INDUSTRY CO. LTD."
8436,2,collision,30298,CON-COM-1999-39,3,"MUHAMMADU DANJU"
8436,2,collision,22136,CON-RES-2009-620,3,"ALHAJI KABIRU AHMED ZAREWA"
67266,2,legitimate-linked,183273,RES-RC-1985-13,1,"ALH MAMUDA YAKASAI"
67266,2,legitimate-linked,183299,"KNML 9498",KANGIS,"ALH MUSA  MALLAHA"
11481,2,collision,25185,CON-RES-1982-1128,3,"ABDURRAHAMAN MAMUDU"
11481,2,collision,24936,CON-RES-1982-368,3,"MALLAM INUWA DALHA"
179306,2,legitimate-optot,197831,RES-2021-2948,2,"YAKUBU HAMZA DANDAGO"
179306,2,legitimate-optot,197840,"KNML 9283",KANGIS,"YAKUBU HAMZA DANDAGO"
14377,2,collision,29850,CON-RES-1994-273,3,"ALHAJI HAMIDU MAIWAKE"
14377,2,collision,28164,RES-1993-2133,2,"ABUBAKAR SULEIMAN"
15361,2,collision,32921,CON-RES-2003-35,3,"DR. AHMAD MUHAMMAD IBRAHIM"
15361,2,collision,29159,RES-1993-3542,2,"SIDI SADA RIMIN GADO"
11178,2,collision,29677,CON-RES-1982-1254,3,"ALIYU ADANANU"
11178,2,collision,24882,CON-RES-1983-99,3,"MALLAM SHU'AIBU SA'AD"
11300,2,collision,24930,CON-RES-1982-152,3,"ALHAJI SALLAU MUSA"
11300,2,collision,25004,CON-RES-1982-1799,3,"HAJIA HAUWA USMAN"
177792,2,legitimate-optot,196685,COM-2022-126,1,"NASIRU MUHD DANFARANSHI"
177792,2,legitimate-optot,196701,"MLKN 4470",KANGIS,"NASIRU MUHD DANFARANSHI"
153370,2,legitimate-linked,177680,RES-2001-5725,2,"ALIYU DAHIRU"
153370,2,legitimate-linked,177694,"KNML 1810",KANGIS,"SHARURAMADAN UBA"
13806,2,collision,23634,CON-RES-1990-478,3,"ALHAJI SANI DAHIRU"
13806,2,collision,27583,RES-1991-662,1,"ALH ADO GALADIMA"
7157,2,collision,20844,RES-1992-3273,2,"YUSUF SALE"
7157,2,collision,26242,CON-AG-1984-44,3,"ALHAJI ISHAQ A AHMED"
7104,2,collision,20429,CON-AG-1983-22,3,"ALHAJI USMAN BABALO IBRAHIM"
7104,2,collision,20791,RES-1992-3392,2,"LARAI BILIYA, ABDULLAHI DANLADI, M SALEH YUSUF & ALHAJI IBRAHIM D BASAKKWACE"
11754,2,collision,32039,CON-RES-1982-832,3,"MALLAM HAMZA DABO"
11754,2,collision,25458,CON-RES-1989-95,3,"ALHAJI .M. ASHIRU ABUBAKAR"
7951,2,collision,29259,CON-COM-1984-7,3,"ALHAJI SAIDU MAI BURODI"
7951,2,collision,21644,RES-1992-4780,2,"ADO MAGAJI"
7770,2,collision,21461,RES-1992-4538,2,"NASIRU TATIRI"
7770,2,collision,18174,CON-COM-1982-212,3,"ISA BROTHERS PETROLEUM LTD."
12030,2,collision,25283,CON-RES-1983-583,3,"ALH MAKAMA SHEHU"
12030,2,collision,25735,CON-COM-1995-116,3,"ALHAJI SANI ABUBAKAR"
11894,2,collision,25599,CON-RES-1984-101,3,"MALLAM ABDULLAH ISA"
11894,2,collision,30702,CON-RES-1983-24,3,"ALHAJI UBA MOHAMMED"
12756,2,legitimate-optot,33886,CON-RES-1987-1083,3,"MR M.O. UME"
12756,2,legitimate-optot,26462,RES-1982-2065,1,"ALH LABARAN IBRAHIM"
11125,2,collision,24829,CON-RES-1986-212,3,"CHERURIM AND SERAPHIM"
11125,2,collision,23581,CON-RES-1982-1145,3,"SANUSI ABUBAKAR MONGUNO"
17387,2,legitimate-linked,189715,DCIV-2025-474,DCIV,"INVESTIGATION ACTIVITIES"
17387,2,legitimate-linked,31190,CON-RES-1995-183,3,"MIC MERAH INTERNATIONAL AGENCY LTD"
52101,2,legitimate-linked,186553,RES-2009-1950,2,"RAKIYA AND AMINA USMAN INUSA"
52101,2,legitimate-linked,186556,"KNML 1544",KANGIS,"RAKIYA AND AMINA USMAN INUSA"
17947,2,collision,31751,CON-COM-1984-137,3,"M. BETTRACO COMPANY NIGERIA LIMITED"
17947,2,collision,23685,CON-RES-RC-1982-174,3,"ALHAJI KABIRU SANDA"
14290,2,collision,36801,CON-RES-1993-535,3,"ALHAJI SULE GARBA"
14290,2,collision,28077,RES-1993-1638,2,"ALH GAMBO KAWU & ALI KAWU"
11205,2,collision,31649,CON-RES-1982-1306,3,"ALHAJI HAMISU BICHI"
11205,2,collision,24909,CON-RES-1983-811,3,"MOHAMMED MUNIR NUHU"
12095,2,collision,25800,CON-RES-1983-674,3,"MR PAUL AMEH"
12095,2,collision,25236,CON-RES-1983-795,3,"ALHAJI YAHAYA BASHIR"
7662,2,collision,17055,CON-COM-1981-113,3,"ALH AUDU MANAGER"
7662,2,collision,21353,CON-COM-1982-151,3,"MRS LUCY A OKURIBIDO"
24042,2,collision,47009,CON-RES-1994-406,3,"ALHAJI MUHAMMADU ADAMU"
24042,2,collision,47059,CON-RES-1999-191,3,"UMARU TALLO GWARZO"
18325,2,collision,32058,CON-RES-RC-1982-600,3,"ALHAJI MAIKUDI GARBA"
18325,2,collision,32129,CON-RES-1987-779,3,"CHRISTIAN METHODIST EPISCOPAL"
13376,2,collision,24307,CON-RES-1988-28,3,"ALHAJI UMARU MUSA KAIGAMA"
13376,2,collision,27150,RES-1991-350,1,"MALAM YAKUBU ADAMU"
17876,2,collision,32416,CON-RES-RC-1982-115,3,"BALA MUHAMMAD SHEHU"
17876,2,collision,31680,CON-RES-1986-198,3,"ALHAJI MUHAMMADU IBRAHIM"
15528,2,collision,29326,CON-RES-1985-245,3,"MISS A. SOMOYE"
15528,2,collision,32776,CON-RES-2005-163,3,"ALHAJI BALA DANEJI"
10861,2,collision,14159,CON-RES-1981-312,3,"PRINCE MUKAILA  ADEPOJU"
10861,2,collision,24565,CON-RES-1987-950,3,"ALHAJI ILIYA DODO"
158815,2,legitimate-linked,182668,RES-2025-2222,2,"HON. MUHAMMAD BELLO BUTU BUTU"
158815,2,legitimate-linked,182673,KN4649,KANGIS,"HON. MUHAMMAD BELLO BUTU BUTU"
8000,2,legitimate-optot,21694,CON-RES-1982-294,3,"ALHAJI GAMBO WARURE"
8000,2,legitimate-optot,13887,CON-COM-1985-90,3,"ALHAJI SANI YUNUSA"
7301,2,collision,20988,RES-1992-3490,2,"YAKUBU ZAKARI"
7301,2,collision,29939,CON-AG-1988-61,3,"ALHAJI SA'ADU USAINI"
8605,2,collision,22304,CON-RES-1982-467,3,"CLARA BOSEDE ADEOYE (MRS)"
8605,2,collision,32860,CON-COM-2003-54,3,"IKECHUKWU OKOYE"
153998,2,legitimate-linked,189702,KN4581,KANGIS,"MURTALA ABDULLAHI JEGA"
153998,2,legitimate-linked,178346,CON-RES-2023-7347,3,"FAIZU MUHAMMAD GALADIMA"
51479,2,legitimate-linked,187879,RES-2007-37,2,"GARBA MUSA DAN DALAMA"
51479,2,legitimate-linked,187899,"KNML 2405",KANGIS,"ALH GARBA MUSA DAN DALAMA"
13598,2,collision,27372,RES-1990-4216,1,"TIJJANI BABA"
13598,2,collision,23998,CON-RES-1989-3,3,"RAKIYA BABA ALI GONI"
146291,2,legitimate-linked,169334,RES-2015-916,2,"ADO DAHIRU"
146291,2,legitimate-linked,169357,KN2699,KANGIS,"ADO DAHIRU"
11661,2,collision,25365,CON-RES-1982-760,3,"ISHAKA IDRISU IFOGAH"
11661,2,collision,31115,CON-RES-1982-630,3,"ALHAJI AHMED RUFAI MAHMOUD"
11037,2,collision,34541,CON-RES-1981-79,3,"ABUBAKAR MUHAMMAD GWARMAI"
11037,2,collision,24741,CON-RES-1985-396,3,"MALLAM NA'IYA INUWA KWALLI"
11573,2,collision,25277,CON-RES-1983-595,3,"DANLAMI ALASSAN"
11573,2,collision,29626,CON-RES-1982-505,3,"ABDULMUMINI MOHAMMED"
174749,2,legitimate-linked,194452,RES-2000-2807,2,"MAIKUDI DAMBATTA"
174749,2,legitimate-linked,194453,"KNML 543",KANGIS,"DORAYI TUKUR UMAR"
15486,2,collision,29284,CON-RES-1985-231,3,"ALHAJI ABDU SALEH"
15486,2,collision,34755,CON-RES-2004-393,3,"SALISU SULEIMAN"
14433,2,collision,31458,CON-RES-1994-356,3,"UMAR M. MUSA"
14433,2,collision,28220,RES-1993-2758,2,"AHAMED MUSA ANKA UNGOGO"
8121,2,collision,16153,CON-COM-1990-52,3,"ALHAJI GARBA HALIRU"
8121,2,collision,21817,RES-1992-5019,2,"AUWALU A. ZUBAIRU"
12510,2,legitimate-linked,172425,CON-RES-1985-588,3,"CHIGOZIE ONWUKWALU"
12510,2,legitimate-linked,172452,KN972,KANGIS,"CHIGOZIE ONWUKWALU."
166984,2,legitimate-linked,189422,RES-2014-67,2,"HAMISU RABI'U JINGAU"
166984,2,legitimate-linked,189442,KN3789,KANGIS,"HAMISU RABI'U JINGAU"
176480,2,legitimate-linked,195670,CON-COM-2016-247,3,"AL-TASLIM PETROLEUM LTD"
176480,2,legitimate-linked,195696,"MLKN 2443",KANGIS,"AL-TASLIM PETROLEUM LTD"
68112,2,legitimate-linked,176143,RES-RC-1998-24,1,"MOHAMMED HASSAN KOGUNA"
68112,2,legitimate-linked,176170,"KNML 1898",KANGIS,"MOHAMMED HASSAN KOGUNA"
10798,2,collision,24502,CON-RES-1987-1013,3,"SAMUEL OJO OLAWALE"
10798,2,collision,14178,CON-RES-1981-218,3,"ALHAJI ZUBAIRU A BELLO"
11043,2,collision,14944,CON-RES-1981-86,3,"SA'ADU ALI MALAM"
11043,2,collision,24747,CON-RES-1985-452,3,"KABIRU ZAKARI"
7458,2,collision,31556,CON-AG-2004-17,3,"UZAIRU DANDAGO"
7458,2,collision,21149,CON-RES-1994-223,3,"ALH. USMAN ABDULLAHI"
14246,2,legitimate-linked,37208,CON-RES-1993-376,3,"ALHAJI ABDULKADIR AMINU IBRAHIM"
14246,2,legitimate-linked,28033,RES-1993-1560,2,"LARAI BADAMASI"
16529,2,legitimate-linked,30329,CON-COM-1999-72,3,"ABDULLAHI MOHAMMAD"
16529,2,legitimate-linked,189369,"KNML 2443",KANGIS,"ALHAJI YAKUBU SHU'AIBU"
14475,2,collision,28262,RES-1994-1910,2,"ISIYAKU MUSA HANGA"
14475,2,collision,23042,CON-RES-1994-472,3,"USMAN MOHAMMED"
12214,2,collision,25919,CON-RES-1988-169,3,"ALHAJI RABIU ABDULLAHI KOKI"
12214,2,collision,31842,CON-RES-1984-36,3,"1/3 ABDULLATEEF USAMAH (ACADEMY)"
161850,2,legitimate-linked,185239,CON-RES-2011-2183,3,"CHINEDU AMASI"
161850,2,legitimate-linked,185266,KN3721,KANGIS,"CHINEDU AMASI"
6986,2,collision,20670,CON-RES-1995-136,3,"HAJIYA SABUWA"
6986,2,collision,18351,CON-AG-1982-373,3,"ALHAJI MUHAMMADU HASHIMU MAI GORO"
12200,2,collision,25905,CON-RES-1988-464,3,"ALHAJI HAMZA NA ALHAJI MALLAM"
12200,2,collision,25200,CON-RES-1984-305,3,"ALHAJI MOHAMMADU EGGAN"
150359,2,legitimate-optot,173685,RES-2020-3278,2,"INUWA BELLO"
150359,2,legitimate-optot,173692,"KNML 9757",KANGIS,"INUWA BELLO"
17592,2,legitimate-linked,31395,CON-RES-1997-178,3,"MR. ADEOLA IBRAHIM"
17592,2,legitimate-linked,186782,KN4542,KANGIS,"MURTALA ABDULLAHI JEGA"
115953,2,collision,174757,,2,"ALH SANI BAKO"
115953,2,collision,174771,KN3490,KANGIS,"ALH SANI BAKO"
156903,2,legitimate-linked,181213,CON-RES-2023-7196,3,"FAIZU MUHAMMAD GALADIMA"
156903,2,legitimate-linked,181224,KN5096,KANGIS,"MURTALA ABDULLAHI JEGA"
154433,2,legitimate-linked,179090,"KNML 1240",KANGIS,"BASHIR OTHMAN TOFA"
154433,2,legitimate-linked,178724,CON-RES-1982-1115,3,"ALH BASHIR USMAN TOFA"
16268,2,collision,21885,CON-RES-2009-912,3,"JUNAIDU MUHD ZAKARI"
16268,2,collision,30067,CON-RES-1990-186,3,"ALHASSAN SALIHU KILA"
7793,2,legitimate-linked,195608,CON-COM-1987-94,3,"ALHAJI BUKAR MAKODA"
7793,2,legitimate-linked,26050,CON-COM-1982-269,3,"ALHAJI BUKAR MAKODA"
5918,2,legitimate-optot,175818,COM-1993-237,1,"ALH. HAMZA AHMED"
5918,2,legitimate-optot,19595,RES-1982-778,1,"MR . SONNY ASUELINMEN ALOS"
12000,2,collision,32086,CON-RES-1983-514,3,"ALHAJI MOHAMMED ZAKARI"
12000,2,collision,25705,CON-RES-1987-703,3,"ALHAJI YUSUFU ANGURU MOHAMMED"
153323,2,legitimate-linked,177617,CON-RES-2023-7256,3,"FAIZU MUHAMMAD GALADIMA"
153323,2,legitimate-linked,186760,KN4527,KANGIS,"MURTALA ABDULLAHI JEGA"
167500,2,legitimate-linked,189785,CON-COM-2025-207,3,"MR. INNOCENT OZI"
167500,2,legitimate-linked,173633,KN4503,KANGIS,"SALE UMAR"
176444,2,legitimate-linked,195633,,1,"A.B MAHMOUD"
176444,2,legitimate-linked,195652,"MLKN 3783",KANGIS,"A.B MAHMOUD"
18023,2,collision,19826,CON-RES-RC-1982-293,3,"ALHAJI MUSA MAIKUSA"
18023,2,collision,31827,CON-RES-1984-689,3,"HARUNA MIJIN FULANI"
11478,2,collision,33473,CON-RES-1982-364,3,"SALEH ALHAJI HASSAN"
11478,2,collision,25182,CON-RES-1982-1576,3,"ALHAJI IBRAHIM KALLAH"
10799,2,collision,24503,CON-RES-1987-1012,3,"SAMUEL OJO OLOKE"
10799,2,collision,14219,CON-RES-1981-219,3,"MALAMA BILKISU ADAMU KURA"
18544,2,collision,19462,CON-RES-RC-1984-36,3,"ALHAJI NABABA ABDULMUMINI"
18544,2,collision,32349,CON-RES-1987-1139,3,"MR JAMES AGUYA"
11937,2,collision,25642,CON-RES-1982-984,3,"HABIBU MOHAMMED BAKORI"
11937,2,collision,23020,CON-RES-1983-324,3,"ALH MOHD NAGANGARE"
16728,2,collision,175407,CON-RES-2020-478,3,"PROF. LAWAN SANI TAURA"
16728,2,collision,30528,CON-AG-1987-128,3,"MR HASSAN KAMAL"
17532,2,legitimate-linked,31335,CON-RES-1995-457,3,"MR. JOHNSON O. B. DADA"
17532,2,legitimate-linked,187198,KN5197,KANGIS,"MURTALA ABDULLAHI JEGA"
7888,2,collision,21580,RES-1992-4604,2,"ISA MUSA"
7888,2,collision,29504,CON-COM-1983-48,3,"SALMAT LIMITED"
15481,2,collision,29279,CON-RES-1985-299,3,"ALHAJI ALASAN ABDULLAHI"
15481,2,collision,34706,CON-RES-2004-385,3,"MR PATRICK OKEKE"
10435,2,collision,24138,CON-RES-1983-677,3,"ALHAJI GARBA TSANGAYA"
10435,2,collision,25266,CON-IND-1983-33,3,"ALHAJI UMARU YOLA"
13122,2,collision,32130,CON-RES-1987-586,3,"V.N AKAOLISA"
13122,2,collision,26895,RES-1991-220,1,"SA`ADATU RUFA`I ABUBAKAR WALI"
49885,2,legitimate-linked,190336,RES-2003-2304,2,"ALH GARBA DAN DALAMA"
49885,2,legitimate-linked,190379,"KNML 2406",KANGIS,"ALH GARBA MUSA DAN DALAMA"
11769,2,collision,31093,CON-RES-1982-853,3,"ALHAJI SULE M. MANDAWARI"
11769,2,collision,25473,CON-RES-1989-71,3,"KABIRU ABUBAKAR BICHI"
17621,2,legitimate-linked,31424,CON-RES-1994-302,3,"ALHAJI SULAIMAN MOHD WALI"
17621,2,legitimate-linked,187846,KN4821,KANGIS,"MURTALA ABDULLAHI JEGA"
29930,2,legitimate-linked,182554,RES-1983-80,1,"ISMAILA USMAN"
29930,2,legitimate-linked,182560,"KNML 1948",KANGIS,"ISMAILA USMAN"
13371,2,collision,27145,RES-1991-345,1,"UMAR DODO"
13371,2,collision,29898,CON-RES-1988-269,3,"ALH YUNUSA HAMMAN YARO"
50661,2,legitimate-linked,184578,RES-2005-181,2,"IDRIS SANI MUHAMMAD"
50661,2,legitimate-linked,184584,"KNML 1909",KANGIS,"IDRIS SANI MUHAMMAD"
14764,2,legitimate-optot,28553,RES-1993-1219,2,"ALHAJI SULAIMAN ADO MOHD"
14764,2,legitimate-optot,37146,CON-RES-1996-571,3,"ADO SAMBO"
14687,2,legitimate-linked,31312,CON-RES-1995-79,3,"USTAZ TASIU ABDULRAHMAN"
14687,2,legitimate-linked,28475,RES-1993-475,2,"TANKO GALADIMA ,IBRAHIM SA'IDU AND AMMANI MAINAMA"
46314,2,legitimate-linked,188735,RES-1999-751,2,"ALH SIRAJO TSOHO MUSA"
46314,2,legitimate-linked,188740,"KNML 2890",KANGIS,"ALH SIRAJO TSOHO MUSA"
148820,2,legitimate-linked,172253,CON-RES-2019-812,3,"MRS OGECHUKWU PATRICK OKEKE"
148820,2,legitimate-linked,172255,"KNML 7541",KANGIS,"MRS OGECHUKWU PATRICK OKEKE"
177485,2,legitimate-optot,196472,RES-2020-3842,2,"ALHAJI SADI IBRAHIM K/WAIKA"
177485,2,legitimate-optot,196497,"KNML 9683",KANGIS,"ALHAJI SADI IBRAHIM K/WAIKA"
13420,2,collision,27194,RES-1991-406,1,"HAJIYA ASABE MOHAMMED"
13420,2,collision,29981,CON-RES-1988-395,3,"ALH YAHAYA A MUSA"
15391,2,collision,34625,CON-RES-2004-153,3,"MR UMEJIONU SUNDAY C.J"
15391,2,collision,29189,RES-1993-3621,2,"JINJIRI AHMED MARAKU"
159318,2,legitimate-linked,183039,COM-2019-110,1,"WADA ABDULLAHI KACHAKO"
159318,2,legitimate-linked,183058,"MLKN 2754",KANGIS,"WADA ABDULLAHI KACHAKO"
40867,2,legitimate-linked,186361,RES-1992-876,2,"NURADDEEN ABUBAKAR SADIQ"
40867,2,legitimate-linked,186362,"KNML 1528",KANGIS,"NURADDEEN ABUBAKAR SADIQ"
66376,2,legitimate-optot,188118,RES-RC-1982-603,1,"ALH IBRAHIM YAKUBU"
66376,2,legitimate-optot,188172,"KNML 2445",KANGIS,"SA'IDU ISMA'IL"
48370,2,legitimate-linked,192800,RES-2001-5044,2,"UMAR ADAMU DAHO"
48370,2,legitimate-linked,192821,"KNML 931",KANGIS,"UMAR ADAMU DAHO"
12022,2,collision,25727,CON-COM-1995-105,3,"ALHAJI AHMAD LAMIDO WUDIL"
12022,2,collision,25020,CON-RES-1983-567,3,"ALHAJI ABDU D/TOFA"
152842,2,legitimate-optot,176278,RES-2012-2203,2,"ALH MUDI AHMED WARU"
152842,2,legitimate-optot,176287,"KNML 1232",KANGIS,"IBRAHIM KHALIL ADAMU"
14197,2,collision,27984,RES-1993-1480,2,"ABDULKADIR IBRAHIM"
14197,2,collision,30204,CON-RES-1993-196,3,"FLT LT. ABDULLAHI ZAKARI"
14340,2,collision,22738,CON-RES-1994-193,3,"ALH. ABDULLAHI MUSA"
14340,2,collision,28127,RES-1993-1796,2,"BATURE DAUDA"
7955,2,collision,21648,RES-1992-4788,2,"A. INUWA ALASAN"
7955,2,collision,29576,CON-COM-1984-76,3,"ALHAJI SHA'AIBU RABIU"
14442,2,collision,28229,RES-1993-2410,2,"MURTALA YUSUF LAMBO"
14442,2,collision,31466,CON-RES-1994-365,3,"ALHAJI SABO LAWAN KABARA"
33338,2,legitimate-linked,170139,RES-1988-728,1,"ALH. KABIRU TANIMU TURAKI, SAN"
33338,2,legitimate-linked,170179,"KNML 2827",KANGIS,"KABIRU TANIMU TURAKI SAN"
10802,2,collision,24506,CON-RES-1987-1032,3,"ALHAJI UMARU MOHAMMED"
10802,2,collision,14210,CON-RES-1981-221,3,"GEORGE TOFIS PAPADOPOULOS"
6057,2,collision,178903,COM-RC-1982-312,1,"JOHN HOLT LIMITED"
6057,2,collision,19734,RES-1992-2862,2,"SUNUSI BALA"
13406,2,collision,29973,CON-RES-1988-366,3,"ALH MOHAMMED DANWAKU"
13406,2,collision,27180,RES-1991-390,1,"ALH ABDULLAHI JIBRIN"
13919,2,legitimate-optot,36185,CON-RES-1991-480,3,"USMAN AHMED USMAN"
13919,2,legitimate-optot,27699,RES-1991-806,1,"YAKUBU ABDU"
162192,2,legitimate-linked,185556,CON-RES-2009-11,3,"OLA BABALOLA"
162192,2,legitimate-linked,185566,"KNML 4851",KANGIS,"OLA BABALOLA"
10903,2,collision,24607,CON-RES-1987-940,3,"MR. ROMANUS N. OBULUNNE"
10903,2,collision,19110,CON-RES-1981-378,3,"ALHAJI UMARU KAFINTA"
18295,2,collision,32099,CON-RES-1983-182,3,"HAJIYA GAMBO"
18295,2,collision,26998,CON-RES-RC-1982-572,3,"ALHAJI BABA NABEGU"
12782,2,collision,26554,RES-1982-2324,1,"SALE ZAKARI"
12782,2,collision,32378,CON-RES-1987-1128,3,"ADO SANI KIBIYA"
12632,2,collision,26338,CON-RES-1983-66,3,"ALHAJI ABDULLAHI BALA"
12632,2,collision,30389,CON-RES-1986-316,3,"ALHAJI RABIU TAHIR"
11758,2,collision,25462,CON-RES-1989-54,3,"MOHAMMED .O. MOHAMMED"
11758,2,collision,35292,CON-RES-1982-836,3,"ALHAJI IBRAHIM HADU"
12248,2,collision,25953,CON-IND-1982-24,3,"CHALLAWABLOCKS INDUSTRY"
12248,2,collision,25059,CON-RES-1984-493,3,"ALH NASIDI YUSUF"
18063,2,collision,31867,CON-RES-1984-710,3,"ALHAJI SALISUYUSUF"
18063,2,collision,19841,CON-RES-RC-1982-333,3,"ALHAJI ALIN BABA"
7030,2,collision,20715,CON-RES-1995-52,3,"ALH. ABDULAZEEZ IBRAHIM"
7030,2,collision,16165,CON-AG-1982-530,3,"ALH. USMAN IBRAHIM"
7417,2,collision,22680,CON-AG-1996-9,3,"ALHAJI KABIRU SANI YAKASAI"
7417,2,collision,21108,CON-RES-1995-28,3,"AHMADU INUWA WADA"
9091,2,collision,35446,CON-COM-2009-349,3,"ALHAJI AMIR SALE KABIR"
9091,2,collision,22792,CON-RES-1995-207,3,"ALHAJI SABI'U ABDU"
14459,2,collision,28246,RES-1994-376,2,"ALH MAIGIDA"
14459,2,collision,18499,CON-RES-1994-410,3,"SALISU GARBA"
12284,2,collision,29247,CON-RES-1984-581,3,"ALHAJI MAGAJI MOHAMMED"
12284,2,collision,25989,CON-AG-1982-411,3,"ALHAJI AKIBU MOHAMMED"
11049,2,collision,24753,CON-RES-1985-474,3,"ALHAJI (DR) G.N HAMZA"
11049,2,collision,14951,CON-RES-1981-93,3,"ALHAJI DANTSOHO TIYAYE"
8691,2,legitimate-optot,32844,CON-COM-2005-28,3,"ALHAJI BATURE AHMED GAWUNA"
8691,2,legitimate-optot,22390,RES-1992-6398,2,"ALHAJI YUSUF MUHD"
53953,2,legitimate-optot,189405,RES-2012-1383,2,"AHMAD IBRAHIM ABDULLAHI"
53953,2,legitimate-optot,189433,"KNML 2441",KANGIS,"AHMAD IBRAHIM ABDULLAHI"
160883,2,collision,184347,RES-2008-2691,2,"MUHAMMADU TATUWA"
160883,2,collision,184383,RES-2008-2693,2,"MUHAMMADU TATUWA"
13287,2,collision,33829,CON-RES-1987-966,3,"HARUNA MOHAMMED"
13287,2,collision,27060,RES-1982-2257,1,"MRS FATIMA MUSA"
40325,2,legitimate-linked,186197,RES-1992-6391,2,"ABDULRAHAMAN MOHAMMED"
40325,2,legitimate-linked,186248,"KNML 8598",KANGIS,"ABDULRAHAMAN MOHAMMED"
65418,2,legitimate-linked,181257,RES-RC-1982-1383,1,"AHMED MOHAMMED ESHAK"
65418,2,legitimate-linked,181266,"KNML 1972",KANGIS,"AHMED MOHAMMED ESHAK"
156008,2,legitimate-linked,180331,RES-2010-4097,2,"HUSSAINI MAI RIGA"
156008,2,legitimate-linked,180339,"KNML 1488",KANGIS,"MUFTAHU USMAN LABARAN"
176371,2,legitimate-linked,195565,CON-RES-2014-333,3,"NAZIFI IDRIS GARBA"
176371,2,legitimate-linked,195566,"KNML 3565",KANGIS,"NAZIFI IDRIS GARBA"
18371,2,collision,32175,CON-RES-1987-275,3,"MR MAX N. ADIELE"
18371,2,collision,18680,CON-RES-RC-1982-653,3,"ALHAJI KABIRU NASIR"
153517,2,legitimate-linked,181720,KN5117,KANGIS,"MURTALA ABDULLAHI JEGA"
153517,2,legitimate-linked,177827,CON-RES-2023-7365,3,"FAIZU MUHAMMAD GALADIMA"
11367,2,collision,29453,CON-RES-1982-188,3,"ALHAJI DANLADI MOHAMMED"
11367,2,collision,25071,CON-RES-1984-448,3,"ALHAJI RUFAI ABUBAKAR"
7699,2,collision,15022,CON-COM-1981-53,3,"ALHAJI OTHMAN BABA KUSA"
7699,2,collision,21390,RES-1992-4397,2,"LARABA MANSUR & FATSIMA KANDALA"
7614,2,collision,21305,CON-AG-1981-169,3,"ALH GAMBO DANTSAMAGE"
7614,2,collision,21755,CON-AG-RC-1982-106,3,"ALHAJI YUSUFU MUHAMMAD"
18047,2,collision,19540,CON-RES-RC-1982-318,3,"ALHAJI NURA TURAKI"
18047,2,collision,31851,CON-RES-1984-182,3,"MRS DORA H. OKENA"
13926,2,collision,27713,RES-1991-817,1,"AUWALU MOHAMMED"
13926,2,collision,35906,CON-RES-1991-513,3,"MR CHRISTAIN A D U"
13719,2,collision,30065,CON-RES-1990-182,3,"SYLVESTER OLAWALE OLORUNFEMI"
13719,2,collision,27496,RES-1990-4054,1,"RABIU SAMAILA"
12060,2,collision,25765,CON-RES-1995-512,3,"HAJIYA MARYAM AND HER 7 CHILDREN"
12060,2,collision,35232,CON-RES-1983-669,3,"ALHAJI MUNKAILA SHUAIBU"
7395,2,collision,21085,CON-RES-1995-450,3,"MUHAMMADU ALI BICHI"
7395,2,collision,31272,CON-AG-1995-21,3,"ALHAJI ALI YUSUF"
12297,2,collision,30755,CON-RES-1984-621,3,"ALHAJI ISA NA ALHAJI KARAYE"
12297,2,collision,26002,CON-AG-1982-510,3,"ALHAJI ABDU BAUSHE"
13927,2,collision,36264,CON-RES-1991-514,3,"AUWALU LAWAN"
13927,2,collision,27714,RES-1991-818,1,"ALH RABI'U ADAMU"
11218,2,collision,24922,CON-COM-1985-35,3,"ALHAJI RABI'U YAKUBU"
11218,2,collision,35261,CON-RES-1982-1335,3,"FLT LT. OLADIPO ODEYEMI"
11475,2,collision,25179,CON-RES-1982-1596,3,"ALHAJI SULE YAU"
11475,2,collision,35272,CON-RES-1982-361,3,"ALHAJI TUKUR BUHARI"
11860,2,collision,32033,CON-RES-1983-155,3,"ALHAJI DABO ADAMU"
11860,2,collision,25565,CON-RES-1993-619,3,"ALH. SULAIMAN BALARABE USMAN"
24048,2,collision,47015,CON-RES-2000-122,3,"HON. JUSTICE MOHD SHEHU"
24048,2,collision,47065,CON-RES-1999-184,3,"ALHAJI IBRAHIM SANI"
12170,2,collision,25875,CON-RES-1988-337,3,"BASHIRU BABA NABEGU"
12170,2,collision,29246,CON-RES-1984-21,3,"HAJIYA MAIRO ALIYU"
7393,2,collision,20908,CON-AG-1995-117,3,"ALHAJI YAHYA KARAMI SANI"
7393,2,collision,21083,CON-RES-2015-283,3,"SALISU BAWA AHMAD"
13812,2,collision,27589,RES-1991-668,1,"UBA ALASNI"
13812,2,collision,36484,CON-RES-1990-58,3,"HAYATUDDEN ABUBAKAR"
10969,2,collision,14501,CON-RES-1981-521,3,"ALHAJI AHMED MOHAMMED"
10969,2,collision,24673,CON-RES-1983-857,3,"MRS RAMATU ADAMU GUMEL"
49102,2,legitimate-optot,192044,RES-2002-4044,2,"DANIEL KENNEDY"
49102,2,legitimate-optot,192050,"KNML 4490",KANGIS,"JOHN OGOCHUKWU ONWUKWALU UFONDU"
14233,2,legitimate-optot,28020,RES-1993-1536,2,"ENGENEER JOHN IDOWA"
14233,2,legitimate-optot,22252,CON-RES-1993-331,3,"MIKO ALASSAN KOKI"
53470,2,legitimate-linked,181356,RES-2010-2820,2,"BAKO MAMUDA SITTI"
53470,2,legitimate-linked,181361,"KNML 1975",KANGIS,"BAKO MAMUDA SITTI"
7918,2,collision,31759,CON-COM-1984-135,3,"HAJIA ZAINAB IMPERIAL CO. LIMITED"
7918,2,collision,21610,RES-1992-4701,2,"ALHAJI MUSA FASHIR"
10926,2,collision,13921,CON-RES-1981-43,3,"ALHAJI ISAH GARBA"
10926,2,collision,24630,CON-RES-1988-325,3,"YAU MOHAMMED"
13720,2,collision,27497,RES-1990-4066,1,"ISHAKU GORA"
13720,2,collision,30070,CON-RES-1990-189,3,"ABDULAZIZ O ADEBAYO"
7196,2,collision,20883,CON-AG-1983-39,3,"ALHAJI UBA MOHAMMED AJINGI"
7196,2,collision,18555,CON-AG-1985-98,3,"ADAMU BELLO AHMED"
163316,2,legitimate-optot,186444,RES-2014-2,2,"ALHAJI ALIYU ABDULLAHI BRATHERS"
163316,2,legitimate-optot,186454,"KNML 1590",KANGIS,"YA'U YAKUBU AHMED"
12096,2,collision,25801,CON-RES-1983-675,3,"ALHAJI BELLO SAGAGI"
12096,2,collision,23852,CON-RES-1983-799,3,"ALHAJI SHEHU BALA"
17861,2,collision,31665,CON-RES-1986-273,3,"JAMILU TIJJANI"
17861,2,collision,19786,CON-RES-RC-1982-103,3,"ALHAJI HARUNA KASSIM"
7291,2,collision,20978,RES-1992-3568,2,"ABUBAKAR ALASAN"
7291,2,collision,29965,CON-AG-1988-21,3,"ALH UKASHATU ALIYU"
13355,2,collision,24246,CON-RES-1988-218,3,"MR HYACINTH EJIKE JUWAH"
13355,2,collision,27129,RES-1991-319,1,"ALH IBRAHIM ABDU"
145406,2,legitimate-linked,168355,CON-IND-2017-4,3,"SAOAKIN (NIGERIA) LIMITED."
145406,2,legitimate-linked,168373,KN3781,KANGIS,"SAOAKIN NIGERIA LIMITED."
5993,2,collision,19670,RES-1992-2792,2,"AUWALU USMAN"
5993,2,collision,185853,COM-RC-1982-24,1,"MAZAF MINE DEPOT STORE LIMITED"
164391,2,legitimate-optot,187243,RES-2014-416,2,"HARUNA SALEH ASHURA"
164391,2,legitimate-optot,187247,"KNML 7782",KANGIS,"MAHBUB G. WAKILI"
11163,2,collision,29671,CON-RES-1982-1214,3,"ALHAJI MOHAMMAD DANSARARI"
11163,2,collision,24867,CON-RES-1986-277,3,"ALHAJI ISYAKA AYINDE JIMOH"
161090,2,legitimate-linked,184531,SLTR-219743,SLTR,"SAID MOHAMAD AL-RAICHOUNI"
161090,2,legitimate-linked,184539,KN5503,KANGIS,"SAID MOHAMAD AL-RAICHOUNI"
24057,2,collision,47025,CON-RES-2000-4,3,"ALHAJI ABDU UMARU"
24057,2,collision,47074,CON-RES-1999-288,3,"ALH BALA DANEJI"
7797,2,legitimate-optot,21488,CON-RES-RC-1982-431,3,"ALHAJI HABIBU MOHAMMED GWARZO"
7797,2,legitimate-optot,15827,CON-COM-1982-278,3,"MALLAM AHMED BAKALI"
13590,2,collision,27364,RES-1990-2481,1,"ALH ABDULLAHI IBRAHIM"
13590,2,collision,30660,CON-RES-1989-267,3,"MR ALEX NWAKOLO"
8782,2,collision,34892,CON-COM-2006-77,3,"ALHAJI SANI INUWA"
8782,2,collision,22481,CON-RES-1995-359,3,"FATIMA HABU"
14101,2,collision,35944,CON-RES-1992-503,3,"HAJIYA MUNAYA SIDI ALI"
14101,2,collision,27888,RES-1993-709,2,"MARIYA ABDULLAHI"
16585,2,collision,33981,CON-RES-2014-120,3,"RUQAYYA INTEGRATED FARMS LTD"
16585,2,collision,30385,CON-RES-1986-85,3,"BADAMASI SULEMAN"
180259,2,legitimate-linked,198651,"MLKN 4346",KANGIS,"SURAJO JIBRIN"
180259,2,legitimate-linked,198602,CON-COM-2022-254,3,"ALHAJI SURAJO JIBRIN"
18653,2,collision,32458,CON-RES-1986-140,3,"ALHAJI SHARIFF BALA ABUBAKAR"
18653,2,collision,20653,CON-RES-RC-1995-3,3,"ALHAJI INUWA TANGAZA"
18183,2,legitimate-optot,31987,CON-RES-1982-211,3,"AMINU A. TAFIDA"
18183,2,legitimate-optot,21753,CON-RES-RC-1982-457,3,"ALHAJI GARBA MAGAJI"
7368,2,collision,21057,RES-1992-3608,2,"BABA UMARU MASUKWANI"
7368,2,collision,16738,CON-AG-1993-56,3,"ALHAJI IBRAHIM MIJINYAWA"
178551,2,legitimate-linked,197237,CON-RES-2020-35,3,"ABBA MAMMAN TOR HABIB"
178551,2,legitimate-linked,197240,KN2810,KANGIS,"ABBA MAMMAN TOR HABIB"
7248,2,collision,34381,CON-AG-1987-125,3,"IBRAHIM B SURAJO"
7248,2,collision,20935,CON-RES-1993-566,3,"ALHAJI YUSUF IBRAHIM"
14058,2,collision,35858,CON-RES-1992-371,3,"ONYIDO ALEX UZO"
14058,2,collision,27845,RES-1993-530,2,"MOHAMMED SABO KWALLI"
176489,2,legitimate-linked,195684,RES-RC-2024-8,1,"ABUBAKAR KABIR ABUBAKAR"
176489,2,legitimate-linked,195718,KN3971,KANGIS,"ABUBAKAR KABIR ABUBAKAR"
18535,2,collision,32340,CON-RES-1987-824,3,"ONYIBO N.K OBUEKWE"
18535,2,collision,18569,CON-RES-RC-1984-25,3,"ALHAJI NASIRU BABALLE ILA"
10852,2,collision,16795,CON-RES-1981-303,3,"HALIMA M IBRAHIM"
10852,2,collision,24556,CON-RES-1987-745,3,"ERIC SUNDAY OKOYE"
12663,2,collision,32480,CON-RES-1986-385,3,"MUNIR SALEH"
12663,2,collision,26369,CON-RES-1982-525,3,"ALHAJI BASHIR SAADU"
18549,2,collision,20393,CON-RES-RC-1984-4,3,"HAJIYA FATIMA DAN TSOHO"
18549,2,collision,32354,CON-RES-1987-1089,3,"MALLAM GANA ABUBAKAR USMAN"
146473,2,legitimate-linked,169520,CON-IND-2025-2,3,"PRIME PLASTIC AND SACKS NIG LTD."
146473,2,legitimate-linked,169535,KN2855,KANGIS,"PRIME PLASTIC AND SACKS NIG LTD"
12531,2,collision,25863,CON-RES-1985-647,3,"ALHAJI  HASSAN USMAN"
12531,2,collision,26237,CON-AG-1984-45,3,"MR CHUKUMA I OMORDI"
12419,2,collision,26124,CON-RES-1989-271,3,"ALHAJI ABDUL BUKAR"
12419,2,collision,29312,CON-RES-1985-350,3,"DR. CLITON C. MUOTO"
168229,2,legitimate-linked,190375,CON-RES-2023-7856,3,"MURTALA ABDULLAHI JEGA"
168229,2,legitimate-linked,190499,KN5251,KANGIS,"MURTALA ABDULLAHI JEGA"
5387,2,legitimate-linked,198549,COM-2023-577,1,"SUNBELT IMPORT & EXPORT INVESTMENT COMPANY LIMITED"
5387,2,legitimate-linked,198569,KN3943,KANGIS,"SUNBELT IMPORT & EXPORT INVESTMENT COMPANY LIMITED"
12213,2,collision,25332,CON-RES-1984-357,3,"ALHAJI GARBA MUSTAPHA"
12213,2,collision,25918,CON-RES-1988-396,3,"ABUBAKAR MAIKASUWA MAAJI"
41637,2,legitimate-linked,173553,RES-1993-3254,2,"ABDULLAHI HASSAN IBRAHIM MOHAMMED"
41637,2,legitimate-linked,173572,"KNML 2175",KANGIS,"ALH AUWALU YUSIF RIMI"
7200,2,collision,20887,CON-AG-1983-186,3,"ALHAJI UMARU NA ABBA"
7200,2,collision,30553,CON-AG-1986-105,3,"ALHAJI ABDU BICHI"
13413,2,collision,29903,CON-RES-1988-380,3,"ALH ABDULLAHI ADAMU"
13413,2,collision,27187,RES-1991-397,1,"ALHAJA FAUSAI SHOLA BELLO"
18557,2,collision,25663,CON-RES-RC-1984-46,3,"ADAMU YAKUBU"
18557,2,collision,32362,CON-RES-1987-1045,3,"ALHAJI SHITU YAHAYA"
50208,2,legitimate-linked,184340,RES-2004-187,2,"ABUBAKAR SADIQ MUHAMMED"
50208,2,legitimate-linked,184341,"KNML 1917",KANGIS,"ABUBAKAR SADIQ MUHAMMED"
18228,2,collision,32032,CON-RES-1983-181,3,"HAJIYA YAWO ADO YA'U"
18228,2,collision,34532,CON-RES-RC-1982-500,3,"MR EMMANUEL OLU ODEGBAMI"
10841,2,collision,24545,CON-RES-1987-39,3,"ALHAJI YUSUF MOHAMMED"
10841,2,collision,14238,CON-RES-1981-29,3,"ALHAJI AHMED ALI"
12076,2,collision,25781,CON-RES-1989-189,3,"SALISU IBRAHIM"
12076,2,collision,25821,CON-RES-1983-732,3,"ALHAJI INUSA MAISALATI"
18159,2,collision,31963,CON-RES-1982-1083,3,"MOHAMMADU USMAN SHEHU"
18159,2,collision,19815,CON-RES-RC-1982-433,3,"MR. SIMON CHUKUNLOBE IKECHUCKWU"
11485,2,collision,25189,CON-RES-1982-1105,3,"ALHAJI MOHD LAWAN ADAMU"
11485,2,collision,33442,CON-RES-1982-372,3,"DESMOND ONUAWUCHI UKAH"
7401,2,collision,31306,CON-AG-1995-54,3,"ALHAJI ABDULLAHI SARKI IBRAHIM MAKAMAN KANO"
7401,2,collision,21091,CON-RES-1995-109,3,"ALHAJI MUSTAPHA UBA"
12426,2,collision,24733,CON-RES-1985-365,3,"MR. OLUREMI OLARUNTOBA"
12426,2,collision,26131,CON-RES-1989-103,3,"ABBA HASSAN DAMBATTA"
179545,2,legitimate-linked,198050,RES-1984-122,1,"NU'UMAN BARAU DANBATTA"
179545,2,legitimate-linked,198080,"KNML 6610",KANGIS,"NU'UMAN BARAU DANBATTA"
6844,2,legitimate-optot,16767,CON-AG-1981-43,3,"ALHAJI ABDU MUSA"
6844,2,legitimate-optot,20528,RES-1982-1705,1,"ALH GARBA SA'IDU"
17972,2,collision,31776,CON-RES-1984-592,3,"MUHAMMADU ADAMU"
17972,2,collision,30683,CON-RES-RC-1982-198,3,"ALHAJI AMADU ALI"
11639,2,collision,23365,CON-RES-1982-603,3,"ALHAJI ALH LABARAN"
11639,2,collision,25343,CON-RES-1984-359,3,"AMADU GARBA AHMED"
14206,2,legitimate-linked,30251,CON-RES-1993-224,3,"ISA HUDU SHUAIB"
14206,2,legitimate-linked,189843,KN3254,KANGIS,"ISA HUDU SHU'AIBU"
15397,2,collision,34687,CON-RES-2004-162,3,"EMMANUEL NNUBIA"
15397,2,collision,29195,RES-1993-3633,2,"SHEHU USMAN ALIYU T/WADA"
12662,2,collision,26368,CON-RES-1982-237,3,"RUFAI GBADEGESIN GANIYU"
12662,2,collision,33367,CON-RES-1986-384,3,"SULAIMAN ABUBAKAR"
18392,2,collision,32196,CON-RES-1987-1342,3,"FRANCIS FOLORUNSHO FAGBE"
18392,2,collision,18691,CON-RES-RC-1982-676,3,"ALHAJI IBRAHIM UMARU"
17424,2,collision,31227,CON-RES-1995-290,3,"ALH. ISYAKU IDRIS ABU ALHASSAN"
17424,2,collision,184293,KN5439,KANGIS,"MURTALA ABDULLAHI JEGA"
14318,2,collision,28105,RES-1993-1687,2,"HAMZA MAIJAKAI"
14318,2,collision,36691,CON-RES-1993-82,3,"ALH BAGUDU BALARABE R/KEBBI"
12714,2,collision,33893,CON-RES-1987-1016,3,"ALHAJI AHMED DARMA"
12714,2,collision,26420,RES-1982-1940,1,"RILWANU DANBATTA"
15140,2,collision,47045,CON-RES-2000-7,3,"MARYAM GARBA"
15140,2,collision,28937,RES-1993-3746,2,"BELLOMOHD ADAMU"
155270,2,legitimate-linked,179618,CON-RES-2008-306,3,"ALTINE MUHAMMAD KURA"
155270,2,legitimate-linked,179620,"KNML 1461",KANGIS,"ALTINE MUHAMMAD KURA"
157008,2,legitimate-linked,181315,CON-COM-2016-128,3,"UMAR BALA YUSUF"
157008,2,legitimate-linked,181328,KN4301,KANGIS,"UMAR BALA YUSUF"
14441,2,collision,28228,RES-1993-2779,2,"ALHAJI BAKO LAMIDO"
14441,2,collision,31467,CON-RES-1994-364,3,"ALHAJI SABO LAWAN KABARA"
11009,2,collision,24713,CON-RES-1985-318,3,"HADIZA BOOTH"
11009,2,collision,14493,CON-RES-1981-590,3,"ALHAJI SAMBO DANBATTA"
11508,2,collision,25212,CON-RES-1984-255,3,"ALHAJI YAHAYA MUSA"
11508,2,collision,21674,CON-RES-1982-409,3,"ALHAJI USMAN WADA"
147624,2,legitimate-linked,170818,RES-2023-127,2,"IBRAHIM ADAMU GUMEL"
147624,2,legitimate-linked,170829,KN2672,KANGIS,"IBRAHIM GUMEL ADAMU"
52441,2,legitimate-optot,178160,RES-2009-5029,2,"MR MBA EMEKA"
52441,2,legitimate-optot,178182,"KNML 49",KANGIS,"MR MBA EMEKA"
6950,2,collision,20634,RES-1992-3199,2,"AHMAD A UMAR"
6950,2,collision,18957,CON-AG-1982-26,3,"DANLADI YUSUF DAURAWA"
11108,2,collision,24812,CON-RES-1986-127,3,"ALH ALI NABUTU"
11108,2,collision,22336,CON-RES-1982-111,3,"ALHAJI ABUBAKAR IBRAHIM RINGIM"
17871,2,collision,31101,CON-RES-RC-1982-110,3,"ALHAJI MANSUR MOHAMMED YOLA"
17871,2,collision,31675,CON-RES-1986-199,3,"MRS FLORENCE SHOWEMIMO"
166039,2,legitimate-linked,189049,KN4104,KANGIS,"NAZIRU MUKHTAR MUSA"
166039,2,legitimate-linked,188751,CON-RES-2025-1324,3,"NAZIRU MUKHTAR MUSA"
11689,2,collision,23563,CON-RES-1982-70,3,"ALH. ADAMU ABDULLAHI"
11689,2,collision,25393,CON-RES-1991-376,3,"ALHAJI NAJUME GARBA KABO"
8584,2,collision,32853,CON-COM-2003-2,3,"B. A. BELLO (NIG) LIMITED"
8584,2,collision,22283,CON-RES-1982-1281,3,"BELLO IBRAHIM DANBATTA"
14902,2,collision,38537,CON-RES-1998-220,3,"ALH ABUBAKAR MOHAMMED"
14902,2,collision,28693,RES-1993-1837,2,"ALHAJI NURA MOHAMMED"
14383,2,collision,29855,CON-RES-1994-291,3,"NAFIU ALHAJI  IBRAHIM"
14383,2,collision,28170,RES-1993-2139,2,"ALH INU ABDU"
15508,2,collision,29306,CON-IND-1985-20,3,"ALHAJI (DR)G.N. HAMZA"
15508,2,collision,34677,CON-RES-2004-99,3,"ADAMU DAWANI AMSHI"
14138,2,collision,38481,CON-RES-1992-57,3,"ALHAJI SADA BELLO RADDA"
14138,2,collision,27925,RES-1993-919,2,"ISMAILA M.K. HARUNA"
7386,2,collision,21076,CON-RES-1995-646,3,"KASALI SHOGUNLE"
7386,2,collision,31496,CON-AG-1994-51,3,"ABDULHAMIDU MOHAMMED INUWA"
56270,2,legitimate-linked,174797,RES-2015-917,2,"MUHAMMED HASSAN YAKASAI"
56270,2,legitimate-linked,174816,KN3895,KANGIS,"MUHAMMED HASSAN YAKASAI"
18094,2,collision,31898,CON-RES-1984-349,3,"MR. BEATRICE OFOEGBU"
18094,2,collision,19535,CON-RES-RC-1982-365,3,"SUNUSI SALISU"
8727,2,collision,22426,RES-1992-6464,2,"ISAH UMARU"
8727,2,collision,34886,CON-COM-2005-99,3,"ALHAJI SHEHU WAKILI"
154951,2,legitimate-linked,179300,CON-RES-2007-156,3,"ABDULLAHI BASHIR MUKHTAR"
154951,2,legitimate-linked,179301,"KNML 1752",KANGIS,"ABDULLAHI BASHIR MUKHTAR"
7233,2,collision,20920,CON-RES-1993-270,3,"MAIMUNA ISYAKU"
7233,2,collision,21280,CON-AG-1986-62,3,"ALH UBA DURUMIN IYA"
8328,2,collision,31294,CON-COM-1995-84,3,"ALHAJI RABIU AHMED MAI ROBA"
8328,2,collision,22027,RES-1992-5872,2,"TASI'U A DORAYI"
15574,2,collision,29372,CON-RES-1987-812,3,"KEVIN O. NWOSU"
15574,2,collision,34861,CON-RES-2005-258,3,"ALHAJI SALISU HUSSAINI"
12156,2,collision,29207,CON-RES-1984-154,3,"ALHAJI BASHARI ABUBAKAR"
12156,2,collision,25861,CON-AG-1985-55,3,"ALH BABBA DAN AGUNDI,SARKIN DAWAKI MAI TUTA"
11916,2,collision,23021,CON-RES-1983-276,3,"ALHAJI JAFARU SULEB NA-ABBA"
11916,2,collision,25621,CON-RES-1984-633,3,"ALHAJI MOHAMMADU BAKORI"
11725,2,collision,194134,CON-RES-1982-772,3,"SEN. ABDULLAHI A. GUMEL"
11725,2,collision,25429,CON-RES-1984-641,3,"AHMED IBRAHIM"
12922,2,collision,26694,RES-1982-2393,1,"USMAN MAMUDA"
12922,2,collision,34378,CON-RES-1987-1485,3,"ALHAJI USMAN YUSIF"
13458,2,collision,27232,RES-1991-449,1,"WASI'U MOHAMMAED JINGIRI RINGIM"
13458,2,collision,24293,CON-RES-1988-491,3,"MR EMMANUEL BOLAJI ADIGUN"
27952,2,legitimate-linked,189947,RES-1982-1076,1,"SULEIMAN ZANGINA"
27952,2,legitimate-linked,189961,"KNML 2474",KANGIS,"SULEIMAN ZANGINA"
12855,2,legitimate-optot,30815,CON-RES-1987-130,3,"FRIDAY NDUBUISI MPAMAUGO"
12855,2,legitimate-optot,26627,RES-1982-2105,1,"MUSTAPHA MUHAMMAD"
12955,2,legitimate-optot,27002,CON-RES-1987-21,3,"BABANGIDA USMAN ASKANDU"
12955,2,legitimate-optot,26727,RES-1991-10,1,"HARUNA HALADU"
7387,2,collision,21077,CON-RES-1995-401,3,"ALHAJI SADAUKI SALIHU"
7387,2,collision,23729,CON-AG-1994-54,3,"ALHAJI SABI'U RABI'U KURA"
6408,2,legitimate-linked,20091,CON-AG-1993-54,3,"ALHAJI HAMISU MOHAMMED ZARA"
6408,2,legitimate-linked,186660,COM-RC-1984-36,1,"ISYAKA RABI'U AND SONS LTD"
7787,2,legitimate-optot,15253,CON-COM-1982-257,3,"FELIX AKINBOBOYE"
7787,2,legitimate-optot,21478,CON-RES-RC-1982-455,3,"ALHAJI IBRAHIM UMAR"
179846,2,legitimate-optot,198307,RES-2023-1446,2,"TANIMU ADAMU"
179846,2,legitimate-optot,198318,KN4398,KANGIS,"TANIMU ADAMU"
64888,2,legitimate-optot,172906,RES-RC-1981-310,1,"MOHAMMED SANI SHARIFF"
64888,2,legitimate-optot,172937,KN4676,KANGIS,"MOHAMMED SANI SHARIFF"
16254,2,collision,30053,CON-RES-1990-160,3,"LADIDI ALHAJI HASSAN"
16254,2,collision,35409,CON-RES-2009-851,3,"ALHAJI SALISUS UMAR"
11310,2,collision,25161,CON-RES-1982-1541,3,"ALHAJI MUSA BALA"
11310,2,collision,25014,CON-RES-1984-626,3,"MALLAM YUSUFU YAKUBU"
62754,2,legitimate-linked,174804,RES-2024-4049,2,"HAMISU MUHD GANO"
62754,2,legitimate-linked,174834,KN2598,KANGIS,"HAMISU GANO MOHAMMED"
7986,2,collision,21680,CON-RES-1982-873,3,"HAIDAR MAHDI JEBARA"
7986,2,collision,34265,CON-COM-1985-46,3,"AISHATU ISA ABDULLAHI"
10859,2,collision,15535,CON-RES-1981-310,3,"ALHAJI MOHAMMED GUJBAMA ABUBAKAR"
10859,2,collision,24563,CON-RES-1987-921,3,"ALHAJI MUKHTAR ABDULLAHI FAGGE"
148789,2,legitimate-linked,172232,CON-RES-2014-764,3,"SAMINU  KHALID ABDULLAHI"
148789,2,legitimate-linked,172236,"KNML 3144",KANGIS,"SAMINU  KHALID ABDULLAHI"
7375,2,collision,21064,RES-1992-3619,2,"ABUBAKAR USMAN D/NAMA"
7375,2,collision,20082,CON-AG-1993-78,3,"ALHAJI BASHIRU KODE"
9085,2,collision,22786,CON-RES-1995-336,3,"SANI SULAIMAN"
9085,2,collision,35460,CON-COM-2009-330,3,"B.M.Y MARKETING LIMITED"
51326,2,legitimate-linked,181323,RES-2006-941,2,"DR. JAMILU TUKUR"
51326,2,legitimate-linked,181345,KN3340,KANGIS,"DR. JAMILU TUKUR"
14484,2,collision,28271,RES-1994-1921,2,"SABO YAHAYA IMAM"
14484,2,collision,36596,CON-RES-1994-500,3,"ALHAJI DANLAMI ALHASSAN"
13975,2,collision,27762,RES-1993-36,2,"MADARASATUL TARBIYATUL AULAD ISL.SCH"
13975,2,collision,35827,CON-RES-1991-77,3,"MRS CHRISTIANA UDUEBHOLO"
13042,2,collision,32504,CON-RES-1987-384,3,"ALHAJI IBRAHIM NA SALEH"
13042,2,collision,26814,RES-1991-132,1,"IBRAHIM MUHD KAUGAMA"
16198,2,collision,22079,CON-RES-2009-629,3,"ALH. UMARU SADA"
16198,2,collision,29997,CON-RES-1988-155,3,"MR & MRS JOB, & IHUAKU UJAH"
11450,2,collision,25154,CON-RES-1982-716,3,"YUSUF HASSAN"
11450,2,collision,21711,CON-RES-1982-304,3,"AHMED SANI"
17899,2,collision,31703,CON-RES-1986-42,3,"DANLAMI ALHASAN & SONS LIMITED"
17899,2,collision,32434,CON-RES-RC-1982-1303,3,"ALHAJI YUSUF MOHAMMED"
13884,2,collision,36426,CON-RES-1991-335,3,"ALHAJI YUNUSA DALHATU ZANGO"
13884,2,collision,27662,RES-1991-752,1,"LAMIDO  TAFIDA"
14154,2,collision,27941,RES-1993-804,2,"ALHAJI DANLADI IBRAHIM"
14154,2,collision,35840,CON-RES-1992-646,3,"ALH USAINI SALIHU MOHD"
11045,2,collision,24749,CON-RES-1985-462,3,"ALH ABDULAZIZ ANAS"
11045,2,collision,14946,CON-RES-1981-88,3,"ALHAJI AUDU MAIKES"
14508,2,collision,28295,RES-1994-1947,2,"ALHAJI HABIBU MOHD"
14508,2,collision,31121,CON-RES-1994-667,3,"ALHAJI NURA IBRAHIM"
40622,2,legitimate-linked,172773,RES-1992-7057,2,"SALMANU ISIYAKU KIRU"
40622,2,legitimate-linked,172796,"KNML 4550",KANGIS,"SALMANU ISYAKU KIRU"
56310,2,legitimate-optot,178732,RES-2016-1116,2,"IBRAHIM MUHAMMAD"
56310,2,legitimate-optot,178749,KN2631,KANGIS,"IBRAHIM MUHAMMAD"
8031,2,collision,17030,CON-COM-1986-88,3,"ALH HARUNA MUSA DANGADA"
8031,2,collision,21725,CON-RES-1981-478,3,"ALHAJI YAU KALIL"
153942,2,legitimate-linked,191776,KN5250,KANGIS,"MURTALA ABDULLAHI JEGA"
153942,2,legitimate-linked,178277,CON-RES-2023-7334,3,"FAIZU MUHAMMAD GALADIMA"
14356,2,collision,31462,CON-RES-1994-244,3,"ALHAJI AHMED MOHAMMED DANBABA"
14356,2,collision,28143,RES-1993-2032,2,"ALHASSAN ALI"
11912,2,collision,23875,CON-RES-1983-270,3,"ALHAJI YUSUF TURAKI"
11912,2,collision,25617,CON-RES-1984-130,3,"MRS.ZAINAB BASHIR UMAR"
18485,2,collision,32290,CON-RES-1987-714,3,"ALHAJI IBRAHIM ALAMU"
18485,2,collision,19511,CON-RES-RC-1983-10,3,"ALHAJI BAKO D/ZUNGURA"
11656,2,legitimate-optot,26070,CON-RES-1982-626,3,"ALHAJI HAMZA A. MAHMOUD"
11656,2,legitimate-optot,25360,CON-RES-RC-1982-50,3,"MALLAM LAWAL MOHAMMED"
24049,2,collision,47016,CON-RES-2000-123,3,"ALHAJI ADO MUSA"
24049,2,collision,47066,CON-RES-1999-182,3,"ALH MUTARI A. GARBA"
46311,2,legitimate-optot,180308,RES-1999-696,2,"HAUWA ALA MUHAMMAD"
46311,2,legitimate-optot,180317,"KNML 1485",KANGIS,"HAUWA ALA MUHAMMAD"
14587,2,collision,36539,CON-RES-1995-248,3,"BENJAMIN CHIMAEZE OSUALA"
14587,2,collision,28374,RES-1992-7384,2,"ALHAJI ADAMU USMAN BALAGU"
14846,2,collision,38368,CON-RES-1997-33,3,"UMAR YUSUF USMAN DURUN"
14846,2,collision,28637,RES-1993-1704,2,"ISA SALIHU"
11149,2,collision,23380,CON-RES-1982-1195,3,"MALAM SAMAILA BATURE"
11149,2,collision,24853,CON-RES-1986-237,3,"DR FARNCIS OKOYE"
155136,2,legitimate-linked,179462,CON-RES-2004-103,3,"HAJIYA NANA SALE ABUBAKAR"
155136,2,legitimate-linked,179475,"KNML 1451",KANGIS,"HAJIYA NANA SALE ABUBAKAR"
43308,2,legitimate-optot,168374,RES-1995-1379,2,"KUSOTO  ESTATE LIMITED"
43308,2,legitimate-optot,169278,KN3493,KANGIS,"KUSOTO  ESTATE LIMITED"
24064,2,collision,47032,CON-RES-2000-157,3,"M. DAHIRU A. IBRAHIM"
24064,2,collision,47081,CON-RES-1999-377,3,"ALH USMAN SHA'AIBU"
12052,2,collision,25757,CON-RES-1983-817,3,"ALHAJI NASIRU SALEH"
12052,2,collision,35220,CON-RES-1983-649,3,"ALHAJI HUSSAINI MOHAMMED MA'AJI"
10978,2,collision,14466,CON-RES-1981-534,3,"IBRAHIM MOHAMMAD"
10978,2,collision,24682,CON-RES-1983-877,3,"LAWAL ABDULLAHI"
10959,2,collision,14458,CON-RES-1981-501,3,"ALHAJI ISA UMAR MADOBI"
10959,2,collision,24663,CON-RES-1983-449,3,"ABDULSALAM USMAN S/GARI"
10921,2,collision,24625,CON-RES-1988-310,3,"ALHAJI AMINU MAI KANO"
10921,2,collision,19126,CON-RES-1981-416,3,"ALHAJI BAMBA INUWA"
145530,2,legitimate-linked,168502,COM-2021-318,1,"DR MOHAMMED MUSA ZANGO"
145530,2,legitimate-linked,168529,"MLKN 3451",KANGIS,"DR MOHAMMED MUSA ZANGO"
160784,2,legitimate-linked,184260,SLTR-221155,SLTR,"MUSA AUWAL  KAMFUT"
160784,2,legitimate-linked,184268,KN5506,KANGIS,"MUSA AUWAL  KAMFUT"
173493,2,legitimate-linked,193569,RES-2011-1596,2,"NASIRU HASSAN MAI AFAKU"
173493,2,legitimate-linked,193577,"KNML 937",KANGIS,"TIRMIZI ABDULKARIM GETSO"
14555,2,collision,33258,CON-RES-1995-140,3,"MR KAYODE ABDU(ADMINISTRATORS OF THE ESTATE OF JOSEPH AINA ABDU )"
14555,2,collision,28342,RES-1992-7334,2,"ALHAJI MAGAWATA USMAN / BABANGIDA USMAN"
7402,2,collision,31279,CON-AG-1995-58,3,"BABA USMAN TOFA"
7402,2,collision,21092,CON-RES-1995-120,3,"ALHAJI MOHAMMED SULEIMAN"
8444,2,collision,22144,CON-RES-2009-244,3,"ALH. LAWAN ABDULLAHI"
8444,2,collision,30322,CON-COM-1999-64,3,"NUHU SALISU TA'ALAMUDEEN ISLAMIYYA SCHOOL"
13412,2,collision,27186,RES-1991-396,1,"SHEHU ABDULLAHI"
13412,2,collision,29899,CON-RES-1988-377,3,"ALH SHA'AIBU ADAMU"
7052,2,collision,20738,CON-RES-1995-219,3,"ALHAJI NASIRU MAGAJI U/UKU"
7052,2,collision,18549,CON-AG-1982-594,3,"ALHAJI UMARU DANAZUMI"
37437,2,legitimate-linked,197221,RES-1991-5670,1,"KABIRU ABDU"
37437,2,legitimate-linked,197230,"KNML 9808",KANGIS,"KABIRU ABDU"
18388,2,collision,32192,CON-RES-1987-929,3,"YAU UMAR ZANGO"
18388,2,collision,19541,CON-RES-RC-1982-672,3,"ALHAJI ABDU DUTSE & SONS"
119952,2,legitimate-linked,174941,CON-AG-2022-11,3,"ALHAJI LAWAN ZAKARI"
119952,2,legitimate-linked,174955,KN2671,KANGIS,"ALHAJI LAWAN ZAKARI"
45339,2,legitimate-linked,186297,RES-1997-224,2,"SANUSI IBRAHIM"
45339,2,legitimate-linked,186299,"KNML 1524",KANGIS,"SANUSI IBRAHIM"
18451,2,collision,32256,CON-RES-1987-627,3,"MR J.O.E. ONOHURHEFE"
18451,2,collision,32432,CON-RES-RC-1982-745,3,"ABBAS YA'U"
30578,2,legitimate-linked,179550,RES-1985-1850,1,"HUSSEINI LAWAL ATANA"
30578,2,legitimate-linked,179578,KN4206,KANGIS,"HUSSEINI LAWAL ATANA"
7622,2,collision,21313,CON-AG-1982-368,3,"FATAHU MOHAMMED"
7622,2,collision,23435,CON-AG-RC-1982-4,3,"ALHAJI ADAMU KYAUTA"
14269,2,legitimate-linked,28056,RES-1992-1605,2,"ALH BALARABE MAIKORE"
14269,2,legitimate-linked,17852,CON-RES-1993-446,3,"A.A. SADIQ TRANS AND GLOBAL LINK NIG LTD"
11581,2,collision,25285,CON-RES-1983-604,3,"MOHAMMED AMADU"
11581,2,collision,23450,CON-RES-1982-52,3,"MUSA ADAMU"
178799,2,legitimate-optot,197421,RES-2009-680,2,"DANKADA FARM LTD"
178799,2,legitimate-optot,197425,RES-2009-6244,2,"DANKADA FARM LTD"
10769,2,collision,24472,CON-RES-1987-459,3,"ALHAJI SANI SARKIN BAI KAZAURE"
10769,2,collision,13944,CON-RES-1981-169,3,"MALAM DAIYABU SAMBO"
54148,2,legitimate-linked,194516,RES-2013-432,2,"ALH BALA UMAR MOHAMMED"
54148,2,legitimate-linked,194539,"KNML 544",KANGIS,"UMAR BALA MOHAMMAD"
157770,2,legitimate-linked,181885,CON-RES-2014-511,3,"ABUBAKAR ALIYU"
157770,2,legitimate-linked,181896,"KNML 2915",KANGIS,"ABUBAKAR ALIYU"
12721,2,legitimate-optot,32285,CON-RES-1987-1026,3,"UMAR SANUSI  BAYERO"
12721,2,legitimate-optot,26427,RES-1982-1976,1,"AUDU MANAGER"
7153,2,collision,20840,RES-1992-3265,2,"AUWALU AHMED"
7153,2,collision,15581,CON-AG-1984-4,3,"ALH. MUHAMMADU NAGANGARE"
14907,2,collision,28698,RES-1993-1864,2,"A. AHMED YAHAYA"
14907,2,collision,38562,CON-RES-1998-233,3,"LT COLONEL JOLLY OGBOLE ABU"
51946,2,legitimate-linked,174952,RES-2008-683,2,"NAUWASI HAMISU"
51946,2,legitimate-linked,174980,"KNML 7039",KANGIS,"ABDULMUMINI YUNUSA DANSAUKA"
170911,2,legitimate-optot,191654,RES-2020-546,2,"DR. ABDULLAHI GAMBO"
170911,2,legitimate-optot,191660,KN3554,KANGIS,"DR. ABDULLAHI GAMBO"
11101,2,collision,31019,CON-RES-1982-1096,3,"ALHAJI UMARU MUSA ZANDAM"
11101,2,collision,24805,CON-RES-1986-118,3,"ALHAJI IBRAHIM BAKO"
18338,2,collision,32142,CON-RES-1987-230,3,"ALHAJI ABDULLAHI M. BINDAWA"
18338,2,collision,19820,CON-RES-RC-1982-615,3,"ALHAJI SANI KULO"
15541,2,collision,34845,CON-RES-2005-187,3,"ALHAJI ABDU ADAMU"
15541,2,collision,29339,CON-RES-1985-443,3,"MALLAM UMARU SAND"
11615,2,collision,24571,CON-RES-1982-567,3,"ALHAJI ZUBAIRU ABDULLAHI"
11615,2,collision,25319,CON-RES-1984-476,3,"ALHAJI DANBASHARI KOGUNA"
8030,2,collision,21724,CON-RES-1982-57,3,"ALHAJI RABIU UMARU"
8030,2,collision,19206,CON-COM-1986-87,3,"ALHAJI SAMINU GANO"
18935,2,legitimate-linked,195017,IND-1991-52,1,"CROWN LEATHER COMPANY LTD"
18935,2,legitimate-linked,195068,KN3535,KANGIS,"CROWN LEATHER COMPANY LTD"
11280,2,collision,31985,CON-RES-1982-1465,3,"ALHAJI ABDUL GARBA"
11280,2,collision,24984,CON-RES-1982-1100,3,"ALHAJI ABDULLAHI IBRAHIM"
152646,2,legitimate-linked,176083,RES-2009-6444,2,"AYUBA ISA"
152646,2,legitimate-linked,176093,"KNML 1244",KANGIS,"MUHAMMAD AKIBU AHMAD"
13129,2,collision,32275,CON-RES-1987-607,3,"FS USMAN MUSA"
13129,2,collision,26902,RES-1991-229,1,"MAMUDA MAITAMA YUSUF"
18115,2,collision,26046,CON-RES-RC-1982-390,3,"ALHAJI HARUNA ABUBAKAR"
18115,2,collision,31919,CON-RES-1985-398,3,"ALHAJI MUHAMMADU MUSTAPHA"
13695,2,collision,27471,RES-1990-4038,1,"ALHAJI SULE"
13695,2,collision,36225,CON-RES-1989-91,3,"ALHAJI USAINI USMAN HAUSAWA"
17438,2,collision,185472,KN5402,KANGIS,"MURTALA ABDULLAHI JEGA"
17438,2,collision,31241,CON-RES-1995-463,3,"SHAMSIDDEEN NURA"
18527,2,collision,34360,CON-RES-RC-1984-16,3,"ALHAJI IBRAHIM MAILEMO"
18527,2,collision,32332,CON-RES-1987-832,3,"MADAM C.M NJOKU"
13965,2,collision,27752,RES-1993-13,2,"MAITAMA YAKUBU"
13965,2,collision,36078,CON-RES-1991-641,3,"BALA MOHAMMED GETSO"
16665,2,collision,35161,CON-RES-2018-320,3,"HAJIYA AISHATU SHEHU"
16665,2,collision,30465,CON-RES-1985-182,3,"ALHAJI IDI ABDULLAHI"
13309,2,collision,27082,RES-1982-2287,1,"AHMED MUHAMMAD"
13309,2,collision,35968,CON-RES-1988-119,3,"ALHAJI HAMISU BALA"
7376,2,collision,23721,CON-AG-1994-10,3,"ALHAJI BAKO GANO"
7376,2,collision,21065,RES-1992-3622,2,"SHITU SAIDU MADUGAWA"
12422,2,collision,26127,CON-RES-1989-490,3,"MR. C. C. OKEKE"
12422,2,collision,30786,CON-RES-1985-359,3,"ALHAJI SANI GEZAWA"
167236,2,legitimate-linked,189620,CON-RES-2023-7292,3,"FAIZU MUHAMMAD GALADIMA"
167236,2,legitimate-linked,189633,KN5227,KANGIS,"MURTALA ABDULLAHI JEGA"
7778,2,collision,15848,CON-COM-1982-232,3,"ALHAJI ISMA'ILA ADAMU"
7778,2,collision,21469,CON-AG-1985-67,3,"ALHAJI NURA SABI'U"
11989,2,collision,24661,CON-RES-1983-447,3,"ALHAJI DAU ISA"
11989,2,collision,25694,CON-RES-1985-28,3,"ALHAJI INUSA MAI ALBASA"
63322,2,legitimate-linked,195073,RES-2025-171,2,"AHMAD AMINU DAWAKI"
63322,2,legitimate-linked,195085,KN2765,KANGIS,"AHMAD AMINU DAWAKI"
11193,2,collision,24897,CON-RES-1983-663,3,"BUHARI PROPERTIES &INVESTMENT LTD"
11193,2,collision,22858,CON-RES-1982-129,3,"ALHAJI SALISU AUTA"
153391,2,legitimate-linked,177704,CON-RES-2023-7247,3,"FAIZU MUHAMMAD GALADIMA"
153391,2,legitimate-linked,186249,KN4528,KANGIS,"MURTALA ABDULLAHI JEGA"
55196,2,legitimate-optot,176317,RES-2015-3923,2,"AHMAD ABDULKARIN ALI"
55196,2,legitimate-optot,176325,KN3608,KANGIS,"AHMAD ABDULKARIN ALI"
174445,2,legitimate-linked,194206,CON-RES-2001-303,3,"ALH HAMISU MUSA"
174445,2,legitimate-linked,194207,"KNML 547",KANGIS,"ALH HAMISU MUSA"
14891,2,collision,38427,CON-RES-1998-160,3,"IBRAHIM IBRAHIM KHALEEL"
14891,2,collision,28682,RES-1993-1814,2,"ALHAJI KASSIM ADMU"
18403,2,collision,19762,CON-RES-RC-1982-689,3,"ALHAJI HASSAN INUWA"
18403,2,collision,32207,CON-RES-1982-1440,3,"D K INUWA"
8199,2,collision,21896,CON-RES-2009-289,3,"ALHAJI YUSUF ABDULLAHI"
8199,2,collision,33396,CON-COM-1992-61,3,"ALHAJI GAMBO MUHD ABDULLAHI DAN PASS"
12562,2,collision,24814,CON-RES-1986-130,3,"ALH HASSAN NA ABBA"
12562,2,collision,26268,CON-RES-1986-98,3,"ALHAJI AUDU"
31636,2,legitimate-linked,186720,RES-1986-565,1,"BILKISU LAMIDO DODO"
31636,2,legitimate-linked,186739,"KNML 268",KANGIS,"BILKISU MALIKA DODO"
10944,2,collision,24648,CON-RES-1984-187,3,"ALHAJI ADAMU JIBRIL"
10944,2,collision,21695,CON-RES-1981-465,3,"MUHD H SAIDU"
7676,2,collision,21367,RES-1992-4369,2,"ALH DANGUDA MAIBURIJI"
7676,2,collision,15298,CON-COM-1981-19,3,"ALHAJI ABBA DARIDO"
15843,2,collision,47207,CON-RES-2007-46,3,"ZUBAIRU M. BORODO"
15843,2,collision,29642,CON-RES-1982-793,3,"ALHAJI ALI ZAIRO"
18006,2,collision,31810,CON-RES-1984-492,3,"ALHAJI ISMAILA ABDULLAHI"
18006,2,collision,18920,CON-RES-RC-1982-27,3,"MALAM MAS'UD ADAMU"
10392,2,collision,32535,CON-IND-1981-5,3,"KAURA BISCUITS & MACARONI FACTORY LIMITED"
10392,2,collision,24095,CON-RES-1983-34,3,"ALHAJI ADAMU KORAU"
51380,2,legitimate-optot,187624,RES-2008-5515,2,"NUHU AHMAD"
51380,2,legitimate-optot,187670,RES-2007-1205,2,"AUDU MANAGER ANSD SONS"
157608,2,legitimate-linked,181743,RES-2014-1627,2,"ALH YAKUBU AMINU"
157608,2,legitimate-linked,181756,"KNML 1986",KANGIS,"YAKUBU AMINU"
16133,2,collision,35422,CON-RES-2009-34,3,"ADAMU DAWUNI AMSHI"
16133,2,collision,29932,CON-AG-1988-64,3,"SHEHU MUDI SALGA"
169393,2,legitimate-linked,191237,CON-RES-2012-139,3,"ALH IDRIS H. ZUBAIRU"
169393,2,legitimate-linked,191248,"KNML 1212",KANGIS,"ALH IDRIS H. ZUBAIRU"
12736,2,collision,33887,CON-RES-1987-1047,3,"ACM SAIDU N. ABDULLAHI"
12736,2,collision,26442,RES-1982-1973,1,"HASSAN MOHAMMED INDABAWA"
46530,2,legitimate-optot,179980,RES-2000-157,2,"AHMED GAMBO FAGGE"
46530,2,legitimate-optot,179991,"KNML 1468",KANGIS,"AHMED GAMBO FAGGE"
11426,2,collision,23613,CON-RES-1982-273,3,"E. OMO OBAZE"
11426,2,collision,25130,CON-RES-1982-1556,3,"ALHAJI UMARU MAIKILISHI"
14443,2,collision,28230,RES-1993-2479,2,"ADO HARUNA"
14443,2,collision,31472,CON-RES-1994-366,3,"ALHAJI SABO LAWAN KABARA"
9599,2,collision,23301,RES-1992-7244,2,"SULEIMAN IBRAHIM"
9599,2,collision,35054,CON-COM-2014-78,3,"M.H GETSO NIGERIA LIMITED"
10939,2,collision,24643,CON-RES-1988-202,3,"OLUSEYI K KENNY"
10939,2,collision,19157,CON-RES-1981-456,3,"ALHAJI UMARU AHMED"
17562,2,collision,31365,CON-RES-1995-587,3,"DR. RABIU SULAIMAN"
17562,2,collision,181004,KN5105,KANGIS,"MURTALA ABDULLAHI JEGA"
11636,2,collision,32209,CON-RES-1982-600,3,"ISA UMARU"
11636,2,collision,25340,CON-RES-1984-387,3,"MALLAM ABUBAKAR USMAN"
7377,2,collision,21066,RES-1992-3623,2,"SHITU SAIDU MADUGAWA"
7377,2,collision,31511,CON-AG-1994-14,3,"ALHAJI SHUAIBU MUSA"
11812,2,collision,25516,CON-RES-1999-331,3,"HAJIA DELU GARBA"
11812,2,collision,35298,CON-RES-1982-935,3,"MALAN IGUDA KATAGUN"
17513,2,collision,184604,KN5394,KANGIS,"MURTALA ABDULLAHI JEGA"
17513,2,collision,31316,CON-AG-1995-84,3,"ALH. ABDULLAHI M. MUSA"
154459,2,legitimate-linked,178747,RES-2009-1768,2,"NASIRU ISA"
154459,2,legitimate-linked,178760,"KNML 1769",KANGIS,"NASIRU ISA"
36864,2,legitimate-optot,182023,RES-1991-3586,1,"USAINI ALHAJI ALASAN"
36864,2,legitimate-optot,182034,"KNML 9769",KANGIS,"USAINI ALHAJI ALASAN"
26929,2,legitimate-linked,182670,"KNML 1716",KANGIS,"HALIMA ABUBAKAR MAHE"
26929,2,legitimate-linked,15706,RES-1981-1458,1,"HAALIMA ABUBAKAR MAHE"
13677,2,collision,27453,RES-1990-2457,1,"MAITAMA MOHAMMED"
13677,2,collision,26087,CON-RES-1989-564,3,"IGNATIUS OFFORDIRE AJAEGBU"
175742,2,legitimate-linked,195563,CON-COM-2019-295,3,"SHARU RABI'U INUWA"
175742,2,legitimate-linked,195564,"MLKN 3730",KANGIS,"SHARU RABI'U INUWA"
10793,2,collision,13953,CON-RES-1981-21,3,"HAJIYA HAJARA ALKALI"
10793,2,collision,24497,CON-RES-1987-1156,3,"MOHAMMED UBALE DANKAWU"
14956,2,collision,25010,CON-RES-1998-72,3,"MR CHRISTAIN ABAJU"
14956,2,collision,28748,RES-1993-2560,2,"MARYAM ABUBAKAR MATAWALLE"
14016,2,collision,27803,RES-1993-155,2,"BATURE BABAN KABO"
14016,2,collision,36194,CON-RES-1992-206,3,"ALH LAWAN DUNBULUM"
158657,2,legitimate-linked,182575,CON-RES-1991-103,3,"CHEIF IGNATIUS OKECHUKWU NWOSU"
158657,2,legitimate-linked,182598,"KNML 1718",KANGIS,"CHEIF IGNATIUS OKECHUKWU NWOSU"
13721,2,collision,27498,RES-1990-4068,1,"MUSA IDRIS"
13721,2,collision,35899,CON-RES-1990-19,3,"ALHAJI MOHAMMED IDRIS BALARABE"
14464,2,collision,33231,CON-RES-1994-426,3,"DR MUHAMMED SANI"
14464,2,collision,28251,RES-1994-396,2,"ADO KURMA & FAMILY"
18574,2,collision,32379,CON-RES-1987-1125,3,"AUGUSTINE EBIEKEGWE WENEGIEM"
18574,2,collision,19479,CON-RES-RC-1985-14,3,"ALHAJI BABA MAI TAFSIRI"
15278,2,collision,47123,CON-RES-2002-279,3,"MR. AMAECHI CHUKWUENYA"
15278,2,collision,29076,RES-1993-3331,2,"DANJUMMAI ABDU"
34312,2,legitimate-optot,178404,RES-1989-295,1,"ALIYU HALIDU"
34312,2,legitimate-optot,178433,"KNML 1790",KANGIS,"ALIYU HALIDU"
154864,2,legitimate-linked,179193,RES-1996-947,2,"ALHAJI MUNTARI MUHAMMED AHMED"
154864,2,legitimate-linked,179208,"KNML 1834",KANGIS,"ALHAJI MUNTARI MUHAMMED AHMED"
7169,2,collision,18100,CON-AG-1984-72,3,"ALHAJI SALE RANO BALAGI"
7169,2,collision,20856,RES-1992-3302,2,"UMAR MUHAMMED"
6909,2,collision,20593,RES-1992-3153,2,"MOHAMMED ALIYU"
6909,2,collision,15607,CON-AG-1982-167,3,"ALHAJI AMADU ALI"
12112,2,collision,35224,CON-RES-1983-831,3,"ALHAJI MUSA ABDU"
12112,2,collision,25817,CON-RES-1983-725,3,"ALHAJI AMINU ISA TRADER"
156500,2,legitimate-linked,180890,RES-1992-2403,2,"DR SANDA MOHAMMED"
156500,2,legitimate-linked,180896,"KNML 1496",KANGIS,"ABDULLAHI UMAR SANDA"
14908,2,legitimate-optot,28699,RES-1993-1865,2,"KADI MUHAMMADU KHALIL"
14908,2,legitimate-optot,38561,CON-RES-1998-235,3,"GARBA YUSUF IMAM"
13410,2,collision,27184,RES-1991-394,1,"BABANGIDA A. SABO"
13410,2,collision,29975,CON-RES-1988-373,3,"ALH AHMED MUSA"
153319,2,legitimate-linked,177610,CON-RES-2023-7260,3,"FAIZU MUHAMMAD GALADIMA"
153319,2,legitimate-linked,186777,KN5122,KANGIS,"MURTALA ABDULLAHI JEGA"
14289,2,collision,37205,CON-RES-1993-525,3,"SANI UMAR MAI KANTI"
14289,2,collision,28076,RES-1993-1633,2,"RABIU AMADU"
167011,2,legitimate-optot,189445,RES-2022-2115,2,"SULEIMAN ABUBAKAR"
167011,2,legitimate-optot,189467,KN3128,KANGIS,"SULEIMAN ABUBAKAR"
11751,2,collision,25455,CON-RES-1989-96,3,"ABDULRAHMAN DAN-YARO"
11751,2,collision,31631,CON-RES-1982-829,3,"ALHAJI IBRAHIM ISA"
14066,2,collision,36881,CON-RES-1992-405,3,"ALHAJI SARKI ABDULLAHI GWANGWAZO"
14066,2,collision,27853,RES-1993-573,2,"A YUSUFU RABIU & MATI IBRAHIM"
14166,2,collision,27953,RES-1993-833,2,"MANSUR BALA BELLO"
14166,2,collision,38600,CON-RES-1992-702,3,"HAJIYA BINTA AHMADU YAKASAI"
59489,2,legitimate-linked,197108,RES-2019-2519,2,"ALHAJI YAKUBU MUSA"
59489,2,legitimate-linked,197122,"KNML 9617",KANGIS,"ALHAJI YAKUBU MUSA"
12033,2,collision,25278,CON-RES-1983-596,3,"CYNTHIA JOLAOSHO"
12033,2,collision,25738,CON-COM-1995-119,3,"ALHAJI HAMIDA ADAMU"
11838,2,collision,25543,CON-RES-1999-274,3,"ALH. RABIU SALIHU"
11838,2,collision,24883,CON-RES-1983-100,3,"ALHAJI YAHAYA LAWAN"
11930,2,collision,25635,CON-RES-1984-200,3,"MADAM UMMI GALADIMA"
11930,2,collision,23861,CON-RES-1983-301,3,"UMARU USMAN BALA"
46472,2,legitimate-linked,193883,RES-2000-1386,2,"UMAR SHEHU MINJIBIR"
46472,2,legitimate-linked,193893,"KNML 530",KANGIS,"UMAR SHEHU MINJIBIR"
17552,2,legitimate-linked,31355,CON-RES-1995-568,3,"SHEHU HASSAN"
17552,2,legitimate-linked,187162,KN5181,KANGIS,"MURTALA ABDULLAHI JEGA"
6371,2,legitimate-linked,186737,COM-2020-150,1,"YUSUF USMAN GALADIMA"
6371,2,legitimate-linked,20053,RES-1992-2992,2,"RABIU AUWALU"
149972,2,legitimate-linked,173307,CON-COM-2023-510,3,"NASLINA VENTURES AND SERVICE LTD"
149972,2,legitimate-linked,173308,KN3172,KANGIS,"NASLINA VENTURES AND SERVICE LTD"
14277,2,collision,37120,CON-RES-1993-470,3,"AHMED RUFA'I UMAR"
14277,2,collision,28064,RES-1993-1621,2,"ALHAJI ISAH ABDULLAHI"
60470,2,legitimate-linked,173315,RES-2020-2485,2,"YUNUSA MUSTAPHA NAMADI"
60470,2,legitimate-linked,173375,"KNML 7779",KANGIS,"YUNUSA MUSTAPHA NAMADI"
18117,2,collision,31921,CON-RES-1985-377,3,"ALHAJI MANNIRU TIJJANI"
18117,2,collision,21738,CON-RES-RC-1982-392,3,"ALHAJI USMAN ABUBAKAR"
65563,2,legitimate-linked,198043,RES-RC-1982-1522,1,"GHASSAN ALI TAHER"
65563,2,legitimate-linked,198084,KN934,KANGIS,"GHASSAN ALI TAHER"
56272,2,legitimate-linked,168848,RES-2015-919,2,"MUHAMMED HASSAN YAKASAI"
56272,2,legitimate-linked,168872,KN3893,KANGIS,"MUHAMMED HASSAN YAKASAI"
149812,2,legitimate-linked,173095,RES-2015-258,2,"AMINA SHEHU"
149812,2,legitimate-linked,173110,KN5315,KANGIS,"AMINA SHEHU"
157977,2,legitimate-linked,182027,COM-2006-52,1,"ALHAJI AHMADU UBA GWALE"
157977,2,legitimate-linked,182038,"MLKN 731",KANGIS,"ALHAJI AHMADU UBA GWALE"
12174,2,collision,25879,CON-RES-1988-581,3,"MR EZE OKORO AFOR"
12174,2,collision,31886,CON-RES-1984-22,3,"UNION BANK OF NIGERIA PLC"
153875,2,legitimate-linked,179676,KN5110,KANGIS,"MURTALA ABDULLAHI JEGA"
153875,2,legitimate-linked,178205,CON-RES-2023-7215,3,"FAIZU MUHAMMAD GALADIMA"
12048,2,collision,25753,CON-RES-1983-658,3,"DAHIRU MOHAMMAD ABUBAKAR"
12048,2,collision,32005,CON-RES-1983-631,3,"HAJIYA DIJE ZAKIRAI"
17810,2,collision,31614,CON-RES-1982-1413,3,"ALHAJI GARBA HALILU & SONS"
17810,2,collision,21509,CON-RES-RC-1981-53,3,"ALHAJI MOHAMMADU SALE"
17571,2,collision,31374,CON-COM-1995-29,3,"ALHAJI NAFIU HARUNA"
17571,2,collision,179527,KN5182,KANGIS,"MURTALA ABDULLAHI JEGA"
65182,2,legitimate-linked,176053,RES-RC-1982-1162,1,"SADIQ SULAIMAN WALI"
65182,2,legitimate-linked,176073,"KNML 1888",KANGIS,"SADIQ SULAIMAN WALI"
16279,2,legitimate-linked,30078,CON-RES-1990-198,3,"MR JIMOH OAMEN"
16279,2,legitimate-linked,168295,KN5346,KANGIS,"MUKHTAR USMAN YAKUBU"
177411,2,legitimate-linked,196406,CON-RES-2015-510,3,"SA'ADU USMAN"
177411,2,legitimate-linked,196424,"KNML 4915",KANGIS,"SA'ADU USMAN"
12929,2,legitimate-optot,26701,RES-1982-308,1,"BABA MUSA MOHAMMED"
12929,2,legitimate-optot,24493,CON-RES-1987-164,3,"ALHAJI MUSA ABDULLAHI DAGUMAWA"
17952,2,collision,18684,CON-RES-RC-1982-18,3,"BULKI MOHAMMED"
17952,2,collision,31756,CON-COM-1984-129,3,"SHAMTATA COMPANY LIMITED"
10620,2,collision,24323,CON-RES-1988-13,3,"BASIL DAN OSHIOKAMEL"
10620,2,collision,183406,CON-IND-2025-251,3,"ARN GROUP INTERNATIONAL CON. LIMITED"
11113,2,collision,26015,CON-RES-1982-1113,3,"ALHAJI MUHAMMAD"
11113,2,collision,24817,CON-RES-1986-136,3,"ALHAJI UBA MUSA"
14567,2,collision,28354,RES-1992-7358,2,"UMARU ALI"
14567,2,collision,31185,CON-RES-1995-177,3,"CHRISTIAN CHERECHUKWU"
12822,2,collision,26594,RES-1982-2408,1,"JIMOH O. ABBEY"
12822,2,collision,32402,CON-RES-1987-1225,3,"ALHAJI YAHAYA ALI TAILOR"
6930,2,collision,20614,RES-1992-3176,2,"NURA GARBA BICHI"
6930,2,collision,16764,CON-AG-1982-211,3,"ALHAJI MALLAM KAWU"
46294,2,legitimate-linked,186427,RES-1999-623,2,"ABBA IBRAHIM BADAMASI"
46294,2,legitimate-linked,186434,"KNML 1530",KANGIS,"ABBA IBRAHIM BADAMASI"
11351,2,collision,25055,CON-RES-1984-296,3,"ALHAJI SANI MAIZARE"
11351,2,collision,29617,CON-RES-1982-169,3,"ALHAJI GARBA JANKU SUMAILA"
17884,2,collision,31688,CON-RES-1986-46,3,"ALHAJI ABDU TAMBAI"
17884,2,collision,19811,CON-RES-RC-1982-121,3,"ALHAJI GARBA A.D. INUWA"
6252,2,collision,183300,COM-RC-1982-515,1,"L. AMBROSINI LIMITED"
6252,2,collision,19933,RES-1982-957,1,"ADO SULEIMAN BABURA"
65217,2,legitimate-optot,172234,RES-RC-1982-1197,1,"MR FRANSCIS EMEKA"
65217,2,legitimate-optot,172244,KN3604,KANGIS,"MR FRANSCIS EMEKA"
8207,2,collision,33389,CON-COM-1992-77,3,"TSAKUWA D/KUDU PETROLEUM"
8207,2,collision,21904,CON-RES-2009-99,3,"MR. IFEDIGBO PAULINUS N."
46030,2,legitimate-linked,189326,RES-1998-701,2,"MUSA ABBAS ALHASSAN"
46030,2,legitimate-linked,189348,"KNML 8619",KANGIS,"MUSA ABBAS ALHASSAN"
11996,2,collision,25701,CON-RES-1985-257,3,"RUFAI HARUNA"
11996,2,collision,24428,CON-RES-1983-50,3,"ALHAJI ZAKARI AHMED"
8397,2,collision,32759,CON-COM-1998-34,3,"HAJIYA SAUDE ABDULLAHI ALIYU"
8397,2,collision,22097,CON-RES-2009-1050,3,"SULAIMAN MUSA"
146941,2,legitimate-linked,170017,CON-AG-2021-173,3,"ISYAKU AUWALU"
146941,2,legitimate-linked,170039,"MLKN 3891",KANGIS,"ISYAKU AUWALU"
11610,2,collision,25314,CON-RES-1984-465,3,"ABDULLAHI TUKUR"
11610,2,collision,31662,CON-RES-1982-56,3,"MALLAM AHMAD TIJJANI BALA"
12939,2,collision,30841,CON-RES-1987-184,3,"ALHAJI KABIRU MUSA MAILAFIYA"
12939,2,collision,26711,RES-1982-3114,1,"DANLAMI IBRAHIM"
11119,2,collision,24823,CON-RES-1986-205,3,"ALH ABUBAKAR USMAN"
11119,2,collision,26018,CON-RES-1982-1129,3,"IBRAHIM HAMID"
31931,2,legitimate-linked,180088,RES-1987-1289,1,"ALH KABIR UBA ALI"
31931,2,legitimate-linked,180105,"KNML 1475",KANGIS,"ALH KABIR UBA ALI"
154867,2,legitimate-optot,179197,RES-2023-1447,2,"TANIMU ADAMU"
154867,2,legitimate-optot,179205,KN4402,KANGIS,"TANIMU ADAMU"
10964,2,collision,24668,CON-RES-1983-533,3,"ALHAJI BASHIR ABUBAKR"
10964,2,collision,14482,CON-RES-1981-509,3,"ALHAJI KABIRU SULE"
13294,2,collision,27067,RES-1982-2264,1,"EBUBE EKWUTOS CLARA"
13294,2,collision,30914,CON-RES-1987-977,3,"SALIHU YAMANDA SULAIMAN"
25342,2,legitimate-linked,47284,CON-RES-2007-197,3,"ABDULSALAM RABIU TANKO"
25342,2,legitimate-linked,193838,"KNML 523",KANGIS,"SOJUNA NIGERIA LIMITED"
12826,2,collision,26598,RES-1982-2403,1,"MUSA MOHAMMAD"
12826,2,collision,30938,CON-RES-1987-1243,3,"ALHAJI ABDULLAHI MAIKANO SIDI"
149723,2,legitimate-linked,173018,COM-2023-71,1,"AISHA UMAR"
149723,2,legitimate-linked,173020,"MLKN 3828",KANGIS,"AISHA UMAR"
13608,2,collision,27382,RES-1990-2191,1,"AMINA AMINU"
13608,2,collision,36394,CON-RES-1989-346,3,"ALHAJI MUSTAPHA ABBA GANA"
14710,2,collision,32708,CON-RES-1996-178,3,"ALHAJI SANI AHMED MOHAMMED"
14710,2,collision,28498,RES-1993-1093,2,"IBRAHIM SAMBO MUKADDAS"
13028,2,collision,26800,RES-1991-115,1,"HAJARA AMINU BALA"
13028,2,collision,32491,CON-RES-1987-355,3,"MALLAM MUDI SALGA"
16225,2,collision,21936,CON-RES-2009-726,3,"MUHAMMAD LAWAN USMAN"
16225,2,collision,30024,CON-RES-1990-62,3,"ALHAJI BALARABE MOHAMMED"
11956,2,legitimate-optot,24134,CON-RES-1983-372,3,"MOHAMMED SANI ZAKARI"
11956,2,legitimate-optot,25661,CON-RES-RC-1984-47,3,"ALHAJI AMINU SHARI BAPPA"
6114,2,legitimate-optot,19792,CON-RES-RC-1982-64,3,"AHMED TUKUR"
6114,2,legitimate-optot,176246,COM-RC-1982-372,1,"ALH. KASSIM UMAR"
12257,2,collision,25962,CON-IND-1982-43,3,"BALLY PLASTICS & FOOT WEAR IND (NIG) LTD"
12257,2,collision,23414,CON-RES-1984-509,3,"OLESEGUN OLUMUYIWA"
12778,2,collision,26550,RES-1982-2307,1,"ALHAJI MUHAMMADU WAZIRI"
12778,2,collision,24510,CON-RES-1987-1120,3,"SHEIKH ABUBAKAR HASSAN"
31885,2,legitimate-linked,196770,RES-1987-1185,1,"AMINU SULEIMAN ABUBAKAR"
31885,2,legitimate-linked,196811,KN4126,KANGIS,"AMINU SULEIMAN ABUBAKAR"
11567,2,collision,25271,CON-RES-1983-599,3,"MR MICHEAL OKPALA"
11567,2,collision,30969,CON-RES-1982-5,3,"ALHAJI SALISU TAHIR"
8092,2,collision,29727,CON-COM-1989-34,3,"ALHAJI ALI UTAI"
8092,2,collision,21787,RES-1992-4914,2,"A. LAWAN SARKIN KIDAN KOTSO"
15523,2,collision,29321,CON-RES-1985-319,3,"ALHAJI SA'ADU AHMADU"
15523,2,collision,34858,CON-RES-2005-150,3,"MOHAMMAD NASIR MOHAMMAD"
58946,2,legitimate-optot,194154,RES-2019-1088,2,"IBRAHIM ISYAKU NA ABBA"
58946,2,legitimate-optot,194164,"KNML 6499",KANGIS,"IBRAHIM ISYAKU NA ABBA"
11743,2,collision,32056,CON-RES-1982-818,3,"D.O OGUMOLA"
11743,2,collision,25447,CON-RES-1989-311,3,"ALHAJI YARO GAMBO"
17598,2,legitimate-linked,186772,KN4620,KANGIS,"MURTALA ABDULLAHI JEGA"
17598,2,legitimate-linked,31401,CON-RES-1997-193,3,"MALLAM DANTINE NASIRU"
153369,2,legitimate-linked,186490,KN4559,KANGIS,"MURTALA ABDULLAHI JEGA"
153369,2,legitimate-linked,177678,CON-RES-2023-7239,3,"FAIZU MUHAMMAD GALADIMA"
18086,2,collision,31890,CON-RES-1984-640,3,"IBRAHIM NABABA"
18086,2,collision,19555,CON-RES-RC-1982-358,3,"ALHAJI BABANGIDA SULEIMAN"
18511,2,collision,32316,CON-COM-1987-41,3,"ALHAJI AMINU DANTATA"
18511,2,collision,20661,CON-RES-RC-1983-6,3,"ALHAJI SULE BALARABE"
8368,2,collision,32678,CON-COM-1997-32,3,"PROFIT LINK PETROLEUM LIMITED"
8368,2,collision,22067,CON-RES-2009-89,3,"YAU YUSUF T/WADA"
17781,2,collision,31585,CON-RES-2004-105,3,"UMAR GARBA GAMA"
17781,2,collision,34461,CON-RES-RC-1981-2,3,"ALHAJI MUJTABA RABIU"
178668,2,legitimate-linked,197305,CON-RES-2013-532,3,"HISHAM BARAU DANBATTA"
178668,2,legitimate-linked,197320,"KNML 2114",KANGIS,"HISHAM BARAU DANBATTA"
58168,2,legitimate-linked,185256,RES-2018-2897,2,"SENATOR BELLO HAYATU GWARZO"
58168,2,legitimate-linked,185286,"KNGP 261",KANGIS,"SENATOR BELLO HAYATU GWARZO"
51093,2,legitimate-optot,194571,RES-2006-300,2,"EMEKA OKPALA"
51093,2,legitimate-optot,194573,KN2652,KANGIS,"EMEKA OKPALA"
8286,2,collision,16182,CON-COM-1994-55,3,"ALH IBRAHIM .A. HAMMID"
8286,2,collision,21985,RES-1992-5774,2,"A. USAINI ARMAYA'U"
162911,2,legitimate-linked,186075,CON-COM-2019-289,3,"GREEN FOREST INTERNATIONAL FARM & FOOD LIMITED"
162911,2,legitimate-linked,186085,"MLKN 3298",KANGIS,"GREEN FOREST INTERNATIONAL FARM & FOOD LIMITED"
41106,2,legitimate-linked,184262,KN3764,KANGIS,"LE BRISTOL LIMITED"
41106,2,legitimate-linked,28631,RES-1993-1490,2,"LE-BRISTOL LIMITED"
12818,2,collision,32329,CON-RES-1987-1208,3,"AMUCHA DEVELOPMENT ORGANISATION"
12818,2,collision,26590,RES-1982-2414,1,"UMARU ZAKARI YA'U"
151352,2,legitimate-linked,174578,RES-2001-5024,2,"ALH SALEH HASSAN"
151352,2,legitimate-linked,174579,KN3488,KANGIS,"ALH SALEH HASSAN"
49568,2,legitimate-linked,174795,RES-2002-7785,2,"NASIRU SAMINU"
49568,2,legitimate-linked,174802,KN3590,KANGIS,"NASIRU SAMINU"
11919,2,collision,25624,CON-RES-1984-636,3,"MOHAMMED MAHMOUD GAMBO"
11919,2,collision,23880,CON-RES-1983-283,3,"ALHAJI AMINU MUSA"
180287,2,legitimate-linked,198623,CON-COM-2007-9,3,"TAMER JAFFAR"
180287,2,legitimate-linked,198643,"MLKN 129",KANGIS,"TAMER JAFFAR"
11849,2,collision,25554,CON-RES-1991-354,3,"SULE INUWA"
11849,2,collision,26345,CON-RES-1983-127,3,"ALHAJI ABDU INUSA"
8504,2,collision,21701,CON-COM-2001-3,3,"NURAM HOLDINGS NIGERIA  LIMITED"
8504,2,collision,22203,RES-1992-6153,2,"YUSUF A. DAUDA BUNKURE"
8283,2,collision,21982,RES-1992-5778,2,"ALARAMMA MALLAM USAINI"
8283,2,collision,31536,CON-COM-1994-45,3,"ALHAJI JUBRIN UMAR"
6949,2,collision,20633,RES-1992-3198,2,"HAJIYA LADI USMAN"
6949,2,collision,26032,CON-AG-1982-259,3,"TIJJANI RABIU SIPIKIN"
14771,2,collision,36746,CON-RES-1997-101,3,"ALHAJI SABIU YAUZA"
14771,2,collision,28561,RES-1993-1288,2,"ABDULRAHAMAN GARBA"
162693,2,legitimate-linked,185900,CON-COM-2015-200,3,"ALH. SAMMANI MUHD ABDULMUMINI"
162693,2,legitimate-linked,185901,"MLKN 2221",KANGIS,"ALH. SAMMANI MUHD ABDULMUMINI"
11327,2,collision,25371,CON-RES-1982-1590,3,"IBRAHIM DIO"
11327,2,collision,25031,CON-RES-1983-299,3,"FELIX NWAIDIGWU OKIA"
11177,2,collision,24881,CON-RES-1983-98,3,"ALHAJI ABDU IBRAHIM"
11177,2,collision,29675,CON-RES-1982-1252,3,"ALHAJI RABIU GAMBO"
18613,2,legitimate-optot,32418,CON-RES-RC-1982-160,3,"ABDU MANAGER"
18613,2,legitimate-optot,22681,CON-RES-RC-1986-5,3,"UMARU DANKURA ADAMU"
10990,2,collision,14523,CON-RES-1981-557,3,"ALHAJI MUSA WAYA"
10990,2,collision,24694,CON-RES-1985-62,3,"ALHAJI MOHAMMADU RABIU ABE"
12629,2,collision,26335,CON-RES-1983-64,3,"UMARU DANLADI SHEHU"
12629,2,collision,30375,CON-RES-1986-311,3,"ALHAJI SULAIMAN SANI"
18575,2,collision,20651,CON-RES-RC-1985-15,3,"AFRICAN INTERNATIONAL BANK LTD"
18575,2,collision,32380,CON-RES-1987-1148,3,"MURTALA S. MOHAMMED"
15569,2,collision,29367,CON-RES-1987-887,3,"ALHAJI SAMINU SAID"
15569,2,collision,34862,CON-RES-2005-251,3,"ALHAJI SANI UMAR"
18073,2,collision,31877,CON-RES-1984-7,3,"BENNETH IFEANYI OKOYE"
18073,2,collision,21493,CON-RES-RC-1982-345,3,"ALHAJI IBRAHIM HAMZA"
28902,2,legitimate-linked,178656,RES-1982-2379,1,"FARUK ALIYU GARKO"
28902,2,legitimate-linked,178668,"KNML 1778",KANGIS,"FARUK ALIYU GARKO"
10874,2,collision,19144,CON-RES-1981-333,3,"USMAN AMINU YAKASAI"
10874,2,collision,24578,CON-RES-1987-46,3,"MOHAMMED BAGOBIRI"
65095,2,legitimate-linked,174608,RES-RC-1982-1078,1,"MOHAMMED HASSAN KOGUNA"
65095,2,legitimate-linked,174610,"KNML 1896",KANGIS,"MOHAMMED HASSAN KOGUNA"
17778,2,collision,16766,CON-RES-RC-1981-164,3,"ALHAJI HAMIDU MAI WAKE"
17778,2,collision,31582,CON-RES-2004-152,3,"SADI SANI ZAWIYYA"
18538,2,collision,26223,CON-RES-RC-1984-29,3,"ALHAJI YUSUF ABDULLAHI"
18538,2,collision,32343,CON-RES-1987-1111,3,"AMINU IBRAHIM"
30800,2,legitimate-linked,192117,RES-1985-300,1,"MU'AWIYA MUHAMMAD NA'IBI"
30800,2,legitimate-linked,192136,KN4290,KANGIS,"MU'AWIYA MUHAMMAD NA'IBI"
10851,2,collision,24555,CON-RES-1987-731,3,"CHIEF M.E EKPE"
10851,2,collision,19163,CON-RES-1981-301,3,"ALHAJI TIJJANI YAHAYA NA ALHAJI ALI MAIWADA"
154036,2,legitimate-linked,186225,KN4519,KANGIS,"MURTALA ABDULLAHI JEGA"
154036,2,legitimate-linked,178378,CON-RES-2023-7250,3,"FAIZU MUHAMMAD GALADIMA"
12655,2,collision,25768,CON-RES-1986-368,3,"ALH SHEHU MOHAMMED"
12655,2,collision,26361,CON-RES-1982-1010,3,"MUHAMMADU MUSA IBRAHIM"
165064,2,legitimate-linked,187839,CON-RES-2008-403,3,"ABUBAKAR MALAMI ESQ"
165064,2,legitimate-linked,187853,"KNML 2861",KANGIS,"ABUBAKAR MALAMI ESQ"
14370,2,legitimate-optot,29844,CON-RES-1994-267,3,"ALHAJI HAMIDU MAIWAKE"
14370,2,legitimate-optot,28157,RES-1993-2123,2,"TIJJANI BABA"
11358,2,collision,25062,CON-RES-1984-262,3,"MR IKYUME LAWRENCE"
11358,2,collision,29438,CON-RES-1982-177,3,"ALHAJI DA'U ISA"
17553,2,legitimate-linked,31356,CON-RES-1995-569,3,"BABASOLA ODUTOLA AJAYI"
17553,2,legitimate-linked,188019,KN5180,KANGIS,"MURTALA ABDULLAHI JEGA"
54151,2,legitimate-optot,194246,RES-2013-454,2,"ALIYU TIJJANI MATO"
54151,2,legitimate-optot,194270,"KNML 533",KANGIS,"ALIYU TIJJANI MATO"
7713,2,collision,21404,RES-1992-4413,2,"ZUWAIRA SULE"
7713,2,collision,193352,CON-COM-1981-96,3,"MAL. DAYYABU  USMAN SULAIMAN"
11303,2,collision,26010,CON-RES-1982-1524,3,"ALHAJI HAMISU MUSA"
11303,2,collision,25007,CON-RES-1989-77,3,"ALHAJI SALE HUSAINI"
13291,2,collision,27064,RES-1982-2261,1,"ALHAJI MOHAMMAD SALE"
13291,2,collision,29397,CON-RES-1987-971,3,"ALHAJI ALIYU TIJJANI"
7051,2,legitimate-linked,21754,CON-AG-1982-593,3,"ALHAJI UMARU DAN AZUMI"
7051,2,legitimate-linked,20737,CON-RES-1995-204,3,"ALHAJI ABDU MAIWAKE"
11259,2,legitimate-optot,24963,CON-RES-1982-944,3,"IBRAHIM WADA"
11259,2,legitimate-optot,25422,CON-RES-1982-1420,3,"ALHAJI YAU ABDULKADIR"
11944,2,collision,25649,CON-RES-1982-988,3,"ALHAJI SANUSI ALHAJI SADI"
11944,2,collision,24384,CON-RES-1983-353,3,"ALHAJI AUWALU ALI"
155712,2,legitimate-linked,180025,CON-RES-2023-7366,3,"FAIZU MUHAMMAD GALADIMA"
155712,2,legitimate-linked,180046,KN5128,KANGIS,"MURTALA ABDULLAHI JEGA"
13995,2,collision,38583,CON-RES-1992-15,3,"ALHAJI UBA ALHAJI ABDU"
13995,2,collision,27782,RES-1993-97,2,"HAMZA HASSAN"
18036,2,collision,19854,CON-RES-RC-1982-307,3,"ALHAJI DAHIRU HAMZA"
18036,2,collision,31840,CON-RES-1984-66,3,"ALHAJI MAIGIDA MUHAMMED"
14482,2,collision,17530,CON-RES-1994-492,3,"ALHAJI AHMADU HARUNA ZAGO"
14482,2,collision,28269,RES-1994-1919,2,"EZEKIEL ODIGIRI ODE"
52040,2,legitimate-optot,172785,RES-2009-1441,2,"SANI SULEIMAN AUWALU"
52040,2,legitimate-optot,172794,"KNML 3359",KANGIS,"SANI SULEIMAN AUWALU"
24037,2,collision,47004,CON-RES-1999-81,3,"AMINU MUHAMMAD YAKASAI"
24037,2,collision,47054,CON-RES-1998-291,3,"ALH TUKUR ABDULKADIR"
14200,2,collision,30257,CON-RES-1993-207,3,"ALHAJI USUMA GABASAWA"
14200,2,collision,27987,RES-1993-1483,2,"ABDULKADIR IBRAHIM"
167371,2,legitimate-linked,189686,DCIV-2026-362,DCIV,"INVESTIGATION ACTIVITIES"
167371,2,legitimate-linked,193447,RES-1993-6311,2,"ALHAJI ILIYASU MUHAMMED"
11844,2,collision,24133,CON-RES-1983-105,3,"FAROUK LABARAN"
11844,2,collision,25549,CON-RES-1999-285,3,"KALTUME SHITTU MOHAMMED"
11098,2,collision,24802,CON-RES-1986-114,3,"ALHAJI BALARABE MAUI KANO"
11098,2,collision,29612,CON-RES-1982-109,3,"ALHAJI MUSA WADA"
172275,2,legitimate-linked,192685,RES-2009-5516,2,"SANI SULAIMAN"
172275,2,legitimate-linked,192739,RES-2009-5517,2,"SANI SULAIMAN"
162987,2,legitimate-optot,186137,RES-2011-593,2,"MAGAJI MOHAMMED WARURE"
162987,2,legitimate-optot,186140,"KNML 1519",KANGIS,"MAGAJI MOHAMMED WARURE"
14445,2,collision,28232,RES-1993-2481,2,"ABDULLAHI MOHD TIGA"
14445,2,collision,31470,CON-RES-1994-368,3,"ALHAJI SABO LAWAN KABARA"
7185,2,collision,20872,CON-AG-1983-112,3,"ALHAJI WADA TURAKIN GINI"
7185,2,collision,21351,CON-AG-1985-3,3,"ALH AMINU GAMBO"
28032,2,legitimate-linked,196592,RES-1982-1173,1,"SAMHA DAYEKH"
28032,2,legitimate-linked,196664,"KNML 4644",KANGIS,"SAMHA DAYEKH"
14470,2,collision,28257,RES-1994-392,2,"M LIMAN SANI, ISA MOHAMMAD & M AMADU"
14470,2,collision,17999,CON-RES-1994-45,3,"MOHAMMED UBALE DANKAWO RANO"
12987,2,collision,30820,CON-RES-1987-265,3,"ALH. ABDULLAHI L. MAIKUSA"
12987,2,collision,26759,RES-1991-56,1,"SAGIR ABDULMUMINI"
7433,2,collision,23664,CON-AG-1999-22,3,"YAHUZA MUHAMMAD GAYA"
7433,2,collision,21124,CON-RES-1994-230,3,"A.UMARU AUDU"
6944,2,collision,18168,CON-AG-1982-236,3,"ALHAJI SADI DASUKI GWADABE"
6944,2,collision,20628,RES-1992-3191,2,"MALLAM ISYAKU ALI"
12853,2,legitimate-optot,32232,CON-RES-1987-1299,3,"TSOHO MANZO AND JIBRIL DAN MANZO"
12853,2,legitimate-optot,26625,RES-1982-2032,1,"DR. ABDULSALAM NASIDI"
177096,2,legitimate-linked,196162,IND-2008-18,1,"DEPI NIGERIA LIMITED"
177096,2,legitimate-linked,196164,"MLKN 569",KANGIS,"DEPI NIGERIA LIMITED"
13885,2,collision,35989,CON-RES-1991-337,3,"A. GAMBO MAIROBA WARURE"
13885,2,collision,27663,RES-1991-754,1,"MUHAMMAD YUNUSA B/KUDU"
24508,2,legitimate-linked,174696,CON-RES-2023-6607,3,"UYMEAGHADI  MMADUBUCHI SUNDAY"
24508,2,legitimate-linked,174717,KN4805,KANGIS,"UYMEAGHADI  MMADUBUCHI SUNDAY"
7671,2,collision,21362,CON-AG-1984-147,3,"ALHAJI INUWA MUSA"
7671,2,collision,174464,CON-COM-1981-15,3,"BEHA PETROLEUM COMPANY NIG LTD"
13465,2,collision,27239,RES-1991-470,1,"ALHAJI ISA DANTUBE"
13465,2,collision,24335,CON-RES-1988-513,3,"ALU MEMORIAL FARM LTD"
178900,2,legitimate-linked,197521,CON-COM-2026-639,3,"NATA'ALA PROPERTIES & INVESTMENT LIMITED"
178900,2,legitimate-linked,197534,CON-RES-2026-3006,3,"NATA'ALA PROPERTIES & INVESTMENT LIMITED"
7275,2,collision,20962,CON-RES-1994-781,3,"IDRIS GARBA"
7275,2,collision,18331,CON-AG-1987-7,3,"DANKADA FARMS LIMITED"
12253,2,collision,25958,CON-IND-1982-45,3,"MAINSYS NIGERIA LIMITED"
12253,2,collision,25225,CON-RES-1984-500,3,"HALIMATU SAMBO"
47965,2,legitimate-linked,195043,RES-2001-2051,2,"SHEHU BELLO DISO"
47965,2,legitimate-linked,195074,"KNML 1413",KANGIS,"SHEHU BELLO DISO"
10237,2,collision,23939,CON-RES-1989-426,3,"ALH. DANJUMA RBA"
10237,2,collision,32527,CON-COM-RC-1981-35,3,"AL-YUMA VENTURES & INVESTMENT"
13710,2,collision,27487,RES-1990-4087,1,"MUHAMMED TIJJANI KURAWA"
13710,2,collision,30049,CON-RES-1990-154,3,"ALHAJI MUSA GADA MOHAMMMED"
12802,2,collision,26574,RES-1982-2380,1,"ALHAJI ABUBAKAR MAHMOUD"
12802,2,collision,30856,CON-RES-1987-1165,3,"ABBAS FOLABI BADARU"
11742,2,collision,31022,CON-RES-1982-805,3,"ALHAJI MUSA SALIHU"
11742,2,collision,25446,CON-RES-1989-308,3,"ADEBOWALE ADEDINRIN"
11519,2,collision,23915,CON-RES-1982-422,3,"ALHAJI DAHIRU GEZAWA"
11519,2,collision,25223,CON-RES-1984-273,3,"ALHAJI LAWAN MOHAMMED"
12250,2,legitimate-optot,25104,CON-RES-1984-499,3,"MRS FATIMA N OGBORI"
12250,2,legitimate-optot,25955,CON-IND-1982-3,3,"ALHAJI ILIYASU YANKABA"
15333,2,collision,32902,CON-RES-2003-190,3,"ABBA AND UMAR SHARUBUTU"
15333,2,collision,29131,RES-1993-3510,2,"MAMUDA LAWAN"
16588,2,collision,30388,CON-RES-1986-81,3,"IKENNA OSUAGWU"
16588,2,collision,33902,CON-RES-2014-174,3,"RUQAYYA INTEGRATED FARMS LTD"
14830,2,collision,28620,RES-1993-1447,2,"BALA DANBABA"
14830,2,collision,36756,CON-RES-1997-278,3,"ALHAJI HAMISU MAILAGOS"
11467,2,collision,25171,CON-RES-1982-750,3,"ALHAJI SHEHU SHAYI"
11467,2,collision,22280,CON-RES-1982-349,3,"ALHAJI IDI ADAMU"
7672,2,collision,21363,CON-AG-1982-300,3,"ALHAJI ALI MAIMADARA"
7672,2,collision,15313,CON-COM-1981-16,3,"ALHAJI ABDULRAHMAN RINGIM"
12151,2,collision,25249,CON-RES-1984-145,3,"WOLOF O ISHOLA"
12151,2,collision,25856,CON-AG-1985-171,3,"ALH SANI SA'ADU"
7207,2,collision,30362,CON-AG-1986-133,3,"DAN GADA POULTRY NIG LTD"
7207,2,collision,20894,CON-AG-1983-106,3,"ALHAJI YALWA ADAMU"
11875,2,collision,25580,CON-RES-1993-149,3,"ALHAJI HARUNA HOTORO"
11875,2,collision,26357,CON-RES-1983-184,3,"ALH. LAWAN ZAKARI"
11363,2,collision,22876,CON-RES-1982-184,3,"ALHAJI HASSAN HARUNA"
11363,2,collision,25067,CON-RES-1984-444,3,"MAIGARIN SHARADA KANO"
17930,2,collision,19813,CON-RES-RC-1982-155,3,"MUSTAPHA GARBA MAISIKELI"
17930,2,collision,31734,CON-COM-1984-104,3,"ALHAJI USMAN SANI"
6997,2,collision,18941,CON-AG-1982-40,3,"MADAKIN KIRA ALUMINIUM"
6997,2,collision,20681,CON-RES-1995-388,3,"ISYAKU D. AMEEN"
35969,2,legitimate-linked,195762,RES-1990-4360,1,"HAMISU MUSA"
35969,2,legitimate-linked,195775,"KNML 1450",KANGIS,"SABI'U YAHAYYA"
17480,2,collision,184668,KN5444,KANGIS,"MURTALA ABDULLAHI JEGA"
17480,2,collision,31283,CON-COM-1995-62,3,"ALHAJI MUSA IBRAHIM"
14376,2,collision,28163,RES-1993-2132,2,"ABUBAKAR SULEIMAN"
14376,2,collision,29849,CON-RES-1994-272,3,"ALHAJI HAMIDU MAIWAKE"
12121,2,collision,25826,CON-RES-1983-749,3,"ALHAJI MALLAM ALASAN"
12121,2,collision,35230,CON-RES-1983-86,3,"A. LABARAN MOHD MAITAMBARI"
11326,2,collision,26012,CON-RES-1982-1584,3,"JOSHUA ADELEKE OLADIPO"
11326,2,collision,25030,CON-RES-1983-796,3,"ALHAJI MUHAMMADU AMINU"
18052,2,collision,31856,CON-RES-1984-31,3,"ALHAJI BELLO SANI"
18052,2,collision,23546,CON-RES-RC-1982-323,3,"ALHAJI GARBA WAZIRI"
161925,2,legitimate-optot,185320,RES-2022-7207,2,"NAFISA TIJJANI ALKALI"
161925,2,legitimate-optot,185345,KN1961,KANGIS,"NAFISA TIJJANI ALKALI"
11375,2,collision,25079,CON-AG-1984-36,3,"ALHAJI AUDU AHMED"
11375,2,collision,29445,CON-RES-1982-199,3,"ALHAJI UMARU USMAN"
153351,2,legitimate-linked,186510,KN4525,KANGIS,"MURTALA ABDULLAHI JEGA"
153351,2,legitimate-linked,177654,CON-RES-2023-7264,3,"FAIZU MUHAMMAD GALADIMA"
12976,2,collision,30821,CON-RES-1987-246,3,"CHIEF DENNIS OBI"
12976,2,collision,26748,RES-1991-40,1,"SALIHU USMAN"
11873,2,collision,25578,CON-RES-1993-173,3,"ABDULLAHI MUSA"
11873,2,collision,32038,CON-RES-1983-176,3,"ALHAJI ZUBAIR MAHMOUD IMAM"
1476,2,legitimate-linked,177365,COM-1995-121,1,"ABDULLAHI ADAMU DANGONGOLA"
1476,2,legitimate-linked,177416,KN3039,KANGIS,"ABDULLAHI ADAMU DANGONGOLA"
8202,2,collision,21899,CON-RES-2009-287,3,"SANI USMAN MAIDUNIYA"
8202,2,collision,33420,CON-COM-1992-66,3,"ENGR MOHAMMED TUKUR"
13386,2,collision,24638,CON-RES-1988-315,3,"SHARIF ADAMU SHARIF ASHAFA"
13386,2,collision,27160,RES-1991-368,1,"ADO H. BELLO"
12900,2,collision,24528,CON-RES-1987-1440,3,"HAJIA BILKISU T. ISMAIL"
12900,2,collision,26672,RES-1982-2189,1,"ALHAJI SANI ABDULLAHI GWARZO"
11767,2,collision,24957,CON-RES-1982-851,3,"ALHAJI MAHAMMADU MURE GOMBE"
11767,2,collision,25471,CON-RES-1989-69,3,"ALHAJI DAN MARAYA MAI KAYAN MOTA"
11017,2,collision,14971,CON-RES-1981-601,3,"HAJIYA A'I NAGODA"
11017,2,collision,24721,CON-RES-1985-331,3,"MUHAMMADU KURMAWA"
172867,2,legitimate-linked,193191,CON-IND-2023-34,3,"VIVA METAL & PLASTIC INDUSTRY LTD"
172867,2,legitimate-linked,193194,KN3459,KANGIS,"VIVA METAL & PLASTIC INDUSTRY LTD"
36813,2,legitimate-linked,193219,RES-1991-3482,1,"AKIBU IBRAHIM DALHATU"
36813,2,legitimate-linked,193233,"KNML 944",KANGIS,"AKIBU IBRAHIM DALHATU"
148953,2,legitimate-linked,191783,CON-COM-2024-152,3,"BASHIR UMAR TOFA"
148953,2,legitimate-linked,172310,KN2577,KANGIS,"BSV INDUSTRIES LTD"
8090,2,collision,15557,CON-COM-1989-29,3,"U.H. PETROLEUM LIMITED"
8090,2,collision,21785,RES-1992-4905,2,"BASHARI MUSA DORAYI"
11774,2,collision,25478,CON-RES-1989-45,3,"MANSUR HAMISU BUHARI"
11774,2,collision,23579,CON-RES-1982-866,3,"ALHAJI MOHAMMED ADAMU"
14107,2,legitimate-optot,36197,CON-RES-1992-519,3,"BALA ADAMU SALISU DABA"
14107,2,legitimate-optot,27894,RES-1993-716,2,"MOHD SABBO ABDULLAHI"
171703,2,legitimate-linked,192223,RES-2000-2573,2,"ALHAJI IBRAHIM MIJINYAWA S/DINKI"
171703,2,legitimate-linked,192224,"KNML 904",KANGIS,"ALHAJI IBRAHIM MIJINYAWA S/DINKI"
173933,2,legitimate-linked,193872,CON-RES-2014-356,3,"IBRAHIM S AHMED"
173933,2,legitimate-linked,193887,"KNML 1423",KANGIS,"IBRAHIM AHMED SULE"
11595,2,collision,25299,CON-RES-1984-617,3,"HAJIYA HAFSATU YUSIF"
11595,2,collision,21714,CON-RES-1982-54,3,"ALHAJI SHEHU RINGIM"
12166,2,collision,25409,CON-RES-1984-195,3,"ALH. HAMISU MUSA"
12166,2,collision,25871,CON-RES-1988-472,3,"ALHAJI ABDULLAHI DANIGA"
44599,2,legitimate-linked,186831,RES-1996-1183,2,"YUSUF MUSA"
44599,2,legitimate-linked,186842,"KNML 281",KANGIS,"YUSUF MUSA"
12390,2,collision,30797,CON-RES-1985-268,3,"ALHAJI AMINU MUSA"
12390,2,collision,26095,CON-RES-1989-256,3,"ALHAJI TIAMIYU OLOLA OLADELE"
11204,2,collision,24908,CON-RES-1983-808,3,"UMAR ABDULKADIR"
11204,2,collision,197809,CON-RES-1982-1305,3,"ALHAJI HAMISU BICHI"
8573,2,collision,32849,CON-COM-2003-115,3,"MAITANGARAN & SONS (NIGERIA) LIMITED"
8573,2,collision,22272,CON-RES-1982-1258,3,"HAJIYA RAKIYA .A. GARBA KANO"
153814,2,legitimate-linked,181880,KN5108,KANGIS,"MURTALA ABDULLAHI JEGA"
153814,2,legitimate-linked,178136,CON-RES-2023-7270,3,"FAIZU MUHAMMAD GALADIMA"
16238,2,collision,22104,CON-RES-2009-787,3,"ZUBAIRU .M. BORODO"
16238,2,collision,30037,CON-RES-1990-85,3,"IBRAHIM HAMIDU"
152610,2,legitimate-optot,176019,RES-2014-1622,2,"MUHAMMAD MUKHTAR."
152610,2,legitimate-optot,176039,KN4657,KANGIS,"MUHAMMAD MUKHTAR"
13702,2,collision,17809,CON-RES-1990-124,3,"AUGUSTINE SUNDAY OJUKWU"
13702,2,collision,27479,RES-1990-4091,1,"NASIDI ABUBAKAR"
11075,2,collision,31627,CON-RES-1982-1031,3,"ALHAZA JA'AFARU"
11075,2,collision,24779,CON-RES-1985-657,3,"ALHAJI GARBA P.Z"
180578,2,legitimate-linked,198911,RES-2008-2678,2,"BILKISU UMMI BUHARI"
180578,2,legitimate-linked,198962,KN2842,KANGIS,"BILKISU UMMI BUHARI"
11277,2,collision,24981,CON-RES-1982-1043,3,"HAJIYA HAUWA YUSUF"
11277,2,collision,31009,CON-RES-1982-1456,3,"ALHAJI MOHAMMED KAZAURE"
39022,2,legitimate-optot,181527,RES-1992-2226,2,"MUAMMAD YUNUS"
39022,2,legitimate-optot,181547,"KNML 7311",KANGIS,"MUHAMMAD YUNUS"
12873,2,collision,26645,RES-1982-2158,1,"ALHAJI AUWALU IBRAHIM TARAUNI"
12873,2,collision,32246,CON-RES-1987-1380,3,"ALHAJI SHARIF BALARABE ABUBAKAR ZARIA"
157916,2,legitimate-linked,181980,RES-2009-2142,2,"DAN ASABE ABDULLAHI"
157916,2,legitimate-linked,181981,"KNML 1998",KANGIS,"MUHAMMAD MUSA AUWAL"
9018,2,collision,35481,CON-COM-2009-101,3,"SAGSAN NIGERIA LIMITED"
9018,2,collision,22719,CON-RES-1994-108,3,"SHEHU SALIHU KANO"
60803,2,legitimate-linked,174060,RES-2021-2860,2,"ALH. UMAR ADAMU DAHO"
60803,2,legitimate-linked,174075,KN4633,KANGIS,"ALH. UMAR ADAMU DAHO"
15383,2,collision,29181,RES-1993-3597,2,"SULE SALIHU KUTUMBAWA"
15383,2,collision,34620,CON-RES-2004-108,3,"BALARABE YARO"
8267,2,collision,31504,CON-COM-1994-13,3,"MRS HALIMA MOHAMMED"
8267,2,collision,21966,RES-1992-5759,2,"M. USMAN SANI"
9532,2,collision,23234,RES-1992-7130,2,"ADO IBRAHIM"
9532,2,collision,35106,CON-COM-2013-26,3,"AZMAN OIL & GAS"
33067,2,legitimate-linked,186365,RES-1988-2149,1,"BELLO BABA YOLA"
33067,2,legitimate-linked,186375,"KNML 253",KANGIS,"BELLO BABA YOLA"
145959,2,legitimate-linked,168964,RES-1992-3430,2,"ANAS MANNIR RINGIM"
145959,2,legitimate-linked,168992,KN4064,KANGIS,"ANAS MANNIR RINGIM"
15124,2,collision,33045,CON-RES-2000-39,3,"MR. SILAS I. OKORIE"
15124,2,collision,28921,RES-1993-3250,2,"ALHAJI ALASAN ABDU"
13615,2,collision,27389,RES-1990-2164,1,"M. BUKAR HAMZA"
13615,2,collision,26091,CON-RES-1989-383,3,"HAJIYA ZAINAB HARUNA"
168558,2,legitimate-linked,190615,RES-2008-5299,2,"ASHIRU YA'U"
168558,2,legitimate-linked,190626,"KNML 1624",KANGIS,"ASHIRU YA'U"
53989,2,legitimate-linked,192385,RES-2012-2125,2,"AHMAD AHMAD LAMIDO"
53989,2,legitimate-linked,192427,"KNML 7209",KANGIS,"AHMAD AHMAD LAMIDO"
13899,2,collision,36352,CON-RES-1991-395,3,"ALHAJI SANUSI SULE GARO"
13899,2,collision,27678,RES-1991-771,1,"ABDULSALAM ZUBZIRU"
7378,2,collision,31415,CON-AG-1994-17,3,"ALHAJI BASHIR DANDAWAKI"
7378,2,collision,21068,CON-RES-1995-433,3,"BADAMASI UBA JOGANA"
153979,2,legitimate-linked,181939,KN4827,KANGIS,"MURTALA ABDULLAHI JEGA"
153979,2,legitimate-linked,178326,CON-RES-2023-7315,3,"FAIZU MUHAMMAD GALADIMA"
18134,2,collision,31938,CON-RES-1982-1369,3,"MALLAM MUSA LA"
18134,2,collision,19772,CON-RES-RC-1982-408,3,"ALHAJI MUSA ABDULLAHI"
8238,2,collision,21935,CON-RES-2022-2108,3,"ALHAJI MAIWADA ABUBAKAR"
8238,2,collision,33172,CON-COM-1993-37,3,"ALH SALISU WADA"
11264,2,collision,26989,CON-RES-1982-1434,3,"ADO UMAR YAKASAI"
11264,2,collision,24968,CON-RES-1982-958,3,"MALLAM GANA ABUBAKAR USMAN"
11425,2,collision,21699,CON-RES-1982-268,3,"KABO AIR LIMITED"
11425,2,collision,25129,CON-RES-1982-1558,3,"MR. BEN UGBAMATIGBI ACHOR"
18542,2,collision,25664,CON-RES-RC-1984-33,3,"ALHAJI AMINU IBRAHIM"
18542,2,collision,32347,CON-RES-1987-1121,3,"MR ISAAC ADEWALE OGUNBANWO"
12661,2,collision,32479,CON-RES-1986-383,3,"ALH ABDULLAHI BABATUNDE ASUNMOH"
12661,2,collision,26367,CON-RES-1982-235,3,"ALHAJI ISA USMAN TURA"
49266,2,legitimate-linked,183110,RES-2002-5769,2,"DR FARUK UMAR"
49266,2,legitimate-linked,183136,"KNML 1725",KANGIS,"DR SAUDAT GARBA HABIB"
150682,2,legitimate-linked,173955,CON-COM-2024-34,3,"MR EUGENE EZIKE"
150682,2,legitimate-linked,173964,KN4079,KANGIS,"MR EUGENE EZIKE"
14114,2,collision,27901,RES-1993-723,2,"MARIYA ABDULLAHI"
14114,2,collision,23078,CON-RES-1992-530,3,"ALH MUDI LAWAL"
18053,2,collision,31857,CON-RES-1984-159,3,"BALKISU A. MUHTARI"
18053,2,collision,19801,CON-RES-RC-1982-324,3,"ALHAJI ADO GWAMMAJA"
177107,2,legitimate-linked,196175,CON-IND-2023-38,3,"AMESTA AGRO COMMODITIES L.T.D"
177107,2,legitimate-linked,196193,KN3402,KANGIS,"AMESTA AGRO COMMODITIES L.T.D"
12400,2,collision,26105,CON-RES-1989-216,3,"HYACINTH IKEGUONU"
12400,2,collision,31910,CON-RES-1985-305,3,"GARBA RAJI DIREBA"
15490,2,collision,47177,CON-RES-2004-4,3,"ALHAJI ABDULLAHI BALA"
15490,2,collision,29288,CON-RES-1985-54,3,"SHU'AIBU MOHAMMED"
14737,2,legitimate-optot,36654,CON-RES-1996-256,3,"ALHAJI BABA NABEGU"
14737,2,legitimate-optot,28525,RES-1993-1147,2,"ALHAJI ABDULKARIM DAN AZUMI"
12273,2,collision,25978,CON-RES-1983-23,3,"ALHAJI UBA MOHAMMED AJINGI"
12273,2,collision,23425,CON-RES-1984-549,3,"MALAM INUWA MUSA SARKIN GIDA"
17917,2,collision,31721,CON-IND-1984-7,3,"ALHAJI SALLAU INUWA & SONS"
17917,2,collision,19796,CON-RES-RC-1982-143,3,"INUWA IBRAHIM RINGIM"
155649,2,legitimate-linked,179965,CON-COM-2021-621,3,"ABDURRAHMAN MUSA AHMAD"
155649,2,legitimate-linked,180002,KN120,KANGIS,"ABDURRAHMAN MUSA AHMAD"
50365,2,legitimate-linked,192745,RES-2004-72,2,"TRUSCO INDUSTRIES LTD"
50365,2,legitimate-linked,192753,"KNML 192",KANGIS,"TRUSCO INDUSTRIES LTD"
14074,2,collision,27861,RES-1993-622,2,"ALHAJI SANI ADAMU"
14074,2,collision,36875,CON-RES-1992-415,3,"ALIKO OIL NIGERIA LIMITED"
11879,2,collision,25584,CON-RES-1991-386,3,"MR .J. OLU IBILOLA"
11879,2,collision,32100,CON-RES-1983-196,3,"ALHAJI LURWANU ISA IDO"
7162,2,collision,20849,RES-1992-3283,2,"RABILU AMMANI TAHIR"
7162,2,collision,25038,CON-AG-1984-52,3,"ISMAILA USMAN"
10987,2,collision,14534,CON-RES-1981-549,3,"ALH. HARUNA ILIYASU"
10987,2,collision,24691,CON-RES-1985-51,3,"BABA USMAN"
171616,2,legitimate-linked,192135,CON-AG-2017-52,3,"PROF ISAH HASHIM"
171616,2,legitimate-linked,192141,"MLKN 2776",KANGIS,"PROF ISAH HASHIM"
178271,2,legitimate-linked,196990,CON-COM-2021-706,3,"RT HON ISIYAKU ALI DANJA"
178271,2,legitimate-linked,196991,KN93,KANGIS,"ISIYAKU ALI DANJA"
18113,2,collision,31917,CON-RES-1985-392,3,"ALHAJI ALI YUSUF"
18113,2,collision,20153,CON-RES-RC-1982-389,3,"ALHAJI MAIKUDI GARBA"
67762,2,legitimate-linked,168568,RES-RC-1990-7,1,"MODU TAHIR BOLORI,MOHD TAHIR BOLORI & ABDULLAHI TAHIR BOLORI"
67762,2,legitimate-linked,168580,KN4655,KANGIS,"MODU TAHIR BOLORI,MOHD TAHIR BOLORI & ABDULLAHI TAHIR BOLORI"
38570,2,legitimate-linked,179264,RES-1992-1341,2,"SANI KATSINA"
38570,2,legitimate-linked,179268,"KNML 1753",KANGIS,"SANI KATSINA"
13474,2,collision,27248,RES-1991-479,1,"ALHAJI ISA DANTUBE"
13474,2,collision,33327,CON-RES-1988-537,3,"ALH MOHD J. GARBA"
11847,2,collision,25552,CON-RES-1991-366,3,"ALH. GARBA ABDULLAHI"
11847,2,collision,35233,CON-RES-1983-11,3,"ALHAJI UBA MOHAMMED AJINGI"
15531,2,collision,34849,CON-RES-2005-170,3,"GALADIMA DAWAKI"
15531,2,collision,29329,CON-RES-1985-229,3,"AHAJI BAKO LAMIDO"
13893,2,legitimate-optot,27672,RES-1991-764,1,"ALH SALISU IBRAHIM"
13893,2,legitimate-optot,25392,CON-RES-1991-377,3,"MAIMUNAT MUSTAPHA"
158837,2,legitimate-linked,182689,RES-2000-1197,2,"BASHIR K ADO"
158837,2,legitimate-linked,182690,"KNML 1940",KANGIS,"BASHIR K ADO"
14605,2,collision,28392,RES-1992-7442,2,"ANAS ABUBAKAR"
14605,2,collision,33257,CON-RES-1995-308,3,"LEONARD OGU ONWUZURIKE"
13988,2,collision,38472,CON-RES-1992-14,3,"ALH UBA A. ABDU"
13988,2,collision,27775,RES-1993-90,2,"ISYAKU HASSAN"
45537,2,legitimate-linked,192763,RES-1997-592,2,"AHMAD AMINU"
45537,2,legitimate-linked,192766,"KNML 918",KANGIS,"AHMAD AMINU"
7630,2,collision,16703,CON-AG-RC-1985-3,3,"ABDULLAHI ABUBAKAR"
7630,2,collision,21321,CON-AG-1982-210,3,"ALHAJI SULEMAN DANDALAMA"
7901,2,collision,21593,RES-1992-4660,2,"BALA YOLA"
7901,2,collision,29523,CON-COM-1983-72,3,"DR. MOHAMMED KABIR"
18642,2,collision,23724,CON-RES-RC-1991-1,3,"ALH. ABBA DANDAWAKI"
18642,2,collision,32447,CON-RES-1986-22,3,"ALH. SALISU AHMED"
156069,2,legitimate-optot,180404,RES-2023-5777,2,"SANI ALI SHEHU"
156069,2,legitimate-optot,180408,KN4477,KANGIS,"SANI ALI SHEHU"
7389,2,collision,21079,CON-RES-1995-414,3,"ALHAJI SANI .A. SANI"
7389,2,collision,31495,CON-AG-1994-8,3,"RUMAN RURAL INDUSTRIES LTD"
17422,2,collision,31225,CON-RES-1995-288,3,"IBRAHIM JIRIN"
17422,2,collision,185288,KN5438,KANGIS,"MURTALA ABDULLAHI JEGA"
162252,2,legitimate-linked,185603,CON-COM-2014-270,3,"ISMAIL BASHIR"
162252,2,legitimate-linked,185610,"MLKN 1368",KANGIS,"ISMAIL BASHIR"
151645,2,legitimate-linked,174860,RES-2010-766,2,"ALH. MUKHTAR ABUBAKAR"
151645,2,legitimate-linked,174895,KN4878,KANGIS,"ALH. MUKHTAR ABUBAKAR"
16083,2,collision,35427,CON-RES-2009-21,3,"CHUKWUMA IKARAOHA"
16083,2,collision,29882,CON-RES-1994-640,3,"ALHAJI SAID MUHAMMED SUWAID"
33187,2,legitimate-linked,170459,RES-1988-2829,1,"AMEENA PINDAR ABUBAKAR"
33187,2,legitimate-linked,170494,KN3816,KANGIS,"AMEENA PINDAR ABUBAKAR"
7769,2,collision,15309,CON-COM-1982-21,3,"DBARKINDO ENTERPRISES OF NIGERIA"
7769,2,collision,21460,RES-1992-4537,2,"NASIRU TATIRI"
15618,2,collision,47184,CON-RES-2005-90,3,"FAROUK BAMALLI YAKASAI"
15618,2,collision,29417,CON-RES-1987-978,3,"ALHAJI ABDULLAHI ALIYU"
19148,2,collision,32953,CON-AG-2003-33,3,"ALHAJI MANSUR MAHMUD"
19148,2,collision,196217,IND-2013-8,1,"BSV INDUSTREIS LTD"
6951,2,collision,20635,RES-1992-3200,2,"ALH SANI IBRAHIM"
6951,2,collision,16495,CON-AG-1982-263,3,"ALHAJI LAWAN UMAR"
7193,2,collision,20880,CON-AG-1983-10,3,"ALHAJI ABDULKADIR MOHAMMED"
7193,2,collision,19268,CON-AG-1985-74,3,"ALHAJI SULE NAMUTAZU"
11914,2,collision,25619,CON-RES-1984-124,3,"MUSTAFA MASHOOD UGWU"
11914,2,collision,23856,CON-RES-1983-274,3,"ALH. JAFARU SULE NA-ABBA"
7009,2,legitimate-linked,20693,CON-RES-1995-444,3,"ALH. NUHU BADAMASI"
7009,2,legitimate-linked,26048,CON-AG-1982-457,3,"ALHAJI UMARU AHMED"
16141,2,collision,29940,CON-AG-1988-59,3,"ALHAJI JAZULI USMAN"
16141,2,collision,21924,CON-RES-2009-349,3,"ALHAJI UMARU AHMED"
175116,2,legitimate-linked,194678,CON-COM-2025-538,3,"ABDULRAHMAN MUHAMMAD GARBA"
175116,2,legitimate-linked,194686,KN4894,KANGIS,"ABDULRAHMAN MUHAMMAD GARBA"
12975,2,collision,26747,RES-1991-39,1,"ALH. UBA ABDULLAHI"
12975,2,collision,30819,CON-RES-1987-244,3,"ALH. ABDULLAHI DANGONGOLA"
13315,2,collision,27088,RES-1982-2295,1,"WADA LAWAL"
13315,2,collision,24215,CON-RES-1988-132,3,"ALHAJI BALA DANEJI"
12560,2,collision,26266,CON-RES-1986-87,3,"BADAMASI SULEMAN"
12560,2,collision,26304,CON-RES-1986-121,3,"ALHAJI SANI ALI KOKI"
13532,2,collision,29759,CON-RES-1989-102,3,"ALHAJI MUSTAPHA UBA"
13532,2,collision,27306,RES-1991-550,1,"HAUWA ABDULLAHI FARAWA"
51490,2,legitimate-linked,182398,RES-2007-413,2,"ABDULLAHI RAKIYA ZUBAIRU"
51490,2,legitimate-linked,189788,"KNML 2465",KANGIS,"ABDULLAHI RAKIYA ZUBAIRU"
12430,2,collision,30788,CON-RES-1985-374,3,"ALHAJI SANI DALA"
12430,2,collision,26135,CON-RES-1989-213,3,"ALHAJI IBRAHIM USMAN"
18040,2,collision,18337,CON-RES-RC-1982-310,3,"ALHAJI NA ALI AHMADU"
18040,2,collision,31844,CON-RES-1984-648,3,"ALHAJI GARBA ALHAJI HASSAN SA'IDU"
7222,2,collision,20129,CON-AG-1986-29,3,"ALHAJI MUHAMMED SANI"
7222,2,collision,20909,CON-AG-1995-1,3,"SAIDU BALA HARUNA"
11262,2,collision,22869,CON-RES-1982-143,3,"ALHAJI IBRAHIM KHALIL"
11262,2,collision,24966,CON-RES-1982-955,3,"MALLAM GANA ABUBAKAR USMAN"
17771,2,collision,31575,CON-RES-2004-140,3,"DR ISA MUKHTAR"
17771,2,collision,18170,CON-RES-RC-1981-156,3,"ALHAJI BASHARI MURTALA"
8113,2,legitimate-optot,16152,CON-COM-1990-33,3,"AL-THANI INVESTMENT NIGERIA LIMITED"
8113,2,legitimate-optot,21809,RES-1992-4977,2,"DELFI INTERNATIONAL LIMITED"
13045,2,collision,26817,RES-1991-136,1,"DR. ADO KHALID ABDULLAHI"
13045,2,collision,30935,CON-RES-1987-388,3,"ZETEX (NIG) LTD"
162162,2,legitimate-linked,185525,CON-RES-2012-559,3,"HAFIZU SANI MAIDAJI"
162162,2,legitimate-linked,185542,"KNML 4896",KANGIS,"HAFIZU SANI MAIDAJI"
2304,2,legitimate-optot,184030,COM-2002-1280,1,"ALH JAMILU SALISU SARKI"
2304,2,legitimate-optot,15972,RES-1981-1610,1,"ALH KABIRU ABUBAKAR"
18190,2,collision,30680,CON-RES-RC-1982-466,3,"ALHAJI IBRAHIM NA GODI"
18190,2,collision,31994,CON-RES-1983-171,3,"ALHAJI AMADU ILIYASU"
11213,2,collision,24917,CON-COM-1985-17,3,"ALHAJI ALI UMARU HAUSAWA"
11213,2,collision,29682,CON-RES-1982-1323,3,"ALHAJI HAMISU D/IYA"
12458,2,collision,26164,CON-RES-1989-263,3,"ALHAJI MUSTAPHA INUWA BIN ZAYYAD"
12458,2,collision,29341,CON-RES-1985-469,3,"MALLAM UMARU MUHAMMED"
12555,2,collision,26261,CON-RES-1986-60,3,"LUKUMAN ILYASU"
12555,2,collision,34239,CON-RES-1986-104,3,"ALHAJI ALI INUWA"
13083,2,collision,24475,CON-RES-1987-472,3,"ALHAJI ISYAKU MAHMUDA"
13083,2,collision,26856,RES-1991-174,1,"SADIQ GARBA DAMBATTA"
7265,2,collision,15579,CON-AG-1987-53,3,"MUHAMMAD KABIRU KARAYE"
7265,2,collision,20952,CON-RES-1994-773,3,"ENGINEER MOHAMED"
12128,2,collision,25833,CON-AG-1985-117,3,"MOHAMMED UMAR MOHAMMED"
12128,2,collision,24069,CON-RES-1983-880,3,"ALHAJI ADAMU ABDULKADIR"
7743,2,collision,21434,RES-1992-4500,2,"YAKUBU MALAM SULE"
7743,2,collision,15274,CON-COM-1982-156,3,"ALHAJI SALISU DANDUGAJI"
12801,2,collision,26573,RES-1982-2388,1,"ADAMU MUSA"
12801,2,collision,32268,CON-RES-1987-1162,3,"MR GEOFFREY O. EZENDUKA"
12071,2,collision,24425,CON-RES-1983-72,3,"ALHAJI BELLO BALA HASHIM & CO."
12071,2,collision,25776,CON-RES-1989-172,3,"YALWA SALE"
24213,2,legitimate-linked,194563,CON-RES-2016-870,3,"HADIZA BASHIR"
24213,2,legitimate-linked,194589,"KNML 8438",KANGIS,"HADIZA BASHIR"
12401,2,collision,34255,CON-RES-1985-306,3,"ALHAJI MOHAMMADU SHATTIMA"
12401,2,collision,26106,CON-RES-1989-215,3,"ALHAJI SURAJO ABDULLAHI GARKO"
10952,2,collision,23458,CON-RES-1981-476,3,"ALH. AMINU DANTATA"
10952,2,collision,24656,CON-RES-1984-19,3,"ALHAJI LAWAN AHMAD MALAMI"
8433,2,legitimate-linked,30294,CON-COM-1999-33,3,"M.M. GOMBE NIGERIA LTD"
8433,2,legitimate-linked,22133,CON-RES-2009-246,3,"YUNUSA ZUBAIRU"
47923,2,legitimate-linked,175932,RES-2001-1740,2,"KAWU MUHAMMAD MA'AJI"
47923,2,legitimate-linked,175950,"KNML 1239",KANGIS,"KAWU MUHAMMAD MA'AJI"
170976,2,legitimate-linked,191707,COM-2016-70,1,"ABDULLAHI ALFA"
170976,2,legitimate-linked,191730,"MLKN 1956",KANGIS,"ABDULLAHI ALFA"
29397,2,legitimate-linked,181975,RES-2014-1614,2,"MUHAMMAD RABIU MUSA"
29397,2,legitimate-linked,19892,RES-1982-839,1,"MOHAMMED RABIU MUSA"
10243,2,collision,23945,CON-RES-1989-434,3,"ALHAJI SULAIMAN SALAMI"
10243,2,collision,32514,CON-COM-RC-1981-4,3,"ALHAJI SAIDU BIN HAYATU"
17529,2,legitimate-linked,31332,CON-RES-1995-294,3,"MUSTAPHA I. JOGANA"
17529,2,legitimate-linked,186941,KN4994,KANGIS,"MURTALA ABDULLAHI JEGA"
162397,2,legitimate-optot,185700,RES-2012-5675,2,"DR USMAN MUHAMMAD BELLO"
162397,2,legitimate-optot,185717,"KNML 296",KANGIS,"DR USMAN MUHAMMAD BELLO"
43429,2,legitimate-linked,183320,RES-1995-1743,2,"ALH AMINU ALHASSAN"
43429,2,legitimate-linked,183333,"KNML 1920",KANGIS,"ALH AMINU ALHASSAN"
158478,2,legitimate-linked,182426,RES-2021-618,2,"USMAN ALIYU GORA"
158478,2,legitimate-linked,182445,KN3501,KANGIS,"USMAN ALIYU GORA"
11032,2,collision,24736,CON-RES-1985-389,3,"EMMANUEL OKOLI"
11032,2,collision,14968,CON-RES-1981-70,3,"ALHAJI ISA ABDULLAHI"
11018,2,collision,14976,CON-RES-1981-605,3,"ALHAJI TSOHO MAI KARFE"
11018,2,collision,24722,CON-RES-1985-332,3,"ALH. SALISU AHMED"
25363,2,collision,182491,"KNML 5905",KANGIS,"BASHIR USMAN YALO"
25363,2,collision,47305,CON-RES-2007-288,3,"ALHAJI NASIRU AHALI"
14609,2,collision,33253,CON-RES-1995-313,3,"RABI'U SULE GARO"
14609,2,collision,28396,RES-1992-7446,2,"UBA ABDULLAHI"
14476,2,collision,33234,CON-RES-1994-486,3,"MR TIMOTHY RANTI OKUNOLA"
14476,2,collision,28263,RES-1994-1911,2,"ADAMU INRAHIM"
10991,2,collision,14532,CON-RES-1981-562,3,"ALH. KABIRU SANI"
10991,2,collision,24695,CON-RES-1985-64,3,"CHINYERE IRONSI (MR)"
14469,2,collision,33237,CON-RES-1994-448,3,"ABDULLAHI DANJUMA SHUAIBU"
14469,2,collision,28256,RES-1994-391,2,"GARBA MUSA"
14052,2,collision,27839,RES-1993-264,2,"ALASAN IBRAHIM MAIGISHIRI"
14052,2,collision,36202,CON-RES-1992-35,3,"ALH SANI ABUBAKAR"
16245,2,collision,35339,CON-RES-2009-824,3,"ALHAJI MUNZALI MUHAMMED ZAKARI"
16245,2,collision,30044,CON-RES-1990-97,3,"ALHAJI ALKASSIM A HARUNA"
8770,2,legitimate-linked,22469,CON-RES-1995-142,3,"PRINCE ADEDAPO OLANREWAJU OSIYEMI"
8770,2,legitimate-linked,193532,CON-COM-2006-64,3,"IDRIS ABUBAKAR"
17986,2,collision,18689,CON-RES-RC-1982-21,3,"BOLAJI PATRICK MARTINS"
17986,2,collision,31790,CON-RES-1984-572,3,"ALHAJI ABDULRASHID IBRAHIM"
150593,2,collision,174237,COM-2022-532,1,"ALH ISAMAILA ABDULLAHI YUSUF"
150593,2,collision,173862,COM-2019-9,1,"MOYUGA GENERAL ENTERPRISES LIMITED"
13043,2,collision,32505,CON-RES-1987-385,3,"ALHAJI DOGO ROGO"
13043,2,collision,26815,RES-1991-133,1,"ALHAJI IBRAHIM KAUGAMA"
11834,2,legitimate-linked,24971,CON-RES-1982-992,3,"ALHAJI SANI MUSA"
11834,2,legitimate-linked,25539,CON-RES-1999-278,3,"SULAIMAN HASSAN"
18151,2,collision,19459,CON-RES-RC-1982-424,3,"ALHAJI SADISU BUHARI"
18151,2,collision,31955,CON-RES-1982-538,3,"ADO INDABO ABDULLAHI"
13153,2,collision,24516,CON-RES-1987-67,3,"JUSTICE TIJJANI ABUBAKAR"
13153,2,collision,26926,RES-1991-258,1,"SHEIKH ABUBAKAR HASSAN"
11237,2,collision,29616,CON-RES-1982-138,3,"SHEHU UMAR ABDULLAHI"
11237,2,collision,24941,CON-RES-1982-524,3,"ALHAJI SANI ALHASSAN"
7631,2,collision,21322,CON-AG-1982-222,3,"MADUGU NA BAKON WAIYA LTD"
7631,2,collision,16704,CON-AG-RC-1985-4,3,"ALH SABO NANONO"
18200,2,collision,21476,CON-RES-RC-1982-475,3,"ALHAJI ABDULKARIM ALI"
18200,2,collision,32004,CON-RES-1983-650,3,"ALHAJI GARBA JANKO"
234,2,legitimate-linked,13889,CON-COM-1985-113,3,"ALHAJI YUSUF HASSAN"
234,2,legitimate-linked,168347,KN5342,KANGIS,"MUSTAPHA MUHAMMAD DISO."
12092,2,collision,25797,CON-RES-1983-670,3,"HAJIYA RAKIYA BATURE"
12092,2,collision,25028,CON-RES-1983-788,3,"ALHAJI DANYARO DAHIRU"
16197,2,collision,29996,CON-RES-1988-157,3,"ALH ALMU ADAMU"
16197,2,collision,21855,CON-RES-2009-628,3,"ALHAJI SAIDU INUSA"
152627,2,legitimate-optot,176045,RES-2021-856,2,"ASHIRU AMINU LAWAN"
152627,2,legitimate-optot,176046,KN2790,KANGIS,"ASHIRU AMINU LAWAN"
13296,2,collision,32270,CON-RES-1987-981,3,"ISYAKU MIKO"
13296,2,collision,27069,RES-1982-2267,1,"HARUNA TELA KODE"
7143,2,collision,20830,RES-1992-3249,2,"SHEHU ABDU"
7143,2,collision,23746,CON-AG-1984-179,3,"ALHAJI UBA GARBA RANTAN"
162368,2,legitimate-linked,185676,CON-COM-2016-200,3,"ALH IBRAHIM AHMAD BABA"
162368,2,legitimate-linked,185686,"MLKN 2574",KANGIS,"ALH IBRAHIM AHMAD BABA"
18067,2,collision,31871,CON-RES-1984-17,3,"MR.RAYMOND U. EKPO"
18067,2,collision,23436,CON-RES-RC-1982-338,3,"ALHAJI SALISU GAMBO"
65171,2,legitimate-linked,181263,RES-RC-1982-1152,1,"MUHAMMAD BADARU ABUBAKAR"
65171,2,legitimate-linked,181297,"KNML 8876",KANGIS,"MUHAMMAD BADARU ABUBAKAR"
8489,2,collision,33037,CON-COM-2000-74,3,"MUHAMMAD GHALI NASIDI"
8489,2,collision,22188,RES-1992-6184,2,"JAMILU ZUBAIRU YAKASAI"
15620,2,collision,32805,CON-RES-2005-94,3,"KAMILU MUSA WAYA"
15620,2,collision,29419,CON-RES-1987-990,3,"ABDULLAHI MAIKANO UMAR"
149638,2,legitimate-linked,172935,COM-2023-49,1,"HARUNA BABANGIDA"
149638,2,legitimate-linked,172968,"MLKN 3831",KANGIS,"HARUNA BABANGIDA"
7461,2,collision,31555,CON-AG-2004-26,3,"MUHAMMAD BASHIR YAHAYA"
7461,2,collision,21152,CON-RES-1994-249,3,"ABUBAKAR SADIQ AHMED"
13781,2,collision,36299,CON-RES-1990-40,3,"ALHAJI GAMBO ABINYABO"
13781,2,collision,27558,RES-1991-632,1,"SHEHU KABIRU BAYERO"
6994,2,collision,18321,CON-AG-1982-397,3,"ALHAJI RABI`U YAYO IDRIS"
6994,2,collision,20678,CON-RES-1995-38,3,"ALHAJI MUDI MUKHTARI"
153357,2,legitimate-linked,177664,CON-RES-2023-7263,3,"FAIZU MUHAMMAD GALADIMA"
153357,2,legitimate-linked,180875,KN5106,KANGIS,"MURTALA ABDULLAHI JEGA"
14408,2,collision,28195,RES-1993-2282,2,"DAN ANTU MOHD"
14408,2,collision,31444,CON-RES-1994-329,3,"ALHAJI SABO LAWAN KABARA"
11527,2,collision,23369,CON-RES-1982-434,3,"ALHAJI ISIYAKA ABDULLAHI"
11527,2,collision,25231,CON-RES-1984-205,3,"MAHAMMADU ABDUL BAKI"
148943,2,legitimate-linked,172301,IND-2018-22,1,"BSV INDUSTRIES LTD"
148943,2,legitimate-linked,172309,"MLKN 2176",KANGIS,"BSV INDUSTRIES LTD"
11339,2,collision,23545,CON-RES-1982-1624,3,"ALHAJI SANI ADAMU TRADER"
11339,2,collision,25043,CON-RES-1984-264,3,"ALHAJI MUHAMMADU DANKAUYE"
6867,2,collision,20551,RES-1992-3225,2,"SAMAILA BARAU"
6867,2,collision,21341,CON-AG-1981-82,3,"ALHAJI LAWAN SALUHU"
13644,2,legitimate-optot,27418,RES-1990-2017,1,"ALH RABI'U AHMED"
13644,2,legitimate-optot,23952,CON-RES-1989-448,3,"TAJU SULE BALARABE"
11321,2,collision,25025,CON-RES-1983-343,3,"ALHAJI MANSUR KAFINTA"
11321,2,collision,25137,CON-RES-1982-1562,3,"ALHAJI SAGIRU USMAN"
66250,2,legitimate-optot,192597,RES-RC-1982-49,1,"ABDULQADIR  MUHAMMAD JIKA"
66250,2,legitimate-optot,192610,"KNML 9574",KANGIS,"ABDULQADIR MUHAMMAD JIKA"
13027,2,collision,26799,RES-1991-114,1,"ALI UMAR"
13027,2,collision,32132,CON-RES-1987-353,3,"HUSSAINI IBRAHIM"
54905,2,legitimate-linked,173387,RES-2015-2483,2,"UBA MUHD SANI"
54905,2,legitimate-linked,173419,"KNML 4298",KANGIS,"AHMED BELLO MAUDE"
7735,2,collision,25993,CON-COM-1982-141,3,"ALHAJI HAMIDU MAIWAKE"
7735,2,collision,21426,RES-1992-4475,2,"AMIN YAHYA GALADANCI"
16241,2,collision,30040,CON-RES-1990-93,3,"ALIYU IBRAHIM DANBATTA"
16241,2,collision,21909,CON-RES-2009-794,3,"OLUCHUKWU ORIZU"
55854,2,legitimate-linked,185647,RES-2015-5945,2,"SABI'U BELLO ABUBAKAR"
55854,2,legitimate-linked,185657,"KNML 295",KANGIS,"SABI'U BELLO ABUBAKAR"
13214,2,collision,24511,CON-RES-1987-800,3,"BASHIR ABDULLAHI SUFI"
13214,2,collision,26987,CON-RES-1982-1427,3,"SISTER DEBORA ADUDKA"
12024,2,collision,25729,CON-COM-1995-108,3,"LAWAN SHU'AIBU"
12024,2,collision,35250,CON-RES-1983-569,3,"NAGOMA USMAN"
13900,2,collision,27679,RES-1991-773,1,"AMINU JAHUN"
13900,2,collision,36603,CON-RES-1991-396,3,"ABUBAKAR SULE GARO"
8211,2,collision,33400,CON-COM-1992-84,3,"ALH RABIU ILIYASU"
8211,2,collision,21908,CON-RES-2009-1034,3,"KABIR AHMAD YAKASAI"
8411,2,collision,22111,CON-RES-2009-707,3,"SALISU .A. ABDULHAMID"
8411,2,collision,32739,CON-COM-1998-58,3,"SALBAS OIL AND GAS NIGERIA LIMITED"
176368,2,legitimate-linked,195555,CON-RES-2012-262,3,"ALH. IBRAHIM USMAN"
176368,2,legitimate-linked,195556,"KNML 5506",KANGIS,"ALH. IBRAHIM USMAN"
12728,2,collision,30849,CON-RES-1987-1034,3,"ALHAJI MUSTAPHA AHMED"
12728,2,collision,26434,RES-1982-1988,1,"SHA'AIBU ZAKARAI MAIGORO"
14689,2,collision,22536,CON-RES-1995-98,3,"ALHAJI ABDULLAHI SARKI IBRAHIM"
14689,2,collision,28477,RES-1993-473,2,"MOHD GARBA, ALHAJI DANKAWU AND ISA BAKO"
14423,2,collision,31446,CON-RES-1994-344,3,"ALHAJI SABO LAWAN KABARA"
14423,2,collision,28210,RES-1993-2529,2,"INUWA A ISAH"
29107,2,legitimate-optot,190309,RES-1982-47,1,"SULEIMAN ZANGINA"
29107,2,legitimate-optot,190314,"KNML 2476",KANGIS,"SULEIMAN ZANGINA"
17995,2,collision,20370,CON-RES-RC-1982-218,3,"ALHAJI ZAKARI MAI GORO"
17995,2,collision,31799,CON-RES-1984-682,3,"NKEMRATA TIMOTHY UZOKA"
158709,2,legitimate-linked,182654,KN4963,KANGIS,"MUHAMMED AMINU HARUNA"
158709,2,legitimate-linked,182611,RES-1992-6928,2,"MUHAMMED AMINU HARUNA"
10756,2,collision,14488,CON-RES-1981-149,3,"ALHAJI UMARU KAFINTA"
10756,2,collision,24459,CON-RES-1987-298,3,"BASHIR BAFFA"
12647,2,collision,26353,CON-RES-1983-397,3,"M.BELLO MUSA"
12647,2,collision,198380,CON-RES-1986-355,3,"MUSTAPHA TUKUR"
7413,2,collision,21104,CON-RES-1995-409,3,"ALH. AMINU SAIDU"
7413,2,collision,22692,CON-AG-1996-2,3,"LAWAN SAJI"
41551,2,legitimate-linked,190281,RES-1993-3,2,"BALA SULE SHUAIBU"
41551,2,legitimate-linked,190301,"KNML 2471",KANGIS,"BALA SULE SHUAIBU"
24034,2,collision,47001,CON-RES-1999-10,3,"YUSIF MUHAMMAD INDABAWA"
24034,2,collision,47021,CON-RES-1998-269,3,"ALH HAMISU MUSA"
15435,2,collision,34776,CON-RES-2004-307,3,"SAADATU IBRAHIM"
15435,2,collision,29233,CON-RES-1984-231,3,"MR.OLATUNJI ADENUGA"
6262,2,collision,19943,RES-1982-983,1,"SANI GWADABE"
6262,2,collision,180568,COM-RC-1982-525,1,"AMINU DANTATA"
66685,2,legitimate-linked,170360,RES-RC-1982-9,1,"AHMAD UMAR"
66685,2,legitimate-linked,170389,KN1955,KANGIS,"AHMAD UMAR"
149867,2,legitimate-linked,173177,RES-2020-2487,2,"PROF AGBOOLA IBRAHIM GAMBARI"
149867,2,legitimate-linked,173179,"KNML 8551",KANGIS,"PROF AGBOOLA IBRAHIM GAMBARI"
17595,2,legitimate-linked,189569,KN4619,KANGIS,"MURTALA ABDULLAHI JEGA"
17595,2,legitimate-linked,31398,CON-RES-1997-184,3,"ALHAJI UBA LIGIDI KORE"
176283,2,legitimate-linked,195433,RES-2005-1197,2,"HAJIYA HABIBA ABUBAKAR"
176283,2,legitimate-linked,195443,"KNML 2284",KANGIS,"NASIRU SHITTU IDRIS"
13128,2,collision,32169,CON-RES-1987-602,3,"MOMOH ONUH OGUCHE"
13128,2,collision,26901,RES-1991-228,1,"KASIMU BALARABE"
13802,2,collision,17775,CON-RES-1990-473,3,"HASSAN .A. ABDU"
13802,2,collision,27579,RES-1991-658,1,"CAPT MIKE OGUNLADE"
18055,2,collision,31859,CON-RES-1984-156,3,"HAMZA LAWAN ADAMU"
18055,2,collision,23446,CON-RES-RC-1982-326,3,"ALHAJI USMAN MOHAMMED"
147441,2,legitimate-linked,170511,CON-AG-2008-59,3,"ALH BABA MOHD"
147441,2,legitimate-linked,170538,"MLKN 539",KANGIS,"ALH BABA MOHAMMED"
46802,2,legitimate-linked,192301,RES-2000-2225,2,"ALHAJI MUSA AHMED HAIDO"
46802,2,legitimate-linked,192302,"KNML 909",KANGIS,"ALHAJI MUSA AHMED HAIDO"
10891,2,collision,24595,CON-RES-1987-919,3,"MR.FELIX OBI UDEZE"
10891,2,collision,15537,CON-RES-1981-358,3,"ALHAJI HARUNA T/WAZIRCHI"
7425,2,collision,23680,CON-AG-1998-21,3,"YAHUZA MUHAMMAD GAYA"
7425,2,collision,21116,CON-RES-1994-777,3,"HARUNA MOHD IBRAHIM"
12240,2,collision,25209,CON-RES-1984-467,3,"ALHAJI ADO SANI GWAGWARWA"
12240,2,collision,25945,CON-IND-1982-26,3,"ALHAJI MOHAMMED SALE"
11319,2,collision,25002,CON-RES-1982-1557,3,"ALHAJI YUNUSA BABA AGEGE"
11319,2,collision,25023,CON-RES-1983-316,3,"ALHAJI UBA ADAMU"
12012,2,collision,25717,CON-AG-1994-66,3,"M. MUSA MUSTAPHA"
12012,2,collision,24891,CON-RES-1983-538,3,"ALHAJI IDI HALADU"
33927,2,legitimate-optot,194714,RES-1989-1845,1,"MR OLUCHUKWU C ORIZU"
33927,2,legitimate-optot,194724,"KNML 1591",KANGIS,"BATULA IBRAHIM WARU"
147109,2,legitimate-optot,170212,RES-2022-2139,2,"MAMUDA ISA MUSA"
147109,2,legitimate-optot,170260,"KNML 9800",KANGIS,"MAMUDA ISA MUSA"
65505,2,legitimate-linked,180465,RES-RC-1982-1470,1,"ALH. NAJIB JA'AFAR ABUBAKAR KOGUNA"
65505,2,legitimate-linked,180466,"KNML 7373",KANGIS,"ALH. NAJIB JA'AFAR ABUBAKAR KOGUNA"
34354,2,legitimate-optot,170378,RES-1989-314,1,"ABDULLAHI ABDU HO"
34354,2,legitimate-optot,170555,KN3066,KANGIS,"ABDULLAHI ABDU HO"
174007,2,legitimate-linked,193916,RES-2000-2698,2,"ABUBAKAR INUWA"
174007,2,legitimate-linked,193917,"KNML 535",KANGIS,"ABUBAKAR INUWA"
18479,2,collision,19550,CON-RES-RC-1982-95,3,"UBA ADAMU"
18479,2,collision,32284,CON-RES-1987-711,3,"ALHAJI ADAMU MOHAMMED"
16231,2,collision,30030,CON-RES-1990-71,3,"ALHAJI BALA YARO INUWA"
16231,2,collision,35439,CON-RES-2009-75,3,"UCHE HIROETUGO"
165992,2,legitimate-linked,188698,COM-2025-67,1,"MUSA HARUNA TAHIR"
165992,2,legitimate-linked,188714,KN4122,KANGIS,"MUSA HARUNA TAHIR"
12025,2,collision,25730,CON-COM-1995-109,3,"BALA SANI"
12025,2,collision,25267,CON-RES-1983-572,3,"ALH ISIYAKU LIMAN"
12410,2,collision,26115,CON-RES-1989-467,3,"TIJJANI ADO KOFAR WAMBAI"
12410,2,collision,24723,CON-RES-1985-334,3,"ALH. SHARU UBA SALIHU"
13419,2,collision,29982,CON-RES-1988-394,3,"ALHAJI AHMADU D/IYA"
13419,2,collision,27193,RES-1991-405,1,"LT. COL. UMARU MALAMI MUHD"
17492,2,collision,31295,CON-COM-1995-86,3,"ALHAJI MAGAJI JIBRIN YAKASAI"
17492,2,collision,185471,KN5396,KANGIS,"MURTALA ABDULLAHI JEGA"
14748,2,collision,28537,RES-1993-1155,2,"MUHRARI MAGAJI IBRAHIM"
14748,2,collision,36834,CON-RES-1996-326,3,"ALHAJI MUFUTAHU ASHIRU"
11138,2,collision,24842,CON-RES-1986-226,3,"ALHAJI GARBA IDRIS"
11138,2,collision,23927,CON-RES-1982-1172,3,"MRS. GRACE NEBEANI"
14652,2,legitimate-optot,33248,CON-RES-1995-546,3,"ABUNASTY NIGERIA LTD"
14652,2,legitimate-optot,28440,RES-1993-324,2,"BALA MUHAMMAD HADI"
147391,2,legitimate-optot,170468,RES-2022-3632,2,"RABI JIBRILLA MUHAMMAD"
147391,2,legitimate-optot,170476,KN4491,KANGIS,"RABI JIBRILLA MUHAMMAD"
23914,2,collision,38662,CON-RES-1999-62,3,"ALHAJI ABUBAKAR ALHASSAN"
23914,2,collision,171170,KN1143,KANGIS,"A. GARBA YUSUF ABDULMUMINI"
164152,2,legitimate-linked,193110,DCIV-2023-171,DCIV,"MAL. AUDU WANZAM"
164152,2,legitimate-linked,187020,RES-2018-1284,2,"MALAM AUDU WANZAMI"
11685,2,collision,25389,CON-RES-1983-332,3,"UZAIRU MOHAMMED"
11685,2,collision,23352,CON-RES-1982-684,3,"ALHAJI LAWAN JIBRIN"
12154,2,collision,25859,CON-AG-1985-174,3,"ALHAJI MUSA MAMMADA ZAKARI"
12154,2,collision,31793,CON-RES-1984-152,3,"AMINU GARBA"
10955,2,collision,13923,CON-RES-1981-49,3,"ALHAJI ISAH ADAMU TSAMIYA"
10955,2,collision,24659,CON-RES-1983-772,3,"ALHAJI YUSUFU SALISU AGADASAWA"
18437,2,collision,16769,CON-RES-RC-1982-727,3,"MAMUDU ABUBAKAR TURAJO"
18437,2,collision,32242,CON-RES-1987-1324,3,"ALHAJI SALISU ALI"
50654,2,legitimate-linked,184729,RES-2005-1786,2,"ABBA UMAR KUKUMA"
50654,2,legitimate-linked,184731,"KNML 1904",KANGIS,"ABBA UMAR KUKUMA"
13671,2,legitimate-optot,34302,CON-RES-1989-539,3,"ALHAJI SANI BUJI BICHI"
13671,2,legitimate-optot,27446,RES-1990-4260,1,"TABI'U BAGAZAWA"
13145,2,collision,26918,RES-1991-249,1,"MAL. GARBA IDRIS"
13145,2,collision,32288,CON-RES-1987-65,3,"ABDULSALAM USMAN"
158647,2,legitimate-linked,182568,COM-2022-616,1,"LAGAF SERVICES"
158647,2,legitimate-linked,182580,"MLKN 4515",KANGIS,"LAGAF SERVICES"
13023,2,collision,26795,RES-1991-110,1,"MUSTAPHA GARBA"
13023,2,collision,32311,CON-RES-1987-346,3,"MR ZAKKY CHUKWUKA ONYEAMA"
11851,2,collision,25556,CON-RES-1991-357,3,"HAJIYA AISHATU UMAR"
11851,2,collision,35244,CON-RES-1983-131,3,"ALHAJI MATI SHEHU"
38465,2,legitimate-optot,196703,RES-1992-1191,2,"HAFIZ MUHAMMAD BALA"
38465,2,legitimate-optot,196718,KN3601,KANGIS,"HAFIZ MUHAMMAD BALA"
11693,2,collision,34464,CON-RES-1982-704,3,"ALHAJI AMINU IBRAHIM"
11693,2,collision,25397,CON-RES-1991-387,3,"OLABOSIPO OMOSHEBI & ANDREW OLATOKUNBO OMOSHEBI"
11607,2,collision,31933,CON-RES-1982-556,3,"SULEIMAN IBRAHIM HALILU"
11607,2,collision,25311,CON-RES-1984-379,3,"ALHAJI DALHA YARKASUWA"
13060,2,collision,26833,RES-1991-149,1,"ABDULLAHI AMADU"
13060,2,collision,30880,CON-RES-1987-420,3,"MURTALA AHMED"
46882,2,legitimate-linked,191501,RES-2000-2456,2,"MUHAMMAD GAZALI ABUBAKAR"
46882,2,legitimate-linked,191528,"KNML 4102",KANGIS,"MUHAMMAD GAZZALI ABUBAKAR"
18520,2,collision,32325,CON-RES-1987-858,3,"MOHAMMED BELLO"
18520,2,collision,25667,CON-RES-RC-1984-1,3,"ALHAJI GAMBO ADAMU"
14055,2,collision,27842,RES-1993-519,2,"HAJIYA BINTA  YAR CHANKINDE"
14055,2,collision,36027,CON-RES-1992-367,3,"ALHAJI KABIRU SULE"
13119,2,collision,26892,RES-1991-215,1,"MOHAMMED JUNAIDU"
13119,2,collision,32165,CON-RES-1987-565,3,"ALHAJI AMINU DANTATA"
15147,2,collision,33078,CON-RES-2000-96,3,"ALHAJI YAHAYA BALA"
15147,2,collision,28944,RES-1993-3756,2,"NASIDI GAMBO"
15358,2,collision,47144,CON-RES-2003-31,3,"ALH HARUNA ISMAIL KWALAM"
15358,2,collision,29156,RES-1993-3539,2,"SANI AHMED KAHU"
10742,2,collision,14518,CON-RES-1981-121,3,"ISA IBRAHIM"
10742,2,collision,24445,CON-RES-1987-656,3,"ALHAJI LAWAL MOHAMMED SULE"
12026,2,collision,25731,CON-COM-1995-110,3,"SADAM AND COMPANY LIMITED"
12026,2,collision,25279,CON-RES-1983-573,3,"ABDULLAHI SARKI IBRAHIM BAGOBIRI"
11221,2,collision,26976,CON-RES-1982-1339,3,"ALH. SALISU MAGAJI BAWA"
11221,2,collision,24925,CON-RES-1982-11,3,"GARBA AHMED CHIRANCHI"
10860,2,collision,19147,CON-RES-1981-311,3,"ALHAJI MUHAMMADU SANI MUSA"
10860,2,collision,24564,CON-RES-1987-1413,3,"ALHAJI TASIU SANI MAI ADRE"
7236,2,collision,20923,CON-RES-1993-259,3,"ABDULLAHI DAN ASABE"
7236,2,collision,17065,CON-AG-1986-70,3,"ALH YAKUBU ABDULLAHI DANHASSAN"
12066,2,collision,25771,CON-RES-1989-164,3,"ALH UMARU GARBA"
12066,2,collision,25385,CON-RES-1983-705,3,"BALARABE BAFFA"
151179,2,legitimate-linked,174403,CON-COM-2018-174,3,"MR INNOCENT UDEMEZUE"
151179,2,legitimate-linked,174546,KN3693,KANGIS,"MR INNOCENT UDEMEZUE"
30380,2,legitimate-linked,194361,"MLKN 1581",KANGIS,"ALIYU MAHMOUD GALADANCI"
30380,2,legitimate-linked,194253,RES-1985-1325,1,"ALIYU MAHMOUD GALADANCI"
11922,2,collision,23885,CON-RES-1983-290,3,"ALHAJI MUHTARI UBA"
11922,2,collision,25627,CON-RES-1984-631,3,"ALHAJI MUSA ABDULLAHI"
145206,2,legitimate-optot,168101,RES-2020-253,2,"AISHA MUKHTAR"
145206,2,legitimate-optot,168124,KN5327,KANGIS,"AISHA MUKHTAR"
14466,2,collision,28253,RES-1994-393,2,"JIBRIN MAI ADUWA"
14466,2,collision,33183,CON-RES-1994-432,3,"ALHAJI ADAMU MOHAMMED"
28170,2,legitimate-optot,194762,RES-1982-1373,1,"ALIYU MAHMOUD GALADANCI"
28170,2,legitimate-optot,194795,"KNML 1587",KANGIS,"ALIYU MAHMOUD GALADANCI"
11480,2,collision,31643,CON-RES-1982-367,3,"HAJIYA MARYAM SALE"
11480,2,collision,25184,CON-RES-1982-1141,3,"USMAN INUWA HASSAN"
11023,2,collision,24727,CON-RES-1985-338,3,"MR. EMMANUEL O. EMONIDO"
11023,2,collision,14993,CON-RES-1981-61,3,"ALHAJI IBRAHIM WAZIRI GUMEL"
11795,2,collision,34466,CON-RES-1982-91,3,"ALHAJI SALISU SANI"
11795,2,collision,25499,CON-RES-1990-479,3,"ALHAJI ABDULLAHI HARUNA"
7944,2,collision,21637,RES-1992-4763,2,"YUSHA'U SHU'AIBU"
7944,2,collision,29559,CON-COM-1984-43,3,"KANO INDUSTRIAL STONE COMPANY LTD"
16116,2,collision,21919,CON-RES-2009-308,3,"ALHAJI DAHIRU MOHD HAMZA"
16116,2,collision,29915,CON-AG-1988-36,3,"ALH ADO GAMBO"
33552,2,legitimate-optot,191678,RES-1989-1284,1,"ALH SANUSI ADAMU"
33552,2,legitimate-optot,191683,"KNML 2487",KANGIS,"ALH SANUSI ADAMU"
13136,2,collision,24525,CON-RES-1987-63,3,"ALHAJI ABUBAKAR SHEHU NAKWARAI"
13136,2,collision,26909,RES-1991-236,1,"ABUBAKAR JIKA"
7946,2,collision,29258,CON-COM-1984-5,3,"MUHTARI ENTERPRISES COMPANY LTD"
7946,2,collision,21639,RES-1992-4765,2,"GARBA ABDU"
6897,2,collision,19256,CON-AG-1982-139,3,"ALHAJI HAMZA ALIN BASHARI"
6897,2,collision,20581,RES-1992-3139,2,"ALH ALIYU ABDULLAHI ABUBAKAR"
11440,2,collision,25144,CON-RES-1982-746,3,"ALHAJI ABDU BAUSHE"
11440,2,collision,23339,CON-RES-1982-295,3,"ALHAJI MAIGIDA WAWURE"
7936,2,collision,31739,CON-COM-1984-200,3,"CRISS-CROSS PETROLEUM MARKETING CO. LIMITED"
7936,2,collision,21628,RES-1992-7453,2,"SAMAILA YAKUBU"
18657,2,collision,20654,CON-RES-RC-1997-1,3,"ALHAJI SANI UNGOGO"
18657,2,collision,32462,CON-RES-1986-184,3,"IDRIS DANLITI AHMADU"
12191,2,collision,25206,CON-RES-1984-278,3,"OLOWONIYI ALFRED KEHINDE"
12191,2,collision,25896,CON-RES-1988-462,3,"ALHAJI AHMADU DANKURU"
11461,2,collision,26064,CON-RES-1982-333,3,"ALHAJI WADA AMINU"
11461,2,collision,25165,CON-RES-1982-1579,3,"MOHAMMED ALI H. ELNUR"
32890,2,legitimate-optot,184648,RES-1987-964,1,"SADIYA ABDU BICHI"
32890,2,legitimate-optot,184655,"KNML 1911",KANGIS,"SADIYA ABDU BICHI"
18546,2,collision,19464,CON-RES-RC-1984-38,3,"ALHAJI IBRAHIM WAZIRIN GUMEL"
18546,2,collision,32351,CON-RES-1987-1092,3,"ALHAJI SANUSI GAMBO"
47385,2,legitimate-linked,175326,RES-2000-4295,2,"HAMISU INUWA"
47385,2,legitimate-linked,175376,KN3305,KANGIS,"HAMISU INUWA"
10899,2,collision,24603,CON-RES-1987-914,3,"MRS. GRACE EMEAFU"
10899,2,collision,19143,CON-RES-1981-370,3,"ALHAJI YAYA SULEIMAN"
17887,2,collision,31045,CON-RES-RC-1982-1226,3,"ABBAS MAJE ADANANU"
17887,2,collision,31691,CON-RES-1986-5,3,"MOHD DATTI YOLA"
10958,2,collision,24662,CON-RES-1983-448,3,"MAHAMMED KALOMA ALI"
10958,2,collision,13922,CON-RES-1981-50,3,"ALHASSAN ABDULLAHI"
9041,2,collision,21914,CON-COM-2009-180,3,"SALISU ABUBAKAR DANSALO"
9041,2,collision,22742,CON-RES-1990-324,3,"ALH. SULE ABUBAKAR"
7788,2,legitimate-optot,21479,CON-RES-RC-1982-451,3,"CHRISTOPHA OLUFEMI E. EKUAFEH"
7788,2,legitimate-optot,25982,CON-COM-1982-259,3,"ADAMU FAIZU KABIR"
11337,2,collision,29449,CON-RES-1982-162,3,"ALHAJI UBA AND ALHAJI TALATA"
11337,2,collision,25041,CON-RES-1984-260,3,"ALH SA'IDU ALI HAMID"
11057,2,collision,21675,CON-RES-1982-100,3,"ALHAJI MOHAMMED SHETTIMA"
11057,2,collision,24761,CON-RES-1985-554,3,"AMINU GWAMMAJA"
155952,2,legitimate-linked,180272,RES-2007-958,2,"IBRAHIM A.M KURA"
155952,2,legitimate-linked,180293,"KNML 1483",KANGIS,"IBRAHIM A.M KURA"
7223,2,collision,31714,CON-AG-1986-34,3,"ALHAJI ISMAILA IBRAHIM KHALIFA"
7223,2,collision,20910,CON-AG-1995-5,3,"BELLO MAHMOUD"
13898,2,collision,36188,CON-RES-1991-394,3,"ALH RABI'U SULE GARO"
13898,2,collision,27677,RES-1991-769,1,"DR. GAMBARI-KAREEM IBRAHIM"
17533,2,legitimate-linked,31336,CON-RES-1995-478,3,"AISHATU UMAR BELLO"
17533,2,legitimate-linked,187930,KN5174,KANGIS,"MURTALA ABDULLAHI JEGA"
17907,2,collision,32439,CON-RES-RC-1982-1349,3,"ALHAJI GAMBO UMAR"
17907,2,collision,31711,CON-RES-1986-378,3,"ALHAJI ABDULRAHMAN MUSA MAJIYA"
10976,2,collision,14473,CON-RES-1981-532,3,"IBRAHIM MUHAMMAD"
10976,2,collision,24680,CON-RES-1983-875,3,"ALHAJI MOHAMMADU MAIHASKE"
14734,2,collision,28522,RES-1993-1105,2,"ALHASSAN MUHAMMAD"
14734,2,collision,37238,CON-RES-1996-25,3,"ALHAJI ISMA'ILA ADAMU GANO"
14137,2,collision,27924,RES-1993-917,2,"MOHD ABUBAKAR & SALIHU ABUBAKAR"
14137,2,collision,36871,CON-RES-1992-569,3,"HAMZA KABIRU B/MALAMI MADABO"
12896,2,collision,26668,RES-1982-2184,1,"HADI MAHMOUD IMAM"
12896,2,collision,25434,CON-RES-1987-1431,3,"ALH. TAJUDDEEN MUSA"
7225,2,collision,20912,CON-AG-1995-3,3,"MUHAMMAD USMAN SHEHU"
7225,2,collision,25685,CON-AG-1986-45,3,"DANKADA FARM LTD"
14877,2,collision,38523,CON-RES-1998-120,3,"MRS NKIRU THERESA OKANY"
14877,2,collision,28668,RES-1993-1753,2,"HAUWA MOHAMMED"
12334,2,legitimate-linked,26039,CON-COM-1982-192,3,"ALHAJI GWADABE ALI YOLA"
12334,2,legitimate-linked,35322,CON-RES-1985-1,3,"ALIYU MOHAMMED HADEJIA"
18386,2,collision,19790,CON-RES-RC-1982-67,3,"ALHAJI ADO MUHAMMED"
18386,2,collision,32190,CON-RES-1987-293,3,"SAGIR MUSA DANHODI"
156984,2,legitimate-linked,181298,RES-1995-1809,2,"WALI MANSOOR KURAWA"
156984,2,legitimate-linked,181300,"KNML 1973",KANGIS,"WALI MANSOOR KURAWA"
172855,2,legitimate-linked,29248,CON-RES-1984-174,3,"MALLAM AHMED LAIF"
172855,2,legitimate-linked,193179,CON-RES-2000-105,3,"MALLAM AHMED LOTF"
11764,2,collision,24955,CON-RES-1982-847,3,"ALHAJI SALISU USMAN"
11764,2,collision,25468,CON-RES-1989-65,3,"ALH. UBA AHMED"
13769,2,collision,27546,RES-1991-613,1,"ADAMU SANI ADAMU"
13769,2,collision,23635,CON-RES-1990-349,3,"ALH. BALA SALISU"
17543,2,legitimate-linked,31346,CON-RES-1995-553,3,"SAMINU YAKUBU"
17543,2,legitimate-linked,187991,KN5212,KANGIS,"MURTALA ABDULLAHI JEGA"
54597,2,legitimate-linked,178487,RES-2014-931,2,"KHALIFA ISYAKU RABIU"
54597,2,legitimate-linked,178488,"KNML 1774",KANGIS,"KHALIFA ISYAKU RABIU"
14286,2,collision,17850,CON-RES-1993-522,3,"UMAR FAROUK ABDULLAHI"
14286,2,collision,28073,RES-1993-1630,2,"MAL NASIRU AMADU"
8405,2,collision,22105,CON-RES-2009-495,3,"MR AMAECHI ABASILI"
8405,2,collision,20913,CON-COM-1998-45,3,"ALHAJI SANI ILYASU BICHI"
13837,2,collision,27615,RES-1991-694,1,"M. DAN BALA WADA"
13837,2,collision,33121,CON-RES-1991-14,3,"ALHAJI AMINU SULAIMANU DUTSE"
6170,2,legitimate-optot,19848,CON-AG-1982-62,3,"HAMZAT MOHAMMED TURABU"
6170,2,legitimate-optot,179937,COM-RC-1982-428,1,"ALHAJI SHARU GAMBO,ALHAJI ABDULAZIZ,ALHAJI ALI MAIWAKE & ALH SANI ABDULLAHI"
37031,2,legitimate-linked,187256,RES-1991-3943,1,"ABDULJALAL HUSSAINI MAIKARFE"
37031,2,legitimate-linked,187260,"KNML 272",KANGIS,"ABDULJALAL HUSSAINI MAIKARFE"
154835,2,legitimate-linked,179163,CON-RES-1997-36,3,"IBRAHIM ADAMU"
154835,2,legitimate-linked,179164,"KNML 1760",KANGIS,"IBRAHIM ADAMU"
18030,2,collision,31834,CON-RES-1984-707,3,"ALHAJI JAMILU BASHIR"
18030,2,collision,21495,CON-RES-RC-1982-301,3,"ALHAJI MUHAMMADU"
46920,2,legitimate-linked,191545,RES-2000-2572,2,"MUHAMMAD GAZZALI ABUBAKAR"
46920,2,legitimate-linked,191572,"KNML 4103",KANGIS,"MUHAMMAD GAZZALI ABUBAKAR"
13095,2,collision,26868,RES-1991-188,1,"MAGGAJI L. AHMED"
13095,2,collision,33642,CON-RES-1987-509,3,"MR EDMUND UZOUKWU NGONADI"
14403,2,collision,28190,RES-1993-2218,2,"YAHAYA INUWA ABBAS"
14403,2,collision,31430,CON-RES-1994-324,3,"ALHAJI SABO LAWAN KABARA"
11401,2,legitimate-linked,25105,CON-RES-1984-327,3,"ALH GARBA ALASAN"
11401,2,legitimate-linked,31934,CON-RES-1982-230,3,"ALHAJI ALI SUMAILA"
15044,2,collision,28839,RES-1993-3015,2,"HON. JUSTICE SAKA YUSUF"
15044,2,collision,47078,CON-RES-1999-37,3,"ALH LAWAN S. GARO"
11422,2,collision,25126,CON-RES-1982-1552,3,"ALHAJI WADA ALIYU"
11422,2,collision,23571,CON-RES-1982-264,3,"ALHAJI BABA YUSUFU"
14561,2,collision,31179,CON-RES-1995-169,3,"ALHAJI SUNUSI ADO BAYERO"
14561,2,collision,28348,RES-1992-7342,2,"SANI LAWAN / ABUBAKAR LAWAN"
42997,2,legitimate-linked,186210,RES-1994-643,2,"SANUSI IBRAHIM"
42997,2,legitimate-linked,186217,"KNML 1521",KANGIS,"SANUSI IBRAHIM"
165296,2,legitimate-linked,188085,CON-RES-2014-476,3,"SABIU MUSA NABARUMA"
165296,2,legitimate-linked,188086,"KNML 2882",KANGIS,"SABIU MUSA NABARUMA"
171325,2,legitimate-linked,191938,CON-COM-2010-341,3,"ABDULLAHI IBRAHIM ADAM"
171325,2,legitimate-linked,191968,"MLKN 4424",,"ABDULLAHI IBRAHIM ADAM"
11442,2,collision,23353,CON-RES-1982-297,3,"ALHAJI SULAIMAN BAFFA"
11442,2,collision,25146,CON-RES-1982-737,3,"ALHAJI ADO SHEHU"
30539,2,legitimate-linked,188264,RES-1985-1745,1,"UMAR LAWAL K/GANUWA"
30539,2,legitimate-linked,188322,"KNML 2898",KANGIS,"UMAR LAWAL K/GANUWA"
14025,2,legitimate-optot,27812,RES-1993-176,2,"MRS ZAINAB SHEHU SATATIMA"
14025,2,legitimate-optot,36204,CON-RES-1992-236,3,"MATRIX ENERGY LIMITED"
12947,2,legitimate-optot,26719,RES-1982-366,1,"MALLAM MUHAMMADU ABDULLAHI"
12947,2,legitimate-optot,27014,CON-RES-1987-197,3,"CHIEF JOHN OKONKWO"
15468,2,collision,34750,CON-RES-2004-362,3,"NURA ISYAKU RABIU"
15468,2,collision,29266,CON-COM-1984-44,3,"ALHAJI ZAKARI LOOKMAN"
10297,2,legitimate-linked,23999,CON-RES-1989-16,3,"ABDU MOHAMMED DANGADO"
10297,2,legitimate-linked,32567,CON-COM-RC-1982-44,3,"MARYAM DANLADI SHESHE"
12160,2,collision,29204,CON-RES-1984-163,3,"ALHAJI SABO MOHAMMAD"
12160,2,collision,25865,CON-AG-1985-140,3,"ABDULLAHI D SHAAIBU"
14512,2,collision,28299,RES-1994-1951,2,"ALKASSIM UMAR"
14512,2,collision,31132,CON-RES-1994-681,3,"ALHAJI DANLITI MAI MAI"
13018,2,collision,33733,CON-RES-1987-339,3,"SANUSI ABDU"
13018,2,collision,26790,RES-1991-104,1,"GARBA ABDU"
14064,2,collision,27851,RES-1993-565,2,"ABDULLAHI KABIRU K/KAROFI"
14064,2,collision,36118,CON-RES-1992-40,3,"ASIA PLASTICS INDUSTRI NIG. LTD"
152878,2,legitimate-optot,176318,RES-2012-3457,2,"MUHTARI MOHD WARA"
152878,2,legitimate-optot,176327,KN3924,KANGIS,"MUHTARI MUHAMMAD WARA"
14914,2,legitimate-optot,38462,CON-RES-1998-264,3,"ADAMU ALI"
14914,2,legitimate-optot,28705,RES-1993-1884,2,"ALHAJI ALIMOHD MAGASHI"
18083,2,collision,25966,CON-RES-RC-1982-355,3,"ALHAJI DALHA SHEHU"
18083,2,collision,31887,CON-RES-1984-681,3,"ALHAJI UBA KAMFA"
12999,2,collision,22951,CON-RES-1987-295,3,"MR EDWIN E ANIGBOGU"
12999,2,collision,26771,RES-1991-79,1,"ADO MOHAMMED INDABAWA"
164508,2,legitimate-optot,187371,RES-1990-809,1,"ALH MUHAMMAD MUSA SHEHU"
164508,2,legitimate-optot,187388,"KNML 279",KANGIS,"ALH MUHAMMAD MUSA SHEHU"
14027,2,legitimate-optot,27814,RES-1993-181,2,"ALHAMSAD INVESTMENT LTD"
14027,2,legitimate-optot,23507,CON-RES-1992-24,3,"ALHAJI GARBA IDRIS"
10972,2,collision,14459,CON-RES-1981-524,3,"AHMED RIFAI HALLIRU"
10972,2,collision,24676,CON-RES-1983-869,3,"EMMANUEL F. OTETE"
16084,2,collision,29883,CON-RES-1994-641,3,"ALHAJI MUHAMMADU ISA KURA"
16084,2,collision,22110,CON-RES-2009-216,3,"ALH. SHEHU EL-YAKUB"
12894,2,collision,26666,RES-1982-2181,1,"HARUNA MUHAMMAD"
12894,2,collision,33847,CON-RES-1987-143,3,"PETER DIMONYE"
13071,2,collision,30831,CON-RES-1987-446,3,"CHRISTOPHER OHURUZOR"
13071,2,collision,26844,RES-1991-160,1,"HAJIYA AMINA MAI YAFE"
50079,2,legitimate-linked,184755,RES-2003-4298,2,"ALHAJI TIJJANI AYUBA INDABAWA"
50079,2,legitimate-linked,184760,"KNML 1750",KANGIS,"ALHAJI TIJJANI AYUBA INDABAWA"
46193,2,legitimate-linked,190319,RES-1999-1346,2,"RABILU LAWAL"
46193,2,legitimate-linked,190332,"KNML 9551",KANGIS,"RABILU LAWAL"
180544,2,legitimate-linked,198875,CON-RES-2020-72,3,"ABBA MAMMAN TOR HABIB"
180544,2,legitimate-linked,198883,KN2848,KANGIS,"ABBA MAMMAN TOR HABIB"
13620,2,collision,27394,RES-1990-2122,1,"ALH UZAIRU MANSUR"
13620,2,collision,26109,CON-RES-1989-398,3,"MRS. FELICIA E. ANUMEGE"
11173,2,collision,24877,CON-RES-1983-82,3,"ALHAJI MATTA NA-ABBA"
11173,2,collision,24989,CON-RES-1982-1246,3,"ALHAJI MOHAMMAD MAI KWAKWA"
11065,2,collision,24769,CON-RES-1985-576,3,"UMAR ALH. SALEH"
11065,2,collision,22332,CON-RES-1982-1012,3,"ALHAJI IDI ADHAMA"
11808,2,collision,25512,CON-RES-1999-343,3,"ALHAJI JAMILU IBRAHIM"
11808,2,collision,24961,CON-RES-1982-925,3,"ALHAJI ADO SA'IDU"
30631,2,legitimate-linked,193687,RES-1985-2005,1,"AMINU MUHAMMADA ALA"
30631,2,legitimate-linked,193704,"KNML 1433",KANGIS,"ALLH MUHAMMAD AMINU ALA"
9492,2,legitimate-linked,35103,CON-COM-2013-123,3,"LINTECH PETROCHEMICALS LIMITED"
9492,2,legitimate-linked,23194,RES-1992-7084,2,"HASSAN JIBRIN"
153497,2,legitimate-linked,177805,CON-RES-2023-7278,3,"FAIZU MUHAMMAD GALADIMA"
153497,2,legitimate-linked,189794,KN5259,KANGIS,"MURTALA ABDULLAHI JEGA"
50793,2,legitimate-linked,190435,RES-2005-796,2,"KABIRU AYAGI & 2 OTHERS"
50793,2,legitimate-linked,190436,"KNML 2481",KANGIS,"KABIRU AYAGI & 2 OTHERS"
7398,2,collision,22830,CON-AG-1995-39,3,"ALHAJI IBRAHIM BELLO"
7398,2,collision,21088,CON-RES-1995-128,3,"MALLAM NUHU ADAMU"
12492,2,collision,26198,CON-RES-1988-356,3,"ALHAJI ISAH YAHAYA"
12492,2,collision,30802,CON-RES-1985-544,3,"ALHAJI TIJJANI GAGARE"
14123,2,collision,46964,CON-RES-1992-556,3,"USMAN KABIRU B/MALAMI MADABO"
14123,2,collision,27910,RES-1993-737,2,"ALH DANAZUMI JIBRIN"
14465,2,collision,28252,RES-1994-395,2,"YAZIDU BABA"
14465,2,collision,33185,CON-RES-1994-428,3,"ZUBAIRU ISA"
15385,2,collision,29183,RES-1993-3599,2,"ALHAJI HABU YAU"
15385,2,collision,47170,CON-RES-2004-133,3,"ABDULLAHI GARBA DAKATA"
11862,2,collision,25567,CON-RES-1993-102,3,"MALLAM MOHAMMED ILIYA JUNAIDU"
11862,2,collision,35248,CON-RES-1983-16,3,"ALHAJI AHMADU P.Z BICHI"
24043,2,collision,47010,CON-RES-1994-436,3,"SHEIK MALLAM NASIR KABARA"
24043,2,collision,47060,CON-RES-1999-192,3,"A.K. ABOSI"
11170,2,collision,29672,CON-RES-1982-1235,3,"FELIX A. OKOROAFOR"
11170,2,collision,24874,CON-RES-1983-4,3,"MRS BILKISU ISMA'IL"
6916,2,collision,20600,RES-1992-3160,2,"ALH AHMADU SULE"
6916,2,collision,15596,CON-AG-1982-180,3,"ALHAJI AMADU ALI"
15271,2,collision,29069,RES-1993-3307,2,"AMBASADOR AHMAD YUSUF FARI"
15271,2,collision,47129,CON-RES-2002-264,3,"ALH UBA MUHAMMAD ASINGI"
52424,2,legitimate-optot,181809,RES-2009-5007,2,"GODWIN UMEANULUGWO"
52424,2,legitimate-optot,181845,KN1244,KANGIS,"GODWIN UMEANULUGWO"
46617,2,legitimate-linked,194877,RES-2000-1788,2,"HAJIYA LADI S/DINKI"
46617,2,legitimate-linked,194897,KN912,KANGIS,"NAS NURA WADA"
65096,2,legitimate-linked,175996,RES-RC-1982-1079,1,"MOHAMMAD HASSAN KOGUNA"
65096,2,legitimate-linked,175999,"KNML 1886",KANGIS,"MOHAMMAD HASSAN KOGUNA"
17889,2,collision,20373,CON-RES-RC-1982-124,3,"HAJIYA BINTA BELLO"
17889,2,collision,31693,CON-RES-1986-8,3,"M. ILU MUSA"
12017,2,collision,24893,CON-RES-1983-545,3,"ALH BALA RABIU"
12017,2,collision,25722,CON-AG-1995-83,3,"ALHAJI ABDULLAHI M. MUSA"
32345,2,legitimate-linked,189646,RES-1987-2201,1,"ALHAJI TIJJANI MUHAMMAD"
32345,2,legitimate-linked,189648,"KNML 2452",KANGIS,"ALHAJI TIJJANI MUHAMMAD"
17863,2,collision,31667,CON-RES-1986-194,3,"ALHAJI AMADU ABDULKADIR"
17863,2,collision,19794,CON-RES-RC-1982-104,3,"MOHAMMADU KABARA"
17530,2,legitimate-linked,187269,KN5203,KANGIS,"MURTALA ABDULLAHI JEGA"
17530,2,legitimate-linked,31333,CON-RES-1995-298,3,"GARBA MOHAMMED ROGO"
61111,2,legitimate-linked,180286,KN3238,KANGIS,"MEENAL YAKUBU MUSA"
61111,2,legitimate-linked,180050,RES-2022-337,2,"MEENAL YAKUBU MUSA"
15951,2,collision,47199,CON-RES-2008-289,3,"SARKI HAMID BAYERO"
15951,2,collision,29750,CON-AG-1989-83,3,"DAHIRU SIDI ISHAQ"
147900,2,legitimate-linked,171116,RES-2007-843,2,"TEEMCO MULTI-TRADE VENTURES"
147900,2,legitimate-linked,171156,KN3324,KANGIS,"TEEMCO MULTI-TRADE VENTURES"
13822,2,collision,33267,CON-RES-1990-86,3,"ALH HAMISU MOHAMMED"
13822,2,collision,27600,RES-1991-678,1,"IBRAHIM MOHD"
172472,2,legitimate-linked,192853,CON-RES-2003-282,3,"BASHIRU SANI GAMBO"
172472,2,legitimate-linked,192854,"KNML 934",KANGIS,"BASHIRU SANI GAMBO"
13503,2,legitimate-optot,27277,RES-1991-517,1,"ALHASSAN ABDULKADIR DANTATA"
13503,2,legitimate-optot,33289,CON-RES-1988-624,3,"ALH MUSA INUWA GALA"
178796,2,legitimate-linked,194610,KN3365,,"KABIRU MOHAMMED SARKI"
178796,2,legitimate-linked,197419,CON-RES-2023-7506,3,"KABIRU MOHAMMED SARKI"
15532,2,collision,34853,CON-RES-2005-171,3,"GALADIMA DAWAKI"
15532,2,collision,29330,CON-RES-1985-266,3,"ALHAJI ABDULLAHI ADAMU"
14695,2,collision,28483,RES-1993-441,2,"SA'IDU ALMU"
14695,2,collision,37004,CON-RES-1996-128,3,"MR. PAUL OKINESA"
18647,2,collision,23723,CON-RES-RC-1993-3,3,"ABDU ADO"
18647,2,collision,32452,CON-RES-1986-41,3,"KASIMU ABDULHAMID"
178238,2,legitimate-linked,196962,RES-2017-819,2,"SAGIR AHMAD MUHAMMAD"
178238,2,legitimate-linked,197015,KN3610,KANGIS,"SAGIR AHMAD MUHAMMAD"
149633,2,legitimate-linked,172929,COM-2023-47,1,"AMADU HALILU"
149633,2,legitimate-linked,172945,"MLKN 3830",KANGIS,"AMADU HALILU"
173604,2,legitimate-linked,193640,RES-1993-2734,2,"HAJIYA MARIYA SUNUSI DAN TATA"
173604,2,legitimate-linked,193668,"KNML 1407",KANGIS,"HAJIYA MARIYA SUNUSI DANTATA"
7192,2,collision,18146,CON-AG-1985-64,3,"ALASON BARKA FARMS LIMITED"
7192,2,collision,20879,CON-AG-1983-136,3,"ALHAJI ABBATI AHMED"
152635,2,legitimate-linked,176062,CON-IND-2023-17,3,"ALH BABBAN GIDA HASHIM"
152635,2,legitimate-linked,176078,KN4768,KANGIS,"ALH BABBAN GIDA HASHIM"
8752,2,collision,22451,CON-RES-1995-428,3,"ABBA AHMED GWADABE"
8752,2,collision,34897,CON-COM-2006-31,3,"ALHAJI DAN ASABE ABDULLAHI"
153232,2,legitimate-linked,177505,COM-2023-34,1,"XU XIAOMING"
153232,2,legitimate-linked,177541,KN3978,KANGIS,"XU XIAOMING"
147,2,collision,172279,"MLKN 353",KANGIS,"MUHAMMAD INUWA IBRAHIM"
147,2,collision,13802,RES-1992-151,2,"GHALI MUHAMMAD ISMA'IL"
12875,2,collision,32244,CON-RES-1987-1386,3,"ALHAJI AHMED LAMIN ABUBAKAR"
12875,2,collision,26647,RES-1982-2161,1,"MALLAM ABDU SHIKA"
13972,2,collision,27759,RES-1993-33,2,"SANUSI MUHAMMED"
13972,2,collision,36079,CON-RES-1991-69,3,"ALHAJI GARBA S. TAURA"
12540,2,collision,26246,CON-AG-1984-484,3,"IBRAHIM JAFARU, SADA JAFARU, SULE JAFARU & UMARU JAFARU"
12540,2,collision,29350,CON-RES-1985-661,3,"ALHAJI AMIN H HARUNA"
176634,2,legitimate-linked,195809,CON-RES-2018-356,3,"SHAMSUDDEEN IBRAHIM SHAWAI"
176634,2,legitimate-linked,195810,"KNML 7981",KANGIS,"SHAMSUDDEEN IBRAHIM SHAWAI"
67529,2,legitimate-linked,180369,RES-RC-1987-38,1,"HAJIYA AMINA RABIU"
67529,2,legitimate-linked,180377,"KNML 1489",KANGIS,"HAJIYA AMINA RABIU"
11435,2,legitimate-optot,23621,CON-RES-1982-289,3,"ALHAJI MANYA AHMED"
11435,2,legitimate-optot,25139,CON-RES-1982-1107,3,"MOHAMMED SALISU"
11727,2,collision,25431,CON-RES-1984-652,3,"ALHAJI YAHAYA ZANGINA"
11727,2,collision,35283,CON-RES-1982-779,3,"ADO SHEHU RINGIM"
37683,2,legitimate-linked,175162,RES-1991-7218,1,"MUHAMMAD HALIRU ABDULLAHI"
37683,2,legitimate-linked,175164,KN3838,KANGIS,"MUHAMMAD HALIRU ABDULLAHI"
13016,2,collision,26788,RES-1991-102,1,"JAMIL AHMAD SALIM"
13016,2,collision,33734,CON-RES-1987-337,3,"ALHAJI ABDUL RAFIU BALOGUN"
53131,2,legitimate-optot,197199,RES-2010-1515,2,"MICHEAL VINCENT"
53131,2,legitimate-optot,197214,"KNML 9180",KANGIS,"MICHEAL VINCENT"
145826,2,legitimate-linked,168805,COM-2023-43,1,"ALH MUHAMMAD ABUBAKAR"
145826,2,legitimate-linked,168822,KN5336,KANGIS,"ALH MUHAMMAD ABUBAKAR"
31277,2,legitimate-linked,181318,RES-1986-146,1,"ALI MOHAMMED ALI"
31277,2,legitimate-linked,181333,"KNML 2577",KANGIS,"ALI MOHAMMED ALI"
11295,2,collision,26008,CON-RES-1982-1503,3,"MOHAMMED HASSAN TILDE"
11295,2,collision,24999,CON-RES-1982-1449,3,"UMARU KABIRU MUSA"
7255,2,collision,18503,CON-AG-1987-29,3,"ALHAJI YAKUBU SANI"
7255,2,collision,20942,CON-RES-1994-788,3,"ALHAJI SANI HUSAINI MAGASHI"
150428,2,legitimate-optot,173738,RES-2020-530,2,"DR GAMBO"
150428,2,legitimate-optot,173739,KN3544,KANGIS,"DR GAMBO"
14076,2,collision,27863,RES-1993-628,2,"BASHIR A ALBASU"
14076,2,collision,36767,CON-RES-1992-434,3,"AHMED MOHAMMED HADEJIA"
48843,2,legitimate-optot,176319,RES-2002-2470,2,"AMNA IBRAHIM A OTHMAN"
48843,2,legitimate-optot,176320,KN3928,KANGIS,"AMNA IBRAHIM A OTHMAN"
13639,2,legitimate-optot,27413,RES-1990-2174,1,"ALH MUHAMMAD ZAKARI"
13639,2,legitimate-optot,24031,CON-RES-1989-442,3,"MUSTAPHA SULE BALARABE"
11861,2,collision,32003,CON-RES-1983-156,3,"AHMED A. ISYAKU"
11861,2,collision,25566,CON-RES-1993-623,3,"ALHAJI BELLO SULAIMAN ZOGARAWA"
2070,2,collision,171172,COM-2018-37,1,"PRINCE EMEKA ONYIDO"
2070,2,collision,171191,,1,"PRINCE EMEKA ONYIDO"
18018,2,collision,31822,CON-RES-1984-579,3,"MRS AISHATU ODATUWA"
18018,2,collision,19832,CON-RES-RC-1982-288,3,"ISA INUWA"
11011,2,collision,24715,CON-RES-1985-324,3,"ALHAJI IBRAHIM MOHAMMAD"
11011,2,collision,14997,CON-RES-1981-593,3,"ALHAJI  YAHAYA INUWA"
14054,2,collision,27841,RES-1993-518,2,"ALHAJI DOGO GARBA"
14054,2,collision,35773,CON-RES-1992-356,3,"YUSUF MOHAMMED DURBUNDE"
13607,2,collision,27381,RES-1990-2190,1,"ABUBAKAAR TURAWA YOLA"
13607,2,collision,35884,CON-RES-1989-345,3,"MR ARIHURICHARD C EZEONWURIE"
13404,2,collision,27178,RES-1991-387,1,"YUSUF MALANTA"
13404,2,collision,29906,CON-RES-1988-361,3,"ALH MUHAMMED ABDULLAHI"
58169,2,legitimate-linked,185337,RES-2018-2898,2,"SENATOR BELLO HAYATU GWARZO"
58169,2,legitimate-linked,185356,"KNGP 262",KANGIS,"SENATOR BELLO HAYATU GWARZO"
6864,2,collision,20548,RES-1982-1749,1,"GIDEON BOBO ANUMEGE"
6864,2,collision,19547,CON-AG-1981-71,3,"MUSA  MOHAMMED TOFA"
11753,2,collision,25457,CON-RES-1989-94,3,"ALHAJI JIBRIN SHAAIBU"
11753,2,collision,35291,CON-RES-1982-831,3,"ALHAJI USMAN GARBA"
42780,2,legitimate-linked,182526,RES-1994-2322,2,"ISMAILA USMAN"
42780,2,legitimate-linked,182527,"KNML 1949",KANGIS,"ISMAILA USMAN"
13080,2,collision,24474,CON-RES-1987-468,3,"MUHAMMAD KACHALLARI"
13080,2,collision,26853,RES-1991-170,1,"MAGAJIA DAMU"
18164,2,collision,20390,CON-RES-RC-1982-438,3,"ALHAJI AMINU ISYAKU"
18164,2,collision,31968,CON-RES-1982-1209,3,"MR AMOS IDOWU ODEYEMI"
6873,2,collision,20557,RES-1992-3231,2,"SAMAILA BARAU"
6873,2,collision,18933,CON-AG-1981-91,3,"ALHAJI ADO BABA"
12552,2,collision,26258,CON-RES-1986-57,3,"BALA AHMED BICHI"
12552,2,collision,26262,CON-RES-1986-100,3,"ALHAJI ABUBAKAR ALI"
9083,2,collision,35459,CON-COM-2009-322,3,"ALASAN AHMED &SONS LIMITED"
9083,2,collision,22784,CON-RES-1995-530,3,"NASIDI RABIU"
32033,2,legitimate-optot,181103,RES-1987-1506,1,"ABDURRAHMAN IBRAHIM"
32033,2,legitimate-optot,181115,"KNML 1960",KANGIS,"ABDURRAHMAN IBRAHIM"
12487,2,collision,30422,CON-RES-1985-536,3,"SULE ADAMA"
12487,2,collision,26193,CON-RES-1988-160,3,"ALHAJI MOHAMMADU PINDAR GABA"
11918,2,collision,25623,CON-RES-1984-635,3,"LABARAN DANJUMA"
11918,2,collision,23876,CON-RES-1983-278,3,"MUHAMMADU LAWAN"
8039,2,legitimate-optot,21733,CON-RES-RC-1982-130,3,"GULU POULTRY AND LIVE STOCK"
8039,2,legitimate-optot,15873,CON-COM-1987-117,3,"ALH GARBA SHANONO"
13161,2,collision,33877,CON-RES-1987-686,3,"ALHAJI ABDULRAHEEM OKE"
13161,2,collision,26934,RES-1991-267,1,"HAJIYA FATA GARBA"
11166,2,collision,24870,CON-RES-1986-398,3,"ALH ADO IBRAHIM"
11166,2,collision,24988,CON-RES-1982-1220,3,"MR EMMAUEL OGUGUA OBIKA"
14717,2,legitimate-optot,28505,RES-1993-1046,2,"SULE KAFINTA"
14717,2,legitimate-optot,36546,CON-RES-1996-195,3,"HAJIYA AISHATU ABBAS SUNUSI"
8208,2,collision,21905,CON-RES-2009-97,3,"MR. EJIFOR EKENE C"
8208,2,collision,33394,CON-COM-1992-79,3,"ALH UMARU DO"
151802,2,legitimate-optot,175042,RES-2020-540,2,"DR ABDULLAHI GAMBO"
151802,2,legitimate-optot,175044,KN3568,KANGIS,"DR ABDULLAHI GAMBO"
51491,2,legitimate-linked,183193,RES-2007-416,2,"BILKISU A LAMIDO"
51491,2,legitimate-linked,183290,"KNML 7165",KANGIS,"BILKISU AHMAD LAMIDO"
3482,2,collision,17154,RES-1982-507,1,"ADAMU BALA TALLE"
3482,2,collision,192542,COM-2010-304,1,"ALHAJI SANI ALI"
12840,2,collision,26612,RES-1982-2119,1,"MUSTAFHA IBRAHIM ABBA"
12840,2,collision,24540,CON-RES-1987-1271,3,"BASHIR GARBA"
7768,2,collision,15562,CON-COM-1982-205,3,"ALHAJI MOHAMMED ADAMU"
7768,2,collision,21459,RES-1992-4536,2,"MALAM TATIRI MADABO"
13334,2,collision,27108,RES-1982-2354,1,"JHONSON OLUTOKUNBO IFONLAJA"
13334,2,collision,29993,CON-RES-1988-170,3,"ALH MOHD AMARYAWA"
12624,2,collision,26330,CON-RES-1983-37,3,"ALHAJI SALUH TURAKI"
12624,2,collision,24868,CON-RES-1986-301,3,"ALH ABDU MAIKUDI MAIWAKE"
12431,2,collision,30784,CON-RES-1985-379,3,"MR SURAJO RAWAYAU"
12431,2,collision,26136,CON-RES-1989-479,3,"HAJIYA MAIRO MOHAMMED"
150926,2,legitimate-optot,174175,RES-2016-1536,2,"MUSTAFA MUSA ALI"
150926,2,legitimate-optot,174209,KN3862,KANGIS,"MUSTAFA MUSA ALI"
14602,2,collision,28389,RES-1992-7439,2,"HABIBU GARBA"
14602,2,collision,36908,CON-RES-1995-3,3,"ALHAJI SHEHU NA KWARAI"
13037,2,collision,30497,CON-RES-1987-370,3,"HAJIYA (MRS) HALIMA H UMAR"
13037,2,collision,26809,RES-1991-124,1,"SHU`AIBU IBRAHIM"
14791,2,collision,28581,RES-1993-1355,2,"TAFIDA NAINNA DANBATTA"
14791,2,collision,36848,CON-RES-1997-167,3,"ALHAJI HAMISU MUSA"
13690,2,collision,27466,RES-1990-4449,1,"DAN LADI ISA LITI MOHAMMED"
13690,2,collision,23988,CON-RES-1989-78,3,"ALH. ZUBAIRU RABIU"
14081,2,legitimate-optot,27868,RES-1993-636,2,"ASHA INTERNATIONAL MODEL SCHOOL"
14081,2,legitimate-optot,34575,CON-RES-1992-458,3,"HASSAN M YAHAYA"
7209,2,collision,20896,CON-AG-1983-101,3,"YUSUF MOHAMMED DURBUNDE"
7209,2,collision,20113,CON-AG-1986-14,3,"NURUDEEN M GASHASH"
153958,2,legitimate-linked,178298,RES-1998-231,2,"YUSIF DIKKO"
153958,2,legitimate-linked,178374,"KNML 1241",KANGIS,"YUSUF DIKKO"
10988,2,collision,14465,CON-RES-1981-550,3,"ALHAJI RABIU MAIBURODI"
10988,2,collision,24692,CON-RES-1985-52,3,"MAITAMA LAWAL"
57514,2,legitimate-linked,175086,RES-2017-1502,2,"NAMAMU ADAMU"
57514,2,legitimate-linked,175101,KN3651,KANGIS,"NAMAMU ADAMU"
11130,2,collision,24834,CON-RES-1986-217,3,"MAHMOUD ALH. KOGUNA"
11130,2,collision,34467,CON-RES-1982-1151,3,"ALHAJI MOHAMMED RAJI OLA"
11142,2,collision,24846,CON-RES-1986-230,3,"ALHAJI SHEHU MAIGARI"
11142,2,collision,29665,CON-RES-1982-1181,3,"DR. FATI MALA ZANNA"
15479,2,collision,34616,CON-RES-2004-377,3,"KANO ELECTRICITY DISTRIBUTION"
15479,2,collision,29277,CON-RES-1985-296,3,"ALHAJI MUSA ABUBAKAR SHEKA"
11534,2,collision,25238,CON-RES-1983-554,3,"ALHAJI  WADA DINKIN MAI IYALI"
11534,2,collision,23610,CON-RES-1982-448,3,"ABDULLAHI ALIYU SUMAILA"
11826,2,collision,25531,CON-RES-1999-299,3,"HAUWA AHMED DAN, IYA AMARYAWA"
11826,2,collision,31644,CON-RES-1982-975,3,"ALHAJI MUSA MAILAFIYA"
7202,2,collision,20889,CON-AG-1983-184,3,"CHIEF J.O MRAKPOR"
7202,2,collision,30554,CON-AG-1986-110,3,"ALHAJI GARBA S/AIKI BURUM BURUM"
6940,2,collision,16763,CON-AG-1982-232,3,"ABDULRA'UF HALLOWI"
6940,2,collision,20624,RES-1992-3186,2,"ADO ABDU"
14722,2,collision,36645,CON-RES-1996-208,3,"ALHAJI KABIRU YARO"
14722,2,collision,28510,RES-1993-956,2,"ALHAJI MOHD ABDULLAHI"
151655,2,legitimate-linked,174871,CON-RES-2017-4,3,"IBRAHIM ABDULKARIM ADAMU"
151655,2,legitimate-linked,174886,KN5321,KANGIS,"IBRAHIM ABDULKARIM ADAMU"
31438,2,legitimate-linked,186504,RES-1986-2193,1,"ALHAJI ALI MUHAMMED"
31438,2,legitimate-linked,186531,"KNML 265",KANGIS,"ISMAIL YUSUF MUHAMMED"
13804,2,collision,17776,CON-RES-1990-476,3,"ALHAJI SANI DAHIRU"
13804,2,collision,27581,RES-1991-660,1,"GARBA ISYAKU"
15570,2,collision,34804,CON-RES-2005-253,3,"ABDURRAHAMAN MURTALA"
15570,2,collision,29368,CON-RES-1987-880,3,"THE APOSTOLIC CHURCH"
12387,2,collision,25700,CON-RES-1985-255,3,"ALHAJI GWADABE WUDILAWA"
12387,2,collision,26092,CON-RES-1989-261,3,"USMAN IBRAHIM"
17841,2,collision,34543,CON-RES-RC-1981-87,3,"ALHAJI MADU GAMBO"
17841,2,collision,31645,CON-RES-1982-965,3,"ALHAJI MUSA SHEHU GWARZO"
7313,2,collision,21000,RES-1992-3506,2,"MAAZU ABUBAKAR"
7313,2,collision,18875,CON-AG-1989-114,3,"HALLIRU AKILU COL"
29588,2,legitimate-linked,184298,RES-1983-1174,1,"SA'IDU IBRAHIM"
29588,2,legitimate-linked,184321,"KNML 1727",KANGIS,"RUFA'I MAI YAKI ABDULMALIK"
13359,2,collision,27133,RES-1991-323,1,"GARBA SABO ABDULLAHI"
13359,2,collision,24354,CON-RES-1988-24,3,"MALLAM BASHIR NASIDI"
54529,2,legitimate-linked,177524,"MLKN 3095_2",KANGIS,"MUDATEX MUDASSIR & BROTHERS"
54529,2,legitimate-linked,177549,RES-2014-2831,2,"MUDATEX MUDASSIR & BROTHERS"
11765,2,collision,24956,CON-RES-1982-848,3,"ALHAJI SALISU USMAN"
11765,2,collision,25469,CON-RES-1989-67,3,"ALHAJI HARUNA MOHAMMED"
11603,2,collision,25307,CON-RES-1984-371,3,"MR. DAMIJO OFFOR"
11603,2,collision,35276,CON-RES-1982-552,3,"HAMZA UMAR HADEJA"
10901,2,collision,24605,CON-RES-1987-216,3,"CORNELIUS ABAYOMI ADETULA"
10901,2,collision,19159,CON-RES-1981-376,3,"ALHAJI UMARU KAFINTA"
17418,2,collision,31221,CON-RES-1995-281,3,"ALHAJI ADO SANI KIBIYA"
17418,2,collision,185173,KN5383,KANGIS,"MURTALA ABDULLAHI JEGA"
10395,2,collision,32536,CON-IND-1981-7,3,"YATI LEATHERS (NIGERIA) LIMITED"
10395,2,collision,24098,CON-RES-1983-550,3,"ABDULAZIZ UMARU DIKKO"
147469,2,legitimate-linked,170540,KN4666,KANGIS,"MR OLINYA SAMUEL"
147469,2,legitimate-linked,170541,CON-COM-2023-599,3,"MR OLINYA SAMUEL"
12652,2,collision,26300,CON-RES-1986-36,3,"ALHAJI AUDU FAGWALAWA"
12652,2,collision,26358,CON-RES-1983-187,3,"ALHAJI IRO RIJIYAR LEMO"
5362,2,collision,173327,COM-2023-489,1,"YUSUF SHU'AIBU DANGUGUWA"
5362,2,collision,19039,RES-1992-6783,2,"HAJIYA YARINYA AMINU"
7915,2,legitimate-linked,194581,CON-COM-2021-439,3,"ADVANCE LINK PETROLEUM"
7915,2,legitimate-linked,194596,KN4124,KANGIS,"ADVANCE LINK PETROLEUM LTD"
11423,2,collision,25127,CON-RES-1982-1553,3,"BASHARI ISA SHIRAWA"
11423,2,collision,21702,CON-RES-1982-265,3,"ALHAJI ILIASU MUSA ILIASU"
172899,2,legitimate-optot,193209,RES-2021-1224,2,"IBRAHIM BALA"
172899,2,legitimate-optot,193214,KN2366,KANGIS,"ABDULLAHI SANI USMAN"
7410,2,collision,21101,CON-RES-1995-406,3,"ALHAJI BUHARI MOHAMMED"
7410,2,collision,22691,CON-AG-1996-1,3,"ALHAJI MUHAMMAD NALADO"
12023,2,collision,25728,CON-COM-1995-107,3,"ALHAJI SHU'AIBU SULEIMAN KABO"
12023,2,collision,25016,CON-RES-1983-568,3,"ALH GARBA MOHAMMED"
115309,2,legitimate-linked,168296,RES-2021-2747,2,"MUKHTAR ABDULHAMID"
115309,2,legitimate-linked,168317,"KNGP 348",KANGIS,"MUKHTAR ABDULHAMID"
4785,2,legitimate-linked,175155,COM-2024-726,1,"SHARIF USMAN HASSAN"
4785,2,legitimate-linked,175159,KN3983,KANGIS,"SHARIF USMAN HASSAN"
12152,2,collision,25857,CON-AG-1985-175,3,"ALHAJI MUSA MAMMADA"
12152,2,collision,30753,CON-RES-1984-147,3,"ALHAJI AUWALU MUHAMMADU RASHIDU"
48172,2,legitimate-linked,194833,RES-2001-3726,2,"AHMAD AMINU AHLI"
48172,2,legitimate-linked,194876,"KNML 1561",KANGIS,"AHMAD AMINU AHLI"
14291,2,collision,36531,CON-RES-1993-538,3,"VICTORIA YETUNDE MARIA OSHUN"
14291,2,collision,28078,RES-1993-1639,2,"HALIMA KAWU/HANSATU KAWU/AMINA SANI"
12544,2,collision,26250,CON-RES-1986-65,3,"SHEHU NOHAMMED"
12544,2,collision,24699,CON-RES-1985-79,3,"ABBA UWAISU MOHAMMED"
15373,2,collision,29171,RES-1993-3564,2,"SIDI MUHAMMAD ABBA"
15373,2,collision,32869,CON-RES-2003-85,3,"AMINU MUSA BABA"
17441,2,collision,185513,KN5457,KANGIS,"MURTALA ABDULLAHI JEGA"
17441,2,collision,31244,CON-RES-1995-467,3,"ALHAJI SANINSHA'AIBU"
10612,2,collision,172823,CON-IND-2023-54,3,"JAMILU MUHAMMAD DAHIRU"
10612,2,collision,24315,CON-RES-1988-45,3,"ALHAJI DANWAWU YANDOYA"
8458,2,collision,15588,CON-COM-2000-20,3,"YONGXING STEEL COMPANY LIMITED"
8458,2,collision,22157,RES-1992-6088,2,"YUSUF MOHAMMED LABARAN"
16587,2,collision,30387,CON-RES-1986-82,3,"IKENNA OSUAGWU"
16587,2,collision,33899,CON-RES-2014-162,3,"RUQAYYA INTEGRATED FARMS LTD"
8304,2,collision,31302,CON-COM-1995-20,3,"DALHATU SABO INUWA"
8304,2,collision,22003,RES-1992-5824,2,"AHAMADU SALISU"
18185,2,collision,18922,CON-RES-RC-1982-46,3,"ALHAJI IDI SHA'AIBU"
18185,2,collision,31989,CON-RES-1982-1368,3,"ALHAJI DAUDA GARBA"
11637,2,collision,25341,CON-RES-1984-362,3,"ALHAJI NURADEEN AHMED LIMAN"
11637,2,collision,23348,CON-RES-1982-601,3,"ALHAJI SARKI BALA"
12263,2,legitimate-optot,25968,CON-RES-1982-419,3,"ALHAJI (CHIEF) Z. TOKURAH"
12263,2,legitimate-optot,23419,CON-RES-1984-521,3,"ALHAJI BABALLE ILLA"
11868,2,collision,25573,CON-RES-1993-200,3,"MUSA KAKKADU ALIYU"
11868,2,collision,35238,CON-RES-1983-17,3,"ALHAJI ISA GAMA"
8018,2,collision,21712,CON-RES-1982-306,3,"ALHAJI MOHD SANI JIBRIN"
8018,2,collision,30363,CON-COM-1986-59,3,"HAJIYA IYABO YAHAYA SANI"
14589,2,collision,28376,RES-1992-7392,2,"ALHAJI IBRAHIM MOHD BA'U / SANI NAFI'U"
14589,2,collision,31206,CON-RES-1995-257,3,"ALH. SALISU USMAN"
12489,2,collision,26195,CON-RES-1988-603,3,"ALHAJI MUHAMADU AYUBA"
12489,2,collision,30443,CON-RES-1985-538,3,"ALHAJI USMAN GABASAWA"
11782,2,collision,25486,CON-RES-1989-427,3,"ABDULGANIYU ABOLADE"
11782,2,collision,23540,CON-RES-1982-880,3,"HAMZA ABUBAKAR SAKWA"
146175,2,legitimate-linked,169200,CON-RES-2024-72,3,"AMINU SANI KABARA"
146175,2,legitimate-linked,169220,KN5320,KANGIS,"AMINU SANI KABARA"
8706,2,collision,32812,CON-COM-2005-62,3,"ANWARUL ISLAM SCHOOL YALWA"
8706,2,collision,22405,RES-1992-6427,2,"ALHAJI ISA T/NUFAWA"
14782,2,collision,28572,RES-1993-1329,2,"UMAR SHARTA"
14782,2,collision,36658,CON-RES-1997-136,3,"ALHAJI MUHTARI NAGUDU"
12089,2,legitimate-optot,25794,CON-IND-1981-14,3,"ALMINNUR RESOURCES LIMITEDOF UMUENZE HOUSE"
12089,2,legitimate-optot,23843,CON-RES-1983-781,3,"BASHIR M. SALIHU"
14374,2,collision,28161,RES-1993-2130,2,"M UMARU MOHD"
14374,2,collision,29847,CON-RES-1994-270,3,"ALHAJI HAMIDU MAIWAKE"
15483,2,collision,29281,CON-RES-1985-404,3,"ALHAJI KABIRU ILIYASU"
15483,2,collision,34618,CON-RES-2004-388,3,"ALHAJI IDRIS NADABO CHIROMAWA"
12035,2,collision,25740,CON-RES-1989-183,3,"ALHAJI DAHIRU IDI"
12035,2,collision,35249,CON-RES-1983-601,3,"ALHAJI MOHAMMED KAZAURE"
149918,2,legitimate-linked,173245,CON-IND-2022-3,3,"ANDO RICE MILL NIGERIA LIMITED."
149918,2,legitimate-linked,173316,"MLKN 3569",KANGIS,"ANDO RICE MILL NIGERIA LIMITED."
11053,2,collision,24757,CON-RES-1985-494,3,"MAHMUD ISHAKA"
11053,2,collision,14992,CON-RES-1981-97,3,"ALH SULEIMAN IBRAHIM"
13811,2,collision,27588,RES-1991-667,1,"NASIRU BASHIR"
13811,2,collision,30020,CON-RES-1990-57,3,"JAZULI GARBA"
7390,2,collision,20907,CON-AG-1995-10,3,"ALHAJI ABDULLAHI SARKI IBRAHIM (MAKAMAN KANO)"
7390,2,collision,21080,CON-RES-1995-413,3,"TIJJANI SANI"
101292,2,legitimate-linked,169542,CON-IND-2023-12,3,"ROBUST INTERNATIONAL COMMODITIES"
101292,2,legitimate-linked,169548,"MLKN 3892",KANGIS,"ROBUST INTERNATIONAL COMMODITIES"
12974,2,collision,30501,CON-RES-1987-243,3,"ALHAJI RABIU DANHAYA"
12974,2,collision,26746,RES-1991-38,1,"BABAYE ABDULLAHI"
18383,2,collision,32187,CON-RES-1987-290,3,"ALHAJI SAFIYANU MADUGU & SONS LTD"
18383,2,collision,20905,CON-RES-RC-1982-666,3,"ALHAJI ABDU KABUGA"
12209,2,collision,26217,CON-RES-1984-336,3,"ZATCO INDUTRIES NIG LTD"
12209,2,collision,25914,CON-RES-1988-622,3,"SULE ALIYU"
9076,2,collision,35461,CON-COM-2009-304,3,"ALHAJI BASHIR UMAR JEGA"
9076,2,collision,22777,CON-RES-1995-644,3,"USMAN ALKALI BIU"
12354,2,collision,26059,CON-AG-1982-320,3,"ALHAJI HARO ABDULLAHI"
12354,2,collision,34482,CON-RES-1985-148,3,"AMINA YETUNDE OSUNSADE"
11859,2,collision,25564,CON-RES-1991-336,3,"ALHAJI LABARAN GARBA ADAMU"
11859,2,collision,32035,CON-RES-1983-152,3,"ALHAJI SABIU TANKO"
11192,2,collision,24896,CON-RES-1983-662,3,"MRS MARIA OMORONI UKUSARE"
11192,2,collision,22330,CON-RES-1982-1286,3,"ALHAJI RABIU ABUBAKAR BABURA"
49547,2,legitimate-linked,195730,RES-2022-1608,2,"ALH ALI NUHU INDABO"
49547,2,legitimate-linked,195751,"KNML 9857",,"ALH ALI NUHU INDABO"
14402,2,collision,28189,RES-1993-2217,2,"ALHAJI USMAN IBRAHIM"
14402,2,collision,31450,CON-RES-1994-323,3,"ALHAJI SABO LAWAN KABARA"
17895,2,collision,19819,CON-RES-RC-1982-129,3,"NAZAR & FAUZIYA ZABATT CO LIMITED"
17895,2,collision,31699,CON-RES-1986-32,3,"NASIRU M. ZUBAIRU"
11863,2,collision,25568,CON-RES-1993-617,3,"ALHAJI ISA MUSA"
11863,2,collision,24394,CON-RES-1983-160,3,"ALHAJI  AHMED ADAMU"
24062,2,collision,47030,CON-RES-2000-169,3,"ISA USMAN INUSA"
24062,2,collision,47079,CON-RES-1999-383,3,"ALH HARISU ALI DANJA"
13048,2,collision,30855,CON-RES-1987-391,3,"ZETEX (NIG) LTD"
13048,2,collision,26820,RES-1991-130,1,"NASIDI USMAN YALWA"
17535,2,legitimate-linked,191916,KN5172,,"MURTALA ABDULLAHI JEGA"
17535,2,legitimate-linked,31338,CON-RES-1995-483,3,"ALHAJI MAHMOUD ABUBAKAR LIMAN"
17551,2,legitimate-linked,31354,CON-RES-1995-566,3,"DR. ABDU GARBA"
17551,2,legitimate-linked,186494,KN5159,KANGIS,"MURTALA ABDULLAHI JEGA"
17776,2,collision,31580,CON-RES-2004-147,3,"ALHAJI ALIYU MOHAMMED HADEJIA"
17776,2,collision,16765,CON-RES-RC-1981-161,3,"BUHARI PROPERTIES & INVESTMENT LTD"
6934,2,collision,20618,RES-1992-3180,2,"HAJIYA SABUWA SHITU"
6934,2,collision,16715,CON-AG-1982-218,3,"ANTHONY ABDULLAHI MOUKHTAR"
10979,2,collision,24683,CON-RES-1983-878,3,"NATHANIEL AYEDOLE FALAKE"
10979,2,collision,14472,CON-RES-1981-538,3,"ALHAJI MUHAMMADU KOFAR MATA"
7160,2,collision,18289,CON-AG-1984-49,3,"DR. IBRAHIM AYAGI & ALIYU I. DANBATTA"
7160,2,collision,20847,RES-1992-3276,2,"ADAMU YAU KUKA"
11783,2,collision,25487,CON-RES-1989-403,3,"HAJIA RAMATU MAGAMI"
11783,2,collision,34237,CON-RES-1982-888,3,"ALHAJI SANI BALA DUKAWUYA"
15330,2,collision,32926,CON-RES-2003-187,3,"ABDULKADIR, AMINA AND FIVE OTHERS"
15330,2,collision,29128,RES-1993-3505,2,"HARUNA YAHAYA"
145196,2,legitimate-linked,168089,RES-2011-3317,2,"ALH SULEIMAN SANI"
145196,2,legitimate-linked,168118,KN913,KANGIS,"ALH SULEIMAN SANI"
12980,2,collision,30936,CON-RES-1987-250,3,"ALHAJI HAMISU DALHATU"
12980,2,collision,26752,RES-1991-33,1,"ALH. BABAN YALO"
13845,2,collision,27623,RES-1991-702,1,"ABBA UMAR GUMEL"
13845,2,collision,35656,CON-RES-1991-174,3,"ALHAJI IDRIS ALHASSAN GATAWA"
10981,2,collision,14460,CON-RES-1981-541,3,"ALHAJI UMARU HUSSAINI"
10981,2,collision,24685,CON-RES-1983-881,3,"ALHAJI SANUSI DANTATA"
15105,2,collision,47036,CON-RES-2000-162,3,"ALHAJI IBRAHIM BAKO"
15105,2,collision,28900,RES-1993-3139,2,"UWANI TALLE"
14741,2,collision,36809,CON-RES-1996-288,3,"SIDI ABDULKARIM DALHATU"
14741,2,collision,28529,RES-1993-1132,2,"IBRAHIM JIBRIN"
161301,2,legitimate-linked,184751,RES-2000-2706,2,"HADIZA ABUBAKAR"
161301,2,legitimate-linked,184752,"KNML 1910",KANGIS,"MAGAJI LADAN KIRI"
7245,2,collision,20932,CON-RES-1993-557,3,"MUSA SADIQ ABUBAKAR"
7245,2,collision,20649,CON-AG-1987-102,3,"MUHAMMED INUWA USMAN"
12602,2,collision,26298,CON-RES-1986-24,3,"IBADAN DECENDANT UNION"
12602,2,collision,26308,CON-RES-1986-143,3,"ALHAJI MOHAMMED UMARE"
13127,2,collision,26900,RES-1991-226,1,"ABDULKADIR ALI"
13127,2,collision,32277,CON-RES-1987-601,3,"MR BASIL CHUKWUMAREZE"
251,2,collision,19519,AG-RC-1982-61,1,"ALHAJI AHMED A. BAHAGO"
251,2,collision,13906,CON-COM-1982-90,3,"ALHAJI DAN INU GARBA"
7909,2,collision,174347,CON-COM-1984-108,3,"UMAR ADAMU YARO"
7909,2,collision,21601,RES-1992-4686,2,"YUSUFU ALHAJI MUDI BAJA"
14432,2,collision,28219,RES-1993-2757,2,"MUSA MUHAMMED"
14432,2,collision,31459,CON-RES-1994-355,3,"ALHAJI SABO LAWAN KABARA"
11739,2,collision,32044,CON-RES-1982-800,3,"IBRAHIM ISA DANSARE"
11739,2,collision,25443,CON-RES-1989-314,3,"ALHAJI YARO GAMBO"
10831,2,collision,24535,CON-RES-1987-448,3,"HAJIYA JUMMAI LAWAN"
10831,2,collision,15859,CON-RES-1981-274,3,"ALHAJI HAMISU MUSA"
15315,2,collision,32879,CON-RES-2003-131,3,"ALHAJI ZUBAIRU ADAMU"
15315,2,collision,29113,RES-1993-3405,2,"UMARU MAMUDA SHEKA"
18107,2,collision,31911,CON-RES-1985-71,3,"SURAJO ABDU YUSUF"
18107,2,collision,47466,CON-RES-RC-1982-381,3,"ALHAJI HARUNA TAHIR"
171069,2,legitimate-linked,191780,RES-2002-4719,2,"MOHAMMED ALIYU AND 3 OTHERS"
171069,2,legitimate-linked,191786,"KNML 2415",KANGIS,"NAZAFI SULEIMAN"
17549,2,legitimate-linked,31352,CON-RES-1995-563,3,"HAJIYA ZUWAIRA HABIB DABA"
17549,2,legitimate-linked,188022,KN5161,KANGIS,"MURTALA ABDULLAHI JEGA"
14158,2,collision,35874,CON-RES-1992-678,3,"ALH ISMAILA ABDULLAHI"
14158,2,collision,27945,RES-1993-813,2,"ALH SALE JIBRIN"
6895,2,legitimate-linked,20579,RES-1992-3137,2,"MAIRO ADAMU"
6895,2,legitimate-linked,25984,CON-AG-1982-136,3,"ALHAJI ADO BAITA DANMADANHO"
62200,2,legitimate-linked,189275,RES-2023-751,2,"MUHAMMAD ISYAKU"
62200,2,legitimate-linked,189289,KN3925,KANGIS,"MUHAMMAD ISYAKU"
17760,2,collision,31564,CON-COM-2004-62,3,"ALHAJI SALE NAMAGAJI"
17760,2,collision,19789,CON-RES-RC-1981-144,3,"ALHAJI ABDULKARIM ALHAJI USMAN"
14156,2,collision,27943,RES-1993-810,2,"ALH BABA DANSADI"
14156,2,collision,36782,CON-RES-1992-654,3,"LT JAMILU MUHTAR"
8277,2,collision,21976,RES-1992-5798,2,"MOHAMMED USMAN JIBRUN"
8277,2,collision,31533,CON-COM-1994-35,3,"ALHAJI AUWALU ABDU"
14559,2,collision,28346,RES-1992-7339,2,"YAHAYA LAWAN / MUNZALI MAGAWATA"
14559,2,collision,33244,CON-RES-1995-160,3,"ALHAJI SHAFI'U MOHAMMED GARO"
17583,2,legitimate-linked,31386,CON-RES-1997-155,3,"TIJJANI SABIU RABIU"
17583,2,legitimate-linked,189329,KN4611,KANGIS,"MURTALA ABDULLAHI JEGA"
16239,2,collision,30038,CON-RES-1990-91,3,"ALHAJI DALHATU ABDULLAHI"
16239,2,collision,21921,CON-RES-2009-789,3,"ALHAJI RABIU MUHAMMED GWARZO"
161120,2,legitimate-linked,184561,SLTR-112129,SLTR,"RHEMCHI GLOBAL RESOURCES LTD"
161120,2,legitimate-linked,184576,KN5505,KANGIS,"RHEMCHI GLOBAL RESOURCES LTD"
6999,2,collision,18312,CON-AG-1982-408,3,"ALHAJI BALA USMAN"
6999,2,collision,20683,CON-RES-1995-390,3,"ALH. KABIRU YAHAYA"
19081,2,collision,181440,"MLKN 2769",KANGIS,"KURA BROTHERS NIG. LTD"
19081,2,collision,32886,CON-RES-2003-128,3,"DR. MOHAMMED DUHU"
17457,2,collision,184215,KN5384,KANGIS,"MURTALA ABDULLAHI JEGA"
17457,2,collision,31260,CON-RES-1995-493,3,"MR. RUFUS E. CHIBUEZE"
57618,2,legitimate-optot,182884,RES-2017-743,2,"AHMAD SALISU BEBEJI"
57618,2,legitimate-optot,182900,"KNML 8450",KANGIS,"AHMAD SALISU BEBEJI"
18247,2,collision,30629,CON-RES-RC-1982-521,3,"ALHAJI BELLO RADDA"
18247,2,collision,32051,CON-RES-1982-806,3,"HAMID RAGEH HASHIM"
14265,2,collision,28052,RES-1992-1599,2,"ALH LAWAN MOHAMMED WARURE"
14265,2,collision,36900,CON-RES-1993-438,3,"ALHAJI ISMAILA IBAHIM"
173908,2,legitimate-linked,193855,CON-RES-2011-2179,3,"SULAIMAN ALIYU MUHAMMAD"
173908,2,legitimate-linked,193856,"KNML 528",KANGIS,"SULAIMAN ALIYU MUHAMMAD"
8042,2,legitimate-optot,15870,CON-COM-1987-127,3,"ALHAJI HAMISU BICHI"
8042,2,legitimate-optot,21736,CON-RES-RC-1982-574,3,"ALHAJI MANSUR ALI"
12554,2,collision,26260,CON-RES-1986-55,3,"ALHAJI ABDU USMAN"
12554,2,collision,26310,CON-RES-1986-103,3,"ALHAJI SA'ADU ABDULLAHI"
11447,2,collision,35269,CON-RES-1982-301,3,"ALHAJI BARAU SUNDU MAI SUGAR"
11447,2,collision,25151,CON-RES-1982-722,3,"ALHAJI YAHAYA POTISKUM"
12178,2,collision,25883,CON-RES-1988-458,3,"HAUWA TIJJANI FULANI"
12178,2,collision,29223,CON-RES-1984-233,3,"AISHATU I ISMAIL"
11386,2,collision,25090,CON-AG-1984-28,3,"ALHAJI YUSUFU IBRAHIM"
11386,2,collision,31058,CON-RES-1982-212,3,"ALH. BALA ABDU"
11949,2,collision,32106,CON-RES-1983-360,3,"CELESTIAL CHURCH AND CHRIST"
11949,2,collision,25654,CON-RES-1985-585,3,"MUHAMMADU AUWALU"
10042,2,legitimate-linked,175444,CON-COM-2022-495,3,"MRS EBELE KATE DILINYELINE"
10042,2,legitimate-linked,171619,KN4694,KANGIS,"MRS EBELE KATE DILINYELIBE"
13040,2,collision,26812,RES-1991-128,1,"NASIDI USMAN YALWA"
13040,2,collision,24546,CON-RES-1987-38,3,"ALHAJI MOHAMMED KADUNA"
13976,2,collision,27763,RES-1993-52,2,"ALASAN A JOEL"
13976,2,collision,36081,CON-RES-1991-81,3,"ALHAJI SHAFI`U & SONS"
2773,2,collision,16443,CON-AG-1982-269,3,"ALHAJI SAIDU ALHASAN"
2773,2,collision,171681,COM-2004-75,1,"CHINIGE TECH. SERVICE LTD"
177188,2,legitimate-linked,196567,CON-AG-2020-44,3,"ABDULLAHI SANI MUAZU"
177188,2,legitimate-linked,196594,"MLKN 4442",KANGIS,"ABDULLAHI SANI MUAZU"
13116,2,collision,30818,CON-RES-1987-559,3,"MR CLETUS EMENEKE"
13116,2,collision,26889,RES-1991-211,1,"ALH. RABI`U ABDULLAHI"
12645,2,collision,26281,CON-RES-1986-350,3,"ALHAJI SAIDU MUHAMMAD"
12645,2,collision,26351,CON-RES-1983-805,3,"ALHAJI ZAKARI GAMBO"
10735,2,collision,14233,CON-RES-1981-105,3,"DR PATRICK IKHENA"
10735,2,collision,24438,CON-RES-1987-756,3,"ALHAJI BABAN GWARI SANI"
7139,2,legitimate-optot,20826,RES-1992-3223,2,"ALH SADIQ HUDU"
7139,2,legitimate-optot,16454,CON-AG-1984-152,3,"ALHAJI SANI KABARA"
16086,2,collision,22131,CON-RES-2009-221,3,"ABBA HASSAN"
16086,2,collision,29885,CON-RES-1994-643,3,"ALHAJI HAMISU ABDUL-SALAM"
15521,2,collision,34815,CON-RES-2005-140,3,"ALHAJI GUDA ABDULAZEEZ YAKASAI"
15521,2,collision,29319,CON-RES-1985-406,3,"ALHAJI HARUNA IBRAHIM"
18610,2,legitimate-optot,25723,CON-RES-RC-1986-22,3,"ALHAJI UMARU PITI SHESHE"
18610,2,legitimate-optot,32415,CON-RES-RC-1982-83,3,"MR JAMES E.I ABBAH"
11063,2,collision,190725,CON-RES-1982-101,3,"ALHAJI ALI DAN ZARIA"
11063,2,collision,24767,CON-RES-1985-574,3,"ALHAJI ABDU UMARU"
60837,2,legitimate-optot,173687,RES-2021-3523,2,"ALHAJI TIJJANI UMAR MUSA"
60837,2,legitimate-optot,173694,KN4328,KANGIS,"ALHAJI TIJJANI UMAR MUSA"
12235,2,legitimate-optot,26230,CON-RES-1984-453,3,"MALLAM ADAMU MUSA"
12235,2,legitimate-optot,25940,CON-RES-1982-708,3,"MH GANO PETROLEUM (NIG) LTD"
11797,2,collision,31070,CON-RES-1982-913,3,"ALHAJI IBRAHIM HABIBU"
11797,2,collision,25501,CON-RES-1999-330,3,"PROF. USMAN HASSAN"
14573,2,collision,21075,CON-RES-1995-2,3,"IBRAHIM HASHIM"
14573,2,collision,28360,RES-1992-7367,2,"DAUDA MAMUDA"
54592,2,legitimate-linked,181240,RES-2014-88,2,"MUHAMMAD BALARABE YUSIF"
54592,2,legitimate-linked,181255,"KNML 1967",KANGIS,"MUHAMMAD BALARABE YUSUF"
42095,2,legitimate-linked,198895,RES-1993-7024,2,"SABI'U MALLAM"
42095,2,legitimate-linked,198914,"KNML 6016",KANGIS,"USMAN BAITU UBA WARU"
13423,2,collision,33297,CON-RES-1988-402,3,"MUSTAPHA ALIYU ABUBAKAR"
13423,2,collision,27197,RES-1991-409,1,"HAMZA ALH ABDULLAHI"
13519,2,legitimate-optot,27293,RES-1991-535,1,"ALH ALHASSAN A.S. DANTATA"
13519,2,legitimate-optot,24345,CON-RES-1988-8,3,"ADO BALA TALLE"
13288,2,collision,27061,RES-1982-2258,1,"ALHAJI USMAN SHUAIBU"
13288,2,collision,29364,CON-RES-1987-968,3,"ALHAJI SALISU GULE"
17477,2,collision,31280,CON-COM-1995-58,3,"ABDULLAHI LAWAL ADARAYE"
17477,2,collision,185276,KN5374,KANGIS,"MURTALA ABDULLAHI JEGA"
13156,2,collision,24574,CON-RES-1987-674,3,"ALHAJI MOHAMMED NA MAI DOKI"
13156,2,collision,26929,RES-1991-262,1,"MARYAM ADUNNI EBUE (MRS)"
15847,2,collision,47348,CON-RES-2007-479,3,"ALHAJI KASSIM UMAR"
15847,2,collision,29646,CON-RES-1982-814,3,"ALHAJI USMAN MAMAU SAUNA"
13986,2,collision,46912,CON-RES-1992-116,3,"ALH SHARIF UBA SALIHU"
13986,2,collision,27773,RES-1993-88,2,"ISYAKU HASSAN"
17940,2,collision,31744,CON-COM-1984-177,3,"ALHAJI HALLURU JIBRIN GAMA"
17940,2,collision,19755,CON-RES-RC-1982-166,3,"ALHAJI ABDU AKWA"
176028,2,legitimate-linked,195249,CON-IND-2022-53,3,"ABUBAKAR AHMED ZIMIT"
176028,2,legitimate-linked,195268,"MLKN 4465",KANGIS,"ABUBAKAR AHMED ZIMIT"
10406,2,collision,25948,CON-IND-1982-18,3,"AINA A. A. (ABEL)"
10406,2,collision,24109,CON-RES-1983-216,3,"HAJIYA RABI ABUBAKAR"
17602,2,collision,181943,KN5150,KANGIS,"MURTALA ABDULLAHI JEGA"
17602,2,collision,31405,CON-RES-1997-198,3,"SA'AD ASAD MOHAMMED"
16236,2,collision,30035,CON-RES-1990-81,3,"MALAM SANI ILIYASU"
16236,2,collision,22130,CON-RES-2009-774,3,"SUNUSI ALKASIM"
174434,2,legitimate-linked,194197,CON-RES-2001-300,3,"ALH HAMISU MUSA"
174434,2,legitimate-linked,194199,"KNML 546",KANGIS,"ALH HAMISU MUSA"
155981,2,legitimate-linked,180303,RES-2000-3428,2,"MUSA BABA GUMAWA"
155981,2,legitimate-linked,180368,"KNML 1202",KANGIS,"MUSA BABA GUMAWA"
11048,2,collision,24752,CON-RES-1985-470,3,"ALHAJI KABIRU ABDULLAHI"
11048,2,collision,14962,CON-RES-1981-91,3,"JONATHAN O  AJAYI"
7408,2,collision,21099,CON-RES-1995-404,3,"DR HABIBU AHMED BABA"
7408,2,collision,16167,CON-AG-1995-98,3,"M.ALMU BELLO"
7952,2,collision,29573,CON-COM-1984-71,3,"MAYA GLOBAL TRADING CO. LTD"
7952,2,collision,21645,RES-1992-4785,2,"MAGAJI ALASAN"
13903,2,legitimate-optot,36147,CON-RES-1991-413,3,"ALH ABDULHAMID SALISU"
13903,2,legitimate-optot,27682,RES-1991-775,1,"KABIRU MOHAMMED KIBIYA"
14483,2,collision,28270,RES-1994-1920,2,"ALH SHAIHI ALH SANDA BABAGAYA"
14483,2,collision,29860,CON-RES-1994-498,3,"PROSPER PLASTIC LIMITED"
17593,2,legitimate-linked,31396,CON-RES-1997-181,3,"ALHAJI JAMILU UBA HAKIMI"
17593,2,legitimate-linked,186793,KN4543,KANGIS,"MURTALA ABDULLAHI JEGA"
10417,2,collision,25959,CON-IND-1982-37,3,"ALHAJI TIJJANI SANI"
10417,2,collision,24120,CON-RES-1983-234,3,"ALHAJI HABIBU BELLO"
11611,2,collision,31077,CON-RES-1982-562,3,"ALHAJI MUSTAPHA AHMAD"
11611,2,collision,25315,CON-RES-1984-457,3,"ALHAJI TIJJANI BALA"
60938,2,legitimate-linked,177434,RES-2021-619,2,"USMAN ALIYU GORA"
60938,2,legitimate-linked,177455,KN3500,KANGIS,"USMAN ALIYU GORA"
8702,2,collision,32771,CON-COM-2005-54,3,"ALHAJI LAWAN GARBA"
8702,2,collision,22401,RES-1992-6423,2,"ALHAJI ISA"
18586,2,collision,32391,CON-RES-1987-93,3,"ALHAJI GAMBO INUWA KOKI"
18586,2,collision,21531,CON-RES-RC-1985-28,3,"ALHAJI BABA MOHAMMED KOKI"
151717,2,legitimate-linked,174944,RES-2008-174,2,"ABUBAKAR MAHARAZU ALIYU"
151717,2,legitimate-linked,174959,KN3817,KANGIS,"ABUBAKAR MAHARAZU ALIYU"
11510,2,collision,25214,CON-RES-1984-256,3,"ALHAJI YAHAYA MUSA"
11510,2,collision,23465,CON-RES-1982-411,3,"DAN UMMA TELA TUDUN NUFAWA"
7059,2,collision,20745,CON-RES-1995-50,3,"ALH. MUSTAPHA INUSA"
7059,2,collision,19847,CON-AG-1982-61,3,"A.R.A JAFARU"
15002,2,collision,38358,CON-RES-1999-178,3,"ALH HABIBU MUHAMMAD"
15002,2,collision,28796,RES-1993-2621,2,"ALHAJI KWADO"
13130,2,collision,30826,CON-RES-1987-613,3,"MR BONAFACE MADUBUIKE"
13130,2,collision,26903,RES-1991-231,1,"INUWA RAHMA"
12437,2,collision,26143,CON-RES-1989-496,3,"MOHD IBRAHIM GYADI-GYADI"
12437,2,collision,33523,CON-RES-1985-4,3,"ALHAJI MONMUDU GWARAM"
12059,2,collision,25754,CON-RES-1983-666,3,"ALHAJI SULEIMAN SA'A ABUBAKAR"
12059,2,collision,25764,CON-RES-1995-511,3,"MUJITTAPHA ALI USMAN"
12634,2,collision,26276,CON-RES-1986-319,3,"ALHAJI USSAINI HARUNAM"
12634,2,collision,26340,CON-RES-1983-47,3,"ALHAJI BASHARI ABUBAKAR"
14012,2,collision,27799,RES-1993-124,2,"MALLAM AMADU GAYA"
14012,2,collision,36775,CON-RES-1992-199,3,"ISHAK ADA'U"
12627,2,collision,26329,CON-RES-1986-306,3,"HABIBU ABDULRAHMAN MAJIYA"
12627,2,collision,26333,CON-RES-1983-154,3,"ALHAJI YUSUFU B/KUDU"
18639,2,collision,32444,CON-RES-1986-17,3,"ALH. YAHAYA USMAN ABDUL MAZID SALGA"
18639,2,collision,20142,CON-RES-RC-1988-8,3,"ALH. ADAMU ABUBAKAR"
153409,2,legitimate-linked,177726,CON-RES-2023-7337,3,"FAIZU MUHAMMAD GALADIMA"
153409,2,legitimate-linked,187178,KN4775,KANGIS,"MURTALA ABDULLAHI JEGA"
161824,2,legitimate-linked,185216,COM-2002-1571,1,"ZAKARI IBRAHIM BAGWAI"
161824,2,legitimate-linked,185237,DCIV-2026-412,DCIV,PCACC
13848,2,collision,27626,RES-1991-705,1,"ALH ADO NA ALKALI"
13848,2,collision,35657,CON-RES-1991-193,3,"LIVINUS N. E. UGEH"
7253,2,collision,20940,CON-RES-1993-548,3,"ABDULLAHI ALIYU"
7253,2,collision,21270,CON-AG-1987-25,3,"HABIBU ALIYU"
148908,2,legitimate-linked,172274,COM-2015-575,1,"BELLO ABDULLAHI."
148908,2,legitimate-linked,172284,KN3492,KANGIS,"BELLO ABDULLAHI."
10943,2,collision,34373,CON-RES-1981-464,3,"ALHAJI ADO GIGINYU"
10943,2,collision,24647,CON-RES-1988-233,3,"ALHAJI GARBA MIJIN YAWA"
7800,2,collision,13892,CON-COM-1982-281,3,"ALHAJI UMARU DANSABO ISMAILA"
7800,2,collision,21491,CON-AG-1982-564,3,"YAHAYA A. ADAMU"
18471,2,collision,32276,CON-RES-1987-1153,3,"ALHAJI YAU MAIKANO"
18471,2,collision,19793,CON-RES-RC-1982-89,3,"GARBA S DANTATA"
18105,2,collision,18919,CON-RES-RC-1982-38,3,"MAHAMMED USUMAN HADEJA"
18105,2,collision,31909,CON-RES-1985-304,3,"SANI MOHAMMED SANI"
11082,2,collision,24786,CON-RES-1985-669,3,"ALH. SANI DABA"
11082,2,collision,26006,CON-RES-1982-1052,3,"ALHAJI SANI ALI MAI-AGOGO"
7900,2,collision,29519,CON-COM-1983-68,3,"ALHAJI MUHAMMADU SALE GWAME"
7900,2,collision,21592,RES-1992-4646,2,"AMADU IBRAHIM AND ALHAJI HABU NA ALHAJI MUTARI"
8643,2,legitimate-linked,22342,CON-RES-1982-1018,3,"ALHAJI BALA HARUNA"
8643,2,legitimate-linked,187471,DCIV-2026-328,DCIV,"KANO STATE JUDICIARY"
148865,2,legitimate-linked,172269,CON-RES-2023-3878,3,"FAUZIYYA BUBA IDRIS"
148865,2,legitimate-linked,172271,KN2613,KANGIS,"FAUZIYYA BUBA IDRIS"
13524,2,legitimate-optot,27298,RES-1991-542,1,"ALH MURTALA ADAMU UBA MAI DUKIYA"
13524,2,legitimate-optot,34593,CON-RES-1988-89,3,"MUSACO (NIG) LIMITED"
12100,2,collision,24418,CON-RES-1983-804,3,"ALHAJI ABDU INUSA"
12100,2,collision,25805,CON-RES-1983-680,3,"ALHAJI INUSA IBRAHIM"
13855,2,collision,27633,RES-1991-715,1,"MOHAMMED BASHIR"
13855,2,collision,36156,CON-RES-1991-216,3,"ALHAJI NUHU GARBA"
12600,2,collision,24845,CON-RES-1986-229,3,"LAMI JIBRIN UMAR KABIR"
12600,2,collision,26306,CON-RES-1986-329,3,"ALHAJI KORI"
14632,2,collision,37050,CON-RES-1995-398,3,"ABDU AHMED SAYE"
14632,2,collision,28420,RES-1992-7535,2,"MUHAMMADU AMINU"
155277,2,legitimate-linked,179626,COM-2015-49,1,"TRANSCURE LIMITED"
155277,2,legitimate-linked,179645,"MLKN 686",KANGIS,"TRANSCURE LIMITED"
16113,2,collision,35399,CON-RES-2009-303,3,"ALHAJI UMARU AHMED"
16113,2,collision,29912,CON-IND-1988-8,3,"ALH MUHAMMAD  MAIMAI MARMARA"
13114,2,collision,33719,CON-RES-1987-555,3,"MALLAM ABUBAKAR MUHAMMAD"
13114,2,collision,26887,RES-1991-208,1,"ALIYASU ABUBAKAR"
67347,2,legitimate-linked,181762,RES-RC-1985-63,1,"MRS. RITA FADDUL"
67347,2,legitimate-linked,181786,"KNML 206",KANGIS,"MRS. RITA FADDUL"
38641,2,legitimate-linked,181376,"KNML 1964",KANGIS,"ALH MUNZALI SANI MUSA"
38641,2,legitimate-linked,181359,RES-1992-1422,2,"ALH MUNZALI SANI MUSA"
12752,2,legitimate-optot,32360,CON-RES-1987-1076,3,"MR CHINOYERUM S. OKPORAOSIMIRI"
12752,2,legitimate-optot,26458,RES-1982-2058,1,"ALH AMINU AGOLA"
18779,2,legitimate-linked,32584,CON-RES-1985-47,3,"ALHAJI TIJJANI YAHAYA"
18779,2,legitimate-linked,156531,"MLKN 855",KANGIS,"H.D.F & SONS LIMITED"
18132,2,collision,19766,CON-RES-RC-1982-406,3,"ALHAJI IBRAHIM ZUBAIRU"
18132,2,collision,31936,CON-RES-1982-830,3,"L/LT MOHAMMED ABDU INDABAWA"
54413,2,legitimate-linked,189589,RES-2014-2359,2,"YUSUF BELLO DANBATTA"
54413,2,legitimate-linked,189597,"KNML 2419",KANGIS,"YUSUF BELLO DANBATTA"
14628,2,collision,28416,RES-1992-7482,2,"MALLAM DATTI NAMADI"
14628,2,collision,36982,CON-RES-1995-383,3,"ALH AUWALU ABDU"
10137,2,collision,175057,KN5052,KANGIS,"ISYAKU IBRAHIM TSURUTAWA"
10137,2,collision,23839,CON-RES-1983-311,3,"ALHAJI UMARU SABON GARI"
16131,2,collision,35390,CON-RES-2009-334,3,"ALHAJI UMARU AHMED"
16131,2,collision,29930,CON-AG-1988-62,3,"OLUWASHEGUN JOHN"
12072,2,collision,25777,CON-RES-1989-179,3,"ALH SANI SALIHU"
12072,2,collision,25378,CON-RES-1983-720,3,"ALHAJI RABIU AHMED"
11550,2,collision,25254,CON-RES-1983-253,3,"HASSAN MALIK EL SHEIKH"
11550,2,collision,22317,CON-RES-1982-470,3,"ALHAJI MOHAMMED MAIKUSA"
12005,2,collision,25710,CON-RES-1987-945,3,"AHMED MAGAJI"
12005,2,collision,35236,CON-RES-1983-521,3,"ALHAJI MA'AWUYA GARBA"
38009,2,legitimate-linked,191908,RES-1991-7992,1,"AMINU DANJUMA JAFARU"
38009,2,legitimate-linked,191917,"KNML 1444",KANGIS,"AMINU DANJUMA JA'AFARU"
14479,2,collision,22699,CON-RES-1994-489,3,"ALHAJI AUWALU MUSA MAIKUSA"
14479,2,collision,28266,RES-1994-1914,2,"KADI SHEHU MATAWALLE IBRAHIM"
13440,2,collision,24263,CON-RES-1988-442,3,"ALH ABDULLAHI GAMBO"
13440,2,collision,27214,RES-1991-430,1,"ALH TIJJANI HASSAN DAN IYAN KANO"
153340,2,legitimate-linked,177641,CON-RES-2023-7266,3,"FAIZU MUHAMMAD GALADIMA"
153340,2,legitimate-linked,189814,KN5261,KANGIS,"MURTALA ABDULLAHI JEGA"
13599,2,collision,24045,CON-RES-1989-30,3,"ALHAJI MAJE AHMED GWANGWAZO"
13599,2,collision,27373,RES-1990-2163,1,"MR. JHON JOSE ALABI"
15387,2,collision,31562,CON-RES-2004-139,3,"ALHAJI SANI A SANI"
15387,2,collision,29185,RES-1993-3603,2,"HARUNA A GARKO"
13861,2,collision,36337,CON-RES-1991-232,3,"ALHAJI MAJE AHMED GWANGWAZO"
13861,2,collision,27639,RES-1991-722,1,"AHMED ABUBAKAR"
153792,2,legitimate-linked,178113,RES-2018-1159,2,"SANI KABIRU HARUNA"
153792,2,legitimate-linked,178131,KN4102,KANGIS,"SANI KABIRU HARUNA"
7163,2,collision,18086,CON-AG-1984-53,3,"NUHU MOHAMMED SANUSI"
7163,2,collision,20850,RES-1992-3278,2,"HASSANA GALI MADUNGURUM"
11692,2,collision,25116,CON-RES-1982-702,3,"ALH. KASSIM HUSSAINI"
11692,2,collision,25396,CON-RES-1991-392,3,"TUKUR AUDU"
10971,2,collision,14449,CON-RES-1981-523,3,"INTERNATIONAL BANK FOR WEST AFRICA LIMITED"
10971,2,collision,24675,CON-RES-1983-863,3,"ALHAJI USMAN ABUBAKAR"
14917,2,collision,28708,RES-1993-1888,2,"MALLAM IDI MAMMAN"
14917,2,collision,38677,CON-RES-1998-272,3,"CHIEF(SIR) GODWIN UBAK OKEKE"
157813,2,legitimate-linked,181921,RES-2009-2145,2,"ALH AMINU GURJIYA"
157813,2,legitimate-linked,181922,"KNML 1997",KANGIS,"MUHAMMAD MUSA AUWAL"
10751,2,collision,24454,CON-RES-1987-644,3,"BARTHOLOMEW N. NWOKOLO"
10751,2,collision,19106,CON-RES-1981-136,3,"ALHAJI TIJJANI SANI SANKA"
6939,2,collision,20623,RES-1992-3185,2,"JIBO ADO"
6939,2,collision,16752,CON-AG-1982-231,3,"ALHAJI MOHAMMED SULEMAN"
11946,2,collision,25651,CON-RES-1985-569,3,"ALHAJI ISMAILA ABUBAKAR"
11946,2,collision,35247,CON-RES-1983-355,3,"AMINU ABUBAKAR"
116922,2,legitimate-optot,175117,RES-2020-549,2,"DR ABDULLAHI GAMBO"
116922,2,legitimate-optot,175130,KN3444,KANGIS,"DR ABDULLAHI GAMBO"
17489,2,collision,184474,KN5455,KANGIS,"MURTALA ABDULLAHI JEGA"
17489,2,collision,31292,CON-COM-1995-80,3,"KABORAK (NIG) LTD"
13065,2,collision,26838,RES-1991-154,1,"HUSSAINI FAGGE"
13065,2,collision,30837,CON-RES-1987-428,3,"FELIX N. OKONKWO"
147195,2,legitimate-linked,170265,CON-IND-1994-7,3,"VIVA METAL AND PLASTIC IND LTD"
147195,2,legitimate-linked,170277,"MLKN 51",KANGIS,"VIVA METAL AND PLASTIC IND LTD"
15310,2,collision,32867,CON-RES-2003-108,3,"ALHAJI NASIRU AHALI"
15310,2,collision,29108,RES-1993-3447,2,"HASSAN DAN AWAMBA"
18140,2,collision,31944,CON-RES-1982-1450,3,"ALHAJI ADO LAWAN"
18140,2,collision,19758,CON-RES-RC-1982-414,3,"ALHAJI MUHTARI T. SAAL"
14071,2,collision,27858,RES-1993-612,2,"A IBRAHIM INUWA & ISMAILA H ABUBAKAR"
14071,2,collision,36449,CON-RES-1992-41,3,"ALHAJI GARBA HAMZA"
166963,2,legitimate-linked,189408,RES-2000-5044,2,"UMAR ABDULLAHI KURUGU"
166963,2,legitimate-linked,189410,"KNML 2461",KANGIS,"MUKTAR ABUBAKAR TAHIR"
12206,2,collision,25911,CON-RES-1988-388,3,"IBRAHIM BARAU DAMBATTA"
12206,2,collision,26215,CON-RES-1984-324,3,"TUKUR ABDU"
11529,2,collision,25233,CON-RES-1984-202,3,"ALHAJI GAMBO BARDE YAKE"
11529,2,collision,22319,CON-RES-1982-44,3,"ADAMU YAKUBU"
18488,2,collision,32293,CON-RES-1987-1410,3,"ALHAJI ALI INUWA"
18488,2,collision,20658,CON-RES-RC-1983-15,3,"ALHAJI IBRAHIM ABBA"
12482,2,collision,29297,CON-RES-1985-53,3,"AFOLARIN PAUL"
12482,2,collision,26188,CON-RES-1988-362,3,"MUSA ABUBAKAR"
12589,2,collision,24824,CON-RES-1986-206,3,"ALH. UMARU ABDUL-AZIZ, ALHAJI BATURE ABDUL-AZIZ & ALH. SADI ABDUL-AZIZ"
12589,2,collision,26295,CON-RES-1986-272,3,"TIJJANI A MUSA"
14401,2,collision,31431,CON-RES-1994-322,3,"ALHAJI SABO LAWAN KABARA"
14401,2,collision,28188,RES-1993-2207,2,"ZANNA LAMINU MAMADI"
11112,2,collision,24816,CON-RES-1986-135,3,"ALHAJI ABDUN AULA"
11112,2,collision,26016,CON-RES-1982-1112,3,"MAHMOUD MUSTAPHA DANTATA"
12427,2,collision,29286,CON-RES-1985-370,3,"ALHAJI LAWAN MOHAMMED"
12427,2,collision,26132,CON-RES-1989-106,3,"ALHAJI MUHTARI HASHIM"
6932,2,collision,16745,CON-AG-1982-215,3,"AHMAD UMAR SIDI"
6932,2,collision,20616,RES-1992-3178,2,"MUSTAPHA GARBA BICHI"
160942,2,legitimate-linked,184398,SLTR-221265,,"ABBA MUSA  ALI"
160942,2,legitimate-linked,184417,KN5328,KANGIS,"ABBA MUSA  ALI"
11195,2,collision,24899,CON-RES-1983-692,3,"ABUBAKAR MUSTAPHA ABDUL"
11195,2,collision,29681,CON-RES-1982-1292,3,"SHEHU ABUBAKAR"
19413,2,legitimate-optot,33218,CON-COM-1994-81,3,"ALH MAMMADA YAKUBU"
19413,2,legitimate-optot,177661,IND-RC-1982-154,1,"CATHOLIC CHURCH KANO"
176683,2,legitimate-linked,195850,CON-RES-1987-564,3,"MR EMEAFU NKECHI OGBUJI"
176683,2,legitimate-linked,195855,KN3782,KANGIS,"MR EMEAFU NKECHI OGBUJI"
161613,2,legitimate-linked,185028,CON-COM-2020-198,3,"BADAMASI GARBA IDI"
161613,2,legitimate-linked,185042,KN4267,KANGIS,"BADAMASI GARBA IDI"
152129,2,legitimate-linked,175400,CON-AG-2023-70,3,"AHMAD YAHAYA IBRAHIM"
152129,2,legitimate-linked,175410,KN4426,KANGIS,"AHMAD YAHAYA IBRAHIM"
12290,2,collision,25995,CON-AG-1982-514,3,"DANLADI MADUGU JOGANA"
12290,2,collision,31845,CON-RES-1984-6,3,"MR. BENNETH IFEANYI OKOYE"
17466,2,collision,31269,CON-COM-1995-9,3,"ALHAJI SHEHU ABUBAKAR"
17466,2,collision,185512,KN5386,KANGIS,"MURTALA ABDULLAHI JEGA"
64670,2,legitimate-optot,170133,RES-RC-1981-128,1,"ALH MOHAMMED SANI SHARIFF"
64670,2,legitimate-optot,170170,KN4678,KANGIS,"ALH MOHAMMED SANI SHARIFF"
12687,2,legitimate-optot,30364,CON-RES-1986-59,3,"ALHAJI SANI MINISTER"
12687,2,legitimate-optot,26393,RES-1982-1794,1,"ALH KASSIM OMOTAYO"
178699,2,legitimate-linked,197332,CON-RES-2015-65,3,"NU'UMAN BARA'U DANBATTA"
178699,2,legitimate-linked,197347,"KNML 6067",KANGIS,"NU'UMAN BARAU DANBATTA"
11950,2,collision,32111,CON-RES-1983-361,3,"ALHAJI JAMIL SALEH"
11950,2,collision,25655,CON-RES-1985-600,3,"ALHAJI SANI ABBAS"
12599,2,collision,24843,CON-RES-1986-227,3,"MR. ONUORA ILOCHONIWU"
12599,2,collision,26305,CON-AG-1986-137,3,"YUSUFU ALI"
15436,2,collision,34676,CON-RES-2004-308,3,"YAHANNASU IBRAHIM"
15436,2,collision,29234,CON-RES-1984-230,3,"ALHAJI GAMBO LOKON MAKERA"
14699,2,legitimate-optot,28487,RES-1993-469,2,"HON. AHMED ISMA'ILA D/GURAWA"
14699,2,legitimate-optot,36830,CON-RES-1996-14,3,"MURTALA MUHTAR UNGOGO"
10974,2,collision,24678,CON-RES-1983-873,3,"ALHAJI ISIYAKU AMINU"
10974,2,collision,14502,CON-RES-1981-527,3,"ALHAJI DANLADIDI SHESHE"
17983,2,collision,19834,CON-RES-RC-1982-207,3,"ABDULKADIR MAIDUGU"
17983,2,collision,31787,CON-RES-1984-33,3,"ALHAJI AMINU YAHAYA"
12879,2,collision,33855,CON-RES-1987-1392,3,"ALHAJI ALIYU AHMED MOHAMMED"
12879,2,collision,26651,RES-1982-2165,1,"ALHAJI AHMED JIBIRIN"
11988,2,collision,25693,CON-RES-1985-25,3,"ALHAJI UBA MAIGORO"
11988,2,collision,24660,CON-RES-1983-446,3,"MR EMMANUEL ADEMOLA AKINKUNMI"
11410,2,collision,25114,CON-RES-1982-1570,3,"MR. ANTHONY NNAJI"
11410,2,collision,22344,CON-RES-1982-25,3,"ALHAJI SALISU AUWAL"
18354,2,collision,26003,CON-RES-RC-1982-633,3,"ALHAJI HARUNA UMAR"
18354,2,collision,32158,CON-RES-1987-713,3,"MR LEONARD NWOSU"
14543,2,legitimate-optot,20960,CON-RES-1994-790,3,"ALHAJI YAKUBU GARBA LADO"
14543,2,legitimate-optot,28330,RES-1994-2001,2,"L/CPL MOHAMMED RABIU"
52661,2,legitimate-linked,196140,RES-2009-6570,2,"SA'AD SHITU SHARUBUTU"
52661,2,legitimate-linked,197789,"KNML 1402",KANGIS,"SA'AD SHITU SHARUBUTU"
168077,2,legitimate-linked,190238,CON-RES-2023-7383,3,"FAIZU MUHAMMAD GALADIMA"
168077,2,legitimate-linked,190261,KN4573,KANGIS,"MURTALA ABDULLAHI JEGA"
12190,2,collision,26218,CON-RES-1984-277,3,"ISAAC ADE"
12190,2,collision,25895,CON-RES-1988-461,3,"JOHN DELE OGHOJAFOR"
24040,2,collision,47007,CON-RES-1999-42,3,"ALHAJI NUHU WARURE"
24040,2,collision,47057,CON-RES-1998-276,3,"ALI USMAN"
18333,2,collision,19812,CON-RES-RC-1982-608,3,"ALHAJI IBRAHIM DANKANI"
18333,2,collision,32137,CON-RES-1987-213,3,"ALHAJI ABUBAKAR USMAN"
17825,2,collision,31629,CON-RES-1982-930,3,"ALHAJI AHMED WADA"
17825,2,collision,34550,CON-RES-RC-1981-68,3,"ALHAJI AUWALU YAKASAI"
177534,2,legitimate-optot,196521,RES-2022-1065,2,"NASIRU MUHD DANFARANSHI"
177534,2,legitimate-optot,196532,"KNML 9777",KANGIS,"NASIRU MUHD DANFARANSHI"
13357,2,collision,27131,RES-1991-321,1,"AISHATU AMINU WALI"
13357,2,collision,24151,CON-RES-1988-227,3,"ALH ZAKARI MAHMOUD"
11172,2,collision,24876,CON-RES-1983-79,3,"ALHAJI MANSUR SANI YAKASAI"
11172,2,collision,26993,CON-RES-1982-1244,3,"HAJIYA UMMA SANI MALUMFASHI"
12292,2,collision,25997,CON-AG-1982-443,3,"ALHAJI WADA KABIR"
12292,2,collision,31812,CON-RES-1984-606,3,"ALHAJI MANNIRU TIJJANI RINGIM"
13566,2,collision,27340,RES-1990-4458,1,"ABUBAKAR A. MUSA"
13566,2,collision,25741,CON-RES-1989-186,3,"EDWIN NWOKEDIUKO"
8197,2,collision,33433,CON-COM-1992-6,3,"ALH YUSUF TIGER"
8197,2,collision,21894,CON-RES-2009-1038,3,"ABDULLAHI USMAN"
14562,2,collision,31181,CON-RES-1995-171,3,"RABIU HASSAN IBRAHIM"
14562,2,collision,28349,RES-1992-7343,2,"ABDULLAHI LAWAN / ISA LAWAN"
116909,2,legitimate-linked,175522,CON-COM-2023-8,3,"AMINU ABDURAHMAN UMAR"
116909,2,legitimate-linked,175524,KN2712,KANGIS,"AMINU ABDURAHMAN UMAR"
146222,2,legitimate-optot,169282,KN5071,KANGIS,"BASHIR HUSSAINI"
146222,2,legitimate-optot,169257,RES-2015-4912,2,"BASHIR HUSSAINI"
10949,2,collision,24653,CON-RES-1984-624,3,"ALHAJI ISMAILA AHMED"
10949,2,collision,23361,CON-RES-1981-470,3,"ALH ABBA ZUBAIRU YOLA"
11598,2,collision,26967,CON-RES-1982-546,3,"ALHAJI MUSA DAN MALLAM"
11598,2,collision,25302,CON-RES-1984-488,3,"REDEEMED CALVARY MISSION"
51010,2,legitimate-linked,171520,RES-2006-1480,2,"AUWALU HASSAN YOLA"
51010,2,legitimate-linked,171539,"KNML 8986",KANGIS,"AUWALU HASSAN YOLA"
12985,2,collision,26757,RES-1991-54,1,"ABBA ABDULMUMINI"
12985,2,collision,30490,CON-RES-1987-263,3,"DANIEL UGOCHUKWU NWUOSU"
8434,2,collision,22134,CON-RES-2009-1054,3,"MALLAM IBRAHIM MOHAMMED"
8434,2,collision,30295,CON-COM-1999-35,3,"ALH ALHASSAN ABDULLAHI"
10948,2,collision,24652,CON-RES-1984-4,3,"ALHAJI SHEHU AHMED"
10948,2,collision,23377,CON-RES-1981-469,3,"BALA BRIGADE"
8437,2,collision,30269,CON-COM-1999-4,3,"A Y MAIKIFI OIL & GAS LIMITED"
8437,2,collision,22137,CON-RES-2009-752,3,"RAKIYA .A. ABUBAKAR"
150151,2,legitimate-optot,173501,RES-2023-5468,2,"EMMANUEL NNAJI"
150151,2,legitimate-optot,173504,KN4689,KANGIS,"EMMANUEL NNAJI"
11870,2,collision,32034,CON-RES-1983-173,3,"ALHAJI ALI ABUBAKAR DUKAWA"
11870,2,collision,25575,CON-RES-1993-174,3,"HAFIZU SHEHU RINGIM"
11726,2,collision,29640,CON-RES-1982-774,3,"ALHAJI TURAKI IBRAHIM"
11726,2,collision,25430,CON-RES-1984-653,3,"BALA ALHAJI MUHAMMAD"
17723,2,collision,31527,CON-COM-1994-29,3,"ALHAJI ADO MAIGADO"
17723,2,collision,21507,CON-RES-RC-1981-100,3,"MR. EMEKA DIKE"
15917,2,collision,47374,CON-RES-2008-1212,3,"HANUMIS VENTURES"
15917,2,collision,29716,CON-COM-1989-24,3,"MRS. MOSES OJIBE"
12230,2,collision,25935,CON-RES-1982-1189,3,"MALLAM HAMZA DAHIRU"
12230,2,collision,26232,CON-RES-1984-441,3,"ALIYU ABDULLAHI & AHMED ABDULLAHI"
14038,2,collision,27825,RES-1993-216,2,"SANI SHEHU MAIHULA/ZUWARA GARBA"
14038,2,collision,22919,CON-RES-1992-282,3,"MRS SARATU IGNATIUS"
11571,2,collision,25275,CON-RES-1983-591,3,"SHEHU UMAR ABDULLAHI"
11571,2,collision,29624,CON-RES-1982-502,3,"HAJIYA HADIZA INUWA"
151965,2,legitimate-linked,175208,CON-COM-2025-274,3,"IBRAHIM AMINU AHMED"
151965,2,legitimate-linked,175216,KN4217,KANGIS,"IBRAHIM AMINU AHMED"
18374,2,collision,32178,CON-RES-1987-279,3,"AURORA OMOWOSHOLA"
18374,2,collision,19243,CON-RES-RC-1982-658,3,"JOHN ANAYAMI JOSEPH AJOGE"
13832,2,collision,27610,RES-1991-689,1,"ALH ABDULLAHI SAFIYANU MADUGU"
13832,2,collision,35919,CON-RES-1991-124,3,"MUHAMMAD MUSA DAKAWA"
8438,2,collision,22138,CON-RES-2009-798,3,"ALH. AHMED TUKUR"
8438,2,collision,30302,CON-COM-1999-42,3,"ALH AMINU BABA KUSA"
10405,2,collision,26038,CON-IND-1982-17,3,"ALHAJI SANI YAU"
10405,2,collision,24108,CON-RES-1983-231,3,"ALHAJI HAMISU DAHIRU"
168823,2,legitimate-linked,190809,RES-2008-1844,2,"ABDULAZIZ BALA TALLAI"
168823,2,legitimate-linked,192692,"KNML 913",KANGIS,"HARUNA MOHD (MAI GARANTI)"
32927,2,legitimate-linked,185678,RES-1988-1053,1,"ABUBAKAR YUSUF"
32927,2,legitimate-linked,185696,"KNML 9383",KANGIS,"ABUBAKAR YUSUF"
10801,2,collision,14213,CON-RES-1981-220,3,"ALHAJI MUSA GARBA"
10801,2,collision,24505,CON-RES-1987-1014,3,"SYLVESTER OKULO OKOLIE"
18444,2,collision,19260,CON-RES-RC-1982-735,3,"ALHAJI BAFFA MAINA"
18444,2,collision,32249,CON-RES-1987-1389,3,"ALHAJI TASIU BARAU"
66205,2,legitimate-linked,184497,RES-RC-1982-447,1,"ALHAJI ISYAKU UMAR"
66205,2,legitimate-linked,184499,"KNML 1739",KANGIS,"ISYAKU UMAR TOFA"
16118,2,collision,35389,CON-RES-2009-310,3,"ALHAJI UMARU AHMED"
16118,2,collision,29917,CON-AG-1988-25,3,"ALH IBRAHIM SUDAN MOHAMMED"
13659,2,legitimate-optot,27433,RES-1990-2404,1,"AMANA INTERNATIONAL SCHOOL"
13659,2,legitimate-optot,26160,CON-RES-1989-488,3,"MALLAM INUSA MOHAMMED"
11788,2,collision,25492,CON-AG-1994-57,3,"MOHAMMAD LAWAN"
11788,2,collision,21664,CON-RES-1982-893,3,"ALH FARUK SANI HASSAN"
58291,2,legitimate-optot,172317,RES-2018-3398,2,"RABI'U BABA SANI"
58291,2,legitimate-optot,172328,"KNML 8015",KANGIS,"RABI'U BABA SANI"
47022,2,legitimate-optot,176050,KN3824,KANGIS,"FAS AGRO INDUSTRIAL COMPANY LIMITED"
47022,2,legitimate-optot,174349,RES-2000-293,2,"FAS AGRO INDUSTRIAL COMPANY LIMITED"
52836,2,legitimate-optot,184699,RES-2009-7559,2,"PETRICHOR IND LIMITED"
52836,2,legitimate-optot,184705,"KNML 1906",KANGIS,"PETRICHOR IND LIMITED"
17746,2,collision,16429,CON-RES-RC-1981-127,3,"ALHAJI BABALE ADAMU"
17746,2,collision,31550,CON-AG-2004-15,3,"ALHAJI MAHE BASHIR WALI"
14709,2,collision,36557,CON-RES-1996-175,3,"MU'AZU A IBRAHIM"
14709,2,collision,28497,RES-1993-445,2,"ALHAJI IBRAHIM GAMBO / ABASHE ALHAJI GAMBO"
6998,2,collision,20682,CON-RES-1995-389,3,"ALH. KABIRU YAHAYA"
6998,2,collision,18315,CON-AG-1982-406,3,"ALHAJI DANLADI KABO"
18223,2,collision,32027,CON-RES-1983-358,3,"ALHAJI ABDU SALISU"
18223,2,collision,23441,CON-RES-RC-1982-497,3,"ALHAJI GWADABE SATATIMA"
12335,2,collision,32572,CON-RES-1985-10,3,"ALH DANBURA MAI BURODI"
12335,2,collision,26040,CON-RES-1982-682,3,"ALHAJI ALI TUKURA"
10747,2,collision,24450,CON-RES-1987-641,3,"AMINU YUSUF"
10747,2,collision,14234,CON-RES-1981-126,3,"JOHN OSITE SALAMI"
13273,2,collision,24572,CON-RES-1987-941,3,"HAJIA RALIATU OYEBANKE"
13273,2,collision,27046,RES-1982-2242,1,"J. TILLEY GYADO"
11500,2,collision,24937,CON-RES-1982-396,3,"HAMISU BALA"
11500,2,collision,25204,CON-RES-1984-302,3,"ALHAJI HAMISU DALHATU ZANGO"
17927,2,collision,19816,CON-RES-RC-1982-152,3,"ALHAJI AUDU MANAGER"
17927,2,collision,31731,CON-IND-1984-3,3,"ALHAJI BALA MOHAMMED"
8084,2,collision,16787,CON-COM-1989-110,3,"ALJHAJI AMADU KELI"
8084,2,collision,21779,RES-1992-4884,2,"HAUWA SULE"
11144,2,collision,24848,CON-RES-1986-232,3,"DR. OMALE"
11144,2,collision,25931,CON-RES-1982-1186,3,"GARBA A. BALA"
46059,2,legitimate-linked,193003,RES-1998-837,2,"ALHAJI AHMED ABUBAKAR NAKURA"
46059,2,legitimate-linked,193006,"KNML 940",KANGIS,"ALHAJI AHMED ABUBAKAR NAKURA"
12746,2,collision,26452,RES-1982-1953,1,"SULE ABDULLAHI"
12746,2,collision,34472,CON-RES-1987-1062,3,"AMDU INUSA"
8624,2,legitimate-optot,32979,CON-COM-2003-96,3,"ABDULLAHI AHMAD"
8624,2,legitimate-optot,22323,CON-RES-1982-781,3,"HAJIYA MAIRO MUHAMMED"
17521,2,legitimate-linked,31324,CON-RES-1995-197,3,"MALLAM DAN-AZUMI BALARABE"
17521,2,legitimate-linked,186822,KN4870,KANGIS,"MURTALA ABDULLAHI JEGA"
14455,2,collision,17996,CON-RES-1994-39,3,"ALH HUSSEIN SALE"
14455,2,collision,28242,RES-1994-382,2,"ALH USMAN ABDULLAHI MUHAMMED"
41165,2,legitimate-linked,191568,RES-1993-1570,2,"GARBA MUSA DANDALAMA"
41165,2,legitimate-linked,191600,"KNML 2413",KANGIS,"GARBA MUSA DANDALAMA"
55457,2,legitimate-optot,170119,RES-2015-4706,2,"SALEH HARUNA INUWA"
55457,2,legitimate-optot,170149,"KNML 4573",KANGIS,"SALEH HARUNA INUWA"
13568,2,collision,25484,CON-RES-1989-188,3,"ALHAJI ABDU ATUKONA"
13568,2,collision,27342,RES-1990-4453,1,"LAWAN ATTAHIR"
13199,2,legitimate-optot,33757,CON-RES-1987-775,3,"ALHAJI BABA NABEGU"
13199,2,legitimate-optot,26972,CON-RES-RC-1982-575,3,"ALHAJI ALI MOHAMMAD KASHINGI BOLARI"
7979,2,collision,24918,CON-COM-1985-22,3,"ALH SULE DANBUZU"
7979,2,collision,21673,CON-RES-1982-401,3,"MRS MABEL MODUPE DECKER"
153475,2,legitimate-linked,177786,CON-RES-2013-533,3,"MUHAMMAD SULAIMAN"
153475,2,legitimate-linked,177797,"KNML 1813",KANGIS,"SULAIMAN MUHAMMAD"
11909,2,collision,23901,CON-RES-1983-262,3,"ALHAJI HASSAN MOHAMMED AHMED"
11909,2,collision,25614,CON-RES-1984-142,3,"ALHAJI IBRAHIM GARBA"
17914,2,collision,31718,CON-IND-1984-24,3,"ALHAJI GARBA ZAKARI"
17914,2,collision,20358,CON-RES-RC-1982-140,3,"ALHAJI SANI KABARA"
167530,2,legitimate-linked,189809,CON-COM-2024-398,3,"MUBARAK NASIR ABDULMUMINI"
167530,2,legitimate-linked,189817,KN4213,KANGIS,"MUBARAK NASIR ABDULMUMINI"
178359,2,legitimate-linked,197059,"MLKN 2434",KANGIS,"BKI BUILDING & CIVIL ENG CO LTD"
178359,2,legitimate-linked,197061,COM-2020-96,1,"BKI BUILDING & CIVIL ENG CO LTD"
11766,2,collision,23560,CON-RES-1982-85,3,"DELE AUDU"
11766,2,collision,25470,CON-RES-1989-68,3,"AUWALU SANI YOLA"
163157,2,legitimate-linked,186290,CON-AG-2022-131,3,"ALIYU IBRAHIM GAYA"
163157,2,legitimate-linked,186296,KN3951,KANGIS,"ALIYU IBRAHIM GAYA"
7235,2,collision,20922,CON-RES-1993-260,3,"MR. ABRAHAM AWE"
7235,2,collision,17063,CON-AG-1986-67,3,"ABDULWAKEEL SALEH"
10993,2,collision,24697,CON-RES-1985-68,3,"JIBRIN A. ABBA"
10993,2,collision,14525,CON-RES-1981-564,3,"KAMAL ISA MUSA"
164566,2,legitimate-linked,187417,RES-2002-8113,2,"BALA MAMUDA"
164566,2,legitimate-linked,187423,"KNML 1588",KANGIS,"BATULA IBRAHIM WARU"
12315,2,collision,26020,CON-AG-1982-298,3,"ALHAJI MOHAMMED DUTSEN GIMA"
12315,2,collision,31838,CON-RES-1984-68,3,"ALHAJI HAMISU SABO RINGIM"
14116,2,collision,27903,RES-1993-727,2,"HAJIYA ZUWAIRA ABDULLAHI GWANDU"
14116,2,collision,23088,CON-RES-1992-540,3,"ALI BABA HOTORO"
166178,2,legitimate-linked,188863,CON-RES-2017-414,3,"ENGR (DR) KAFILU BARAU DANBATTA"
166178,2,legitimate-linked,188864,"KNML 5627",KANGIS,"ENGR (DR) KAFILU BARAU DANBATTA"
14767,2,collision,38271,CON-RES-1996-74,3,"A MOHAMMED NATAAZA"
14767,2,collision,28557,RES-1993-1250,2,"GAMBO ISA"
15583,2,collision,29381,CON-RES-1987-891,3,"IDI JIGIRYA"
15583,2,collision,34869,CON-RES-2005-276,3,"DANLADI DAUDA"
164341,2,legitimate-linked,187169,RES-2010-1019,2,"DAHIRU & MAL SHEHU"
164341,2,legitimate-linked,187173,"KNML 1571",KANGIS,"ABDULHAYAT MUHAMMAD UMAR"
7046,2,collision,20732,CON-RES-1995-642,3,"ALH. UBA YUSUF LAWAN"
7046,2,collision,16442,CON-AG-1982-584,3,"ALH MUKHTAR AHMED"
13724,2,collision,27501,RES-1990-4004,1,"ALH SALISU KOKI"
13724,2,collision,30126,CON-RES-1990-215,3,"ALHAJI TANKO ABUBAKAR"
12904,2,collision,26676,RES-1982-2351,1,"ALHAJI MUSA A. JUKWEY"
12904,2,collision,33693,CON-RES-1987-1450,3,"HAJIYA YARINYA ALI"
13231,2,collision,27004,CON-RES-1987-788,3,"MR. Y. W. EZE"
13231,2,collision,34583,CON-RES-1987-840,3,"ALHAJI ABUBAKAR YAKUBU"
33911,2,legitimate-linked,183022,RES-1989-1829,1,"MUSTAPHA AMINU"
33911,2,legitimate-linked,183026,"KNML 1930",KANGIS,"MUSTAPHA AMINU"
17544,2,collision,31347,CON-RES-1995-554,3,"ALHAJI GAMBO HASSAN"
17544,2,collision,179696,KN5211,KANGIS,"MURTALA ABDULLAHI JEGA"
47733,2,legitimate-linked,171894,RES-2000-6856,2,"NURA SANI SHUAIBU"
47733,2,legitimate-linked,171936,KN3344,KANGIS,"NURA SANI SHUAIBU"
177390,2,legitimate-optot,196388,RES-2022-1073,2,"NASIRU MUHD DANFARANSHI"
177390,2,legitimate-optot,196402,"KNML 9785",KANGIS,"NASIRU MUHD DANFARANSHI"
13860,2,collision,36333,CON-RES-1991-230,3,"ALHAJI YAHAYA B. AJOMALE"
13860,2,collision,27638,RES-1991-721,1,"INUSA IBRAHIM BAGUDU"
13007,2,legitimate-optot,30879,CON-RES-1987-312,3,"MR CLEMENT AGBOGU"
13007,2,legitimate-optot,26779,RES-1991-92,1,"ALH. SALISU MOHAMMED"
14139,2,collision,38480,CON-RES-1992-58,3,"ALHAJI SADA BELLO RADDA"
14139,2,collision,27926,RES-1993-920,2,"ISMAILA M.K. HARUNA"
10748,2,collision,24451,CON-RES-1987-650,3,"MR. VINCENT OBI EREDO"
10748,2,collision,14240,CON-RES-1981-130,3,"ALH USMAN MAMAU SAUNA"
14638,2,collision,28426,RES-1992-8657,2,"MAITAMA SALISU"
14638,2,collision,33251,CON-RES-1995-434,3,"CHIEF EUGENE O. AKAM"
11495,2,collision,25199,CON-RES-1984-306,3,"BONIFACE O. NWOSU"
11495,2,collision,32213,CON-RES-1982-387,3,"ALHAJI MUSA ABDULLAHI"
12572,2,collision,26278,CON-RES-1986-262,3,"ALHAJI JIBRIN DANLADI"
12572,2,collision,33378,CON-RES-1986-157,3,"ALH AHMED YARO"
11085,2,collision,24789,CON-RES-1985-672,3,"MALLAM BILYAMINU BABANGIDA"
11085,2,collision,25108,CON-RES-1982-1058,3,"DR. GAFAR M. SHITTU"
18431,2,collision,32236,CON-RES-1987-848,3,"MADAM ALICE OKAFOR"
18431,2,collision,19797,CON-RES-RC-1982-72,3,"ALHAJI UBA ADAMU"
13823,2,collision,33266,CON-RES-1990-89,3,"ALHAJI MUSA DANMALAM"
13823,2,collision,27601,RES-1991-679,1,"AMINU MAHMOOD K."
11013,2,collision,24717,CON-RES-1985-327,3,"ALHAJI RABIU KOKI"
11013,2,collision,14492,CON-RES-1981-595,3,"ALHAJI ABDULLAHI BARKUN"
2755,2,legitimate-linked,16425,CON-AG-1983-81,3,"ALHAJI AHMED ISMAILA"
2755,2,legitimate-linked,170480,COM-2004-56,1,"MAMUDAA INDUSTRIES NIG LTD."
13949,2,collision,27736,RES-1991-850,1,"ISA BASHEER"
13949,2,collision,36279,CON-RES-1991-574,3,"ALHAJI HAMIDU MAIWAKE"
14176,2,collision,37113,CON-RES-1993-112,3,"ALHAJI YUSIF ABDULLAHI"
14176,2,collision,27963,RES-1993-862,2,"HAJIYA MAISANKAI & AISHA MOHD"
14467,2,collision,22737,CON-RES-1994-433,3,"ALHAJI ADAMU MOHAMMED"
14467,2,collision,28254,RES-1994-389,2,"AUWALU HASHIM ABBAS"
13611,2,collision,26172,CON-RES-1989-367,3,"SHAMSUDDEEN IBRAHIM MIJINYAWA"
13611,2,collision,27385,RES-1990-2148,1,"JIMMAI ABDULLAHI"
8218,2,collision,21915,CON-RES-2009-790,3,"SABASTINE NWAUGO"
8218,2,collision,16207,CON-COM-1993-106,3,"ALHAJI MOHAMMADU SANI ABUBAKAR"
68119,2,legitimate-linked,193148,RES-RC-1998-5,1,"CATHOLIC CHUCH KANO"
68119,2,legitimate-linked,193163,"KNML 1406",KANGIS,"CATHOLIC CHURCH KANO"
7197,2,collision,18556,CON-AG-1985-99,3,"ALHAJI BELLO AHMED"
7197,2,collision,20884,CON-AG-1983-19,3,"ALHAJI IDI GARBA GAMA"
11886,2,collision,35214,CON-RES-1983-206,3,"WABARA INTERNATIONAL NIGERIA LIMITED"
11886,2,collision,25591,CON-RES-1984-104,3,"ALHAJI TANKO ALHAJI JIBO"
18550,2,collision,19461,CON-RES-RC-1984-40,3,"ALIYU .A. GWADABE INUWA"
18550,2,collision,32355,CON-RES-1987-1067,3,"ALHAJI IBRAHIM SULAIMAN"
8011,2,collision,21705,CON-RES-1982-340,3,"ALHAJI WADA AMINU"
8011,2,collision,17008,CON-COM-1986-31,3,"ALH SA'ADU ABUBAKAR TSANGAYAWA"
7633,2,collision,16440,CON-AG-RC-1985-6,3,"ALHAJI ALI NA BABAN IYA"
7633,2,collision,21324,CON-AG-1982-356,3,"ALHAJI ABDU ABDULKADIR"
9082,2,collision,22783,CON-RES-1995-526,3,"MAHMOUD SHEHI"
9082,2,collision,35456,CON-COM-2009-321,3,"URALO PETROLEUM LIMITED"
156447,2,legitimate-linked,180831,RES-2010-4288,2,"HALIMA ADAMU"
156447,2,legitimate-linked,180843,"KNML 1497",KANGIS,"HALIMA ADAMU"
16237,2,collision,35435,CON-RES-2009-78,3,"SALISU ABUBAKAR DAN SALO"
16237,2,collision,30036,CON-RES-1990-184,3,"BASHIR MASU KILA"
11377,2,collision,25081,CON-AG-1984-31,3,"ALHAJI ZAKARI YA'U YAN AWAKI"
11377,2,collision,29606,CON-RES-1982-20,3,"ALHAJI MUHAMMADU GARBA"
11677,2,collision,25381,CON-RES-1983-701,3,"HAJIYA AMINA IBRAHIM"
11677,2,collision,23557,CON-RES-1982-67,3,"ALHAJI MOHAMMED LAWAN YANBAMI"
153822,2,legitimate-linked,192239,KN4574,KANGIS,"MURTALA ABDULLAHI JEGA"
153822,2,legitimate-linked,178145,CON-RES-2023-7355,3,"FAIZU MUHAMMAD GALADIMA"
4267,2,legitimate-optot,168151,COM-2016-243,1,"ALI KIME MOHAMMED"
4267,2,legitimate-optot,17942,RES-1992-3906,2,"DAYEKH H. MUSTAPHA MR"
161661,2,legitimate-linked,185074,CON-RES-2022-209,3,"ABUBAKAR ADAMU ABUBAKAR"
161661,2,legitimate-linked,185089,"KNML 9871",KANGIS,"ABUBAKAR ADAMU ABUBAKAR"
45427,2,legitimate-linked,195837,RES-1997-375,2,"ALH AUWALU MUHAMMAD"
45427,2,legitimate-linked,195868,KN2601,KANGIS,"AUWALU MUHAMMAD"
35433,2,legitimate-optot,169252,RES-1990-2620,1,"KABIR YUSUF BAKORI"
35433,2,legitimate-optot,169294,KN3296,KANGIS,"KABIR YUSUF BAKORI"
13766,2,collision,27543,RES-1991-610,1,"GARBA HUSSAINI"
13766,2,collision,36143,CON-RES-1990-344,3,"ALHAJI ABDULLAHI SHESHE"
18579,2,collision,32384,CON-RES-1987-118,3,"ALHAJI SA'IDU BALA HARUNA"
18579,2,collision,25657,CON-RES-RC-1985-21,3,"ALHAJI SAIDU MUHAMMED ALKALI"
6158,2,legitimate-optot,19836,CON-RES-RC-1982-206,3,"ALHAJI SANI DAHIRU"
6158,2,legitimate-optot,188224,COM-RC-1982-415,1,"ALHAJI SANI BABURA"
12789,2,collision,25712,CON-RES-1987-1140,3,"JOHN MUSA"
12789,2,collision,26561,RES-1982-2334,1,"ALHAJI MUSA HARUNA"
17944,2,collision,31748,CON-COM-1984-145,3,"ALHAJI WADA AMINU"
17944,2,collision,21504,CON-RES-RC-1982-170,3,"ALHAJI  SANI KABARA TRADING CO."
42658,2,legitimate-linked,198086,RES-1994-2047,2,"UMAR ALI"
42658,2,legitimate-linked,198135,"KNML 1410",KANGIS,"MUTTAKA G. WAKILI"
155954,2,legitimate-linked,22436,RES-1992-6486,2,"BALA YUSUF"
155954,2,legitimate-linked,180275,"KNML 1203",KANGIS,"IBRAHIM ISAH"
14799,2,collision,47014,CON-RES-1997-19,3,"MR. KENNETH NWANGWU"
14799,2,collision,28589,RES-1993-1364,2,"AMINU SULE GARO"
11999,2,collision,25272,CON-RES-1983-51,3,"ALH MOHD AUWAL"
11999,2,collision,25704,CON-RES-1987-701,3,"ALHAJI MANMADU TIJJANI"
176193,2,legitimate-linked,195383,COM-2021-457,1,"ABDULAZIZ ADAMU"
176193,2,legitimate-linked,195388,"MLKN 4485",KANGIS,"ABDULAZIZ ADAMU"
18513,2,collision,19490,CON-RES-RC-1983-7,3,"ALHAJI IDI INUWA"
18513,2,collision,32318,CON-RES-1987-834,3,"MRS ROSALINE M OKAFOR"
12389,2,collision,30798,CON-RES-1985-267,3,"ALHAJI UMAR IBRAHIM"
12389,2,collision,26094,CON-RES-1989-255,3,"HAJIYA KALI SALISU"
148117,2,legitimate-linked,171384,CON-AG-2025-197,3,"MUSA IBRAHIM"
148117,2,legitimate-linked,171387,KN5059,KANGIS,"MUSA IBRAHIM"
12078,2,collision,25783,CON-RES-1989-238,3,"ALHAJI ALI USMAN"
12078,2,collision,25825,CON-RES-1983-742,3,"ALHAJI IDRIS KALLAMU HADEJIA"
158512,2,legitimate-linked,182461,RES-2002-2932,2,"SADI ISAH IBRAHIM"
158512,2,legitimate-linked,182481,KN3993,KANGIS,"SADI ISAH IBRAHIM"
168097,2,legitimate-linked,190257,CON-RES-2014-348,3,"GAMBO HALLIRU GAYA"
168097,2,legitimate-linked,190265,"KNML 2466",KANGIS,"GAMBO HALLIRU GAYA"
18614,2,legitimate-optot,32070,CON-RES-RC-1986-6,3,"UMARU DANKURA ADAMU"
18614,2,legitimate-optot,32419,CON-RES-RC-1982-162,3,"IGUDA ABDULKARIM"
7843,2,collision,21535,CON-AG-1982-515,3,"ALHAJI TURADU A. DANTATA"
7843,2,collision,18175,CON-COM-1982-74,3,"RABIU INUWA IBRAHIM"
16065,2,collision,35429,CON-RES-2009-15,3,"ISA ALI ISA"
16065,2,collision,29864,CON-RES-1994-604,3,"ALHAJI ISA SULE"
13429,2,collision,27203,RES-1991-415,1,"BABANGIDA YAHAYA"
13429,2,collision,30005,CON-RES-1988-423,3,"ALHAJI KABIRU YAHAYA"
152114,2,legitimate-linked,175388,RES-2016-4166,2,"GARBA ISAH"
152114,2,legitimate-linked,175401,KN3497,KANGIS,"GARBA ISAH"
14256,2,collision,28043,RES-1993-1577,2,"IBRAHIM HAMZA"
14256,2,collision,17845,CON-RES-1993-404,3,"SADI HAMISU BALA"
14198,2,collision,27985,RES-1993-1481,2,"ABDULKADIR IBRAHIM"
14198,2,collision,37211,CON-RES-1993-201,3,"ALHAJI MUHAMMADU SANUSI"
51485,2,legitimate-optot,195377,RES-2007-404,2,"SALE ALI NAGERO"
51485,2,legitimate-optot,195394,KN3589,KANGIS,"SALE ALI NAGERO"
145413,2,legitimate-linked,168364,CON-AG-2018-41,3,"JAYA FARM"
145413,2,legitimate-linked,168380,"MLKN 2533",KANGIS,"JAYA FARM"
14161,2,collision,27948,RES-1993-824,2,"H MAIMUNA ALH SULE/H SAA ALH SULE"
14161,2,collision,36876,CON-RES-1992-687,3,"ALHAJI ABDU SHEHU"
38640,2,legitimate-linked,178586,RES-1992-1419,2,"BINTA RABIU SPEAKING"
38640,2,legitimate-linked,178604,"KNML 1792",KANGIS,"BINTA RABIU SPEAKING"
12149,2,collision,25854,CON-AG-1985-161,3,"PROFFESSOR MUHAMMAD SANI ZAHARADEEN"
12149,2,collision,29255,CON-RES-1984-143,3,"ANIZOBA F. EKUNIE"
153793,2,legitimate-linked,179471,KN5111,KANGIS,"MURTALA ABDULLAHI JEGA"
153793,2,legitimate-linked,178114,CON-RES-2023-7232,3,"FAIZU MUHAMMAD GALADIMA"
7773,2,collision,21464,RES-1992-4544,2,"ISUHU IDRIS"
7773,2,collision,15903,CON-COM-1982-227,3,"YAKUBU ADAMU"
2219,2,legitimate-linked,196948,COM-2001-648,1,"AVM NURA IMAM (RTD) & UNITED BANK FOR AFRICA (UBA) PLC"
2219,2,legitimate-linked,15883,CON-COM-1981-130,3,"ISA BROTHERS PHARMACEUTICAL LIMITED"
11175,2,collision,24879,CON-RES-1983-96,3,"ALHAJI RABIU JA'AFARU"
11175,2,collision,29674,CON-RES-1982-1250,3,"ALHAJI RABIU GAMBO"
164358,2,legitimate-linked,187191,CON-RES-2013-113,3,"MUHAMMAD HADI SALISU"
164358,2,legitimate-linked,187192,"KNML 2868",KANGIS,"MUHAMMAD HADI SALISU"
11791,2,collision,190231,CON-RES-1982-9,3,"ALHAJI SALISU SANI"
11791,2,collision,25495,CON-COM-1996-14,3,"ALHAJI SHAFI'U AND SONS"
11036,2,collision,24740,CON-RES-1985-394,3,"ALHAJI ADO MAMIYA"
11036,2,collision,14977,CON-RES-1981-76,3,"ALHAJI  ISA ABDULLAHI"
7129,2,collision,20816,RES-1992-3440,2,"A BALA ABUBAKAR"
7129,2,collision,25264,CON-AG-1983-99,3,"ALHAJI GARBA ABDULKADIR"
145879,2,legitimate-linked,168865,IND-2004-2,1,"VIVA METAL & PLASTIC IND LTD"
145879,2,legitimate-linked,168875,"MLKN 80",KANGIS,"VIVA METAL & PLASTIC IND LTD"
18286,2,collision,31035,CON-RES-RC-1982-560,3,"ALHAJI YAHAYA LAWAN"
18286,2,collision,32090,CON-RES-1983-508,3,"ALHAJI ABDU TAGARA DAKAIYAWA"
151714,2,legitimate-linked,174939,CON-COM-2023-496,3,"REAR ADMIRAL MURTALA MARMONI BASHIR"
151714,2,legitimate-linked,174962,KN5459,KANGIS,"REAR ADMIRAL MURTALA MARMONI BASHIR"
11884,2,collision,24105,CON-RES-1983-203,3,"MUSA OLADAPO ALUKO"
11884,2,collision,25589,CON-RES-1991-379,3,"ALH. LAWAN BELLO"
165390,2,legitimate-linked,188179,RES-2004-426,2,"YAZEED IBRAHIM GAYA"
165390,2,legitimate-linked,188183,"KNML 2900",KANGIS,"YAZEED IBRAHIM GAYA"
17493,2,collision,31296,CON-AG-1995-56,3,"YUNUSA SHUAIBU WAZIRI"
17493,2,collision,184322,KN5453,KANGIS,"MURTALA ABDULLAHI JEGA"
54481,2,legitimate-optot,195901,RES-2014-2680,2,"ABUBAKAR KABIRU"
54481,2,legitimate-optot,195910,"KNML 4948",KANGIS,"ABUBAKAR KABIRU"
24081,2,collision,47049,CON-RES-1991-486,3,"ZUBAIRU INUWA IBRAHIM"
24081,2,collision,47097,CON-RES-2002-317,3,"ALH HAMISU UBA"
18438,2,collision,32243,CON-RES-1987-1325,3,"ALHAJI UMARU ALI"
18438,2,collision,16784,CON-RES-RC-1982-728,3,"ALHAJI UMARU ALIN BASHARI"
14010,2,collision,38580,CON-RES-1992-19,3,"SA'IDU GARBA SARKINYA"
14010,2,collision,27797,RES-1993-117,2,"ALHAJI BELLO SAGAGI"
7809,2,legitimate-optot,21500,CON-RES-RC-1982-370,3,"GAMBO MALAM"
7809,2,legitimate-optot,15321,CON-COM-1982-34,3,"ALHAJI AHMADU BELLO"
15242,2,collision,47113,CON-RES-2002-17,3,"MOHAMMED MAGAJI MAJIYA"
15242,2,collision,29040,RES-1993-2929,2,"MAGAJI IBRAHIM BICHI"
13824,2,collision,27602,RES-1991-680,1,"JAMILU HAMISU KABIRU"
13824,2,collision,33263,CON-RES-1990-90,3,"MUSA DAN MALAM"
153810,2,legitimate-linked,186418,KN5188,KANGIS,"MURTALA ABDULLAHI JEGA"
153810,2,legitimate-linked,178133,CON-RES-2023-7254,3,"FAIZU MUHAMMAD GALADIMA"
56539,2,legitimate-linked,175433,RES-2016-2087,2,"BUHARI ISA HUDU"
56539,2,legitimate-linked,175458,KN3059,KANGIS,"BUHARI ISA HUDU"
153374,2,legitimate-linked,177688,CON-RES-2023-7277,3,"FAIZU MUHAMMAD GALADIMA"
153374,2,legitimate-linked,189446,KN5237,KANGIS,"MURTALA ABDULLAHI JEGA"
7929,2,collision,29593,CON-COM-1984-182,3,"ALH. SABO ABUBAKAR"
7929,2,collision,21621,RES-1992-4749,2,"MOHAMMED DANLADI"
10472,2,collision,24175,CON-RES-1986-145,3,"HAJIYA HAUWA"
10472,2,collision,30199,CON-IND-1993-6,3,"DECENT BAG INDUSTRIES LTD"
14884,2,collision,28675,RES-1993-1802,2,"A. DANLADI IBRAHIM"
14884,2,collision,38422,CON-RES-1998-15,3,"MUHTARI HASSAN"
12727,2,collision,26433,RES-1982-1987,1,"ABUBAKAR AHMAD"
12727,2,collision,24507,CON-RES-1987-1033,3,"ALHAJI MOHAMMED BELLO"
148195,2,legitimate-linked,171483,CON-AG-2009-66,3,"FAROUK BABA KOKI"
148195,2,legitimate-linked,171493,KN3657,KANGIS,"FAROUK BABA KOKI"
18103,2,collision,18903,CON-RES-RC-1982-377,3,"ALHAJI UBA RINGIM"
18103,2,collision,31907,CON-RES-1985-351,3,"ALHAJI BADAMASI SULAIMAN"
49947,2,legitimate-linked,194241,RES-2003-2756,2,"IBRAHIM ISYAKU NA ABBA"
49947,2,legitimate-linked,194256,"KNML 258",KANGIS,"SANI ABDULKADIR"
7021,2,collision,30685,CON-AG-1982-489,3,"ALHAJI HAMISU BICHI"
7021,2,collision,20705,CON-RES-1995-319,3,"JOSHUA CHINEDU EDWARD"
12784,2,collision,33279,CON-RES-1987-1131,3,"DANMANTE KAWAJE"
12784,2,collision,26556,RES-1982-2328,1,"LABARAN A. ABDULLAHI"
7308,2,collision,17014,CON-AG-1988-78,3,"ALH SANI YARO AHMED"
7308,2,collision,20995,RES-1992-3499,2,"ALH ABDULKADIR TANKO"
13635,2,collision,24026,CON-RES-1989-438,3,"ALH KABIRU SULE BALARABE"
13635,2,collision,27409,RES-1990-2028,1,"MAMUDA ADAMU"
17924,2,collision,21331,CON-RES-RC-1982-15,3,"SALE MOHAMMED"
17924,2,collision,31728,CON-IND-1984-15,3,"ALHAJI SIR MUHAMMADU SANUSI"
13328,2,collision,29907,CON-RES-1988-161,3,"RAPHAEL C.OKECHUKWU JACKSON"
13328,2,collision,27101,RES-1981-2323,1,"SULE SHEKARAU"
6989,2,collision,20673,CON-RES-1995-146,3,"ALH. GAMBO ABUBAKAR KANKAROFI"
6989,2,collision,18758,CON-AG-1982-38,3,"ALHAJI GAMBO IBRAHIM"
45732,2,legitimate-linked,168310,RES-1997-955,2,"TAHIR FADALLAH"
45732,2,legitimate-linked,168324,KN3536,KANGIS,"TAHIR FADALLAH"
11558,2,collision,22294,CON-RES-1982-487,3,"HAJIYA HAUWA YUSIF"
11558,2,collision,25262,CON-COM-1983-4,3,"ALHAJI UMARU ALI BASHARI"
153840,2,legitimate-linked,178164,CON-RES-2023-7354,3,"FAIZU MUHAMMAD GALADIMA"
153840,2,legitimate-linked,189789,KN4575,KANGIS,"MURTALA ABDULLAHI JEGA"
152226,2,legitimate-linked,175548,CON-COM-2014-4,3,"SUYUDI ABDULLAHI BATURE"
152226,2,legitimate-linked,175555,"MLKN 510",KANGIS,"SUYUDI ABDULLAHI BATURE"
12153,2,collision,25858,CON-AG-1985-165,3,"ALHAJI MUSA GARBA"
12153,2,collision,29203,CON-RES-1984-151,3,"ALHAJI MUHAMMADU PINDA GARBA"
151993,2,legitimate-linked,175244,CON-AG-2025-138,3,"UMAR ISAH ZAI"
151993,2,legitimate-linked,175257,KN5162,KANGIS,"UMAR ISAH ZAI"
7297,2,collision,29925,CON-AG-1988-50,3,"ISMA'IL FADLALLAH"
7297,2,collision,20984,RES-1992-3476,2,"ALH SURAJO ISA GAYA"
13920,2,collision,23638,CON-RES-1991-487,3,"IBRAHIM ABBAKAR"
13920,2,collision,27700,RES-1991-809,1,"UMARU DARAMAN"
17880,2,collision,31684,CON-RES-1986-154,3,"ALHAJI ISA NAMAKOLE"
17880,2,collision,21749,CON-RES-RC-1982-118,3,"YANMATA TRADING COMPONY NIGERIA LIMITED"
7911,2,collision,31732,CON-COM-1984-116,3,"ALHAJI ISA ABDULLAHI"
7911,2,collision,21603,RES-1992-4688,2,"SA'ADATU LAWAN BAJA"
12296,2,collision,26001,CON-RES-1982-1569,3,"ALHAJI SANI BAKO"
12296,2,collision,31816,CON-RES-1984-620,3,"ALHAJI ISA NA ALHAJI AMADU KARAYE"
58509,2,legitimate-optot,181261,RES-2018-4695,2,"JUWAIRIYYA AHMAD LAMIDO"
58509,2,legitimate-optot,181283,"KNML 7166",KANGIS,"JUWAIRIYYA AHMAD LAMIDO"
12016,2,collision,25721,CON-AG-1995-14,3,"ALHAJI MOHD ABDULLAHI"
12016,2,collision,24670,CON-RES-1983-544,3,"ALHAJI UMARU ALI"
164346,2,legitimate-linked,187174,CON-RES-2014-27,3,"MUHAMMAD LAWAN NAFI'U"
164346,2,legitimate-linked,187196,KN1778,KANGIS,"MUHAMMAD NAFI'U LAWAN"
13425,2,collision,34049,CON-RES-1988-416,3,"ALHAJI SALISU DANJA"
13425,2,collision,27199,RES-1991-411,1,"DR GABRIEL EKHATOR URHOGHIDE"
10426,2,collision,24129,CON-RES-1983-865,3,"MALLAM SULEIMAN AKANBI"
10426,2,collision,29466,CON-IND-1983-16,3,"ALHAJI DAN ASABE IBRAHIM"
15462,2,collision,29260,CON-COM-1984-8,3,"ALHAJI SADIKU DANGORA"
15462,2,collision,34731,CON-RES-2004-352,3,"NURA ISYAKU RABIU"
156945,2,legitimate-linked,181260,CON-RES-2023-7327,3,"FAIZU MUHAMMAD GALADIMA"
156945,2,legitimate-linked,181273,KN4780,KANGIS,"MRTALA ABDULLAHI JEGA"
10490,2,collision,31377,CON-IND-1997-10,3,"NAKUDU NIGERIA LTD"
10490,2,collision,24193,CON-RES-1986-164,3,"ALHAJI ABBA MUSA"
63743,2,legitimate-optot,172464,RES-2025-3839,2,"SALIHU BADAMASI ABDULLAHI"
63743,2,legitimate-optot,172472,KN4831,KANGIS,"SALIHU BADAMASI ABDULLAHI"
11902,2,collision,25033,CON-RES-1983-254,3,"MUHD ADAMU DUTSE"
11902,2,collision,25607,CON-RES-1984-120,3,"JABIRU YUSUF"
110401,2,collision,174745,,1,"YUNUSA AUWALU AHMAD"
110401,2,collision,174768,KN2997,KANGIS,"YUNUSA AUWALU AHMAD"
12567,2,collision,26273,CON-RES-1986-317,3,"ALHAJI UBA HARUNA"
12567,2,collision,34242,CON-RES-1986-141,3,"ALHAJI MUSA HAMZA"
12103,2,collision,25808,CON-RES-1983-683,3,"ALHAJI SULAIMAN KAZAURE"
12103,2,collision,32101,CON-RES-1983-810,3,"ALHAJI ABDULKARIM UBA USMAN"
12490,2,legitimate-linked,26196,CON-RES-1988-602,3,"SHEHU BELLO"
12490,2,legitimate-linked,34256,CON-RES-1985-539,3,"ALHAJI AWWALU DAHIRU"
11625,2,collision,25329,CON-RES-1984-353,3,"BELLO AHMED"
11625,2,collision,24948,CON-RES-1982-582,3,"ALHAJI BABA NABEGU"
165528,2,legitimate-linked,188298,CON-RES-2014-368,3,"IDRIS YUNUSA"
165528,2,legitimate-linked,188300,"KNML 2895",KANGIS,"IDRIS YUNUSA"
13966,2,legitimate-optot,27753,RES-1993-20,2,"AHMED ABUBAKAR"
13966,2,legitimate-optot,36417,CON-RES-1991-642,3,"BALA MUHAMMED GETSO"
11399,2,collision,24934,CON-RES-1982-227,3,"NAZAR & FAUZIYYA ZABATT CO LTD"
11399,2,collision,25103,CON-RES-1984-284,3,"ALHAJI SANI MADAKIN GINI"
11024,2,collision,24728,CON-RES-1985-343,3,"HAJARA MOHD UBA"
11024,2,collision,14964,CON-RES-1981-613,3,"USMAN SALIHU DANJUMA"
26791,2,legitimate-optot,177766,RES-1981-1231,1,"BASHIR OTHMAN TOFA"
26791,2,legitimate-optot,177793,"KNML 1231",KANGIS,"BASHIR OTHMAN TOFA"
7828,2,collision,26049,CON-COM-1982-59,3,"DANMARNA PETROLEUM"
7828,2,collision,21520,CON-AG-1983-71,3,"MAI UNGUWA LAWAN"
17949,2,collision,31753,CON-COM-1984-117,3,"ALHAJI MUHAMMED ZANGILE"
17949,2,collision,19814,CON-RES-RC-1982-176,3,"ALHAJI MUSTAPHA BIDA"
13117,2,collision,26890,RES-1991-212,1,"MUHAMMAD ALI DABA"
13117,2,collision,27006,CON-RES-1987-56,3,"SANI A. ABUBAKAR"
14029,2,collision,27816,RES-1993-187,2,"ALH ABBA SALISU"
14029,2,collision,36941,CON-RES-1992-264,3,"MALLAM BASIR MUSTAPHA"
12635,2,collision,26288,CON-RES-1986-323,3,"UMAR MOHAMMED SANI"
12635,2,collision,26341,CON-RES-1983-49,3,"ALHAJI IBRAHIM KUTIKI ISYAKU"
12379,2,collision,32602,CON-RES-1985-234,3,"ALH. DAHIRU JIBRIN"
12379,2,collision,26084,CON-RES-1989-266,3,"DAVID AKABOGU"
179642,2,legitimate-linked,198115,RES-2022-1838,2,"DR. ALI MUSTAPHA KURAYSH"
179642,2,legitimate-linked,198126,KN1072,KANGIS,"DR. ALI MUSTAPHA KURAYSH"
10923,2,collision,24627,CON-RES-1988-307,3,"ALHAJI SHARU MALAM"
10923,2,collision,19122,CON-RES-1981-422,3,"ALHAJI SHEHU YAHAYA"
12286,2,collision,25991,CON-AG-1982-338,3,"ALHAJI YARO GWANGWAZO"
12286,2,collision,31803,CON-RES-1984-583,3,"EMMANUEL B.A ZOALLE"
18162,2,collision,21741,CON-RES-RC-1982-436,3,"ALHAJI YAU ABDULKADIR"
18162,2,collision,31966,CON-RES-1982-914,3,"HALADU USMAN"
18139,2,collision,31943,CON-RES-1982-979,3,"ALHAJI ADAMU UMARU MOHAMMED"
18139,2,collision,20389,CON-RES-RC-1982-413,3,"ALHAJI LAWAN MAI ATAMFA"
10999,2,collision,24703,CON-RES-1985-94,3,"ALHAJI KABIRU SANI"
10999,2,collision,14480,CON-RES-1981-575,3,"OSENI BALOGUN"
52107,2,legitimate-linked,179228,RES-2009-200,2,"MUHAMMAD ADAMU FAGGE"
52107,2,legitimate-linked,179254,"KNML 1835",KANGIS,"SHARURAMDAN  UBA"
10752,2,collision,19097,CON-RES-1981-143,3,"MATTHEW ASIFO OGICIRICI"
10752,2,collision,24455,CON-RES-1987-634,3,"MR.ERIC OBIAKONZE"
12455,2,collision,26161,CON-RES-1989-606,3,"REV. ARC. ELLIS OGBOGU EZENEKWE"
12455,2,collision,25410,CON-RES-1985-458,3,"NASIRU MOHAMMED"
65344,2,legitimate-optot,175002,RES-RC-1982-1313,1,"MR ETHELBERT A ONUOHA"
65344,2,legitimate-optot,175032,KN3125,KANGIS,"MR ETHELBERT A ONUOHA"
165264,2,legitimate-optot,188053,RES-2012-3990,2,"SABIU UMAR"
165264,2,legitimate-optot,188055,"KNML 2887",KANGIS,"SABIU UMAR"
11740,2,collision,25444,CON-RES-1989-279,3,"ALH YALWA ABUBAKAR"
11740,2,collision,31959,CON-RES-1982-803,3,"ALHAJI ISA BALARABE"
30871,2,legitimate-linked,182094,RES-1985-429,1,"HALIMA ABUBAKAR MAHE"
30871,2,legitimate-linked,182121,"KNML 1709",KANGIS,"HALIMA ABUBAKAR MAHE"
12716,2,legitimate-optot,30850,CON-RES-1987-1018,3,"AL FAJR CHARITY FOUNDATION"
12716,2,legitimate-optot,26422,RES-1982-1969,1,"WADA MOHD ALIYU"
32603,2,legitimate-optot,178774,RES-1987-417,1,"BELKASSIM MOHAMMED"
32603,2,legitimate-optot,178775,"KNML 1770",KANGIS,"BELKASSIM MOHAMMED"
14173,2,collision,27960,RES-1993-857,2,"ALH MAAZU DAFI"
14173,2,collision,37192,CON-RES-1992-97,3,"ABDULKADIR AHMED GOSHI"
12021,2,collision,25726,CON-COM-1995-103,3,"DANTATA & SAWOE"
12021,2,collision,25017,CON-RES-1983-566,3,"ALHAJI MUDI SHEHU"
15201,2,collision,28999,RES-1993-3976,2,"ALHAJI UBA BALARABE"
15201,2,collision,47046,CON-RES-2001-305,3,"ALHAJI SHEHU MUSA"
12073,2,collision,25778,CON-RES-1989-180,3,"AMINU UMAR"
12073,2,collision,25815,CON-RES-1983-723,3,"ALHAJI UBA MOHAMMED AJINGI"
61819,2,legitimate-linked,176014,RES-2023-5517,2,"MR MOHAMMAD FANAZ"
61819,2,legitimate-linked,176022,KN3769,KANGIS,"MR MOHAMMAD FAWAZ"
50543,2,legitimate-optot,193670,RES-2005-1315,2,"ALA HAUWA MUHAMMAD"
50543,2,legitimate-optot,193692,"KNML 1395",KANGIS,"ALA HAUWA MUHAMMAD"
159376,2,legitimate-linked,183102,CON-RES-2025-122,3,"AIMAK PROPERTIES LIMITED"
159376,2,legitimate-linked,183118,KN4748,KANGIS,"AIMAK PROPERTIES LIMITED"
14899,2,collision,28690,RES-1993-1825,2,"NA'UMMA MADIGAWA / YAKUBU DAN ISA USMAN"
14899,2,collision,38417,CON-RES-1998-206,3,"ALHAJI ABUBAKAR AHMED"
5450,2,legitimate-linked,178627,COM-2024-795,1,"UMAR MUSA"
5450,2,legitimate-linked,178648,KN2893,KANGIS,"UMAR MUSA"
13298,2,collision,27071,RES-1982-2269,1,"MR. JODEPH SUNDAY ABIKOYE"
13298,2,collision,24604,CON-RES-1987-992,3,"ALHAJI ZUBAIRU SAIDU"
7032,2,collision,25996,CON-AG-1982-539,3,"ALH.IBRAHIM MALANTA YUSUF"
7032,2,collision,20717,CON-RES-1995-446,3,"ALH. NUHU BADAMASI"
11965,2,collision,25270,CON-RES-1983-399,3,"MRS JULIEN BABARINDE"
11965,2,collision,25670,CON-AG-1983-34,3,"ALHAJI ABUBAKAR RARAU"
13948,2,collision,27735,RES-1991-849,1,"ALH UMARU BABA G/HAYA"
13948,2,collision,36278,CON-RES-1991-570,3,"ALHAJI UMAR GAMBO DABAI"
8297,2,collision,31512,CON-COM-1994-9,3,"ALHAJI M. B YUSUF"
8297,2,collision,21996,RES-1992-5817,2,"MA'U AINAINI"
12353,2,collision,34257,CON-RES-1985-142,3,"MR MURTALA AKANDE"
12353,2,collision,26058,CON-AG-1982-305,3,"ALHAJI IBRAHIM TATASHI"
17843,2,collision,31647,CON-RES-1982-931,3,"ALHAJI AHMED WADA"
17843,2,collision,25795,CON-RES-RC-1981-9,3,"ALHAJI ISYAKU DUROWOJU"
10922,2,legitimate-linked,24626,CON-RES-1988-309,3,"NASIRU MUSA ZIYARA SUMAILA"
10922,2,legitimate-linked,19113,CON-RES-1981-418,3,"ALHAJI TSOHO MAI KARFE"
37329,2,legitimate-linked,183061,RES-1991-5210,1,"IBRAHIM ADO"
37329,2,legitimate-linked,183075,"KNML 1724",KANGIS,"IBRAHIM ADO"
11715,2,collision,25419,CON-RES-1985-603,3,"MOHAMMED ALI"
11715,2,collision,25166,CON-RES-1982-748,3,"ALHAJI ABUBAKAR IDRIS SALEH"
11901,2,collision,24092,CON-RES-1983-25,3,"ALHAJI UBA MOHAMMED"
11901,2,collision,25606,CON-RES-1984-119,3,"MOHAMMADU USMAN"
11577,2,collision,25281,CON-RES-1983-586,3,"ALHAJI SA'ADU GETSO"
11577,2,collision,35282,CON-RES-1982-512,3,"ALHAJI RABI'U IBRAHIM"
12858,2,legitimate-optot,26630,RES-1982-2125,1,"USMAN MUHD NASIB"
12858,2,legitimate-optot,33838,CON-RES-1987-1303,3,"ALHAJI NASIRU ISA"
42101,2,legitimate-linked,187390,RES-1993-7107,2,"SABO MUHAMMED"
42101,2,legitimate-linked,187396,"KNML 2863",KANGIS,"SABO MUHAMMED"
154904,2,legitimate-linked,179249,CON-RES-2024-77,3,"FAHAD MUHAMMAD HALILU"
154904,2,legitimate-linked,179253,KN4703,KANGIS,"FAHAD MUHAMMAD HALILU"
7154,2,collision,20841,RES-1992-3266,2,"RABIU AHMED"
7154,2,collision,26239,CON-AG-1984-41,3,"ALHAJI ADO ABDULLAHI"
175069,2,legitimate-linked,194646,CON-COM-2009-329,3,"DR. SANI ALHASSAN"
175069,2,legitimate-linked,194653,KN4423,KANGIS,"DR. SANI ALHASSAN"
7830,2,collision,21522,CON-AG-1981-180,3,"ALHAJI TSOHO ABUBAKAR"
7830,2,collision,15831,CON-COM-1982-6,3,"MOHD AKIBU AHMAD"
158825,2,legitimate-linked,182680,RES-1992-1790,2,"MAIRO LIMAN & MAIMUNA USMAN"
158825,2,legitimate-linked,182681,"KNML 1941",KANGIS,"MOHAMMED  KAMALDEEN LUKMAN"
13264,2,legitimate-optot,24576,CON-RES-1987-898,3,"ALHAJI DANJUMA TELA"
13264,2,legitimate-optot,27037,RES-1982-2228,1,"AUWALU ZUBAIRU DAN GORA"
11923,2,collision,25032,CON-RES-1983-293,3,"ALHAJI AMINU BALA TALLE"
11923,2,collision,25628,CON-RES-1984-135,3,"RABIU SULAIMAN DANGUGUWA"
149560,2,legitimate-linked,181883,"KNML 1995",KANGIS,"DAU ADAMU ALIYU"
149560,2,legitimate-linked,172841,RES-2004-484,2,"SALISU M. GARBA"
153363,2,legitimate-linked,177669,CON-RES-2023-7255,3,"FAIZU MUHAMMAD GALADIMA"
153363,2,legitimate-linked,190258,KN4535,KANGIS,"MURTALA ABDULLAHI JEGA"
6936,2,collision,20620,RES-1992-3182,2,"ISAH ADO"
6936,2,collision,16456,CON-AG-1982-226,3,"ALHAJI MA'AZU TAMBURAWA"
67654,2,legitimate-linked,197355,,1,"SATATIMA PROJECT DEVELOPMENT"
67654,2,legitimate-linked,197390,KN3150,KANGIS,"SATATIMA PROJECT DEVELOPMENT"
42758,2,legitimate-optot,186253,RES-1994-2257,2,"BABA NASIRU LAWAL"
42758,2,legitimate-optot,186268,"KNML 256",KANGIS,"BABA NASIRU LAWAL"
13507,2,legitimate-optot,27281,RES-1991-522,1,"MOHD GAMBO"
13507,2,legitimate-optot,35795,CON-RES-1988-629,3,"AUWALU ABDULHAMID"
16081,2,collision,29880,CON-RES-1994-636,3,"ALHAJI ABUBAKAR USMAN"
16081,2,collision,22109,CON-RES-2009-206,3,"ALH. NABABA ABDULMUMINI"
60687,2,legitimate-linked,196319,RES-2021-1522,2,"ALH MUHD MAI KWAKWA"
60687,2,legitimate-linked,196365,"KNML 8893",KANGIS,"ALH MUHD MAI KWAKWA"
17542,2,legitimate-linked,191685,KN5213,KANGIS,"MURTALA ABDULLAHI JEGA"
17542,2,legitimate-linked,31345,CON-RES-1995-552,3,"MALLAM IBRAHIM MAI GADI"
168382,2,collision,190485,RES-2008-570,2,"RABI'U MUSA"
168382,2,collision,190492,RES-2008-569,2,"MUKTAR RABI'U"
172194,2,legitimate-linked,192639,COM-2001-227,1,"FARIDAH A. MOHD"
172194,2,legitimate-linked,192646,"MLKN 4461",KANGIS,"FARIDAH A. MOHD"
12625,2,collision,26331,CON-RES-1983-38,3,"ALHAJI ABBA NUHU"
12625,2,collision,24869,CON-RES-1986-302,3,"ALH ABDU MAIKUDI MAIWAKE"
14831,2,collision,37263,CON-RES-1997-280,3,"ALHAJI AUWALU ALHASSAN"
14831,2,collision,28621,RES-1993-1448,2,"MALLAM HAMISU, MALLAM ZANGINA"
13740,2,collision,35892,CON-RES-1990-268,3,"VICTOR AKUJOBI"
13740,2,collision,27517,RES-1991-579,1,"MALLAM ALI IBRAHIM"
28942,2,legitimate-linked,182701,RES-1982-269,1,"ALH RABI'U ADAMU MURI"
28942,2,legitimate-linked,182706,"KNML 1719",KANGIS,"RABI'U ADAMU MURI"
14569,2,collision,31188,CON-RES-1995-180,3,"ABRAHAM AMUTSAGHAN OGBODOBRI"
14569,2,collision,28356,RES-1992-7360,2,"UMARU ALI"
10263,2,collision,32562,CON-COM-RC-1982-15,3,"ABDULKADIR S. BUHARI"
10263,2,collision,23965,CON-RES-1989-299,3,"ALH. WADA YAHAYA KURA"
11490,2,collision,25194,CON-RES-1984-312,3,"ALHAJI HAMISU MOHAMMED"
11490,2,collision,22334,CON-RES-1982-380,3,"ALHAJI SURAJO USMAN"
11666,2,collision,25370,CON-RES-1982-732,3,"MALLAM SIRAJO M. IBRAHIM"
11666,2,collision,23454,CON-RES-1982-636,3,"MALLAM DAU KURAWA"
7705,2,collision,21396,RES-1992-4403,2,"LIMAN UMARU"
7705,2,collision,16173,CON-COM-1981-64,3,"ALHAJI MUSA INUWA"
19496,2,collision,183054,IND-RC-1982-41,1,"B AND B LEATHER LIMITED"
19496,2,collision,33301,CON-RES-1988-406,3,"ABDULKADIR HARUNA"
24051,2,collision,47018,CON-RES-2000-121,3,"ALHAJI AMINU ALHASSAN DANTATA"
24051,2,collision,47068,CON-RES-1999-263,3,"ALH ADAMU ABUBAKAR"
36965,2,collision,172324,,1,"BALARABE IBRAHIM"
36965,2,collision,172336,"KNML 9055",KANGIS,"BALARABE IBRAHIM"
11964,2,collision,24377,CON-RES-1983-395,3,"MUSTAPHA ALHAJI AUDU"
11964,2,collision,25669,CON-AG-1983-32,3,"ALHAJI TANKO TAILOR"
167759,2,legitimate-linked,189984,CON-RES-2017-119,3,"UMMI KABIR"
167759,2,legitimate-linked,189997,"KNML 4759",KANGIS,"UMMI KABIR"
10736,2,collision,24439,CON-RES-1987-757,3,"ALHAJI BABAN GWARI SANI"
10736,2,collision,14544,CON-RES-1981-106,3,"ALHAJI UBA HIKIMA"
12074,2,collision,25779,CON-RES-1989-181,3,"ALHAJI UMARU ALI"
12074,2,collision,25816,CON-RES-1983-724,3,"ALHAJI UBA MOHAMMED AJINGI"
172243,2,legitimate-linked,192656,,2,"SALIHU NA UMMA"
172243,2,legitimate-linked,192663,"KNML 911",KANGIS,"LAWAN MUKTAR MUKTAR"
13168,2,collision,24523,CON-RES-1987-702,3,"TAOFIK A. O. LAWAL"
13168,2,collision,26941,RES-1991-274,1,"ALH. LAWAN LAWAN"
12409,2,collision,30793,CON-RES-1985-333,3,"ADAMU MOHAMMED BASHIR"
12409,2,collision,26114,CON-RES-1989-468,3,"ALHAJI GARBA KASSIM"
175527,2,legitimate-linked,194949,RES-2002-2983,2,"ALH ABUBAKAR ALIYU"
175527,2,legitimate-linked,194955,"KNML 9916",KANGIS,"ALH ABUBAKAR ALIYU"
153386,2,legitimate-linked,179516,KN5165,KANGIS,"MURTALA ABDULLAHI JEGA"
153386,2,legitimate-linked,177699,CON-RES-2023-7230,3,"FAIZU MUHAMMAD GALADIMA"
7890,2,collision,21582,RES-1992-4607,2,"ABUBAKAR MUHAMMADU"
7890,2,collision,29505,CON-COM-1983-50,3,"ALHAJI SULE MUHAMMED"
56382,2,legitimate-optot,175010,RES-2016-1455,2,"MARWAN ABDULKADIR HUSSAIN IBRAHIM"
56382,2,legitimate-optot,175033,KN3332,KANGIS,"M MUSA ABUBAKAR"
45731,2,legitimate-linked,174658,RES-1997-954,2,"TAHIR FADLALLAH"
45731,2,legitimate-linked,174659,KN3538,KANGIS,"TAHIR FADLALLAH"
16224,2,collision,21933,CON-RES-2009-725,3,"MUHAMMAD LAWAN USMAN"
16224,2,collision,30023,CON-RES-1990-61,3,"UWANI ALH BALANTI"
6917,2,collision,20601,RES-1992-3161,2,"ALH GARBA MUHAMMED"
6917,2,collision,15597,CON-AG-1982-181,3,"ALHAJI AMADU ALI"
13792,2,collision,27569,RES-1991-647,1,"AHMED SANDA"
13792,2,collision,36246,CON-RES-1990-428,3,"ALHAJI MUSA SALIHU BUNKURE"
10253,2,collision,23955,CON-RES-1989-300,3,"ALHAJI WADA YAHAYA KURA"
10253,2,collision,32532,CON-COM-RC-1981-519,3,"ALHAJI SALISU SANI"
68297,2,legitimate-linked,169461,RES-RC-2007-4,1,"NIGERIA SPANNISH ENGINEERING LTD"
68297,2,legitimate-linked,169482,"KNML 186",KANGIS,"NIGERIA SPANNISH ENGINEERING LTD"
13790,2,collision,30093,CON-RES-1990-425,3,"ALHAJI SANI ILIYASU BICHI"
13790,2,collision,27567,RES-1991-645,1,"AHMED AUYO"
164081,2,legitimate-linked,186983,CON-RES-2020-507,3,"NNAJI EMMANUEL"
164081,2,legitimate-linked,187149,KN3801,KANGIS,"NNAJI EMMANUEL"
26928,2,legitimate-linked,173346,RES-2019-3534,2,"KABIRU SANI"
26928,2,legitimate-linked,173372,KN3097,KANGIS,"KABIRU SANI"
13694,2,collision,25454,CON-RES-1989-90,3,"ISMAILA UMAR USMAN"
13694,2,collision,27470,RES-1990-4031,1,"MA'AZZAM M. MANSOOR"
175963,2,legitimate-linked,195204,CON-COM-2009-139,3,"ALH SURAJO SANI MARSHAL"
175963,2,legitimate-linked,195211,KN4829,KANGIS,"ALH SURAJO SANI MARSHAL"
18074,2,collision,31878,CON-RES-1984-35,3,"DR.EANEST EZENDUKA"
18074,2,collision,21486,CON-RES-RC-1982-346,3,"ALHAJI MUHTARI UBA"
6896,2,collision,20580,RES-1992-3138,2,"SALISU IDRIS"
6896,2,collision,18165,CON-AG-1982-138,3,"ALH. HAMZA ALI BASHARI"
10889,2,collision,24593,CON-RES-1987-910,3,"P.F.O UDENWA"
10889,2,collision,14961,CON-RES-1981-351,3,"MISS KATE ATSEGBUA"
8582,2,collision,32982,CON-COM-2003-181,3,"ASAIJA OIL NIGERIA LIMITED"
8582,2,collision,22281,CON-RES-1982-1291,3,"ALHAJI MUSA .A. INUWA YARGAYA"
14481,2,collision,17549,CON-RES-1994-490,3,"ALHAJI ABUBAKAR MUSA MAIKUSA"
14481,2,collision,28268,RES-1994-1918,2,"ALHAJI SANI TSALHA"
12825,2,collision,26597,RES-1982-2405,1,"SHEHU USMAN HASSAN"
12825,2,collision,24514,CON-RES-1987-1233,3,"ALHAJI AHMED SA'IDU WASAI"
11722,2,collision,23584,CON-RES-1982-766,3,"ALHAJI MOHAMMED IBRAHIM"
11722,2,collision,25426,CON-RES-1985-608,3,"ALHAJI MUSTAPHA ABDUL-BIDA"
13004,2,collision,26776,RES-1991-84,1,"DANLADI YAHAYA"
13004,2,collision,32160,CON-RES-1987-303,3,"ALHAJI SALAWO A KAYOLA"
10481,2,collision,24184,CON-RES-1986-169,3,"ALH MUSA SANI"
10481,2,collision,31300,CON-IND-1995-7,3,"MOBEN (BODY CARE) PRODUCTS LIMITED"
14317,2,collision,28104,RES-1993-1685,2,"ALH MAIKUDI MAIRIGA"
14317,2,collision,22254,CON-RES-1993-81,3,"ALHAJI MADDIBO MUHAMMAD"
161193,2,legitimate-linked,184642,CON-COM-2021-134,3,"PRINCE EMEKA BENFRANK ONYIDO"
161193,2,legitimate-linked,184661,"MLKN 4519",KANGIS,"PRINCE EMEKA BENFRANK ONYIDO"
13499,2,legitimate-optot,25913,CON-RES-1988-606,3,"MR FESTUS UTUBOR"
13499,2,legitimate-optot,27273,RES-1991-512,1,"HALIMA A.S. DANTATA"
17739,2,collision,19538,CON-RES-RC-1981-12,3,"ALHAJI AMINU BABA"
17739,2,collision,31543,CON-AG-2004-31,3,"SANI HARUNA"
12586,2,collision,26292,CON-RES-1986-326,3,"MUHAMMADU GARBA"
12586,2,collision,24822,CON-RES-1986-202,3,"MR EMMANUAL A AJAYI"
15116,2,collision,47037,CON-RES-2000-204,3,"BALA MUHAMMED"
15116,2,collision,28912,RES-1993-3210,2,"ADAMU MOHAMMED"
11466,2,collision,25170,CON-RES-1982-753,3,"ALHAJI UMARU FAROUK"
11466,2,collision,31061,CON-RES-1982-348,3,"JAFARU  ALIYU"
171869,2,legitimate-linked,192400,CON-RES-2023-7220,3,"FAIZU MUHAMMAD GALADIMA"
171869,2,legitimate-linked,192407,KN5257,KANGIS,"MURTALA ABDULLAHI JEGA"
54488,2,legitimate-optot,181750,RES-2014-2694,2,"ALH. HASSAN MUSTAPHA"
54488,2,legitimate-optot,181770,"KNML 9632",KANGIS,"ALH. HASSAN MUSTAPHA"
13012,2,collision,30885,CON-RES-1987-321,3,"MR FREDRICK .I. AMAEFUNA"
13012,2,collision,26784,RES-1991-98,1,"USAMATU GARBA"
8439,2,collision,22139,CON-RES-2009-644,3,"MUHAMMAD ABDULLAHI"
8439,2,collision,30303,CON-COM-1999-43,3,"SAMEER HAMISU"
156364,2,legitimate-linked,180739,CON-RES-2023-7290,3,"FAIZU MUHAMMAD GALADIMA"
156364,2,legitimate-linked,180760,KN5107,KANGIS,"MURTALA ABDULLAHI JEGA"
7116,2,collision,20803,RES-1992-3422,2,"ADAMU MOHAMMED"
7116,2,collision,20401,CON-AG-1983-31,3,"ABUBAKAR RABIU"
14418,2,collision,31436,CON-RES-1994-339,3,"ALHAJI SABO LAWAN KABARA"
14418,2,collision,28205,RES-1993-2507,2,"OYELEYE KOLAPO"
17757,2,collision,31561,CON-COM-2004-87,3,"ALHAJI HAFIZU A RINGIM"
17757,2,collision,34286,CON-RES-RC-1981-14,3,"ALHAJI BALA KONTOROLA"
175293,2,legitimate-linked,194781,CON-COM-2024-208,3,"AMINU SALEH"
175293,2,legitimate-linked,194787,KN5359,KANGIS,"AMINU SALEH"
6006,2,legitimate-optot,19683,RES-1992-2807,2,"MAGAJI ISAH"
6006,2,legitimate-optot,171422,COM-RC-1982-257,1,"ALH. MUHAMMAD SANI."
153342,2,legitimate-linked,177644,RES-2010-4282,2,"TIJJANI ZAKIRAI"
153342,2,legitimate-linked,177657,"KNML 35",KANGIS,"TIJJANI ZAKIRAI"
50397,2,legitimate-linked,191663,RES-2004-782,2,"GARBA MUSA DANDALAMA"
50397,2,legitimate-linked,191696,"KNML 2411",KANGIS,"GARBA MUSA DANDALAMA"
46506,2,legitimate-linked,196423,RES-2000-1510,2,"ABUBAKAR BALARABE MAHMOUD"
46506,2,legitimate-linked,196436,KN3873,KANGIS,"ABUBAKAR BALARABE MAHMOUD"
8231,2,collision,33149,CON-COM-1993-2,3,"NUHU MOHAMMED SANUSI"
8231,2,collision,21928,CON-RES-2009-92,3,"EMMANUEL OBI"
13859,2,collision,27637,RES-1991-720,1,"ADAMU SHEHU ALARAMMA"
13859,2,collision,36504,CON-RES-1991-23,3,"SHARUV ABDU FARI"
18543,2,collision,19469,CON-RES-RC-1984-35,3,"ALHAJI AMINU IBRAHIM"
18543,2,collision,32348,CON-RES-1987-1149,3,"THE SALVATION ARMY"
12928,2,legitimate-optot,26700,RES-1982-25,1,"NURA BAKO"
12928,2,legitimate-optot,30822,CON-RES-1987-16,3,"HASHIM UBALE YUSUFU"
48080,2,legitimate-optot,194675,RES-2001-2802,2,"AMINU S SODA"
48080,2,legitimate-optot,194679,KN4200,KANGIS,"AMINU S SODA"
17607,2,collision,179477,KN5244,KANGIS,"MURTALA ABDULLAHI JEGA"
17607,2,collision,31410,CON-RES-1997-358,3,"HADI USMAN"
44738,2,legitimate-linked,192265,RES-1996-359,2,"ALHAJI YA'U IDRIS GARBA"
44738,2,legitimate-linked,192300,KN4470,KANGIS,"ALHAJI YA'U IDRIS GARBA"
7653,2,collision,15297,CON-COM-1981-10,3,"ALHAJI NURA UMARU"
7653,2,collision,21344,CON-AG-1991-20,3,"AHMED K ADO"
8273,2,collision,21972,RES-1992-5751,2,"MALLAM GARBA MOHAMMED"
8273,2,collision,31501,CON-COM-1994-22,3,"ALHAJI ADO MAIGADO"
11010,2,collision,14494,CON-RES-1981-591,3,"ALHAJI ABDULMAJID JIBRIN"
11010,2,collision,24714,CON-RES-1985-323,3,"MUHAMMAD BABANGIDA MUZAKKARI"
60469,2,legitimate-linked,182199,COM-2023-474,1,"ABUBAKAR SAHABA BAWURO"
60469,2,legitimate-linked,182207,"MLKN 4222",KANGIS,"ABUBAKAR SAHABA BAWURO"
29859,2,legitimate-linked,187326,RES-1983-633,1,"ALH MOHD MUSA SHEHU"
29859,2,legitimate-linked,187375,"KNML 276",KANGIS,"ALH MOHD MUSA SHEHU"
17987,2,collision,31791,CON-RES-1984-567,3,"MR.EYANMANU IKPEBE"
17987,2,collision,32422,CON-RES-RC-1982-210,3,"ALHAJI IBRAHIM NAGODI"
13426,2,collision,27200,RES-1991-412,1,"EUNICE OLUSOLA FASEFHA"
13426,2,collision,34044,CON-RES-1988-419,3,"ALHAJI IBRAHIM GARBA"
7457,2,collision,32984,CON-AG-2003-8,3,"ALHAJI ABDULLAHI GARBA"
7457,2,collision,21148,CON-RES-1994-216,3,"ALHAJI ALHASSAN MOHAMMED GAMA"
11892,2,collision,24083,CON-RES-1983-221,3,"MUHAMMAD SHEHU BIRMA"
11892,2,collision,25597,CON-RES-1984-343,3,"MR. SAMUEL ORAZU"
48852,2,legitimate-linked,179570,RES-2002-2493,2,"BILKISU ILYASU MUHAMMAD"
48852,2,legitimate-linked,179593,"KNML 1844",KANGIS,"ALH. YAKUBU MOHAMMED NAKUDU"
8442,2,collision,22142,CON-RES-2009-757,3,"ALH.HABIBU USMAN KUNFADA GARKO"
8442,2,collision,30315,CON-COM-1999-57,3,"ALH MUTARI SANI K/RUWA"
176450,2,legitimate-linked,195636,CON-RES-2017-54,3,"MUHAMMAD TABET ABDULKADIR"
176450,2,legitimate-linked,195660,"KNML 4592",KANGIS,"TABET ABDULKADIR MUHAMMAD"
42064,2,legitimate-linked,192192,RES-1993-6949,2,"IDRIS AHMED BABAN HAJIYA"
42064,2,legitimate-linked,192201,"KNML 903",KANGIS,"IDRIS AHMED BABAN HAJIYA"
17902,2,collision,32437,CON-RES-RC-1982-1308,3,"ALHAJI HAMISU BICHI"
17902,2,collision,31706,CON-RES-1986-263,3,"MR. AJ WOLE OYELEYE"
13730,2,collision,27507,RES-1990-4083,1,"ALH UMARU YAHAYA ABUBAKAR"
13730,2,collision,30113,CON-RES-1990-241,3,"ALHAJI MOHAMMED MOHMMADU"
160660,2,legitimate-linked,184128,SLTR-112128,SLTR,"NWOSU OBINNA"
160660,2,legitimate-linked,184137,KN5501,KANGIS,"NWOSU OBINNA"
7249,2,collision,20936,CON-RES-1993-563,3,"MRS HALIMA M UMAR"
7249,2,collision,30527,CON-AG-1987-126,3,"SULEIMAN IBRAHIM TAHUN"
158838,2,legitimate-linked,182691,CON-COM-2024-40,3,"BY PAINTS & GENERAL ENT. LTD"
158838,2,legitimate-linked,182694,KN4166,KANGIS,"BY PAINTS & GENERAL ENT. LTD"
13467,2,collision,33325,CON-RES-1988-519,3,"JUBRIL OYEWUNMI"
13467,2,collision,27241,RES-1991-472,1,"ALHAJI ISA DANTUBE"
104649,2,legitimate-linked,168843,CON-COM-2024-397,3,"SANUSI ABDULKADIR DANTATA"
104649,2,legitimate-linked,168869,KN5352,KANGIS,"SANUSI ABDULKADIR DANTATA"
18020,2,collision,19822,CON-RES-RC-1982-291,3,"ALHAJI MUSA MAI KUSA"
18020,2,collision,31824,CON-RES-1984-563,3,"MRS. RUTH EGHAGHA"
8694,2,collision,34884,CON-COM-2005-39,3,"IBRAHIM ILU KURA & SONS LTD"
8694,2,collision,22393,RES-1992-6411,2,"ADAMU ABDULKARIM"
12820,2,legitimate-linked,32396,CON-RES-1987-1218,3,"ALHAJI AHMADU LOKON MAKERA"
12820,2,legitimate-linked,26592,RES-1982-2412,1,"ALH UBA MOHAMMAD"
7155,2,collision,20842,RES-1992-3268,2,"MUAZU IBRAHIM YAKASAI"
7155,2,collision,26244,CON-AG-1984-410,3,"MR JOHN OLU GBADEBO"
10462,2,collision,30659,CON-IND-1989-2,3,"ALHAJI IBRAHIM AHMAD"
10462,2,collision,24165,CON-RES-1986-362,3,"ALHAJI YAKUBU MAIKUDI"
57654,2,legitimate-linked,189542,RES-2018-1194,2,"SANI KABIRU HARUNA"
57654,2,legitimate-linked,189554,KN4093,KANGIS,"SANI KABIRU HARUNA"
45181,2,legitimate-optot,170130,RES-1997-1172,2,"TAHIR GUEST PALACE"
45181,2,legitimate-optot,170159,KN3533,KANGIS,"TAHIR GUEST PALACE LTD"
46211,2,legitimate-linked,185596,RES-1999-23,2,"KABIRU TURAJO ABUBAKAR"
46211,2,legitimate-linked,185663,KN3053,KANGIS,"KABIRU ABUBAKAR TURAJO"
14186,2,collision,37106,CON-RES-1993-142,3,"NURA ABBA MUSA RIMI"
14186,2,collision,27973,RES-1993-883,2,"LAWAN MUSA"
17922,2,collision,31726,CON-IND-1984-14,3,"ALHAJI SIR MUHAMMADU SANUSI"
17922,2,collision,20354,CON-RES-RC-1982-148,3,"ALHAJI TURAWA YOLA"
11878,2,collision,25583,CON-RES-1993-621,3,"ALHAJI IBRAHIM YA'U"
11878,2,collision,35253,CON-RES-1983-193,3,"HAMZA AHMED BICHI"
13041,2,collision,32502,CON-RES-1987-382,3,"ALHAJI UMARU IBRAHIM"
13041,2,collision,26813,RES-1991-129,1,"NASIDI USMAN YALWA"
14633,2,legitimate-linked,28421,RES-1992-7538,2,"MUNTARI RABI'U"
14633,2,legitimate-linked,20697,CON-RES-1995-402,3,"ALHAJI MASHOOD RAJI"
12077,2,collision,25782,CON-RES-1989-190,3,"SANI ABUBAKAR ALIYU"
12077,2,collision,25823,CON-RES-1983-736,3,"ALHAJI ABUBAKAR ABBA DUTSE"
178713,2,legitimate-linked,198133,CON-COM-2014-163,3,"ISAH MUSA IBRAHIM"
178713,2,legitimate-linked,198145,KN988,KANGIS,"ISAH MUSA IBRAHIM"
7685,2,collision,21376,RES-1992-4379,2,"ALH SHEHU SANI"
7685,2,collision,15825,CON-COM-1981-279,3,"KOKIYA PETROLEUM PRODUCTS HAULAGE LTD"
10888,2,collision,19156,CON-RES-1981-350,3,"FELIX OLUBAYO ODEJIMI"
10888,2,collision,24592,CON-RES-1987-905,3,"ALHAJI MUSA BALA MOHAMMED"
8194,2,collision,21891,CON-RES-2009-763,3,"UMAR MUHAMMAD SHUAIBU"
8194,2,collision,33424,CON-COM-1992-48,3,"ALHAJI HAMZA ABDU BICHI"
8364,2,collision,32682,CON-COM-1997-18,3,"ALH LABARAN KANO"
8364,2,collision,22063,CON-RES-2009-87,3,"BERNARD AGU EKWUEME"
47031,2,legitimate-linked,192708,RES-2000-2953,2,"AMINU AHMAD ADAMU"
47031,2,legitimate-linked,192723,"KNML 914_1",,"SUFIAN LAWAL"
12481,2,collision,30469,CON-RES-1985-523,3,"ALHAJI DANLADI HARUNA"
12481,2,collision,26187,CON-RES-1988-363,3,"MR EMMANUEL N.C ECHEDON"
168041,2,legitimate-linked,190200,RES-1994-88,2,"AMINU USMAN"
168041,2,legitimate-linked,190210,"KNML 6984",KANGIS,"AMINU USMAN"
17896,2,collision,21338,CON-RES-RC-1982-13,3,"ALHAJI ZAKARI MAI KUSA"
17896,2,collision,31700,CON-RES-1986-29,3,"MR. J. ABOLAJI"
7675,2,collision,21366,CON-AG-1989-126,3,"ALHAJI USMAN WADA"
7675,2,collision,15271,CON-COM-1981-18,3,"ALHAJI ALI ABBA DARIDO"
160746,2,legitimate-linked,184242,CON-RES-2009-190,3,"ALH NABABA ABDULMUMINI"
160746,2,legitimate-linked,184264,"KNML 1733",KANGIS,"GODWING UMEANULUGWO"
11344,2,collision,23547,CON-RES-1982-1634,3,"ALHAJI ISA ADEOYE"
11344,2,collision,25048,CON-RES-1984-292,3,"ALHAJI FATAI LEKAN AKOREDE"
18551,2,collision,19472,CON-RES-RC-1984-41,3,"SAMIRU GWADABE INUWA"
18551,2,collision,32356,CON-RES-1987-1068,3,"ALHAJI BALARABE K. UMAR"
153552,2,legitimate-linked,177860,RES-1995-1434,2,"LAWAN SAYYADI"
153552,2,legitimate-linked,177863,"KNML 45",KANGIS,"LAWAN SAYYADI"
54493,2,legitimate-linked,195740,RES-2014-2700,2,"FATIMA MOHAMMED"
54493,2,legitimate-linked,195758,"KNML 9671",KANGIS,"FATIMA MOHAMMED"
163415,2,legitimate-linked,186524,RES-2009-1949,2,"AYUBA HASSAN A"
163415,2,legitimate-linked,186530,"KNML 1539",KANGIS,"ADAMU USMAN INUSA"
34180,2,legitimate-optot,195791,RES-1989-247,1,"ALIYU LAWAN"
34180,2,legitimate-optot,195862,KN3653,KANGIS,"ALIYU LAWAN"
7950,2,collision,29571,CON-COM-1984-68,3,"ALHAJI MUHAMMADU DAN SARARI"
7950,2,collision,21643,RES-1992-4779,2,"SHEHU ABDU"
11659,2,collision,25363,CON-RES-1982-763,3,"AUDU MOHAMMED DURUMIN IYA"
11659,2,collision,26043,CON-RES-1982-629,3,"ALHAJI AHMAD RUFAI MAHMOUD"
32782,2,legitimate-linked,188699,,1,"AHMED IDRIS"
32782,2,legitimate-linked,188715,"KNML 2438",KANGIS,"AHMED IDRIS"
151324,2,legitimate-linked,174556,CON-COM-2022-314,3,"JAMILU USMAN KURNA"
151324,2,legitimate-linked,174584,KN4415,KANGIS,"JAMILU USMAN KURNA"
41835,2,legitimate-linked,174555,RES-1993-4483,2,"ALH HUSSAIN MUHAMAD"
41835,2,legitimate-linked,174563,KN3678,KANGIS,"ALH HUSSAIN MUHAMAD"
17992,2,collision,31796,CON-RES-1984-684,3,"ALHAJI SHU'AIBU"
17992,2,collision,31040,CON-RES-RC-1982-215,3,"ALHAJI ZAKARI MAIGORO"
10941,2,collision,23572,CON-RES-1981-459,3,"ALHAJI AUDU GWAMMAJA"
10941,2,collision,24645,CON-RES-1988-226,3,"NWAJEI NKENCHO HAROLD"
161907,2,legitimate-linked,185300,RES-2018-2896,2,"SENATOR BELLO HAYATU GWARZO"
161907,2,legitimate-linked,185321,"KNGP 260",KANGIS,"SENATOR BELLO HAYATU GWARZO"
40831,2,legitimate-optot,193185,RES-1992-845,2,"SALISU Y MARAYA"
40831,2,legitimate-optot,193203,"KNML 935",KANGIS,"SALISU YAHAYA MARAYA"
13089,2,collision,34259,CON-RES-1987-497,3,"EDMUND MBAS EKPE"
13089,2,collision,26862,RES-1991-181,1,"MUSTAPHA ABDU"
17873,2,collision,31677,CON-RES-1986-26,3,"SULAIMAN DOROBA"
17873,2,collision,19253,CON-RES-RC-1982-112,3,"ALHAJI SHEHU ABUBAKAR"
16110,2,collision,29909,CON-IND-1988-3,3,"HASSAN A DAYEKH"
16110,2,collision,21889,CON-RES-2009-300,3,"ALHAJI UMARU AHMED"
25061,2,legitimate-linked,183134,RES-1983-903,1,"ABUBAKAR AHMED USMAN"
25061,2,legitimate-linked,183149,"KNML 1929",KANGIS,"ABUBAKAR AHMED USMAN"
14106,2,collision,27893,RES-1993-715,2,"ALH MADU KONDIGA"
14106,2,collision,36445,CON-RES-1992-518,3,"BALA ADAMU SALISU DABA"
17442,2,collision,31245,CON-RES-1995-468,3,"ALHAJI SANI YAHAYA"
17442,2,collision,184300,KN5385,KANGIS,"MURTALA ABDULLAHI JEGA"
14750,2,collision,28539,RES-1993-1173,2,"MALLAM SAGIR USMAN MOHD"
14750,2,collision,37239,CON-RES-1996-340,3,"YAHUZA MUHAMMED GAYA"
17519,2,legitimate-linked,31322,CON-AG-1995-116,3,"SAIDU MADAKI MUHAMMAD"
17519,2,legitimate-linked,186803,KN4868,KANGIS,"MURTALA ABDULLAHI JEGA"
37607,2,legitimate-linked,179277,RES-1991-7035,1,"KABIR MUHAMMAD YARI"
37607,2,legitimate-linked,179304,"KNML 1755",KANGIS,"KABIR MUHAMMAD YARI"
13187,2,collision,24524,CON-RES-1987-747,3,"LAWRENCE BONIFACE OKOLI"
13187,2,collision,26960,RES-1991-298,1,"ABDULLAHI ALH. BALA"
8362,2,collision,22061,CON-RES-2009-1030,3,"ALH. MANNIR ISYAKU RABIU"
8362,2,collision,195572,CON-COM-1997-12,3,"KANO TRANSPORT INTERNATIONAL LIMITED"
11682,2,collision,25924,CON-RES-1982-679,3,"ALHAJI AMINU IBRAHIM"
11682,2,collision,25386,CON-RES-1983-712,3,"ABUBAKAR ABDULLAHI"
154868,2,legitimate-linked,179198,CON-RES-2012-221,3,"FAROUK ALIYU GARKO"
154868,2,legitimate-linked,179200,"KNML 1754",KANGIS,"FAROUK ALIYU GARKO"
11044,2,collision,24748,CON-RES-1985-453,3,"MALLAM MUDI IDI"
11044,2,collision,14936,CON-RES-1981-87,3,"ALHAJI MOHAMMED BABA ANINI"
10661,2,collision,24364,CON-RES-1988-127,3,"JOHN ANYA"
10661,2,collision,32556,CON-IND-RC-1982-8,3,"TRIACTA NIGERIA LIMITED"
16229,2,collision,30028,CON-RES-1990-67,3,"ALHAJI IBRAHIM MUHAMMAD"
16229,2,collision,184745,DCIV-2024-236,DCIV,"INVESTIGATION ACTIVITIES"
161264,2,legitimate-linked,184711,SLTR-216721,SLTR,"ADAMU IDRIS"
161264,2,legitimate-linked,184718,KN5508,KANGIS,"ADAMU IDRIS"
12002,2,collision,24886,CON-RES-1983-517,3,"LIYASU BABA OGBORI (ALHAJI)"
12002,2,collision,25707,CON-RES-1987-716,3,"ALHAJI MUSA SULAIMAN AUJARA"
17561,2,collision,180376,KN5133,KANGIS,"MURTALA ABDULLAHI JEGA"
17561,2,collision,31364,CON-RES-1995-586,3,"HAJIYA HALIMA SULE"
163118,2,legitimate-optot,186255,RES-2011-590,2,"HASHIM ABDULLAHI AYAGI"
163118,2,legitimate-optot,186261,"KNML 1522",KANGIS,"HASHIM ABDULLAHI AYAGI"
14011,2,collision,27798,RES-1993-123,2,"ABDULLAHI NASARA"
14011,2,collision,37184,CON-RES-1992-198,3,"IBRAHIM ABDULLAHI"
13666,2,legitimate-optot,27441,RES-1990-2392,1,"AMANA INTERNATIONAL SCHOOL"
13666,2,legitimate-optot,34266,CON-RES-1989-508,3,"ALHAJI MOHAMMADU MAINA"
8198,2,collision,21895,CON-RES-2009-1051,3,"MALLAM IBRAHIM MUHAMMAD"
8198,2,collision,33419,CON-COM-1992-60,3,"ZAHAB NIGERIAN LTD"
11570,2,collision,25274,CON-RES-1983-589,3,"MISS AISHATU IBRAHIM"
11570,2,collision,29623,CON-RES-1982-501,3,"AMINU BELLO DAWAKIN TOFA"
41957,2,legitimate-linked,175461,RES-1993-6240,2,"KABIRU YAHAYA"
41957,2,legitimate-linked,175470,KN2998,KANGIS,"KABIRU YAHAYA"
11111,2,collision,23404,CON-RES-1982-1111,3,"MALLAM AMINU BASHIR"
11111,2,collision,24815,CON-RES-1986-133,3,"PHILIP AGU"
13952,2,collision,27739,RES-1991-853,1,"AHMED ADAMU T/WADA"
13952,2,collision,30167,CON-RES-1991-588,3,"ALHAJI AMINU GALADIMA"
11928,2,collision,25633,CON-RES-1984-167,3,"KABIRU MOHAMMED"
11928,2,collision,24387,CON-RES-1983-30,3,"ALHAJI AWAISU MAGAWAJE"
10989,2,collision,24693,CON-RES-1985-61,3,"ALHAJI MUHAMMADU RABIU ABE"
10989,2,collision,14489,CON-RES-1981-552,3,"ALHAJI AKILU NA ABBA"
147821,2,legitimate-optot,171028,RES-2022-632,2,"GONI SALISU TALBA"
147821,2,legitimate-optot,171036,KN4851,KANGIS,"GONI SALISU TALBA"
177824,2,legitimate-linked,196709,CON-COM-2024-654,3,"EMMANUEL CHIJIOKE"
177824,2,legitimate-linked,196719,KN3303,KANGIS,"EMMANUEL CHIJIOKE"
166850,2,legitimate-linked,189327,CON-COM-2018-108,3,"AL-IHSAN TRANSPORT NIGERIA LIMITED"
166850,2,legitimate-linked,189423,"MLKN 2773",KANGIS,"AL-IHSAN TRANSPORT NIGERIA LIMITED"
8201,2,collision,33423,CON-COM-1992-63,3,"MATTHEN C OKAFOR"
8201,2,collision,21898,CON-RES-2009-286,3,"ALHAJI GARBA MUSA"
179864,2,legitimate-linked,198320,CON-COM-2022-419,3,"MR VICENT UMEAMOZIE"
179864,2,legitimate-linked,198389,"MLKN 4193",KANGIS,"MR VICENT UMEAMOZIE"
17819,2,collision,31623,CON-RES-1982-1233,3,"AMINU SHARIFF BAFFA"
17819,2,collision,18967,CON-RES-RC-1981-62,3,"ALHAJI  BABA NABEGU"
7254,2,collision,20941,CON-RES-1994-789,3,"ALHAJI SANI HUSAINI MAGASHI"
7254,2,collision,18507,CON-AG-1987-26,3,"SHEHU IBRAHIM GWARZO"
11381,2,collision,34355,CON-RES-1982-206,3,"ALHAJI ADAMU MUSA"
11381,2,collision,25085,CON-AG-1984-3,3,"ALHAJI MUKHTAR ADAMU"
25572,2,legitimate-linked,197361,IND-1997-11,1,"STANDARD FOOTWAER NIGERIA LIMITED"
25572,2,legitimate-linked,197374,"MLKN 12",KANGIS,"STANDARD FOOTWAER NIGERIA LIMITED"
18410,2,collision,32214,CON-RES-1982-1428,3,"MR V B BANJO"
18410,2,collision,21271,CON-RES-RC-1982-697,3,"MADAKI DALHAT ILIYASU"
18351,2,collision,32155,CON-RES-1987-796,3,"EDWIN NWAFOR ORANEKWU"
18351,2,collision,32431,CON-RES-RC-1982-630,3,"ALHAJI ABDU BABAYIYE ZANGON DAURA"
12914,2,collision,30888,CON-RES-1987-147,3,"ALHAJI MUSA GARBA"
12914,2,collision,26686,RES-1982-2364,1,"ALHAJI TIJJANI ABUBAKAR"
54006,2,legitimate-optot,194214,RES-2012-2468,2,"IBRAHIM ISYAKU NA'ABBA"
54006,2,legitimate-optot,194233,"KNML 7038",KANGIS,"IBRAHIM ISYAKU NA'ABBA"
12172,2,collision,25877,CON-RES-1988-488,3,"MR VICENT OBI EREDO"
12172,2,collision,22964,CON-RES-1984-212,3,"HAMIDU YUSUF"
65255,2,legitimate-linked,184746,RES-RC-1982-1231,1,"SALISU AMINU ALIYU"
65255,2,legitimate-linked,184762,"KNML 2971",KANGIS,"SALISU AMINU ALIYU"
150259,2,legitimate-optot,173588,RES-2007-1492,2,"ABDULLAHI UMAR YARO"
150259,2,legitimate-optot,173615,KN2330,KANGIS,"ABDULLAHI UMAR YARO"
12202,2,collision,25207,CON-RES-1984-314,3,"ALHAJI SULEIMAN MOHAMMED"
12202,2,collision,25907,CON-RES-1998-641,3,"ALHAJI ISA YAKASAI"
159291,2,legitimate-linked,183023,COM-2019-111,1,"WADA ABDULLAHI KACHAKO"
159291,2,legitimate-linked,183030,"MLKN 2755",KANGIS,"WADA ABDULLAHI KACHAKO"
7359,2,collision,19233,CON-AG-1992-22,3,"ALHAJI ALASAN MAIGIDA"
7359,2,collision,21047,RES-1992-3558,2,"GARBA IBRAHIM/TIJIRA GARBA/HAJIYA AUTA BALA"
30443,2,legitimate-linked,187891,RES-1985-1481,1,"ALIYU ALI IBRAHIM"
30443,2,legitimate-linked,187922,"KNML 2876",KANGIS,"ALIYU ALI IBRAHIM"
11653,2,legitimate-optot,25357,CON-RES-RC-1982-7,3,"ALHAJI MADU GWATALO"
11653,2,legitimate-optot,23551,CON-RES-1982-623,3,"HALADU ISA"
152162,2,legitimate-linked,175449,CON-RES-2023-7550,3,"MU'AZU YUNUSA RIRUWAI"
152162,2,legitimate-linked,175453,KN4715,KANGIS,"MU'AZU YUNUSA RIRUWAI"
158525,2,legitimate-linked,182474,CON-RES-1991-101,3,"CHIEF IGNATIUS OKECHUKU NWOSU"
158525,2,legitimate-linked,182496,"KNML 1712",KANGIS,"CHIEF IGNATIUS OKECHUKU NWOSU"
12982,2,collision,26754,RES-1991-48,1,"MOHAMMADU ABDULLAHI KOKI"
12982,2,collision,32134,CON-RES-1987-260,3,"MR CHUKELUO JOSEPH NWANGWU"
152034,2,legitimate-optot,175291,RES-2020-536,2,"DR ABDULLAHI GAMBO"
152034,2,legitimate-optot,175292,KN3571,KANGIS,"DR ABDULLAHI GAMBO"
11228,2,legitimate-optot,22863,CON-RES-1982-136,3,"ABDULKADIR AMINU IBRAHIM"
11228,2,legitimate-optot,24932,CON-RES-1982-217,3,"ALH. MUSA AHMAD"
15996,2,collision,47413,CON-RES-2008-60,3,"MARIYA AMINU DUTSE"
15996,2,collision,29795,CON-RES-1989-592,3,"ALHAJI JOEGARBA"
13206,2,collision,25708,CON-RES-1987-787,3,"MALLAM AHMED YAKUBU"
13206,2,collision,26979,CON-RES-1982-1430,3,"ALHAJI ABDULLAHI ADAMU"
153356,2,legitimate-linked,177660,COM-2022-449,1,"ALH SANI HUSSAINI MUHAMMAD"
153356,2,legitimate-linked,177685,"MLKN 4556",KANGIS,"ALH SANI HUSSAINI MUHAMMAD"
56152,2,legitimate-optot,192100,RES-2015-7764,2,"SALE UMAR"
56152,2,legitimate-optot,192112,KN4506,KANGIS,"SALE UMAR"
7038,2,collision,20724,CON-RES-1995-244,3,"MUTARI MUHAMMAD GETSO"
7038,2,collision,18145,CON-AG-1982-566,3,"ALH. SANI ABDULLAHI"
152208,2,legitimate-linked,175509,CON-COM-2021-454,3,"BAJIRA FARM GENERAL ENTERPRISES"
152208,2,legitimate-linked,175515,KN3151,KANGIS,"BAJIRA FARM GENERAL ENTERPRISES"
7350,2,collision,21328,CON-AG-1991-53,3,"TAHIR FADALLAH"
7350,2,collision,21038,RES-1992-3543,2,"ABDULKADIR MOHAMMED"
46861,2,legitimate-linked,193685,RES-2000-2401,2,"YUNUSA AHMAD LAWAL"
46861,2,legitimate-linked,193691,"KNML 514",KANGIS,"YUNUSA AHMAD LAWAL"
7779,2,collision,21470,CON-AG-1985-70,3,"ALHAJI TIJJANI RABIU"
7779,2,collision,17036,CON-COM-1982-236,3,"AYCON INDUSTRIES LIMITED"
7962,2,legitimate-optot,15558,CON-COM-1985-108,3,"ALHAJI GAMBO DANTATA"
7962,2,legitimate-optot,21656,RES-1992-5796,2,"YAHAYA INUWA"
17432,2,collision,184634,KN5380,KANGIS,"MURTALA ABDULLAHI JEGA"
17432,2,collision,31235,CON-RES-1995-455,3,"AHMAD MOHAMMAD AHMAD"
44267,2,legitimate-linked,187424,RES-1995-530,2,"NASIR IBRAHIM"
44267,2,legitimate-linked,187429,"KNML 2862",KANGIS,"NASIR IBRAHIM"
18644,2,collision,32449,CON-RES-1986-35,3,"ALH IDI MAIDOYA"
18644,2,collision,23725,CON-RES-RC-1992-1,3,"ALHAJI AHMED LOFT"
13633,2,collision,27407,RES-1990-2035,1,"ALH AMADU ABDU MAIHATSI"
13633,2,collision,24013,CON-RES-1989-436,3,"MR VINCENT CHIZELUM ABASILI"
178492,2,legitimate-linked,197165,CON-RES-2011-200,3,"NU'UMAN BARAU DANBATTA"
178492,2,legitimate-linked,197184,"KNML 7066",KANGIS,"NU'UMAN BARAU DANBATTA"
12656,2,collision,32475,CON-RES-1986-370,3,"LEO ISA THAMPSON"
12656,2,collision,26362,CON-RES-1982-1045,3,"ALHAJI AUWALU IBRAHIM"
18102,2,collision,31906,CON-RES-1985-313,3,"SHA'AIBU ALHAJI GARBA"
18102,2,collision,18906,CON-RES-RC-1982-375,3,"MALAM MAINA MARI TATAMA"
146892,2,legitimate-linked,169962,RES-2020-1810,2,"ALH USMANMOHD HASKE"
146892,2,legitimate-linked,169984,KN3649,KANGIS,"ALH USMAN MUHAMMAD HASKE"
18019,2,collision,31823,CON-RES-1984-566,3,"MR. OCHAYI IKPEBE"
18019,2,collision,21551,CON-RES-RC-1982-29,3,"ALHAJI ADAMU MUSA WUDIL"
15456,2,collision,34732,CON-RES-2004-344,3,"IBRAHIM A . ILU KURA"
15456,2,collision,29254,CON-IND-1984-20,3,"FAWAZ ALUMINIUM AND WOOD PRODUCT LTD"
14148,2,collision,27935,RES-1993-954,2,"MUSA MALANTA"
14148,2,collision,38634,CON-RES-1992-611,3,"ALI HABIBU MUSTAFA"
146936,2,legitimate-linked,170011,CON-RES-1987-1210,3,"EMME GUSAU INTERNATIONAL LIMITED"
146936,2,legitimate-linked,170042,KN3804,KANGIS,"EMME GUSAU INTERNATIONAL LIMITED"
18078,2,collision,31882,CON-RES-1984-693,3,"JONATHAN ONYEMA"
18078,2,collision,21560,CON-RES-RC-1982-350,3,"ALHAJI GARBA YAKASAI"
11397,2,collision,31023,CON-RES-1982-225,3,"ALHAJI SALISU MUSA"
11397,2,collision,25101,CON-RES-1984-251,3,"ALHAJI AUDI INUWA"
161048,2,legitimate-linked,184491,CON-RES-2009-191,3,"ALH NABABA ABDULMUMINI"
161048,2,legitimate-linked,184493,"KNML 1735",KANGIS,"GODWIN UMEANULUGWO"
12923,2,legitimate-optot,24484,CON-RES-1987-155,3,"ALHAJI ALIN ALI"
12923,2,legitimate-optot,26695,RES-1982-2394,1,"AISHA SULEIMAN BAFFA"
6968,2,legitimate-optot,18350,CON-AG-1982-329,3,"ALHAJI AUDU NASIDI"
6968,2,legitimate-optot,20652,CON-RES-RC-1986-3,3,"ALH. BALA NUHU"
13092,2,collision,26865,RES-1991-185,1,"RABI`U MUZAKKAR FAGGE"
13092,2,collision,33891,CON-RES-1987-5,3,"ISMAILA ABUBAKAR"
7092,2,collision,21563,CON-AG-1983-190,3,"MALLAM HARUNA GARBA"
7092,2,collision,20778,RES-1992-3360,2,"ALH AMADU IDRIS & YUSUF IBRAHIM NAMANGU & ALH ABDULKADIR"
43965,2,legitimate-linked,192249,RES-1995-2835,2,"GR CAPT BABA ADAMU IYAM"
43965,2,legitimate-linked,192250,"KNML 906",KANGIS,"GR CAPT BABA ADAMU IYAM"
14268,2,collision,36533,CON-RES-1993-442,3,"MOHAMMED USMAN SHEHU"
14268,2,collision,28055,RES-1992-1604,2,"ALH BALARABE MAIKORE"
11416,2,collision,23424,CON-RES-1982-257,3,"MR S.O FAMUYIWA"
11416,2,collision,25120,CON-RES-1982-1534,3,"ALHAJI YAU DANZABUWA"
12102,2,collision,32104,CON-RES-1983-809,3,"ALHAJI ABDULKARIM UBA USMAN"
12102,2,collision,25807,CON-RES-1983-682,3,"BASHIR ABDULLAHI"
13369,2,collision,27143,RES-1991-343,1,"AMINU AHMED ISA"
13369,2,collision,34607,CON-RES-1988-266,3,"ALHAJI YAHAYA ISYAKU"
11346,2,collision,34508,CON-RES-1982-1639,3,"ALHAJI HARUNA YA'U MOHD"
11346,2,collision,25050,CON-RES-1984-332,3,"MRS CORDELIA OKWUSOGU"
32101,2,legitimate-optot,179577,RES-1987-1703,1,"KABIRU SANI DAGI"
32101,2,legitimate-optot,179595,"KNML 1225",KANGIS,"ALHAJI AMINU BABA"
15337,2,collision,32895,CON-RES-2003-199,3,"MR. AZUKA MORAH"
15337,2,collision,29135,RES-1993-3515,2,"ADAMU ABDULLAHI"
18212,2,collision,32016,CON-RES-1983-161,3,"ALHAJI MALLAM INUWA CIROMAWA"
18212,2,collision,34521,CON-RES-RC-1982-488,3,"ALHAJI USMAN GARBA"
150978,2,legitimate-linked,174228,CON-AG-2020-71,3,"NURA SANI AHMAD"
150978,2,legitimate-linked,174239,KN2762,KANGIS,"NURA SANI AHMAD"
10399,2,collision,25950,CON-IND-1982-11,3,"AMINU IBRAHIM & SONS"
10399,2,collision,24102,CON-RES-1983-78,3,"ALHAJI MANSUR SANI YAKASAI"
28761,2,legitimate-linked,178165,RES-1982-2174,1,"SURAJU TIJJANI."
28761,2,legitimate-linked,178197,KN4636,KANGIS,"SURAJU TIJJANI"
51177,2,legitimate-optot,176264,RES-2006-547,2,"AHMAD MUHAMMAD KARO"
51177,2,legitimate-optot,176282,KN2228,KANGIS,"AHMAD MUHAMMAD KARO"
7994,2,collision,13884,CON-COM-1985-79,3,"ALHAJI ADAMU MOHAMMED"
7994,2,collision,21688,CON-RES-1982-696,3,"MUZZAMMIL SANI HANGA"
145741,2,legitimate-linked,168716,CON-RES-2011-159,3,"MASALAHA DEVELOPMENT ASSOCIATION"
145741,2,legitimate-linked,168718,"KNML 9674",KANGIS,"MASALAHA DEVELOPMENT ASSOCIATION"
52989,2,legitimate-optot,169203,RES-2009-861,2,"IMAMU NASIR"
52989,2,legitimate-optot,169227,"KNML 2393",KANGIS,"USMAN YUSUF USMAN"
12459,2,collision,32618,CON-RES-1985-471,3,"ALHAJI AHMADU ALH. YAKUBU"
12459,2,collision,26165,CON-RES-1989-262,3,"ABUBAKAR CHADI"
11031,2,collision,24735,CON-RES-1985-375,3,"MOHAMMED LAWAL"
11031,2,collision,14541,CON-RES-1981-7,3,"ALH. AMINU SALISU"
158846,2,collision,182687,,2,"ABUBAKAR IBRAHIM"
158846,2,collision,182696,"KNML 1722",KANGIS,"BALA UMAR IBRAHIM"
153800,2,legitimate-linked,178120,CON-RES-2023-7267,3,"FAIZU MUHAMMAD GALADIMA"
153800,2,legitimate-linked,190432,KN5232,KANGIS,"MURTALA ABDULLAHI JEGA"
153519,2,legitimate-linked,177828,CON-RES-2023-7376,3,"FAIZU MUHAMMAD GALADIMA"
153519,2,legitimate-linked,186207,KN4563,KANGIS,"MURTALA ABDULLAHI JEGA"
8599,2,collision,32966,CON-COM-2003-45,3,"CHIMANDE NIGERIA LIMITED"
8599,2,collision,22298,CON-RES-1982-486,3,"MADAM FELICIA .M. ZACCHAEUS"
155239,2,legitimate-linked,179573,CON-RES-2011-2120,3,"DR SHEHU UMAR ABDULLAHI"
155239,2,legitimate-linked,179589,"KNML 1453",KANGIS,"DR SHEHU UMAR ABDULLAHI"
12061,2,collision,26337,CON-RES-1983-68,3,"DR MUHTARI AHMADU KUYA"
12061,2,collision,25766,CON-RES-1995-517,3,"BASIL C. OKONKWO"
13395,2,collision,34592,CON-RES-1988-34,3,"ALHAJI MUSA SHU'AIBU ABUBAKAR"
13395,2,collision,27169,RES-1991-379,1,"ALH BABBA DAN AGUNDI"
13050,2,collision,26822,RES-1991-139,1,"IBRAHIM MUHAMMED"
13050,2,collision,24589,CON-RES-1987-394,3,"ALHAJI MOHAMMED OLA KOTE"
12360,2,collision,30454,CON-RES-1985-161,3,"ALHAJI YAHAYA ABDULMUMINI"
12360,2,collision,26065,CON-RES-1982-335,3,"ALHAJI WADA AMINU"
167482,2,legitimate-linked,189769,CON-RES-2025-7288,3,"FAIZU MUHAMMAD GALADIMA"
167482,2,legitimate-linked,189787,KN5238,KANGIS,"MURTALA ABDULLAHI JEGA"
15467,2,collision,29265,CON-COM-1984-42,3,"SULEMAN DANGUGUWA & SONS"
15467,2,collision,34673,CON-RES-2004-360,3,"NURA ISYAKU RABIU"
7878,2,collision,29488,CON-COM-1983-21,3,"ALH. HARUNA ABUBAKAR"
7878,2,collision,21570,RES-1992-4562,2,"AMINU UMAR GAYA"
11633,2,collision,31986,CON-RES-1982-598,3,"MUSA NZOYE"
11633,2,collision,25337,CON-RES-1984-382,3,"ALHAJI WADA AMINU"
7261,2,collision,18700,CON-AG-1987-43,3,"ALHAJI INUWA UMARU MAI MAI"
7261,2,collision,20948,CON-RES-1993-575,3,"GARBA SHARIF HABIB"
11947,2,collision,32105,CON-RES-1983-356,3,"ALHAJI YAHAYA IBRAHIM"
11947,2,collision,25652,CON-RES-1985-570,3,"HAJIYA AMINA RABIU"
17425,2,collision,184714,KN5441,KANGIS,"MURTALA ABDULLAHI JEGA"
17425,2,collision,31228,CON-RES-1995-291,3,"MESSRS TRUSCO INDUSTRIES LIMITED"
11538,2,collision,25242,CON-RES-1983-785,3,"ALHAJI ABBA YAKUBU"
11538,2,collision,22306,CON-RES-1982-451,3,"ALHAJI GARBA ABDULLAHI"
12754,2,legitimate-linked,32135,CON-RES-1987-1081,3,"DR OFIAOGU CLEMENT UMEAKUANA"
12754,2,legitimate-linked,26460,RES-1982-2060,1,"AUWALU SULAIMAN"
157777,2,legitimate-linked,181891,CON-RES-1995-216,3,"GHALI IBRAHIM KHALIL"
157777,2,legitimate-linked,181897,"KNML 1992",KANGIS,"GHALI IBRAHIM KHALIL"
12961,2,collision,26733,RES-1991-19,1,"AHMED TIJJANI SULEIMAN"
12961,2,collision,32230,CON-RES-1987-222,3,"CHIEF KENETH CHUKWUMA"
11127,2,collision,26017,CON-RES-1982-1147,3,"MALLAM NASIRU NDAMODU DAN-ABU"
11127,2,collision,24831,CON-RES-1986-214,3,"MR. MOSINDI O. SHOGE/ MRS TITILAYO SHOGE"
11779,2,collision,25483,CON-RES-1989-428,3,"ALHAJI SHEHU DANTATA"
11779,2,collision,21696,CON-RES-1982-875,3,"ALH MUHAMMAD ADAMU"
8447,2,collision,30337,CON-COM-1999-80,3,"ALMUSUL & SONS NIGERIA LTD"
8447,2,collision,22147,CON-RES-2009-1042,3,"AISHA NI'IMA SHEHU"
11744,2,collision,31971,CON-RES-1982-819,3,"ALHAJI GARBA RABIU GALADIMA"
11744,2,collision,25448,CON-RES-1989-312,3,"ALHAJI YARO GAMBO"
165227,2,legitimate-linked,188021,RES-2015-2867,2,"HON. JUSTICE AMINA A ALIYU"
165227,2,legitimate-linked,188029,"KNML 2883",KANGIS,"HON. JUSTICE AMINA A ALIYU"
60156,2,legitimate-linked,192064,RES-2019-505,2,"EMMANUEL ONYEBUCHI"
60156,2,legitimate-linked,192069,"KNML 6565",KANGIS,"EMMANUEL ONYEBUCHI"
148934,2,legitimate-optot,172296,RES-2016-1417,2,"BASHIR GATARI AND SA'ADATU RIMI."
148934,2,legitimate-optot,172303,"KNML 4684",KANGIS,"BASHIR GATARI AND SA'ADATU"
155635,2,legitimate-linked,179951,COM-2019-108,1,"WADA ABDULLAHI KACHAKO"
155635,2,legitimate-linked,179962,"MLKN 2751",KANGIS,"RIZZOLIN INDUSTRIAL LIMITED"
159767,2,legitimate-linked,183378,SLTR-221410,,"MAHMUD HAFIZ"
159767,2,legitimate-linked,183388,KN5593,KANGIS,"MAHMUD HAFIZ"
16606,2,legitimate-linked,30406,CON-RES-1986-265,3,"ALHAJI ABUBAKAR MUSA"
16606,2,legitimate-linked,196674,"KNML 3844",KANGIS,"REUBEN A.A ALHASSAN"
8578,2,collision,22277,CON-RES-1982-1270,3,"KARIMU YAKUBU"
8578,2,collision,32847,CON-COM-2003-123,3,"ALHAJI MUSA O. HADEJIA"
14452,2,collision,33191,CON-RES-1994-385,3,"ABDULLAHI ISA BAYERO"
14452,2,collision,28239,RES-1994-388,2,"KABIRU ILIYASU"
18599,2,collision,22685,CON-RES-RC-1986-14,3,"ALH. SAMUNU IBRAHIM KHALIL"
18599,2,collision,32404,CON-RES-1987-1227,3,"HAMZA SALE"
14407,2,collision,28194,RES-1993-2280,2,"HARUNA MAGBA"
14407,2,collision,31426,CON-RES-1994-328,3,"ALHAJI SABO LAWAN KABARA"
55059,2,legitimate-optot,188084,RES-2015-337,2,"MR & MRS ELIJAH AKANNI"
55059,2,legitimate-optot,188105,"KNML 2884",KANGIS,"MR & MRS ELIJAH AKANNI"
11905,2,collision,25610,CON-RES-1984-132,3,"BALA UMAR"
11905,2,collision,25029,CON-RES-1983-257,3,"ALHAJI DAHIRU MANGAL"
11030,2,collision,14952,CON-RES-1981-65,3,"ALHAJI ABDU BATURE"
11030,2,collision,24734,CON-RES-1985-366,3,"AUWALU MUHAMMAD"
18595,2,collision,21529,CON-RES-RC-1986-1,3,"ALHAJI SIDI UMARU ALI"
18595,2,collision,32400,CON-RES-1987-1223,3,"SHEHU M. TANKO"
18397,2,collision,32201,CON-RES-1987-203,3,"MR PETER OLUSEGUN OLAMUSI"
18397,2,collision,18335,CON-RES-RC-1982-683,3,"ALHAJI NALELE KULO"
11931,2,collision,25258,CON-RES-1983-303,3,"ALH MOHAMMED BUHARI(SANI MINISTER)"
11931,2,collision,25636,CON-RES-1984-196,3,"ALHAJI ABDULKADIR SUKAIMAN"
36363,2,legitimate-linked,192232,RES-1991-2363,1,"DR NASIRDEEN USMAN"
36363,2,legitimate-linked,192242,"KNML 7512",KANGIS,"DR NASIRDEEN USMAN"
10857,2,collision,19087,CON-RES-1981-308,3,"ALHAJI HAMZA AHMAD BABA"
10857,2,collision,24561,CON-RES-1987-124,3,"HAJIYA ASABE REZA"
153495,2,legitimate-linked,177803,CON-RES-2023-7226,3,"FAIZU MUHAMMAD GALADIMA"
153495,2,legitimate-linked,189459,KN5241,KANGIS,"MURTALA ABDULLAHI JEGA"
7455,2,collision,21146,CON-RES-1994-203,3,"ALHAJI MALLAM ILIYASU ISAH"
7455,2,collision,32906,CON-AG-2003-28,3,"ABDULLAHI AHMAD"
6923,2,collision,20607,RES-1992-3169,2,"ALH SHEHU A ISAH & SHEHU A ISAH"
6923,2,collision,18513,CON-AG-1982-193,3,"ALHAJI AMADU ALI"
8441,2,collision,22141,CON-RES-2009-756,3,"ALH.HABIBU USMAN KUNFADA GARKO"
8441,2,collision,30311,CON-COM-1999-52,3,"USMAN HASSAN"
12085,2,legitimate-optot,25026,CON-RES-1983-761,3,"OLUBUMI OLAIYA & OLUFUNMILAYO"
12085,2,legitimate-optot,25790,CON-RES-RC-1981-48,3,"MARK OMEIZE OJIAH"
14815,2,collision,36926,CON-RES-1997-233,3,"CHIEF JOSEPH ADEDAYO ARIGBEDE"
14815,2,collision,28605,RES-1993-1405,2,"A. ABDULLAHI MOHD"
18596,2,collision,22683,CON-RES-RC-1986-10,3,"ALHAJI BALA MAIYAFE"
18596,2,collision,32401,CON-RES-1987-1224,3,"MARIYA HAMISU YALWA"
12411,2,collision,26116,CON-RES-1989-452,3,"ALHAJI SALISU ABUBAKAR DANSALO"
12411,2,collision,24726,CON-RES-1985-337,3,"ALHAJI YUSUF MUHTAR"
13075,2,legitimate-optot,25437,CON-RES-1987-453,3,"ALHAJI BALA KOKI"
13075,2,legitimate-optot,26848,RES-1991-165,1,"ALHAJI LABARAN ABDULLAHI"
33208,2,legitimate-linked,184706,RES-1988-2922,1,"FAROUK ALIYU GARKO"
33208,2,legitimate-linked,184744,"KNML 1749",KANGIS,"FAROUK ALIYU GARKO"
12067,2,collision,25772,CON-RES-1989-167,3,"MR LAZARUS N. ONYEJIUWA"
12067,2,collision,25380,CON-RES-1983-709,3,"SHEHU IBRAHIM"
11940,2,collision,25645,CON-RES-1982-983,3,"ALHAJI MUHAMMADU BAKORI"
11940,2,collision,30708,CON-RES-1983-334,3,"VICTORIA MERO BELLO"
11819,2,collision,31094,CON-RES-1982-953,3,"ALHAJI IMAM IGUDA"
11819,2,collision,25523,CON-RES-1999-303,3,"S. TIJJANI RABIU"
11948,2,collision,25653,CON-RES-1985-584,3,"YUSUF MOHAMMAD (ALHAJI )"
11948,2,collision,31992,CON-RES-1983-359,3,"TIJJANI ABUBAKAR"
11760,2,collision,31942,CON-RES-1982-838,3,"MR SAM NWOKO"
11760,2,collision,25464,CON-RES-1989-57,3,"ALHAJI NAFIU YUSUF"
13356,2,collision,24370,CON-RES-1988-219,3,"MR KUNLE DEYEMI"
13356,2,collision,27130,RES-1991-320,1,"HARUNA UNGOGO"
7591,2,collision,175139,CON-AG-2024-28,3,"ABDU AHMAD SAYE"
7591,2,collision,21282,CON-AG-1986-69,3,"ALH SHITU GADAN"
152760,2,legitimate-linked,176179,CON-RES-2008-202,3,"MAJ GEN GARBA ALI MOHAMMED"
152760,2,legitimate-linked,176196,"KNML 4032",KANGIS,"MAJ GEN GARBA ALI MOHAMMED"
155636,2,legitimate-linked,179952,RES-2000-3006,2,"UBA ISYAKU"
155636,2,legitimate-linked,179983,"KNML 1209",KANGIS,"UBA ISYAKU"
176162,2,legitimate-linked,195356,CON-AG-2022-126,3,"ALH SURAJO JIBRIN"
176162,2,legitimate-linked,195375,KN1857,KANGIS,"ALH SURAJO JIBRIN"
153981,2,legitimate-linked,178327,RES-2000-2203,2,"DR. ALABI IBRAHIM ABOLAJI."
153981,2,legitimate-linked,178360,KN4157,KANGIS,"DR. ALABI IBRAHIM ABOLAJI"
13289,2,collision,32295,CON-RES-1987-97,3,"ALHAJI WADA MAIBURODI"
13289,2,collision,27062,RES-1982-2259,1,"ALHAJI RABI'U USMAN"
13154,2,collision,26927,RES-1991-259,1,"GARBA MOHAMMED AUYO"
13154,2,collision,33618,CON-RES-1987-670,3,"TIJJANI BABA"
12322,2,collision,26027,CON-AG-1982-279,3,"ALHAJI BELLO AHMED GWADABE"
12322,2,collision,31801,CON-RES-1984-712,3,"ALHAJI IBRAHIM NASIDI"
14666,2,collision,28454,RES-1993-348,2,"HAJIYA JUMMAI SHITU AND HAJIYA UWANI MAITUWO"
14666,2,collision,31370,CON-RES-1995-596,3,"ALHAJI ABUBAKAR IBRAHIM"
17919,2,collision,31723,CON-IND-1984-17,3,"ALHAJI SIR MUHAMMADU SANUSI"
17919,2,collision,21735,CON-RES-RC-1982-145,3,"ALHAJI BABA IDRIS"
14399,2,collision,31433,CON-RES-1994-320,3,"ALHAJI SABO LAWAN KABARA"
14399,2,collision,28186,RES-1993-2198,2,"MOHAMMED SIRAJO"
13158,2,collision,25412,CON-RES-1987-68,3,"HAJIYA AYA NA BABA BADAMASI"
13158,2,collision,26931,RES-1991-264,1,"SABO WADA ABDULLAHI"
53000,2,legitimate-linked,186899,"KNML 2859",KANGIS,"ZAINAB MUHAMMED ABUBAKAR"
53000,2,legitimate-linked,189849,RES-2009-959,2,"IDRIS ISMA'IL"
12491,2,collision,26197,CON-RES-1988-359,3,"ALHAJI MOHD MIJINYAWA"
12491,2,collision,30425,CON-RES-1985-540,3,"ALHAJI MAMUDA NA'MALLE"
12184,2,collision,25889,CON-RES-1988-573,3,"MRS CHRISTIANA OPITOKE"
12184,2,collision,26220,CON-RES-1984-257,3,"ALHAJI ABDULLAHI UMAR MUHAMMED"
13956,2,collision,27743,RES-1992-7154,2,"TSOHO HAMZA"
13956,2,collision,35759,CON-RES-1991-618,3,"ALH SAGIRU USMAN"
13269,2,collision,25709,CON-RES-1987-925,3,"EMMANUEL CHUKWUMA OKPALA & JANET AKUANANWU OKPALA"
13269,2,collision,27042,RES-1982-2236,1,"ALHAJI AHMAD SULE"
51926,2,legitimate-linked,181209,RES-2008-5617,2,"ALH DAHIRU ISMAIL YUSUF"
51926,2,legitimate-linked,181226,"KNML 9379",KANGIS,"ALH DAHIRU ISMAIL YUSUF"
145260,2,legitimate-optot,168171,RES-2013-283,2,"ALH IBRAHIM ADAMU AND ISYAKU"
145260,2,legitimate-optot,168172,"KNML 1592",KANGIS,"MUSTAPHA YAHAYA IBRAHIM"
46167,2,legitimate-optot,194707,RES-1999-1239,2,"ALI JECHI"
46167,2,legitimate-optot,194709,KN2704,KANGIS,"ALI JECHI"
63313,2,legitimate-linked,194612,RES-2025-1680,2,"HALIMA MAHMOUD MUSA GASHASH"
63313,2,legitimate-linked,194617,KN4234,KANGIS,"HALIMA MAHMOUD MUSA GASHASH"
153104,2,legitimate-linked,177343,COM-2021-211,1,"YUSUF GARBA MUSA"
153104,2,legitimate-linked,177350,KN4052,KANGIS,"YUSUF GARBA MUSA"
50167,2,legitimate-optot,188773,RES-2003-97,2,"ABDULLAHI D SHUAIBU"
50167,2,legitimate-optot,188788,"KNML 2455",KANGIS,"ABDULLAHI DANJUMA SHUAIBU"
8367,2,collision,22066,CON-RES-2009-88,3,"EMMANUEL OBI"
8367,2,collision,32683,CON-COM-1997-30,3,"A. A. WUDIL NIGERIA LTD"
13394,2,collision,27168,RES-1991-378,1,"UMAR BABBA DAN AGUNDI"
13394,2,collision,25922,CON-RES-1988-338,3,"ALHAJI SAADU AHMED MADAKI"
153512,2,legitimate-linked,177820,CON-RES-2023-7219,3,"FAIZU MUHAMMAD GALADIMA"
153512,2,legitimate-linked,189747,KN5226,KANGIS,"MURTALA ABDULLAHI JEGA"
59446,2,legitimate-linked,194203,RES-2019-2197,2,"IBRAHIM ISYAKU NA ABBA"
59446,2,legitimate-linked,194219,"KNML 6674",KANGIS,"IBRAHIM ISYAKU NA ABBA"
10985,2,collision,24689,CON-RES-1983-896,3,"GEORGE EMMANUEL AHIOME"
10985,2,collision,14468,CON-RES-1981-547,3,"MUSTAPHA SULE"
153510,2,legitimate-linked,177818,CON-RES-2023-7216,3,"FAIZU MUHAMMAD GALADIMA"
153510,2,legitimate-linked,187340,KN4550,KANGIS,"MURTALA ABDULLAHI JEGA"
11494,2,collision,25198,CON-RES-1984-307,3,"ALHAJI SUMAILA ABDU"
11494,2,collision,35274,CON-RES-1982-386,3,"GODWIN OLUSEGUN AKINOLA"
171287,2,legitimate-linked,191924,CON-RES-2012-292,3,"ABBA SALISU KURAWA"
171287,2,legitimate-linked,191948,"KNML 5842",KANGIS,"ABBA SALISU KURAWA"
179303,2,legitimate-linked,197829,CON-IND-2023-18,3,"AHMAD AND SALE DASUKI BABBA"
179303,2,legitimate-linked,197845,KN1063,KANGIS,"AHMAD AND SALE DASUKI BABBA"
171052,2,legitimate-linked,191768,CON-COM-2021-176,3,"TASIU YAHAYA ZUGA"
171052,2,legitimate-linked,191778,KN4192,KANGIS,"TASIU YAHAYA ZUGA"
13038,2,collision,26810,RES-1991-125,1,"SHU`AIBU IBRAHIM"
13038,2,collision,34572,CON-RES-1987-375,3,"MR NELSON CHUKWURAH"
10732,2,collision,14237,CON-RES-1981-101,3,"ALHAJI IBRAHIM ZUBAIRU"
10732,2,collision,24435,CON-RES-1987-767,3,"ALHAJI IBRAHIM DAURA"
12044,2,collision,26339,CON-RES-1983-62,3,"ALHAJI MUSTAPHA MADU"
12044,2,collision,25749,CON-RES-1989-198,3,"ALHAJI AMINU UMAR & SON"
7724,2,collision,15258,CON-COM-1982-118,3,"ALHAJI SALLAU LAMBA BICHI"
7724,2,collision,21415,RES-1992-4426,2,"SANI USMAN"
43605,2,collision,181996,RES-2007-689,2,"ALHAJI LABARAN BABA"
43605,2,collision,182066,RES-2007-688,2,"ALHAJI LABARAN BABA"
18589,2,collision,32394,CON-RES-1987-1214,3,"ALHAJI ADO IBRAHIM"
18589,2,collision,20144,CON-RES-RC-1985-6,3,"MUHAMMED ADAMU"
13464,2,collision,33293,CON-RES-1988-512,3,"SARKI ALIYU KABARA"
13464,2,collision,27238,RES-1991-468,1,"HARUNA MANINGI"
11761,2,collision,29463,CON-RES-1982-840,3,"ALHAJI SHU'AIBU NA K/MATA"
11761,2,collision,25465,CON-RES-1989-58,3,"ALHAJI TIJJANI MUSA"
148915,2,legitimate-linked,172281,CON-RES-2023-4029,3,"SHEHU MUHAMMAD ALA"
148915,2,legitimate-linked,172287,KN4478,KANGIS,"SHEHU MUHAMMAD ALA"
13750,2,collision,27527,RES-1991-592,1,"MUHAMMED MUNIR NUHU"
13750,2,collision,36312,CON-RES-1990-299,3,"ALHAJI IBRAHIM MOHAMMED"
146986,2,legitimate-optot,170077,RES-2022-7029,2,"MUSA MUHAMMAD YAKASAI"
146986,2,legitimate-optot,170098,KN5007,KANGIS,"MUSA MUHAMMAD YAKASAI"
150659,2,legitimate-optot,173934,RES-2022-4770,2,"ZAINAB TALATU GARBA"
150659,2,legitimate-optot,173943,KN4182,KANGIS,"ZAINAB TALATU GARBA"
16267,2,collision,35395,CON-RES-2009-910,3,"ALHAJI SHEHU MUHAMMAD"
16267,2,collision,30066,CON-RES-1990-185,3,"HALADU ALI KILA"
13550,2,legitimate-optot,29768,CON-RES-1989-145,3,"ALHAJI YUSUF ABDU"
13550,2,legitimate-optot,27324,RES-1990-1821,1,"ALHAJI SANI ABUBAKAR"
17951,2,collision,19842,CON-RES-RC-1982-178,3,"ALHAJI ABDUL-RAHIM F. ODENIKE"
17951,2,collision,31755,CON-COM-1984-134,3,"ALHAJI NA BABA ABDULMUMINI"
6313,2,collision,19995,RES-1992-2926,2,"ALH MALAM UMARU"
6313,2,collision,185058,COM-RC-1982-75,1,"AISHA, FATIMA AND FAWZIYYA"
26737,2,legitimate-optot,198094,RES-1981-1133,1,"ALIYU NU'UMAN DANBATTA"
26737,2,legitimate-optot,198225,"KNML 8671",KANGIS,"ALIYU NU'UMAN DANBATTA"
7106,2,collision,21317,CON-AG-1983-223,3,"MOHAMMED ABUBAKAR RIMI"
7106,2,collision,20793,RES-1992-3396,2,"HAJIYA DELU HARUNA"
33553,2,legitimate-optot,191643,RES-1989-1285,1,"ALH SANUSI ADAMU"
33553,2,legitimate-optot,191649,"KNML 2485",KANGIS,"ALH SANUSI ADAMU"
12053,2,collision,25758,CON-RES-1983-819,3,"SIDI MOHAMMED BALA"
12053,2,collision,24671,CON-RES-1983-651,3,"ABDULMAJID HUSSAIN"
179356,2,legitimate-linked,197877,COM-2011-151,1,"CUSO INVESTMENT & PROP"
179356,2,legitimate-linked,197884,"MLKN 2441",KANGIS,"CUSO INVESTMENT & PROP"
33172,2,legitimate-linked,181054,RES-1988-277,1,"IDRIS AHMAD"
33172,2,legitimate-linked,181097,"KNML 650",KANGIS,"IDRIS AHMED"
11580,2,collision,31663,CON-RES-1982-518,3,"ALHAJI SHEHU IDRIS"
11580,2,collision,25284,CON-RES-1983-584,3,"ALHAJI SA'ADU MOHAMMED"
180332,2,legitimate-linked,198665,CON-COM-2021-596,3,"FESTUS MADUKA MAIBUIKE"
180332,2,legitimate-linked,198735,"MLKN 4201",KANGIS,"FESTUS MADUKA MAIBUIKE"
153427,2,legitimate-linked,177743,CON-RES-2012-270,3,"AMINU IBRAHIM GARBA"
153427,2,legitimate-linked,177757,"KNML 41",KANGIS,"AMINU IBRAHIM GARBA"
48772,2,legitimate-linked,179431,RES-2002-2054,2,"ALIYU RABI'U"
48772,2,legitimate-linked,179470,"KNML 1841",KANGIS,"ALIYU BALA RABI'U"
16094,2,collision,29893,CON-RES-1994-661,3,"ALHAJI IBRAHIM SALISU KALIL"
16094,2,collision,21945,CON-RES-2009-240,3,"ALH. ABDULLAHI UMAR"
12952,2,collision,26724,RES-1991-6,1,"MANSUR TIJJANI"
12952,2,collision,32222,CON-RES-1987-204,3,"LAWAN KOFAR NASSARAWA"
156665,2,legitimate-optot,181022,RES-2014-1537,2,"MUNIR NASIDI DANEJI"
156665,2,legitimate-optot,181024,"KNML 1959",KANGIS,"MUNIR NASIDI DANEJI"
150537,2,legitimate-linked,173798,COM-2019-8,1,"UMAR UMAR"
150537,2,legitimate-linked,173833,"MLKN 2196",KANGIS,"UMAR UMAR"
12144,2,collision,31829,CON-RES-1984-125,3,"SANI MUSTAFA BABURA"
12144,2,collision,25849,CON-AG-1985-112,3,"ALH HAMISU MUSA"
12408,2,collision,29323,CON-RES-1985-326,3,"ALHAJI RABIU KOKI"
12408,2,collision,26113,CON-RES-1989-470,3,"BENJAMIN UKU OGALA"
176369,2,legitimate-linked,195559,CON-COM-2015-160,3,"BALARABE TALLEH"
176369,2,legitimate-linked,195560,"MLKN 3688",KANGIS,"BALARABE TALLEH"
157639,2,legitimate-linked,181773,RES-2014-1626,2,"MUKTAR MUHAMMAD"
157639,2,legitimate-linked,181774,"KNML 1984",KANGIS,"MUKTAR MUHAMMAD"
168479,2,legitimate-optot,190566,RES-2016-3261,2,"SA'ADATU ADO KURAWA"
168479,2,legitimate-optot,190585,"KNML 8046",KANGIS,"SA'ADATU ADO KURAWA"
13133,2,collision,26906,RES-1991-230,1,"ZAHARA`U IBRAHIM AUWALU"
13133,2,collision,30524,CON-RES-1987-620,3,"LIVINUS OKAFOR AZUOKWU"
146978,2,legitimate-linked,170065,CON-RES-1997-258,3,"SULEIMAN UBA"
146978,2,legitimate-linked,170066,KN4850,KANGIS,"SULEIMAN UBA"
178774,2,legitimate-linked,197402,RES-2001-4381,2,"SANI SULAIMAN"
178774,2,legitimate-linked,197406,KN917,KANGIS,"SULEIMAN UMAR SANI"
12787,2,collision,25417,CON-RES-1987-1137,3,"ALHAJI MOHAMMED WADA SULE"
12787,2,collision,26559,RES-1982-2331,1,"BAKHAR SADEEQ MOHAMMAED"
35971,2,legitimate-linked,179658,RES-1990-4362,1,"YAHAYA MADUGU TASIU"
35971,2,legitimate-linked,179659,"KNML 1465",KANGIS,"YAHAYA MADUGU TASIU"
12280,2,collision,25985,CON-COM-1982-107,3,"ALHAJI ABDULKADIR S. DANTATA"
12280,2,collision,24649,CON-RES-1984-574,3,"MOHAMMED DALLAMI HASSAN"
150337,2,legitimate-linked,173665,COM-2018-272,1,"MUHUYI MAGAJI"
150337,2,legitimate-linked,173672,"MLKN 2228",KANGIS,"MUHUYI MAGAJI"
14007,2,collision,27794,RES-1993-112,2,"SANI HASSAN"
14007,2,collision,37182,CON-RES-1992-182,3,"ALHAJI AHMED ABUBAKAR ZAREWA"
8366,2,collision,32665,CON-COM-1997-27,3,"RUQUEE PETROLEUM COMPANY (NIG) LTD"
8366,2,collision,22065,CON-RES-2009-93,3,"TESLIM SANI"
49888,2,legitimate-linked,169856,RES-2003-2321,2,"MOHAMMED SANI"
49888,2,legitimate-linked,181083,"KNML 1956",KANGIS,"ABDULLAHI TUKUR"
159536,2,legitimate-linked,183184,RES-2021-1526,2,"BARR HAMISU SANI"
159536,2,legitimate-linked,183214,KN4721,KANGIS,"BARR HAMISU SANI"
12355,2,collision,29298,CON-RES-1985-15,3,"ALHAJI AMADU ALI"
12355,2,collision,26060,CON-AG-1982-308,3,"ALHAJI USAINI IBRAHIM"
14471,2,collision,28258,RES-1994-1902,2,"SULE RABO"
14471,2,collision,29858,CON-RES-1994-452,3,"ABDULLAHI ILYASU YAKASAI"
32447,2,legitimate-linked,179329,RES-1987-2438,1,"SALE ALI NAGERO & SONS LTD"
32447,2,legitimate-linked,179332,"KNML 1751",KANGIS,"SALE ALI NAGERO & SONS LTD"
8104,2,collision,16131,CON-COM-1989-65,3,"ALHAJI YUSHAU IBRAHIM"
8104,2,collision,21800,RES-1992-4958,2,"SALE FARI"
17581,2,legitimate-linked,31384,CON-RES-1997-152,3,"IDRIS IBRAHIM IDRIS"
17581,2,legitimate-linked,191829,KN4600,KANGIS,"MURTALA ABDULLAHI JEGA"
11832,2,collision,25537,CON-RES-1999-275,3,"ALHAJI SALIHU RABIU"
11832,2,collision,25650,CON-RES-1982-989,3,"IDOWU AFOLABI"
163205,2,legitimate-linked,186341,CON-RES-1994-445,3,"ALH BADAMASI UBA JOGANA"
163205,2,legitimate-linked,186342,"KNML 1527",KANGIS,"ALH BADAMASI UBA JOGANA"
12346,2,collision,30432,CON-RES-1985-123,3,"ALHAJI SABO A BABA"
12346,2,collision,26051,CON-AG-1982-162,3,"NUHU ADAMU GWARZO"
13427,2,collision,27201,RES-1991-413,1,"BADAMASI ABDULLAHI"
13427,2,collision,24259,CON-RES-1988-420,3,"ALH. IBRAHIM GARBA"
48542,2,legitimate-optot,184195,RES-2001-943,2,"IBRAHIM BABANGARI"
48542,2,legitimate-optot,184235,"MLKN 1924_2",KANGIS,"IBRAHIM BABANGARI"
13197,2,collision,24434,CON-RES-1987-771,3,"MALAM MOHAMMADU SHEHU USMAN"
13197,2,collision,26970,CON-RES-1982-839,3,"ALHAJI BELLO IDRISU"
7269,2,collision,18083,CON-AG-1987-61,3,"NASIRU MOHAMMED"
7269,2,collision,20956,CON-RES-1994-755,3,"DR.ABDULRAHMAN O.FUNSHO"
9577,2,collision,35071,CON-COM-2014-24,3,"ADENIKE RASHIDA OKWUADA"
9577,2,collision,23279,RES-1992-7194,2,"ALH IRO KURAMI"
26973,2,legitimate-linked,179273,RES-1981-1519,1,"ISHAQ MAHMOUD UMAR"
26973,2,legitimate-linked,179299,"KNML 1219",KANGIS,"ISHAQ MAHMOUD UMAR"
10883,2,collision,14251,CON-RES-1981-344,3,"IBRAHIM ADAMU CHIGARI"
10883,2,collision,24587,CON-RES-1987-872,3,"ALHAJI HALLIRU HAMZA"
25095,2,legitimate-linked,195833,RES-2015-563,2,"DR. KABIR ABUBAKAR"
25095,2,legitimate-linked,195946,"KNML 2633",KANGIS,"KABIR ABUBAKAR"
164014,2,legitimate-linked,186923,CON-RES-1996-218,3,"ALHAJI ABDULKAREEM ALI MANSUR"
164014,2,legitimate-linked,186934,"KNML 1569",KANGIS,"ALHAJI ABDULKAREEM ALI MANSUR"
17783,2,collision,31587,CON-RES-2004-401,3,"YUSUFU D. MUHAMMAD"
17783,2,collision,25793,CON-RES-RC-1981-23,3,"ALHAJI GARBA KANWA"
15464,2,collision,34715,CON-RES-2004-356,3,"NURA ISYAKU RABIU"
15464,2,collision,29262,CON-COM-1984-12,3,"MR. SEGUN ADELEYE"
11364,2,collision,25068,CON-RES-1984-442,3,"MUKHTARI GALADIMA MINJIBIR"
11364,2,collision,29436,CON-RES-1982-185,3,"ALHAJI HASSAN HARUNA"
10902,2,collision,19117,CON-RES-1981-377,3,"ALHAJI ISA SHEHU"
10902,2,collision,24606,CON-RES-1987-789,3,"MR.R.N. EZE"
8688,2,collision,32818,CON-COM-2005-22,3,"YUSRA GLOBAL RESOURCES NIGERIA LIMITED"
8688,2,collision,22387,RES-1992-6395,2,"YAHAYA MADUGU"
24076,2,collision,47044,CON-RES-2000-22,3,"ALHAJI MAMUDA MUSA IBRAHIM"
24076,2,collision,47093,CON-RES-2000-164,3,"MUJITABA BABALLE ILA"
14670,2,legitimate-optot,28458,RES-1993-339,2,"SALIHU BEN-MUSA"
14670,2,legitimate-optot,36697,CON-RES-1995-600,3,"ALH SALISU TAHIR"
12352,2,collision,30434,CON-RES-1985-140,3,"MRS IYAGANA MUHTAR"
12352,2,collision,26057,CON-AG-1982-163,3,"ALHAJI ADAMU GWARZO"
11854,2,collision,24875,CON-RES-1983-14,3,"ALHAJI KABIRU SANDA"
11854,2,collision,25559,CON-RES-1991-329,3,"ALHAJI HABIBU AYUBA"
155702,2,legitimate-linked,180016,"KNML 1208",KANGIS,"ALHAJI AMINU BABA"
155702,2,legitimate-linked,27355,RES-1990-2348,1,"ALH SABO ABUBAKAR ABBA"
14486,2,collision,31490,CON-RES-1994-51,3,"HYGENIC PRODUCTS NIGERIA LIMITED"
14486,2,collision,28273,RES-1994-1923,2,"ALH ISMAILA ADAMU GANO"
15304,2,collision,47163,CON-RES-2003-1,3,"MUHAMMAD TUKUR BABANGIDA"
15304,2,collision,29102,RES-1993-3441,2,"ALH SHUAIBU ADAMU"
13814,2,collision,30022,CON-RES-1990-60,3,"ALHAJI YAHAYA IBRAHIM BAKO"
13814,2,collision,27591,RES-1991-670,1,"ALHAJI SABIU SHEHU"
14812,2,legitimate-optot,38614,CON-RES-1997-224,3,"ALHAJI TIJJANI BADAWI YAKASAI"
14812,2,legitimate-optot,28602,RES-1993-1397,2,"ALHAJI USAINI BABA IBRAHIM"
18449,2,collision,32254,CON-RES-1987-852,3,"MR SIMON MADUABUCHI"
18449,2,collision,18725,CON-RES-RC-1982-740,3,"PACKO PLAST NIG. LTD"
14120,2,collision,46970,CON-RES-1992-553,3,"ABUBAKAR KABIR B/MALAMI MADABO"
14120,2,collision,27907,RES-1993-731,2,"HAJIYA AMINA BALA"
7208,2,collision,30566,CON-AG-1986-139,3,"ALHAJI YAHAYA HARUNA"
7208,2,collision,20895,CON-AG-1983-105,3,"HAFUSATU MEMORIAL FARM"
18289,2,collision,32093,CON-RES-1983-179,3,"ALHAJI RABIU BALA (JR)"
18289,2,collision,31033,CON-RES-RC-1982-567,3,"ALHAJI BABALLE ILA & SONS LTD"
13772,2,collision,27549,RES-1991-620,1,"YUNUSA DAIYABU IBRAHIM"
13772,2,collision,33268,CON-RES-1990-362,3,"ABDULLAHI A SARKI"
17846,2,collision,31650,CON-RES-1982-1230,3,"MR.AKANJI OGUNDIMU"
17846,2,collision,34553,CON-RES-RC-1981-93,3,"ALHAJI MAIWADA HODI"
55594,2,legitimate-linked,175963,RES-2015-5031,2,"HAMZA SULE WURO"
55594,2,legitimate-linked,175988,"KNGP 137",KANGIS,"HAMZA SULE WURO BOKKI"
37038,2,legitimate-optot,179308,RES-1991-3959,1,"NAZIRU RABIU IBRAHIM"
37038,2,legitimate-optot,179318,"KNML 1759",KANGIS,"NAZIRU RABIU IBRAHIM"
12282,2,legitimate-optot,31786,CON-RES-1984-577,3,"ALHAJI IBRAHIM LEKO"
12282,2,legitimate-optot,25987,CON-RES-RC-1982-662,3,"MURTALA BASHIR"
7667,2,collision,21358,CON-AG-1982-453,3,"ALHAJI MUHAMMADU BAFFA WUDIL"
7667,2,collision,15025,CON-COM-1981-137,3,"HAMDULLAHI CO NIGERRA LTD"
7304,2,collision,20991,RES-1992-3495,2,"HASSAN BILAL"
7304,2,collision,29938,CON-AG-1988-68,3,"AWA COMPANY LIMITED"
43046,2,legitimate-optot,198879,RES-1994-821,2,"USMAN BAITA UBA WARU"
43046,2,legitimate-optot,198894,"KNML 3001",KANGIS,"USMAN BAITA UBA WARU"
24054,2,collision,47022,CON-RES-2000-8,3,"SHEHU S. IMAM"
24054,2,collision,47071,CON-RES-1999-214,3,"ALHAJI MUNKAIU IDRIS"
58288,2,legitimate-optot,172839,RES-2018-3395,2,"RABI'U BABA SANI"
58288,2,legitimate-optot,172865,"KNML 8011",KANGIS,"RABI'U BABA SANI"
11201,2,collision,24905,CON-RES-1983-699,3,"ALHAJI UBA BALA"
11201,2,collision,22859,CON-RES-1982-130,3,"FASAYCO NIGERIA LIMITED"
15830,2,collision,47316,CON-RES-2007-43,3,"EMEKA EMEAFU"
15830,2,collision,29629,CON-RES-1982-511,3,"ALH NASURU KABARA"
66037,2,legitimate-linked,197805,RES-RC-1982-295,1,"NURA JAFARU $ RAKIYA JAFARU"
66037,2,legitimate-linked,197848,KN1964,KANGIS,"NURA JAFARU $ RAKIYA JAFARU"
65959,2,legitimate-linked,196580,RES-RC-1982-227,1,"AHMED N.B DANBATTA"
65959,2,legitimate-linked,196600,"KNML 8603",KANGIS,"AHMED N.B DANBATTA"
14773,2,collision,36743,CON-RES-1997-103,3,"ALH SULAIMAN ILU"
14773,2,collision,28563,RES-1993-1293,2,"HASHIMU MOHAMMED / SADI YAHAYA"
178540,2,legitimate-linked,197225,CON-RES-2011-206,3,"YAHAYA NU'UMAN BARAU DANBATTA"
178540,2,legitimate-linked,197234,"KNML 6611",KANGIS,"YAHAYA NU'UMAN BARAU DANBATTA"
10762,2,collision,13928,CON-RES-1981-159,3,"ALHAJI MOHAMMED ADAMU"
10762,2,collision,24465,CON-RES-1987-99,3,"ALHAJI ABDU AMINU IBRAHIM"
166698,2,legitimate-linked,189216,CON-COM-2015-203,3,"AL-MUSTAPHA ZANGO NIGERIA LIMITED"
166698,2,legitimate-linked,189234,"MLKN 2772",KANGIS,"AL-MUSTAPHA ZANGO NIGERIA LIMITED"
179395,2,legitimate-linked,197908,CON-AG-2007-40,3,"SANI AMINU"
179395,2,legitimate-linked,197934,KN1779,KANGIS,"SANI AMINU"
8732,2,collision,34899,CON-COM-2006-101,3,"ALHAJI ABDULLAHI MAHMOUD GAYA"
8732,2,collision,22431,RES-1992-6479,2,"INUSA AHMAD, KABIRU MURTALA AND YALWA USAINI"
13277,2,legitimate-optot,27050,RES-1982-2247,1,"USMAN SALE"
13277,2,legitimate-optot,30486,CON-RES-1987-946,3,"JOHN DELE OGHOJAFOR"
46773,2,legitimate-optot,187859,RES-2000-2111,2,"SANI EL-YAKUB"
46773,2,legitimate-optot,187893,"KNML 2402",KANGIS,"SANI EL-YAKUB"
47835,2,legitimate-linked,182220,RES-2000-842,2,"ALH KABIRU RUFA'E"
47835,2,legitimate-linked,182222,"KNML 9665",KANGIS,"HASSAN SHU'AIBU"
54799,2,legitimate-linked,179487,RES-2015-1958,2,"MUSA YUSUF GIWA"
54799,2,legitimate-linked,179503,KN3988,KANGIS,"MUSA YUSUF GIWA"
12806,2,collision,24582,CON-RES-1987-1170,3,"ALHAJI GARBA SHUAIBU"
12806,2,collision,26578,RES-1982-2378,1,"ALHAJI YUSUFU ABUBAKAR"
17925,2,collision,31729,CON-IND-1984-12,3,"ALHAJI SIR MUHAMMADU SANUSI"
17925,2,collision,20352,CON-RES-RC-1982-150,3,"ALHAJI TURAWA YOLA"
60501,2,legitimate-linked,178593,RES-2020-3106,2,"AHAMD ABUBAKAR GHALI"
60501,2,legitimate-linked,178600,KN4803,KANGIS,"AHAMD ABUBAKAR GHALI"
171848,2,legitimate-linked,192381,CON-COM-2019-38,3,"KANO FASHION CITY"
171848,2,legitimate-linked,192410,"MLKN 4487",KANGIS,"KANO FASHION CITY"
13112,2,collision,32122,CON-RES-1987-552,3,"ALHAJI BALA NA WAIYA"
13112,2,collision,26885,RES-1991-205,1,"SA`IDU DAHIRU"
1161,2,legitimate-linked,168100,COM-1991-8,1,"ALHAJI MUAZU SALE"
1161,2,legitimate-linked,184105,COM-RC-1983-11,1,"A.H SULAIMAN & BROS (NIG) LTD"
65246,2,legitimate-linked,191789,RES-RC-1982-1222,1,"HAJ MARIYA SANUSI DANTATA"
65246,2,legitimate-linked,191798,"KNML 2497",KANGIS,"HAJ MARIYA SANUSI DANTATA"
13437,2,collision,24317,CON-RES-1988-437,3,"KINGSLEY OYEBUCHI EFODU"
13437,2,collision,27211,RES-1991-427,1,"MOHAMMED DAHIRU MAI AGWAGWA"
17835,2,collision,21490,CON-RES-RC-1981-80,3,"HAJIYA RAKIYA ABDULAZIZ HALIRU"
17835,2,collision,31639,CON-RES-1982-1289,3,"DANIEL UWAIFO OYEGUN"
11602,2,collision,32053,CON-RES-1982-551,3,"ALHAJI DAN BASHARI KOGUNA"
11602,2,collision,25306,CON-RES-1984-373,3,"ALHAJI MUHAMMADU JIBRIN DANGORA"
169225,2,legitimate-linked,191122,CON-RES-2017-342,3,"ALH. ALI YUSUF"
169225,2,legitimate-linked,191127,"KNML 5379",KANGIS,"ALH. ALI YUSUF"
54593,2,legitimate-linked,180467,RES-2014-89,2,"MUSTAPHA BALA DAWAKI"
54593,2,legitimate-linked,180468,"KNML 1969",KANGIS,"MUSTAPHA BALA DAWAKI"
32065,2,legitimate-linked,172146,RES-1987-1596,1,"GROUP CAPTAIN MAHMOUD EL-HAJI AHMED"
32065,2,legitimate-linked,172222,KN3731,KANGIS,"GROUP CAPTAIN MAHMOUD EL-HAJI AHMED"
12486,2,collision,26192,CON-RES-1988-152,3,"ALHAJI SANI ABDULLAHI"
12486,2,collision,30445,CON-RES-1985-534,3,"ALHAJI KABIRU IBRAHIM"
18149,2,collision,19771,CON-RES-RC-1982-422,3,"S.B. INTERNATIONAL PHASE"
18149,2,collision,31953,CON-RES-1982-1338,3,"ALHAJI GARBA A AMINU"
145784,2,legitimate-linked,168760,CON-RES-2023-7424,3,"ISA DAWUD JIDDA"
145784,2,legitimate-linked,168780,KN5433,KANGIS,"ISA DAWUD JIDDA"
11721,2,collision,25425,CON-RES-1985-606,3,"ALI SANI YOLA"
11721,2,collision,25106,CON-RES-1982-762,3,"ALHAJI ISHAQ A. AHMED"
47033,2,legitimate-optot,179213,RES-2000-2956,2,"MAL. MOHAMMED WADA MANSUR"
47033,2,legitimate-optot,179238,"KNML 1757",KANGIS,"MUHAMMADU WADA MANSUR"
15290,2,collision,192938,CON-RES-2002-52,3,"ALHAJI SANI ALI"
15290,2,collision,29088,RES-1993-3386,2,"A SANI ISA FAGGE"
11748,2,collision,25452,CON-RES-1989-88,3,"ALHAJI TURAKI SALIHU ALI"
11748,2,collision,35288,CON-RES-1982-825,3,"ALHAJI GARBA DA'U"
12443,2,collision,26149,CON-RES-1989-611,3,"ALHAJI ADO KUMURYA"
12443,2,collision,25864,CON-RES-1985-409,3,"ALHAJI RABIU YARO"
17458,2,collision,31261,CON-RES-1995-494,3,"MR. L. F. B. DUKE"
17458,2,collision,184466,KN5407,KANGIS,"MURTALA ABDULLAHI JEGA"
6922,2,collision,20606,RES-1992-3167,2,"SULEMAN YUSUF"
6922,2,collision,16121,CON-AG-1982-192,3,"ALHAJI AMADU ALI"
11778,2,collision,23510,CON-RES-1982-870,3,"ALHAJI ILIYA YANKABA"
11778,2,collision,25482,CON-RES-1989-410,3,"ABDUL-RAZAKABDUL SAMAD"
13878,2,collision,27656,RES-1991-745,1,"KABIRU DAHIRU"
13878,2,collision,36261,CON-RES-1991-299,3,"MRS FLORANCE OLADEZO"
18125,2,legitimate-linked,31929,CON-RES-1982-1359,3,"ALHAJI KASSIM YAKASAI"
18125,2,legitimate-linked,188329,CON-RES-RC-1982-40,3,"TOTAL NIGERIA PLC"
53548,2,legitimate-linked,180974,RES-2010-4126,2,"BASHIR YAHAYA SHUIABU"
53548,2,legitimate-linked,180996,"KNML 1953",KANGIS,"BASHIR YAHAYA SHUAIBU"
18539,2,collision,32344,CON-RES-1987-1114,3,"M.MUSA MOHAMMED"
18539,2,collision,20399,CON-RES-RC-1984-3,3,"ALHAJI LAWAN INUWA"
12477,2,collision,30435,CON-RES-1985-513,3,"ALHAJI SULE RABO"
12477,2,collision,26183,CON-RES-1988-192,3,"HAJIYA RABI INUSA"
7182,2,collision,20869,RES-1992-3348,2,"ALHAJI IDI MAGAJI"
7182,2,collision,25836,CON-AG-1985-153,3,"ALHAJI LAWAN AHMED KIBIYA"
159470,2,legitimate-linked,183159,CON-RES-1999-189,3,"ALH. RUFA'I MAIYAKI ABDULMALIK"
159470,2,legitimate-linked,183164,"KNML 1729",KANGIS,"ALH RUFA'I MAIYAKI ABDULMALIK"
3778,2,collision,184841,COM-2012-1,1,"EMERGING MARKET TELECOMMUNICATION SERVICES LTD"
3778,2,collision,17452,RES-1992-3762,2,"ALHAJI MOHAMMED METCHO"
5451,2,legitimate-linked,179180,COM-2024-796,1,"UMAR MUSA"
5451,2,legitimate-linked,179203,KN2894,KANGIS,"UMAR MUSA"
17759,2,collision,16430,CON-RES-RC-1981-143,3,"ALHAJI IDI ADAMU"
17759,2,collision,31563,CON-AG-2004-1,3,"SAIDU ABDUL FARI"
11060,2,collision,24764,CON-RES-1985-566,3,"SHEHU TAURA"
11060,2,collision,24974,CON-RES-1982-1004,3,"ALH. ABUBAKAR TALLE INUWA"
18042,2,collision,31846,CON-RES-1984-114,3,"ALHAJI UMARU HUSAINI"
18042,2,collision,19255,CON-RES-RC-1982-312,3,"NUHU AHMED"
11621,2,collision,24947,CON-RES-1982-577,3,"ALHAJI BASHIR LABARAN"
11621,2,collision,25325,CON-RES-1984-495,3,"ALHAJI ABDULKADIR AUWALU"
8232,2,collision,33179,CON-COM-1993-20,3,"ALH RABIU SULE GARO"
8232,2,collision,21929,CON-RES-2009-95,3,"GARBA YUSUF"
13076,2,collision,25435,CON-RES-1987-454,3,"ALI .D. SALIHU"
13076,2,collision,26849,RES-1991-166,1,"BASHIRU USMAN"
37224,2,legitimate-optot,185579,RES-1991-489,1,"FATIMA MUSTAPHA"
37224,2,legitimate-optot,185581,"KNML 1511",KANGIS,"FATIMA MUSTAPHA"
153408,2,legitimate-linked,177724,RES-1982-1702,1,"KABIRU BEN UMAR"
153408,2,legitimate-linked,177769,"KNML 1812",KANGIS,"KABIRU BEN UMAR"
169570,2,legitimate-linked,191374,RES-2016-2498,2,"ABUBAKAR SAHABO BARURO"
169570,2,legitimate-linked,191383,"KNML 8947",KANGIS,"ABUBAKAR SAHABO BARURO"
163886,2,legitimate-linked,186821,CON-COM-2023-408,3,"EDEH OSMONO"
163886,2,legitimate-linked,186916,KN3996,KANGIS,"EDEH OSMOND"
12617,2,collision,26323,CON-RES-1986-433,3,"ALHAJI ALASAN UMARU"
12617,2,collision,30373,CON-RES-1986-289,3,"ALHAJI YAHAYA ILYASU"
12453,2,collision,35333,CON-RES-1985-444,3,"ALHAJI MOHAMMED DANTSOHO"
12453,2,collision,26159,CON-RES-1989-474,3,"MUSTAPHA MOHD ADAMU"
154043,2,legitimate-linked,178386,CON-RES-2023-7246,3,"FAIZU MUHAMMAD GALADIMA"
154043,2,legitimate-linked,180985,KN5124,KANGIS,"MURTALA ABDULLAHI JEGA"
13379,2,collision,27153,RES-1991-354,1,"UMAR FARUK SHARADA"
13379,2,collision,24303,CON-RES-1988-29,3,"NASIRU MUDI IBRAHIM"
13094,2,collision,26867,RES-1991-187,1,"ABDU MUSA BICHI"
13094,2,collision,30540,CON-RES-1987-501,3,"MRS E N EKPE"
161708,2,legitimate-linked,185114,COM-2010-384,1,"HERBAL POINT SERVICES"
161708,2,legitimate-linked,185128,"MLKN 389",KANGIS,"HERBAL POINT SERVICES"
10774,2,collision,24477,CON-RES-1987-174,3,"MALLAM ABDULLAHI YANKABA"
10774,2,collision,19101,CON-RES-1981-183,3,"WADA MOHAMMED ALIYU"
12937,2,legitimate-optot,26709,RES-1982-591,1,"ALHAJI SALISU SANI"
12937,2,legitimate-optot,34258,CON-RES-1987-180,3,"JONPAUL CHINDERA"
7187,2,collision,34271,CON-AG-1985-4,3,"NURADDEEN MAHMOUD GASHASH"
7187,2,collision,20874,CON-AG-1983-7,3,"ALHAJI SALISU ALI"
7181,2,collision,20868,RES-1992-3345,2,"BABBA IDRIS/ AMINU D/MALANTA"
7181,2,collision,16439,CON-AG-1985-151,3,"HAMIDAWA LTD"
28253,2,legitimate-linked,185263,DCIV-2023-187,DCIV,"THE NIGERIAN POLICE"
28253,2,legitimate-linked,195505,RES-1982-1505,1,"SAFIYANU UMAR"
17780,2,collision,21508,CON-RES-RC-1981-19,3,"MR. OLANREWAJU AMOS"
17780,2,collision,31584,CON-RES-2004-102,3,"MALLAM IDRIS MUSTAPHA"
7992,2,collision,19218,CON-COM-1985-71,3,"ALHAJI ABDULLAHI YARIMA YUSUF"
7992,2,collision,21686,CON-RES-1982-441,3,"ALHAJI MOHAMMADU ABDU"
12686,2,legitimate-optot,26257,CON-RES-1986-58,3,"ALHAJI SANI MINISTER"
12686,2,legitimate-optot,26392,RES-1982-1793,1,"AMINU MOHD DAHIRU"
14772,2,collision,28562,RES-1993-1289,2,"ABDULRAHAMAN GARBA"
14772,2,collision,37258,CON-RES-1997-102,3,"ALHAJI IDI GAMBO"
43369,2,legitimate-linked,182980,RES-1995-1504,2,"SALAMATU SABO BAKIN ZUWO"
43369,2,legitimate-linked,182984,"KNML 1931",KANGIS,"SALAMATU SABO BAKIN ZUWO"
51996,2,legitimate-linked,189750,RES-2009-11,2,"HALADU MUHAMMAD"
51996,2,legitimate-linked,189777,"KNML 2418",KANGIS,"HALASU MUHAMMAD"
18384,2,collision,32188,CON-RES-1987-291,3,"ALHAJI SAFIYANU MADUGU & SONS LTD"
18384,2,collision,18694,CON-RES-RC-1982-667,3,"HARUN-ALRASHID YUSUF"
12372,2,legitimate-optot,26077,CON-AG-1982-217,3,"DUTSEN GIMA FARM LIMITED"
12372,2,legitimate-optot,30777,CON-RES-1985-21,3,"ALHAJI ADO ROGO"
18194,2,collision,18721,CON-RES-RC-1982-47,3,"ALHAJI RABI`U GAMBO"
18194,2,collision,31998,CON-RES-1983-643,3,"JOHNSON UBON ESSIEN"
16035,2,collision,29834,CON-RES-1994-248,3,"DAN ASABE ADAMU"
16035,2,collision,47206,CON-RES-2008-883,3,"HAJIYA HAFSAT ABUBAKAR"
154266,2,legitimate-linked,178578,CON-RES-2009-641,3,"KABIRU AHMAD YAKASAI"
154266,2,legitimate-linked,178596,"KNML 2510",KANGIS,"KABIR AHMAD YAKASAI"
12323,2,collision,29242,CON-RES-1984-713,3,"ALHAJI ALIYU ABUBAKAR"
12323,2,collision,26028,CON-AG-1982-278,3,"ALHAJI ABDULMUMINI ADAMU WUDIL"
175592,2,legitimate-linked,194985,"KNML 7399",KANGIS,"ABDULLAHI SULEIMAN YARO"
175592,2,legitimate-linked,195111,RES-2019-4325,2,"FUTURE BRAND"
17548,2,legitimate-linked,187265,KN5205,KANGIS,"MURTALA ABDULLAHI JEGA"
17548,2,legitimate-linked,31351,CON-RES-1995-562,3,"ALHAJI YUNUSA A. SULE"
6995,2,legitimate-linked,16450,CON-AG-1982-398,3,"MUHAMMAD ADAMU"
6995,2,legitimate-linked,20679,CON-RES-1995-385,3,"ALHAJI RABIU DANDADA"
12375,2,collision,26080,CON-RES-1989-277,3,"EDWIN EJEZIE"
12375,2,collision,30775,CON-RES-1985-217,3,"MAGAN JAWARA"
17591,2,legitimate-linked,31394,CON-RES-1997-177,3,"GARBA ALIYU"
17591,2,legitimate-linked,186788,KN4541,KANGIS,"MURTALA ABDULLAHI JEGA"
17724,2,collision,16433,CON-RES-RC-1981-101,3,"RAHMAN AJANI BABATUNDE ALADE"
17724,2,collision,31528,CON-COM-1994-31,3,"ALHAJI DANLADI DAUDA"
178014,2,legitimate-linked,196829,RES-1999-65,2,"UMAR ABUBAKAR"
178014,2,legitimate-linked,196837,KN3313,KANGIS,"UMAR ABUBAKAR"
17782,2,collision,25792,CON-RES-RC-1981-22,3,"ALHAJI MOHAMMED ZUBAIRU BELLO"
17782,2,collision,31586,CON-RES-2004-124,3,"HAJIYA BINTA JAFARU BABA"
104610,2,legitimate-linked,170132,CON-AG-2021-156,3,"ALHAJI LAWAN ABDULRAHMAN"
104610,2,legitimate-linked,170141,KN3674,KANGIS,"ALHAJI LAWAN ABDULRAHMAN"
12423,2,collision,26128,CON-RES-1989-493,3,"HAJIA HANSATU USMAN"
12423,2,collision,29324,CON-RES-1985-360,3,"MR. PATRICK AGUDI"
11356,2,collision,25060,CON-RES-1984-253,3,"MOHAMMED BELLO"
11356,2,collision,29618,CON-RES-1982-175,3,"MRS. GRACE F. ABBA"
13022,2,collision,26794,RES-1991-109,1,"ALHAJI MAKAMA SHEHU"
13022,2,collision,32136,CON-RES-1987-343,3,"ALHAJI BABA ENGINEER"
6888,2,collision,20572,RES-1992-3215,2,"UWANI ADAMU"
6888,2,collision,18150,CON-AG-1982-124,3,"ALHAJI ZUBAIRU BELLO"
12155,2,collision,25860,CON-AG-1985-179,3,"ALHAJI UMARU SHUAAIBA"
12155,2,collision,31861,CON-RES-1984-153,3,"YAKUBU ABDU"
53489,2,legitimate-optot,171630,RES-2010-2938,2,"AISHA UMAR"
53489,2,legitimate-optot,171640,"KNML 8121",KANGIS,"AISHA UMAR"
14747,2,collision,38279,CON-RES-1996-323,3,"ALH ADO DANDAWAKI"
14747,2,collision,28535,RES-1993-1156,2,"HAMISU AHMED RIMIN KIRA"
169417,2,legitimate-linked,191258,DCIV-2026-396,DCIV,"INVESTIGATION ACTIVITIES"
169417,2,legitimate-linked,196858,RES-2016-4093,2,"ALIYU S/FADA"
15590,2,collision,34859,CON-RES-2005-303,3,"ALHAJI MUSA YAKUBU"
15590,2,collision,29389,CON-RES-1987-479,3,"A. O. ONAYEMI"
7295,2,collision,29945,CON-AG-1988-45,3,"ADARAYE FARM"
7295,2,collision,20982,RES-1992-3472,2,"ISMAILA MOHD"
14619,2,collision,36906,CON-RES-1995-344,3,"SULAIMAN RIBADU AND SONS LIMITED"
14619,2,collision,28406,RES-1992-7459,2,"JAFARU MUSA"
12619,2,collision,31681,CON-RES-1986-294,3,"ALHAJI ABUBAKAR GANA"
12619,2,collision,26325,CON-RES-1986-435,3,"MUHTARI ALHAJI UMARU"
11960,2,legitimate-optot,25665,CON-RES-RC-1984-32,3,"CHIEF JOSEPH UBA"
11960,2,legitimate-optot,23887,CON-RES-1983-385,3,"SHAZALI SANI MUSA"
18145,2,collision,19760,CON-RES-RC-1982-419,3,"ALHAJI SANI CHINDO"
18145,2,collision,31949,CON-RES-1982-908,3,"ALHAJI SALISU NAZIRU ISMAILA"
7103,2,collision,16742,CON-AG-1983-219,3,"MU'UMIN ENERGY FLEET (NIG)LTD"
7103,2,collision,20790,RES-1992-3390,2,"DAHIRU ISYAKU"
12824,2,collision,26596,RES-1982-2406,1,"MOHAMMED SANI"
12824,2,collision,30928,CON-RES-1987-1231,3,"ALHAJI ADO MOHAMMED"
149937,2,legitimate-linked,173262,CON-COM-2022-553,3,"IKENA HOUSE OF DISCIPLINE KANO BRANCH"
149937,2,legitimate-linked,173280,KN3645,KANGIS,"IKENA HOUSE OF DISCIPLINE KANO BRANCH"
7394,2,collision,21084,CON-RES-1995-418,3,"IBRAHIM HASSAN"
7394,2,collision,31271,CON-AG-1995-19,3,"KASSIM T. AHMED"
11951,2,collision,24382,CON-RES-1983-363,3,"ALHAJI SANI ISA"
11951,2,collision,25656,CON-RES-1985-563,3,"ISYAKU ABDURRAHMAN"
153329,2,legitimate-linked,177624,CON-RES-2023-7258,3,"FAIZU MUHAMMAD GALADIMA"
153329,2,legitimate-linked,186762,KN4526,KANGIS,"MURTALA ABDULLAHI JEGA"
8414,2,collision,32741,CON-COM-1998-62,3,"ALHAJI SAMINU ADAMU"
8414,2,collision,22114,CON-RES-2009-1044,3,"ONYEKA LASCERIAN MBA"
13415,2,collision,27189,RES-1991-399,1,"SALE GALADIMA"
13415,2,collision,29895,CON-RES-1988-385,3,"ALH ABUBAKAR ISAH"
19146,2,collision,32951,CON-AG-2003-30,3,"ALHAJI IDI BAGWANJE"
19146,2,collision,185897,IND-2013-13,1,"ALREN CONSTRUCTION COMPANY LTD"
169203,2,legitimate-linked,191102,CON-RES-2017-343,3,"ALH. ALI YUSUF"
169203,2,legitimate-linked,191113,"KNML 5380",KANGIS,"ALH. ALI YUSUF"
19608,2,collision,33413,CON-COM-1992-69,3,"ABDULKADIR SABIU JIBRIN"
19608,2,collision,171363,KN4708,KANGIS,"BULK OIL TERMINAL COMPANY"
178742,2,legitimate-linked,197373,CON-COM-2022-719,3,"HON. MUHAMMAD HASSAN"
178742,2,legitimate-linked,197387,"MLKN 4570",KANGIS,"HON. MUHAMMAD HASSAN"
153940,2,legitimate-linked,182714,KN5245,KANGIS,"MURTALA ABDULLAHI JEGA"
153940,2,legitimate-linked,178275,CON-RES-2023-7382,3,"FAIZU MUHAMMAD GALADIMA"
11033,2,collision,24737,CON-RES-1985-390,3,"ALHAJI YAHAYA USMAN"
11033,2,collision,14995,CON-RES-1981-71,3,"MAI JIMINA TRADING CO"
163834,2,legitimate-linked,186781,RES-1998-1059,2,"ABDULKADIR MOHAMMAD CAPT"
163834,2,legitimate-linked,186783,"KNML 1547",KANGIS,"ABBA IBRAHIM BABA"
11802,2,collision,25506,CON-RES-1999-347,3,"AMINU YUSUF"
11802,2,collision,23920,CON-RES-1982-92,3,"HALLIRU LAWAL"
155723,2,legitimate-linked,180036,CON-RES-2010-482,3,"HAJIYA MARIYA SUNUSI DANTATA"
155723,2,legitimate-linked,180039,"KNML 1469",KANGIS,"HAJIYA MARIYA SUNUSI DANTATA"
7451,2,collision,32940,CON-AG-2003-12,3,"DALA BUILDING SOCIETY PLC"
7451,2,collision,21142,CON-RES-1994-204,3,"MUHAMMAD SUNUSI SALIHU"
6946,2,collision,20630,RES-1992-3193,2,"ASP AHMED MURTALA"
6946,2,collision,16724,CON-AG-1982-245,3,"ALH SULE HARUNA TAHIR"
13674,2,legitimate-optot,27450,RES-1990-4265,1,"ALHAJI LAWAN BAGAZAWA"
13674,2,legitimate-optot,30958,CON-RES-1989-55,3,"FATIMA, RABI, ZAINAB & BELLO"
14367,2,legitimate-optot,29842,CON-RES-1994-262,3,"KOKIYA PETROLEUM PRODUCTS & HAULAGE LTD"
14367,2,legitimate-optot,28154,RES-1993-2102,2,"MR MATHEW OKAPOR"
13722,2,collision,27499,RES-1990-4065,1,"MUSA GORA"
13722,2,collision,33262,CON-RES-1990-195,3,"ALHAJI MUSA KOFA"
11424,2,collision,25128,CON-RES-1982-1561,3,"MR. AUGUSTINE JOHN IGBENAKE"
11424,2,collision,23533,CON-RES-1982-266,3,"ADO ALI RANO"
11379,2,collision,30982,CON-RES-1982-203,3,"MRS ADEREMI OLOWOWLORA"
11379,2,collision,25083,CON-AG-1984-40,3,"ALHAJI SANI SALIHU"
43952,2,legitimate-linked,182915,RES-1995-2818,2,"SALAMATU SABO BAKIN ZUWO"
43952,2,legitimate-linked,182916,"KNML 1933",KANGIS,"SALAMATU SABO BAKIN ZUWO"
9561,2,collision,33904,CON-COM-2014-159,3,"OSITA OSSAI"
9561,2,collision,23263,RES-1992-7158,2,"AMINA MOHD/UMARU MOHD"
165350,2,legitimate-linked,188141,CON-AG-2016-8,3,"SAAD ABUBAKAR ADAMS"
165350,2,legitimate-linked,188158,"MLKN 2768",KANGIS,"SAAD ABUBAKAR ADAMS"
18529,2,collision,20400,CON-RES-RC-1984-2,3,"ALHAJI LAWAN INUWA"
18529,2,collision,32334,CON-RES-1987-843,3,"MRS JANET ADEOLA MA"
14550,2,collision,28337,RES-1992-7329,2,"IBRAHIM SABO"
14550,2,collision,18016,CON-RES-1994-86,3,"ALH. MUHD HAMZA YAKUBU"
275,2,collision,19516,AG-RC-1982-86,1,"ALHAJI ZAKARI MAIGORO"
275,2,collision,13930,CON-RES-1981-38,3,"ALHAJI MUHAMMADU NAZIRU"
47713,2,legitimate-linked,171550,RES-2000-6769,2,"FAUZIYYA MUHAMMAD HASSAN"
47713,2,legitimate-linked,171553,KN4741,KANGIS,"FAUZIYYA MUHAMMAD HASSAN"
35972,2,legitimate-linked,179602,RES-1990-4363,1,"ALHAJI UMARU YAHAYA"
35972,2,legitimate-linked,179604,"KNML 1458",KANGIS,"ALHAJI UMARU YAHAYA"
157744,2,legitimate-linked,181867,CON-RES-2013-494,3,"YAHAYA YAKUBU"
157744,2,legitimate-linked,181871,"KNML 1990",KANGIS,"YAHAYA YAKUBU"
11770,2,collision,25474,CON-RES-1989-73,3,"THE  FIRST AFRICAN CHURCH MISSION"
11770,2,collision,32210,CON-RES-1982-856,3,"ALHAJI JIBO BOSS"
7251,2,collision,20938,CON-RES-1993-551,3,"MANSUR ALHASSAN"
7251,2,collision,19542,CON-AG-1987-130,3,"ALHAJI KABIRU BABBAN MALAMI MADABO"
12374,2,collision,26079,CON-RES-1989-257,3,"ALHAJI AHMED ADEKU OZIGI"
12374,2,collision,24707,CON-RES-1985-214,3,"JOHN ARIYO AFELUMA"
6996,2,collision,18767,CON-AG-1982-4,3,"ALH IBRAHIM CHIGARI S/SHANU"
6996,2,collision,20680,CON-RES-1995-387,3,"ALH. DANJINJIRI BALA"
11143,2,collision,25971,CON-RES-1982-1182,3,"ALHAJI MOHAMMED ALIYU AZARE"
11143,2,collision,24847,CON-RES-1986-231,3,"HAJIYA MARYAM IBRAHIM"
8707,2,collision,32838,CON-COM-2005-63,3,"SHEHU YAU SAAD"
8707,2,collision,22406,RES-1992-6428,2,"ALHAJI ISA T/NUFAWA"
11051,2,collision,24755,CON-RES-1985-487,3,"HAJIYA YAR SHEHU ISHAK"
11051,2,collision,14985,CON-RES-1981-95,3,"AMINU TIJJANI"
15143,2,collision,28940,RES-1993-3750,2,"ALHAJI MAIKUDI ADAMU / GARBA BAUBAKAR"
15143,2,collision,33107,CON-RES-2000-79,3,"NURA MUHAMMED DANKADAI"
11220,2,collision,24924,CON-COM-1985-44,3,"ALH. USMAN MAHMOUD YOLA"
11220,2,collision,198106,CON-RES-1982-1337,3,"IBRAHIM ABDULLAHI ZANGO"
10181,2,collision,23883,CON-RES-1983-288,3,"RABIU HUSAINI"
10181,2,collision,172054,CON-COM-2024-732,3,"AL_YAMAN OIL & GAS LIMITED"
151695,2,legitimate-linked,174920,CON-COM-2025-250,3,"HAMZA SALISU GARBA"
151695,2,legitimate-linked,174927,KN5429,KANGIS,"HAMZA SALISU GARBA"
8043,2,collision,21737,CON-AG-1982-591,3,"ABDULLAHI L. RANO"
8043,2,collision,18927,CON-COM-1987-128,3,"DANTSOHO PETROLEUM MARKETING CO.LIMITED"
11520,2,collision,25224,CON-RES-1984-459,3,"MRS MARY AMOS"
11520,2,collision,23474,CON-RES-1982-426,3,"ALHAJI ALI KWARU"
12779,2,collision,26551,RES-1982-2312,1,"SALISU HAMISU"
12779,2,collision,24537,CON-RES-1987-1122,3,"HUSSAINI HARUNA"
151045,2,legitimate-linked,174291,CON-COM-2022-611,3,"JAMA'ATUL IZALATIL BID'A WA'IKAMATISSUNNA"
151045,2,legitimate-linked,174295,KN4412,KANGIS,"JAMA'ATUL IZALATIL BID'A WA'IKAMATISSUNNA"
13906,2,collision,27685,RES-1991-779,1,"GARBA UMARU"
13906,2,collision,35912,CON-RES-1991-422,3,"ALHAJI ADO MOHAMMED SABARI"
17545,2,collision,31348,CON-RES-1995-556,3,"ALHAJI ASHIRU SALISU ABDULJALALI"
17545,2,collision,179986,KN5210,KANGIS,"MURTALA ABDULLAHI JEGA"
151191,2,legitimate-linked,174418,CON-COM-2025-134,3,"MR EMMANUEL CHIJIOKE"
151191,2,legitimate-linked,174435,KN5339,KANGIS,"MR EMMANUEL CHIJIOKE"
7752,2,collision,15904,CON-COM-1982-177,3,"DAWANAU OIL MILLS"
7752,2,collision,21443,RES-1992-4511,2,"ALI MAILAFIA"
15581,2,collision,29379,CON-RES-1987-491,3,"EDWARD C. BEDFORD"
15581,2,collision,34868,CON-RES-2005-274,3,"ADAMU ALHAJI HUSSINI"
14320,2,collision,28107,RES-1993-1690,2,"HAMZA MAIJAKAI"
14320,2,collision,17475,CON-RES-1993-9,3,"ALHAJI ALI NAMADI"
12097,2,collision,35245,CON-RES-1983-8,3,"ALHAJI UBA MOHAMMED"
12097,2,collision,25802,CON-RES-1983-676,3,"MR. J.O AJAYI"
11800,2,collision,25504,CON-RES-1999-349,3,"YUSUF .A. UMAR YAKASAI"
11800,2,collision,22883,CON-RES-1982-917,3,"SA'ADU USUMAN"
13964,2,collision,27751,RES-1993-11,2,"ADO A IBRAHIM"
13964,2,collision,36076,CON-RES-1991-639,3,"ALHAJI ALI HASSAN"
7627,2,legitimate-optot,25248,CON-AG-RC-1984-202,3,"ALHAJI DAN LAMI & SONS"
7627,2,legitimate-optot,21318,CON-RES-RC-1982-652,3,"ALHAJI AHMADU YARO"
14649,2,legitimate-optot,28437,RES-1993-374,2,"MURTALA SANI JEGA"
14649,2,legitimate-optot,22782,CON-RES-1995-528,3,"LAWAN ABDU DANDAGO"
54847,2,legitimate-linked,175583,RES-2015-2108,2,"YASIR MUHAMMAD SAID ABDULLAHI."
54847,2,legitimate-linked,175587,KN5088,KANGIS,"YASIR MUHAMMAD SAID ABDULLAHI."
13500,2,legitimate-optot,25917,CON-RES-1988-607,3,"ALHAJI MOHAMMADU ADAMU"
13500,2,legitimate-optot,27274,RES-1991-513,1,"MOHD GAMBO"
16249,2,collision,30048,CON-RES-1990-152,3,"ALHAJI SABO ABDU AND UMAR ILORI"
16249,2,collision,35350,CON-RES-2009-828,3,"ALHAJI MUNZALI MUHAMMED ZAKARI"
13686,2,collision,27462,RES-1990-4446,1,"SHEHU JIBRIN"
13686,2,collision,26099,CON-RES-1989-602,3,"ALHAJI SANI DAN DADA"
8930,2,collision,22631,RES-1992-6952,2,"DAHIRU JIBRIN"
8930,2,collision,16179,CON-COM-2008-157,3,"ALHAJI NASIRU MUSA"
15128,2,collision,47041,CON-RES-2000-49,3,"AUWAL UMAR ALI"
15128,2,collision,28925,RES-1993-3268,2,"USMAN AHMED"
8025,2,collision,21719,CON-RES-1982-78,3,"ALHAJI ABDULWAHAB ABDULLAHI KAZAURE"
8025,2,collision,19211,CON-COM-1986-72,3,"ALHAJI UMAR ABDULKADIR"
11541,2,collision,25245,CON-RES-1983-302,3,"ALHAJI DANLAMI BAGWANJE"
11541,2,collision,22309,CON-RES-1982-456,3,"ALHAJI ALI AHMED"
13789,2,collision,27566,RES-1991-644,1,"ABDULLAHI ALH BALA"
13789,2,collision,33274,CON-RES-1990-424,3,"ALHAJI SANI ILIYASU BICHI"
54357,2,legitimate-optot,196698,RES-2014-2029,2,"MUHAMMAD SANI NAMADI"
54357,2,legitimate-optot,196707,KN3856,KANGIS,"MUHAMMAD SANI NAMADI"
10236,2,collision,32526,CON-COM-RC-1981-34,3,"MALLAM MOHAMMED JEBRA"
10236,2,collision,23938,CON-RES-1989-424,3,"ALHAJI HARUNA MAI INJI"
155240,2,legitimate-linked,179575,CON-RES-2023-7316,3,"MURTALA ABDULLAHI JEGA"
155240,2,legitimate-linked,179597,KN5113,KANGIS,"MURTALA ABDULLLAHI JEGA"
11278,2,collision,22333,CON-RES-1982-1462,3,"ALHAJI IDI BALARABE"
11278,2,collision,24982,CON-RES-1982-1050,3,"MALLAM SANI HAMZA"
13462,2,collision,24356,CON-RES-1988-50,3,"EVA IFELAYO .O."
13462,2,collision,27236,RES-1991-466,1,"MUHTARI SHUA'AIBU AHMED"
12957,2,collision,33820,CON-RES-1987-215,3,"IBRAHIM AMADU DAKATA"
12957,2,collision,26729,RES-1991-13,1,"ALH. TANKO MUSA"
12101,2,collision,25253,CON-RES-1983-806,3,"DR ADAM ESIMAJE OYOWE"
12101,2,collision,25806,CON-RES-1983-681,3,"ALHAJI GARBA AHALI"
155167,2,legitimate-linked,179501,CON-RES-2023-7361,3,"MURTALA ABDULLAHI JEGA"
155167,2,legitimate-linked,179509,KN5112,KANGIS,"MURTALA ABDULLAHI JEGA"
16260,2,collision,35428,CON-RES-2009-896,3,"MR EMEKA DURUCHIMA"
16260,2,collision,30059,CON-RES-1990-169,3,"MADAM MARY PEDRO"
156892,2,legitimate-optot,181201,RES-2014-1538,2,"MUNIR NASIDI DANEJI"
156892,2,legitimate-optot,181219,"KNML 1958",KANGIS,"MUNIR NASIDI DANEJI"
13794,2,collision,36133,CON-RES-1990-434,3,"AMINU SANI KABARA"
13794,2,collision,27571,RES-1991-651,1,"AMINU TUKUR YOLA"
158828,2,legitimate-linked,182684,CON-RES-2025-118,3,"AIMAK PROPERTIES LIMITED"
158828,2,legitimate-linked,182693,KN4747,KANGIS,"AIMAK PROPERTIES LIMITED"
10973,2,collision,24677,CON-RES-1983-872,3,"TSOHO ALH NUHU"
10973,2,collision,14530,CON-RES-1981-525,3,"AHMED MOHAMMED HADEJIA"
11762,2,collision,24954,CON-RES-1982-842,3,"ALHAJI YA'U ABDULKADIR"
11762,2,collision,25466,CON-RES-1989-60,3,"MR .S.O. OKEKE"
180316,2,legitimate-linked,198650,KN2001,KANGIS,"MOHAMMED SANI BAKO"
180316,2,legitimate-linked,198633,,2,"MOHAMMED SANI BAKO"
11806,2,collision,31608,CON-RES-1982-923,3,"ALHAJI SANI YUNUSA"
11806,2,collision,25510,CON-RES-1999-334,3,"BURHAN .A. KHALEED"
12047,2,collision,25752,CON-RES-1983-657,3,"DAHIRU MOHAMMAD ABUBAKAR"
12047,2,collision,24427,CON-RES-1983-63,3,"ALHAJI BELLO YAKASAI"
11768,2,collision,25472,CON-RES-1989-70,3,"ALHAJI DAN MARAYA MAI KAYAN MOTA"
11768,2,collision,31090,CON-RES-1982-852,3,"ALHAJI ADAMU ISA"
153884,2,legitimate-linked,178214,CON-RES-2023-7202,3,"FAIZU MUHAMMAD GALADIMA"
153884,2,legitimate-linked,181093,KN5144,KANGIS,"MURTALA ABDULLAHI JEGA"
14381,2,collision,28168,RES-1993-2137,2,"ADO BALA"
14381,2,collision,31498,CON-RES-1994-289,3,"ALHAJI UMARU AHMED"
24053,2,collision,47020,CON-RES-2000-139,3,"ALHAJI BALA NA'IYA"
24053,2,collision,47070,CON-RES-1999-215,3,"MR. ELIJAH J. UDOH"
60936,2,legitimate-linked,177615,RES-2021-610,2,"ABDULQADIR ABDULWAHID"
60936,2,legitimate-linked,177637,"KNML 9260",KANGIS,"ABDULQADIR ABDULWAHID"
8016,2,collision,19176,CON-COM-1986-52,3,"ALH. LAWAN SULE GARO"
8016,2,collision,21710,CON-RES-1982-327,3,"ALHAJI LAWAN A. ALI HOTORO"
7002,2,collision,16494,CON-AG-1982-415,3,"ALHAJI  DAUDA DALHATU"
7002,2,collision,20686,CON-RES-1995-371,3,"JUSTINA OJIEH"
14725,2,collision,28513,RES-1993-1188,2,"MUSA MOHAMMED"
14725,2,collision,37248,CON-RES-1996-223,3,"BELLO MOHAMMADU"
13014,2,collision,35674,CON-RES-1987-33,3,"ALHAJI HARUNA HASSAN DUTSE"
13014,2,collision,26786,RES-1991-100,1,"AHMAD RUFA`I UKASHATU SABON-SARA"
14847,2,collision,38339,CON-RES-1997-331,3,"PORTIA NJOTE"
14847,2,collision,28638,RES-1993-1705,2,"ALHAJI YAKUBU GYARANYA"
156475,2,legitimate-linked,180862,CON-RES-2023-7326,3,"FAIZU MUHAMMAD GALADIMA"
156475,2,legitimate-linked,180918,KN4781,KANGIS,"MURTALA ABDULLAHI JEGA"
8739,2,collision,34902,CON-COM-2006-115,3,"MUHAMMAD ALI"
8739,2,collision,22438,RES-1992-6488,2,"ALHAJI YAKUBU UMARU"
7792,2,legitimate-optot,15849,CON-COM-1982-267,3,"ALHAJI ALI BALARABE ABDULRAZAK"
7792,2,legitimate-optot,21483,CON-RES-RC-1982-87,3,"ALHAJI SANI ALHASSAN"
60633,2,legitimate-linked,173140,RES-2020-488,2,"ALI DAYEKH MOHAMMED"
60633,2,legitimate-linked,173195,"KNML 7895",KANGIS,"ALI DAYEKH MOHAMMED"
18705,2,legitimate-optot,182101,IND-1981-2,1,"PATERSON ZOCH IND LIMITED"
18705,2,legitimate-optot,32510,CON-RES-RC-1981-6,3,"ALHAJI ABDUL GANIYU BELLO"
171038,2,legitimate-linked,191759,CON-RES-2014-483,3,"PLUS OKOYE"
171038,2,legitimate-linked,191760,"KNML 2492",KANGIS,"PLUS OKOYE"
13935,2,collision,27722,RES-1991-831,1,"UMMARU MALLAM MUNKAILA"
13935,2,collision,35825,CON-RES-1991-529,3,"ALHAJI ABDU SALISU"
14900,2,collision,46978,CON-RES-1998-210,3,"ALHAJI SABO MAINA"
14900,2,collision,28691,RES-1993-1826,2,"A. ALI BABA CEDI"
12905,2,collision,33800,CON-RES-1987-1451,3,"DANJUMA MOHAMMED DAMBATTA"
12905,2,collision,26677,RES-1982-2356,1,"ALARAMMA MUSTAPHA MOHAMMED"
33554,2,legitimate-optot,191687,RES-1989-1286,1,"ALH SANUSI ADAMU"
33554,2,legitimate-optot,191708,"KNML 2488",KANGIS,"SANUSI ADAMU ALH"
12658,2,collision,32478,CON-RES-1986-377,3,"ALH. MUHAMMAD D. RINGIM"
12658,2,collision,26364,CON-RES-1982-1467,3,"ALHAJI ABBAS ISIMIJOLA"
65969,2,legitimate-linked,178401,RES-RC-1982-233,1,"MOHAMMED LAMEEN METTEDEN"
65969,2,legitimate-linked,178414,KN4404,KANGIS,"MOHAMMED LAMEEN METTEDEN"
155804,2,legitimate-linked,180124,"KNML 1476",KANGIS,"ALTINE MUHAMMAD KAURA"
155804,2,legitimate-linked,180127,CON-RES-2008-81,3,"ALTINE MUHAMMAD KAURA"
13751,2,collision,27528,RES-1991-593,1,"MUHAMMAD YUSUF"
13751,2,collision,35897,CON-RES-1990-3,3,"ALHAJI SULE HARUNA"
60934,2,legitimate-linked,180641,RES-2021-608,2,"ABDULQADIR ABDULWAHID"
60934,2,legitimate-linked,180665,"KNML 9262",KANGIS,"ABDULQADIR ABDULWAHID"
165098,2,legitimate-optot,187877,RES-2014-756,2,"ISMAIL AMINU SALEH"
165098,2,legitimate-optot,187895,"KNML 2875",KANGIS,"ISMAIL AMINU SALEH"
150030,2,legitimate-optot,173371,RES-2020-3952,2,"LUKMAN SULAIMAN ADAMU"
150030,2,legitimate-optot,173382,"KNML 9813",KANGIS,"LUKMAN SULAIMAN ADAMU"
7034,2,collision,25994,CON-AG-1982-544,3,"ALHAJI HARUNA ABUBAKAR DAMBATTA"
7034,2,collision,20720,CON-RES-1995-541,3,"ALHAJI MAGAJI ABDULLAHI"
12040,2,collision,24053,CON-RES-1983-613,3,"ALHAJI UMMARU MUSA"
12040,2,collision,25745,CON-RES-1989-194,3,"ALHAJI BADAMASI YUSUFU"
12821,2,collision,26593,RES-1982-2411,1,"GARBA HABU"
12821,2,collision,32397,CON-RES-1987-1219,3,"ALHAJI MOHAMMED YAHAYA B/KUDU"
12621,2,collision,26327,CON-RES-1986-437,3,"ALHAJI SULEIMAN ALHAJI UMARU"
12621,2,collision,31670,CON-RES-1986-296,3,"MALLAM KALE KAWU"
11026,2,legitimate-optot,24730,CON-RES-1985-346,3,"MR GABRIEL AWOYELU"
11026,2,legitimate-optot,189890,CON-RES-1981-617,3,"ALHAJI INUWA AKWA"
14444,2,collision,31471,CON-RES-1994-367,3,"ALHAJI SABO LAWAN KABARA"
14444,2,collision,28231,RES-1993-2480,2,"SAID ABDU"
18128,2,collision,31932,CON-RES-1982-945,3,"ALHAJI SULE AKANJI"
18128,2,collision,18717,CON-RES-RC-1982-402,3,"DR. IBRAHIM A. AYAGI"
65688,2,legitimate-optot,198521,RES-RC-1982-1648,1,"ENYO EFFIONG EKPENYONG OKU"
65688,2,legitimate-optot,198627,"KNML 9589",KANGIS,"EYO EFFIONG EKPENYONG-OKU"
9045,2,collision,22746,CON-RES-1990-331,3,"ALH. GAMBO MOHAMMED HATSE"
9045,2,collision,35483,CON-COM-2009-184,3,"AKKA BABBA DAN AGUNDI"
11209,2,collision,24913,CON-IND-1983-4,3,"ALHAJI SALIHU GARBA"
11209,2,collision,31658,CON-RES-1982-1313,3,"ALHAJI UMAR MOHAMMED"
14913,2,collision,38461,CON-RES-1998-257,3,"SULEIMAN ABDULLAHI"
14913,2,collision,28704,RES-1993-1883,2,"TIJJANI MUSA"
29932,2,legitimate-linked,175533,RES-1983-801,1,"MR. DIALA FIDELIS NNAMDI"
29932,2,legitimate-linked,175546,KN2414,KANGIS,"MR. DIALA FIDELIS NNAMDI"
13652,2,collision,26118,CON-RES-1989-472,3,"JERRY A. AGBONGHALE"
13652,2,collision,27426,RES-1990-2304,1,"ALHAJI GARBA MIJINYAWA"
12320,2,collision,26025,CON-AG-1982-281,3,"MAIKOGI ABDU"
12320,2,collision,192899,CON-RES-1984-704,3,"ALHAJI SANI ALI"
24897,2,legitimate-linked,182041,RES-2016-2215,2,"ISA MUSA GARKO"
24897,2,legitimate-linked,182046,"KNGP 189",KANGIS,"ISA MUSA GARKO"
152865,2,legitimate-linked,176297,RES-2018-3076,2,"HALILU AHMED AHMADU"
152865,2,legitimate-linked,176299,"KNML 8778",KANGIS,"ABBAS UMAR"
18263,2,legitimate-optot,18742,CON-RES-RC-1982-536,3,"ALHAJI MUSA MOHAMMED M."
18263,2,legitimate-optot,32067,CON-RES-RC-1982-417,3,"ALHAJI ALI KOTE"
51139,2,legitimate-linked,198045,RES-2006-440,2,"MUJTABA IBRAHIM ABUBAKAR"
51139,2,legitimate-linked,198075,"KNML 8311",KANGIS,"MUJTABA IBRAHIM ABUBAKAR"
179724,2,legitimate-linked,198192,CON-COM-2017-170,3,"SANUSI USMAN MANDAWARI"
179724,2,legitimate-linked,198273,"MLKN 4421",KANGIS,"SANUSI USMAN MANDAWARI"
12506,2,collision,26212,CON-RES-1984-358,3,"FAITH TABERCLE CONGREGATION OF (NIG) KANO"
12506,2,collision,29308,CON-RES-1985-580,3,"IBRAHIM I NA'ABBA"
171685,2,legitimate-linked,192203,CON-AG-2016-44,3,"ENG AHMED GAZALI INUWA"
171685,2,legitimate-linked,192213,"MLKN 2779",KANGIS,"ENG AHMED GAZALI INUWA"
12194,2,collision,25899,CON-RES-1988-397,3,"ABUBAKAR MAIKASUWA MAAJI"
12194,2,collision,26235,CON-RES-1984-289,3,"ALHAJI WADA AMIINU"
158684,2,legitimate-linked,182596,CON-RES-1991-102,3,"CHIEF IGNATIUS NWOSU"
158684,2,legitimate-linked,182603,"KNML 1715",KANGIS,"IGNATIUS OKECHUKWU NWOSU CHIEF"
7452,2,collision,32943,CON-AG-2003-17,3,"ALHAJI IBRAHIM USMAN"
7452,2,collision,21143,CON-RES-1994-210,3,"A. ALASSAN ABUBAKAR MOHAMMED"
11836,2,collision,25541,CON-RES-1999-295,3,"ALHAJI SHAMSUDEEN ADESHINA LADEJOBI"
11836,2,collision,31001,CON-RES-1982-997,3,"ALIYU LAWAN K/NASSARAWA"
60977,2,legitimate-linked,168434,RES-2022-1175,2,"AHMED MUAZU HOTORO"
60977,2,legitimate-linked,168437,"KNML 9480",KANGIS,"AHMED MUAZU HOTORO"
17969,2,collision,31773,CON-RES-1984-702,3,"ALHAJI SANUSI MAITURARE"
17969,2,collision,21485,CON-RES-RC-1982-194,3,"ALHAJI YAHAYA AHMED MARAYA"
11586,2,collision,25290,CON-AG-1985-93,3,"MESSRS FUNPARKE(NIG) LTD INTERGRATED FARMS"
11586,2,collision,33457,CON-RES-1982-529,3,"ALHAJI OSMAN EL-TAYIB"
11348,2,collision,25052,CON-RES-1984-328,3,"ALHAJI YA'U MUSA"
11348,2,collision,29451,CON-RES-1982-166,3,"ALHAJI SALEH RIMAYE"
17453,2,collision,31256,CON-RES-1995-488,3,"SALISU MOHAMMAD NAGANGARE"
17453,2,collision,185291,KN5416,KANGIS,"MURTALA ABDULLAHI JEGA"
8776,2,collision,22475,CON-RES-1995-347,3,"ALHAJI SABO MUKHTARI KABARA"
8776,2,collision,34894,CON-COM-2006-70,3,"DAYYABU U SULEIMAN"
14434,2,collision,28221,RES-1993-2760,2,"GALI SAJE GEZAWA"
14434,2,collision,31461,CON-RES-1994-357,3,"MUAZU ADAMU LIMAN"
13381,2,collision,27155,RES-1991-357,1,"KBIRU BABA KOKI"
13381,2,collision,24149,CON-RES-1988-297,3,"UJUDUD MOHAMMED SHARIFF"
10965,2,collision,15026,CON-RES-1981-51,3,"ALH IBRAHIM MOHD D"
10965,2,collision,24669,CON-RES-1983-540,3,"HON LAWAN MUHAMMED"
17900,2,collision,31704,CON-RES-1986-21,3,"ALHAJI SALISU AHMED"
17900,2,collision,32435,CON-RES-RC-1982-1305,3,"ALHAJI HAMISU BICHI"
50428,2,legitimate-linked,191625,RES-2004-842,2,"GARBA MUSA DAN-DALAMA"
50428,2,legitimate-linked,191675,"KNML 2407",KANGIS,"ALH GARBA MUSA DANDALAMA"
16085,2,collision,38917,CON-RES-2009-22,3,"ALH ABDULLAHI ADAMU DANGONGOLA"
16085,2,collision,29884,CON-RES-1994-642,3,"MUKHTAR SIR MUHAMMADU SANUSI"
8282,2,collision,21981,RES-1992-5779,2,"ALARAMMA MALLAM YAHAYA"
8282,2,collision,31522,CON-COM-1994-44,3,"ABBA OTHMAN & SONS LTD"
12130,2,collision,24687,CON-RES-1983-885,3,"ALHAJI HABIBU ABBA"
12130,2,collision,25835,CON-AG-1985-173,3,"ALHAJI YAKUBU GEZAWA"
67237,2,legitimate-linked,193939,RES-RC-1985-105,1,"MR. TAHIR ALI TAHIR"
67237,2,legitimate-linked,193958,KN933,KANGIS,"TAHIR ALI TAHIR"
13602,2,collision,24017,CON-RES-1989-32,3,"ALHAJI BASHIR DANDAWAKI"
13602,2,collision,27376,RES-1990-2160,1,"MALL YA'U ISAH"
14159,2,collision,34578,CON-RES-1992-682,3,"ALHAJI DATTIJO ADAHAMA"
14159,2,collision,27946,RES-1993-815,2,"ALH MUHTARI IBRAHIM"
11429,2,collision,25133,CON-RES-1982-1510,3,"ALHAJI ABDULLAHI SARKI"
11429,2,collision,21670,CON-RES-1982-276,3,"ALHAJI HALLIRU A. MUSA"
10476,2,collision,24179,CON-RES-1986-179,3,"ALHAJI SHEHU ADO"
10476,2,collision,33210,CON-IND-1994-8,3,"NADALA GROUP NIGERIA LIMITED"
8418,2,legitimate-linked,22118,CON-RES-2009-705,3,"MUSA MUHAMMAD"
8418,2,legitimate-linked,32748,CON-COM-1998-75,3,"ABBAS BROTHERS NIGERIA LIMITED"
27979,2,legitimate-linked,178337,RES-1982-1110,1,"MALLAM KABIR BIN UMAR"
27979,2,legitimate-linked,178381,"KNML 1821",KANGIS,"KABIR BIN UMAR"
12367,2,collision,25869,CON-RES-1985-190,3,"ALHAJI KABIRU USMAN KULO"
12367,2,collision,26072,CON-RES-1982-263,3,"HAJIYA DIJE ADAMU"
11833,2,collision,25538,CON-RES-1999-276,3,"ALHAJI SANI DAN-JA"
11833,2,collision,25643,CON-RES-1982-991,3,"MAHMUD UTHMAN"
155175,2,legitimate-linked,179511,CON-COM-2022-243,3,"NURA RABI'U"
155175,2,legitimate-linked,179514,"MLKN 4514",KANGIS,"NURA RABI'U"
17786,2,collision,31590,CON-RES-2004-137,3,"ALHAJI AUWALU ISAH"
17786,2,collision,25785,CON-RES-RC-1981-26,3,"ALHAJI YUSUFU UMAR"
48174,2,legitimate-linked,178684,RES-2001-3733,2,"ISYAKU RABIU CLINIC"
48174,2,legitimate-linked,178686,"KNML 1773",KANGIS,"ISYAKU RABIU CLINIC"
8426,2,collision,22126,CON-RES-2009-81,3,"ABUBAKAR MAIGARI"
8426,2,collision,30272,CON-COM-1999-108,3,"ALH DANJUMA GARBA"
13326,2,collision,25901,CON-RES-1988-156,3,"MOUKTARI HASSAN TILDE"
13326,2,collision,27099,RES-1982-2319,1,"USMAN ABDULMUTALIB"
11469,2,collision,25173,CON-RES-1982-768,3,"AHMADU TIJJANI A. MUSTAPHA"
11469,2,collision,21704,CON-RES-1982-352,3,"ALHAJI MUHAMMAD SALISU MA'AZU"
18066,2,collision,31870,CON-RES-1984-53,3,"HAJIYA FATIME WAZIRI IBRAHIM"
18066,2,collision,19798,CON-RES-RC-1982-337,3,"LAWAN MOHAMMED"
12535,2,collision,26241,CON-AG-1984-42,3,"PHILIP OLOJO"
12535,2,collision,24778,CON-RES-1985-655,3,"UMARU MOHAMMED ABUBAKAR"
13679,2,collision,27455,RES-1990-2448,1,"JIBRIN ALHAJI BALA"
13679,2,collision,34263,CON-RES-1989-577,3,"UZUBI TRADING STORES"
7740,2,collision,15834,CON-COM-1982-150,3,"AHMED MOHAMMED & ASSOCIATES LTD"
7740,2,collision,21431,RES-1992-4493,2,"USMAN ABDULLAHI DORAYI"
18335,2,collision,32139,CON-RES-1987-218,3,"ZULAI IBRAHIM WADA"
18335,2,collision,19788,CON-RES-RC-1982-612,3,"HARUNA ABDULLAHI"
151000,2,legitimate-optot,174249,RES-2015-2656,2,"ARABI MUBARAK ABUBAKAR"
151000,2,legitimate-optot,174267,"KNML 5180",KANGIS,"ARABI MUBARAK ABUBAKAR"
14685,2,collision,36696,CON-RES-1995-69,3,"ZENITH SCHOOL KANO"
14685,2,collision,28473,RES-1993-478,2,"ALHAJI YAKUBU ABDU AND UMARU ABDU"
17620,2,legitimate-linked,31423,CON-RES-1994-309,3,"LIEUTENANT JIBRIN IDRIS ISA"
17620,2,legitimate-linked,186904,KN4822,KANGIS,"MURTALA ABDULLAHI JEGA"
54802,2,legitimate-optot,195360,RES-2015-1972,2,"ABBA ALHAJI GARBA"
54802,2,legitimate-optot,195376,KN1511,KANGIS,"ABBA ALHAJI GARBA"
155222,2,legitimate-linked,179554,RES-2000-2830,2,"ABDULLAHI IBRAHIM MAGASHI"
155222,2,legitimate-linked,179561,"KNML 1457",KANGIS,"ABDULLAHI LADAN"
12428,2,collision,26133,CON-RES-1989-104,3,"ALHAJI IBRAHIM IDRIS"
12428,2,collision,35329,CON-RES-1985-371,3,"DAHIRU ABUBAKAR"
11185,2,collision,24889,CON-RES-1983-526,3,"MALLAM GANA ABUBAKAR USMAN"
11185,2,collision,33443,CON-RES-1982-1272,3,"ALHAJI MAHAMMED DOGARI"
12283,2,collision,25988,CON-COM-1982-108,3,"COUNTING LIMITED FILLING STATION"
12283,2,collision,29241,CON-RES-1984-580,3,"SULE YAKUBU USMAN"
159215,2,legitimate-linked,182960,CON-COM-2022-329,3,"NUHU BALA MUKHTAR"
159215,2,legitimate-linked,182970,KN4736,KANGIS,"NUHU BALA MUKHTAR"
8459,2,collision,22158,RES-1992-6089,2,"ISA A SALE BADAWA"
8459,2,collision,33000,CON-COM-2000-23,3,"ALHAJI UMARU FARAGAI"
13137,2,legitimate-linked,34380,CON-RES-1987-633,3,"DIAMOND BANK PLC"
13137,2,legitimate-linked,26910,RES-1991-238,1,"HAJIYA SADIYA J. SARKI"
152651,2,legitimate-linked,176100,COM-2012-39,1,"ALHAJI ADO SHEHU MAIBARGO"
152651,2,legitimate-linked,196198,COM-RC-1983-58,1,"ALHAJI ADO SHEHU MAIBARGO"
155190,2,legitimate-linked,179524,CON-RES-2023-7198,3,"FAIZU MUHAMMAD GALADIMA"
155190,2,legitimate-linked,179530,KN5143,KANGIS,"MURTALA ABDULLAHI JEGA"
15958,2,collision,29757,CON-AG-1989-96,3,"ALHAJI AHMED OTHMAN"
15958,2,collision,47412,CON-RES-2008-34,3,"MUHAMMAD ZAKARIYA ADAM"
7217,2,legitimate-optot,20904,CON-RES-RC-1981-44,3,"ALHAJI IBRAHIM DAN'WAKILI"
7217,2,legitimate-optot,30582,CON-AG-1986-158,3,"YAHAYA OTHMAN"
9529,2,legitimate-linked,173152,CON-COM-2024-656,3,"NABILA OIL MILLS NIG. LTD"
9529,2,legitimate-linked,173163,KN3357,KANGIS,"NABILA OIL MILLS NIG. LTD"
11289,2,collision,24993,CON-RES-1982-1328,3,"ALHAJI SULEIMAN MOHAMMED"
11289,2,collision,22329,CON-RES-1982-1495,3,"ADAMU DAMAGARAM"
167957,2,legitimate-linked,190128,RES-2016-4097,2,"MUHAMMAD SHEHU NA'ALLAH (KURA)"
167957,2,legitimate-linked,190136,"KNML 8461",KANGIS,"MUHAMMAD SHEHU NA'ALLAH (KURA)"
47634,2,legitimate-linked,195180,RES-2000-6166,2,"MUHAMMED INUWA IBRAHIM"
47634,2,legitimate-linked,194987,"KNML 2931",KANGIS,"MUHAMMAD INUWA IBRAHIM"
40666,2,legitimate-optot,195739,RES-1992-7161,2,"RUMBU INDUSTRIES LTD"
40666,2,legitimate-optot,195764,"KNML 9522",KANGIS,"RUMBU INDUSTRIES LTD"
14844,2,collision,28635,RES-1993-1702,2,"SALLAU SHEHU"
14844,2,collision,22932,CON-RES-1997-322,3,"ALH MUHTARI"
13889,2,collision,36430,CON-RES-1991-359,3,"ALHAJI SANI MUSA"
13889,2,collision,27668,RES-1991-760,1,"ADO ABDULLAHI"
152215,2,legitimate-linked,175525,CON-RES-2023-7426,3,"DAWUD JIDDA JIDDA"
152215,2,legitimate-linked,175528,KN5434,KANGIS,"DAWUD JIDDA JIDDA"
11533,2,collision,23607,CON-RES-1982-445,3,"ALHAJI UMARU MAITAYA"
11533,2,collision,25237,CON-RES-1983-553,3,"ALHAJI UMARU NURAINI"
12612,2,legitimate-linked,32468,CON-RES-1986-275,3,"ALHAJI UBA ILIYASU"
12612,2,legitimate-linked,26318,CON-RES-1986-421,3,"ALHAJI LAWAN TELLA"
38571,2,legitimate-linked,179011,RES-1992-1342,2,"SANI KATSINA"
38571,2,legitimate-linked,179038,"KNML 1765",KANGIS,"SANI KATSINA"
40324,2,legitimate-linked,186165,RES-1992-6390,2,"ABDULRAHAMAN MOHAMMED"
40324,2,legitimate-linked,186264,"KNML 8600",KANGIS,"ABDULRAHAMAN MOHAMMED"
51292,2,legitimate-linked,183317,RES-2006-861,2,"UMAR MUHAMMMAD IBRAHIM"
51292,2,legitimate-linked,183331,"KNML 9516",KANGIS,"UMAR MUHAMMAD IBRAHIM"
14853,2,collision,38338,CON-RES-1997-350,3,"MR EMMANUEL NNUBIA"
14853,2,collision,28644,RES-1993-1715,2,"ISA SALIHU"
14384,2,collision,28171,RES-1993-2140,2,"ALH GALADI MAIWAKE"
14384,2,collision,29856,CON-RES-1994-292,3,"SAFUWAN ALH. IBRAHIM"
48090,2,legitimate-optot,194662,RES-2001-2877,2,"AMINU S SODA"
48090,2,legitimate-optot,194681,KN4201,KANGIS,"AMINU S SABO"
14585,2,collision,20725,CON-RES-1995-242,3,"CHIEF AMBROSE UDENSI"
14585,2,collision,28372,RES-1992-7381,2,"ALHAJI ADAMU USMAN BALAGU"
12420,2,collision,25408,CON-RES-1985-355,3,"ALH. USMAN USAINI"
12420,2,collision,26125,CON-RES-1989-264,3,"ALHAJI LIRWANU UMARU"
10951,2,collision,24655,CON-RES-1984-37,3,"ALHAJI SALISU UMAR"
10951,2,collision,34540,CON-RES-1981-475,3,"ALHAJI YUNUSA ISMA'IL"
13157,2,collision,26930,RES-1991-263,1,"USMAN MOHAMMED"
13157,2,collision,33605,CON-RES-1987-676,3,"MAHMUD SANI BELLO"
27257,2,legitimate-linked,189332,RES-1981-24,1,"MUKTAR HONOURABLE IBRAHIM"
27257,2,legitimate-linked,189353,"KNML 2442",KANGIS,"MUKTAR HONOURABLE IBRAHIM"
15463,2,collision,29261,CON-COM-1984-9,3,"SHU'AIB KAZAURE"
15463,2,collision,34716,CON-RES-2004-355,3,"NURA ISYAKU RABIU"
63744,2,legitimate-optot,173290,RES-2025-3840,2,"SALIHU BADAMASI ABDULLAHI"
63744,2,legitimate-optot,173320,KN4833,KANGIS,"SALIHU BADAMASI ABDULLAHI"
12797,2,collision,26569,RES-1982-2342,1,"MARIA OJASHEGUN (MRS)"
12797,2,collision,30918,CON-RES-1987-1154,3,"ALHAJI TASIU IDI"
6000,2,collision,184893,COM-RC-1982-25,1,"ALHAJI MUHAMMAD MUNNIR G. NAKURA"
6000,2,collision,19677,RES-1992-2799,2,"SUNUSI UBA"
13827,2,collision,35648,CON-RES-1991-106,3,"ALHAJI YUSUFU ABDU MAI SODA"
13827,2,collision,27605,RES-1991-684,1,"RAKIYA ISYAKU"
12325,2,collision,26030,CON-AG-1982-261,3,"ALHAJI AMINU A. ADO"
12325,2,collision,31841,CON-RES-1984-74,3,"MAULE VENYURES"
11028,2,collision,14988,CON-RES-1981-620,3,"AMINU YUSUF"
11028,2,collision,24732,CON-RES-1985-348,3,"ALH MOHD SANUSI"
158784,2,legitimate-linked,182649,KN2003,KANGIS,"KHATAMUL ANBIYA UNIVERSITY"
158784,2,legitimate-linked,182645,CON-COM-2023-434,3,"KHATAMUL ANBIYA UNIVERSITY"
15585,2,collision,34866,CON-RES-2005-290,3,"MOHD SALIM SAIDU MIJIN YAWA"
15585,2,collision,29383,CON-RES-1987-893,3,"EBENEZER OLADIPO SANYA"
36175,2,legitimate-optot,184454,RES-1991-10009,1,"ABDULRRAUF IBRAHIM DANWAKILI"
36175,2,legitimate-optot,184462,"KNML 1916",KANGIS,"ABDULRRAUF IBRAHIM DANWAKILI"
149667,2,legitimate-linked,172971,CON-IND-2017-1,3,"ALH. BABANGIDA HASHIM."
149667,2,legitimate-linked,173005,KN4767,KANGIS,"ALH. BABANGIDA HASHIM"
7007,2,collision,16774,CON-AG-1982-449,3,"ALHAJI AUWALU KATAKI & SONS"
7007,2,collision,20691,CON-RES-1995-382,3,"SA'AD ASAD MOHAMMAD"
14506,2,legitimate-optot,31117,CON-RES-1994-663,3,"MR. CHARLES EJIOFOR"
14506,2,legitimate-optot,28293,RES-1994-1945,2,"MUHAMMADU GAGARAU"
14021,2,collision,36196,CON-RES-1992-221,3,"SALISU GARBA KABUGA"
14021,2,collision,27808,RES-1993-171,2,"BASHIR M SALIHU"
12640,2,collision,26280,CON-RES-1986-336,3,"ALHAJI DANLAMI ALHASSAN"
12640,2,collision,26346,CON-RES-1983-381,3,"ALHAJI ABDULKADIR ABUBAKAR"
14004,2,collision,27791,RES-1993-109,2,"MOHD NASIRU"
14004,2,collision,37181,CON-RES-1992-172,3,"RABIU MUHAMMAD"
14406,2,collision,31427,CON-RES-1994-327,3,"ALHAJI SABO LAWAN KABARA"
14406,2,collision,28193,RES-1993-2274,2,"GARBA MUHAMMAD"
67179,2,legitimate-linked,196350,RES-RC-1984-50,1,"ALH. ALI ABUBAKAR"
67179,2,legitimate-linked,196378,"KNML 8695",KANGIS,"ALH. ALI ABUBAKAR"
151892,2,legitimate-linked,175145,COM-2022-708,1,"PROCO LTD"
151892,2,legitimate-linked,175150,KN5499,KANGIS,"PROCO LTD"
146456,2,legitimate-linked,169502,CON-COM-2022-463,3,"ALH UBA A IBRAHIM INUWA"
146456,2,legitimate-linked,169531,"MLKN 3890",KANGIS,"ALH UBA .A. IBRAHIM INUWA"
17950,2,collision,20378,CON-RES-RC-1982-177,3,"HARIYO TITI LAYO OLU"
17950,2,collision,31754,CON-COM-1984-113,3,"ALHJI MOHAMMADU HAMZA DAN ZAKI"
12203,2,collision,25908,CON-RES-1988-393,3,"ALHAJI MOHAMMED BAKO"
12203,2,collision,26228,CON-RES-1984-315,3,"AHMED SHEHU ABDULWAHAB"
16234,2,collision,30033,CON-RES-1990-78,3,"ALHAJI ABDULLAHI ISA"
16234,2,collision,22112,CON-RES-2009-772,3,"SUNUSI ALKASIM"
3232,2,legitimate-linked,194421,RES-2009-4199,2,"MU'AZU Y. HAMZA"
3232,2,legitimate-linked,16903,RES-1992-2457,2,"ABDU MOHAMMED"
7961,2,collision,21655,RES-1992-4795,2,"ISMAILA HAMISU"
7961,2,collision,15914,CON-COM-1985-107,3,"ALHAJI RA'BIU MAMUDA"
8245,2,collision,21942,CON-RES-2009-1024,3,"MOHAMMED A DAHIRU"
8245,2,collision,33173,CON-COM-1993-50,3,"ALHAJI IDI ADAMU"
14345,2,collision,28132,RES-1993-1963,2,"MAL SULE SANI"
14345,2,collision,21166,CON-RES-1994-214,3,"MOHAMMED SUNUSI SULEIMAN"
6931,2,collision,18352,CON-AG-1982-212,3,"ALHAJI MUSA ABDU"
6931,2,collision,20615,RES-1992-3177,2,"ABDULLAHI GARBA BICHI"
45197,2,legitimate-linked,169505,RES-1997-124,2,"BABANGIDA HASSAN A SULE"
45197,2,legitimate-linked,170338,KN4434,KANGIS,"BABANGIDA HASSAN A SULE"
11597,2,collision,25301,CON-RES-1984-486,3,"ALHAJI BABALLE ILA"
11597,2,collision,31605,CON-RES-1982-543,3,"DAHIRU SANI"
7282,2,collision,20969,CON-RES-1994-771,3,"ALHAJI SALISU IMAM"
7282,2,collision,18356,CON-AG-1987-91,3,"ALHAJI AMINU BABA NABEGU"
166109,2,legitimate-linked,188809,CON-RES-2014-241,3,"MAHMUDA HARUNA"
166109,2,legitimate-linked,188834,"KNML 2433",KANGIS,"MAHMUDA HARUNA"
12644,2,legitimate-optot,26254,CON-RES-1986-349,3,"ALHAJI IBRAHIM MUHAMMAD"
12644,2,legitimate-optot,26350,CON-RES-1983-454,3,"ZUBAIRU ADAMU DANYAKASAI"
6988,2,collision,20672,CON-RES-1995-130,3,"NUHU ADAMU"
6988,2,collision,30641,CON-AG-1982-378,3,"ALHAJI MUSA MAILAFIYA"
12444,2,collision,26150,CON-RES-1989-612,3,"ALHAJI ADO KUMURYA"
12444,2,collision,29352,CON-RES-1985-412,3,"ALHAJI DALHA AHMAD"
11623,2,collision,25327,CON-RES-1984-498,3,"ALHAJI IDRIS TANKO"
11623,2,collision,21721,CON-RES-1982-58,3,"ALHAJI ABDULKADIR A SHELLENG"
7959,2,collision,21653,RES-1992-4793,2,"SANI KABIRU"
7959,2,collision,29585,CON-COM-1984-88,3,"NUHU MAHAMMED SUNUSI"
14947,2,collision,28739,RES-1993-1998,2,"ALHAJI DAN'INU ADAMU"
14947,2,collision,38678,CON-RES-1998-375,3,"KABIRU SULAIMAN"
13380,2,collision,24162,CON-RES-1988-293,3,"MR SIKIRU FUNSHO BALOGUN"
13380,2,collision,27154,RES-1991-356,1,"HAJIYA BINTA HASSAN BELLO"
13658,2,legitimate-optot,26097,CON-RES-1989-484,3,"ALHAJI ADO G. BARMA"
13658,2,legitimate-optot,27432,RES-1990-2403,1,"MUSTAPHA JIBRIN SHA'AIBU"
53215,2,legitimate-linked,177839,RES-2010-1940,2,"AMINU MUKHTAR UMAR"
53215,2,legitimate-linked,177842,"KNML 43",KANGIS,"AMINU MUKHTAR UMAR"
7430,2,collision,21121,CON-RES-1994-234,3,"SHEHU ABDULSALAM"
7430,2,collision,16504,CON-AG-1998-50,3,"NORTHERN TRADERS CORPORATION LIMITED"
169578,2,legitimate-linked,191385,RES-2016-2499,2,"ABUBAKAR SAHABO BAWURO"
169578,2,legitimate-linked,191393,"KNML 8946",KANGIS,"ABUBAKAR SAHABO BAWURO"
11624,2,collision,25328,CON-RES-1984-352,3,"ALHAJI MOHAMMED GARBA"
11624,2,collision,31977,CON-RES-1982-580,3,"MARIA WALI"
13901,2,collision,27680,RES-1991-770,1,"AHMED ABDU YARO"
13901,2,collision,35987,CON-RES-1991-397,3,"USMAN SULE GARO"
7940,2,collision,29550,CON-COM-1984-24,3,"ABDULLAHI GARBA KOKI"
7940,2,collision,21632,RES-1992-4757,2,"SAFIYANU ILIYASU"
13278,2,legitimate-optot,25711,CON-RES-1987-949,3,"ALHAJI MUSA HAMZA"
13278,2,legitimate-optot,27051,RES-1982-2248,1,"ZAINAB AUDU LUKAT"
12585,2,collision,24821,CON-RES-1986-201,3,"DR EKWENUGO JOSEPH CHIKELU"
12585,2,collision,26291,CON-RES-1986-327,3,"ALHAJI GARBA ALHAZAN BABANGIDA"
56776,2,legitimate-optot,174350,RES-2016-2992,2,"KANTO ABBA SULUM"
56776,2,legitimate-optot,174386,"KNML 5179",KANGIS,"KANTO ABBA SULUM"
157066,2,legitimate-linked,181404,"MLKN 668",KANGIS,"IBRAHIM ZAKARI"
157066,2,legitimate-linked,181358,CON-COM-2010-133,3,"IBRAHIM ZAKARI"
13295,2,collision,30814,CON-RES-1987-980,3,"ALHAJI ALI SANI YAKASAI"
13295,2,collision,27068,RES-1982-2266,1,"MALLAM JIBIRIN ABUBAKAR"
12406,2,collision,30785,CON-RES-1985-322,3,"ALHAJI DALHATU SHEHU"
12406,2,collision,26111,CON-RES-1989-220,3,"MRS. KATE BOSAH"
153302,2,legitimate-linked,177591,CON-RES-2023-7336,3,"FAIZU MUHAMMAD GALADIMA"
153302,2,legitimate-linked,187164,KN4776,KANGIS,"MURTALA ABDULLAHI JEGA"
14693,2,collision,28481,RES-1993-499,2,"HAUWA HARUNA"
14693,2,collision,32716,CON-RES-1996-116,3,"MR. PHILIP AGBLO"
166931,2,legitimate-linked,189386,CON-COM-2018-107,3,"DANLITI SHU'AIBU ADAMU"
166931,2,legitimate-linked,189404,"MLKN 3391",KANGIS,"DANLITI SHU'AIBU ADAMU"
52289,2,legitimate-linked,178147,"KNML 1218",KANGIS,"ALHAJI AMINU BABA"
52289,2,legitimate-linked,196759,RES-2009-4426,2,"AUWALU ABDULLAHI"
8280,2,collision,31517,CON-COM-1994-39,3,"ALOR DEVELPMENT"
8280,2,collision,21979,RES-1992-5789,2,"KAMALUDDEEN MOHD"
27868,2,legitimate-linked,190268,RES-1981-982,1,"SULEIMAN ZANGINA"
27868,2,legitimate-linked,190270,"KNML 2475",KANGIS,"SULEIMAN ZANGINA"
180340,2,legitimate-linked,198672,CON-COM-2020-524,3,"ALHAJI SANI UTAI SA'IN FIKA"
180340,2,legitimate-linked,198681,"MLKN 3422",KANGIS,"ALHAJI SANI UTAI SA'IN FIKA"
12317,2,collision,25373,CON-RES-1984-69,3,"CHIEF KALU OGBONNAYA"
12317,2,collision,26022,CON-AG-1982-286,3,"ALHAJI UMARU MA'AZU"
14584,2,collision,28371,RES-1992-7379,2,"WADA TAFIDA KURAWA"
14584,2,collision,20744,CON-RES-1995-237,3,"SALO NIG.LTD"
13159,2,collision,30891,CON-RES-1987-681,3,"SULE HARUNA TAHIR"
13159,2,collision,26932,RES-1991-265,1,"ILYASU MOHD R/KIRA"
7256,2,collision,20943,CON-RES-1994-787,3,"ALHAJI AMINU SULAIMAN DISO"
7256,2,collision,18703,CON-AG-1987-31,3,"ALHAJI AMINU BASHIR WALI"
9610,2,collision,23312,RES-1992-7275,2,"ABDU ISMAILA"
9610,2,collision,15626,CON-COM-2015-151,3,"AMINU ADO, UMAR ADO, & RABIU ADO"
7766,2,collision,13903,CON-COM-1982-203,3,"SANI BROTHERS TRANSPORT LIMITED"
7766,2,collision,21457,RES-1992-4534,2,"MALAM TATIRI MADABO"
17764,2,collision,18508,CON-RES-RC-1981-149,3,"ALHAJI SULE GALADIMA GARO"
17764,2,collision,31568,CON-COM-2004-110,3,"ASASUL QURAN ISLAMIYYA NURSERY & PRIMARY SCHOOL"
66083,2,legitimate-optot,196861,RES-RC-1982-336,1,"NU'UMAN BARAU DANBATTA"
66083,2,legitimate-optot,196886,"KNML 8672",KANGIS,"NU'UMAN BARAU DANBATTA"
11925,2,collision,32088,CON-RES-1983-295,3,"ALHAJI ALI BALA TALLE"
11925,2,collision,25630,CON-RES-1984-197,3,"SARKI ALIYU SANUSI"
164017,2,legitimate-linked,186925,RES-2014-331,2,"PETER SUNDAY C  ECHETABU"
164017,2,legitimate-linked,186928,"KNML 2858",KANGIS,"PETER SUNDAY C  ECHETABU"
153901,2,legitimate-linked,21635,RES-1992-4760,2,"KABIRU INUWA"
153901,2,legitimate-linked,178232,"KNML 1785",KANGIS,"KABIRU INUWA"
56532,2,legitimate-optot,169137,RES-2016-2051,2,"MUSA DANLAMI ALHASSAN"
56532,2,legitimate-optot,169179,KN2461,KANGIS,"MUSA DANLAMI ALHASSAN"
152901,2,legitimate-linked,182660,"KNML 1701",KANGIS,"KAWU ABUBAKAR JAKADA"
152901,2,legitimate-linked,176335,RES-2006-1279,2,"MOHAMMED BASHIR"
11858,2,collision,25563,CON-RES-1991-370,3,"ALHAJI  GARBA ABDULLAHI"
11858,2,collision,32036,CON-RES-1983-151,3,"ALHAJI ISA ABDULLAHI"
171622,2,legitimate-linked,192140,CON-RES-2023-7380,3,"FAIZU MUHAMMAD GALADIMA"
171622,2,legitimate-linked,192152,KN4585,KANGIS,"MURTALA ABDULLAHI JEGA"
116950,2,legitimate-linked,174903,CON-IND-2023-8,3,"RUFA'I SALE BICHI"
116950,2,legitimate-linked,174919,KN3155,KANGIS,"RUFA'I SALE BICHI"
8615,2,legitimate-optot,32973,CON-COM-2003-78,3,"MADINKA VENTURES LTD"
8615,2,legitimate-optot,22314,CON-RES-1982-464,3,"M. SARKI ABDULLAHI DUTSE"
14110,2,collision,27897,RES-1993-719,2,"ALH MAHMUD ABDULLAHI"
14110,2,collision,36436,CON-RES-1992-524,3,"ALHAJI ALI INUWA"
17606,2,legitimate-linked,31409,CON-RES-1997-357,3,"JOAB AND COMPANY LIMITED"
17606,2,legitimate-linked,187225,KN4558,KANGIS,"MURTALA ABDULLAHI JEGA"
13370,2,collision,29901,CON-RES-1988-268,3,"ALHAJI ABDU HAMIDU"
13370,2,collision,27144,RES-1991-344,1,"UMAR IBRAHIM GAMBO"
12718,2,collision,30513,CON-RES-1987-102,3,"MR AUGUSTINE N OKAFOR"
12718,2,collision,26424,RES-1982-1971,1,"ALHAJI IBRAHIM SHIDA"
12577,2,collision,26283,CON-RES-1986-63,3,"MALLAM ADAMU IBRAHIM & THREE OTHERS"
12577,2,collision,33374,CON-RES-1986-181,3,"ALH GARBA SALE"
14498,2,collision,28285,RES-1994-1937,2,"ALHAJI SALE MOHAMMED GWARAN"
14498,2,collision,17536,CON-RES-1994-63,3,"ALHAJI TIJJANI IBRAHIM"
18144,2,collision,31948,CON-RES-1982-1202,3,"ALHAJI MUHAMMED ADAMU"
18144,2,collision,19770,CON-RES-RC-1982-418,3,"ALHAJI AMINU NA ALHAJI BAYERO"
161350,2,legitimate-linked,184784,CON-RES-2006-420,3,"HAJIYA LAMI MUSTAPHA"
161350,2,legitimate-linked,184786,"KNML 1901",KANGIS,"HAJIYA LAMI MUSTAPHA"
43962,2,legitimate-optot,189816,RES-1995-2832,2,"DR MAMMAN LAWAN"
43962,2,legitimate-optot,189829,"KNML 2470",KANGIS,"DR MAMMAN LAWAN"
7679,2,collision,21370,RES-1992-4372,2,"SARKIN GIDA LIMAN"
7679,2,collision,15254,CON-COM-1981-20,3,"ALHAJI SADAUKI DAN MURI"
11741,2,collision,29643,CON-RES-1982-804,3,"ALHAJI DANBABA YAKUBU"
11741,2,collision,25445,CON-RES-1989-301,3,"DAHIRU MUHAMMED JUJI"
1006,2,collision,181802,RES-2022-3123,2,"MERRS FERTILIZER PROCESSING COMPANY LIMITED"
1006,2,collision,14667,RES-1992-976,2,"ALH BALA USMAN"
8372,2,collision,22071,CON-RES-2009-247,3,"HALIMA BASHIR"
8372,2,collision,32689,CON-COM-1997-42,3,"M. Y. OIL LIMITED"
7501,2,collision,21192,RES-1992-4243,2,"A ABUBAKAR AUWALU"
7501,2,collision,19508,CON-AG-2009-17,3,"LUNA PARK NIGERIA LIMITED"
12899,2,legitimate-optot,30902,CON-RES-1987-144,3,"CHUKA OKAFOR"
12899,2,legitimate-optot,26671,RES-1982-2188,1,"JAMILA IFEYINWA SALEH (MRS)"
7296,2,collision,29926,CON-AG-1988-49,3,"ALHAJI ISYAKU BEBEJI"
7296,2,collision,20983,RES-1992-3473,2,"ISMAILA MOHD"
153913,2,legitimate-linked,190224,KN5230,KANGIS,"MURTALA ABDULLAHI JEGA"
153913,2,legitimate-linked,178246,CON-RES-2023-7283,3,"FAIZU MUHAMMAD GALADIMA"
23888,2,collision,174577,KN1110,KANGIS,"SAIDU ILIYASU"
23888,2,collision,38636,CON-RES-1992-613,3,"AWWALU ABBA"
171037,2,legitimate-linked,191757,CON-RES-2023-7279,3,"FAIZU MUHAMMAD GALADIMA"
171037,2,legitimate-linked,191765,KN5234,KANGIS,"MURTALA ABDULLAHI JEGA"
45865,2,legitimate-optot,172843,RES-1998-15,2,"ALH HUSSAINI MUHAMMAD"
45865,2,legitimate-optot,172851,KN3677,KANGIS,"ALH HUSSAIN MUHAMMADF"
11828,2,collision,29655,CON-RES-1982-978,3,"SHU'AIBU IBRAHIM NUHU"
11828,2,collision,25533,CON-RES-1999-298,3,"MOHAMMED SALIHU MAHMUD"
16179,2,collision,35441,CON-RES-2009-46,3,"ALIYU ABDULLAHI"
16179,2,collision,29978,CON-RES-1988-101,3,"ZULAI & SUWAIBA ABDULLAHI"
11418,2,collision,25122,CON-RES-1982-1527,3,"ALHAJI AUDU MOHAMMED"
11418,2,collision,31927,CON-RES-1982-26,3,"ALHAJI BALARABE YAKASAI"
14394,2,legitimate-optot,31418,CON-RES-1994-316,3,"ALHAJI SABO LAWAN KABARA"
14394,2,legitimate-optot,28181,RES-1993-2172,2,"BASHIR USMAN"
10412,2,collision,25961,CON-IND-1982-32,3,"MR MAEN FOUAD SHOUR"
10412,2,collision,24115,CON-RES-1983-225,3,"ALHAJI HAMISU DAHIRU"
14061,2,legitimate-optot,27848,RES-1993-542,2,"ALH GARBA RABIU SIPIKIN"
14061,2,legitimate-optot,36106,CON-RES-1992-377,3,"ALH. AHMED KABIR BAYERO"
7232,2,collision,17062,CON-AG-1986-59,3,"FUNPARKE (NIG) LTD"
7232,2,collision,20919,CON-RES-1993-269,3,"ALARAMMA MALLAM SALISU GONI DAN YARWA"
18391,2,collision,32195,CON-RES-1987-273,3,"GODS KINGDOM SOCIETY"
18391,2,collision,18722,CON-RES-RC-1982-675,3,"ALHAJI IBRAHIM BELLO"
33799,2,legitimate-linked,186380,RES-1989-1664,1,"NUHU HALLIRU"
33799,2,legitimate-linked,186382,"KNML 1529",KANGIS,"BATULA IBRAHIM WARU"
17811,2,collision,31615,CON-RES-1982-1412,3,"ALHAJI GARBA HALILU & SONS"
17811,2,collision,21510,CON-RES-RC-1981-54,3,"ALHAJI MOHAMMADU SALE"
159354,2,legitimate-linked,183096,"MLKN 2752",KANGIS,"WADA ABDULLAHI KACHAKO"
159354,2,legitimate-linked,183080,COM-2019-109,1,"WADA ABDULLAHI KACHAKO"
13998,2,collision,27785,RES-1993-100,2,"KYAUTA HASSAN"
13998,2,collision,35786,CON-RES-1992-158,3,"ALHAJI YUSIF USMAN"
15439,2,collision,34720,CON-RES-2004-312,3,"HIMMA RESOURCE ENTERPRISES"
15439,2,collision,29237,CON-RES-1984-14,3,"ALHAJI ABUBAKAR MOHAMMED"
13313,2,collision,35792,CON-RES-1988-130,3,"GOLD FOAM & CHEMICAL IND."
13313,2,collision,27086,RES-1982-2293,1,"ALHAJI MAMUDA GARBA"
151855,2,legitimate-optot,175102,RES-2021-4543,2,"ALHAJI MUHAMMAD SALIHU"
151855,2,legitimate-optot,175108,KN4883,KANGIS,"ALHAJI MUHAMMADU SALIHU"
11070,2,collision,24774,CON-RES-1985-607,3,"MUHAMMED NURA MUSTAPHA"
11070,2,collision,24978,CON-RES-1982-1024,3,"ALHAJI IBRAHIM MOHAMMED"
7077,2,collision,20763,RES-1982-1844,1,"MALLAM ABDULLAHI MA'AZU"
7077,2,collision,18551,CON-AG-1983-107,3,"ALHAJI MUSTAPHA ASHIRU (KAJOLA)"
17474,2,collision,31277,CON-COM-1995-56,3,"ALHAJI MOHAMMADU JIBRIN"
17474,2,collision,184717,KN5422,KANGIS,"MURTALA ABDULLAHI JEGA"
13113,2,collision,24443,CON-RES-1987-554,3,"MR. VINCENT OBI"
13113,2,collision,26886,RES-1991-207,1,"DAHIRU SABI`U GAMBO"
16070,2,collision,29869,CON-RES-1994-609,3,"ALHAJI ADO BABALLE"
16070,2,collision,22091,CON-RES-2009-16,3,"AUWALU MUHAMMAD ABUBAKAR"
11630,2,collision,24950,CON-RES-1982-595,3,"M . GARBA FUNTUA"
11630,2,collision,25334,CON-RES-1984-392,3,"ALHAJI UBA GAMA KWA"
13442,2,collision,27216,RES-1991-432,1,"MUHTARI ABDULRAZAK GORA"
13442,2,collision,36220,CON-RES-1988-445,3,"IBRAHIM ABDULLAHI"
11641,2,collision,25345,CON-RES-1985-141,3,"ALHAJI ABUBAKAR"
11641,2,collision,23569,CON-RES-1982-607,3,"ALHAJI AUWALU ABBA"
8118,2,collision,16138,CON-COM-1990-43,3,"ALHAJI SALIHU ABDULLAHI KIRU"
8118,2,collision,21814,RES-1992-5004,2,"MUFITAHU YUSIF"
7939,2,collision,21631,RES-1992-4756,2,"ILIYASU ABDU"
7939,2,collision,29548,CON-COM-1984-21,3,"MISHFAT OIL AND GAS"
6948,2,collision,20632,RES-1992-3197,2,"HABIBULLAHI ADAMU"
6948,2,collision,30639,CON-AG-1982-250,3,"ALHAJI UMARU ALIYU IBRAHIM"
11441,2,collision,23338,CON-RES-1982-296,3,"KABIRU H GWARZO"
11441,2,collision,25145,CON-RES-1982-736,3,"ALHAJI SIDI ISHAK"
12984,2,collision,30901,CON-RES-1987-262,3,"LAWRENCE ONWUGWORO ONYEMAH"
12984,2,collision,26756,RES-1991-53,1,"HADIZA HADI BADAMASI"
11052,2,collision,24756,CON-RES-1985-493,3,"ALH. BUKAR ADAMU"
11052,2,collision,14948,CON-RES-1981-96,3,"ALH BELLO BUHARI"
11614,2,collision,25318,CON-RES-1984-473,3,"MOHAMMED MUTARI WADA"
11614,2,collision,24946,CON-RES-1982-566,3,"BASHARI MANSUR BELLO"
17434,2,collision,31237,CON-RES-1995-458,3,"ALIYU ABDU"
17434,2,collision,184742,KN5363,KANGIS,"MURTALA ABDULLAHI JEGA"
13890,2,collision,27669,RES-1991-761,1,"MUHTARI IMAM IDRIS"
13890,2,collision,36500,CON-RES-1991-36,3,"BALA MOHD GETSO"
12576,2,collision,33382,CON-RES-1986-175,3,"ALH USAINI"
12576,2,collision,26282,CON-RES-1986-344,3,"ALHAJI SANI YAKASAI"
14518,2,legitimate-optot,17511,CON-RES-1994-70,3,"ALHAJI ABDU MAIKUDI BICHI"
14518,2,legitimate-optot,28305,RES-1994-1959,2,"TIJJANI HALILU"
11499,2,collision,25203,CON-RES-1984-372,3,"ALHAJI ABDU UTAI"
11499,2,collision,26996,CON-RES-1982-395,3,"ALH. BALA HAMISU"
11336,2,collision,25040,CON-RES-1984-514,3,"HAJIYA BINTA IYABO GIWA"
11336,2,collision,21676,CON-RES-1982-1618,3,"SAMBO DOGO MOHAMMED"
14306,2,collision,28093,RES-1993-1673,2,"SUNUSI GARBA"
14306,2,collision,17828,CON-RES-1993-600,3,"ALHAJI BASHIRU KODE"
13833,2,collision,27611,RES-1991-690,1,"ALH YAWALE SHEHU"
13833,2,collision,36180,CON-RES-1991-125,3,"ALH HABIBU A. ABUBAKAR"
18056,2,collision,25673,CON-RES-RC-1982-327,3,"ALHAJI UBA MOHAMMED"
18056,2,collision,31860,CON-RES-1984-158,3,"ALHAJI MUHTARI WADA"
11061,2,collision,24765,CON-RES-1985-572,3,"ALH. AMADU MADABO"
11061,2,collision,24975,CON-RES-1982-1006,3,"BAYERO UNIVERSITY TEACHING HOSPITAL"
17540,2,legitimate-linked,187220,KN5152,KANGIS,"MURTALA ABDULLAHI JEGA"
17540,2,legitimate-linked,31343,CON-RES-1995-499,3,"YAHAYA A. OKPANACHI"
6898,2,collision,20582,RES-1992-3140,2,"ALH DANJUMA MUDI"
6898,2,collision,19257,CON-AG-1982-140,3,"ALHAJI HAMZA ALIN BASHARI"
6156,2,legitimate-linked,175949,COM-2018-154,1,"OANDO NIGERIA PLC"
6156,2,legitimate-linked,196203,COM-RC-1982-413,1,"UNIPETROL NIG PLC"
7268,2,collision,18084,CON-AG-1987-57,3,"ALHAJI AMINU SANI KABARA"
7268,2,collision,20955,CON-RES-1994-754,3,"MUHAMMAD TUKUR"
9551,2,collision,35064,CON-COM-2014-1,3,"MARHABA GAS PLANT LIMITED"
9551,2,collision,23253,RES-1992-7105,2,"ABDULLAHI ALHASSAN"
18498,2,collision,32303,CON-RES-1987-1201,3,"ABUBAKAR NA SARKI"
18498,2,collision,20659,CON-RES-RC-1983-26,3,"ALHAJI SHEHU BAKO"
9138,2,collision,35484,CON-COM-2009-796,3,"MARYAM TIJJANI YAKASAI"
9138,2,collision,22839,CON-AG-1990-83,3,"SANUSI NABABA BADAMASI"
11967,2,collision,24058,CON-RES-1983-402,3,"ALH. TANKO CHINDO"
11967,2,collision,25672,CON-AG-1986-37,3,"ABDULLAHI AMINU KARAYE"
8572,2,collision,32909,CON-COM-2003-113,3,"A. UBA BALA"
8572,2,collision,22271,CON-RES-1982-1247,3,"ALHAJI LAWAN GARBA"
18293,2,collision,19791,CON-RES-RC-1982-570,3,"ALHAJI SABO RINGIM & SONS."
18293,2,collision,32097,CON-RES-1983-199,3,"ALHAJI AMINU NA IYYA"
146433,2,legitimate-linked,169477,CON-IND-2022-86,3,"HAJIYA KARIMA I BABANGIDA"
146433,2,legitimate-linked,169491,"MLKN 3887",KANGIS,"HAJIYA KARIMA I BABANGIDA"
60386,2,legitimate-linked,173622,RES-2020-1408,2,"AHMAD SANI AMINU"
60386,2,legitimate-linked,192786,"KNML 8854",KANGIS,"AHMAD SANI AMINU"
155148,2,legitimate-linked,179478,CON-RES-2012-138,3,"ALHAJI IDRIS H. ZUBAIRU"
155148,2,legitimate-linked,179499,"KNML 1229",KANGIS,"ALHAJI IDRIS H. ZUBAIRU"
46421,2,legitimate-linked,192808,RES-2000-119,2,"IBRAHIM AHAMD KASSIM"
46421,2,legitimate-linked,192817,"KNML 932",KANGIS,"IBRAHIM AHAMD KASSIM"
10930,2,collision,15248,CON-RES-1981-438,3,"ALHAJI AUWALU SANI"
10930,2,collision,24634,CON-RES-1988-522,3,"KASSIM ALHAJI UMARU"
13953,2,legitimate-optot,30175,CON-RES-1991-595,3,"ALH AMINU LABARAN BABA"
13953,2,legitimate-optot,27740,RES-1991-854,1,"TRIPPLE K. INVESTMENT LTD"
10997,2,collision,24701,CON-RES-1985-91,3,"ALHAJI ISMAILA USMAN"
10997,2,collision,13949,CON-RES-1981-57,3,"ALHAJI MOHAMMED ADAMU"
12162,2,collision,29244,CON-RES-1984-168,3,"ALHAJI MUSA BAGOBIRI"
12162,2,collision,25867,CON-AG-1985-145,3,"UMARU MOHD DAN AZUMI ENTERPRISES"
178767,2,legitimate-linked,197394,COM-1999-39,1,"MUHAMMAD MUJIBU"
178767,2,legitimate-linked,197395,KN1795,KANGIS,"MUHAMMAD MUJIBU"
9084,2,collision,35457,CON-COM-2009-328,3,"SALISU AHAMED KURA"
9084,2,collision,22785,CON-RES-1995-334,3,"MALLAM BELLO BABA"
24052,2,collision,47019,CON-RES-2000-138,3,"ALHAJI BALA NA'IYA"
24052,2,collision,47069,CON-RES-1999-216,3,"DR IBRAHIM GAMBARI KAREEM"
13836,2,collision,27614,RES-1991-693,1,"UBA TSOHO"
13836,2,collision,35920,CON-RES-1991-137,3,"ALHAJI ALI HAMISU"
11531,2,collision,23345,CON-RES-1982-443,3,"ALHAJI INUSA ABUBAKAR"
11531,2,collision,25235,CON-RES-1983-786,3,"ALHAJI MAHAMMADU BABA"
15307,2,collision,32919,CON-RES-2003-104,3,"ALHAJI NASIRU AHALI"
15307,2,collision,29105,RES-1993-3444,2,"ALH KALA WADA"
14075,2,collision,27862,RES-1993-623,2,"ALH ATTA LIMAMIN SHARIFAI"
14075,2,collision,36764,CON-RES-1992-417,3,"SUNDAY ISHOLA OLUWAOKERE"
8009,2,collision,19196,CON-COM-1986-27,3,"MUSTAPHA ABDULLAHI  JUNAIDU"
8009,2,collision,21703,CON-RES-1982-344,3,"MRS ERNESTINA OKONMAH"
12098,2,collision,25243,CON-RES-1983-800,3,"DAUDA NUHU SALLAHU"
12098,2,collision,25803,CON-RES-1983-678,3,"ALHAJI ALI ABDU"
158025,2,legitimate-linked,182073,"KNML 1708",KANGIS,"DAN-ASABE ABDULLAHI"
158025,2,legitimate-linked,192969,RES-2009-2429,2,"MAL ALI GARBA"
13340,2,collision,30006,CON-RES-1988-183,3,"SULAIMAN USMAN GYARANYA"
13340,2,collision,27114,RES-1991-303,1,"ALH GRABA SAIDU"
13275,2,collision,27048,RES-1982-2245,1,"ALHAJI AJI KOLO ALKALI"
13275,2,collision,35706,CON-RES-1987-943,3,"MICHAEL OLAJIRE KOLEAJE"
11394,2,collision,25098,CON-RES-1984-288,3,"HAMZA ADAMU"
11394,2,collision,22339,CON-RES-1982-22,3,"ALHAJI IBRAHIM CHIGARI MAHMUD"
13063,2,legitimate-optot,26836,RES-1991-150,1,"MOHAMMED BELLO HABIB"
13063,2,legitimate-optot,30859,CON-RES-1987-423,3,"MUSDAFA HALADU"
12010,2,collision,25715,CON-AG-1994-33,3,"ABDULLAHI NAYAYA GAYA"
12010,2,collision,24065,CON-RES-1983-529,3,"ALH. GARBA MAIRIGA ADAKAWA"
15415,2,collision,34744,CON-RES-2004-251,3,"HAMZA YAHAYA"
15415,2,collision,29213,CON-RES-1984-656,3,"ALHAJI ADAMU INUWA"
12104,2,collision,24910,CON-RES-1983-813,3,"ALH SHEHU MOHAMMED"
12104,2,collision,25809,CON-RES-1983-686,3,"IBRAHIM SANI YOLA"
11451,2,collision,25155,CON-RES-1982-720,3,"ALHAJI YUNUSA SHA'AIBU"
11451,2,collision,21713,CON-RES-1982-307,3,"ALHAJI AHMED HASSAN"
12316,2,collision,29211,CON-RES-1984-687,3,"ALHAJI ADAMU SHITTU KANO"
12316,2,collision,26021,CON-AG-1982-299,3,"ALHAJI ALI MAI MADARA"
11007,2,collision,14533,CON-RES-1981-587,3,"ALH. SHEHU HALADU"
11007,2,collision,24711,CON-RES-1985-312,3,"ALH USMAN IBRAHIM INUWA"
12278,2,legitimate-optot,25983,CON-RES-RC-1982-211,3,"ALHAJI M. Y. GWANDU"
12278,2,legitimate-optot,31848,CON-RES-1984-568,3,"MR. PAUL ADAMS"
14501,2,legitimate-optot,36977,CON-RES-1994-647,3,"MR EMEKA UBATU"
14501,2,legitimate-optot,28288,RES-1994-1940,2,"ALH ALI BALA"
177531,2,legitimate-linked,196519,CON-COM-2021-238,3,"ISYAKU SANI ISMA'IL"
177531,2,legitimate-linked,196554,"MLKN 3600",KANGIS,"ISYAKU SANI ISMA'IL"
7972,2,collision,21666,CON-RES-1982-424,3,"ALHAJI ABDULLAHI ABUBAKAR"
7972,2,collision,19224,CON-COM-1985-129,3,"ALHAJI IBRAHIM UBA KULO"
18566,2,collision,25675,CON-RES-RC-1984-54,3,"ALHAJI KABIRU SANDA"
18566,2,collision,32371,CON-RES-1987-868,3,"ANTHONY NWANYA"
7629,2,collision,21320,CON-AG-1982-221,3,"ALHAJI SULE HABIBU"
7629,2,collision,16739,CON-AG-RC-1985-2,3,"ALHAJI YAHAYA ABDULKADIR"
12501,2,collision,26207,CON-RES-1984-424,3,"HALLIRU GARBA DABO"
12501,2,collision,34000,CON-RES-1985-567,3,"ALHAJI SHEHU MOHAMMED GARKI"
149718,2,legitimate-optot,173014,RES-2022-1074,2,"NASIRU MUHAMMAD DANFARANSHI"
149718,2,legitimate-optot,173015,"KNML 9786",KANGIS,"NASIRU MUHAMMAD DANFARANSHI"
8703,2,collision,32816,CON-COM-2005-55,3,"ALHAJI SANUSI YAU"
8703,2,collision,22402,RES-1992-6424,2,"ALHAJI ISA"
58290,2,legitimate-optot,171448,RES-2018-3397,2,"RABI'U BABA SANI"
58290,2,legitimate-optot,171475,"KNML 8008",KANGIS,"RABI'U BABA SANI"
13691,2,collision,24043,CON-RES-1989-79,3,"ABDULRAHMAN SANI ADAM"
13691,2,collision,27467,RES-1990-4450,1,"MAIKUDI BAFFA DALA"
157730,2,legitimate-linked,181857,RES-2014-1628,2,"ISMA'EL ABBA"
157730,2,legitimate-linked,181863,"KNML 1985",KANGIS,"ISMA'EL ABBA"
14088,2,collision,27875,RES-1993-684,2,"ABUBAKAR MUSA BODODO"
14088,2,collision,34580,CON-RES-1992-468,3,"UMAR HAMID"
12783,2,collision,32133,CON-RES-1987-113,3,"BENJAMIN SUNDAY NKEMAKONAM EJEKE"
12783,2,collision,26555,RES-1982-2325,1,"ALH. SA'IDU LABARAN"
18242,2,collision,18736,CON-RES-RC-1982-516,3,"ALH. YUSUF MOHAMMED"
18242,2,collision,32046,CON-RES-1982-809,3,"ALHAJI UBA UMAR INDABAWA"
15587,2,collision,29385,CON-RES-1987-900,3,"ALHAJI MUSA MAI GWANJO"
15587,2,collision,34864,CON-RES-2005-292,3,"MUHAMMAD BABANGIDA MUZAKKAR"
15757,2,legitimate-linked,47272,CON-RES-2007-121,3,"LAMBERT IZUEKWE"
15757,2,legitimate-linked,173304,KN3464,KANGIS,"LAMBERT IZUEKWE"
14395,2,collision,28182,RES-1993-2173,2,"BILKISU YAHAYA"
14395,2,collision,31417,CON-RES-1994-317,3,"ALHAJI SABO LAWAN  KABARA"
146244,2,legitimate-linked,169281,IND-2001-12,1,"ISMAIL LABARAN NUHU"
146244,2,legitimate-linked,169316,KN2260,KANGIS,"ISMAIL LABARAN NUHU"
11626,2,collision,25330,CON-RES-1984-355,3,"ILIYASU MOHAMMED TELA"
11626,2,collision,31972,CON-RES-1982-586,3,"ALHAJI BALA MOHAMMED"
8382,2,collision,32705,CON-COM-1997-54,3,"MOHAMMED ALHAJI YAKUBU"
8382,2,collision,22081,CON-RES-2009-769,3,"MR IZUCHUKWU DONATUS"
35931,2,legitimate-optot,187252,RES-1990-4302,1,"HUSSAINI KANKAROFI MUHAMMAD"
35931,2,legitimate-optot,187255,"KNML 2866",KANGIS,"HUSSAINI KANKAROFI MUHAMMAD"
56261,2,legitimate-linked,180042,RES-2015-881,2,"ABDULLAHI DALHATU ISA"
56261,2,legitimate-linked,180379,KN4482,KANGIS,"ABDULLAHI DALHATU ISA"
12042,2,collision,25747,CON-RES-1989-196,3,"ALHAJI SHU'AIBU"
12042,2,collision,32107,CON-RES-1983-615,3,"ALHAJI AMINU WARU"
12931,2,legitimate-optot,26703,RES-1982-578,1,"ALHAJI RIDWAN ABDU"
12931,2,legitimate-optot,24483,CON-RES-1987-167,3,"SALISU BAWA"
10940,2,collision,23618,CON-RES-1981-458,3,"ALHAJI MUSA UMARU"
10940,2,collision,24644,CON-RES-1988-216,3,"BASHIR A LAWAN ARZIKI"
34125,2,legitimate-optot,186285,RES-1989-2232,1,"ALHAJI ALIYU MAHMOUD GALADANCHI QTRS KANO CITY"
34125,2,legitimate-optot,186302,"KNML 1594",KANGIS,"CITY EXPRESS PLAZA"
48203,2,legitimate-linked,177681,RES-2001-397,2,"ALH SHEHU ZUBAIRU K/NAISA"
48203,2,legitimate-linked,177683,"KNML 36",KANGIS,"ALH SHEHU ZUBAIRU K/NAISA"
7920,2,collision,31749,CON-COM-1984-151,3,"ALHAJI YUSUFU AKILU"
7920,2,collision,21612,RES-1992-4704,2,"ALHAJI ALIYU MUSA FASHIR"
162008,2,legitimate-linked,185374,RES-2015-2873,2,"HON JUSTICE AISHA YAU"
162008,2,legitimate-linked,185375,"KNML 1508",KANGIS,"HON JUSTICE AISHA YAU"
17836,2,collision,34549,CON-RES-RC-1981-82,3,"ALHAJI DANLAMI ABDU ZANGO"
17836,2,collision,31640,CON-RES-1982-966,3,"ALHAJI IBRAHIM TSAIBU"
7956,2,collision,29582,CON-COM-1984-82,3,"KAMILU ALI YAMMUSA"
7956,2,collision,21649,RES-1992-4789,2,"YAHAYA INUWA"
12193,2,collision,26222,CON-RES-1984-287,3,"TOBAK INVESTMENT COMPANY LTD"
12193,2,collision,25898,CON-RES-1988-346,3,"ALHAJI SAIDU BALA HARUNA"
151844,2,legitimate-linked,175089,COM-1991-257,1,"UMAR HAMZA"
151844,2,legitimate-linked,175092,KN3472,KANGIS,"UMAR HAMZA"
150222,2,legitimate-optot,173557,RES-2010-2891,2,"SHASUDDEEN MANSUR"
150222,2,legitimate-optot,173570,KN2972,KANGIS,"SHAMSUDDEEN MANSUR"
11123,2,collision,24827,CON-RES-1986-209,3,"WADA ABDULLAHI KACHAKO"
11123,2,collision,26981,CON-RES-1982-114,3,"ABUBAKAR SADDIQ ALI"
11081,2,collision,24785,CON-RES-1985-668,3,"ALH. YAHAYA BAITA"
11081,2,collision,26005,CON-RES-1982-1051,3,"MR. MAXWELL NJOKU MBAH"
14514,2,legitimate-optot,28301,RES-1994-1953,2,"ALH UMARU ABDULLAHI"
14514,2,legitimate-optot,17531,CON-RES-1994-69,3,"ALHAJI ABDU MAIKUDI BICHI"
14854,2,collision,32641,CON-RES-1997-351,3,"ALHAJI MUHAMMED GARZALI YUNUSA"
14854,2,collision,28645,RES-1993-1714,2,"RABI'U ISA"
11679,2,collision,25383,CON-RES-1983-703,3,"HASSAN EL-BASARI"
11679,2,collision,23489,CON-RES-1982-676,3,"MR. JAMES AGUYA"
7926,2,collision,29592,CON-COM-1984-174,3,"ALHAJI SALISU LABARAN"
7926,2,collision,21618,RES-1992-4730,2,"MAMOUD ISMAILA"
15421,2,collision,34739,CON-RES-2004-275,3,"MAJOR MOHD TUKUR UMAR (RTD)"
15421,2,collision,29219,CON-RES-1984-238,3,"ALHAJI YAHUZA DALHATU"
24075,2,collision,47043,CON-RES-2000-40,3,"HAYATU ABBO MAJIDADI"
24075,2,collision,47092,CON-RES-2000-156,3,"NEW LIFE GOSPEL CHURCH"
149663,2,legitimate-linked,172966,COM-2023-70,1,"HADIZA USAINI"
149663,2,legitimate-linked,173010,"MLKN 3829",KANGIS,"HADIZA USAINI"
12893,2,collision,25440,CON-RES-1987-1429,3,"ALHAJI SALISU .S. MOHAMMED"
12893,2,collision,26665,RES-1982-2180,1,"HAJIYA AISHATU IMORU"
112307,2,legitimate-linked,174192,RES-2025-644,2,"SARKI ABDULLAHI IBRAHIM"
112307,2,legitimate-linked,174203,KN4898,KANGIS,"SARKI ABDULLAHI IBRAHIM"
13463,2,collision,24332,CON-RES-1988-501,3,"ALH. UBA MUSA"
13463,2,collision,27237,RES-1991-467,1,"HAJIYA HALIMA MAHAMUD"
17604,2,legitimate-linked,187233,KN4555,KANGIS,"MURTALA ABDULLAHI JEGA"
17604,2,legitimate-linked,31407,CON-RES-1997-354,3,"ALHAJI UBA TANKO MIJINYAWA"
12605,2,collision,24860,CON-RES-1986-244,3,"SHEIKH SHARIFF TIJJANI"
12605,2,collision,26311,CON-RES-1986-402,3,"MALLAM AMINU YUSUF"
18946,2,collision,32751,CON-COM-1998-78,3,"ALHAJI BABALLE ILA"
18946,2,collision,171313,IND-1993-1,1,"FAS AGRO INDUSTRIAL LTD"
7019,2,collision,20703,CON-RES-1995-448,3,"ALH. NUHU BADAMASI"
7019,2,collision,21739,CON-AG-1982-484,3,"MONUMENT INTERNATIONAL LTD"
15550,2,legitimate-optot,34821,CON-RES-2005-21,3,"MANIRU IBRAHIM"
15550,2,legitimate-optot,29348,CON-RES-1985-382,3,"MRS FELICIA L I"
11579,2,legitimate-linked,193225,CON-RES-1982-517,3,"ALH. AUWALU RANO."
11579,2,legitimate-linked,193268,KN4083,KANGIS,"ALH. AUWALU RANO."
13142,2,collision,26915,RES-1991-245,1,"DAN SOKOTO IBRAHIM"
13142,2,collision,32299,CON-RES-1987-645,3,"ABDULLAHI MUHAMMADU BINDAWA"
51155,2,legitimate-linked,193895,RES-2006-50,2,"UMAR SHEHU MINJIBIR"
51155,2,legitimate-linked,193897,"KNML 531",KANGIS,"UMAR SHEHU MINJIBIR"
171726,2,legitimate-linked,192246,RES-2003-2401,2,"SANI KABIRU HARUNA"
171726,2,legitimate-linked,192274,KN3209_2,KANGIS,"SANI KABIRU HARUNA"
10795,2,collision,24499,CON-RES-1987-1167,3,"A. A. FAYOKUN"
10795,2,collision,14520,CON-RES-1981-214,3,"ALHAJI ADAMU ABDULLAHI"
153862,2,legitimate-linked,181692,KN5115,KANGIS,"MURTALA ABDULLAHI JEGA"
153862,2,legitimate-linked,178190,CON-RES-2023-7377,3,"FAIZU MUHAMMAD GALADIMA"
8287,2,collision,21986,RES-1992-5771,2,"MARYAM A. ABDULLAHI"
8287,2,collision,16184,CON-COM-1994-60,3,"ALH. YAHAYA ILIYASU"
38812,2,legitimate-linked,173796,KN1187,KANGIS,"HARUNA ZAKARI"
38812,2,legitimate-linked,15768,RES-1992-1758,2,"HARUNA ZAKARI"
14839,2,collision,38342,CON-RES-1997-306,3,"MR CHARLES UBAH"
14839,2,collision,28630,RES-1993-1488,2,"ALHAJI MAGAJI RABI'U"
12169,2,collision,25874,CON-RES-1988-335,3,"DAHIRU HAMISU"
12169,2,collision,22995,CON-RES-1984-207,3,"KABO TRAVELS LIMITED"
48173,2,legitimate-linked,178698,RES-2001-3732,2,"ISYAKU RABIU & SONS"
48173,2,legitimate-linked,178713,"KNML 1771",KANGIS,"ISYAKU RABIU & SONS"
14745,2,collision,36829,CON-RES-1996-31,3,"ALHAJI HARUNA YA'U"
14745,2,collision,28533,RES-1993-1160,2,"MALLAM SA'IDU ADAMU"
8265,2,collision,21964,RES-1992-5748,2,"HAJIYA UWANI ARMA YA'U"
8265,2,collision,31514,CON-COM-1994-10,3,"BELLO MAHMOUD BABURA"
179440,2,legitimate-linked,197947,CON-RES-2013-536,3,"ATIKA BARAU DANBATTA"
179440,2,legitimate-linked,198056,"KNML 6068",KANGIS,"ATIKA BARAU DANBATTA"
13996,2,collision,46966,CON-RES-1992-152,3,"ALHAJI TIJJANI BADAWI YAKASAI"
13996,2,collision,27783,RES-1993-98,2,"HAMZA HASSAN"
51168,2,legitimate-linked,181701,RES-2006-521,2,"ABDUL'AZIZ MUHAMMAD K/MATA"
51168,2,legitimate-linked,181713,"KNML 1982",KANGIS,"ABDUL'AZIZ MUHAMMAD K/MATA"
12356,2,collision,26061,CON-AG-1982-542,3,"ALHAJI USMAN MAIDUNIYA"
12356,2,collision,32596,CON-RES-1985-151,3,"SANI YAKASAI"
10838,2,collision,24542,CON-RES-1987-7,3,"ALHAJI GARBA NA ABDU"
10838,2,collision,14187,CON-RES-1981-287,3,"ALHAJI USAINI ZAKARI"
6984,2,collision,16772,CON-AG-1982-37,3,"HABIB AHMED DABA"
6984,2,collision,20668,CON-RES-1995-134,3,"ALHAJI IBRAHIM HASHIM"
54708,2,legitimate-linked,173994,RES-2015-1625,2,"HAMZA ABDULLAHI UMAR"
54708,2,legitimate-linked,174026,KN3596,KANGIS,"HAMZA ABDULLAHI UMAR"
178445,2,legitimate-linked,197126,RES-1992-4343,2,"BADAMASI MUSA TAHIR"
178445,2,legitimate-linked,197140,KN3468,KANGIS,"BADAMASI MUSA TAHIR"
176148,2,legitimate-linked,195347,RES-2022-1076,2,"NASIRU MUHAMMAD DANFARANSHI"
176148,2,legitimate-linked,195365,"KNML 9788",KANGIS,"NASIRU MUHAMMAD DANFARANSHI"
149693,2,legitimate-linked,172989,CON-COM-2023-424,3,"NASIR ABUBAKAR"
149693,2,legitimate-linked,172990,KN4986,KANGIS,"NASIR ABUBAKAR"
18226,2,collision,25356,CON-RES-RC-1982-5,3,"ALHAJI IBRAHIM MOHAMMED"
18226,2,collision,32030,CON-RES-1983-380,3,"ALHAJI MOHAMMED DAN DAURA ISA"
15700,2,collision,174483,RES-2005-1521,2,"ALHAJI MUKTARI YAKASAI"
15700,2,collision,29499,CON-COM-1983-36,3,"ALHAJI SALE LIMAN"
10927,2,collision,19162,CON-RES-1981-430,3,"ALHAJI BALARABE IBRAHIM"
10927,2,collision,24631,CON-RES-1988-324,3,"SANI BUHARI KARAMI"
17879,2,collision,31683,CON-RES-1986-155,3,"ALHAJI MUSA ISA"
17879,2,collision,31043,CON-RES-RC-1982-1174,3,"MOHAMMED SANI MUSA"
12953,2,collision,30847,CON-RES-1987-206,3,"KARAMBA IBRAHIM"
12953,2,collision,26725,RES-1991-8,1,"YA`U ALI HADEJIA"
148752,2,legitimate-linked,172188,COM-2022-163,1,"HAMISU RABI'U JINGAU/UMAR BUBA"
148752,2,legitimate-linked,172198,KN2638,KANGIS,"HAMISU RABI'U JINGAU/UMAR BUBA"
10890,2,collision,14963,CON-RES-1981-352,3,"ALHAJI MAIGIDA MUSA"
10890,2,collision,24594,CON-RES-1987-912,3,"D.M. OHAYAGHA"
159173,2,legitimate-optot,182926,RES-2020-1767,2,"AHMAD SALISU BEBEJI"
159173,2,legitimate-optot,182964,"KNML 8276",KANGIS,"AHMAD SALISU BEBEJI"
10737,2,collision,24440,CON-RES-1987-758,3,"MR. T. O. MOGBA"
10737,2,collision,14236,CON-RES-1981-108,3,"ABDULLAHI ALH BELLO"
10980,2,collision,14945,CON-RES-1981-54,3,"ALHAJI MAILAFIYA"
10980,2,collision,24684,CON-RES-1983-879,3,"ABIGAIL OLALEYE"
165214,2,legitimate-linked,188003,CON-RES-2012-351,3,"ALH YAKUBU SHU'AIBU"
165214,2,legitimate-linked,188015,"KNML 2444",KANGIS,"ALH YAKUBU SHU'AIBU"
12161,2,collision,25866,CON-AG-1985-146,3,"GRACE PEARN ALADE"
12161,2,collision,29209,CON-RES-1984-166,3,"ALHAJI BALA HAMISU"
150739,2,legitimate-linked,174011,CON-RES-2010-1048,3,"HAJIYA RAKIYA SULE GARO"
150739,2,legitimate-linked,174039,"KNML 175",KANGIS,"HAJIYA RAKIYA SULE GARO"
819,2,legitimate-optot,191044,COM-1986-45,1,"ALHAJI YUSUF K. UMARU"
819,2,legitimate-optot,14479,CON-RES-1981-578,3,"ALH AMINU MUSA"
8296,2,collision,33217,CON-COM-1994-84,3,"ALHAJI TIJJANI S SPIKIN"
8296,2,collision,21995,RES-1992-5816,2,"MA'U AINAINI"
15390,2,collision,34762,CON-RES-2004-151,3,"ABDULLAHI IBRAHIM DAMBO"
15390,2,collision,29188,RES-1993-3619,2,"ALH RABIU YUSUF"
178676,2,legitimate-linked,197349,"MLKN 3040",KANGIS,"A.S ALIYU"
178676,2,legitimate-linked,197314,CON-AG-2016-50,3,"A.S ALIYU"
11368,2,collision,25072,CON-RES-1984-447,3,"ALHAJI NAMADI KOLU"
11368,2,collision,24926,CON-RES-1982-19,3,"SANI A. DAURA"
12565,2,collision,26271,CON-RES-1986-337,3,"SANI UBA ALI"
12565,2,collision,26302,CON-RES-1986-134,3,"MR ANDREW AGO"
11099,2,collision,24803,CON-RES-1986-116,3,"HAJIYA FATI UMAR"
11099,2,collision,35281,CON-RES-1982-1094,3,"ALHAJI SHARU AWAISU HALILU"
10404,2,collision,25941,CON-IND-1982-15,3,"ALH MAHMOUD MUSA GASHASH"
10404,2,collision,24107,CON-RES-1983-211,3,"ALHAJI HALADU SABIU ASHIRU"
2602,2,legitimate-linked,176273,COM-2002-911,1,"NURUDDEEN ABUBAKAR BATURE"
2602,2,legitimate-linked,176285,KN3321,KANGIS,"NURUDDEEN ABDULKADIR BATURE"
151709,2,legitimate-linked,174933,CON-AG-2021-61,3,"JAMILU ABDULLAHI GALADIMA"
151709,2,legitimate-linked,174934,KN3619,KANGIS,"JAMILU ABDULLAHI GALADIMA"
66613,2,legitimate-linked,184334,RES-RC-1982-834,1,"WADA YUNUSA"
66613,2,legitimate-linked,184342,"KNML 9734",KANGIS,"WADA YUNUSA"
13784,2,collision,36412,CON-RES-1990-415,3,"ALHAJI BAKO MUHAMMAD YUSUF"
13784,2,collision,27561,RES-1991-636,1,"ALH BALA MOHAMMED"
7776,2,collision,21467,CON-AG-1985-77,3,"WALAWA STEVEDORING (NIG) CO. LTD. (ALH MOHD MAKKE)"
7776,2,collision,15286,CON-COM-1982-23,3,"ALHAJI HAMISU MOHD DAHIRU"
14118,2,collision,27905,RES-1993-729,2,"BAFFA ABDULLAHI GWANDU"
14118,2,collision,23090,CON-RES-1992-543,3,"BASIL MADUKA"
104158,2,legitimate-linked,174364,KN3806,KANGIS,"UMAR ADAMU YARO"
104158,2,legitimate-linked,175491,CON-COM-2025-311,3,"UMAR ADAMU YARO"
164380,2,legitimate-linked,188101,"MLKN 3386",KANGIS,"ALH RABIU A LEKO"
164380,2,legitimate-linked,187230,CON-COM-2020-381,3,"ALH. RABI'U A. LEKO"
17979,2,collision,31783,CON-RES-1984-665,3,"ALHAJI MUSA ALI MOHAMMED"
17979,2,collision,32420,CON-RES-RC-1982-203,3,"IHSAN & NA'IMU NASIR DANTATA"
10267,2,collision,23969,CON-RES-1989-289,3,"ALHAJI NAMADI KULU"
10267,2,collision,18687,CON-COM-RC-1982-19,3,"ALH JINJIRI ALKASIM MUSA"
8135,2,collision,21831,RES-1992-5045,2,"BALARABE UMAR"
8135,2,collision,33349,CON-COM-1990-81,3,"ALHAJI ABUBAKAR USMAN"
7655,2,collision,15270,CON-COM-1981-101,3,"ALHAJI YUSUFU BELLO"
7655,2,collision,21346,CON-AG-1982-579,3,"ALHAJI ABDU GARBA"
15355,2,collision,29153,RES-1993-3536,2,"A HALLAI GAMBO DURBA"
15355,2,collision,32859,CON-RES-2003-277,3,"ALHAJI MAHBUB GARBA WAKILI"
171664,2,legitimate-linked,192179,RES-2015-2124,2,"BUHARI KABIR BUHARI"
171664,2,legitimate-linked,192190,KN3052,KANGIS,"BUHARI KABIR BUHARI"
17587,2,legitimate-linked,31390,CON-RES-1997-164,3,"ALHAJI HAMISU UMAR MAI UNGUWA"
17587,2,legitimate-linked,189464,KN4607,KANGIS,"MURTALA ABDULLAHI JEGA"
17824,2,collision,31628,CON-RES-1982-1492,3,"ALHAJI MIKO MOHAMMED"
17824,2,collision,34458,CON-RES-RC-1981-67,3,"ALHAJI ADAMU MALALA"
147163,2,legitimate-linked,170230,COM-2022-519,1,"ADAMU YAHAYA MAIKIFI"
147163,2,legitimate-linked,170258,"MLKN 3673",KANGIS,"ALHAJI MAGAJI ILU"
7147,2,collision,20834,RES-1992-3238,2,"MARIYA DAHIRU"
7147,2,collision,23751,CON-AG-1984-192,3,"ALHAJI SAIDU MAITTASAI"
13711,2,collision,27488,RES-1990-4069,1,"TARASULU MAMUDA"
13711,2,collision,33270,CON-RES-1990-158,3,"ALHAJI ABUBAKAR AINOOSON"
18878,2,legitimate-linked,192362,RES-2009-4361,2,"MODERN PROGRESSIVE FOODS LIMITED"
18878,2,legitimate-linked,192367,RES-2009-4362,2,"MODERN PROGRESSIVE FOODS LIMITED"
10294,2,legitimate-linked,188331,"KNML 2893",KANGIS,"TOTAL NIGERIA PLC"
10294,2,legitimate-linked,23996,CON-RES-1989-4,3,"ALHAJI ALHASSAN DOGARA"
12880,2,collision,34260,CON-RES-1987-1397,3,"RICHARD OLORINSOLA AYENIGBA"
12880,2,collision,26652,RES-1982-2166,1,"MALLAM AHMED NASIDI UMAR"
151201,2,legitimate-linked,174427,RES-2002-7776,2,"ALH. MUKHTAR ABUBAKAR"
151201,2,legitimate-linked,174451,KN4713,KANGIS,"ALH. MUKHTAR ABUBAKAR"
45094,2,legitimate-optot,171970,RES-1996-964,2,"AUWAL ADAM  SANI"
45094,2,legitimate-optot,172220,"KNML 9612",KANGIS,"AUWAL ADAM  SANI"
15489,2,collision,29287,CON-RES-1985-55,3,"JANAIDU ADAMU"
15489,2,collision,34683,CON-RES-2004-399,3,"MUHAMMAD AMINU ABDULLAHI"
10235,2,collision,23937,CON-RES-1989-420,3,"ALHAJI HARUNA ABUBAKAR"
10235,2,collision,32525,CON-COM-RC-1981-33,3,"ALHAJI UMARU AHMED"
12324,2,collision,31763,CON-RES-1984-72,3,"HAJIYA UMMA BAYERO"
12324,2,collision,26029,CON-AG-1982-262,3,"HASSAN A. BOUKARROUM"
11540,2,collision,22308,CON-RES-1982-455,3,"ALHAJI ABDULMUMINI ALI"
11540,2,collision,25244,CON-RES-1983-307,3,"ALHAJI HALADU UMARU"
15431,2,collision,29229,CON-RES-1984-222,3,"ALHAJI LABARAN MOHAMMED"
15431,2,collision,31596,CON-RES-2004-298,3,"SABI'U UMAR"
7017,2,collision,19267,CON-AG-1982-481,3,"ABBAS MAJE ADANANU"
7017,2,collision,20701,CON-RES-1995-342,3,"HAJIYA MARYAM AND 7 OTHERS"
13692,2,collision,24015,CON-RES-1989-80,3,"ALHAJI ZUBAIRU RABIU"
13692,2,collision,27468,RES-1990-4447,1,"ABUBAKAR JIBRIN"
5872,2,legitimate-linked,184843,COM-1995-91,1,"OSMAN EL TAYEB EL-RAYAH"
5872,2,legitimate-linked,196195,COM-RC-1982-110,1,"OSMAN EL-TAYEB EL-RAYAH"
1306,2,legitimate-linked,174765,COM-1993-167,1,"SA'AD SHITU SHARUBUTU"
1306,2,legitimate-linked,14967,CON-RES-1981-85,3,"ALHAJI DAN INU GARBA"
18561,2,collision,32366,CON-RES-1987-1098,3,"MR C.U ACHUGAONYA"
18561,2,collision,20398,CON-RES-RC-1984-5,3,"ALHAJI TIJJANI ALIYU"
14005,2,collision,27792,RES-1993-110,2,"MOHD NASIRU"
14005,2,collision,35867,CON-RES-1992-174,3,"HABIBA ABUBAKAR"
10264,2,collision,23966,CON-RES-1989-251,3,"MR OSTIMOPOR OPITOKE"
10264,2,collision,32563,CON-COM-RC-1982-16,3,"FUAD MOHAMMED SHOUR"
155211,2,legitimate-linked,179542,RES-1998-653,2,"UMAR RUKKAYA IBRAHIM"
155211,2,legitimate-linked,179553,"KNML 1456",KANGIS,"UMAR RUKKAYA IBRAHIM"
62203,2,legitimate-linked,174877,RES-2023-760,2,"MUHAMMAD ISYAKU"
62203,2,legitimate-linked,174896,KN3926,KANGIS,"MUHAMMAD ISYAKU"
16616,2,collision,34928,CON-RES-2015-175,3,"JERMIMAH ISAH SHELLANGWA"
16616,2,collision,30416,CON-AG-1985-124,3,"ALHAJI UKASHATU ALIYU"
51237,2,legitimate-linked,180352,RES-2006-706,2,"PROF SHEHU AHMAD SAID GALADANCHI"
51237,2,legitimate-linked,180359,"KNML 1477",KANGIS,"PROF SHEHU AHMAD SAID GALADANCHI"
13508,2,legitimate-optot,33322,CON-RES-1988-630,3,"MR RAYMOND EKWUWMW"
13508,2,legitimate-optot,27282,RES-1991-523,1,"MOHD M. TOM"
11616,2,collision,25320,CON-RES-1984-477,3,"ALHAJI JA'AFARU DISO"
11616,2,collision,33463,CON-RES-1982-569,3,"LINDA O OGHOGHOME"
13184,2,collision,30942,CON-RES-1987-74,3,"ALHAJI IRO MOHAMMED"
13184,2,collision,26957,RES-1991-299,1,"ABDULLAHI ALH. BALA"
14511,2,collision,28298,RES-1994-1950,2,"BALARABE B IBRAHIM"
14511,2,collision,31129,CON-RES-1994-677,3,"ALHAJI MUHAMMAD USMAN"
6893,2,collision,26063,CON-AG-1982-13,3,"ALHAJI IBRAHIM Y. USMAN"
6893,2,collision,20577,RES-1993-3135,2,"SALIHI INUWA ALKALI DIKKO"
38563,2,legitimate-optot,187929,RES-1992-1333,2,"ALH MUHAMMAD BADARU UMAR"
38563,2,legitimate-optot,187955,"KNML 2874",KANGIS,"ALH MUHAMMAD BADARU UMAR"
38895,2,legitimate-linked,180406,RES-1992-1909,2,"ENGR ISYAKU LAWAN"
38895,2,legitimate-linked,180409,"KNML 1491",KANGIS,"ENGR ISYAKU LAWAN"
25442,2,collision,181497,"KNML 9096",KANGIS,"ALH. AMINU ABUBAKAR"
25442,2,collision,47384,CON-RES-2008-1173,3,"ALHAJI BALA YARO INUWA"
156700,2,legitimate-linked,181048,CON-RES-1996-327,3,"ADEKUNLE ODUSOLE"
156700,2,legitimate-linked,181057,"KNML 1955",KANGIS,"ADEKUNLE ODUSOLE"
13318,2,collision,24353,CON-RES-1988-14,3,"EUGENE .O. NWADIKE"
13318,2,collision,27091,RES-1982-2298,1,"HAFSATU ALI MOHAMMAD"
18492,2,collision,20663,CON-RES-RC-1983-20,3,"ALHAJI UMARU FAGGE"
18492,2,collision,32297,CON-RES-1987-920,3,"DR FRED ITUA ENAHOLO"
11086,2,collision,24790,CON-RES-1985-673,3,"ALH SALISU BARAU"
11086,2,collision,29611,CON-RES-1982-106,3,"ALHAJI ILIYASU SANI"
167203,2,legitimate-linked,189594,CON-RES-2023-7178,3,"FAIZU MUHAMMAD GALADIMA"
167203,2,legitimate-linked,189601,KN4603,KANGIS,"MURTALA ABDULLAHI JEGA"
153292,2,legitimate-linked,177580,RES-1993-6013,2,"NURA MUSA & ALH GARBA"
153292,2,legitimate-linked,177583,"KNML 31",KANGIS,"ABDULRAHMAN MOHAMMED"
7494,2,collision,21185,RES-1992-4236,2,"YUSIF LIMAN"
7494,2,collision,15555,CON-AG-2008-3,3,"MUKHTAR SANUSI DANTATA"
14169,2,collision,36769,CON-RES-1992-79,3,"ALHAJI ISA UMAR"
14169,2,collision,27956,RES-1993-837,2,"ABDU MAMUDA"
58945,2,legitimate-linked,194185,RES-2019-1086,2,"IBRAHIM ISYAKU NA ABBA"
58945,2,legitimate-linked,194193,"KNML 6547",KANGIS,"IBRAHIM ISYAKU NA ABBA"
10421,2,collision,25951,CON-IND-1982-8,3,"FAHAL INVESTMENT LTD."
10421,2,collision,24124,CON-RES-1983-858,3,"BUKER MOHAMMED"
18577,2,collision,20147,CON-RES-RC-1985-2,3,"ALH. LAWAN ADAMU"
18577,2,collision,32382,CON-RES-1987-1142,3,"ALHAJI UMARU NA ABBA"
15122,2,collision,47024,CON-RES-2000-32,3,"CHIEF EZE NWOSU"
15122,2,collision,28919,RES-1993-3220,2,"ALHAJI ILYASU KATYSINA"
7399,2,collision,21089,CON-RES-1995-106,3,"SABIU MOHAMMED"
7399,2,collision,25718,CON-AG-1995-4,3,"MADAWA FARMS"
13392,2,collision,24258,CON-RES-1988-329,3,"MR ANTHONY ONYEAMA OSIMIRI"
13392,2,collision,27166,RES-1991-376,1,"ABDULKARIM SHEHU"
10914,2,collision,19111,CON-RES-1981-402,3,"ALHAJI ABDULHAMED MOHD"
10914,2,collision,24618,CON-RES-1987-237,3,"MUHAMMADU AUWALU GOTE"
54411,2,legitimate-linked,195035,RES-2014-2340,2,"JAMILU ALIYU BALA"
54411,2,legitimate-linked,195056,"KNML 9570",KANGIS,"JAMILU ALIYU BALA"
39850,2,legitimate-linked,197869,RES-1992-4893,2,"NASIDI ABUBAKAR MOHD"
39850,2,legitimate-linked,197901,"KNML 1441",KANGIS,"ALH NASIDI ABUBAKAR MUHAMMAD"
12558,2,collision,24800,CON-RES-1986-112,3,"ALHAJI ABDUSSALAM TIJJANI"
12558,2,collision,26264,CON-RES-1986-64,3,"ALHAJI GARBA AMED"
6906,2,collision,20590,RES-1992-3150,2,"ABDULKADIR ABDULLAHI YUSUF"
6906,2,collision,15604,CON-AG-1982-160,3,"ALAHJI SANI HAYATU"
12726,2,collision,26432,RES-1982-1989,1,"ALHAJI HAMZA ADAMU"
12726,2,collision,33604,CON-RES-1987-1031,3,"ALHAJI AUWALU DARKI"
14478,2,collision,28265,RES-1994-1913,2,"MAGAJI ABUBAKAR D/IYA"
14478,2,collision,29859,CON-RES-1994-488,3,"MOHAMMED MUNIR MUSA MAIKUSA"
7004,2,collision,15256,CON-AG-1982-439,3,"ALHAJI ADAMU BARDE BICHI"
7004,2,collision,20688,CON-RES-1995-613,3,"ALH. SANI DAHIRU"
173513,2,legitimate-optot,193585,RES-2012-3297,2,"MUHAMMAD IBRAHIM"
173513,2,legitimate-optot,193601,"KNML 1327_2",KANGIS,"RABI'A M. GARBA"
167022,2,legitimate-linked,189452,CON-COM-2018-251,3,"ALHAJI ADAMU SHUAIBU"
167022,2,legitimate-linked,189551,"MLKN 2774",KANGIS,"ALHAJI ADAMU SHUAIBU"
15440,2,collision,34688,CON-RES-2004-313,3,"HIMMA RESOURCE ENTERPRISES"
15440,2,collision,29238,CON-RES-1984-239,3,"DR.INI JAMES UDO-EMAH"
53064,2,legitimate-linked,197091,RES-2010-1199,2,"ALH. ALIYU MUHAMMAD"
53064,2,legitimate-linked,197103,"KNML 9489",KANGIS,"ALH. ALIYU MUHAMMAD"
166835,2,legitimate-linked,189315,RES-1983-501,1,"MUHTARI ALIYU DANGANA"
166835,2,legitimate-linked,189316,"KNML 2464",KANGIS,"HADIZA MUHTARI DANGANA"
12941,2,legitimate-optot,26713,RES-1982-2001,1,"HABIBU MOHAMMED GWARZO"
12941,2,legitimate-optot,24478,CON-RES-1987-189,3,"ALHAJI KASSIM HUSSAIN"
162189,2,legitimate-optot,185553,RES-2017-1170,2,"SHITU ISAH"
162189,2,legitimate-optot,185568,"KNML 9196",KANGIS,"SHITU ISAH"
13261,2,collision,30887,CON-RES-1987-890,3,"ALHAJI MUSA RINGIM"
13261,2,collision,27034,RES-1982-2224,1,"ALHAJI SHEHU AHMED"
11512,2,collision,192907,CON-RES-1982-413,3,"ALH. KASSIM IBRAHIM BATAIYA"
11512,2,collision,25216,CON-RES-1984-481,3,"ALHAJI ISAH MOHAMMED"
25998,2,legitimate-linked,181330,CON-IND-2020-46,3,"GERAWA RICE MILLS"
25998,2,legitimate-linked,181343,"MLKN 2987",KANGIS,"GERAWA RICE MILLS"
50291,2,legitimate-linked,186232,RES-2004-490,2,"ENGINEER AMINU SHEHU"
50291,2,legitimate-linked,186260,"KNML 1598",KANGIS,"ENGINEER AMINU SHEHU"
11507,2,collision,25036,CON-RES-1982-405,3,"SANI HAMISU TURAKI"
11507,2,collision,25211,CON-RES-1984-334,3,"ALHAJI LAWAN HAMZA"
7178,2,legitimate-optot,18302,CON-AG-1985-131,3,"ABDULLAHI UMAR"
7178,2,legitimate-optot,20865,RES-1992-3334,2,"DR FRANCIS JOSEPH BELGA"
154125,2,legitimate-linked,178521,"KNML 5005",KANGIS,"FLOUR MILLS OF NIGERIA PLC"
154125,2,legitimate-linked,178477,RES-2012-1823,2,"FLOUR MILLS OF NIGERIA PLC"
7786,2,legitimate-optot,26037,CON-COM-1982-256,3,"MALLAM HAMISU ALA"
7786,2,legitimate-optot,21477,CON-RES-RC-1982-458,3,"ALLAH NA NAN NIGERIA LIMITED"
54762,2,legitimate-linked,180000,RES-2015-1807,2,"IBRAHIM IDRIS"
54762,2,legitimate-linked,180106,"KNML 4951",KANGIS,"IBRAHIM IDRIS"
13947,2,collision,33128,CON-RES-1991-57,3,"ALHAJI BALA DANEJI"
13947,2,collision,27734,RES-1991-848,1,"ALH ABBAS ABDU GAYA"
161155,2,legitimate-linked,184598,SLTR-219456,SLTR,"SABI'U BABANGIDA"
161155,2,legitimate-linked,184607,KN5331,KANGIS,"SABI'U BABANGIDA"
15571,2,collision,29369,CON-RES-1987-816,3,"EDWIN N. ORANEKWU"
15571,2,collision,34800,CON-RES-2005-254,3,"MURTALA ABDURRAHAMAN"
150393,2,legitimate-optot,173705,RES-2021-2949,2,"YAKUBU HAMZA DANDAGO"
150393,2,legitimate-optot,173710,KN3360,KANGIS,"YAKUBU HAMZA DANDAGO"
112291,2,legitimate-linked,173236,RES-2025-642,2,"SARKI ABDULLAHI IBRAHIM"
112291,2,legitimate-linked,173249,KN4899,KANGIS,"SARKI ABDULLAHI IBRAHIM"
12571,2,collision,26277,CON-RES-1986-343,3,"ALHAJI TIJJANI KASSIM"
12571,2,collision,33377,CON-RES-1986-156,3,"ALH AHMED YARO"
17467,2,collision,184480,KN5411,KANGIS,"MURTALA ABDULLAHI JEGA"
17467,2,collision,31270,CON-COM-1995-11,3,"ALHAJI ISYAKU ABDULLAHI BEBEJI"
7887,2,collision,21579,RES-1992-4600,2,"MOHAMMEDSANI YARO"
7887,2,collision,29503,CON-COM-1983-45,3,"ALHAJI DAUDA GARBA"
156166,2,legitimate-linked,180478,COM-2001-568,1,"UBA MUSA MAIKAMFALA"
156166,2,legitimate-linked,180479,"MLKN 2636",KANGIS,"UBA MUSA MAIKAMFALA"
12244,2,collision,25949,CON-IND-1982-21,3,"ALHAJI AKANDE ANGAAH"
12244,2,collision,31771,CON-RES-1984-48,3,"SHU'AIBU KAZAURE"
12106,2,collision,25811,CON-RES-1983-707,3,"MALLAM ABDULHAMID"
12106,2,collision,32103,CON-RES-1983-815,3,"NURUDEEN MUHAMMED GASHASH"
7742,2,collision,21433,RES-1992-4498,2,"TAYAYA K/KABUGA, DANLITI MUSA"
7742,2,collision,15830,CON-COM-1982-154,3,"TEC ENGINEERING COMPANY(NIG)LTD"
169451,2,legitimate-linked,191291,DCIV-2025-97,,"INVESTIGATION ACTIVITIES"
169451,2,legitimate-linked,191309,SLTR-211396,SLTR,"IBRAHIM MUSTAPHA SANI"
13638,2,collision,24027,CON-RES-1989-441,3,"ALH KABIRU SULE BALARABE"
13638,2,collision,27412,RES-1990-2022,1,"RABI'U ALASAN"
167455,2,legitimate-linked,189748,CON-RES-2023-7222,3,"FAIZU MUHAMMAD GALADIMA"
167455,2,legitimate-linked,189756,KN5225,KANGIS,"MURTALA ABDULLAHI JEGA"
14417,2,collision,28204,RES-1993-2502,2,"DR LAWAL ALHASSAN BICHI"
14417,2,collision,31437,CON-RES-1994-338,3,"ALHAJI SABO LAWAN KABARA"
104494,2,legitimate-linked,169459,CON-RES-2022-385,3,"SUNUSI ABDULLAHI KUK"
104494,2,legitimate-linked,169464,KN4704,KANGIS,"SUNUSI ABDULLAHI KUK"
7762,2,collision,21453,RES-1992-4525,2,"ABDUSSALAMI JAMILU"
7762,2,collision,15844,CON-COM-1982-2,3,"ALH NURA IBRAHIM"
156459,2,legitimate-optot,180844,RES-2023-1448,2,"TANIMU ADAMU"
156459,2,legitimate-optot,180853,KN4397,KANGIS,"TANIMU ADAMU"
49366,2,legitimate-linked,191863,RES-2002-67,2,"UMAR MUSA MUHAMMAD"
49366,2,legitimate-linked,191871,"KNML 2499",KANGIS,"UMAR MUSA MUHAMMAD"
11887,2,collision,25592,CON-RES-1984-105,3,"ALHAJI SAGIRU ISHAK"
11887,2,collision,24084,CON-RES-1983-208,3,"MALLAM ABUBAKAR AINOOSON"
12810,2,collision,34019,CON-RES-1987-1183,3,"AMADU YARO"
12810,2,collision,26582,RES-1982-2372,1,"ALHAJI MUSA SANUSI"
17975,2,collision,31779,CON-RES-1984-666,3,"ALHAJI ILYASU MUHAMMED"
17975,2,collision,30678,CON-RES-RC-1982-200,3,"ALHAJI AMINU BAYERO"
10858,2,collision,24562,CON-RES-1987-199,3,"ALHAJI M. ALLI BALOGUN"
10858,2,collision,14535,CON-RES-1981-31,3,"BENSON .B. EKEUBES"
13872,2,collision,27650,RES-1991-737,1,"SHARIF SANI USMAN"
13872,2,collision,36001,CON-RES-1991-279,3,"ALHAJI AHMADU BALA TALLE"
11421,2,collision,25125,CON-RES-1982-1550,3,"ALHAJI IBRAHIM DANBABA"
11421,2,collision,21693,CON-RES-1982-262,3,"ALHAJI IBRAHIM YUSUFU"
10938,2,collision,23605,CON-RES-1981-454,3,"ALHAJI SANI DANDADA"
10938,2,collision,24642,CON-RES-1988-286,3,"HASSAN SHUAIBU"
821,2,legitimate-optot,139697,COM-1986-5,1,"BASHIR, IBRAHIM, ABUBAKAR, BINTA HADIZA, RUQAYYA, UMMI, & SADIYA IBRAHIM LIMAN"
821,2,legitimate-optot,14481,CON-RES-1981-570,3,"MR JOSEPH OLADAPO ALUKO"
8616,2,collision,32974,CON-COM-2003-79,3,"ALH. BUKAR KANURI"
8616,2,collision,22315,CON-RES-1982-468,3,"ALHAJI ADO MAIKUSA"
11790,2,collision,25494,CON-AG-1994-40,3,"ALHAJI SALISU UMAR DAURA"
11790,2,collision,21677,CON-RES-1982-895,3,"ALHAJI ILIYASU MUSA"
14177,2,collision,27964,RES-1993-868,2,"ALH UMARU MAI SANGO"
14177,2,collision,36786,CON-RES-1993-113,3,"ALHAJI YUSUF ABDULLAHI"
145319,2,legitimate-linked,168235,CON-RES-2005-72,3,"FELIX CHUKWUEKA EZE"
145319,2,legitimate-linked,168263,"KNML 6681",KANGIS,"FELIX CHUKWUEKA EZE"
148966,2,legitimate-linked,172321,RES-2019-4321,2,"MUHAMMED KABIR ABDULLAHI"
148966,2,legitimate-linked,172335,KN4888,KANGIS,"MUHAMMED KABIR ABDULLAHI"
18087,2,collision,30668,CON-RES-RC-1982-359,3,"ALHAJI GAMBO NA ALLAH ALHAJI GWADABE MAI TASA"
18087,2,collision,31891,CON-RES-1984-645,3,"MR.BENNETH L. OKEYE AND MR. AMBROSE L. OKEYE"
14964,2,collision,28756,RES-1993-2581,2,"UMAR MUSA"
14964,2,collision,38360,CON-RES-1999-110,3,"ALH YUSIF SALIHU ALIYU"
13831,2,collision,27609,RES-1991-688,1,"ALH KABIRU TARAUNI"
13831,2,collision,35651,CON-RES-1991-120,3,"ALHAJI BAGUDU BIRNIN KEBBI"
151919,2,legitimate-linked,175167,CON-AG-2024-78,3,"ABUBAKAR IBRAHIM YUNUSA"
151919,2,legitimate-linked,175169,KN5491,KANGIS,"ABUBAKAR IBRAHIM YUNUSA"
156710,2,legitimate-linked,181059,CON-RES-2023-7109,3,"FAIZU MUHAMMAD GALADIMA"
156710,2,legitimate-linked,181090,KN4992,KANGIS,"MURTALA ABDULLAHI JEGA"
13854,2,collision,27632,RES-1991-713,1,"HINDATU MAHMUD"
13854,2,collision,35666,CON-RES-1991-212,3,"ALHAJI MUHAMMAD KABIR HARUNA"
14516,2,collision,28303,RES-1994-1956,2,"MUHAMMAD RABO IBRAHIM"
14516,2,collision,29812,CON-RES-1994-696,3,"ALHAJI MUHAMMED HASSAN KOGUNA"
14814,2,collision,28604,RES-1993-1403,2,"NAFISA YUNUSA WAKILIN MASAKA"
14814,2,collision,38415,CON-RES-1997-232,3,"ALHAJI ABDULKADIR NUHU GWALE"
10322,2,collision,24024,CON-RES-1989-51,3,"MR EDWARD KAYODE ADEBUSOYE"
10322,2,collision,32569,CON-COM-RC-1982-73,3,"ETHA VENTURES LIMITED"
6903,2,collision,18766,CON-AG-1982-15,3,"ISMA`ILA HALILU"
6903,2,collision,20587,RES-1992-3145,2,"AUWALU AHMED"
160698,2,legitimate-linked,184168,CON-RES-2009-193,3,"ALH NABABA ABDULMUMINI"
160698,2,legitimate-linked,184182,"KNML 1734",KANGIS,"GODWING UMEANULUGWO"
153932,2,legitimate-linked,178266,COM-2002-1739,1,"HABEEBY HEALTH LIMITED"
153932,2,legitimate-linked,178305,KN4098,KANGIS,"HABEEBY HEALTH LIMITED"
15586,2,collision,29384,CON-RES-1987-899,3,"ALHAJI AHMADU KAWU ZANGO"
15586,2,collision,34865,CON-RES-2005-291,3,"MOHD SALIM SAIDU MIJIN YAWA"
7237,2,collision,20116,CON-AG-1986-8,3,"ALHAJI IBRAHIM UBA KULO"
7237,2,collision,20924,CON-RES-1993-258,3,"ALHAJI WADA TRADER"
6263,2,collision,19944,RES-1982-984,1,"IBRAHIM YUSUF"
6263,2,collision,179857,COM-RC-1982-526,1,"MR JOSEPH ABDALLAH"
13588,2,collision,23967,CON-RES-1989-252,3,"ALHAJI SIKIRU MUSTAPHA"
13588,2,collision,27362,RES-1990-2095,1,"DR UMAR MALUMA AHMED"
49892,2,legitimate-linked,197752,RES-2003-2334,2,"ABDULFATAH MUHAMMAD"
49892,2,legitimate-linked,197774,"KNML 9178",KANGIS,"ABDULFATAH MUHAMMAD"
12068,2,collision,25379,CON-RES-1983-710,3,"AMADU GARKUWA"
12068,2,collision,25773,CON-RES-1989-168,3,"ALH. MUHAMMADU SALE WUDIL"
178419,2,legitimate-linked,197105,CON-COM-2023-623,3,"HAFIZ ABUBAKAR RINGIM"
178419,2,legitimate-linked,197107,KN985,KANGIS,"HAFIZ ABUBAKAR RINGIM"
11126,2,collision,23582,CON-RES-1982-1146,3,"SANUSI ABUBAKAR MONGUNO"
11126,2,collision,24830,CON-RES-1986-213,3,"ALHAJI SANI"
7246,2,collision,18679,CON-AG-1987-117,3,"UJUDUD SANUSI BAYERO"
7246,2,collision,20933,CON-RES-1993-558,3,"ALHAJI MUSA MAI NARI"
11159,2,collision,29670,CON-RES-1982-1210,3,"ALH ABDULKADIR YAKUBU"
11159,2,collision,24863,CON-RES-1986-248,3,"SAMPSON I. OJIRIKA (MR)"
13886,2,collision,36501,CON-RES-1991-344,3,"ABBA DABBO"
13886,2,collision,27664,RES-1991-756,1,"BABA LAWAN HASSAN"
48631,2,legitimate-optot,181265,RES-2002-1375,2,"BASHIR ADAMU ALIYU"
48631,2,legitimate-optot,181287,"KNML 9110",KANGIS,"BASHIR ADAMU ALIYU"
11035,2,collision,24739,CON-RES-1985-393,3,"ABBA LABARAN"
11035,2,collision,14957,CON-RES-1981-75,3,"ALH BABBAN GWANI MOTOR LTD"
163481,2,legitimate-linked,186569,CON-RES-2003-79,3,"ABDULSALAM IBRAHIM GASHASH"
163481,2,legitimate-linked,186570,"KNML 1545",KANGIS,"ABDULSALAM IBRAHIM GASHASH"
12641,2,collision,26309,CON-RES-1986-34,3,"ALHAJI ALIYU AHAMED MOHAMMED"
12641,2,collision,26347,CON-RES-1983-396,3,"ISYAKU ALHAJI YAKUBU"
155717,2,legitimate-linked,180030,RES-2002-3590,2,"BARR TAHIR IBRAHIM"
155717,2,legitimate-linked,180052,"KNML 1470",KANGIS,"BARR TAHIR IBRAHIM"
44107,2,legitimate-optot,180366,RES-1995-3081,2,"GAMBO M SHAMSUDEEN"
44107,2,legitimate-optot,180398,"KNML 1478",KANGIS,"ZAINAB MUHD ABDULLAHI"
14509,2,collision,31122,CON-RES-1994-668,3,"ALHAJI IBRAHIM BALA SAYE"
14509,2,collision,28296,RES-1994-1948,2,"AUWALU HABIBU"
10663,2,collision,32560,CON-IND-RC-1982-91,3,"RASAC WATCH CO. LTD"
10663,2,collision,24366,CON-RES-1988-125,3,"ALH. IBRAHIM ASHIR"
150072,2,legitimate-linked,173422,CON-RES-2025-120,3,"AIMAK PROPERTIES LIMITED"
150072,2,legitimate-linked,173441,KN4745,KANGIS,"AIMAK PROPERTIES LIMITED"
13085,2,collision,26858,RES-1991-177,1,"SALIHI BABA AHMED"
13085,2,collision,24473,CON-RES-1987-488,3,"MR. LEWIS M. MOTUANYA"
151370,2,legitimate-optot,174599,RES-2020-548,2,"DR ABDULLAHI GAMBO"
151370,2,legitimate-optot,174604,KN3452,KANGIS,"DR ABDULLAHI GAMBO"
154451,2,legitimate-linked,178741,RES-2000-2752,2,"SANI RABI'U"
154451,2,legitimate-linked,178791,"KNML 1210",KANGIS,"SANI RABI'U"
7902,2,collision,19076,CON-COM-1983-87,3,"ALHAJI MUNTARI ISMA'IL"
7902,2,collision,21594,RES-1992-4663,2,"BARA'U ALHASSAN BELI"
13629,2,collision,25485,CON-RES-1989-423,3,"ALHAJI BELLO HASSANI"
13629,2,collision,27403,RES-1990-4484,1,"SAIDU BELLO"
12608,2,collision,26314,CON-RES-1986-405,3,"ALHAJI UMARU MOHAMMED"
12608,2,collision,31694,CON-RES-1986-254,3,"M. SADAUKI MOHD"
16252,2,collision,35343,CON-RES-2009-836,3,"ALHAJI SABIU MUHAMMAD"
16252,2,collision,30051,CON-RES-1990-156,3,"ALHAJI IBRAHIM GARBA"
7396,2,collision,21086,CON-RES-1995-108,3,"ALHAJI NU'UMAN BARAU"
7396,2,collision,31273,CON-AG-1995-23,3,"CHARO HOLDINGS (NIGERIA) LTD"
14600,2,collision,31329,CON-RES-1995-286,3,"ALH. MUSTAPHA MADU"
14600,2,collision,28387,RES-1992-7432,2,"YUSIF ISMA'ILA"
16064,2,collision,29863,CON-RES-1994-603,3,"ALHAJI YUSUFU GWALE"
16064,2,collision,35335,CON-RES-2009-142,3,"UMAR MUSA YUSIF"
17455,2,collision,31258,CON-RES-1995-491,3,"ALHAJI ISA IBRAHIM"
17455,2,collision,185302,KN5405,KANGIS,"MURTALA ABDULLAHI JEGA"
156773,2,legitimate-linked,181121,CON-IND-2012-16,3,"SEED TECHNOLOGY IND LTD"
156773,2,legitimate-linked,181185,"MLKN 2763",KANGIS,"SEED TECHNOLOGY IND LTD"
8476,2,collision,33022,CON-COM-2000-50,3,"ALHAJI AMINU DANTATA"
8476,2,collision,22175,RES-1992-6167,2,"MUSTAPHA SHU'AIBU KARAYE"
12508,2,collision,35327,CON-RES-1985-582,3,"ALHAJI MAHAMMAD H. TAFIDA"
12508,2,collision,26214,CON-RES-1984-259,3,"ALHAJI IDI ABDULHAMID"
48385,2,legitimate-linked,193565,RES-2001-519,2,"ISA WADA"
48385,2,legitimate-linked,193581,"KNML 947",KANGIS,"ABUBAKAR SADIQ DALHAT"
160702,2,legitimate-linked,184173,SLTR-75349,SLTR,"HAYATUDEEN AMINU"
160702,2,legitimate-linked,184238,KN5509,KANGIS,"HAYATUDEEN AMINU"
13618,2,collision,27392,RES-1990-2134,1,"YUSUF ALH MASOYI"
13618,2,collision,26090,CON-RES-1989-392,3,"ALHAJI IBRAHIM MOHAMMED"
10975,2,collision,14517,CON-RES-1981-530,3,"MALLAM GARBA YANKABA"
10975,2,collision,24679,CON-RES-1983-874,3,"ALHAJI MUHAMMADU MAI HASKE"
40814,2,legitimate-linked,198260,RES-1992-812,2,"KOKIYA PETROL. PRODUCT & HAULAGE LTD"
40814,2,legitimate-linked,198301,"KNML 1434",KANGIS,"KOKIYA PETROLEUM & HAULAGE LTD"
145922,2,legitimate-linked,168927,CON-RES-2023-7427,3,"UMAR YAKUBU JIDDA"
145922,2,legitimate-linked,168931,KN5431,KANGIS,"UMAR YAKUBU JIDDA"
163873,2,legitimate-linked,186813,RES-1998-693,2,"ALHAJI ALIYU MAHMOUD GALADANCHI"
163873,2,legitimate-linked,186828,"KNML 1578",KANGIS,"ALHAJI ALIYU MAHMOUD GALADANCHI"
17942,2,collision,19533,CON-RES-RC-1982-168,3,"ALH TASI'U ABUBAKAR"
17942,2,collision,31746,CON-COM-1984-194,3,"HASSANU MOHAMMED BLAJUMMA"
7420,2,collision,21111,CON-RES-1995-72,3,"MUHAMMADU AUWALU"
7420,2,collision,185780,CON-AG-1997-22,3,"LAND AGRIC CO. LTD"
13155,2,collision,24573,CON-RES-1987-672,3,"BELFORD ACHUKWU"
13155,2,collision,26928,RES-1991-261,1,"ALHAJI WADA SHA`AIBU RINGIM"
16259,2,collision,35426,CON-RES-2009-890,3,"NWAJIOFOR IFEANYI"
16259,2,collision,30058,CON-RES-1990-168,3,"ALHAI IBRAHIM MOHD HAWAY"
15400,2,collision,34760,CON-RES-2004-176,3,"IBRAHIM LAWAL"
15400,2,collision,29198,RES-1993-3695,2,"ALHAJI IBRAHIM DAN MALLAM"
9020,2,collision,35465,CON-COM-2009-120,3,"KURFI LUBRICANT CO.LIMITED"
9020,2,collision,22721,CON-RES-1994-142,3,"ALHAJI BALA LAWAN"
172173,2,legitimate-linked,195078,CON-IND-2024-37,3,"GAMA QUERRY NIGERIA LTD"
172173,2,legitimate-linked,195087,KN1059,KANGIS,"GAMA QUERRY NIGERIA LTD"
11145,2,collision,24849,CON-RES-1986-233,3,"ALH. SAGIR ISHAK"
11145,2,collision,23919,CON-RES-1982-1187,3,"ALHAJI SANUSI ABDULLAHI"
59750,2,legitimate-optot,182061,RES-2019-333,2,"BASHIR TIJJANI ALIYU"
59750,2,legitimate-optot,182079,KN4274,KANGIS,"BASHIR TIJJANI ALIYU"
6451,2,legitimate-optot,20134,CON-AG-1986-44,3,"ABDULLAHI LIVESTOCK & ARABLE FARM"
6451,2,legitimate-optot,173135,COM-RC-1985-31,1,"UMAR ENGR DAHIRU DAWAKI"
12295,2,collision,26227,CON-RES-1984-612,3,"DAVID ALAO"
12295,2,collision,26000,CON-AG-1982-344,3,"ALHAJI AUWALU AMADU"
18396,2,collision,18720,CON-RES-RC-1982-681,3,"ALHAJI UMARU YOLA"
18396,2,collision,32200,CON-RES-1987-736,3,"IBEABUCHI WILSON INUWA"
6143,2,legitimate-optot,19821,CON-RES-RC-1982-628,3,"ALHAJI BALA HASSAN"
6143,2,legitimate-optot,184827,COM-RC-1982-401,1,"MESSRS MADRATEX LIMITED"
16247,2,collision,35352,CON-RES-2009-826,3,"ALHAJI MUNZALI MUHAMMED ZAKARI"
16247,2,collision,30046,CON-RES-1990-99,3,"ALHAJI MUHAMMAD BABA"
8934,2,collision,22635,RES-1992-6980,2,"HABIBU MAMUDA"
8934,2,collision,16177,CON-COM-2008-167,3,"ALIKO OIL NIGERIA LIMITED"
18565,2,collision,25680,CON-RES-RC-1984-53,3,"ALHAJI DAIYABU BATURE"
18565,2,collision,32370,CON-RES-1987-873,3,"MR JONATHAN EKWULOGO"
14264,2,collision,28051,RES-1993-1588,2,"ALH LAWAN WARURE"
14264,2,collision,17840,CON-RES-1993-428,3,"ALHAJI MUSA YARWA"
11296,2,legitimate-optot,25000,CON-RES-1982-1493,3,"IBRAHIM MAHMOUD"
11296,2,legitimate-optot,25119,CON-RES-1982-1504,3,"AKINPELU AKINKUNMI"
12396,2,collision,25695,CON-RES-1985-29,3,"ALHAJI ABDULLAHI MAHMUD"
12396,2,collision,26101,CON-RES-1989-615,3,"ALHAJI AMINU ANAS"
14275,2,legitimate-optot,37121,CON-RES-1993-467,3,"EDMUND MBANEFO EKPE"
14275,2,legitimate-optot,28062,RES-1993-1619,2,"ALI ABDU"
7357,2,collision,21045,RES-1992-3555,2,"ALH RABIU MUHAMMAD"
7357,2,collision,23766,CON-AG-1992-14,3,"GARBA ALHAJI HARUNA"
178501,2,legitimate-linked,197174,RES-2015-3098,2,"SAAD SHITU SHARUBUTU"
178501,2,legitimate-linked,197200,"KNML 9250",KANGIS,"SAAD SHITU SHARUBUTU"
17582,2,legitimate-linked,31385,CON-RES-1997-154,3,"IDRIS IBRAHIM IDRIS"
17582,2,legitimate-linked,189588,KN4605,KANGIS,"MURTALA ABDULLAHI JEGA"
11993,2,collision,24666,CON-RES-1983-455,3,"ABDUL-RAHAMAN MAIZUNA"
11993,2,collision,25698,CON-RES-1985-49,3,"ABUBAKAR MOHAMMED"
8413,2,collision,32735,CON-COM-1998-61,3,"MR. CHUKWUMA UMEH"
8413,2,collision,22113,CON-RES-2009-755,3,"SADDIQ MUHAMMADU DAN' AZUMI"
149320,2,legitimate-linked,172607,RES-2003-407,2,"BELLO ABDULLAHI"
149320,2,legitimate-linked,186028,LPCC-2017-143,DCIV,"M.M SANI & CO"
37285,2,legitimate-linked,180883,RES-1991-5083,1,"ALH UMAR SALISU UMAR"
37285,2,legitimate-linked,180912,"KNML 1213",KANGIS,"NASIR FAGGE LABARAN"
153317,2,legitimate-linked,177608,CON-RES-2023-7201,3,"FAIZU MUHAMMAD GALADIMA"
153317,2,legitimate-linked,186411,KN5166,KANGIS,"MURTALA ABDULLAHI JEGA"
18563,2,collision,32368,CON-RES-1987-1230,3,"ALHAJI SANI INUWA ZANGO"
18563,2,collision,25678,CON-RES-RC-1984-51,3,"ALHAJI MOHAMMADU SANI BAKO"
41423,2,legitimate-linked,175974,RES-1993-2508,2,"ALHAJI SHERU DOKINA"
41423,2,legitimate-linked,175987,"KNML 1238",KANGIS,"ABUBAKAR SHEHU USMAN"
17575,2,collision,31378,CON-COM-1997-40,3,"BABANNAN USMAN JALO"
17575,2,collision,181248,KN4594,KANGIS,"MURTALA ABDULLAHI JEGA"
36963,2,legitimate-optot,180486,RES-1991-3771,1,"AHMED ABUBAKAR MAISONG"
36963,2,legitimate-optot,180488,"KNML 7101",KANGIS,"AHMED ABUBAKAR MAISONG"
43360,2,legitimate-linked,193480,RES-2009-4013,2,"ALHAJI AMINU ADO"
43360,2,legitimate-linked,193484,RES-2009-4015,2,"ALHAJI AMINU ADO"
178642,2,legitimate-linked,197280,RES-2007-1935,2,"YAHAYA BARAU DANBATTA"
178642,2,legitimate-linked,197288,"KNML 2112",KANGIS,"YAHAYA BARAU DANBATTA"
11446,2,collision,34531,CON-RES-1982-300,3,"LAND MARK SAVINGS & LOAN LIMITED"
11446,2,collision,25150,CON-RES-1982-721,3,"SARKI YUSUFU"
7022,2,collision,21541,CON-AG-1982-500,3,"ALHAJI HAMISU BICHI"
7022,2,collision,20706,CON-RES-1995-309,3,"ALHAJI KASIM ZAKARI"
12027,2,collision,25732,CON-COM-1995-113,3,"SALIHI ILIASU"
12027,2,collision,25280,CON-RES-1983-574,3,"ABDULLAHI SARKI IBRAHIM BAGOBIRI"
14674,2,collision,28462,RES-1993-498,2,"MUTARI ABDU"
14674,2,collision,33249,CON-RES-1995-618,3,"ALHAJI HAMZA ALIN BASHARI"
46338,2,legitimate-optot,180789,RES-1999-879,2,"DR SANDA MOHAMMED"
46338,2,legitimate-optot,180816,"KNML 1495",KANGIS,"DR SANDA MOHAMMED"
14507,2,collision,31120,CON-RES-1994-666,3,"ALHAJI YUSUF ABUBAKAR GODIYA"
14507,2,collision,28294,RES-1994-1946,2,"A YAHUZA SAIDU"
18564,2,collision,32369,CON-RES-1987-1246,3,"M.IBRAHIM DAHIRU"
18564,2,collision,25679,CON-RES-RC-1984-52,3,"ALH. ALIYU ISA DAN MARAYA"
1020,2,legitimate-optot,178427,COM-1990-33,1,"ALH. SHARIFF A. IBRAHIM"
1020,2,legitimate-optot,14681,RES-1992-992,2,"ALH MUKTAR YARI ABUBAKAR"
18205,2,collision,32009,CON-RES-1983-157,3,"ALHAJI AUDU LUKAT"
18205,2,collision,21480,CON-RES-RC-1982-480,3,"ALHAJI BALA GAMBO"
13477,2,collision,27251,RES-1991-482,1,"ALHAJI ABDU JAKI"
13477,2,collision,24334,CON-RES-1988-54,3,"HAJIYA TURAIYA SAID"
11116,2,collision,23009,CON-RES-1982-1120,3,"ALH ZAKARI IBRAHIM"
11116,2,collision,24820,CON-RES-1986-148,3,"SHEIK HARUNA RASHEED"
18532,2,collision,32337,CON-RES-1987-827,3,"MALLAM SALISU KAMILU"
18532,2,collision,29249,CON-RES-RC-1984-22,3,"ALHAJI AMINU A. UMAR"
18202,2,collision,21475,CON-RES-RC-1982-477,3,"ALHAJI SAIDU ALI HAMID"
18202,2,collision,32006,CON-RES-1983-1,3,"ALHAJI SANI BAKO"
12264,2,legitimate-optot,23430,CON-RES-1984-522,3,"HAJIYA  LAILA GARBA"
12264,2,legitimate-optot,25969,CON-RES-1982-420,3,"ALHAJI (CHIEF) Z. TOKURAH"
15422,2,collision,34752,CON-RES-2004-279,3,"HAJIYA HASSANA BASHIR ILU"
15422,2,collision,29220,CON-RES-1984-236,3,"ALHAJI SA'IDU MAIBURODI"
13813,2,collision,27590,RES-1991-669,1,"LAWAN ABDU KANYA"
13813,2,collision,30021,CON-RES-1990-59,3,"ALHAJI YAHAYA IBRAHIM BAKO"
11248,2,collision,24952,CON-RES-1982-792,3,"ALHAJI UMAR IDRIS"
11248,2,collision,29605,CON-RES-1982-14,3,"ALHAJI ABUBAKAR ALI"
62201,2,legitimate-linked,173487,RES-2023-758,2,"MUHAMMAD ISYAKU"
62201,2,legitimate-linked,173507,KN3927,KANGIS,"MUHAMMAD ISYAKU"
13402,2,collision,36046,CON-RES-1988-350,3,"DR. SALEH GAMBO"
13402,2,collision,27176,RES-1991-386,1,"TOBIAS N. OZOUDE"
154870,2,legitimate-optot,179201,RES-2021-4547,2,"AHMED ABDULLAHI SIDI"
154870,2,legitimate-optot,179219,KN3962,KANGIS,"AHMED ABDULLAHI SIDI"
24074,2,collision,47042,CON-RES-2000-23,3,"SUNUSI ABDULLAHI ZANGO"
24074,2,collision,47091,CON-RES-2000-167,3,"COSMAS NWADIKE"
145401,2,legitimate-linked,168350,RES-2021-2401,2,"YAKUBU DANTANI"
145401,2,legitimate-linked,168360,"KNML 8524",KANGIS,"YAKUBU DANTANI"
12607,2,collision,26313,CON-RES-1986-404,3,"ALIYU TANKO"
12607,2,collision,24864,CON-RES-1986-249,3,"MRS JULIANA O. SALAKO"
11365,2,collision,25069,CON-RES-1984-450,3,"ALHAJI SHEHU CHEDI"
11365,2,collision,31030,CON-RES-1982-186,3,"ALHAJI ABDULLAHI YAHAYA"
12146,2,collision,25616,CON-RES-1984-129,3,"ALHAJI UMARU ANINI"
12146,2,collision,25851,CON-AG-1985-152,3,"ALHAJI MOHAMMED SANI LAWAN"
13163,2,collision,26936,RES-1991-269,1,"ALH. YUNUSA MACHIDO"
13163,2,collision,33878,CON-RES-1987-690,3,"MOHAMMADU FAHARADEEN RAZI"
146500,2,legitimate-linked,169544,CON-IND-2018-14,3,"PRIME PLASTIC AND SACKS NIG LTD"
146500,2,legitimate-linked,169886,"MLKN 3183",KANGIS,"PRIME PLASTIC AND SACKS NIG LTD."
13857,2,collision,27635,RES-1991-717,1,"MUSTAPHA SULAIMA"
13857,2,collision,35724,CON-RES-1991-223,3,"MR  ONYIDO ALEX UZO"
12470,2,collision,29273,CON-RES-1985-500,3,"YUSUF MOHAMMED ZANGO"
12470,2,collision,26176,CON-IND-1989-1,3,"ALHAJI SAIDU MUHAMMAD"
16246,2,collision,30045,CON-RES-1990-98,3,"MRS IGWENAGU"
16246,2,collision,35353,CON-RES-2009-825,3,"ALHAJI MUNZALI MUHAMMED ZAKARI"
18165,2,collision,31969,CON-RES-1982-1318,3,"ALHAJI UBA ABBAS"
18165,2,collision,20391,CON-RES-RC-1982-439,3,"ALHAJI AHMAD TUKUR GWARZO"
34984,2,legitimate-linked,191734,RES-1990-1661,1,"ALH SANUSI A ABUBAKAR"
34984,2,legitimate-linked,191752,"MLKN 2490_2",KANGIS,"SANUSI ADAMU ABUBAKAR"
7701,2,collision,21392,RES-1992-4399,2,"LIMAN UMARU"
7701,2,collision,182050,,3,"LONGMA CONSTRUCTION LIMITED"
9848,2,collision,35592,CON-COM-2019-256,3,"ALHAJI UBALE IBRAHIM"
9848,2,collision,23550,CON-RES-1982-1619,3,"ALHAJI DANBABA IDRIS"
17483,2,collision,31286,CON-COM-1995-70,3,"ALHAJI GARBA UBA DANSAJA"
17483,2,collision,185440,KN5388,KANGIS,"MURTALA ABDULLAHI JEGA"
14149,2,collision,27936,RES-1993-955,2,"ISA SHARU"
14149,2,collision,36107,CON-RES-1992-615,3,"BASHIR TUKUR LAWAL"
12657,2,collision,26363,CON-RES-1982-1029,3,"ALHAJI KYAUTA HASSAN"
12657,2,collision,25769,CON-RES-1986-371,3,"ALH KHALID MUHAMMAD"
55542,2,legitimate-optot,181702,RES-2015-4911,2,"YUSUF MAITAMA ABUBAKAR"
55542,2,legitimate-optot,181728,"KNML 3891",KANGIS,"YUSUF MAITAMA ABUBAKAR"
12210,2,collision,25915,CON-RES-1988-634,3,"RALIYA SAIDU"
12210,2,collision,26225,CON-RES-1984-337,3,"ALHAJI SALE ISA BELLO"
11604,2,collision,25308,CON-RES-1984-368,3,"ALHAJI MADU KANDUGA"
11604,2,collision,31013,CON-RES-1982-553,3,"ALHAJI LAWAN SANI"
41633,2,collision,180947,,2,"ZABUKA  NIG LTD"
41633,2,collision,181029,"KNML 2473",KANGIS,"ZABUKA NIG LTD"
12347,2,collision,34537,CON-RES-1985-126,3,"ALHAJI KABIRU BALA"
12347,2,collision,26052,CON-AG-1982-311,3,"MAMINU AHMADU DANTATA"
14595,2,collision,33250,CON-RES-1995-273,3,"ABUBAKAR ABDULLAHI MADAKI"
14595,2,collision,28382,RES-1992-7415,2,"ALHAJI GARBA HAMZA"
12886,2,collision,26658,RES-1982-2172,1,"HASSAN MOHAMMED AHMED"
12886,2,collision,30808,CON-RES-1987-141,3,"MRS HELEN .O. VINCENT ELOAGU"
534,2,legitimate-optot,177969,COM-1982-36,1,"ALH. SANI DANGOTE"
534,2,legitimate-optot,14191,CON-RES-1981-217,3,"ALHAJI AWAISU AHMED"
14263,2,collision,28050,RES-1993-1586,2,"ALH LAWAN WARURE"
14263,2,collision,36528,CON-RES-1993-425,3,"HAJIYA HADIZA ANDE ZAKIRAI"
14692,2,collision,32713,CON-RES-1996-102,3,"ALHAJI ADAMU ABDULLAHI"
14692,2,collision,28480,RES-1993-500,2,"DAHIRU LAWAN, IBRAHIM YAHAYA, HAMZA AMINU AND YAHAYA MADIGAWA"
177330,2,legitimate-linked,196329,CON-COM-2023-161,3,"RUFAI SULE BICHI"
177330,2,legitimate-linked,196372,KN3153,KANGIS,"RUFAI SULE BICHI"
15493,2,collision,34632,CON-RES-2004-407,3,"SALIHU AMINU ADAMU"
15493,2,collision,29291,CON-RES-1985-243,3,"JOHN ADE ABIODUN SOMOYE"
7027,2,collision,20712,CON-RES-1995-534,3,"NAJUME GARBA"
7027,2,collision,18534,CON-AG-1982-508,3,"MALLAM BALA LAKCHA"
13839,2,collision,27617,RES-1991-696,1,"M. SHA'AIBU MOHAMMED"
13839,2,collision,35764,CON-RES-1991-147,3,"ALH IDRIS HASHIM"
17747,2,collision,16416,CON-RES-RC-1981-128,3,"MUHAMMED DANLADI YAKUBU"
17747,2,collision,31551,CON-AG-2004-16,3,"MAHE BASHIR WALI"
13957,2,collision,27744,RES-1992-3108,2,"ALH ALI INUWA"
13957,2,collision,23061,CON-RES-1991-625,3,"ALH GAMBO MAIROBA WARURE"
11555,2,collision,25259,CON-RES-1983-560,3,"ALHAJI ALI ISA"
11555,2,collision,24928,CON-RES-1982-48,3,"ADO MOHAMMAD MA'AJI"
157508,2,legitimate-linked,181649,RES-2013-317,2,"YAHAYA MAMMAN"
157508,2,legitimate-linked,181658,"KNML 1981",KANGIS,"YAHAYA MAMMAN"
66201,2,legitimate-linked,182189,RES-RC-1982-443,1,"IBRAHIM SALISU BUHARI"
66201,2,legitimate-linked,182209,"KNML 2000",KANGIS,"IBRAHIM SALISU BUHARI"
11004,2,collision,14497,CON-RES-1981-581,3,"ALHAJI AUDI INUWA"
11004,2,collision,24708,CON-RES-1985-302,3,"DR. BASHIR IKARA"
153384,2,legitimate-linked,186401,KN4531,KANGIS,"MURTALA ABDULLAHI JEGA"
153384,2,legitimate-linked,177697,CON-RES-2023-7252,3,"FAIZU MUHAMMAD GALADIMA"
14385,2,collision,28172,RES-1993-2141,2,"M UMARU MOHD"
14385,2,collision,17539,CON-RES-1994-296,3,"MALLAM GARBA AHMED"
11212,2,collision,24916,CON-IND-1983-13,3,"ABDULLAHI MAITAMA YUSUF"
11212,2,collision,26372,CON-RES-1982-1322,3,"ALH. SAIDU MUHAMMAD KOKI"
17586,2,legitimate-linked,31389,CON-RES-1997-163,3,"ALHAJI HAMISU UMAR MAI UNGUWA"
17586,2,legitimate-linked,189854,KN4608,KANGIS,"MURTALA ABDULLAHI JEGA"
171058,2,legitimate-linked,191772,CON-RES-2009-649,3,"NWOBA EMMANUEL ONYEBUCHI"
171058,2,legitimate-linked,191775,"KNML 5058",KANGIS,"NWOBA EMMANUEL ONYEBUCHI"
14210,2,legitimate-optot,27997,RES-1993-1501,2,"ASHA INTERNATIONAL MODEL SCHOOL"
14210,2,legitimate-optot,36593,CON-RES-1993-242,3,"GARBA BALA MAGAJI"
174459,2,legitimate-linked,194226,CON-RES-2001-304,3,"ALH HAMISU MUSA"
174459,2,legitimate-linked,194227,"KNML 549",KANGIS,"ALH HAMISU MUSA"
7704,2,collision,21395,RES-1992-4402,2,"LIMAN UMARU"
7704,2,collision,14207,CON-COM-1981-62,3,"ALHAJI USMAN UMAR KIBIYA TOWN"
7224,2,collision,20133,CON-AG-1986-36,3,"ALHAJI ALASAN .A. AHMED"
7224,2,collision,20911,CON-AG-1995-12,3,"ALHAJI MOHAMMAD ABDULLAHI"
173868,2,legitimate-linked,193828,CON-COM-2011-347,3,"MOHAMMED SANI SHUAIBU"
173868,2,legitimate-linked,193836,"KNML 526",KANGIS,"MOHAMMED SANI SHUAIBU"
178332,2,legitimate-linked,197038,CON-RES-2011-203,3,"NU'UMAN A. BARAU DANBATTA"
178332,2,legitimate-linked,197082,"KNML 7065",KANGIS,"NU'UMAN A. BARAU DANBATTA"
11913,2,collision,25618,CON-RES-1984-131,3,"MOHAMMED SANI TIJJANI"
11913,2,collision,23874,CON-RES-1983-273,3,"ALH. JAFARU SULE NA-ABBA"
8416,2,collision,32746,CON-COM-1998-71,3,"KACHAKO NIGERIAN LIMITED"
8416,2,collision,22116,CON-RES-2009-1043,3,"LAWAN ABDULKADIR"
171655,2,legitimate-linked,192168,CON-RES-2023-7212,3,"FAIZU MUHAMMAD GALADIMA"
171655,2,legitimate-linked,192175,KN5260,KANGIS,"MURTALA ABDULLAHI JEGA"
8385,2,collision,22084,CON-RES-2009-71,3,"ALH. ABUBAKAR DANLADI WADA"
8385,2,collision,32727,CON-COM-1998-10,3,"AHMAD MUHAMMAD"
18601,2,collision,22687,CON-RES-RC-1986-16,3,"ALHAJI LAWAN DUNBULUM"
18601,2,collision,32406,CON-RES-1987-1229,3,"ALHAJI SANI WALI"
17475,2,collision,185458,KN5397,KANGIS,"MURTALA ABDULLAHI JEGA"
17475,2,collision,31278,CON-AG-1995-57,3,"MUKTAR AHMAD"
177470,2,legitimate-linked,196455,RES-2000-2199,2,"SANUSI MUHAMMED ISA"
177470,2,legitimate-linked,196466,"KNML 6828",KANGIS,"ABDUL-AZIZ TIJJANI TANKO"
67429,2,legitimate-linked,191677,RES-RC-1986-41,1,"ALHAJI BABA DANBAPPA LIMITED"
67429,2,legitimate-linked,191712,"KNML 9790",KANGIS,"ALHAJI BABA DANBAPPA LIMITED"
153492,2,legitimate-linked,190348,KN5258,KANGIS,"MURTALA ABDULLAHI JEGA"
153492,2,legitimate-linked,177800,CON-RES-2023-7285,3,"FAIZU MUHAMMAD GALADIMA"
12743,2,legitimate-optot,26449,RES-1982-1997,1,"CHADO ENT. LTD"
12743,2,legitimate-optot,34479,CON-RES-1987-1056,3,"ALHAJI HABIBU USMAN ADAMU"
10897,2,collision,24601,CON-RES-1987-917,3,"AMADU SALISU"
10897,2,collision,19128,CON-RES-1981-368,3,"ALHAJI ABBAS MOHAMMED"
154063,2,legitimate-linked,178410,CON-RES-2012-220,3,"ABDULKADIR FAROUK ALIYU"
154063,2,legitimate-linked,178411,"KNML 1781",KANGIS,"ABDULKADIR FAROUK ALIYU"
13685,2,collision,27461,RES-1990-4442,1,"ALH SHEHU JIBRO"
13685,2,collision,29799,CON-RES-1989-598,3,"OBETTA IFEANYI BEN"
153935,2,legitimate-linked,187917,KN4779,KANGIS,"MURTALA ABDULLAHI JEGA"
153935,2,legitimate-linked,178268,CON-RES-2023-7328,3,"FAIZU MUHAMMAD GALADIMA"
38208,2,legitimate-linked,171449,RES-1991-846,1,"SABIU ALI ISAKA"
38208,2,legitimate-linked,171455,KN4885,KANGIS,"SABIU ALI ISAKA"
13003,2,collision,34584,CON-RES-1987-30,3,"ALHAJI DAU A ISA"
13003,2,collision,26775,RES-1991-83,1,"DANLADI YAHAYA"
15371,2,collision,32868,CON-RES-2003-70,3,"MR. FRANCIS AKPADOLU"
15371,2,collision,29169,RES-1993-3556,2,"GROUP CAPTAIN ISHAQ ABDULRAHMAN"
8761,2,collision,22460,CON-RES-1995-45,3,"MALLAM CHIROMA AYAGA"
8761,2,collision,172476,CON-COM-2006-49,3,"B.B.S.Y GENERAL MERCHANT LIMITED"
180468,2,legitimate-optot,198802,RES-2015-3212,2,"ALH RABI'U MAGAJI IDI"
180468,2,legitimate-optot,198872,KN3842,KANGIS,"ALH RABIU MAGAJI IDI"
177547,2,legitimate-linked,196535,CON-RES-2017-70,3,"HASSANA SADIQ"
177547,2,legitimate-linked,196546,"KNML 4706",KANGIS,"HASSANA SADIQ"
11881,2,collision,25586,CON-RES-1991-383,3,"ALHAJI AUWALU ABDULSALAM"
11881,2,collision,32022,CON-RES-1983-198,3,"ALHAJI HABIBU KYAUTA"
18111,2,collision,31915,CON-RES-1985-352,3,"ALHAJI RABIU UMARU TSALHA"
18111,2,collision,35270,CON-RES-RC-1982-387,3,"ABDULLATEEF USAMAH"
13274,2,collision,27047,RES-1982-2244,1,"ALHAJI MUSA"
13274,2,collision,30898,CON-RES-1987-942,3,"SUNNY NKEM MONYE"
11034,2,collision,14958,CON-RES-1981-73,3,"EMMANUEL IKENMA"
11034,2,collision,24738,CON-RES-1985-391,3,"S.A.T. ABDULLAH"
11161,2,collision,24865,CON-RES-1986-250,3,"UNICE FRIDAY"
11161,2,collision,24986,CON-RES-1982-1212,3,"MUHAMMAD BABANZARA HASSAN"
173100,2,legitimate-optot,193341,RES-2022-1061,2,"NASIRU MUHD DANFARANSHI"
173100,2,legitimate-optot,193376,KN4024,KANGIS,"NASIRU MUHD DANFARANSHI"
7230,2,collision,17064,CON-AG-1986-55,3,"INUWA ABUBAKAR"
7230,2,collision,20917,CON-RES-1993-268,3,"ALHAJI TIJJANI IDRIS ALI"
15381,2,collision,34614,CON-RES-2004-106,3,"SABO B IDRIS"
15381,2,collision,29179,RES-1993-3595,2,"ABDULKADIR ADAMU KARFI"
12561,2,collision,31685,CON-RES-1986-13,3,"ALHAJI AHMED BANYO"
12561,2,collision,26267,CON-RES-1986-88,3,"IBRAHIM J TARFA"
13299,2,collision,32131,CON-RES-1987-993,3,"ALHAJI ZUBAIRU SA'IDU"
13299,2,collision,27072,RES-1982-2270,1,"ALHAJI SHARU TANKO"
7440,2,collision,33114,CON-AG-2000-8,3,"LUBABATU, ABDULNASIR, MUHAMMAD, IDRIS, RABIU, SURAYYA & AISHA"
7440,2,collision,21131,CON-RES-1994-227,3,"MUSA ABDULRAZAQ"
152005,2,legitimate-linked,175256,CON-RES-2011-2197,3,"NIGERIAN SECURITY & CIVIC DEFENCE CORPS"
152005,2,legitimate-linked,175266,KN3956,KANGIS,"NIGERIAN SECURITY & CIVIC DEFENCE CORPS"
29509,2,legitimate-linked,194224,RES-1982-995,1,"NASIRU BALARABE ZAHRADEEN"
29509,2,legitimate-linked,194237,"KNML 1556",KANGIS,"NASIRU BALARABE ZAHRADEEN"
9075,2,collision,22776,CON-RES-1995-620,3,"ADO DANBABA"
9075,2,collision,35458,CON-COM-2009-301,3,"KAURAN MATA GLOBAL INVESTMNET LIMITED"
172281,2,legitimate-linked,192688,CON-RES-2016-418,3,"MUKHTAR .A. KURAWA"
172281,2,legitimate-linked,192701,"KNML 5230",KANGIS,"YUSHAU ABDULLAHI YUSHAU"
151868,2,legitimate-linked,175114,RES-2017-2760,2,"ALH. KASSIM MAIKORE."
151868,2,legitimate-linked,175132,"KNML 9042",KANGIS,"""ALH. KASSIM MAIKORE."""
171577,2,legitimate-linked,192108,CON-COM-2018-250,3,"ALH ADAMU SHU'AIBU"
171577,2,legitimate-linked,192114,"MLKN 2775",KANGIS,"ALH ADAMU SHU'AIBU"
10482,2,collision,24185,CON-RES-1986-160,3,"MALL. SULE USMAN"
10482,2,collision,31301,CON-IND-1995-8,3,"A. A. RANO NIGERIA LIMITED"
10877,2,collision,24581,CON-RES-1987-737,3,"MR. FELIX AMAECHI ONWUKA"
10877,2,collision,14188,CON-RES-1981-336,3,"MUSA ADO"
17990,2,collision,20361,CON-RES-RC-1982-213,3,"ALHAJI ZAKARI MAI GORO"
17990,2,collision,31794,CON-RES-1984-691,3,"ALHAJI IBRAHIM ABUBAKAR"
11417,2,collision,25121,CON-RES-1982-1530,3,"MALLAM ALIYU BABA"
11417,2,collision,31006,CON-RES-1982-259,3,"GANIYU A. POPOOLA"
8375,2,collision,22074,CON-RES-2009-250,3,"MUHAMMAD HASSAN"
8375,2,collision,31379,CON-COM-1997-46,3,"BARKINDO ENTERPRISES OF NIGERIA"
150955,2,legitimate-optot,174205,RES-2021-4545,2,"AHMED ABDULLAHI SIDI"
150955,2,legitimate-optot,174229,KN3970,KANGIS,"AHMED ABDULLAHI SIDI"
12573,2,collision,26279,CON-RES-1986-261,3,"ALHAJI MOHAMMADU SANI"
12573,2,collision,33385,CON-RES-1986-171,3,"ZUBAIRU BABA"
47648,2,legitimate-linked,168284,RES-2000-630,2,"NAFISA KASSIM AHMED"
47648,2,legitimate-linked,168312,KN894,KANGIS,"NAFISA KASSIM AHMED"
146842,2,legitimate-linked,169904,CON-IND-2025-3,3,"PRIME PLASTIC AND SACKS NIG LTD"
146842,2,legitimate-linked,169944,KN2858,KANGIS,"PRIME PLASTIC AND SACKS NIG LTD"
13959,2,collision,23066,CON-RES-1991-630,3,"ABDULRASHID LAWAL"
13959,2,collision,27746,RES-1992-7198,2,"ALH IRO KURAMI"
31910,2,legitimate-optot,178299,RES-1987-1233,1,"SALE ALI NAGERO"
31910,2,legitimate-optot,178306,"KNML 1782",KANGIS,"SALE ALI NAGERO"
157018,2,legitimate-linked,181326,RES-1985-1013,1,"JUMMAI FATIMA MANSOOR"
157018,2,legitimate-linked,181327,"KNML 1974",KANGIS,"JUMMAI FATIMA MANSOOR"
10893,2,collision,19086,CON-RES-1981-361,3,"ALHAJI ISYAKU USMAN DANJA"
10893,2,collision,24597,CON-RES-1987-904,3,"SYLVANUS EZEIBENNE"
10261,2,collision,23963,CON-RES-1989-296,3,"ALH. BASHIR IBRAHIM"
10261,2,collision,32561,CON-COM-RC-1982-13,3,"S. T. LIMA NIGERIA LIMITED"
17807,2,collision,31611,CON-RES-1982-1445,3,"ALHAJI SHEHU JINAIDU"
17807,2,collision,25788,CON-RES-RC-1981-50,3,"ABDULLAHI MAHAMMAD"
32324,2,legitimate-optot,182710,RES-1987-2104,1,"YUSUF BELLO SULEIMAN"
32324,2,legitimate-optot,182713,"KNML 1937",KANGIS,"YUSUF BELLO SULEIMAN"
7141,2,collision,23744,CON-AG-1984-161,3,"ALHAJI HUSAINI MOHAMMED"
7141,2,collision,20828,RES-1992-3247,2,"UMARU ABDU"
149925,2,legitimate-linked,173252,CON-COM-2023-615,3,"FIDELIS EBAREKPEN"
149925,2,legitimate-linked,173253,KN3737,KANGIS,"FIDELIS EBAREKPEN"
14069,2,collision,27856,RES-1993-601,2,"HAJ RABIN MATO"
14069,2,collision,34574,CON-RES-1992-408,3,"ALHAJI ABDU MUHAMMAD DANGADO"
11504,2,collision,32042,CON-RES-1982-400,3,"JONATHAN EKUNDAYO DECKER"
11504,2,collision,25208,CON-RES-1984-282,3,"MR PAUL O OSANAIYE"
14001,2,collision,37190,CON-RES-1992-163,3,"ALHAJI HAMISU BICHI"
14001,2,collision,27788,RES-1993-105,2,"MOHD WALI HASSAN"
14778,2,collision,36751,CON-RES-1997-125,3,"MAIGIDA HUSSAINI GANO"
14778,2,collision,28568,RES-1993-1313,2,"ISMAILA ISHAKU"
11124,2,collision,34224,CON-RES-1982-1142,3,"CHUCRALLAH IBRAHIM AYOUB"
11124,2,collision,24828,CON-RES-1986-211,3,"ALH. UBA WARU"
153204,2,legitimate-linked,177460,CON-COM-2025-14,3,"ALH. BUKAR MUSTAPHA"
153204,2,legitimate-linked,177477,KN4090,KANGIS,"ALH. BUKAR MUSTAPHA"
14556,2,collision,28343,RES-1992-7335,2,"ALHAJI KABIRU ABBA / ALHAJI MAGAWATA USMAN"
14556,2,collision,36694,CON-RES-1995-145,3,"AMINA ADAMU ALIYU"
6268,2,collision,182934,COM-RC-1982-533,1,"S. RACCAH LIMITED"
6268,2,collision,19949,RES-1982-997,1,"ALHAJI ADAMU TASSAWA"
58167,2,legitimate-linked,185408,RES-2018-2895,2,"SENATOR BELLO HAYATU GWARZO"
58167,2,legitimate-linked,185439,"KNGP 259",KANGIS,"SENATOR BELLO HAYATU GWARZO"
8274,2,collision,31499,CON-COM-1994-24,3,"ALHAJI JAFAR MUSA"
8274,2,collision,21973,RES-1992-5750,2,"MALLAM ARMAYA'U ABDULLAHI"
156175,2,legitimate-linked,180490,CON-IND-2015-6,3,"GERAWA ASPHALT & QUARRY LTD"
156175,2,legitimate-linked,180494,"MLKN 2664",KANGIS,"GERAWA ASPHALT & QUARRY LTD"
55474,2,collision,174222,,2,"MARYAM NYAKO ISAH"
55474,2,collision,174252,"KNML 5212",KANGIS,"MARYAM NYAKO ISAH"
11929,2,collision,25634,CON-RES-1984-175,3,"HALIMA HARUNA"
11929,2,collision,25388,CON-RES-1983-300,3,"SAMUEL O. OLORUNFUNMI"
34996,2,legitimate-linked,191729,RES-1990-1705,1,"ALH SANUSI ADAMU ABUBAKAR"
34996,2,legitimate-linked,191733,"KNML 2489",KANGIS,"ALH SANUSI ADAMU ABUBAKAR"
51843,2,legitimate-linked,194735,RES-2008-4514,2,"NASIR SAID ADAHAMA"
51843,2,legitimate-linked,194741,KN3017,KANGIS,"NASIRU ADAHAMA SAID"
52523,2,legitimate-linked,179080,RES-2009-5402,2,"ISYAKU RABIU & SONS LIMITED"
52523,2,legitimate-linked,179091,"KNML 1763",KANGIS,"ISYAKU RABIU & SONS LIMITED"
14228,2,legitimate-optot,28015,RES-1993-1526,2,"ABUBAKAR I SANI"
14228,2,legitimate-optot,38302,CON-RES-1993-307,3,"ALHAJI AHMADU INUWA DAEWANAU"
171736,2,legitimate-linked,192258,CON-AG-2012-17,3,"KANO FASHION CITY"
171736,2,legitimate-linked,192294,"MLKN 990",KANGIS,"KANO FASHION CITY"
156759,2,legitimate-linked,181108,CON-RES-2002-73,3,"INDO TIJJANI  HAJ BICHI"
156759,2,legitimate-linked,181116,"KNML 1703",KANGIS,"INDO TIJJANI  HAJ BICHI"
12986,2,collision,30536,CON-RES-1987-264,3,"ALHAJI ABDULLAHI LUKMAN MAIKUSA"
12986,2,collision,26758,RES-1991-55,1,"TANIMU ABDULMUMINI"
11190,2,collision,24894,CON-RES-1983-659,3,"DAHIRU MOHAMMED ABUBAKAR"
11190,2,collision,22885,CON-RES-1982-1280,3,"HAJIYA RAMATU A. USUMAN"
147549,2,legitimate-optot,170744,RES-2020-2394,2,"DR JIBRILLA MUHAMMAD"
147549,2,legitimate-optot,170746,KN4758,KANGIS,"DR JIBRILLA MUHAMMAD"
18576,2,collision,19474,CON-RES-RC-1985-16,3,"ALHAJI MUSA O HADEJIA"
18576,2,collision,32381,CON-RES-1987-1145,3,"ALHAJI YUNUSA ABBA"
7244,2,collision,17056,CON-AG-1987-100,3,"AHI GLOBAL CONCEPT LTD"
7244,2,collision,20931,CON-RES-1993-556,3,"JOHNSON OSUOLALE BABA TUNDEDADA"
14099,2,collision,27886,RES-1993-707,2,"BASHIR ALIYU DANEJI"
14099,2,collision,36369,CON-RES-1992-501,3,"ALHAJI SULE BEBEJI"
14422,2,collision,31447,CON-RES-1994-343,3,"ALHAJI SABO LAWAN KABARA"
14422,2,collision,28209,RES-1993-2528,2,"NASIR ABBA MUKTAR"
13894,2,collision,23639,CON-RES-1991-380,3,"ALH ADO YUSIF"
13894,2,collision,27673,RES-1991-765,1,"ABDULLAHI MUSA KILA"
14643,2,collision,31340,CON-RES-1995-485,3,"ALHAJI GARBA ABUBAKAR ISA BAGOBIRI"
14643,2,collision,28431,RES-1993-239,2,"FATSUMA ABDULMUMINI"
18310,2,collision,32061,CON-RES-RC-1982-587,3,"ALHAJI ADO MAITAMPOL"
18310,2,collision,32114,CON-RES-1987-772,3,"HAJIA SAFIYA ALTINE BATURE KOTE"
14387,2,collision,31425,CON-RES-1994-304,3,"ALHAJI BELLO NUHU"
14387,2,collision,28174,RES-1993-2160,2,"ALH ABUBAKAR BABA"
34937,2,legitimate-optot,185351,RES-1990-1481,1,"AUWALU ISA"
34937,2,legitimate-optot,185352,"KNML 1506",KANGIS,"AUWALU ISA"
17504,2,collision,31307,CON-AG-1995-55,3,"YUNUSA SHUAIBU WAZIRI"
17504,2,collision,185227,KN5414,KANGIS,"MURTALA ABDULLAHI JEGA"
17445,2,collision,31248,CON-RES-1995-472,3,"RABI ALI GALADIMA"
17445,2,collision,184433,KN5378,KANGIS,"MURTALA ABDULLAHI JEGA"
32465,2,legitimate-optot,184618,RES-1987-250,1,"ALHAJI ISYAKU UMAR TOFA"
32465,2,legitimate-optot,184643,"KNML 1738",KANGIS,"ALHAJI ISYAKU UMAR TOFA"
12069,2,collision,25774,CON-RES-1989-169,3,"HASSAN SULEIMAN MUSA"
12069,2,collision,25377,CON-RES-1983-711,3,"ALHAJI ALASSAN TATA MAKWALLA"
26744,2,legitimate-linked,190370,RES-1981-1144,1,"SULEIMAN ZANGINA"
26744,2,legitimate-linked,190378,"KNML 2477",KANGIS,"SULEIMAN ZANGINA"
147037,2,legitimate-optot,170146,RES-2020-2391,2,"DR JIBRILLA MUHAMMAD"
147037,2,legitimate-optot,170147,KN4761,KANGIS,"DR JIBRILLA MUHAMMAD"
6892,2,collision,16759,CON-AG-1982-129,3,"ALHAJI YUSUFU ADODO"
6892,2,collision,20576,RES-1993-3134,2,"GARBA AYUBA"
12809,2,collision,26581,RES-1982-2373,1,"HAMZA ILIYA GARKI"
12809,2,collision,32272,CON-RES-1987-1181,3,"ALHAJI TIJJANI YAHAYA"
8105,2,collision,29745,CON-COM-1989-68,3,"ALHAJI MAHMOUD GASHASH"
8105,2,collision,21801,RES-1992-4965,2,"MUKTAR SULAIMAN GWALE"
151264,2,legitimate-optot,174502,RES-2016-2314,2,"MUSA BABAYO"
151264,2,legitimate-optot,174531,KN4228,KANGIS,"MUSA BABAYO"
153509,2,legitimate-linked,177816,RES-2011-3671,2,"YUSUF BALARABE"
153509,2,legitimate-linked,177817,"KNML 42",KANGIS,"YUSUF BALARABE"
31014,2,legitimate-linked,179175,RES-2011-675,2,"MUHAMMAD SANI ABDULLAHI"
31014,2,legitimate-linked,179190,"KNML 1758",KANGIS,"MUHAMMAD SANI ABDULLAHI"
7638,2,collision,21329,CON-AG-1983-209,3,"ALHAJI YAKUBU IDRIS"
7638,2,collision,25713,CON-AG-RC-1988-4,3,"ALHAJI BABALE DAN IYA"
18304,2,collision,32108,CON-RES-1983-621,3,"ALHAJI BALA DANLAMI"
18304,2,collision,20388,CON-RES-RC-1982-581,3,"MR. J.O RUNSEWE"
7348,2,collision,21036,RES-1992-3593,2,"WAKILI KABARA"
7348,2,collision,30192,CON-AG-1991-41,3,"ALHAJI YUSUF DAYYABU"
6953,2,collision,16483,CON-AG-1982-267,3,"ALHAJI ABUBAKAR IBRAHIM MUSA"
6953,2,collision,20637,RES-1992-3118,2,"ALH BABAN GONA SULAIMAN DAN DAUDA"
11002,2,collision,24706,CON-RES-1985-100,3,"ALHAJI YAKUBU IBRAHIM"
11002,2,collision,14463,CON-RES-1981-579,3,"ALHAJI AMADU ANAS"
7199,2,collision,20886,CON-AG-1983-175,3,"ALHAJI SHEHU DAMINA SANDA"
7199,2,collision,25684,CON-AG-1986-1,3,"ALH. UMARU ABDULLAHI"
176318,2,legitimate-linked,195467,RES-2004-721,2,"TANIMU .Y. ISAH"
176318,2,legitimate-linked,195470,"KNML 1538",KANGIS,"AHMAD T SALISU BARAU"
14078,2,collision,27865,RES-1993-633,2,"HAJIYA HAMA LAWAN"
14078,2,collision,37096,CON-RES-1992-448,3,"HAJIYA UWANI GWANI"
64877,2,legitimate-optot,170053,RES-RC-1981-30,1,"ALH MOHAMMED SANI SHARIFF"
64877,2,legitimate-optot,170090,KN4677,KANGIS,"ALH MOHAMMED SANI SHARIFF"
14287,2,collision,28074,RES-1993-1631,2,"MAL NASIRU AMADU"
14287,2,collision,37224,CON-RES-1993-523,3,"ALHAJI YAHAYA ILYASU"
14869,2,legitimate-linked,22931,CON-RES-1997-79,3,"ALH MUHAMMADU NA-FATI"
14869,2,legitimate-linked,28660,RES-1993-1744,2,"ALHAJI ABUBAKAR SAIDU"
167153,2,legitimate-linked,189543,RES-1992-867,2,"ALH. SULE DANLADI"
167153,2,legitimate-linked,189556,KN3223,KANGIS,"ALH. SULE DANLADI"
8622,2,legitimate-optot,32957,CON-COM-2003-94,3,"ABDULLAHI AHMAD"
8622,2,legitimate-optot,22321,CON-RES-1982-3,3,"FIRST BANK OF NIGERIA PLC."
12654,2,collision,26360,CON-RES-1982-234,3,"ALHAJI USMAN BABA KUSA"
12654,2,collision,25767,CON-RES-1986-367,3,"ALH HARUNA BAKO MAISHINKU"
151232,2,legitimate-linked,174466,CON-RES-1987-875,3,"SALE ALI"
151232,2,legitimate-linked,174490,"KNML 1868",KANGIS,"SALE ALI NAGERO"
58490,2,legitimate-optot,177611,RES-2018-464,2,"MUHAMMAD MUKHTAR"
58490,2,legitimate-optot,177625,KN4656,KANGIS,"MUHAMMAD MUKHTAR"
37185,2,legitimate-linked,187977,RES-1991-4520,1,"SIRAJO TSOHO MUSA"
37185,2,legitimate-linked,187983,"KNML 2889",KANGIS,"SIRAJO TSOHO MUSA"
7725,2,collision,17059,CON-COM-1982-121,3,"ALH IHSAN TRANSPORT NIG LTD"
7725,2,collision,21416,RES-1992-4442,2,"SADAUKI MALLADAN"
12496,2,collision,24762,CON-RES-1985-559,3,"ALJ. YUSUF WUDIL"
12496,2,collision,26202,CON-RES-1984-318,3,"ALHAJI AMINU AHMED"
11106,2,collision,25190,CON-RES-1982-1106,3,"ALHAJI HABIBU KUNFADA GARKO"
11106,2,collision,24810,CON-RES-1986-125,3,"M. T. YUSUF"
40625,2,legitimate-linked,172838,RES-1992-7060,2,"SALMANU ISYAKU KIRU"
40625,2,legitimate-linked,172845,"KNML 4548",KANGIS,"SALMANU ISYAKU KIRU"
12029,2,collision,35251,CON-RES-1983-576,3,"ALHAJI YA'U IBRAHIM"
12029,2,collision,25734,CON-COM-1995-115,3,"ALHAJI BELLO USMAN"
40574,2,legitimate-linked,173423,RES-1992-6960,2,"ABUBAKAR ABDULLAHI ALIYU"
40574,2,legitimate-linked,173448,KN4316,KANGIS,"ABUBAKAR ABDULLAHI ALIYU"
17991,2,collision,20360,CON-RES-RC-1982-214,3,"ALHAJI ZAKARI MAI GORO"
17991,2,collision,31795,CON-RES-1984-688,3,"SULAIMAN DAUDA"
17456,2,collision,185436,KN5456,KANGIS,"MURTALA ABDULLAHI JEGA"
17456,2,collision,31259,CON-RES-1995-492,3,"MR. RUFUS E. CHIBUEZE"
14105,2,collision,35931,CON-RES-1992-510,3,"ALHAJI MOHD SABIU NUHU"
14105,2,collision,27892,RES-1993-714,2,"HAJIYA LADI ABDULLAHI"
14002,2,collision,27789,RES-1993-106,2,"MOHD WALI HASSAN"
14002,2,collision,37164,CON-RES-1992-168,3,"ALHAJI ISA MAI-MAI"
18432,2,collision,18950,CON-RES-RC-1982-720,3,"ALHAJI SABIU BAKO"
18432,2,collision,32237,CON-RES-1987-1330,3,"ALHAJI HUSSEINI BULANGO"
11831,2,collision,25536,CON-RES-1999-320,3,"ALHAJI HAMZA ISA"
11831,2,collision,29656,CON-RES-1982-987,3,"ALHAJI BABAJI ADAMU YUNUSA"
11245,2,collision,24949,CON-RES-1982-593,3,"HAJIYA LAURA SALIHU"
11245,2,collision,22898,CON-RES-1982-1392,3,"ALHAJI BABA BASHIR"
13077,2,collision,25432,CON-RES-1987-455,3,"SAMSON ABIOLA AMAO"
13077,2,collision,26850,RES-1991-167,1,"MOHAMMED RABI`U UMAR"
17599,2,legitimate-linked,31402,CON-RES-1997-194,3,"MRS. KATE BOSA"
17599,2,legitimate-linked,187345,KN4546,KANGIS,"MURTALA ABDULLAHI JEGA"
6935,2,collision,18169,CON-AG-1982-223,3,"SANI MUSA  BAGADAWA"
6935,2,collision,20619,RES-1992-3181,2,"ALH IBRAHIM BARAU YUSUF"
18458,2,collision,32263,CON-RES-1987-722,3,"MR JOHN CHIDOZIE NWAMAH"
18458,2,collision,26968,CON-RES-RC-1982-79,3,"ALHAJI UMARU DAN-SABO"
6982,2,collision,16420,CON-AG-1982-360,3,"ALHAJI ABDULLAHI ABUBAKAR KARAYE"
6982,2,collision,20666,CON-AG-1987-127,3,"ALHAJI ABDU MUHAMMED SANUSI"
12314,2,collision,26019,CON-AG-1982-297,3,"ALHAJI BABA NABEGU"
12314,2,collision,25424,CON-RES-1984-679,3,"HAJIA MARIA .S. WALI"
18453,2,collision,19259,CON-RES-RC-1982-76,3,"ALHAJI ALI BELLO"
18453,2,collision,32258,CON-RES-1987-628,3,"MR J.A. SAVAGE"
172823,2,legitimate-linked,193147,RES-2005-878,2,"LABARAN SADIQ"
172823,2,legitimate-linked,193157,"KNML 936",KANGIS,"SALIM ABDULKARIM GETSO"
16240,2,collision,21893,CON-RES-2009-792,3,"ALHAJI LAWAN JIBRIL"
16240,2,collision,30039,CON-RES-1990-92,3,"ALHAJI ABBA SARKIN SHARIFAI"
7322,2,collision,29720,CON-AG-1989-29,3,"ALHAJI UMARU DANAZUMI"
7322,2,collision,21009,RES-1992-3524,2,"SADI IBRAHIM"
6604,2,collision,184046,COM-RC-1995-3,1,"MALLAM MUHAMMED AMINU"
6604,2,collision,20288,RES-1992-3050,2,"ALH AMADU MADAKIN GINI"
12710,2,legitimate-optot,24520,CON-RES-1987-1006,3,"MR. JAMUS OKONKWO NWABUWA"
12710,2,legitimate-optot,26416,RES-1982-1962,1,"ALH YUSUF SHITU GALAMBI"
11716,2,collision,25420,CON-RES-1985-601,3,"ALHAJI AMINU DAN MINAU"
11716,2,collision,21685,CON-RES-1982-75,3,"ALH ABDU ALI MAIKATAKO"
12038,2,collision,25743,CON-RES-1989-192,3,"ALH LAWALADAMU"
12038,2,collision,25260,CON-RES-1983-61,3,"MRS  FELICIA CHINBABY ANYICHIE"
18246,2,collision,18738,CON-RES-RC-1982-520,3,"MALLAM UMARU SANDA"
18246,2,collision,32050,CON-RES-1982-811,3,"AUWALU BABA JIBRIL"
7029,2,collision,18924,CON-AG-1982-52,3,"ALHAJI YUSUFU MUHAMMED"
7029,2,collision,20714,CON-RES-1995-53,3,"IDRIS USMAN DANFULANI"
13672,2,collision,27447,RES-1990-2891,1,"KABIRU DABA"
13672,2,collision,34303,CON-RES-1989-540,3,"ALHAJI SANI BUJI BICHI"
60073,2,legitimate-linked,181705,RES-2019-4341,2,"KANAWA VENTURE PARK AND EVENT CENTRE"
60073,2,legitimate-linked,181717,KN2696,KANGIS,"KANAWA VENTURE PARK AND EVENT CENTRE"
178464,2,legitimate-linked,197143,CON-COM-2022-168,3,"ALH. DANDAUDA GIDAN SHANU CHIRANCHI"
178464,2,legitimate-linked,197167,"MLKN 3846",KANGIS,"ALH. DANDAUDA GIDAN SHANU CHIRANCHI"
8083,2,collision,29697,CON-COM-1989-1,3,"ALHAJI MUSA MAI KIRA"
8083,2,collision,21778,RES-1992-4881,2,"KARIMATU INUWA"
14039,2,collision,36773,CON-RES-1992-288,3,"ALHAJI DAYYABU ISMAILA TAURA"
14039,2,collision,27826,RES-1993-230,2,"HASSAN GARBA"
167526,2,legitimate-linked,189801,CON-RES-2020-291,3,"MRS. GRACE OLUBUNMI FEHINTOLA"
167526,2,legitimate-linked,189819,KN4291,KANGIS,"MRS. GRACE OLUBUNMI FEHINTOLA"
151031,2,legitimate-linked,174279,RES-2023-733,2,"SHEHU KHAMIS"
151031,2,legitimate-linked,174383,KN4960,KANGIS,"SHEHU KHAMIS"
7405,2,collision,21095,CON-RES-1995-124,3,"ALHAJI M.A BUHARI"
7405,2,collision,16424,CON-AG-1995-85,3,"IBRAHIMA RIGIKU JALLOH"
11665,2,collision,25369,CON-RES-1982-757,3,"ABDULLAHI A. GARBA"
11665,2,collision,23451,CON-RES-1982-634,3,"ALHAJI MOHAMMED SANUSI"
152866,2,legitimate-linked,176298,RES-2018-3057,2,"ASIYA UMAR ABDULLHAI"
152866,2,legitimate-linked,176307,KN4791,KANGIS,"ASIYA UMAR ABDULLAHI"
11915,2,collision,25620,CON-RES-1984-106,3,"ALHAJI SAGIRU ISHAK"
11915,2,collision,23873,CON-RES-1983-275,3,"ALH. JAFARU SULE NA-ABBA"
162401,2,legitimate-linked,185703,CON-COM-2015-281,3,"NASNUR COMMERCIAL WAREHOUSE"
162401,2,legitimate-linked,185711,"MLKN 1641",KANGIS,"NASNUR COMMERCIAL WAREHOUSE"
308,2,legitimate-optot,13963,RES-1981-139,1,"LAWAN ISA MADUNGURUM"
308,2,legitimate-optot,20380,AG-RC-1984-4,1,"HAJIYA YAR SHEHU"
51998,2,legitimate-linked,195637,RES-2009-111,2,"NAFI'U IBRAHIM"
51998,2,legitimate-linked,195667,"KNML 1443",KANGIS,"NAFI'U IBRAHIM"
12348,2,collision,33485,CON-RES-1985-13,3,"PATRICIA ONUIGBO EGEONU"
12348,2,collision,26053,CON-AG-1982-310,3,"ALHAJI ABBA A. ADAMU"
24038,2,collision,47005,CON-RES-1999-82,3,"HAJIYA BINTA KASSIM"
24038,2,collision,47055,CON-RES-1998-290,3,"ALH BATURE YAHAYA"
11203,2,collision,24907,CON-RES-1983-802,3,"ALHAJI ABUBAKAR B. RAJI"
11203,2,collision,197799,CON-RES-1982-1303,3,"ALH. YUSUF MOHAMMED"
13557,2,collision,30663,CON-RES-1989-162,3,"MR PATRIC OBI"
13557,2,collision,27331,RES-1990-2913,1,"MALLAM ADAMU BAYARO"
18157,2,collision,30677,CON-RES-RC-1982-430,3,"ALHAJI AHMADU DOGARA"
18157,2,collision,31961,CON-RES-1982-541,3,"ADO INDABO ABDULLAHI"
13856,2,collision,27634,RES-1991-716,1,"MALLAM SHEHU SALISU"
13856,2,collision,36011,CON-RES-1991-217,3,"ALHAJI AHMADU BADAYI ALIYU"
8276,2,collision,31532,CON-COM-1994-33,3,"ALHAJI HALLIRU MOHD GURJIYA"
8276,2,collision,21975,RES-1992-6799,2,"SANI A SANI"
14041,2,collision,27828,RES-1993-242,2,"ALH YAKUBU UMARU"
14041,2,collision,36024,CON-RES-1992-307,3,"ALHAJI  BALA ALIYU ABDULKADIR"
13613,2,collision,26122,CON-RES-1989-378,3,"MR. HILARY OJUKWU"
13613,2,collision,27387,RES-1990-2156,1,"MURTALA MOHD ABUBAKAR"
36123,2,legitimate-linked,176026,RES-1990-841,1,"BASHIR OTHAMAN TOFA"
36123,2,legitimate-linked,176037,"KNML 1236",KANGIS,"BASHIR OTHAMAN TOFA"
12397,2,collision,26102,CON-RES-1989-466,3,"MRS. CHRISTIANA NKEMDILIM ONYEBUJOH"
12397,2,collision,29267,CON-RES-1985-292,3,"MALLAN MALLE MOHAMMAD"
151029,2,legitimate-linked,174278,CON-RES-2011-797,3,"UMAR SHAWAI"
151029,2,legitimate-linked,174285,"KNML 569",KANGIS,"UMAR SHAWAI"
12115,2,collision,24060,CON-RES-1983-84,3,"ALH.ISMAILA ALMAJIRI"
12115,2,collision,25820,CON-RES-1983-730,3,"ALHAJI MUSA HALADU"
153421,2,legitimate-linked,177737,CON-RES-2023-7225,3,"FAIZU MUHAMMAD GALADIMA"
153421,2,legitimate-linked,187982,KN4553,KANGIS,"MURTALA ABDULLAHI JEGA"
17426,2,collision,184743,KN5445,KANGIS,"MURTALA ABDULLAHI JEGA"
17426,2,collision,31229,CON-RES-1995-295,3,"MUSTAPHA I. JOGANA"
12207,2,collision,26219,CON-RES-1984-331,3,"IBRAHIM AHMAD MAITURARE"
12207,2,collision,25912,CON-RES-1988-623,3,"ALHAJI AUWALU MAI UNGUWA"
15518,2,collision,29316,CON-RES-1985-239,3,"ALHAJI HAMISU INUWA & ALHAJI BALA SULE"
15518,2,collision,32787,CON-RES-2005-127,3,"SABO ABUBAKAR BATAIYA"
13880,2,collision,36495,CON-RES-1991-31,3,"BALARABE ALIYU"
13880,2,collision,27658,RES-1991-747,1,"M. IBRAHIM DANJUMMAI YUSUF"
151263,2,legitimate-linked,174501,CON-COM-2018-175,3,"MR INNOCENT UDEMEZUE"
151263,2,legitimate-linked,174537,KN3692,KANGIS,"MR INNOCENT UDEMEZUE"
145402,2,legitimate-linked,168351,CON-RES-2022-59,3,"MUHAMMED YUSUF MUHAMMED"
145402,2,legitimate-linked,168378,"KNML 9828",KANGIS,"MUHAMMED YUSUF MUHAMMED"
11906,2,collision,25018,CON-RES-1983-258,3,"ALH DAHIRU MANGAL"
11906,2,collision,25611,CON-RES-1984-149,3,"ABUBAKAR USMAN"
6945,2,collision,20629,RES-1992-3192,2,"MOHD M INUWA"
6945,2,collision,23641,CON-AG-1982-238,3,"MUHAMMADU SANI GWARZO"
18473,2,collision,32278,CON-RES-1987-799,3,"MANSURA MAMUDA"
18473,2,collision,25351,CON-RES-RC-1982-9,3,"AHMED MOHAMMED GETSO"
18415,2,collision,21482,CON-RES-RC-1982-700,3,"ALHAJI SALISU AHMED"
18415,2,collision,32220,CON-RES-1987-749,3,"GABRIEL AZUKA"
7049,2,collision,20735,CON-RES-1995-202,3,"ALHAJI IDRIS ABUBAKAR"
7049,2,collision,19802,CON-AG-1982-59,3,"ABDULLAHI ADAMU"
65729,2,legitimate-linked,198391,RES-RC-1982-1692,1,"ARCHBISHOP OF KADUNA"
65729,2,legitimate-linked,198398,"KNML 1405",KANGIS,"ARCHBISHOP OF KADUNA"
176977,2,legitimate-optot,196051,COM-2024-665,1,"DAHIRU SAIDU"
176977,2,legitimate-optot,196053,KN954,KANGIS,"DAHIRU SAIDU"
14821,2,collision,38613,CON-RES-1997-248,3,"HAJIYA ZAINAB A DANTATA"
14821,2,collision,28611,RES-1993-1418,2,"SHARU UBA"
11047,2,collision,24751,CON-RES-1985-468,3,"ALIYU ISMA'ILA NUMAN"
11047,2,collision,14969,CON-RES-1981-90,3,"ALHAJI ABDU DEBA"
11932,2,collision,25637,CON-RES-1985-9,3,"LAWAN MAHAMMADU"
11932,2,collision,25239,CON-RES-1983-306,3,"ALHAJI MAMMAN JIMOH A.ONUCHI"
168531,2,legitimate-linked,190601,RES-2010-4128,2,"HASSAN INDABAWA"
168531,2,legitimate-linked,190607,"KNML 4669",KANGIS,"HASSAN INDABAWA"
6915,2,collision,20599,RES-1992-3159,2,"JIBRIN ZUBAIRU & MANSUR AHMED"
6915,2,collision,15612,CON-AG-1982-176,3,"ISAAC DEJO AKANBI"
11176,2,collision,24880,CON-RES-1983-97,3,"ALHAJI DANBAITA IBRAHIM"
11176,2,collision,24990,CON-RES-1982-1251,3,"ALHAJI RABI'U GAMBO"
166954,2,legitimate-linked,189401,CON-RES-2023-7282,3,"FAIZU MUHAMMAD GALADIMA"
166954,2,legitimate-linked,189411,KN5236,KANGIS,"MURTALA ABDULLAHI JEGA"
155236,2,legitimate-linked,179571,CON-RES-2023-7135,3,"MURTALA ABDULLAHI JEGA"
155236,2,legitimate-linked,179579,KN5208,KANGIS,"MURTALA ABDULLAHI JEGA"
155641,2,legitimate-linked,179957,CON-RES-2023-7332,3,"FAIZU MUHAMMAD GALADIMA"
155641,2,legitimate-linked,179981,KN5127,KANGIS,"MURTALA ABDULLAHI JEGA"
67309,2,legitimate-optot,185119,RES-RC-1985-32,1,"MOHAMMED KANTI MADOBI"
67309,2,legitimate-optot,185151,"KNML 1745",KANGIS,"MOHAMMED KANTI MADOBI"
157706,2,legitimate-linked,181833,RES-2010-4246,2,"WAKEEL IMAM"
157706,2,legitimate-linked,181841,"KNML 1989",KANGIS,"WAKEEL IMAM"
13838,2,collision,27616,RES-1991-695,1,"TUKUR IBRAHIM YELWA"
13838,2,collision,36157,CON-RES-1991-142,3,"HAJIYA MAIRO GARBA JIBO BOSS"
29717,2,legitimate-linked,184772,RES-1983-33,1,"TOFA GENERAL ENTERPRISES LTD"
29717,2,legitimate-linked,184787,"KNML 1741",KANGIS,"TOFA GENERAL ENTERPRISES LTD"
18110,2,collision,31914,CON-RES-1985-300,3,"HAJIYA UWANI JIBRIN"
18110,2,collision,26975,CON-RES-RC-1982-386,3,"ALHAJI AMINU ABDULLAHI"
18408,2,collision,32212,CON-RES-1982-1228,3,"YAHAYA UMARU"
18408,2,collision,19777,CON-RES-RC-1982-693,3,"ALHAJI SHEHU ALI"
16230,2,collision,22056,CON-RES-2009-74,3,"ALH. ISYAKA AUWALU"
16230,2,collision,30029,CON-RES-1990-68,3,"ABUBAKAR IBRAHIM"
10281,2,collision,23983,CON-RES-1989-29,3,"DR MUHAMMAD DAUDA"
10281,2,collision,25362,CON-COM-RC-1982-31,3,"ALH. MUSA MAILAFIYA"
153375,2,legitimate-linked,177690,CON-RES-2023-7294,3,"FAIZU MUHAMMAD GALADIMA"
153375,2,legitimate-linked,189576,KN5253,KANGIS,"MURTALA ABDULLAHI JEGA"
162339,2,legitimate-optot,185659,RES-2011-592,2,"A MAGAJI MOHAMMED WARURE"
162339,2,legitimate-optot,185660,"KNML 1516",KANGIS,"A MAGAJI MOHAMMED WARURE"
5304,2,legitimate-linked,182979,COM-2023-307,1,"MUKHTAR SAAD SAID"
5304,2,legitimate-linked,183029,KN4690,KANGIS,"MUKHTAR SAAD SAID"
11071,2,collision,24775,CON-RES-1985-610,3,"ABUBAKAR MUSTAPHA ABDUL"
11071,2,collision,29658,CON-RES-1982-1025,3,"ABUBAKAR AUDU BAKO"
155581,2,legitimate-linked,179901,RES-2002-4321,2,"ABDULLAHI B SHARADA/BABA ABDULLAHI & MALAM USMAN"
155581,2,legitimate-linked,179910,"KNML 1466",KANGIS,"ABDULLAHI B SHARADA/BABA ABDULLAHI & MALAM USMAN"
40362,2,legitimate-linked,22448,RES-1992-6506,2,"SALE BOYI"
40362,2,legitimate-linked,176060,"KNML 1245",KANGIS,"ABUBAKAR UMAR ADAMU"
11097,2,collision,29663,CON-RES-1982-1089,3,"DAUDA BAKARE"
11097,2,collision,24801,CON-RES-1986-113,3,"MALLAM GARBA MOHAMMED"
18414,2,collision,32219,CON-RES-1987-748,3,"MADAM ALICE APPAH"
18414,2,collision,19828,CON-RES-RC-1982-70,3,"ALHAJI DANLADI ABUBAKAR"
39665,2,legitimate-linked,185317,RES-1992-4177,2,"SUNUSI IBRAHIM"
39665,2,legitimate-linked,185324,"KNML 1505",KANGIS,"SUNUSI IBRAHIM"
152770,2,legitimate-linked,176190,RES-1991-2457,1,"ABDULLAHI ALHASSAN"
152770,2,legitimate-linked,176198,"KNML 1863",KANGIS,"ABDULLAHI ALHASSAN"
11835,2,collision,25540,CON-RES-1999-282,3,"ALHAJI UMAR MOHAMMED DOGO"
11835,2,collision,195158,CON-RES-1982-996,3,"ALHAJI SANI MUSA"
13316,2,collision,24216,CON-RES-1988-133,3,"MR OKECHUKWU UBANI EZUMAH"
13316,2,collision,27089,RES-1982-2296,1,"ALHAJI BALA BABA ASTI"
15539,2,collision,34830,CON-RES-2005-184,3,"AHMAD AHMAD"
15539,2,collision,29337,CON-RES-1985-258,3,"HAJIYA FATIMA GARBA"
13372,2,collision,34602,CON-RES-1988-270,3,"ALHAJI MOHAMMED LAWAN"
13372,2,collision,27146,RES-1991-346,1,"BAKO MUA'ZU"
13466,2,collision,24333,CON-RES-1988-514,3,"ALH. TIJJANI SALIHU"
13466,2,collision,27240,RES-1991-471,1,"ALHAJI ISA DANTUBE"
18341,2,collision,19532,CON-RES-RC-1982-618,3,"ALHAJI MUHTAR T. SA'AD"
18341,2,collision,32145,CON-RES-1987-727,3,"PAUL IKECHUKWU UMEGHALU"
7617,2,collision,30693,CON-AG-RC-1982-120,3,"ALHAJ IMUHTARI ISMAILA"
7617,2,collision,21308,CON-AG-1983-43,3,"ALHAJI UMARU ALKALIN KANO"
12584,2,collision,31668,CON-RES-1986-195,3,"ALHAJI IDRIS HAMZA"
12584,2,collision,26290,CON-RES-1986-312,3,"ALHAJI JAFARU A KADIRI"
13036,2,collision,26808,RES-1991-123,1,"GALI SHU`AIBU"
13036,2,collision,33559,CON-RES-1987-369,3,"HAJIA (MRS) HALIMA H.UMAR"
153562,2,legitimate-linked,177872,CON-COM-2013-169,3,"KINGSLEY UDOFIA UKON"
153562,2,legitimate-linked,177874,"KNML 47",KANGIS,"KINGSLEY UDOFIA UKON"
14334,2,collision,29832,CON-RES-1994-162,3,"ALHAJI AUWALU MOHAMMED"
14334,2,collision,28121,RES-1993-1777,2,"SHARZALI SANI"
58188,2,legitimate-optot,194137,RES-2018-3029,2,"IBRAHIM ISYAKU NA'ABBA"
58188,2,legitimate-optot,194149,"KNML 7192",KANGIS,"IBRAHIM ISYAKU NA'ABBA"
13476,2,collision,24361,CON-RES-1988-538,3,"AHMED IBRAHIM ALIYU"
13476,2,collision,27250,RES-1991-481,1,"ALHAJI ABDU JAKI"
8450,2,collision,22149,RES-1992-6067,2,"SANI MALAKOTIYO"
8450,2,collision,32991,CON-COM-2000-11,3,"SHUAIBU ABUBAKAR GAMBO"
175750,2,legitimate-linked,195049,RES-2001-2567,2,"IBRAHIM SHARIFF K/NASSARAWA"
175750,2,legitimate-linked,195060,"KNML 1204",KANGIS,"ABDUL'AZIZ HABIB MAHMUD"
7943,2,collision,29556,CON-COM-1984-35,3,"ALHAJI ADO ABDULLAHI"
7943,2,collision,21636,RES-1992-4762,2,"ISA ABDULLAHI"
1305,2,legitimate-optot,14966,CON-RES-1981-113,3,"ALHAJI AUWALU ILU"
1305,2,legitimate-optot,171428,"MLKN 230_2",KANGIS,"SA'AD SHITU SHARUBUTU"
158868,2,legitimate-linked,182705,CON-COM-2014-234,3,"UMAR HAMZA"
158868,2,legitimate-linked,182717,"MLKN 679",KANGIS,"ALH ALI MUHAMMAD"
11926,2,collision,25631,CON-RES-1984-164,3,"MR. MATHEW OMOBHUDE"
11926,2,collision,25261,CON-RES-1983-297,3,"MOHAMMED  YUSUFU MAITAMA"
116938,2,legitimate-linked,175160,RES-2020-523,2,"DR GAMBO"
116938,2,legitimate-linked,175165,KN3581,KANGIS,"DR GAMBO"
11064,2,collision,24768,CON-RES-1985-575,3,"ALH. ALHASSAN UMAR TRADER"
11064,2,collision,30979,CON-RES-1982-1011,3,"MR OMOTUNDE AGUWOYE"
14923,2,collision,28715,RES-1993-1932,2,"IBRAHIM UMAR MOHD"
14923,2,collision,23506,CON-RES-1998-300,3,"ALHAJI IBRAHIM ABDULSALAM SIDI"
13305,2,legitimate-optot,33334,CON-RES-1988-103,3,"J.C. MONEKE"
13305,2,legitimate-optot,27078,RES-1982-2281,1,"ALHAJI SHEHU AHMED"
7173,2,legitimate-optot,30417,CON-AG-1985-106,3,"DOCTOR ISA HASHIM"
7173,2,legitimate-optot,20860,RES-1992-3326,2,"ABDULKADIR BALA ISA"
7020,2,collision,20704,CON-RES-1995-350,3,"IBRAHIM BABBA DAN AGUNDI"
7020,2,collision,18552,CON-AG-1982-485,3,"MUHAMMAD BELLO IBRAHIM GETSO"
180653,2,legitimate-linked,198957,CON-RES-2020-38,3,"ABBA MAMMAN TOR HABIB"
180653,2,legitimate-linked,198958,KN2809,KANGIS,"ABBA MAMMAN TOR HABIB"
7379,2,collision,21069,CON-RES-1995-416,3,"ALHAJI MUDI LAWAL YALWA"
7379,2,collision,31492,CON-AG-1994-18,3,"ALHAJI ADO MOHAMMAD"
12199,2,collision,25904,CON-RES-1988-456,3,"MARTINS NNJIOFOR"
12199,2,collision,25292,CON-RES-1984-303,3,"HARUNA HOLDINGS LIMITED"
15331,2,collision,29129,RES-1993-3508,2,"SANI ABDULLAHI"
15331,2,collision,47159,CON-RES-2003-188,3,"SA'ADU SHITU SHARUBUTU"
148983,2,legitimate-linked,172344,RES-2004-446,2,"WASILA TIJJANI KHALIL"
148983,2,legitimate-linked,181877,"KNML 1993",KANGIS,"DA'U ADAMU ALIYU"
12255,2,collision,25960,CON-IND-1982-35,3,"ALHAJI NAMADI KULO"
12255,2,collision,34469,CON-RES-1984-507,3,"ALHAJI GARBA SANI"
51365,2,legitimate-linked,182987,RES-2007-1115,2,"NAJIB J.A KOGUNA"
51365,2,legitimate-linked,183019,"KNML 7355",KANGIS,"ALHAJI NAJIB JA'AFAR ABUBAKAR KOGUNA"
148043,2,legitimate-optot,171290,RES-2022-6021,2,"SULEIMAN ABUBAKAR"
148043,2,legitimate-optot,171320,KN3404,KANGIS,"SULEIMAN ABUBAKAR"
171056,2,legitimate-linked,191770,RES-2011-3434,2,"DANJUMA ADAMU MOHAMMED"
171056,2,legitimate-linked,191773,"KNML 2496",KANGIS,"DANJUMA ADAMU MOHAMMED"
56271,2,legitimate-linked,174878,RES-2015-918,2,"MUHAMMED HASSAN YAKASAI"
56271,2,legitimate-linked,174893,KN3894,KANGIS,"MUHAMMED HASSAN YAKASAI"
11601,2,collision,25305,CON-RES-1984-367,3,"NAIYA INUWA DAURAWA"
11601,2,collision,21687,CON-RES-1982-55,3,"MAHAMMED DANBINNI"
7168,2,legitimate-optot,15582,CON-AG-1984-7,3,"MOHAMMED BANNAI IBRAHIM"
7168,2,legitimate-optot,20855,RES-1992-3304,2,"MRS INVESTMENT CO. LTDS"
12630,2,collision,26289,CON-RES-1986-313,3,"ALHAJI ABDULKADIR SUNUSI DANTATA"
12630,2,collision,26336,CON-RES-1983-65,3,"MR MATHEW .A. SHAIRE"
13681,2,collision,27457,RES-1990-1988,1,"ALHAJI ABDULHAMID ADAMU"
13681,2,collision,29790,CON-RES-1989-587,3,"MR. AUGUSTINE C. IBE"
12805,2,collision,26577,RES-1982-2382,1,"MALLAM ABBATI IBRAHIM"
12805,2,collision,22954,CON-RES-1987-117,3,"ALHAJI SAIDU BALA"
5953,2,collision,19630,RES-1982-833,1,"ALHAJI USMAN SANI"
5953,2,collision,170400,COM-RC-1982-196,1,"ALHAJI MOHAMMED NASIRU HAMZA"
18581,2,collision,25660,CON-RES-RC-1985-23,3,"ALHAHI DAUDA SHEHU"
18581,2,collision,32386,CON-RES-1987-106,3,"ABDULKADIR KOGUNA AIKAWA"
7190,2,collision,21562,CON-AG-1985-51,3,"MALLAM YUSUF USMAN DAMBATTA"
7190,2,collision,20877,CON-AG-1983-109,3,"MUHAMMADU LAWAN"
12819,2,collision,26591,RES-1982-2413,1,"MOHAMMAD LAWAN ABDULRAHMAN"
12819,2,collision,32330,CON-RES-1987-1209,3,"ALHAJI  BALA DANEJI"
18395,2,collision,19810,CON-RES-RC-1982-68,3,"ALHAJI MUHAMMADU ABDU"
18395,2,collision,32199,CON-RES-1987-1300,3,"MAITAMA INUWA AND GAMBO DAN-MANZO"
3094,2,legitimate-linked,186975,COM-2008-132,1,"ABDULLAHI A SARKI"
3094,2,legitimate-linked,186985,KN889,KANGIS,"ABDULLAHI SARKI"
6887,2,collision,20571,RES-1992-3214,2,"ISYAKU DANKAKA/ SALISU AYUBA"
6887,2,collision,18152,CON-AG-1982-123,3,"LAWAN A. BELLO"
55086,2,legitimate-optot,193156,RES-2015-3449,2,"BASHIR TIJJANI ALIYU"
55086,2,legitimate-optot,193170,KN4265,KANGIS,"BASHIR TIJJANI ALIYU"
18381,2,collision,21273,CON-RES-RC-1982-664,3,"ALH MALLAM NASIDI"
18381,2,collision,32185,CON-RES-1987-288,3,"ALHAJI SAFIYANU MADUGU"
48726,2,legitimate-linked,175992,RES-2002-1838,2,"ALH MAI UNGUWA SALE"
48726,2,legitimate-linked,176042,"KNML 1248",KANGIS,"HALIMA & SAUDAT ILIYASU MANDAWARI"
11816,2,collision,33467,CON-RES-1982-943,3,"MADAM MERRY OKUDUWA"
11816,2,collision,25520,CON-RES-1999-326,3,"JONAS OGUAMALAM ONUWABUCHI OSUJI"
12201,2,collision,25906,CON-RES-1988-452,3,"CHIEF EARENESK I EZENDUKA"
12201,2,collision,31764,CON-RES-1984-311,3,"MUKTAR DAHIRU SOKOTO"
13282,2,collision,27055,RES-1982-2252,1,"ALHAJI SANI DAN YARO"
13282,2,collision,29358,CON-RES-1987-959,3,"ALHAJI MOHD SULE DAUDA"
52693,2,legitimate-linked,168234,RES-2009-7113,2,"IBRAHIM SADIQ OTHMAN"
52693,2,legitimate-linked,168272,KN5020,KANGIS,"IBRAHIM SADIQ OTHMAN"
41037,2,legitimate-linked,186812,RES-1993-1309,2,"BALA MUSA"
41037,2,legitimate-linked,186814,"KNML 1549",KANGIS,"ALHAJI MUTARI SANI"
10968,2,collision,189491,CON-RES-1981-519,3,"ALHAJI SALISU SANI"
10968,2,collision,24672,CON-RES-1983-853,3,"MR. FRIDAY AKPAN IBANGA"
49897,2,legitimate-linked,168850,RES-2003-2343,2,"YUSUF DANKETA SANI"
49897,2,legitimate-linked,168859,"KNML 8496",KANGIS,"YUSUF DANKETA SANI"
12708,2,collision,33599,CON-RES-1987-1003,3,"FS SHAIBU ESEKHAIGBE"
12708,2,collision,26414,RES-1982-1957,1,"ABDU SHEHU"
29607,2,legitimate-linked,180102,RES-1983-124,1,"HAJIYA HAUWA BASHIR TOFA"
29607,2,legitimate-linked,180126,"KNML 1206",KANGIS,"HAJIYA HAUWA BASHIR TOFA"
11799,2,collision,24959,CON-RES-1982-916,3,"MALLAM SANI HASSAN"
11799,2,collision,25503,CON-RES-1999-341,3,"MUSTAPHA YAKUBU"
12932,2,collision,26704,RES-1982-297,1,"MOHAMMED ZANNA WAZIRI JUGGAL"
12932,2,collision,30542,CON-RES-1987-168,3,"ALHAJI BABA NABEGU"
153560,2,collision,177858,,2,"IBRAHIM DAWAKI"
153560,2,collision,177870,"KNML 1227",KANGIS,"TALATU ABUBAKAR ISA"
17600,2,legitimate-linked,186499,KN5094,KANGIS,"MURTALA ABDULLAHI JEGA"
17600,2,legitimate-linked,31403,CON-RES-1997-195,3,"HAJIYA ASABE YAU"
8396,2,collision,32758,CON-COM-1998-33,3,"HAJIYA SAUDE ABDULLAHI ALIYU"
8396,2,collision,22095,CON-RES-2009-7,3,"ALH SUNUSI LIYAU UMAR"
12138,2,collision,25843,CON-AG-1985-164,3,"ALH ISA NABABA"
12138,2,collision,20900,CON-RES-1984-10,3,"ALHAJI SANI ADAMU"
17618,2,collision,181246,KN4813,KANGIS,"MURTALA ABDULLAHI JEGA"
17618,2,collision,31421,CON-RES-1994-311,3,"IBUKUN OLU (OYO) ATIBA CICU LTD"
12187,2,collision,25892,CON-RES-1988-475,3,"HASSAN OSMAN YARO"
12187,2,collision,26211,CON-RES-1984-269,3,"MRS MOBOLANLE"
149598,2,legitimate-linked,172889,RES-2015-2106,2,"HAJIYA RAKIYA MUHAMMAD SUNUSI 2"
149598,2,legitimate-linked,172901,KN4639,KANGIS,"MUHAMMAD NURUDDEEN AMINU"
13025,2,collision,24471,CON-RES-1987-351,3,"BABAN GIDA AHMED ALI"
13025,2,collision,26797,RES-1991-112,1,"ALHAJI GAMBO TANKO"
179398,2,legitimate-linked,197911,COM-2011-150,1,"AFRO CASE & CO."
179398,2,legitimate-linked,197924,"MLKN 2442",KANGIS,"AFRO CASE & CO."
46643,2,legitimate-linked,176086,RES-2000-1830,2,"LAWAN KOGUNA"
46643,2,legitimate-linked,176091,"KNML 1895",KANGIS,"MOHAMMED HASSAN KOGUNA"
155140,2,legitimate-linked,179466,RES-1994-1892,2,"COMRADE HAMISU ZANGO"
155140,2,legitimate-linked,179479,"KNML 9937",KANGIS,"ABDULHADI SABO"
13755,2,collision,20916,CON-RES-1990-313,3,"ZAINAB DAHIRU DAWAKI"
13755,2,collision,27532,RES-1991-598,1,"AHMED MATAWALLE IBRAHIM"
158527,2,legitimate-linked,182475,CON-RES-2012-107,3,"MALLAM YAKUBU SABIU"
158527,2,legitimate-linked,182513,"KNML 1710",KANGIS,"MALLAM YAKUBU SABI'U"
153312,2,legitimate-linked,177601,CON-RES-2023-7335,3,"FAIZU MUHAMMAD GALADIMA"
153312,2,legitimate-linked,187924,KN4777,KANGIS,"MURTALA ABDULLAHI JEGA"
18081,2,collision,20154,CON-RES-RC-1982-353,3,"ALHAJI MUHAMMADU GAUYAMA (HADEJIA)MADAKIN)"
18081,2,collision,31885,CON-RES-1984-698,3,"ALHAJI USAINI IBRAHIM"
166804,2,legitimate-linked,189293,CON-RES-2013-98,3,"ALH WADA ABDULLAHI RANO"
166804,2,legitimate-linked,189308,"KNML 2417",KANGIS,"ALH WADA ABDULLAHI RANO"
25398,2,collision,180319,"KNML 7380",KANGIS,"ABUBAKAR IBRAHIM"
25398,2,collision,47340,CON-RES-2007-238,3,"ALHAJI NASIRU AHALI"
8200,2,collision,33397,CON-COM-1992-62,3,"SDY ENGINEERING & CONST. CO.LTD"
8200,2,collision,21897,CON-RES-2009-294,3,"M. BABANGIDA MUZAKKARI"
12034,2,collision,25287,CON-RES-1983-598,3,"MR FRANCIS D ETUHU"
12034,2,collision,25739,CON-COM-1995-120,3,"ALH. KABIRU GAMBO"
13449,2,collision,24358,CON-RES-1988-467,3,"GUARANTY TRUST BANK"
13449,2,collision,27223,RES-1991-439,1,"DAN LADI SA'AD"
14446,2,collision,31469,CON-RES-1994-369,3,"ALHAJI SABO LAWAN KABARA"
14446,2,collision,28233,RES-1993-2485,2,"MOHD SHUAIBU RUWANTSA"
112304,2,legitimate-linked,172824,RES-2025-643,2,"SARKI ABDULLAHI IBRAHIM"
112304,2,legitimate-linked,172833,KN4895,KANGIS,"SARKI ABDULLAHI IBRAHIM"
7781,2,collision,21472,CON-AG-1985-54,3,"ALHAJI MAIGIDA SAADU"
7781,2,collision,15290,CON-COM-1982-239,3,"ROADS NIGERIA LIMITED"
18604,2,collision,22689,CON-RES-RC-1986-18,3,"ALHAJI LAWAN DUNBULUM"
18604,2,collision,32409,CON-RES-1987-1237,3,"HAFIZU SANI"
13286,2,collision,27059,RES-1982-2256,1,"HAJIYA FATIMA MOHD SALIHI"
13286,2,collision,29362,CON-RES-1987-965,3,"ALHAJI IBRAHIM HAMZA"
15416,2,collision,29214,CON-RES-1984-655,3,"MOHD LAWAN HARUNA"
15416,2,collision,34743,CON-RES-2004-252,3,"BASIRU MAGAJI BELI"
13411,2,collision,30002,CON-RES-1988-374,3,"SADDI ABDU"
13411,2,collision,27185,RES-1991-395,1,"MUHAMMED NAYAYA"
7965,2,collision,15916,CON-COM-1985-110,3,"ALHAJI SALISU WADA"
7965,2,collision,21659,RES-1992-4799,2,"IBRAHIM SAIDU"
11787,2,collision,25491,CON-AG-1994-39,3,"ABDULMANNANU SUNUSI"
11787,2,collision,21663,CON-RES-1982-892,3,"ALHAJI SANI HASSAN KAFINGA"
14659,2,collision,31360,CON-RES-1995-582,3,"ALHAJI AHMADU IDRIS"
14659,2,collision,28447,RES-1993-281,2,"MUSA BABA"
14497,2,collision,17552,CON-RES-1994-626,3,"ABUBAKAR USMAN DANLAMI"
14497,2,collision,28284,RES-1994-1936,2,"HASSANA MUSA"
14519,2,legitimate-optot,28306,RES-1994-1960,2,"ALH YAHAYA TAHIR"
14519,2,legitimate-optot,31135,CON-RES-1994-701,3,"ALHAJI KASSIM UMARU"
154495,2,legitimate-linked,178783,CON-RES-1997-240,3,"FAROUK ALIYU GARKO"
154495,2,legitimate-linked,178784,"KNML 1766",KANGIS,"FAROUK ALIYU GARKO"
7281,2,collision,18293,CON-AG-1987-88,3,"AHMAD GARBA RIRUWAI"
7281,2,collision,20968,CON-RES-1994-769,3,"ALHAJI SULE ABUBAKAR"
13408,2,collision,27182,RES-1991-392,1,"HAUWA YAHAYA"
13408,2,collision,29971,CON-RES-1988-368,3,"ALH DANJUMA GARBA"
17594,2,legitimate-linked,31397,CON-RES-1997-183,3,"ALHAJI UMARU A.  DANDIBI"
17594,2,legitimate-linked,190283,KN4618,KANGIS,"MURTALA ABDULLAHI JEGA"
37601,2,legitimate-optot,178272,RES-1991-7017,1,"AHMAD S MUHD"
37601,2,legitimate-optot,178316,"KNML 1796",KANGIS,"AHMAD S MUHAMMAD"
9595,2,legitimate-optot,33974,CON-COM-2014-56,3,"IDRIS ADO MANYA"
9595,2,legitimate-optot,23297,RES-1992-7240,2,"NURA S ABDULLAHI"
13785,2,collision,27562,RES-1991-637,1,"RUKAIYA CINHANNU"
13785,2,collision,36062,CON-RES-1990-416,3,"ALHAJI BASHARI IBRAHIM"
168109,2,legitimate-linked,190274,CON-RES-2017-81,3,"ALI ISAH JITA"
168109,2,legitimate-linked,190285,"KNML 4720",KANGIS,"ALI ISAH JITA"
158792,2,legitimate-linked,182650,CON-RES-2013-57,3,"MUSTAPHA ABDULRASHEED DARMA"
158792,2,legitimate-linked,182651,"KNML 1946",KANGIS,"MUSTAPHA ABDULRASHEED DARMA"
65334,2,legitimate-linked,178457,RES-RC-1982-1304,1,"COMBINED SERVICES CO NIG LTD"
65334,2,legitimate-linked,178469,"KNML 1775",KANGIS,"ISYAKA RABIU"
12781,2,collision,26553,RES-1982-2321,1,"AUWALU ABDULLAHI"
12781,2,collision,24559,CON-RES-1987-1127,3,"ABDULLAHI RABO IBRAHIM"
13446,2,collision,24337,CON-RES-1988-459,3,"MOHAMMED ALIYU"
13446,2,collision,27220,RES-1991-436,1,"HABIBU MUSA ISA"
13399,2,collision,24252,CON-RES-1988-348,3,"TAYAMILU TIJJANI"
13399,2,collision,27173,RES-1991-383,1,"ZAILANI AMINU"
18092,2,collision,30670,CON-RES-RC-1982-363,3,"ALHAJI SULEIMAN ABDUL"
18092,2,collision,31896,CON-RES-1984-650,3,"AHMED AHMED SAFIO"
148785,2,legitimate-optot,172230,RES-2020-4093,2,"OLUWREBI OLAWALE TAOFEEK"
148785,2,legitimate-optot,172262,KN3103,KANGIS,"OLUWREBI OLAWALE TAOFEEK"
8291,2,collision,21990,RES-1992-5765,2,"LAWAN ISHAKA"
8291,2,collision,33228,CON-COM-1994-69,3,"JUDA OIL LIMITED"
11724,2,collision,29638,CON-RES-1982-771,3,"ALHAJI JIBRIN INKANDE"
11724,2,collision,25428,CON-RES-1985-33,3,"ALHAJI YAKUBU MOHAMMED"
146282,2,legitimate-optot,169325,RES-2020-2393,2,"DR  JIBRILLA MUHAMMAD"
146282,2,legitimate-optot,169327,KN4760,KANGIS,"DR  JIBRILLA MUHAMMAD"
154454,2,legitimate-linked,179159,"KNML 570",KANGIS,"UMAR SHAWAI"
154454,2,legitimate-linked,178743,CON-RES-2009-402,3,"UMAR SHAWAI"
152507,2,legitimate-linked,175886,RES-2021-3537,2,"ALH ASHIRU ALI YAMMUSA"
152507,2,legitimate-linked,175916,"KNML 9756",KANGIS,"ALH ASHIRU ALI YAMMUSA"
158492,2,legitimate-optot,182441,RES-2022-1960,2,"OLUNREBI TAOFEEK OLAWALE"
158492,2,legitimate-optot,182457,KN3106,KANGIS,"OLUNREBI TAOFEEK OLAWALE"
8383,2,collision,32706,CON-COM-1997-55,3,"MUHAMMAD SANI USMAN"
8383,2,collision,22082,CON-RES-2009-72,3,"ALH. ABUBAKAR DANLADI WADA"
7975,2,collision,21669,CON-RES-1982-1615,3,"IBRAHIM AHMED"
7975,2,collision,23691,CON-COM-1985-16,3,"ALHAJI ALI UMARU HAUSAWA"
11784,2,collision,25488,CON-RES-1989-406,3,"LOUIS OKOLI NWOLISA"
11784,2,collision,21731,CON-RES-1982-89,3,"ALHAJI HABIBU MUHTARI"
176766,2,legitimate-linked,195903,RES-1986-2113,1,"ALH SALISU ABDULLAHI IDRIS"
176766,2,legitimate-linked,195927,KN2959,KANGIS,"ABDULLAHI IDRIS SALISU"
17872,2,collision,19251,CON-RES-RC-1982-111,3,"YUSUF A.M. INDABAWA"
17872,2,collision,31676,CON-RES-1986-200,3,"SULE MOHAMMED"
14860,2,collision,28651,RES-1993-1724,2,"UMARU BUHARI"
14860,2,collision,47088,CON-RES-1997-41,3,"UMARU MUHAMMAD SHU'AIBU"
7003,2,collision,20687,CON-RES-1995-686,3,"ALH. ISMAILA MUHTARI"
7003,2,collision,16438,CON-AG-1982-427,3,"ALHAJI TSOHO HARUNA DALA"
18029,2,collision,31833,CON-RES-1984-128,3,"DANIEL U. UWOSU"
18029,2,collision,32423,CON-RES-RC-1982-300,3,"ALHAJI HABIBA SHA'AIBU"
13558,2,collision,27332,RES-1990-2922,1,"LALO IBRAHIM"
13558,2,collision,29772,CON-RES-1989-163,3,"ALHAJI LAWAN GAMBO"
13828,2,collision,27606,RES-1991-685,1,"H. HASSAN HARUNA"
13828,2,collision,36503,CON-RES-1991-11,3,"ALH SULE YUSUF INDABAWA"
158955,2,collision,182740,"KNML 7964_1",KANGIS,"MUHAMMED SHAMAKI ZUBAIRU"
158955,2,collision,182741,"KNML 7964_2",KANGIS,"MUHAMMED SHAMAKI ZUBAIRU"
60704,2,legitimate-linked,168278,RES-2021-1712,2,"HARUNA IBRAHIM"
60704,2,legitimate-linked,168288,"KNML 7937",KANGIS,"HARUNA IBRAHIM"
15616,2,collision,32773,CON-RES-2005-85,3,"ALHAJI ABDUL-RAZAQ FOLORUNSO"
15616,2,collision,29415,CON-RES-1987-988,3,"SAMUEL ADESHINA FOLARIN"
47292,2,legitimate-linked,192478,RES-2000-3826,2,"TIJJANI BASHIR MAHMOUD"
47292,2,legitimate-linked,192503,"KNML 349",KANGIS,"TIJJANI BASHIR MAHMOUD"
12197,2,collision,25902,CON-RES-1988-619,3,"ALHAJI HABUBAKAR HALIRU"
12197,2,collision,26236,CON-RES-1984-293,3,"ALHAJI IBRAHIM GARBA"
168144,2,legitimate-linked,190299,CON-RES-2023-7388,3,"FAIZU MUHAMMAD GALADIMA"
168144,2,legitimate-linked,190313,KN4617,KANGIS,"MURTALA ABDULLAHI JEGA"
24060,2,collision,47028,CON-RES-2000-202,3,"ALHAJI ADO AMMANI MAI ZARE"
24060,2,collision,47077,CON-RES-1999-11,3,"DR ALI MOHAMMED"
14502,2,legitimate-optot,28289,RES-1994-1941,2,"ALH BAITA BALA"
14502,2,legitimate-optot,29888,CON-RES-1994-649,3,"MUHAMMAD AMINU ADAMU"
13443,2,collision,34595,CON-RES-1988-446,3,"A AUWALU ABDULLAHI"
13443,2,collision,27217,RES-1991-433,1,"HABIBU SULEIMAN ZAKIRAI"
14187,2,collision,27974,RES-1993-898,2,"M LAWAN NASIRU & M GARBA RABIU"
14187,2,collision,36961,CON-RES-1993-143,3,"AUWALU ABBA MUSA RIMI"
157750,2,legitimate-linked,181874,RES-1991-891,1,"HASSAN MUHAMMAD"
157750,2,legitimate-linked,181889,"KNML 1706",KANGIS,"HASSAN MUHAMMAD"
7844,2,collision,13896,CON-COM-1982-75,3,"ALHAJI MUSA MAI KUSA"
7844,2,collision,21536,CON-AG-1982-517,3,"ALHAJI TURADU A. DANTATA"
8302,2,collision,22001,RES-1992-5822,2,"HAMZA ISA"
8302,2,collision,31373,CON-COM-1995-15,3,"MR. EUGENE OGBUJI"
16272,2,collision,30071,CON-RES-1990-190,3,"MALLAM JAFARU MUSA"
16272,2,collision,35384,CON-RES-2009-926,3,"CHIEF CHRYSOGONUS U OSUJI"
17851,2,collision,21506,CON-RES-RC-1981-98,3,"ALHAJI SHITU YAHAYA"
17851,2,collision,31655,CON-RES-1982-1304,3,"ALHAJI MANSUR YOLA"
10863,2,collision,14180,CON-RES-1981-314,3,"ALHAJI INUWA AKWA"
10863,2,collision,24567,CON-RES-1984-663,3,"HAJIA HADIZA AUTA T/WADA"
6248,2,collision,172559,COM-RC-1982-51,1,"M/S AFRICA & OVERSEAS LTD"
6248,2,collision,19929,RES-1982-952,1,"IBRAHIM MAHMOUD"
10298,2,collision,32568,CON-COM-RC-1982-47,3,"ALI JEBARA"
10298,2,collision,24000,CON-RES-1989-14,3,"ABUBAKAR USMAN"
13700,2,collision,17793,CON-RES-1990-109,3,"DALHA SALIHU"
13700,2,collision,27477,RES-1990-4082,1,"GARBA IBRAHIM"
12483,2,collision,26189,CON-RES-1988-360,3,"ALHAJI MOHD MIJINYAWA"
12483,2,collision,25862,CON-RES-1985-531,3,"ALH MANSUR UMAR"
28295,2,legitimate-linked,20234,RES-1982-1568,1,"ALHAJI USMAN MUAZU &  ALH SHEHU MOHAMMED"
28295,2,legitimate-linked,198961,RES-2009-781,2,"ALH SHEHU MUHAMMAD"
15028,2,collision,25529,CON-RES-1999-269,3,"ISYAKU MOHD GARBA"
15028,2,collision,28822,RES-1993-2741,2,"IBRAHIM ZUBAIRU KULA"
8737,2,legitimate-linked,193511,CON-COM-2009-390,3,"AZMAN OIL & GAS LIMITED"
8737,2,legitimate-linked,193519,CON-COM-2009-389,3,"AZMAN OIL & GAS LIMITED"
164406,2,legitimate-optot,187274,RES-2014-415,2,"UMAR MALO"
164406,2,legitimate-optot,187275,"KNML 7781",KANGIS,"MAHBUB G. WAKILI"
13391,2,collision,27165,RES-1991-375,1,"MUSA JATAU"
13391,2,collision,33332,CON-RES-1988-326,3,"MR ADE OREDORE"
8228,2,collision,16204,CON-COM-1993-136,3,"ALHAJI ABDULLAHI NUHU"
8228,2,collision,21925,CON-RES-2009-237,3,"ERIC OGUCRI"
12362,2,collision,34538,CON-RES-1985-168,3,"ALHAJI SAIDU MOHAMMED MUSA"
12362,2,collision,26067,CON-RES-1982-338,3,"ALHAJI WADA AMINU"
11217,2,collision,24921,CON-COM-1985-31,3,"HARRIAT MOHAMMED JEBARA"
11217,2,collision,22886,CON-RES-1982-1330,3,"ALH DAHIRU MOHAMMED JUJI"
17932,2,collision,32066,CON-RES-RC-1982-157,3,"ALHAJI UBA ADAMU"
17932,2,collision,31736,CON-RES-1984-674,3,"MOHAMMED ISA"
9898,2,collision,179239,CON-COM-2020-456,3,"NURA AHMAD"
9898,2,collision,179627,"MLKN 2786",KANGIS,"ULTIMATE GAS LIMITED"
54709,2,legitimate-linked,182371,RES-2015-1626,2,"HAMZA ABDULLAHI UMAR"
54709,2,legitimate-linked,182381,KN3620,KANGIS,"HAMZA ABDULLAHI UMAR"
17806,2,collision,31610,CON-RES-1982-995,3,"ABIODUN SHOBITAN"
17806,2,collision,25789,CON-RES-RC-1981-49,3,"MUSA AHMED"
18352,2,collision,30657,CON-RES-RC-1982-631,3,"ALHAJI BABA MOHAMMED KOKI"
18352,2,collision,32156,CON-RES-1987-938,3,"MR AUGUSTINE A.C IBE"
1860,2,legitimate-linked,169287,KN3920,KANGIS,"ULTIMATE GAS LIMITED"
1860,2,legitimate-linked,169208,COM-1999-47,1,"ULTIMATE GAS LTD"
13843,2,collision,27621,RES-1991-700,1,"ALHAJI BABA SARKIN MOMAR KWANAR DAN GORA"
13843,2,collision,35654,CON-RES-1991-169,3,"ALHAJA NIMOTA OLAYINKA AIYEDUN"
7176,2,collision,20863,RES-1992-3328,2,"SALISU MUSA RANO"
7176,2,collision,21314,CON-AG-1985-114,3,"ALHAJI HASSAN MAIDA"
11703,2,collision,25407,CON-RES-1985-353,3,"ABDULLAHI YAHAYA"
11703,2,collision,25148,CON-RES-1982-726,3,"ALHAJI ABBAS IBRAHIM"
13921,2,collision,27701,RES-1991-810,1,"UMARU DARAMAN"
13921,2,collision,36184,CON-RES-1991-491,3,"AUGUSTINE C. IBE"
12815,2,legitimate-optot,26587,RES-1982-2410,1,"ALHAJI AHMAD RUFA'I TANKO"
12815,2,legitimate-optot,32308,CON-RES-1987-1205,3,"ALHAJI JAMILU SULEIMAN AND ALHAJI MUNKAILA BELLO"
12954,2,collision,32223,CON-RES-1987-208,3,"ALHAJI IDRIS MUSA"
12954,2,collision,26726,RES-1991-9,1,"MRS. HINDATU BELLO"
17546,2,collision,31349,CON-RES-1995-557,3,"ALHAJI NUHU ALARAMMA"
17546,2,collision,179603,KN5209,KANGIS,"MURTALA ABDULLAHI JEGA"
13887,2,collision,27665,RES-1991-758,1,"HAJIYA UWA A."
13887,2,collision,25394,CON-RES-1991-352,3,"HAJIYA HAUWAN .A. ABARSHI"
18337,2,collision,32141,CON-RES-1987-225,3,"SHEHU USMAN HODI"
18337,2,collision,32430,CON-RES-RC-1982-614,3,"ALHAJI TAHIR MAIGARI"
8689,2,collision,32825,CON-COM-2005-24,3,"ALHAJI HARUNA TAHIR"
8689,2,collision,22388,RES-1992-6399,2,"SHARU IBRAHIM"
7140,2,collision,26243,CON-AG-1984-157,3,"DAHIRU ALHASSAN DAWAKI"
7140,2,collision,20827,RES-1992-3224,2,"ABDULRAZAQ ADAMU"
167775,2,legitimate-linked,189996,RES-1995-1726,2,"AHMED MUTARI DANGANA"
167775,2,legitimate-linked,189999,"KNML 2427",KANGIS,"AHMED MUTARI DANGANA"
60802,2,legitimate-linked,174014,RES-2021-2858,2,"ALH. UMAR ADAMU DAHO"
60802,2,legitimate-linked,174032,KN4632,KANGIS,"ALH. UMAR ADAMU DAHO"
176178,2,legitimate-linked,195372,CON-RES-2008-810,3,"ALI NUHU WALI"
176178,2,legitimate-linked,195382,"KNML 1404",KANGIS,"ALI NUHU WALI"
11608,2,collision,25312,CON-RES-1984-378,3,"ALHAJI ZUBAIRU ABDULHAMID"
11608,2,collision,31984,CON-RES-1982-557,3,"HAJIA YALWA SUNUSI"
8050,2,collision,21744,CON-AG-1982-478,3,"MURTALA MUSA BAGWAI"
8050,2,collision,15911,CON-COM-1987-46,3,"ALHAJI SULEIMAN ABUBAKAR"
18059,2,collision,31863,CON-RES-1984-12,3,"ALHAJI ALI MUSA"
18059,2,collision,21552,CON-RES-RC-1982-33,3,"ALHAJI UKASHATU ALI"
17505,2,collision,31308,CON-AG-1995-60,3,"ALHAJI TIJJANI SANI"
17505,2,collision,185529,KN5400,KANGIS,"MURTALA ABDULLAHI JEGA"
12045,2,collision,25750,CON-RES-1989-199,3,"HENRY CHUKWURA ENEANYA"
12045,2,collision,26352,CON-RES-1983-622,3,"BAHIJJA ABDULKADIR DANTATA"
11634,2,collision,25338,CON-RES-1984-384,3,"ALHAJI WADA AMINU"
11634,2,collision,22343,CON-RES-1982-6,3,"ALHAJI HASSAN INUWA"
13706,2,collision,27483,RES-1990-4089,1,"YAWALE MUSA"
13706,2,collision,35723,CON-RES-1990-132,3,"ALH MUHAMMAD NA ALH ADAMU & 2 OTHERS"
146302,2,legitimate-linked,169345,CON-COM-2020-234,3,"GREAT TEDECO CONCEPT NIG LTD"
146302,2,legitimate-linked,169376,"MLKN 3415",KANGIS,"GREAT TEDECO CONCEPT NIG LTD"
13963,2,collision,27750,RES-1993-10,2,"MAIKUDI SHEHU"
13963,2,collision,23071,CON-RES-1991-638,3,"AUWALU IBRAHIM"
7896,2,legitimate-optot,21588,RES-1992-4629,2,"BASHIR DAN AZUMI"
7896,2,legitimate-optot,29479,CON-COM-1983-6,3,"ADAKAWA GENERAL ENTERPRISES"
30373,2,legitimate-linked,179245,RES-1985-1311,1,"ALHAJI ISYAKU UMAR TOFA (DAN'ADALAN KANO)"
30373,2,legitimate-linked,179258,"KNML 1836",KANGIS,"ALHAJI ISYAKU UMAR TOFA (DAN'ADALAN KANO)"
7736,2,collision,21427,RES-1992-4427,2,"SANI USMAN"
7736,2,collision,15293,CON-COM-1982-144,3,"ALHAJI BELLO AHMED BICHI"
156479,2,legitimate-linked,180867,CON-COM-2019-860,3,"YUSUF SAID MUHAMMAD"
156479,2,legitimate-linked,180879,KN4474,KANGIS,"YUSUF SAID MUHAMMAD"
12369,2,collision,33522,CON-RES-1985-2,3,"ALIYU MOHAMMED HADEJIA"
12369,2,collision,26074,CON-RES-1982-683,3,"ALHAJI ALI TUKURA"
16424,2,legitimate-linked,187013,"KNML 2852",KANGIS,"MR GALLET STAPHANE"
16424,2,legitimate-linked,30223,CON-RES-1993-21,3,"ALHAJI ABUBAKAR ABDU"
60455,2,legitimate-optot,195399,KN5357,KANGIS,"IBRAHIM AMINU AHMAD"
60455,2,legitimate-optot,189098,RES-2020-2420,2,"IBRAHIM AMINU AHMAD"
178733,2,legitimate-linked,197368,RES-2001-2450,2,"NASIRU IBRAHIM"
178733,2,legitimate-linked,197413,"KNML 2150",KANGIS,"NASIRU IBRAHIM"
11613,2,collision,24945,CON-RES-1982-565,3,"OLUFEMI ADELANI ADETONA"
11613,2,collision,25317,CON-RES-1984-469,3,"ALHAJI BABALLE ILA"
8279,2,collision,31516,CON-COM-1994-37,3,"ALHAJI ISMAILA ADAMU GANO"
8279,2,collision,21978,RES-1992-5790,2,"BARA'U NA ALLAH"
8116,2,collision,16135,CON-COM-1990-38,3,"ALHAJI BARAU INUWA"
8116,2,collision,21812,RES-1992-5000,2,"ALHAJI BATURE KULKUL"
18389,2,collision,19778,CON-RES-RC-1982-673,3,"ALHAJI LAWAN BELLO"
18389,2,collision,32193,CON-RES-1987-270,3,"ALHAJI ISIAKU ALAO"
18372,2,collision,21278,CON-RES-RC-1982-655,3,"ALH ABDU MOHAMMED"
18372,2,collision,32176,CON-RES-1987-272,3,"MR A.B. OYEFUGA"
12105,2,collision,24419,CON-RES-1983-814,3,"NURADEEN MAHMOUD GASHASH"
12105,2,collision,25810,CON-RES-1983-687,3,"ALHAJI USMAN SANI"
14347,2,collision,21156,CON-RES-1994-219,3,"ALHAJI KABIRU SANI YAKASAI"
14347,2,collision,28134,RES-1993-1965,2,"MAL SULE SANI"
12150,2,collision,25855,CON-AG-1985-167,3,"AUWALU TANKO MOHD"
12150,2,collision,25612,CON-RES-1984-144,3,"OSITA N. OBASI"
4160,2,legitimate-linked,17834,CON-RES-1993-284,3,"ALH. MUHAMMAD USMAN RIMI"
4160,2,legitimate-linked,170275,"MLKN 3358",KANGIS,"SADDI KEMIL YAU YAU KAZAURE & SONS"
46518,2,legitimate-linked,185535,RES-2000-1541,2,"ENGR. SALISU SULEIMAN AHMED"
46518,2,legitimate-linked,185564,"KNML 293",KANGIS,"ENGR. SALISU SULEIMAN AHMED"
11200,2,collision,24904,CON-RES-1983-698,3,"ALHASSAN MUSTAPHA"
11200,2,collision,29604,CON-RES-1982-13,3,"SASISA NIGERIA LIMITED"
145487,2,legitimate-linked,168460,CON-COM-2021-38,3,"ALHAJI DANLAMI DAUDA HUSSAINI"
145487,2,legitimate-linked,168476,KN3134,KANGIS,"ALHAJI DANLAMI DAUDA HUSSAINI"
14893,2,collision,28684,RES-1993-1816,2,"CINDO USMAN"
14893,2,collision,38658,CON-RES-1998-175,3,"MR MICHAEL CHIDOZIE AFAMEFUNA"
165500,2,legitimate-optot,192682,KN4221,KANGIS,"MUHAMMAD INUWA KAILA"
165500,2,legitimate-optot,188278,RES-2024-2360,2,"MUHAMMAD INUWA KAILA"
18434,2,collision,18746,CON-RES-RC-1982-722,3,"A. AUDU DUTSE & SONS"
18434,2,collision,32239,CON-RES-1987-1319,3,"SA'ADU ADAMU"
14690,2,collision,22532,CON-RES-1995-99,3,"ALHAJI AUDU MANAGER"
14690,2,collision,28478,RES-1993-472,2,"ALASAN GARBA"
27157,2,legitimate-linked,186834,RES-1981-1760,1,"DANLAMI MOHAMMED ABUBAKAR"
27157,2,legitimate-linked,186839,"KNML 1550",KANGIS,"DANLAMI MOHAMMED ABUBAKAR"
13774,2,collision,35818,CON-RES-1990-369,3,"DAHIRU DAN KAWU"
13774,2,collision,27551,RES-1991-623,1,"ALH ISA TAJO"
13768,2,collision,34005,CON-RES-1990-347,3,"ALHAJI HALLIRU ABDULLAHI"
13768,2,collision,27545,RES-1991-612,1,"SA'ID BELLO ROGO"
17487,2,collision,31290,CON-COM-1995-76,3,"JABCO NIGERIA LIMITED"
17487,2,collision,185437,KN5372,KANGIS,"MURTALA ABDULLAHI JEGA"
13617,2,collision,26096,CON-RES-1989-387,3,"ALHAJI GARBA MUHAMMAD"
13617,2,collision,27391,RES-1990-2154,1,"ALHAJI ALIYU ZAKARIYA'U HADEJA"
14098,2,collision,34576,CON-RES-1992-500,3,"ALHAJI SULE BEBEJI"
14098,2,collision,27885,RES-1993-706,2,"HAJIYA HADIZA ABDULLAHI"
48995,2,legitimate-linked,198918,RES-2002-3318,2,"NAJIB MOHAMMED RABIU"
48995,2,legitimate-linked,198929,"KNML 8935",KANGIS,"NAJIB MOHAMMED RABIU"
14359,2,collision,31508,CON-RES-1994-252,3,"ALHAJI  GARBA WANDAWA"
14359,2,collision,28146,RES-1993-2054,2,"ALH KHALID IBRAHIM ADAMU"
13086,2,collision,32255,CON-RES-1987-492,3,"ALHAJI MUHAMMADU KANJI MADUBI"
13086,2,collision,26859,RES-1991-178,1,"MIKA`ILU ABDULLAHI"
59316,2,legitimate-linked,198698,RES-2019-1857,2,"KHALIL INUWA"
59316,2,legitimate-linked,198741,"KNGP 282",KANGIS,"KHALIL INUWA"
12181,2,collision,25228,CON-RES-1984-248,3,"MR SONY ALOBA"
12181,2,collision,25886,CON-RES-1988-344,3,"BALALLAME HARUNA"
14477,2,collision,28264,RES-1994-1912,2,"RABIATU NAABBA"
14477,2,collision,36595,CON-RES-1994-487,3,"ALHAJI ABBA GANAMA"
13078,2,collision,26851,RES-1991-168,1,"BELLO SANI GALADANCHI"
13078,2,collision,25433,CON-RES-1987-456,3,"MRS ELIZABET ADILI"
6980,2,collision,16708,CON-AG-1982-357,3,"ALHAJI USAINI GARBA & SONS"
6980,2,collision,20664,CON-AG-2014-3,3,"ALHAJI HARUNA TAHIR HUNGU"
161566,2,legitimate-linked,184995,COM-2018-20,1,"ALHAJI AMINU IBRAHIM AND SONS"
161566,2,legitimate-linked,196204,COM-RC-1982-192,1,"ALHAJI AMINU IBRAHIM AND SONS"
7948,2,legitimate-linked,29563,CON-COM-1984-59,3,"ALHAJI YAHAYA UMAR"
7948,2,legitimate-linked,21641,RES-1992-4767,2,"SHA'AIBU SA'IDU"
146321,2,legitimate-linked,169363,COM-2021-92,1,"MUNZALI  MUHAMMAD ZAKARI"
146321,2,legitimate-linked,169467,"MLKN 3896",KANGIS,"MUNZALI MUHAMMAD ZAKAR"
67611,2,legitimate-optot,186306,RES-RC-1988-35,1,"ABDULLAHI HALILU"
67611,2,legitimate-optot,186321,"KNML 260",KANGIS,"ABDULLAHI HALILU"
15943,2,collision,29742,CON-AG-1989-48,3,"ALHAJI MUHAMMADU KWALLE"
15943,2,collision,47410,CON-RES-2008-21,3,"ALHAJI SADI BALA"
18150,2,collision,31954,CON-RES-1982-537,3,"ADO INDABO ABDULLAHI"
18150,2,collision,19773,CON-RES-RC-1982-423,3,"ALHAJI SADISU BUHARI"
11459,2,collision,25163,CON-RES-1982-1597,3,"ALHAJI JIBRIN RIMIN DADA"
11459,2,collision,23493,CON-RES-1982-331,3,"ALHAJI SANI YARO AHMED"
15396,2,collision,34660,CON-RES-2004-160,3,"ALHAJI MUHAMMADU ALI"
15396,2,collision,29194,RES-1993-3632,2,"SHEHU ABUBAKAR"
13682,2,legitimate-optot,27458,RES-1990-4207,1,"ALH TIJJANI MUHD LADAN"
13682,2,legitimate-optot,29792,CON-RES-1989-589,3,"MRS. FLORENCE BOSEDE ARIYO"
180568,2,legitimate-linked,198900,CON-RES-2020-75,3,"ABBA MAMMAN TOR HABIB"
180568,2,legitimate-linked,198908,KN2851,KANGIS,"ABBA MAMMAN TOR HABIB"
171743,2,legitimate-linked,192266,RES-2023-6893,2,"DANJUMA MAHMOUD"
171743,2,legitimate-linked,192291,"KNGP 340",KANGIS,"DANJUMA MAHMOUD"
65049,2,legitimate-linked,171182,"KNML 3743",KANGIS,"ALH AUWALU ILU AHMED"
65049,2,legitimate-linked,169943,RES-RC-1982-1032,1,"ALH AUWALU ILU"
12869,2,collision,26641,RES-1982-2151,1,"MALLAM MOHAMMADU AHMED"
12869,2,collision,22955,CON-RES-1987-135,3,"HAJIYA AMA ABUBAKAR"
11279,2,collision,24983,CON-RES-1982-1082,3,"ALHAJI MUSA HARUNA"
11279,2,collision,31026,CON-RES-1982-1463,3,"ALHAJI IDI BALARABE"
13281,2,collision,30525,CON-RES-1987-957,3,"MR ALEXANDER ANANTI"
13281,2,collision,27054,RES-1982-2251,1,"YAKUBU BAUCHI"
153413,2,legitimate-linked,178053,KN4100,KANGIS,"MUKHTARI MUHAMMAD WAIRA"
153413,2,legitimate-linked,177729,RES-2003-2776,2,"MUKHTARI MUHAMMAD WARAWA"
53371,2,legitimate-optot,170332,RES-2010-2469,2,"EMMAMUEL OZOADINDE"
53371,2,legitimate-optot,170340,"KNML 4563",KANGIS,"EMMAMUEL OZOADINDE"
180454,2,legitimate-linked,198779,CON-COM-2017-286,3,"AMINU MUHAMMAD INUWA."
180454,2,legitimate-linked,198906,"MLKN 4482",KANGIS,"AMINU MUHAMMAD INUWA"
155963,2,legitimate-linked,180289,CON-COM-2014-20,3,"ALH SALISU HUSSAINI"
155963,2,legitimate-linked,180335,"MLKN 1226",KANGIS,"ALH SALISU HUSSAINI"
159207,2,legitimate-linked,182954,RES-2009-4052,2,"SALISU LABARAN HAMISU"
159207,2,legitimate-linked,182974,KN4808,KANGIS,"SALISU LABARAN HAMISU"
15314,2,collision,32862,CON-RES-2003-124,3,"ALHAJI JIMOH BELLO GBADAMASI"
15314,2,collision,29112,RES-1993-3403,2,"MOHAMMED BASHIR"
12370,2,collision,26075,CON-RES-1982-558,3,"ALHAJI SHARU GAMBO SALIHU"
12370,2,collision,30459,CON-RES-1985-200,3,"MAIGARI MOHAMMED"
14410,2,collision,31442,CON-RES-1994-331,3,"ALHAJI SABO LAWAN KABARA"
14410,2,collision,28197,RES-1993-2357,2,"MOHAMMAD YUSUF"
18076,2,collision,31880,CON-RES-1984-697,3,"FARUKU SALISU"
18076,2,collision,20359,CON-RES-RC-1982-348,3,"ALHAJI SAHABI UMAR"
11137,2,collision,34235,CON-RES-1982-1168,3,"ALHAJI MOMOH SANI UMAR"
11137,2,collision,24841,CON-RES-1986-225,3,"ALHAJI HASSAN ALI"
12093,2,collision,25798,CON-RES-1983-671,3,"HAJIYA BALARABA DOGARA"
12093,2,collision,25980,CON-RES-1983-790,3,"JACKIE ARIYO DALMEIDA"
17536,2,legitimate-linked,31339,CON-RES-1995-484,3,"ALHAJI YARO ABUBAKAR"
17536,2,legitimate-linked,188002,KN5158,KANGIS,"MURTALA ABDULLAHI JEGA"
7127,2,collision,20814,RES-1992-3434,2,"SAFIYANU USMAN HARBAU"
7127,2,collision,16980,CON-AG-1983-95,3,"ALHAJI HAMZA HASSAN"
13396,2,collision,27170,RES-1991-380,1,"MOHAMMAD BELLO AMIN DISO"
13396,2,collision,24257,CON-RES-1988-340,3,"MR ISAAC AKAM"
8029,2,collision,19202,CON-COM-1986-85,3,"GUNDUWAWA MOTORS NIG. LTD."
8029,2,collision,21723,CON-RES-1982-69,3,"ALHAJI ISA NA ALH AMADU KARAYE"
19332,2,collision,33137,CON-AG-1991-28,3,"ALH BALARABE ABDULLAHI"
19332,2,collision,179084,IND-RC-1981-19,1,"TERYTEX NIGERIA LIMITED"
16235,2,collision,30034,CON-RES-1990-79,3,"ALHAJI ABDULLAHI GAMBO"
16235,2,collision,22125,CON-RES-2009-773,3,"SUNUSI ALKASIM"
13459,2,collision,33310,CON-RES-1988-492,3,"MR EMMANUEL  BOLAJI ADIGGUN"
13459,2,collision,27233,RES-1991-451,1,"ALHAJI USMAN LIMAN"
6985,2,collision,16414,CON-AG-1982-370,3,"ALHAJI MAHAMMADU KABIRU IBRAHIM BABBAN MALAMI MADABO"
6985,2,collision,20669,CON-RES-1995-135,3,"BALARABE NAYAYA"
13424,2,collision,33299,CON-RES-1988-403,3,"MR DAVID OJAREKE"
13424,2,collision,27198,RES-1991-410,1,"M. YAHAYA MUSTAPHA"
17421,2,collision,184333,KN5440,KANGIS,"MURTALA ABDULLAHI JEGA"
17421,2,collision,31224,CON-RES-1995-287,3,"ALHAJI ABUBAKAR USMAN"
17472,2,collision,31275,CON-AG-1995-52,3,"ZAKARI MUHAMMAD BELLO"
17472,2,collision,185500,KN5376,KANGIS,"MURTALA ABDULLAHI JEGA"
10805,2,collision,24509,CON-RES-1987-1190,3,"NASIRU ALHAJI SHEHU"
10805,2,collision,14216,CON-RES-1981-224,3,"ALHAJI SALE DANBABA"
178521,2,legitimate-linked,197197,RES-2014-1377,2,"DR ABUBAKAR L YUSUF"
178521,2,legitimate-linked,197210,"KNGP 29",KANGIS,"ABUBAKAR LABARAN YUSUF"
12037,2,collision,25742,CON-RES-1989-191,3,"ALH LAWALADAMU"
12037,2,collision,34912,CON-RES-1983-607,3,"ALHAJI AMADU ALI AND SONS"
7283,2,collision,20970,CON-RES-1994-770,3,"ALHAJI SALISU IMAM"
7283,2,collision,17057,CON-AG-1987-97,3,"ALH HALLIRU JIBRIN GAMA"
13491,2,legitimate-optot,25921,CON-RES-1988-578,3,"ALHAJI SHARU MARAYU"
13491,2,legitimate-optot,27265,RES-1991-501,1,"ABDULAZEEZ MOHAMMED ISAMIL"
17525,2,legitimate-linked,186931,KN4996,KANGIS,"MURTALA ABDULLAHI JEGA"
17525,2,legitimate-linked,31328,CON-RES-1995-265,3,"ALHAJI SABIU ABDULKADIR"
11050,2,collision,14949,CON-RES-1981-94,3,"ALHAJI DAN DAUDA"
11050,2,collision,24754,CON-RES-1985-484,3,"ALH ISA MAHAMMED"
13520,2,legitimate-optot,27294,RES-1991-536,1,"ALH ALHASSAN A.S. DANTATA"
13520,2,legitimate-optot,24300,CON-RES-1988-807,3,"DR ADAMU ESIMAJE OYOWE (DOCTOR'S CLINIC)"
18210,2,collision,32014,CON-RES-1983-162,3,"HABIB-UD-DEEN SULAIMAN"
18210,2,collision,169664,CON-RES-RC-1982-486,3,"ALHAJI USMAN GARBA"
49380,2,legitimate-linked,188148,RES-2002-6812,2,"ABDULWAHED ISMAIL ISA"
49380,2,legitimate-linked,188152,"KNML 2880",KANGIS,"ABDULWAHED ISMAIL ISA"
7957,2,collision,21650,RES-1992-4790,2,"SALIHU MOHAMMED"
7957,2,collision,29583,CON-COM-1984-84,3,"AMADU KUTIL"
166767,2,legitimate-linked,189259,CON-COM-2018-228,3,"SHEHU WAKILI"
166767,2,legitimate-linked,189271,"MLKN 2771",KANGIS,"SHEHU WAKILI"
17767,2,collision,31571,CON-COM-2004-24,3,"LAWAL ABDULLAHI"
17767,2,collision,16702,CON-RES-RC-1981-152,3,"ALHAJI MUSA MOHAMMED"
11811,2,collision,24962,CON-RES-1982-934,3,"AUDU SHEHU ADAKAWA"
11811,2,collision,25515,CON-RES-1999-325,3,"HALAFI KABARA"
163796,2,legitimate-linked,186755,,3,"TUKUR IBRAHIM"
163796,2,legitimate-linked,186761,"KNML 269",KANGIS,"TUKUR IBRAHIM"
7682,2,collision,21373,RES-1992-4376,2,"SARKIN GIDA LIMAN"
7682,2,collision,15315,CON-COM-1981-24,3,"ALHAJI ABDULLAHI IBRAHIM POPOOLA"
13807,2,collision,36075,CON-RES-1990-48,3,"ALH. SHEHU USMAN DAKIN GARI"
13807,2,collision,27584,RES-1991-663,1,"ALH ABDULLAHI ALIYU"
7698,2,collision,21389,RES-1992-4395,2,"MAIRO SARKIN GIDA"
7698,2,collision,15001,CON-COM-1981-52,3,"DAHIRU DAHIRU MANGAL"
8240,2,collision,33170,CON-COM-1993-42,3,"UNIVERSAL FILMS DISTRIBUTION & EXHIBITING COMPANY LIMITED"
8240,2,collision,21937,CON-RES-2009-556,3,"IBRAHIM KHALIL"
11215,2,collision,35307,CON-RES-1982-1327,3,"ALHAJI USMAN ABDU BICHI"
11215,2,collision,24919,CON-COM-1985-26,3,"BALA AHMED GWARAM"
53049,2,legitimate-optot,174455,RES-2010-116,2,"DR ILEBIE VALENTINE"
53049,2,legitimate-optot,174480,KN2859,KANGIS,"DR IHEBIE VALENTINE"
14510,2,collision,28297,RES-1994-1949,2,"ALH ABDUL YAHAYA GANO"
14510,2,collision,31128,CON-RES-1994-676,3,"ALHAJI HAMIDU MAIWAKE"
13058,2,collision,30899,CON-RES-1987-411,3,"MR ANTHONY M. IGALA"
13058,2,collision,26831,RES-1991-147,1,"AMINU HABIB BASHIR"
8712,2,legitimate-linked,173668,CON-COM-2005-7,3,"MEATS ""R"" US LIMITED"
8712,2,legitimate-linked,173679,KN5014,KANGIS,"MEATS ""R"" US LIMITED"
53324,2,legitimate-optot,184768,RES-2010-2233,2,"SUWAID SAID SUWAID"
53324,2,legitimate-optot,184774,"KNML 1902",KANGIS,"SUWAID SAID SUWAID"
7406,2,collision,21096,CON-RES-1995-123,3,"ALH.IBRAHIM ZUBAIRU DOGARAI DAKATA"
7406,2,collision,31317,CON-AG-1995-86,3,"MALLAM MUHAMMADU ABDU TAMBURAWA"
171587,2,legitimate-linked,192115,CON-RES-2023-7352,3,"FAIZU MUHAMMAD GALADIMA"
171587,2,legitimate-linked,192125,KN4577,KANGIS,"MURTALA ABDULLAHI JEGA"
11477,2,collision,25181,CON-RES-1982-1575,3,"ALHAJI GARBA HAMZA"
11477,2,collision,31087,CON-RES-1982-363,3,"ALHAJI LAWAN HASSAN"
11827,2,collision,24970,CON-RES-1982-977,3,"ILLO KOHTE"
11827,2,collision,25532,CON-RES-1999-300,3,"ALH. BARAU ALH. SANI"
13267,2,collision,32149,CON-RES-1987-923,3,"HAJIA ZAINAB BALA"
13267,2,collision,27040,RES-1982-2232,1,"ALHJAI YARO ALASAN"
49203,2,legitimate-optot,185479,RES-2002-5054,2,"BALA BELLO SULAIMAN"
49203,2,legitimate-optot,185527,"KNML 4148",KANGIS,"BALA BELLO SULAIMAN"
11191,2,collision,24895,CON-RES-1983-660,3,"UMARU LAWAN"
11191,2,collision,24992,CON-RES-1982-1282,3,"ALH. MOHD ABUBAKAR"
13818,2,collision,27595,RES-1991-674,1,"ALHAJI YARO WANZAMI"
13818,2,collision,36233,CON-RES-1990-8,3,"ALHAJI BALA DANMAFARA"
17494,2,collision,185281,KN5448,KANGIS,"MURTALA ABDULLAHI JEGA"
17494,2,collision,31297,CON-IND-1995-1,3,"ALHAJI ABUBAKAR MIJINYAWA"
17589,2,legitimate-linked,186178,KN4539,KANGIS,"MURTALA ABDULLAHI JEGA"
17589,2,legitimate-linked,31392,CON-RES-1997-169,3,"NUHU ABUBAKAR"
9089,2,collision,35448,CON-COM-2009-340,3,"TASAF GENERAL MERCHANDISE LIMITED"
9089,2,collision,22790,CON-RES-1995-525,3,"MAHMOUD MAINA"
7166,2,collision,18108,CON-AG-1984-59,3,"ALHAJI SALE MAIWAKE"
7166,2,collision,20853,RES-1992-3311,2,"SULE MUSA KADAWA"
17761,2,collision,16747,CON-RES-RC-1981-145,3,"ABDUL RAHMAN HAMID"
17761,2,collision,31565,CON-COM-2004-104,3,"ZAINAB SANI BABAN-GWARI"
16109,2,collision,21888,CON-RES-2009-299,3,"ALHAJI UMARU AHMED"
16109,2,collision,29908,CON-IND-1988-2,3,"HASSAN A DAYEKH"
59411,2,legitimate-linked,175355,RES-2019-209,2,"ABUBAKAR ABDULLAHI UNGOGGO"
59411,2,legitimate-linked,175356,KN3314,KANGIS,"ABUBAKAR ABDULLAHI UNGOGGO"
7279,2,collision,20966,CON-RES-1994-785,3,"KABIRU ABUBAKAR"
7279,2,collision,18895,CON-AG-1987-8,3,"ALHAJI SULE IBRAHIM"
155683,2,legitimate-linked,179998,CON-COM-2024-291,3,"ALHAJI MUHAMMADU KAMSUSI"
155683,2,legitimate-linked,180006,KN4510,KANGIS,"ALHAJI MUHAMMADU KAMSUSI"
41452,2,legitimate-linked,192146,RES-1993-2580,2,"USMAN ALIYU GORA"
41452,2,legitimate-linked,192169,KN3940,KANGIS,"USMAN ALIYU GORA"
7374,2,collision,20066,CON-AG-1993-77,3,"ALHAJI HASSAN YA'U"
7374,2,collision,21063,RES-1992-3618,2,"LABARAN INUWA"
13817,2,collision,27594,RES-1991-673,1,"SEHU SANI"
13817,2,collision,36483,CON-RES-1990-75,3,"ALH SA'IDU DATTIJO ADAHAMA"
12667,2,collision,26373,RES-1982-1752,1,"IBRAHIM DABO"
12667,2,collision,32483,CON-RES-1986-390,3,"ALH DALHA SALIHU"
14811,2,collision,38493,CON-RES-1997-217,3,"ALH SA'ADU IBRAHIM"
14811,2,collision,28601,RES-1993-1396,2,"HABIBU ADAMU"
11994,2,collision,26349,CON-RES-1983-456,3,"ALH. ABDULLAH AHMED"
11994,2,collision,25699,CON-RES-1985-254,3,"ALHAJI AMADU MAI GORO"
46390,2,legitimate-linked,187234,RES-2000-1110,2,"ENGE. SALISU SULAIMAN AHMED"
46390,2,legitimate-linked,187244,"KNML 292",KANGIS,"ENGE. SALISU SULAIMAN AHMED"
152570,2,legitimate-linked,175953,RES-1986-472,1,"UMAR ADAMU MUHAMMAD"
152570,2,legitimate-linked,175961,KN4044,KANGIS,"UMAR ADAMU MUHAMMAD"
45498,2,legitimate-linked,181276,RES-1997-504,2,"BASHIR M SHARIFF"
45498,2,legitimate-linked,181309,"KNML 1971",KANGIS,"BASHIR M SHARIFF"
15601,2,collision,29400,CON-RES-1987-591,3,"MUSA USMAN GARKO"
15601,2,collision,34813,CON-RES-2005-519,3,"DR MUSTAPHA  ABDULKADIR"
7726,2,collision,15262,CON-COM-1982-122,3,"EL-JALILU NIGERIA LIMITED"
7726,2,collision,21417,RES-1992-4443,2,"IBRAHIM MUHAMMAD"
12997,2,collision,26769,RES-1991-71,1,"AMINU DANLAMI MAITAYA"
12997,2,collision,22952,CON-RES-1987-287,3,"MALLAM MUHAAMMADU HAFIZU"
11315,2,collision,26007,CON-RES-1982-1548,3,"ALHAJI USAMATU MAHMUD"
11315,2,collision,25019,CON-RES-1983-582,3,"DAUDA IBRAHIM"
7276,2,collision,20963,CON-RES-1994-782,3,"ALHAJI MUHAMMED NA-BALINGA ALIYU"
7276,2,collision,34374,CON-AG-1987-70,3,"SHEHU OTHMAN AHMED"
160634,2,legitimate-linked,184098,SLTR-199760,SLTR,"HAFSA BALA SULE, MAIMUNA BALA SULE , HASSANA BALA SULE"
160634,2,legitimate-linked,184110,KN5596,KANGIS,"HAFSA BALA SULE, MAIMUNA BALA SULE , HASSANA BALA SULE"
14448,2,collision,28235,RES-1993-2489,2,"ALHAJI YAHAYA DALA"
14448,2,collision,31474,CON-RES-1994-370,3,"ALHAJI SABO LAWAN KABARA"
11449,2,collision,25153,CON-RES-1982-719,3,"M. DALHA ABDU"
11449,2,collision,21708,CON-RES-1982-303,3,"ALHAJI MUSA  DAURAWA"
12850,2,legitimate-optot,26622,RES-1982-2117,1,"ALH. MUKTAR A. MAHMUD"
12850,2,legitimate-optot,30809,CON-RES-1987-1294,3,"BALARABE ILIYASU"
27074,2,legitimate-linked,188227,RES-1981-1657,1,"SANI BELLO ABUBAKAR"
27074,2,legitimate-linked,188235,"KNML 2897",KANGIS,"SANI BELLO ABUBAKAR"
11820,2,collision,33446,CON-RES-1982-961,3,"ALHAJI UBALE ALI TIJJANI"
11820,2,collision,25524,CON-RES-1999-317,3,"TIJJANI HAMISU MAIRIGA"
11569,2,collision,25273,CON-RES-1983-588,3,"ALHAJI HABIBU IBRAHIM"
11569,2,collision,22286,CON-RES-1982-500,3,"ALHAJI ABDUL AZIZ AYOOLA"
12177,2,collision,25882,CON-RES-1988-454,3,"ALHAJI LILI GABARI"
12177,2,collision,30756,CON-RES-1984-228,3,"ALHAJI SALISU ADAMU"
9581,2,collision,23283,RES-1992-7201,2,"ALH IRO KURAMI"
9581,2,collision,33903,CON-COM-2014-25,3,"SULEIMAN MUHAMMAD"
14766,2,collision,28555,RES-1993-1245,2,"ALHAJI LAWAL USAINI RIMI"
14766,2,collision,38264,CON-RES-1996-73,3,"BALA MOHAMMED DANBATTA"
14267,2,collision,17841,CON-RES-1993-441,3,"ABUBAKAR .S. ABDULLAHI"
14267,2,collision,28054,RES-1992-1603,2,"ALH BALARABE MAIKORE"
10138,2,collision,174779,KN5051,KANGIS,"ISYAKU IBRAHIM TSURUTAWA"
10138,2,collision,23840,CON-RES-1983-312,3,"ALHAJI UMARU SABON GARI"
14586,2,collision,36983,CON-RES-1995-245,3,"ALHAJI SANI IBRAHIM"
14586,2,collision,28373,RES-1992-7383,2,"ALHAJI ADAMU USMAN BALAGU"
18436,2,collision,32241,CON-RES-1987-1323,3,"ALHAJI NURAH ALI"
18436,2,collision,16780,CON-RES-RC-1982-726,3,"ALHAJI YAHAYA MOHAMMED"
10344,2,collision,24046,CON-RES-1989-31,3,"ALHAJI IBRAHIM CIGARI"
10344,2,collision,25035,CON-COM-RC-1983-2,3,"AMANA PROPERTIES LTD"
11413,2,collision,31089,CON-RES-1982-254,3,"OXFORD POLY INDUSTRIES LTD"
11413,2,collision,25117,CON-RES-1982-1108,3,"ALHAJI SULE GUNYA"
51589,2,legitimate-optot,189792,RES-2008-1573,2,"IBRAHIM USMAN AUYO"
51589,2,legitimate-optot,189798,"KNML 2422",KANGIS,"IBRAHIM USMAN AUYO"
14495,2,collision,36598,CON-RES-1994-621,3,"DANJUMA ALI GARKO"
14495,2,collision,28282,RES-1994-1932,2,"MOHAMMED ABDULLAHI"
12811,2,collision,26583,RES-1982-2369,1,"UMARU UBA MUHAMMED"
12811,2,collision,34395,CON-RES-1987-1186,3,"MALLAM ABDULKARIM UMAR YAKUBU"
156155,2,legitimate-linked,183390,SLTR-70536,,"MAHARAZI SALISU ABUBKAR"
156155,2,legitimate-linked,183394,KN5595,KANGIS,"MAHARAZU SALISU ABUBAKAR"
40956,2,legitimate-linked,178662,RES-1992-983,2,"MUHAMMAD SALEH"
40956,2,legitimate-linked,178667,"KNML 1779",KANGIS,"MUHAMMAD SALEH"
15997,2,collision,47414,CON-RES-2008-61,3,"MARIYA AMINU DUTSE"
15997,2,collision,29796,CON-RES-1989-594,3,"MUSA HABUBAKAR"
8423,2,collision,32753,CON-COM-1998-84,3,"DAGASAU VENTURES LTD"
8423,2,collision,22123,CON-RES-2009-751,3,"RAKIYA .A. ABUBAKAR"
7657,2,collision,182534,KN3295,KANGIS,"BROS ANJATOR ENTERPRISES"
7657,2,collision,21348,CON-AG-1989-106,3,"IDRIS S KAZAURE"
17968,2,collision,21496,CON-RES-RC-1982-193,3,"AUWALU ISA ALFINDIKI"
17968,2,collision,31772,CON-RES-1984-345,3,"ALHAJI ABDU B YAKASAI"
778,2,legitimate-linked,176316,KN3513,KANGIS,"MR. EMMANUEL NNAJI"
778,2,legitimate-linked,174850,COM-1986-135,1,"MR EMMANUEL NNAJI"
15274,2,collision,47136,CON-RES-2002-268,3,"BAKO MUHAMMAD"
15274,2,collision,29072,RES-1993-3310,2,"AHMAD BALA"
38067,2,legitimate-linked,181406,RES-1991-8168,1,"FATIMA MUKHTAR"
38067,2,legitimate-linked,181412,"KNML 1977",KANGIS,"FATIMA MUKHTAR"
17869,2,collision,31673,CON-RES-1986-197,3,"ALHAJI DALADIDI DAHIRU"
17869,2,collision,31041,CON-RES-RC-1982-109,3,"ALHAJI MANSUR MOHAMMED YOLA"
7945,2,collision,29560,CON-COM-1984-45,3,"ALHAJI ALI BASHIR"
7945,2,collision,21638,RES-1992-4764,2,"DAHIRU ABDU"
13752,2,collision,27529,RES-1991-594,1,"ALH AMINU IDI KAWO"
13752,2,collision,36072,CON-RES-1990-302,3,"ALHAJI BELLO MUSA"
180597,2,legitimate-linked,198924,CON-RES-2020-80,3,"ABBA MAMMAN TOR HABIB"
180597,2,legitimate-linked,198932,KN2852,KANGIS,"ABBA MAMMAN TOR HABIB"
11593,2,collision,31983,CON-RES-1982-535,3,"ALHAJI IBRAHIM MAITABA KANO"
11593,2,collision,25297,CON-RES-1984-700,3,"ISYAKU ABDULKADIR"
13595,2,collision,27369,RES-1990-2490,1,"ALHAJI ISA DANTUBE"
13595,2,collision,23933,CON-RES-1989-287,3,"YUSUF BELLO"
12399,2,collision,29347,CON-RES-1985-298,3,"ALHAJI ABDULLAHI MOH"
12399,2,collision,26104,CON-RES-1989-352,3,"ALHAJI TIJJANI BADAMASI"
35685,2,legitimate-linked,187153,RES-1990-3037,1,"ALH MOHD MUSA SHEHI"
35685,2,legitimate-linked,187176,"KNML 273",KANGIS,"ALH MOHD MUSA SHEHI"
115465,2,legitimate-linked,168454,RES-2023-6423,2,"KABIRU DAN ASABE"
115465,2,legitimate-linked,168490,KN3454,KANGIS,"KABIRU DAN ASABE"
153429,2,legitimate-linked,181677,KN4823,KANGIS,"MURTALA ABDULLAHI JEGA"
153429,2,legitimate-linked,177745,CON-RES-2023-7333,3,"FAIZU MUHAMMAD GALADIMA"
13108,2,legitimate-optot,26881,RES-1991-201,1,"H. SABUWA INUWA"
13108,2,legitimate-optot,27005,CON-RES-1987-54,3,"ALHAJI UMARU MOHAMMED ZANGO"
14033,2,collision,38476,CON-RES-1992-274,3,"IBRHIM ALI"
14033,2,collision,27820,RES-1993-201,2,"MOHD IBRAHIM  MADANI"
18570,2,collision,32375,CON-RES-1987-132,3,"NURA ADAMU"
18570,2,collision,20397,CON-RES-RC-1984-9,3,"ALHAJI MADAHA FAGGE"
166918,2,legitimate-linked,189375,COM-2025-66,1,"MUSA HARUNA TAHIR"
166918,2,legitimate-linked,189388,KN4121,KANGIS,"MUSA HARUNA TAHIR"
153337,2,legitimate-linked,177634,CON-RES-2023-7265,3,"FAIZU MUHAMMAD GALADIMA"
153337,2,legitimate-linked,181205,KN5145,KANGIS,"MURTALA ABDULLAHI JEGA"
13021,2,legitimate-optot,26793,RES-1991-108,1,"IMAM UMAR"
13021,2,legitimate-optot,24577,CON-RES-1987-342,3,"IBRAHIM BALA"
17800,2,collision,34551,CON-RES-RC-1981-42,3,"ALHAJI GARBA MOHAMMED"
17800,2,collision,31604,CON-RES-1982-570,3,"ALHAJI MOHAMMADU DAN DAURA"
65314,2,legitimate-linked,169166,RES-RC-1982-1287,1,"MR FRANK NWOSU CHUKWUNEMELU"
65314,2,legitimate-linked,169244,"KNML 7277",KANGIS,"MR FRANK NWOSU CHUKWUNEMELU"
53962,2,legitimate-optot,194231,RES-2012-1498,2,"IBRAHIM ISYAKU"
53962,2,legitimate-optot,194245,"KNML 7641",KANGIS,"IBRAHIM ISYAKU"
17981,2,collision,19837,CON-RES-RC-1982-205,3,"DAVID AKANDE BOLANTA"
17981,2,collision,31785,CON-RES-1984-578,3,"ALHAJI SHU'AIBU GWAMNA"
17420,2,collision,184702,KN5361,KANGIS,"MURTALA ABDULLAHI JEGA"
17420,2,collision,31223,CON-RES-1995-285,3,"ALHAJI SALE KADAWA"
7151,2,collision,26240,CON-AG-1984-29,3,"ALHAJI SHEHU SAYA-SAYA"
7151,2,collision,20838,RES-1992-3262,2,"INUSA A HALILU GAYA"
177830,2,legitimate-linked,196712,CON-RES-2005-155,3,"MAGAJI ILU AHMAD"
177830,2,legitimate-linked,196731,"KNML 720",KANGIS,"MAGAJI ILU AHMAD"
52500,2,legitimate-linked,195168,RES-2009-5316,2,"KASSIM YAKASAI MUHAMMAD"
52500,2,legitimate-linked,195190,"KNML 1103",KANGIS,"KASSIM YAKASAI MUHAMMAD"
65992,2,legitimate-optot,177542,RES-RC-1982-253,1,"ALH SHEHU NAKWARAI"
65992,2,legitimate-optot,177566,"KNML 3062",KANGIS,"SHEHU NAKWARAI"
17500,2,collision,31303,CON-AG-1995-33,3,"ALHAJI NASIRU MUDI IBRAHIM"
17500,2,collision,185346,KN5367,KANGIS,"MURTALA ABDULLAHI JEGA"
9552,2,collision,23254,RES-1992-7106,2,"ABDULLAHI ALHASSAN"
9552,2,collision,35077,CON-COM-2014-105,3,"ASHRAF ENERGY LIMITED"
28441,2,legitimate-optot,188685,RES-1982-1729,1,"ALH SIRAJO TSOHO MUSA"
28441,2,legitimate-optot,188717,"KNML 2892",KANGIS,"ALH SIRAJO TSOHO MUSA"
162112,2,legitimate-linked,185474,CON-RES-1990-397,3,"MALLAM BASHIR MUSA"
162112,2,legitimate-linked,185475,"KNML 1509",KANGIS,"MALLAM BASHIR MUSA"
11140,2,collision,24844,CON-RES-1986-228,3,"ALH. ISA UMARU MOHAMMED"
11140,2,collision,31103,CON-RES-1982-118,3,"ALHAJI ADAMU AMNU AZARE"
16219,2,collision,21882,CON-RES-2009-720,3,"MUHAMMAD LAWAN USMAN"
16219,2,collision,30018,CON-RES-1990-56,3,"ALH BALARABE SA'ADU"
45017,2,legitimate-linked,174384,RES-1996-819,2,"RUFAI SULE BICHI"
45017,2,legitimate-linked,174443,"KNML 7699",KANGIS,"RUFAI SULE BICHI"
145340,2,legitimate-linked,168262,CON-RES-2025-1403,3,"AMINU AHMAD DAWAKI"
145340,2,legitimate-linked,168277,KN5348,KANGIS,"AMINU AHMAD DAWAKI"
43957,2,legitimate-linked,182724,RES-1995-2823,2,"SALAMATU SABO BAKIN ZUWO"
43957,2,legitimate-linked,182725,"KNML 1935",KANGIS,"SALAMATU SABO BAKIN ZUWO"
26757,2,legitimate-optot,186476,RES-1981-117,1,"HAJIYA JAMILAH SALEH"
26757,2,legitimate-optot,186495,"KNML 1560",KANGIS,"JAMILA IFEYINWA SALEH"
156060,2,legitimate-linked,180390,RES-1983-1136,1,"ALHAJI ABDUMOHAMMED DANGADO"
156060,2,legitimate-linked,180407,"KNML 1479",KANGIS,"HAJIYA MARIYA SANUSI DANTATA"
180556,2,legitimate-linked,198886,RES-2009-6507,2,"GARBA MANSUR"
180556,2,legitimate-linked,198898,KN2549,KANGIS,"GARBA MANSUR"
13999,2,collision,35956,CON-RES-1992-159,3,"ALHAJI MUHAMMADU ISYAKU FAGGE"
13999,2,collision,27786,RES-1993-102,2,"KYAUTA HASSAN"
13172,2,collision,24532,CON-RES-1987-710,3,"MR. BONIFACE OKEHIE"
13172,2,collision,26945,RES-1991-278,1,"ALHAJI MOHAMMED NASIRU GARBA"
7287,2,collision,20974,RES-1992-3461,2,"ALI ANIS SALEH"
7287,2,collision,17026,CON-AG-1988-104,3,"SHANONO RANCH LIMITED"
13351,2,collision,24242,CON-RES-1988-203,3,"ALHAJI SALISU AHMED"
13351,2,collision,27125,RES-1991-315,1,"ALHAJI BALA KAMBARI"
150483,2,legitimate-linked,173784,CON-RES-2006-177,3,"MR FRANCIS EKEKA"
150483,2,legitimate-linked,173785,KN3848,KANGIS,"MR FRANCIS EKEKA"
11020,2,collision,24724,CON-RES-1985-335,3,"IBRAHIM SANI"
11020,2,collision,14974,CON-RES-1981-607,3,"ALH MUHAMMADU KABBA"
12039,2,collision,32000,CON-RES-1983-611,3,"ALHAJI ABDULLAHI IDRIS UMAR"
12039,2,collision,25744,CON-RES-1989-193,3,"ALH LAWALADAMU"
157606,2,legitimate-linked,181732,RES-2022-3436,2,"MR. OSITA  LOUIS AROH"
157606,2,legitimate-linked,181759,KN3938,KANGIS,"MR. OSITA  LOUIS AROH"
15386,2,collision,34764,CON-RES-2004-138,3,"ALHAJI SANI A SANI"
15386,2,collision,29184,RES-1993-3600,2,"DANJUMMAI GARBA KOFA"
174374,2,legitimate-linked,194158,RES-1982-564,1,"HADIZA SULEIMAN SHEHU"
174374,2,legitimate-linked,194160,"KNML 538",KANGIS,"HADIZA SULEIMAN SHEHU"
11612,2,collision,31032,CON-RES-1982-563,3,"ALHAJI ABDULRAHMAN MANDAWARI"
11612,2,collision,25316,CON-RES-1984-466,3,"MR. RAYMOND HENRY EKOKOSE OKENA"
14676,2,collision,28464,RES-1993-483,2,"IBRAHIM SA'ADU, ABDU SA'ADU AND HARUNA SA'ADU"
14676,2,collision,22774,CON-RES-1995-625,3,"ALHAJI MOHAMMED S. KATO"
11823,2,collision,25527,CON-RES-1999-324,3,"MURTALA HABIB YAHAYA"
11823,2,collision,195363,CON-RES-1982-970,3,"SHUAIBU IBRAHIM NUHU"
161695,2,legitimate-linked,185104,RES-2022-1836,2,"DR ALI MUSTAPHA KURAYSH"
161695,2,legitimate-linked,185189,KN1070,KANGIS,"DR ALI MUSTAPHA KURAYSH"
155272,2,legitimate-linked,179621,RES-1986-1199,1,"ALHAJI HAMZA BELLO"
155272,2,legitimate-linked,179635,"KNML 1845",KANGIS,"ALHAJI YAKUBU MOHAMMED NAKUDU"
167119,2,legitimate-linked,189512,CON-RES-2023-7227,3,"FAIZU MUHAMMAD GALADIMA"
167119,2,legitimate-linked,189521,KN5242,KANGIS,"MURTALA ABDULLAHI JEGA"
10986,2,collision,24690,CON-RES-1983-531,3,"ALHAJI HUSSAINI IBRAHIM"
10986,2,collision,14461,CON-RES-1981-548,3,"ALH KABIRU SULE BALARABE"
7205,2,collision,20892,CON-AG-1983-180,3,"ALHAJI ADAMU MADUGU"
7205,2,collision,30559,CON-AG-1986-122,3,"ALHAJI ABDU MADARI FARM LTD"
17829,2,collision,31633,CON-RES-1982-948,3,"ALHAJI DAHIRU USMAN"
17829,2,collision,34548,CON-RES-RC-1981-72,3,"ALHAJI SANI BUHARI DAUDA"
8387,2,collision,16466,CON-COM-1998-12,3,"ALHAJI ABDULMUMINI HASSAN"
8387,2,collision,22086,CON-RES-2009-65,3,"ALHAJI NASIRU MUSA JIBRIL"
14185,2,collision,17508,CON-RES-1993-141,3,"BASHIR SHARIF BAWA"
14185,2,collision,27972,RES-1993-882,2,"MUHAMMAD SANI"
41787,2,legitimate-linked,181805,RES-1993-4212,2,"RABIU HASSAN IBRAHIM"
41787,2,legitimate-linked,181811,"KNML 1988",KANGIS,"RABIU HASSAN IBRAHIM"
151574,2,legitimate-linked,174762,CON-RES-2024-1469,3,"DR. SULAIMAN MUDI HAMZA"
151574,2,legitimate-linked,174780,KN4569,KANGIS,"DR. SULAIMAN MUDI HAMZA"
12878,2,collision,26650,RES-1982-2164,1,"USAINI ALH. MOHAMMED"
12878,2,collision,30506,CON-RES-1987-139,3,"ALHAJI IBRAHIM MIJINYAWA"
10230,2,collision,23932,CON-RES-1989-430,3,"AUWALU SHUA'IBU"
10230,2,collision,32513,CON-COM-RC-1981-3,3,"ALHAJI AMINU ALHASSAN DANTATA"
146914,2,legitimate-linked,169986,CON-COM-2020-35,3,"HAMZA UBA ADAMU"
146914,2,legitimate-linked,169988,KN4865,KANGIS,"HAMZA UBA ADAMU"
5156,2,legitimate-linked,175071,COM-2022-503,1,"CHALLAWA OIL & GAS LTD"
5156,2,legitimate-linked,175083,KN4261,KANGIS,"CHALLAWA OIL & GAS LTD"
57401,2,legitimate-linked,185194,RES-2016-840,2,"UMAR ADAMU BAPPAN"
57401,2,legitimate-linked,185213,"KNML 8795",KANGIS,"UMAR ADAMU BAPPAN"
13135,2,collision,26908,RES-1991-235,1,"AISHA MUSA KWALLA"
13135,2,collision,34379,CON-RES-1987-629,3,"KINGSLEY CHUKUBZU EKE"
18084,2,collision,31888,CON-RES-1984-646,3,"CHIEF ALHAJI MRS. OSA EREDIAUWA"
18084,2,collision,32424,CON-RES-RC-1982-356,3,"ALHAJI GARBA NAMATAN BICHI & SON LTD"
18545,2,collision,19463,CON-RES-RC-1984-37,3,"ALHAJI IBRAHIM YARO MOHAMMED"
18545,2,collision,32350,CON-RES-1987-1090,3,"ALHAJI AHMED BABA"
13049,2,collision,24621,CON-RES-1987-393,3,"ALHAJI SHUAIBU MOHAMMED"
13049,2,collision,26821,RES-1991-131,1,"ALHAJI IBRAHIM MUHAMMAD"
146939,2,legitimate-linked,170014,RES-2000-2575,2,"ALH MANSUR IDRIS"
146939,2,legitimate-linked,170018,KN4842,KANGIS,"ALH MANSUR IDRIS"
49633,2,legitimate-linked,182721,RES-2002-828,2,"SALAMATU SABO BAKIN ZOWU"
49633,2,legitimate-linked,182722,"KNML 1936",KANGIS,"SALAMATU SABO BAKIN ZOWU"
18448,2,collision,32253,CON-RES-1987-876,3,"MRS HELEN FUNKE OLA-OJO"
18448,2,collision,19809,CON-RES-RC-1982-74,3,"ALHAJI UBA ADAMU"
10734,2,collision,24437,CON-RES-1987-755,3,"ALHAJI BABAN GWARI SANI"
10734,2,collision,14230,CON-RES-1981-104,3,"EMMANUEL NWORA"
13891,2,collision,27670,RES-1991-762,1,"HARUNA ADAMU MUHAMMAD"
13891,2,collision,35829,CON-RES-1991-360,3,"SABO SHEHU SHEKARAU"
12812,2,collision,32304,CON-RES-1987-1202,3,"MALLAM SABO DAUDA DAKATA"
12812,2,collision,26584,RES-1982-2361,1,"MALLAM MIKO AHMADU"
7292,2,collision,20979,RES-1992-3469,2,"MAHADI SALISU"
7292,2,collision,29920,CON-AG-1988-26,3,"ALH SADI IBRAHIM"
11632,2,collision,25336,CON-RES-1984-400,3,"ALHAJI MUSA BALA ALI"
11632,2,collision,35278,CON-RES-1982-597,3,"CHRISTOPHER EHIKHUEMEN"
45959,2,legitimate-optot,171206,RES-1998-433,2,"AKHIM PLUS NIGERIA LIMITED."
45959,2,legitimate-optot,171244,"KNML 1133",KANGIS,"ODETTE MARY AND MARIE CHRISTINA FADOUL."
8419,2,legitimate-linked,22119,CON-RES-2009-1041,3,"DATTI IDRIS"
8419,2,legitimate-linked,32749,CON-COM-1998-76,3,"ABBAS BROTHERS NIGERIA LIMITED"
12996,2,collision,30522,CON-RES-1987-286,3,"MOHAMMED YAHAYA"
12996,2,collision,26768,RES-1991-69,1,"ZAINAB IBRAHIM DANTIYE"
14019,2,collision,38471,CON-RES-1992-213,3,"ALH YUSUF TAYO"
14019,2,collision,27806,RES-1993-163,2,"SULE JANRUWA/AMINU WURO"
18430,2,collision,18945,CON-RES-RC-1982-719,3,"ALHAJI ALI USMAN GAYA"
18430,2,collision,32235,CON-RES-1987-632,3,"MR ERIC N ENECHUKWU"
8230,2,collision,21927,CON-RES-2009-94,3,"ALHAJI TIJJANI AHMED"
8230,2,collision,33178,CON-COM-1993-19,3,"A ISMAILA UMAR USMAN"
8219,2,collision,33169,CON-COM-1993-110,3,"ALH MOHAMMOUD DAN KANYE"
8219,2,collision,21916,CON-RES-2009-643,3,"YAKUBU ABDULLAHI"
17578,2,collision,31381,CON-RES-1997-130,3,"NURA MOHAMMED DANKADAI"
17578,2,collision,181723,KN4597,KANGIS,"MURTALA ABDULLAHI JEGA"
17756,2,collision,31560,CON-COM-2004-42,3,"ALHAJI HARUNA Y DAN MAI UNGUWA"
17756,2,collision,16714,CON-RES-RC-1981-139,3,"ALH ILIYASU BABA KUSA"
10783,2,collision,13934,CON-RES-1981-195,3,"ABBAS BROTHERS NIGERIA LIMITED"
10783,2,collision,24486,CON-RES-1987-172,3,"CHIEF MICHAEL OLA ABODUNRIN"
10931,2,collision,24635,CON-RES-1988-524,3,"LAMIDO UMAR"
10931,2,collision,13947,CON-RES-1981-44,3,"ALHAJI MUHAMMADU NA MALLAM ILIYASU"
149100,2,legitimate-linked,172482,CON-COM-2024-165,3,"D. S. H GLOBAL INVESTMENT LTD."
149100,2,legitimate-linked,172506,KN2262,KANGIS,"""D. S. H GLOBAL INVESTMENT LTD."""
40363,2,legitimate-linked,185606,RES-1992-651,2,"ENGR. SALISU SULEIMAN AHMED"
40363,2,legitimate-linked,185614,"KNML 294",KANGIS,"ENGR. SALISU SULEIMAN AHMED"
13430,2,collision,27204,RES-1991-416,1,"BATULU ABDU"
13430,2,collision,24282,CON-RES-1988-425,3,"ALH. LILI GABARI"
154920,2,legitimate-linked,179267,COM-2025-65,1,"MUSA HARUNA TAHIR"
154920,2,legitimate-linked,179286,KN4120,KANGIS,"MUSA HARUNA TAHIR"
12650,2,collision,26356,CON-RES-1983-387,3,"SARATU OLUREMI"
12650,2,collision,24186,CON-RES-1986-358,3,"ALHAJI BELLO SANI ALI"
13180,2,collision,26953,RES-1991-289,1,"ALARAMMA MALLAM SHU`AIBU MAIBULO"
13180,2,collision,30883,CON-RES-1987-732,3,"ABDULLAHI BABATUNDE ASUNMOH"
11649,2,legitimate-optot,21718,CON-RES-1982-62,3,"ALH MAKAMA TAKAI"
11649,2,legitimate-optot,25353,CON-RES-RC-1982-16,3,"ALHAJI BELLO KIBIYA"
41397,2,legitimate-linked,177481,RES-1993-2216,2,"MOHAMMED KABIR UMAR"
41397,2,legitimate-linked,177499,"KNML 1827",KANGIS,"MOHAMMED KABIR BEN UMAR"
11927,2,collision,24873,CON-RES-1983-3,3,"ALHAJI HASSAN MUHAMMAED"
11927,2,collision,25632,CON-RES-1984-165,3,"ALHAJI GARBA YANKABA"
151174,2,legitimate-linked,174397,,1,"NURA YUSUF IBRAHIM"
151174,2,legitimate-linked,174415,KN2234,KANGIS,"NURA YUSUF IBRAHIM"
12183,2,collision,25051,CON-RES-1984-252,3,"ALHAJI NASIDI BARNAU ABDULLAHI"
12183,2,collision,25888,CON-RES-1988-468,3,"ALHAJI LAWAN IDRIS KAZAURE"
13538,2,collision,27312,RES-1991-557,1,"ALHAJI MUHAMMADU FARAWA"
13538,2,collision,29764,CON-RES-1989-114,3,"ALHAJI YAU MAIGIDA"
150115,2,legitimate-linked,173466,CON-COM-2023-417,3,"SHUAIBU GARBA"
150115,2,legitimate-linked,173474,KN4806,KANGIS,"SHUAIBU GARBA"
6905,2,collision,20589,RES-1992-3149,2,"ALH ABDULLAHI TOLI AYAGI"
6905,2,collision,16120,CON-AG-1982-151,3,"MALLAM IGUDA AHMED"
13875,2,collision,27653,RES-1991-742,1,"TIJJANI SUNUSI WAKILIN YAMMA"
13875,2,collision,36879,CON-RES-1991-291,3,"ABDULLAHI ALIYU"
13786,2,collision,36244,CON-RES-1990-419,3,"MR RAPHEAL NKANNEBE"
13786,2,collision,27563,RES-1991-640,1,"RUKAIYA CINHANNU"
11815,2,collision,29651,CON-RES-1982-940,3,"ALHAJI RABIU MAHMUDA"
11815,2,collision,25519,CON-RES-1999-328,3,"MALLAM INUSA UBA"
11103,2,collision,24807,CON-RES-1986-122,3,"HASSAN SALE"
11103,2,collision,31027,CON-RES-1982-1098,3,"ALHAJI UMAR HAMID"
7400,2,collision,21090,CON-RES-1995-110,3,"A. UMAR TRADER"
7400,2,collision,31305,CON-AG-1995-53,3,"SALHUNA INVESTMENT LIMITED"
14449,2,collision,31473,CON-RES-1994-371,3,"ALHAJI SABO LAWAN KABARA"
14449,2,collision,28236,RES-1993-2490,2,"ALHAJI YAHAYA DALA"
13805,2,collision,27582,RES-1991-661,1,"SHUAIBAU SULEIMAN"
13805,2,collision,17784,CON-RES-1990-477,3,"ALHAJI SANI DAHIRU"
48599,2,legitimate-linked,177649,RES-2002-1268,2,"NASIRU ALI YAKASAI"
48599,2,legitimate-linked,177653,"KNML 34",KANGIS,"NASIRU ALI YAKASAI"
8361,2,collision,22060,CON-RES-2009-1004,3,"YINKA MARY NDUMANYA"
8361,2,collision,32676,CON-COM-1997-11,3,"ALHAJI USAINI IBRAHIM A. U. B."
13775,2,collision,18500,CON-RES-1990-371,3,"MOMOH SANI MOMOH"
13775,2,collision,27552,RES-1991-624,1,"HABSATU M. CHINADE"
24044,2,collision,47011,CON-RES-1997-94,3,"ALHAJI IBRAHIM KANO"
24044,2,collision,47061,CON-RES-1999-190,3,"ISMAILA BELLO"
11151,2,collision,24855,CON-RES-1986-239,3,"ALH MOHAMMED ISA GARBA"
11151,2,collision,25933,CON-RES-1982-1197,3,"ALHAJI YAKUBU ADAMU"
14405,2,collision,28192,RES-1993-2269,2,"IDRIS IBRAHIM"
14405,2,collision,31428,CON-RES-1994-326,3,"ALHAJI SABO LAWAN KABARA"
49881,2,legitimate-linked,183212,RES-2003-2279,2,"USMAN UBA MUSA"
49881,2,legitimate-linked,183251,"KNML 5828",KANGIS,"USMAN UBA MUSA"
14735,2,collision,37139,CON-RES-1996-250,3,"HAJIYA BATULA KOGUNA"
14735,2,collision,28523,RES-1993-1104,2,"ALHAJI BALA ALHASSAN"
177473,2,legitimate-linked,196460,RES-2022-1606,2,"ALH ALI NUHU INDABO"
177473,2,legitimate-linked,196485,"KNML 9856",KANGIS,"ALH ALI NUHU INDABO"
10928,2,collision,24632,CON-RES-1988-321,3,"ALHAJI MUHAMMADU ABDULLAHI"
10928,2,collision,19164,CON-RES-1981-431,3,"MALLAM TUKUR MAFADA"
176021,2,legitimate-linked,195243,COM-1990-151,1,"ALHAJI ILA MAI ITACHE"
176021,2,legitimate-linked,195247,KN1922,KANGIS,"ALHAJI ILA MAI ITACHE"
10067,2,collision,172927,KN5341,KANGIS,"ALKALI MUHAMMAD INUWA GAYAWA"
10067,2,collision,23769,CON-AG-1992-3,3,"ALHAJI DAUDA HUSAINI"
17464,2,collision,31267,CON-COM-1995-6,3,"ALHAJI BATURE YAHAYA"
17464,2,collision,184741,KN5375,KANGIS,"MURTALA ABDULLAHI JEGA"
151921,2,legitimate-linked,175170,CON-COM-2023-495,3,"ADAMU LABARAN USMAN"
151921,2,legitimate-linked,175171,KN5461,KANGIS,"ADAMU LABARAN USMAN"
14749,2,legitimate-optot,21365,CON-RES-1996-337,3,"BABA USMAN TOFA"
14749,2,legitimate-optot,28538,RES-1993-1177,2,"SHA'AIBU ALHAJI"
17547,2,legitimate-linked,31350,CON-RES-1995-560,3,"ALHAJI GARBA IBRAHIM"
17547,2,legitimate-linked,187267,KN5206,KANGIS,"MURTALA ABDULLAHI JEGA"
15434,2,collision,29232,CON-RES-1984-223,3,"ALHAJI LABARAN MOHAMMED"
15434,2,collision,34630,CON-RES-2004-302,3,"ALHAJI UMARU A. DANDIBI"
8731,2,collision,34903,CON-COM-2006-10,3,"ALH MUSA ABDULRAZAQ GORA"
8731,2,collision,22430,RES-1992-6477,2,"INUSA AHMAD"
158470,2,legitimate-optot,182419,RES-2024-4530,2,"SANI ABUBAKAR SANI"
158470,2,legitimate-optot,182433,KN3724,KANGIS,"SANI ABUBAKAR SANI"
14460,2,collision,33236,CON-RES-1994-411,3,"MACHINERY & TRANSMISSIONN LTD"
14460,2,collision,28247,RES-1994-400,2,"MUHAMMAD BARDE"
14505,2,legitimate-optot,28292,RES-1994-1944,2,"ALH SALISU IBRAHIM"
14505,2,legitimate-optot,33206,CON-RES-1994-653,3,"MR BUHARI HASHEEN"
150351,2,legitimate-linked,173677,CON-COM-2023-512,3,"NASLINA VENTURE AND SERVICES LTD"
150351,2,legitimate-linked,173678,KN3228,KANGIS,"NASLINA VENTURE AND SERVICES LTD"
15474,2,collision,29272,CON-RES-1985-449,3,"EX COPORAL OJO-DAN-MAMA"
15474,2,collision,34684,CON-RES-2004-372,3,"KANO ELECTRICITY DISTRIBUTION"
11431,2,collision,25135,CON-RES-1982-1505,3,"AKINPELU AKINKUNMI"
11431,2,collision,34221,CON-RES-1982-278,3,"ALHAJI SABO DANTATA"
176370,2,legitimate-linked,195561,CON-COM-2016-93,3,"AJJUS MTF PETROLEUM NIG. LTD"
176370,2,legitimate-linked,195562,"MLKN 2820",KANGIS,"AJJUS MTF PETROLEUM NIG. LTD"
11953,2,legitimate-optot,24392,CON-RES-1983-367,3,"GABRIEL UMENNAHE"
11953,2,legitimate-optot,25658,CON-RES-RC-1985-24,3,"ALHAJI ALIYU ABUBAKAR"
11786,2,collision,21681,CON-RES-1982-891,3,"BASHIR ALH UBA"
11786,2,collision,25490,CON-RES-1989-409,3,"ALH. ABDU SAFIYANU"
8178,2,legitimate-linked,33409,CON-COM-1992-12,3,"VINCENT EZENWA AJEGWU"
8178,2,legitimate-linked,21874,CON-RES-2009-708,3,"TIMOTHY OBIAKU"
35698,2,legitimate-linked,173916,RES-1990-3071,1,"MUSBAHU HABIBU GARBA"
35698,2,legitimate-linked,173949,KN4042,KANGIS,"MUSBAHU HABIBU GARBA"
11516,2,collision,25220,CON-AG-1984-145,3,"ALHAJI LAWAN HABIBU"
11516,2,collision,32054,CON-RES-1982-42,3,"ALHAJI SHARU SANI BAKO"
3665,2,collision,174987,,1,"ALH. MUKHTAR ABUBAKAR"
3665,2,collision,175001,KN5069,KANGIS,"ALH. MUKHTAR ABUBAKAR"
18017,2,collision,31821,CON-RES-1984-598,3,"ALHAJI GAMBO MOHD INUWA"
18017,2,collision,31100,CON-RES-RC-1982-286,3,"ALHAJI MAGA NA ALHAJI AMDU"
13090,2,collision,30848,CON-RES-1987-498,3,"MR EDMUND MBAS EKPE"
13090,2,collision,26863,RES-1991-182,1,"ALHAJI ABDU JINAIDU"
50164,2,legitimate-optot,189622,RES-2003-96,2,"ABDULLAHI DANJUMA SHUAIBU"
50164,2,legitimate-optot,189629,"KNML 2454",KANGIS,"ABDULLAHI DANJUMA SHUAIBU"
13207,2,collision,26980,CON-RES-1982-375,3,"ALHAJI MALANTA SANI"
13207,2,collision,27009,CON-RES-1987-790,3,"SALRACO LIMITED"
40627,2,legitimate-linked,172813,RES-1992-7062,2,"SALMANU ISYAKU KIRU"
40627,2,legitimate-linked,172822,"KNML 4549",KANGIS,"SALMANU ISYAKU KIRU"
180423,2,legitimate-linked,198738,COM-2019-63,1,"ALH MAMMAN FARAFARA"
180423,2,legitimate-linked,198754,"MLKN 3848",KANGIS,"ALH. MAMMAN FARAFARA CO. LTD"
8446,2,collision,22146,CON-RES-2009-624,3,"TASIU UMAR GANO"
8446,2,collision,30271,CON-COM-1999-7,3,"KWIWA PETROLEUM CO.LTD"
8613,2,legitimate-optot,32970,CON-COM-2003-73,3,"ALHAJI SANI YAU"
8613,2,legitimate-optot,22312,CON-RES-1982-460,3,"ALHAJI AMINU YAKASAI"
150327,2,legitimate-linked,173653,CON-COM-2017-198,3,"PROF ALIYU SULAIMAN KANTUDU"
150327,2,legitimate-linked,173666,KN3495,KANGIS,"PROF ALIYU SULAIMAN KANTUDU"
6365,2,collision,20047,RES-1992-2986,2,"SALIHU ADO"
6365,2,collision,171537,COM-RC-1983-38,1,"ALHAJI SALISU SABO GARIN GABAS"
13378,2,collision,27152,RES-1991-353,1,"MOHAMMAD KABIR ZAKARI"
13378,2,collision,24371,CON-RES-1988-287,3,"ALH BASHIR NASIDI"
49057,2,legitimate-optot,175551,RES-2002-3654,2,"ALHAI AHMED ALIYU"
49057,2,legitimate-optot,175574,"KNML 6637",KANGIS,"ALHAJI AHMED ALIYU"
149605,2,legitimate-linked,172895,CON-IND-2021-32,3,"AL-AMEER FOOD AND TOBACCO INDUSTRIAL LTD."
149605,2,legitimate-linked,172939,"MLKN 3385",KANGIS,"AL-AMEER FOOD AND TOBACCO INDUSTRIAL LTD."
11014,2,collision,24718,CON-RES-1985-328,3,"MOHAMMED MAIFADA GARBA"
11014,2,collision,14947,CON-RES-1981-597,3,"ALHAJI BABALLE ILA"
58947,2,legitimate-linked,194398,RES-2019-1090,2,"IBRAHIM ISYAKU NA'ABBA"
58947,2,legitimate-linked,194413,"KNML 6548",KANGIS,"IBRAHIM ISYAKU NA'ABBA"
65271,2,legitimate-optot,186548,RES-RC-1982-1247,1,"ALH AUWALU SHAREEF BALA"
65271,2,legitimate-optot,186579,"KNML 266",KANGIS,"ALH AUWALU SHAREEF BALA"
58170,2,legitimate-linked,185462,RES-2018-2899,2,"SENATOR BELLO HAYATU GWARZO"
58170,2,legitimate-linked,185502,"KNGP 263",KANGIS,"SENATOR BELLO HAYATU GWARZO"
10894,2,collision,24598,CON-RES-1987-931,3,"JOHN OJO LESHAODO"
10894,2,collision,19150,CON-RES-1981-362,3,"ALHAJI MUSA SANI GALADANCI"
17435,2,collision,31238,CON-RES-1995-459,3,"MR. SAINT C. OKORAFOR"
17435,2,collision,184653,KN5410,KANGIS,"MURTALA ABDULLAHI JEGA"
11701,2,collision,25405,CON-RES-1987-1441,3,"ALHAJI BALA SARKIN YAKI"
11701,2,collision,25107,CON-RES-1982-724,3,"ALHAJI TIJJANI NABABA BADAMASI"
13365,2,collision,34594,CON-RES-1988-254,3,"MOMOH SANI UMAR"
13365,2,collision,27139,RES-1991-329,1,"ALH ABBA YA'U"
14112,2,collision,36944,CON-RES-1992-526,3,"ALHAJI IDRIS SULE GOBIR"
14112,2,collision,27899,RES-1993-721,2,"M SAIFULLAHI ABDULLAHI"
45539,2,legitimate-linked,171349,RES-1997-594,2,"FATIMA HABU MUHD, KHADIJA HABU MUHD & MARYAM HABU MUHD"
45539,2,legitimate-linked,171352,KN4765,KANGIS,"FATIMA HABU MUHD, KHADIJA HABU MUHD & MARYAM HABU MUHD"
15803,2,collision,29602,CON-RES-1982-8,3,"BELLO MAHMOUD BABURA"
15803,2,collision,47364,CON-RES-2007-329,3,"SANI NA ALLAH"
179833,2,legitimate-linked,198295,CON-RES-2011-202,3,"NU'UMAN BARAU DANBATTA"
179833,2,legitimate-linked,198312,"KNML 7067",KANGIS,"NU'UMAN BARAU DANBATTA"
7262,2,collision,20949,CON-RES-1993-571,3,"ABUBAKAR MAMUDA MUSA"
7262,2,collision,15332,CON-AG-1987-49,3,"MUHAMMADU MURTALA"
166247,2,legitimate-linked,188904,CON-RES-2009-1067,3,"MUSTAPHA A IBRAHIM"
166247,2,legitimate-linked,189002,"KNML 2423",KANGIS,"MUSTAPHA A IBRAHIM"
176490,2,legitimate-linked,195685,CON-AG-2020-82,3,"NAZIFI MUHAMMED SANI"
176490,2,legitimate-linked,195689,"MLKN 3171",KANGIS,"NAZIFI MUHAMMED SANI"
15773,2,collision,29572,CON-COM-1984-69,3,"THE APOSTOLIC MISSION, CHALAWA"
15773,2,collision,47281,CON-RES-2007-178,3,"MR SIKIRU FUNSHO BALOGUN"
60414,2,legitimate-linked,188255,"MLKN 4368",KANGIS,"RAID JAFFAR"
60414,2,legitimate-linked,187398,RES-2020-2016,2,"RAID JAFFAR"
13403,2,collision,27177,RES-1991-388,1,"MUHAMMAD A. TANKO"
13403,2,collision,26179,CON-RES-1988-352,3,"SULE MUSA DAN HASSAN"
12642,2,collision,26348,CON-RES-1983-249,3,"HAJIYA KATTIME ALI HARUNA"
12642,2,collision,25416,CON-RES-1986-345,3,"UMARU MUSA KAIGAMA"
152531,2,legitimate-linked,175909,COM-2002-377,1,"SHARU AUWALU BALA"
152531,2,legitimate-linked,175917,"MLKN 4295",KANGIS,"SHARU AUWALU BALA"
11062,2,collision,24766,CON-RES-1985-573,3,"ALHAJI DANLAMI ALHASSAN"
11062,2,collision,24977,CON-RES-1982-1009,3,"IBRAHIM HARUNA"
10479,2,collision,24182,CON-RES-1986-176,3,"SANI ALIYU ANIMIKHENAH"
10479,2,collision,31298,CON-IND-1995-5,3,"SABON SARA NIG. LTD"
157713,2,legitimate-linked,181840,RES-2014-1601,2,"ENGR MOHAMMED ABDULLAHI SANI"
157713,2,legitimate-linked,181847,"KNML 1987",KANGIS,"MOHAMMED ABDULLAHI SANI"
160907,2,legitimate-linked,184366,SLTR-48537,SLTR,"NNADIRI UGOCHUKWU SUNDAY"
160907,2,legitimate-linked,184378,KN5592,KANGIS,"NNADIRI UGOCHUKWU SUNDAY"
11352,2,collision,29435,CON-RES-1982-172,3,"BASHIR LABARAN"
11352,2,collision,25056,CON-RES-1984-297,3,"ALHAJI SALISU IBRAHIM"
154051,2,legitimate-linked,178396,CON-RES-2023-7233,3,"FAIZU MUHAMMAD GALADIMA"
154051,2,legitimate-linked,187231,KN4556,KANGIS,"MURTALA ABDULLAHI JEGA"
7206,2,collision,20893,CON-AG-1983-179,3,"ALHAJI MOHAMMED SABO"
7206,2,collision,30564,CON-AG-1986-129,3,"DAHIRU SULAIMAN WALI"
166846,2,legitimate-linked,189324,CON-RES-2023-7251,3,"FAIZU MUHAMMAD GALADIMA"
166846,2,legitimate-linked,189335,KN5235,KANGIS,"MURTALA ABDULLAHI JEGA"
10346,2,collision,24048,CON-RES-1983-689,3,"MOHAMMED NURA MUSTAPHA"
10346,2,collision,25037,CON-COM-RC-1983-5,3,"ALHAJI BABUGA FALKE"
11493,2,collision,25197,CON-RES-1984-308,3,"SANI MUSA"
11493,2,collision,33482,CON-RES-1982-385,3,"ALHAJI INUSA SHUAIBU"
12222,2,collision,25927,CON-RES-1982-1162,3,"AUWALU IBRAHIM"
12222,2,collision,25344,CON-RES-1984-398,3,"ALHAJI AHMED BAWA SHANONO"
38727,2,legitimate-linked,178372,RES-1992-1556,2,"AMINU SALISU ILIYASU"
38727,2,legitimate-linked,178391,"KNML 1793",KANGIS,"AMINU SALISU ILIYASU"
13096,2,collision,26869,RES-1991-189,1,"DLUGBOKIKI ISIYAKU AJANI"
13096,2,collision,30930,CON-RES-1987-51,3,"ALHAJI UMARU MOH ENTERPRISES"
18522,2,collision,32327,CON-RES-1987-1394,3,"MOHD AUWALU MOHD"
18522,2,collision,20396,CON-RES-RC-1984-11,3,"ALHAJI MUSA MAIKUSA"
152009,2,legitimate-linked,175262,RES-1983-1064,1,"KOLO AUDU"
152009,2,legitimate-linked,175287,KN4587,KANGIS,"KOLO AUDU"
39840,2,legitimate-optot,190229,RES-1992-4868,2,"AMINU SABO ABUBAKAR"
39840,2,legitimate-optot,190245,"KNML 2468",KANGIS,"AMINU SABO ABUBAKAR"
14151,2,collision,23099,CON-RES-1992-637,3,"ALH. YUSUF UMARU CHIROMAWA"
14151,2,collision,27938,RES-1993-1190,2,"AISHATU IBRAHIM"
174226,2,legitimate-linked,194058,RES-2000-6771,2,"ADAMU GAJERE"
174226,2,legitimate-linked,194196,"KNML 537",KANGIS,"ZAHRAU RABIU MUDI"
11830,2,collision,25535,CON-RES-1999-306,3,"ALHAJI MUKTARI MOHAMMED"
11830,2,collision,25646,CON-RES-1982-985,3,"MOHAMMED LAWAN LAMIDO"
18007,2,collision,31811,CON-RES-1984-604,3,"ALHAJI MAHMUDU BELLO"
18007,2,collision,25688,CON-RES-RC-1982-275,3,"MRS KATE MOLY"
8371,2,collision,32672,CON-COM-1997-4,3,"M. H. GANO PETROLEUM NIGERIA LIMITED"
8371,2,collision,22070,CON-RES-2009-249,3,"ISYAKU BASHIR"
14489,2,collision,28276,RES-1994-1926,2,"BALARABE ABDULLAHI"
14489,2,collision,17513,CON-RES-1994-54,3,"ALHAJI SULE UMAR BICHI"
175441,2,legitimate-linked,194888,RES-1985-2197,1,"AISHA MUHAMMAD SURAIYA"
175441,2,legitimate-linked,194894,KN3031,KANGIS,"AISHA MUHAMMAD SURAIYA"
153968,2,legitimate-linked,178310,CON-RES-2023-7209,3,"FAIZU MUHAMMAD GALADIMA"
153968,2,legitimate-linked,189268,KN5229,KANGIS,"MURTALA ABDULLAHI JEGA"
14216,2,collision,17847,CON-RES-1993-266,3,"ALHAJI MOHAMMED ABDALLAH YAKUDIMA"
14216,2,collision,28003,RES-1993-1509,2,"ALH ISA BABALLO"
8275,2,collision,21974,RES-1992-5749,2,"HAJIYA RAKIYA ARMAYA'U"
8275,2,collision,29817,CON-COM-1994-25,3,"ALHAJI ALHASSAN GARBA"
15309,2,collision,29107,RES-1993-3446,2,"ALH DANJUMA MOHAMMED"
15309,2,collision,32866,CON-RES-2003-107,3,"ALHAJI NASIRU AHALI"
14681,2,collision,28469,RES-1993-356,2,"HAMZA USMAN"
14681,2,collision,21072,CON-RES-1995-651,3,"ALHAJI DATTIJO ADAHAMA"
7026,2,collision,16467,CON-AG-1982-504,3,"ALHAJI YAU MIKO"
7026,2,collision,20711,CON-RES-1995-535,3,"CHIEF EDWIN I EJEZIE"
7204,2,collision,20891,CON-AG-1983-182,3,"ALHAJI IBRAHIM ABUBAKAR"
7204,2,collision,30558,CON-AG-1986-121,3,"DADIN KOWA FARM LIMITED"
17915,2,collision,20357,CON-RES-RC-1982-141,3,"ALHAJI AMINU SANI INDABAWA"
17915,2,collision,31719,CON-IND-1984-23,3,"ALHAJI UMARU GAGARE"
154087,2,legitimate-linked,178437,CON-RES-2012-219,3,"HAIDAR FAROUK ALIYU"
154087,2,legitimate-linked,178439,"KNML 1780",KANGIS,"HAIDAR FAROUK ALIYU"
11157,2,collision,29668,CON-RES-1982-1206,3,"ALHAJI AMADU HAMMI"
11157,2,collision,24861,CON-RES-1986-245,3,"MALLAM AHMADU NA HANNU GYADI-GYADI"
47187,2,legitimate-linked,192727,KN3663,KANGIS,"AHMAD MOHAMMAD ADAM"
47187,2,legitimate-linked,186551,RES-2000-3466,2,"AHMAD MOHAMMAD ADAM"
25337,2,collision,47279,CON-RES-2007-231,3,"ALHAJI NASIRU AHALI"
25337,2,collision,178212,"KNML 50",KANGIS,"IBRAHIM UMAR"
11349,2,collision,25053,CON-RES-1984-479,3,"SALE MOHAMMED USMAN"
11349,2,collision,29458,CON-RES-1982-167,3,"ALHAJI MOHAMMED BASHIR"
17768,2,collision,31572,CON-COM-2004-40,3,"MUSBAHU GARBA PANSHEKARA"
17768,2,collision,18171,CON-RES-RC-1981-153,3,"HAJIYA BARA DANTATA"
15573,2,collision,29371,CON-RES-1987-813,3,"MR. NATHANIEL O. AKUJIEZE"
15573,2,collision,34801,CON-RES-2005-257,3,"AZUBUIKE NNEBEDUM"
7954,2,collision,21647,RES-1992-4787,2,"SAMAILA ALKALI"
7954,2,collision,29575,CON-COM-1984-74,3,"A. MA'ARUF YAKUBU"
14890,2,collision,28681,RES-1993-1813,2,"ALHAJI KASSIM ADMU"
14890,2,collision,38426,CON-RES-1998-159,3,"MRS VICTORIA BOLANLE OWOLABI"
47904,2,legitimate-linked,187194,,2,"UMAR SULAIMAN MUHAMMAD"
47904,2,legitimate-linked,187203,"KNML 1558",KANGIS,"UMAR SULAIMAN MUHAMMAD"
166886,2,legitimate-linked,189352,RES-2014-2197,2,"ALIKO OIL NIG LTD"
166886,2,legitimate-linked,189354,"KNML 2463",KANGIS,"ALIKO OIL NIG LTD"
13729,2,collision,27506,RES-1990-4007,1,"ALH LAWAN UBA"
13729,2,collision,30112,CON-RES-1990-240,3,"ALHAJI MOHAMMED MOHMMADU"
13604,2,collision,27378,RES-1990-2193,1,"MOHAMMED GAZZALI MUNIR"
13604,2,collision,36053,CON-RES-1989-329,3,"ALHAJI ALI HASSAN"
163181,2,legitimate-optot,186316,RES-2011-591,2,"HASHIM ABDULLAHI AYAGI"
163181,2,legitimate-optot,186323,"KNML 1525",KANGIS,"HASHIM ABDULLAHI AYAGI"
7750,2,collision,21441,RES-1992-4509,2,"MUSTAPHA MAILAFIA"
7750,2,collision,15905,CON-COM-1982-175,3,"ALHAJI ALI ALHASSAN"
12933,2,collision,26705,RES-1982-298,1,"M/S COMBINED SERVICES COMPANY (NIG) LIMITED"
12933,2,collision,33849,CON-RES-1987-170,3,"ALHAJI ABDULRAUF TUKUR"
15382,2,collision,29180,RES-1993-3596,2,"ADO IBRAHIM GAMBO JAEN"
15382,2,collision,31597,CON-RES-2004-107,3,"BALARABE YARO"
13714,2,collision,30055,CON-RES-1990-165,3,"SAIDU GARBA SARKIN YA"
13714,2,collision,27491,RES-1990-4010,1,"ALH ADAMU MUSTAPHA"
8284,2,collision,21983,RES-1992-5777,2,"M. ABDULMUDALLABI ABDURAZAK JA'AFARU"
8284,2,collision,31525,CON-COM-1994-48,3,"FROZEN FISH SELLERS  & ALLIED SEAFOOD DEALERS CO-OPERATIVE SOCIETY LIMITED"
18124,2,collision,31928,CON-RES-1982-1358,3,"ALHAJI YA'U BICHI"
18124,2,collision,25355,CON-RES-RC-1982-4,3,"ALHAJI SALISU AUTA"
12173,2,collision,25222,CON-RES-1984-214,3,"HAJIYA ZARA MUHAMMED"
12173,2,collision,25878,CON-RES-1988-383,3,"ALHAJI ILIYA DRIVER HAUSAWA"
46159,2,legitimate-optot,198492,RES-1999-1227,2,"ATIKU YARO YUSUF"
46159,2,legitimate-optot,198608,"MLKN 2068",KANGIS,"MUHAMMAD HADI ABDULMUNAFI"
18131,2,collision,18692,CON-RES-RC-1982-405,3,"ALHAJI UBA MOHAMMADU"
18131,2,collision,31935,CON-RES-1982-823,3,"HAJIYA BINTA MADOBI"
55851,2,legitimate-linked,195029,RES-2015-5933,2,"BASHIR ADAMU ALIYU"
55851,2,legitimate-linked,195042,"KNML 9420",,"BASHIR ADAMU ALIYU"
18452,2,collision,32257,CON-RES-1987-626,3,"ALPHANSUS A. DURU"
18452,2,collision,19246,CON-RES-RC-1982-75,3,"ALHAJI UBA ADAMU"
17569,2,collision,181810,KN5098,KANGIS,"MURTALA ABDULLAHI JEGA"
17569,2,collision,31372,CON-RES-1995-599,3,"LARAI AUWALU HARUNA (MRS)"
1657,2,legitimate-linked,195261,"MLKN 784",KANGIS,"KABIRU TANIMU TURAKI"
1657,2,legitimate-linked,15320,CON-COM-1982-40,3,"ADEL TOUFIC SULAIMAN"
15380,2,collision,34763,CON-RES-2004-104,3,"ALHAJI AUWALU MAITABA"
15380,2,collision,29178,RES-1993-3594,2,"ALHAJI USMAN GARBA"
12124,2,collision,25829,CON-RES-1983-757,3,"ALHAJI MAHMOUD KABIRU YAKASAI"
12124,2,collision,23892,CON-RES-1983-866,3,"LAMPEX WATER PROJECT LTD"
12796,2,collision,26568,RES-1982-2341,1,"SAMUEL BAMISAIYE ADIMULA"
12796,2,collision,30917,CON-RES-1987-1152,3,"HAMID GALIB"
11687,2,collision,23479,CON-RES-1982-692,3,"ALHAJI ILIYASU MUSA"
11687,2,collision,25391,CON-RES-1983-744,3,"ALHAJI LABARAN BABA"
7428,2,collision,23665,CON-AG-1998-24,3,"ADAMU IBRAHIM GANDU"
7428,2,collision,21119,CON-RES-1994-215,3,"ALHAJI SHEHU IDRIS"
6849,2,legitimate-optot,32549,CON-AG-1981-50,3,"ALHAJI LAWAN MUSA"
6849,2,legitimate-optot,20533,RES-1982-1711,1,"UMARU IBRAHIM"
67509,2,legitimate-linked,185187,RES-RC-1987-24,1,"JAMILU HAMISU DANKAKA"
67509,2,legitimate-linked,185222,"KNML 1748",KANGIS,"JAMILU HAMISU DANKAKA"
171057,2,legitimate-optot,191771,RES-2015-2183,2,"ISHA GARBA USMAN"
171057,2,legitimate-optot,191779,KN884,KANGIS,"ISHA GARBA USMAN"
29103,2,legitimate-linked,176075,RES-1982-464,1,"UMARU MUSA ZANDAM"
29103,2,legitimate-linked,176082,"KNML 1235",KANGIS,"MUHAMMED LAWAL ABDULLAHI"
49488,2,legitimate-linked,186917,RES-2002-7531,2,"BASHIR ADO KIBIYA"
49488,2,legitimate-linked,186922,"KNML 290",KANGIS,"BASHIR ADO KIBIYA"
13704,2,collision,17764,CON-RES-1990-130,3,"ALHAJI SALISU ABDULLAHI"
13704,2,collision,27481,RES-1990-4092,1,"AMINU ABUBAKAR"
14057,2,legitimate-optot,27844,RES-1993-526,2,"AISHA ISAH MUHD"
14057,2,legitimate-optot,37094,CON-RES-1992-37,3,"ALHAJI HARUNA ABUBAKAR"
12447,2,collision,26153,CON-RES-1989-605,3,"ALHAJI USMAN MOHAMMAD"
12447,2,collision,30766,CON-RES-1985-430,3,"ALHAJI GARBA SANI"
6302,2,collision,19983,RES-1992-2915,2,"HAJIYA SALAMATU BELLO"
6302,2,collision,184828,COM-RC-1982-69,1,"ALH AHMED, HINDE, BINTA, GWAGGO & HAFSATU RINGIM"
12515,2,collision,29340,CON-RES-1985-612,3,"SALIHU UBA ZAWAI"
12515,2,collision,26221,CON-RES-1984-333,3,"JOHN OKECHUKWU CHIGBO"
60436,2,legitimate-optot,194720,RES-2020-2041,2,"AHMAD ABUBAKAR GHALI"
60436,2,legitimate-optot,194722,KN4802,KANGIS,"AHMAD ABUBAKAR GHALI"
178898,2,legitimate-linked,197519,CON-COM-2026-636,3,"NATA'ALA PROPERTIES & INVESTMENT LIMITED"
178898,2,legitimate-linked,197526,CON-RES-2026-3004,3,"NATA'ALA PROPERTIES & INVESTMENT LIMITED"
13409,2,collision,29696,CON-RES-1988-371,3,"ABDULRAHMAN ISA"
13409,2,collision,27183,RES-1991-393,1,"IDRIS HARUNA UMAR"
14461,2,collision,33184,CON-RES-1994-420,3,"ALHAJI TIJJANI USMAN"
14461,2,collision,28248,RES-1994-399,2,"YAHAYA MAIGYARAN AGOGO"
14447,2,collision,28234,RES-1993-2486,2,"YUSUF A ISAMAIL"
14447,2,collision,29829,CON-RES-1994-37,3,"UMARU A. KURA"
15433,2,collision,29231,CON-RES-1984-229,3,"ALHAJI ALIYU ABUBAKAR"
15433,2,collision,34727,CON-RES-2004-300,3,"ALHAJI JINJIRI IBRAHIM BEBEJI"
14378,2,collision,28165,RES-1993-2134,2,"ALH GALADI MAIWAKE"
14378,2,collision,29851,CON-RES-1994-274,3,"ALHAJI HAMIDU MAIWAKE"
18320,2,collision,32068,CON-RES-RC-1982-597,3,"GETSI TRADING COMPANY NIGERIA LIMITED"
18320,2,collision,32124,CON-RES-1987-673,3,"BASHIR SALAWU"
17939,2,collision,31743,CON-COM-1984-175,3,"IBRAHIM B.B FAROUQ"
17939,2,collision,31037,CON-RES-RC-1982-164,3,"ALHAJI NASIRU AHALI"
12015,2,collision,24892,CON-RES-1983-543,3,"ALHAJI UMARU ALI"
12015,2,collision,25720,CON-AG-1995-13,3,"ALHAJI MOHD ABDULLAHI"
158677,2,legitimate-linked,182591,CON-RES-2001-101,3,"HADIZAT LAWAL AUDI"
158677,2,legitimate-linked,182592,"KNML 1944",KANGIS,"HADIZAT LAWAL AUDI"
13066,2,collision,30823,CON-RES-1987-43,3,"ALHAJI SANI YARO AHMED"
13066,2,collision,26839,RES-1991-155,1,"ABDULLAHI A. GOJE"
10907,2,collision,19158,CON-RES-1981-382,3,"ALHAJI MUHAMMAD UMAR KAFINTA"
10907,2,collision,24611,CON-RES-1987-935,3,"MR. ISYAKU-OLA-OSHORINDE"
49053,2,legitimate-linked,192057,RES-2002-3628,2,"AHMAD TIJJANI USMAN"
49053,2,legitimate-linked,192065,"KNML 7869",KANGIS,"AHMAD TIJJANI USMAN"
106556,2,legitimate-optot,175530,RES-2016-4426,2,"NAZIRU BASHIR"
106556,2,legitimate-optot,175539,KN3147,KANGIS,"NAZIRU BASHIR"
8376,2,collision,32681,CON-COM-1997-47,3,"AMASAYE OIL & GAS LTD"
8376,2,collision,22075,CON-RES-2009-1048,3,"ONYEDIKA .O.NZEJIOFOR"
12578,2,collision,26284,CON-RES-1986-61,3,"MAIKUDI IBRAHIM"
12578,2,collision,33375,CON-RES-1986-182,3,"ALH TANIMU YAKUDIMA"
152867,2,legitimate-optot,176301,RES-2021-4548,2,"AHMED ABDULLAHI SIDI"
152867,2,legitimate-optot,176310,KN3963,KANGIS,"AHMED ABDULLAHI SIDI"
18267,2,collision,18942,CON-RES-RC-1982-541,3,"ALH HARUNA KASSIM & SONS LTD"
18267,2,collision,32071,CON-RES-1983-269,3,"ALHAJI MUSTAPHA BIDA"
37191,2,legitimate-linked,185732,RES-1991-455,1,"MUHAMMAD S. ISMA"
37191,2,legitimate-linked,185734,"KNML 299",KANGIS,"MUHAMMAD SADANU ISMA"
6960,2,collision,20644,RES-1992-3125,2,"BABAN SORO AHMADU"
6960,2,collision,26023,CON-AG-1982-285,3,"ALHAJI HAMZA HASSAN"
12569,2,collision,34241,CON-RES-1986-146,3,"MALLAM LAWAL ABDULLAHI"
12569,2,collision,26275,CON-RES-1986-77,3,"ALHAJI SAMINU MANZO"
37187,2,legitimate-linked,169480,RES-1991-4530,1,"MUSTAPHA SHEHU BABA"
37187,2,legitimate-linked,169515,KN4272,KANGIS,"MUSTAPHA SHEHU BABA"
14701,2,collision,28489,RES-1993-421,2,"UBA ALHAJI KABIRU"
14701,2,collision,32709,CON-RES-1996-143,3,"CHIZOBO ALOYSUS OKEKE"
17601,2,legitimate-linked,31404,CON-RES-1997-196,3,"ALHAJI ISHAKA SULEIMAN"
17601,2,legitimate-linked,197056,KN4547,KANGIS,"MURTALA ABDULLAHI JEGA"
156056,2,legitimate-linked,180384,RES-2002-2372,2,"ALH AHMADU A BAYERO"
156056,2,legitimate-linked,180385,"KNML 1490",KANGIS,"HAJIYA MARIYA YAKUBU"
13778,2,collision,27555,RES-1991-629,1,"ALH HARUNA SHU'AIBU RINGIM"
13778,2,collision,35887,CON-RES-1990-390,3,"ALHAJI ARMA YA'U"
145323,2,legitimate-linked,168239,IND-1997-18,1,"GREAT NORTHERN FOOT WEAR IND. NIG. LTD"
145323,2,legitimate-linked,168254,"MLKN 13",KANGIS,"GREAT NORTHERN FOOT WEAR IND. NIG. LTD"
12472,2,collision,30478,CON-RES-1985-504,3,"A T ABUBAKAR"
12472,2,collision,26178,CON-RES-1988-353,3,"VICTORY APOSTOLIC CHURCH"
11470,2,collision,25174,CON-RES-1982-767,3,"ALHAJI AMINU SANI"
11470,2,collision,33477,CON-RES-1982-355,3,"ALHAJI HALLURU JIBRIN"
43548,2,legitimate-linked,181015,RES-1995-2044,2,"ALI ADAMU TARFA"
43548,2,legitimate-linked,181035,"KNML 1954",KANGIS,"ALI ADAMU TARFA"
12185,2,collision,31836,CON-RES-1984-26,3,"ALHAJI MUHAMMAD SANI"
12185,2,collision,25890,CON-RES-1988-384,3,"ALHAJI ABDULLAHI  KASUWA"
16244,2,collision,35340,CON-RES-2009-823,3,"ALHAJI MUNZALI MUHAMMED ZAKARI"
16244,2,collision,30043,CON-RES-1990-96,3,"ALHAJI  ALKASSIM A HARUNA"
153838,2,legitimate-linked,186392,KN4532,KANGIS,"MURTALA ABDULLAHI JEGA"
153838,2,legitimate-linked,178162,CON-RES-2023-7208,3,"FAIZU MUHAMMAD GALADIMA"
11150,2,collision,24854,CON-RES-1986-238,3,"ALH. BALA MAI LALLE"
11150,2,collision,25932,CON-RES-1982-1196,3,"ALHAJI IBRAHIM ADAMU"
45807,2,legitimate-optot,189605,RES-1998-1167,2,"SAGIR ALHASSAN"
45807,2,legitimate-optot,189616,"KNML 1934",KANGIS,"SAGIR ALHASSAN"
7703,2,collision,21394,RES-1992-4401,2,"LIMAN UMARU"
7703,2,collision,14980,CON-COM-1981-59,3,"ALHAJI IBRAHIM LABARAN"
12915,2,collision,26687,RES-1982-2366,1,"IBRAHIM MUSA HADEJIA"
12915,2,collision,33765,CON-RES-1987-1473,3,"SHU'AIBU ZUBAIRU"
13310,2,collision,27083,RES-1982-2289,1,"UMARU ADAMU"
13310,2,collision,33336,CON-RES-1988-120,3,"ALH UMARU YUSUFU GETSO ZANOGO"
150646,2,legitimate-linked,173922,"MLKN 2194",KANGIS,"MOHAMMED ABDULLAHI"
150646,2,legitimate-linked,173954,COM-2019-11,1,"MOHAMMED ABDULLAHI"
14629,2,collision,28417,RES-1992-7520,2,"LAWAL MOHAMMED"
14629,2,collision,25005,CON-RES-1995-384,3,"OCEANIC BANK INTERNATIONAL LTD"
51829,2,legitimate-linked,176294,RES-2008-4403,2,"AMINU JAURO SULEIMAN"
51829,2,legitimate-linked,176295,"KNML 7995",KANGIS,"AMINU JAURO SULEIMAN"
7383,2,collision,21073,CON-RES-1995-650,3,"AUWALU .A. LAMIDO"
7383,2,collision,15333,CON-AG-1994-44,3,"ALH ABDU MOHAMMAD BINDAWA"
12729,2,collision,30829,CON-RES-1987-1035,3,"CHIEF AUGUSTINE IBEME"
12729,2,collision,26435,RES-1982-1993,1,"IDIRISU MAHMUD"
13222,2,collision,26995,CON-RES-1982-160,3,"MR. TIMOTHY ORENUGA"
13222,2,collision,24530,CON-RES-1987-815,3,"BADARU ABUBAKAR"
9132,2,collision,195650,CON-COM-2009-72,3,"MU'UMEN ENERGY FLEET LTD"
9132,2,collision,22833,CON-AG-1990-76,3,"MALLAM ABDURAHIM UNGOGO"
153826,2,legitimate-linked,190445,KN5231,KANGIS,"MURTALA ABDULLAHI JEGA"
153826,2,legitimate-linked,178151,CON-RES-2023-7271,3,"FAIZU MUHAMMAD GALADIMA"
28396,2,legitimate-linked,180090,RES-1982-1672,1,"HAJIYA MARIYA SANUSI DANTATA"
28396,2,legitimate-linked,180128,"KNML 1474",KANGIS,"HAJIYA MARIYA SANUSI DANTATA"
16111,2,collision,29910,CON-IND-1988-9,3,"MAISHINKUN BLOCK INDUSTRY"
16111,2,collision,35391,CON-RES-2009-301,3,"ALHAJI UMARU AHMED"
60057,2,legitimate-linked,171973,RES-2019-4318,2,"MOHAMMED KABIR ABDULLAHI"
60057,2,legitimate-linked,171988,KN4886,KANGIS,"MOHAMMED KABIRU ABDULLAHI"
11437,2,collision,25141,CON-RES-1982-1598,3,"MR. FRIDAY AGBONAMWARE AMADIN"
11437,2,collision,23622,CON-RES-1982-291,3,"ALHAJI MANYA AHMED"
154048,2,legitimate-linked,178394,CON-RES-2012-141,3,"ALH IDRIS H. ZUBAIRU"
154048,2,legitimate-linked,178409,"KNML 1214",KANGIS,"ALH IDRIS H. ZUBAIRU"
13124,2,collision,33626,CON-RES-1987-596,3,"ALHAJI ADO INUWA"
13124,2,collision,26897,RES-1991-222,1,"ALHAJI ISA IBRAHIM"
45982,2,legitimate-linked,182941,RES-1998-550,2,"SALAMATU SABO BAKIN ZUWO"
45982,2,legitimate-linked,182942,"KNML 1932",KANGIS,"SALAMATU SABO BAKIN ZUWO"
14769,2,legitimate-optot,28559,RES-1993-1278,2,"AHMAD SULAIMAN WALI"
14769,2,legitimate-optot,36917,CON-RES-1996-78,3,"ALHAJI UMAR MUSA"
156468,2,legitimate-linked,183383,SLTR-209043,,"MUHAMMAD HASSAN ABAKAR"
156468,2,legitimate-linked,183387,KN5502,KANGIS,"MUHAMMAD HASSAN ABAKAR"
178635,2,legitimate-linked,197276,CON-COM-2021-468,3,"GARZALI SANI ABDULLAH"
178635,2,legitimate-linked,197315,"MLKN 3502",KANGIS,"GARZALI SANI ABDULLAH"
18045,2,collision,31849,CON-RES-1984-639,3,"ALHAJI KABIRU SAIDU"
18045,2,collision,19254,CON-RES-RC-1982-316,3,"ALHAJI MAMMAN RAJI ABDALLAH"
12995,2,collision,30504,CON-RES-1987-285,3,"MUSTAPHA GARBA"
12995,2,collision,26767,RES-1991-73,1,"MARYAM SALE"
153434,2,legitimate-linked,177750,CON-RES-2023-7319,3,"FAIZU MUHAMMAD GALADIMA"
153434,2,legitimate-linked,186800,KN4772,KANGIS,"MURTALA ABDULLAHI JEGA"
16112,2,collision,29911,CON-IND-1988-1,3,"MR MUSTAPHA DAYEKH INTERNATIONAL NIG LTD"
16112,2,collision,35398,CON-RES-2009-302,3,"ALHAJI UMARU AHMED"
18109,2,collision,31913,CON-RES-1985-297,3,"UMARU ABDU"
18109,2,collision,26977,CON-RES-RC-1982-385,3,"ALH. SARKI BALA"
11559,2,collision,22293,CON-RES-1982-488,3,"HAJIYA HAUWA YUSIF"
11559,2,collision,25263,CON-AG-1983-69,3,"ALHAJI KABIRU UMARU"
13364,2,collision,27138,RES-1991-328,1,"TUKUR JAZULI GAYA"
13364,2,collision,34611,CON-RES-1988-251,3,"ALHAJI MUHAMMED HASSAN"
47490,2,legitimate-linked,181132,RES-2000-5018,2,"AMMARU KABIRU"
47490,2,legitimate-linked,181134,"KNML 1962",KANGIS,"AMMARU KABIRU"
53478,2,legitimate-optot,177620,RES-2010-2873,2,"NAZIRU SADAUKI ABUBAKAR."
53478,2,legitimate-optot,177636,KN2612,KANGIS,"NAZIRU SADAUKI ABUBAKAR"
6821,2,collision,16158,CON-AG-1981-141,3,"ALHAJI SANI ADAMU"
6821,2,collision,20505,RES-1982-1669,1,"ALHAJI FARUK MAKAMA"
146992,2,legitimate-linked,170085,CON-COM-2017-154,3,"ALH SALISU MUHAMMAD MAIKEKE"
146992,2,legitimate-linked,170086,KN4861,KANGIS,"ALH SALISU MUHAMMAD MAIKEKE"
11454,2,collision,25158,CON-RES-1982-1539,3,"ALHAJI HABIBU YUSUFU"
11454,2,collision,26071,CON-RES-1982-311,3,"ALHAJI YUSUFU MOHAMMAD"
11427,2,collision,21697,CON-RES-1982-274,3,"ZAINAB A HALLIRU"
11427,2,collision,25131,CON-RES-1982-1537,3,"ALHAJI ADAMU GWAGWARWA"
18336,2,collision,32140,CON-RES-1987-217,3,"THOMAS IMOESI"
18336,2,collision,25690,CON-RES-RC-1982-613,3,"MR. NKIRE NWOGU"
13445,2,collision,35794,CON-RES-1988-448,3,"ALH ABDULLAHI JIBRIN"
13445,2,collision,27219,RES-1991-435,1,"A . BALA MUSA"
6249,2,collision,19930,RES-1982-953,1,"ZAKARI YA'U MOHAMMED"
6249,2,collision,179762,COM-RC-1982-510,1,"ALHASSAN DANTATA & SONS"
12451,2,collision,26157,CON-RES-1989-609,3,"ALHAJI MALLAM IBRAHIM"
12451,2,collision,29318,CON-RES-1985-439,3,"MUSA UMAR"
13684,2,collision,24036,CON-RES-1989-593,3,"SABINUS NNANNA OKECHUKWU"
13684,2,collision,27460,RES-1990-4445,1,"A. USMAN BELLO"
12468,2,collision,29280,CON-RES-1985-499,3,"ALHAJI MAHAMMADU IBN BELLO & SONS"
12468,2,collision,26174,CON-IND-1989-5,3,"ABDUL-RAZAK ABDULSALAM"
18060,2,collision,19244,CON-RES-RC-1982-330,3,"ALHAJI ALIN BALA"
18060,2,collision,31864,CON-RES-1984-18,3,"ALHAJI SULE MAIWAKE"
13726,2,collision,36309,CON-RES-1990-22,3,"GARBA HALILU"
13726,2,collision,27503,RES-1990-4064,1,"TASI'U IDRIS"
7054,2,collision,23437,CON-AG-1982-596,3,"ALHAJI IBRAHIM YANDANKO"
7054,2,collision,20740,CON-RES-1995-246,3,"ALHAJI MOHAMMED BABA YARO"
58904,2,legitimate-linked,171367,RES-2018-969,2,"ALH. ALIYU MUSTAPHA IDRIS"
58904,2,legitimate-linked,171370,KN2854,KANGIS,"ALH. ALIYU MUSTAPHA IDRIS"
9592,2,collision,35047,CON-COM-2014-38,3,"SALISU GARBA & SONS LTD"
9592,2,collision,23294,RES-1992-7235,2,"AMINU AHMED ISA"
6961,2,collision,16465,CON-AG-1982-289,3,"ALHAJI SHUGABA KAWU HABU"
6961,2,collision,20645,RES-1992-3126,2,"BABAN SORO AHMADU"
8028,2,legitimate-optot,196850,CON-COM-1986-79,3,"SANI DAHIRU YAKASAI"
8028,2,legitimate-optot,21722,CON-RES-1982-68,3,"ABDULLAHI DELE IBRAHIM"
18368,2,collision,32172,CON-RES-1987-623,3,"MADAM ADETOKUMBO"
18368,2,collision,20367,CON-RES-RC-1982-650,3,"DR. YAKUBU NMA GARBA"
11749,2,collision,25453,CON-RES-1989-89,3,"ALHAJI TURAKI SALIHU ALI"
11749,2,collision,35289,CON-RES-1982-826,3,"KABIRU SANI GWARZO"
47184,2,legitimate-linked,173642,RES-2000-3457,2,"ALH TIJJANI ABDULLAHI"
47184,2,legitimate-linked,173662,KN3735,KANGIS,"ALH TIJJANI ABDULLAHI"
150785,2,legitimate-linked,174054,RES-2001-3254,2,"ALHAJI SHARU TANKO"
150785,2,legitimate-linked,174071,"KNML 9277",KANGIS,"ALHAJI SHARU TANKO"
14199,2,collision,27986,RES-1993-1482,2,"ABDULKADIR IBRAHIM"
14199,2,collision,30246,CON-RES-1993-204,3,"ABUBAKAR IBRAHIM BABAN SHITU"
65710,2,legitimate-linked,193853,RES-RC-1982-167,1,"ALH MOHAMMED GALI UMAR"
65710,2,legitimate-linked,193869,"KNML 525",KANGIS,"ALH MUHAMMAD GALI UMAR"
14018,2,collision,27805,RES-1993-157,2,"ALH AMADU BABAN KABO"
14018,2,collision,36942,CON-RES-1992-209,3,"ALH SALISU ABDULLAHI"
11100,2,collision,24804,CON-RES-1986-117,3,"ERIC CHUKWU EMEKE ONYEKWE"
11100,2,collision,31105,CON-RES-1982-1095,3,"ALHAJI UMARU M. ZANDAM"
11711,2,collision,25415,CON-RES-1985-60,3,"MR ABDULKARIM SANI ZARUMI"
11711,2,collision,23530,CON-RES-1982-74,3,"ALHAJI ABDU ALI"
10953,2,collision,23459,CON-RES-1981-477,3,"ALHAJI USMAN SANI"
10953,2,collision,24657,CON-RES-1984-20,3,"ALHAJI GANIYU AJANI"
12267,2,collision,25972,CON-RES-1982-1179,3,"SUNDAY CHIGOZIE EKWONYE"
12267,2,collision,25252,CON-RES-1984-528,3,"MR ATHANATUS MADUEKE"
153864,2,legitimate-linked,178192,CON-RES-2023-7378,3,"FAIZU MUHAMMAD GALADIMA"
153864,2,legitimate-linked,186959,KN5247,KANGIS,"MURTALA ABDULLAHI JEGA"
12776,2,collision,26548,RES-1982-2305,1,"MUHAMMAD ISMAILA"
12776,2,collision,24534,CON-RES-1987-1117,3,"IBRAHIM ABUBAKAR MOHAMMED"
18366,2,collision,32170,CON-RES-1987-603,3,"MRS MARIA ABEBI OLUTUSIN"
18366,2,collision,19783,CON-RES-RC-1982-649,3,"ALHAJI SHAZALI ALI"
16192,2,collision,29991,CON-RES-1988-334,3,"ALHAJI  SAMINU ADAMU"
16192,2,collision,21952,CON-RES-2009-59,3,"SUNNY IMONITIA"
154884,2,legitimate-linked,179220,RES-2000-5295,2,"ADO  MOHAMMED WUDIL"
154884,2,legitimate-linked,179248,"KNML 1223",KANGIS,"BASHIR NUKKEL"
8234,2,collision,33157,CON-COM-1993-26,3,"SANI ADAMU GANO"
8234,2,collision,21931,CON-RES-2009-83,3,"MR.BENNIE IKHENA"
171180,2,legitimate-linked,191852,CON-AG-2021-64,3,"AUWALU ALI ABDULLAHI"
171180,2,legitimate-linked,191913,"MLKN 4391",KANGIS,"AUWALU ALI ABDULLAHI"
13093,2,collision,26866,RES-1991-186,1,"YUSUF LADAN"
13093,2,collision,34021,CON-RES-1987-50,3,"SAMUEL A LATILO ESQ"
156406,2,legitimate-linked,180784,CON-RES-1988-457,3,"DR SANDA MOHAMMED"
156406,2,legitimate-linked,180788,"KNML 1493",KANGIS,"DR SANDA MOHAMMED"
106633,2,legitimate-linked,175107,CON-COM-2023-160,3,"RUSBI AGRO CHEMICAL & ALLIED"
106633,2,legitimate-linked,175119,KN3170,KANGIS,"RUSBI AGRO CHEMICAL & ALLIED"
14266,2,collision,17839,CON-RES-1993-440,3,"GARBA WADA YOLA"
14266,2,collision,28053,RES-1992-1600,2,"SALISU DAN RIBA"
18064,2,collision,31868,CON-RES-1984-38,3,"A.J. MOSES MOHAMMED MAIFATA"
18064,2,collision,19807,CON-RES-RC-1982-334,3,"ALHAJI BASHARI MOHAMMAD YOLA"
46308,2,legitimate-optot,191469,RES-1999-689,2,"AHMAD NASIR"
46308,2,legitimate-optot,191519,"KNML 8024",KANGIS,"AHMAD NASIR"
18433,2,collision,32238,CON-RES-1987-1334,3,"KABIRU SALGA"
18433,2,collision,18952,CON-RES-RC-1982-721,3,"ALHAJI J.A KOGUNA"
11885,2,collision,24106,CON-RES-1983-205,3,"UMARU HARUNA"
11885,2,collision,25590,CON-RES-1984-103,3,"ALHAJI AMINU SANI"
14463,2,collision,33230,CON-RES-1994-425,3,"ALH SALISU SA'IDU"
14463,2,collision,28250,RES-1994-397,2,"ALH DANMALLAM"
15362,2,collision,47150,CON-RES-2003-37,3,"OLUSEGUN AREMU ADEPOKE"
15362,2,collision,29160,RES-1993-3544,2,"AHMED KAWU MUHAMMAD"
18487,2,collision,32292,CON-RES-1987-438,3,"BASHIR LAWAN KURAWA"
18487,2,collision,21515,CON-RES-RC-1983-14,3,"ALHAJI SHARIF ADAMU"
11619,2,collision,25323,CON-RES-1984-483,3,"ALHAJI JIBRIN SAMBO"
11619,2,collision,29635,CON-RES-1982-573,3,"ANDREW ETUBI ADAMA"
12363,2,collision,30423,CON-RES-1985-170,3,"ALHAJI ARMA YAU"
12363,2,collision,26068,CON-RES-1982-339,3,"ALHAJI WADA AMINU"
159351,2,legitimate-linked,183089,"MLKN 2753",KANGIS,"WADA ABDULLAHI KACHAKO"
159351,2,legitimate-linked,183078,COM-2019-112,1,"WADA ABDULLAHI KACHAKO"
7036,2,collision,16476,CON-AG-1982-555,3,"DAMBATTA NIGERIA LIMITED"
7036,2,collision,20722,CON-RES-1995-229,3,"ALHAJI LABARAN AHMED"
14757,2,collision,28546,RES-1993-1200,2,"YUSHA'U HASSAN ADAMU"
14757,2,collision,37013,CON-RES-1996-364,3,"ALH ADAMU GARBA"
11069,2,collision,31625,CON-RES-1982-1021,3,"ALHAJI ALI ABDULLAHI MAFARA"
11069,2,collision,24773,CON-RES-1985-602,3,"MALLAM SANI KIRE"
178624,2,legitimate-linked,197269,RES-2016-976,2,"NASIRU SHEHU SIDI"
178624,2,legitimate-linked,197296,"KNGP 249",KANGIS,"NASIRU SHEHU SIDI"
11146,2,collision,24850,CON-RES-1986-234,3,"ALH AMINU ISA"
11146,2,collision,29615,CON-RES-1982-119,3,"BELLO AHMED ABUBAKAR"
42125,2,legitimate-linked,185621,RES-1993-796,2,"SANUSI IBRAHIM"
42125,2,legitimate-linked,185623,"KNML 1512",KANGIS,"SANUSI IBRAHIM"
10906,2,collision,24610,CON-RES-1987-911,3,"MOHAMMED SANI AHMED"
10906,2,collision,19116,CON-RES-1981-381,3,"ALHAJI SHEHU USMAN KAFINTA"
6868,2,collision,20552,RES-1992-3226,2,"UMARU LADAN"
6868,2,collision,18935,CON-AG-1981-83,3,"SANI SHEHU MAI HULA"
17427,2,collision,185314,KN5408,KANGIS,"MURTALA ABDULLAHI JEGA"
17427,2,collision,31230,CON-RES-1995-299,3,"ALHAJI TIJJANI BALA"
14993,2,collision,46956,CON-RES-1999-164,3,"ALH SAIDU D.ADHAMA"
14993,2,collision,28787,RES-1993-2637,2,"MOHAMMED IBRAHIM M/BULLE"
7367,2,collision,20097,CON-AG-1993-52,3,"ALHAJI YUSUF NADABO CHIROMAWA"
7367,2,collision,21056,RES-1992-3607,2,"BABA UMARU MASUKWANI"
18571,2,collision,32376,CON-RES-1987-1129,3,"MENTHUS NWAMUO"
18571,2,collision,20149,CON-RES-RC-1985-1,3,A.M.BELLO
14742,2,collision,28530,RES-1993-1150,2,"HAJIYA FULANI ABDULLAHI"
14742,2,collision,36642,CON-RES-1996-296,3,"HAJIYA HAUWA ABDULLAHI"
11871,2,collision,25576,CON-RES-1993-171,3,"ALHAJI TSOHO GARBA"
11871,2,collision,32015,CON-RES-1983-174,3,"ALHAJI ALFA BIDDA"
14591,2,collision,28378,RES-1992-7413,2,"ALHAJI GARBA HAMZA"
14591,2,collision,31327,CON-RES-1995-263,3,"SULEIMAN IBRAHIM"
12471,2,collision,26177,CON-RES-1988-355,3,"HAUWA SABUWA BAKA"
12471,2,collision,33998,CON-RES-1985-502,3,"ALIYU MOHAMMED HADEJIA"
172987,2,legitimate-linked,193264,RES-2001-4199,2,"ABDULLAHI MUSA"
172987,2,legitimate-linked,193300,"KNML 1425",KANGIS,"SATOMI ABDULLAHI AHMED"
13896,2,collision,36429,CON-RES-1991-388,3,"ALHAJI BADAMASI MANDAWARI"
13896,2,collision,27675,RES-1991-767,1,"ALHAJI YAHAYA HASSAN"
7317,2,collision,21004,RES-1992-3512,2,"HAJ AI BABUGA"
7317,2,collision,15574,CON-AG-1989-177,3,"ALAHJI SA'AD-UD-DEEN"
11428,2,collision,25132,CON-RES-1982-1512,3,"ALHAJI IBRAHIM ISYAKU"
11428,2,collision,23340,CON-RES-1982-275,3,"MARYAM A HALLIRU"
32884,2,legitimate-linked,182985,RES-1987-956,1,"BABA ADAMU IYAM"
32884,2,legitimate-linked,182989,"KNML 905",KANGIS,"BABA ADAMU IYAM"
14752,2,collision,36835,CON-RES-1996-349,3,"ALHAJI ADO AHMED"
14752,2,collision,28541,RES-1993-1162,2,"BELLO MOHD SHEHU"
51590,2,legitimate-optot,190155,RES-2008-1574,2,"IBRAHIM USMAN AUYO"
51590,2,legitimate-optot,190169,"KNML 248",KANGIS,"IBRAHIM USMAN AUYO"
7893,2,collision,21585,RES-1992-4618,2,"TIJJANI SAIDU"
7893,2,collision,29510,CON-COM-1983-56,3,"CAPTAIN ALIYU BAFFA"
49880,2,legitimate-linked,183226,RES-2003-2277,2,"USMAN UBA MUSA"
49880,2,legitimate-linked,183285,"KNML 5827",KANGIS,"USMAN UBA MUSA"
15537,2,collision,29335,CON-RES-1985-265,3,"ALHAJI JA'AFARA GARBA"
15537,2,collision,34812,CON-RES-2005-18,3,"MR TUNDE DAVID"
15529,2,collision,29327,CON-RES-1985-242,3,"MARYAM SHEHU MOHAMMED"
15529,2,collision,34848,CON-RES-2005-169,3,"HUDU DAWAKI"
17901,2,collision,32436,CON-RES-RC-1982-1307,3,"ALHAJI HAMISU BICHI"
17901,2,collision,31705,CON-RES-1986-14,3,"ALHAJI USMAN SANI"
14575,2,collision,28362,RES-1992-7369,2,"GARBA ALI AND SANI MURTALA"
14575,2,collision,22800,CON-RES-1995-213,3,"ALHAJI ABDULKADIR SULE GARO"
11366,2,collision,24931,CON-RES-1982-187,3,"ALHAJI MUNZALI IBRAHIM"
11366,2,collision,25070,CON-RES-1984-449,3,"ALHAJI MUHAMMED MUHAMMED"
13047,2,collision,26819,RES-1991-138,1,"ALH. MUHAMMAD NA GARBA"
13047,2,collision,34396,CON-RES-1987-390,3,"MR OKWUCHUNKU GAIUS EBOH"
14223,2,legitimate-optot,28010,RES-1993-1519,2,"RABIU HARUNA UNGOGO"
14223,2,legitimate-optot,17835,CON-RES-1993-285,3,"ALHAJI TIJJANI USMAN"
8725,2,collision,22424,RES-1992-6462,2,"ALHAJI BALA MOHD"
8725,2,collision,34889,CON-COM-2005-95,3,"Y.Y VENTURES AND OIL NIGERIA LIMITED"
62776,2,legitimate-linked,192426,RES-2024-4109,2,"MUSTAPHA MUHAMMAD ADO"
62776,2,legitimate-linked,192450,KN3275,KANGIS,"MUSTAPHA MUHAMMAD ADO"
11752,2,collision,25456,CON-RES-1989-92,3,"NUHU MUSA"
11752,2,collision,23558,CON-RES-1982-83,3,"ALHAJI WADA RABIU"
15562,2,collision,29360,CON-RES-1987-962,3,"DOROTHY YETONDE OYEBOLA"
15562,2,collision,34836,CON-RES-2005-241,3,"MR EBOH OKWUCHUKU"
17585,2,legitimate-linked,31388,CON-RES-1997-162,3,"ALHAJI HAMISU UMAR MAI UNGUWA"
17585,2,legitimate-linked,189283,KN4609,KANGIS,"MURTALA ABDULLAHI JEGA"
8180,2,collision,33432,CON-COM-1992-18,3,"ALHAJI TIJJANI ABDU KURA"
8180,2,collision,21876,CON-RES-2009-710,3,"ALHAJI NURA SHEHU"
13580,2,collision,26162,CON-RES-1989-225,3,"UMARU ABDULLAHI BICHI"
13580,2,collision,27354,RES-1990-2532,1,"ALH BABA MOHD"
7673,2,collision,15311,CON-COM-1981-17,3,"SHAWKI SAID DAYEKH"
7673,2,collision,21364,CON-AG-1981-124,3,"MAJOR UMARU MALAMI MOHAMMED"
15536,2,collision,29334,CON-RES-1985-273,3,"LAWAN SULE"
15536,2,collision,34831,CON-RES-2005-178,3,"MR INNOCENT UDEMEZUE"
8708,2,collision,22407,RES-1992-6432,2,"ALHAJI GARBA INUWA"
8708,2,collision,32824,CON-COM-2005-64,3,"M. D. R. NIGERIA LTD"
56062,2,legitimate-linked,192089,RES-2015-753,2,"MR IFEANYI EZE ASOIBE"
56062,2,legitimate-linked,192099,"KNML 3482",,"MR IFEANYI EZE ASOIBE"
66127,2,legitimate-linked,174275,RES-RC-1982-378,1,"NSUKKA UNIQUE BROTHERS"
66127,2,legitimate-linked,174293,"KNML 7580",KANGIS,"NSUKKA UNIQUE BROTHERS"
15229,2,collision,29027,RES-1993-2901,2,"ALH MAIGIDA WARURE"
15229,2,collision,47115,CON-RES-2002-100,3,"AMINU UMAR DANKOLI"
13192,2,collision,26965,CON-RES-1982-568,3,"ALHAJI MUHAMMED SALISU AHMED"
13192,2,collision,25436,CON-RES-1987-762,3,"MALLAM MAGAJI TANIMU"
12606,2,collision,26312,CON-RES-1986-403,3,"ILIYA ABDULLAHI"
12606,2,collision,24862,CON-RES-1986-246,3,"HAJIYA NI'IMA A SALEH"
19012,2,collision,32817,CON-COM-2005-40,3,"MTL INTERNATIONAL CONCEPT LIMITED"
19012,2,collision,172870,"MLKN 157",KANGIS,"GONGONI COMPANY LTD"
8440,2,collision,22140,CON-RES-2009-135,3,"MALL. ABDULRAHMAN HUSSAINI"
8440,2,collision,30308,CON-COM-1999-49,3,"ALH MUHTARI SAYA-SAYA"
117422,2,legitimate-linked,174911,CON-COM-2021-707,3,"RT HON ISYAKU ALI DANJA"
117422,2,legitimate-linked,174918,KN94,KANGIS,"RT HON ISYAKU ALI DANJA"
65284,2,legitimate-linked,194384,RES-RC-1982-1259,1,"ALHAJI J.A KOGUNA"
65284,2,legitimate-linked,194696,"KNML 1589",KANGIS,"ALHAJI JA'AFAR ABUBAKAR KOGUNA"
12232,2,collision,24651,CON-RES-1984-45,3,"ALHAJI MUHAMMADU GWALLI"
12232,2,collision,25937,CON-RES-1982-1591,3,"ABDULLAHI AUZA WALLAH"
3160,2,legitimate-optot,180076,RES-2007-784,2,"M. SALISU MUHAMMAD B. MALAM & OTHERS"
3160,2,legitimate-optot,181929,RES-2007-786,2,"M. SALISU MUHAMMAD B/MALAMI & OTHERS"
11083,2,collision,23600,CON-RES-1982-1056,3,"ALHAJI K. LAWAL GAMBO"
11083,2,collision,24787,CON-RES-1985-670,3,"ALH. SANI DABA"
11605,2,collision,29634,CON-RES-1982-554,3,"HAJIYA YELWA SUNUSI"
11605,2,collision,25309,CON-RES-1984-375,3,"ALHAJI ABBA MUSA"
10984,2,collision,14470,CON-RES-1981-546,3,"ALHAJI KABIRU SULE BALARABE"
10984,2,collision,24688,CON-RES-1983-887,3,"ALHAJI GARBA HASSAN"
166045,2,legitimate-linked,188756,CON-RES-2006-269,3,"ALHAJI YA'U MUHAMMAD"
166045,2,legitimate-linked,188766,"KNML 2428",KANGIS,"ALHAJI YA'U MUHAMMAD"
7971,2,legitimate-optot,23704,CON-COM-1985-127,3,"ALHAJI UBA FARI GAYA"
7971,2,legitimate-optot,21665,CON-RES-1982-894,3,"ALHAJI ABBA ABDULLAHI YAKASAI"
13668,2,legitimate-optot,34283,CON-RES-1989-528,3,"MOHAMMAD SADISU IBRAHIM"
13668,2,legitimate-optot,27443,RES-1990-4553,1,"A.S ABDULKADIR ADAMU"
178449,2,legitimate-optot,197131,RES-2015-5194,2,"NU'UMAN BARAU DANBATTA"
178449,2,legitimate-optot,197137,"KNML 8337",KANGIS,"NU'UMAN BARAU DANBATTA"
14361,2,collision,28148,RES-1993-2080,2,"UMARU HASAN"
14361,2,collision,29838,CON-RES-1994-256,3,"ALHAJI BALA SHEHU"
6911,2,collision,20595,RES-1992-3155,2,"SULAIMAN MUSA KADAWA"
6911,2,collision,15609,CON-AG-1982-169,3,"JASAS INVESTMENT INTERNATIONAL CO. LTD"
12564,2,collision,26270,CON-RES-1986-76,3,"AMUSA ODUOLA TIAMIYU"
12564,2,collision,26307,CON-RES-1986-132,3,"ALHAJI MUDI GUDA KARAYE"
8597,2,collision,32908,CON-COM-2003-41,3,"ALHAJI IBRAHIM MIJINYAWA"
8597,2,collision,22296,CON-RES-1982-484,3,"ALHAJI SALISU ALASAN"
8229,2,collision,33176,CON-COM-1993-16,3,"DENNIS ONOCHIE OKECHUKWU"
8229,2,collision,21926,CON-RES-2009-936,3,"HABU IBRAHIM RIMI"
10659,2,collision,24362,CON-RES-1988-124,3,"HAJIYA RABI .S. GIDADO"
10659,2,collision,32555,CON-IND-RC-1982-6,3,"RURUM FARM LIMITED"
11798,2,collision,25502,CON-RES-1999-335,3,"ALHAJI LABARAN GARBA ADAMU"
11798,2,collision,29649,CON-RES-1982-915,3,"MALLAM SANI HASSAN"
18580,2,collision,25659,CON-RES-RC-1985-22,3,"ALHAJI SHARIF SALISU"
18580,2,collision,32385,CON-RES-1987-122,3,"ALHAJI AMADU AUDU"
172660,2,legitimate-linked,192995,CON-RES-2009-849,3,"SULEIMAN TANKO YAKASAI"
172660,2,legitimate-linked,193026,"KNML 1586",KANGIS,"SULEIMAN TANKO YAKASAI"
8699,2,legitimate-optot,32819,CON-COM-2005-48,3,"ALHAJI INUWA SABO"
8699,2,legitimate-optot,22398,RES-1992-6420,2,"KABIR UBA ALI"
12884,2,collision,25411,CON-RES-1987-1403,3,"MR RAPHEAL .I. NKANNEBE"
12884,2,collision,26656,RES-1982-2170,1,"ALHAJI MUSA ABDULLAHI"
8590,2,collision,32915,CON-COM-2003-28,3,"ALHAJI YUSUF ABDULLAHI"
8590,2,collision,22289,CON-RES-1982-496,3,"DONALD MORRISON EWORITSEMOGHA INE"
6009,2,legitimate-linked,186780,COM-RC-1982-26,1,"UNION TRADING CO. LTD"
6009,2,legitimate-linked,19686,RES-1992-2810,2,"ABDULLAHI ZAKARI"
14513,2,collision,28300,RES-1994-1952,2,"ALH SALISU USMAN"
14513,2,collision,33232,CON-RES-1994-686,3,"MR LIVINUS OBETA"
24035,2,collision,47002,CON-RES-1999-76,3,"SHARIF HAMISU BABA"
24035,2,collision,47051,CON-RES-1998-270,3,"ALH HAMISU MUSA"
17596,2,legitimate-linked,31399,CON-RES-1997-190,3,"BALA LAWAN LOKON MAKERA"
17596,2,legitimate-linked,186770,KN5093,KANGIS,"MURTALA ABDULLAHI JEGA"
10856,2,collision,24560,CON-RES-1987-198,3,"MR. OJAPA YUSUF AJOZE"
10856,2,collision,15247,CON-RES-1981-307,3,"MR AMOS OKOLI"
18222,2,collision,34523,CON-RES-RC-1982-496,3,"ALHAJI UMARU IDRIS"
18222,2,collision,32026,CON-RES-1983-351,3,"ALHAJI MOHAMMED SULAIMAN"
12028,2,collision,25286,CON-RES-1983-575,3,"HAJIYA AISHATU IBRAHIM"
12028,2,collision,25733,CON-COM-1995-114,3,"WALI ADO RANO"
13081,2,legitimate-optot,35675,CON-RES-1987-47,3,"MR ISAAC C. UCHEIBE"
13081,2,legitimate-optot,26854,RES-1991-172,1,"SHEHU TALLE TARAUNI"
17459,2,collision,185421,KN5362,KANGIS,"MURTALA ABDULLAHI JEGA"
17459,2,collision,31262,CON-RES-1995-498,3,"ALHAJI SANI ABDULLAHI"
13052,2,collision,26824,RES-1991-140,1,"MADAM RAHINA TUKUR"
13052,2,collision,30541,CON-RES-1987-400,3,"ADIO JIMOH YUSUF"
14450,2,collision,31476,CON-RES-1994-374,3,"ALHAJI HABIBU ALI DANKOLI"
14450,2,collision,28237,RES-1994-366,2,"SABO ABDU/SULE GAMAWA"
11530,2,collision,25234,CON-RES-1983-791,3,"ALHAJI ABUBAKAR USMAN"
11530,2,collision,23612,CON-RES-1982-440,3,"ALHAJI ADO SALISU"
8281,2,collision,21980,RES-1992-5786,2,"HAUWA SHU'AIBU ADAMU"
8281,2,collision,31521,CON-COM-1994-43,3,"NIGERIA AIRWAYS LIMITED"
14032,2,collision,27819,RES-1993-199,2,"MUHAMMED MUSTAPHA"
14032,2,collision,36943,CON-RES-1992-273,3,"ALH SALISU NAZARA"
14171,2,collision,36874,CON-RES-1992-93,3,"HAJIYA INUWA HANNATU MOHAMMED"
14171,2,collision,27958,RES-1993-843,2,"ABDU BADARU"
11072,2,collision,24776,CON-RES-1985-651,3,"DAUDA YUSUF KOKI"
11072,2,collision,29659,CON-RES-1982-1026,3,"ALHAJI DANLAMI MAIKWANO"
66495,2,legitimate-linked,181198,RES-RC-1982-712,1,"AMINU CHUBADO BELLO"
66495,2,legitimate-linked,181202,"KNML 1951",KANGIS,"AMINU CHUBADO BELLO"
8449,2,legitimate-optot,194033,CON-COM-2000-10,3,"ALH. IBRAHIM GARBA HOTORO"
8449,2,legitimate-optot,22041,RES-1992-5895,2,"HABIBU TANKO MAIZARE"
12014,2,collision,24423,CON-RES-1983-542,3,"HON. LAWAL SANI BURDI"
12014,2,collision,25719,CON-AG-1995-9,3,"ALU MALAMI GIDAN NA GUNDA"
152550,2,legitimate-optot,175930,RES-2022-3951,2,"BELLO IBRAHIM GWANGWAZO"
152550,2,legitimate-optot,175946,KN3689,KANGIS,"BELLO IBRAHIM GWANGWAZO"
161325,2,legitimate-linked,184771,SLTR-217709,SLTR,"ABDULLAHI J. MUHAMMAD"
161325,2,legitimate-linked,184779,KN5332,KANGIS,"ABDULLAHI J. MUHAMMAD"
10601,2,collision,175341,CON-IND-2022-54,3,"NURADDEEN SANI GWARZO"
10601,2,collision,24304,CON-RES-1988-32,3,"MALLAM ZUBAIRU UZAIRU"
11102,2,collision,24806,CON-RES-1986-119,3,"ALH YAHAYA GUMEL"
11102,2,collision,25008,CON-RES-1982-1097,3,"ALHAJI GAMBO AHMED DANKAWU"
16427,2,legitimate-linked,30226,CON-RES-1993-15,3,"ALH AMINU ISYAKU"
16427,2,legitimate-linked,186991,"KNML 2853",KANGIS,"MR GALLET STAPHANE"
7328,2,collision,21015,RES-1992-3530,2,"ALH MAIKUDI BABA"
7328,2,collision,34285,CON-AG-1989-39,3,"ALHAJI SALE SULEH"
39819,2,legitimate-linked,180864,RES-1992-4802,2,"DR SANDA MOHAMMED"
39819,2,legitimate-linked,180914,"KNML 1498",KANGIS,"DR SANDA MOHAMMED"
15312,2,legitimate-linked,32935,CON-RES-2003-118,3,"CRISS CROSS LIMITED"
15312,2,legitimate-linked,29110,RES-1993-3449,2,"ALHAJI BALA"
14793,2,collision,28583,RES-1993-1357,2,"JIBO ISIYAKU"
14793,2,collision,38671,CON-RES-1997-171,3,"ALHAJI YA'U MUSA KURA"
146431,2,legitimate-linked,169474,CON-COM-2023-616,3,"MUAZU YUNUSA RIRUWAI"
146431,2,legitimate-linked,169475,KN4717,KANGIS,"MUAZU YUNUSA RIRUWAI"
161557,2,legitimate-linked,184975,COM-2002-1107,1,"UWANI, SAUDE AND AISHA MUHTAR"
161557,2,legitimate-linked,185041,LPCC-2015-428,DCIV,"ALHAJI ABUBAKAR USMAN"
18058,2,collision,31862,CON-RES-1984-13,3,"ALHAJI SALE HUSAINI"
18058,2,collision,25671,CON-RES-RC-1982-329,3,"BASHIR MUHAMMAD YOLA"
7392,2,collision,179167,CON-AG-1995-103,3,"VIVA METAL AND PLASTIC INDUSTRY LIMITED"
7392,2,collision,21082,CON-RES-1995-419,3,"ALH. MUKHTAR BELLO"
14117,2,collision,27904,RES-1993-728,2,"HAJIYA HALIMA UMAR"
14117,2,collision,23089,CON-RES-1992-542,3,"HABIBU SHEHU ALMAJIR"
12960,2,legitimate-optot,25703,CON-RES-1987-221,3,"FATIMA BINTA SAIDU"
12960,2,legitimate-optot,26732,RES-1991-18,1,"TASI`U ABDULLAHI"
163652,2,legitimate-linked,186652,COM-2014-76,1,"USMAN RABIU DAN SUTTUR"
163652,2,legitimate-linked,186655,"MLKN 1235",KANGIS,"USMAN RABIU DAN SUTTUR"
146375,2,legitimate-optot,169413,RES-2016-1445,2,"MURTALA SUFI"
146375,2,legitimate-optot,169414,KN4428,KANGIS,"MURTALA SUFI"
174415,2,legitimate-linked,15486,RES-1992-1491,2,"HALIMA DANLAWANDI"
174415,2,legitimate-linked,194188,"KNML 542",KANGIS,"FAROUK SHIHAB FAROUK"
11594,2,collision,25298,CON-RES-1984-618,3,"GARBA YARO"
11594,2,collision,31982,CON-RES-1982-536,3,"MALAM ADAMU DAMAGARAN"
13056,2,collision,26828,RES-1991-145,1,"MOHD BELLO"
13056,2,collision,30878,CON-RES-1987-406,3,"TUKUR SOJA KARAYE"
160949,2,legitimate-linked,184406,CON-RES-2012-143,3,"A IDRIS HARUNA ZUBAIR"
160949,2,legitimate-linked,184409,"KNML 1921",KANGIS,"A IDRIS HARUNA ZUBAIR"
148775,2,legitimate-linked,172219,RES-1993-4492,2,"MOHAMMED SANI ISMA'IL"
148775,2,legitimate-linked,172228,KN70,KANGIS,"MUHAMMED SANI ISMAIL."
13609,2,collision,27383,RES-1990-2157,1,"A. HADI TELLA RINGIM"
13609,2,collision,35716,CON-RES-1989-350,3,"ABDULKADIR BADAMASI"
14565,2,collision,31183,CON-RES-1995-175,3,"EMMANUEL CHIKE AKANNAM"
14565,2,collision,28352,RES-1992-7352,2,"GARBA SHA'AIBU / NAMADI SHA'AIBU"
12205,2,collision,25910,CON-RES-1988-391,3,"ALHAJI JIBRIL YUSUF"
12205,2,collision,25403,CON-RES-1984-32,3,"ALHAJI ABBA ALIYU"
13564,2,collision,27338,RES-1990-4460,1,"DAHIRU BABA DAMBAZAU"
13564,2,collision,30952,CON-RES-1989-184,3,"ALHAJI DAHIRU IDI"
42544,2,legitimate-linked,179543,RES-1994-1871,2,"SANI MOHAMMED LAWAL"
42544,2,legitimate-linked,179566,"KNML 6460",KANGIS,"SANI MOHAMMED LAWAL"
176276,2,legitimate-linked,195424,CON-COM-2024-667,3,"A Y ROMO NIGERIA LIMITED"
176276,2,legitimate-linked,195425,KN3586,KANGIS,"A Y ROMO NIGERIA LIMITED"
12435,2,collision,25013,CON-RES-1985-39,3,"ALHAJI MUSTAPHA ABSHIR WALI"
12435,2,collision,26141,CON-RES-1989-498,3,"ALHAJI SANI HASHIM"
13897,2,collision,27676,RES-1991-768,1,"BABA IBRAHIM MOHD"
13897,2,collision,35832,CON-RES-1991-393,3,"ALH HAMISU SULE GARO"
11482,2,collision,32057,CON-RES-1982-369,3,"ALHAJI SHEHU ALLI"
11482,2,collision,25186,CON-RES-1982-1101,3,"ALHAJI ABDULLAHI IBRAHIM"
13610,2,collision,27384,RES-1990-2161,1,"ALH MOHD LAUWALI HARUNA"
13610,2,collision,26170,CON-RES-1989-366,3,"HAJIYA LADI FADI UMAR"
11735,2,collision,25439,CON-RES-1987-612,3,"MAIWAADA ALHAJI AUDU"
11735,2,collision,32045,CON-RES-1982-794,3,"ALHAJI ISA MAISUKUNI"
17443,2,collision,183232,KN5379,KANGIS,"MURTALA ABDULLAHI JEGA"
17443,2,collision,31246,CON-RES-1995-469,3,"ALH. SHEHU AHMADU"
11430,2,collision,21729,CON-RES-1982-277,3,"ALHAJI LAWAN YAHAYA"
11430,2,collision,25134,CON-RES-1982-1506,3,"ALHAJI ADO MAITAMPOL"
7266,2,collision,20953,CON-RES-1994-751,3,"ALHAJI MUHAMMAD GHALI NASIDI"
7266,2,collision,21355,CON-AG-1987-54,3,"IBRAHIM ISMA'IL"
12827,2,collision,33315,CON-RES-1987-1244,3,"ALH BELLO B. HASHIM"
12827,2,collision,26599,RES-1982-2404,1,"MUSA MOHAMMED"
14639,2,collision,36695,CON-RES-1995-438,3,"HAJ ALTINE LAWAN MOHAMMED"
14639,2,collision,28427,RES-1992-8659,2,"MOHAMMED ABUBAKAR"
17430,2,collision,185327,KN5442,KANGIS,"MURTALA ABDULLAHI JEGA"
17430,2,collision,31233,CON-RES-1995-452,3,"AHMED MOHAMMED"
15534,2,collision,29332,CON-RES-1985-290,3,"ALHAJI SALE IBRAHIM"
15534,2,collision,34852,CON-RES-2005-174,3,"ASHIRU ABDU DANBURJI"
17993,2,collision,31038,CON-RES-RC-1982-216,3,"ALHAJI ZAKARI MAIGORO"
17993,2,collision,31797,CON-RES-1984-685,3,"ALHAJI SHAFIU MOHAMMED"
146410,2,legitimate-linked,169451,CON-RES-2023-7549,3,"MUAZU YUNUSA RIRUWAI"
146410,2,legitimate-linked,169452,KN4712,KANGIS,"MUAZU YUNUSA RIRUWAI"
158953,2,legitimate-optot,182737,RES-2016-3232,2,"NURA AHMED TAFIDA"
158953,2,legitimate-optot,184508,LPCC-2022-149,DCIV,"KANO STATE JUDICIARY"
12660,2,collision,31669,CON-RES-1986-381,3,"ALHAJI SANI BUHARI"
12660,2,collision,26366,CON-RES-1982-228,3,"ALHAJI INUSA SHA'AIBU"
178519,2,legitimate-linked,197195,CON-RES-2020-1090,3,"BINTA SANI YAKUBU"
178519,2,legitimate-linked,197205,"KNML 9791",KANGIS,"BINTA SANI YAKUBU"
179721,2,legitimate-linked,198189,CON-IND-2022-63,3,"H.D.F INTERGRATED AGRO LTD"
179721,2,legitimate-linked,198226,"MLKN 4324",KANGIS,"H.D.F INTERGRATED AGRO LTD"
11592,2,collision,25296,CON-RES-1984-609,3,"NASIRU ADO"
11592,2,collision,24943,CON-RES-1982-534,3,"M. SALE SULE"
166766,2,legitimate-linked,189258,CON-COM-2018-106,3,"DANLITI SHU'AIBU ADAMU"
166766,2,legitimate-linked,189317,"MLKN 3392",KANGIS,"DANLITI SHU'AIBU ADAMU"
13562,2,collision,27336,RES-1990-4462,1,"ALH ADO NA ALHAJI"
13562,2,collision,30662,CON-RES-1989-175,3,"MR VINCENT CHIZELUM ABASILI"
165324,2,legitimate-linked,188113,COM-2010-373,1,"AWA COMPANY LIMITED"
165324,2,legitimate-linked,188125,"MLKN 2770",KANGIS,"AWA COMPANY LIMITED"
38730,2,legitimate-linked,177603,RES-1992-1559,2,"AMINU SALISU ILIYASU"
38730,2,legitimate-linked,177613,"KNML 1807",KANGIS,"AMINU SALISU ILIYASU"
7966,2,collision,15325,CON-COM-1985-112,3,"UMAR GARBA"
7966,2,collision,21660,RES-1992-4700,2,"ALHAJI MUSA FASHIR"
12495,2,collision,24759,CON-RES-1985-550,3,"ALHAJI JAFARU DALHATU"
12495,2,collision,26201,CON-RES-1984-330,3,"UMARU USMAN"
14003,2,collision,27790,RES-1993-108,2,"MOHD WALI HASSAN"
14003,2,collision,37165,CON-RES-1992-170,3,"MALLAM ADAMU ABDULLAHI"
13276,2,collision,26999,CON-RES-1987-944,3,"ALH. MUSA BABA"
13276,2,collision,27049,RES-1982-2246,1,"ISA MOHAMMAD"
150077,2,legitimate-linked,173429,CON-COM-2022-604,3,"IBRAHIM KABIR"
150077,2,legitimate-linked,173453,"MLKN 4341",KANGIS,"IBRAHIM KABIR"
10436,2,collision,24139,CON-RES-1983-656,3,"ALHAJI ABDULKADIR MOHAMMED MADUGURUM"
10436,2,collision,30709,CON-IND-1983-34,3,"ALHAJI UMARU TOLA"
12673,2,collision,26317,CON-RES-1986-420,3,"ALHAJI HASSAN NAABBA"
12673,2,collision,26379,RES-1982-1767,1,"SHEHU ABUBAKAR"
163827,2,legitimate-linked,186774,RES-2002-8117,2,"SADI SULMANU"
163827,2,legitimate-linked,186794,"KNML 270",KANGIS,"GARBA YAKASAI SANI"
10786,2,collision,19080,CON-RES-1981-200,3,"MALLAM HASSAN SHARADA"
10786,2,collision,24489,CON-RES-1987-161,3,"RABIU BAWA"
171043,2,legitimate-linked,191763,RES-2013-560,2,"USMAN MUHAMMED"
171043,2,legitimate-linked,191781,"KNML 2495",KANGIS,"USMAN MUHAMMED"
7012,2,collision,20696,CON-RES-1995-421,3,"MUHAMMADU DAN SABO"
7012,2,collision,21473,CON-AG-1982-467,3,"ALHAJI SULE YAHAYA GARKO"
14824,2,collision,28614,RES-1993-1427,2,"ALHAJI SULE MUSA KADAWA"
14824,2,collision,47086,CON-RES-1997-257,3,"JUSTUS AROH"
18424,2,collision,32229,CON-RES-1987-908,3,"ABUBAKAR IDRIS"
18424,2,collision,18747,CON-RES-RC-1982-712,3,"ALHAJI ALI TAHIR"
150920,2,legitimate-linked,174170,CON-COM-2025-133,3,"NDUBUSI JOHNSON AMUKAH"
150920,2,legitimate-linked,174186,KN5338,KANGIS,"NDUBUSI JOHNSON AMUKAH"
16578,2,collision,35510,CON-RES-2013-565,3,"ODO LINUS OKONKWO"
16578,2,collision,30378,CON-RES-1986-308,3,"JAMILU AMINU"
178673,2,legitimate-linked,197311,CON-COM-2022-417,3,"MUAZU INUSA ALIYU"
178673,2,legitimate-linked,197333,KN3828,KANGIS,"MUAZU INUSA ALIYU"
12568,2,collision,31697,CON-RES-1986-144,3,"ALHAJI MOHAMMED UMAR"
12568,2,collision,26274,CON-RES-1986-78,3,"UMARU SULEIMAN"
25680,2,legitimate-linked,197307,IND-1997-9,1,"STANDARD FOOTWAER NIGERIA LIMITED"
25680,2,legitimate-linked,197327,"MLKN 15",KANGIS,"STANDARD FOOTWAER NIGERIA LIMITED"
152839,2,legitimate-optot,176277,RES-2015-3533,2,"ABDU JIBRIL"
152839,2,legitimate-optot,176289,"KNML 3950",KANGIS,"ABDU JIBRIN"
11872,2,collision,25577,CON-RES-1993-172,3,"UMARU USMAN"
11872,2,collision,32018,CON-RES-1983-175,3,"HAJIYA F.A KUDAISI"
151744,2,legitimate-linked,174979,CON-RES-2023-4025,3,"SABIU HARUNA DUNDU"
151744,2,legitimate-linked,174981,KN4800,KANGIS,"SABIU HARUNA DUNDU"
14284,2,collision,28071,RES-1993-1628,2,"ISA SALIHU"
14284,2,collision,36960,CON-RES-1993-507,3,"ALH HAMISU ABBA"
149546,2,legitimate-linked,172820,IND-1997-13,1,"STANDARD PLASTICS INDUSTRY (NIG) LTD"
149546,2,legitimate-linked,172831,"MLKN 16",KANGIS,"STANDARD PLASTICS INDUSTRY (NIG) LTD"
7252,2,collision,20939,CON-RES-1993-549,3,"MRS CHIRISTIANA BUNMI ELETI"
7252,2,collision,18316,CON-AG-1987-16,3,"ALHAJI ALI DAN BAGADAZA"
162437,2,legitimate-linked,185725,CON-IND-2021-22,3,"N.B CERAMICS LIMITED"
162437,2,legitimate-linked,185727,"MLKN 3198",KANGIS,"N.B CERAMICS LIMITED"
171240,2,legitimate-linked,191888,CON-COM-2021-370,3,"ADO MUDASSIR"
171240,2,legitimate-linked,191899,KN2903,KANGIS,"ADO MUDASSIR"
14362,2,collision,28149,RES-1993-2085,2,"ALH HAMISU MASUKWANI"
14362,2,collision,29840,CON-RES-1994-258,3,"KOKIYA PETROLEUM PRODUCTS & HAULAGE LTD"
12856,2,legitimate-optot,33584,CON-RES-1987-1301,3,"BELLO A. YAKASAI"
12856,2,legitimate-optot,26628,RES-1982-2121,1,"HAJIYA AISHATU M. SANI"
13673,2,legitimate-optot,27448,RES-1990-4263,1,"ALH LAWAN BAGAZAWA"
13673,2,legitimate-optot,26083,CON-RES-1989-544,3,"ALHAJI USMAN SABO"
12790,2,collision,32252,CON-RES-1987-1141,3,"MR BENJAMIN SUNDAY NKEMAKONAM EJEKE"
12790,2,collision,26562,RES-1982-2335,1,"NAFISA YARO"
2731,2,legitimate-linked,16400,RES-1992-2271,2,"M. IBRAHIM INUWA"
2731,2,legitimate-linked,187223,"KNML 274",KANGIS,"ALH MOHD MUSA SHEHU"
12502,2,collision,26208,CON-RES-1984-423,3,"MOA OLA ABODUNRIN"
12502,2,collision,32631,CON-RES-1985-568,3,"ALH. SHEHU MUHAMMAD GARKI"
260,2,legitimate-optot,19520,AG-RC-1982-72,1,"MOHAMMED SANI DANBATTA"
260,2,legitimate-optot,13915,CON-RES-1981-187,3,"ALHAJI MUHAMMADU JIBRIN"
153881,2,legitimate-linked,186802,KN5195,KANGIS,"MURTALA ABDULLAHI JEGA"
153881,2,legitimate-linked,178211,CON-RES-2023-7369,3,"FAIZU MUHAMMAD GALADIMA"
6907,2,collision,20591,RES-1992-3151,2,"HASSAINI IDRIS"
6907,2,collision,15589,CON-AG-1982-161,3,"ALHAJI SANI HAYATU"
12079,2,collision,25784,CON-RES-1983-95,3,"MALLAM BATURE NASURUDINI"
12079,2,collision,24405,CON-RES-1983-745,3,"JAFURU ALHAJI"
153403,2,legitimate-linked,177718,CON-RES-2023-7348,3,"FAIZU MUHAMMAD GALADIMA"
153403,2,legitimate-linked,190232,KN4580,KANGIS,"MURTALA ABDULLAHI JEGA"
17611,2,legitimate-linked,187831,KN4820,KANGIS,"MURTALA ABDULLAHI JEGA"
17611,2,legitimate-linked,31414,CON-RES-1997-369,3,"ASTUTE PROPERTIES LIMITED"
18004,2,collision,18506,CON-RES-RC-1982-25,3,"MR. FATAI AKANNI ASUNI"
18004,2,collision,31808,CON-RES-1984-491,3,"ALHAJI TANIMU YAKUDIMA"
175593,2,legitimate-optot,194986,"KNML 3540",,"DR. ABUBAKAR DANJUMA SALISU"
175593,2,legitimate-optot,195156,RES-2015-1023,2,"DR ABUBAKAR D SALISU"
7503,2,collision,21194,RES-1992-4245,2,"MAGAJIYA YAHAYA"
7503,2,collision,19503,CON-AG-2009-32,3,"RUFA'I HARUNA"
7260,2,collision,20947,CON-RES-1993-570,3,"SIRAJO MOHAMMAD"
7260,2,collision,18710,CON-AG-1987-40,3,"MUHAMMAD KABIR"
11208,2,collision,31031,CON-RES-1982-1309,3,"ALI  BALARABE ABDULRAZAK"
11208,2,collision,24912,CON-IND-1983-3,3,"ALHAJI SALIHU GARBA"
11874,2,collision,24391,CON-RES-1983-183,3,"LAWAN ZAKARI"
11874,2,collision,25579,CON-RES-1993-152,3,"ALHAJI SALE IBRAHIM"
13826,2,collision,35765,CON-RES-1991-105,3,"MOHAMMED SHERIFF ABUBAKAR"
13826,2,collision,27604,RES-1991-683,1,"YUSUF ABUBAKAR JIBRIN"
11054,2,collision,24758,CON-RES-1985-549,3,"ALH. MUHTARI MOHAMMED"
11054,2,collision,14965,CON-RES-1981-99,3,"ALHAJI  KILISHI ABUBAKAR"
27440,2,legitimate-optot,186944,RES-1981-432,1,"NASIR ALI YAKASAI"
27440,2,legitimate-optot,186954,"KNML 286",KANGIS,"DAHIRU SHA'AIBU ABDULLAHI"
12730,2,collision,34567,CON-RES-1987-1038,3,"ALHAJI ABDULLAHI NASIDI"
12730,2,collision,26436,RES-1982-1992,1,"TUKUR UMAR AUWAL"
6338,2,collision,20020,RES-1992-2957,2,"DAN LADI ABBA"
6338,2,collision,178146,COM-RC-1982-98,1,"FAMAZ ENTERPRISES LIMITED"
148942,2,legitimate-linked,172300,RES-2020-1322,2,"ALIYU AMINU USMAN"
148942,2,legitimate-linked,172306,KN4514,KANGIS,"ALIYU AMINU USMAN"
8210,2,collision,21907,CON-RES-2009-750,3,"RAKIYA A. ABUBAKAR"
8210,2,collision,33387,CON-COM-1992-82,3,"ALH UBA ILIYASU"
18606,2,collision,22679,CON-RES-RC-1986-20,3,"ALHAJI LAWAN DUNBULUM"
18606,2,collision,32411,CON-RES-1987-1239,3,"BABANGIDA MAGAWATA"
32312,2,legitimate-linked,179110,RES-1987-2062,1,"ENGR MUHAMMED OVAINO IDRIS"
32312,2,legitimate-linked,179137,"KNML 1761",KANGIS,"MUHAMMED OVAINO IDRIS"
55333,2,legitimate-optot,195638,RES-2015-4310,2,"ABDULKAREEM SHEHU GEZAWA"
55333,2,legitimate-optot,195642,KN2374,KANGIS,"ABDULKAREEM SHEHU GEZAWA"
13450,2,collision,34601,CON-RES-1988-469,3,"T. O DAHUNSI"
13450,2,collision,27224,RES-1991-440,1,"ZAINAB SA'ID ABUBAKAR"
13441,2,collision,27215,RES-1991-431,1,"ALHAJI ISAMAILA ALI"
13441,2,collision,35682,CON-RES-1988-444,3,"ALHAJI HABIBU MUSTAPHA"
13109,2,collision,34570,CON-RES-1987-540,3,"MR PATRIC A OKEKE"
13109,2,collision,26882,RES-1991-202,1,"ADO MAMUDA"
10419,2,collision,24122,CON-RES-1983-417,3,"ALHAJI BALARABE MAIKORE"
10419,2,collision,25946,CON-IND-1982-41,3,"BALLY PLASTICS & FOOT WEAR IND (NIG) LTD"
146386,2,legitimate-linked,169425,RES-2003-2449,2,"TIJJANI MOHAMMED BORODO"
146386,2,legitimate-linked,182514,"KNML 1713",KANGIS,"TIJJANI MOHAMMED BORODO"
7126,2,collision,20813,RES-1992-3433,2,"ADO TSAHIRO & AMADU BABANDI"
7126,2,collision,16978,CON-AG-1983-91,3,"ALHAJI ABDU MOHAMMED"
10937,2,collision,19114,CON-RES-1981-449,3,"ALHAJI MOHAMMADU DAN-LADIKO"
10937,2,collision,24641,CON-RES-1988-207,3,"AMEEN AL-DEEN ABUBAKAR"
11167,2,collision,197035,CON-RES-1982-1226,3,"ABBAS MAJE ADANANU"
11167,2,collision,24871,CON-RES-1986-399,3,"ALHAJI MUHAMMED GWANDU"
95,2,legitimate-optot,13750,RES-1981-126,1,"HAJIYA NANA SANI BABURA"
95,2,legitimate-optot,23644,AG-RC-1981-68,1,"ALHAJI HABU DANBATTA"
39328,2,legitimate-linked,20845,RES-1992-3275,2,"A AMADU MALAFA / AMADU HAMIDU"
39328,2,legitimate-linked,194192,"KNML 540",KANGIS,"FAROUK SHIHAB FAROUK"
15575,2,collision,34805,CON-RES-2005-26,3,"MAITAMA SULE DANBUZU"
15575,2,collision,29373,CON-RES-1987-811,3,"OKAY C. S OKAFOR"
171649,2,legitimate-linked,192163,CON-COM-2011-58,3,"MU'AZU IBRAHIM YUSUF"
171649,2,legitimate-linked,192174,"MLKN 2777",KANGIS,"MU'AZU IBRAHIM YUSUF"
8365,2,collision,32671,CON-COM-1997-2,3,"SALIHI SULAIMAN"
8365,2,collision,22064,CON-RES-2009-449,3,"ALH. MUSA SA'IDU YAHAYA PRP"
174458,2,legitimate-linked,194222,CON-RES-2001-302,3,"ALH HAMISU MUSA"
174458,2,legitimate-linked,194234,"KNML 550",KANGIS,"ALH HAMISU MUSA"
8204,2,collision,33393,CON-COM-1992-72,3,"ALH BUKAR MAKODA"
8204,2,collision,21901,CON-RES-2009-284,3,"ABDULLAHI TANKO DAN BABA"
12807,2,collision,24579,CON-RES-1987-1172,3,"ALHAJI SHEHU ISA ZANGO"
12807,2,collision,26579,RES-1982-2376,1,"BALARABE HABU MUSA"
9090,2,collision,35447,CON-COM-2009-341,3,"ALHAJI IBRAHIM ABDULLAHI"
9090,2,collision,22791,CON-RES-1995-335,3,"ALHAJI SARKI SALISU"
157889,2,legitimate-linked,181956,CON-COM-2010-95,3,"NIDI INDUSTRIES LIMITED"
157889,2,legitimate-linked,181970,KN4565,KANGIS,"NIDI INDUSTRIES LIMITED"
160983,2,legitimate-linked,184439,RES-2023-7464,2,"HUSSAINI UMAR"
160983,2,legitimate-linked,184583,KN3246,KANGIS,"HUSSAINI UMAR"
33081,2,legitimate-optot,186360,"KNML 252",KANGIS,"BELLO BABA YOLA"
33081,2,legitimate-optot,186333,RES-1988-2339,1,"BELLO BABA YOLA"
12376,2,collision,26081,CON-RES-1989-274,3,"ALHAJI AHMED MUHAMMED"
12376,2,collision,185617,CON-RES-1985-222,3,"WARAWA AND COMPANY NIGERIA LIMITED"
27751,2,legitimate-optot,197127,RES-1981-80,1,"AMINA BARAU DANBATTA"
27751,2,legitimate-optot,197142,"KNML 8605",KANGIS,"AMINA BARAU DANBATTA"
13776,2,collision,36481,CON-RES-1990-373,3,"HAJIYA HABIBAT DAUDA YUSUFU"
13776,2,collision,27553,RES-1991-625,1,"ALH AHMED TUKUR"
12179,2,collision,25884,CON-RES-1988-548,3,"ALHAJI MUHAMMADU INUWA"
12179,2,collision,29221,CON-RES-1984-235,3,"AMADU HARUNA"
16586,2,legitimate-linked,30386,CON-RES-1986-83,3,"ALHAJI LAWAL ATANA BEBEGI"
16586,2,legitimate-linked,154284,"KNML 3900",KANGIS,"ALH. RASHID JAFFAR"
24072,2,collision,47040,CON-RES-2000-2,3,"ALHAJI IBRHIM MOHAMMED"
24072,2,collision,47089,CON-RES-2000-163,3,"KABIRU M. RANGAZA"
7620,2,collision,23445,CON-AG-RC-1982-137,3,"ALHAJI HABIBU GADO DA-MASU"
7620,2,collision,21311,CON-AG-1983-72,3,"ALHAJI HALADU"
164019,2,legitimate-linked,186929,RES-2015-2214,2,"ABUBAKAR BASHIR"
164019,2,legitimate-linked,186950,KN3730,KANGIS,"ABUBAKAR BASHIR"
12808,2,collision,32296,CON-RES-1987-1179,3,"ALHAJI MUSA KALLA"
12808,2,collision,26580,RES-1982-2374,1,"ALHAJI IBRAHIM NAKAW URINGIM"
14109,2,collision,27896,RES-1993-718,2,"ABDULLADIF ABDULLAHI"
14109,2,collision,36201,CON-RES-1992-523,3,"ALHAJI NAJUME GARBA"
52130,2,legitimate-optot,182007,RES-2009-2144,2,"ALH AMINU GURJIYA"
52130,2,legitimate-optot,182008,"KNML 1999",KANGIS,"MUHAMMAD MUSA AUWAL"
49393,2,legitimate-linked,180056,RES-2002-6964,2,"ALHAJI LABARAN SHAMBA"
49393,2,legitimate-linked,180067,"KNML 1207",KANGIS,"ALHAJI LABARAN SHAMBA"
50162,2,legitimate-optot,188806,RES-2003-95,2,"ABDULLAHI D SHUAIBU"
50162,2,legitimate-optot,189783,"KNML 2456",KANGIS,"ABDULLAHI DAJUMA SHUAIBU"
157614,2,legitimate-linked,181749,CON-RES-2023-7125,3,"FAIZU MUHAMMAD GALADIMA"
157614,2,legitimate-linked,181766,KN5155,,"MURTALA ABDULLAHI JEGA"
14818,2,collision,28608,RES-1993-1413,2,"ALHAJI MAHMUD ISYAKU NA ABBA"
14818,2,collision,38389,CON-RES-1997-24,3,"ALHAJI SALISU MUSA"
11888,2,collision,25593,CON-RES-1984-133,3,"SHU'AIBU KAZAURE"
11888,2,collision,32091,CON-RES-1983-21,3,"MALLAM BELLO MOHAMMED"
155555,2,legitimate-linked,179877,CON-RES-2012-293,3,"ABBA SALISU KURAWA"
155555,2,legitimate-linked,179890,"KNML 5843",KANGIS,"ABBA SALISU KURAWA"
13057,2,collision,33821,CON-RES-1987-409,3,"ALHAJI YUSUFU MANSUR"
13057,2,collision,26830,RES-1991-146,1,"A. IDRIS RABI`U"
16248,2,collision,30047,CON-RES-1990-163,3,"ALHAJI AHMAD MUHAMMAD"
16248,2,collision,35349,CON-RES-2009-827,3,"ALHAJI MUNZALI MUHAMMED ZAKARI"
14588,2,collision,28375,RES-1992-6790,2,"ALI JIBRIN"
14588,2,collision,31202,CON-RES-1995-253,3,"NASIRU AHMED DARMA"
11087,2,collision,24791,CON-RES-1986-2,3,"ALHAJI HALILU"
11087,2,collision,25974,CON-RES-1982-1060,3,"ALHAJI ABDU GARBA"
18602,2,collision,32407,CON-RES-1987-1235,3,"YUSUFU ADAMU"
18602,2,collision,22688,CON-RES-RC-1986-17,3,"ALHAJI LAWAN HALILU DUNBULUN"
12813,2,collision,26585,RES-1982-2359,1,"NU'UMAN BARAU DANBATTA"
12813,2,collision,32305,CON-RES-1987-1203,3,"MAITAMA YUSUFU AMADI"
8451,2,collision,22150,RES-1992-6068,2,"SANI MALAKOTIYO"
8451,2,collision,32992,CON-COM-2000-13,3,"COL. YAKUBU BAKO (RTD)"
11813,2,collision,31071,CON-RES-1982-936,3,"ALHAJI DAN BASHARI NA KOGUNA"
11813,2,collision,25517,CON-RES-1999-348,3,"RABIU SANI"
14862,2,collision,36736,CON-RES-1997-57,3,"ALH MUSTAPHA YUNUSA"
14862,2,collision,28653,RES-1993-1726,2,"ALHAJI SABO HAMZA"
156054,2,legitimate-linked,180382,CON-IND-2025-246,3,"USMAN MUSA WALAWA"
156054,2,legitimate-linked,180388,KN4449,KANGIS,"USMAN MUSA WALAWA"
14360,2,legitimate-optot,29837,CON-RES-1994-255,3,"HAJIYA HALIMA H. UMAR"
14360,2,legitimate-optot,28147,RES-1993-2078,2,"ALH CHINDO MUSA"
11474,2,collision,25178,CON-RES-1982-1067,3,"ALHAJI TSALHA UMARU"
11474,2,collision,26990,CON-RES-1982-360,3,"MR. MOSES A. ONOJA"
12054,2,collision,25759,CON-RES-1983-821,3,"ALHAJI AMADU NA ALHAJI AUDU DANBATTA"
12054,2,collision,185585,CON-RES-1983-652,3,"ALHAHI MUHAMMAD KALOMA ALI"
17579,2,collision,31382,CON-RES-1997-131,3,"ALHAJI KASSIM UMAR"
17579,2,collision,181733,KN4598,KANGIS,"MURTALA ABDULLAHI JEGA"
155077,2,legitimate-linked,179392,CON-IND-2021-29,3,"SANI ADAM IBRAHIM"
155077,2,legitimate-linked,179396,KN4215,KANGIS,"SANI ADAM IBRAHIM"
18600,2,collision,32405,CON-RES-1987-1228,3,"GARBA SUNUSI"
18600,2,collision,22686,CON-RES-RC-1986-15,3,"ALHAJI LAWAN HALILU DUNBULUN"
24058,2,collision,47026,CON-RES-2000-104,3,"DAUDA GARBA"
24058,2,collision,47075,CON-RES-1999-20,3,"MUTARI LAWAN"
11210,2,collision,24914,CON-IND-1983-7,3,"DALFAM NIGERIA LIMITED"
11210,2,collision,31664,CON-RES-1982-1316,3,"ALHAJI YUSUF ABDULLAHI"
7618,2,collision,21756,CON-AG-RC-1982-121,3,"ALHAJI ABUBAKAR BAYERO"
7618,2,collision,21309,CON-AG-1983-42,3,"MOHAMMED LAWAN ABUBAKAR"
8774,2,collision,34900,CON-COM-2006-69,3,"BASHAB NIG LTD"
8774,2,collision,22473,CON-RES-1995-63,3,"ALHAJI UBA MUSA"
175295,2,legitimate-linked,194783,RES-2016-3944,2,"ABDUL AHMED"
175295,2,legitimate-linked,194797,"KNML 5271",KANGIS,"IBRAHIM JIBRIL WUDIL"
1831,2,collision,193505,,1,"ALHAJI AMINU SULE GARO"
1831,2,collision,15494,RES-1992-1689,2,"LAWAN UMAR"
170994,2,legitimate-linked,191722,RES-2002-4717,2,"ABUBAKAR GARBA AND 2 OTHERS"
170994,2,legitimate-linked,191751,"KNML 2414",KANGIS,"NAZIFI SULEMAN"
12694,2,collision,24796,CON-RES-1986-72,3,"ALH. RABIU ISYAKU RABIU"
12694,2,collision,26400,RES-1982-1876,1,"ALHAJI TIJJANI A.A. DAN BALA"
13447,2,collision,33330,CON-RES-1988-460,3,"A. ABDULRAHMAN ISA"
13447,2,collision,27221,RES-1991-437,1,"MOHAMMED AMINU SHEHU"
12175,2,collision,25880,CON-RES-1988-453,3,"ALHAJI FATAI KAYODE FASHAKIN"
12175,2,collision,25217,CON-RES-1984-224,3,"UMARU ABDULWAHAB"
18189,2,collision,26076,CON-RES-RC-1982-465,3,"ALHAJI MOHAMMADU IBRAHIM"
18189,2,collision,31993,CON-RES-1983-165,3,"ALHAJI SANI YA'U"
11388,2,collision,25092,CON-RES-1984-462,3,"ALHAJI WALI AHMED DUKAWUYA"
11388,2,collision,31091,CON-RES-1982-214,3,"ALI FADCO & SONS ENT LTD"
164410,2,legitimate-optot,187279,RES-2014-413,2,"YAHAYA IDRIS"
164410,2,legitimate-optot,187281,"KNML 7780",KANGIS,"MAHBUB G. WAKILI"
38734,2,legitimate-linked,174529,RES-1992-1563,2,"AMINU SALISU ILIYASU"
38734,2,legitimate-linked,174538,"KNML 1805",KANGIS,"AMINU SALISU ILIYASU"
150061,2,legitimate-optot,173410,RES-2014-1157,2,"MUSTAPHA ABDULLAHI IBRAHIM"
150061,2,legitimate-optot,173463,"KNML 9944",KANGIS,"MUSTAPHA ABDULLAHI IBRAHIM"
150697,2,legitimate-linked,173971,CON-COM-2016-369,3,"GREAT ASPIRATION"
150697,2,legitimate-linked,173985,"MLKN 2440",KANGIS,"GREAT ASPIRATION"
15129,2,collision,28926,RES-1993-3274,2,"ALHAJI SULE DANBUZU"
15129,2,collision,33047,CON-RES-2000-51,3,"AL-KASSIM UMAR"
16114,2,collision,35392,CON-RES-2009-304,3,"ALHAJI UMARU AHMED"
16114,2,collision,29913,CON-AG-1988-30,3,"HAMISU ZAKARI"
14379,2,collision,29853,CON-RES-1994-278,3,"HAJIYA AISHATU M. BELLO"
14379,2,collision,28166,RES-1993-2135,2,"ALHAJI AHMADU"
11963,2,collision,26355,CON-RES-1983-391,3,"MUHAMMAD UMAR"
11963,2,collision,25668,CON-AG-1983-23,3,"ALHAJI SANI MAIGORO MANDAWARI"
12616,2,collision,32473,CON-RES-1986-286,3,"ALH MUSTAPHA MADU"
12616,2,collision,26322,CON-RES-1986-432,3,"ALHAJI DAN AZUMI"
37600,2,legitimate-optot,178722,RES-1991-7016,1,"MURTALA S MUHAMMAD"
37600,2,legitimate-optot,178738,"KNML 1828",KANGIS,"MURTALA S MUHAMMAD"
7380,2,collision,31500,CON-AG-1994-22,3,"UCHE CHINYERE"
7380,2,collision,21070,CON-RES-1995-519,3,"ALHAJI YUSUF SALISU ABDULLAHI"
60555,2,legitimate-linked,174224,RES-2020-3949,2,"BINASMA'A BUSINESS ENTERPRISEWS"
60555,2,legitimate-linked,174255,KN976,KANGIS,"BINASMA'A BUSINESS ENTERPRISEWS"
13146,2,collision,26919,RES-1991-294,1,"MAL. GARBA IDRIS"
13146,2,collision,24446,CON-RES-1987-657,3,"ALHAJI SANI IBRAHIM"
14707,2,collision,37244,CON-RES-1996-154,3,"LAMIDO ADO BAYERO"
14707,2,collision,28495,RES-1993-405,2,"HAMZA SA'IDU"
145358,2,legitimate-linked,168285,CON-COM-2022-490,3,"MUSA ALHASSAN ABUBAKAR"
145358,2,legitimate-linked,168307,"MLKN 4279",KANGIS,"MUSA ALHASSAN ABUBAKAR"
7958,2,collision,21651,RES-1992-4791,2,"BALARABE INUWA"
7958,2,collision,29252,CON-COM-1984-86,3,"ALHAJI RUFA'I ABUBAKAR"
11186,2,collision,24890,CON-RES-1983-527,3,"ALHAJI UBALE ABUBAKAR ISA"
11186,2,collision,31010,CON-RES-1982-1274,3,"ALHAJI HARUNA TAHIRU"
6993,2,collision,20677,CON-RES-1995-379,3,"ALHAJI SA'ID IBRAHIM"
6993,2,collision,18348,CON-AG-1982-393,3,"ALHAJI UBA SANUSI"
172745,2,legitimate-linked,193090,RES-2009-4154,2,"YAU HARUNA"
172745,2,legitimate-linked,193092,RES-2009-4153,2,"YAU HARUNA"
11829,2,collision,25534,CON-RES-1999-305,3,"ALH. SANI HAMISU"
11829,2,collision,31630,CON-RES-1982-982,3,"ALHAJI AHMED MOHAMMED"
13594,2,collision,25480,CON-RES-1989-283,3,"CHUKWUDI EKWUNIKE"
13594,2,collision,27368,RES-1990-2489,1,"ALHAJI ISA DANTUBE"
13329,2,legitimate-optot,29980,CON-RES-1988-162,3,"EMMANEUL ADEGOKE ALADE"
13329,2,legitimate-optot,27102,RES-1982-2326,1,"ALH RABIU ADAMU DABI"
12637,2,collision,26285,CON-RES-1986-333,3,"ABDULLAHI AYUBA"
12637,2,collision,26343,CON-RES-1983-60,3,"ALHAJI MUHAMMADU FALALE"
15306,2,collision,29104,RES-1993-3443,2,"SHU'AIBU USMAN"
15306,2,collision,32855,CON-RES-2003-103,3,"ALHAJI NASIRU AHALI"
17985,2,collision,31789,CON-RES-1984-170,3,"ALHAJI MUSA UMARU"
17985,2,collision,32421,CON-RES-RC-1982-209,3,"ALH. ADAMU ABDULKADIR"
11376,2,collision,25080,CON-AG-1984-30,3,"ALHAJI ZAKARI YA'U YAN AWAKI"
11376,2,collision,31084,CON-RES-1982-2,3,"MUSA TARA DA MUTUM"
13527,2,legitimate-optot,34598,CON-RES-1988-94,3,"IBRAHIM INUWA KABARA"
13527,2,legitimate-optot,27301,RES-1991-545,1,"SHARIF IBRAHIM. AL-MUSTAPHA"
13819,2,collision,33264,CON-RES-1990-80,3,"AMINU MOHAMMED ASHIRU"
13819,2,collision,27596,RES-1991-675,1,"BASHIR ABDU"
6983,2,collision,20667,CON-AG-1987-112,3,"ALHAJI NA'SANI ISIYAKU BARKUN"
6983,2,collision,21291,CON-AG-1982-361,3,"ALHAJI ABDU DEBA"
12930,2,legitimate-optot,27001,CON-RES-1987-166,3,"SADISU AHMED GWADABE"
12930,2,legitimate-optot,26702,RES-1982-1385,1,"ALH. SANI YARO"
13630,2,collision,27404,RES-1990-4485,1,"ALIYU BASHIR NUKKEL"
13630,2,collision,30957,CON-RES-1989-429,3,"MR ANTHONY OSIMIRI"
11307,2,collision,25011,CON-RES-1998-78,3,"ALHAJI AMADU MUSA"
11307,2,collision,30665,CON-RES-1982-1531,3,"RABIU MUHAMMAD GWARZO"
15507,2,collision,29305,CON-RES-1985-618,3,"VINCENT C. OKEKE"
15507,2,collision,34675,CON-RES-2004-90,3,"ABDULLAHI DAN IYA GARBA DAKATA"
14045,2,collision,35857,CON-RES-1992-324,3,"ALHAJI HUSAINI IBRAHIM"
14045,2,collision,27832,RES-1993-246,2,"MOHAMMED HABIB"
11660,2,collision,25364,CON-RES-1982-761,3,"ALHAJI GARBA SORON DINKI"
11660,2,collision,21275,CON-RES-1982-63,3,"ALHAJI MAKAMA TAKAI"
37734,2,legitimate-optot,195167,"KNML 1446",KANGIS,"ALTINE MOHAMMED KAURA"
37734,2,legitimate-optot,195118,RES-1991-739,1,"ALH ALTINE MUHD KAURA"
13910,2,collision,27689,RES-1991-784,1,"AMADI SALEH"
13910,2,collision,36346,CON-RES-1991-427,3,"ALHAJI YAWALE USMAN"
11991,2,collision,24665,CON-RES-1983-453,3,"CLEMENT UFOMADU"
11991,2,collision,25696,CON-RES-1985-43,3,"ALHAJI HUDU IBRAHIM"
13738,2,legitimate-optot,27515,RES-1991-570,1,"HASHIMU ZUBAIRU"
13738,2,legitimate-optot,35819,CON-RES-1990-261,3,"ALHAJI MAMUDA SANI"
162378,2,legitimate-linked,185681,CON-COM-2017-282,3,"ALH DIKKO FULATAN"
162378,2,legitimate-linked,185695,"MLKN 2678",KANGIS,"ALH DIKKO FULATAN"
14247,2,collision,28034,RES-1993-1561,2,"LARAI BADAMASI"
14247,2,collision,22260,CON-RES-1993-377,3,"JIBRIN DANMATI"
11350,2,collision,25054,CON-RES-1984-496,3,"HAJIYA TABIRNI"
11350,2,collision,29448,CON-RES-1982-168,3,"ALHAJI BELLO USMAN"
145330,2,legitimate-linked,168248,RES-2000-2274,2,"MUHAMMAD YARO IBRAHIM"
145330,2,legitimate-linked,168273,"KNML 1290",KANGIS,"MUHAMMAD YARO IBRAHIM"
158037,2,legitimate-linked,182084,COM-2025-583,1,"MUFTAHU MUHAMMAD"
158037,2,legitimate-linked,182095,KN4174,KANGIS,"MUFTAHU MUHAMMAD"
14000,2,collision,36374,CON-RES-1992-160,3,"ALHAJI ARMA YA'U ABDULLAHI"
14000,2,collision,27787,RES-1993-103,2,"KYAUTA HASSAN"
5675,2,legitimate-linked,19352,RES-1982-629,1,"MR ADEWALE ABBAS"
5675,2,legitimate-linked,100250,COM-2026-122,1,"GREAT UNITED ELITES SPORTING CLUB"
13134,2,collision,24447,CON-RES-1987-625,3,"MATTHEW MORAH"
13134,2,collision,26907,RES-1991-234,1,"AISHA A. S. MUHD"
12994,2,collision,32179,CON-RES-1987-278,3,"MOHAJI SHITTU EDWARD"
12994,2,collision,26766,RES-1991-68,1,"HINDATU AUWALU"
37718,2,legitimate-optot,194882,RES-1991-7336,1,"HAMZA UMAR KULO"
37718,2,legitimate-optot,194930,KN1614,KANGIS,"HAMZA UMAR KULO"
18428,2,collision,32233,CON-RES-1987-841,3,"FREDRICK IYERE OMOAKA"
18428,2,collision,18946,CON-RES-RC-1982-716,3,"ALHAJI MUSA MAIKUSA"
37850,2,legitimate-linked,196318,RES-1991-7687,1,"RUMBU INDUSTRIES LIMITED"
37850,2,legitimate-linked,196337,"KNML 9524",KANGIS,"RUMBU INDUSTRIES LIMITED"
11488,2,collision,32208,CON-RES-1982-379,3,"ALHAJI ADO MAIBURODI"
11488,2,collision,25192,CON-RES-1982-1525,3,"ALHAJI SALIHU USMAN"
17933,2,collision,31737,CON-RES-1984-675,3,"SULE TANKO"
17933,2,collision,32065,CON-RES-RC-1982-158,3,"ABDULLAHI MOHAMMED"
13991,2,collision,27778,RES-1993-93,2,"MOHD NURA HASSAN"
13991,2,collision,46915,CON-RES-1992-144,3,"ALH IBRAHIM BAKO MOHD"
12113,2,collision,32037,CON-RES-1983-832,3,"ABDULLAHI MIKO NIG LTD"
12113,2,collision,25818,CON-RES-1983-726,3,"ALHAJI ADAMU MOHAMMED"
16153,2,collision,35377,CON-RES-2009-37,3,"MRS JUCIEN  N  BABARINDE"
16153,2,collision,29952,CON-AG-1988-60,3,"ALHAJI ALI AHMED"
18459,2,collision,32264,CON-RES-1987-723,3,"MR JOHNSON O. NWAMAH"
18459,2,collision,25350,CON-RES-RC-1982-8,3,"MUHAMMAD CHINDO MUSA"
8363,2,collision,32658,CON-COM-1997-14,3,"ALHAJI YAHAYA ISYAKU"
8363,2,collision,22062,CON-RES-2009-775,3,"MUHAMMADU SANI"
26282,2,legitimate-linked,182049,,1,"AL-HAMSAD RICE MILL LIMITED"
26282,2,legitimate-linked,182065,"MLKN 4255",KANGIS,"AL-HAMSAD RICE MILL LTD"
13905,2,collision,36178,CON-RES-1991-420,3,"MUKTARI ALIYU"
13905,2,collision,27684,RES-1991-778,1,"SGT. IBRAHIM ALASAN T/WADA"
170832,2,legitimate-linked,191586,RES-2000-2214,2,"NASSIRU ABDULLAHI MACCIDO"
170832,2,legitimate-linked,191593,"KNML 2483",KANGIS,"NASSIRU ABDULLAHI MACCIDO"
7415,2,collision,22693,CON-AG-1996-3,3,"ALHAJI MUHAMMAD ABDULLAHI"
7415,2,collision,21106,CON-RES-1995-1,3,"SULEIMAN GAMBO .S. KURAWA"
18605,2,collision,32410,CON-RES-1987-1238,3,"IBRAHIM YUSUFU"
18605,2,collision,22690,CON-RES-RC-1986-19,3,"ALHAJI LAWAN DUNBULUM"
47457,2,legitimate-linked,188349,,2,"SALEH HASSAN"
47457,2,legitimate-linked,188355,"KNML 8841",KANGIS,"SALEH HASSAN"
11564,2,collision,33466,CON-RES-1982-495,3,"ALHAJI BALA DAN MARAFA"
11564,2,collision,25268,CON-RES-1983-552,3,"ALHAJI SHARU MUHAMMADU"
14017,2,collision,36939,CON-RES-1992-208,3,"ALH SALISU ABDULLAHI"
14017,2,collision,27804,RES-1993-156,2,"H BILKI BABAN KABO"
65990,2,legitimate-linked,182623,RES-RC-1982-250,1,"REGISTERED TRUSTEES OF ECWA (YORUBA)"
65990,2,legitimate-linked,182624,"KNML 1947",KANGIS,"REGISTERED TRUSTEES OF ECWA (YORUBA)"
18585,2,collision,25496,CON-RES-RC-1985-27,3,"ALHAJI BABA MOHAMMED KOKI"
18585,2,collision,32390,CON-RES-1987-73,3,"MUHAMMAD BARE"
14837,2,collision,28628,RES-1993-1486,2,"ALHAJI MAGAJI RABI'U"
14837,2,collision,38370,CON-RES-1997-30,3,"ALHAJI LABARAN GARBA ADAMU"
14803,2,legitimate-optot,46917,CON-RES-1997-202,3,"UMAR SALISU UMAR"
14803,2,legitimate-optot,28593,RES-1993-1369,2,"MUSA SULEMAN SHANONO"
14047,2,legitimate-optot,27834,RES-1993-258,2,"DANBURAM ABUBAKAR NUHU"
14047,2,legitimate-optot,36041,CON-RES-1992-331,3,"JIMOH KOLAWOLE"
11714,2,collision,25418,CON-RES-1985-609,3,"BABA KOLO MUSTAPHA"
11714,2,collision,25167,CON-RES-1982-743,3,"ALHAJI ISA MAISUKUNI"
13270,2,collision,24580,CON-RES-1987-926,3,"ALHAJI LAWAN ABUBAKAR"
13270,2,collision,27043,RES-1982-2237,1,"ALHAJI KABIRU ABUBAKAR SALGA"
51813,2,legitimate-optot,194988,"KNML 5879",KANGIS,"DR MOHAMMED IDRIS YAHAYA"
51813,2,legitimate-optot,195095,RES-2008-4197,2,"DR MOHAMMED IDRIS YAHAYA"
12204,2,collision,26209,CON-RES-1984-316,3,"ALHAJI MUSA ABDULLAHI"
12204,2,collision,25909,CON-RES-1988-390,3,"ALHAJI YAKUBU GURI"
13796,2,collision,27573,RES-1991-653,1,"UBA GARBA"
13796,2,collision,20914,CON-RES-1990-436,3,"ALHAJI HAFIZU A. RINGIM"
30623,2,legitimate-linked,182530,RES-1985-1969,1,"ALH RUFA'I  MAIYAKI ABDULMALIK"
30623,2,legitimate-linked,182567,"KNML 1714",KANGIS,"ALH RUFA'I  MAIYAKI ABDULMALIK"
18339,2,collision,32143,CON-RES-1987-231,3,"ABDUL AZEEZ A.A"
18339,2,collision,26004,CON-RES-RC-1982-616,3,"ALHAJI YAHAYA ZAKARI"
40358,2,legitimate-linked,196820,RES-1992-6496,2,"RUMBU INDUSTRIES LTD"
40358,2,legitimate-linked,196830,"KNML 9519",KANGIS,"RUMBU INDUSTRIES LTD"
11290,2,legitimate-optot,24994,CON-RES-1982-1377,3,"ALH. UMARU MAIGARI GOMBE"
11290,2,legitimate-optot,31941,CON-RES-1982-1496,3,"ALHAJI YAHAYA ABDULKARIM"
17911,2,collision,32442,CON-RES-RC-1982-1370,3,"MR GABRIEL H. MUSA"
17911,2,collision,31715,CON-RES-1985-648,3,"ALHAJI SAIDU MOHAMMED"
13767,2,collision,27544,RES-1991-611,1,"LARABA T.A. BABA"
13767,2,collision,35979,CON-RES-1990-346,3,"ALHAJI HALLIRU ABDULLAHI"
12545,2,collision,26251,CON-RES-1986-95,3,"ALHAJ SANI MOHAMMED KURA"
12545,2,collision,33506,CON-RES-1985-84,3,"SABO IDRIS SUMAILA"
7790,2,legitimate-optot,21481,CON-RES-RC-1982-470,3,"ALHAJI YAHAYA HARUNA ABDULLAHI"
7790,2,legitimate-optot,15567,CON-COM-1982-260,3,"ALHAJI ABDULLAHI .M. MOHAMMED"
18016,2,collision,19853,CON-RES-RC-1982-285,3,"LAWAN ABDULLAHI"
18016,2,collision,31820,CON-RES-1984-173,3,"MR. FRANCIS FEMI OGUNMUYIDE"
18569,2,collision,32374,CON-RES-1987-133,3,"MUHTARI IBRAHIM HALILU"
18569,2,collision,19466,CON-RES-RC-1984-68,3,"ALH. HABIBU SHEHU ALMAJIRI"
13779,2,collision,27556,RES-1991-630,1,"ALH HAMISU GARBA"
13779,2,collision,30119,CON-RES-1990-396,3,"MR MOSES OJIBE"
14800,2,collision,36761,CON-RES-1997-20,3,"MR MICHEL UKE IDIKA"
14800,2,collision,28590,RES-1993-1365,2,"SULAIMAN I. ABDULLAHI"
11078,2,collision,24782,CON-RES-1985-662,3,"ALH. HASSAN INUWA"
11078,2,collision,24980,CON-RES-1982-1035,3,"ALHAJI RABI'U MOHAMMED"
11643,2,collision,23524,CON-RES-1982-609,3,"ALHAJI SALIHU AHMED"
11643,2,collision,25347,CON-RES-1985-120,3,"ALHAJI TIJJANI DALHATU"
66695,2,legitimate-linked,184669,RES-RC-1982-908,1,"ALPHA NOVA LIMITED"
66695,2,legitimate-linked,184688,"KNML 1736",KANGIS,"ALPHA NOVA LIMITED"
10750,2,collision,15855,CON-RES-1981-135,3,"ALH NASIRU BABALLE ILA"
10750,2,collision,24453,CON-RES-1987-643,3,"RABIU MUSA"
44479,2,legitimate-linked,184640,KN3478,KANGIS,"IDRIS AHMAD MUSA"
44479,2,legitimate-linked,177673,RES-1995-949,2,"IDRIS AHMAD MUSA"
11785,2,collision,23566,CON-RES-1982-890,3,"HAMZA ABUBAKAR SAKWA"
11785,2,collision,25489,CON-RES-1989-407,3,"LOUIS OKOLI NWOLISA"
156130,2,legitimate-linked,183392,SLTR-217742,,"AQUARICH INTERGRATED LIMITED"
156130,2,legitimate-linked,183393,KN5594,KANGIS,"AQUARICH INTERGRATED LIMITED"
17862,2,collision,31666,CON-RES-1986-193,3,"ALHAJI MAHMUD MOHAMMED"
17862,2,collision,31050,CON-RES-RC-1982-1032,3,"ALHAJI SANI YAU"
18021,2,collision,19512,CON-RES-RC-1982-292,3,"H. UMMA MUSA M/KUSA"
18021,2,collision,31825,CON-RES-1984-562,3,"MOHAMMED SULAIMAN"
7290,2,collision,20977,RES-1992-3467,2,"IBRAHIM ISMAILA"
7290,2,collision,29951,CON-AG-1988-16,3,"MUHD AMINU FADLALLAH"
10444,2,collision,24147,CON-RES-1988-210,3,"HAMZA INUWA"
10444,2,collision,29253,CON-IND-1984-21,3,"ALHAJI TANKO MANAGER"
13190,2,collision,26963,RES-1991-465,1,"ALIYU TIJJANI"
13190,2,collision,30941,CON-RES-1987-76,3,"ALHAJI SALE IDI MAIDOYA"
7274,2,collision,18361,CON-AG-1987-69,3,"ALH YARO MAI ALLU"
7274,2,collision,20961,CON-RES-1994-786,3,"ABUBAKAR ALI"
11015,2,collision,14984,CON-RES-1981-60,3,"ALHAJI MUHAMMADU YUSUFU"
11015,2,collision,24719,CON-RES-1985-329,3,"AEXISONS ENTERPRISES NIG. LTD"
116973,2,legitimate-linked,175521,CON-IND-2022-84,3,"MASFARAD DYNAMIC MERCHANTS LIMITED"
116973,2,legitimate-linked,175523,KN3768,KANGIS,"MASFARAD DYNAMIC MERCHANTS LIMITED"
8427,2,collision,22127,CON-RES-2009-198,3,"ALH.NABABA ABDULMUMINI"
8427,2,collision,30278,CON-COM-1999-16,3,"ALH LAWAN ISA"
12043,2,collision,35231,CON-RES-1983-618,3,"ALHAJI IDRIS MOHD"
12043,2,collision,25748,CON-RES-1989-197,3,"ABDU NA MARI"
178766,2,legitimate-linked,197393,CON-COM-2021-310,3,"NASIR ABUBAKAR"
178766,2,legitimate-linked,197398,"MLKN 4354",KANGIS,"NASIR ABUBAKAR"
158457,2,legitimate-linked,182405,"KNML 1711",KANGIS,"DAN-ASABE ABDULLAHI"
158457,2,legitimate-linked,198116,RES-2009-2328,2,"SHARU KABIRU"
153916,2,legitimate-linked,178251,"KNML 1784",KANGIS,"ALI ILYASU"
153916,2,legitimate-linked,21634,RES-1992-4759,2,"ALI ILYASU"
7908,2,collision,31735,CON-COM-1984-107,3,"ALHAJI ISA MUHAMMAD ZAKIRAI"
7908,2,collision,21600,RES-1992-4685,2,"MAMUDA LAWAN BAJA"
44113,2,legitimate-optot,174749,RES-1995-3104,2,"MAHMOUD IBRAHIM"
44113,2,legitimate-optot,174754,KN1093,KANGIS,"MAHMOUD IBRAHIM"
147916,2,legitimate-optot,171134,RES-2023-5467,2,"EMMANUEL NNAJI"
147916,2,legitimate-optot,171147,KN4688,KANGIS,"EMMANUEL NNAJI"
18192,2,collision,23443,CON-RES-RC-1982-468,3,"ALHAJI MUSA"
18192,2,collision,31996,CON-RES-1983-638,3,"ALHAJI BABA ILIYA ALFANDA"
17790,2,collision,32512,CON-RES-RC-1981-31,3,"JOHN E. OKORUWA"
17790,2,collision,31594,CON-RES-2004-142,3,"MALLAM MAHMOUD USMAN"
8704,2,collision,32814,CON-COM-2005-58,3,"DANLADI SANI YAU & OTHERS"
8704,2,collision,22403,RES-1992-6425,2,"ALHAJI ISA"
11866,2,collision,25571,CON-RES-1993-4,3,"ALHAJI AHMED BELLO"
11866,2,collision,24409,CON-RES-1983-167,3,"ALHAJI DAHIRU MANGAL"
14091,2,collision,36864,CON-RES-1992-483,3,"ALHAJI BALARABE MUSA ADAMU"
14091,2,collision,27878,RES-1993-690,2,"ADAMU IBRAHIM, BUHARI IBRAHIM & IBRAHIM IBRAHIM"
8360,2,collision,32670,CON-COM-1997-1,3,"ALHAJI IBRAHIM NUHU"
8360,2,collision,22059,CON-RES-2009-86,3,"IBRAHIM INUWA LABARAN"
58129,2,legitimate-linked,172099,RES-2018-2816,2,"BELLO & BROTHERS"
58129,2,legitimate-linked,172151,"KNML 7795",KANGIS,"SHAMSUDDEEN USMAN AHMAD"
7459,2,collision,21150,CON-RES-1994-237,3,"MALL. SALIHU ABDULSALAM IDUZE"
7459,2,collision,31547,CON-AG-2004-2,3,"ALHAJI BALA MAIBIRNI"
11775,2,collision,25479,CON-RES-1989-46,3,"LAWAN .B. BUHARI"
11775,2,collision,23562,CON-RES-1982-867,3,"WALLINSON ADAMU UMORU"
8422,2,collision,32752,CON-COM-1998-83,3,"ZAMSON GLOBAL RESOURCES LIMITED"
8422,2,collision,22122,CON-RES-2009-219,3,"ABDULRAZAK SALISU AHMAD"
8698,2,collision,34887,CON-COM-2005-47,3,"HAJIYA RABI ADAMU"
8698,2,collision,22397,RES-1992-6419,2,"MUSA MOHAMMED BABA"
10845,2,collision,14201,CON-RES-1981-294,3,"ALHAJI SULE BARAU"
10845,2,collision,24549,CON-RES-1987-730,3,"ALHAJI YUSUF ABOLARINWA"
14165,2,collision,36508,CON-RES-1992-700,3,"A.A RAMADAN ABDULLAHI"
14165,2,collision,27952,RES-1993-831,2,"ADAMU ABUBAKAR GAMMO"
18248,2,collision,18741,CON-RES-RC-1982-522,3,"ISYSKU UMAR"
18248,2,collision,32052,CON-RES-1982-808,3,"ARAB BANK NIGERIA LIMITED"
8583,2,collision,22282,CON-RES-1982-1283,3,"ALHAJI BATURE NA ALHAJI DATTI"
8583,2,collision,32852,CON-COM-2003-19,3,"SANI DAHIRU YAKASAI"
16077,2,collision,29876,CON-RES-1994-632,3,"ALHAJI AUWALU ADAMU"
16077,2,collision,35408,CON-RES-2009-192,3,"MR CHIBUZO OBINWANNE"
17957,2,collision,31761,CON-RES-1984-676,3,"MALLAM MUSTAPHA MOHAMMED"
17957,2,collision,23687,CON-RES-RC-1982-183,3,"ALHAJI SALAU URU AUDU"
10866,2,collision,18157,CON-RES-1981-320,3,"ALHAJI SALE SHUGABA"
10866,2,collision,24570,CON-RES-1985-264,3,"ALHAJI AMADU YALWA"
149603,2,legitimate-linked,172894,COM-2023-50,1,"SADIYA IDRIS"
149603,2,legitimate-linked,172905,"MLKN 3832",KANGIS,"SADIYA IDRIS"
7727,2,collision,15279,CON-COM-1982-123,3,"ALHAJI DANJUMMAI GUNDUWAWA MOTORS"
7727,2,collision,21418,RES-1992-4445,2,"TANKO MUHAMMAD"
12434,2,collision,26140,CON-RES-1989-476,3,"ALHAJI MAITAMA YUSUF"
12434,2,collision,29275,CON-RES-1985-384,3,"SADISU BUHARI INTERNATIONAL NGERIA LIMITED"
152107,2,legitimate-linked,175382,CON-RES-2022-153,3,"USMAN UMAR BAFFALO"
152107,2,legitimate-linked,175383,KN3575,KANGIS,"USMAN UMAR BAFFALO"
12973,2,collision,26745,RES-1991-36,1,"BAKO ABDULLAHI"
12973,2,collision,30500,CON-RES-1987-242,3,"IBRAHIM ILALI KABAWA"
65727,2,legitimate-linked,195921,RES-2023-1462,2,"BASHIR IBRAHIM AHMAD"
65727,2,legitimate-linked,195932,"KNML 9829",KANGIS,"BASHIR IBRAHIM AHMAD"
148800,2,legitimate-optot,172241,RES-2023-6421,2,"SHARU USMAN HASSAN"
148800,2,legitimate-optot,172246,KN4237,KANGIS,"SHARU USMAN HASSAN"
8408,2,collision,32733,CON-COM-1998-52,3,"ALHAJI ALI MOHD YAMMUSA"
8408,2,collision,22108,CON-RES-2009-224,3,"MUSBAHU IDRIS MUHAMMAD"
147971,2,legitimate-linked,171201,CON-AG-2024-95,3,"ALH TIJJANI RABI'U USAMAN"
147971,2,legitimate-linked,171223,KN2321,KANGIS,"ALH TIJJANI RABI'U USAMAN"
11890,2,legitimate-linked,24884,CON-RES-1983-217,3,"ALH. SULEIMANU MOHAMMED"
11890,2,legitimate-linked,25595,CON-RES-1984-341,3,"HAJIYA AISHATU A. OWALABI"
27204,2,legitimate-linked,177353,RES-1981-19,1,"AMIR S INT NIG LTD"
27204,2,legitimate-linked,177373,"KNML 9439",KANGIS,"AMIRS INTERNATIONAL NIG LTD"
161738,2,legitimate-linked,185139,RES-2005-1397,2,"ABDURRAHMAN SHUAIBU"
161738,2,legitimate-linked,185142,"KNML 1502",KANGIS,"ABDURRAHMAN SHUAIBU"
13271,2,collision,27044,RES-1982-2238,1,"TIJJANI  SANI SHEHU MAIHULA"
13271,2,collision,24512,CON-RES-1987-930,3,"FATI MOHAMMED"
13773,2,collision,36477,CON-RES-1990-367,3,"ENGR OLUSEGUN KUMAPAYI"
13773,2,collision,27550,RES-1991-621,1,"AHMED BABA GUMEL"
162585,2,legitimate-linked,185806,COM-2018-274,1,"SHARADA FEDERAL HOUSING ESTATE RESIDENTS ASSOCIATION"
162585,2,legitimate-linked,185812,"MLKN 2102",KANGIS,"SHARADA FEDERAL HOUSING ESTATE RESIDENTS ASSOCIATION"
12148,2,collision,29224,CON-RES-1984-136,3,"MOHAMMAD KABIR MIJINYAWA"
12148,2,collision,25853,CON-AG-1985-159,3,"ALH HAMISU MUSA"
150634,2,legitimate-linked,173962,COM-2019-10,1,"MOHAMMED YUSUF"
150634,2,legitimate-linked,173908,"MLKN 2195",KANGIS,"MOHAMMED YUSUF"
118776,2,legitimate-linked,174976,CON-COM-2009-19,3,"HABIB HASSAN EL-YAKUB"
118776,2,legitimate-linked,175005,KN3042,KANGIS,"HABIB HASSAN EL-YAKUB"
65799,2,legitimate-linked,179069,RES-RC-1982-1768,1,"ABBA HALIRU"
65799,2,legitimate-linked,179081,"KNML 1764",KANGIS,"ALH ABBA HALIRU"
11396,2,collision,25100,CON-RES-1984-276,3,"ALH SA'IDU ALI HAMID"
11396,2,collision,32041,CON-RES-1982-221,3,"ALHAJI SULE UDI"
147313,2,legitimate-linked,170390,RES-2001-3253,2,"GALADIMA K/WAIKA"
147313,2,legitimate-linked,170420,"KNML 9278",KANGIS,"GALADIMA K/WAIKA"
10977,2,collision,24681,CON-RES-1983-876,3,"MALLAM G.  AMADI"
10977,2,collision,15268,CON-RES-1981-533,3,"IBRAHIM MOHAMMED"
14753,2,collision,37138,CON-RES-1996-351,3,"ALHAJI ALI IBRAHIM DANZABUWA"
14753,2,collision,28542,RES-1993-1161,2,"MALLAM SAIDU ADAMU"
18127,2,collision,19759,CON-RES-RC-1982-401,3,"M. SANI BELLO"
18127,2,collision,31931,CON-RES-1982-581,3,"ALHAJI ADAMU JIBRIN"
44440,2,legitimate-optot,190727,RES-1995-880,2,"AHMAD MUHAMMAD NASIR"
44440,2,legitimate-optot,190733,"KNML 8761",KANGIS,"AHMAD MUHAMMAD NASIR"
167221,2,legitimate-linked,194603,KN4602,KANGIS,"MURTALA ABDULLAHI JEGA"
167221,2,legitimate-linked,189608,CON-RES-2023-7177,3,"FAIZU MUHAMMAD GALADIMA"
18534,2,collision,32339,CON-RES-1987-825,3,"MR EMMANUEL CHIKE AKANNAM"
18534,2,collision,29250,CON-RES-RC-1984-24,3,"ALHAJI ADAMU JIBRIN"
12785,2,collision,24550,CON-RES-1987-1135,3,"ALHAJI MOHD ABUBAKAR"
12785,2,collision,26557,RES-1982-2329,1,"ALHAJI INUWA MAI KADARA"
27174,2,legitimate-linked,168208,RES-1981-1781,1,"SADI BAATURE ABDUL-AZIZ"
27174,2,legitimate-linked,168253,"KNML 7628",KANGIS,"SADI BATURE ABDULAZIZ."
7834,2,collision,13895,CON-COM-1982-65,3,"ALH. NAMADI BEBEJI"
7834,2,collision,21526,CON-AG-1982-533,3,"NASIRU ALHAJI SHEHU"
7731,2,collision,21422,RES-1992-4462,2,"NAMATA AUDU"
7731,2,collision,18538,CON-COM-1982-13,3,"ABUBAKAR Y. GARBA"
147533,2,legitimate-linked,170726,RES-2008-354,2,"ALH MANSUR IDRIS"
147533,2,legitimate-linked,170731,KN4841,KANGIS,"ALH MANSUR IDRIS"
11458,2,collision,25162,CON-RES-1982-1547,3,"ALHAJI BARAU ABUBAKAR"
11458,2,collision,35266,CON-RES-1982-33,3,"HAJIYA SAFIYA ABUBAKAR"
18759,2,legitimate-linked,32564,CON-COM-RC-1982-32,3,"MALLAM USMAN ABDU"
18759,2,legitimate-linked,196756,"MLKN 552",KANGIS,"ANGEL SPINNING & DYEING LIMITED"
156625,2,legitimate-linked,180990,RES-2009-4430,2,"ABDULLAHI DAUDA"
156625,2,legitimate-linked,180993,"KNML 1230",KANGIS,"ALHAJI AMINU BABA"
25077,2,legitimate-linked,180764,RES-RC-1981-114,1,"ABBA SALISU KURAWA"
25077,2,legitimate-linked,180858,"KNML 2220",KANGIS,"ABBA SALISU KURAWA"
154791,2,legitimate-linked,179112,RES-2009-2089,2,"ALH ISAH DA'U"
154791,2,legitimate-linked,179136,"KNML 1830",KANGIS,"AMINU MUKTAR"
18048,2,collision,31852,CON-RES-1984-193,3,"ABDULLAHI TIJJANI YAKASAI"
18048,2,collision,21747,CON-RES-RC-1982-319,3,"ALHAJI SHARU BALARABE"
154800,2,legitimate-linked,179121,CON-COM-2016-149,3,"UMZA OIL MILL LIMITED"
154800,2,legitimate-linked,179139,KN4188,KANGIS,"UMZA OIL MILL LIMITED"
11088,2,collision,26014,CON-RES-1982-1061,3,"ALHAJI ABDULLAHI AHMED BARKUM"
11088,2,collision,24792,CON-RES-1986-52,3,"ALH BABA ISA DAN-DGARI"
12738,2,collision,33888,CON-RES-1987-1050,3,"MUSA SULE"
12738,2,collision,26444,RES-1982-1983,1,"AMINU TANKO KYAURE"
13593,2,collision,27367,RES-1990-2488,1,"MOHD KABIRU ABDULLAHI"
13593,2,collision,35713,CON-RES-1989-275,3,"KABEER YAHAYA KABARA"
17803,2,collision,31607,CON-RES-1982-993,3,"SULAIMAN IDRISU"
17803,2,collision,21513,CON-RES-RC-1981-46,3,"ALHAJI ISIYAKU INUWA"
15437,2,collision,34773,CON-RES-2004-309,3,"MARYAM IBRAHIM"
15437,2,collision,29235,CON-RES-1984-241,3,"MR.J. E. DECKER"
12591,2,collision,24826,CON-RES-1986-208,3,"ALH. UMARU ABDUL-AZIZ, ALHAJI BATURE ABDUL-AZIZ & ALH. SADI ABDUL-AZIZ"
12591,2,collision,26297,CON-RES-1986-401,3,"ALHAJI MUHAMMADU MUKADDAS"
153887,2,legitimate-linked,178219,RES-2000-2037,2,"SAUDE MUHAMMAD UMAR MRS"
153887,2,legitimate-linked,178253,"KNML 1242",KANGIS,"SAUDE MAHMOUD UMAR"
7456,2,collision,32954,CON-AG-2003-34,3,"AMINU ADO USMAN"
7456,2,collision,21147,CON-RES-1994-217,3,"ALH. LABARAN ISMAIL SALISU"
14937,2,legitimate-optot,38353,CON-RES-1998-347,3,"ALH SADI IBRAHIM"
14937,2,legitimate-optot,28729,RES-1993-1954,2,"A. ABUBAKAR SHAHADA"
10791,2,collision,15902,CON-RES-1981-207,3,"ALHAJI IBRAHIM NASIDI"
10791,2,collision,24495,CON-RES-1987-1158,3,"ALHAJI MUSA AHMED"
167784,2,legitimate-linked,190002,RES-2011-3349,2,"SALISU SULAIMAN"
167784,2,legitimate-linked,190007,"KNML 2480",KANGIS,"ENGR SALISU SULEIMAN"
18334,2,collision,32138,CON-RES-1987-214,3,"MALLAM GANA ABUBAKAR"
18334,2,collision,20369,CON-RES-RC-1982-611,3,"ALHAJI BALA USMAN"
68233,2,legitimate-linked,182072,RES-2025-1965,2,"SULEIMAN BELLO ADAMU"
68233,2,legitimate-linked,182083,KN4658,KANGIS,"SULEIMAN BELLO ADAMU"
52689,2,legitimate-linked,169059,RES-2009-7096,2,"IBRAHIM SADIQ OTHMAN"
52689,2,legitimate-linked,169098,KN5019,KANGIS,"IBRAHIM SADIQ OTHMAN"
60935,2,legitimate-linked,177695,RES-2021-609,2,"ABDULQADIR ABDULWAHID"
60935,2,legitimate-linked,177719,"KNML 9259",KANGIS,"ABDULQADIR ABDULWAHID"
11317,2,collision,25156,CON-RES-1982-1554,3,"ALHAJI MUSA KANKURA"
11317,2,collision,25021,CON-RES-1983-728,3,"ALHAJI TANKO ABUBAKAR"
13091,2,collision,30534,CON-RES-1987-499,3,"EDMUND MBAS EKPE"
13091,2,collision,26864,RES-1991-183,1,"IBRAHIM MUSA HADEJIA"
11147,2,collision,23926,CON-RES-1982-1191,3,"ABDULSALAM INUSA"
11147,2,collision,24851,CON-RES-1986-235,3,"MR FRANK ELEMAH"
11609,2,collision,33460,CON-RES-1982-559,3,"ALHAJI AMADU KAWU ZANGO"
11609,2,collision,25313,CON-RES-1984-377,3,"ALHAJI AMADU DANFULANI ILYASU"
11572,2,collision,25276,CON-RES-1983-597,3,"SULE ILIYASU"
11572,2,collision,31657,CON-RES-1982-503,3,"SALIHI ZUBAIRU"
15848,2,collision,47315,CON-RES-2007-48,3,"ZUBAIRU A BORODO"
15848,2,collision,29647,CON-RES-1982-817,3,"ALHAJI YAKUBU USMAN"
10475,2,collision,29820,CON-IND-1994-6,3,"KABARA MANUFACTURING ENTERPRISES (NIG)"
10475,2,collision,24178,CON-RES-1986-180,3,"DR PATRICK IKHENA"
14485,2,collision,28272,RES-1994-1922,2,"MUSBAHU ABBAS SANUSI"
14485,2,collision,36981,CON-RES-1994-509,3,"ABDULMAJID HUSSAIN"
18346,2,collision,19775,CON-RES-RC-1982-624,3,"ALHAJI IBRAHIM DANKANI"
18346,2,collision,32150,CON-RES-1987-740,3,"ALHAJI MINKAILU BUHARI"
17943,2,collision,31747,CON-COM-1984-143,3,"ALHAJI SALIHU MOHAMMED BABA"
17943,2,collision,18683,CON-RES-RC-1982-17,3,"MALAM ALI MOHAMMED"
50944,2,collision,173030,,2,"AHMED IBRAHIM YAHAYA"
50944,2,collision,173032,"KNML 6648",KANGIS,"AHMED IBRAHIM YAHAYA"
7988,2,collision,13867,CON-COM-1985-51,3,"ALH.GARBA SHANONO"
7988,2,collision,21682,CON-RES-1982-697,3,"NURA SANI HANGA"
10950,2,collision,34465,CON-RES-1981-471,3,"MR MURAINA ADENIYI ALADE"
10950,2,collision,24654,CON-RES-1984-11,3,"ALHAJI ALI MUSA"
7105,2,collision,21327,CON-AG-1983-220,3,"ALHAJI BALARABE ABDULLAHI"
7105,2,collision,20792,RES-1992-3394,2,"ALH INUWA SULEIMAN GULLI"
171693,2,legitimate-linked,192212,CON-RES-2023-7291,3,"FAIZU MUHAMMAD GALADIMA"
171693,2,legitimate-linked,192231,KN5168,KANGIS,"MURTALA ABDULLAHI JEGA"
154957,2,legitimate-linked,179306,RES-2014-2866,2,"FORTUNE INTERNATIONAL OIL LTD"
154957,2,legitimate-linked,179311,DCIV-2023-281,DCIV,"ADO DAHIRU"
160938,2,legitimate-linked,184395,SLTR-215651,SLTR,"NASIR BASHIR AHMAD"
160938,2,legitimate-linked,184408,KN5333,KANGIS,"NASIR BASHIR AHMAD"
13189,2,collision,32302,CON-RES-1987-751,3,"ALHAJI ABDULLAHI ABDU SAEED"
13189,2,collision,26962,RES-1991-461,1,"ALHAJI ADO NUHU"
11565,2,collision,25269,CON-RES-1983-563,3,"MR JONATHAN I ATOM"
11565,2,collision,24939,CON-RES-1982-497,3,"MOHD UMAR"
13169,2,legitimate-optot,30813,CON-RES-1987-705,3,"ALHAJI RABIU MOHAMMED GWARZO"
13169,2,legitimate-optot,26942,RES-1991-275,1,"ALHAJI MUSA MOHD"
12058,2,collision,32102,CON-RES-1983-665,3,"ALHAJI SULAIMAN SA'A ABUBAKAR"
12058,2,collision,25763,CON-RES-1985-23,3,"HASSAN MUHAMMAD BLAJUMMA"
8169,2,collision,21865,CON-RES-2009-1007,3,"HAJIYA SAFIYA IDRIS"
8169,2,collision,30188,CON-COM-1991-86,3,"ALHAJI LAWAN JIBRIN"
152588,2,legitimate-optot,175980,RES-2022-5485,2,"SANI RABI'U"
152588,2,legitimate-optot,175990,KN4487,KANGIS,"SANI RABI'U"
66504,2,legitimate-linked,189851,RES-2015-1567,2,"SILVERWORLD INTERGRATED DEVELOPMENT COMPANY"
66504,2,legitimate-linked,189873,"KNML 3151",KANGIS,"SILVERWORLD INTERGRATED DEVELOPMENT COMPANY"
6929,2,collision,20613,RES-1992-3175,2,"RABIU ADO"
6929,2,collision,17027,CON-AG-1982-208,3,"ALH NA-MAKKA ABUBAKAR"
163278,2,legitimate-linked,186396,RES-1985-533,1,"MUHAMMED AMINU KANI"
163278,2,legitimate-linked,186417,"KNML 261",KANGIS,"MUHAMMED AMINU KANI"
2941,2,collision,172836,"MLKN 1583",KANGIS,"IBRAHIM ALI SADIQ"
2941,2,collision,16611,RES-1992-2656,2,"ALH ALI A ADAMU"
13693,2,collision,24016,CON-RES-1989-86,3,"ALHAJI GARBA MAIKWANO SHESHE"
13693,2,collision,27469,RES-1990-4030,1,"USMAN MANSOOR"
11528,2,collision,23354,CON-RES-1982-435,3,"ALHAJI RAHMAN YAHAYA"
11528,2,collision,25232,CON-RES-1984-213,3,"BABA ANTHONIE NANAT"
18560,2,collision,32365,CON-RES-1987-1097,3,"MR FRANCIS NWONGBO ONYEKWELU"
18560,2,collision,25677,CON-RES-RC-1984-49,3,"ALHAJI BELLO IBRAHIM"
30365,2,legitimate-linked,177627,RES-1985-1290,1,"MR FELIX AWAGU"
30365,2,legitimate-linked,177643,"KNML 1808",KANGIS,"MR FELIX AWAGU"
11211,2,collision,22861,CON-RES-1982-132,3,"ALHAJI MOHAMMADU JINJIRI"
11211,2,collision,24915,CON-IND-1983-8,3,"ALHAJI UMARU DANLADI SHEHU"
8119,2,collision,21815,RES-1992-5008,2,"MUSBAHU SUNUSI DANJAJI"
8119,2,collision,16141,CON-COM-1990-49,3,"NAJEEB HABIB"
49601,2,legitimate-linked,175474,RES-2002-8085,2,"BASHIR SULEIMAN DAUDA"
49601,2,legitimate-linked,175520,KN5086,KANGIS,"BASHIR SULEIMAN DAUDA"
17440,2,collision,31243,CON-RES-1995-465,3,"ALHAJI ISA ALIYU MAIDAJI"
17440,2,collision,185555,KN5436,KANGIS,"MURTALA ABDULLAHI JEGA"
12429,2,collision,29276,CON-RES-1985-372,3,"FAROUK AHMED"
12429,2,collision,26134,CON-RES-1989-214,3,"ALHAJI AUWALU ILU"
177497,2,legitimate-linked,196487,CON-AG-1983-278,3,"NU'UMAN BARAU DANBATTA"
177497,2,legitimate-linked,196510,"MLKN 2609",KANGIS,"NU'UMAN BARAU DANBATTA"
12981,2,collision,30489,CON-RES-1987-257,3,"ALHAJI GARBA MARMARA"
12981,2,collision,26753,RES-1991-46,1,"ABDULLAHI MADUGU"
17454,2,collision,31257,CON-RES-1995-489,3,"SALISU MOHAMMAD NAGANGARE"
17454,2,collision,184757,KN5443,KANGIS,"MURTALA ABDULLAHI JEGA"
