prop_id,files_sharing,verdict,file_indexing_id,file_number,registry,file_title
10228,18,collision,175805,RES-2005-1733,2,"ALHAJI YAHAYA ZAKARI MUHAMMAD"
10228,18,collision,175819,RES-2005-1746,2,"ALHAJI YAHAYA ZAKARI MUHAMMAD"
10228,18,collision,175822,RES-2005-1751,2,"ALH YAHAYA ZAKARI MOHD"
10228,18,collision,175837,RES-2005-1749,2,"ALH YAHAYA ZAKARI MOHD"
10228,18,collision,175844,RES-2005-1725,2,"ALHAJI YAHAYA ZAKARI MUHAMMAD"
10228,18,collision,175855,RES-2005-1748,2,"ALH YAHAYA ZAKARI MOHD"
10228,18,collision,176261,RES-2005-1735,2,"ALH. YAHAYA ZAKARI MOHD"
10228,18,collision,176265,RES-2005-1752,2,"ALHAJI YAHAYA ZAKARI MOHD"
10228,18,collision,176269,RES-2005-1726,2,"ALH. YAHAYA ZAKARI MOHD"
10228,18,collision,175344,RES-2005-1732,2,"ALH YAHAYA ZAKARI MOHD"
10228,18,collision,175359,RES-2005-1743,2,"ALH YAHAYA ZAKARI MOHD"
10228,18,collision,175404,RES-2005-1755,2,"ALH YAHAYA ZAKARI MOHD"
10228,18,collision,175415,RES-2005-1758,2,"ALH YAHAYA ZAKARI MOHD"
10228,18,collision,175430,RES-2005-1750,2,"ALH YAHAYA ZAKARI MUHD"
10228,18,collision,175537,RES-2005-1747,2,"ALH. YAHAYA ZAKARI MOHD"
10228,18,collision,23930,CON-RES-1982-1200,3,"MUHAMMADU BELLO SALIHI"
10228,18,collision,174708,RES-2005-1756,2,"YAHAYA ZAKARI MOHD"
10228,18,collision,174720,RES-2005-1754,2,"ALH YAHAYA ZAKARI MOHD"
18799,5,collision,175218,IND-1982-75,1,"GONGONI COMPANY LIMITED"
18799,5,collision,175298,"MLKN 158",KANGIS,"GONGONI COMPANY LIMITED"
18799,5,collision,175330,IND-2020-20,1,"GONGONI COMPANY LIMITED"
18799,5,collision,175369,"MLKN 3266",KANGIS,"GONGONI COMPANY LIMITED"
18799,5,collision,32604,CON-RES-1985-262,3,"MALAMA FATIMA MOHAMMED BELLO"
19547,5,review-district-mismatch,175335,IND-2021-11,1,"INTERTEX LIMITED"
19547,5,review-district-mismatch,175374,IND-RC-1982-89,1,"INTERTEX LIMITED"
19547,5,review-district-mismatch,175423,"MLKN 2858",KANGIS,"INTERTEX LIMITED"
19547,5,review-district-mismatch,175438,"MLKN 3366",KANGIS,"INTERTEX LIMITED"
19547,5,review-district-mismatch,33352,CON-COM-1990-69,3,"LAWAL ABDULAZEEZ"
66958,4,violation-same-parcel,180842,RES-2021-203,2,"MUSBAHU M BASHIR"
66958,4,violation-same-parcel,180897,RES-RC-1983-37,1,"ALHAJI M.M. BASHIR"
66958,4,violation-same-parcel,180932,RES-2021-1203,2,"MUSBAHU M BASHIR"
66958,4,violation-same-parcel,180945,"KNML 7950",KANGIS,"MUSBAHU M BASHIR"
9118,4,violation-linked,174528,CON-COM-2025-458,3,"AL-MADINA INTERGRATED FARM LTD"
9118,4,violation-linked,174539,CON-COM-2009-411,3,"AL-MADINA INTERGRATED FARM LTD"
9118,4,violation-linked,174547,CON-AG-2021-178,3,"AL-MADINA INTERGRATED FARM  LIMITED"
9118,4,violation-linked,174550,KN3787,KANGIS,"AL-MADINA INTERGRATED FARM  LIMITED"
14094,4,collision,27881,RES-1993-702,2,"HAJIYA NANA SANI BABURA"
14094,4,collision,198179,CON-RES-1992-492,3,"ABDU MALAM BABA"
14094,4,collision,198268,RES-2022-801,2,"ABDU MALAM BABA"
14094,4,collision,198280,"KNML 8832",KANGIS,"ABDU MALAM BABA"
19102,4,review-district-mismatch,175414,IND-2023-354,1,"PETRIOCHOR INDUSTRIES LIMITED"
19102,4,review-district-mismatch,175424,"MLKN 421",KANGIS,"PETRIOCHOR INDUSTRIES LIMITED"
19102,4,review-district-mismatch,32907,CON-COM-2003-95,3,"ABDULLAHI AHMAD"
19102,4,review-district-mismatch,196222,IND-2009-6,1,"PETRIOCHOR INDUSTRIES LIMITED"
18760,4,legitimate-optot,32565,CON-COM-RC-1982-33,3,"GERAWA GLOBAL ENGINEERING LIMITED"
18760,4,legitimate-optot,196220,IND-1982-34,1,"W.J BUSH AND CO. NIGERIA LIMITED"
18760,4,legitimate-optot,195161,IND-2020-15,1,"W.J BUSH AND CO. NIGERIA LIMITED"
18760,4,legitimate-optot,195171,"MLKN 120",KANGIS,"W.J BUSH AND CO. NIGERIA LIMITED"
57615,4,review-district-mismatch,168334,COM-2022-323,1,"MARYAM ABACHA AMERICAN UNIVERSITY OF NIGERIA"
57615,4,review-district-mismatch,168356,RES-2017-65,2,"MARYAM ABACHA AMERICAN UNIVERSITY OF NIGERIA"
57615,4,review-district-mismatch,168376,"KNGP 267",KANGIS,"MARYAM ABACHA AMERICAN UNIVERSITY OF NIGERIA"
57615,4,review-district-mismatch,168857,"MLKN 3623",KANGIS,"MARYAM ABACHA AMERICAN UNIVERSITY OF NIGERIA"
9298,4,review-district-mismatch,182029,CON-COM-2011-108,3,"DAWANAU AGRO COMMODITIES LTD"
9298,4,review-district-mismatch,182044,CON-IND-2025-252,3,"DAWANAU AGRO COMMODITIES LTD"
9298,4,review-district-mismatch,182047,KN4476,KANGIS,"DAWANAU AGRO COMMODITIES LTD"
9298,4,review-district-mismatch,22999,CON-RES-1984-215,3,"MADAM MAGRET ADUKI TINDE"
7286,4,review-district-mismatch,194144,CON-COM-2015-108,3,"SALNUHA INVESTMENT LTD"
7286,4,review-district-mismatch,194165,CON-AG-1988-103,3,"SALNUHA INVESTMENT LTD"
7286,4,review-district-mismatch,194176,"MLKN 2610",KANGIS,"SALNUHA INVESTMENT LTD"
7286,4,review-district-mismatch,20973,RES-1992-3458,2,"LAWAN BELLO"
178715,4,violation-same-parcel,197367,CON-RES-2012-95,3,"NU'UMAN BARAU DANBATTA"
178715,4,violation-same-parcel,197381,CON-RES-2009-1082,3,"NU'UMAN BARAU DANBATTA"
178715,4,violation-same-parcel,197389,"KNML 2111",KANGIS,"NU'UMAN BARAU DANBATTA"
178715,4,violation-same-parcel,197346,CON-RES-2014-180,3,"NU'UMAN BARAU DANBATTA"
12457,3,legitimate-optot,26163,CON-RES-1989-265,3,"DIMSON DAVE"
12457,3,legitimate-optot,197224,CON-RES-1985-460,3,"MUJITTAPHA BABALLE ILA"
12457,3,legitimate-optot,197285,"KNML 6557",KANGIS,"MUJITTAFA BABALLE ILA"
7515,3,review-district-mismatch,21206,RES-1992-4258,2,"ALH ALIKO INUWA"
7515,3,review-district-mismatch,169972,CON-AG-2011-66,3,"ALH IBRAHIM YUSUF DINGIM"
7515,3,review-district-mismatch,169995,KN4472,KANGIS,"ALH IBRAHIM YUSUF DINGIM"
5602,3,legitimate-optot,19279,RES-1982-531,1,"ALH UMARU DAN-SABO ISMA'IL"
5602,3,legitimate-optot,169923,COM-2025-582,1,"SHEIKH BASHIR EL-RAYYAH SCHOOL COMPLEX"
5602,3,legitimate-optot,169942,KN4971,KANGIS,"SHEIKH BASHIR EL-RAYYAH SCHOOL COMPLEX"
19388,3,legitimate-optot,176227,IND-RC-1982-128,1,"MAHAZA COMPANY LIMITED"
19388,3,legitimate-optot,176259,KN2940,KANGIS,"MAHAZA COMPANY LIMITED"
19388,3,legitimate-optot,33193,CON-RES-1994-384,3,"ALH USMAN SHEHU INUSA"
16423,3,review-district-mismatch,30222,CON-RES-1993-20,3,"ALHAJI IBRAHIM HARUNA"
16423,3,review-district-mismatch,187166,CON-RES-2010-91,3,"ABDU SHEHU"
16423,3,review-district-mismatch,187167,"KNML 2851",KANGIS,"MR GALLET STEPHANE"
12340,3,legitimate-optot,26045,CON-RES-1982-531,3,"DANGI PHARMACY & GENERAL ENTERPRISES LTD"
12340,3,legitimate-optot,180473,CON-RES-1985-11,3,"YUSUF AHMAD TIJJANI"
12340,3,legitimate-optot,180474,"KNML 1126",KANGIS,"YUSUF AHMAD TIJJANI"
17948,3,legitimate-optot,186787,CON-RES-RC-1982-175,3,"BASHIR HAYATU ABUBAKAR"
17948,3,legitimate-optot,186809,"KNML 271",KANGIS,"BASHIR HAYATU ABUBAKAR"
17948,3,legitimate-optot,31752,CON-COM-1984-125,3,"MR. AUGUSTINE EDOSA"
34857,3,legitimate-optot,174743,RES-2025-2323,2,"ABDULKARIM DAN'AZUMI"
34857,3,legitimate-optot,174748,RES-2025-2324,2,"ABDULKARIM DAN'AZUMI"
34857,3,legitimate-optot,180560,RES-1990-1170,1,"ABDULKARIM DAN'AZUMI"
1233,3,legitimate-optot,14894,RES-1992-932,2,"MAHMUDA SALISU HAIBA"
1233,3,legitimate-optot,196616,COM-1992-291,1,"SAAD SHITU SHARUBUTU"
1233,3,legitimate-optot,196681,"MLKN 251",KANGIS,"SAAD SHITU SHARUBUTU"
4075,3,legitimate-optot,176089,COM-2015-421,1,"RUFA'I SULE BICHI"
4075,3,legitimate-optot,176146,"MLKN 2720",KANGIS,"RUSBI AGRICULTURAL PROCESSING COMPANY LIMITED"
4075,3,legitimate-optot,17749,RES-1992-4078,2,"HAJIYA BINTA DANBABA"
7669,3,collision,172107,CON-COM-1981-14,3,"DANKAWU OIL & GAS"
7669,3,collision,172141,KN3792,KANGIS,"AL_YAMAN OIL & GAS LIMITED"
7669,3,collision,21360,CON-AG-1984-117,3,"HAJIYA MAIRO HARUNA R. YUSUF (MRS)"
12070,3,review-district-mismatch,25775,CON-RES-1989-171,3,"ALH. ISA IDRIS S/GADON KAYA"
12070,3,review-district-mismatch,25376,CON-RES-1983-717,3,"USMAN MAMUDA"
12070,3,review-district-mismatch,171435,RES-RC-1983-717,1,"ALHAJI LAWAL MUSA"
45177,3,legitimate-optot,191541,RES-1997-1164,2,"ALH ABUBAKAR I SADAUKI"
45177,3,legitimate-optot,191587,"KNML 2467_1",KANGIS,"ALBASU BASHIR"
45177,3,legitimate-optot,191588,"KNML 2467_2",KANGIS,"ALBASU BASHIR"
12820,3,review-district-mismatch,159950,"KNML 1860",KANGIS,"ALH AHMADU UBA GWALE"
12820,3,review-district-mismatch,26592,RES-1982-2412,1,"ALH UBA MOHAMMAD"
12820,3,review-district-mismatch,32396,CON-RES-1987-1218,3,"ALHAJI AHMADU LOKON MAKERA"
4078,3,legitimate-optot,175983,COM-2015-424,1,"RUFA'I SULE BICHI"
4078,3,legitimate-optot,176003,"MLKN 2724",KANGIS,"RUSBI AGRICULTURAL PROCESSING COMPANY LIMITED"
4078,3,legitimate-optot,17752,RES-1992-4081,2,"SALLAU TSOHO"
10617,3,review-district-mismatch,24320,CON-RES-1988-267,3,"ALH. ABDU HAMIDU"
10617,3,review-district-mismatch,169884,CON-IND-2024-61,3,"SUHAIL TECH ENGINEERING LTD"
10617,3,review-district-mismatch,169895,KN3118,KANGIS,"SUHAIL TECH ENGINEERING LTD"
19430,3,legitimate-optot,172916,IND-RC-1982-17,1,"ANGEL SPINING & DYEING LIMITED"
19430,3,legitimate-optot,173011,"MLKN 558",KANGIS,"ANGEL SPINNING & DYEING LIMITED"
19430,3,legitimate-optot,33235,CON-RES-1994-485,3,"ALH SANI USMAN"
149,3,legitimate-optot,182018,AG-RC-1982-130,1,"DR. ABDULLAHI SA'ED"
149,3,legitimate-optot,182037,"MLKN 2897",KANGIS,"DR. ABDULLAHI SA'ED"
149,3,legitimate-optot,13804,RES-1992-155,2,"MOHAMMED KABIR ALI"
44954,3,legitimate-optot,192622,RES-1996-706,2,"SHEHU LIMAN WAN"
44954,3,legitimate-optot,192635,"KNML 3012_1",KANGIS,"SHEHU LIMAN WAN"
44954,3,legitimate-optot,192638,"KNML 3012_2",KANGIS,"SHEHU LIMAN WAN"
5950,3,legitimate-optot,19627,RES-1982-829,1,"CAPT S.A. FOLORUNSHO"
5950,3,legitimate-optot,198704,COM-2017-16,1,"ALH BALA MUHTARI"
5950,3,legitimate-optot,198636,COM-RC-1982-189,1,"ALH BALA MUHTARI"
1105,3,legitimate-optot,190776,COM-1991-259,1,"BASHIR HASSAN HANGA"
1105,3,legitimate-optot,190795,"MLKN 4376",KANGIS,"BASHIR HASSAN HANGA"
1105,3,legitimate-optot,14766,RES-1981-402,1,"ALH. NABABA ABDULMUMINI"
172311,3,violation-linked,192714,CON-IND-2025-122,3,"SARMAN INTEGRATED FARM AND SOLUTION LTD"
172311,3,violation-linked,192730,CON-AG-2017-39,3,"SARMAN INTEGRATED FARM AND SOLUTION LTD"
172311,3,violation-linked,192749,"MLKN 2478",KANGIS,"AUWALU SARKI"
14687,3,review-district-mismatch,150781,KN1069,KANGIS,"TASIU ABDURRAHMAN ABDULWAHEED"
14687,3,review-district-mismatch,28475,RES-1993-475,2,"TANKO GALADIMA ,IBRAHIM SA'IDU AND AMMANI MAINAMA"
14687,3,review-district-mismatch,31312,CON-RES-1995-79,3,"USTAZ TASIU ABDULRAHMAN"
67511,3,violation-same-parcel,198688,COM-2023-3,1,"SAGIR MAITAMA YUSUF"
67511,3,violation-same-parcel,198710,"MLKN 4441",KANGIS,"SAGIR MAITAMA YUSUF"
67511,3,violation-same-parcel,198637,RES-RC-1987-26,1,"SAGIR MAITAMA YUSUF"
158424,3,collision,191582,KN4536,KANGIS,"MURTALA ABDULLAHI JEGA"
158424,3,collision,182375,CON-RES-2023-7248,3,"FAIZU MUHAMMAD GALADIMA"
158424,3,collision,182383,KN5134,KANGIS,"MURTALA ABDULLAHI JEGA"
6543,3,legitimate-optot,189751,COM-2012-86,1,"ALH. DALHA GARBA"
6543,3,legitimate-optot,189760,KN4283,KANGIS,"ALH. DALHA GARBA"
6543,3,legitimate-optot,20227,RES-1982-1347,1,"ALH SANI ALHASSAN"
7590,3,review-district-mismatch,175275,CON-AG-2024-27,3,"ABDU AHMAD SAYE"
7590,3,review-district-mismatch,175286,KN3968,KANGIS,"ABDU AHMAD SAYE"
7590,3,review-district-mismatch,21281,CON-AG-1986-73,3,"ALH NUHU GARBA"
9554,3,review-district-mismatch,23256,RES-1992-7108,2,"UMARU DAN DAUDA"
9554,3,review-district-mismatch,197379,CON-COM-2014-123,3,"ALMUSUL & SONS NIG LIMITED"
9554,3,review-district-mismatch,197383,"MLKN 799_2",KANGIS,"DANSI ENERGY SERVICES LTD"
8433,3,review-district-mismatch,145626,"MLKN 1933",KANGIS,"P.KM GLOBAL RESOURSES L.T.D"
8433,3,review-district-mismatch,22133,CON-RES-2009-246,3,"YUNUSA ZUBAIRU"
8433,3,review-district-mismatch,30294,CON-COM-1999-33,3,"M.M. GOMBE NIGERIA LTD"
171087,3,collision,191793,KN4601,,"MURTALA ABADULLAHI JEGA"
171087,3,collision,191794,KN2803,,"ABBA MAMMAN TOR HABIB"
171087,3,collision,194579,CON-RES-2023-7176,3,"FAIZU MUHAMMAD GALADIMA"
12490,3,review-district-mismatch,160596,KN3224,KANGIS,"ALHAJI AWWALU DAHIRU"
12490,3,review-district-mismatch,34256,CON-RES-1985-539,3,"ALHAJI AWWALU DAHIRU"
12490,3,review-district-mismatch,26196,CON-RES-1988-602,3,"SHEHU BELLO"
494,3,legitimate-optot,14151,RES-1992-635,2,"ALH HAMIDU YAKUBU"
494,3,legitimate-optot,193231,COM-1982-187,1,"ALH. YAKUBU IBRAHIM"
494,3,legitimate-optot,193251,KN4050,KANGIS,"ALH. YAKUBU IBRAHIM"
18537,3,legitimate-optot,32342,CON-RES-1987-1112,3,"A. ADO SANI AMADU"
18537,3,legitimate-optot,174950,CON-RES-RC-1984-28,3,"ALH. ISMA'ILA ABDULLAHI YUSUF"
18537,3,legitimate-optot,174965,KN5486,KANGIS,"ALH. ISMA'ILA ABDULLAHI YUSUF"
4080,3,legitimate-optot,17754,RES-1992-4086,2,"RABIU LADODO"
4080,3,legitimate-optot,175579,COM-2015-433,1,"RUFA'I SULE BICHI"
4080,3,legitimate-optot,175585,"MLKN 2721",KANGIS,"RUSBI AGRICULTURAL PROCESSING COMPANY LIITED"
175021,3,legitimate-optot,194604,RES-2021-857,2,"ASHIRU AMINU LIMAN"
175021,3,legitimate-optot,194624,KN2789_1,KANGIS,"ASHIRU AMINU LIMAN"
175021,3,legitimate-optot,194625,KN2789_2,KANGIS,"ASHIRU AMINU LIMAN"
13082,3,legitimate-optot,26855,RES-1991-173,1,"ALHAJI NUHU HABU DANBATTA"
13082,3,legitimate-optot,196917,CON-RES-1987-471,3,"NU'UMAN BARAU DANBATTA"
13082,3,legitimate-optot,196925,"KNML 8925",KANGIS,"NU'UMAN BARAU DANBATTA"
8932,3,collision,174049,"KNML 68",KANGIS,"ALH.HAMZA ABDULLAHI UMAR"
8932,3,collision,16178,CON-COM-2008-164,3,"ALH.HAMZA ABDULLAHI UMAR"
8932,3,collision,22633,RES-1992-6974,2,"ADAMU GARBA"
176172,3,legitimate-optot,195367,RES-2018-83,2,"AL-HASSAN SAMA'ILA"
176172,3,legitimate-optot,195386,RES-2021-4434,2,"AL-HASSAN SAMA'ILA"
176172,3,legitimate-optot,195395,"KNML 9837",KANGIS,"AL-HASSAN SAMA'ILA"
14729,3,legitimate-optot,193232,CON-RES-1996-237,3,"MUHAMMAD GARBA"
14729,3,legitimate-optot,193256,"KNML 1377_1_2",KANGIS,"MUHAMMAD GARBA"
14729,3,legitimate-optot,28517,RES-1993-1180,2,"HAJIYA YAHANASU AHMAD"
2302,3,legitimate-optot,184007,COM-2002-1278,1,"ALH JAMILU SALISU SARKI"
2302,3,legitimate-optot,195942,DCIV-2026-432,,"ABBA AMINU SA'ID"
2302,3,legitimate-optot,15970,RES-1981-1784,1,"ABDULLAHI UMAR"
161530,3,review-district-mismatch,184948,CON-COM-2015-252,3,"W.A.A RANO NIG LTD"
161530,3,review-district-mismatch,184964,"MLKN 318",KANGIS,"W.A.A RANO NIG LTD"
161530,3,review-district-mismatch,185001,CON-COM-2008-250,3,"W.A.A RANO NIG LTD"
7381,3,legitimate-optot,21071,CON-RES-1995-520,3,"ALHAJI YUSUF SALISU ABDULLAHI"
7381,3,legitimate-optot,177740,CON-AG-1994-38,3,"ALH BASHIR SUNUSI DANTATA"
7381,3,legitimate-optot,177749,"KNML 39_2",KANGIS,"ALH BASHIR SUNUSI DANTATA"
13874,3,collision,36425,CON-RES-1991-290,3,"ALHAJI UBA GWANDU"
13874,3,collision,27652,RES-1991-741,1,"HAJIYA AMINA IBRAHIM"
13874,3,collision,177629,"KNML 33",KANGIS,"ALHAJI UBA GWANDU"
5603,3,legitimate-optot,172873,COM-2025-584,1,"SALIHU BADAMASI ABDULLAHI"
5603,3,legitimate-optot,172878,KN4832,KANGIS,"SALIHU BADAMASI ABDULLAHI"
5603,3,legitimate-optot,19280,RES-1982-533,1,"SADI SHA'AIBU"
45448,3,legitimate-optot,190603,RES-1997-402,2,"SOJUNA NIGERIA LIMITED"
45448,3,legitimate-optot,190616,"KNML 524",KANGIS,"SOJUNA NIGERIA LIMITED"
45448,3,legitimate-optot,190627,COM-2023-30,1,"SOJUNA LIMITED"
13137,3,review-district-mismatch,26910,RES-1991-238,1,"HAJIYA SADIYA J. SARKI"
13137,3,review-district-mismatch,34380,CON-RES-1987-633,3,"DIAMOND BANK PLC"
13137,3,review-district-mismatch,152358,KN2964,KANGIS,"ACCESS BANK PLC"
18135,3,legitimate-optot,181835,CON-RES-RC-1982-409,3,"AMINU MUDALLABI"
18135,3,legitimate-optot,181868,"KNML 9567",KANGIS,"AMINU MUDALLABI"
18135,3,legitimate-optot,31939,CON-RES-1982-820,3,"ALHAJI IBRAHIM DANWAKILI"
10594,3,review-district-mismatch,169523,CON-IND-2021-38,3,"JALAL FADEL SHAFIQ TAHA"
10594,3,review-district-mismatch,171095,"MLKN 3388",KANGIS,"JALAL FADEL SHAFIQ TAHA"
10594,3,review-district-mismatch,24297,CON-RES-1988-500,3,"UMAR MOHAMMED"
11890,3,review-district-mismatch,25595,CON-RES-1984-341,3,"HAJIYA AISHATU A. OWALABI"
11890,3,review-district-mismatch,145772,KN2860,KANGIS,"MUHAMMAD SULEMAN"
11890,3,review-district-mismatch,24884,CON-RES-1983-217,3,"ALH. SULEIMANU MOHAMMED"
4079,3,collision,17753,RES-1992-4082,2,"HAMISU TSOHO"
4079,3,collision,175578,COM-2015-426,1,"RUFA'I SULE BICHI"
4079,3,collision,175586,"MLKN 2723",KANGIS,"RUSBI AGRICULTURAL PROCESSING COMPANY LIMITED"
18985,3,review-district-mismatch,32790,CON-RES-2005-134,3,"IBRAHIM ILU KURA"
18985,3,review-district-mismatch,176331,IND-1997-20,1,"ALH. ABDULLAHI ADAMU DANGONGOLA."
18985,3,review-district-mismatch,176333,KN3047,KANGIS,"ALH. ABDULLAHI ADAMU DANGONGOLA"
18421,3,legitimate-optot,32226,CON-RES-1987-212,3,"CHRISTIAN O. UCHENDU"
18421,3,legitimate-optot,173374,CON-RES-RC-1982-709,3,"MRS JULIANAH LAWSON"
18421,3,legitimate-optot,173415,"KNML 1200",KANGIS,"MRS JULIANAH LAWSON"
1686,3,collision,182805,COM-1997-206,1,"ARMADA INTERNATIONAL LTD"
1686,3,collision,182819,"MLKN 2206",KANGIS,"ARMADA INTERNATIONAL LTD"
1686,3,collision,15349,RES-1981-1045,1,"ADAMU ALKASSIM SHESHE"
13024,3,legitimate-optot,26796,RES-1991-111,1,"MAHMUD SANI"
13024,3,legitimate-optot,188952,CON-RES-1987-348,3,"AHMED SHITU ABUBAKAR"
13024,3,legitimate-optot,188994,"KNML 5351",KANGIS,"AHMAD SHITU ABUBAKAR"
16429,3,review-district-mismatch,186970,CON-RES-2010-94,3,"ALH ABDU SHEHU"
16429,3,review-district-mismatch,186971,"KNML 2854",KANGIS,"MR GALLET STAPHANE"
16429,3,review-district-mismatch,30228,CON-RES-1993-14,3,"ALHASSAN BABA"
12956,3,review-district-mismatch,24517,CON-RES-1987-211,3,"HAFSATU YELWA DAU"
12956,3,review-district-mismatch,173625,"KNML 139",KANGIS,"MAIKANO BASHIR YOLA"
12956,3,review-district-mismatch,26728,RES-1991-12,1,"ADAMU TANIMU"
1210,3,review-district-mismatch,169096,COM-1992-200,1,"A.G.Y.L. MERCHANDISE NIG LTD"
1210,3,review-district-mismatch,169145,"MLKN 3625",KANGIS,"A.G.Y.L MERCHANDISE NIGERIA LTD"
1210,3,review-district-mismatch,14871,RES-1992-926,2,"HADIZA MUSA"
23925,3,review-district-mismatch,134098,"KNML 4712",KANGIS,"ABDULLAHI SANI MUHAMMAD"
23925,3,review-district-mismatch,134106,KN1157,KANGIS,"ABDULLAHI SANI MUHAMMAD"
23925,3,review-district-mismatch,38673,CON-RES-1998-317,3,"HABIBU SHEHU ALMAJIR"
67140,3,legitimate-optot,196985,RES-RC-1984-204,1,"ALH ABDULLAHI A MINJIBIR"
67140,3,legitimate-optot,197054,"KNML 6474",,"ALH ABDULLAHI A MINJIBIR"
67140,3,legitimate-optot,197102,RES-2023-1436,2,"ALH ABDULLAHI A MINJIBIR"
4506,3,collision,18181,RES-1992-5128,2,"ABDULKADIR DAUDA AHMED (KULIYA)"
4506,3,collision,175531,COM-2018-181,1,"BALA KASA SULAIMAN NURA"
4506,3,collision,175545,KN3149,KANGIS,"BALA KASA SULAIMAN NURA"
15589,3,collision,184492,CON-RES-2005-301,3,"MUSA MUHAMMAD ACICINGAM"
15589,3,collision,184494,"KNML 1915",KANGIS,"ALH SAHABI UMAR"
15589,3,collision,29388,CON-RES-1987-480,3,"MADAM NIMATA SHOGE"
7831,3,legitimate-optot,21523,CON-RES-1982-302,3,"ISAAC DEJO AKANBI"
7831,3,legitimate-optot,196738,CON-COM-1982-60,3,"ALHAJI ABBAS LAWAL"
7831,3,legitimate-optot,196780,"MLKN 300",KANGIS,"MOHAMMAD SANI ABDULLAHI"
4074,3,legitimate-optot,17748,RES-1992-4077,2,"HAJIYA BINTA DANBABA"
4074,3,legitimate-optot,175507,COM-2015-420,1,"RUSBI AGRICULTURAL PROCESSING COMPANY LTD"
4074,3,legitimate-optot,175519,"MLKN 2722",KANGIS,"RUFA'I SULE BICHI"
177330,2,violation-linked,196329,CON-COM-2023-161,3,"RUFAI SULE BICHI"
177330,2,violation-linked,196372,KN3153,KANGIS,"RUFAI SULE BICHI"
175858,2,violation-same-parcel,195122,IND-RC-2023-1,1,"DANGADO PLASTIC LIMITED"
175858,2,violation-same-parcel,195127,KN2462,KANGIS,"DANGADO PLASTIC LIMITED"
149718,2,legitimate-optot,173014,RES-2022-1074,2,"NASIRU MUHAMMAD DANFARANSHI"
149718,2,legitimate-optot,173015,"KNML 9786",KANGIS,"NASIRU MUHAMMAD DANFARANSHI"
138468,2,violation-same-parcel,159849,"KNML 1087",KANGIS,"BALA ABDULLAHI DUMA"
138468,2,violation-same-parcel,175908,RES-2005-1592,2,"HALIMATU MUHD"
14233,2,legitimate-optot,28020,RES-1993-1536,2,"ENGENEER JOHN IDOWA"
14233,2,legitimate-optot,22252,CON-RES-1993-331,3,"MIKO ALASSAN KOKI"
34125,2,legitimate-optot,186285,RES-1989-2232,1,"ALHAJI ALIYU MAHMOUD GALADANCHI QTRS KANO CITY"
34125,2,legitimate-optot,186302,"KNML 1594",KANGIS,"CITY EXPRESS PLAZA"
12716,2,legitimate-optot,30850,CON-RES-1987-1018,3,"AL FAJR CHARITY FOUNDATION"
12716,2,legitimate-optot,26422,RES-1982-1969,1,"WADA MOHD ALIYU"
171180,2,violation-linked,191852,CON-AG-2021-64,3,"AUWALU ALI ABDULLAHI"
171180,2,violation-linked,191913,"MLKN 4391",KANGIS,"AUWALU ALI ABDULLAHI"
179724,2,violation-linked,198192,CON-COM-2017-170,3,"SANUSI USMAN MANDAWARI"
179724,2,violation-linked,198273,"MLKN 4421",KANGIS,"SANUSI USMAN MANDAWARI"
166984,2,violation-linked,189422,RES-2014-67,2,"HAMISU RABI'U JINGAU"
166984,2,violation-linked,189442,KN3789,KANGIS,"HAMISU RABI'U JINGAU"
115287,2,violation-linked,134518,"MLKN 1261",KANGIS,"ALHAJI AMINU DANTATA"
115287,2,violation-linked,34974,CON-COM-2015-134,3,"ALHAJI AMINU DANTATA"
60802,2,violation-same-parcel,174014,RES-2021-2858,2,"ALH. UMAR ADAMU DAHO"
60802,2,violation-same-parcel,174032,KN4632,KANGIS,"ALH. UMAR ADAMU DAHO"
37396,2,violation-same-parcel,27308,RES-1991-552,1,"DAN LAMI ALI"
37396,2,violation-same-parcel,160525,"KNML 1873",KANGIS,"IBRAHIM DAN TSOHO SANI"
13682,2,legitimate-optot,27458,RES-1990-4207,1,"ALH TIJJANI MUHD LADAN"
13682,2,legitimate-optot,29792,CON-RES-1989-589,3,"MRS. FLORENCE BOSEDE ARIYO"
146986,2,legitimate-optot,170077,RES-2022-7029,2,"MUSA MUHAMMAD YAKASAI"
146986,2,legitimate-optot,170098,KN5007,KANGIS,"MUSA MUHAMMAD YAKASAI"
58946,2,legitimate-optot,194154,RES-2019-1088,2,"IBRAHIM ISYAKU NA ABBA"
58946,2,legitimate-optot,194164,"KNML 6499",KANGIS,"IBRAHIM ISYAKU NA ABBA"
174459,2,violation-linked,194226,CON-RES-2001-304,3,"ALH HAMISU MUSA"
174459,2,violation-linked,194227,"KNML 549",KANGIS,"ALH HAMISU MUSA"
145223,2,legitimate-optot,168121,RES-2015-4672,2,"ABDULLAHI ADO BAYERO"
145223,2,legitimate-optot,168122,"KNML 4055",KANGIS,"ABDULLAHI ADO BAYERO"
45094,2,legitimate-optot,171970,RES-1996-964,2,"AUWAL ADAM  SANI"
45094,2,legitimate-optot,172220,"KNML 9612",KANGIS,"AUWAL ADAM  SANI"
13075,2,legitimate-optot,25437,CON-RES-1987-453,3,"ALHAJI BALA KOKI"
13075,2,legitimate-optot,26848,RES-1991-165,1,"ALHAJI LABARAN ABDULLAHI"
12955,2,legitimate-optot,26727,RES-1991-10,1,"HARUNA HALADU"
12955,2,legitimate-optot,27002,CON-RES-1987-21,3,"BABANGIDA USMAN ASKANDU"
166835,2,violation-same-parcel,189315,RES-1983-501,1,"MUHTARI ALIYU DANGANA"
166835,2,violation-same-parcel,189316,"KNML 2464",KANGIS,"HADIZA MUHTARI DANGANA"
166698,2,violation-linked,189216,CON-COM-2015-203,3,"AL-MUSTAPHA ZANGO NIGERIA LIMITED"
166698,2,violation-linked,189234,"MLKN 2772",KANGIS,"AL-MUSTAPHA ZANGO NIGERIA LIMITED"
58509,2,legitimate-optot,181261,RES-2018-4695,2,"JUWAIRIYYA AHMAD LAMIDO"
58509,2,legitimate-optot,181283,"KNML 7166",KANGIS,"JUWAIRIYYA AHMAD LAMIDO"
51824,2,review-district-mismatch,187346,RES-2008-4276,2,"DAUDA IBRAHIM DORAYI"
51824,2,review-district-mismatch,157273,"KNML 1045",KANGIS,"MUSBAHU SANI YAKASAI"
158815,2,violation-same-parcel,182668,RES-2025-2222,2,"HON. MUHAMMAD BELLO BUTU BUTU"
158815,2,violation-same-parcel,182673,KN4649,KANGIS,"HON. MUHAMMAD BELLO BUTU BUTU"
160784,2,violation-same-parcel,184260,SLTR-221155,SLTR,"MUSA AUWAL  KAMFUT"
160784,2,violation-same-parcel,184268,KN5506,KANGIS,"MUSA AUWAL  KAMFUT"
65799,2,review-district-mismatch,179069,RES-RC-1982-1768,1,"ABBA HALIRU"
65799,2,review-district-mismatch,179081,"KNML 1764",KANGIS,"ALH ABBA HALIRU"
13523,2,legitimate-optot,27297,RES-1991-540,1,"BAHIJJA A.S. DANTATA"
13523,2,legitimate-optot,36288,CON-RES-1988-888,3,"ALHAJI ABBA A. GARBA"
53371,2,legitimate-optot,170332,RES-2010-2469,2,"EMMAMUEL OZOADINDE"
53371,2,legitimate-optot,170340,"KNML 4563",KANGIS,"EMMAMUEL OZOADINDE"
58288,2,legitimate-optot,172839,RES-2018-3395,2,"RABI'U BABA SANI"
58288,2,legitimate-optot,172865,"KNML 8011",KANGIS,"RABI'U BABA SANI"
12085,2,legitimate-optot,25026,CON-RES-1983-761,3,"OLUBUMI OLAIYA & OLUFUNMILAYO"
12085,2,legitimate-optot,25790,CON-RES-RC-1981-48,3,"MARK OMEIZE OJIAH"
147037,2,legitimate-optot,170146,RES-2020-2391,2,"DR JIBRILLA MUHAMMAD"
147037,2,legitimate-optot,170147,KN4761,KANGIS,"DR JIBRILLA MUHAMMAD"
58291,2,legitimate-optot,172317,RES-2018-3398,2,"RABI'U BABA SANI"
58291,2,legitimate-optot,172328,"KNML 8015",KANGIS,"RABI'U BABA SANI"
161155,2,violation-same-parcel,184598,SLTR-219456,SLTR,"SABI'U BABANGIDA"
161155,2,violation-same-parcel,184607,KN5331,KANGIS,"SABI'U BABANGIDA"
150428,2,legitimate-optot,173738,RES-2020-530,2,"DR GAMBO"
150428,2,legitimate-optot,173739,KN3544,KANGIS,"DR GAMBO"
11656,2,legitimate-optot,25360,CON-RES-RC-1982-50,3,"MALLAM LAWAL MOHAMMED"
11656,2,legitimate-optot,26070,CON-RES-1982-626,3,"ALHAJI HAMZA A. MAHMOUD"
112291,2,violation-same-parcel,173236,RES-2025-642,2,"SARKI ABDULLAHI IBRAHIM"
112291,2,violation-same-parcel,173249,KN4899,KANGIS,"SARKI ABDULLAHI IBRAHIM"
169570,2,violation-same-parcel,191374,RES-2016-2498,2,"ABUBAKAR SAHABO BARURO"
169570,2,violation-same-parcel,191383,"KNML 8947",KANGIS,"ABUBAKAR SAHABO BARURO"
170832,2,violation-same-parcel,191586,RES-2000-2214,2,"NASSIRU ABDULLAHI MACCIDO"
170832,2,violation-same-parcel,191593,"KNML 2483",KANGIS,"NASSIRU ABDULLAHI MACCIDO"
14394,2,legitimate-optot,31418,CON-RES-1994-316,3,"ALHAJI SABO LAWAN KABARA"
14394,2,legitimate-optot,28181,RES-1993-2172,2,"BASHIR USMAN"
156903,2,violation-same-parcel,181213,CON-RES-2023-7196,3,"FAIZU MUHAMMAD GALADIMA"
156903,2,violation-same-parcel,181224,KN5096,KANGIS,"MURTALA ABDULLAHI JEGA"
178799,2,legitimate-optot,197421,RES-2009-680,2,"DANKADA FARM LTD"
178799,2,legitimate-optot,197425,RES-2009-6244,2,"DANKADA FARM LTD"
165500,2,legitimate-optot,192682,KN4221,KANGIS,"MUHAMMAD INUWA KAILA"
165500,2,legitimate-optot,188278,RES-2024-2360,2,"MUHAMMAD INUWA KAILA"
14329,2,violation-same-parcel,21162,CON-RES-1994-148,3,"ALHAJI HABIBU YUSUF"
14329,2,violation-same-parcel,178960,CON-COM-2010-347,3,"ALHAJI HABIBU YUSUF"
177531,2,violation-linked,196519,CON-COM-2021-238,3,"ISYAKU SANI ISMA'IL"
177531,2,violation-linked,196554,"MLKN 3600",KANGIS,"ISYAKU SANI ISMA'IL"
36175,2,legitimate-optot,184454,RES-1991-10009,1,"ABDULRRAUF IBRAHIM DANWAKILI"
36175,2,legitimate-optot,184462,"KNML 1916",KANGIS,"ABDULRRAUF IBRAHIM DANWAKILI"
162987,2,legitimate-optot,186137,RES-2011-593,2,"MAGAJI MOHAMMED WARURE"
162987,2,legitimate-optot,186140,"KNML 1519",KANGIS,"MAGAJI MOHAMMED WARURE"
12710,2,legitimate-optot,26416,RES-1982-1962,1,"ALH YUSUF SHITU GALAMBI"
12710,2,legitimate-optot,24520,CON-RES-1987-1006,3,"MR. JAMUS OKONKWO NWABUWA"
8624,2,legitimate-optot,32979,CON-COM-2003-96,3,"ABDULLAHI AHMAD"
8624,2,legitimate-optot,22323,CON-RES-1982-781,3,"HAJIYA MAIRO MUHAMMED"
51843,2,violation-same-parcel,194735,RES-2008-4514,2,"NASIR SAID ADAHAMA"
51843,2,violation-same-parcel,194741,KN3017,KANGIS,"NASIRU ADAHAMA SAID"
48542,2,legitimate-optot,184195,RES-2001-943,2,"IBRAHIM BABANGARI"
48542,2,legitimate-optot,184235,"MLKN 1924_2",KANGIS,"IBRAHIM BABANGARI"
174445,2,violation-linked,194206,CON-RES-2001-303,3,"ALH HAMISU MUSA"
174445,2,violation-linked,194207,"KNML 547",KANGIS,"ALH HAMISU MUSA"
140698,2,review-district-mismatch,162729,"MLKN 27",KANGIS,"SANYO AGRICULTURAL NIG. LTD"
140698,2,review-district-mismatch,22671,CON-AG-1996-17,3,"SANYO AGRICULTURAL NIG. LTD"
157744,2,violation-linked,181867,CON-RES-2013-494,3,"YAHAYA YAKUBU"
157744,2,violation-linked,181871,"KNML 1990",KANGIS,"YAHAYA YAKUBU"
123953,2,violation-linked,167456,"KNML 6992",KANGIS,"ABDULLAHI ALIYU MOHAMMED"
123953,2,violation-linked,144783,CON-COM-2023-197,3,"ABDULLAHI ALIYU MOHAMMED"
161350,2,violation-linked,184784,CON-RES-2006-420,3,"HAJIYA LAMI MUSTAPHA"
161350,2,violation-linked,184786,"KNML 1901",KANGIS,"HAJIYA LAMI MUSTAPHA"
162192,2,violation-linked,185556,CON-RES-2009-11,3,"OLA BABALOLA"
162192,2,violation-linked,185566,"KNML 4851",KANGIS,"OLA BABALOLA"
169393,2,violation-same-parcel,191237,CON-RES-2012-139,3,"ALH IDRIS H. ZUBAIRU"
169393,2,violation-same-parcel,191248,"KNML 1212",KANGIS,"ALH IDRIS H. ZUBAIRU"
147313,2,violation-same-parcel,170390,RES-2001-3253,2,"GALADIMA K/WAIKA"
147313,2,violation-same-parcel,170420,"KNML 9278",KANGIS,"GALADIMA K/WAIKA"
8718,2,legitimate-optot,32823,CON-COM-2005-77,3,"ALHAJI MAGAJI BELLO"
8718,2,legitimate-optot,22417,RES-1992-6454,2,"ALHAJI ABBA SHERIFF"
150222,2,legitimate-optot,173557,RES-2010-2891,2,"SHASUDDEEN MANSUR"
150222,2,legitimate-optot,173570,KN2972,KANGIS,"SHAMSUDDEEN MANSUR"
171622,2,collision,192140,CON-RES-2023-7380,3,"FAIZU MUHAMMAD GALADIMA"
171622,2,collision,192152,KN4585,KANGIS,"MURTALA ABDULLAHI JEGA"
104610,2,violation-linked,170132,CON-AG-2021-156,3,"ALHAJI LAWAN ABDULRAHMAN"
104610,2,violation-linked,170141,KN3674,KANGIS,"ALHAJI LAWAN ABDULRAHMAN"
162401,2,violation-linked,185703,CON-COM-2015-281,3,"NASNUR COMMERCIAL WAREHOUSE"
162401,2,violation-linked,185711,"MLKN 1641",KANGIS,"NASNUR COMMERCIAL WAREHOUSE"
35433,2,legitimate-optot,169252,RES-1990-2620,1,"KABIR YUSUF BAKORI"
35433,2,legitimate-optot,169294,KN3296,KANGIS,"KABIR YUSUF BAKORI"
34937,2,legitimate-optot,185351,RES-1990-1481,1,"AUWALU ISA"
34937,2,legitimate-optot,185352,"KNML 1506",KANGIS,"AUWALU ISA"
176370,2,violation-linked,195561,CON-COM-2016-93,3,"AJJUS MTF PETROLEUM NIG. LTD"
176370,2,violation-linked,195562,"MLKN 2820",KANGIS,"AJJUS MTF PETROLEUM NIG. LTD"
46530,2,legitimate-optot,179980,RES-2000-157,2,"AHMED GAMBO FAGGE"
46530,2,legitimate-optot,179991,"KNML 1468",KANGIS,"AHMED GAMBO FAGGE"
534,2,legitimate-optot,177969,COM-1982-36,1,"ALH. SANI DANGOTE"
534,2,legitimate-optot,14191,CON-RES-1981-217,3,"ALHAJI AWAISU AHMED"
18263,2,legitimate-optot,18742,CON-RES-RC-1982-536,3,"ALHAJI MUSA MOHAMMED M."
18263,2,legitimate-optot,32067,CON-RES-RC-1982-417,3,"ALHAJI ALI KOTE"
178354,2,legitimate-optot,197055,RES-2021-2402,2,"YAKUBU DANTANI"
178354,2,legitimate-optot,197086,"KNML 8523",KANGIS,"YAKUBU DANTANI"
158025,2,violation-same-parcel,182073,"KNML 1708",KANGIS,"DAN-ASABE ABDULLAHI"
158025,2,violation-same-parcel,192969,RES-2009-2429,2,"MAL ALI GARBA"
168229,2,collision,190375,CON-RES-2023-7856,3,"MURTALA ABDULLAHI JEGA"
168229,2,collision,190499,KN5251,KANGIS,"MURTALA ABDULLAHI JEGA"
156470,2,violation-linked,180855,CON-RES-2018-400,3,"MR SAMSON OLUGBEMI OLAOGUN"
156470,2,violation-linked,180872,"KNML 7697",KANGIS,"MR SAMSON OLUGBEMI OLAOGUN"
12850,2,legitimate-optot,26622,RES-1982-2117,1,"ALH. MUKTAR A. MAHMUD"
12850,2,legitimate-optot,30809,CON-RES-1987-1294,3,"BALARABE ILIYASU"
60393,2,collision,172291,RES-2020-1548,2,"ABDULLAHI IBRAHIM"
60393,2,collision,186523,RES-2007-826,2,"ALH AMINU ALHASSAN DANTATA"
159173,2,legitimate-optot,182926,RES-2020-1767,2,"AHMAD SALISU BEBEJI"
159173,2,legitimate-optot,182964,"KNML 8276",KANGIS,"AHMAD SALISU BEBEJI"
13639,2,legitimate-optot,27413,RES-1990-2174,1,"ALH MUHAMMAD ZAKARI"
13639,2,legitimate-optot,24031,CON-RES-1989-442,3,"MUSTAPHA SULE BALARABE"
179395,2,violation-linked,197908,CON-AG-2007-40,3,"SANI AMINU"
179395,2,violation-linked,197934,KN1779,KANGIS,"SANI AMINU"
162339,2,legitimate-optot,185659,RES-2011-592,2,"A MAGAJI MOHAMMED WARURE"
162339,2,legitimate-optot,185660,"KNML 1516",KANGIS,"A MAGAJI MOHAMMED WARURE"
168097,2,review-district-mismatch,190257,CON-RES-2014-348,3,"GAMBO HALLIRU GAYA"
168097,2,review-district-mismatch,190265,"KNML 2466",KANGIS,"GAMBO HALLIRU GAYA"
135387,2,review-district-mismatch,171994,RES-2003-3621,2,"M. ABDULLAHI MAI PANTI"
135387,2,review-district-mismatch,157177,"KNML 1002",KANGIS,"LABARAN ADO ABDULLAHI"
163181,2,legitimate-optot,186316,RES-2011-591,2,"HASHIM ABDULLAHI AYAGI"
163181,2,legitimate-optot,186323,"KNML 1525",KANGIS,"HASHIM ABDULLAHI AYAGI"
24961,2,legitimate-optot,193850,RES-RC-1981-93,1,"ALH. MOHAMMED LAWAL NA-ALLAH"
24961,2,legitimate-optot,112053,"KNML 1352",KANGIS,"ALHAJI MOHAMMED LAWAL NA-ALLAH"
171736,2,violation-linked,192258,CON-AG-2012-17,3,"KANO FASHION CITY"
171736,2,violation-linked,192294,"MLKN 990",KANGIS,"KANO FASHION CITY"
63744,2,legitimate-optot,173290,RES-2025-3840,2,"SALIHU BADAMASI ABDULLAHI"
63744,2,legitimate-optot,173320,KN4833,KANGIS,"SALIHU BADAMASI ABDULLAHI"
162189,2,legitimate-optot,185553,RES-2017-1170,2,"SHITU ISAH"
162189,2,legitimate-optot,185568,"KNML 9196",KANGIS,"SHITU ISAH"
35931,2,legitimate-optot,187252,RES-1990-4302,1,"HUSSAINI KANKAROFI MUHAMMAD"
35931,2,legitimate-optot,187255,"KNML 2866",KANGIS,"HUSSAINI KANKAROFI MUHAMMAD"
171030,2,violation-linked,191754,CON-RES-2011-250,3,"RABI'U ABDULLAHI"
171030,2,violation-linked,191769,"KNML 2408",KANGIS,"RABI'U ABDULLAHI"
8690,2,legitimate-optot,32820,CON-COM-2005-27,3,"MR. ERIC E. UKEJEH"
8690,2,legitimate-optot,22389,RES-1992-6400,2,"MALAMA LAMI GARBA"
44440,2,legitimate-optot,190727,RES-1995-880,2,"AHMAD MUHAMMAD NASIR"
44440,2,legitimate-optot,190733,"KNML 8761",KANGIS,"AHMAD MUHAMMAD NASIR"
173711,2,violation-linked,193738,CON-RES-2012-151,3,"ABDUSSALAM MUHAMMAD DAL"
173711,2,violation-linked,193739,"KNML 519",KANGIS,"ABDUSSALAM MUHAMMAD DAL"
7178,2,legitimate-optot,18302,CON-AG-1985-131,3,"ABDULLAHI UMAR"
7178,2,legitimate-optot,20865,RES-1992-3334,2,"DR FRANCIS JOSEPH BELGA"
115278,2,review-district-mismatch,35086,CON-COM-2013-148,3,"MUHANNED ZANGINA MAJE"
115278,2,review-district-mismatch,134510,"MLKN 1038",KANGIS,"MUHAMMED ZANGINA MAJE"
169225,2,violation-same-parcel,191122,CON-RES-2017-342,3,"ALH. ALI YUSUF"
169225,2,violation-same-parcel,191127,"KNML 5379",KANGIS,"ALH. ALI YUSUF"
168041,2,violation-same-parcel,190200,RES-1994-88,2,"AMINU USMAN"
168041,2,violation-same-parcel,190210,"KNML 6984",KANGIS,"AMINU USMAN"
175069,2,violation-linked,194646,CON-COM-2009-329,3,"DR. SANI ALHASSAN"
175069,2,violation-linked,194653,KN4423,KANGIS,"DR. SANI ALHASSAN"
167526,2,violation-same-parcel,189801,CON-RES-2020-291,3,"MRS. GRACE OLUBUNMI FEHINTOLA"
167526,2,violation-same-parcel,189819,KN4291,KANGIS,"MRS. GRACE OLUBUNMI FEHINTOLA"
150646,2,review-district-mismatch,173922,"MLKN 2194",KANGIS,"MOHAMMED ABDULLAHI"
150646,2,review-district-mismatch,173954,COM-2019-11,1,"MOHAMMED ABDULLAHI"
60803,2,violation-same-parcel,174060,RES-2021-2860,2,"ALH. UMAR ADAMU DAHO"
60803,2,violation-same-parcel,174075,KN4633,KANGIS,"ALH. UMAR ADAMU DAHO"
176318,2,violation-same-parcel,195467,RES-2004-721,2,"TANIMU .Y. ISAH"
176318,2,violation-same-parcel,195470,"KNML 1538",KANGIS,"AHMAD T SALISU BARAU"
157066,2,violation-linked,181404,"MLKN 668",KANGIS,"IBRAHIM ZAKARI"
157066,2,violation-linked,181358,CON-COM-2010-133,3,"IBRAHIM ZAKARI"
157675,2,legitimate-optot,181807,RES-2015-7874,2,"MUBARAK ABDULLAHI UMAR"
157675,2,legitimate-optot,181813,KN4268,KANGIS,"MUBARAK ABDULLAHI UMAR"
14514,2,legitimate-optot,17531,CON-RES-1994-69,3,"ALHAJI ABDU MAIKUDI BICHI"
14514,2,legitimate-optot,28301,RES-1994-1953,2,"ALH UMARU ABDULLAHI"
6844,2,legitimate-optot,20528,RES-1982-1705,1,"ALH GARBA SA'IDU"
6844,2,legitimate-optot,16767,CON-AG-1981-43,3,"ALHAJI ABDU MUSA"
11435,2,legitimate-optot,25139,CON-RES-1982-1107,3,"MOHAMMED SALISU"
11435,2,legitimate-optot,23621,CON-RES-1982-289,3,"ALHAJI MANYA AHMED"
9091,2,review-district-mismatch,22792,CON-RES-1995-207,3,"ALHAJI SABI'U ABDU"
9091,2,review-district-mismatch,35446,CON-COM-2009-349,3,"ALHAJI AMIR SALE KABIR"
64895,2,legitimate-optot,182054,RES-RC-1981-317,1,"DAU ADAMU ALIYU"
64895,2,legitimate-optot,182062,"KNML 1994",KANGIS,"DAU ADAMU ALIYU"
169451,2,collision,191291,DCIV-2025-97,,"INVESTIGATION ACTIVITIES"
169451,2,collision,191309,SLTR-211396,SLTR,"IBRAHIM MUSTAPHA SANI"
1181,2,legitimate-optot,185203,LPCC-2022-285,DCIV,"M.A BULAMA & CO"
1181,2,legitimate-optot,14842,RES-1981-591,1,"ALHAJI MUHAMMADU DAN MADAMI"
14633,2,review-district-mismatch,160613,"KNML 2083",KANGIS,"ALHAJI MASHOOD RAJI"
14633,2,review-district-mismatch,20697,CON-RES-1995-402,3,"ALHAJI MASHOOD RAJI"
147821,2,legitimate-optot,171028,RES-2022-632,2,"GONI SALISU TALBA"
147821,2,legitimate-optot,171036,KN4851,KANGIS,"GONI SALISU TALBA"
45181,2,legitimate-optot,170130,RES-1997-1172,2,"TAHIR GUEST PALACE"
45181,2,legitimate-optot,170159,KN3533,KANGIS,"TAHIR GUEST PALACE LTD"
137239,2,review-district-mismatch,158726,"KNML 1294",KANGIS,"SULAIMAN HARUNA"
137239,2,review-district-mismatch,35655,CON-RES-1991-170,3,"ALHAJI BILYAMINU ABDULLAHI"
46159,2,legitimate-optot,198492,RES-1999-1227,2,"ATIKU YARO YUSUF"
46159,2,legitimate-optot,198608,"MLKN 2068",KANGIS,"MUHAMMAD HADI ABDULMUNAFI"
170976,2,violation-same-parcel,191707,COM-2016-70,1,"ABDULLAHI ALFA"
170976,2,violation-same-parcel,191730,"MLKN 1956",KANGIS,"ABDULLAHI ALFA"
32465,2,legitimate-optot,184618,RES-1987-250,1,"ALHAJI ISYAKU UMAR TOFA"
32465,2,legitimate-optot,184643,"KNML 1738",KANGIS,"ALHAJI ISYAKU UMAR TOFA"
14518,2,legitimate-optot,28305,RES-1994-1959,2,"TIJJANI HALILU"
14518,2,legitimate-optot,17511,CON-RES-1994-70,3,"ALHAJI ABDU MAIKUDI BICHI"
18165,2,review-district-mismatch,31969,CON-RES-1982-1318,3,"ALHAJI UBA ABBAS"
18165,2,review-district-mismatch,20391,CON-RES-RC-1982-439,3,"ALHAJI AHMAD TUKUR GWARZO"
165214,2,violation-same-parcel,188003,CON-RES-2012-351,3,"ALH YAKUBU SHU'AIBU"
165214,2,violation-same-parcel,188015,"KNML 2444",KANGIS,"ALH YAKUBU SHU'AIBU"
64888,2,legitimate-optot,172906,RES-RC-1981-310,1,"MOHAMMED SANI SHARIFF"
64888,2,legitimate-optot,172937,KN4676,KANGIS,"MOHAMMED SANI SHARIFF"
8039,2,legitimate-optot,21733,CON-RES-RC-1982-130,3,"GULU POULTRY AND LIVE STOCK"
8039,2,legitimate-optot,15873,CON-COM-1987-117,3,"ALH GARBA SHANONO"
14753,2,review-district-mismatch,28542,RES-1993-1161,2,"MALLAM SAIDU ADAMU"
14753,2,review-district-mismatch,37138,CON-RES-1996-351,3,"ALHAJI ALI IBRAHIM DANZABUWA"
6006,2,legitimate-optot,19683,RES-1992-2807,2,"MAGAJI ISAH"
6006,2,legitimate-optot,171422,COM-RC-1982-257,1,"ALH. MUHAMMAD SANI."
46338,2,legitimate-optot,180789,RES-1999-879,2,"DR SANDA MOHAMMED"
46338,2,legitimate-optot,180816,"KNML 1495",KANGIS,"DR SANDA MOHAMMED"
176371,2,violation-same-parcel,195565,CON-RES-2014-333,3,"NAZIFI IDRIS GARBA"
176371,2,violation-same-parcel,195566,"KNML 3565",KANGIS,"NAZIFI IDRIS GARBA"
163886,2,violation-same-parcel,186821,CON-COM-2023-408,3,"EDEH OSMONO"
163886,2,violation-same-parcel,186916,KN3996,KANGIS,"EDEH OSMOND"
34872,2,legitimate-optot,191630,RES-1990-1263,1,"ALH SANUSI ADAMU"
34872,2,legitimate-optot,191667,"KNML 2486",KANGIS,"SANUSI ADAMU ALHAJI"
161907,2,violation-same-parcel,185300,RES-2018-2896,2,"SENATOR BELLO HAYATU GWARZO"
161907,2,violation-same-parcel,185321,"KNGP 260",KANGIS,"SENATOR BELLO HAYATU GWARZO"
171056,2,violation-same-parcel,191770,RES-2011-3434,2,"DANJUMA ADAMU MOHAMMED"
171056,2,violation-same-parcel,191773,"KNML 2496",KANGIS,"DANJUMA ADAMU MOHAMMED"
66790,2,legitimate-optot,198554,RES-RC-1982-999,1,"MARYAM ABUBAKAR BALLA"
66790,2,legitimate-optot,198560,"KNML 564",KANGIS,"MARYAM ABUBAKAR BALLA"
2304,2,legitimate-optot,184030,COM-2002-1280,1,"ALH JAMILU SALISU SARKI"
2304,2,legitimate-optot,15972,RES-1981-1610,1,"ALH KABIRU ABUBAKAR"
40574,2,violation-same-parcel,173423,RES-1992-6960,2,"ABUBAKAR ABDULLAHI ALIYU"
40574,2,violation-same-parcel,173448,KN4316,KANGIS,"ABUBAKAR ABDULLAHI ALIYU"
15550,2,legitimate-optot,34821,CON-RES-2005-21,3,"MANIRU IBRAHIM"
15550,2,legitimate-optot,29348,CON-RES-1985-382,3,"MRS FELICIA L I"
13188,2,review-district-mismatch,26961,RES-1991-300,1,"ABDULLAHI ALH. BALA"
13188,2,review-district-mismatch,30894,CON-RES-1987-750,3,"ALHAJI MOHAMMED NAGANGARE"
6451,2,legitimate-optot,173135,COM-RC-1985-31,1,"UMAR ENGR DAHIRU DAWAKI"
6451,2,legitimate-optot,20134,CON-AG-1986-44,3,"ABDULLAHI LIVESTOCK & ARABLE FARM"
170677,2,violation-same-parcel,191449,RES-2008-5301,2,"ZUWAIRA ZAKARI YA'U"
170677,2,violation-same-parcel,191451,"KNML 1622",KANGIS,"ZUWAIRA ZAKARI YA'U"
18610,2,legitimate-optot,32415,CON-RES-RC-1982-83,3,"MR JAMES E.I ABBAH"
18610,2,legitimate-optot,25723,CON-RES-RC-1986-22,3,"ALHAJI UMARU PITI SHESHE"
14764,2,legitimate-optot,28553,RES-1993-1219,2,"ALHAJI SULAIMAN ADO MOHD"
14764,2,legitimate-optot,37146,CON-RES-1996-571,3,"ADO SAMBO"
54006,2,legitimate-optot,194214,RES-2012-2468,2,"IBRAHIM ISYAKU NA'ABBA"
54006,2,legitimate-optot,194233,"KNML 7038",KANGIS,"IBRAHIM ISYAKU NA'ABBA"
14914,2,legitimate-optot,28705,RES-1993-1884,2,"ALHAJI ALIMOHD MAGASHI"
14914,2,legitimate-optot,38462,CON-RES-1998-264,3,"ADAMU ALI"
178551,2,violation-same-parcel,197237,CON-RES-2020-35,3,"ABBA MAMMAN TOR HABIB"
178551,2,violation-same-parcel,197240,KN2810,KANGIS,"ABBA MAMMAN TOR HABIB"
151802,2,legitimate-optot,175042,RES-2020-540,2,"DR ABDULLAHI GAMBO"
151802,2,legitimate-optot,175044,KN3568,KANGIS,"DR ABDULLAHI GAMBO"
43327,2,legitimate-optot,177853,RES-1995-1410,2,"LAWAN SAYYADI"
43327,2,legitimate-optot,177854,"KNML 44",KANGIS,"LAWAN SAYYADI"
177824,2,violation-same-parcel,196709,CON-COM-2024-654,3,"EMMANUEL CHIJIOKE"
177824,2,violation-same-parcel,196719,KN3303,KANGIS,"EMMANUEL CHIJIOKE"
158868,2,violation-same-parcel,182705,CON-COM-2014-234,3,"UMAR HAMZA"
158868,2,violation-same-parcel,182717,"MLKN 679",KANGIS,"ALH ALI MUHAMMAD"
45807,2,legitimate-optot,189605,RES-1998-1167,2,"SAGIR ALHASSAN"
45807,2,legitimate-optot,189616,"KNML 1934",KANGIS,"SAGIR ALHASSAN"
29107,2,legitimate-optot,190309,RES-1982-47,1,"SULEIMAN ZANGINA"
29107,2,legitimate-optot,190314,"KNML 2476",KANGIS,"SULEIMAN ZANGINA"
176977,2,legitimate-optot,196051,COM-2024-665,1,"DAHIRU SAIDU"
176977,2,legitimate-optot,196053,KN954,KANGIS,"DAHIRU SAIDU"
4704,2,legitimate-optot,18379,RES-1992-5379,2,"SULAIMAN USMAN"
4704,2,legitimate-optot,128498,"MLKN 2937",KANGIS,"JAMILU ALI BALA GENERAL ENTERPRISESE"
13659,2,legitimate-optot,26160,CON-RES-1989-488,3,"MALLAM INUSA MOHAMMED"
13659,2,legitimate-optot,27433,RES-1990-2404,1,"AMANA INTERNATIONAL SCHOOL"
1020,2,legitimate-optot,14681,RES-1992-992,2,"ALH MUKTAR YARI ABUBAKAR"
1020,2,legitimate-optot,178427,COM-1990-33,1,"ALH. SHARIFF A. IBRAHIM"
173513,2,legitimate-optot,193585,RES-2012-3297,2,"MUHAMMAD IBRAHIM"
173513,2,legitimate-optot,193601,"KNML 1327_2",KANGIS,"RABI'A M. GARBA"
176028,2,violation-linked,195249,CON-IND-2022-53,3,"ABUBAKAR AHMED ZIMIT"
176028,2,violation-linked,195268,"MLKN 4465",KANGIS,"ABUBAKAR AHMED ZIMIT"
18534,2,review-district-mismatch,32339,CON-RES-1987-825,3,"MR EMMANUEL CHIKE AKANNAM"
18534,2,review-district-mismatch,29250,CON-RES-RC-1984-24,3,"ALHAJI ADAMU JIBRIN"
52009,2,legitimate-optot,189821,RES-2009-1212,2,"IBRAHIM USMAN AUYO"
52009,2,legitimate-optot,189825,"KNML 2424",KANGIS,"IBRAHIM USMAN AUYO"
178238,2,violation-linked,196962,RES-2017-819,2,"SAGIR AHMAD MUHAMMAD"
178238,2,violation-linked,197015,KN3610,KANGIS,"SAGIR AHMAD MUHAMMAD"
166039,2,violation-same-parcel,189049,KN4104,KANGIS,"NAZIRU MUKHTAR MUSA"
166039,2,violation-same-parcel,188751,CON-RES-2025-1324,3,"NAZIRU MUKHTAR MUSA"
17545,2,violation-same-parcel,179986,KN5210,KANGIS,"MURTALA ABDULLAHI JEGA"
17545,2,violation-same-parcel,31348,CON-RES-1995-556,3,"ALHAJI ASHIRU SALISU ABDULJALALI"
161864,2,violation-same-parcel,185251,RES-2022-1837,2,"DR ALI MUSTAPHA KURAYSH"
161864,2,violation-same-parcel,185273,KN1071,KANGIS,"DR ALI MUSTAPHA KURAYSH"
159291,2,violation-same-parcel,183023,COM-2019-111,1,"WADA ABDULLAHI KACHAKO"
159291,2,violation-same-parcel,183030,"MLKN 2755",KANGIS,"WADA ABDULLAHI KACHAKO"
42758,2,legitimate-optot,186253,RES-1994-2257,2,"BABA NASIRU LAWAL"
42758,2,legitimate-optot,186268,"KNML 256",KANGIS,"BABA NASIRU LAWAL"
171949,2,violation-same-parcel,192474,CON-RES-2023-7381,3,"FAIZU MUHAMMAD GALADIMA"
171949,2,violation-same-parcel,192492,KN4584,KANGIS,"MURTALA ABDULLAHI JEGA"
11067,2,legitimate-optot,190750,CON-RES-1982-102,3,"ALH. TASI'U IBRAHIM"
11067,2,legitimate-optot,24771,CON-RES-1985-583,3,"EZE GABRIEL EMELOGU"
7168,2,legitimate-optot,20855,RES-1992-3304,2,"MRS INVESTMENT CO. LTDS"
7168,2,legitimate-optot,15582,CON-AG-1984-7,3,"MOHAMMED BANNAI IBRAHIM"
44107,2,legitimate-optot,180366,RES-1995-3081,2,"GAMBO M SHAMSUDEEN"
44107,2,legitimate-optot,180398,"KNML 1478",KANGIS,"ZAINAB MUHD ABDULLAHI"
48476,2,violation-same-parcel,180323,RES-2001-5712,2,"SA'AD SHITU SHARUBUTU"
48476,2,violation-same-parcel,180336,"KNML 1480",KANGIS,"SA'AD SHITU SHARUBUTU"
177547,2,violation-same-parcel,196535,CON-RES-2017-70,3,"HASSANA SADIQ"
177547,2,violation-same-parcel,196546,"KNML 4706",KANGIS,"HASSANA SADIQ"
104494,2,violation-linked,169459,CON-RES-2022-385,3,"SUNUSI ABDULLAHI KUK"
104494,2,violation-linked,169464,KN4704,KANGIS,"SUNUSI ABDULLAHI KUK"
19413,2,legitimate-optot,33218,CON-COM-1994-81,3,"ALH MAMMADA YAKUBU"
19413,2,legitimate-optot,177661,IND-RC-1982-154,1,"CATHOLIC CHURCH KANO"
49102,2,legitimate-optot,192044,RES-2002-4044,2,"DANIEL KENNEDY"
49102,2,legitimate-optot,192050,"KNML 4490",KANGIS,"JOHN OGOCHUKWU ONWUKWALU UFONDU"
29181,2,violation-same-parcel,160289,KN2968,KANGIS,"IBRAHIM ABDULLAHI HARUNA"
29181,2,violation-same-parcel,19321,RES-1982-568,1,"IBRAHIM ABDULLAHI HARUNA"
14717,2,legitimate-optot,28505,RES-1993-1046,2,"SULE KAFINTA"
14717,2,legitimate-optot,36546,CON-RES-1996-195,3,"HAJIYA AISHATU ABBAS SUNUSI"
56310,2,legitimate-optot,178732,RES-2016-1116,2,"IBRAHIM MUHAMMAD"
56310,2,legitimate-optot,178749,KN2631,KANGIS,"IBRAHIM MUHAMMAD"
168077,2,violation-same-parcel,190238,CON-RES-2023-7383,3,"FAIZU MUHAMMAD GALADIMA"
168077,2,violation-same-parcel,190261,KN4573,KANGIS,"MURTALA ABDULLAHI JEGA"
32546,2,legitimate-optot,168215,RES-1987-302,1,"ABOOU NOUHU"
32546,2,legitimate-optot,168231,"KNML 5238",KANGIS,"ABOOU NOUHU"
165227,2,review-district-mismatch,188021,RES-2015-2867,2,"HON. JUSTICE AMINA A ALIYU"
165227,2,review-district-mismatch,188029,"KNML 2883",KANGIS,"HON. JUSTICE AMINA A ALIYU"
104649,2,violation-linked,168843,CON-COM-2024-397,3,"SANUSI ABDULKADIR DANTATA"
104649,2,violation-linked,168869,KN5352,KANGIS,"SANUSI ABDULKADIR DANTATA"
7036,2,review-district-mismatch,20722,CON-RES-1995-229,3,"ALHAJI LABARAN AHMED"
7036,2,review-district-mismatch,16476,CON-AG-1982-555,3,"DAMBATTA NIGERIA LIMITED"
179787,2,violation-linked,198257,CON-COM-2021-27,3,"ABDULKARIM MUSA"
179787,2,violation-linked,198288,"MLKN 4337",KANGIS,"ABDULKARIM MUSA"
168109,2,violation-same-parcel,190274,CON-RES-2017-81,3,"ALI ISAH JITA"
168109,2,violation-same-parcel,190285,"KNML 4720",KANGIS,"ALI ISAH JITA"
55542,2,legitimate-optot,181702,RES-2015-4911,2,"YUSUF MAITAMA ABUBAKAR"
55542,2,legitimate-optot,181728,"KNML 3891",KANGIS,"YUSUF MAITAMA ABUBAKAR"
163157,2,violation-linked,186290,CON-AG-2022-131,3,"ALIYU IBRAHIM GAYA"
163157,2,violation-linked,186296,KN3951,KANGIS,"ALIYU IBRAHIM GAYA"
157706,2,violation-same-parcel,181833,RES-2010-4246,2,"WAKEEL IMAM"
157706,2,violation-same-parcel,181841,"KNML 1989",KANGIS,"WAKEEL IMAM"
160702,2,violation-same-parcel,184173,SLTR-75349,SLTR,"HAYATUDEEN AMINU"
160702,2,violation-same-parcel,184238,KN5509,KANGIS,"HAYATUDEEN AMINU"
18613,2,legitimate-optot,22681,CON-RES-RC-1986-5,3,"UMARU DANKURA ADAMU"
18613,2,legitimate-optot,32418,CON-RES-RC-1982-160,3,"ABDU MANAGER"
27174,2,violation-same-parcel,168208,RES-1981-1781,1,"SADI BAATURE ABDUL-AZIZ"
27174,2,violation-same-parcel,168253,"KNML 7628",KANGIS,"SADI BATURE ABDULAZIZ."
25000,2,legitimate-optot,167373,"KNML 1396",KANGIS,"HAJ MARIYA SUNUSI DANTATA"
25000,2,legitimate-optot,195044,RES-1995-2726,2,"HAJIA M,ARIYA SUNUSI DANTATA"
172899,2,legitimate-optot,193209,RES-2021-1224,2,"IBRAHIM BALA"
172899,2,legitimate-optot,193214,KN2366,KANGIS,"ABDULLAHI SANI USMAN"
12250,2,legitimate-optot,25104,CON-RES-1984-499,3,"MRS FATIMA N OGBORI"
12250,2,legitimate-optot,25955,CON-IND-1982-3,3,"ALHAJI ILIYASU YANKABA"
25521,2,review-district-mismatch,47462,CON-RES-2008-455,3,"ALHAJI USMAN IBRAHIM"
25521,2,review-district-mismatch,89041,"MLKN 101",KANGIS,"SAFARI INTERNATIONAL SCHOOL"
177792,2,legitimate-optot,196685,COM-2022-126,1,"NASIRU MUHD DANFARANSHI"
177792,2,legitimate-optot,196701,"MLKN 4470",KANGIS,"NASIRU MUHD DANFARANSHI"
171287,2,violation-linked,191924,CON-RES-2012-292,3,"ABBA SALISU KURAWA"
171287,2,violation-linked,191948,"KNML 5842",KANGIS,"ABBA SALISU KURAWA"
178699,2,violation-linked,197332,CON-RES-2015-65,3,"NU'UMAN BARA'U DANBATTA"
178699,2,violation-linked,197347,"KNML 6067",KANGIS,"NU'UMAN BARAU DANBATTA"
119952,2,violation-linked,174941,CON-AG-2022-11,3,"ALHAJI LAWAN ZAKARI"
119952,2,violation-linked,174955,KN2671,KANGIS,"ALHAJI LAWAN ZAKARI"
13264,2,legitimate-optot,24576,CON-RES-1987-898,3,"ALHAJI DANJUMA TELA"
13264,2,legitimate-optot,27037,RES-1982-2228,1,"AUWALU ZUBAIRU DAN GORA"
13520,2,legitimate-optot,24300,CON-RES-1988-807,3,"DR ADAMU ESIMAJE OYOWE (DOCTOR'S CLINIC)"
13520,2,legitimate-optot,27294,RES-1991-536,1,"ALH ALHASSAN A.S. DANTATA"
155111,2,legitimate-optot,179430,RES-2014-1605,2,"IBRAHIM ABUBAKAR"
155111,2,legitimate-optot,179454,KN4417,KANGIS,"IBRAHIM ABUBAKAR"
15679,2,violation-same-parcel,29478,CON-COM-1983-5,3,"ALHAJI ABDULKADIR MOHAMMED"
15679,2,violation-same-parcel,198703,CON-RES-2006-267,3,"ENGR. SAGIR IBRAHIM KOKI"
7173,2,legitimate-optot,20860,RES-1992-3326,2,"ABDULKADIR BALA ISA"
7173,2,legitimate-optot,30417,CON-AG-1985-106,3,"DOCTOR ISA HASHIM"
171577,2,violation-linked,192108,CON-COM-2018-250,3,"ALH ADAMU SHU'AIBU"
171577,2,violation-linked,192114,"MLKN 2775",KANGIS,"ALH ADAMU SHU'AIBU"
14370,2,legitimate-optot,29844,CON-RES-1994-267,3,"ALHAJI HAMIDU MAIWAKE"
14370,2,legitimate-optot,28157,RES-1993-2123,2,"TIJJANI BABA"
12855,2,legitimate-optot,30815,CON-RES-1987-130,3,"FRIDAY NDUBUISI MPAMAUGO"
12855,2,legitimate-optot,26627,RES-1982-2105,1,"MUSTAPHA MUHAMMAD"
66376,2,legitimate-optot,188118,RES-RC-1982-603,1,"ALH IBRAHIM YAKUBU"
66376,2,legitimate-optot,188172,"KNML 2445",KANGIS,"SA'IDU ISMA'IL"
159767,2,violation-same-parcel,183378,SLTR-221410,,"MAHMUD HAFIZ"
159767,2,violation-same-parcel,183388,KN5593,KANGIS,"MAHMUD HAFIZ"
14737,2,legitimate-optot,36654,CON-RES-1996-256,3,"ALHAJI BABA NABEGU"
14737,2,legitimate-optot,28525,RES-1993-1147,2,"ALHAJI ABDULKARIM DAN AZUMI"
13199,2,legitimate-optot,33757,CON-RES-1987-775,3,"ALHAJI BABA NABEGU"
13199,2,legitimate-optot,26972,CON-RES-RC-1982-575,3,"ALHAJI ALI MOHAMMAD KASHINGI BOLARI"
63322,2,review-district-mismatch,195073,RES-2025-171,2,"AHMAD AMINU DAWAKI"
63322,2,review-district-mismatch,195085,KN2765,KANGIS,"AHMAD AMINU DAWAKI"
13550,2,legitimate-optot,27324,RES-1990-1821,1,"ALHAJI SANI ABUBAKAR"
13550,2,legitimate-optot,29768,CON-RES-1989-145,3,"ALHAJI YUSUF ABDU"
165390,2,violation-same-parcel,188179,RES-2004-426,2,"YAZEED IBRAHIM GAYA"
165390,2,violation-same-parcel,188183,"KNML 2900",KANGIS,"YAZEED IBRAHIM GAYA"
172867,2,violation-linked,193191,CON-IND-2023-34,3,"VIVA METAL & PLASTIC INDUSTRY LTD"
172867,2,violation-linked,193194,KN3459,KANGIS,"VIVA METAL & PLASTIC INDUSTRY LTD"
6158,2,legitimate-optot,19836,CON-RES-RC-1982-206,3,"ALHAJI SANI DAHIRU"
6158,2,legitimate-optot,188224,COM-RC-1982-415,1,"ALHAJI SANI BABURA"
166767,2,violation-linked,189259,CON-COM-2018-228,3,"SHEHU WAKILI"
166767,2,violation-linked,189271,"MLKN 2771",KANGIS,"SHEHU WAKILI"
156396,2,legitimate-optot,181783,RES-2007-1857,2,"RUQAYYA MOHAMMED"
156396,2,legitimate-optot,180773,RES-2007-1856,2,"USMAN SANI HALADU"
12853,2,legitimate-optot,26625,RES-1982-2032,1,"DR. ABDULSALAM NASIDI"
12853,2,legitimate-optot,32232,CON-RES-1987-1299,3,"TSOHO MANZO AND JIBRIL DAN MANZO"
55086,2,legitimate-optot,193156,RES-2015-3449,2,"BASHIR TIJJANI ALIYU"
55086,2,legitimate-optot,193170,KN4265,KANGIS,"BASHIR TIJJANI ALIYU"
32324,2,legitimate-optot,182710,RES-1987-2104,1,"YUSUF BELLO SULEIMAN"
32324,2,legitimate-optot,182713,"KNML 1937",KANGIS,"YUSUF BELLO SULEIMAN"
24508,2,violation-linked,174696,CON-RES-2023-6607,3,"UYMEAGHADI  MMADUBUCHI SUNDAY"
24508,2,violation-linked,174717,KN4805,KANGIS,"UYMEAGHADI  MMADUBUCHI SUNDAY"
7731,2,review-district-mismatch,18538,CON-COM-1982-13,3,"ABUBAKAR Y. GARBA"
7731,2,review-district-mismatch,21422,RES-1992-4462,2,"NAMATA AUDU"
18183,2,legitimate-optot,31987,CON-RES-1982-211,3,"AMINU A. TAFIDA"
18183,2,legitimate-optot,21753,CON-RES-RC-1982-457,3,"ALHAJI GARBA MAGAJI"
145260,2,legitimate-optot,168171,RES-2013-283,2,"ALH IBRAHIM ADAMU AND ISYAKU"
145260,2,legitimate-optot,168172,"KNML 1592",KANGIS,"MUSTAPHA YAHAYA IBRAHIM"
3914,2,legitimate-optot,17588,RES-1982-1394,1,"ADO YAKUBU"
3914,2,legitimate-optot,127390,"MLKN 687",KANGIS,"FATIMA M. UMAR"
10965,2,review-district-mismatch,24669,CON-RES-1983-540,3,"HON LAWAN MUHAMMED"
10965,2,review-district-mismatch,15026,CON-RES-1981-51,3,"ALH IBRAHIM MOHD D"
157608,2,violation-same-parcel,181743,RES-2014-1627,2,"ALH YAKUBU AMINU"
157608,2,violation-same-parcel,181756,"KNML 1986",KANGIS,"YAKUBU AMINU"
159536,2,violation-same-parcel,183184,RES-2021-1526,2,"BARR HAMISU SANI"
159536,2,violation-same-parcel,183214,KN4721,KANGIS,"BARR HAMISU SANI"
136417,2,review-district-mismatch,158139,"KNML 1097",KANGIS,"BALA ABDULLAHI DUMA"
136417,2,review-district-mismatch,197625,RES-2009-6517,2,"GARBA TSOHO"
65217,2,legitimate-optot,172234,RES-RC-1982-1197,1,"MR FRANSCIS EMEKA"
65217,2,legitimate-optot,172244,KN3604,KANGIS,"MR FRANSCIS EMEKA"
56539,2,violation-same-parcel,175433,RES-2016-2087,2,"BUHARI ISA HUDU"
56539,2,violation-same-parcel,175458,KN3059,KANGIS,"BUHARI ISA HUDU"
8712,2,violation-linked,173668,CON-COM-2005-7,3,"MEATS ""R"" US LIMITED"
8712,2,violation-linked,173679,KN5014,KANGIS,"MEATS ""R"" US LIMITED"
40864,2,violation-same-parcel,157291,"KNML 1041",KANGIS,"ABDULLAHI ALI ZANGO"
40864,2,violation-same-parcel,14417,RES-1992-873,2,"ALH NA'ABBA ZAKARI"
13598,2,review-district-mismatch,27372,RES-1990-4216,1,"TIJJANI BABA"
13598,2,review-district-mismatch,23998,CON-RES-1989-3,3,"RAKIYA BABA ALI GONI"
164341,2,violation-same-parcel,187169,RES-2010-1019,2,"DAHIRU & MAL SHEHU"
164341,2,violation-same-parcel,187173,"KNML 1571",KANGIS,"ABDULHAYAT MUHAMMAD UMAR"
1305,2,legitimate-optot,171428,"MLKN 230_2",KANGIS,"SA'AD SHITU SHARUBUTU"
1305,2,legitimate-optot,14966,CON-RES-1981-113,3,"ALHAJI AUWALU ILU"
173933,2,violation-same-parcel,193872,CON-RES-2014-356,3,"IBRAHIM S AHMED"
173933,2,violation-same-parcel,193887,"KNML 1423",KANGIS,"IBRAHIM AHMED SULE"
55196,2,legitimate-optot,176317,RES-2015-3923,2,"AHMAD ABDULKARIN ALI"
55196,2,legitimate-optot,176325,KN3608,KANGIS,"AHMAD ABDULKARIN ALI"
32890,2,legitimate-optot,184648,RES-1987-964,1,"SADIYA ABDU BICHI"
32890,2,legitimate-optot,184655,"KNML 1911",KANGIS,"SADIYA ABDU BICHI"
178521,2,violation-same-parcel,197197,RES-2014-1377,2,"DR ABUBAKAR L YUSUF"
178521,2,violation-same-parcel,197210,"KNGP 29",KANGIS,"ABUBAKAR LABARAN YUSUF"
6184,2,legitimate-optot,127606,"MLKN 672",KANGIS,"AZMAN OIL & GAS LIMITED"
6184,2,legitimate-optot,19863,RES-1982-960,1,"TAJO OTHMAN"
152226,2,violation-linked,175548,CON-COM-2014-4,3,"SUYUDI ABDULLAHI BATURE"
152226,2,violation-linked,175555,"MLKN 510",KANGIS,"SUYUDI ABDULLAHI BATURE"
156500,2,violation-same-parcel,180890,RES-1992-2403,2,"DR SANDA MOHAMMED"
156500,2,violation-same-parcel,180896,"KNML 1496",KANGIS,"ABDULLAHI UMAR SANDA"
178742,2,violation-linked,197373,CON-COM-2022-719,3,"HON. MUHAMMAD HASSAN"
178742,2,violation-linked,197387,"MLKN 4570",KANGIS,"HON. MUHAMMAD HASSAN"
158478,2,violation-same-parcel,182426,RES-2021-618,2,"USMAN ALIYU GORA"
158478,2,violation-same-parcel,182445,KN3501,KANGIS,"USMAN ALIYU GORA"
133598,2,violation-same-parcel,155346,"KNML 1321",KANGIS,"RABIU ISAH AMINU"
133598,2,violation-same-parcel,189549,RES-2008-3801,2,"ABDULKADIR DAYYABU"
54488,2,legitimate-optot,181750,RES-2014-2694,2,"ALH. HASSAN MUSTAPHA"
54488,2,legitimate-optot,181770,"KNML 9632",KANGIS,"ALH. HASSAN MUSTAPHA"
53677,2,legitimate-optot,180599,RES-2010-593,2,"MR. FRANCIS SOPURUCHI WILLIAMS MBAH"
53677,2,legitimate-optot,180620,"KNML 7082",KANGIS,"MR. FRANCIS SOPURUCHI WILLIAMS MBAH"
154954,2,legitimate-optot,179303,RES-2018-2574,2,"ADAMU ABDULLAHI DANJUMMAI"
154954,2,legitimate-optot,179309,KN4480,KANGIS,"ADAMU ABDULLAHI DANJUMAI"
34354,2,legitimate-optot,170555,KN3066,KANGIS,"ABDULLAHI ABDU HO"
34354,2,legitimate-optot,170378,RES-1989-314,1,"ABDULLAHI ABDU HO"
155954,2,violation-same-parcel,180275,"KNML 1203",KANGIS,"IBRAHIM ISAH"
155954,2,violation-same-parcel,22436,RES-1992-6486,2,"BALA YUSUF"
148043,2,legitimate-optot,171290,RES-2022-6021,2,"SULEIMAN ABUBAKAR"
148043,2,legitimate-optot,171320,KN3404,KANGIS,"SULEIMAN ABUBAKAR"
13500,2,legitimate-optot,25917,CON-RES-1988-607,3,"ALHAJI MOHAMMADU ADAMU"
13500,2,legitimate-optot,27274,RES-1991-513,1,"MOHD GAMBO"
11458,2,review-district-mismatch,35266,CON-RES-1982-33,3,"HAJIYA SAFIYA ABUBAKAR"
11458,2,review-district-mismatch,25162,CON-RES-1982-1547,3,"ALHAJI BARAU ABUBAKAR"
6170,2,legitimate-optot,19848,CON-AG-1982-62,3,"HAMZAT MOHAMMED TURABU"
6170,2,legitimate-optot,179937,COM-RC-1982-428,1,"ALHAJI SHARU GAMBO,ALHAJI ABDULAZIZ,ALHAJI ALI MAIWAKE & ALH SANI ABDULLAHI"
157018,2,violation-same-parcel,181326,RES-1985-1013,1,"JUMMAI FATIMA MANSOOR"
157018,2,violation-same-parcel,181327,"KNML 1974",KANGIS,"JUMMAI FATIMA MANSOOR"
159376,2,violation-linked,183102,CON-RES-2025-122,3,"AIMAK PROPERTIES LIMITED"
159376,2,violation-linked,183118,KN4748,KANGIS,"AIMAK PROPERTIES LIMITED"
11185,2,review-district-mismatch,24889,CON-RES-1983-526,3,"MALLAM GANA ABUBAKAR USMAN"
11185,2,review-district-mismatch,33443,CON-RES-1982-1272,3,"ALHAJI MAHAMMED DOGARI"
12929,2,legitimate-optot,26701,RES-1982-308,1,"BABA MUSA MOHAMMED"
12929,2,legitimate-optot,24493,CON-RES-1987-164,3,"ALHAJI MUSA ABDULLAHI DAGUMAWA"
155804,2,violation-same-parcel,180124,"KNML 1476",KANGIS,"ALTINE MUHAMMAD KAURA"
155804,2,violation-same-parcel,180127,CON-RES-2008-81,3,"ALTINE MUHAMMAD KAURA"
14652,2,legitimate-optot,28440,RES-1993-324,2,"BALA MUHAMMAD HADI"
14652,2,legitimate-optot,33248,CON-RES-1995-546,3,"ABUNASTY NIGERIA LTD"
152610,2,legitimate-optot,176019,RES-2014-1622,2,"MUHAMMAD MUKHTAR."
152610,2,legitimate-optot,176039,KN4657,KANGIS,"MUHAMMAD MUKHTAR"
48080,2,legitimate-optot,194675,RES-2001-2802,2,"AMINU S SODA"
48080,2,legitimate-optot,194679,KN4200,KANGIS,"AMINU S SODA"
115466,2,violation-linked,169162,CON-COM-2021-679,3,"SADAM ALI MUHAMMAD"
115466,2,violation-linked,169199,KN3108,KANGIS,"SADAM ALI MUHAMMAD"
150359,2,legitimate-optot,173685,RES-2020-3278,2,"INUWA BELLO"
150359,2,legitimate-optot,173692,"KNML 9757",KANGIS,"INUWA BELLO"
156991,2,violation-same-parcel,181304,CON-RES-2023-7325,3,"FAIZU MUHAMMAD GALADIMA"
156991,2,violation-same-parcel,181312,KN4782,KANGIS,"MURTALA ABDULLAHI JEGA"
57514,2,violation-same-parcel,175086,RES-2017-1502,2,"NAMAMU ADAMU"
57514,2,violation-same-parcel,175101,KN3651,KANGIS,"NAMAMU ADAMU"
171743,2,violation-same-parcel,192266,RES-2023-6893,2,"DANJUMA MAHMOUD"
171743,2,violation-same-parcel,192291,"KNGP 340",KANGIS,"DANJUMA MAHMOUD"
167957,2,violation-same-parcel,190128,RES-2016-4097,2,"MUHAMMAD SHEHU NA'ALLAH (KURA)"
167957,2,violation-same-parcel,190136,"KNML 8461",KANGIS,"MUHAMMAD SHEHU NA'ALLAH (KURA)"
152092,2,legitimate-optot,175358,RES-2023-5469,2,"EMMANUEL NNAJI"
152092,2,legitimate-optot,175379,KN4988,KANGIS,"EMMANUEL NNAJI"
14025,2,legitimate-optot,27812,RES-1993-176,2,"MRS ZAINAB SHEHU SATATIMA"
14025,2,legitimate-optot,36204,CON-RES-1992-236,3,"MATRIX ENERGY LIMITED"
24956,2,violation-same-parcel,158768,"KNML 1119",KANGIS,"OKPALA ANAYO"
24956,2,violation-same-parcel,158769,KN4119,KANGIS,"OKPALA ANAYO"
167759,2,violation-same-parcel,189984,CON-RES-2017-119,3,"UMMI KABIR"
167759,2,violation-same-parcel,189997,"KNML 4759",KANGIS,"UMMI KABIR"
49266,2,violation-same-parcel,183110,RES-2002-5769,2,"DR FARUK UMAR"
49266,2,violation-same-parcel,183136,"KNML 1725",KANGIS,"DR SAUDAT GARBA HABIB"
6114,2,legitimate-optot,19792,CON-RES-RC-1982-64,3,"AHMED TUKUR"
6114,2,legitimate-optot,176246,COM-RC-1982-372,1,"ALH. KASSIM UMAR"
151000,2,legitimate-optot,174249,RES-2015-2656,2,"ARABI MUBARAK ABUBAKAR"
151000,2,legitimate-optot,174267,"KNML 5180",KANGIS,"ARABI MUBARAK ABUBAKAR"
52441,2,legitimate-optot,178160,RES-2009-5029,2,"MR MBA EMEKA"
52441,2,legitimate-optot,178182,"KNML 49",KANGIS,"MR MBA EMEKA"
145206,2,legitimate-optot,168101,RES-2020-253,2,"AISHA MUKHTAR"
145206,2,legitimate-optot,168124,KN5327,KANGIS,"AISHA MUKHTAR"
179864,2,violation-same-parcel,198320,CON-COM-2022-419,3,"MR VICENT UMEAMOZIE"
179864,2,violation-same-parcel,198389,"MLKN 4193",KANGIS,"MR VICENT UMEAMOZIE"
11238,2,legitimate-optot,24942,CON-RES-1982-532,3,"ALHAJI LAMARA HAJIJI"
11238,2,legitimate-optot,31092,CON-RES-1982-1380,3,"HABIB MOHAMMED"
46311,2,legitimate-optot,180308,RES-1999-696,2,"HAUWA ALA MUHAMMAD"
46311,2,legitimate-optot,180317,"KNML 1485",KANGIS,"HAUWA ALA MUHAMMAD"
172472,2,violation-linked,192853,CON-RES-2003-282,3,"BASHIRU SANI GAMBO"
172472,2,violation-linked,192854,"KNML 934",KANGIS,"BASHIRU SANI GAMBO"
115309,2,violation-same-parcel,168296,RES-2021-2747,2,"MUKHTAR ABDULHAMID"
115309,2,violation-same-parcel,168317,"KNGP 348",KANGIS,"MUKHTAR ABDULHAMID"
50167,2,legitimate-optot,188773,RES-2003-97,2,"ABDULLAHI D SHUAIBU"
50167,2,legitimate-optot,188788,"KNML 2455",KANGIS,"ABDULLAHI DANJUMA SHUAIBU"
116937,2,review-district-mismatch,35065,CON-COM-2014-274,3,"ST. STEPHENS SCHOOL"
116937,2,review-district-mismatch,135772,"MLKN 727",KANGIS,"ST. STEPHENS SCHOOL"
13014,2,review-district-mismatch,35674,CON-RES-1987-33,3,"ALHAJI HARUNA HASSAN DUTSE"
13014,2,review-district-mismatch,26786,RES-1991-100,1,"AHMAD RUFA`I UKASHATU SABON-SARA"
177534,2,legitimate-optot,196521,RES-2022-1065,2,"NASIRU MUHD DANFARANSHI"
177534,2,legitimate-optot,196532,"KNML 9777",KANGIS,"NASIRU MUHD DANFARANSHI"
14152,2,legitimate-optot,27939,RES-1993-1189,2,"ZUBAIRU ABDULLAHI"
14152,2,legitimate-optot,23101,CON-RES-1992-639,3,"ALH. UMAR IBRAHIM"
3917,2,legitimate-optot,17591,RES-1982-1403,1,"ALHAJI TIJJANI BALA"
3917,2,legitimate-optot,136152,"MLKN 908",KANGIS,"ALH OUMARU LAWAL IDIGAGO"
12444,2,violation-same-parcel,26150,CON-RES-1989-612,3,"ALHAJI ADO KUMURYA"
12444,2,violation-same-parcel,29352,CON-RES-1985-412,3,"ALHAJI DALHA AHMAD"
52040,2,legitimate-optot,172785,RES-2009-1441,2,"SANI SULEIMAN AUWALU"
52040,2,legitimate-optot,172794,"KNML 3359",KANGIS,"SANI SULEIMAN AUWALU"
104317,2,review-district-mismatch,127460,"MLKN 684",KANGIS,"ABDULLAHI UMAR"
104317,2,review-district-mismatch,33020,CON-COM-2000-48,3,"ALHAJI DANLAMI ALHASSAN & SONS NIG LTD"
170911,2,legitimate-optot,191654,RES-2020-546,2,"DR. ABDULLAHI GAMBO"
170911,2,legitimate-optot,191660,KN3554,KANGIS,"DR. ABDULLAHI GAMBO"
13519,2,legitimate-optot,24345,CON-RES-1988-8,3,"ADO BALA TALLE"
13519,2,legitimate-optot,27293,RES-1991-535,1,"ALH ALHASSAN A.S. DANTATA"
11653,2,legitimate-optot,25357,CON-RES-RC-1982-7,3,"ALHAJI MADU GWATALO"
11653,2,legitimate-optot,23551,CON-RES-1982-623,3,"HALADU ISA"
147018,2,legitimate-optot,170113,RES-2023-5466,2,"EMMANUEL NWAJI"
147018,2,legitimate-optot,170125,KN4890,KANGIS,"EMMANUEL NWAJI"
12721,2,legitimate-optot,26427,RES-1982-1976,1,"AUDU MANAGER"
12721,2,legitimate-optot,32285,CON-RES-1987-1026,3,"UMAR SANUSI  BAYERO"
152842,2,legitimate-optot,176278,RES-2012-2203,2,"ALH MUDI AHMED WARU"
152842,2,legitimate-optot,176287,"KNML 1232",KANGIS,"IBRAHIM KHALIL ADAMU"
64670,2,legitimate-optot,170133,RES-RC-1981-128,1,"ALH MOHAMMED SANI SHARIFF"
64670,2,legitimate-optot,170170,KN4678,KANGIS,"ALH MOHAMMED SANI SHARIFF"
178774,2,violation-same-parcel,197402,RES-2001-4381,2,"SANI SULAIMAN"
178774,2,violation-same-parcel,197406,KN917,KANGIS,"SULEIMAN UMAR SANI"
47022,2,legitimate-optot,176050,KN3824,KANGIS,"FAS AGRO INDUSTRIAL COMPANY LIMITED"
47022,2,legitimate-optot,174349,RES-2000-293,2,"FAS AGRO INDUSTRIAL COMPANY LIMITED"
177663,2,violation-linked,196619,CON-IND-1998-13,3,"SALNUHA INVESTMENTS COMPANY NIG. LTD"
177663,2,violation-linked,196628,"MLKN 3659",KANGIS,"SALNUHA INVESTMENTS COMPANY NIG. LTD"
150151,2,legitimate-optot,173501,RES-2023-5468,2,"EMMANUEL NNAJI"
150151,2,legitimate-optot,173504,KN4689,KANGIS,"EMMANUEL NNAJI"
56222,2,legitimate-optot,192457,RES-2015-807,2,"MUHAMMAD NURADDEEN YARO"
56222,2,legitimate-optot,192484,KN4270,KANGIS,"MUHAMMAD NURADDEEN YARO"
13499,2,legitimate-optot,27273,RES-1991-512,1,"HALIMA A.S. DANTATA"
13499,2,legitimate-optot,25913,CON-RES-1988-606,3,"MR FESTUS UTUBOR"
156069,2,legitimate-optot,180404,RES-2023-5777,2,"SANI ALI SHEHU"
156069,2,legitimate-optot,180408,KN4477,KANGIS,"SANI ALI SHEHU"
177096,2,violation-linked,196162,IND-2008-18,1,"DEPI NIGERIA LIMITED"
177096,2,violation-linked,196164,"MLKN 569",KANGIS,"DEPI NIGERIA LIMITED"
14506,2,legitimate-optot,31117,CON-RES-1994-663,3,"MR. CHARLES EJIOFOR"
14506,2,legitimate-optot,28293,RES-1994-1945,2,"MUHAMMADU GAGARAU"
11259,2,legitimate-optot,25422,CON-RES-1982-1420,3,"ALHAJI YAU ABDULKADIR"
11259,2,legitimate-optot,24963,CON-RES-1982-944,3,"IBRAHIM WADA"
147391,2,legitimate-optot,170468,RES-2022-3632,2,"RABI JIBRILLA MUHAMMAD"
147391,2,legitimate-optot,170476,KN4491,KANGIS,"RABI JIBRILLA MUHAMMAD"
6968,2,legitimate-optot,18350,CON-AG-1982-329,3,"ALHAJI AUDU NASIDI"
6968,2,legitimate-optot,20652,CON-RES-RC-1986-3,3,"ALH. BALA NUHU"
42757,2,legitimate-optot,186196,RES-1994-2256,2,"BABA NASIRU LAWAL"
42757,2,legitimate-optot,186240,"KNML 255",KANGIS,"BABA NASIRU LAWAL"
158657,2,violation-same-parcel,182575,CON-RES-1991-103,3,"CHEIF IGNATIUS OKECHUKWU NWOSU"
158657,2,violation-same-parcel,182598,"KNML 1718",KANGIS,"CHEIF IGNATIUS OKECHUKWU NWOSU"
150926,2,legitimate-optot,174175,RES-2016-1536,2,"MUSTAFA MUSA ALI"
150926,2,legitimate-optot,174209,KN3862,KANGIS,"MUSTAFA MUSA ALI"
179356,2,violation-same-parcel,197877,COM-2011-151,1,"CUSO INVESTMENT & PROP"
179356,2,violation-same-parcel,197884,"MLKN 2441",KANGIS,"CUSO INVESTMENT & PROP"
14670,2,legitimate-optot,28458,RES-1993-339,2,"SALIHU BEN-MUSA"
14670,2,legitimate-optot,36697,CON-RES-1995-600,3,"ALH SALISU TAHIR"
164566,2,violation-same-parcel,187417,RES-2002-8113,2,"BALA MAMUDA"
164566,2,violation-same-parcel,187423,"KNML 1588",KANGIS,"BATULA IBRAHIM WARU"
16249,2,review-district-mismatch,35350,CON-RES-2009-828,3,"ALHAJI MUNZALI MUHAMMED ZAKARI"
16249,2,review-district-mismatch,30048,CON-RES-1990-152,3,"ALHAJI SABO ABDU AND UMAR ILORI"
167530,2,violation-linked,189809,CON-COM-2024-398,3,"MUBARAK NASIR ABDULMUMINI"
167530,2,violation-linked,189817,KN4213,KANGIS,"MUBARAK NASIR ABDULMUMINI"
7797,2,legitimate-optot,21488,CON-RES-RC-1982-431,3,"ALHAJI HABIBU MOHAMMED GWARZO"
7797,2,legitimate-optot,15827,CON-COM-1982-278,3,"MALLAM AHMED BAKALI"
171069,2,violation-same-parcel,191780,RES-2002-4719,2,"MOHAMMED ALIYU AND 3 OTHERS"
171069,2,violation-same-parcel,191786,"KNML 2415",KANGIS,"NAZAFI SULEIMAN"
12797,2,violation-same-parcel,26569,RES-1982-2342,1,"MARIA OJASHEGUN (MRS)"
12797,2,violation-same-parcel,30918,CON-RES-1987-1154,3,"ALHAJI TASIU IDI"
161925,2,legitimate-optot,185320,RES-2022-7207,2,"NAFISA TIJJANI ALKALI"
161925,2,legitimate-optot,185345,KN1961,KANGIS,"NAFISA TIJJANI ALKALI"
48631,2,legitimate-optot,181265,RES-2002-1375,2,"BASHIR ADAMU ALIYU"
48631,2,legitimate-optot,181287,"KNML 9110",KANGIS,"BASHIR ADAMU ALIYU"
162252,2,violation-linked,185603,CON-COM-2014-270,3,"ISMAIL BASHIR"
162252,2,violation-linked,185610,"MLKN 1368",KANGIS,"ISMAIL BASHIR"
15306,2,review-district-mismatch,32855,CON-RES-2003-103,3,"ALHAJI NASIRU AHALI"
15306,2,review-district-mismatch,29104,RES-1993-3443,2,"SHU'AIBU USMAN"
26737,2,legitimate-optot,198094,RES-1981-1133,1,"ALIYU NU'UMAN DANBATTA"
26737,2,legitimate-optot,198225,"KNML 8671",KANGIS,"ALIYU NU'UMAN DANBATTA"
5918,2,legitimate-optot,175818,COM-1993-237,1,"ALH. HAMZA AHMED"
5918,2,legitimate-optot,19595,RES-1982-778,1,"MR . SONNY ASUELINMEN ALOS"
58490,2,legitimate-optot,177611,RES-2018-464,2,"MUHAMMAD MUKHTAR"
58490,2,legitimate-optot,177625,KN4656,KANGIS,"MUHAMMAD MUKHTAR"
153323,2,violation-same-parcel,177617,CON-RES-2023-7256,3,"FAIZU MUHAMMAD GALADIMA"
153323,2,violation-same-parcel,186760,KN4527,KANGIS,"MURTALA ABDULLAHI JEGA"
163205,2,violation-linked,186341,CON-RES-1994-445,3,"ALH BADAMASI UBA JOGANA"
163205,2,violation-linked,186342,"KNML 1527",KANGIS,"ALH BADAMASI UBA JOGANA"
12282,2,legitimate-optot,25987,CON-RES-RC-1982-662,3,"MURTALA BASHIR"
12282,2,legitimate-optot,31786,CON-RES-1984-577,3,"ALHAJI IBRAHIM LEKO"
13007,2,legitimate-optot,26779,RES-1991-92,1,"ALH. SALISU MOHAMMED"
13007,2,legitimate-optot,30879,CON-RES-1987-312,3,"MR CLEMENT AGBOGU"
126165,2,review-district-mismatch,32956,CON-COM-2003-91,3,"ABDULMUMIN HASSAN GUMEL"
126165,2,review-district-mismatch,146896,"MLKN 373",KANGIS,"ABDULLAHI ALIYU GAYA"
54481,2,legitimate-optot,195901,RES-2014-2680,2,"ABUBAKAR KABIRU"
54481,2,legitimate-optot,195910,"KNML 4948",KANGIS,"ABUBAKAR KABIRU"
157008,2,violation-linked,181315,CON-COM-2016-128,3,"UMAR BALA YUSUF"
157008,2,violation-linked,181328,KN4301,KANGIS,"UMAR BALA YUSUF"
14699,2,legitimate-optot,28487,RES-1993-469,2,"HON. AHMED ISMA'ILA D/GURAWA"
14699,2,legitimate-optot,36830,CON-RES-1996-14,3,"MURTALA MUHTAR UNGOGO"
156406,2,violation-same-parcel,180784,CON-RES-1988-457,3,"DR SANDA MOHAMMED"
156406,2,violation-same-parcel,180788,"KNML 1493",KANGIS,"DR SANDA MOHAMMED"
14107,2,legitimate-optot,36197,CON-RES-1992-519,3,"BALA ADAMU SALISU DABA"
14107,2,legitimate-optot,27894,RES-1993-716,2,"MOHD SABBO ABDULLAHI"
47648,2,violation-same-parcel,168284,RES-2000-630,2,"NAFISA KASSIM AHMED"
47648,2,violation-same-parcel,168312,KN894,KANGIS,"NAFISA KASSIM AHMED"
46722,2,legitimate-optot,197353,"KNML 9794",KANGIS,"MURTALA ADHAMA"
46722,2,legitimate-optot,197335,RES-2000-1981,2,"MURTALA ADHAMA"
133572,2,violation-same-parcel,191242,RES-2008-3810,2,"MALLAM  INUSA"
133572,2,violation-same-parcel,155323,"KNML 1309",KANGIS,"RABIU ISAH AMINU"
176369,2,review-district-mismatch,195559,CON-COM-2015-160,3,"BALARABE TALLEH"
176369,2,review-district-mismatch,195560,"MLKN 3688",KANGIS,"BALARABE TALLEH"
25429,2,legitimate-optot,118806,"KNML 8558",KANGIS,"IBRAHIM ISYAKU NA'ABBA"
25429,2,legitimate-optot,47371,CON-RES-2008-5,3,"A BABA ABDULLAHI JAHUN"
53131,2,legitimate-optot,197199,RES-2010-1515,2,"MICHEAL VINCENT"
53131,2,legitimate-optot,197214,"KNML 9180",KANGIS,"MICHEAL VINCENT"
12089,2,legitimate-optot,23843,CON-RES-1983-781,3,"BASHIR M. SALIHU"
12089,2,legitimate-optot,25794,CON-IND-1981-14,3,"ALMINNUR RESOURCES LIMITEDOF UMUENZE HOUSE"
37038,2,legitimate-optot,179308,RES-1991-3959,1,"NAZIRU RABIU IBRAHIM"
37038,2,legitimate-optot,179318,"KNML 1759",KANGIS,"NAZIRU RABIU IBRAHIM"
13277,2,legitimate-optot,30486,CON-RES-1987-946,3,"JOHN DELE OGHOJAFOR"
13277,2,legitimate-optot,27050,RES-1982-2247,1,"USMAN SALE"
18614,2,legitimate-optot,32419,CON-RES-RC-1982-162,3,"IGUDA ABDULKARIM"
18614,2,legitimate-optot,32070,CON-RES-RC-1986-6,3,"UMARU DANKURA ADAMU"
47634,2,collision,194987,"KNML 2931",KANGIS,"MUHAMMAD INUWA IBRAHIM"
47634,2,collision,195180,RES-2000-6166,2,"MUHAMMED INUWA IBRAHIM"
152651,2,violation-same-parcel,176100,COM-2012-39,1,"ALHAJI ADO SHEHU MAIBARGO"
152651,2,violation-same-parcel,196198,COM-RC-1983-58,1,"ALHAJI ADO SHEHU MAIBARGO"
167011,2,legitimate-optot,189445,RES-2022-2115,2,"SULEIMAN ABUBAKAR"
167011,2,legitimate-optot,189467,KN3128,KANGIS,"SULEIMAN ABUBAKAR"
4267,2,legitimate-optot,168151,COM-2016-243,1,"ALI KIME MOHAMMED"
4267,2,legitimate-optot,17942,RES-1992-3906,2,"DAYEKH H. MUSTAPHA MR"
66083,2,legitimate-optot,196861,RES-RC-1982-336,1,"NU'UMAN BARAU DANBATTA"
66083,2,legitimate-optot,196886,"KNML 8672",KANGIS,"NU'UMAN BARAU DANBATTA"
39022,2,legitimate-optot,181527,RES-1992-2226,2,"MUAMMAD YUNUS"
39022,2,legitimate-optot,181547,"KNML 7311",KANGIS,"MUHAMMAD YUNUS"
147549,2,legitimate-optot,170744,RES-2020-2394,2,"DR JIBRILLA MUHAMMAD"
147549,2,legitimate-optot,170746,KN4758,KANGIS,"DR JIBRILLA MUHAMMAD"
115845,2,legitimate-optot,174798,RES-2015-1123,2,"DR IDRIS SULAIMAN ABUBAKAR"
115845,2,legitimate-optot,174806,KN3266,KANGIS,"DR IDRIS SULAIMAN ABUBAKAR"
11307,2,review-district-mismatch,25011,CON-RES-1998-78,3,"ALHAJI AMADU MUSA"
11307,2,review-district-mismatch,30665,CON-RES-1982-1531,3,"RABIU MUHAMMAD GWARZO"
178540,2,violation-linked,197225,CON-RES-2011-206,3,"YAHAYA NU'UMAN BARAU DANBATTA"
178540,2,violation-linked,197234,"KNML 6611",KANGIS,"YAHAYA NU'UMAN BARAU DANBATTA"
167236,2,violation-same-parcel,189620,CON-RES-2023-7292,3,"FAIZU MUHAMMAD GALADIMA"
167236,2,violation-same-parcel,189633,KN5227,KANGIS,"MURTALA ABDULLAHI JEGA"
12263,2,legitimate-optot,25968,CON-RES-1982-419,3,"ALHAJI (CHIEF) Z. TOKURAH"
12263,2,legitimate-optot,23419,CON-RES-1984-521,3,"ALHAJI BABALLE ILLA"
18371,2,review-district-mismatch,32175,CON-RES-1987-275,3,"MR MAX N. ADIELE"
18371,2,review-district-mismatch,18680,CON-RES-RC-1982-653,3,"ALHAJI KABIRU NASIR"
12715,2,legitimate-optot,32289,CON-RES-1987-1017,3,"ALHAJI BALA NA DANLAMI"
12715,2,legitimate-optot,26421,RES-1982-1968,1,"EL-TAYEB REAL ESTATE LTD"
11228,2,legitimate-optot,22863,CON-RES-1982-136,3,"ABDULKADIR AMINU IBRAHIM"
11228,2,legitimate-optot,24932,CON-RES-1982-217,3,"ALH. MUSA AHMAD"
164358,2,violation-linked,187191,CON-RES-2013-113,3,"MUHAMMAD HADI SALISU"
164358,2,violation-linked,187192,"KNML 2868",KANGIS,"MUHAMMAD HADI SALISU"
38911,2,violation-same-parcel,155344,"KNML 1639",KANGIS,"BINTA TIJJANI JIBRIL"
38911,2,violation-same-parcel,16321,RES-1992-2008,2,"IBRAHIM ABDULLAHI"
158784,2,violation-linked,182645,CON-COM-2023-434,3,"KHATAMUL ANBIYA UNIVERSITY"
158784,2,violation-linked,182649,KN2003,KANGIS,"KHATAMUL ANBIYA UNIVERSITY"
166804,2,violation-linked,189293,CON-RES-2013-98,3,"ALH WADA ABDULLAHI RANO"
166804,2,violation-linked,189308,"KNML 2417",KANGIS,"ALH WADA ABDULLAHI RANO"
156710,2,violation-same-parcel,181059,CON-RES-2023-7109,3,"FAIZU MUHAMMAD GALADIMA"
156710,2,violation-same-parcel,181090,KN4992,KANGIS,"MURTALA ABDULLAHI JEGA"
178624,2,violation-same-parcel,197269,RES-2016-976,2,"NASIRU SHEHU SIDI"
178624,2,violation-same-parcel,197296,"KNGP 249",KANGIS,"NASIRU SHEHU SIDI"
158837,2,violation-same-parcel,182689,RES-2000-1197,2,"BASHIR K ADO"
158837,2,violation-same-parcel,182690,"KNML 1940",KANGIS,"BASHIR K ADO"
308,2,legitimate-optot,13963,RES-1981-139,1,"LAWAN ISA MADUNGURUM"
308,2,legitimate-optot,20380,AG-RC-1984-4,1,"HAJIYA YAR SHEHU"
174402,2,violation-linked,194179,CON-RES-2009-458,3,"N U R T W TIPPER BRANCH"
174402,2,violation-linked,194180,"KNML 539",KANGIS,"N U R T W TIPPER BRANCH"
13903,2,legitimate-optot,27682,RES-1991-775,1,"KABIRU MOHAMMED KIBIYA"
13903,2,legitimate-optot,36147,CON-RES-1991-413,3,"ALH ABDULHAMID SALISU"
58188,2,legitimate-optot,194137,RES-2018-3029,2,"IBRAHIM ISYAKU NA'ABBA"
58188,2,legitimate-optot,194149,"KNML 7192",KANGIS,"IBRAHIM ISYAKU NA'ABBA"
148953,2,review-district-mismatch,191783,CON-COM-2024-152,3,"BASHIR UMAR TOFA"
148953,2,review-district-mismatch,172310,KN2577,KANGIS,"BSV INDUSTRIES LTD"
174434,2,violation-linked,194197,CON-RES-2001-300,3,"ALH HAMISU MUSA"
174434,2,violation-linked,194199,"KNML 546",KANGIS,"ALH HAMISU MUSA"
160985,2,violation-same-parcel,184441,CON-RES-1983-443,3,"MR AND MRS IGNATUS NWOSU"
160985,2,violation-same-parcel,184450,"KNML 1731",KANGIS,"MR AND MRS IGNATUS NWOSU"
165319,2,violation-same-parcel,188108,RES-2006-1293,2,"YUSUF ABDULKARIM ABDULLAHI"
165319,2,violation-same-parcel,188115,"KNML 2881",KANGIS,"YUSUF ABDULKARIM ABDULLAHI"
34180,2,legitimate-optot,195791,RES-1989-247,1,"ALIYU LAWAN"
34180,2,legitimate-optot,195862,KN3653,KANGIS,"ALIYU LAWAN"
26791,2,legitimate-optot,177766,RES-1981-1231,1,"BASHIR OTHMAN TOFA"
26791,2,legitimate-optot,177793,"KNML 1231",KANGIS,"BASHIR OTHMAN TOFA"
12320,2,review-district-mismatch,26025,CON-AG-1982-281,3,"MAIKOGI ABDU"
12320,2,review-district-mismatch,192899,CON-RES-1984-704,3,"ALHAJI SANI ALI"
13658,2,legitimate-optot,26097,CON-RES-1989-484,3,"ALHAJI ADO G. BARMA"
13658,2,legitimate-optot,27432,RES-1990-2403,1,"MUSTAPHA JIBRIN SHA'AIBU"
14519,2,legitimate-optot,28306,RES-1994-1960,2,"ALH YAHAYA TAHIR"
14519,2,legitimate-optot,31135,CON-RES-1994-701,3,"ALHAJI KASSIM UMARU"
163873,2,violation-same-parcel,186813,RES-1998-693,2,"ALHAJI ALIYU MAHMOUD GALADANCHI"
163873,2,violation-same-parcel,186828,"KNML 1578",KANGIS,"ALHAJI ALIYU MAHMOUD GALADANCHI"
11418,2,review-district-mismatch,31927,CON-RES-1982-26,3,"ALHAJI BALARABE YAKASAI"
11418,2,review-district-mismatch,25122,CON-RES-1982-1527,3,"ALHAJI AUDU MOHAMMED"
176368,2,violation-same-parcel,195555,CON-RES-2012-262,3,"ALH. IBRAHIM USMAN"
176368,2,violation-same-parcel,195556,"KNML 5506",KANGIS,"ALH. IBRAHIM USMAN"
168531,2,violation-same-parcel,190601,RES-2010-4128,2,"HASSAN INDABAWA"
168531,2,violation-same-parcel,190607,"KNML 4669",KANGIS,"HASSAN INDABAWA"
178637,2,violation-linked,197277,COM-2015-73,1,"HUSSEIN MANSOUR GAZI"
178637,2,violation-linked,197283,"MLKN 1168",KANGIS,"HUSSEIN MANSOUR GAZI"
162378,2,violation-linked,185681,CON-COM-2017-282,3,"ALH DIKKO FULATAN"
162378,2,violation-linked,185695,"MLKN 2678",KANGIS,"ALH DIKKO FULATAN"
148785,2,legitimate-optot,172230,RES-2020-4093,2,"OLUWREBI OLAWALE TAOFEEK"
148785,2,legitimate-optot,172262,KN3103,KANGIS,"OLUWREBI OLAWALE TAOFEEK"
147109,2,legitimate-optot,170212,RES-2022-2139,2,"MAMUDA ISA MUSA"
147109,2,legitimate-optot,170260,"KNML 9800",KANGIS,"MAMUDA ISA MUSA"
175116,2,violation-linked,194678,CON-COM-2025-538,3,"ABDULRAHMAN MUHAMMAD GARBA"
175116,2,violation-linked,194686,KN4894,KANGIS,"ABDULRAHMAN MUHAMMAD GARBA"
145406,2,violation-linked,168355,CON-IND-2017-4,3,"SAOAKIN (NIGERIA) LIMITED."
145406,2,violation-linked,168373,KN3781,KANGIS,"SAOAKIN NIGERIA LIMITED."
170887,2,violation-same-parcel,191633,RES-2002-4718,2,"IBRAHIM ABUBAKAR RAMADAN $ 3 OTHERS"
170887,2,violation-same-parcel,191647,"KNML 2412",KANGIS,"NAZIFI SULEIMAN"
156447,2,violation-same-parcel,180831,RES-2010-4288,2,"HALIMA ADAMU"
156447,2,violation-same-parcel,180843,"KNML 1497",KANGIS,"HALIMA ADAMU"
65344,2,legitimate-optot,175002,RES-RC-1982-1313,1,"MR ETHELBERT A ONUOHA"
65344,2,legitimate-optot,175032,KN3125,KANGIS,"MR ETHELBERT A ONUOHA"
165992,2,violation-same-parcel,188698,COM-2025-67,1,"MUSA HARUNA TAHIR"
165992,2,violation-same-parcel,188714,KN4122,KANGIS,"MUSA HARUNA TAHIR"
52289,2,review-district-mismatch,178147,"KNML 1218",KANGIS,"ALHAJI AMINU BABA"
52289,2,review-district-mismatch,196759,RES-2009-4426,2,"AUWALU ABDULLAHI"
178733,2,violation-same-parcel,197368,RES-2001-2450,2,"NASIRU IBRAHIM"
178733,2,violation-same-parcel,197413,"KNML 2150",KANGIS,"NASIRU IBRAHIM"
36963,2,legitimate-optot,180486,RES-1991-3771,1,"AHMED ABUBAKAR MAISONG"
36963,2,legitimate-optot,180488,"KNML 7101",KANGIS,"AHMED ABUBAKAR MAISONG"
178449,2,legitimate-optot,197131,RES-2015-5194,2,"NU'UMAN BARAU DANBATTA"
178449,2,legitimate-optot,197137,"KNML 8337",KANGIS,"NU'UMAN BARAU DANBATTA"
174007,2,violation-same-parcel,193916,RES-2000-2698,2,"ABUBAKAR INUWA"
174007,2,violation-same-parcel,193917,"KNML 535",KANGIS,"ABUBAKAR INUWA"
25430,2,legitimate-optot,47372,CON-RES-2008-7,3,"DAUDA IBRAHIM DORAYI"
25430,2,legitimate-optot,118818,"KNML 8559",KANGIS,"IBRAHIM ISYAKU NA'ABBA"
156519,2,violation-same-parcel,180910,CON-RES-1987-153,3,"ALHAJI AISARU HARISU"
156519,2,violation-same-parcel,180929,KN4191,KANGIS,"ALHAJI AISARU HARISU"
13524,2,legitimate-optot,27298,RES-1991-542,1,"ALH MURTALA ADAMU UBA MAI DUKIYA"
13524,2,legitimate-optot,34593,CON-RES-1988-89,3,"MUSACO (NIG) LIMITED"
121014,2,review-district-mismatch,141368,"MLKN 2184",KANGIS,"RT. HON ISYAKU ALI DANJA"
121014,2,review-district-mismatch,20657,CON-AG-2016-32,3,"RT. HON. ISYAKU ALI DANJA"
28170,2,legitimate-optot,194762,RES-1982-1373,1,"ALIYU MAHMOUD GALADANCI"
28170,2,legitimate-optot,194795,"KNML 1587",KANGIS,"ALIYU MAHMOUD GALADANCI"
11598,2,review-district-mismatch,25302,CON-RES-1984-488,3,"REDEEMED CALVARY MISSION"
11598,2,review-district-mismatch,26967,CON-RES-1982-546,3,"ALHAJI MUSA DAN MALLAM"
55662,2,legitimate-optot,181063,RES-2015-5214,2,"MOHAMMED H MUKHTAR"
55662,2,legitimate-optot,181075,"KNML 2734",KANGIS,"MOHAMMED H MUKHTAR"
163289,2,violation-linked,186408,CON-RES-2012-257,3,"ALHAJI UMAR MOHAMMED ALIYU"
163289,2,violation-linked,186419,"KNML 1579",KANGIS,"ALHAJI UMAR MOHAMMED ALIYU"
51485,2,legitimate-optot,195377,RES-2007-404,2,"SALE ALI NAGERO"
51485,2,legitimate-optot,195394,KN3589,KANGIS,"SALE ALI NAGERO"
175963,2,violation-linked,195204,CON-COM-2009-139,3,"ALH SURAJO SANI MARSHAL"
175963,2,violation-linked,195211,KN4829,KANGIS,"ALH SURAJO SANI MARSHAL"
27979,2,review-district-mismatch,178337,RES-1982-1110,1,"MALLAM KABIR BIN UMAR"
27979,2,review-district-mismatch,178381,"KNML 1821",KANGIS,"KABIR BIN UMAR"
13953,2,legitimate-optot,30175,CON-RES-1991-595,3,"ALH AMINU LABARAN BABA"
13953,2,legitimate-optot,27740,RES-1991-854,1,"TRIPPLE K. INVESTMENT LTD"
12686,2,legitimate-optot,26257,CON-RES-1986-58,3,"ALHAJI SANI MINISTER"
12686,2,legitimate-optot,26392,RES-1982-1793,1,"AMINU MOHD DAHIRU"
12264,2,legitimate-optot,23430,CON-RES-1984-522,3,"HAJIYA  LAILA GARBA"
12264,2,legitimate-optot,25969,CON-RES-1982-420,3,"ALHAJI (CHIEF) Z. TOKURAH"
11499,2,review-district-mismatch,25203,CON-RES-1984-372,3,"ALHAJI ABDU UTAI"
11499,2,review-district-mismatch,26996,CON-RES-1982-395,3,"ALH. BALA HAMISU"
180544,2,violation-same-parcel,198875,CON-RES-2020-72,3,"ABBA MAMMAN TOR HABIB"
180544,2,violation-same-parcel,198883,KN2848,KANGIS,"ABBA MAMMAN TOR HABIB"
156479,2,violation-linked,180867,CON-COM-2019-860,3,"YUSUF SAID MUHAMMAD"
156479,2,violation-linked,180879,KN4474,KANGIS,"YUSUF SAID MUHAMMAD"
180428,2,violation-same-parcel,198751,CON-COM-2022-557,3,"ISMA'ILA ABDULLAHI YUSUF"
180428,2,violation-same-parcel,198771,"MLKN 4361",KANGIS,"ISMA'ILA ABDULLAHI YUSUF"
12994,2,review-district-mismatch,32179,CON-RES-1987-278,3,"MOHAJI SHITTU EDWARD"
12994,2,review-district-mismatch,26766,RES-1991-68,1,"HINDATU AUWALU"
821,2,legitimate-optot,14481,CON-RES-1981-570,3,"MR JOSEPH OLADAPO ALUKO"
821,2,legitimate-optot,139697,COM-1986-5,1,"BASHIR, IBRAHIM, ABUBAKAR, BINTA HADIZA, RUQAYYA, UMMI, & SADIYA IBRAHIM LIMAN"
12947,2,legitimate-optot,26719,RES-1982-366,1,"MALLAM MUHAMMADU ABDULLAHI"
12947,2,legitimate-optot,27014,CON-RES-1987-197,3,"CHIEF JOHN OKONKWO"
7890,2,review-district-mismatch,29505,CON-COM-1983-50,3,"ALHAJI SULE MUHAMMED"
7890,2,review-district-mismatch,21582,RES-1992-4607,2,"ABUBAKAR MUHAMMADU"
18557,2,review-district-mismatch,25663,CON-RES-RC-1984-46,3,"ADAMU YAKUBU"
18557,2,review-district-mismatch,32362,CON-RES-1987-1045,3,"ALHAJI SHITU YAHAYA"
9666,2,legitimate-optot,159390,"MLKN 4251",KANGIS,"A.G.M OIL AND GAS LTD"
9666,2,legitimate-optot,23368,CON-RES-1982-415,3,"SARKI MOHAMMED"
179642,2,violation-same-parcel,198115,RES-2022-1838,2,"DR. ALI MUSTAPHA KURAYSH"
179642,2,violation-same-parcel,198126,KN1072,KANGIS,"DR. ALI MUSTAPHA KURAYSH"
176450,2,violation-same-parcel,195636,CON-RES-2017-54,3,"MUHAMMAD TABET ABDULKADIR"
176450,2,violation-same-parcel,195660,"KNML 4592",KANGIS,"TABET ABDULKADIR MUHAMMAD"
7788,2,legitimate-optot,21479,CON-RES-RC-1982-451,3,"CHRISTOPHA OLUFEMI E. EKUAFEH"
7788,2,legitimate-optot,25982,CON-COM-1982-259,3,"ADAMU FAIZU KABIR"
58290,2,legitimate-optot,171448,RES-2018-3397,2,"RABI'U BABA SANI"
58290,2,legitimate-optot,171475,"KNML 8008",KANGIS,"RABI'U BABA SANI"
178014,2,collision,196829,RES-1999-65,2,"UMAR ABUBAKAR"
178014,2,collision,196837,KN3313,KANGIS,"UMAR ABUBAKAR"
171058,2,violation-same-parcel,191772,CON-RES-2009-649,3,"NWOBA EMMANUEL ONYEBUCHI"
171058,2,violation-same-parcel,191775,"KNML 5058",KANGIS,"NWOBA EMMANUEL ONYEBUCHI"
152550,2,legitimate-optot,175930,RES-2022-3951,2,"BELLO IBRAHIM GWANGWAZO"
152550,2,legitimate-optot,175946,KN3689,KANGIS,"BELLO IBRAHIM GWANGWAZO"
13503,2,legitimate-optot,27277,RES-1991-517,1,"ALHASSAN ABDULKADIR DANTATA"
13503,2,legitimate-optot,33289,CON-RES-1988-624,3,"ALH MUSA INUWA GALA"
11234,2,legitimate-optot,31978,CON-RES-1982-1373,3,"ALHAJI MUHAMMADU INUSA WADA"
11234,2,legitimate-optot,24938,CON-RES-1982-479,3,"MUHAMMAD MUSA DLAKWA"
176783,2,violation-same-parcel,195909,CON-RES-2013-124,3,"AUWALU MUHAMMAD INUWA"
176783,2,violation-same-parcel,195912,"KNML 2563",KANGIS,"AUWALU MUHAMMAD INUWA"
157813,2,violation-same-parcel,181921,RES-2009-2145,2,"ALH AMINU GURJIYA"
157813,2,violation-same-parcel,181922,"KNML 1997",KANGIS,"MUHAMMAD MUSA AUWAL"
160698,2,violation-same-parcel,184168,CON-RES-2009-193,3,"ALH NABABA ABDULMUMINI"
160698,2,violation-same-parcel,184182,"KNML 1734",KANGIS,"GODWING UMEANULUGWO"
48843,2,legitimate-optot,176319,RES-2002-2470,2,"AMNA IBRAHIM A OTHMAN"
48843,2,legitimate-optot,176320,KN3928,KANGIS,"AMNA IBRAHIM A OTHMAN"
10263,2,review-district-mismatch,23965,CON-RES-1989-299,3,"ALH. WADA YAHAYA KURA"
10263,2,review-district-mismatch,32562,CON-COM-RC-1982-15,3,"ABDULKADIR S. BUHARI"
9471,2,violation-linked,176000,KN2573,KANGIS,"PROFESSOR MUKHTAR A YUSUF"
9471,2,violation-linked,175560,CON-COM-2012-67,3,"PROFESSOR MUKHTAR A YUSUF"
13919,2,legitimate-optot,27699,RES-1991-806,1,"YAKUBU ABDU"
13919,2,legitimate-optot,36185,CON-RES-1991-480,3,"USMAN AHMED USMAN"
50428,2,violation-same-parcel,191625,RES-2004-842,2,"GARBA MUSA DAN-DALAMA"
50428,2,violation-same-parcel,191675,"KNML 2407",KANGIS,"ALH GARBA MUSA DANDALAMA"
52812,2,review-district-mismatch,166310,KN4719,KANGIS,"MEDICUS INDUSTRIES LIMITED"
52812,2,review-district-mismatch,197721,RES-2009-7508,2,"ISA ABDULLAHI SALAHU"
13278,2,legitimate-optot,27051,RES-1982-2248,1,"ZAINAB AUDU LUKAT"
13278,2,legitimate-optot,25711,CON-RES-1987-949,3,"ALHAJI MUSA HAMZA"
13063,2,legitimate-optot,30859,CON-RES-1987-423,3,"MUSDAFA HALADU"
13063,2,legitimate-optot,26836,RES-1991-150,1,"MOHAMMED BELLO HABIB"
158828,2,violation-linked,182684,CON-RES-2025-118,3,"AIMAK PROPERTIES LIMITED"
158828,2,violation-linked,182693,KN4747,KANGIS,"AIMAK PROPERTIES LIMITED"
173100,2,legitimate-optot,193341,RES-2022-1061,2,"NASIRU MUHD DANFARANSHI"
173100,2,legitimate-optot,193376,KN4024,KANGIS,"NASIRU MUHD DANFARANSHI"
12098,2,review-district-mismatch,25243,CON-RES-1983-800,3,"DAUDA NUHU SALLAHU"
12098,2,review-district-mismatch,25803,CON-RES-1983-678,3,"ALHAJI ALI ABDU"
176634,2,violation-linked,195809,CON-RES-2018-356,3,"SHAMSUDDEEN IBRAHIM SHAWAI"
176634,2,violation-linked,195810,"KNML 7981",KANGIS,"SHAMSUDDEEN IBRAHIM SHAWAI"
164391,2,legitimate-optot,187243,RES-2014-416,2,"HARUNA SALEH ASHURA"
164391,2,legitimate-optot,187247,"KNML 7782",KANGIS,"MAHBUB G. WAKILI"
12756,2,legitimate-optot,26462,RES-1982-2065,1,"ALH LABARAN IBRAHIM"
12756,2,legitimate-optot,33886,CON-RES-1987-1083,3,"MR M.O. UME"
16153,2,review-district-mismatch,35377,CON-RES-2009-37,3,"MRS JUCIEN  N  BABARINDE"
16153,2,review-district-mismatch,29952,CON-AG-1988-60,3,"ALHAJI ALI AHMED"
178501,2,violation-same-parcel,197174,RES-2015-3098,2,"SAAD SHITU SHARUBUTU"
178501,2,violation-same-parcel,197200,"KNML 9250",KANGIS,"SAAD SHITU SHARUBUTU"
57618,2,legitimate-optot,182884,RES-2017-743,2,"AHMAD SALISU BEBEJI"
57618,2,legitimate-optot,182900,"KNML 8450",KANGIS,"AHMAD SALISU BEBEJI"
8582,2,review-district-mismatch,22281,CON-RES-1982-1291,3,"ALHAJI MUSA .A. INUWA YARGAYA"
8582,2,review-district-mismatch,32982,CON-COM-2003-181,3,"ASAIJA OIL NIGERIA LIMITED"
148789,2,violation-linked,172232,CON-RES-2014-764,3,"SAMINU  KHALID ABDULLAHI"
148789,2,violation-linked,172236,"KNML 3144",KANGIS,"SAMINU  KHALID ABDULLAHI"
53953,2,legitimate-optot,189405,RES-2012-1383,2,"AHMAD IBRAHIM ABDULLAHI"
53953,2,legitimate-optot,189433,"KNML 2441",KANGIS,"AHMAD IBRAHIM ABDULLAHI"
13827,2,violation-same-parcel,27605,RES-1991-684,1,"RAKIYA ISYAKU"
13827,2,violation-same-parcel,35648,CON-RES-1991-106,3,"ALHAJI YUSUFU ABDU MAI SODA"
40831,2,legitimate-optot,193185,RES-1992-845,2,"SALISU Y MARAYA"
40831,2,legitimate-optot,193203,"KNML 935",KANGIS,"SALISU YAHAYA MARAYA"
161301,2,violation-same-parcel,184751,RES-2000-2706,2,"HADIZA ABUBAKAR"
161301,2,violation-same-parcel,184752,"KNML 1910",KANGIS,"MAGAJI LADAN KIRI"
176148,2,violation-same-parcel,195347,RES-2022-1076,2,"NASIRU MUHAMMAD DANFARANSHI"
176148,2,violation-same-parcel,195365,"KNML 9788",KANGIS,"NASIRU MUHAMMAD DANFARANSHI"
156475,2,violation-same-parcel,180862,CON-RES-2023-7326,3,"FAIZU MUHAMMAD GALADIMA"
156475,2,violation-same-parcel,180918,KN4781,KANGIS,"MURTALA ABDULLAHI JEGA"
12743,2,legitimate-optot,26449,RES-1982-1997,1,"CHADO ENT. LTD"
12743,2,legitimate-optot,34479,CON-RES-1987-1056,3,"ALHAJI HABIBU USMAN ADAMU"
146375,2,legitimate-optot,169413,RES-2016-1445,2,"MURTALA SUFI"
146375,2,legitimate-optot,169414,KN4428,KANGIS,"MURTALA SUFI"
147469,2,violation-same-parcel,170540,KN4666,KANGIS,"MR OLINYA SAMUEL"
147469,2,violation-same-parcel,170541,CON-COM-2023-599,3,"MR OLINYA SAMUEL"
176489,2,violation-same-parcel,195684,RES-RC-2024-8,1,"ABUBAKAR KABIR ABUBAKAR"
176489,2,violation-same-parcel,195718,KN3971,KANGIS,"ABUBAKAR KABIR ABUBAKAR"
8000,2,legitimate-optot,21694,CON-RES-1982-294,3,"ALHAJI GAMBO WARURE"
8000,2,legitimate-optot,13887,CON-COM-1985-90,3,"ALHAJI SANI YUNUSA"
43308,2,legitimate-optot,169278,KN3493,KANGIS,"KUSOTO  ESTATE LIMITED"
43308,2,legitimate-optot,168374,RES-1995-1379,2,"KUSOTO  ESTATE LIMITED"
154870,2,legitimate-optot,179201,RES-2021-4547,2,"AHMED ABDULLAHI SIDI"
154870,2,legitimate-optot,179219,KN3962,KANGIS,"AHMED ABDULLAHI SIDI"
178359,2,violation-linked,197059,"MLKN 2434",KANGIS,"BKI BUILDING & CIVIL ENG CO LTD"
178359,2,violation-linked,197061,COM-2020-96,1,"BKI BUILDING & CIVIL ENG CO LTD"
8439,2,review-district-mismatch,30303,CON-COM-1999-43,3,"SAMEER HAMISU"
8439,2,review-district-mismatch,22139,CON-RES-2009-644,3,"MUHAMMAD ABDULLAHI"
36864,2,legitimate-optot,182023,RES-1991-3586,1,"USAINI ALHAJI ALASAN"
36864,2,legitimate-optot,182034,"KNML 9769",KANGIS,"USAINI ALHAJI ALASAN"
163415,2,violation-same-parcel,186524,RES-2009-1949,2,"AYUBA HASSAN A"
163415,2,violation-same-parcel,186530,"KNML 1539",KANGIS,"ADAMU USMAN INUSA"
12612,2,review-district-mismatch,32468,CON-RES-1986-275,3,"ALHAJI UBA ILIYASU"
12612,2,review-district-mismatch,26318,CON-RES-1986-421,3,"ALHAJI LAWAN TELLA"
166850,2,violation-same-parcel,189327,CON-COM-2018-108,3,"AL-IHSAN TRANSPORT NIGERIA LIMITED"
166850,2,violation-same-parcel,189423,"MLKN 2773",KANGIS,"AL-IHSAN TRANSPORT NIGERIA LIMITED"
13370,2,undecidable,27144,RES-1991-344,1,"UMAR IBRAHIM GAMBO"
13370,2,undecidable,29901,CON-RES-1988-268,3,"ALHAJI ABDU HAMIDU"
150393,2,legitimate-optot,173705,RES-2021-2949,2,"YAKUBU HAMZA DANDAGO"
150393,2,legitimate-optot,173710,KN3360,KANGIS,"YAKUBU HAMZA DANDAGO"
150030,2,legitimate-optot,173371,RES-2020-3952,2,"LUKMAN SULAIMAN ADAMU"
150030,2,legitimate-optot,173382,"KNML 9813",KANGIS,"LUKMAN SULAIMAN ADAMU"
115666,2,review-district-mismatch,35048,CON-COM-2014-70,3,"ALHAJI ALASAN AHMED PANSHEKARA"
115666,2,review-district-mismatch,134868,"MLKN 711",KANGIS,"ALHASSAN AHMED PANSHEKARA"
11579,2,violation-linked,193225,CON-RES-1982-517,3,"ALH. AUWALU RANO."
11579,2,violation-linked,193268,KN4083,KANGIS,"ALH. AUWALU RANO."
173908,2,violation-linked,193855,CON-RES-2011-2179,3,"SULAIMAN ALIYU MUHAMMAD"
173908,2,violation-linked,193856,"KNML 528",KANGIS,"SULAIMAN ALIYU MUHAMMAD"
14908,2,legitimate-optot,38561,CON-RES-1998-235,3,"GARBA YUSUF IMAM"
14908,2,legitimate-optot,28699,RES-1993-1865,2,"KADI MUHAMMADU KHALIL"
176480,2,violation-linked,195670,CON-COM-2016-247,3,"AL-TASLIM PETROLEUM LTD"
176480,2,violation-linked,195696,"MLKN 2443",KANGIS,"AL-TASLIM PETROLEUM LTD"
47457,2,violation-same-parcel,188349,,2,"SALEH HASSAN"
47457,2,violation-same-parcel,188355,"KNML 8841",KANGIS,"SALEH HASSAN"
178332,2,violation-same-parcel,197038,CON-RES-2011-203,3,"NU'UMAN A. BARAU DANBATTA"
178332,2,violation-same-parcel,197082,"KNML 7065",KANGIS,"NU'UMAN A. BARAU DANBATTA"
33911,2,violation-same-parcel,183022,RES-1989-1829,1,"MUSTAPHA AMINU"
33911,2,violation-same-parcel,183026,"KNML 1930",KANGIS,"MUSTAPHA AMINU"
44738,2,violation-same-parcel,192265,RES-1996-359,2,"ALHAJI YA'U IDRIS GARBA"
44738,2,violation-same-parcel,192300,KN4470,KANGIS,"ALHAJI YA'U IDRIS GARBA"
12937,2,legitimate-optot,34258,CON-RES-1987-180,3,"JONPAUL CHINDERA"
12937,2,legitimate-optot,26709,RES-1982-591,1,"ALHAJI SALISU SANI"
52015,2,violation-linked,133452,KN2758,KANGIS,"HUSSEIN ALI RODA"
52015,2,violation-linked,144351,"KNML 3099",KANGIS,"HUSSEIN ALI RODA"
159215,2,violation-same-parcel,182960,CON-COM-2022-329,3,"NUHU BALA MUKHTAR"
159215,2,violation-same-parcel,182970,KN4736,KANGIS,"NUHU BALA MUKHTAR"
161048,2,violation-same-parcel,184491,CON-RES-2009-191,3,"ALH NABABA ABDULMUMINI"
161048,2,violation-same-parcel,184493,"KNML 1735",KANGIS,"GODWIN UMEANULUGWO"
52836,2,legitimate-optot,184699,RES-2009-7559,2,"PETRICHOR IND LIMITED"
52836,2,legitimate-optot,184705,"KNML 1906",KANGIS,"PETRICHOR IND LIMITED"
155702,2,violation-same-parcel,27355,RES-1990-2348,1,"ALH SABO ABUBAKAR ABBA"
155702,2,violation-same-parcel,180016,"KNML 1208",KANGIS,"ALHAJI AMINU BABA"
12644,2,legitimate-optot,26254,CON-RES-1986-349,3,"ALHAJI IBRAHIM MUHAMMAD"
12644,2,legitimate-optot,26350,CON-RES-1983-454,3,"ZUBAIRU ADAMU DANYAKASAI"
157730,2,violation-same-parcel,181857,RES-2014-1628,2,"ISMA'EL ABBA"
157730,2,violation-same-parcel,181863,"KNML 1985",KANGIS,"ISMA'EL ABBA"
55333,2,legitimate-optot,195638,RES-2015-4310,2,"ABDULKAREEM SHEHU GEZAWA"
55333,2,legitimate-optot,195642,KN2374,KANGIS,"ABDULKAREEM SHEHU GEZAWA"
155277,2,violation-same-parcel,179626,COM-2015-49,1,"TRANSCURE LIMITED"
155277,2,violation-same-parcel,179645,"MLKN 686",KANGIS,"TRANSCURE LIMITED"
51093,2,legitimate-optot,194571,RES-2006-300,2,"EMEKA OKPALA"
51093,2,legitimate-optot,194573,KN2652,KANGIS,"EMEKA OKPALA"
154433,2,violation-same-parcel,179090,"KNML 1240",KANGIS,"BASHIR OTHMAN TOFA"
154433,2,violation-same-parcel,178724,CON-RES-1982-1115,3,"ALH BASHIR USMAN TOFA"
34312,2,legitimate-optot,178404,RES-1989-295,1,"ALIYU HALIDU"
34312,2,legitimate-optot,178433,"KNML 1790",KANGIS,"ALIYU HALIDU"
31910,2,legitimate-optot,178299,RES-1987-1233,1,"SALE ALI NAGERO"
31910,2,legitimate-optot,178306,"KNML 1782",KANGIS,"SALE ALI NAGERO"
13949,2,undecidable,27736,RES-1991-850,1,"ISA BASHEER"
13949,2,undecidable,36279,CON-RES-1991-574,3,"ALHAJI HAMIDU MAIWAKE"
160660,2,violation-same-parcel,184128,SLTR-112128,SLTR,"NWOSU OBINNA"
160660,2,violation-same-parcel,184137,KN5501,KANGIS,"NWOSU OBINNA"
178668,2,violation-same-parcel,197305,CON-RES-2013-532,3,"HISHAM BARAU DANBATTA"
178668,2,violation-same-parcel,197320,"KNML 2114",KANGIS,"HISHAM BARAU DANBATTA"
158838,2,violation-linked,182691,CON-COM-2024-40,3,"BY PAINTS & GENERAL ENT. LTD"
158838,2,violation-linked,182694,KN4166,KANGIS,"BY PAINTS & GENERAL ENT. LTD"
8426,2,review-district-mismatch,22126,CON-RES-2009-81,3,"ABUBAKAR MAIGARI"
8426,2,review-district-mismatch,30272,CON-COM-1999-108,3,"ALH DANJUMA GARBA"
167482,2,violation-same-parcel,189769,CON-RES-2025-7288,3,"FAIZU MUHAMMAD GALADIMA"
167482,2,violation-same-parcel,189787,KN5238,KANGIS,"MURTALA ABDULLAHI JEGA"
151855,2,legitimate-optot,175102,RES-2021-4543,2,"ALHAJI MUHAMMAD SALIHU"
151855,2,legitimate-optot,175108,KN4883,KANGIS,"ALHAJI MUHAMMADU SALIHU"
43046,2,legitimate-optot,198879,RES-1994-821,2,"USMAN BAITA UBA WARU"
43046,2,legitimate-optot,198894,"KNML 3001",KANGIS,"USMAN BAITA UBA WARU"
56776,2,legitimate-optot,174350,RES-2016-2992,2,"KANTO ABBA SULUM"
56776,2,legitimate-optot,174386,"KNML 5179",KANGIS,"KANTO ABBA SULUM"
38812,2,review-district-mismatch,173796,KN1187,KANGIS,"HARUNA ZAKARI"
38812,2,review-district-mismatch,15768,RES-1992-1758,2,"HARUNA ZAKARI"
8382,2,review-district-mismatch,22081,CON-RES-2009-769,3,"MR IZUCHUKWU DONATUS"
8382,2,review-district-mismatch,32705,CON-COM-1997-54,3,"MOHAMMED ALHAJI YAKUBU"
160942,2,violation-same-parcel,184398,SLTR-221265,,"ABBA MUSA  ALI"
160942,2,violation-same-parcel,184417,KN5328,KANGIS,"ABBA MUSA  ALI"
165064,2,violation-same-parcel,187839,CON-RES-2008-403,3,"ABUBAKAR MALAMI ESQ"
165064,2,violation-same-parcel,187853,"KNML 2861",KANGIS,"ABUBAKAR MALAMI ESQ"
15481,2,review-district-mismatch,29279,CON-RES-1985-299,3,"ALHAJI ALASAN ABDULLAHI"
15481,2,review-district-mismatch,34706,CON-RES-2004-385,3,"MR PATRICK OKEKE"
13796,2,undecidable,20914,CON-RES-1990-436,3,"ALHAJI HAFIZU A. RINGIM"
13796,2,undecidable,27573,RES-1991-653,1,"UBA GARBA"
151264,2,legitimate-optot,174502,RES-2016-2314,2,"MUSA BABAYO"
151264,2,legitimate-optot,174531,KN4228,KANGIS,"MUSA BABAYO"
9619,2,review-district-mismatch,133860,"MLKN 1205",KANGIS,"TSG OIL AND GAS LTD"
9619,2,review-district-mismatch,23321,RES-1992-7291,2,"RABIU ALH LELE"
13041,2,review-district-mismatch,32502,CON-RES-1987-382,3,"ALHAJI UMARU IBRAHIM"
13041,2,review-district-mismatch,26813,RES-1991-129,1,"NASIDI USMAN YALWA"
169417,2,collision,191258,DCIV-2026-396,DCIV,"INVESTIGATION ACTIVITIES"
169417,2,collision,196858,RES-2016-4093,2,"ALIYU S/FADA"
13666,2,legitimate-optot,27441,RES-1990-2392,1,"AMANA INTERNATIONAL SCHOOL"
13666,2,legitimate-optot,34266,CON-RES-1989-508,3,"ALHAJI MOHAMMADU MAINA"
17950,2,review-district-mismatch,31754,CON-COM-1984-113,3,"ALHJI MOHAMMADU HAMZA DAN ZAKI"
17950,2,review-district-mismatch,20378,CON-RES-RC-1982-177,3,"HARIYO TITI LAYO OLU"
13356,2,violation-same-parcel,24370,CON-RES-1988-219,3,"MR KUNLE DEYEMI"
13356,2,violation-same-parcel,27130,RES-1991-320,1,"HARUNA UNGOGO"
116909,2,violation-linked,175522,CON-COM-2023-8,3,"AMINU ABDURAHMAN UMAR"
116909,2,violation-linked,175524,KN2712,KANGIS,"AMINU ABDURAHMAN UMAR"
178419,2,violation-linked,197105,CON-COM-2023-623,3,"HAFIZ ABUBAKAR RINGIM"
178419,2,violation-linked,197107,KN985,KANGIS,"HAFIZ ABUBAKAR RINGIM"
7088,2,legitimate-optot,20774,RES-1982-1866,1,"DR DAVID OLANIYI OYEDERE"
7088,2,legitimate-optot,21516,CON-AG-1983-172,3,"SAIDU DATTIJO ADHAMA"
178676,2,violation-linked,197349,"MLKN 3040",KANGIS,"A.S ALIYU"
178676,2,violation-linked,197314,CON-AG-2016-50,3,"A.S ALIYU"
11167,2,review-district-mismatch,24871,CON-RES-1986-399,3,"ALHAJI MUHAMMED GWANDU"
11167,2,review-district-mismatch,197035,CON-RES-1982-1226,3,"ABBAS MAJE ADANANU"
177390,2,legitimate-optot,196388,RES-2022-1073,2,"NASIRU MUHD DANFARANSHI"
177390,2,legitimate-optot,196402,"KNML 9785",KANGIS,"NASIRU MUHD DANFARANSHI"
11375,2,review-district-mismatch,25079,CON-AG-1984-36,3,"ALHAJI AUDU AHMED"
11375,2,review-district-mismatch,29445,CON-RES-1982-199,3,"ALHAJI UMARU USMAN"
159318,2,violation-same-parcel,183039,COM-2019-110,1,"WADA ABDULLAHI KACHAKO"
159318,2,violation-same-parcel,183058,"MLKN 2754",KANGIS,"WADA ABDULLAHI KACHAKO"
56532,2,legitimate-optot,169137,RES-2016-2051,2,"MUSA DANLAMI ALHASSAN"
56532,2,legitimate-optot,169179,KN2461,KANGIS,"MUSA DANLAMI ALHASSAN"
172855,2,review-district-mismatch,193179,CON-RES-2000-105,3,"MALLAM AHMED LOTF"
172855,2,review-district-mismatch,29248,CON-RES-1984-174,3,"MALLAM AHMED LAIF"
153822,2,review-district-mismatch,192239,KN4574,KANGIS,"MURTALA ABDULLAHI JEGA"
153822,2,review-district-mismatch,178145,CON-RES-2023-7355,3,"FAIZU MUHAMMAD GALADIMA"
153552,2,violation-same-parcel,177860,RES-1995-1434,2,"LAWAN SAYYADI"
153552,2,violation-same-parcel,177863,"KNML 45",KANGIS,"LAWAN SAYYADI"
8699,2,legitimate-optot,22398,RES-1992-6420,2,"KABIR UBA ALI"
8699,2,legitimate-optot,32819,CON-COM-2005-48,3,"ALHAJI INUWA SABO"
152034,2,legitimate-optot,175291,RES-2020-536,2,"DR ABDULLAHI GAMBO"
152034,2,legitimate-optot,175292,KN3571,KANGIS,"DR ABDULLAHI GAMBO"
7959,2,review-district-mismatch,29585,CON-COM-1984-88,3,"NUHU MAHAMMED SUNUSI"
7959,2,review-district-mismatch,21653,RES-1992-4793,2,"SANI KABIRU"
135544,2,review-district-mismatch,193538,CON-RES-1982-618,3,"ALH. IBRAHIM ASHIR"
135544,2,review-district-mismatch,157393,"KNML 1131",KANGIS,"RABIU ISA AMINU"
9138,2,review-district-mismatch,35484,CON-COM-2009-796,3,"MARYAM TIJJANI YAKASAI"
9138,2,review-district-mismatch,22839,CON-AG-1990-83,3,"SANUSI NABABA BADAMASI"
135149,2,review-district-mismatch,174801,RES-2005-746,2,"ALH. MAIKUDI SARKIN LEMA"
135149,2,review-district-mismatch,156908,"KNML 1668",KANGIS,"SALISU YUNUSA"
18067,2,review-district-mismatch,31871,CON-RES-1984-17,3,"MR.RAYMOND U. EKPO"
18067,2,review-district-mismatch,23436,CON-RES-RC-1982-338,3,"ALHAJI SALISU GAMBO"
12941,2,legitimate-optot,26713,RES-1982-2001,1,"HABIBU MOHAMMED GWARZO"
12941,2,legitimate-optot,24478,CON-RES-1987-189,3,"ALHAJI KASSIM HUSSAIN"
10980,2,review-district-mismatch,24684,CON-RES-1983-879,3,"ABIGAIL OLALEYE"
10980,2,review-district-mismatch,14945,CON-RES-1981-54,3,"ALHAJI MAILAFIYA"
158512,2,violation-same-parcel,182461,RES-2002-2932,2,"SADI ISAH IBRAHIM"
158512,2,violation-same-parcel,182481,KN3993,KANGIS,"SADI ISAH IBRAHIM"
171703,2,violation-same-parcel,192223,RES-2000-2573,2,"ALHAJI IBRAHIM MIJINYAWA S/DINKI"
171703,2,violation-same-parcel,192224,"KNML 904",KANGIS,"ALHAJI IBRAHIM MIJINYAWA S/DINKI"
10903,2,review-district-mismatch,24607,CON-RES-1987-940,3,"MR. ROMANUS N. OBULUNNE"
10903,2,review-district-mismatch,19110,CON-RES-1981-378,3,"ALHAJI UMARU KAFINTA"
12187,2,review-district-mismatch,25892,CON-RES-1988-475,3,"HASSAN OSMAN YARO"
12187,2,review-district-mismatch,26211,CON-RES-1984-269,3,"MRS MOBOLANLE"
152878,2,legitimate-optot,176318,RES-2012-3457,2,"MUHTARI MOHD WARA"
152878,2,legitimate-optot,176327,KN3924,KANGIS,"MUHTARI MUHAMMAD WARA"
25312,2,review-district-mismatch,47254,CON-RES-2002-97,3,"IBRAHIM SULEIMAN"
25312,2,review-district-mismatch,118204,"KNML 4836",KANGIS,"ZUBAIR ABDULSALAM KWA"
25061,2,violation-same-parcel,183134,RES-1983-903,1,"ABUBAKAR AHMED USMAN"
25061,2,violation-same-parcel,183149,"KNML 1929",KANGIS,"ABUBAKAR AHMED USMAN"
25029,2,legitimate-optot,117117,"KNML 1564",KANGIS,"SOLINA FOOD & BEVERAGES NIG. LTD."
25029,2,legitimate-optot,187214,RES-1990-1576,1,"ALHAJI ALIYU MAMOUD"
178492,2,violation-linked,197165,CON-RES-2011-200,3,"NU'UMAN BARAU DANBATTA"
178492,2,violation-linked,197184,"KNML 7066",KANGIS,"NU'UMAN BARAU DANBATTA"
153302,2,violation-same-parcel,177591,CON-RES-2023-7336,3,"FAIZU MUHAMMAD GALADIMA"
153302,2,violation-same-parcel,187164,KN4776,KANGIS,"MURTALA ABDULLAHI JEGA"
13956,2,review-district-mismatch,27743,RES-1992-7154,2,"TSOHO HAMZA"
13956,2,review-district-mismatch,35759,CON-RES-1991-618,3,"ALH SAGIRU USMAN"
176683,2,violation-same-parcel,195850,CON-RES-1987-564,3,"MR EMEAFU NKECHI OGBUJI"
176683,2,violation-same-parcel,195855,KN3782,KANGIS,"MR EMEAFU NKECHI OGBUJI"
116938,2,violation-same-parcel,175160,RES-2020-523,2,"DR GAMBO"
116938,2,violation-same-parcel,175165,KN3581,KANGIS,"DR GAMBO"
66250,2,legitimate-optot,192597,RES-RC-1982-49,1,"ABDULQADIR  MUHAMMAD JIKA"
66250,2,legitimate-optot,192610,"KNML 9574",KANGIS,"ABDULQADIR MUHAMMAD JIKA"
156759,2,violation-same-parcel,181108,CON-RES-2002-73,3,"INDO TIJJANI  HAJ BICHI"
156759,2,violation-same-parcel,181116,"KNML 1703",KANGIS,"INDO TIJJANI  HAJ BICHI"
12807,2,undecidable,24579,CON-RES-1987-1172,3,"ALHAJI SHEHU ISA ZANGO"
12807,2,undecidable,26579,RES-1982-2376,1,"BALARABE HABU MUSA"
7809,2,legitimate-optot,15321,CON-COM-1982-34,3,"ALHAJI AHMADU BELLO"
7809,2,legitimate-optot,21500,CON-RES-RC-1982-370,3,"GAMBO MALAM"
18134,2,review-district-mismatch,19772,CON-RES-RC-1982-408,3,"ALHAJI MUSA ABDULLAHI"
18134,2,review-district-mismatch,31938,CON-RES-1982-1369,3,"MALLAM MUSA LA"
13287,2,violation-same-parcel,27060,RES-1982-2257,1,"MRS FATIMA MUSA"
13287,2,violation-same-parcel,33829,CON-RES-1987-966,3,"HARUNA MOHAMMED"
12931,2,legitimate-optot,26703,RES-1982-578,1,"ALHAJI RIDWAN ABDU"
12931,2,legitimate-optot,24483,CON-RES-1987-167,3,"SALISU BAWA"
135302,2,violation-same-parcel,157080,"KNML 1025",KANGIS,"ALH USMAN ADAMU ALH"
135302,2,violation-same-parcel,168553,RES-2003-3821,2,"ALHAJI USMAN MILONIYA"
12389,2,review-district-mismatch,26094,CON-RES-1989-255,3,"HAJIYA KALI SALISU"
12389,2,review-district-mismatch,30798,CON-RES-1985-267,3,"ALHAJI UMAR IBRAHIM"
163118,2,legitimate-optot,186255,RES-2011-590,2,"HASHIM ABDULLAHI AYAGI"
163118,2,legitimate-optot,186261,"KNML 1522",KANGIS,"HASHIM ABDULLAHI AYAGI"
42544,2,violation-same-parcel,179543,RES-1994-1871,2,"SANI MOHAMMED LAWAL"
42544,2,violation-same-parcel,179566,"KNML 6460",KANGIS,"SANI MOHAMMED LAWAL"
14268,2,review-district-mismatch,36533,CON-RES-1993-442,3,"MOHAMMED USMAN SHEHU"
14268,2,review-district-mismatch,28055,RES-1992-1604,2,"ALH BALARABE MAIKORE"
43962,2,legitimate-optot,189816,RES-1995-2832,2,"DR MAMMAN LAWAN"
43962,2,legitimate-optot,189829,"KNML 2470",KANGIS,"DR MAMMAN LAWAN"
179303,2,violation-same-parcel,197829,CON-IND-2023-18,3,"AHMAD AND SALE DASUKI BABBA"
179303,2,violation-same-parcel,197845,KN1063,KANGIS,"AHMAD AND SALE DASUKI BABBA"
12278,2,legitimate-optot,25983,CON-RES-RC-1982-211,3,"ALHAJI M. Y. GWANDU"
12278,2,legitimate-optot,31848,CON-RES-1984-568,3,"MR. PAUL ADAMS"
149598,2,violation-same-parcel,172889,RES-2015-2106,2,"HAJIYA RAKIYA MUHAMMAD SUNUSI 2"
149598,2,violation-same-parcel,172901,KN4639,KANGIS,"MUHAMMAD NURUDDEEN AMINU"
12410,2,review-district-mismatch,24723,CON-RES-1985-334,3,"ALH. SHARU UBA SALIHU"
12410,2,review-district-mismatch,26115,CON-RES-1989-467,3,"TIJJANI ADO KOFAR WAMBAI"
12069,2,review-district-mismatch,25377,CON-RES-1983-711,3,"ALHAJI ALASSAN TATA MAKWALLA"
12069,2,review-district-mismatch,25774,CON-RES-1989-169,3,"HASSAN SULEIMAN MUSA"
167203,2,violation-same-parcel,189594,CON-RES-2023-7178,3,"FAIZU MUHAMMAD GALADIMA"
167203,2,violation-same-parcel,189601,KN4603,KANGIS,"MURTALA ABDULLAHI JEGA"
12321,2,review-district-mismatch,31902,CON-RES-1984-709,3,"ALHAJI  LAWAN D/ZUNGURA"
12321,2,review-district-mismatch,173433,KN2899,KANGIS,"MUHAMMAD ADO"
155649,2,violation-linked,179965,CON-COM-2021-621,3,"ABDURRAHMAN MUSA AHMAD"
155649,2,violation-linked,180002,KN120,KANGIS,"ABDURRAHMAN MUSA AHMAD"
163316,2,legitimate-optot,186444,RES-2014-2,2,"ALHAJI ALIYU ABDULLAHI BRATHERS"
163316,2,legitimate-optot,186454,"KNML 1590",KANGIS,"YA'U YAKUBU AHMED"
120512,2,violation-linked,140912,"KNML 1445",KANGIS,"DR. FARUK UMAR"
120512,2,violation-linked,140931,KN897,KANGIS,"DR. FARUK UMAR"
14081,2,legitimate-optot,27868,RES-1993-636,2,"ASHA INTERNATIONAL MODEL SCHOOL"
14081,2,legitimate-optot,34575,CON-RES-1992-458,3,"HASSAN M YAHAYA"
12149,2,review-district-mismatch,29255,CON-RES-1984-143,3,"ANIZOBA F. EKUNIE"
12149,2,review-district-mismatch,25854,CON-AG-1985-161,3,"PROFFESSOR MUHAMMAD SANI ZAHARADEEN"
158525,2,violation-same-parcel,182474,CON-RES-1991-101,3,"CHIEF IGNATIUS OKECHUKU NWOSU"
158525,2,violation-same-parcel,182496,"KNML 1712",KANGIS,"CHIEF IGNATIUS OKECHUKU NWOSU"
7627,2,legitimate-optot,21318,CON-RES-RC-1982-652,3,"ALHAJI AHMADU YARO"
7627,2,legitimate-optot,25248,CON-AG-RC-1984-202,3,"ALHAJI DAN LAMI & SONS"
9354,2,violation-same-parcel,133689,"MLKN 1203",KANGIS,"ALH. SHEHU NAKWARAI"
9354,2,violation-same-parcel,23055,CON-RES-1991-615,3,"HUWAILA AHMADU KURA"
164017,2,violation-same-parcel,186925,RES-2014-331,2,"PETER SUNDAY C  ECHETABU"
164017,2,violation-same-parcel,186928,"KNML 2858",KANGIS,"PETER SUNDAY C  ECHETABU"
12144,2,review-district-mismatch,25849,CON-AG-1985-112,3,"ALH HAMISU MUSA"
12144,2,review-district-mismatch,31829,CON-RES-1984-125,3,"SANI MUSTAFA BABURA"
165264,2,legitimate-optot,188053,RES-2012-3990,2,"SABIU UMAR"
165264,2,legitimate-optot,188055,"KNML 2887",KANGIS,"SABIU UMAR"
7781,2,review-district-mismatch,21472,CON-AG-1985-54,3,"ALHAJI MAIGIDA SAADU"
7781,2,review-district-mismatch,15290,CON-COM-1982-239,3,"ROADS NIGERIA LIMITED"
158647,2,violation-linked,182568,COM-2022-616,1,"LAGAF SERVICES"
158647,2,violation-linked,182580,"MLKN 4515",KANGIS,"LAGAF SERVICES"
17991,2,review-district-mismatch,31795,CON-RES-1984-688,3,"SULAIMAN DAUDA"
17991,2,review-district-mismatch,20360,CON-RES-RC-1982-214,3,"ALHAJI ZAKARI MAI GORO"
11655,2,legitimate-optot,26069,CON-RES-1982-625,3,"ALHAJI DANLADI UMARU MAKERI"
11655,2,legitimate-optot,25359,CON-COM-RC-1982-28,3,"MUSA MAILAFIYA PETROLEUM (NIG) LTD"
178642,2,violation-same-parcel,197280,RES-2007-1935,2,"YAHAYA BARAU DANBATTA"
178642,2,violation-same-parcel,197288,"KNML 2112",KANGIS,"YAHAYA BARAU DANBATTA"
12873,2,review-district-mismatch,26645,RES-1982-2158,1,"ALHAJI AUWALU IBRAHIM TARAUNI"
12873,2,review-district-mismatch,32246,CON-RES-1987-1380,3,"ALHAJI SHARIF BALARABE ABUBAKAR ZARIA"
180259,2,violation-linked,198651,"MLKN 4346",KANGIS,"SURAJO JIBRIN"
180259,2,violation-linked,198602,CON-COM-2022-254,3,"ALHAJI SURAJO JIBRIN"
819,2,legitimate-optot,191044,COM-1986-45,1,"ALHAJI YUSUF K. UMARU"
819,2,legitimate-optot,14479,CON-RES-1981-578,3,"ALH AMINU MUSA"
60837,2,legitimate-optot,173687,RES-2021-3523,2,"ALHAJI TIJJANI UMAR MUSA"
60837,2,legitimate-optot,173694,KN4328,KANGIS,"ALHAJI TIJJANI UMAR MUSA"
25278,2,review-district-mismatch,38908,CON-RES-1997-203,3,"ALH AHMADU SALE NAGERO"
25278,2,review-district-mismatch,117989,"KNML 4805",KANGIS,"BALARABE NABEGU"
18644,2,review-district-mismatch,32449,CON-RES-1986-35,3,"ALH IDI MAIDOYA"
18644,2,review-district-mismatch,23725,CON-RES-RC-1992-1,3,"ALHAJI AHMED LOFT"
158953,2,legitimate-optot,182737,RES-2016-3232,2,"NURA AHMED TAFIDA"
158953,2,legitimate-optot,184508,LPCC-2022-149,DCIV,"KANO STATE JUDICIARY"
14452,2,undecidable,33191,CON-RES-1994-385,3,"ABDULLAHI ISA BAYERO"
14452,2,undecidable,28239,RES-1994-388,2,"KABIRU ILIYASU"
18126,2,violation-same-parcel,31930,CON-RES-1982-946,3,"ALHAJI SULE AKANJI"
18126,2,violation-same-parcel,30692,CON-RES-RC-1982-400,3,"CHARLES N CHIANUMBA"
17951,2,review-district-mismatch,31755,CON-COM-1984-134,3,"ALHAJI NA BABA ABDULMUMINI"
17951,2,review-district-mismatch,19842,CON-RES-RC-1982-178,3,"ALHAJI ABDUL-RAHIM F. ODENIKE"
12193,2,review-district-mismatch,25898,CON-RES-1988-346,3,"ALHAJI SAIDU BALA HARUNA"
12193,2,review-district-mismatch,26222,CON-RES-1984-287,3,"TOBAK INVESTMENT COMPANY LTD"
13785,2,undecidable,27562,RES-1991-637,1,"RUKAIYA CINHANNU"
13785,2,undecidable,36062,CON-RES-1990-416,3,"ALHAJI BASHARI IBRAHIM"
10860,2,review-district-mismatch,24564,CON-RES-1987-1413,3,"ALHAJI TASIU SANI MAI ADRE"
10860,2,review-district-mismatch,19147,CON-RES-1981-311,3,"ALHAJI MUHAMMADU SANI MUSA"
152866,2,violation-same-parcel,176298,RES-2018-3057,2,"ASIYA UMAR ABDULLHAI"
152866,2,violation-same-parcel,176307,KN4791,KANGIS,"ASIYA UMAR ABDULLAHI"
10294,2,review-district-mismatch,23996,CON-RES-1989-4,3,"ALHAJI ALHASSAN DOGARA"
10294,2,review-district-mismatch,188331,"KNML 2893",KANGIS,"TOTAL NIGERIA PLC"
156665,2,legitimate-optot,181022,RES-2014-1537,2,"MUNIR NASIDI DANEJI"
156665,2,legitimate-optot,181024,"KNML 1959",KANGIS,"MUNIR NASIDI DANEJI"
6951,2,undecidable,16495,CON-AG-1982-263,3,"ALHAJI LAWAN UMAR"
6951,2,undecidable,20635,RES-1992-3200,2,"ALH SANI IBRAHIM"
5387,2,violation-same-parcel,198549,COM-2023-577,1,"SUNBELT IMPORT & EXPORT INVESTMENT COMPANY LIMITED"
5387,2,violation-same-parcel,198569,KN3943,KANGIS,"SUNBELT IMPORT & EXPORT INVESTMENT COMPANY LIMITED"
9595,2,legitimate-optot,33974,CON-COM-2014-56,3,"IDRIS ADO MANYA"
9595,2,legitimate-optot,23297,RES-1992-7240,2,"NURA S ABDULLAHI"
161613,2,violation-linked,185028,CON-COM-2020-198,3,"BADAMASI GARBA IDI"
161613,2,violation-linked,185042,KN4267,KANGIS,"BADAMASI GARBA IDI"
24081,2,review-district-mismatch,47049,CON-RES-1991-486,3,"ZUBAIRU INUWA IBRAHIM"
24081,2,review-district-mismatch,47097,CON-RES-2002-317,3,"ALH HAMISU UBA"
52989,2,legitimate-optot,169203,RES-2009-861,2,"IMAMU NASIR"
52989,2,legitimate-optot,169227,"KNML 2393",KANGIS,"USMAN YUSUF USMAN"
169578,2,violation-same-parcel,191385,RES-2016-2499,2,"ABUBAKAR SAHABO BAWURO"
169578,2,violation-same-parcel,191393,"KNML 8946",KANGIS,"ABUBAKAR SAHABO BAWURO"
17425,2,review-district-mismatch,31228,CON-RES-1995-291,3,"MESSRS TRUSCO INDUSTRIES LIMITED"
17425,2,review-district-mismatch,184714,KN5441,KANGIS,"MURTALA ABDULLAHI JEGA"
171325,2,review-district-mismatch,191938,CON-COM-2010-341,3,"ABDULLAHI IBRAHIM ADAM"
171325,2,review-district-mismatch,191968,"MLKN 4424",,"ABDULLAHI IBRAHIM ADAM"
164014,2,violation-same-parcel,186923,CON-RES-1996-218,3,"ALHAJI ABDULKAREEM ALI MANSUR"
164014,2,violation-same-parcel,186934,"KNML 1569",KANGIS,"ALHAJI ABDULKAREEM ALI MANSUR"
158825,2,violation-same-parcel,182680,RES-1992-1790,2,"MAIRO LIMAN & MAIMUNA USMAN"
158825,2,violation-same-parcel,182681,"KNML 1941",KANGIS,"MOHAMMED  KAMALDEEN LUKMAN"
26760,2,violation-same-parcel,158733,"KNML 1271",KANGIS,"ALH MUSA WAZIRI KWAJAFFA"
26760,2,violation-same-parcel,15416,RES-1981-1176,1,"NURA IBRAHIM GAYA"
7946,2,review-district-mismatch,29258,CON-COM-1984-5,3,"MUHTARI ENTERPRISES COMPANY LTD"
7946,2,review-district-mismatch,21639,RES-1992-4765,2,"GARBA ABDU"
151029,2,violation-linked,174278,CON-RES-2011-797,3,"UMAR SHAWAI"
151029,2,violation-linked,174285,"KNML 569",KANGIS,"UMAR SHAWAI"
18217,2,review-district-mismatch,34522,CON-RES-RC-1982-492,3,"ALHAJI NURA TURAKI"
18217,2,review-district-mismatch,32021,CON-RES-1983-603,3,"ABUBAKAR UMARU"
14812,2,legitimate-optot,38614,CON-RES-1997-224,3,"ALHAJI TIJJANI BADAWI YAKASAI"
14812,2,legitimate-optot,28602,RES-1993-1397,2,"ALHAJI USAINI BABA IBRAHIM"
14469,2,undecidable,28256,RES-1994-391,2,"GARBA MUSA"
14469,2,undecidable,33237,CON-RES-1994-448,3,"ABDULLAHI DANJUMA SHUAIBU"
17972,2,review-district-mismatch,30683,CON-RES-RC-1982-198,3,"ALHAJI AMADU ALI"
17972,2,review-district-mismatch,31776,CON-RES-1984-592,3,"MUHAMMADU ADAMU"
58945,2,violation-same-parcel,194185,RES-2019-1086,2,"IBRAHIM ISYAKU NA ABBA"
58945,2,violation-same-parcel,194193,"KNML 6547",KANGIS,"IBRAHIM ISYAKU NA ABBA"
146222,2,legitimate-optot,169257,RES-2015-4912,2,"BASHIR HUSSAINI"
146222,2,legitimate-optot,169282,KN5071,KANGIS,"BASHIR HUSSAINI"
7911,2,review-district-mismatch,31732,CON-COM-1984-116,3,"ALHAJI ISA ABDULLAHI"
7911,2,review-district-mismatch,21603,RES-1992-4688,2,"SA'ADATU LAWAN BAJA"
7261,2,review-district-mismatch,20948,CON-RES-1993-575,3,"GARBA SHARIF HABIB"
7261,2,review-district-mismatch,18700,CON-AG-1987-43,3,"ALHAJI INUWA UMARU MAI MAI"
163827,2,violation-same-parcel,186774,RES-2002-8117,2,"SADI SULMANU"
163827,2,violation-same-parcel,186794,"KNML 270",KANGIS,"GARBA YAKASAI SANI"
13289,2,undecidable,27062,RES-1982-2259,1,"ALHAJI RABI'U USMAN"
13289,2,undecidable,32295,CON-RES-1987-97,3,"ALHAJI WADA MAIBURODI"
14912,2,review-district-mismatch,38354,CON-RES-1998-253,3,"MR ALBAERT C OKUDO"
14912,2,review-district-mismatch,28703,RES-1993-1882,2,"HAJIYA HALIMA ABACHA"
12355,2,review-district-mismatch,26060,CON-AG-1982-308,3,"ALHAJI USAINI IBRAHIM"
12355,2,review-district-mismatch,29298,CON-RES-1985-15,3,"ALHAJI AMADU ALI"
8265,2,review-district-mismatch,21964,RES-1992-5748,2,"HAJIYA UWANI ARMA YA'U"
8265,2,review-district-mismatch,31514,CON-COM-1994-10,3,"BELLO MAHMOUD BABURA"
9497,2,review-district-mismatch,167914,"MLKN 2560",KANGIS,"BASMA AGRIC PROCESSING LIMITED"
9497,2,review-district-mismatch,23199,RES-1992-7090,2,"MUHAMMAD IBRAHIM"
11057,2,review-district-mismatch,21675,CON-RES-1982-100,3,"ALHAJI MOHAMMED SHETTIMA"
11057,2,review-district-mismatch,24761,CON-RES-1985-554,3,"AMINU GWAMMAJA"
10281,2,review-district-mismatch,25362,CON-COM-RC-1982-31,3,"ALH. MUSA MAILAFIYA"
10281,2,review-district-mismatch,23983,CON-RES-1989-29,3,"DR MUHAMMAD DAUDA"
7786,2,legitimate-optot,26037,CON-COM-1982-256,3,"MALLAM HAMISU ALA"
7786,2,legitimate-optot,21477,CON-RES-RC-1982-458,3,"ALLAH NA NAN NIGERIA LIMITED"
171848,2,violation-linked,192381,CON-COM-2019-38,3,"KANO FASHION CITY"
171848,2,violation-linked,192410,"MLKN 4487",KANGIS,"KANO FASHION CITY"
10952,2,review-district-mismatch,24656,CON-RES-1984-19,3,"ALHAJI LAWAN AHMAD MALAMI"
10952,2,review-district-mismatch,23458,CON-RES-1981-476,3,"ALH. AMINU DANTATA"
46773,2,legitimate-optot,187859,RES-2000-2111,2,"SANI EL-YAKUB"
46773,2,legitimate-optot,187893,"KNML 2402",KANGIS,"SANI EL-YAKUB"
24060,2,undecidable,47028,CON-RES-2000-202,3,"ALHAJI ADO AMMANI MAI ZARE"
24060,2,undecidable,47077,CON-RES-1999-11,3,"DR ALI MOHAMMED"
37224,2,legitimate-optot,185579,RES-1991-489,1,"FATIMA MUSTAPHA"
37224,2,legitimate-optot,185581,"KNML 1511",KANGIS,"FATIMA MUSTAPHA"
65688,2,legitimate-optot,198521,RES-RC-1982-1648,1,"ENYO EFFIONG EKPENYONG OKU"
65688,2,legitimate-optot,198627,"KNML 9589",KANGIS,"EYO EFFIONG EKPENYONG-OKU"
16606,2,review-district-mismatch,30406,CON-RES-1986-265,3,"ALHAJI ABUBAKAR MUSA"
16606,2,review-district-mismatch,196674,"KNML 3844",KANGIS,"REUBEN A.A ALHASSAN"
7217,2,legitimate-optot,30582,CON-AG-1986-158,3,"YAHAYA OTHMAN"
7217,2,legitimate-optot,20904,CON-RES-RC-1981-44,3,"ALHAJI IBRAHIM DAN'WAKILI"
13291,2,undecidable,29397,CON-RES-1987-971,3,"ALHAJI ALIYU TIJJANI"
13291,2,undecidable,27064,RES-1982-2261,1,"ALHAJI MOHAMMAD SALE"
14027,2,legitimate-optot,27814,RES-1993-181,2,"ALHAMSAD INVESTMENT LTD"
14027,2,legitimate-optot,23507,CON-RES-1992-24,3,"ALHAJI GARBA IDRIS"
65959,2,violation-same-parcel,196580,RES-RC-1982-227,1,"AHMED N.B DANBATTA"
65959,2,violation-same-parcel,196600,"KNML 8603",KANGIS,"AHMED N.B DANBATTA"
171869,2,violation-same-parcel,192400,CON-RES-2023-7220,3,"FAIZU MUHAMMAD GALADIMA"
171869,2,violation-same-parcel,192407,KN5257,KANGIS,"MURTALA ABDULLAHI JEGA"
14502,2,legitimate-optot,29888,CON-RES-1994-649,3,"MUHAMMAD AMINU ADAMU"
14502,2,legitimate-optot,28289,RES-1994-1941,2,"ALH BAITA BALA"
14690,2,review-district-mismatch,28478,RES-1993-472,2,"ALASAN GARBA"
14690,2,review-district-mismatch,22532,CON-RES-1995-99,3,"ALHAJI AUDU MANAGER"
18341,2,review-district-mismatch,19532,CON-RES-RC-1982-618,3,"ALHAJI MUHTAR T. SA'AD"
18341,2,review-district-mismatch,32145,CON-RES-1987-727,3,"PAUL IKECHUKWU UMEGHALU"
13215,2,review-district-mismatch,29426,CON-RES-1987-801,3,"MR. SYLVESTER I. NJIDEFFOR"
13215,2,review-district-mismatch,162249,KN2703,KANGIS,"MR. SYLVESTER I. NJIDEFOR"
165350,2,violation-linked,188141,CON-AG-2016-8,3,"SAAD ABUBAKAR ADAMS"
165350,2,violation-linked,188158,"MLKN 2768",KANGIS,"SAAD ABUBAKAR ADAMS"
8113,2,legitimate-optot,16152,CON-COM-1990-33,3,"AL-THANI INVESTMENT NIGERIA LIMITED"
8113,2,legitimate-optot,21809,RES-1992-4977,2,"DELFI INTERNATIONAL LIMITED"
12372,2,legitimate-optot,30777,CON-RES-1985-21,3,"ALHAJI ADO ROGO"
12372,2,legitimate-optot,26077,CON-AG-1982-217,3,"DUTSEN GIMA FARM LIMITED"
6143,2,legitimate-optot,19821,CON-RES-RC-1982-628,3,"ALHAJI BALA HASSAN"
6143,2,legitimate-optot,184827,COM-RC-1982-401,1,"MESSRS MADRATEX LIMITED"
163834,2,violation-same-parcel,186781,RES-1998-1059,2,"ABDULKADIR MOHAMMAD CAPT"
163834,2,violation-same-parcel,186783,"KNML 1547",KANGIS,"ABBA IBRAHIM BABA"
67237,2,violation-same-parcel,193939,RES-RC-1985-105,1,"MR. TAHIR ALI TAHIR"
67237,2,violation-same-parcel,193958,KN933,KANGIS,"TAHIR ALI TAHIR"
176162,2,violation-linked,195356,CON-AG-2022-126,3,"ALH SURAJO JIBRIN"
176162,2,violation-linked,195375,KN1857,KANGIS,"ALH SURAJO JIBRIN"
178673,2,violation-linked,197311,CON-COM-2022-417,3,"MUAZU INUSA ALIYU"
178673,2,violation-linked,197333,KN3828,KANGIS,"MUAZU INUSA ALIYU"
14445,2,review-district-mismatch,28232,RES-1993-2481,2,"ABDULLAHI MOHD TIGA"
14445,2,review-district-mismatch,31470,CON-RES-1994-368,3,"ALHAJI SABO LAWAN KABARA"
17863,2,review-district-mismatch,31667,CON-RES-1986-194,3,"ALHAJI AMADU ABDULKADIR"
17863,2,review-district-mismatch,19794,CON-RES-RC-1982-104,3,"MOHAMMADU KABARA"
1161,2,violation-same-parcel,168100,COM-1991-8,1,"ALHAJI MUAZU SALE"
1161,2,violation-same-parcel,184105,COM-RC-1983-11,1,"A.H SULAIMAN & BROS (NIG) LTD"
2602,2,violation-same-parcel,176273,COM-2002-911,1,"NURUDDEEN ABUBAKAR BATURE"
2602,2,violation-same-parcel,176285,KN3321,KANGIS,"NURUDDEEN ABDULKADIR BATURE"
164406,2,legitimate-optot,187274,RES-2014-415,2,"UMAR MALO"
164406,2,legitimate-optot,187275,"KNML 7781",KANGIS,"MAHBUB G. WAKILI"
161566,2,violation-same-parcel,184995,COM-2018-20,1,"ALHAJI AMINU IBRAHIM AND SONS"
161566,2,violation-same-parcel,196204,COM-RC-1982-192,1,"ALHAJI AMINU IBRAHIM AND SONS"
14923,2,review-district-mismatch,28715,RES-1993-1932,2,"IBRAHIM UMAR MOHD"
14923,2,review-district-mismatch,23506,CON-RES-1998-300,3,"ALHAJI IBRAHIM ABDULSALAM SIDI"
14509,2,undecidable,28296,RES-1994-1948,2,"AUWALU HABIBU"
14509,2,undecidable,31122,CON-RES-1994-668,3,"ALHAJI IBRAHIM BALA SAYE"
11296,2,legitimate-optot,25119,CON-RES-1982-1504,3,"AKINPELU AKINKUNMI"
11296,2,legitimate-optot,25000,CON-RES-1982-1493,3,"IBRAHIM MAHMOUD"
152627,2,legitimate-optot,176045,RES-2021-856,2,"ASHIRU AMINU LAWAN"
152627,2,legitimate-optot,176046,KN2790,KANGIS,"ASHIRU AMINU LAWAN"
154043,2,violation-same-parcel,180985,KN5124,KANGIS,"MURTALA ABDULLAHI JEGA"
154043,2,violation-same-parcel,178386,CON-RES-2023-7246,3,"FAIZU MUHAMMAD GALADIMA"
12815,2,legitimate-optot,32308,CON-RES-1987-1205,3,"ALHAJI JAMILU SULEIMAN AND ALHAJI MUNKAILA BELLO"
12815,2,legitimate-optot,26587,RES-1982-2410,1,"ALHAJI AHMAD RUFA'I TANKO"
11960,2,legitimate-optot,23887,CON-RES-1983-385,3,"SHAZALI SANI MUSA"
11960,2,legitimate-optot,25665,CON-RES-RC-1984-32,3,"CHIEF JOSEPH UBA"
155190,2,review-district-mismatch,179524,CON-RES-2023-7198,3,"FAIZU MUHAMMAD GALADIMA"
155190,2,review-district-mismatch,179530,KN5143,KANGIS,"MURTALA ABDULLAHI JEGA"
8441,2,review-district-mismatch,22141,CON-RES-2009-756,3,"ALH.HABIBU USMAN KUNFADA GARKO"
8441,2,review-district-mismatch,30311,CON-COM-1999-52,3,"USMAN HASSAN"
116950,2,review-district-mismatch,174903,CON-IND-2023-8,3,"RUFA'I SALE BICHI"
116950,2,review-district-mismatch,174919,KN3155,KANGIS,"RUFA'I SALE BICHI"
47965,2,violation-same-parcel,195043,RES-2001-2051,2,"SHEHU BELLO DISO"
47965,2,violation-same-parcel,195074,"KNML 1413",KANGIS,"SHEHU BELLO DISO"
152635,2,review-district-mismatch,176062,CON-IND-2023-17,3,"ALH BABBAN GIDA HASHIM"
152635,2,review-district-mismatch,176078,KN4768,KANGIS,"ALH BABBAN GIDA HASHIM"
8232,2,review-district-mismatch,33179,CON-COM-1993-20,3,"ALH RABIU SULE GARO"
8232,2,review-district-mismatch,21929,CON-RES-2009-95,3,"GARBA YUSUF"
160746,2,violation-same-parcel,184242,CON-RES-2009-190,3,"ALH NABABA ABDULMUMINI"
160746,2,violation-same-parcel,184264,"KNML 1733",KANGIS,"GODWING UMEANULUGWO"
12954,2,review-district-mismatch,26726,RES-1991-9,1,"MRS. HINDATU BELLO"
12954,2,review-district-mismatch,32223,CON-RES-1987-208,3,"ALHAJI IDRIS MUSA"
13811,2,undecidable,27588,RES-1991-667,1,"NASIRU BASHIR"
13811,2,undecidable,30020,CON-RES-1990-57,3,"JAZULI GARBA"
52693,2,violation-same-parcel,168234,RES-2009-7113,2,"IBRAHIM SADIQ OTHMAN"
52693,2,violation-same-parcel,168272,KN5020,KANGIS,"IBRAHIM SADIQ OTHMAN"
152063,2,violation-same-parcel,175323,RES-2020-1809,2,"ALH USMAN MUHAMMAD HASKE"
152063,2,violation-same-parcel,175327,KN3647,KANGIS,"ALH USMAN MUHAMMAD HASKE"
10181,2,review-district-mismatch,172054,CON-COM-2024-732,3,"AL_YAMAN OIL & GAS LIMITED"
10181,2,review-district-mismatch,23883,CON-RES-1983-288,3,"RABIU HUSAINI"
11339,2,review-district-mismatch,25043,CON-RES-1984-264,3,"ALHAJI MUHAMMADU DANKAUYE"
11339,2,review-district-mismatch,23545,CON-RES-1982-1624,3,"ALHAJI SANI ADAMU TRADER"
11951,2,review-district-mismatch,25656,CON-RES-1985-563,3,"ISYAKU ABDURRAHMAN"
11951,2,review-district-mismatch,24382,CON-RES-1983-363,3,"ALHAJI SANI ISA"
14964,2,review-district-mismatch,38360,CON-RES-1999-110,3,"ALH YUSIF SALIHU ALIYU"
14964,2,review-district-mismatch,28756,RES-1993-2581,2,"UMAR MUSA"
24897,2,violation-linked,182041,RES-2016-2215,2,"ISA MUSA GARKO"
24897,2,violation-linked,182046,"KNGP 189",KANGIS,"ISA MUSA GARKO"
13415,2,violation-same-parcel,27189,RES-1991-399,1,"SALE GALADIMA"
13415,2,violation-same-parcel,29895,CON-RES-1988-385,3,"ALH ABUBAKAR ISAH"
46167,2,legitimate-optot,194707,RES-1999-1239,2,"ALI JECHI"
46167,2,legitimate-optot,194709,KN2704,KANGIS,"ALI JECHI"
175593,2,legitimate-optot,194986,"KNML 3540",,"DR. ABUBAKAR DANJUMA SALISU"
175593,2,legitimate-optot,195156,RES-2015-1023,2,"DR ABUBAKAR D SALISU"
18003,2,review-district-mismatch,31807,CON-RES-1984-487,3,"ALHAJI HASSAN NA ALHAJI ABDU KUKI"
18003,2,review-district-mismatch,130592,"KNML 810",KANGIS,"ALHAJI MAHAMMADU ABDU"
11295,2,review-district-mismatch,26008,CON-RES-1982-1503,3,"MOHAMMED HASSAN TILDE"
11295,2,review-district-mismatch,24999,CON-RES-1982-1449,3,"UMARU KABIRU MUSA"
17458,2,collision,184466,KN5407,KANGIS,"MURTALA ABDULLAHI JEGA"
17458,2,collision,31261,CON-RES-1995-494,3,"MR. L. F. B. DUKE"
1306,2,review-district-mismatch,174765,COM-1993-167,1,"SA'AD SHITU SHARUBUTU"
1306,2,review-district-mismatch,14967,CON-RES-1981-85,3,"ALHAJI DAN INU GARBA"
176178,2,violation-linked,195372,CON-RES-2008-810,3,"ALI NUHU WALI"
176178,2,violation-linked,195382,"KNML 1404",KANGIS,"ALI NUHU WALI"
12602,2,review-district-mismatch,26298,CON-RES-1986-24,3,"IBADAN DECENDANT UNION"
12602,2,review-district-mismatch,26308,CON-RES-1986-143,3,"ALHAJI MOHAMMED UMARE"
179398,2,violation-same-parcel,197911,COM-2011-150,1,"AFRO CASE & CO."
179398,2,violation-same-parcel,197924,"MLKN 2442",KANGIS,"AFRO CASE & CO."
59750,2,legitimate-optot,182061,RES-2019-333,2,"BASHIR TIJJANI ALIYU"
59750,2,legitimate-optot,182079,KN4274,KANGIS,"BASHIR TIJJANI ALIYU"
14649,2,legitimate-optot,28437,RES-1993-374,2,"MURTALA SANI JEGA"
14649,2,legitimate-optot,22782,CON-RES-1995-528,3,"LAWAN ABDU DANDAGO"
12728,2,undecidable,30849,CON-RES-1987-1034,3,"ALHAJI MUSTAPHA AHMED"
12728,2,undecidable,26434,RES-1982-1988,1,"SHA'AIBU ZAKARAI MAIGORO"
13022,2,review-district-mismatch,32136,CON-RES-1987-343,3,"ALHAJI BABA ENGINEER"
13022,2,review-district-mismatch,26794,RES-1991-109,1,"ALHAJI MAKAMA SHEHU"
67611,2,legitimate-optot,186306,RES-RC-1988-35,1,"ABDULLAHI HALILU"
67611,2,legitimate-optot,186321,"KNML 260",KANGIS,"ABDULLAHI HALILU"
165098,2,legitimate-optot,187877,RES-2014-756,2,"ISMAIL AMINU SALEH"
165098,2,legitimate-optot,187895,"KNML 2875",KANGIS,"ISMAIL AMINU SALEH"
11379,2,review-district-mismatch,30982,CON-RES-1982-203,3,"MRS ADEREMI OLOWOWLORA"
11379,2,review-district-mismatch,25083,CON-AG-1984-40,3,"ALHAJI SANI SALIHU"
12044,2,review-district-mismatch,25749,CON-RES-1989-198,3,"ALHAJI AMINU UMAR & SON"
12044,2,review-district-mismatch,26339,CON-RES-1983-62,3,"ALHAJI MUSTAPHA MADU"
159354,2,violation-same-parcel,183096,"MLKN 2752",KANGIS,"WADA ABDULLAHI KACHAKO"
159354,2,violation-same-parcel,183080,COM-2019-109,1,"WADA ABDULLAHI KACHAKO"
17930,2,review-district-mismatch,19813,CON-RES-RC-1982-155,3,"MUSTAPHA GARBA MAISIKELI"
17930,2,review-district-mismatch,31734,CON-COM-1984-104,3,"ALHAJI USMAN SANI"
42780,2,violation-linked,182526,RES-1994-2322,2,"ISMAILA USMAN"
42780,2,violation-linked,182527,"KNML 1949",KANGIS,"ISMAILA USMAN"
16259,2,review-district-mismatch,30058,CON-RES-1990-168,3,"ALHAI IBRAHIM MOHD HAWAY"
16259,2,review-district-mismatch,35426,CON-RES-2009-890,3,"NWAJIOFOR IFEANYI"
161264,2,violation-same-parcel,184711,SLTR-216721,SLTR,"ADAMU IDRIS"
161264,2,violation-same-parcel,184718,KN5508,KANGIS,"ADAMU IDRIS"
8689,2,review-district-mismatch,22388,RES-1992-6399,2,"SHARU IBRAHIM"
8689,2,review-district-mismatch,32825,CON-COM-2005-24,3,"ALHAJI HARUNA TAHIR"
17535,2,review-district-mismatch,191916,KN5172,,"MURTALA ABDULLAHI JEGA"
17535,2,review-district-mismatch,31338,CON-RES-1995-483,3,"ALHAJI MAHMOUD ABUBAKAR LIMAN"
13286,2,undecidable,29362,CON-RES-1987-965,3,"ALHAJI IBRAHIM HAMZA"
13286,2,undecidable,27059,RES-1982-2256,1,"HAJIYA FATIMA MOHD SALIHI"
24039,2,review-district-mismatch,47006,CON-RES-1999-83,3,"ALHAJI SANI IDRIS"
24039,2,review-district-mismatch,47056,CON-RES-1998-281,3,"MUHAMMAD BABA SURAJO"
12101,2,review-district-mismatch,25806,CON-RES-1983-681,3,"ALHAJI GARBA AHALI"
12101,2,review-district-mismatch,25253,CON-RES-1983-806,3,"DR ADAM ESIMAJE OYOWE"
176283,2,violation-same-parcel,195433,RES-2005-1197,2,"HAJIYA HABIBA ABUBAKAR"
176283,2,violation-same-parcel,195443,"KNML 2284",KANGIS,"NASIRU SHITTU IDRIS"
14367,2,legitimate-optot,28154,RES-1993-2102,2,"MR MATHEW OKAPOR"
14367,2,legitimate-optot,29842,CON-RES-1994-262,3,"KOKIYA PETROLEUM PRODUCTS & HAULAGE LTD"
151370,2,legitimate-optot,174599,RES-2020-548,2,"DR ABDULLAHI GAMBO"
151370,2,legitimate-optot,174604,KN3452,KANGIS,"DR ABDULLAHI GAMBO"
8776,2,review-district-mismatch,22475,CON-RES-1995-347,3,"ALHAJI SABO MUKHTARI KABARA"
8776,2,review-district-mismatch,34894,CON-COM-2006-70,3,"DAYYABU U SULEIMAN"
11051,2,review-district-mismatch,14985,CON-RES-1981-95,3,"AMINU TIJJANI"
11051,2,review-district-mismatch,24755,CON-RES-1985-487,3,"HAJIYA YAR SHEHU ISHAK"
33553,2,legitimate-optot,191643,RES-1989-1285,1,"ALH SANUSI ADAMU"
33553,2,legitimate-optot,191649,"KNML 2485",KANGIS,"ALH SANUSI ADAMU"
12730,2,violation-same-parcel,26436,RES-1982-1992,1,"TUKUR UMAR AUWAL"
12730,2,violation-same-parcel,34567,CON-RES-1987-1038,3,"ALHAJI ABDULLAHI NASIDI"
8573,2,review-district-mismatch,22272,CON-RES-1982-1258,3,"HAJIYA RAKIYA .A. GARBA KANO"
8573,2,review-district-mismatch,32849,CON-COM-2003-115,3,"MAITANGARAN & SONS (NIGERIA) LIMITED"
3482,2,review-district-mismatch,17154,RES-1982-507,1,"ADAMU BALA TALLE"
3482,2,review-district-mismatch,192542,COM-2010-304,1,"ALHAJI SANI ALI"
14275,2,legitimate-optot,37121,CON-RES-1993-467,3,"EDMUND MBANEFO EKPE"
14275,2,legitimate-optot,28062,RES-1993-1619,2,"ALI ABDU"
39850,2,violation-linked,197869,RES-1992-4893,2,"NASIDI ABUBAKAR MOHD"
39850,2,violation-linked,197901,"KNML 1441",KANGIS,"ALH NASIDI ABUBAKAR MUHAMMAD"
17505,2,collision,185529,KN5400,KANGIS,"MURTALA ABDULLAHI JEGA"
17505,2,collision,31308,CON-AG-1995-60,3,"ALHAJI TIJJANI SANI"
8277,2,review-district-mismatch,31533,CON-COM-1994-35,3,"ALHAJI AUWALU ABDU"
8277,2,review-district-mismatch,21976,RES-1992-5798,2,"MOHAMMED USMAN JIBRUN"
154495,2,violation-same-parcel,178783,CON-RES-1997-240,3,"FAROUK ALIYU GARKO"
154495,2,violation-same-parcel,178784,"KNML 1766",KANGIS,"FAROUK ALIYU GARKO"
12210,2,review-district-mismatch,26225,CON-RES-1984-337,3,"ALHAJI SALE ISA BELLO"
12210,2,review-district-mismatch,25915,CON-RES-1988-634,3,"RALIYA SAIDU"
8016,2,review-district-mismatch,19176,CON-COM-1986-52,3,"ALH. LAWAN SULE GARO"
8016,2,review-district-mismatch,21710,CON-RES-1982-327,3,"ALHAJI LAWAN A. ALI HOTORO"
18437,2,review-district-mismatch,16769,CON-RES-RC-1982-727,3,"MAMUDU ABUBAKAR TURAJO"
18437,2,review-district-mismatch,32242,CON-RES-1987-1324,3,"ALHAJI SALISU ALI"
6996,2,review-district-mismatch,20680,CON-RES-1995-387,3,"ALH. DANJINJIRI BALA"
6996,2,review-district-mismatch,18767,CON-AG-1982-4,3,"ALH IBRAHIM CHIGARI S/SHANU"
17421,2,collision,184333,KN5440,KANGIS,"MURTALA ABDULLAHI JEGA"
17421,2,collision,31224,CON-RES-1995-287,3,"ALHAJI ABUBAKAR USMAN"
12367,2,review-district-mismatch,25869,CON-RES-1985-190,3,"ALHAJI KABIRU USMAN KULO"
12367,2,review-district-mismatch,26072,CON-RES-1982-263,3,"HAJIYA DIJE ADAMU"
32101,2,legitimate-optot,179577,RES-1987-1703,1,"KABIRU SANI DAGI"
32101,2,legitimate-optot,179595,"KNML 1225",KANGIS,"ALHAJI AMINU BABA"
168479,2,legitimate-optot,190566,RES-2016-3261,2,"SA'ADATU ADO KURAWA"
168479,2,legitimate-optot,190585,"KNML 8046",KANGIS,"SA'ADATU ADO KURAWA"
6156,2,violation-linked,175949,COM-2018-154,1,"OANDO NIGERIA PLC"
6156,2,violation-linked,196203,COM-RC-1982-413,1,"UNIPETROL NIG PLC"
33067,2,violation-same-parcel,186365,RES-1988-2149,1,"BELLO BABA YOLA"
33067,2,violation-same-parcel,186375,"KNML 253",KANGIS,"BELLO BABA YOLA"
13359,2,undecidable,24354,CON-RES-1988-24,3,"MALLAM BASHIR NASIDI"
13359,2,undecidable,27133,RES-1991-323,1,"GARBA SABO ABDULLAHI"
62201,2,violation-same-parcel,173487,RES-2023-758,2,"MUHAMMAD ISYAKU"
62201,2,violation-same-parcel,173507,KN3927,KANGIS,"MUHAMMAD ISYAKU"
12923,2,legitimate-optot,26695,RES-1982-2394,1,"AISHA SULEIMAN BAFFA"
12923,2,legitimate-optot,24484,CON-RES-1987-155,3,"ALHAJI ALIN ALI"
146302,2,violation-linked,169345,CON-COM-2020-234,3,"GREAT TEDECO CONCEPT NIG LTD"
146302,2,violation-linked,169376,"MLKN 3415",KANGIS,"GREAT TEDECO CONCEPT NIG LTD"
12235,2,legitimate-optot,25940,CON-RES-1982-708,3,"MH GANO PETROLEUM (NIG) LTD"
12235,2,legitimate-optot,26230,CON-RES-1984-453,3,"MALLAM ADAMU MUSA"
158792,2,violation-linked,182650,CON-RES-2013-57,3,"MUSTAPHA ABDULRASHEED DARMA"
158792,2,violation-linked,182651,"KNML 1946",KANGIS,"MUSTAPHA ABDULRASHEED DARMA"
154957,2,violation-same-parcel,179306,RES-2014-2866,2,"FORTUNE INTERNATIONAL OIL LTD"
154957,2,violation-same-parcel,179311,DCIV-2023-281,DCIV,"ADO DAHIRU"
65969,2,review-district-mismatch,178401,RES-RC-1982-233,1,"MOHAMMED LAMEEN METTEDEN"
65969,2,review-district-mismatch,178414,KN4404,KANGIS,"MOHAMMED LAMEEN METTEDEN"
15358,2,review-district-mismatch,47144,CON-RES-2003-31,3,"ALH HARUNA ISMAIL KWALAM"
15358,2,review-district-mismatch,29156,RES-1993-3539,2,"SANI AHMED KAHU"
54357,2,legitimate-optot,196698,RES-2014-2029,2,"MUHAMMAD SANI NAMADI"
54357,2,legitimate-optot,196707,KN3856,KANGIS,"MUHAMMAD SANI NAMADI"
11116,2,review-district-mismatch,24820,CON-RES-1986-148,3,"SHEIK HARUNA RASHEED"
11116,2,review-district-mismatch,23009,CON-RES-1982-1120,3,"ALH ZAKARI IBRAHIM"
54802,2,legitimate-optot,195360,RES-2015-1972,2,"ABBA ALHAJI GARBA"
54802,2,legitimate-optot,195376,KN1511,KANGIS,"ABBA ALHAJI GARBA"
155239,2,violation-linked,179573,CON-RES-2011-2120,3,"DR SHEHU UMAR ABDULLAHI"
155239,2,violation-linked,179589,"KNML 1453",KANGIS,"DR SHEHU UMAR ABDULLAHI"
17581,2,collision,31384,CON-RES-1997-152,3,"IDRIS IBRAHIM IDRIS"
17581,2,collision,191829,KN4600,KANGIS,"MURTALA ABDULLAHI JEGA"
13441,2,undecidable,27215,RES-1991-431,1,"ALHAJI ISAMAILA ALI"
13441,2,undecidable,35682,CON-RES-1988-444,3,"ALHAJI HABIBU MUSTAPHA"
150682,2,violation-same-parcel,173955,CON-COM-2024-34,3,"MR EUGENE EZIKE"
150682,2,violation-same-parcel,173964,KN4079,KANGIS,"MR EUGENE EZIKE"
4785,2,violation-same-parcel,175155,COM-2024-726,1,"SHARIF USMAN HASSAN"
4785,2,violation-same-parcel,175159,KN3983,KANGIS,"SHARIF USMAN HASSAN"
7224,2,review-district-mismatch,20133,CON-AG-1986-36,3,"ALHAJI ALASAN .A. AHMED"
7224,2,review-district-mismatch,20911,CON-AG-1995-12,3,"ALHAJI MOHAMMAD ABDULLAHI"
25317,2,violation-same-parcel,118007,"KNML 4841",KANGIS,"SADIYA BALA MOHAMMED"
25317,2,violation-same-parcel,47259,CON-RES-2002-227,3,"BELLO MANSUR SANI"
60455,2,legitimate-optot,195399,KN5357,KANGIS,"IBRAHIM AMINU AHMAD"
60455,2,legitimate-optot,189098,RES-2020-2420,2,"IBRAHIM AMINU AHMAD"
16236,2,review-district-mismatch,22130,CON-RES-2009-774,3,"SUNUSI ALKASIM"
16236,2,review-district-mismatch,30035,CON-RES-1990-81,3,"MALAM SANI ILIYASU"
176766,2,violation-same-parcel,195903,RES-1986-2113,1,"ALH SALISU ABDULLAHI IDRIS"
176766,2,violation-same-parcel,195927,KN2959,KANGIS,"ABDULLAHI IDRIS SALISU"
18564,2,violation-same-parcel,25679,CON-RES-RC-1984-52,3,"ALH. ALIYU ISA DAN MARAYA"
18564,2,violation-same-parcel,32369,CON-RES-1987-1246,3,"M.IBRAHIM DAHIRU"
17969,2,review-district-mismatch,21485,CON-RES-RC-1982-194,3,"ALHAJI YAHAYA AHMED MARAYA"
17969,2,review-district-mismatch,31773,CON-RES-1984-702,3,"ALHAJI SANUSI MAITURARE"
7944,2,review-district-mismatch,21637,RES-1992-4763,2,"YUSHA'U SHU'AIBU"
7944,2,review-district-mismatch,29559,CON-COM-1984-43,3,"KANO INDUSTRIAL STONE COMPANY LTD"
12047,2,review-district-mismatch,25752,CON-RES-1983-657,3,"DAHIRU MOHAMMAD ABUBAKAR"
12047,2,review-district-mismatch,24427,CON-RES-1983-63,3,"ALHAJI BELLO YAKASAI"
159207,2,collision,182954,RES-2009-4052,2,"SALISU LABARAN HAMISU"
159207,2,collision,182974,KN4808,KANGIS,"SALISU LABARAN HAMISU"
40666,2,legitimate-optot,195739,RES-1992-7161,2,"RUMBU INDUSTRIES LTD"
40666,2,legitimate-optot,195764,"KNML 9522",KANGIS,"RUMBU INDUSTRIES LTD"
11127,2,review-district-mismatch,26017,CON-RES-1982-1147,3,"MALLAM NASIRU NDAMODU DAN-ABU"
11127,2,review-district-mismatch,24831,CON-RES-1986-214,3,"MR. MOSINDI O. SHOGE/ MRS TITILAYO SHOGE"
13832,2,undecidable,27610,RES-1991-689,1,"ALH ABDULLAHI SAFIYANU MADUGU"
13832,2,undecidable,35919,CON-RES-1991-124,3,"MUHAMMAD MUSA DAKAWA"
7139,2,legitimate-optot,16454,CON-AG-1984-152,3,"ALHAJI SANI KABARA"
7139,2,legitimate-optot,20826,RES-1992-3223,2,"ALH SADIQ HUDU"
14679,2,review-district-mismatch,144283,"MLKN 2274",KANGIS,"ATLASFIED INTERGRATED NIG LTD"
14679,2,review-district-mismatch,28467,RES-1993-358,2,"BALARABA JIBRIN"
18383,2,review-district-mismatch,32187,CON-RES-1987-290,3,"ALHAJI SAFIYANU MADUGU & SONS LTD"
18383,2,review-district-mismatch,20905,CON-RES-RC-1982-666,3,"ALHAJI ABDU KABUGA"
9848,2,review-district-mismatch,35592,CON-COM-2019-256,3,"ALHAJI UBALE IBRAHIM"
9848,2,review-district-mismatch,23550,CON-RES-1982-1619,3,"ALHAJI DANBABA IDRIS"
156892,2,legitimate-optot,181201,RES-2014-1538,2,"MUNIR NASIDI DANEJI"
156892,2,legitimate-optot,181219,"KNML 1958",KANGIS,"MUNIR NASIDI DANEJI"
7736,2,review-district-mismatch,15293,CON-COM-1982-144,3,"ALHAJI BELLO AHMED BICHI"
7736,2,review-district-mismatch,21427,RES-1992-4427,2,"SANI USMAN"
13861,2,undecidable,36337,CON-RES-1991-232,3,"ALHAJI MAJE AHMED GWANGWAZO"
13861,2,undecidable,27639,RES-1991-722,1,"AHMED ABUBAKAR"
60704,2,violation-same-parcel,168278,RES-2021-1712,2,"HARUNA IBRAHIM"
60704,2,violation-same-parcel,168288,"KNML 7937",KANGIS,"HARUNA IBRAHIM"
13169,2,legitimate-optot,26942,RES-1991-275,1,"ALHAJI MUSA MOHD"
13169,2,legitimate-optot,30813,CON-RES-1987-705,3,"ALHAJI RABIU MOHAMMED GWARZO"
11429,2,review-district-mismatch,25133,CON-RES-1982-1510,3,"ALHAJI ABDULLAHI SARKI"
11429,2,review-district-mismatch,21670,CON-RES-1982-276,3,"ALHAJI HALLIRU A. MUSA"
10958,2,review-district-mismatch,24662,CON-RES-1983-448,3,"MAHAMMED KALOMA ALI"
10958,2,review-district-mismatch,13922,CON-RES-1981-50,3,"ALHASSAN ABDULLAHI"
171038,2,violation-linked,191759,CON-RES-2014-483,3,"PLUS OKOYE"
171038,2,violation-linked,191760,"KNML 2492",KANGIS,"PLUS OKOYE"
177470,2,violation-same-parcel,196455,RES-2000-2199,2,"SANUSI MUHAMMED ISA"
177470,2,violation-same-parcel,196466,"KNML 6828",KANGIS,"ABDUL-AZIZ TIJJANI TANKO"
27257,2,violation-same-parcel,189332,RES-1981-24,1,"MUKTAR HONOURABLE IBRAHIM"
27257,2,violation-same-parcel,189353,"KNML 2442",KANGIS,"MUKTAR HONOURABLE IBRAHIM"
11030,2,review-district-mismatch,14952,CON-RES-1981-65,3,"ALHAJI ABDU BATURE"
11030,2,review-district-mismatch,24734,CON-RES-1985-366,3,"AUWALU MUHAMMAD"
11495,2,review-district-mismatch,32213,CON-RES-1982-387,3,"ALHAJI MUSA ABDULLAHI"
11495,2,review-district-mismatch,25199,CON-RES-1984-306,3,"BONIFACE O. NWOSU"
157889,2,violation-linked,181956,CON-COM-2010-95,3,"NIDI INDUSTRIES LIMITED"
157889,2,violation-linked,181970,KN4565,KANGIS,"NIDI INDUSTRIES LIMITED"
178271,2,violation-linked,196990,CON-COM-2021-706,3,"RT HON ISIYAKU ALI DANJA"
178271,2,violation-linked,196991,KN93,KANGIS,"ISIYAKU ALI DANJA"
14432,2,review-district-mismatch,31459,CON-RES-1994-355,3,"ALHAJI SABO LAWAN KABARA"
14432,2,review-district-mismatch,28219,RES-1993-2757,2,"MUSA MUHAMMED"
153935,2,violation-same-parcel,178268,CON-RES-2023-7328,3,"FAIZU MUHAMMAD GALADIMA"
153935,2,violation-same-parcel,187917,KN4779,KANGIS,"MURTALA ABDULLAHI JEGA"
16064,2,review-district-mismatch,29863,CON-RES-1994-603,3,"ALHAJI YUSUFU GWALE"
16064,2,review-district-mismatch,35335,CON-RES-2009-142,3,"UMAR MUSA YUSIF"
35586,2,review-district-mismatch,174926,RES-1990-2854,1,"NURA HAMZA HARUNA"
35586,2,review-district-mismatch,163416,"KNML 9220",KANGIS,"NURA HAMZA HARUNA"
18471,2,review-district-mismatch,19793,CON-RES-RC-1982-89,3,"GARBA S DANTATA"
18471,2,review-district-mismatch,32276,CON-RES-1987-1153,3,"ALHAJI YAU MAIKANO"
10298,2,review-district-mismatch,24000,CON-RES-1989-14,3,"ABUBAKAR USMAN"
10298,2,review-district-mismatch,32568,CON-COM-RC-1982-47,3,"ALI JEBARA"
171655,2,violation-same-parcel,192168,CON-RES-2023-7212,3,"FAIZU MUHAMMAD GALADIMA"
171655,2,violation-same-parcel,192175,KN5260,KANGIS,"MURTALA ABDULLAHI JEGA"
9529,2,violation-same-parcel,173152,CON-COM-2024-656,3,"NABILA OIL MILLS NIG. LTD"
9529,2,violation-same-parcel,173163,KN3357,KANGIS,"NABILA OIL MILLS NIG. LTD"
12334,2,review-district-mismatch,35322,CON-RES-1985-1,3,"ALIYU MOHAMMED HADEJIA"
12334,2,review-district-mismatch,26039,CON-COM-1982-192,3,"ALHAJI GWADABE ALI YOLA"
16085,2,review-district-mismatch,38917,CON-RES-2009-22,3,"ALH ABDULLAHI ADAMU DANGONGOLA"
16085,2,review-district-mismatch,29884,CON-RES-1994-642,3,"MUKHTAR SIR MUHAMMADU SANUSI"
163796,2,violation-same-parcel,186755,,3,"TUKUR IBRAHIM"
163796,2,violation-same-parcel,186761,"KNML 269",KANGIS,"TUKUR IBRAHIM"
166109,2,review-district-mismatch,188809,CON-RES-2014-241,3,"MAHMUDA HARUNA"
166109,2,review-district-mismatch,188834,"KNML 2433",KANGIS,"MAHMUDA HARUNA"
12067,2,violation-same-parcel,25380,CON-RES-1983-709,3,"SHEHU IBRAHIM"
12067,2,violation-same-parcel,25772,CON-RES-1989-167,3,"MR LAZARUS N. ONYEJIUWA"
14767,2,review-district-mismatch,38271,CON-RES-1996-74,3,"A MOHAMMED NATAAZA"
14767,2,review-district-mismatch,28557,RES-1993-1250,2,"GAMBO ISA"
116922,2,legitimate-optot,175117,RES-2020-549,2,"DR ABDULLAHI GAMBO"
116922,2,legitimate-optot,175130,KN3444,KANGIS,"DR ABDULLAHI GAMBO"
13315,2,violation-same-parcel,27088,RES-1982-2295,1,"WADA LAWAL"
13315,2,violation-same-parcel,24215,CON-RES-1988-132,3,"ALHAJI BALA DANEJI"
161120,2,violation-same-parcel,184561,SLTR-112129,SLTR,"RHEMCHI GLOBAL RESOURCES LTD"
161120,2,violation-same-parcel,184576,KN5505,KANGIS,"RHEMCHI GLOBAL RESOURCES LTD"
13299,2,violation-same-parcel,27072,RES-1982-2270,1,"ALHAJI SHARU TANKO"
13299,2,violation-same-parcel,32131,CON-RES-1987-993,3,"ALHAJI ZUBAIRU SA'IDU"
171037,2,violation-same-parcel,191757,CON-RES-2023-7279,3,"FAIZU MUHAMMAD GALADIMA"
171037,2,violation-same-parcel,191765,KN5234,KANGIS,"MURTALA ABDULLAHI JEGA"
2995,2,review-district-mismatch,172965,,1,"AMANALLAH AHMED GETSO"
2995,2,review-district-mismatch,16665,RES-1992-2071,2,"ALH SULE"
12752,2,legitimate-optot,26458,RES-1982-2058,1,"ALH AMINU AGOLA"
12752,2,legitimate-optot,32360,CON-RES-1987-1076,3,"MR CHINOYERUM S. OKPORAOSIMIRI"
8228,2,review-district-mismatch,21925,CON-RES-2009-237,3,"ERIC OGUCRI"
8228,2,review-district-mismatch,16204,CON-COM-1993-136,3,"ALHAJI ABDULLAHI NUHU"
66504,2,violation-same-parcel,189851,RES-2015-1567,2,"SILVERWORLD INTERGRATED DEVELOPMENT COMPANY"
66504,2,violation-same-parcel,189873,"KNML 3151",KANGIS,"SILVERWORLD INTERGRATED DEVELOPMENT COMPANY"
18335,2,review-district-mismatch,19788,CON-RES-RC-1982-612,3,"HARUNA ABDULLAHI"
18335,2,review-district-mismatch,32139,CON-RES-1987-218,3,"ZULAI IBRAHIM WADA"
14512,2,undecidable,28299,RES-1994-1951,2,"ALKASSIM UMAR"
14512,2,undecidable,31132,CON-RES-1994-681,3,"ALHAJI DANLITI MAI MAI"
11026,2,legitimate-optot,24730,CON-RES-1985-346,3,"MR GABRIEL AWOYELU"
11026,2,legitimate-optot,189890,CON-RES-1981-617,3,"ALHAJI INUWA AKWA"
11377,2,review-district-mismatch,29606,CON-RES-1982-20,3,"ALHAJI MUHAMMADU GARBA"
11377,2,review-district-mismatch,25081,CON-AG-1984-31,3,"ALHAJI ZAKARI YA'U YAN AWAKI"
12585,2,review-district-mismatch,24821,CON-RES-1986-201,3,"DR EKWENUGO JOSEPH CHIKELU"
12585,2,review-district-mismatch,26291,CON-RES-1986-327,3,"ALHAJI GARBA ALHAZAN BABANGIDA"
14399,2,review-district-mismatch,31433,CON-RES-1994-320,3,"ALHAJI SABO LAWAN KABARA"
14399,2,review-district-mismatch,28186,RES-1993-2198,2,"MOHAMMED SIRAJO"
1860,2,violation-same-parcel,169208,COM-1999-47,1,"ULTIMATE GAS LTD"
1860,2,violation-same-parcel,169287,KN3920,KANGIS,"ULTIMATE GAS LIMITED"
39328,2,violation-same-parcel,194192,"KNML 540",KANGIS,"FAROUK SHIHAB FAROUK"
39328,2,violation-same-parcel,20845,RES-1992-3275,2,"A AMADU MALAFA / AMADU HAMIDU"
7389,2,review-district-mismatch,31495,CON-AG-1994-8,3,"RUMAN RURAL INDUSTRIES LTD"
7389,2,review-district-mismatch,21079,CON-RES-1995-414,3,"ALHAJI SANI .A. SANI"
13976,2,review-district-mismatch,27763,RES-1993-52,2,"ALASAN A JOEL"
13976,2,review-district-mismatch,36081,CON-RES-1991-81,3,"ALHAJI SHAFI`U & SONS"
146842,2,violation-linked,169904,CON-IND-2025-3,3,"PRIME PLASTIC AND SACKS NIG LTD"
146842,2,violation-linked,169944,KN2858,KANGIS,"PRIME PLASTIC AND SACKS NIG LTD"
13402,2,violation-same-parcel,27176,RES-1991-386,1,"TOBIAS N. OZOUDE"
13402,2,violation-same-parcel,36046,CON-RES-1988-350,3,"DR. SALEH GAMBO"
11108,2,review-district-mismatch,24812,CON-RES-1986-127,3,"ALH ALI NABUTU"
11108,2,review-district-mismatch,22336,CON-RES-1982-111,3,"ALHAJI ABUBAKAR IBRAHIM RINGIM"
152129,2,violation-linked,175400,CON-AG-2023-70,3,"AHMAD YAHAYA IBRAHIM"
152129,2,violation-linked,175410,KN4426,KANGIS,"AHMAD YAHAYA IBRAHIM"
37405,2,violation-same-parcel,27311,RES-1991-555,1,"ISA ABDULLAHI FARAWA"
37405,2,violation-same-parcel,154800,"KNML 94",KANGIS,"SUNUSI MUHAMMAD HASSAN"
55474,2,violation-same-parcel,174222,,2,"MARYAM NYAKO ISAH"
55474,2,violation-same-parcel,174252,"KNML 5212",KANGIS,"MARYAM NYAKO ISAH"
7007,2,review-district-mismatch,20691,CON-RES-1995-382,3,"SA'AD ASAD MOHAMMAD"
7007,2,review-district-mismatch,16774,CON-AG-1982-449,3,"ALHAJI AUWALU KATAKI & SONS"
13095,2,review-district-mismatch,26868,RES-1991-188,1,"MAGGAJI L. AHMED"
13095,2,review-district-mismatch,33642,CON-RES-1987-509,3,"MR EDMUND UZOUKWU NGONADI"
171685,2,violation-linked,192203,CON-AG-2016-44,3,"ENG AHMED GAZALI INUWA"
171685,2,violation-linked,192213,"MLKN 2779",KANGIS,"ENG AHMED GAZALI INUWA"
49203,2,legitimate-optot,185479,RES-2002-5054,2,"BALA BELLO SULAIMAN"
49203,2,legitimate-optot,185527,"KNML 4148",KANGIS,"BALA BELLO SULAIMAN"
12718,2,violation-same-parcel,26424,RES-1982-1971,1,"ALHAJI IBRAHIM SHIDA"
12718,2,violation-same-parcel,30513,CON-RES-1987-102,3,"MR AUGUSTINE N OKAFOR"
59446,2,violation-same-parcel,194203,RES-2019-2197,2,"IBRAHIM ISYAKU NA ABBA"
59446,2,violation-same-parcel,194219,"KNML 6674",KANGIS,"IBRAHIM ISYAKU NA ABBA"
13887,2,undecidable,25394,CON-RES-1991-352,3,"HAJIYA HAUWAN .A. ABARSHI"
13887,2,undecidable,27665,RES-1991-758,1,"HAJIYA UWA A."
13966,2,legitimate-optot,27753,RES-1993-20,2,"AHMED ABUBAKAR"
13966,2,legitimate-optot,36417,CON-RES-1991-642,3,"BALA MUHAMMED GETSO"
12555,2,review-district-mismatch,26261,CON-RES-1986-60,3,"LUKUMAN ILYASU"
12555,2,review-district-mismatch,34239,CON-RES-1986-104,3,"ALHAJI ALI INUWA"
42095,2,violation-same-parcel,198895,RES-1993-7024,2,"SABI'U MALLAM"
42095,2,violation-same-parcel,198914,"KNML 6016",KANGIS,"USMAN BAITU UBA WARU"
18576,2,review-district-mismatch,19474,CON-RES-RC-1985-16,3,"ALHAJI MUSA O HADEJIA"
18576,2,review-district-mismatch,32381,CON-RES-1987-1145,3,"ALHAJI YUNUSA ABBA"
17434,2,collision,184742,KN5363,KANGIS,"MURTALA ABDULLAHI JEGA"
17434,2,collision,31237,CON-RES-1995-458,3,"ALIYU ABDU"
14206,2,review-district-mismatch,30251,CON-RES-1993-224,3,"ISA HUDU SHUAIB"
14206,2,review-district-mismatch,189843,KN3254,KANGIS,"ISA HUDU SHU'AIBU"
9277,2,review-district-mismatch,22978,CON-RES-1985-526,3,"ALH MUKTAR IBRAHIM"
9277,2,review-district-mismatch,149623,"MLKN 3072",KANGIS,"AUWLU MUSTAPHA"
8050,2,review-district-mismatch,21744,CON-AG-1982-478,3,"MURTALA MUSA BAGWAI"
8050,2,review-district-mismatch,15911,CON-COM-1987-46,3,"ALHAJI SULEIMAN ABUBAKAR"
8169,2,review-district-mismatch,30188,CON-COM-1991-86,3,"ALHAJI LAWAN JIBRIN"
8169,2,review-district-mismatch,21865,CON-RES-2009-1007,3,"HAJIYA SAFIYA IDRIS"
6931,2,violation-same-parcel,18352,CON-AG-1982-212,3,"ALHAJI MUSA ABDU"
6931,2,violation-same-parcel,20615,RES-1992-3177,2,"ABDULLAHI GARBA BICHI"
6916,2,review-weak-plot,20600,RES-1992-3160,2,"ALH AHMADU SULE"
6916,2,review-weak-plot,15596,CON-AG-1982-180,3,"ALHAJI AMADU ALI"
8459,2,review-district-mismatch,22158,RES-1992-6089,2,"ISA A SALE BADAWA"
8459,2,review-district-mismatch,33000,CON-COM-2000-23,3,"ALHAJI UMARU FARAGAI"
18103,2,review-district-mismatch,18903,CON-RES-RC-1982-377,3,"ALHAJI UBA RINGIM"
18103,2,review-district-mismatch,31907,CON-RES-1985-351,3,"ALHAJI BADAMASI SULAIMAN"
11070,2,review-district-mismatch,24774,CON-RES-1985-607,3,"MUHAMMED NURA MUSTAPHA"
11070,2,review-district-mismatch,24978,CON-RES-1982-1024,3,"ALHAJI IBRAHIM MOHAMMED"
13750,2,undecidable,36312,CON-RES-1990-299,3,"ALHAJI IBRAHIM MOHAMMED"
13750,2,undecidable,27527,RES-1991-592,1,"MUHAMMED MUNIR NUHU"
7896,2,legitimate-optot,21588,RES-1992-4629,2,"BASHIR DAN AZUMI"
7896,2,legitimate-optot,29479,CON-COM-1983-6,3,"ADAKAWA GENERAL ENTERPRISES"
24072,2,review-district-mismatch,47040,CON-RES-2000-2,3,"ALHAJI IBRHIM MOHAMMED"
24072,2,review-district-mismatch,47089,CON-RES-2000-163,3,"KABIRU M. RANGAZA"
162397,2,legitimate-optot,185700,RES-2012-5675,2,"DR USMAN MUHAMMAD BELLO"
162397,2,legitimate-optot,185717,"KNML 296",KANGIS,"DR USMAN MUHAMMAD BELLO"
8643,2,review-district-mismatch,22342,CON-RES-1982-1018,3,"ALHAJI BALA HARUNA"
8643,2,review-district-mismatch,187471,DCIV-2026-328,DCIV,"KANO STATE JUDICIARY"
12809,2,undecidable,26581,RES-1982-2373,1,"HAMZA ILIYA GARKI"
12809,2,undecidable,32272,CON-RES-1987-1181,3,"ALHAJI TIJJANI YAHAYA"
13839,2,undecidable,27617,RES-1991-696,1,"M. SHA'AIBU MOHAMMED"
13839,2,undecidable,35764,CON-RES-1991-147,3,"ALH IDRIS HASHIM"
62754,2,violation-same-parcel,174804,RES-2024-4049,2,"HAMISU MUHD GANO"
62754,2,violation-same-parcel,174834,KN2598,KANGIS,"HAMISU GANO MOHAMMED"
14543,2,legitimate-optot,20960,CON-RES-1994-790,3,"ALHAJI YAKUBU GARBA LADO"
14543,2,legitimate-optot,28330,RES-1994-2001,2,"L/CPL MOHAMMED RABIU"
4160,2,collision,17834,CON-RES-1993-284,3,"ALH. MUHAMMAD USMAN RIMI"
4160,2,collision,170275,"MLKN 3358",KANGIS,"SADDI KEMIL YAU YAU KAZAURE & SONS"
172281,2,violation-same-parcel,192688,CON-RES-2016-418,3,"MUKHTAR .A. KURAWA"
172281,2,violation-same-parcel,192701,"KNML 5230",KANGIS,"YUSHAU ABDULLAHI YUSHAU"
8615,2,legitimate-optot,22314,CON-RES-1982-464,3,"M. SARKI ABDULLAHI DUTSE"
8615,2,legitimate-optot,32973,CON-COM-2003-78,3,"MADINKA VENTURES LTD"
178796,2,violation-same-parcel,194610,KN3365,,"KABIRU MOHAMMED SARKI"
178796,2,violation-same-parcel,197419,CON-RES-2023-7506,3,"KABIRU MOHAMMED SARKI"
38571,2,review-district-mismatch,179011,RES-1992-1342,2,"SANI KATSINA"
38571,2,review-district-mismatch,179038,"KNML 1765",KANGIS,"SANI KATSINA"
14448,2,review-district-mismatch,28235,RES-1993-2489,2,"ALHAJI YAHAYA DALA"
14448,2,review-district-mismatch,31474,CON-RES-1994-370,3,"ALHAJI SABO LAWAN KABARA"
45865,2,legitimate-optot,172843,RES-1998-15,2,"ALH HUSSAINI MUHAMMAD"
45865,2,legitimate-optot,172851,KN3677,KANGIS,"ALH HUSSAIN MUHAMMADF"
48772,2,violation-same-parcel,179431,RES-2002-2054,2,"ALIYU RABI'U"
48772,2,violation-same-parcel,179470,"KNML 1841",KANGIS,"ALIYU BALA RABI'U"
11613,2,review-district-mismatch,24945,CON-RES-1982-565,3,"OLUFEMI ADELANI ADETONA"
11613,2,review-district-mismatch,25317,CON-RES-1984-469,3,"ALHAJI BABALLE ILA"
133908,2,violation-same-parcel,155589,"KNML 1642",KANGIS,"MIKO ALHASSAN"
133908,2,violation-same-parcel,22253,CON-RES-1993-329,3,"MIKO ALASSAN KOKI"
15620,2,review-district-mismatch,29419,CON-RES-1987-990,3,"ABDULLAHI MAIKANO UMAR"
15620,2,review-district-mismatch,32805,CON-RES-2005-94,3,"KAMILU MUSA WAYA"
12059,2,review-district-mismatch,25754,CON-RES-1983-666,3,"ALHAJI SULEIMAN SA'A ABUBAKAR"
12059,2,review-district-mismatch,25764,CON-RES-1995-511,3,"MUJITTAPHA ALI USMAN"
167153,2,violation-same-parcel,189543,RES-1992-867,2,"ALH. SULE DANLADI"
167153,2,violation-same-parcel,189556,KN3223,KANGIS,"ALH. SULE DANLADI"
15757,2,review-district-mismatch,47272,CON-RES-2007-121,3,"LAMBERT IZUEKWE"
15757,2,review-district-mismatch,173304,KN3464,KANGIS,"LAMBERT IZUEKWE"
14508,2,undecidable,28295,RES-1994-1947,2,"ALHAJI HABIBU MOHD"
14508,2,undecidable,31121,CON-RES-1994-667,3,"ALHAJI NURA IBRAHIM"
18374,2,review-district-mismatch,32178,CON-RES-1987-279,3,"AURORA OMOWOSHOLA"
18374,2,review-district-mismatch,19243,CON-RES-RC-1982-658,3,"JOHN ANAYAMI JOSEPH AJOGE"
13768,2,violation-same-parcel,27545,RES-1991-612,1,"SA'ID BELLO ROGO"
13768,2,violation-same-parcel,34005,CON-RES-1990-347,3,"ALHAJI HALLIRU ABDULLAHI"
163278,2,violation-same-parcel,186396,RES-1985-533,1,"MUHAMMED AMINU KANI"
163278,2,violation-same-parcel,186417,"KNML 261",KANGIS,"MUHAMMED AMINU KANI"
12984,2,review-district-mismatch,26756,RES-1991-53,1,"HADIZA HADI BADAMASI"
12984,2,review-district-mismatch,30901,CON-RES-1987-262,3,"LAWRENCE ONWUGWORO ONYEMAH"
67529,2,violation-same-parcel,180369,RES-RC-1987-38,1,"HAJIYA AMINA RABIU"
67529,2,violation-same-parcel,180377,"KNML 1489",KANGIS,"HAJIYA AMINA RABIU"
12325,2,review-district-mismatch,26030,CON-AG-1982-261,3,"ALHAJI AMINU A. ADO"
12325,2,review-district-mismatch,31841,CON-RES-1984-74,3,"MAULE VENYURES"
13507,2,legitimate-optot,27281,RES-1991-522,1,"MOHD GAMBO"
13507,2,legitimate-optot,35795,CON-RES-1988-629,3,"AUWALU ABDULHAMID"
15307,2,review-district-mismatch,32919,CON-RES-2003-104,3,"ALHAJI NASIRU AHALI"
15307,2,review-district-mismatch,29105,RES-1993-3444,2,"ALH KALA WADA"
150337,2,violation-same-parcel,173665,COM-2018-272,1,"MUHUYI MAGAJI"
150337,2,violation-same-parcel,173672,"MLKN 2228",KANGIS,"MUHUYI MAGAJI"
27157,2,violation-same-parcel,186834,RES-1981-1760,1,"DANLAMI MOHAMMED ABUBAKAR"
27157,2,violation-same-parcel,186839,"KNML 1550",KANGIS,"DANLAMI MOHAMMED ABUBAKAR"
157614,2,violation-same-parcel,181749,CON-RES-2023-7125,3,"FAIZU MUHAMMAD GALADIMA"
157614,2,violation-same-parcel,181766,KN5155,,"MURTALA ABDULLAHI JEGA"
12647,2,violation-same-parcel,26353,CON-RES-1983-397,3,"M.BELLO MUSA"
12647,2,violation-same-parcel,198380,CON-RES-1986-355,3,"MUSTAPHA TUKUR"
18488,2,review-district-mismatch,20658,CON-RES-RC-1983-15,3,"ALHAJI IBRAHIM ABBA"
18488,2,review-district-mismatch,32293,CON-RES-1987-1410,3,"ALHAJI ALI INUWA"
18432,2,review-district-mismatch,32237,CON-RES-1987-1330,3,"ALHAJI HUSSEINI BULANGO"
18432,2,review-district-mismatch,18950,CON-RES-RC-1982-720,3,"ALHAJI SABIU BAKO"
38208,2,violation-same-parcel,171449,RES-1991-846,1,"SABIU ALI ISAKA"
38208,2,violation-same-parcel,171455,KN4885,KANGIS,"SABIU ALI ISAKA"
24064,2,undecidable,47032,CON-RES-2000-157,3,"M. DAHIRU A. IBRAHIM"
24064,2,undecidable,47081,CON-RES-1999-377,3,"ALH USMAN SHA'AIBU"
55457,2,legitimate-optot,170119,RES-2015-4706,2,"SALEH HARUNA INUWA"
55457,2,legitimate-optot,170149,"KNML 4573",KANGIS,"SALEH HARUNA INUWA"
13617,2,violation-same-parcel,27391,RES-1990-2154,1,"ALHAJI ALIYU ZAKARIYA'U HADEJA"
13617,2,violation-same-parcel,26096,CON-RES-1989-387,3,"ALHAJI GARBA MUHAMMAD"
7638,2,review-district-mismatch,21329,CON-AG-1983-209,3,"ALHAJI YAKUBU IDRIS"
7638,2,review-district-mismatch,25713,CON-AG-RC-1988-4,3,"ALHAJI BABALE DAN IYA"
7268,2,review-district-mismatch,18084,CON-AG-1987-57,3,"ALHAJI AMINU SANI KABARA"
7268,2,review-district-mismatch,20955,CON-RES-1994-754,3,"MUHAMMAD TUKUR"
18018,2,review-district-mismatch,31822,CON-RES-1984-579,3,"MRS AISHATU ODATUWA"
18018,2,review-district-mismatch,19832,CON-RES-RC-1982-288,3,"ISA INUWA"
14693,2,review-district-mismatch,32716,CON-RES-1996-116,3,"MR. PHILIP AGBLO"
14693,2,review-district-mismatch,28481,RES-1993-499,2,"HAUWA HARUNA"
14766,2,review-district-mismatch,38264,CON-RES-1996-73,3,"BALA MOHAMMED DANBATTA"
14766,2,review-district-mismatch,28555,RES-1993-1245,2,"ALHAJI LAWAL USAINI RIMI"
13890,2,undecidable,27669,RES-1991-761,1,"MUHTARI IMAM IDRIS"
13890,2,undecidable,36500,CON-RES-1991-36,3,"BALA MOHD GETSO"
25328,2,review-district-mismatch,47270,CON-RES-2007-119,3,"BUHARI PROPERTIES &INVESTMENT LIMITED"
25328,2,review-district-mismatch,108614,"KNML 487",KANGIS,"ABIODUN OMOLE-OHONSIR"
48995,2,violation-same-parcel,198918,RES-2002-3318,2,"NAJIB MOHAMMED RABIU"
48995,2,violation-same-parcel,198929,"KNML 8935",KANGIS,"NAJIB MOHAMMED RABIU"
152208,2,violation-linked,175509,CON-COM-2021-454,3,"BAJIRA FARM GENERAL ENTERPRISES"
152208,2,violation-linked,175515,KN3151,KANGIS,"BAJIRA FARM GENERAL ENTERPRISES"
7735,2,review-district-mismatch,25993,CON-COM-1982-141,3,"ALHAJI HAMIDU MAIWAKE"
7735,2,review-district-mismatch,21426,RES-1992-4475,2,"AMIN YAHYA GALADANCI"
12687,2,legitimate-optot,26393,RES-1982-1794,1,"ALH KASSIM OMOTAYO"
12687,2,legitimate-optot,30364,CON-RES-1986-59,3,"ALHAJI SANI MINISTER"
51998,2,violation-same-parcel,195637,RES-2009-111,2,"NAFI'U IBRAHIM"
51998,2,violation-same-parcel,195667,"KNML 1443",KANGIS,"NAFI'U IBRAHIM"
12605,2,review-district-mismatch,24860,CON-RES-1986-244,3,"SHEIKH SHARIFF TIJJANI"
12605,2,review-district-mismatch,26311,CON-RES-1986-402,3,"MALLAM AMINU YUSUF"
45339,2,violation-same-parcel,186297,RES-1997-224,2,"SANUSI IBRAHIM"
45339,2,violation-same-parcel,186299,"KNML 1524",KANGIS,"SANUSI IBRAHIM"
166178,2,violation-linked,188863,CON-RES-2017-414,3,"ENGR (DR) KAFILU BARAU DANBATTA"
166178,2,violation-linked,188864,"KNML 5627",KANGIS,"ENGR (DR) KAFILU BARAU DANBATTA"
13086,2,review-district-mismatch,26859,RES-1991-178,1,"MIKA`ILU ABDULLAHI"
13086,2,review-district-mismatch,32255,CON-RES-1987-492,3,"ALHAJI MUHAMMADU KANJI MADUBI"
13693,2,violation-same-parcel,24016,CON-RES-1989-86,3,"ALHAJI GARBA MAIKWANO SHESHE"
13693,2,violation-same-parcel,27469,RES-1990-4030,1,"USMAN MANSOOR"
9084,2,review-district-mismatch,35457,CON-COM-2009-328,3,"SALISU AHAMED KURA"
9084,2,review-district-mismatch,22785,CON-RES-1995-334,3,"MALLAM BELLO BABA"
12652,2,review-district-mismatch,26300,CON-RES-1986-36,3,"ALHAJI AUDU FAGWALAWA"
12652,2,review-district-mismatch,26358,CON-RES-1983-187,3,"ALHAJI IRO RIJIYAR LEMO"
153901,2,review-district-mismatch,21635,RES-1992-4760,2,"KABIRU INUWA"
153901,2,review-district-mismatch,178232,"KNML 1785",KANGIS,"KABIRU INUWA"
12073,2,review-district-mismatch,25778,CON-RES-1989-180,3,"AMINU UMAR"
12073,2,review-district-mismatch,25815,CON-RES-1983-723,3,"ALHAJI UBA MOHAMMED AJINGI"
14501,2,legitimate-optot,36977,CON-RES-1994-647,3,"MR EMEKA UBATU"
14501,2,legitimate-optot,28288,RES-1994-1940,2,"ALH ALI BALA"
14486,2,undecidable,28273,RES-1994-1923,2,"ALH ISMAILA ADAMU GANO"
14486,2,undecidable,31490,CON-RES-1994-51,3,"HYGENIC PRODUCTS NIGERIA LIMITED"
12181,2,review-district-mismatch,25228,CON-RES-1984-248,3,"MR SONY ALOBA"
12181,2,review-district-mismatch,25886,CON-RES-1988-344,3,"BALALLAME HARUNA"
11619,2,review-district-mismatch,25323,CON-RES-1984-483,3,"ALHAJI JIBRIN SAMBO"
11619,2,review-district-mismatch,29635,CON-RES-1982-573,3,"ANDREW ETUBI ADAMA"
14748,2,review-district-mismatch,28537,RES-1993-1155,2,"MUHRARI MAGAJI IBRAHIM"
14748,2,review-district-mismatch,36834,CON-RES-1996-326,3,"ALHAJI MUFUTAHU ASHIRU"
24040,2,review-district-mismatch,47007,CON-RES-1999-42,3,"ALHAJI NUHU WARURE"
24040,2,review-district-mismatch,47057,CON-RES-1998-276,3,"ALI USMAN"
12207,2,review-district-mismatch,26219,CON-RES-1984-331,3,"IBRAHIM AHMAD MAITURARE"
12207,2,review-district-mismatch,25912,CON-RES-1988-623,3,"ALHAJI AUWALU MAI UNGUWA"
7244,2,review-district-mismatch,17056,CON-AG-1987-100,3,"AHI GLOBAL CONCEPT LTD"
7244,2,review-district-mismatch,20931,CON-RES-1993-556,3,"JOHNSON OSUOLALE BABA TUNDEDADA"
18338,2,review-district-mismatch,19820,CON-RES-RC-1982-615,3,"ALHAJI SANI KULO"
18338,2,review-district-mismatch,32142,CON-RES-1987-230,3,"ALHAJI ABDULLAHI M. BINDAWA"
12789,2,violation-same-parcel,26561,RES-1982-2334,1,"ALHAJI MUSA HARUNA"
12789,2,violation-same-parcel,25712,CON-RES-1987-1140,3,"JOHN MUSA"
17925,2,review-district-mismatch,20352,CON-RES-RC-1982-150,3,"ALHAJI TURAWA YOLA"
17925,2,review-district-mismatch,31729,CON-IND-1984-12,3,"ALHAJI SIR MUHAMMADU SANUSI"
6935,2,violation-same-parcel,18169,CON-AG-1982-223,3,"SANI MUSA  BAGADAWA"
6935,2,violation-same-parcel,20619,RES-1992-3181,2,"ALH IBRAHIM BARAU YUSUF"
11451,2,review-district-mismatch,21713,CON-RES-1982-307,3,"ALHAJI AHMED HASSAN"
11451,2,review-district-mismatch,25155,CON-RES-1982-720,3,"ALHAJI YUNUSA SHA'AIBU"
151655,2,violation-same-parcel,174871,CON-RES-2017-4,3,"IBRAHIM ABDULKARIM ADAMU"
151655,2,violation-same-parcel,174886,KN5321,KANGIS,"IBRAHIM ABDULKARIM ADAMU"
7679,2,review-district-mismatch,15254,CON-COM-1981-20,3,"ALHAJI SADAUKI DAN MURI"
7679,2,review-district-mismatch,21370,RES-1992-4372,2,"SARKIN GIDA LIMAN"
14495,2,violation-same-parcel,28282,RES-1994-1932,2,"MOHAMMED ABDULLAHI"
14495,2,violation-same-parcel,36598,CON-RES-1994-621,3,"DANJUMA ALI GARKO"
14395,2,review-district-mismatch,28182,RES-1993-2173,2,"BILKISU YAHAYA"
14395,2,review-district-mismatch,31417,CON-RES-1994-317,3,"ALHAJI SABO LAWAN  KABARA"
7269,2,review-district-mismatch,18083,CON-AG-1987-61,3,"NASIRU MOHAMMED"
7269,2,review-district-mismatch,20956,CON-RES-1994-755,3,"DR.ABDULRAHMAN O.FUNSHO"
47033,2,legitimate-optot,179213,RES-2000-2956,2,"MAL. MOHAMMED WADA MANSUR"
47033,2,legitimate-optot,179238,"KNML 1757",KANGIS,"MUHAMMADU WADA MANSUR"
51380,2,legitimate-optot,187624,RES-2008-5515,2,"NUHU AHMAD"
51380,2,legitimate-optot,187670,RES-2007-1205,2,"AUDU MANAGER ANSD SONS"
38465,2,legitimate-optot,196703,RES-1992-1191,2,"HAFIZ MUHAMMAD BALA"
38465,2,legitimate-optot,196718,KN3601,KANGIS,"HAFIZ MUHAMMAD BALA"
168823,2,review-district-mismatch,190809,RES-2008-1844,2,"ABDULAZIZ BALA TALLAI"
168823,2,review-district-mismatch,192692,"KNML 913",KANGIS,"HARUNA MOHD (MAI GARANTI)"
11071,2,review-district-mismatch,29658,CON-RES-1982-1025,3,"ABUBAKAR AUDU BAKO"
11071,2,review-district-mismatch,24775,CON-RES-1985-610,3,"ABUBAKAR MUSTAPHA ABDUL"
147163,2,violation-same-parcel,170230,COM-2022-519,1,"ADAMU YAHAYA MAIKIFI"
147163,2,violation-same-parcel,170258,"MLKN 3673",KANGIS,"ALHAJI MAGAJI ILU"
154864,2,violation-same-parcel,179193,RES-1996-947,2,"ALHAJI MUNTARI MUHAMMED AHMED"
154864,2,violation-same-parcel,179208,"KNML 1834",KANGIS,"ALHAJI MUNTARI MUHAMMED AHMED"
13429,2,undecidable,27203,RES-1991-415,1,"BABANGIDA YAHAYA"
13429,2,undecidable,30005,CON-RES-1988-423,3,"ALHAJI KABIRU YAHAYA"
17759,2,review-district-mismatch,16430,CON-RES-RC-1981-143,3,"ALHAJI IDI ADAMU"
17759,2,review-district-mismatch,31563,CON-AG-2004-1,3,"SAIDU ABDUL FARI"
11211,2,review-district-mismatch,24915,CON-IND-1983-8,3,"ALHAJI UMARU DANLADI SHEHU"
11211,2,review-district-mismatch,22861,CON-RES-1982-132,3,"ALHAJI MOHAMMADU JINJIRI"
112307,2,violation-linked,174192,RES-2025-644,2,"SARKI ABDULLAHI IBRAHIM"
112307,2,violation-linked,174203,KN4898,KANGIS,"SARKI ABDULLAHI IBRAHIM"
15483,2,review-district-mismatch,34618,CON-RES-2004-388,3,"ALHAJI IDRIS NADABO CHIROMAWA"
15483,2,review-district-mismatch,29281,CON-RES-1985-404,3,"ALHAJI KABIRU ILIYASU"
14061,2,legitimate-optot,36106,CON-RES-1992-377,3,"ALH. AHMED KABIR BAYERO"
14061,2,legitimate-optot,27848,RES-1993-542,2,"ALH GARBA RABIU SIPIKIN"
13792,2,undecidable,27569,RES-1991-647,1,"AHMED SANDA"
13792,2,undecidable,36246,CON-RES-1990-428,3,"ALHAJI MUSA SALIHU BUNKURE"
151844,2,violation-same-parcel,175089,COM-1991-257,1,"UMAR HAMZA"
151844,2,violation-same-parcel,175092,KN3472,KANGIS,"UMAR HAMZA"
24054,2,undecidable,47022,CON-RES-2000-8,3,"SHEHU S. IMAM"
24054,2,undecidable,47071,CON-RES-1999-214,3,"ALHAJI MUNKAIU IDRIS"
12323,2,review-district-mismatch,26028,CON-AG-1982-278,3,"ALHAJI ABDULMUMINI ADAMU WUDIL"
12323,2,review-district-mismatch,29242,CON-RES-1984-713,3,"ALHAJI ALIYU ABUBAKAR"
42125,2,violation-same-parcel,185621,RES-1993-796,2,"SANUSI IBRAHIM"
42125,2,violation-same-parcel,185623,"KNML 1512",KANGIS,"SANUSI IBRAHIM"
151179,2,violation-same-parcel,174403,CON-COM-2018-174,3,"MR INNOCENT UDEMEZUE"
151179,2,violation-same-parcel,174546,KN3693,KANGIS,"MR INNOCENT UDEMEZUE"
10747,2,review-district-mismatch,14234,CON-RES-1981-126,3,"JOHN OSITE SALAMI"
10747,2,review-district-mismatch,24450,CON-RES-1987-641,3,"AMINU YUSUF"
153562,2,violation-same-parcel,177872,CON-COM-2013-169,3,"KINGSLEY UDOFIA UKON"
153562,2,violation-same-parcel,177874,"KNML 47",KANGIS,"KINGSLEY UDOFIA UKON"
9672,2,review-district-mismatch,23374,CON-RES-1982-1629,3,"MR OLAYIWOLA ABIOLA"
9672,2,review-district-mismatch,135889,"MLKN 1539",KANGIS,"AL-SANHAL VENTURES NIG. LTD"
25417,2,review-district-mismatch,47359,CON-RES-2007-497,3,"ALHAJI DAYYABU UMAR"
25417,2,review-district-mismatch,120548,"KNML 7985",KANGIS,"AMINU GALADANCHI IBRAHIM"
7129,2,review-district-mismatch,25264,CON-AG-1983-99,3,"ALHAJI GARBA ABDULKADIR"
7129,2,review-district-mismatch,20816,RES-1992-3440,2,"A BALA ABUBAKAR"
14747,2,review-district-mismatch,28535,RES-1993-1156,2,"HAMISU AHMED RIMIN KIRA"
14747,2,review-district-mismatch,38279,CON-RES-1996-323,3,"ALH ADO DANDAWAKI"
18157,2,review-district-mismatch,31961,CON-RES-1982-541,3,"ADO INDABO ABDULLAHI"
18157,2,review-district-mismatch,30677,CON-RES-RC-1982-430,3,"ALHAJI AHMADU DOGARA"
12783,2,review-district-mismatch,26555,RES-1982-2325,1,"ALH. SA'IDU LABARAN"
12783,2,review-district-mismatch,32133,CON-RES-1987-113,3,"BENJAMIN SUNDAY NKEMAKONAM EJEKE"
8042,2,legitimate-optot,15870,CON-COM-1987-127,3,"ALHAJI HAMISU BICHI"
8042,2,legitimate-optot,21736,CON-RES-RC-1982-574,3,"ALHAJI MANSUR ALI"
13442,2,undecidable,27216,RES-1991-432,1,"MUHTARI ABDULRAZAK GORA"
13442,2,undecidable,36220,CON-RES-1988-445,3,"IBRAHIM ABDULLAHI"
778,2,violation-same-parcel,174850,COM-1986-135,1,"MR EMMANUEL NNAJI"
778,2,violation-same-parcel,176316,KN3513,KANGIS,"MR. EMMANUEL NNAJI"
18946,2,review-district-mismatch,32751,CON-COM-1998-78,3,"ALHAJI BABALLE ILA"
18946,2,review-district-mismatch,171313,IND-1993-1,1,"FAS AGRO INDUSTRIAL LTD"
12806,2,undecidable,26578,RES-1982-2378,1,"ALHAJI YUSUFU ABUBAKAR"
12806,2,undecidable,24582,CON-RES-1987-1170,3,"ALHAJI GARBA SHUAIBU"
19146,2,review-district-mismatch,32951,CON-AG-2003-30,3,"ALHAJI IDI BAGWANJE"
19146,2,review-district-mismatch,185897,IND-2013-13,1,"ALREN CONSTRUCTION COMPANY LTD"
177411,2,violation-same-parcel,196406,CON-RES-2015-510,3,"SA'ADU USMAN"
177411,2,violation-same-parcel,196424,"KNML 4915",KANGIS,"SA'ADU USMAN"
7936,2,review-district-mismatch,21628,RES-1992-7453,2,"SAMAILA YAKUBU"
7936,2,review-district-mismatch,31739,CON-COM-1984-200,3,"CRISS-CROSS PETROLEUM MARKETING CO. LIMITED"
8434,2,review-district-mismatch,22134,CON-RES-2009-1054,3,"MALLAM IBRAHIM MOHAMMED"
8434,2,review-district-mismatch,30295,CON-COM-1999-35,3,"ALH ALHASSAN ABDULLAHI"
180653,2,review-district-mismatch,198957,CON-RES-2020-38,3,"ABBA MAMMAN TOR HABIB"
180653,2,review-district-mismatch,198958,KN2809,KANGIS,"ABBA MAMMAN TOR HABIB"
148752,2,collision,172188,COM-2022-163,1,"HAMISU RABI'U JINGAU/UMAR BUBA"
148752,2,collision,172198,KN2638,KANGIS,"HAMISU RABI'U JINGAU/UMAR BUBA"
17571,2,violation-same-parcel,31374,CON-COM-1995-29,3,"ALHAJI NAFIU HARUNA"
17571,2,violation-same-parcel,179527,KN5182,KANGIS,"MURTALA ABDULLAHI JEGA"
153374,2,violation-same-parcel,177688,CON-RES-2023-7277,3,"FAIZU MUHAMMAD GALADIMA"
153374,2,violation-same-parcel,189446,KN5237,KANGIS,"MURTALA ABDULLAHI JEGA"
43952,2,violation-same-parcel,182915,RES-1995-2818,2,"SALAMATU SABO BAKIN ZUWO"
43952,2,violation-same-parcel,182916,"KNML 1933",KANGIS,"SALAMATU SABO BAKIN ZUWO"
18560,2,review-district-mismatch,25677,CON-RES-RC-1984-49,3,"ALHAJI BELLO IBRAHIM"
18560,2,review-district-mismatch,32365,CON-RES-1987-1097,3,"MR FRANCIS NWONGBO ONYEKWELU"
162008,2,violation-same-parcel,185374,RES-2015-2873,2,"HON JUSTICE AISHA YAU"
162008,2,violation-same-parcel,185375,"KNML 1508",KANGIS,"HON JUSTICE AISHA YAU"
6895,2,violation-same-parcel,20579,RES-1992-3137,2,"MAIRO ADAMU"
6895,2,violation-same-parcel,25984,CON-AG-1982-136,3,"ALHAJI ADO BAITA DANMADANHO"
13833,2,violation-same-parcel,27611,RES-1991-690,1,"ALH YAWALE SHEHU"
13833,2,violation-same-parcel,36180,CON-RES-1991-125,3,"ALH HABIBU A. ABUBAKAR"
4505,2,legitimate-optot,18180,RES-1992-5124,2,"ALH BALA USMAN"
4505,2,legitimate-optot,130983,"MLKN 2270",KANGIS,"ABUBAKAR HARUNA IBRAHIM"
179440,2,violation-same-parcel,197947,CON-RES-2013-536,3,"ATIKA BARAU DANBATTA"
179440,2,violation-same-parcel,198056,"KNML 6068",KANGIS,"ATIKA BARAU DANBATTA"
11721,2,review-district-mismatch,25425,CON-RES-1985-606,3,"ALI SANI YOLA"
11721,2,review-district-mismatch,25106,CON-RES-1982-762,3,"ALHAJI ISHAQ A. AHMED"
15143,2,review-district-mismatch,33107,CON-RES-2000-79,3,"NURA MUHAMMED DANKADAI"
15143,2,review-district-mismatch,28940,RES-1993-3750,2,"ALHAJI MAIKUDI ADAMU / GARBA BAUBAKAR"
25333,2,review-district-mismatch,47275,CON-RES-2007-127,3,"MUHAMMAD MUSTAPHA SAAD"
25333,2,review-district-mismatch,120771,"KNML 4931_2",KANGIS,"UMAR MOHAMMED"
13898,2,violation-same-parcel,27677,RES-1991-769,1,"DR. GAMBARI-KAREEM IBRAHIM"
13898,2,violation-same-parcel,36188,CON-RES-1991-394,3,"ALH RABI'U SULE GARO"
13674,2,legitimate-optot,30958,CON-RES-1989-55,3,"FATIMA, RABI, ZAINAB & BELLO"
13674,2,legitimate-optot,27450,RES-1990-4265,1,"ALHAJI LAWAN BAGAZAWA"
12708,2,violation-same-parcel,33599,CON-RES-1987-1003,3,"FS SHAIBU ESEKHAIGBE"
12708,2,violation-same-parcel,26414,RES-1982-1957,1,"ABDU SHEHU"
8622,2,legitimate-optot,32957,CON-COM-2003-94,3,"ABDULLAHI AHMAD"
8622,2,legitimate-optot,22321,CON-RES-1982-3,3,"FIRST BANK OF NIGERIA PLC."
8207,2,review-district-mismatch,21904,CON-RES-2009-99,3,"MR. IFEDIGBO PAULINUS N."
8207,2,review-district-mismatch,33389,CON-COM-1992-77,3,"TSAKUWA D/KUDU PETROLEUM"
25423,2,legitimate-optot,121019,"KNML 8278",KANGIS,"YAHAYA AHMED & SHAMSUDEEN HAMISU INUWA"
25423,2,legitimate-optot,47365,CON-RES-2007-415,3,"MUHAMMAD HIBIB MUSA GUMEL"
13964,2,review-district-mismatch,27751,RES-1993-11,2,"ADO A IBRAHIM"
13964,2,review-district-mismatch,36076,CON-RES-1991-639,3,"ALHAJI ALI HASSAN"
67309,2,legitimate-optot,185119,RES-RC-1985-32,1,"MOHAMMED KANTI MADOBI"
67309,2,legitimate-optot,185151,"KNML 1745",KANGIS,"MOHAMMED KANTI MADOBI"
10927,2,review-district-mismatch,19162,CON-RES-1981-430,3,"ALHAJI BALARABE IBRAHIM"
10927,2,review-district-mismatch,24631,CON-RES-1988-324,3,"SANI BUHARI KARAMI"
15521,2,review-district-mismatch,29319,CON-RES-1985-406,3,"ALHAJI HARUNA IBRAHIM"
15521,2,review-district-mismatch,34815,CON-RES-2005-140,3,"ALHAJI GUDA ABDULAZEEZ YAKASAI"
8792,2,review-district-mismatch,22491,CON-RES-1995-86,3,"ALHAJI DANJUMA SHUAIBU"
8792,2,review-district-mismatch,131508,"MLKN 1609",KANGIS,"SA'IDU ISMA'IL"
166918,2,violation-same-parcel,189375,COM-2025-66,1,"MUSA HARUNA TAHIR"
166918,2,violation-same-parcel,189388,KN4121,KANGIS,"MUSA HARUNA TAHIR"
10890,2,review-district-mismatch,14963,CON-RES-1981-352,3,"ALHAJI MAIGIDA MUSA"
10890,2,review-district-mismatch,24594,CON-RES-1987-912,3,"D.M. OHAYAGHA"
5451,2,violation-same-parcel,179180,COM-2024-796,1,"UMAR MUSA"
5451,2,violation-same-parcel,179203,KN2894,KANGIS,"UMAR MUSA"
25384,2,review-district-mismatch,47326,CON-RES-2007-91,3,"ADO UMAR ADAMU"
25384,2,review-district-mismatch,105308,"KNML 6899",KANGIS,"ALHAJI RABIU ABDULLAHI KWAKWATAWA"
11956,2,legitimate-optot,25661,CON-RES-RC-1984-47,3,"ALHAJI AMINU SHARI BAPPA"
11956,2,legitimate-optot,24134,CON-RES-1983-372,3,"MOHAMMED SANI ZAKARI"
54597,2,violation-same-parcel,178487,RES-2014-931,2,"KHALIFA ISYAKU RABIU"
54597,2,violation-same-parcel,178488,"KNML 1774",KANGIS,"KHALIFA ISYAKU RABIU"
11356,2,review-district-mismatch,29618,CON-RES-1982-175,3,"MRS. GRACE F. ABBA"
11356,2,review-district-mismatch,25060,CON-RES-1984-253,3,"MOHAMMED BELLO"
17618,2,collision,181246,KN4813,KANGIS,"MURTALA ABDULLAHI JEGA"
17618,2,collision,31421,CON-RES-1994-311,3,"IBUKUN OLU (OYO) ATIBA CICU LTD"
156700,2,violation-same-parcel,181048,CON-RES-1996-327,3,"ADEKUNLE ODUSOLE"
156700,2,violation-same-parcel,181057,"KNML 1955",KANGIS,"ADEKUNLE ODUSOLE"
14710,2,review-district-mismatch,28498,RES-1993-1093,2,"IBRAHIM SAMBO MUKADDAS"
14710,2,review-district-mismatch,32708,CON-RES-1996-178,3,"ALHAJI SANI AHMED MOHAMMED"
11558,2,review-district-mismatch,25262,CON-COM-1983-4,3,"ALHAJI UMARU ALI BASHARI"
11558,2,review-district-mismatch,22294,CON-RES-1982-487,3,"HAJIYA HAUWA YUSIF"
24053,2,review-district-mismatch,47020,CON-RES-2000-139,3,"ALHAJI BALA NA'IYA"
24053,2,review-district-mismatch,47070,CON-RES-1999-215,3,"MR. ELIJAH J. UDOH"
49601,2,violation-same-parcel,175474,RES-2002-8085,2,"BASHIR SULEIMAN DAUDA"
49601,2,violation-same-parcel,175520,KN5086,KANGIS,"BASHIR SULEIMAN DAUDA"
12169,2,review-district-mismatch,25874,CON-RES-1988-335,3,"DAHIRU HAMISU"
12169,2,review-district-mismatch,22995,CON-RES-1984-207,3,"KABO TRAVELS LIMITED"
17940,2,review-district-mismatch,31744,CON-COM-1984-177,3,"ALHAJI HALLURU JIBRIN GAMA"
17940,2,review-district-mismatch,19755,CON-RES-RC-1982-166,3,"ALHAJI ABDU AKWA"
158527,2,review-district-mismatch,182475,CON-RES-2012-107,3,"MALLAM YAKUBU SABIU"
158527,2,review-district-mismatch,182513,"KNML 1710",KANGIS,"MALLAM YAKUBU SABI'U"
175293,2,violation-linked,194781,CON-COM-2024-208,3,"AMINU SALEH"
175293,2,violation-linked,194787,KN5359,KANGIS,"AMINU SALEH"
151709,2,violation-linked,174933,CON-AG-2021-61,3,"JAMILU ABDULLAHI GALADIMA"
151709,2,violation-linked,174934,KN3619,KANGIS,"JAMILU ABDULLAHI GALADIMA"
161708,2,review-district-mismatch,185114,COM-2010-384,1,"HERBAL POINT SERVICES"
161708,2,review-district-mismatch,185128,"MLKN 389",KANGIS,"HERBAL POINT SERVICES"
33554,2,legitimate-optot,191687,RES-1989-1286,1,"ALH SANUSI ADAMU"
33554,2,legitimate-optot,191708,"KNML 2488",KANGIS,"SANUSI ADAMU ALH"
178767,2,violation-linked,197394,COM-1999-39,1,"MUHAMMAD MUJIBU"
178767,2,violation-linked,197395,KN1795,KANGIS,"MUHAMMAD MUJIBU"
164508,2,legitimate-optot,187371,RES-1990-809,1,"ALH MUHAMMAD MUSA SHEHU"
164508,2,legitimate-optot,187388,"KNML 279",KANGIS,"ALH MUHAMMAD MUSA SHEHU"
13789,2,undecidable,33274,CON-RES-1990-424,3,"ALHAJI SANI ILIYASU BICHI"
13789,2,undecidable,27566,RES-1991-644,1,"ABDULLAHI ALH BALA"
14446,2,review-district-mismatch,28233,RES-1993-2485,2,"MOHD SHUAIBU RUWANTSA"
14446,2,review-district-mismatch,31469,CON-RES-1994-369,3,"ALHAJI SABO LAWAN KABARA"
18246,2,review-district-mismatch,18738,CON-RES-RC-1982-520,3,"MALLAM UMARU SANDA"
18246,2,review-district-mismatch,32050,CON-RES-1982-811,3,"AUWALU BABA JIBRIL"
8283,2,review-district-mismatch,31536,CON-COM-1994-45,3,"ALHAJI JUBRIN UMAR"
8283,2,review-district-mismatch,21982,RES-1992-5778,2,"ALARAMMA MALLAM USAINI"
156945,2,violation-same-parcel,181260,CON-RES-2023-7327,3,"FAIZU MUHAMMAD GALADIMA"
156945,2,violation-same-parcel,181273,KN4780,KANGIS,"MRTALA ABDULLAHI JEGA"
37601,2,legitimate-optot,178272,RES-1991-7017,1,"AHMAD S MUHD"
37601,2,legitimate-optot,178316,"KNML 1796",KANGIS,"AHMAD S MUHAMMAD"
175750,2,violation-same-parcel,195049,RES-2001-2567,2,"IBRAHIM SHARIFF K/NASSARAWA"
175750,2,violation-same-parcel,195060,"KNML 1204",KANGIS,"ABDUL'AZIZ HABIB MAHMUD"
12565,2,review-district-mismatch,26271,CON-RES-1986-337,3,"SANI UBA ALI"
12565,2,review-district-mismatch,26302,CON-RES-1986-134,3,"MR ANDREW AGO"
8702,2,review-district-mismatch,22401,RES-1992-6423,2,"ALHAJI ISA"
8702,2,review-district-mismatch,32771,CON-COM-2005-54,3,"ALHAJI LAWAN GARBA"
13399,2,violation-same-parcel,24252,CON-RES-1988-348,3,"TAYAMILU TIJJANI"
13399,2,violation-same-parcel,27173,RES-1991-383,1,"ZAILANI AMINU"
7151,2,undecidable,26240,CON-AG-1984-29,3,"ALHAJI SHEHU SAYA-SAYA"
7151,2,undecidable,20838,RES-1992-3262,2,"INUSA A HALILU GAYA"
7147,2,violation-same-parcel,20834,RES-1992-3238,2,"MARIYA DAHIRU"
7147,2,violation-same-parcel,23751,CON-AG-1984-192,3,"ALHAJI SAIDU MAITTASAI"
154266,2,violation-same-parcel,178578,CON-RES-2009-641,3,"KABIRU AHMAD YAKASAI"
154266,2,violation-same-parcel,178596,"KNML 2510",KANGIS,"KABIR AHMAD YAKASAI"
158492,2,legitimate-optot,182441,RES-2022-1960,2,"OLUNREBI TAOFEEK OLAWALE"
158492,2,legitimate-optot,182457,KN3106,KANGIS,"OLUNREBI TAOFEEK OLAWALE"
162693,2,violation-linked,185900,CON-COM-2015-200,3,"ALH. SAMMANI MUHD ABDULMUMINI"
162693,2,violation-linked,185901,"MLKN 2221",KANGIS,"ALH. SAMMANI MUHD ABDULMUMINI"
165296,2,violation-linked,188085,CON-RES-2014-476,3,"SABIU MUSA NABARUMA"
165296,2,violation-linked,188086,"KNML 2882",KANGIS,"SABIU MUSA NABARUMA"
12374,2,review-district-mismatch,26079,CON-RES-1989-257,3,"ALHAJI AHMED ADEKU OZIGI"
12374,2,review-district-mismatch,24707,CON-RES-1985-214,3,"JOHN ARIYO AFELUMA"
18029,2,review-district-mismatch,31833,CON-RES-1984-128,3,"DANIEL U. UWOSU"
18029,2,review-district-mismatch,32423,CON-RES-RC-1982-300,3,"ALHAJI HABIBA SHA'AIBU"
50291,2,violation-same-parcel,186232,RES-2004-490,2,"ENGINEER AMINU SHEHU"
50291,2,violation-same-parcel,186260,"KNML 1598",KANGIS,"ENGINEER AMINU SHEHU"
18511,2,review-district-mismatch,32316,CON-COM-1987-41,3,"ALHAJI AMINU DANTATA"
18511,2,review-district-mismatch,20661,CON-RES-RC-1983-6,3,"ALHAJI SULE BALARABE"
30871,2,violation-same-parcel,182094,RES-1985-429,1,"HALIMA ABUBAKAR MAHE"
30871,2,violation-same-parcel,182121,"KNML 1709",KANGIS,"HALIMA ABUBAKAR MAHE"
25392,2,review-district-mismatch,124032,"KNML 7075",KANGIS,"EMMANUEL BOLA IBISAGBA"
25392,2,review-district-mismatch,47334,CON-RES-2007-75,3,"MIKO MUHAMMAD"
49393,2,violation-same-parcel,180056,RES-2002-6964,2,"ALHAJI LABARAN SHAMBA"
49393,2,violation-same-parcel,180067,"KNML 1207",KANGIS,"ALHAJI LABARAN SHAMBA"
13392,2,violation-same-parcel,27166,RES-1991-376,1,"ABDULKARIM SHEHU"
13392,2,violation-same-parcel,24258,CON-RES-1988-329,3,"MR ANTHONY ONYEAMA OSIMIRI"
16113,2,review-district-mismatch,29912,CON-IND-1988-8,3,"ALH MUHAMMAD  MAIMAI MARMARA"
16113,2,review-district-mismatch,35399,CON-RES-2009-303,3,"ALHAJI UMARU AHMED"
168144,2,violation-same-parcel,190299,CON-RES-2023-7388,3,"FAIZU MUHAMMAD GALADIMA"
168144,2,violation-same-parcel,190313,KN4617,KANGIS,"MURTALA ABDULLAHI JEGA"
18020,2,review-district-mismatch,31824,CON-RES-1984-563,3,"MRS. RUTH EGHAGHA"
18020,2,review-district-mismatch,19822,CON-RES-RC-1982-291,3,"ALHAJI MUSA MAI KUSA"
18561,2,review-district-mismatch,32366,CON-RES-1987-1098,3,"MR C.U ACHUGAONYA"
18561,2,review-district-mismatch,20398,CON-RES-RC-1984-5,3,"ALHAJI TIJJANI ALIYU"
53489,2,legitimate-optot,171630,RES-2010-2938,2,"AISHA UMAR"
53489,2,legitimate-optot,171640,"KNML 8121",KANGIS,"AISHA UMAR"
16272,2,review-district-mismatch,35384,CON-RES-2009-926,3,"CHIEF CHRYSOGONUS U OSUJI"
16272,2,review-district-mismatch,30071,CON-RES-1990-190,3,"MALLAM JAFARU MUSA"
14088,2,review-district-mismatch,27875,RES-1993-684,2,"ABUBAKAR MUSA BODODO"
14088,2,review-district-mismatch,34580,CON-RES-1992-468,3,"UMAR HAMID"
50793,2,violation-same-parcel,190435,RES-2005-796,2,"KABIRU AYAGI & 2 OTHERS"
50793,2,violation-same-parcel,190436,"KNML 2481",KANGIS,"KABIRU AYAGI & 2 OTHERS"
7752,2,review-district-mismatch,15904,CON-COM-1982-177,3,"DAWANAU OIL MILLS"
7752,2,review-district-mismatch,21443,RES-1992-4511,2,"ALI MAILAFIA"
9898,2,review-district-mismatch,179627,"MLKN 2786",KANGIS,"ULTIMATE GAS LIMITED"
9898,2,review-district-mismatch,179239,CON-COM-2020-456,3,"NURA AHMAD"
155581,2,review-district-mismatch,179901,RES-2002-4321,2,"ABDULLAHI B SHARADA/BABA ABDULLAHI & MALAM USMAN"
155581,2,review-district-mismatch,179910,"KNML 1466",KANGIS,"ABDULLAHI B SHARADA/BABA ABDULLAHI & MALAM USMAN"
155712,2,violation-same-parcel,180025,CON-RES-2023-7366,3,"FAIZU MUHAMMAD GALADIMA"
155712,2,violation-same-parcel,180046,KN5128,KANGIS,"MURTALA ABDULLAHI JEGA"
8297,2,review-district-mismatch,31512,CON-COM-1994-9,3,"ALHAJI M. B YUSUF"
8297,2,review-district-mismatch,21996,RES-1992-5817,2,"MA'U AINAINI"
167775,2,violation-same-parcel,189996,RES-1995-1726,2,"AHMED MUTARI DANGANA"
167775,2,violation-same-parcel,189999,"KNML 2427",KANGIS,"AHMED MUTARI DANGANA"
8200,2,review-district-mismatch,33397,CON-COM-1992-62,3,"SDY ENGINEERING & CONST. CO.LTD"
8200,2,review-district-mismatch,21897,CON-RES-2009-294,3,"M. BABANGIDA MUZAKKARI"
171664,2,violation-same-parcel,192179,RES-2015-2124,2,"BUHARI KABIR BUHARI"
171664,2,violation-same-parcel,192190,KN3052,KANGIS,"BUHARI KABIR BUHARI"
7253,2,review-district-mismatch,20940,CON-RES-1993-548,3,"ABDULLAHI ALIYU"
7253,2,review-district-mismatch,21270,CON-AG-1987-25,3,"HABIBU ALIYU"
11634,2,review-district-mismatch,22343,CON-RES-1982-6,3,"ALHAJI HASSAN INUWA"
11634,2,review-district-mismatch,25338,CON-RES-1984-384,3,"ALHAJI WADA AMINU"
11140,2,review-district-mismatch,24844,CON-RES-1986-228,3,"ALH. ISA UMARU MOHAMMED"
11140,2,review-district-mismatch,31103,CON-RES-1982-118,3,"ALHAJI ADAMU AMNU AZARE"
12558,2,review-district-mismatch,26264,CON-RES-1986-64,3,"ALHAJI GARBA AMED"
12558,2,review-district-mismatch,24800,CON-RES-1986-112,3,"ALHAJI ABDUSSALAM TIJJANI"
13391,2,violation-same-parcel,33332,CON-RES-1988-326,3,"MR ADE OREDORE"
13391,2,violation-same-parcel,27165,RES-1991-375,1,"MUSA JATAU"
12369,2,review-district-mismatch,33522,CON-RES-1985-2,3,"ALIYU MOHAMMED HADEJIA"
12369,2,review-district-mismatch,26074,CON-RES-1982-683,3,"ALHAJI ALI TUKURA"
13893,2,legitimate-optot,25392,CON-RES-1991-377,3,"MAIMUNAT MUSTAPHA"
13893,2,legitimate-optot,27672,RES-1991-764,1,"ALH SALISU IBRAHIM"
32345,2,violation-same-parcel,189646,RES-1987-2201,1,"ALHAJI TIJJANI MUHAMMAD"
32345,2,violation-same-parcel,189648,"KNML 2452",KANGIS,"ALHAJI TIJJANI MUHAMMAD"
18705,2,legitimate-optot,182101,IND-1981-2,1,"PATERSON ZOCH IND LIMITED"
18705,2,legitimate-optot,32510,CON-RES-RC-1981-6,3,"ALHAJI ABDUL GANIYU BELLO"
18372,2,review-district-mismatch,32176,CON-RES-1987-272,3,"MR A.B. OYEFUGA"
18372,2,review-district-mismatch,21278,CON-RES-RC-1982-655,3,"ALH ABDU MOHAMMED"
8073,2,review-district-mismatch,128657,"MLKN 1614",KANGIS,"MURTALA SANI JEGA"
8073,2,review-district-mismatch,21768,RES-1992-4853,2,"MAHMUD BASHIR MG"
18538,2,review-district-mismatch,32343,CON-RES-1987-1111,3,"AMINU IBRAHIM"
18538,2,review-district-mismatch,26223,CON-RES-RC-1984-29,3,"ALHAJI YUSUF ABDULLAHI"
11923,2,review-district-mismatch,25628,CON-RES-1984-135,3,"RABIU SULAIMAN DANGUGUWA"
11923,2,review-district-mismatch,25032,CON-RES-1983-293,3,"ALHAJI AMINU BALA TALLE"
11200,2,review-district-mismatch,24904,CON-RES-1983-698,3,"ALHASSAN MUSTAPHA"
11200,2,review-district-mismatch,29604,CON-RES-1982-13,3,"SASISA NIGERIA LIMITED"
12179,2,review-district-mismatch,29221,CON-RES-1984-235,3,"AMADU HARUNA"
12179,2,review-district-mismatch,25884,CON-RES-1988-548,3,"ALHAJI MUHAMMADU INUWA"
7017,2,review-district-mismatch,19267,CON-AG-1982-481,3,"ABBAS MAJE ADANANU"
7017,2,review-district-mismatch,20701,CON-RES-1995-342,3,"HAJIYA MARYAM AND 7 OTHERS"
13440,2,review-district-mismatch,27214,RES-1991-430,1,"ALH TIJJANI HASSAN DAN IYAN KANO"
13440,2,review-district-mismatch,24263,CON-RES-1988-442,3,"ALH ABDULLAHI GAMBO"
18434,2,review-district-mismatch,18746,CON-RES-RC-1982-722,3,"A. AUDU DUTSE & SONS"
18434,2,review-district-mismatch,32239,CON-RES-1987-1319,3,"SA'ADU ADAMU"
11659,2,review-district-mismatch,26043,CON-RES-1982-629,3,"ALHAJI AHMAD RUFAI MAHMOUD"
11659,2,review-district-mismatch,25363,CON-RES-1982-763,3,"AUDU MOHAMMED DURUMIN IYA"
12654,2,review-district-mismatch,26360,CON-RES-1982-234,3,"ALHAJI USMAN BABA KUSA"
12654,2,review-district-mismatch,25767,CON-RES-1986-367,3,"ALH HARUNA BAKO MAISHINKU"
13443,2,undecidable,34595,CON-RES-1988-446,3,"A AUWALU ABDULLAHI"
13443,2,undecidable,27217,RES-1991-433,1,"HABIBU SULEIMAN ZAKIRAI"
12375,2,review-district-mismatch,26080,CON-RES-1989-277,3,"EDWIN EJEZIE"
12375,2,review-district-mismatch,30775,CON-RES-1985-217,3,"MAGAN JAWARA"
12893,2,review-district-mismatch,26665,RES-1982-2180,1,"HAJIYA AISHATU IMORU"
12893,2,review-district-mismatch,25440,CON-RES-1987-1429,3,"ALHAJI SALISU .S. MOHAMMED"
12419,2,violation-same-parcel,29312,CON-RES-1985-350,3,"DR. CLITON C. MUOTO"
12419,2,violation-same-parcel,26124,CON-RES-1989-271,3,"ALHAJI ABDUL BUKAR"
164550,2,violation-same-parcel,187408,CON-RES-2013-413,3,"ISMAILA SHUAIBU MAIGYARA"
164550,2,violation-same-parcel,187410,"KNML 2879",KANGIS,"ISMAILA SHUAIBU MAIGYARA"
28253,2,collision,185263,DCIV-2023-187,DCIV,"THE NIGERIAN POLICE"
28253,2,collision,195505,RES-1982-1505,1,"SAFIYANU UMAR"
15518,2,review-district-mismatch,29316,CON-RES-1985-239,3,"ALHAJI HAMISU INUWA & ALHAJI BALA SULE"
15518,2,review-district-mismatch,32787,CON-RES-2005-127,3,"SABO ABUBAKAR BATAIYA"
12987,2,review-district-mismatch,26759,RES-1991-56,1,"SAGIR ABDULMUMINI"
12987,2,review-district-mismatch,30820,CON-RES-1987-265,3,"ALH. ABDULLAHI L. MAIKUSA"
153386,2,violation-same-parcel,177699,CON-RES-2023-7230,3,"FAIZU MUHAMMAD GALADIMA"
153386,2,violation-same-parcel,179516,KN5165,KANGIS,"MURTALA ABDULLAHI JEGA"
38563,2,legitimate-optot,187929,RES-1992-1333,2,"ALH MUHAMMAD BADARU UMAR"
38563,2,legitimate-optot,187955,"KNML 2874",KANGIS,"ALH MUHAMMAD BADARU UMAR"
171649,2,violation-linked,192163,CON-COM-2011-58,3,"MU'AZU IBRAHIM YUSUF"
171649,2,violation-linked,192174,"MLKN 2777",KANGIS,"MU'AZU IBRAHIM YUSUF"
11245,2,review-district-mismatch,24949,CON-RES-1982-593,3,"HAJIYA LAURA SALIHU"
11245,2,review-district-mismatch,22898,CON-RES-1982-1392,3,"ALHAJI BABA BASHIR"
30303,2,legitimate-optot,171220,RES-1985-113,1,"CHIEF EMEKA ONYIDO"
30303,2,legitimate-optot,171274,"MLKN 2504",KANGIS,"PRINCE EMEKA ONYIDO"
179545,2,violation-same-parcel,198050,RES-1984-122,1,"NU'UMAN BARAU DANBATTA"
179545,2,violation-same-parcel,198080,"KNML 6610",KANGIS,"NU'UMAN BARAU DANBATTA"
13999,2,review-district-mismatch,27786,RES-1993-102,2,"KYAUTA HASSAN"
13999,2,review-district-mismatch,35956,CON-RES-1992-159,3,"ALHAJI MUHAMMADU ISYAKU FAGGE"
36813,2,violation-same-parcel,193219,RES-1991-3482,1,"AKIBU IBRAHIM DALHATU"
36813,2,violation-same-parcel,193233,"KNML 944",KANGIS,"AKIBU IBRAHIM DALHATU"
8364,2,review-district-mismatch,22063,CON-RES-2009-87,3,"BERNARD AGU EKWUEME"
8364,2,review-district-mismatch,32682,CON-COM-1997-18,3,"ALH LABARAN KANO"
13261,2,violation-same-parcel,27034,RES-1982-2224,1,"ALHAJI SHEHU AHMED"
13261,2,violation-same-parcel,30887,CON-RES-1987-890,3,"ALHAJI MUSA RINGIM"
18248,2,review-district-mismatch,32052,CON-RES-1982-808,3,"ARAB BANK NIGERIA LIMITED"
18248,2,review-district-mismatch,18741,CON-RES-RC-1982-522,3,"ISYSKU UMAR"
13880,2,undecidable,27658,RES-1991-747,1,"M. IBRAHIM DANJUMMAI YUSUF"
13880,2,undecidable,36495,CON-RES-1991-31,3,"BALARABE ALIYU"
13536,2,undecidable,27310,RES-1991-554,1,"ALHAJI IDI FARAWA"
13536,2,undecidable,29762,CON-RES-1989-112,3,"ALHAJI SHEHU DOMA"
11508,2,review-district-mismatch,21674,CON-RES-1982-409,3,"ALHAJI USMAN WADA"
11508,2,review-district-mismatch,25212,CON-RES-1984-255,3,"ALHAJI YAHAYA MUSA"
10938,2,review-district-mismatch,24642,CON-RES-1988-286,3,"HASSAN SHUAIBU"
10938,2,review-district-mismatch,23605,CON-RES-1981-454,3,"ALHAJI SANI DANDADA"
13702,2,violation-same-parcel,17809,CON-RES-1990-124,3,"AUGUSTINE SUNDAY OJUKWU"
13702,2,violation-same-parcel,27479,RES-1990-4091,1,"NASIDI ABUBAKAR"
154867,2,legitimate-optot,179197,RES-2023-1447,2,"TANIMU ADAMU"
154867,2,legitimate-optot,179205,KN4402,KANGIS,"TANIMU ADAMU"
7887,2,review-district-mismatch,21579,RES-1992-4600,2,"MOHAMMEDSANI YARO"
7887,2,review-district-mismatch,29503,CON-COM-1983-45,3,"ALHAJI DAUDA GARBA"
14360,2,legitimate-optot,28147,RES-1993-2078,2,"ALH CHINDO MUSA"
14360,2,legitimate-optot,29837,CON-RES-1994-255,3,"HAJIYA HALIMA H. UMAR"
24038,2,review-district-mismatch,47005,CON-RES-1999-82,3,"HAJIYA BINTA KASSIM"
24038,2,review-district-mismatch,47055,CON-RES-1998-290,3,"ALH BATURE YAHAYA"
43586,2,legitimate-optot,173722,RES-1995-2158,2,"UMAR BALA SANDA"
43586,2,legitimate-optot,173766,"KNML 2491",KANGIS,"UMAR BALA SANDA"
8727,2,review-district-mismatch,34886,CON-COM-2005-99,3,"ALHAJI SHEHU WAKILI"
8727,2,review-district-mismatch,22426,RES-1992-6464,2,"ISAH UMARU"
41957,2,review-district-mismatch,175461,RES-1993-6240,2,"KABIRU YAHAYA"
41957,2,review-district-mismatch,175470,KN2998,KANGIS,"KABIRU YAHAYA"
168558,2,violation-same-parcel,190615,RES-2008-5299,2,"ASHIRU YA'U"
168558,2,violation-same-parcel,190626,"KNML 1624",KANGIS,"ASHIRU YA'U"
151324,2,violation-linked,174556,CON-COM-2022-314,3,"JAMILU USMAN KURNA"
151324,2,violation-linked,174584,KN4415,KANGIS,"JAMILU USMAN KURNA"
13886,2,undecidable,36501,CON-RES-1991-344,3,"ABBA DABBO"
13886,2,undecidable,27664,RES-1991-756,1,"BABA LAWAN HASSAN"
25404,2,review-district-mismatch,47346,CON-RES-2007-353,3,"NUHU ABUBAKAR MABUDI"
25404,2,review-district-mismatch,124453,"KNML 7613",KANGIS,"ABUBAKAR MAHE MAHMUD"
166954,2,violation-same-parcel,189401,CON-RES-2023-7282,3,"FAIZU MUHAMMAD GALADIMA"
166954,2,violation-same-parcel,189411,KN5236,KANGIS,"MURTALA ABDULLAHI JEGA"
154881,2,violation-linked,179216,COM-2025-15,1,"NORTHWEST DEVELOPMENT COMMISSION"
154881,2,violation-linked,179223,SIT-2025-6,2,"NORTHWEST DEVELOPMENT COMMISSION"
179846,2,legitimate-optot,198307,RES-2023-1446,2,"TANIMU ADAMU"
179846,2,legitimate-optot,198318,KN4398,KANGIS,"TANIMU ADAMU"
29607,2,violation-same-parcel,180102,RES-1983-124,1,"HAJIYA HAUWA BASHIR TOFA"
29607,2,violation-same-parcel,180126,"KNML 1206",KANGIS,"HAJIYA HAUWA BASHIR TOFA"
13474,2,review-district-mismatch,33327,CON-RES-1988-537,3,"ALH MOHD J. GARBA"
13474,2,review-district-mismatch,27248,RES-1991-479,1,"ALHAJI ISA DANTUBE"
8092,2,review-district-mismatch,29727,CON-COM-1989-34,3,"ALHAJI ALI UTAI"
8092,2,review-district-mismatch,21787,RES-1992-4914,2,"A. LAWAN SARKIN KIDAN KOTSO"
16252,2,review-district-mismatch,35343,CON-RES-2009-836,3,"ALHAJI SABIU MUHAMMAD"
16252,2,review-district-mismatch,30051,CON-RES-1990-156,3,"ALHAJI IBRAHIM GARBA"
33081,2,legitimate-optot,186333,RES-1988-2339,1,"BELLO BABA YOLA"
33081,2,legitimate-optot,186360,"KNML 252",KANGIS,"BELLO BABA YOLA"
40362,2,violation-same-parcel,22448,RES-1992-6506,2,"SALE BOYI"
40362,2,violation-same-parcel,176060,"KNML 1245",KANGIS,"ABUBAKAR UMAR ADAMU"
14651,2,review-district-mismatch,20719,CON-RES-1995-543,3,"SANI NA ALLAH"
14651,2,review-district-mismatch,28439,RES-1993-330,2,"LADI AISHA KABIR DANTATA"
6936,2,review-district-mismatch,16456,CON-AG-1982-226,3,"ALHAJI MA'AZU TAMBURAWA"
6936,2,review-district-mismatch,20620,RES-1992-3182,2,"ISAH ADO"
146939,2,violation-same-parcel,170014,RES-2000-2575,2,"ALH MANSUR IDRIS"
146939,2,violation-same-parcel,170018,KN4842,KANGIS,"ALH MANSUR IDRIS"
16083,2,review-district-mismatch,29882,CON-RES-1994-640,3,"ALHAJI SAID MUHAMMED SUWAID"
16083,2,review-district-mismatch,35427,CON-RES-2009-21,3,"CHUKWUMA IKARAOHA"
8362,2,review-district-mismatch,195572,CON-COM-1997-12,3,"KANO TRANSPORT INTERNATIONAL LIMITED"
8362,2,review-district-mismatch,22061,CON-RES-2009-1030,3,"ALH. MANNIR ISYAKU RABIU"
11666,2,review-district-mismatch,25370,CON-RES-1982-732,3,"MALLAM SIRAJO M. IBRAHIM"
11666,2,review-district-mismatch,23454,CON-RES-1982-636,3,"MALLAM DAU KURAWA"
152107,2,violation-linked,175382,CON-RES-2022-153,3,"USMAN UMAR BAFFALO"
152107,2,violation-linked,175383,KN3575,KANGIS,"USMAN UMAR BAFFALO"
12480,2,review-district-mismatch,26186,CON-RES-1988-188,3,"MOHAMMED NASIR IBRAHIM"
12480,2,review-district-mismatch,34336,CON-RES-1985-522,3,"ALHAJI MUSA ABDULMINI"
12818,2,violation-same-parcel,32329,CON-RES-1987-1208,3,"AMUCHA DEVELOPMENT ORGANISATION"
12818,2,violation-same-parcel,26590,RES-1982-2414,1,"UMARU ZAKARI YA'U"
12825,2,violation-same-parcel,24514,CON-RES-1987-1233,3,"ALHAJI AHMED SA'IDU WASAI"
12825,2,violation-same-parcel,26597,RES-1982-2405,1,"SHEHU USMAN HASSAN"
163481,2,violation-linked,186569,CON-RES-2003-79,3,"ABDULSALAM IBRAHIM GASHASH"
163481,2,violation-linked,186570,"KNML 1545",KANGIS,"ABDULSALAM IBRAHIM GASHASH"
12430,2,review-district-mismatch,26135,CON-RES-1989-213,3,"ALHAJI IBRAHIM USMAN"
12430,2,review-district-mismatch,30788,CON-RES-1985-374,3,"ALHAJI SANI DALA"
13952,2,undecidable,27739,RES-1991-853,1,"AHMED ADAMU T/WADA"
13952,2,undecidable,30167,CON-RES-1991-588,3,"ALHAJI AMINU GALADIMA"
45731,2,violation-linked,174658,RES-1997-954,2,"TAHIR FADLALLAH"
45731,2,violation-linked,174659,KN3538,KANGIS,"TAHIR FADLALLAH"
18189,2,review-district-mismatch,31993,CON-RES-1983-165,3,"ALHAJI SANI YA'U"
18189,2,review-district-mismatch,26076,CON-RES-RC-1982-465,3,"ALHAJI MOHAMMADU IBRAHIM"
7897,2,review-district-mismatch,21589,RES-1992-4632,2,"DANTSOHO ADAMU"
7897,2,review-district-mismatch,29513,CON-COM-1983-60,3,"ALHAJI RABIU GAMBO"
54151,2,legitimate-optot,194246,RES-2013-454,2,"ALIYU TIJJANI MATO"
54151,2,legitimate-optot,194270,"KNML 533",KANGIS,"ALIYU TIJJANI MATO"
7052,2,review-district-mismatch,20738,CON-RES-1995-219,3,"ALHAJI NASIRU MAGAJI U/UKU"
7052,2,review-district-mismatch,18549,CON-AG-1982-594,3,"ALHAJI UMARU DANAZUMI"
148103,2,violation-linked,171366,CON-COM-2024-482,3,"SHEHU WAKILI"
148103,2,violation-linked,171371,KN3690,KANGIS,"SHEHU WAKILI"
7743,2,review-district-mismatch,21434,RES-1992-4500,2,"YAKUBU MALAM SULE"
7743,2,review-district-mismatch,15274,CON-COM-1982-156,3,"ALHAJI SALISU DANDUGAJI"
56152,2,legitimate-optot,192100,RES-2015-7764,2,"SALE UMAR"
56152,2,legitimate-optot,192112,KN4506,KANGIS,"SALE UMAR"
13965,2,review-district-mismatch,27752,RES-1993-13,2,"MAITAMA YAKUBU"
13965,2,review-district-mismatch,36078,CON-RES-1991-641,3,"BALA MOHAMMED GETSO"
11449,2,review-district-mismatch,25153,CON-RES-1982-719,3,"M. DALHA ABDU"
11449,2,review-district-mismatch,21708,CON-RES-1982-303,3,"ALHAJI MUSA  DAURAWA"
3913,2,legitimate-optot,188184,COM-2014-50,1,"ALHAJI MUHAMMAD SULAIMAN"
3913,2,legitimate-optot,17587,RES-1982-1393,1,"DANLAMI ALHASSAN & SONS NIGERIA LIMITED"
11098,2,review-district-mismatch,29612,CON-RES-1982-109,3,"ALHAJI MUSA WADA"
11098,2,review-district-mismatch,24802,CON-RES-1986-114,3,"ALHAJI BALARABE MAUI KANO"
12562,2,review-district-mismatch,24814,CON-RES-1986-130,3,"ALH HASSAN NA ABBA"
12562,2,review-district-mismatch,26268,CON-RES-1986-98,3,"ALHAJI AUDU"
14659,2,review-district-mismatch,31360,CON-RES-1995-582,3,"ALHAJI AHMADU IDRIS"
14659,2,review-district-mismatch,28447,RES-1993-281,2,"MUSA BABA"
11018,2,review-district-mismatch,24722,CON-RES-1985-332,3,"ALH. SALISU AHMED"
11018,2,review-district-mismatch,14976,CON-RES-1981-605,3,"ALHAJI TSOHO MAI KARFE"
15456,2,review-district-mismatch,34732,CON-RES-2004-344,3,"IBRAHIM A . ILU KURA"
15456,2,review-district-mismatch,29254,CON-IND-1984-20,3,"FAWAZ ALUMINIUM AND WOOD PRODUCT LTD"
10939,2,review-district-mismatch,19157,CON-RES-1981-456,3,"ALHAJI UMARU AHMED"
10939,2,review-district-mismatch,24643,CON-RES-1988-202,3,"OLUSEYI K KENNY"
164019,2,violation-same-parcel,186929,RES-2015-2214,2,"ABUBAKAR BASHIR"
164019,2,violation-same-parcel,186950,KN3730,KANGIS,"ABUBAKAR BASHIR"
174749,2,violation-same-parcel,194452,RES-2000-2807,2,"MAIKUDI DAMBATTA"
174749,2,violation-same-parcel,194453,"KNML 543",KANGIS,"DORAYI TUKUR UMAR"
178900,2,violation-linked,197521,CON-COM-2026-639,3,"NATA'ALA PROPERTIES & INVESTMENT LIMITED"
178900,2,violation-linked,197534,CON-RES-2026-3006,3,"NATA'ALA PROPERTIES & INVESTMENT LIMITED"
14464,2,violation-same-parcel,28251,RES-1994-396,2,"ADO KURMA & FAMILY"
14464,2,violation-same-parcel,33231,CON-RES-1994-426,3,"DR MUHAMMED SANI"
45959,2,legitimate-optot,171206,RES-1998-433,2,"AKHIM PLUS NIGERIA LIMITED."
45959,2,legitimate-optot,171244,"KNML 1133",KANGIS,"ODETTE MARY AND MARIE CHRISTINA FADOUL."
7631,2,review-district-mismatch,16704,CON-AG-RC-1985-4,3,"ALH SABO NANONO"
7631,2,review-district-mismatch,21322,CON-AG-1982-222,3,"MADUGU NA BAKON WAIYA LTD"
50543,2,legitimate-optot,193670,RES-2005-1315,2,"ALA HAUWA MUHAMMAD"
50543,2,legitimate-optot,193692,"KNML 1395",KANGIS,"ALA HAUWA MUHAMMAD"
12174,2,review-district-mismatch,25879,CON-RES-1988-581,3,"MR EZE OKORO AFOR"
12174,2,review-district-mismatch,31886,CON-RES-1984-22,3,"UNION BANK OF NIGERIA PLC"
161738,2,violation-same-parcel,185139,RES-2005-1397,2,"ABDURRAHMAN SHUAIBU"
161738,2,violation-same-parcel,185142,"KNML 1502",KANGIS,"ABDURRAHMAN SHUAIBU"
12024,2,review-district-mismatch,25729,CON-COM-1995-108,3,"LAWAN SHU'AIBU"
12024,2,review-district-mismatch,35250,CON-RES-1983-569,3,"NAGOMA USMAN"
7207,2,review-district-mismatch,20894,CON-AG-1983-106,3,"ALHAJI YALWA ADAMU"
7207,2,review-district-mismatch,30362,CON-AG-1986-133,3,"DAN GADA POULTRY NIG LTD"
25347,2,review-district-mismatch,108190,"KNML 534",KANGIS,"ALIYU TIJJANI MATO"
25347,2,review-district-mismatch,47289,CON-RES-2007-28,3,"ALHAJI UBA CHAMO"
17483,2,review-district-mismatch,31286,CON-COM-1995-70,3,"ALHAJI GARBA UBA DANSAJA"
17483,2,review-district-mismatch,185440,KN5388,KANGIS,"MURTALA ABDULLAHI JEGA"
15435,2,review-district-mismatch,29233,CON-RES-1984-231,3,"MR.OLATUNJI ADENUGA"
15435,2,review-district-mismatch,34776,CON-RES-2004-307,3,"SAADATU IBRAHIM"
12858,2,legitimate-optot,33838,CON-RES-1987-1303,3,"ALHAJI NASIRU ISA"
12858,2,legitimate-optot,26630,RES-1982-2125,1,"USMAN MUHD NASIB"
11351,2,review-district-mismatch,29617,CON-RES-1982-169,3,"ALHAJI GARBA JANKU SUMAILA"
11351,2,review-district-mismatch,25055,CON-RES-1984-296,3,"ALHAJI SANI MAIZARE"
145358,2,violation-linked,168285,CON-COM-2022-490,3,"MUSA ALHASSAN ABUBAKAR"
145358,2,violation-linked,168307,"MLKN 4279",KANGIS,"MUSA ALHASSAN ABUBAKAR"
23914,2,review-district-mismatch,38662,CON-RES-1999-62,3,"ALHAJI ABUBAKAR ALHASSAN"
23914,2,review-district-mismatch,171170,KN1143,KANGIS,"A. GARBA YUSUF ABDULMUMINI"
1476,2,review-district-mismatch,177365,COM-1995-121,1,"ABDULLAHI ADAMU DANGONGOLA"
1476,2,review-district-mismatch,177416,KN3039,KANGIS,"ABDULLAHI ADAMU DANGONGOLA"
25342,2,review-district-mismatch,193838,"KNML 523",KANGIS,"SOJUNA NIGERIA LIMITED"
25342,2,review-district-mismatch,47284,CON-RES-2007-197,3,"ABDULSALAM RABIU TANKO"
25413,2,review-district-mismatch,47355,CON-RES-2007-391,3,"ANAS BABANGIDA"
25413,2,review-district-mismatch,162093,"KNML 789",KANGIS,"RISIKAT HARUNA"
33927,2,legitimate-optot,194714,RES-1989-1845,1,"MR OLUCHUKWU C ORIZU"
33927,2,legitimate-optot,194724,"KNML 1591",KANGIS,"BATULA IBRAHIM WARU"
60687,2,review-district-mismatch,196319,RES-2021-1522,2,"ALH MUHD MAI KWAKWA"
60687,2,review-district-mismatch,196365,"KNML 8893",KANGIS,"ALH MUHD MAI KWAKWA"
138588,2,review-district-mismatch,159938,"KNML 1100",KANGIS,"ABDULHAKEEM ABUBAKAR MAHMUD"
138588,2,review-district-mismatch,194125,RES-2009-4512,2,"HAMA SHARU ABDU"
12399,2,review-district-mismatch,26104,CON-RES-1989-352,3,"ALHAJI TIJJANI BADAMASI"
12399,2,review-district-mismatch,29347,CON-RES-1985-298,3,"ALHAJI ABDULLAHI MOH"
46882,2,collision,191501,RES-2000-2456,2,"MUHAMMAD GAZALI ABUBAKAR"
46882,2,collision,191528,"KNML 4102",KANGIS,"MUHAMMAD GAZZALI ABUBAKAR"
44599,2,violation-same-parcel,186831,RES-1996-1183,2,"YUSUF MUSA"
44599,2,violation-same-parcel,186842,"KNML 281",KANGIS,"YUSUF MUSA"
28902,2,violation-same-parcel,178656,RES-1982-2379,1,"FARUK ALIYU GARKO"
28902,2,violation-same-parcel,178668,"KNML 1778",KANGIS,"FARUK ALIYU GARKO"
7379,2,review-district-mismatch,21069,CON-RES-1995-416,3,"ALHAJI MUDI LAWAL YALWA"
7379,2,review-district-mismatch,31492,CON-AG-1994-18,3,"ALHAJI ADO MOHAMMAD"
14228,2,legitimate-optot,38302,CON-RES-1993-307,3,"ALHAJI AHMADU INUWA DAEWANAU"
14228,2,legitimate-optot,28015,RES-1993-1526,2,"ABUBAKAR I SANI"
68297,2,violation-same-parcel,169461,RES-RC-2007-4,1,"NIGERIA SPANNISH ENGINEERING LTD"
68297,2,violation-same-parcel,169482,"KNML 186",KANGIS,"NIGERIA SPANNISH ENGINEERING LTD"
172823,2,violation-same-parcel,193147,RES-2005-878,2,"LABARAN SADIQ"
172823,2,violation-same-parcel,193157,"KNML 936",KANGIS,"SALIM ABDULKARIM GETSO"
11888,2,review-district-mismatch,25593,CON-RES-1984-133,3,"SHU'AIBU KAZAURE"
11888,2,review-district-mismatch,32091,CON-RES-1983-21,3,"MALLAM BELLO MOHAMMED"
15383,2,review-district-mismatch,29181,RES-1993-3597,2,"SULE SALIHU KUTUMBAWA"
15383,2,review-district-mismatch,34620,CON-RES-2004-108,3,"BALARABE YARO"
10230,2,review-district-mismatch,32513,CON-COM-RC-1981-3,3,"ALHAJI AMINU ALHASSAN DANTATA"
10230,2,review-district-mismatch,23932,CON-RES-1989-430,3,"AUWALU SHUA'IBU"
153342,2,violation-same-parcel,177644,RES-2010-4282,2,"TIJJANI ZAKIRAI"
153342,2,violation-same-parcel,177657,"KNML 35",KANGIS,"TIJJANI ZAKIRAI"
7126,2,review-district-mismatch,16978,CON-AG-1983-91,3,"ALHAJI ABDU MOHAMMED"
7126,2,review-district-mismatch,20813,RES-1992-3433,2,"ADO TSAHIRO & AMADU BABANDI"
18542,2,review-district-mismatch,25664,CON-RES-RC-1984-33,3,"ALHAJI AMINU IBRAHIM"
18542,2,review-district-mismatch,32347,CON-RES-1987-1121,3,"MR ISAAC ADEWALE OGUNBANWO"
173868,2,violation-linked,193828,CON-COM-2011-347,3,"MOHAMMED SANI SHUAIBU"
173868,2,violation-linked,193836,"KNML 526",KANGIS,"MOHAMMED SANI SHUAIBU"
161193,2,violation-linked,184642,CON-COM-2021-134,3,"PRINCE EMEKA BENFRANK ONYIDO"
161193,2,violation-linked,184661,"MLKN 4519",KANGIS,"PRINCE EMEKA BENFRANK ONYIDO"
13738,2,legitimate-optot,27515,RES-1991-570,1,"HASHIMU ZUBAIRU"
13738,2,legitimate-optot,35819,CON-RES-1990-261,3,"ALHAJI MAMUDA SANI"
18190,2,review-district-mismatch,31994,CON-RES-1983-171,3,"ALHAJI AMADU ILIYASU"
18190,2,review-district-mismatch,30680,CON-RES-RC-1982-466,3,"ALHAJI IBRAHIM NA GODI"
40550,2,violation-same-parcel,173806,RES-1992-6906,2,"TAHIR SADISU BUHARI"
40550,2,violation-same-parcel,173824,KN4416,KANGIS,"TAHIR SADISU BUHARI"
13426,2,undecidable,27200,RES-1991-412,1,"EUNICE OLUSOLA FASEFHA"
13426,2,undecidable,34044,CON-RES-1988-419,3,"ALHAJI IBRAHIM GARBA"
12811,2,undecidable,26583,RES-1982-2369,1,"UMARU UBA MUHAMMED"
12811,2,undecidable,34395,CON-RES-1987-1186,3,"MALLAM ABDULKARIM UMAR YAKUBU"
29397,2,review-district-mismatch,181975,RES-2014-1614,2,"MUHAMMAD RABIU MUSA"
29397,2,review-district-mismatch,19892,RES-1982-839,1,"MOHAMMED RABIU MUSA"
54709,2,violation-same-parcel,182371,RES-2015-1626,2,"HAMZA ABDULLAHI UMAR"
54709,2,violation-same-parcel,182381,KN3620,KANGIS,"HAMZA ABDULLAHI UMAR"
11278,2,review-district-mismatch,24982,CON-RES-1982-1050,3,"MALLAM SANI HAMZA"
11278,2,review-district-mismatch,22333,CON-RES-1982-1462,3,"ALHAJI IDI BALARABE"
170994,2,violation-same-parcel,191722,RES-2002-4717,2,"ABUBAKAR GARBA AND 2 OTHERS"
170994,2,violation-same-parcel,191751,"KNML 2414",KANGIS,"NAZIFI SULEMAN"
17986,2,review-district-mismatch,18689,CON-RES-RC-1982-21,3,"BOLAJI PATRICK MARTINS"
17986,2,review-district-mismatch,31790,CON-RES-1984-572,3,"ALHAJI ABDULRASHID IBRAHIM"
17756,2,review-district-mismatch,31560,CON-COM-2004-42,3,"ALHAJI HARUNA Y DAN MAI UNGUWA"
17756,2,review-district-mismatch,16714,CON-RES-RC-1981-139,3,"ALH ILIYASU BABA KUSA"
14381,2,review-district-mismatch,31498,CON-RES-1994-289,3,"ALHAJI UMARU AHMED"
14381,2,review-district-mismatch,28168,RES-1993-2137,2,"ADO BALA"
27751,2,legitimate-optot,197127,RES-1981-80,1,"AMINA BARAU DANBATTA"
27751,2,legitimate-optot,197142,"KNML 8605",KANGIS,"AMINA BARAU DANBATTA"
12905,2,review-district-mismatch,26677,RES-1982-2356,1,"ALARAMMA MUSTAPHA MOHAMMED"
12905,2,review-district-mismatch,33800,CON-RES-1987-1451,3,"DANJUMA MOHAMMED DAMBATTA"
6268,2,undecidable,182934,COM-RC-1982-533,1,"S. RACCAH LIMITED"
6268,2,undecidable,19949,RES-1982-997,1,"ALHAJI ADAMU TASSAWA"
13134,2,review-district-mismatch,26907,RES-1991-234,1,"AISHA A. S. MUHD"
13134,2,review-district-mismatch,24447,CON-RES-1987-625,3,"MATTHEW MORAH"
12580,2,review-district-mismatch,26286,CON-RES-1986-320,3,"ALHAJI DAN ASABE ABDULLAHI"
12580,2,review-district-mismatch,33384,CON-RES-1986-186,3,"MAL YAHYA ADAMU"
153337,2,violation-same-parcel,177634,CON-RES-2023-7265,3,"FAIZU MUHAMMAD GALADIMA"
153337,2,violation-same-parcel,181205,KN5145,KANGIS,"MURTALA ABDULLAHI JEGA"
52130,2,legitimate-optot,182007,RES-2009-2144,2,"ALH AMINU GURJIYA"
52130,2,legitimate-optot,182008,"KNML 1999",KANGIS,"MUHAMMAD MUSA AUWAL"
8451,2,review-district-mismatch,32992,CON-COM-2000-13,3,"COL. YAKUBU BAKO (RTD)"
8451,2,review-district-mismatch,22150,RES-1992-6068,2,"SANI MALAKOTIYO"
13180,2,review-district-mismatch,26953,RES-1991-289,1,"ALARAMMA MALLAM SHU`AIBU MAIBULO"
13180,2,review-district-mismatch,30883,CON-RES-1987-732,3,"ABDULLAHI BABATUNDE ASUNMOH"
174458,2,violation-linked,194222,CON-RES-2001-302,3,"ALH HAMISU MUSA"
174458,2,violation-linked,194234,"KNML 550",KANGIS,"ALH HAMISU MUSA"
8105,2,review-district-mismatch,21801,RES-1992-4965,2,"MUKTAR SULAIMAN GWALE"
8105,2,review-district-mismatch,29745,CON-COM-1989-68,3,"ALHAJI MAHMOUD GASHASH"
12113,2,review-district-mismatch,25818,CON-RES-1983-726,3,"ALHAJI ADAMU MOHAMMED"
12113,2,review-district-mismatch,32037,CON-RES-1983-832,3,"ABDULLAHI MIKO NIG LTD"
10982,2,review-district-mismatch,14970,CON-RES-1981-542,3,"ALHAJI MUHAMMAD DAN GUSAU"
10982,2,review-district-mismatch,24686,CON-RES-1983-884,3,"MALLAM AHMAD IBRAHIM"
177830,2,violation-linked,196712,CON-RES-2005-155,3,"MAGAJI ILU AHMAD"
177830,2,violation-linked,196731,"KNML 720",KANGIS,"MAGAJI ILU AHMAD"
13668,2,legitimate-optot,34283,CON-RES-1989-528,3,"MOHAMMAD SADISU IBRAHIM"
13668,2,legitimate-optot,27443,RES-1990-4553,1,"A.S ABDULKADIR ADAMU"
155077,2,violation-linked,179392,CON-IND-2021-29,3,"SANI ADAM IBRAHIM"
155077,2,violation-linked,179396,KN4215,KANGIS,"SANI ADAM IBRAHIM"
177473,2,review-district-mismatch,196460,RES-2022-1606,2,"ALH ALI NUHU INDABO"
177473,2,review-district-mismatch,196485,"KNML 9856",KANGIS,"ALH ALI NUHU INDABO"
14109,2,review-district-mismatch,36201,CON-RES-1992-523,3,"ALHAJI NAJUME GARBA"
14109,2,review-district-mismatch,27896,RES-1993-718,2,"ABDULLADIF ABDULLAHI"
11176,2,review-district-mismatch,24880,CON-RES-1983-97,3,"ALHAJI DANBAITA IBRAHIM"
11176,2,review-district-mismatch,24990,CON-RES-1982-1251,3,"ALHAJI RABI'U GAMBO"
25302,2,review-district-mismatch,47244,CON-RES-2002-93,3,"AHMADU AHMIDU"
25302,2,review-district-mismatch,108438,"KNML 483",KANGIS,"JALASA YUSUF SANI"
49386,2,violation-same-parcel,176066,RES-2002-6865,2,"ALH ABDULBAKI BELLO ADAMU"
49386,2,violation-same-parcel,176068,KN3659,KANGIS,"ALH ABDULBAKI BELLO ADAMU"
6841,2,review-district-mismatch,20525,RES-1982-1696,1,"ALHAJI HABIBU ADAMU"
6841,2,review-district-mismatch,127807,"MLKN 729",KANGIS,"AMJAD AND CO. LTD"
163652,2,violation-linked,186652,COM-2014-76,1,"USMAN RABIU DAN SUTTUR"
163652,2,violation-linked,186655,"MLKN 1235",KANGIS,"USMAN RABIU DAN SUTTUR"
150061,2,legitimate-optot,173410,RES-2014-1157,2,"MUSTAPHA ABDULLAHI IBRAHIM"
150061,2,legitimate-optot,173463,"KNML 9944",KANGIS,"MUSTAPHA ABDULLAHI IBRAHIM"
6424,2,legitimate-optot,20107,AG-RC-1982-78,1,"ALHAJI HALLIRU JIBRIN"
6424,2,legitimate-optot,154395,"MLKN 696",KANGIS,"NAFISA MAHMUD GASHASH"
13447,2,undecidable,27221,RES-1991-437,1,"MOHAMMED AMINU SHEHU"
13447,2,undecidable,33330,CON-RES-1988-460,3,"A. ABDULRAHMAN ISA"
153312,2,violation-same-parcel,177601,CON-RES-2023-7335,3,"FAIZU MUHAMMAD GALADIMA"
153312,2,violation-same-parcel,187924,KN4777,KANGIS,"MURTALA ABDULLAHI JEGA"
14047,2,legitimate-optot,36041,CON-RES-1992-331,3,"JIMOH KOLAWOLE"
14047,2,legitimate-optot,27834,RES-1993-258,2,"DANBURAM ABUBAKAR NUHU"
9414,2,review-district-mismatch,130821,"MLKN 2261",KANGIS,"ALH ADAMU SHUAIBU"
9414,2,review-district-mismatch,23115,CON-RES-1998-17,3,"ALH. SULE HARUNA TAHIR"
16219,2,review-district-mismatch,21882,CON-RES-2009-720,3,"MUHAMMAD LAWAN USMAN"
16219,2,review-district-mismatch,30018,CON-RES-1990-56,3,"ALH BALARABE SA'ADU"
161090,2,violation-same-parcel,184531,SLTR-219743,SLTR,"SAID MOHAMAD AL-RAICHOUNI"
161090,2,violation-same-parcel,184539,KN5503,KANGIS,"SAID MOHAMAD AL-RAICHOUNI"
7380,2,review-district-mismatch,31500,CON-AG-1994-22,3,"UCHE CHINYERE"
7380,2,review-district-mismatch,21070,CON-RES-1995-519,3,"ALHAJI YUSUF SALISU ABDULLAHI"
27440,2,legitimate-optot,186944,RES-1981-432,1,"NASIR ALI YAKASAI"
27440,2,legitimate-optot,186954,"KNML 286",KANGIS,"DAHIRU SHA'AIBU ABDULLAHI"
13057,2,review-district-mismatch,26830,RES-1991-146,1,"A. IDRIS RABI`U"
13057,2,review-district-mismatch,33821,CON-RES-1987-409,3,"ALHAJI YUSUFU MANSUR"
156155,2,review-district-mismatch,183390,SLTR-70536,,"MAHARAZI SALISU ABUBKAR"
156155,2,review-district-mismatch,183394,KN5595,KANGIS,"MAHARAZU SALISU ABUBAKAR"
40358,2,violation-same-parcel,196820,RES-1992-6496,2,"RUMBU INDUSTRIES LTD"
40358,2,violation-same-parcel,196830,"KNML 9519",KANGIS,"RUMBU INDUSTRIES LTD"
11717,2,review-district-mismatch,25176,CON-RES-1982-756,3,"ALHAJI SALEH TAHIR"
11717,2,review-district-mismatch,25421,CON-RES-1985-692,3,"UMARU MOHAMMED"
13172,2,review-district-mismatch,24532,CON-RES-1987-710,3,"MR. BONIFACE OKEHIE"
13172,2,review-district-mismatch,26945,RES-1991-278,1,"ALHAJI MOHAMMED NASIRU GARBA"
173493,2,violation-same-parcel,193569,RES-2011-1596,2,"NASIRU HASSAN MAI AFAKU"
173493,2,violation-same-parcel,193577,"KNML 937",KANGIS,"TIRMIZI ABDULKARIM GETSO"
172745,2,collision,193090,RES-2009-4154,2,"YAU HARUNA"
172745,2,collision,193092,RES-2009-4153,2,"YAU HARUNA"
95,2,legitimate-optot,23644,AG-RC-1981-68,1,"ALHAJI HABU DANBATTA"
95,2,legitimate-optot,13750,RES-1981-126,1,"HAJIYA NANA SANI BABURA"
14862,2,review-district-mismatch,28653,RES-1993-1726,2,"ALHAJI SABO HAMZA"
14862,2,review-district-mismatch,36736,CON-RES-1997-57,3,"ALH MUSTAPHA YUNUSA"
38067,2,violation-same-parcel,181406,RES-1991-8168,1,"FATIMA MUKHTAR"
38067,2,violation-same-parcel,181412,"KNML 1977",KANGIS,"FATIMA MUKHTAR"
13779,2,violation-same-parcel,27556,RES-1991-630,1,"ALH HAMISU GARBA"
13779,2,violation-same-parcel,30119,CON-RES-1990-396,3,"MR MOSES OJIBE"
179306,2,legitimate-optot,197831,RES-2021-2948,2,"YAKUBU HAMZA DANDAGO"
179306,2,legitimate-optot,197840,"KNML 9283",KANGIS,"YAKUBU HAMZA DANDAGO"
174374,2,violation-same-parcel,194158,RES-1982-564,1,"HADIZA SULEIMAN SHEHU"
174374,2,violation-same-parcel,194160,"KNML 538",KANGIS,"HADIZA SULEIMAN SHEHU"
167371,2,review-district-mismatch,193447,RES-1993-6311,2,"ALHAJI ILIYASU MUHAMMED"
167371,2,review-district-mismatch,189686,DCIV-2026-362,DCIV,"INVESTIGATION ACTIVITIES"
13527,2,legitimate-optot,27301,RES-1991-545,1,"SHARIF IBRAHIM. AL-MUSTAPHA"
13527,2,legitimate-optot,34598,CON-RES-1988-94,3,"IBRAHIM INUWA KABARA"
50162,2,legitimate-optot,189783,"KNML 2456",KANGIS,"ABDULLAHI DAJUMA SHUAIBU"
50162,2,legitimate-optot,188806,RES-2003-95,2,"ABDULLAHI D SHUAIBU"
24058,2,undecidable,47026,CON-RES-2000-104,3,"DAUDA GARBA"
24058,2,undecidable,47075,CON-RES-1999-20,3,"MUTARI LAWAN"
35685,2,violation-same-parcel,187153,RES-1990-3037,1,"ALH MOHD MUSA SHEHI"
35685,2,violation-same-parcel,187176,"KNML 273",KANGIS,"ALH MOHD MUSA SHEHI"
156130,2,violation-same-parcel,183392,SLTR-217742,,"AQUARICH INTERGRATED LIMITED"
156130,2,violation-same-parcel,183393,KN5594,KANGIS,"AQUARICH INTERGRATED LIMITED"
13135,2,review-district-mismatch,34379,CON-RES-1987-629,3,"KINGSLEY CHUKUBZU EKE"
13135,2,review-district-mismatch,26908,RES-1991-235,1,"AISHA MUSA KWALLA"
146914,2,violation-linked,169986,CON-COM-2020-35,3,"HAMZA UBA ADAMU"
146914,2,violation-linked,169988,KN4865,KANGIS,"HAMZA UBA ADAMU"
162162,2,review-district-mismatch,185525,CON-RES-2012-559,3,"HAFIZU SANI MAIDAJI"
162162,2,review-district-mismatch,185542,"KNML 4896",KANGIS,"HAFIZU SANI MAIDAJI"
11660,2,review-district-mismatch,25364,CON-RES-1982-761,3,"ALHAJI GARBA SORON DINKI"
11660,2,review-district-mismatch,21275,CON-RES-1982-63,3,"ALHAJI MAKAMA TAKAI"
11474,2,review-district-mismatch,25178,CON-RES-1982-1067,3,"ALHAJI TSALHA UMARU"
11474,2,review-district-mismatch,26990,CON-RES-1982-360,3,"MR. MOSES A. ONOJA"
17430,2,collision,185327,KN5442,KANGIS,"MURTALA ABDULLAHI JEGA"
17430,2,collision,31233,CON-RES-1995-452,3,"AHMED MOHAMMED"
13021,2,legitimate-optot,24577,CON-RES-1987-342,3,"IBRAHIM BALA"
13021,2,legitimate-optot,26793,RES-1991-108,1,"IMAM UMAR"
11381,2,review-district-mismatch,34355,CON-RES-1982-206,3,"ALHAJI ADAMU MUSA"
11381,2,review-district-mismatch,25085,CON-AG-1984-3,3,"ALHAJI MUKHTAR ADAMU"
13891,2,undecidable,27670,RES-1991-762,1,"HARUNA ADAMU MUHAMMAD"
13891,2,undecidable,35829,CON-RES-1991-360,3,"SABO SHEHU SHEKARAU"
49633,2,violation-same-parcel,182721,RES-2002-828,2,"SALAMATU SABO BAKIN ZOWU"
49633,2,violation-same-parcel,182722,"KNML 1936",KANGIS,"SALAMATU SABO BAKIN ZOWU"
13644,2,legitimate-optot,23952,CON-RES-1989-448,3,"TAJU SULE BALARABE"
13644,2,legitimate-optot,27418,RES-1990-2017,1,"ALH RABI'U AHMED"
145330,2,violation-same-parcel,168248,RES-2000-2274,2,"MUHAMMAD YARO IBRAHIM"
145330,2,violation-same-parcel,168273,"KNML 1290",KANGIS,"MUHAMMAD YARO IBRAHIM"
8774,2,review-district-mismatch,34900,CON-COM-2006-69,3,"BASHAB NIG LTD"
8774,2,review-district-mismatch,22473,CON-RES-1995-63,3,"ALHAJI UBA MUSA"
13276,2,violation-same-parcel,26999,CON-RES-1987-944,3,"ALH. MUSA BABA"
13276,2,violation-same-parcel,27049,RES-1982-2246,1,"ISA MOHAMMAD"
52500,2,violation-same-parcel,195168,RES-2009-5316,2,"KASSIM YAKASAI MUHAMMAD"
52500,2,violation-same-parcel,195190,"KNML 1103",KANGIS,"KASSIM YAKASAI MUHAMMAD"
13633,2,violation-same-parcel,24013,CON-RES-1989-436,3,"MR VINCENT CHIZELUM ABASILI"
13633,2,violation-same-parcel,27407,RES-1990-2035,1,"ALH AMADU ABDU MAIHATSI"
18430,2,review-district-mismatch,18945,CON-RES-RC-1982-719,3,"ALHAJI ALI USMAN GAYA"
18430,2,review-district-mismatch,32235,CON-RES-1987-632,3,"MR ERIC N ENECHUKWU"
11649,2,legitimate-optot,25353,CON-RES-RC-1982-16,3,"ALHAJI BELLO KIBIYA"
11649,2,legitimate-optot,21718,CON-RES-1982-62,3,"ALH MAKAMA TAKAI"
13671,2,legitimate-optot,27446,RES-1990-4260,1,"TABI'U BAGAZAWA"
13671,2,legitimate-optot,34302,CON-RES-1989-539,3,"ALHAJI SANI BUJI BICHI"
37850,2,violation-same-parcel,196318,RES-1991-7687,1,"RUMBU INDUSTRIES LIMITED"
37850,2,violation-same-parcel,196337,"KNML 9524",KANGIS,"RUMBU INDUSTRIES LIMITED"
11388,2,review-district-mismatch,25092,CON-RES-1984-462,3,"ALHAJI WALI AHMED DUKAWUYA"
11388,2,review-district-mismatch,31091,CON-RES-1982-214,3,"ALI FADCO & SONS ENT LTD"
14824,2,review-district-mismatch,28614,RES-1993-1427,2,"ALHAJI SULE MUSA KADAWA"
14824,2,review-district-mismatch,47086,CON-RES-1997-257,3,"JUSTUS AROH"
7287,2,review-district-mismatch,20974,RES-1992-3461,2,"ALI ANIS SALEH"
7287,2,review-district-mismatch,17026,CON-AG-1988-104,3,"SHANONO RANCH LIMITED"
12459,2,review-district-mismatch,32618,CON-RES-1985-471,3,"ALHAJI AHMADU ALH. YAKUBU"
12459,2,review-district-mismatch,26165,CON-RES-1989-262,3,"ABUBAKAR CHADI"
40363,2,violation-same-parcel,185606,RES-1992-651,2,"ENGR. SALISU SULEIMAN AHMED"
40363,2,violation-same-parcel,185614,"KNML 294",KANGIS,"ENGR. SALISU SULEIMAN AHMED"
8361,2,review-district-mismatch,32676,CON-COM-1997-11,3,"ALHAJI USAINI IBRAHIM A. U. B."
8361,2,review-district-mismatch,22060,CON-RES-2009-1004,3,"YINKA MARY NDUMANYA"
33552,2,legitimate-optot,191678,RES-1989-1284,1,"ALH SANUSI ADAMU"
33552,2,legitimate-optot,191683,"KNML 2487",KANGIS,"ALH SANUSI ADAMU"
26282,2,violation-linked,182049,,1,"AL-HAMSAD RICE MILL LIMITED"
26282,2,violation-linked,182065,"MLKN 4255",KANGIS,"AL-HAMSAD RICE MILL LTD"
3270,2,review-district-mismatch,16941,RES-1992-2332,2,"SADAUKI ZAKARI"
3270,2,review-district-mismatch,147199,"MLKN 363",KANGIS,"SHEIKH MUHAMMADU RABI'U UNIVERSITY"
12856,2,legitimate-optot,33584,CON-RES-1987-1301,3,"BELLO A. YAKASAI"
12856,2,legitimate-optot,26628,RES-1982-2121,1,"HAJIYA AISHATU M. SANI"
45017,2,violation-same-parcel,174384,RES-1996-819,2,"RUFAI SULE BICHI"
45017,2,violation-same-parcel,174443,"KNML 7699",KANGIS,"RUFAI SULE BICHI"
8578,2,review-district-mismatch,22277,CON-RES-1982-1270,3,"KARIMU YAKUBU"
8578,2,review-district-mismatch,32847,CON-COM-2003-123,3,"ALHAJI MUSA O. HADEJIA"
151174,2,violation-same-parcel,174397,,1,"NURA YUSUF IBRAHIM"
151174,2,violation-same-parcel,174415,KN2234,KANGIS,"NURA YUSUF IBRAHIM"
8731,2,review-district-mismatch,34903,CON-COM-2006-10,3,"ALH MUSA ABDULRAZAQ GORA"
8731,2,review-district-mismatch,22430,RES-1992-6477,2,"INUSA AHMAD"
156984,2,violation-same-parcel,181298,RES-1995-1809,2,"WALI MANSOOR KURAWA"
156984,2,violation-same-parcel,181300,"KNML 1973",KANGIS,"WALI MANSOOR KURAWA"
65990,2,violation-same-parcel,182623,RES-RC-1982-250,1,"REGISTERED TRUSTEES OF ECWA (YORUBA)"
65990,2,violation-same-parcel,182624,"KNML 1947",KANGIS,"REGISTERED TRUSTEES OF ECWA (YORUBA)"
11290,2,legitimate-optot,24994,CON-RES-1982-1377,3,"ALH. UMARU MAIGARI GOMBE"
11290,2,legitimate-optot,31941,CON-RES-1982-1496,3,"ALHAJI YAHAYA ABDULKARIM"
12079,2,review-district-mismatch,25784,CON-RES-1983-95,3,"MALLAM BATURE NASURUDINI"
12079,2,review-district-mismatch,24405,CON-RES-1983-745,3,"JAFURU ALHAJI"
11612,2,review-district-mismatch,25316,CON-RES-1984-466,3,"MR. RAYMOND HENRY EKOKOSE OKENA"
11612,2,review-district-mismatch,31032,CON-RES-1982-563,3,"ALHAJI ABDULRAHMAN MANDAWARI"
153981,2,violation-same-parcel,178327,RES-2000-2203,2,"DR. ALABI IBRAHIM ABOLAJI."
153981,2,violation-same-parcel,178360,KN4157,KANGIS,"DR. ALABI IBRAHIM ABOLAJI"
25444,2,review-district-mismatch,119483,"KNML 9167",KANGIS,"DR. YUSUF BELGA"
25444,2,review-district-mismatch,47386,CON-RES-2008-1199,3,"ALHAJI MUHAMMAD SANI"
50164,2,legitimate-optot,189622,RES-2003-96,2,"ABDULLAHI DANJUMA SHUAIBU"
50164,2,legitimate-optot,189629,"KNML 2454",KANGIS,"ABDULLAHI DANJUMA SHUAIBU"
52424,2,legitimate-optot,181845,KN1244,KANGIS,"GODWIN UMEANULUGWO"
52424,2,legitimate-optot,181809,RES-2009-5007,2,"GODWIN UMEANULUGWO"
12827,2,violation-same-parcel,33315,CON-RES-1987-1244,3,"ALH BELLO B. HASHIM"
12827,2,violation-same-parcel,26599,RES-1982-2404,1,"MUSA MOHAMMED"
7790,2,legitimate-optot,15567,CON-COM-1982-260,3,"ALHAJI ABDULLAHI .M. MOHAMMED"
7790,2,legitimate-optot,21481,CON-RES-RC-1982-470,3,"ALHAJI YAHAYA HARUNA ABDULLAHI"
62776,2,violation-linked,192426,RES-2024-4109,2,"MUSTAPHA MUHAMMAD ADO"
62776,2,violation-linked,192450,KN3275,KANGIS,"MUSTAPHA MUHAMMAD ADO"
17829,2,review-district-mismatch,34548,CON-RES-RC-1981-72,3,"ALHAJI SANI BUHARI DAUDA"
17829,2,review-district-mismatch,31633,CON-RES-1982-948,3,"ALHAJI DAHIRU USMAN"
116973,2,review-district-mismatch,175521,CON-IND-2022-84,3,"MASFARAD DYNAMIC MERCHANTS LIMITED"
116973,2,review-district-mismatch,175523,KN3768,KANGIS,"MASFARAD DYNAMIC MERCHANTS LIMITED"
14505,2,legitimate-optot,33206,CON-RES-1994-653,3,"MR BUHARI HASHEEN"
14505,2,legitimate-optot,28292,RES-1994-1944,2,"ALH SALISU IBRAHIM"
11953,2,legitimate-optot,24392,CON-RES-1983-367,3,"GABRIEL UMENNAHE"
11953,2,legitimate-optot,25658,CON-RES-RC-1985-24,3,"ALHAJI ALIYU ABUBAKAR"
12928,2,legitimate-optot,26700,RES-1982-25,1,"NURA BAKO"
12928,2,legitimate-optot,30822,CON-RES-1987-16,3,"HASHIM UBALE YUSUFU"
178519,2,violation-linked,197195,CON-RES-2020-1090,3,"BINTA SANI YAKUBU"
178519,2,violation-linked,197205,"KNML 9791",KANGIS,"BINTA SANI YAKUBU"
14800,2,review-district-mismatch,28590,RES-1993-1365,2,"SULAIMAN I. ABDULLAHI"
14800,2,review-district-mismatch,36761,CON-RES-1997-20,3,"MR MICHEL UKE IDIKA"
8708,2,review-district-mismatch,32824,CON-COM-2005-64,3,"M. D. R. NIGERIA LTD"
8708,2,review-district-mismatch,22407,RES-1992-6432,2,"ALHAJI GARBA INUWA"
5156,2,violation-same-parcel,175071,COM-2022-503,1,"CHALLAWA OIL & GAS LTD"
5156,2,violation-same-parcel,175083,KN4261,KANGIS,"CHALLAWA OIL & GAS LTD"
147916,2,legitimate-optot,171134,RES-2023-5467,2,"EMMANUEL NNAJI"
147916,2,legitimate-optot,171147,KN4688,KANGIS,"EMMANUEL NNAJI"
17464,2,review-district-mismatch,184741,KN5375,KANGIS,"MURTALA ABDULLAHI JEGA"
17464,2,review-district-mismatch,31267,CON-COM-1995-6,3,"ALHAJI BATURE YAHAYA"
13378,2,violation-same-parcel,24371,CON-RES-1988-287,3,"ALH BASHIR NASIDI"
13378,2,violation-same-parcel,27152,RES-1991-353,1,"MOHAMMAD KABIR ZAKARI"
7962,2,legitimate-optot,21656,RES-1992-5796,2,"YAHAYA INUWA"
7962,2,legitimate-optot,15558,CON-COM-1985-108,3,"ALHAJI GAMBO DANTATA"
12495,2,review-district-mismatch,24759,CON-RES-1985-550,3,"ALHAJI JAFARU DALHATU"
12495,2,review-district-mismatch,26201,CON-RES-1984-330,3,"UMARU USMAN"
10750,2,review-district-mismatch,24453,CON-RES-1987-643,3,"RABIU MUSA"
10750,2,review-district-mismatch,15855,CON-RES-1981-135,3,"ALH NASIRU BABALLE ILA"
117422,2,violation-linked,174911,CON-COM-2021-707,3,"RT HON ISYAKU ALI DANJA"
117422,2,violation-linked,174918,KN94,KANGIS,"RT HON ISYAKU ALI DANJA"
12996,2,review-district-mismatch,26768,RES-1991-69,1,"ZAINAB IBRAHIM DANTIYE"
12996,2,review-district-mismatch,30522,CON-RES-1987-286,3,"MOHAMMED YAHAYA"
7459,2,review-district-mismatch,21150,CON-RES-1994-237,3,"MALL. SALIHU ABDULSALAM IDUZE"
7459,2,review-district-mismatch,31547,CON-AG-2004-2,3,"ALHAJI BALA MAIBIRNI"
35698,2,violation-same-parcel,173916,RES-1990-3071,1,"MUSBAHU HABIBU GARBA"
35698,2,violation-same-parcel,173949,KN4042,KANGIS,"MUSBAHU HABIBU GARBA"
17435,2,collision,31238,CON-RES-1995-459,3,"MR. SAINT C. OKORAFOR"
17435,2,collision,184653,KN5410,KANGIS,"MURTALA ABDULLAHI JEGA"
51177,2,legitimate-optot,176264,RES-2006-547,2,"AHMAD MUHAMMAD KARO"
51177,2,legitimate-optot,176282,KN2228,KANGIS,"AHMAD MUHAMMAD KARO"
171043,2,review-district-mismatch,191763,RES-2013-560,2,"USMAN MUHAMMED"
171043,2,review-district-mismatch,191781,"KNML 2495",KANGIS,"USMAN MUHAMMED"
17862,2,review-district-mismatch,31050,CON-RES-RC-1982-1032,3,"ALHAJI SANI YAU"
17862,2,review-district-mismatch,31666,CON-RES-1986-193,3,"ALHAJI MAHMUD MOHAMMED"
7971,2,legitimate-optot,21665,CON-RES-1982-894,3,"ALHAJI ABBA ABDULLAHI YAKASAI"
7971,2,legitimate-optot,23704,CON-COM-1985-127,3,"ALHAJI UBA FARI GAYA"
41397,2,violation-linked,177481,RES-1993-2216,2,"MOHAMMED KABIR UMAR"
41397,2,violation-linked,177499,"KNML 1827",KANGIS,"MOHAMMED KABIR BEN UMAR"
65727,2,review-district-mismatch,195921,RES-2023-1462,2,"BASHIR IBRAHIM AHMAD"
65727,2,review-district-mismatch,195932,"KNML 9829",KANGIS,"BASHIR IBRAHIM AHMAD"
180423,2,violation-linked,198738,COM-2019-63,1,"ALH MAMMAN FARAFARA"
180423,2,violation-linked,198754,"MLKN 3848",KANGIS,"ALH. MAMMAN FARAFARA CO. LTD"
166247,2,violation-linked,188904,CON-RES-2009-1067,3,"MUSTAPHA A IBRAHIM"
166247,2,violation-linked,189002,"KNML 2423",KANGIS,"MUSTAPHA A IBRAHIM"
171052,2,violation-linked,191768,CON-COM-2021-176,3,"TASIU YAHAYA ZUGA"
171052,2,violation-linked,191778,KN4192,KANGIS,"TASIU YAHAYA ZUGA"
25680,2,violation-linked,197307,IND-1997-9,1,"STANDARD FOOTWAER NIGERIA LIMITED"
25680,2,violation-linked,197327,"MLKN 15",KANGIS,"STANDARD FOOTWAER NIGERIA LIMITED"
13190,2,review-district-mismatch,30941,CON-RES-1987-76,3,"ALHAJI SALE IDI MAIDOYA"
13190,2,review-district-mismatch,26963,RES-1991-465,1,"ALIYU TIJJANI"
10659,2,review-district-mismatch,24362,CON-RES-1988-124,3,"HAJIYA RABI .S. GIDADO"
10659,2,review-district-mismatch,32555,CON-IND-RC-1982-6,3,"RURUM FARM LIMITED"
13775,2,review-district-mismatch,18500,CON-RES-1990-371,3,"MOMOH SANI MOMOH"
13775,2,review-district-mismatch,27552,RES-1991-624,1,"HABSATU M. CHINADE"
13773,2,violation-same-parcel,36477,CON-RES-1990-367,3,"ENGR OLUSEGUN KUMAPAYI"
13773,2,violation-same-parcel,27550,RES-1991-621,1,"AHMED BABA GUMEL"
11014,2,review-district-mismatch,14947,CON-RES-1981-597,3,"ALHAJI BABALLE ILA"
11014,2,review-district-mismatch,24718,CON-RES-1985-328,3,"MOHAMMED MAIFADA GARBA"
10479,2,review-district-mismatch,31298,CON-IND-1995-5,3,"SABON SARA NIG. LTD"
10479,2,review-district-mismatch,24182,CON-RES-1986-176,3,"SANI ALIYU ANIMIKHENAH"
148934,2,legitimate-optot,172296,RES-2016-1417,2,"BASHIR GATARI AND SA'ADATU RIMI."
148934,2,legitimate-optot,172303,"KNML 4684",KANGIS,"BASHIR GATARI AND SA'ADATU"
171240,2,violation-linked,191888,CON-COM-2021-370,3,"ADO MUDASSIR"
171240,2,violation-linked,191899,KN2903,KANGIS,"ADO MUDASSIR"
153916,2,review-district-mismatch,178251,"KNML 1784",KANGIS,"ALI ILYASU"
153916,2,review-district-mismatch,21634,RES-1992-4759,2,"ALI ILYASU"
14513,2,violation-same-parcel,33232,CON-RES-1994-686,3,"MR LIVINUS OBETA"
14513,2,violation-same-parcel,28300,RES-1994-1952,2,"ALH SALISU USMAN"
176021,2,violation-same-parcel,195243,COM-1990-151,1,"ALHAJI ILA MAI ITACHE"
176021,2,violation-same-parcel,195247,KN1922,KANGIS,"ALHAJI ILA MAI ITACHE"
18048,2,review-district-mismatch,31852,CON-RES-1984-193,3,"ABDULLAHI TIJJANI YAKASAI"
18048,2,review-district-mismatch,21747,CON-RES-RC-1982-319,3,"ALHAJI SHARU BALARABE"
14112,2,review-district-mismatch,27899,RES-1993-721,2,"M SAIFULLAHI ABDULLAHI"
14112,2,review-district-mismatch,36944,CON-RES-1992-526,3,"ALHAJI IDRIS SULE GOBIR"
11493,2,review-district-mismatch,25197,CON-RES-1984-308,3,"SANI MUSA"
11493,2,review-district-mismatch,33482,CON-RES-1982-385,3,"ALHAJI INUSA SHUAIBU"
6922,2,review-weak-plot,20606,RES-1992-3167,2,"SULEMAN YUSUF"
6922,2,review-weak-plot,16121,CON-AG-1982-192,3,"ALHAJI AMADU ALI"
153881,2,violation-same-parcel,186802,KN5195,KANGIS,"MURTALA ABDULLAHI JEGA"
153881,2,violation-same-parcel,178211,CON-RES-2023-7369,3,"FAIZU MUHAMMAD GALADIMA"
18192,2,review-district-mismatch,31996,CON-RES-1983-638,3,"ALHAJI BABA ILIYA ALFANDA"
18192,2,review-district-mismatch,23443,CON-RES-RC-1982-468,3,"ALHAJI MUSA"
10569,2,review-district-mismatch,24272,CON-RES-1988-438,3,"KABIRU UMARU KWABO"
10569,2,review-district-mismatch,126857,"MLKN 1561",KANGIS,"MUNIR NASIDI DANEJI"
158470,2,legitimate-optot,182419,RES-2024-4530,2,"SANI ABUBAKAR SANI"
158470,2,legitimate-optot,182433,KN3724,KANGIS,"SANI ABUBAKAR SANI"
153887,2,review-district-mismatch,178219,RES-2000-2037,2,"SAUDE MUHAMMAD UMAR MRS"
153887,2,review-district-mismatch,178253,"KNML 1242",KANGIS,"SAUDE MAHMOUD UMAR"
60414,2,review-district-mismatch,188255,"MLKN 4368",KANGIS,"RAID JAFFAR"
60414,2,review-district-mismatch,187398,RES-2020-2016,2,"RAID JAFFAR"
174226,2,violation-same-parcel,194058,RES-2000-6771,2,"ADAMU GAJERE"
174226,2,violation-same-parcel,194196,"KNML 537",KANGIS,"ZAHRAU RABIU MUDI"
8136,2,review-district-mismatch,33351,CON-COM-1990-82,3,"MAJOR GENERAL M.B HALADU"
8136,2,review-district-mismatch,21832,RES-1992-5049,2,"HADIZA KABIRU"
7260,2,review-district-mismatch,18710,CON-AG-1987-40,3,"MUHAMMAD KABIR"
7260,2,review-district-mismatch,20947,CON-RES-1993-570,3,"SIRAJO MOHAMMAD"
11775,2,review-district-mismatch,23562,CON-RES-1982-867,3,"WALLINSON ADAMU UMORU"
11775,2,review-district-mismatch,25479,CON-RES-1989-46,3,"LAWAN .B. BUHARI"
13052,2,review-district-mismatch,30541,CON-RES-1987-400,3,"ADIO JIMOH YUSUF"
13052,2,review-district-mismatch,26824,RES-1991-140,1,"MADAM RAHINA TUKUR"
49057,2,legitimate-optot,175551,RES-2002-3654,2,"ALHAI AHMED ALIYU"
49057,2,legitimate-optot,175574,"KNML 6637",KANGIS,"ALHAJI AHMED ALIYU"
60935,2,violation-same-parcel,177695,RES-2021-609,2,"ABDULQADIR ABDULWAHID"
60935,2,violation-same-parcel,177719,"KNML 9259",KANGIS,"ABDULQADIR ABDULWAHID"
11352,2,review-district-mismatch,25056,CON-RES-1984-297,3,"ALHAJI SALISU IBRAHIM"
11352,2,review-district-mismatch,29435,CON-RES-1982-172,3,"BASHIR LABARAN"
8275,2,review-district-mismatch,21974,RES-1992-5749,2,"HAJIYA RAKIYA ARMAYA'U"
8275,2,review-district-mismatch,29817,CON-COM-1994-25,3,"ALHAJI ALHASSAN GARBA"
17780,2,review-district-mismatch,21508,CON-RES-RC-1981-19,3,"MR. OLANREWAJU AMOS"
17780,2,review-district-mismatch,31584,CON-RES-2004-102,3,"MALLAM IDRIS MUSTAPHA"
10419,2,review-district-mismatch,24122,CON-RES-1983-417,3,"ALHAJI BALARABE MAIKORE"
10419,2,review-district-mismatch,25946,CON-IND-1982-41,3,"BALLY PLASTICS & FOOT WEAR IND (NIG) LTD"
10508,2,review-district-mismatch,24211,CON-RES-1988-142,3,"ALH. UMARU SARKI MAISANGO & HAMISU MAISANGO"
10508,2,review-district-mismatch,172932,,3,"WATSONS BAKERY NIG LTD"
8449,2,legitimate-optot,194033,CON-COM-2000-10,3,"ALH. IBRAHIM GARBA HOTORO"
8449,2,legitimate-optot,22041,RES-1992-5895,2,"HABIBU TANKO MAIZARE"
157713,2,violation-same-parcel,181840,RES-2014-1601,2,"ENGR MOHAMMED ABDULLAHI SANI"
157713,2,violation-same-parcel,181847,"KNML 1987",KANGIS,"MOHAMMED ABDULLAHI SANI"
11609,2,review-district-mismatch,25313,CON-RES-1984-377,3,"ALHAJI AMADU DANFULANI ILYASU"
11609,2,review-district-mismatch,33460,CON-RES-1982-559,3,"ALHAJI AMADU KAWU ZANGO"
13096,2,review-district-mismatch,26869,RES-1991-189,1,"DLUGBOKIKI ISIYAKU AJANI"
13096,2,review-district-mismatch,30930,CON-RES-1987-51,3,"ALHAJI UMARU MOH ENTERPRISES"
47187,2,violation-same-parcel,192727,KN3663,KANGIS,"AHMAD MOHAMMAD ADAM"
47187,2,violation-same-parcel,186551,RES-2000-3466,2,"AHMAD MOHAMMAD ADAM"
153307,2,review-district-mismatch,177596,CON-RES-2023-7281,3,"FAIZU MUHAMMAD GALADIMA"
153307,2,review-district-mismatch,190269,KN5233,KANGIS,"MURTALA ABDULLAHI JEGA"
148942,2,violation-same-parcel,172300,RES-2020-1322,2,"ALIYU AMINU USMAN"
148942,2,violation-same-parcel,172306,KN4514,KANGIS,"ALIYU AMINU USMAN"
148800,2,legitimate-optot,172241,RES-2023-6421,2,"SHARU USMAN HASSAN"
148800,2,legitimate-optot,172246,KN4237,KANGIS,"SHARU USMAN HASSAN"
39819,2,violation-same-parcel,180864,RES-1992-4802,2,"DR SANDA MOHAMMED"
39819,2,violation-same-parcel,180914,"KNML 1498",KANGIS,"DR SANDA MOHAMMED"
176490,2,review-district-mismatch,195685,CON-AG-2020-82,3,"NAZIFI MUHAMMED SANI"
176490,2,review-district-mismatch,195689,"MLKN 3171",KANGIS,"NAZIFI MUHAMMED SANI"
7988,2,review-district-mismatch,13867,CON-COM-1985-51,3,"ALH.GARBA SHANONO"
7988,2,review-district-mismatch,21682,CON-RES-1982-697,3,"NURA SANI HANGA"
8371,2,review-district-mismatch,32672,CON-COM-1997-4,3,"M. H. GANO PETROLEUM NIGERIA LIMITED"
8371,2,review-district-mismatch,22070,CON-RES-2009-249,3,"ISYAKU BASHIR"
166886,2,violation-same-parcel,189352,RES-2014-2197,2,"ALIKO OIL NIG LTD"
166886,2,violation-same-parcel,189354,"KNML 2463",KANGIS,"ALIKO OIL NIG LTD"
16353,2,review-district-mismatch,156591,"KNML 1800",KANGIS,"RABIU ALHAJI YAHAYA"
16353,2,review-district-mismatch,30152,CON-RES-1991-181,3,"ALH WADA AMINU"
137583,2,review-district-mismatch,158978,"KNML 1099",KANGIS,"BALA ABDULLAHI DUMA"
137583,2,review-district-mismatch,187027,RES-2008-4034,2,"AUWALU MUSA"
10481,2,review-district-mismatch,24184,CON-RES-1986-169,3,"ALH MUSA SANI"
10481,2,review-district-mismatch,31300,CON-IND-1995-7,3,"MOBEN (BODY CARE) PRODUCTS LIMITED"
13609,2,undecidable,27383,RES-1990-2157,1,"A. HADI TELLA RINGIM"
13609,2,undecidable,35716,CON-RES-1989-350,3,"ABDULKADIR BADAMASI"
12222,2,review-district-mismatch,25927,CON-RES-1982-1162,3,"AUWALU IBRAHIM"
12222,2,review-district-mismatch,25344,CON-RES-1984-398,3,"ALHAJI AHMED BAWA SHANONO"
14485,2,undecidable,28272,RES-1994-1922,2,"MUSBAHU ABBAS SANUSI"
14485,2,undecidable,36981,CON-RES-1994-509,3,"ABDULMAJID HUSSAIN"
7026,2,review-district-mismatch,16467,CON-AG-1982-504,3,"ALHAJI YAU MIKO"
7026,2,review-district-mismatch,20711,CON-RES-1995-535,3,"CHIEF EDWIN I EJEZIE"
8284,2,review-district-mismatch,31525,CON-COM-1994-48,3,"FROZEN FISH SELLERS  & ALLIED SEAFOOD DEALERS CO-OPERATIVE SOCIETY LIMITED"
8284,2,review-district-mismatch,21983,RES-1992-5777,2,"M. ABDULMUDALLABI ABDURAZAK JA'AFARU"
19626,2,review-district-mismatch,33431,CON-COM-1992-13,3,"SANI ADAMU GANO"
19626,2,review-district-mismatch,177949,IND-RC-1990-2,1,"AFRICAN AFRO COMMODITIES LTD"
10444,2,review-district-mismatch,29253,CON-IND-1984-21,3,"ALHAJI TANKO MANAGER"
10444,2,review-district-mismatch,24147,CON-RES-1988-210,3,"HAMZA INUWA"
25408,2,review-district-mismatch,47350,CON-RES-2007-379,3,"ALHAJI NAMADI INUWA"
25408,2,review-district-mismatch,159767,"KNML 7712",KANGIS,"YAHAYA MUHAMMAD"
12960,2,legitimate-optot,26732,RES-1991-18,1,"TASI`U ABDULLAHI"
12960,2,legitimate-optot,25703,CON-RES-1987-221,3,"FATIMA BINTA SAIDU"
25026,2,review-district-mismatch,117234,"KNML 1555",KANGIS,"BAREWA CLINICS & MATERNITY"
25026,2,review-district-mismatch,187154,RES-1991-787,1,"ABDULLAHI ADAMU USUR"
39665,2,violation-same-parcel,185317,RES-1992-4177,2,"SUNUSI IBRAHIM"
39665,2,violation-same-parcel,185324,"KNML 1505",KANGIS,"SUNUSI IBRAHIM"
17768,2,review-district-mismatch,18171,CON-RES-RC-1981-153,3,"HAJIYA BARA DANTATA"
17768,2,review-district-mismatch,31572,CON-COM-2004-40,3,"MUSBAHU GARBA PANSHEKARA"
1657,2,review-district-mismatch,15320,CON-COM-1982-40,3,"ADEL TOUFIC SULAIMAN"
1657,2,review-district-mismatch,195261,"MLKN 784",KANGIS,"KABIRU TANIMU TURAKI"
12950,2,legitimate-optot,26722,RES-1982-228,1,"ALH. ILIYASU IDRISU ILLO"
12950,2,legitimate-optot,30825,CON-RES-1987-20,3,"ALH. IDRIS ISA"
158457,2,collision,182405,"KNML 1711",KANGIS,"DAN-ASABE ABDULLAHI"
158457,2,collision,198116,RES-2009-2328,2,"SHARU KABIRU"
29859,2,violation-same-parcel,187326,RES-1983-633,1,"ALH MOHD MUSA SHEHU"
29859,2,violation-same-parcel,187375,"KNML 276",KANGIS,"ALH MOHD MUSA SHEHU"
11368,2,review-district-mismatch,24926,CON-RES-1982-19,3,"SANI A. DAURA"
11368,2,review-district-mismatch,25072,CON-RES-1984-447,3,"ALHAJI NAMADI KOLU"
25311,2,review-district-mismatch,47253,CON-RES-2002-95,3,"BALARABE SANI"
25311,2,review-district-mismatch,117971,"KNML 4835",KANGIS,"ALHAJI AUWALU MUKHTAR"
12255,2,review-district-mismatch,25960,CON-IND-1982-35,3,"ALHAJI NAMADI KULO"
12255,2,review-district-mismatch,34469,CON-RES-1984-507,3,"ALHAJI GARBA SANI"
17427,2,review-district-mismatch,185314,KN5408,KANGIS,"MURTALA ABDULLAHI JEGA"
17427,2,review-district-mismatch,31230,CON-RES-1995-299,3,"ALHAJI TIJJANI BALA"
171057,2,legitimate-optot,191771,RES-2015-2183,2,"ISHA GARBA USMAN"
171057,2,legitimate-optot,191779,KN884,KANGIS,"ISHA GARBA USMAN"
14759,2,violation-same-parcel,36837,CON-RES-1996-368,3,"ALHAJI SANI ALI"
14759,2,violation-same-parcel,28548,RES-1993-1208,2,"HASIYA SA'ADATU YUSUF BADAKO"
11866,2,review-district-mismatch,25571,CON-RES-1993-4,3,"ALHAJI AHMED BELLO"
11866,2,review-district-mismatch,24409,CON-RES-1983-167,3,"ALHAJI DAHIRU MANGAL"
10888,2,review-district-mismatch,24592,CON-RES-1987-905,3,"ALHAJI MUSA BALA MOHAMMED"
10888,2,review-district-mismatch,19156,CON-RES-1981-350,3,"FELIX OLUBAYO ODEJIMI"
15431,2,review-district-mismatch,31596,CON-RES-2004-298,3,"SABI'U UMAR"
15431,2,review-district-mismatch,29229,CON-RES-1984-222,3,"ALHAJI LABARAN MOHAMMED"
15309,2,review-district-mismatch,32866,CON-RES-2003-107,3,"ALHAJI NASIRU AHALI"
15309,2,review-district-mismatch,29107,RES-1993-3446,2,"ALH DANJUMA MOHAMMED"
17600,2,review-district-mismatch,31403,CON-RES-1997-195,3,"HAJIYA ASABE YAU"
17600,2,review-district-mismatch,186499,KN5094,KANGIS,"MURTALA ABDULLAHI JEGA"
172987,2,violation-same-parcel,193264,RES-2001-4199,2,"ABDULLAHI MUSA"
172987,2,violation-same-parcel,193300,"KNML 1425",KANGIS,"SATOMI ABDULLAHI AHMED"
180340,2,violation-linked,198672,CON-COM-2020-524,3,"ALHAJI SANI UTAI SA'IN FIKA"
180340,2,violation-linked,198681,"MLKN 3422",KANGIS,"ALHAJI SANI UTAI SA'IN FIKA"
14043,2,review-district-mismatch,27830,RES-1993-244,2,"ALH MALLAM ADHAMA"
14043,2,review-district-mismatch,37035,CON-RES-1992-32,3,"ALHAJI IBRAHIM INUWA"
7727,2,review-district-mismatch,21418,RES-1992-4445,2,"TANKO MUHAMMAD"
7727,2,review-district-mismatch,15279,CON-COM-1982-123,3,"ALHAJI DANJUMMAI GUNDUWAWA MOTORS"
37607,2,violation-same-parcel,179277,RES-1991-7035,1,"KABIR MUHAMMAD YARI"
37607,2,violation-same-parcel,179304,"KNML 1755",KANGIS,"KABIR MUHAMMAD YARI"
13854,2,violation-same-parcel,35666,CON-RES-1991-212,3,"ALHAJI MUHAMMAD KABIR HARUNA"
13854,2,violation-same-parcel,27632,RES-1991-713,1,"HINDATU MAHMUD"
111134,2,review-district-mismatch,131533,"MLKN 2808",KANGIS,"AL-UMNAJ POLYTEHNIC KANO LTD"
111134,2,review-district-mismatch,35012,CON-COM-2016-33,3,"AYUBA BELLO"
7281,2,review-district-mismatch,20968,CON-RES-1994-769,3,"ALHAJI SULE ABUBAKAR"
7281,2,review-district-mismatch,18293,CON-AG-1987-88,3,"AHMAD GARBA RIRUWAI"
8725,2,review-district-mismatch,22424,RES-1992-6462,2,"ALHAJI BALA MOHD"
8725,2,review-district-mismatch,34889,CON-COM-2005-95,3,"Y.Y VENTURES AND OIL NIGERIA LIMITED"
12899,2,legitimate-optot,26671,RES-1982-2188,1,"JAMILA IFEYINWA SALEH (MRS)"
12899,2,legitimate-optot,30902,CON-RES-1987-144,3,"CHUKA OKAFOR"
13591,2,undecidable,27365,RES-1990-2487,1,"AUWALU JIBRIN"
13591,2,undecidable,23993,CON-RES-1989-27,3,"ALHAJI ISAYAKU AHMED"
10845,2,review-district-mismatch,14201,CON-RES-1981-294,3,"ALHAJI SULE BARAU"
10845,2,review-district-mismatch,24549,CON-RES-1987-730,3,"ALHAJI YUSUF ABOLARINWA"
146892,2,violation-same-parcel,169962,RES-2020-1810,2,"ALH USMANMOHD HASKE"
146892,2,violation-same-parcel,169984,KN3649,KANGIS,"ALH USMAN MUHAMMAD HASKE"
17467,2,review-district-mismatch,184480,KN5411,KANGIS,"MURTALA ABDULLAHI JEGA"
17467,2,review-district-mismatch,31270,CON-COM-1995-11,3,"ALHAJI ISYAKU ABDULLAHI BEBEJI"
18117,2,review-district-mismatch,21738,CON-RES-RC-1982-392,3,"ALHAJI USMAN ABUBAKAR"
18117,2,review-district-mismatch,31921,CON-RES-1985-377,3,"ALHAJI MANNIRU TIJJANI"
13843,2,undecidable,27621,RES-1991-700,1,"ALHAJI BABA SARKIN MOMAR KWANAR DAN GORA"
13843,2,undecidable,35654,CON-RES-1991-169,3,"ALHAJA NIMOTA OLAYINKA AIYEDUN"
49880,2,violation-same-parcel,183226,RES-2003-2277,2,"USMAN UBA MUSA"
49880,2,violation-same-parcel,183285,"KNML 5827",KANGIS,"USMAN UBA MUSA"
11441,2,review-district-mismatch,25145,CON-RES-1982-736,3,"ALHAJI SIDI ISHAK"
11441,2,review-district-mismatch,23338,CON-RES-1982-296,3,"KABIRU H GWARZO"
57515,2,violation-same-parcel,175048,RES-2017-1503,2,"NAMANU ADAMU"
57515,2,violation-same-parcel,175069,KN3839,KANGIS,"NAMANU ADAMU"
153363,2,review-district-mismatch,190258,KN4535,KANGIS,"MURTALA ABDULLAHI JEGA"
153363,2,review-district-mismatch,177669,CON-RES-2023-7255,3,"FAIZU MUHAMMAD GALADIMA"
153519,2,violation-same-parcel,177828,CON-RES-2023-7376,3,"FAIZU MUHAMMAD GALADIMA"
153519,2,violation-same-parcel,186207,KN4563,KANGIS,"MURTALA ABDULLAHI JEGA"
15422,2,review-district-mismatch,34752,CON-RES-2004-279,3,"HAJIYA HASSANA BASHIR ILU"
15422,2,review-district-mismatch,29220,CON-RES-1984-236,3,"ALHAJI SA'IDU MAIBURODI"
11119,2,review-district-mismatch,24823,CON-RES-1986-205,3,"ALH ABUBAKAR USMAN"
11119,2,review-district-mismatch,26018,CON-RES-1982-1129,3,"IBRAHIM HAMID"
7948,2,review-district-mismatch,21641,RES-1992-4767,2,"SHA'AIBU SA'IDU"
7948,2,review-district-mismatch,29563,CON-COM-1984-59,3,"ALHAJI YAHAYA UMAR"
166045,2,violation-linked,188756,CON-RES-2006-269,3,"ALHAJI YA'U MUHAMMAD"
166045,2,violation-linked,188766,"KNML 2428",KANGIS,"ALHAJI YA'U MUHAMMAD"
154868,2,violation-same-parcel,179198,CON-RES-2012-221,3,"FAROUK ALIYU GARKO"
154868,2,violation-same-parcel,179200,"KNML 1754",KANGIS,"FAROUK ALIYU GARKO"
12738,2,violation-same-parcel,33888,CON-RES-1987-1050,3,"MUSA SULE"
12738,2,violation-same-parcel,26444,RES-1982-1983,1,"AMINU TANKO KYAURE"
13409,2,undecidable,27183,RES-1991-393,1,"IDRIS HARUNA UMAR"
13409,2,undecidable,29696,CON-RES-1988-371,3,"ABDULRAHMAN ISA"
55059,2,legitimate-optot,188084,RES-2015-337,2,"MR & MRS ELIJAH AKANNI"
55059,2,legitimate-optot,188105,"KNML 2884",KANGIS,"MR & MRS ELIJAH AKANNI"
150955,2,legitimate-optot,174205,RES-2021-4545,2,"AHMED ABDULLAHI SIDI"
150955,2,legitimate-optot,174229,KN3970,KANGIS,"AHMED ABDULLAHI SIDI"
162911,2,violation-linked,186075,CON-COM-2019-289,3,"GREEN FOREST INTERNATIONAL FARM & FOOD LIMITED"
162911,2,violation-linked,186085,"MLKN 3298",KANGIS,"GREEN FOREST INTERNATIONAL FARM & FOOD LIMITED"
180454,2,violation-linked,198779,CON-COM-2017-286,3,"AMINU MUHAMMAD INUWA."
180454,2,violation-linked,198906,"MLKN 4482",KANGIS,"AMINU MUHAMMAD INUWA"
8229,2,review-district-mismatch,21926,CON-RES-2009-936,3,"HABU IBRAHIM RIMI"
8229,2,review-district-mismatch,33176,CON-COM-1993-16,3,"DENNIS ONOCHIE OKECHUKWU"
150259,2,legitimate-optot,173588,RES-2007-1492,2,"ABDULLAHI UMAR YARO"
150259,2,legitimate-optot,173615,KN2330,KANGIS,"ABDULLAHI UMAR YARO"
13673,2,legitimate-optot,27448,RES-1990-4263,1,"ALH LAWAN BAGAZAWA"
13673,2,legitimate-optot,26083,CON-RES-1989-544,3,"ALHAJI USMAN SABO"
49488,2,violation-same-parcel,186917,RES-2002-7531,2,"BASHIR ADO KIBIYA"
49488,2,violation-same-parcel,186922,"KNML 290",KANGIS,"BASHIR ADO KIBIYA"
14666,2,review-district-mismatch,31370,CON-RES-1995-596,3,"ALHAJI ABUBAKAR IBRAHIM"
14666,2,review-district-mismatch,28454,RES-1993-348,2,"HAJIYA JUMMAI SHITU AND HAJIYA UWANI MAITUWO"
10897,2,review-district-mismatch,24601,CON-RES-1987-917,3,"AMADU SALISU"
10897,2,review-district-mismatch,19128,CON-RES-1981-368,3,"ALHAJI ABBAS MOHAMMED"
11358,2,review-district-mismatch,25062,CON-RES-1984-262,3,"MR IKYUME LAWRENCE"
11358,2,review-district-mismatch,29438,CON-RES-1982-177,3,"ALHAJI DA'U ISA"
6985,2,review-district-mismatch,20669,CON-RES-1995-135,3,"BALARABE NAYAYA"
6985,2,review-district-mismatch,16414,CON-AG-1982-370,3,"ALHAJI MAHAMMADU KABIRU IBRAHIM BABBAN MALAMI MADABO"
6009,2,collision,19686,RES-1992-2810,2,"ABDULLAHI ZAKARI"
6009,2,collision,186780,COM-RC-1982-26,1,"UNION TRADING CO. LTD"
146936,2,violation-same-parcel,170011,CON-RES-1987-1210,3,"EMME GUSAU INTERNATIONAL LIMITED"
146936,2,violation-same-parcel,170042,KN3804,KANGIS,"EMME GUSAU INTERNATIONAL LIMITED"
154791,2,violation-same-parcel,179112,RES-2009-2089,2,"ALH ISAH DA'U"
154791,2,violation-same-parcel,179136,"KNML 1830",KANGIS,"AMINU MUKTAR"
13778,2,undecidable,27555,RES-1991-629,1,"ALH HARUNA SHU'AIBU RINGIM"
13778,2,undecidable,35887,CON-RES-1990-390,3,"ALHAJI ARMA YA'U"
35971,2,violation-same-parcel,179658,RES-1990-4362,1,"YAHAYA MADUGU TASIU"
35971,2,violation-same-parcel,179659,"KNML 1465",KANGIS,"YAHAYA MADUGU TASIU"
64877,2,legitimate-optot,170053,RES-RC-1981-30,1,"ALH MOHAMMED SANI SHARIFF"
64877,2,legitimate-optot,170090,KN4677,KANGIS,"ALH MOHAMMED SANI SHARIFF"
12976,2,review-district-mismatch,30821,CON-RES-1987-246,3,"CHIEF DENNIS OBI"
12976,2,review-district-mismatch,26748,RES-1991-40,1,"SALIHU USMAN"
17767,2,review-district-mismatch,31571,CON-COM-2004-24,3,"LAWAL ABDULLAHI"
17767,2,review-district-mismatch,16702,CON-RES-RC-1981-152,3,"ALHAJI MUSA MOHAMMED"
17459,2,review-district-mismatch,185421,KN5362,KANGIS,"MURTALA ABDULLAHI JEGA"
17459,2,review-district-mismatch,31262,CON-RES-1995-498,3,"ALHAJI SANI ABDULLAHI"
13395,2,violation-same-parcel,27169,RES-1991-379,1,"ALH BABBA DAN AGUNDI"
13395,2,violation-same-parcel,34592,CON-RES-1988-34,3,"ALHAJI MUSA SHU'AIBU ABUBAKAR"
154800,2,violation-linked,179121,CON-COM-2016-149,3,"UMZA OIL MILL LIMITED"
154800,2,violation-linked,179139,KN4188,KANGIS,"UMZA OIL MILL LIMITED"
18267,2,review-district-mismatch,32071,CON-RES-1983-269,3,"ALHAJI MUSTAPHA BIDA"
18267,2,review-district-mismatch,18942,CON-RES-RC-1982-541,3,"ALH HARUNA KASSIM & SONS LTD"
11761,2,review-district-mismatch,25465,CON-RES-1989-58,3,"ALHAJI TIJJANI MUSA"
11761,2,review-district-mismatch,29463,CON-RES-1982-840,3,"ALHAJI SHU'AIBU NA K/MATA"
12986,2,review-district-mismatch,30536,CON-RES-1987-264,3,"ALHAJI ABDULLAHI LUKMAN MAIKUSA"
12986,2,review-district-mismatch,26758,RES-1991-55,1,"TANIMU ABDULMUMINI"
7671,2,review-district-mismatch,21362,CON-AG-1984-147,3,"ALHAJI INUWA MUSA"
7671,2,review-district-mismatch,174464,CON-COM-1981-15,3,"BEHA PETROLEUM COMPANY NIG LTD"
13817,2,undecidable,36483,CON-RES-1990-75,3,"ALH SA'IDU DATTIJO ADAHAMA"
13817,2,undecidable,27594,RES-1991-673,1,"SEHU SANI"
66495,2,violation-same-parcel,181198,RES-RC-1982-712,1,"AMINU CHUBADO BELLO"
66495,2,violation-same-parcel,181202,"KNML 1951",KANGIS,"AMINU CHUBADO BELLO"
18397,2,review-district-mismatch,32201,CON-RES-1987-203,3,"MR PETER OLUSEGUN OLAMUSI"
18397,2,review-district-mismatch,18335,CON-RES-RC-1982-683,3,"ALHAJI NALELE KULO"
156625,2,violation-same-parcel,180990,RES-2009-4430,2,"ABDULLAHI DAUDA"
156625,2,violation-same-parcel,180993,"KNML 1230",KANGIS,"ALHAJI AMINU BABA"
158677,2,violation-linked,182591,CON-RES-2001-101,3,"HADIZAT LAWAL AUDI"
158677,2,violation-linked,182592,"KNML 1944",KANGIS,"HADIZAT LAWAL AUDI"
47835,2,violation-same-parcel,182220,RES-2000-842,2,"ALH KABIRU RUFA'E"
47835,2,violation-same-parcel,182222,"KNML 9665",KANGIS,"HASSAN SHU'AIBU"
6604,2,review-district-mismatch,184046,COM-RC-1995-3,1,"MALLAM MUHAMMED AMINU"
6604,2,review-district-mismatch,20288,RES-1992-3050,2,"ALH AMADU MADAKIN GINI"
9018,2,review-district-mismatch,22719,CON-RES-1994-108,3,"SHEHU SALIHU KANO"
9018,2,review-district-mismatch,35481,CON-COM-2009-101,3,"SAGSAN NIGERIA LIMITED"
160634,2,violation-same-parcel,184098,SLTR-199760,SLTR,"HAFSA BALA SULE, MAIMUNA BALA SULE , HASSANA BALA SULE"
160634,2,violation-same-parcel,184110,KN5596,KANGIS,"HAFSA BALA SULE, MAIMUNA BALA SULE , HASSANA BALA SULE"
14117,2,review-district-mismatch,23089,CON-RES-1992-542,3,"HABIBU SHEHU ALMAJIR"
14117,2,review-district-mismatch,27904,RES-1993-728,2,"HAJIYA HALIMA UMAR"
53000,2,collision,186899,"KNML 2859",KANGIS,"ZAINAB MUHAMMED ABUBAKAR"
53000,2,collision,189849,RES-2009-959,2,"IDRIS ISMA'IL"
17539,2,review-district-mismatch,31342,CON-RES-1995-495,3,"ALHAJI JAMILU SUNUSI"
17539,2,review-district-mismatch,187263,KN5153,KANGIS,"MURTALA ABDULLAHI JEGA"
11150,2,review-district-mismatch,24854,CON-RES-1986-238,3,"ALH. BALA MAI LALLE"
11150,2,review-district-mismatch,25932,CON-RES-1982-1196,3,"ALHAJI IBRAHIM ADAMU"
18194,2,review-district-mismatch,31998,CON-RES-1983-643,3,"JOHNSON UBON ESSIEN"
18194,2,review-district-mismatch,18721,CON-RES-RC-1982-47,3,"ALHAJI RABI`U GAMBO"
153375,2,collision,177690,CON-RES-2023-7294,3,"FAIZU MUHAMMAD GALADIMA"
153375,2,collision,189576,KN5253,KANGIS,"MURTALA ABDULLAHI JEGA"
11914,2,review-district-mismatch,23856,CON-RES-1983-274,3,"ALH. JAFARU SULE NA-ABBA"
11914,2,review-district-mismatch,25619,CON-RES-1984-124,3,"MUSTAFA MASHOOD UGWU"
9581,2,review-district-mismatch,33903,CON-COM-2014-25,3,"SULEIMAN MUHAMMAD"
9581,2,review-district-mismatch,23283,RES-1992-7201,2,"ALH IRO KURAMI"
13897,2,violation-same-parcel,27676,RES-1991-768,1,"BABA IBRAHIM MOHD"
13897,2,violation-same-parcel,35832,CON-RES-1991-393,3,"ALH HAMISU SULE GARO"
150659,2,legitimate-optot,173934,RES-2022-4770,2,"ZAINAB TALATU GARBA"
150659,2,legitimate-optot,173943,KN4182,KANGIS,"ZAINAB TALATU GARBA"
10791,2,review-district-mismatch,15902,CON-RES-1981-207,3,"ALHAJI IBRAHIM NASIDI"
10791,2,review-district-mismatch,24495,CON-RES-1987-1158,3,"ALHAJI MUSA AHMED"
7383,2,review-district-mismatch,15333,CON-AG-1994-44,3,"ALH ABDU MOHAMMAD BINDAWA"
7383,2,review-district-mismatch,21073,CON-RES-1995-650,3,"AUWALU .A. LAMIDO"
159470,2,violation-same-parcel,183159,CON-RES-1999-189,3,"ALH. RUFA'I MAIYAKI ABDULMALIK"
159470,2,violation-same-parcel,183164,"KNML 1729",KANGIS,"ALH RUFA'I MAIYAKI ABDULMALIK"
13305,2,legitimate-optot,27078,RES-1982-2281,1,"ALHAJI SHEHU AHMED"
13305,2,legitimate-optot,33334,CON-RES-1988-103,3,"J.C. MONEKE"
12568,2,review-district-mismatch,26274,CON-RES-1986-78,3,"UMARU SULEIMAN"
12568,2,review-district-mismatch,31697,CON-RES-1986-144,3,"ALHAJI MOHAMMED UMAR"
51589,2,legitimate-optot,189792,RES-2008-1573,2,"IBRAHIM USMAN AUYO"
51589,2,legitimate-optot,189798,"KNML 2422",KANGIS,"IBRAHIM USMAN AUYO"
148775,2,violation-same-parcel,172219,RES-1993-4492,2,"MOHAMMED SANI ISMA'IL"
148775,2,violation-same-parcel,172228,KN70,KANGIS,"MUHAMMED SANI ISMAIL."
25309,2,review-district-mismatch,47251,CON-RES-2002-184,3,"SUNUSI IBBRAHIM"
25309,2,review-district-mismatch,118024,"KNML 4834_1",KANGIS,"MUSBAHU MUHAMMAD"
18334,2,review-district-mismatch,32138,CON-RES-1987-214,3,"MALLAM GANA ABUBAKAR"
18334,2,review-district-mismatch,20369,CON-RES-RC-1982-611,3,"ALHAJI BALA USMAN"
11437,2,review-district-mismatch,23622,CON-RES-1982-291,3,"ALHAJI MANYA AHMED"
11437,2,review-district-mismatch,25141,CON-RES-1982-1598,3,"MR. FRIDAY AGBONAMWARE AMADIN"
153329,2,violation-same-parcel,177624,CON-RES-2023-7258,3,"FAIZU MUHAMMAD GALADIMA"
153329,2,violation-same-parcel,186762,KN4526,KANGIS,"MURTALA ABDULLAHI JEGA"
12115,2,review-district-mismatch,25820,CON-RES-1983-730,3,"ALHAJI MUSA HALADU"
12115,2,review-district-mismatch,24060,CON-RES-1983-84,3,"ALH.ISMAILA ALMAJIRI"
162437,2,violation-linked,185725,CON-IND-2021-22,3,"N.B CERAMICS LIMITED"
162437,2,violation-linked,185727,"MLKN 3198",KANGIS,"N.B CERAMICS LIMITED"
17968,2,review-district-mismatch,21496,CON-RES-RC-1982-193,3,"AUWALU ISA ALFINDIKI"
17968,2,review-district-mismatch,31772,CON-RES-1984-345,3,"ALHAJI ABDU B YAKASAI"
179721,2,violation-linked,198189,CON-IND-2022-63,3,"H.D.F INTERGRATED AGRO LTD"
179721,2,violation-linked,198226,"MLKN 4324",KANGIS,"H.D.F INTERGRATED AGRO LTD"
13814,2,violation-same-parcel,27591,RES-1991-670,1,"ALHAJI SABIU SHEHU"
13814,2,violation-same-parcel,30022,CON-RES-1990-60,3,"ALHAJI YAHAYA IBRAHIM BAKO"
52689,2,violation-same-parcel,169059,RES-2009-7096,2,"IBRAHIM SADIQ OTHMAN"
52689,2,violation-same-parcel,169098,KN5019,KANGIS,"IBRAHIM SADIQ OTHMAN"
8028,2,legitimate-optot,21722,CON-RES-1982-68,3,"ABDULLAHI DELE IBRAHIM"
8028,2,legitimate-optot,196850,CON-COM-1986-79,3,"SANI DAHIRU YAKASAI"
11143,2,review-district-mismatch,24847,CON-RES-1986-231,3,"HAJIYA MARYAM IBRAHIM"
11143,2,review-district-mismatch,25971,CON-RES-1982-1182,3,"ALHAJI MOHAMMED ALIYU AZARE"
41037,2,violation-same-parcel,186812,RES-1993-1309,2,"BALA MUSA"
41037,2,violation-same-parcel,186814,"KNML 1549",KANGIS,"ALHAJI MUTARI SANI"
260,2,legitimate-optot,19520,AG-RC-1982-72,1,"MOHAMMED SANI DANBATTA"
260,2,legitimate-optot,13915,CON-RES-1981-187,3,"ALHAJI MUHAMMADU JIBRIN"
18570,2,review-district-mismatch,20397,CON-RES-RC-1984-9,3,"ALHAJI MADAHA FAGGE"
18570,2,review-district-mismatch,32375,CON-RES-1987-132,3,"NURA ADAMU"
152839,2,legitimate-optot,176277,RES-2015-3533,2,"ABDU JIBRIL"
152839,2,legitimate-optot,176289,"KNML 3950",KANGIS,"ABDU JIBRIN"
60501,2,violation-same-parcel,178593,RES-2020-3106,2,"AHAMD ABUBAKAR GHALI"
60501,2,violation-same-parcel,178600,KN4803,KANGIS,"AHAMD ABUBAKAR GHALI"
16424,2,review-district-mismatch,30223,CON-RES-1993-21,3,"ALHAJI ABUBAKAR ABDU"
16424,2,review-district-mismatch,187013,"KNML 2852",KANGIS,"MR GALLET STAPHANE"
154884,2,violation-same-parcel,179220,RES-2000-5295,2,"ADO  MOHAMMED WUDIL"
154884,2,violation-same-parcel,179248,"KNML 1223",KANGIS,"BASHIR NUKKEL"
12194,2,review-district-mismatch,26235,CON-RES-1984-289,3,"ALHAJI WADA AMIINU"
12194,2,review-district-mismatch,25899,CON-RES-1988-397,3,"ABUBAKAR MAIKASUWA MAAJI"
17872,2,review-district-mismatch,19251,CON-RES-RC-1982-111,3,"YUSUF A.M. INDABAWA"
17872,2,review-district-mismatch,31676,CON-RES-1986-200,3,"SULE MOHAMMED"
6338,2,collision,178146,COM-RC-1982-98,1,"FAMAZ ENTERPRISES LIMITED"
6338,2,collision,20020,RES-1992-2957,2,"DAN LADI ABBA"
17420,2,collision,31223,CON-RES-1995-285,3,"ALHAJI SALE KADAWA"
17420,2,collision,184702,KN5361,KANGIS,"MURTALA ABDULLAHI JEGA"
6907,2,review-weak-plot,20591,RES-1992-3151,2,"HASSAINI IDRIS"
6907,2,review-weak-plot,15589,CON-AG-1982-161,3,"ALHAJI SANI HAYATU"
175592,2,violation-same-parcel,194985,"KNML 7399",KANGIS,"ABDULLAHI SULEIMAN YARO"
175592,2,violation-same-parcel,195111,RES-2019-4325,2,"FUTURE BRAND"
6980,2,review-district-mismatch,16708,CON-AG-1982-357,3,"ALHAJI USAINI GARBA & SONS"
6980,2,review-district-mismatch,20664,CON-AG-2014-3,3,"ALHAJI HARUNA TAHIR HUNGU"
46308,2,legitimate-optot,191469,RES-1999-689,2,"AHMAD NASIR"
46308,2,legitimate-optot,191519,"KNML 8024",KANGIS,"AHMAD NASIR"
11469,2,review-district-mismatch,21704,CON-RES-1982-352,3,"ALHAJI MUHAMMAD SALISU MA'AZU"
11469,2,review-district-mismatch,25173,CON-RES-1982-768,3,"AHMADU TIJJANI A. MUSTAPHA"
12362,2,review-district-mismatch,26067,CON-RES-1982-338,3,"ALHAJI WADA AMINU"
12362,2,review-district-mismatch,34538,CON-RES-1985-168,3,"ALHAJI SAIDU MOHAMMED MUSA"
13109,2,review-district-mismatch,34570,CON-RES-1987-540,3,"MR PATRIC A OKEKE"
13109,2,review-district-mismatch,26882,RES-1991-202,1,"ADO MAMUDA"
162112,2,violation-linked,185474,CON-RES-1990-397,3,"MALLAM BASHIR MUSA"
162112,2,violation-linked,185475,"KNML 1509",KANGIS,"MALLAM BASHIR MUSA"
8210,2,review-district-mismatch,33387,CON-COM-1992-82,3,"ALH UBA ILIYASU"
8210,2,review-district-mismatch,21907,CON-RES-2009-750,3,"RAKIYA A. ABUBAKAR"
169203,2,violation-same-parcel,191102,CON-RES-2017-343,3,"ALH. ALI YUSUF"
169203,2,violation-same-parcel,191113,"KNML 5380",KANGIS,"ALH. ALI YUSUF"
153413,2,violation-same-parcel,177729,RES-2003-2776,2,"MUKHTARI MUHAMMAD WARAWA"
153413,2,violation-same-parcel,178053,KN4100,KANGIS,"MUKHTARI MUHAMMAD WAIRA"
159351,2,violation-same-parcel,183089,"MLKN 2753",KANGIS,"WADA ABDULLAHI KACHAKO"
159351,2,violation-same-parcel,183078,COM-2019-112,1,"WADA ABDULLAHI KACHAKO"
40324,2,violation-same-parcel,186165,RES-1992-6390,2,"ABDULRAHAMAN MOHAMMED"
40324,2,violation-same-parcel,186264,"KNML 8600",KANGIS,"ABDULRAHAMAN MOHAMMED"
30373,2,violation-same-parcel,179245,RES-1985-1311,1,"ALHAJI ISYAKU UMAR TOFA (DAN'ADALAN KANO)"
30373,2,violation-same-parcel,179258,"KNML 1836",KANGIS,"ALHAJI ISYAKU UMAR TOFA (DAN'ADALAN KANO)"
15575,2,review-district-mismatch,34805,CON-RES-2005-26,3,"MAITAMA SULE DANBUZU"
15575,2,review-district-mismatch,29373,CON-RES-1987-811,3,"OKAY C. S OKAFOR"
180556,2,violation-same-parcel,198886,RES-2009-6507,2,"GARBA MANSUR"
180556,2,violation-same-parcel,198898,KN2549,KANGIS,"GARBA MANSUR"
11208,2,review-district-mismatch,31031,CON-RES-1982-1309,3,"ALI  BALARABE ABDULRAZAK"
11208,2,review-district-mismatch,24912,CON-IND-1983-3,3,"ALHAJI SALIHU GARBA"
11220,2,review-district-mismatch,24924,CON-COM-1985-44,3,"ALH. USMAN MAHMOUD YOLA"
11220,2,review-district-mismatch,198106,CON-RES-1982-1337,3,"IBRAHIM ABDULLAHI ZANGO"
25377,2,review-district-mismatch,47319,CON-RES-2007-553,3,"HAJIYA FATIMA SULEIMAN"
25377,2,review-district-mismatch,121308,"KNML 6584",KANGIS,"ENGR. MAGAJI DA'U ALIYU"
12471,2,review-district-mismatch,26177,CON-RES-1988-355,3,"HAUWA SABUWA BAKA"
12471,2,review-district-mismatch,33998,CON-RES-1985-502,3,"ALIYU MOHAMMED HADEJIA"
16234,2,review-district-mismatch,30033,CON-RES-1990-78,3,"ALHAJI ABDULLAHI ISA"
16234,2,review-district-mismatch,22112,CON-RES-2009-772,3,"SUNUSI ALKASIM"
59316,2,violation-same-parcel,198698,RES-2019-1857,2,"KHALIL INUWA"
59316,2,violation-same-parcel,198741,"KNGP 282",KANGIS,"KHALIL INUWA"
160983,2,violation-linked,184439,RES-2023-7464,2,"HUSSAINI UMAR"
160983,2,violation-linked,184583,KN3246,KANGIS,"HUSSAINI UMAR"
167119,2,violation-same-parcel,189512,CON-RES-2023-7227,3,"FAIZU MUHAMMAD GALADIMA"
167119,2,violation-same-parcel,189521,KN5242,KANGIS,"MURTALA ABDULLAHI JEGA"
146386,2,review-district-mismatch,169425,RES-2003-2449,2,"TIJJANI MOHAMMED BORODO"
146386,2,review-district-mismatch,182514,"KNML 1713",KANGIS,"TIJJANI MOHAMMED BORODO"
60977,2,violation-linked,168434,RES-2022-1175,2,"AHMED MUAZU HOTORO"
60977,2,violation-linked,168437,"KNML 9480",KANGIS,"AHMED MUAZU HOTORO"
7957,2,review-district-mismatch,21650,RES-1992-4790,2,"SALIHU MOHAMMED"
7957,2,review-district-mismatch,29583,CON-COM-1984-84,3,"AMADU KUTIL"
7893,2,review-district-mismatch,21585,RES-1992-4618,2,"TIJJANI SAIDU"
7893,2,review-district-mismatch,29510,CON-COM-1983-56,3,"CAPTAIN ALIYU BAFFA"
166931,2,violation-linked,189386,CON-COM-2018-107,3,"DANLITI SHU'AIBU ADAMU"
166931,2,violation-linked,189404,"MLKN 3391",KANGIS,"DANLITI SHU'AIBU ADAMU"
11279,2,review-district-mismatch,31026,CON-RES-1982-1463,3,"ALHAJI IDI BALARABE"
11279,2,review-district-mismatch,24983,CON-RES-1982-1082,3,"ALHAJI MUSA HARUNA"
7620,2,review-district-mismatch,23445,CON-AG-RC-1982-137,3,"ALHAJI HABIBU GADO DA-MASU"
7620,2,review-district-mismatch,21311,CON-AG-1983-72,3,"ALHAJI HALADU"
157606,2,violation-same-parcel,181732,RES-2022-3436,2,"MR. OSITA  LOUIS AROH"
157606,2,violation-same-parcel,181759,KN3938,KANGIS,"MR. OSITA  LOUIS AROH"
8365,2,review-district-mismatch,32671,CON-COM-1997-2,3,"SALIHI SULAIMAN"
8365,2,review-district-mismatch,22064,CON-RES-2009-449,3,"ALH. MUSA SA'IDU YAHAYA PRP"
7740,2,review-district-mismatch,15834,CON-COM-1982-150,3,"AHMED MOHAMMED & ASSOCIATES LTD"
7740,2,review-district-mismatch,21431,RES-1992-4493,2,"USMAN ABDULLAHI DORAYI"
16235,2,review-district-mismatch,30034,CON-RES-1990-79,3,"ALHAJI ABDULLAHI GAMBO"
16235,2,review-district-mismatch,22125,CON-RES-2009-773,3,"SUNUSI ALKASIM"
7673,2,violation-same-parcel,21364,CON-AG-1981-124,3,"MAJOR UMARU MALAMI MOHAMMED"
7673,2,violation-same-parcel,15311,CON-COM-1981-17,3,"SHAWKI SAID DAYEKH"
11741,2,review-district-mismatch,25445,CON-RES-1989-301,3,"DAHIRU MUHAMMED JUJI"
11741,2,review-district-mismatch,29643,CON-RES-1982-804,3,"ALHAJI DANBABA YAKUBU"
8029,2,review-district-mismatch,19202,CON-COM-1986-85,3,"GUNDUWAWA MOTORS NIG. LTD."
8029,2,review-district-mismatch,21723,CON-RES-1982-69,3,"ALHAJI ISA NA ALH AMADU KARAYE"
17579,2,review-district-mismatch,31382,CON-RES-1997-131,3,"ALHAJI KASSIM UMAR"
17579,2,review-district-mismatch,181733,KN4598,KANGIS,"MURTALA ABDULLAHI JEGA"
12878,2,review-district-mismatch,26650,RES-1982-2164,1,"USAINI ALH. MOHAMMED"
12878,2,review-district-mismatch,30506,CON-RES-1987-139,3,"ALHAJI IBRAHIM MIJINYAWA"
12376,2,review-district-mismatch,185617,CON-RES-1985-222,3,"WARAWA AND COMPANY NIGERIA LIMITED"
12376,2,review-district-mismatch,26081,CON-RES-1989-274,3,"ALHAJI AHMED MUHAMMED"
48090,2,legitimate-optot,194662,RES-2001-2877,2,"AMINU S SODA"
48090,2,legitimate-optot,194681,KN4201,KANGIS,"AMINU S SABO"
171587,2,violation-same-parcel,192115,CON-RES-2023-7352,3,"FAIZU MUHAMMAD GALADIMA"
171587,2,violation-same-parcel,192125,KN4577,KANGIS,"MURTALA ABDULLAHI JEGA"
14223,2,legitimate-optot,17835,CON-RES-1993-285,3,"ALHAJI TIJJANI USMAN"
14223,2,legitimate-optot,28010,RES-1993-1519,2,"RABIU HARUNA UNGOGO"
11641,2,review-district-mismatch,23569,CON-RES-1982-607,3,"ALHAJI AUWALU ABBA"
11641,2,review-district-mismatch,25345,CON-RES-1985-141,3,"ALHAJI ABUBAKAR"
18210,2,review-district-mismatch,169664,CON-RES-RC-1982-486,3,"ALHAJI USMAN GARBA"
18210,2,review-district-mismatch,32014,CON-RES-1983-162,3,"HABIB-UD-DEEN SULAIMAN"
12813,2,violation-same-parcel,26585,RES-1982-2359,1,"NU'UMAN BARAU DANBATTA"
12813,2,violation-same-parcel,32305,CON-RES-1987-1203,3,"MAITAMA YUSUFU AMADI"
13049,2,review-district-mismatch,24621,CON-RES-1987-393,3,"ALHAJI SHUAIBU MOHAMMED"
13049,2,review-district-mismatch,26821,RES-1991-131,1,"ALHAJI IBRAHIM MUHAMMAD"
12808,2,violation-same-parcel,32296,CON-RES-1987-1179,3,"ALHAJI MUSA KALLA"
12808,2,violation-same-parcel,26580,RES-1982-2374,1,"ALHAJI IBRAHIM NAKAW URINGIM"
60436,2,legitimate-optot,194720,RES-2020-2041,2,"AHMAD ABUBAKAR GHALI"
60436,2,legitimate-optot,194722,KN4802,KANGIS,"AHMAD ABUBAKAR GHALI"
41452,2,violation-same-parcel,192146,RES-1993-2580,2,"USMAN ALIYU GORA"
41452,2,violation-same-parcel,192169,KN3940,KANGIS,"USMAN ALIYU GORA"
10984,2,review-district-mismatch,24688,CON-RES-1983-887,3,"ALHAJI GARBA HASSAN"
10984,2,review-district-mismatch,14470,CON-RES-1981-546,3,"ALHAJI KABIRU SULE BALARABE"
10930,2,review-district-mismatch,15248,CON-RES-1981-438,3,"ALHAJI AUWALU SANI"
10930,2,review-district-mismatch,24634,CON-RES-1988-522,3,"KASSIM ALHAJI UMARU"
7279,2,review-district-mismatch,20966,CON-RES-1994-785,3,"KABIRU ABUBAKAR"
7279,2,review-district-mismatch,18895,CON-AG-1987-8,3,"ALHAJI SULE IBRAHIM"
1831,2,review-district-mismatch,193505,,1,"ALHAJI AMINU SULE GARO"
1831,2,review-district-mismatch,15494,RES-1992-1689,2,"LAWAN UMAR"
11632,2,review-district-mismatch,25336,CON-RES-1984-400,3,"ALHAJI MUSA BALA ALI"
11632,2,review-district-mismatch,35278,CON-RES-1982-597,3,"CHRISTOPHER EHIKHUEMEN"
155555,2,violation-linked,179877,CON-RES-2012-293,3,"ABBA SALISU KURAWA"
155555,2,violation-linked,179890,"KNML 5843",KANGIS,"ABBA SALISU KURAWA"
12578,2,review-district-mismatch,33375,CON-RES-1986-182,3,"ALH TANIMU YAKUDIMA"
12578,2,review-district-mismatch,26284,CON-RES-1986-61,3,"MAIKUDI IBRAHIM"
7276,2,review-district-mismatch,20963,CON-RES-1994-782,3,"ALHAJI MUHAMMED NA-BALINGA ALIYU"
7276,2,review-district-mismatch,34374,CON-AG-1987-70,3,"SHEHU OTHMAN AHMED"
19012,2,review-district-mismatch,32817,CON-COM-2005-40,3,"MTL INTERNATIONAL CONCEPT LIMITED"
19012,2,review-district-mismatch,172870,"MLKN 157",KANGIS,"GONGONI COMPANY LTD"
7926,2,review-district-mismatch,29592,CON-COM-1984-174,3,"ALHAJI SALISU LABARAN"
7926,2,review-district-mismatch,21618,RES-1992-4730,2,"MAMOUD ISMAILA"
53324,2,legitimate-optot,184768,RES-2010-2233,2,"SUWAID SAID SUWAID"
53324,2,legitimate-optot,184774,"KNML 1902",KANGIS,"SUWAID SAID SUWAID"
38734,2,violation-same-parcel,174529,RES-1992-1563,2,"AMINU SALISU ILIYASU"
38734,2,violation-same-parcel,174538,"KNML 1805",KANGIS,"AMINU SALISU ILIYASU"
17578,2,review-district-mismatch,31381,CON-RES-1997-130,3,"NURA MOHAMMED DANKADAI"
17578,2,review-district-mismatch,181723,KN4597,KANGIS,"MURTALA ABDULLAHI JEGA"
12694,2,violation-same-parcel,26400,RES-1982-1876,1,"ALHAJI TIJJANI A.A. DAN BALA"
12694,2,violation-same-parcel,24796,CON-RES-1986-72,3,"ALH. RABIU ISYAKU RABIU"
17601,2,review-district-mismatch,31404,CON-RES-1997-196,3,"ALHAJI ISHAKA SULEIMAN"
17601,2,review-district-mismatch,197056,KN4547,KANGIS,"MURTALA ABDULLAHI JEGA"
11413,2,review-district-mismatch,25117,CON-RES-1982-1108,3,"ALHAJI SULE GUNYA"
11413,2,review-district-mismatch,31089,CON-RES-1982-254,3,"OXFORD POLY INDUSTRIES LTD"
8597,2,review-district-mismatch,32908,CON-COM-2003-41,3,"ALHAJI IBRAHIM MIJINYAWA"
8597,2,review-district-mismatch,22296,CON-RES-1982-484,3,"ALHAJI SALISU ALASAN"
8703,2,review-district-mismatch,32816,CON-COM-2005-55,3,"ALHAJI SANUSI YAU"
8703,2,review-district-mismatch,22402,RES-1992-6424,2,"ALHAJI ISA"
11315,2,review-district-mismatch,25019,CON-RES-1983-582,3,"DAUDA IBRAHIM"
11315,2,review-district-mismatch,26007,CON-RES-1982-1548,3,"ALHAJI USAMATU MAHMUD"
37600,2,legitimate-optot,178722,RES-1991-7016,1,"MURTALA S MUHAMMAD"
37600,2,legitimate-optot,178738,"KNML 1828",KANGIS,"MURTALA S MUHAMMAD"
25314,2,review-district-mismatch,47256,CON-RES-2002-243,3,"MUHAMMAD ISYAKU FAGGE"
25314,2,review-district-mismatch,117794,"KNML 4838",KANGIS,"OLAYIWOLA BABATUNDE"
150697,2,violation-linked,173971,CON-COM-2016-369,3,"GREAT ASPIRATION"
150697,2,violation-linked,173985,"MLKN 2440",KANGIS,"GREAT ASPIRATION"
17939,2,review-district-mismatch,31743,CON-COM-1984-175,3,"IBRAHIM B.B FAROUQ"
17939,2,review-district-mismatch,31037,CON-RES-RC-1982-164,3,"ALHAJI NASIRU AHALI"
17981,2,review-district-mismatch,19837,CON-RES-RC-1982-205,3,"DAVID AKANDE BOLANTA"
17981,2,review-district-mismatch,31785,CON-RES-1984-578,3,"ALHAJI SHU'AIBU GWAMNA"
8590,2,review-district-mismatch,32915,CON-COM-2003-28,3,"ALHAJI YUSUF ABDULLAHI"
8590,2,review-district-mismatch,22289,CON-RES-1982-496,3,"DONALD MORRISON EWORITSEMOGHA INE"
178445,2,violation-same-parcel,197126,RES-1992-4343,2,"BADAMASI MUSA TAHIR"
178445,2,violation-same-parcel,197140,KN3468,KANGIS,"BADAMASI MUSA TAHIR"
10344,2,review-district-mismatch,24046,CON-RES-1989-31,3,"ALHAJI IBRAHIM CIGARI"
10344,2,review-district-mismatch,25035,CON-COM-RC-1983-2,3,"AMANA PROPERTIES LTD"
11376,2,review-district-mismatch,25080,CON-AG-1984-30,3,"ALHAJI ZAKARI YA'U YAN AWAKI"
11376,2,review-district-mismatch,31084,CON-RES-1982-2,3,"MUSA TARA DA MUTUM"
12650,2,review-district-mismatch,26356,CON-RES-1983-387,3,"SARATU OLUREMI"
12650,2,review-district-mismatch,24186,CON-RES-1986-358,3,"ALHAJI BELLO SANI ALI"
60555,2,collision,174224,RES-2020-3949,2,"BINASMA'A BUSINESS ENTERPRISEWS"
60555,2,collision,174255,KN976,KANGIS,"BINASMA'A BUSINESS ENTERPRISEWS"
14629,2,review-district-mismatch,25005,CON-RES-1995-384,3,"OCEANIC BANK INTERNATIONAL LTD"
14629,2,review-district-mismatch,28417,RES-1992-7520,2,"LAWAL MOHAMMED"
7657,2,review-district-mismatch,21348,CON-AG-1989-106,3,"IDRIS S KAZAURE"
7657,2,review-district-mismatch,182534,KN3295,KANGIS,"BROS ANJATOR ENTERPRISES"
13081,2,legitimate-optot,26854,RES-1991-172,1,"SHEHU TALLE TARAUNI"
13081,2,legitimate-optot,35675,CON-RES-1987-47,3,"MR ISAAC C. UCHEIBE"
13508,2,legitimate-optot,27282,RES-1991-523,1,"MOHD M. TOM"
13508,2,legitimate-optot,33322,CON-RES-1988-630,3,"MR RAYMOND EKWUWMW"
13752,2,undecidable,27529,RES-1991-594,1,"ALH AMINU IDI KAWO"
13752,2,undecidable,36072,CON-RES-1990-302,3,"ALHAJI BELLO MUSA"
18428,2,review-district-mismatch,18946,CON-RES-RC-1982-716,3,"ALHAJI MUSA MAIKUSA"
18428,2,review-district-mismatch,32233,CON-RES-1987-841,3,"FREDRICK IYERE OMOAKA"
150115,2,violation-linked,173466,CON-COM-2023-417,3,"SHUAIBU GARBA"
150115,2,violation-linked,173474,KN4806,KANGIS,"SHUAIBU GARBA"
13819,2,violation-same-parcel,27596,RES-1991-675,1,"BASHIR ABDU"
13819,2,violation-same-parcel,33264,CON-RES-1990-80,3,"AMINU MOHAMMED ASHIRU"
16111,2,review-district-mismatch,35391,CON-RES-2009-301,3,"ALHAJI UMARU AHMED"
16111,2,review-district-mismatch,29910,CON-IND-1988-9,3,"MAISHINKUN BLOCK INDUSTRY"
180597,2,violation-same-parcel,198924,CON-RES-2020-80,3,"ABBA MAMMAN TOR HABIB"
180597,2,violation-same-parcel,198932,KN2852,KANGIS,"ABBA MAMMAN TOR HABIB"
3326,2,review-district-mismatch,16997,CON-AG-1988-97,3,"ALHAJI ABDULLAHI KARAMA"
3326,2,review-district-mismatch,147145,"MLKN 2889",KANGIS,"NANMAN NIGERIA OIL COMPANY"
156459,2,legitimate-optot,180844,RES-2023-1448,2,"TANIMU ADAMU"
156459,2,legitimate-optot,180853,KN4397,KANGIS,"TANIMU ADAMU"
13108,2,legitimate-optot,26881,RES-1991-201,1,"H. SABUWA INUWA"
13108,2,legitimate-optot,27005,CON-RES-1987-54,3,"ALHAJI UMARU MOHAMMED ZANGO"
8363,2,review-district-mismatch,32658,CON-COM-1997-14,3,"ALHAJI YAHAYA ISYAKU"
8363,2,review-district-mismatch,22062,CON-RES-2009-775,3,"MUHAMMADU SANI"
13805,2,undecidable,27582,RES-1991-661,1,"SHUAIBAU SULEIMAN"
13805,2,undecidable,17784,CON-RES-1990-477,3,"ALHAJI SANI DAHIRU"
37734,2,legitimate-optot,195118,RES-1991-739,1,"ALH ALTINE MUHD KAURA"
37734,2,legitimate-optot,195167,"KNML 1446",KANGIS,"ALTINE MOHAMMED KAURA"
16244,2,review-district-mismatch,30043,CON-RES-1990-96,3,"ALHAJI  ALKASSIM A HARUNA"
16244,2,review-district-mismatch,35340,CON-RES-2009-823,3,"ALHAJI MUNZALI MUHAMMED ZAKARI"
28441,2,legitimate-optot,188685,RES-1982-1729,1,"ALH SIRAJO TSOHO MUSA"
28441,2,legitimate-optot,188717,"KNML 2892",KANGIS,"ALH SIRAJO TSOHO MUSA"
11072,2,review-district-mismatch,24776,CON-RES-1985-651,3,"DAUDA YUSUF KOKI"
11072,2,review-district-mismatch,29659,CON-RES-1982-1026,3,"ALHAJI DANLAMI MAIKWANO"
15440,2,review-district-mismatch,29238,CON-RES-1984-239,3,"DR.INI JAMES UDO-EMAH"
15440,2,review-district-mismatch,34688,CON-RES-2004-313,3,"HIMMA RESOURCE ENTERPRISES"
8423,2,review-district-mismatch,32753,CON-COM-1998-84,3,"DAGASAU VENTURES LTD"
8423,2,review-district-mismatch,22123,CON-RES-2009-751,3,"RAKIYA .A. ABUBAKAR"
51813,2,legitimate-optot,194988,"KNML 5879",KANGIS,"DR MOHAMMED IDRIS YAHAYA"
51813,2,legitimate-optot,195095,RES-2008-4197,2,"DR MOHAMMED IDRIS YAHAYA"
17547,2,review-district-mismatch,31350,CON-RES-1995-560,3,"ALHAJI GARBA IBRAHIM"
17547,2,review-district-mismatch,187267,KN5206,KANGIS,"MURTALA ABDULLAHI JEGA"
8294,2,review-district-mismatch,21993,RES-1992-5804,2,"AYYUBA IBRAHIM ADAMU"
8294,2,review-district-mismatch,133810,"MLKN 1288",KANGIS,"MATRIX ENERGY"
178635,2,violation-linked,197276,CON-COM-2021-468,3,"GARZALI SANI ABDULLAH"
178635,2,violation-linked,197315,"MLKN 3502",KANGIS,"GARZALI SANI ABDULLAH"
156060,2,violation-linked,180390,RES-1983-1136,1,"ALHAJI ABDUMOHAMMED DANGADO"
156060,2,violation-linked,180407,"KNML 1479",KANGIS,"HAJIYA MARIYA SANUSI DANTATA"
16427,2,review-district-mismatch,186991,"KNML 2853",KANGIS,"MR GALLET STAPHANE"
16427,2,review-district-mismatch,30226,CON-RES-1993-15,3,"ALH AMINU ISYAKU"
18563,2,undecidable,25678,CON-RES-RC-1984-51,3,"ALHAJI MOHAMMADU SANI BAKO"
18563,2,undecidable,32368,CON-RES-1987-1230,3,"ALHAJI SANI INUWA ZANGO"
53962,2,legitimate-optot,194231,RES-2012-1498,2,"IBRAHIM ISYAKU"
53962,2,legitimate-optot,194245,"KNML 7641",KANGIS,"IBRAHIM ISYAKU"
13767,2,violation-same-parcel,35979,CON-RES-1990-346,3,"ALHAJI HALLIRU ABDULLAHI"
13767,2,violation-same-parcel,27544,RES-1991-611,1,"LARABA T.A. BABA"
11431,2,review-district-mismatch,25135,CON-RES-1982-1505,3,"AKINPELU AKINKUNMI"
11431,2,review-district-mismatch,34221,CON-RES-1982-278,3,"ALHAJI SABO DANTATA"
158037,2,violation-linked,182084,COM-2025-583,1,"MUFTAHU MUHAMMAD"
158037,2,violation-linked,182095,KN4174,KANGIS,"MUFTAHU MUHAMMAD"
47490,2,violation-same-parcel,181132,RES-2000-5018,2,"AMMARU KABIRU"
47490,2,violation-same-parcel,181134,"KNML 1962",KANGIS,"AMMARU KABIRU"
155272,2,review-district-mismatch,179621,RES-1986-1199,1,"ALHAJI HAMZA BELLO"
155272,2,review-district-mismatch,179635,"KNML 1845",KANGIS,"ALHAJI YAKUBU MOHAMMED NAKUDU"
167221,2,violation-same-parcel,194603,KN4602,KANGIS,"MURTALA ABDULLAHI JEGA"
167221,2,violation-same-parcel,189608,CON-RES-2023-7177,3,"FAIZU MUHAMMAD GALADIMA"
146500,2,violation-linked,169886,"MLKN 3183",KANGIS,"PRIME PLASTIC AND SACKS NIG LTD."
146500,2,violation-linked,169544,CON-IND-2018-14,3,"PRIME PLASTIC AND SACKS NIG LTD"
9552,2,review-district-mismatch,35077,CON-COM-2014-105,3,"ASHRAF ENERGY LIMITED"
9552,2,review-district-mismatch,23254,RES-1992-7106,2,"ABDULLAHI ALHASSAN"
11643,2,review-district-mismatch,25347,CON-RES-1985-120,3,"ALHAJI TIJJANI DALHATU"
11643,2,review-district-mismatch,23524,CON-RES-1982-609,3,"ALHAJI SALIHU AHMED"
18017,2,review-district-mismatch,31100,CON-RES-RC-1982-286,3,"ALHAJI MAGA NA ALHAJI AMDU"
18017,2,review-district-mismatch,31821,CON-RES-1984-598,3,"ALHAJI GAMBO MOHD INUWA"
13905,2,review-district-mismatch,36178,CON-RES-1991-420,3,"MUKTARI ALIYU"
13905,2,review-district-mismatch,27684,RES-1991-778,1,"SGT. IBRAHIM ALASAN T/WADA"
6249,2,violation-same-parcel,19930,RES-1982-953,1,"ZAKARI YA'U MOHAMMED"
6249,2,violation-same-parcel,179762,COM-RC-1982-510,1,"ALHASSAN DANTATA & SONS"
151574,2,review-district-mismatch,174762,CON-RES-2024-1469,3,"DR. SULAIMAN MUDI HAMZA"
151574,2,review-district-mismatch,174780,KN4569,KANGIS,"DR. SULAIMAN MUDI HAMZA"
118776,2,violation-linked,174976,CON-COM-2009-19,3,"HABIB HASSAN EL-YAKUB"
118776,2,violation-linked,175005,KN3042,KANGIS,"HABIB HASSAN EL-YAKUB"
14385,2,violation-same-parcel,28172,RES-1993-2141,2,"M UMARU MOHD"
14385,2,violation-same-parcel,17539,CON-RES-1994-296,3,"MALLAM GARBA AHMED"
26757,2,legitimate-optot,186476,RES-1981-117,1,"HAJIYA JAMILAH SALEH"
26757,2,legitimate-optot,186495,"KNML 1560",KANGIS,"JAMILA IFEYINWA SALEH"
25523,2,review-district-mismatch,39006,CON-RES-2008-109,3,"ALHAJI HARUNA AMMANI"
25523,2,review-district-mismatch,134902,"MLKN 1019",KANGIS,"SHEHU YAU SAAD"
150327,2,violation-linked,173653,CON-COM-2017-198,3,"PROF ALIYU SULAIMAN KANTUDU"
150327,2,violation-linked,173666,KN3495,KANGIS,"PROF ALIYU SULAIMAN KANTUDU"
52523,2,violation-same-parcel,179080,RES-2009-5402,2,"ISYAKU RABIU & SONS LIMITED"
52523,2,violation-same-parcel,179091,"KNML 1763",KANGIS,"ISYAKU RABIU & SONS LIMITED"
9592,2,review-district-mismatch,35047,CON-COM-2014-38,3,"SALISU GARBA & SONS LTD"
9592,2,review-district-mismatch,23294,RES-1992-7235,2,"AMINU AHMED ISA"
18545,2,review-district-mismatch,32350,CON-RES-1987-1090,3,"ALHAJI AHMED BABA"
18545,2,review-district-mismatch,19463,CON-RES-RC-1984-37,3,"ALHAJI IBRAHIM YARO MOHAMMED"
167784,2,collision,190002,RES-2011-3349,2,"SALISU SULAIMAN"
167784,2,collision,190007,"KNML 2480",KANGIS,"ENGR SALISU SULEIMAN"
13274,2,violation-same-parcel,30898,CON-RES-1987-942,3,"SUNNY NKEM MONYE"
13274,2,violation-same-parcel,27047,RES-1982-2244,1,"ALHAJI MUSA"
161695,2,violation-same-parcel,185104,RES-2022-1836,2,"DR ALI MUSTAPHA KURAYSH"
161695,2,violation-same-parcel,185189,KN1070,KANGIS,"DR ALI MUSTAPHA KURAYSH"
9416,2,review-district-mismatch,23117,CON-RES-1998-19,3,"ALH. ADO SALIHU"
9416,2,review-district-mismatch,130932,"MLKN 2264",KANGIS,"ALHAJI ADAMU SHU'AIBU"
58170,2,violation-same-parcel,185462,RES-2018-2899,2,"SENATOR BELLO HAYATU GWARZO"
58170,2,violation-same-parcel,185502,"KNGP 263",KANGIS,"SENATOR BELLO HAYATU GWARZO"
11002,2,review-district-mismatch,24706,CON-RES-1985-100,3,"ALHAJI YAKUBU IBRAHIM"
11002,2,review-district-mismatch,14463,CON-RES-1981-579,3,"ALHAJI AMADU ANAS"
65710,2,review-district-mismatch,193853,RES-RC-1982-167,1,"ALH MOHAMMED GALI UMAR"
65710,2,review-district-mismatch,193869,"KNML 525",KANGIS,"ALH MUHAMMAD GALI UMAR"
7292,2,review-district-mismatch,20979,RES-1992-3469,2,"MAHADI SALISU"
7292,2,review-district-mismatch,29920,CON-AG-1988-26,3,"ALH SADI IBRAHIM"
160938,2,violation-same-parcel,184395,SLTR-215651,SLTR,"NASIR BASHIR AHMAD"
160938,2,violation-same-parcel,184408,KN5333,KANGIS,"NASIR BASHIR AHMAD"
149925,2,review-district-mismatch,173252,CON-COM-2023-615,3,"FIDELIS EBAREKPEN"
149925,2,review-district-mismatch,173253,KN3737,KANGIS,"FIDELIS EBAREKPEN"
41787,2,violation-same-parcel,181805,RES-1993-4212,2,"RABIU HASSAN IBRAHIM"
41787,2,violation-same-parcel,181811,"KNML 1988",KANGIS,"RABIU HASSAN IBRAHIM"
178766,2,violation-linked,197393,CON-COM-2021-310,3,"NASIR ABUBAKAR"
178766,2,violation-linked,197398,"MLKN 4354",KANGIS,"NASIR ABUBAKAR"
179833,2,violation-linked,198295,CON-RES-2011-202,3,"NU'UMAN BARAU DANBATTA"
179833,2,violation-linked,198312,"KNML 7067",KANGIS,"NU'UMAN BARAU DANBATTA"
18453,2,review-district-mismatch,32258,CON-RES-1987-628,3,"MR J.A. SAVAGE"
18453,2,review-district-mismatch,19259,CON-RES-RC-1982-76,3,"ALHAJI ALI BELLO"
18366,2,review-district-mismatch,32170,CON-RES-1987-603,3,"MRS MARIA ABEBI OLUTUSIN"
18366,2,review-district-mismatch,19783,CON-RES-RC-1982-649,3,"ALHAJI SHAZALI ALI"
8219,2,review-district-mismatch,21916,CON-RES-2009-643,3,"YAKUBU ABDULLAHI"
8219,2,review-district-mismatch,33169,CON-COM-1993-110,3,"ALH MOHAMMOUD DAN KANYE"
152588,2,legitimate-optot,175980,RES-2022-5485,2,"SANI RABI'U"
152588,2,legitimate-optot,175990,KN4487,KANGIS,"SANI RABI'U"
17504,2,collision,31307,CON-AG-1995-55,3,"YUNUSA SHUAIBU WAZIRI"
17504,2,collision,185227,KN5414,KANGIS,"MURTALA ABDULLAHI JEGA"
7495,2,review-district-mismatch,165632,KN968,KANGIS,"RABIU ABDULLAHI SABO"
7495,2,review-district-mismatch,21186,RES-1992-4237,2,"YUSIF LIMAN"
8704,2,review-district-mismatch,32814,CON-COM-2005-58,3,"DANLADI SANI YAU & OTHERS"
8704,2,review-district-mismatch,22403,RES-1992-6425,2,"ALHAJI ISA"
152531,2,violation-same-parcel,175909,COM-2002-377,1,"SHARU AUWALU BALA"
152531,2,violation-same-parcel,175917,"MLKN 4295",KANGIS,"SHARU AUWALU BALA"
13613,2,violation-same-parcel,27387,RES-1990-2156,1,"MURTALA MOHD ABUBAKAR"
13613,2,violation-same-parcel,26122,CON-RES-1989-378,3,"MR. HILARY OJUKWU"
12054,2,review-district-mismatch,185585,CON-RES-1983-652,3,"ALHAHI MUHAMMAD KALOMA ALI"
12054,2,review-district-mismatch,25759,CON-RES-1983-821,3,"ALHAJI AMADU NA ALHAJI AUDU DANBATTA"
154920,2,violation-same-parcel,179267,COM-2025-65,1,"MUSA HARUNA TAHIR"
154920,2,violation-same-parcel,179286,KN4120,KANGIS,"MUSA HARUNA TAHIR"
36538,2,violation-same-parcel,26948,RES-1991-284,1,"ALH. GAMBO BALA"
36538,2,violation-same-parcel,157152,"KNML 1031",KANGIS,"IBRAHIM DALHA HODI"
40625,2,violation-same-parcel,172838,RES-1992-7060,2,"SALMANU ISYAKU KIRU"
40625,2,violation-same-parcel,172845,"KNML 4548",KANGIS,"SALMANU ISYAKU KIRU"
18084,2,review-district-mismatch,32424,CON-RES-RC-1982-356,3,"ALHAJI GARBA NAMATAN BICHI & SON LTD"
18084,2,review-district-mismatch,31888,CON-RES-1984-646,3,"CHIEF ALHAJI MRS. OSA EREDIAUWA"
18064,2,review-district-mismatch,31868,CON-RES-1984-38,3,"A.J. MOSES MOHAMMED MAIFATA"
18064,2,review-district-mismatch,19807,CON-RES-RC-1982-334,3,"ALHAJI BASHARI MOHAMMAD YOLA"
166846,2,violation-same-parcel,189324,CON-RES-2023-7251,3,"FAIZU MUHAMMAD GALADIMA"
166846,2,violation-same-parcel,189335,KN5235,KANGIS,"MURTALA ABDULLAHI JEGA"
18110,2,review-district-mismatch,31914,CON-RES-1985-300,3,"HAJIYA UWANI JIBRIN"
18110,2,review-district-mismatch,26975,CON-RES-RC-1982-386,3,"ALHAJI AMINU ABDULLAHI"
175295,2,violation-same-parcel,194783,RES-2016-3944,2,"ABDUL AHMED"
175295,2,violation-same-parcel,194797,"KNML 5271",KANGIS,"IBRAHIM JIBRIL WUDIL"
13538,2,undecidable,29764,CON-RES-1989-114,3,"ALHAJI YAU MAIGIDA"
13538,2,undecidable,27312,RES-1991-557,1,"ALHAJI MUHAMMADU FARAWA"
177497,2,violation-linked,196487,CON-AG-1983-278,3,"NU'UMAN BARAU DANBATTA"
177497,2,violation-linked,196510,"MLKN 2609",KANGIS,"NU'UMAN BARAU DANBATTA"
133601,2,violation-same-parcel,180970,RES-2007-1391,2,"ALH. GARBA NAKAFI"
133601,2,violation-same-parcel,155352,"KNML 1308",KANGIS,"DALHATU MAGAJI"
8230,2,review-district-mismatch,21927,CON-RES-2009-94,3,"ALHAJI TIJJANI AHMED"
8230,2,review-district-mismatch,33178,CON-COM-1993-19,3,"A ISMAILA UMAR USMAN"
10906,2,review-district-mismatch,24610,CON-RES-1987-911,3,"MOHAMMED SANI AHMED"
10906,2,review-district-mismatch,19116,CON-RES-1981-381,3,"ALHAJI SHEHU USMAN KAFINTA"
153968,2,review-district-mismatch,178310,CON-RES-2023-7209,3,"FAIZU MUHAMMAD GALADIMA"
153968,2,review-district-mismatch,189268,KN5229,KANGIS,"MURTALA ABDULLAHI JEGA"
11926,2,review-district-mismatch,25631,CON-RES-1984-164,3,"MR. MATHEW OMOBHUDE"
11926,2,review-district-mismatch,25261,CON-RES-1983-297,3,"MOHAMMED  YUSUFU MAITAMA"
164410,2,legitimate-optot,187279,RES-2014-413,2,"YAHAYA IDRIS"
164410,2,legitimate-optot,187281,"KNML 7780",KANGIS,"MAHBUB G. WAKILI"
14449,2,review-district-mismatch,28236,RES-1993-2490,2,"ALHAJI YAHAYA DALA"
14449,2,review-district-mismatch,31473,CON-RES-1994-371,3,"ALHAJI SABO LAWAN KABARA"
15801,2,legitimate-optot,47182,CON-RES-2007-31,3,"JOSEPH UBA"
15801,2,legitimate-optot,29600,CON-COM-RC-1988-4,3,"UNIPETROL NIGERIA LIMITED"
151031,2,review-district-mismatch,174383,KN4960,KANGIS,"SHEHU KHAMIS"
151031,2,review-district-mismatch,174279,RES-2023-733,2,"SHEHU KHAMIS"
13430,2,violation-same-parcel,24282,CON-RES-1988-425,3,"ALH. LILI GABARI"
13430,2,violation-same-parcel,27204,RES-1991-416,1,"BATULU ABDU"
14591,2,review-district-mismatch,31327,CON-RES-1995-263,3,"SULEIMAN IBRAHIM"
14591,2,review-district-mismatch,28378,RES-1992-7413,2,"ALHAJI GARBA HAMZA"
154087,2,violation-linked,178437,CON-RES-2012-219,3,"HAIDAR FAROUK ALIYU"
154087,2,violation-linked,178439,"KNML 1780",KANGIS,"HAIDAR FAROUK ALIYU"
112304,2,violation-same-parcel,172824,RES-2025-643,2,"SARKI ABDULLAHI IBRAHIM"
112304,2,violation-same-parcel,172833,KN4895,KANGIS,"SARKI ABDULLAHI IBRAHIM"
19402,2,review-district-mismatch,33207,CON-COM-1994-77,3,"ALH SABO DAMBATTA"
19402,2,review-district-mismatch,145779,"MLKN 1938",KANGIS,"TRIUMPH (NIGERIA) LTD"
49881,2,violation-same-parcel,183212,RES-2003-2279,2,"USMAN UBA MUSA"
49881,2,violation-same-parcel,183251,"KNML 5828",KANGIS,"USMAN UBA MUSA"
175912,2,violation-linked,195164,COM-2025-1,1,"ABUBAKAR SAIDU SUFI"
175912,2,violation-linked,195166,KN2715,KANGIS,"ABUBAKAR SAIDU SUFI"
10233,2,review-district-mismatch,23935,CON-RES-1989-422,3,"ALHAJI NA ALLAH MOHAMMED"
10233,2,review-district-mismatch,133857,"MLKN 1319",KANGIS,"ALH IBRAHIM HARUNA YAKASAI"
12812,2,violation-same-parcel,26584,RES-1982-2361,1,"MALLAM MIKO AHMADU"
12812,2,violation-same-parcel,32304,CON-RES-1987-1202,3,"MALLAM SABO DAUDA DAKATA"
137841,2,violation-same-parcel,181489,RES-2010-4123,2,"USMAN ABUBAKAR"
137841,2,violation-same-parcel,159239,"KNML 1267",KANGIS,"TAJUDDEEN BASHIR BABA"
39840,2,legitimate-optot,190229,RES-1992-4868,2,"AMINU SABO ABUBAKAR"
39840,2,legitimate-optot,190245,"KNML 2468",KANGIS,"AMINU SABO ABUBAKAR"
8383,2,review-district-mismatch,32706,CON-COM-1997-55,3,"MUHAMMAD SANI USMAN"
8383,2,review-district-mismatch,22082,CON-RES-2009-72,3,"ALH. ABUBAKAR DANLADI WADA"
17985,2,review-district-mismatch,31789,CON-RES-1984-170,3,"ALHAJI MUSA UMARU"
17985,2,review-district-mismatch,32421,CON-RES-RC-1982-209,3,"ALH. ADAMU ABDULKADIR"
14749,2,legitimate-optot,28538,RES-1993-1177,2,"SHA'AIBU ALHAJI"
14749,2,legitimate-optot,21365,CON-RES-1996-337,3,"BABA USMAN TOFA"
127999,2,violation-linked,169367,CON-IND-2022-61,3,"ILERA MILLS LTD."
127999,2,violation-linked,169462,"MLKN 4481",KANGIS,"ILERA MILLS LTD."
15539,2,review-district-mismatch,34830,CON-RES-2005-184,3,"AHMAD AHMAD"
15539,2,review-district-mismatch,29337,CON-RES-1985-258,3,"HAJIYA FATIMA GARBA"
12183,2,review-district-mismatch,25051,CON-RES-1984-252,3,"ALHAJI NASIDI BARNAU ABDULLAHI"
12183,2,review-district-mismatch,25888,CON-RES-1988-468,3,"ALHAJI LAWAN IDRIS KAZAURE"
51590,2,legitimate-optot,190155,RES-2008-1574,2,"IBRAHIM USMAN AUYO"
51590,2,legitimate-optot,190169,"KNML 248",KANGIS,"IBRAHIM USMAN AUYO"
15382,2,review-district-mismatch,29180,RES-1993-3596,2,"ADO IBRAHIM GAMBO JAEN"
15382,2,review-district-mismatch,31597,CON-RES-2004-107,3,"BALARABE YARO"
8737,2,collision,193511,CON-COM-2009-390,3,"AZMAN OIL & GAS LIMITED"
8737,2,collision,193519,CON-COM-2009-389,3,"AZMAN OIL & GAS LIMITED"
15507,2,review-district-mismatch,29305,CON-RES-1985-618,3,"VINCENT C. OKEKE"
15507,2,review-district-mismatch,34675,CON-RES-2004-90,3,"ABDULLAHI DAN IYA GARBA DAKATA"
3665,2,violation-same-parcel,174987,,1,"ALH. MUKHTAR ABUBAKAR"
3665,2,violation-same-parcel,175001,KN5069,KANGIS,"ALH. MUKHTAR ABUBAKAR"
177485,2,legitimate-optot,196472,RES-2020-3842,2,"ALHAJI SADI IBRAHIM K/WAIKA"
177485,2,legitimate-optot,196497,"KNML 9683",KANGIS,"ALHAJI SADI IBRAHIM K/WAIKA"
56271,2,violation-same-parcel,174878,RES-2015-918,2,"MUHAMMED HASSAN YAKASAI"
56271,2,violation-same-parcel,174893,KN3894,KANGIS,"MUHAMMED HASSAN YAKASAI"
14405,2,review-district-mismatch,28192,RES-1993-2269,2,"IDRIS IBRAHIM"
14405,2,review-district-mismatch,31428,CON-RES-1994-326,3,"ALHAJI SABO LAWAN KABARA"
13047,2,review-district-mismatch,34396,CON-RES-1987-390,3,"MR OKWUCHUNKU GAIUS EBOH"
13047,2,review-district-mismatch,26819,RES-1991-138,1,"ALH. MUHAMMAD NA GARBA"
6302,2,violation-same-parcel,184828,COM-RC-1982-69,1,"ALH AHMED, HINDE, BINTA, GWAGGO & HAFSATU RINGIM"
6302,2,violation-same-parcel,19983,RES-1992-2915,2,"HAJIYA SALAMATU BELLO"
13706,2,violation-same-parcel,27483,RES-1990-4089,1,"YAWALE MUSA"
13706,2,violation-same-parcel,35723,CON-RES-1990-132,3,"ALH MUHAMMAD NA ALH ADAMU & 2 OTHERS"
37718,2,legitimate-optot,194882,RES-1991-7336,1,"HAMZA UMAR KULO"
37718,2,legitimate-optot,194930,KN1614,KANGIS,"HAMZA UMAR KULO"
65271,2,legitimate-optot,186548,RES-RC-1982-1247,1,"ALH AUWALU SHAREEF BALA"
65271,2,legitimate-optot,186579,"KNML 266",KANGIS,"ALH AUWALU SHAREEF BALA"
8691,2,legitimate-optot,22390,RES-1992-6398,2,"ALHAJI YUSUF MUHD"
8691,2,legitimate-optot,32844,CON-COM-2005-28,3,"ALHAJI BATURE AHMED GAWUNA"
12434,2,review-district-mismatch,26140,CON-RES-1989-476,3,"ALHAJI MAITAMA YUSUF"
12434,2,review-district-mismatch,29275,CON-RES-1985-384,3,"SADISU BUHARI INTERNATIONAL NGERIA LIMITED"
151921,2,violation-linked,175170,CON-COM-2023-495,3,"ADAMU LABARAN USMAN"
151921,2,violation-linked,175171,KN5461,KANGIS,"ADAMU LABARAN USMAN"
13580,2,review-district-mismatch,26162,CON-RES-1989-225,3,"UMARU ABDULLAHI BICHI"
13580,2,review-district-mismatch,27354,RES-1990-2532,1,"ALH BABA MOHD"
18452,2,review-district-mismatch,32257,CON-RES-1987-626,3,"ALPHANSUS A. DURU"
18452,2,review-district-mismatch,19246,CON-RES-RC-1982-75,3,"ALHAJI UBA ADAMU"
65049,2,violation-same-parcel,169943,RES-RC-1982-1032,1,"ALH AUWALU ILU"
65049,2,violation-same-parcel,171182,"KNML 3743",KANGIS,"ALH AUWALU ILU AHMED"
13270,2,undecidable,24580,CON-RES-1987-926,3,"ALHAJI LAWAN ABUBAKAR"
13270,2,undecidable,27043,RES-1982-2237,1,"ALHAJI KABIRU ABUBAKAR SALGA"
8613,2,legitimate-optot,32970,CON-COM-2003-73,3,"ALHAJI SANI YAU"
8613,2,legitimate-optot,22312,CON-RES-1982-460,3,"ALHAJI AMINU YAKASAI"
7787,2,legitimate-optot,21478,CON-RES-RC-1982-455,3,"ALHAJI IBRAHIM UMAR"
7787,2,legitimate-optot,15253,CON-COM-1982-257,3,"FELIX AKINBOBOYE"
162585,2,violation-linked,185806,COM-2018-274,1,"SHARADA FEDERAL HOUSING ESTATE RESIDENTS ASSOCIATION"
162585,2,violation-linked,185812,"MLKN 2102",KANGIS,"SHARADA FEDERAL HOUSING ESTATE RESIDENTS ASSOCIATION"
150351,2,violation-linked,173677,CON-COM-2023-512,3,"NASLINA VENTURE AND SERVICES LTD"
150351,2,violation-linked,173678,KN3228,KANGIS,"NASLINA VENTURE AND SERVICES LTD"
12606,2,review-district-mismatch,24862,CON-RES-1986-246,3,"HAJIYA NI'IMA A SALEH"
12606,2,review-district-mismatch,26312,CON-RES-1986-403,3,"ILIYA ABDULLAHI"
6849,2,legitimate-optot,32549,CON-AG-1981-50,3,"ALHAJI LAWAN MUSA"
6849,2,legitimate-optot,20533,RES-1982-1711,1,"UMARU IBRAHIM"
7127,2,review-district-mismatch,20814,RES-1992-3434,2,"SAFIYANU USMAN HARBAU"
7127,2,review-district-mismatch,16980,CON-AG-1983-95,3,"ALHAJI HAMZA HASSAN"
18021,2,review-district-mismatch,19512,CON-RES-RC-1982-292,3,"H. UMMA MUSA M/KUSA"
18021,2,review-district-mismatch,31825,CON-RES-1984-562,3,"MOHAMMED SULAIMAN"
115491,2,review-district-mismatch,134698,"MLKN 1031",KANGIS,"BASHIR MOHAMMED SHARRIF"
115491,2,review-district-mismatch,15614,CON-COM-2015-179,3,"BASHIR MOHAMMED SHARRIF"
157977,2,collision,182027,COM-2006-52,1,"ALHAJI AHMADU UBA GWALE"
157977,2,collision,182038,"MLKN 731",KANGIS,"ALHAJI AHMADU UBA GWALE"
27204,2,violation-linked,177353,RES-1981-19,1,"AMIR S INT NIG LTD"
27204,2,violation-linked,177373,"KNML 9439",KANGIS,"AMIRS INTERNATIONAL NIG LTD"
11516,2,review-district-mismatch,25220,CON-AG-1984-145,3,"ALHAJI LAWAN HABIBU"
11516,2,review-district-mismatch,32054,CON-RES-1982-42,3,"ALHAJI SHARU SANI BAKO"
12564,2,review-district-mismatch,26270,CON-RES-1986-76,3,"AMUSA ODUOLA TIAMIYU"
12564,2,review-district-mismatch,26307,CON-RES-1986-132,3,"ALHAJI MUDI GUDA KARAYE"
106556,2,legitimate-optot,175530,RES-2016-4426,2,"NAZIRU BASHIR"
106556,2,legitimate-optot,175539,KN3147,KANGIS,"NAZIRU BASHIR"
13058,2,review-district-mismatch,26831,RES-1991-147,1,"AMINU HABIB BASHIR"
13058,2,review-district-mismatch,30899,CON-RES-1987-411,3,"MR ANTHONY M. IGALA"
12043,2,review-district-mismatch,35231,CON-RES-1983-618,3,"ALHAJI IDRIS MOHD"
12043,2,review-district-mismatch,25748,CON-RES-1989-197,3,"ABDU NA MARI"
152009,2,violation-same-parcel,175262,RES-1983-1064,1,"KOLO AUDU"
152009,2,violation-same-parcel,175287,KN4587,KANGIS,"KOLO AUDU"
171616,2,violation-linked,192135,CON-AG-2017-52,3,"PROF ISAH HASHIM"
171616,2,violation-linked,192141,"MLKN 2776",KANGIS,"PROF ISAH HASHIM"
156468,2,review-district-mismatch,183383,SLTR-209043,,"MUHAMMAD HASSAN ABAKAR"
156468,2,review-district-mismatch,183387,KN5502,KANGIS,"MUHAMMAD HASSAN ABAKAR"
45539,2,violation-linked,171349,RES-1997-594,2,"FATIMA HABU MUHD, KHADIJA HABU MUHD & MARYAM HABU MUHD"
45539,2,violation-linked,171352,KN4765,KANGIS,"FATIMA HABU MUHD, KHADIJA HABU MUHD & MARYAM HABU MUHD"
12884,2,review-district-mismatch,25411,CON-RES-1987-1403,3,"MR RAPHEAL .I. NKANNEBE"
12884,2,review-district-mismatch,26656,RES-1982-2170,1,"ALHAJI MUSA ABDULLAHI"
37187,2,review-district-mismatch,169480,RES-1991-4530,1,"MUSTAPHA SHEHU BABA"
37187,2,review-district-mismatch,169515,KN4272,KANGIS,"MUSTAPHA SHEHU BABA"
12997,2,review-district-mismatch,26769,RES-1991-71,1,"AMINU DANLAMI MAITAYA"
12997,2,review-district-mismatch,22952,CON-RES-1987-287,3,"MALLAM MUHAAMMADU HAFIZU"
13681,2,review-district-mismatch,27457,RES-1990-1988,1,"ALHAJI ABDULHAMID ADAMU"
13681,2,review-district-mismatch,29790,CON-RES-1989-587,3,"MR. AUGUSTINE C. IBE"
175441,2,violation-same-parcel,194888,RES-1985-2197,1,"AISHA MUHAMMAD SURAIYA"
175441,2,violation-same-parcel,194894,KN3031,KANGIS,"AISHA MUHAMMAD SURAIYA"
173604,2,violation-same-parcel,193640,RES-1993-2734,2,"HAJIYA MARIYA SUNUSI DAN TATA"
173604,2,violation-same-parcel,193668,"KNML 1407",KANGIS,"HAJIYA MARIYA SUNUSI DANTATA"
13364,2,undecidable,34611,CON-RES-1988-251,3,"ALHAJI MUHAMMED HASSAN"
13364,2,undecidable,27138,RES-1991-328,1,"TUKUR JAZULI GAYA"
58947,2,violation-same-parcel,194398,RES-2019-1090,2,"IBRAHIM ISYAKU NA'ABBA"
58947,2,violation-same-parcel,194413,"KNML 6548",KANGIS,"IBRAHIM ISYAKU NA'ABBA"
12028,2,review-district-mismatch,25733,CON-COM-1995-114,3,"WALI ADO RANO"
12028,2,review-district-mismatch,25286,CON-RES-1983-575,3,"HAJIYA AISHATU IBRAHIM"
13310,2,undecidable,33336,CON-RES-1988-120,3,"ALH UMARU YUSUFU GETSO ZANOGO"
13310,2,undecidable,27083,RES-1982-2289,1,"UMARU ADAMU"
18436,2,review-district-mismatch,32241,CON-RES-1987-1323,3,"ALHAJI NURAH ALI"
18436,2,review-district-mismatch,16780,CON-RES-RC-1982-726,3,"ALHAJI YAHAYA MOHAMMED"
46643,2,violation-same-parcel,176086,RES-2000-1830,2,"LAWAN KOGUNA"
46643,2,violation-same-parcel,176091,"KNML 1895",KANGIS,"MOHAMMED HASSAN KOGUNA"
17915,2,review-district-mismatch,20357,CON-RES-RC-1982-141,3,"ALHAJI AMINU SANI INDABAWA"
17915,2,review-district-mismatch,31719,CON-IND-1984-23,3,"ALHAJI UMARU GAGARE"
101292,2,violation-same-parcel,169542,CON-IND-2023-12,3,"ROBUST INTERNATIONAL COMMODITIES"
101292,2,violation-same-parcel,169548,"MLKN 3892",KANGIS,"ROBUST INTERNATIONAL COMMODITIES"
16615,2,review-district-mismatch,30415,CON-AG-1985-123,3,"ALHAJI INUWA ALI CHEDIYAR KUDA"
16615,2,review-district-mismatch,130147,"KNML 7129",KANGIS,"ABUBAKAR SADDEEQ GWADABE"
8446,2,review-district-mismatch,22146,CON-RES-2009-624,3,"TASIU UMAR GANO"
8446,2,review-district-mismatch,30271,CON-COM-1999-7,3,"KWIWA PETROLEUM CO.LTD"
18058,2,review-district-mismatch,25671,CON-RES-RC-1982-329,3,"BASHIR MUHAMMAD YOLA"
18058,2,review-district-mismatch,31862,CON-RES-1984-13,3,"ALHAJI SALE HUSAINI"
43548,2,review-district-mismatch,181015,RES-1995-2044,2,"ALI ADAMU TARFA"
43548,2,review-district-mismatch,181035,"KNML 1954",KANGIS,"ALI ADAMU TARFA"
15997,2,review-district-mismatch,29796,CON-RES-1989-594,3,"MUSA HABUBAKAR"
15997,2,review-district-mismatch,47414,CON-RES-2008-61,3,"MARIYA AMINU DUTSE"
157750,2,violation-same-parcel,181874,RES-1991-891,1,"HASSAN MUHAMMAD"
157750,2,violation-same-parcel,181889,"KNML 1706",KANGIS,"HASSAN MUHAMMAD"
7954,2,review-district-mismatch,21647,RES-1992-4787,2,"SAMAILA ALKALI"
7954,2,review-district-mismatch,29575,CON-COM-1984-74,3,"A. MA'ARUF YAKUBU"
10042,2,review-district-mismatch,175444,CON-COM-2022-495,3,"MRS EBELE KATE DILINYELINE"
10042,2,review-district-mismatch,171619,KN4694,KANGIS,"MRS EBELE KATE DILINYELIBE"
13445,2,undecidable,27219,RES-1991-435,1,"A . BALA MUSA"
13445,2,undecidable,35794,CON-RES-1988-448,3,"ALH ABDULLAHI JIBRIN"
13403,2,undecidable,26179,CON-RES-1988-352,3,"SULE MUSA DAN HASSAN"
13403,2,undecidable,27177,RES-1991-388,1,"MUHAMMAD A. TANKO"
11102,2,review-district-mismatch,24806,CON-RES-1986-119,3,"ALH YAHAYA GUMEL"
11102,2,review-district-mismatch,25008,CON-RES-1982-1097,3,"ALHAJI GAMBO AHMED DANKAWU"
153826,2,violation-same-parcel,190445,KN5231,KANGIS,"MURTALA ABDULLAHI JEGA"
153826,2,violation-same-parcel,178151,CON-RES-2023-7271,3,"FAIZU MUHAMMAD GALADIMA"
7945,2,review-district-mismatch,21638,RES-1992-4764,2,"DAHIRU ABDU"
7945,2,review-district-mismatch,29560,CON-COM-1984-45,3,"ALHAJI ALI BASHIR"
65334,2,violation-same-parcel,178457,RES-RC-1982-1304,1,"COMBINED SERVICES CO NIG LTD"
65334,2,violation-same-parcel,178469,"KNML 1775",KANGIS,"ISYAKA RABIU"
12933,2,review-district-mismatch,33849,CON-RES-1987-170,3,"ALHAJI ABDULRAUF TUKUR"
12933,2,review-district-mismatch,26705,RES-1982-298,1,"M/S COMBINED SERVICES COMPANY (NIG) LIMITED"
63743,2,legitimate-optot,172464,RES-2025-3839,2,"SALIHU BADAMASI ABDULLAHI"
63743,2,legitimate-optot,172472,KN4831,KANGIS,"SALIHU BADAMASI ABDULLAHI"
58904,2,violation-same-parcel,171367,RES-2018-969,2,"ALH. ALIYU MUSTAPHA IDRIS"
58904,2,violation-same-parcel,171370,KN2854,KANGIS,"ALH. ALIYU MUSTAPHA IDRIS"
154051,2,violation-same-parcel,187231,KN4556,KANGIS,"MURTALA ABDULLAHI JEGA"
154051,2,violation-same-parcel,178396,CON-RES-2023-7233,3,"FAIZU MUHAMMAD GALADIMA"
176276,2,violation-linked,195424,CON-COM-2024-667,3,"A Y ROMO NIGERIA LIMITED"
176276,2,violation-linked,195425,KN3586,KANGIS,"A Y ROMO NIGERIA LIMITED"
14769,2,legitimate-optot,28559,RES-1993-1278,2,"AHMAD SULAIMAN WALI"
14769,2,legitimate-optot,36917,CON-RES-1996-78,3,"ALHAJI UMAR MUSA"
153429,2,review-district-mismatch,181677,KN4823,KANGIS,"MURTALA ABDULLAHI JEGA"
153429,2,review-district-mismatch,177745,CON-RES-2023-7333,3,"FAIZU MUHAMMAD GALADIMA"
46518,2,violation-same-parcel,185535,RES-2000-1541,2,"ENGR. SALISU SULEIMAN AHMED"
46518,2,violation-same-parcel,185564,"KNML 293",KANGIS,"ENGR. SALISU SULEIMAN AHMED"
55851,2,violation-same-parcel,195029,RES-2015-5933,2,"BASHIR ADAMU ALIYU"
55851,2,violation-same-parcel,195042,"KNML 9420",,"BASHIR ADAMU ALIYU"
32603,2,legitimate-optot,178774,RES-1987-417,1,"BELKASSIM MOHAMMED"
32603,2,legitimate-optot,178775,"KNML 1770",KANGIS,"BELKASSIM MOHAMMED"
12776,2,review-district-mismatch,24534,CON-RES-1987-1117,3,"IBRAHIM ABUBAKAR MOHAMMED"
12776,2,review-district-mismatch,26548,RES-1982-2305,1,"MUHAMMAD ISMAILA"
14489,2,undecidable,28276,RES-1994-1926,2,"BALARABE ABDULLAHI"
14489,2,undecidable,17513,CON-RES-1994-54,3,"ALHAJI SULE UMAR BICHI"
7266,2,review-district-mismatch,21355,CON-AG-1987-54,3,"IBRAHIM ISMA'IL"
7266,2,review-district-mismatch,20953,CON-RES-1994-751,3,"ALHAJI MUHAMMAD GHALI NASIDI"
8025,2,review-district-mismatch,19211,CON-COM-1986-72,3,"ALHAJI UMAR ABDULKADIR"
8025,2,review-district-mismatch,21719,CON-RES-1982-78,3,"ALHAJI ABDULWAHAB ABDULLAHI KAZAURE"
65314,2,violation-same-parcel,169166,RES-RC-1982-1287,1,"MR FRANK NWOSU CHUKWUNEMELU"
65314,2,violation-same-parcel,169244,"KNML 7277",KANGIS,"MR FRANK NWOSU CHUKWUNEMELU"
18150,2,review-district-mismatch,31954,CON-RES-1982-537,3,"ADO INDABO ABDULLAHI"
18150,2,review-district-mismatch,19773,CON-RES-RC-1982-423,3,"ALHAJI SADISU BUHARI"
12447,2,review-district-mismatch,26153,CON-RES-1989-605,3,"ALHAJI USMAN MOHAMMAD"
12447,2,review-district-mismatch,30766,CON-RES-1985-430,3,"ALHAJI GARBA SANI"
56382,2,legitimate-optot,175010,RES-2016-1455,2,"MARWAN ABDULKADIR HUSSAIN IBRAHIM"
56382,2,legitimate-optot,175033,KN3332,KANGIS,"M MUSA ABUBAKAR"
106633,2,violation-linked,175107,CON-COM-2023-160,3,"RUSBI AGRO CHEMICAL & ALLIED"
106633,2,violation-linked,175119,KN3170,KANGIS,"RUSBI AGRO CHEMICAL & ALLIED"
18522,2,review-district-mismatch,32327,CON-RES-1987-1394,3,"MOHD AUWALU MOHD"
18522,2,review-district-mismatch,20396,CON-RES-RC-1984-11,3,"ALHAJI MUSA MAIKUSA"
12660,2,review-district-mismatch,31669,CON-RES-1986-381,3,"ALHAJI SANI BUHARI"
12660,2,review-district-mismatch,26366,CON-RES-1982-228,3,"ALHAJI INUSA SHA'AIBU"
7792,2,legitimate-optot,21483,CON-RES-RC-1982-87,3,"ALHAJI SANI ALHASSAN"
7792,2,legitimate-optot,15849,CON-COM-1982-267,3,"ALHAJI ALI BALARABE ABDULRAZAK"
17500,2,review-district-mismatch,185346,KN5367,KANGIS,"MURTALA ABDULLAHI JEGA"
17500,2,review-district-mismatch,31303,CON-AG-1995-33,3,"ALHAJI NASIRU MUDI IBRAHIM"
12370,2,review-district-mismatch,26075,CON-RES-1982-558,3,"ALHAJI SHARU GAMBO SALIHU"
12370,2,review-district-mismatch,30459,CON-RES-1985-200,3,"MAIGARI MOHAMMED"
15433,2,review-district-mismatch,34727,CON-RES-2004-300,3,"ALHAJI JINJIRI IBRAHIM BEBEJI"
15433,2,review-district-mismatch,29231,CON-RES-1984-229,3,"ALHAJI ALIYU ABUBAKAR"
146282,2,legitimate-optot,169325,RES-2020-2393,2,"DR  JIBRILLA MUHAMMAD"
146282,2,legitimate-optot,169327,KN4760,KANGIS,"DR  JIBRILLA MUHAMMAD"
18487,2,review-district-mismatch,32292,CON-RES-1987-438,3,"BASHIR LAWAN KURAWA"
18487,2,review-district-mismatch,21515,CON-RES-RC-1983-14,3,"ALHAJI SHARIF ADAMU"
7750,2,review-district-mismatch,21441,RES-1992-4509,2,"MUSTAPHA MAILAFIA"
7750,2,review-district-mismatch,15905,CON-COM-1982-175,3,"ALHAJI ALI ALHASSAN"
7966,2,review-district-mismatch,15325,CON-COM-1985-112,3,"UMAR GARBA"
7966,2,review-district-mismatch,21660,RES-1992-4700,2,"ALHAJI MUSA FASHIR"
51139,2,violation-same-parcel,198045,RES-2006-440,2,"MUJTABA IBRAHIM ABUBAKAR"
51139,2,violation-same-parcel,198075,"KNML 8311",KANGIS,"MUJTABA IBRAHIM ABUBAKAR"
43957,2,violation-same-parcel,182724,RES-1995-2823,2,"SALAMATU SABO BAKIN ZUWO"
43957,2,violation-same-parcel,182725,"KNML 1935",KANGIS,"SALAMATU SABO BAKIN ZUWO"
10805,2,review-district-mismatch,24509,CON-RES-1987-1190,3,"NASIRU ALHAJI SHEHU"
10805,2,review-district-mismatch,14216,CON-RES-1981-224,3,"ALHAJI SALE DANBABA"
49053,2,violation-same-parcel,192057,RES-2002-3628,2,"AHMAD TIJJANI USMAN"
49053,2,violation-same-parcel,192065,"KNML 7869",KANGIS,"AHMAD TIJJANI USMAN"
13700,2,violation-same-parcel,27477,RES-1990-4082,1,"GARBA IBRAHIM"
13700,2,violation-same-parcel,17793,CON-RES-1990-109,3,"DALHA SALIHU"
11146,2,review-district-mismatch,24850,CON-RES-1986-234,3,"ALH AMINU ISA"
11146,2,review-district-mismatch,29615,CON-RES-1982-119,3,"BELLO AHMED ABUBAKAR"
18131,2,review-district-mismatch,31935,CON-RES-1982-823,3,"HAJIYA BINTA MADOBI"
18131,2,review-district-mismatch,18692,CON-RES-RC-1982-405,3,"ALHAJI UBA MOHAMMADU"
65764,2,review-district-mismatch,192071,RES-2008-506,2,"MR. HASSAN JAFAR"
65764,2,review-district-mismatch,147187,"MLKN 2509",KANGIS,"VENAANCE INTERNATIONAL LIMITED"
17786,2,review-district-mismatch,31590,CON-RES-2004-137,3,"ALHAJI AUWALU ISAH"
17786,2,review-district-mismatch,25785,CON-RES-RC-1981-26,3,"ALHAJI YUSUFU UMAR"
150483,2,violation-linked,173784,CON-RES-2006-177,3,"MR FRANCIS EKEKA"
150483,2,violation-linked,173785,KN3848,KANGIS,"MR FRANCIS EKEKA"
13807,2,undecidable,27584,RES-1991-663,1,"ALH ABDULLAHI ALIYU"
13807,2,undecidable,36075,CON-RES-1990-48,3,"ALH. SHEHU USMAN DAKIN GARI"
11470,2,review-district-mismatch,33477,CON-RES-1982-355,3,"ALHAJI HALLURU JIBRIN"
11470,2,review-district-mismatch,25174,CON-RES-1982-767,3,"ALHAJI AMINU SANI"
18059,2,review-district-mismatch,31863,CON-RES-1984-12,3,"ALHAJI ALI MUSA"
18059,2,review-district-mismatch,21552,CON-RES-RC-1982-33,3,"ALHAJI UKASHATU ALI"
17585,2,review-district-mismatch,189283,KN4609,KANGIS,"MURTALA ABDULLAHI JEGA"
17585,2,review-district-mismatch,31388,CON-RES-1997-162,3,"ALHAJI HAMISU UMAR MAI UNGUWA"
11687,2,review-district-mismatch,25391,CON-RES-1983-744,3,"ALHAJI LABARAN BABA"
11687,2,review-district-mismatch,23479,CON-RES-1982-692,3,"ALHAJI ILIYASU MUSA"
25337,2,review-district-mismatch,47279,CON-RES-2007-231,3,"ALHAJI NASIRU AHALI"
25337,2,review-district-mismatch,178212,"KNML 50",KANGIS,"IBRAHIM UMAR"
152215,2,violation-linked,175525,CON-RES-2023-7426,3,"DAWUD JIDDA JIDDA"
152215,2,violation-linked,175528,KN5434,KANGIS,"DAWUD JIDDA JIDDA"
11823,2,review-district-mismatch,25527,CON-RES-1999-324,3,"MURTALA HABIB YAHAYA"
11823,2,review-district-mismatch,195363,CON-RES-1982-970,3,"SHUAIBU IBRAHIM NUHU"
13818,2,review-district-mismatch,27595,RES-1991-674,1,"ALHAJI YARO WANZAMI"
13818,2,review-district-mismatch,36233,CON-RES-1990-8,3,"ALHAJI BALA DANMAFARA"
9132,2,review-district-mismatch,22833,CON-AG-1990-76,3,"MALLAM ABDURAHIM UNGOGO"
9132,2,review-district-mismatch,195650,CON-COM-2009-72,3,"MU'UMEN ENERGY FLEET LTD"
13774,2,undecidable,27551,RES-1991-623,1,"ALH ISA TAJO"
13774,2,undecidable,35818,CON-RES-1990-369,3,"DAHIRU DAN KAWU"
32884,2,violation-same-parcel,182985,RES-1987-956,1,"BABA ADAMU IYAM"
32884,2,violation-same-parcel,182989,"KNML 905",KANGIS,"BABA ADAMU IYAM"
14057,2,legitimate-optot,37094,CON-RES-1992-37,3,"ALHAJI HARUNA ABUBAKAR"
14057,2,legitimate-optot,27844,RES-1993-526,2,"AISHA ISAH MUHD"
15380,2,review-district-mismatch,34763,CON-RES-2004-104,3,"ALHAJI AUWALU MAITABA"
15380,2,review-district-mismatch,29178,RES-1993-3594,2,"ALHAJI USMAN GARBA"
151892,2,violation-same-parcel,175145,COM-2022-708,1,"PROCO LTD"
151892,2,violation-same-parcel,175150,KN5499,KANGIS,"PROCO LTD"
157777,2,violation-linked,181891,CON-RES-1995-216,3,"GHALI IBRAHIM KHALIL"
157777,2,violation-linked,181897,"KNML 1992",KANGIS,"GHALI IBRAHIM KHALIL"
25375,2,review-district-mismatch,47317,CON-RES-2007-95,3,"ALHAJI ALIYU TANKO MAIZARE"
25375,2,review-district-mismatch,116341,"KNML 652_2",KANGIS,"HAFSAT DAHIRU RABIU"
45982,2,violation-same-parcel,182941,RES-1998-550,2,"SALAMATU SABO BAKIN ZUWO"
45982,2,violation-same-parcel,182942,"KNML 1932",KANGIS,"SALAMATU SABO BAKIN ZUWO"
180568,2,violation-same-parcel,198900,CON-RES-2020-75,3,"ABBA MAMMAN TOR HABIB"
180568,2,violation-same-parcel,198908,KN2851,KANGIS,"ABBA MAMMAN TOR HABIB"
14575,2,review-district-mismatch,22800,CON-RES-1995-213,3,"ALHAJI ABDULKADIR SULE GARO"
14575,2,review-district-mismatch,28362,RES-1992-7369,2,"GARBA ALI AND SANI MURTALA"
10907,2,review-district-mismatch,19158,CON-RES-1981-382,3,"ALHAJI MUHAMMAD UMAR KAFINTA"
10907,2,review-district-mismatch,24611,CON-RES-1987-935,3,"MR. ISYAKU-OLA-OSHORINDE"
29103,2,violation-same-parcel,176075,RES-1982-464,1,"UMARU MUSA ZANDAM"
29103,2,violation-same-parcel,176082,"KNML 1235",KANGIS,"MUHAMMED LAWAL ABDULLAHI"
13295,2,undecidable,30814,CON-RES-1987-980,3,"ALHAJI ALI SANI YAKASAI"
13295,2,undecidable,27068,RES-1982-2266,1,"MALLAM JIBIRIN ABUBAKAR"
13379,2,violation-same-parcel,24303,CON-RES-1988-29,3,"NASIRU MUDI IBRAHIM"
13379,2,violation-same-parcel,27153,RES-1991-354,1,"UMAR FARUK SHARADA"
46390,2,violation-same-parcel,187234,RES-2000-1110,2,"ENGE. SALISU SULAIMAN AHMED"
46390,2,violation-same-parcel,187244,"KNML 292",KANGIS,"ENGE. SALISU SULAIMAN AHMED"
18109,2,review-district-mismatch,31913,CON-RES-1985-297,3,"UMARU ABDU"
18109,2,review-district-mismatch,26977,CON-RES-RC-1982-385,3,"ALH. SARKI BALA"
13491,2,legitimate-optot,25921,CON-RES-1988-578,3,"ALHAJI SHARU MARAYU"
13491,2,legitimate-optot,27265,RES-1991-501,1,"ABDULAZEEZ MOHAMMED ISAMIL"
9064,2,review-district-mismatch,22765,CON-RES-1995-326,3,"MALLAM MUHAMMAD ADAMU"
9064,2,review-district-mismatch,136879,"MLKN 935",KANGIS,"ALIKO OIL NIGERIA LIMITED"
11527,2,review-district-mismatch,25231,CON-RES-1984-205,3,"MAHAMMADU ABDUL BAKI"
11527,2,review-district-mismatch,23369,CON-RES-1982-434,3,"ALHAJI ISIYAKA ABDULLAHI"
178898,2,violation-linked,197519,CON-COM-2026-636,3,"NATA'ALA PROPERTIES & INVESTMENT LIMITED"
178898,2,violation-linked,197526,CON-RES-2026-3004,3,"NATA'ALA PROPERTIES & INVESTMENT LIMITED"
18144,2,review-district-mismatch,31948,CON-RES-1982-1202,3,"ALHAJI MUHAMMED ADAMU"
18144,2,review-district-mismatch,19770,CON-RES-RC-1982-418,3,"ALHAJI AMINU NA ALHAJI BAYERO"
9419,2,review-district-mismatch,136304,"MLKN 903",KANGIS,"DAYYABU USMAN SULEIMAN"
9419,2,review-district-mismatch,23120,CON-RES-1998-25,3,"ABDULLAHI SANI"
17790,2,review-district-mismatch,31594,CON-RES-2004-142,3,"MALLAM MAHMOUD USMAN"
17790,2,review-district-mismatch,32512,CON-RES-RC-1981-31,3,"JOHN E. OKORUWA"
11427,2,review-district-mismatch,25131,CON-RES-1982-1537,3,"ALHAJI ADAMU GWAGWARWA"
11427,2,review-district-mismatch,21697,CON-RES-1982-274,3,"ZAINAB A HALLIRU"
53049,2,legitimate-optot,174455,RES-2010-116,2,"DR ILEBIE VALENTINE"
53049,2,legitimate-optot,174480,KN2859,KANGIS,"DR IHEBIE VALENTINE"
3160,2,legitimate-optot,181929,RES-2007-786,2,"M. SALISU MUHAMMAD B/MALAMI & OTHERS"
3160,2,legitimate-optot,180076,RES-2007-784,2,"M. SALISU MUHAMMAD B. MALAM & OTHERS"
12154,2,review-district-mismatch,25859,CON-AG-1985-174,3,"ALHAJI MUSA MAMMADA ZAKARI"
12154,2,review-district-mismatch,31793,CON-RES-1984-152,3,"AMINU GARBA"
152867,2,legitimate-optot,176301,RES-2021-4548,2,"AHMED ABDULLAHI SIDI"
152867,2,legitimate-optot,176310,KN3963,KANGIS,"AHMED ABDULLAHI SIDI"
13113,2,review-district-mismatch,26886,RES-1991-207,1,"DAHIRU SABI`U GAMBO"
13113,2,review-district-mismatch,24443,CON-RES-1987-554,3,"MR. VINCENT OBI"
14444,2,review-district-mismatch,31471,CON-RES-1994-367,3,"ALHAJI SABO LAWAN KABARA"
14444,2,review-district-mismatch,28231,RES-1993-2480,2,"SAID ABDU"
8422,2,review-district-mismatch,32752,CON-COM-1998-83,3,"ZAMSON GLOBAL RESOURCES LIMITED"
8422,2,review-district-mismatch,22122,CON-RES-2009-219,3,"ABDULRAZAK SALISU AHMAD"
13726,2,review-district-mismatch,36309,CON-RES-1990-22,3,"GARBA HALILU"
13726,2,review-district-mismatch,27503,RES-1990-4064,1,"TASI'U IDRIS"
7166,2,review-district-mismatch,18108,CON-AG-1984-59,3,"ALHAJI SALE MAIWAKE"
7166,2,review-district-mismatch,20853,RES-1992-3311,2,"SULE MUSA KADAWA"
14361,2,review-district-mismatch,28148,RES-1993-2080,2,"UMARU HASAN"
14361,2,review-district-mismatch,29838,CON-RES-1994-256,3,"ALHAJI BALA SHEHU"
149867,2,violation-same-parcel,173177,RES-2020-2487,2,"PROF AGBOOLA IBRAHIM GAMBARI"
149867,2,violation-same-parcel,173179,"KNML 8551",KANGIS,"PROF AGBOOLA IBRAHIM GAMBARI"
156056,2,violation-same-parcel,180384,RES-2002-2372,2,"ALH AHMADU A BAYERO"
156056,2,violation-same-parcel,180385,"KNML 1490",KANGIS,"HAJIYA MARIYA YAKUBU"
146433,2,violation-same-parcel,169477,CON-IND-2022-86,3,"HAJIYA KARIMA I BABANGIDA"
146433,2,violation-same-parcel,169491,"MLKN 3887",KANGIS,"HAJIYA KARIMA I BABANGIDA"
8282,2,review-district-mismatch,31522,CON-COM-1994-44,3,"ABBA OTHMAN & SONS LTD"
8282,2,review-district-mismatch,21981,RES-1992-5779,2,"ALARAMMA MALLAM YAHAYA"
10866,2,review-district-mismatch,24570,CON-RES-1985-264,3,"ALHAJI AMADU YALWA"
10866,2,review-district-mismatch,18157,CON-RES-1981-320,3,"ALHAJI SALE SHUGABA"
9466,2,review-district-mismatch,126697,"MLKN 1643",KANGIS,"MURTALA GARBA TAFIDA"
9466,2,review-district-mismatch,23167,RES-1992-7051,2,"M. YA'U INUSA"
7726,2,review-district-mismatch,15262,CON-COM-1982-122,3,"EL-JALILU NIGERIA LIMITED"
7726,2,review-district-mismatch,21417,RES-1992-4443,2,"IBRAHIM MUHAMMAD"
172660,2,violation-linked,192995,CON-RES-2009-849,3,"SULEIMAN TANKO YAKASAI"
172660,2,violation-linked,193026,"KNML 1586",KANGIS,"SULEIMAN TANKO YAKASAI"
11023,2,review-district-mismatch,14993,CON-RES-1981-61,3,"ALHAJI IBRAHIM WAZIRI GUMEL"
11023,2,review-district-mismatch,24727,CON-RES-1985-338,3,"MR. EMMANUEL O. EMONIDO"
51829,2,violation-same-parcel,176294,RES-2008-4403,2,"AMINU JAURO SULEIMAN"
51829,2,violation-same-parcel,176295,"KNML 7995",KANGIS,"AMINU JAURO SULEIMAN"
11081,2,review-district-mismatch,26005,CON-RES-1982-1051,3,"MR. MAXWELL NJOKU MBAH"
11081,2,review-district-mismatch,24785,CON-RES-1985-668,3,"ALH. YAHAYA BAITA"
7904,2,review-district-mismatch,131925,"MLKN 1329",KANGIS,"GIDAN PACKAGING INDUSTRIES LTD"
7904,2,review-district-mismatch,29534,CON-COM-1983-90,3,"GIDAN PACKAGING IND LTD"
12148,2,review-district-mismatch,25853,CON-AG-1985-159,3,"ALH HAMISU MUSA"
12148,2,review-district-mismatch,29224,CON-RES-1984-136,3,"MOHAMMAD KABIR MIJINYAWA"
47184,2,violation-same-parcel,173642,RES-2000-3457,2,"ALH TIJJANI ABDULLAHI"
47184,2,violation-same-parcel,173662,KN3735,KANGIS,"ALH TIJJANI ABDULLAHI"
27074,2,violation-same-parcel,188227,RES-1981-1657,1,"SANI BELLO ABUBAKAR"
27074,2,violation-same-parcel,188235,"KNML 2897",KANGIS,"SANI BELLO ABUBAKAR"
10856,2,review-district-mismatch,24560,CON-RES-1987-198,3,"MR. OJAPA YUSUF AJOZE"
10856,2,review-district-mismatch,15247,CON-RES-1981-307,3,"MR AMOS OKOLI"
10297,2,review-district-mismatch,23999,CON-RES-1989-16,3,"ABDU MOHAMMED DANGADO"
10297,2,review-district-mismatch,32567,CON-COM-RC-1982-44,3,"MARYAM DANLADI SHESHE"
153838,2,violation-same-parcel,186392,KN4532,KANGIS,"MURTALA ABDULLAHI JEGA"
153838,2,violation-same-parcel,178162,CON-RES-2023-7208,3,"FAIZU MUHAMMAD GALADIMA"
18566,2,review-district-mismatch,25675,CON-RES-RC-1984-54,3,"ALHAJI KABIRU SANDA"
18566,2,review-district-mismatch,32371,CON-RES-1987-868,3,"ANTHONY NWANYA"
8281,2,review-district-mismatch,31521,CON-COM-1994-43,3,"NIGERIA AIRWAYS LIMITED"
8281,2,review-district-mismatch,21980,RES-1992-5786,2,"HAUWA SHU'AIBU ADAMU"
8408,2,review-district-mismatch,32733,CON-COM-1998-52,3,"ALHAJI ALI MOHD YAMMUSA"
8408,2,review-district-mismatch,22108,CON-RES-2009-224,3,"MUSBAHU IDRIS MUHAMMAD"
12267,2,review-district-mismatch,25252,CON-RES-1984-528,3,"MR ATHANATUS MADUEKE"
12267,2,review-district-mismatch,25972,CON-RES-1982-1179,3,"SUNDAY CHIGOZIE EKWONYE"
40956,2,violation-same-parcel,178662,RES-1992-983,2,"MUHAMMAD SALEH"
40956,2,violation-same-parcel,178667,"KNML 1779",KANGIS,"MUHAMMAD SALEH"
161325,2,violation-same-parcel,184771,SLTR-217709,SLTR,"ABDULLAHI J. MUHAMMAD"
161325,2,violation-same-parcel,184779,KN5332,KANGIS,"ABDULLAHI J. MUHAMMAD"
7225,2,review-district-mismatch,25685,CON-AG-1986-45,3,"DANKADA FARM LTD"
7225,2,review-district-mismatch,20912,CON-AG-1995-3,3,"MUHAMMAD USMAN SHEHU"
60057,2,violation-same-parcel,171973,RES-2019-4318,2,"MOHAMMED KABIR ABDULLAHI"
60057,2,violation-same-parcel,171988,KN4886,KANGIS,"MOHAMMED KABIRU ABDULLAHI"
7776,2,review-district-mismatch,21467,CON-AG-1985-77,3,"WALAWA STEVEDORING (NIG) CO. LTD. (ALH MOHD MAKKE)"
7776,2,review-district-mismatch,15286,CON-COM-1982-23,3,"ALHAJI HAMISU MOHD DAHIRU"
146431,2,violation-linked,169474,CON-COM-2023-616,3,"MUAZU YUNUSA RIRUWAI"
146431,2,violation-linked,169475,KN4717,KANGIS,"MUAZU YUNUSA RIRUWAI"
11396,2,review-district-mismatch,25100,CON-RES-1984-276,3,"ALH SA'IDU ALI HAMID"
11396,2,review-district-mismatch,32041,CON-RES-1982-221,3,"ALHAJI SULE UDI"
14463,2,undecidable,33230,CON-RES-1994-425,3,"ALH SALISU SA'IDU"
14463,2,undecidable,28250,RES-1994-397,2,"ALH DANMALLAM"
115465,2,violation-same-parcel,168454,RES-2023-6423,2,"KABIRU DAN ASABE"
115465,2,violation-same-parcel,168490,KN3454,KANGIS,"KABIRU DAN ASABE"
174415,2,violation-same-parcel,15486,RES-1992-1491,2,"HALIMA DANLAWANDI"
174415,2,violation-same-parcel,194188,"KNML 542",KANGIS,"FAROUK SHIHAB FAROUK"
24043,2,review-district-mismatch,47010,CON-RES-1994-436,3,"SHEIK MALLAM NASIR KABARA"
24043,2,review-district-mismatch,47060,CON-RES-1999-192,3,"A.K. ABOSI"
18045,2,review-district-mismatch,31849,CON-RES-1984-639,3,"ALHAJI KABIRU SAIDU"
18045,2,review-district-mismatch,19254,CON-RES-RC-1982-316,3,"ALHAJI MAMMAN RAJI ABDALLAH"
155211,2,violation-same-parcel,179542,RES-1998-653,2,"UMAR RUKKAYA IBRAHIM"
155211,2,violation-same-parcel,179553,"KNML 1456",KANGIS,"UMAR RUKKAYA IBRAHIM"
17443,2,collision,183232,KN5379,KANGIS,"MURTALA ABDULLAHI JEGA"
17443,2,collision,31246,CON-RES-1995-469,3,"ALH. SHEHU AHMADU"
18127,2,review-district-mismatch,19759,CON-RES-RC-1982-401,3,"M. SANI BELLO"
18127,2,review-district-mismatch,31931,CON-RES-1982-581,3,"ALHAJI ADAMU JIBRIN"
13093,2,review-district-mismatch,26866,RES-1991-186,1,"YUSUF LADAN"
13093,2,review-district-mismatch,34021,CON-RES-1987-50,3,"SAMUEL A LATILO ESQ"
17800,2,review-district-mismatch,34551,CON-RES-RC-1981-42,3,"ALHAJI GARBA MOHAMMED"
17800,2,review-district-mismatch,31604,CON-RES-1982-570,3,"ALHAJI MOHAMMADU DAN DAURA"
146410,2,violation-linked,169451,CON-RES-2023-7549,3,"MUAZU YUNUSA RIRUWAI"
146410,2,violation-linked,169452,KN4712,KANGIS,"MUAZU YUNUSA RIRUWAI"
12540,2,review-district-mismatch,29350,CON-RES-1985-661,3,"ALHAJI AMIN H HARUNA"
12540,2,review-district-mismatch,26246,CON-AG-1984-484,3,"IBRAHIM JAFARU, SADA JAFARU, SULE JAFARU & UMARU JAFARU"
53478,2,legitimate-optot,177620,RES-2010-2873,2,"NAZIRU SADAUKI ABUBAKAR."
53478,2,legitimate-optot,177636,KN2612,KANGIS,"NAZIRU SADAUKI ABUBAKAR"
9130,2,review-district-mismatch,133038,"MLKN 607",KANGIS,"AUDU MANAGER"
9130,2,review-district-mismatch,22831,CON-AG-1990-79,3,"ALHAJI NAMADI KULO"
165324,2,violation-same-parcel,188113,COM-2010-373,1,"AWA COMPANY LIMITED"
165324,2,violation-same-parcel,188125,"MLKN 2770",KANGIS,"AWA COMPANY LIMITED"
147533,2,violation-same-parcel,170726,RES-2008-354,2,"ALH MANSUR IDRIS"
147533,2,violation-same-parcel,170731,KN4841,KANGIS,"ALH MANSUR IDRIS"
11069,2,review-district-mismatch,24773,CON-RES-1985-602,3,"MALLAM SANI KIRE"
11069,2,review-district-mismatch,31625,CON-RES-1982-1021,3,"ALHAJI ALI ABDULLAHI MAFARA"
65992,2,legitimate-optot,177542,RES-RC-1982-253,1,"ALH SHEHU NAKWARAI"
65992,2,legitimate-optot,177566,"KNML 3062",KANGIS,"SHEHU NAKWARAI"
16578,2,review-district-mismatch,30378,CON-RES-1986-308,3,"JAMILU AMINU"
16578,2,review-district-mismatch,35510,CON-RES-2013-565,3,"ODO LINUS OKONKWO"
4226,2,review-district-mismatch,17901,RES-1992-3828,2,"A. ADAMU UMAR"
4226,2,review-district-mismatch,139109,"MLKN 3374",KANGIS,"KAFIN KAFI LIMITED"
12451,2,review-district-mismatch,29318,CON-RES-1985-439,3,"MUSA UMAR"
12451,2,review-district-mismatch,26157,CON-RES-1989-609,3,"ALHAJI MALLAM IBRAHIM"
14478,2,undecidable,29859,CON-RES-1994-488,3,"MOHAMMED MUNIR MUSA MAIKUSA"
14478,2,undecidable,28265,RES-1994-1913,2,"MAGAJI ABUBAKAR D/IYA"
16084,2,review-district-mismatch,22110,CON-RES-2009-216,3,"ALH. SHEHU EL-YAKUB"
16084,2,review-district-mismatch,29883,CON-RES-1994-641,3,"ALHAJI MUHAMMADU ISA KURA"
25077,2,violation-same-parcel,180764,RES-RC-1981-114,1,"ABBA SALISU KURAWA"
25077,2,violation-same-parcel,180858,"KNML 2220",KANGIS,"ABBA SALISU KURAWA"
13329,2,legitimate-optot,29980,CON-RES-1988-162,3,"EMMANEUL ADEGOKE ALADE"
13329,2,legitimate-optot,27102,RES-1982-2326,1,"ALH RABIU ADAMU DABI"
13351,2,undecidable,27125,RES-1991-315,1,"ALHAJI BALA KAMBARI"
13351,2,undecidable,24242,CON-RES-1988-203,3,"ALHAJI SALISU AHMED"
6961,2,review-district-mismatch,16465,CON-AG-1982-289,3,"ALHAJI SHUGABA KAWU HABU"
6961,2,review-district-mismatch,20645,RES-1992-3126,2,"BABAN SORO AHMADU"
6940,2,review-district-mismatch,16763,CON-AG-1982-232,3,"ABDULRA'UF HALLOWI"
6940,2,review-district-mismatch,20624,RES-1992-3186,2,"ADO ABDU"
12930,2,legitimate-optot,26702,RES-1982-1385,1,"ALH. SANI YARO"
12930,2,legitimate-optot,27001,CON-RES-1987-166,3,"SADISU AHMED GWADABE"
167455,2,review-district-mismatch,189748,CON-RES-2023-7222,3,"FAIZU MUHAMMAD GALADIMA"
167455,2,review-district-mismatch,189756,KN5225,KANGIS,"MURTALA ABDULLAHI JEGA"
14018,2,review-district-mismatch,27805,RES-1993-157,2,"ALH AMADU BABAN KABO"
14018,2,review-district-mismatch,36942,CON-RES-1992-209,3,"ALH SALISU ABDULLAHI"
11088,2,review-district-mismatch,26014,CON-RES-1982-1061,3,"ALHAJI ABDULLAHI AHMED BARKUM"
11088,2,review-district-mismatch,24792,CON-RES-1986-52,3,"ALH BABA ISA DAN-DGARI"
11991,2,review-district-mismatch,25696,CON-RES-1985-43,3,"ALHAJI HUDU IBRAHIM"
11991,2,review-district-mismatch,24665,CON-RES-1983-453,3,"CLEMENT UFOMADU"
145340,2,violation-linked,168262,CON-RES-2025-1403,3,"AMINU AHMAD DAWAKI"
145340,2,violation-linked,168277,KN5348,KANGIS,"AMINU AHMAD DAWAKI"
16192,2,review-district-mismatch,29991,CON-RES-1988-334,3,"ALHAJI  SAMINU ADAMU"
16192,2,review-district-mismatch,21952,CON-RES-2009-59,3,"SUNNY IMONITIA"
32033,2,legitimate-optot,181103,RES-1987-1506,1,"ABDURRAHMAN IBRAHIM"
32033,2,legitimate-optot,181115,"KNML 1960",KANGIS,"ABDURRAHMAN IBRAHIM"
5675,2,collision,19352,RES-1982-629,1,"MR ADEWALE ABBAS"
5675,2,collision,100250,COM-2026-122,1,"GREAT UNITED ELITES SPORTING CLUB"
12508,2,review-district-mismatch,26214,CON-RES-1984-259,3,"ALHAJI IDI ABDULHAMID"
12508,2,review-district-mismatch,35327,CON-RES-1985-582,3,"ALHAJI MAHAMMAD H. TAFIDA"
14803,2,legitimate-optot,28593,RES-1993-1369,2,"MUSA SULEMAN SHANONO"
14803,2,legitimate-optot,46917,CON-RES-1997-202,3,"UMAR SALISU UMAR"
15437,2,review-district-mismatch,29235,CON-RES-1984-241,3,"MR.J. E. DECKER"
15437,2,review-district-mismatch,34773,CON-RES-2004-309,3,"MARYAM IBRAHIM"
18339,2,review-district-mismatch,32143,CON-RES-1987-231,3,"ABDUL AZEEZ A.A"
18339,2,review-district-mismatch,26004,CON-RES-RC-1982-616,3,"ALHAJI YAHAYA ZAKARI"
14676,2,review-district-mismatch,28464,RES-1993-483,2,"IBRAHIM SA'ADU, ABDU SA'ADU AND HARUNA SA'ADU"
14676,2,review-district-mismatch,22774,CON-RES-1995-625,3,"ALHAJI MOHAMMED S. KATO"
18569,2,review-district-mismatch,19466,CON-RES-RC-1984-68,3,"ALH. HABIBU SHEHU ALMAJIRI"
18569,2,review-district-mismatch,32374,CON-RES-1987-133,3,"MUHTARI IBRAHIM HALILU"
18016,2,review-district-mismatch,19853,CON-RES-RC-1982-285,3,"LAWAN ABDULLAHI"
18016,2,review-district-mismatch,31820,CON-RES-1984-173,3,"MR. FRANCIS FEMI OGUNMUYIDE"
11015,2,review-district-mismatch,14984,CON-RES-1981-60,3,"ALHAJI MUHAMMADU YUSUFU"
11015,2,review-district-mismatch,24719,CON-RES-1985-329,3,"AEXISONS ENTERPRISES NIG. LTD"
7237,2,review-district-mismatch,20116,CON-AG-1986-8,3,"ALHAJI IBRAHIM UBA KULO"
7237,2,review-district-mismatch,20924,CON-RES-1993-258,3,"ALHAJI WADA TRADER"
44113,2,legitimate-optot,174749,RES-1995-3104,2,"MAHMOUD IBRAHIM"
44113,2,legitimate-optot,174754,KN1093,KANGIS,"MAHMOUD IBRAHIM"
68233,2,review-district-mismatch,182072,RES-2025-1965,2,"SULEIMAN BELLO ADAMU"
68233,2,review-district-mismatch,182083,KN4658,KANGIS,"SULEIMAN BELLO ADAMU"
58129,2,collision,172099,RES-2018-2816,2,"BELLO & BROTHERS"
58129,2,collision,172151,"KNML 7795",KANGIS,"SHAMSUDDEEN USMAN AHMAD"
8387,2,review-district-mismatch,22086,CON-RES-2009-65,3,"ALHAJI NASIRU MUSA JIBRIL"
8387,2,review-district-mismatch,16466,CON-COM-1998-12,3,"ALHAJI ABDULMUMINI HASSAN"
8698,2,review-district-mismatch,22397,RES-1992-6419,2,"MUSA MOHAMMED BABA"
8698,2,review-district-mismatch,34887,CON-COM-2005-47,3,"HAJIYA RABI ADAMU"
30623,2,violation-same-parcel,182530,RES-1985-1969,1,"ALH RUFA'I  MAIYAKI ABDULMALIK"
30623,2,violation-same-parcel,182567,"KNML 1714",KANGIS,"ALH RUFA'I  MAIYAKI ABDULMALIK"
8583,2,review-district-mismatch,32852,CON-COM-2003-19,3,"SANI DAHIRU YAKASAI"
8583,2,review-district-mismatch,22282,CON-RES-1982-1283,3,"ALHAJI BATURE NA ALHAJI DATTI"
8413,2,review-district-mismatch,32735,CON-COM-1998-61,3,"MR. CHUKWUMA UMEH"
8413,2,review-district-mismatch,22113,CON-RES-2009-755,3,"SADDIQ MUHAMMADU DAN' AZUMI"
149603,2,violation-same-parcel,172894,COM-2023-50,1,"SADIYA IDRIS"
149603,2,violation-same-parcel,172905,"MLKN 3832",KANGIS,"SADIYA IDRIS"
14937,2,legitimate-optot,38353,CON-RES-1998-347,3,"ALH SADI IBRAHIM"
14937,2,legitimate-optot,28729,RES-1993-1954,2,"A. ABUBAKAR SHAHADA"
147971,2,violation-linked,171201,CON-AG-2024-95,3,"ALH TIJJANI RABI'U USAMAN"
147971,2,violation-linked,171223,KN2321,KANGIS,"ALH TIJJANI RABI'U USAMAN"
57401,2,violation-same-parcel,185194,RES-2016-840,2,"UMAR ADAMU BAPPAN"
57401,2,violation-same-parcel,185213,"KNML 8795",KANGIS,"UMAR ADAMU BAPPAN"
12973,2,review-district-mismatch,26745,RES-1991-36,1,"BAKO ABDULLAHI"
12973,2,review-district-mismatch,30500,CON-RES-1987-242,3,"IBRAHIM ILALI KABAWA"
44479,2,violation-same-parcel,184640,KN3478,KANGIS,"IDRIS AHMAD MUSA"
44479,2,violation-same-parcel,177673,RES-1995-949,2,"IDRIS AHMAD MUSA"
13271,2,violation-same-parcel,24512,CON-RES-1987-930,3,"FATI MOHAMMED"
13271,2,violation-same-parcel,27044,RES-1982-2238,1,"TIJJANI  SANI SHEHU MAIHULA"
157508,2,violation-same-parcel,181649,RES-2013-317,2,"YAHAYA MAMMAN"
157508,2,violation-same-parcel,181658,"KNML 1981",KANGIS,"YAHAYA MAMMAN"
150634,2,review-district-mismatch,173908,"MLKN 2195",KANGIS,"MOHAMMED YUSUF"
150634,2,review-district-mismatch,173962,COM-2019-10,1,"MOHAMMED YUSUF"
11317,2,review-district-mismatch,25021,CON-RES-1983-728,3,"ALHAJI TANKO ABUBAKAR"
11317,2,review-district-mismatch,25156,CON-RES-1982-1554,3,"ALHAJI MUSA KANKURA"
12591,2,review-district-mismatch,24826,CON-RES-1986-208,3,"ALH. UMARU ABDUL-AZIZ, ALHAJI BATURE ABDUL-AZIZ & ALH. SADI ABDUL-AZIZ"
12591,2,review-district-mismatch,26297,CON-RES-1986-401,3,"ALHAJI MUHAMMADU MUKADDAS"
12204,2,review-district-mismatch,25909,CON-RES-1988-390,3,"ALHAJI YAKUBU GURI"
12204,2,review-district-mismatch,26209,CON-RES-1984-316,3,"ALHAJI MUSA ABDULLAHI"
17803,2,review-district-mismatch,31607,CON-RES-1982-993,3,"SULAIMAN IDRISU"
17803,2,review-district-mismatch,21513,CON-RES-RC-1981-46,3,"ALHAJI ISIYAKU INUWA"
7908,2,review-district-mismatch,31735,CON-COM-1984-107,3,"ALHAJI ISA MUHAMMAD ZAKIRAI"
7908,2,review-district-mismatch,21600,RES-1992-4685,2,"MAMUDA LAWAN BAJA"
180468,2,legitimate-optot,198802,RES-2015-3212,2,"ALH RABI'U MAGAJI IDI"
180468,2,legitimate-optot,198872,KN3842,KANGIS,"ALH RABIU MAGAJI IDI"
11147,2,review-district-mismatch,23926,CON-RES-1982-1191,3,"ABDULSALAM INUSA"
11147,2,review-district-mismatch,24851,CON-RES-1986-235,3,"MR FRANK ELEMAH"
12545,2,review-district-mismatch,33506,CON-RES-1985-84,3,"SABO IDRIS SUMAILA"
12545,2,review-district-mismatch,26251,CON-RES-1986-95,3,"ALHAJ SANI MOHAMMED KURA"
8360,2,review-district-mismatch,22059,CON-RES-2009-86,3,"IBRAHIM INUWA LABARAN"
8360,2,review-district-mismatch,32670,CON-COM-1997-1,3,"ALHAJI IBRAHIM NUHU"
14643,2,review-district-mismatch,31340,CON-RES-1995-485,3,"ALHAJI GARBA ABUBAKAR ISA BAGOBIRI"
14643,2,review-district-mismatch,28431,RES-1993-239,2,"FATSUMA ABDULMUMINI"
10475,2,review-district-mismatch,29820,CON-IND-1994-6,3,"KABARA MANUFACTURING ENTERPRISES (NIG)"
10475,2,review-district-mismatch,24178,CON-RES-1986-180,3,"DR PATRICK IKHENA"
66695,2,violation-same-parcel,184669,RES-RC-1982-908,1,"ALPHA NOVA LIMITED"
66695,2,violation-same-parcel,184688,"KNML 1736",KANGIS,"ALPHA NOVA LIMITED"
18346,2,review-district-mismatch,32150,CON-RES-1987-740,3,"ALHAJI MINKAILU BUHARI"
18346,2,review-district-mismatch,19775,CON-RES-RC-1982-624,3,"ALHAJI IBRAHIM DANKANI"
37185,2,violation-same-parcel,187977,RES-1991-4520,1,"SIRAJO TSOHO MUSA"
37185,2,violation-same-parcel,187983,"KNML 2889",KANGIS,"SIRAJO TSOHO MUSA"
50944,2,violation-same-parcel,173030,,2,"AHMED IBRAHIM YAHAYA"
50944,2,violation-same-parcel,173032,"KNML 6648",KANGIS,"AHMED IBRAHIM YAHAYA"
149100,2,violation-linked,172482,CON-COM-2024-165,3,"D. S. H GLOBAL INVESTMENT LTD."
149100,2,violation-linked,172506,KN2262,KANGIS,"""D. S. H GLOBAL INVESTMENT LTD."""
171693,2,violation-same-parcel,192212,CON-RES-2023-7291,3,"FAIZU MUHAMMAD GALADIMA"
171693,2,violation-same-parcel,192231,KN5168,KANGIS,"MURTALA ABDULLAHI JEGA"
10261,2,review-district-mismatch,32561,CON-COM-RC-1982-13,3,"S. T. LIMA NIGERIA LIMITED"
10261,2,review-district-mismatch,23963,CON-RES-1989-296,3,"ALH. BASHIR IBRAHIM"
7230,2,review-district-mismatch,20917,CON-RES-1993-268,3,"ALHAJI TIJJANI IDRIS ALI"
7230,2,review-district-mismatch,17064,CON-AG-1986-55,3,"INUWA ABUBAKAR"
11927,2,review-district-mismatch,24873,CON-RES-1983-3,3,"ALHAJI HASSAN MUHAMMAED"
11927,2,review-district-mismatch,25632,CON-RES-1984-165,3,"ALHAJI GARBA YANKABA"
14210,2,legitimate-optot,27997,RES-1993-1501,2,"ASHA INTERNATIONAL MODEL SCHOOL"
14210,2,legitimate-optot,36593,CON-RES-1993-242,3,"GARBA BALA MAGAJI"
178464,2,violation-linked,197143,CON-COM-2022-168,3,"ALH. DANDAUDA GIDAN SHANU CHIRANCHI"
178464,2,violation-linked,197167,"MLKN 3846",KANGIS,"ALH. DANDAUDA GIDAN SHANU CHIRANCHI"
26744,2,violation-same-parcel,190370,RES-1981-1144,1,"SULEIMAN ZANGINA"
26744,2,violation-same-parcel,190378,"KNML 2477",KANGIS,"SULEIMAN ZANGINA"
11815,2,review-district-mismatch,25519,CON-RES-1999-328,3,"MALLAM INUSA UBA"
11815,2,review-district-mismatch,29651,CON-RES-1982-940,3,"ALHAJI RABIU MAHMUDA"
17456,2,review-district-mismatch,31259,CON-RES-1995-492,3,"MR. RUFUS E. CHIBUEZE"
17456,2,review-district-mismatch,185436,KN5456,KANGIS,"MURTALA ABDULLAHI JEGA"
11906,2,review-district-mismatch,25611,CON-RES-1984-149,3,"ABUBAKAR USMAN"
11906,2,review-district-mismatch,25018,CON-RES-1983-258,3,"ALH DAHIRU MANGAL"
11915,2,review-district-mismatch,23873,CON-RES-1983-275,3,"ALH. JAFARU SULE NA-ABBA"
11915,2,review-district-mismatch,25620,CON-RES-1984-106,3,"ALHAJI SAGIRU ISHAK"
137396,2,review-district-mismatch,186270,RES-2008-4033,2,"MUNTARI MUSA"
137396,2,review-district-mismatch,158830,"KNML 1098",KANGIS,"BALA ABDULLAHI DUMA"
11047,2,review-district-mismatch,14969,CON-RES-1981-90,3,"ALHAJI ABDU DEBA"
11047,2,review-district-mismatch,24751,CON-RES-1985-468,3,"ALIYU ISMA'ILA NUMAN"
24044,2,review-district-mismatch,47011,CON-RES-1997-94,3,"ALHAJI IBRAHIM KANO"
24044,2,review-district-mismatch,47061,CON-RES-1999-190,3,"ISMAILA BELLO"
7617,2,review-district-mismatch,30693,CON-AG-RC-1982-120,3,"ALHAJ IMUHTARI ISMAILA"
7617,2,review-district-mismatch,21308,CON-AG-1983-43,3,"ALHAJI UMARU ALKALIN KANO"
14460,2,undecidable,33236,CON-RES-1994-411,3,"MACHINERY & TRANSMISSIONN LTD"
14460,2,undecidable,28247,RES-1994-400,2,"MUHAMMAD BARDE"
8178,2,review-district-mismatch,21874,CON-RES-2009-708,3,"TIMOTHY OBIAKU"
8178,2,review-district-mismatch,33409,CON-COM-1992-12,3,"VINCENT EZENWA AJEGWU"
10067,2,review-district-mismatch,172927,KN5341,KANGIS,"ALKALI MUHAMMAD INUWA GAYAWA"
10067,2,review-district-mismatch,23769,CON-AG-1992-3,3,"ALHAJI DAUDA HUSAINI"
40627,2,violation-same-parcel,172813,RES-1992-7062,2,"SALMANU ISYAKU KIRU"
40627,2,violation-same-parcel,172822,"KNML 4549",KANGIS,"SALMANU ISYAKU KIRU"
149605,2,violation-linked,172895,CON-IND-2021-32,3,"AL-AMEER FOOD AND TOBACCO INDUSTRIAL LTD."
149605,2,violation-linked,172939,"MLKN 3385",KANGIS,"AL-AMEER FOOD AND TOBACCO INDUSTRIAL LTD."
13365,2,violation-same-parcel,27139,RES-1991-329,1,"ALH ABBA YA'U"
13365,2,violation-same-parcel,34594,CON-RES-1988-254,3,"MOMOH SANI UMAR"
15773,2,review-district-mismatch,29572,CON-COM-1984-69,3,"THE APOSTOLIC MISSION, CHALAWA"
15773,2,review-district-mismatch,47281,CON-RES-2007-178,3,"MR SIKIRU FUNSHO BALOGUN"
160907,2,violation-same-parcel,184366,SLTR-48537,SLTR,"NNADIRI UGOCHUKWU SUNDAY"
160907,2,violation-same-parcel,184378,KN5592,KANGIS,"NNADIRI UGOCHUKWU SUNDAY"
38727,2,violation-same-parcel,178372,RES-1992-1556,2,"AMINU SALISU ILIYASU"
38727,2,violation-same-parcel,178391,"KNML 1793",KANGIS,"AMINU SALISU ILIYASU"
18007,2,review-district-mismatch,25688,CON-RES-RC-1982-275,3,"MRS KATE MOLY"
18007,2,review-district-mismatch,31811,CON-RES-1984-604,3,"ALHAJI MAHMUDU BELLO"
13604,2,undecidable,36053,CON-RES-1989-329,3,"ALHAJI ALI HASSAN"
13604,2,undecidable,27378,RES-1990-2193,1,"MOHAMMED GAZZALI MUNIR"
12173,2,review-district-mismatch,25222,CON-RES-1984-214,3,"HAJIYA ZARA MUHAMMED"
12173,2,review-district-mismatch,25878,CON-RES-1988-383,3,"ALHAJI ILIYA DRIVER HAUSAWA"
7392,2,review-district-mismatch,179167,CON-AG-1995-103,3,"VIVA METAL AND PLASTIC INDUSTRY LIMITED"
7392,2,review-district-mismatch,21082,CON-RES-1995-419,3,"ALH. MUKHTAR BELLO"
160949,2,violation-same-parcel,184406,CON-RES-2012-143,3,"A IDRIS HARUNA ZUBAIR"
160949,2,violation-same-parcel,184409,"KNML 1921",KANGIS,"A IDRIS HARUNA ZUBAIR"
